Pm.1,ρ,α,ad-e/n,δ-e/n,δ-Ec,
1,7.936,14.42,0.0487,0.1745,0.1073,BCC+FCC
1,7.931,14.275,0.0473,0.1716,0.1073,BCC+FCC
1,7.756,13.225,0.0515,0.1798,0.0999,BCC+FCC
1,7.629,14.91,0.0545,0.1883,0.1073,BCC+FCC
1,7.794,15.67,0.0448,0.1694,0.1138,BCC+FCC
1,7.444,13.57,0.0527,0.1846,0.1017,BCC+FCC
1,7.312,15.11,0.0556,0.193,0.1102,BCC+FCC
1,7.307,14.965,0.0538,0.1884,0.1104,BCC+FCC
1,7.477,15.87,0.0486,0.1778,0.1156,BCC+FCC
1,7.2145,14.295,0.0517,0.1823,0.1055,BCC+FCC
1,7.127,13.77,0.0501,0.1784,0.1009,BCC+FCC
1,7.6995,13.93,0.0447,0.159,0.0867,BCC+FCC
1,7.2695,12.155,0.0478,0.17,0.0829,BCC+FCC
1,7.438,12.89,0.0487,0.1681,0.0847,BCC+FCC
1,7.352,12.535,0.0481,0.168,0.0836,BCC+FCC
1,7.6065,13.625,0.0458,0.1603,0.0857,BCC+FCC
1,7.224,13.685,0.053,0.1807,0.0958,BCC+FCC
1,7.475,14.8,0.0461,0.1639,0.0974,BCC+FCC
1,7.0415,13.05,0.0473,0.1695,0.092,BCC+FCC
1,7.554,15.205,0.0412,0.1539,0.0972,BCC+FCC
1,7.21,13.785,0.0487,0.169,0.0943,BCC+FCC
1,7.038,13.075,0.046,0.165,0.0915,BCC+FCC
1,7.082,14.935,0.0524,0.1798,0.1052,BCC+FCC
1,7.2505,15.67,0.0474,0.1687,0.1066,BCC+FCC
1,6.8995,14.3,0.0488,0.172,0.1014,BCC+FCC
1,6.9435,16.16,0.0521,0.1803,0.1141,BCC+FCC
1,6.8505,15.855,0.0517,0.1791,0.1122,BCC+FCC
1,6.847,15.88,0.0507,0.1764,0.1118,BCC+FCC
1,6.6615,11.235,0.0368,0.1704,0.1431,BCC+FCC
1,6.9335,11.785,0.0433,0.1723,0.1267,BCC+FCC
3,8.184,14.505,0.0317,0.117,0.1039,FCC
4,8.169,14.07,0.0252,0.1047,0.0915,FCC
3,8.222,14.315,0.0261,0.1081,0.0976,FCC
3,8.275,14.56,0.027,0.1101,0.1027,FCC
3,8.164,13.925,0.0231,0.099,0.0846,FCC
4,8.217,14.17,0.0243,0.1034,0.0921,FCC
4,7.867,14.705,0.032,0.1294,0.1029,FCC
3,7.862,14.56,0.0297,0.1245,0.0989,FCC
3,7.857,14.415,0.0274,0.1189,0.0937,FCC
2,7.91,14.66,0.0294,0.1238,0.0997,FCC
2,7.55,14.905,0.0306,0.1351,0.101,FCC
2,7.545,14.76,0.0281,0.1284,0.0959,FCC
4,7.598,15.005,0.0312,0.135,0.1017,FCC
2,7.593,14.86,0.0289,0.1287,0.0966,FCC
3,8.225,13.39,0.0245,0.0943,0.052,FCC
4,8.1735,13.315,0.0244,0.0938,0.0518,FCC
4,8.273,13.49,0.0233,0.0928,0.052,FCC
3,8.2215,13.415,0.0236,0.0926,0.0518,FCC
4,8.321,13.59,0.0218,0.0911,0.052,FCC
2,8.2695,13.515,0.0225,0.0912,0.0518,FCC
3,8.218,13.44,0.0226,0.0907,0.0516,FCC
2,8.3175,13.615,0.0211,0.0897,0.0518,FCC
4,8.266,13.54,0.0216,0.0895,0.0516,FCC
2,8.417,13.79,0.0186,0.0873,0.0518,FCC
2,8.3655,13.715,0.0195,0.088,0.0517,FCC
3,8.314,13.64,0.0204,0.0881,0.0516,FCC
3,8.2625,13.565,0.0208,0.0875,0.0514,FCC
4,7.918,13.88,0.0297,0.1161,0.0707,FCC
4,7.8665,13.805,0.0288,0.115,0.0703,FCC
3,7.9145,13.905,0.0286,0.1144,0.0705,FCC
3,7.863,13.83,0.0276,0.1129,0.07,FCC
4,7.911,13.93,0.0276,0.1124,0.0702,FCC
3,8.062,14.18,0.0272,0.1132,0.0711,FCC
3,7.959,14.03,0.0272,0.1118,0.0704,FCC
2,7.9075,13.955,0.0265,0.1103,0.07,FCC
4,8.11,14.28,0.0259,0.112,0.0712,FCC
1,8.0585,14.205,0.0265,0.1118,0.0709,FCC
4,8.007,14.13,0.0266,0.1111,0.0706,FCC
1,7.9555,14.055,0.0263,0.1098,0.0702,FCC
4,8.1065,14.305,0.0253,0.1107,0.071,FCC
3,8.055,14.23,0.0258,0.1102,0.0707,FCC
1,8.0035,14.155,0.0258,0.1092,0.0703,FCC
2,7.952,14.08,0.0253,0.1076,0.0699,FCC
1,7.9005,14.005,0.0243,0.1054,0.0694,FCC
4,7.849,13.93,0.0229,0.1024,0.0689,FCC
3,7.611,14.37,0.0339,0.1337,0.0844,FCC
4,7.5595,14.295,0.0322,0.1319,0.0838,FCC
3,7.6555,14.495,0.0329,0.1315,0.0844,FCC
4,7.604,14.42,0.0315,0.1296,0.0838,FCC
4,7.5525,14.345,0.0296,0.1273,0.0832,FCC
2,7.652,14.52,0.0318,0.1295,0.0841,FCC
4,7.549,14.37,0.0283,0.1246,0.0829,FCC
4,7.59,14.52,0.0267,0.1193,0.0826,FCC
1,7.045,15.45,0.0404,0.161,0.1043,BCC+FCC
1,7.189,15.75,0.043,0.1613,0.1058,BCC+FCC
1,7.086,15.6,0.0392,0.1569,0.1042,BCC+FCC
1,7.237,15.85,0.0433,0.1611,0.1062,BCC+FCC
1,7.285,15.95,0.0434,0.1609,0.1066,BCC+FCC
1,7.2265,15.925,0.0408,0.1555,0.1053,BCC+FCC
1,6.882,16.24,0.0466,0.1731,0.1132,BCC+FCC
1,6.631,15.39,0.0485,0.1869,0.1129,BCC+FCC
1,7.333,11.84,0.0447,0.1695,0.1148,BCC+FCC
1,7.381,11.94,0.0456,0.1721,0.1141,BCC+FCC
1,7.429,12.04,0.0465,0.1746,0.1134,BCC+FCC
1,7.517,12.215,0.0424,0.1637,0.1094,BCC+FCC
4,7.6695,16.255,0.0203,0.0835,0.1756,FCC
1,7.5095,14.735,0.05,0.1922,0.0943,BCC+FCC
1,7.206,15.2,0.0556,0.2044,0.1062,BCC+FCC
1,7.199,15.25,0.0542,0.201,0.1059,BCC+FCC
1,7.116,15.87,0.0522,0.1894,0.1118,BCC+FCC
1,7.703,13.53,0.0511,0.1847,0.1136,BCC+FCC
1,7.5355,14.27,0.0509,0.1829,0.1199,BCC+FCC
1,7.504,15.285,0.0442,0.1647,0.1115,BCC+FCC
1,8.078,16.88,0.0352,0.121,0.1855,FCC
1,8.15,16.46,0.0341,0.1192,0.1763,FCC
4,8.0675,16.955,0.0323,0.1134,0.1842,FCC
1,7.6295,13.855,0.044,0.1675,0.0991,BCC+FCC
1,7.5075,13.05,0.0438,0.1772,0.0947,BCC+FCC
1,7.473,12.77,0.0472,0.1835,0.0931,BCC+FCC
1,7.4235,14.69,0.0505,0.1835,0.1006,BCC+FCC
1,7.3545,14.13,0.0551,0.1976,0.096,BCC+FCC
1,7.161,13.115,0.0478,0.186,0.0948,BCC+FCC
1,7.1805,15.595,0.0454,0.177,0.106,BCC+FCC
1,7.0055,14.545,0.0438,0.1794,0.1023,BCC+FCC
1,7.024,14.51,0.0495,0.1917,0.1007,BCC+FCC
1,6.8835,13.74,0.0457,0.1811,0.0981,BCC+FCC
1,6.9215,16.185,0.0481,0.1885,0.106,BCC+FCC
1,6.606,14.365,0.0435,0.1742,0.1012,BCC+FCC
1,8.0415,14.455,0.0469,0.1643,0.1145,BCC+FCC
1,7.817,15.325,0.0484,0.1696,0.1193,BCC+FCC
1,7.642,14.275,0.0564,0.1861,0.1124,BCC+FCC
1,7.645,14.615,0.0579,0.1899,0.1132,BCC+FCC
1,7.4175,15.145,0.0576,0.1907,0.1176,BCC+FCC
1,7.291,12.695,0.045,0.1672,0.0836,BCC+FCC
1,7.2565,12.415,0.0473,0.1724,0.0836,BCC+FCC
1,7.205,12.34,0.0451,0.1676,0.0825,BCC+FCC
1,7.136,11.78,0.0475,0.1757,0.0821,BCC+FCC
1,6.946,12.93,0.0475,0.1757,0.092,BCC+FCC
1,6.739,14.285,0.0433,0.1658,0.0999,BCC+FCC
1,6.566,15.23,0.0465,0.175,0.1085,BCC+FCC
1,7.0745,13.265,0.044,0.1759,0.1365,BCC+FCC
4,7.621,14.66,0.0385,0.1432,0.0996,FCC
1,7.677,15.245,0.0421,0.1506,0.1126,BCC+FCC
1,7.73,15.49,0.0429,0.1517,0.1157,BCC+FCC
1,7.6785,15.415,0.0431,0.1527,0.1141,BCC+FCC
1,7.6815,15.755,0.0451,0.1565,0.1135,BCC+FCC
1,7.3135,15.515,0.0432,0.1626,0.1128,BCC+FCC
1,7.05,15.595,0.043,0.1665,0.1096,BCC+FCC
1,6.791,16.185,0.0464,0.178,0.1162,BCC+FCC
1,6.7765,15.195,0.0461,0.1846,0.1091,BCC+FCC
1,7.49,11.965,0.0459,0.1829,0.1089,BCC+FCC
4,7.7555,15.735,0.0246,0.1095,0.1697,FCC
1,4.833,18.82,0.0273,0.1485,0.231,BCC+FCC
4,8.4565,13.735,0.0301,0.1076,0.0984,FCC
4,8.5095,13.98,0.0316,0.108,0.1022,FCC
4,8.5045,13.835,0.0292,0.1054,0.0993,FCC
4,8.5575,14.08,0.0305,0.1055,0.1033,FCC
2,8.4995,13.69,0.0264,0.1022,0.0951,FCC
4,8.4945,13.545,0.0234,0.0984,0.0896,FCC
4,8.5475,13.79,0.0257,0.1001,0.0959,FCC
4,8.6305,12.75,0.0266,0.1147,0.0669,FCC
4,8.713,13.13,0.0224,0.0977,0.0662,FCC
4,8.281,11.785,0.0298,0.1124,0.0269,FCC
4,8.195,11.43,0.0309,0.1208,0.0286,FCC
3,8.329,11.885,0.0297,0.112,0.027,FCC
3,8.2775,11.81,0.0286,0.1102,0.0265,FCC
4,8.346,11.68,0.0338,0.1244,0.0298,FCC
3,8.2945,11.605,0.0329,0.1229,0.0294,FCC
3,8.243,11.53,0.0315,0.1208,0.0288,FCC
3,8.2085,11.25,0.0344,0.1303,0.0308,FCC
4,8.157,11.175,0.0322,0.1273,0.03,FCC
3,8.463,12.34,0.0258,0.0991,0.0242,FCC
4,8.4115,12.265,0.0259,0.0986,0.0241,FCC
3,8.4285,12.06,0.0296,0.1123,0.0272,FCC
4,8.274,11.835,0.0274,0.1077,0.026,FCC
4,8.3425,11.705,0.0328,0.1225,0.0294,FCC
4,8.291,11.63,0.0318,0.1207,0.0289,FCC
2,8.2565,11.35,0.035,0.1304,0.031,FCC
4,8.205,11.275,0.0332,0.1277,0.0303,FCC
4,8.494,12.645,0.0212,0.0819,0.0203,FCC
4,8.4425,12.57,0.0215,0.0814,0.0202,FCC
2,8.511,12.44,0.0245,0.0977,0.0239,FCC
4,8.4595,12.365,0.025,0.0975,0.0239,FCC
2,8.408,12.29,0.0249,0.0966,0.0237,FCC
4,8.3565,12.215,0.0244,0.095,0.0233,FCC
3,8.4765,12.16,0.0286,0.1113,0.027,FCC
1,8.425,12.085,0.0287,0.1106,0.0269,FCC
4,8.3735,12.01,0.0284,0.1094,0.0266,FCC
4,8.322,11.935,0.0275,0.1075,0.0261,FCC
2,8.442,11.88,0.0326,0.1231,0.0297,FCC
4,8.3905,11.805,0.0325,0.1221,0.0294,FCC
1,8.339,11.73,0.0318,0.1205,0.029,FCC
3,8.2875,11.655,0.0307,0.1184,0.0285,FCC
4,8.4075,11.6,0.0367,0.1336,0.032,FCC
2,8.356,11.525,0.0362,0.1323,0.0317,FCC
2,8.3045,11.45,0.0353,0.1304,0.0312,FCC
2,8.253,11.375,0.0339,0.128,0.0306,FCC
2,8.2015,11.3,0.032,0.1249,0.0298,FCC
4,8.081,10.665,0.0368,0.1363,0.0321,FCC
3,8.542,12.745,0.0198,0.0801,0.0198,FCC
2,8.4905,12.67,0.0204,0.08,0.0199,FCC
3,8.559,12.54,0.023,0.0962,0.0236,FCC
2,8.5075,12.465,0.0238,0.0962,0.0236,FCC
2,8.456,12.39,0.0241,0.0956,0.0235,FCC
3,8.4045,12.315,0.024,0.0944,0.0233,FCC
4,8.473,12.185,0.0279,0.1097,0.0267,FCC
3,8.4215,12.11,0.0279,0.1087,0.0265,FCC
4,8.37,12.035,0.0274,0.1072,0.0262,FCC
3,8.3185,11.96,0.0265,0.105,0.0257,FCC
2,8.49,11.98,0.0317,0.1222,0.0296,FCC
2,8.4385,11.905,0.0319,0.1214,0.0294,FCC
2,8.387,11.83,0.0316,0.1201,0.0291,FCC
1,8.3355,11.755,0.0309,0.1183,0.0286,FCC
4,8.284,11.68,0.0296,0.1158,0.028,FCC
4,8.2325,11.605,0.0279,0.1126,0.0273,FCC
3,8.404,11.625,0.0359,0.1319,0.0317,FCC
1,8.3525,11.55,0.0354,0.1303,0.0313,FCC
2,8.301,11.475,0.0344,0.1281,0.0308,FCC
3,8.2495,11.4,0.0328,0.1253,0.0301,FCC
3,8.6415,12.92,0.0178,0.0773,0.019,FCC
4,8.487,12.695,0.0196,0.0779,0.0195,FCC
3,8.607,12.64,0.0212,0.0945,0.0231,FCC
1,8.5555,12.565,0.0224,0.0948,0.0233,FCC
4,8.504,12.49,0.0231,0.0945,0.0233,FCC
2,8.5725,12.36,0.0258,0.1088,0.0265,FCC
3,8.521,12.285,0.0267,0.1087,0.0265,FCC
4,8.418,12.135,0.0271,0.1067,0.0261,FCC
3,8.431,12.29,0.0357,0.1438,0.066,FCC
1,7.8935,14.96,0.0357,0.1346,0.1819,FCC
1,8.2165,15.655,0.0361,0.1221,0.1806,FCC
1,8.2885,15.235,0.0358,0.1216,0.1709,FCC
4,8.227,16.455,0.0334,0.1124,0.19,FCC
1,8.371,15.615,0.032,0.1103,0.1719,FCC
1,8.213,15.68,0.035,0.1193,0.1802,FCC
4,8.5485,13.505,0.0256,0.0816,0.085,FCC
4,8.5015,13.94,0.0299,0.0922,0.1006,FCC
4,8.545,13.53,0.0253,0.0813,0.0846,FCC
4,8.4935,13.455,0.0259,0.0838,0.0838,FCC
4,8.6495,13.85,0.0235,0.0769,0.0936,FCC
3,8.598,13.775,0.0252,0.0809,0.0927,FCC
4,8.651,14.02,0.0244,0.0791,0.0995,FCC
4,8.6525,14.19,0.0253,0.0811,0.104,FCC
4,8.5495,14.04,0.0286,0.0891,0.1015,FCC
3,8.551,14.21,0.0297,0.0913,0.1043,FCC
4,8.59,13.29,0.0218,0.0717,0.0639,FCC
2,8.54,13.385,0.0235,0.0777,0.0752,FCC
2,8.6445,13.705,0.0228,0.0747,0.0858,FCC
2,8.593,13.63,0.024,0.0782,0.0851,FCC
4,8.5415,13.555,0.0247,0.081,0.0843,FCC
4,8.6975,13.95,0.022,0.0728,0.0941,FCC
3,8.646,13.875,0.0238,0.0773,0.0932,FCC
4,8.5945,13.8,0.0251,0.081,0.0923,FCC
4,8.543,13.725,0.026,0.084,0.0914,FCC
4,8.493,13.82,0.0276,0.0893,0.0957,FCC
4,8.649,14.215,0.0258,0.0818,0.1035,FCC
4,8.5975,14.14,0.0274,0.0858,0.1023,FCC
4,8.482,12.995,0.0198,0.0697,0.0467,FCC
2,8.638,13.39,0.0205,0.0683,0.064,FCC
2,8.535,13.24,0.0213,0.0731,0.0632,FCC
3,8.6395,13.56,0.0216,0.0717,0.0761,FCC
3,8.588,13.485,0.0224,0.0747,0.0756,FCC
2,8.5365,13.41,0.0226,0.077,0.0749,FCC
1,8.538,13.58,0.0239,0.0805,0.084,FCC
2,8.6425,13.9,0.0239,0.0775,0.0929,FCC
4,8.591,13.825,0.0248,0.0809,0.092,FCC
2,8.5395,13.75,0.0253,0.0836,0.091,FCC
4,8.644,14.07,0.025,0.08,0.0987,FCC
4,8.5925,13.995,0.026,0.0836,0.0976,FCC
3,8.4895,13.845,0.0267,0.0889,0.0953,FCC
4,8.594,14.165,0.0272,0.0861,0.1018,FCC
4,8.5425,14.09,0.0279,0.0892,0.1005,FCC
2,8.633,13.245,0.0188,0.0638,0.0471,FCC
3,8.5815,13.17,0.0189,0.066,0.047,FCC
3,8.53,13.095,0.0185,0.0673,0.0467,FCC
3,8.6345,13.415,0.02,0.0678,0.0638,FCC
2,8.583,13.34,0.0202,0.0702,0.0634,FCC
3,8.5315,13.265,0.02,0.0719,0.063,FCC
3,8.636,13.585,0.0212,0.0714,0.0758,FCC
4,8.5845,13.51,0.0216,0.0741,0.0753,FCC
4,8.533,13.435,0.0214,0.076,0.0746,FCC
4,8.7405,13.905,0.02,0.0665,0.0865,FCC
2,8.6375,13.755,0.0224,0.0747,0.0852,FCC
4,8.586,13.68,0.0229,0.0776,0.0844,FCC
4,8.5345,13.605,0.0229,0.0798,0.0836,FCC
3,8.639,13.925,0.0236,0.0776,0.0925,FCC
2,8.536,13.775,0.0243,0.0831,0.0906,FCC
4,8.589,14.02,0.0256,0.0836,0.0972,FCC
2,8.5375,13.945,0.0258,0.0862,0.096,FCC
3,8.5905,14.19,0.0269,0.0862,0.1013,FCC
2,8.6295,13.27,0.0179,0.0628,0.0469,FCC
4,8.734,13.59,0.018,0.0604,0.0642,FCC
3,8.631,13.44,0.0192,0.0671,0.0636,FCC
3,8.5795,13.365,0.0191,0.0692,0.0632,FCC
4,8.528,13.29,0.0185,0.0705,0.0627,FCC
4,8.787,13.835,0.0176,0.0589,0.077,FCC
4,8.684,13.685,0.0201,0.0678,0.0761,FCC
2,8.6325,13.61,0.0205,0.071,0.0756,FCC
4,8.581,13.535,0.0205,0.0733,0.075,FCC
4,8.634,13.78,0.0219,0.0744,0.0848,FCC
2,8.5825,13.705,0.022,0.077,0.0841,FCC
3,8.531,13.63,0.0216,0.0789,0.0833,FCC
3,8.4795,13.555,0.0207,0.0801,0.0824,FCC
3,8.6355,13.95,0.0232,0.0775,0.0921,FCC
3,8.584,13.875,0.0234,0.0803,0.0912,FCC
3,8.5325,13.8,0.0231,0.0825,0.0902,FCC
4,8.5855,14.045,0.0249,0.0834,0.0967,FCC
4,8.6385,14.29,0.0259,0.0829,0.1021,FCC
3,8.729,13.445,0.0165,0.0561,0.0469,FCC
3,8.4715,13.07,0.017,0.0633,0.0459,FCC
3,8.782,13.69,0.0167,0.0558,0.0643,FCC
4,8.679,13.54,0.0182,0.0637,0.0637,FCC
3,8.5245,13.315,0.0174,0.0689,0.0624,FCC
4,8.7835,13.86,0.0178,0.0593,0.0768,FCC
3,8.732,13.785,0.0189,0.0639,0.0763,FCC
3,8.6805,13.71,0.0195,0.0675,0.0758,FCC
3,8.5775,13.56,0.0193,0.0723,0.0747,FCC
3,8.579,13.73,0.0208,0.0763,0.0837,FCC
4,8.5275,13.655,0.0201,0.0778,0.0829,FCC
4,8.6835,14.05,0.0222,0.074,0.0927,FCC
3,8.6335,14.145,0.024,0.0803,0.0974,FCC
4,8.6135,13.825,0.0369,0.1613,0.1798,FCC
4,8.6085,13.68,0.0351,0.1592,0.1749,FCC
4,8.6615,13.925,0.0358,0.1597,0.1799,FCC
3,8.6565,13.78,0.0336,0.1578,0.175,FCC
4,8.317,13.79,0.0309,0.1354,0.1023,FCC
1,7.974,13.485,0.0442,0.1959,0.1073,BCC+FCC
4,8.307,13.5,0.0272,0.1282,0.0888,FCC
4,8.516,13.5,0.0326,0.1663,0.1954,FCC
4,8.458,13.11,0.0291,0.1602,0.1819,FCC
4,8.979,13.85,0.0385,0.2024,0.2304,FCC
4,8.974,13.705,0.0369,0.2007,0.2246,FCC
4,8.305,13.375,0.0323,0.1377,0.1215,FCC
3,8.393,13.55,0.0269,0.1142,0.1076,FCC
4,8.446,13.795,0.0274,0.1162,0.1142,FCC
3,8.441,13.65,0.0256,0.1127,0.108,FCC
4,8.151,15.86,0.0245,0.0953,0.1683,FCC
4,8.392,14.615,0.0261,0.0973,0.1267,FCC
4,8.4125,14.12,0.0245,0.0919,0.11,FCC
2,8.334,14.225,0.0225,0.0865,0.1196,FCC
4,8.264,17.44,0.0331,0.1175,0.181,FCC
3,8.387,14.47,0.024,0.0919,0.1239,FCC
4,8.329,14.08,0.0202,0.0783,0.1149,FCC
3,8.382,14.325,0.0219,0.0855,0.1202,FCC
4,8.4025,13.83,0.0204,0.08,0.0998,FCC
2,8.4555,14.075,0.0213,0.0849,0.1061,FCC
3,8.606,13.34,0.0257,0.1255,0.0924,FCC
1,8.395,16.68,0.0333,0.113,0.1847,FCC
1,8.3965,16.85,0.0341,0.1163,0.1837,FCC
1,8.4685,16.43,0.0315,0.1112,0.1768,FCC
1,8.398,17.02,0.0349,0.1193,0.1817,FCC
1,8.3195,17.125,0.034,0.1149,0.1904,FCC
1,8.3915,16.705,0.0325,0.1117,0.1843,FCC
1,8.4635,16.285,0.0301,0.1072,0.1762,FCC
1,8.393,16.875,0.0332,0.115,0.1832,FCC
1,8.465,16.455,0.0308,0.1103,0.1763,FCC
1,8.324,17.635,0.0367,0.1253,0.1797,FCC
1,8.5305,15.72,0.0259,0.0972,0.1636,FCC
1,8.316,17.15,0.0331,0.113,0.1899,FCC
1,8.532,15.89,0.0265,0.1005,0.1657,FCC
1,8.5335,16.06,0.0274,0.1036,0.167,FCC
4,8.3125,17.175,0.0321,0.1109,0.1894,FCC
1,8.5285,15.915,0.0259,0.0995,0.1654,FCC
1,8.386,16.925,0.0316,0.1122,0.1821,FCC
1,8.53,16.085,0.0264,0.1027,0.1666,FCC
3,8.3825,16.95,0.0307,0.1105,0.1816,FCC
4,8.6015,12.465,0.0298,0.1442,0.1198,FCC
3,8.7155,12.155,0.0387,0.1927,0.1596,FCC
2,8.6495,12.565,0.029,0.1433,0.1193,FCC
4,8.7635,12.255,0.0389,0.1922,0.159,FCC
2,8.6975,12.665,0.028,0.1422,0.1188,FCC
4,8.646,12.59,0.0282,0.1422,0.1195,FCC
4,8.6605,12.105,0.0362,0.1903,0.1607,FCC
4,8.863,12.43,0.0391,0.192,0.1574,FCC
4,8.694,12.69,0.0273,0.1413,0.119,FCC
4,8.267,12.62,0.0282,0.1218,0.0292,FCC
4,8.315,12.72,0.0275,0.1208,0.0286,FCC
3,8.2635,12.645,0.0271,0.1203,0.0291,FCC
3,8.363,12.82,0.0265,0.1197,0.0279,FCC
4,8.26,12.67,0.026,0.1187,0.029,FCC
4,8.139,12.69,0.0331,0.1547,0.0356,FCC
2,8.3595,12.845,0.0257,0.1184,0.0279,FCC
4,8.2565,12.695,0.025,0.1168,0.0288,FCC
4,8.459,13.02,0.0238,0.1171,0.0264,FCC
4,8.4075,12.945,0.0246,0.1173,0.0272,FCC
3,8.356,12.87,0.0248,0.117,0.0278,FCC
2,8.507,13.12,0.0221,0.1156,0.0255,FCC
3,8.404,12.97,0.0238,0.116,0.0271,FCC
3,8.301,12.82,0.0237,0.1143,0.0282,FCC
4,8.458,12.15,0.0409,0.2148,0.206,FCC
4,8.4545,12.175,0.0397,0.2137,0.2062,FCC
4,8.5025,12.275,0.0406,0.2134,0.2055,FCC
3,8.4675,12.5,0.0304,0.157,0.1554,FCC
4,8.5155,12.6,0.0301,0.1563,0.1549,FCC
2,8.615,12.775,0.0295,0.1555,0.1536,FCC
4,8.547,12.4,0.0403,0.2119,0.2051,FCC
4,8.5635,12.7,0.0295,0.1555,0.1543,FCC
3,8.512,12.625,0.0291,0.1551,0.155,FCC
3,8.6115,12.8,0.0287,0.1546,0.1538,FCC
4,8.746,12.75,0.0417,0.2115,0.2018,FCC
4,8.6945,12.675,0.0416,0.2115,0.2028,FCC
3,8.711,12.975,0.0269,0.1533,0.1525,FCC
3,8.6595,12.9,0.0277,0.1536,0.1533,FCC
3,8.608,12.825,0.028,0.1536,0.154,FCC
3,8.5565,12.75,0.0279,0.1532,0.1547,FCC
3,9.02,12.735,0.0332,0.1906,0.1779,FCC
3,8.9685,12.66,0.033,0.1907,0.1787,FCC
2,9.068,12.835,0.0323,0.1896,0.1774,FCC
3,9.0165,12.76,0.0325,0.1899,0.1781,FCC
3,8.965,12.685,0.0322,0.1899,0.1789,FCC
4,8.9135,12.61,0.0314,0.1896,0.1796,FCC
2,9.0645,12.86,0.0317,0.189,0.1776,FCC
3,9.013,12.785,0.0318,0.1892,0.1783,FCC
4,8.076,11.975,0.0353,0.148,0.0768,FCC
4,8.124,12.075,0.0359,0.1478,0.0761,FCC
4,8.0725,12,0.034,0.146,0.077,FCC
4,8.212,12.25,0.0313,0.1277,0.0657,FCC
3,8.172,12.175,0.0361,0.1475,0.0754,FCC
4,8.1205,12.1,0.0347,0.146,0.0763,FCC
4,8.2085,12.275,0.0302,0.1259,0.0658,FCC
3,8.22,12.275,0.0362,0.1471,0.0747,FCC
3,8.1685,12.2,0.0351,0.1458,0.0756,FCC
4,8.308,12.45,0.0307,0.1264,0.0645,FCC
3,7.9775,11.875,0.0359,0.1586,0.0849,FCC
3,8.117,12.125,0.0335,0.144,0.0765,FCC
4,7.926,11.8,0.0349,0.1554,0.0859,FCC
4,8.18,12.2,0.0418,0.1647,0.0808,FCC
4,8.2165,12.3,0.0352,0.1455,0.0749,FCC
3,8.356,12.55,0.0301,0.1255,0.0638,FCC
3,8.0255,11.975,0.0368,0.159,0.0841,FCC
4,8.3045,12.475,0.0298,0.1248,0.0646,FCC
4,8.444,12.725,0.0242,0.0997,0.0484,FCC
4,7.974,11.9,0.0354,0.1561,0.0852,FCC
3,8.1135,12.15,0.0323,0.1418,0.0767,FCC
4,8.3925,12.65,0.0244,0.0995,0.049,FCC
4,8.062,12.075,0.0301,0.1392,0.0776,FCC
4,8.316,12.475,0.0354,0.1459,0.0731,FCC
2,8.404,12.65,0.0291,0.1245,0.0631,FCC
2,8.3525,12.575,0.0292,0.1241,0.064,FCC
3,8.492,12.825,0.0228,0.0982,0.0478,FCC
4,8.1615,12.25,0.0329,0.1419,0.076,FCC
3,8.301,12.5,0.0288,0.1231,0.0647,FCC
4,8.4405,12.75,0.0233,0.0983,0.0485,FCC
3,8.389,12.675,0.0234,0.0977,0.049,FCC
2,8.364,12.575,0.0347,0.1452,0.0723,FCC
2,8.3125,12.5,0.0347,0.1446,0.0733,FCC
4,8.452,12.75,0.0279,0.1234,0.0624,FCC
2,8.261,12.425,0.0343,0.1434,0.0743,FCC
2,8.4005,12.675,0.0284,0.1232,0.0633,FCC
2,8.54,12.925,0.0211,0.0966,0.0472,FCC
2,8.349,12.6,0.0284,0.1225,0.0641,FCC
3,8.4885,12.85,0.0221,0.0969,0.0479,FCC
3,8.158,12.275,0.0319,0.1397,0.0762,FCC
3,8.437,12.775,0.0225,0.0966,0.0485,FCC
4,8.1065,12.2,0.0299,0.137,0.0771,FCC
4,8.3855,12.7,0.0225,0.0957,0.049,FCC
2,8.3605,12.6,0.0341,0.1439,0.0725,FCC
3,8.309,12.525,0.034,0.143,0.0736,FCC
4,8.397,12.7,0.0277,0.1217,0.0634,FCC
4,8.5365,12.95,0.0205,0.0953,0.0473,FCC
4,8.206,12.375,0.0323,0.1398,0.0755,FCC
4,8.485,12.875,0.0214,0.0954,0.0479,FCC
4,8.1545,12.3,0.0308,0.1374,0.0764,FCC
3,8.294,12.55,0.0269,0.1191,0.065,FCC
2,8.186,14.9,0.0278,0.0962,0.1569,FCC
4,7.9905,15.665,0.0216,0.0908,0.1767,FCC
4,8.0625,15.245,0.0241,0.0929,0.1675,FCC
1,8.2855,15.075,0.0292,0.0977,0.1582,FCC
3,7.9665,16.185,0.0213,0.0886,0.1848,FCC
4,7.915,16.11,0.0193,0.0808,0.1834,FCC
3,8.059,15.27,0.0224,0.0888,0.1671,FCC
4,8.131,14.85,0.0242,0.0898,0.1558,FCC
4,8.0145,16.285,0.0224,0.0902,0.1857,FCC
4,8.0865,15.865,0.0246,0.0929,0.1782,FCC
4,8.107,15.37,0.0237,0.0896,0.1678,FCC
4,8.4155,13.195,0.0228,0.0754,0.0753,FCC
4,8.3335,16.315,0.0296,0.1003,0.1825,FCC
4,8.323,15.25,0.0256,0.0896,0.1578,FCC
3,8.508,13.42,0.0193,0.0697,0.0752,FCC
4,8.3845,13.765,0.0211,0.0745,0.1036,FCC
3,8.4565,13.345,0.0197,0.0694,0.075,FCC
4,8.33,16.34,0.0287,0.0977,0.1821,FCC
4,8.402,15.92,0.0274,0.0955,0.172,FCC
1,8.474,15.5,0.0254,0.0918,0.1597,FCC
4,8.4225,15.425,0.0256,0.0908,0.159,FCC
4,8.6075,13.595,0.0177,0.0665,0.0754,FCC
3,8.556,13.52,0.0177,0.0675,0.0752,FCC
3,8.5045,13.445,0.0184,0.0676,0.075,FCC
4,8.381,13.79,0.02,0.0715,0.1034,FCC
4,8.453,13.37,0.0187,0.0669,0.0748,FCC
4,8.2575,14.135,0.019,0.07,0.1239,FCC
4,8.3295,13.715,0.0191,0.0687,0.103,FCC
3,8.4015,13.295,0.0185,0.0653,0.0745,FCC
4,8.604,13.62,0.0163,0.065,0.0752,FCC
3,8.429,13.89,0.0194,0.0706,0.1036,FCC
2,8.501,13.47,0.0176,0.0653,0.0749,FCC
3,8.4495,13.395,0.0178,0.0641,0.0746,FCC
3,8.326,13.74,0.018,0.0647,0.1027,FCC
2,8.398,13.32,0.0174,0.0619,0.0743,FCC
4,8.4155,12.5,0.0324,0.1715,0.0931,FCC
1,7.5195,12.675,0.0443,0.1928,0.0901,BCC+FCC
4,7.8435,12.295,0.0336,0.1423,0.1183,FCC
1,8.0115,14.245,0.0487,0.1935,0.1368,BCC+FCC
1,8.08,13.85,0.0468,0.1909,0.1144,BCC+FCC
1,8.321,15.695,0.035,0.1246,0.1849,FCC
4,8.1735,16.56,0.0352,0.1241,0.2051,FCC
4,8.2455,16.14,0.0351,0.124,0.1957,FCC
1,8.3175,15.72,0.0342,0.1227,0.1847,FCC
1,8.25,15.05,0.0382,0.1404,0.181,FCC
4,8.242,16.165,0.0341,0.1216,0.1955,FCC
4,8.314,15.745,0.0333,0.1207,0.1844,FCC
2,8.3105,15.77,0.0325,0.1185,0.1842,FCC
1,8.043,15.61,0.0502,0.1693,0.1372,BCC+FCC
1,8.0635,15.115,0.0491,0.1666,0.1364,BCC+FCC
1,8.0495,14.34,0.0503,0.172,0.1306,BCC+FCC
1,8.143,15.42,0.0512,0.1655,0.1588,BCC+FCC
1,8.0005,16.43,0.0511,0.1712,0.1446,BCC+FCC
4,8.0315,14.94,0.0275,0.1073,0.1673,FCC
3,7.98,14.865,0.0241,0.1027,0.1662,FCC
4,7.822,14.93,0.0237,0.1003,0.1728,FCC
4,7.808,14.155,0.0253,0.1063,0.1624,FCC
4,8.134,12.365,0.0405,0.1568,0.1043,FCC
4,8.2425,15.12,0.0319,0.1048,0.1604,FCC
4,8.0675,15.39,0.0273,0.1022,0.1686,FCC
3,13.483,7.1,0.0416,0.7828,0.1551,BCC
4,8.2555,14.465,0.0331,0.1581,0.2127,FCC
4,8.204,14.39,0.0301,0.1554,0.2126,FCC
1,7.6765,14.985,0.035,0.1621,0.1776,FCC
4,7.9175,14.645,0.0287,0.1338,0.1608,FCC
4,8.1215,14.5,0.0316,0.1679,0.2402,FCC
1,8.506,14.955,0.0367,0.2038,0.2734,FCC
4,8.3825,15.3,0.0339,0.1993,0.2851,FCC
1,7.9415,14.945,0.0346,0.1417,0.1934,FCC
3,8.05,14.625,0.0305,0.1202,0.1694,FCC
4,7.7195,14.05,0.0325,0.1424,0.1882,FCC
3,11.9895,6.5,0.0363,0.3501,0.1341,BCC
2,9.5225,7.515,0.0447,0.4547,0.1579,BCC
3,9.2875,7.565,0.0414,0.4275,0.1614,BCC
3,9.0835,7.71,0.0435,0.4347,0.1685,BCC
4,9.778,7.165,0.038,0.4047,0.1371,BCC
3,9.297,6.71,0.0419,0.2993,0.174,BCC
3,9.4575,7.14,0.0468,0.4722,0.1351,BCC
3,7.703,7.32,0.0411,0.4199,0.1293,BCC
3,8.0415,7.345,0.0427,0.4426,0.1299,BCC
3,7.264,7.515,0.0428,0.3991,0.1355,BCC
3,7.6025,7.54,0.0446,0.4225,0.1362,BCC
3,7.029,7.565,0.0403,0.3692,0.147,BCC
3,6.825,7.71,0.0437,0.3738,0.1404,BCC
4,7.502,7.76,0.0473,0.4216,0.1422,BCC
2,9.833,6.95,0.0373,0.492,0.1388,BCC
4,8.547,7.085,0.0381,0.4527,0.1314,BCC
4,8.8855,7.11,0.0392,0.4742,0.1318,BCC
4,9.224,7.135,0.0403,0.4954,0.1321,BCC
2,8.717,7.095,0.0378,0.4443,0.1483,BCC
3,9.0555,7.12,0.0389,0.466,0.1485,BCC
4,9.7325,7.17,0.0414,0.5083,0.1487,BCC
3,9.2255,7.13,0.0386,0.4577,0.1616,BCC
2,8.108,7.28,0.042,0.4388,0.1391,BCC
4,8.785,7.33,0.0446,0.483,0.1401,BCC
3,9.1235,7.355,0.046,0.5046,0.1405,BCC
3,8.278,7.29,0.0416,0.4304,0.1566,BCC
3,7.669,7.475,0.0445,0.4193,0.1456,BCC
4,8.0075,7.5,0.0461,0.4423,0.1462,BCC
3,10.6325,6.91,0.0444,0.5094,0.1339,BCC
4,12.409,6.81,0.0399,0.534,0.128,BCC
3,12.579,6.82,0.0395,0.526,0.1281,BCC
4,7.947,6.87,0.0428,0.3917,0.1469,BCC
2,8.475,6.78,0.0373,0.3974,0.1461,BCC
4,8.4555,6.905,0.0436,0.4072,0.1533,BCC
2,7.542,6.91,0.0415,0.369,0.1418,BCC
3,8.0505,6.945,0.0423,0.385,0.149,BCC
4,7.6455,6.985,0.041,0.3621,0.1444,BCC
4,8.154,7.02,0.0418,0.3782,0.1503,BCC
2,8.682,6.93,0.0364,0.3854,0.1467,BCC
4,7.7685,6.935,0.0347,0.347,0.1386,BCC
3,7.749,7.06,0.0404,0.355,0.1461,BCC
3,8.277,6.97,0.0353,0.3633,0.1431,BCC
2,7.607,6.85,0.0435,0.4086,0.1264,BCC
3,7.9455,6.875,0.0446,0.4321,0.1262,BCC
3,9.8185,6.545,0.045,0.5664,0.115,BCC
1,7.955,13.33,0.0468,0.1652,0.0974,BCC+FCC
4,8.0965,13.98,0.0333,0.1272,0.0993,FCC
1,7.6775,13.955,0.0447,0.1671,0.1006,BCC+FCC
1,7.7305,14.2,0.0476,0.1702,0.1013,BCC+FCC
1,7.8475,14.86,0.0418,0.1507,0.1061,BCC+FCC
1,7.7785,14.3,0.0475,0.1694,0.1029,BCC+FCC
1,7.691,13.775,0.0477,0.1746,0.1005,BCC+FCC
1,7.744,14.02,0.0504,0.1778,0.1011,BCC+FCC
1,7.861,14.68,0.044,0.1594,0.106,BCC+FCC
1,7.633,13.385,0.0415,0.1653,0.0974,BCC+FCC
1,7.739,13.875,0.0481,0.1742,0.102,BCC+FCC
1,7.909,14.78,0.0432,0.1582,0.1074,BCC+FCC
1,7.681,13.485,0.0426,0.1654,0.0986,BCC+FCC
1,7.734,13.73,0.0458,0.1701,0.1014,BCC+FCC
1,7.6995,13.45,0.0487,0.1776,0.1002,BCC+FCC
2,7.7795,14.18,0.0323,0.1351,0.0976,FCC
1,7.8165,14.11,0.0431,0.1615,0.1038,BCC+FCC
1,7.9225,14.6,0.0458,0.1666,0.1074,BCC+FCC
1,7.782,13.83,0.0462,0.1698,0.1027,BCC+FCC
1,7.888,14.32,0.0495,0.1755,0.1058,BCC+FCC
1,7.883,14.175,0.0479,0.1724,0.106,BCC+FCC
1,7.7425,13.405,0.0473,0.1728,0.0998,BCC+FCC
1,7.655,12.88,0.0476,0.1738,0.0951,BCC+FCC
4,7.7695,13.89,0.0272,0.1224,0.0865,FCC
1,7.9125,14.31,0.0426,0.1603,0.106,BCC+FCC
1,7.4,14.58,0.0417,0.1678,0.1037,BCC+FCC
1,7.331,14.02,0.0459,0.1818,0.1006,BCC+FCC
1,7.2435,13.495,0.0465,0.1816,0.0978,BCC+FCC
1,7.5195,14.89,0.0514,0.1825,0.1042,BCC+FCC
1,7.432,14.365,0.0511,0.1865,0.1026,BCC+FCC
1,7.2915,13.595,0.0475,0.1823,0.0992,BCC+FCC
1,7.602,15.27,0.0483,0.1735,0.1077,BCC+FCC
1,7.4085,14.255,0.0422,0.17,0.1031,BCC+FCC
1,7.4615,14.5,0.046,0.175,0.105,BCC+FCC
1,7.374,13.975,0.0452,0.1767,0.1019,BCC+FCC
1,7.427,14.22,0.0486,0.1821,0.1035,BCC+FCC
1,7.3395,13.695,0.0485,0.1829,0.1006,BCC+FCC
1,7.2175,12.89,0.0499,0.186,0.0958,BCC+FCC
1,7.491,14.635,0.0409,0.1627,0.1054,BCC+FCC
1,7.5095,14.6,0.0468,0.1748,0.1063,BCC+FCC
1,7.6155,15.09,0.0512,0.1811,0.1075,BCC+FCC
1,7.3,13.27,0.0492,0.1822,0.0983,BCC+FCC
1,7.2655,12.99,0.0512,0.1872,0.0971,BCC+FCC
1,7.125,12.22,0.0447,0.1704,0.0889,BCC+FCC
1,7.178,12.465,0.0486,0.1821,0.0929,BCC+FCC
1,7.539,14.735,0.0416,0.1625,0.1065,BCC+FCC
1,7.592,14.98,0.0441,0.1666,0.1089,BCC+FCC
1,7.645,15.225,0.0459,0.1695,0.1103,BCC+FCC
1,7.5575,14.7,0.0473,0.1745,0.1076,BCC+FCC
1,7.47,14.175,0.0474,0.1772,0.1044,BCC+FCC
1,7.523,14.42,0.0505,0.1819,0.1063,BCC+FCC
1,7.3295,13.405,0.0449,0.1698,0.0969,BCC+FCC
1,7.3825,13.65,0.0477,0.1775,0.1005,BCC+FCC
1,7.4355,13.895,0.0506,0.1837,0.1032,BCC+FCC
1,7.295,13.125,0.0472,0.175,0.096,BCC+FCC
1,7.2075,12.6,0.0453,0.1692,0.0908,BCC+FCC
3,7.4625,14.38,0.0293,0.1363,0.095,FCC
1,7.7805,15.85,0.042,0.1611,0.1139,BCC+FCC
1,7.693,15.325,0.0454,0.1687,0.1116,BCC+FCC
1,7.5525,14.555,0.0452,0.1701,0.1066,BCC+FCC
1,7.571,14.52,0.051,0.1817,0.1076,BCC+FCC
1,7.29,12.98,0.0451,0.1668,0.0925,BCC+FCC
1,7.2555,12.7,0.0466,0.1711,0.0918,BCC+FCC
4,7.5105,14.48,0.0307,0.1368,0.0957,FCC
1,7.7225,15.46,0.0401,0.1564,0.1123,BCC+FCC
1,7.635,14.935,0.0423,0.1619,0.1086,BCC+FCC
1,7.566,14.375,0.0492,0.1773,0.1067,BCC+FCC
1,7.3725,13.36,0.044,0.1633,0.094,BCC+FCC
1,7.63,14.79,0.0404,0.1573,0.106,BCC+FCC
1,7.5425,14.265,0.0411,0.1594,0.101,BCC+FCC
1,7.3675,13.215,0.0422,0.1547,0.0887,BCC+FCC
1,7.386,13.18,0.0474,0.1698,0.0943,BCC+FCC
1,7.1755,15.45,0.0424,0.1725,0.1076,BCC+FCC
1,7.088,14.925,0.0411,0.1739,0.1052,BCC+FCC
1,7.194,15.415,0.0485,0.184,0.1058,BCC+FCC
1,7.0535,14.645,0.0447,0.18,0.1038,BCC+FCC
1,7.3295,16.04,0.0495,0.1791,0.1085,BCC+FCC
1,6.945,13.66,0.0496,0.1883,0.0995,BCC+FCC
1,7.237,15.37,0.0469,0.1795,0.109,BCC+FCC
1,7.391,15.96,0.0524,0.1857,0.1099,BCC+FCC
1,7.1445,14.7,0.0449,0.1751,0.106,BCC+FCC
1,7.11,14.42,0.0479,0.1809,0.1048,BCC+FCC
1,7.174,14.835,0.0399,0.1624,0.105,BCC+FCC
1,7.386,15.815,0.0505,0.1825,0.1122,BCC+FCC
1,7.439,16.06,0.052,0.1849,0.1117,BCC+FCC
1,7.1395,14.555,0.0432,0.1684,0.1042,BCC+FCC
1,7.2455,15.045,0.0483,0.1816,0.1092,BCC+FCC
1,7.2985,15.29,0.0515,0.1863,0.1103,BCC+FCC
1,7.3515,15.535,0.054,0.19,0.1105,BCC+FCC
1,7.211,14.765,0.0517,0.1879,0.1078,BCC+FCC
1,7.089,13.96,0.0534,0.1921,0.1036,BCC+FCC
1,7.1185,14.095,0.0494,0.1802,0.1034,BCC+FCC
1,7.031,13.57,0.0475,0.175,0.099,BCC+FCC
1,7.429,15.77,0.0488,0.1784,0.1144,BCC+FCC
1,7.2885,15,0.0475,0.1765,0.1093,BCC+FCC
1,7.1665,14.195,0.0505,0.1813,0.1045,BCC+FCC
1,7.1615,14.05,0.0484,0.1739,0.1017,BCC+FCC
1,6.882,15.76,0.0484,0.1902,0.1071,BCC+FCC
1,6.6885,14.745,0.0431,0.1723,0.1039,BCC+FCC
1,6.8475,15.48,0.0517,0.1961,0.1051,BCC+FCC
1,6.7365,14.845,0.0441,0.1739,0.1052,BCC+FCC
1,6.755,14.81,0.049,0.1877,0.1052,BCC+FCC
1,6.6145,14.04,0.0434,0.1696,0.1005,BCC+FCC
1,7.0125,16.24,0.0478,0.1839,0.1122,BCC+FCC
1,6.819,15.225,0.0427,0.1705,0.1076,BCC+FCC
1,6.872,15.47,0.0452,0.1786,0.1094,BCC+FCC
1,6.7315,14.7,0.0423,0.165,0.1038,BCC+FCC
1,6.75,14.665,0.047,0.1799,0.1052,BCC+FCC
1,6.6625,14.14,0.0446,0.1722,0.1017,BCC+FCC
1,6.92,15.57,0.0461,0.1794,0.1107,BCC+FCC
1,6.8855,15.29,0.049,0.1849,0.1094,BCC+FCC
1,6.9385,15.535,0.0519,0.1916,0.1103,BCC+FCC
1,6.745,14.52,0.0449,0.171,0.1039,BCC+FCC
1,6.851,15.01,0.0513,0.19,0.108,BCC+FCC
1,6.862,15.18,0.042,0.1639,0.1068,BCC+FCC
1,7.074,16.16,0.0526,0.1906,0.1135,BCC+FCC
1,6.8805,15.145,0.0472,0.178,0.1088,BCC+FCC
1,6.9335,15.39,0.05,0.1857,0.1107,BCC+FCC
1,6.846,14.865,0.0493,0.1829,0.1076,BCC+FCC
1,6.857,15.035,0.0404,0.155,0.1038,BCC+FCC
1,6.905,15.135,0.0413,0.1568,0.1046,BCC+FCC
1,7.011,15.625,0.0463,0.1744,0.1119,BCC+FCC
1,6.9765,15.345,0.0492,0.1801,0.111,BCC+FCC
1,6.889,14.82,0.0483,0.1764,0.1071,BCC+FCC
1,6.8015,14.295,0.0462,0.1692,0.1026,BCC+FCC
1,6.8545,14.54,0.0498,0.1806,0.1062,BCC+FCC
1,6.953,15.235,0.0422,0.1584,0.1054,BCC+FCC
1,7.006,15.48,0.0447,0.1676,0.1096,BCC+FCC
1,7.059,15.725,0.0472,0.1751,0.1129,BCC+FCC
1,6.464,15.615,0.0442,0.1762,0.1083,BCC+FCC
1,6.517,15.86,0.0471,0.1857,0.1088,BCC+FCC
1,6.4775,15.435,0.0469,0.1819,0.1082,BCC+FCC
1,6.385,14.765,0.042,0.1616,0.1045,BCC+FCC
1,6.4675,15.145,0.0427,0.1621,0.1066,BCC+FCC
1,6.55,15.525,0.0426,0.1613,0.1085,BCC+FCC
1,6.5685,15.49,0.0471,0.1768,0.1104,BCC+FCC
1,6.651,15.87,0.0465,0.1743,0.1125,BCC+FCC
1,6.6165,15.59,0.0483,0.1786,0.1115,BCC+FCC
1,6.747,16.07,0.0485,0.177,0.1145,BCC+FCC
1,7.9505,13.955,0.051,0.1735,0.1102,BCC+FCC
1,8.0295,14.36,0.0446,0.1623,0.1114,BCC+FCC
1,7.9405,13.665,0.0482,0.1683,0.1034,BCC+FCC
1,7.942,13.835,0.0489,0.1704,0.1068,BCC+FCC
1,7.9435,14.005,0.0495,0.1725,0.109,BCC+FCC
1,7.859,13.82,0.0542,0.1833,0.1068,BCC+FCC
1,7.8605,13.99,0.0549,0.1853,0.1058,BCC+FCC
1,8.0275,14.555,0.0445,0.1637,0.1122,BCC+FCC
1,8.024,14.58,0.044,0.1633,0.1116,BCC+FCC
1,7.9395,14.395,0.0494,0.1751,0.108,BCC+FCC
1,8.019,14.435,0.0428,0.1609,0.1097,BCC+FCC
1,7.9315,13.91,0.0467,0.1679,0.1053,BCC+FCC
1,7.7495,12.91,0.0488,0.171,0.0935,BCC+FCC
1,7.8135,15.35,0.0478,0.1696,0.1187,BCC+FCC
1,7.637,14.13,0.0547,0.1832,0.1096,BCC+FCC
1,7.6385,14.3,0.0555,0.1853,0.1118,BCC+FCC
1,7.5495,13.605,0.0566,0.1877,0.1046,BCC+FCC
1,7.5525,13.945,0.0584,0.1927,0.1093,BCC+FCC
1,7.7195,14.51,0.0502,0.174,0.111,BCC+FCC
1,7.7255,15.19,0.0529,0.1814,0.1138,BCC+FCC
1,7.635,14.325,0.0547,0.1845,0.1113,BCC+FCC
1,7.6395,14.835,0.057,0.1906,0.1099,BCC+FCC
1,7.5475,13.8,0.0565,0.189,0.1071,BCC+FCC
1,7.5505,14.14,0.0583,0.1939,0.1091,BCC+FCC
1,7.805,15.23,0.046,0.1675,0.1169,BCC+FCC
1,7.7205,15.045,0.0515,0.1793,0.1144,BCC+FCC
1,7.627,13.84,0.0515,0.176,0.1007,BCC+FCC
1,7.6285,14.01,0.0523,0.1786,0.1053,BCC+FCC
1,7.6315,14.35,0.0539,0.1835,0.1107,BCC+FCC
1,7.797,14.745,0.0438,0.1612,0.1077,BCC+FCC
1,7.7985,14.915,0.0443,0.1633,0.1117,BCC+FCC
1,7.8,15.085,0.0449,0.1653,0.1146,BCC+FCC
1,7.7095,14.22,0.0475,0.1675,0.1014,BCC+FCC
1,7.711,14.39,0.0482,0.17,0.1064,BCC+FCC
1,7.622,13.695,0.0499,0.1716,0.0944,BCC+FCC
1,7.536,13.34,0.0519,0.1768,0.0935,BCC+FCC
1,7.5375,13.51,0.0528,0.1801,0.099,BCC+FCC
1,7.7075,14.415,0.0474,0.1689,0.106,BCC+FCC
1,7.709,14.585,0.0481,0.1714,0.1096,BCC+FCC
1,7.7135,15.095,0.0501,0.178,0.113,BCC+FCC
2,7.715,15.265,0.0508,0.18,0.1115,BCC+FCC
1,7.448,13.18,0.0528,0.1818,0.097,BCC+FCC
1,7.704,14.44,0.0467,0.1677,0.1055,BCC+FCC
1,7.707,14.78,0.0481,0.1728,0.1114,BCC+FCC
1,7.7085,14.95,0.0487,0.1751,0.1125,BCC+FCC
1,7.618,14.085,0.0498,0.1744,0.104,BCC+FCC
1,7.443,13.035,0.0508,0.1754,0.0916,BCC+FCC
1,7.3585,12.85,0.0515,0.1809,0.0947,BCC+FCC
1,7.271,12.325,0.049,0.1755,0.0885,BCC+FCC
1,7.7895,15.16,0.0431,0.1633,0.1131,BCC+FCC
1,7.616,14.28,0.0498,0.1758,0.1066,BCC+FCC
1,7.783,14.845,0.0414,0.1574,0.1061,BCC+FCC
1,7.7,14.83,0.0466,0.1706,0.1103,BCC+FCC
1,7.608,13.795,0.0466,0.1641,0.093,BCC+FCC
1,7.35,12.73,0.048,0.1695,0.0892,BCC+FCC
1,7.5,15.525,0.053,0.1815,0.1195,BCC+FCC
1,7.503,15.865,0.0543,0.185,0.1195,BCC+FCC
1,7.4155,15.34,0.0576,0.1919,0.1172,BCC+FCC
1,7.498,15.72,0.0529,0.1828,0.1195,BCC+FCC
1,7.4995,15.89,0.0536,0.1846,0.1188,BCC+FCC
1,7.501,16.06,0.0543,0.1862,0.1167,BCC+FCC
1,7.4075,14.855,0.0544,0.1844,0.1127,BCC+FCC
1,7.4135,15.535,0.0575,0.1932,0.1152,BCC+FCC
1,7.49,15.235,0.0502,0.1759,0.114,BCC+FCC
1,7.4915,15.405,0.0509,0.1781,0.1168,BCC+FCC
1,7.496,15.915,0.0529,0.1841,0.1181,BCC+FCC
1,7.4975,16.085,0.0535,0.1858,0.1158,BCC+FCC
1,7.3195,14.695,0.0567,0.1919,0.1124,BCC+FCC
1,7.3225,15.035,0.0585,0.1971,0.1124,BCC+FCC
1,7.232,14.17,0.057,0.1936,0.1083,BCC+FCC
1,7.146,13.815,0.0571,0.1967,0.1059,BCC+FCC
1,7.5725,15.615,0.0452,0.1664,0.115,BCC+FCC
1,7.4895,15.6,0.0508,0.1794,0.1179,BCC+FCC
1,7.3975,14.565,0.0512,0.1762,0.1035,BCC+FCC
1,7.4035,15.245,0.0543,0.187,0.1153,BCC+FCC
1,7.2255,13.855,0.054,0.1846,0.1011,BCC+FCC
1,7.227,14.025,0.055,0.1882,0.1051,BCC+FCC
1,7.5675,15.47,0.0441,0.1632,0.1104,BCC+FCC
1,7.486,15.625,0.0501,0.1785,0.1173,BCC+FCC
1,7.489,15.965,0.0514,0.1828,0.1166,BCC+FCC
1,7.3955,14.76,0.0511,0.1776,0.1079,BCC+FCC
1,7.397,14.93,0.0519,0.1805,0.1114,BCC+FCC
1,7.3985,15.1,0.0527,0.1832,0.1136,BCC+FCC
1,7.4,15.27,0.0534,0.1858,0.1147,BCC+FCC
1,7.4015,15.44,0.0542,0.1883,0.1144,BCC+FCC
1,7.308,14.235,0.0521,0.1791,0.102,BCC+FCC
1,7.3125,14.745,0.0548,0.1888,0.1112,BCC+FCC
1,7.481,15.48,0.0487,0.1751,0.1153,BCC+FCC
1,7.484,15.82,0.0501,0.1799,0.117,BCC+FCC
1,7.4855,15.99,0.0507,0.182,0.1159,BCC+FCC
1,7.392,14.785,0.0503,0.1759,0.1075,BCC+FCC
1,7.395,15.125,0.0518,0.1818,0.1131,BCC+FCC
1,6.9605,12.84,0.0472,0.1759,0.0947,BCC+FCC
1,7.304,14.625,0.052,0.1819,0.1084,BCC+FCC
1,7.129,13.575,0.0502,0.177,0.0982,BCC+FCC
1,7.5555,15.375,0.0417,0.1569,0.1039,BCC+FCC
1,7.5585,15.715,0.0428,0.1625,0.1134,BCC+FCC
1,7.4695,15.02,0.0453,0.1636,0.1031,BCC+FCC
1,7.4755,15.7,0.048,0.1753,0.1156,BCC+FCC
1,7.388,15.175,0.0502,0.1787,0.112,BCC+FCC
1,7.178,15.58,0.054,0.1851,0.1157,BCC+FCC
1,7.0885,15.25,0.0551,0.1887,0.1136,BCC+FCC
1,7.257,15.985,0.0495,0.1759,0.1164,BCC+FCC
1,7.1755,16.14,0.0547,0.1902,0.119,BCC+FCC
1,7.088,15.615,0.056,0.193,0.1162,BCC+FCC
1,7.2535,16.01,0.0488,0.1746,0.116,BCC+FCC
1,7.1705,15.995,0.0531,0.1863,0.1183,BCC+FCC
1,7.08,15.13,0.0523,0.1812,0.1093,BCC+FCC
1,7.0815,15.3,0.0532,0.1847,0.1126,BCC+FCC
1,7.0845,15.64,0.055,0.1913,0.1156,BCC+FCC
1,7.1625,15.51,0.0499,0.1753,0.1103,BCC+FCC
1,7.0795,15.495,0.0532,0.1861,0.1142,BCC+FCC
1,7.081,15.665,0.0541,0.1894,0.1149,BCC+FCC
1,6.9905,14.8,0.0518,0.1807,0.1073,BCC+FCC
1,7.076,15.52,0.0522,0.1839,0.1136,BCC+FCC
1,8.1085,14.13,0.047,0.1816,0.1162,BCC+FCC
1,7.572,15.345,0.0535,0.197,0.1225,BCC+FCC
1,7.7315,13.815,0.0527,0.189,0.1382,BCC+FCC
1,7.658,15.395,0.0523,0.1879,0.1362,BCC+FCC
1,7.0745,12.205,0.0477,0.1809,0.1225,BCC+FCC
1,7.128,12.1,0.0464,0.1745,0.1074,BCC+FCC
1,7.157,12.585,0.0493,0.1812,0.1224,BCC+FCC
1,7.341,15.595,0.0547,0.1938,0.1364,BCC+FCC
1,6.9035,12.97,0.0471,0.1778,0.1152,BCC+FCC
1,7.336,15.45,0.0531,0.1897,0.1345,BCC+FCC
1,7.7395,15.63,0.0501,0.1781,0.1454,BCC+FCC
1,7.8955,15.76,0.0512,0.1743,0.1432,BCC+FCC
1,7.803,15.09,0.048,0.1709,0.1497,BCC+FCC
1,7.945,14.445,0.0498,0.1724,0.1356,BCC+FCC
1,8.092,13.945,0.0501,0.1736,0.1149,BCC+FCC
1,8.0275,14.825,0.0468,0.1643,0.1385,BCC+FCC
1,7.94,14.3,0.0477,0.1675,0.1372,BCC+FCC
1,7.468,14.03,0.0517,0.1886,0.1302,BCC+FCC
1,7.813,15.985,0.0516,0.1766,0.1327,BCC+FCC
1,7.638,14.935,0.0529,0.1839,0.1338,BCC+FCC
1,7.6975,13.91,0.0562,0.191,0.1129,BCC+FCC
1,7.3755,13.36,0.0451,0.1758,0.1316,BCC+FCC
1,7.808,15.84,0.0498,0.1731,0.1372,BCC+FCC
1,7.8815,15.59,0.0494,0.1728,0.1281,BCC+FCC
1,7.633,14.79,0.0506,0.1786,0.1367,BCC+FCC
1,7.95,15.195,0.0466,0.1687,0.1207,BCC+FCC
1,7.4135,15.805,0.0538,0.1881,0.1344,BCC+FCC
1,7.2385,14.755,0.0497,0.1854,0.1346,BCC+FCC
1,7.137,13.455,0.0468,0.1827,0.1223,BCC+FCC
1,7.657,16.46,0.0506,0.1777,0.1289,BCC+FCC
1,7.307,14.36,0.0512,0.1856,0.1268,BCC+FCC
1,7.2195,13.835,0.0482,0.181,0.125,BCC+FCC
1,7.638,15.54,0.051,0.1799,0.1219,BCC+FCC
1,7.302,14.215,0.0487,0.1782,0.1275,BCC+FCC
1,7.3755,13.965,0.0522,0.1853,0.116,BCC+FCC
1,7.7205,15.92,0.0466,0.1709,0.1249,BCC+FCC
1,7.633,15.395,0.0494,0.1763,0.1232,BCC+FCC
1,7.3845,14.595,0.0484,0.1744,0.1297,BCC+FCC
1,7.458,14.345,0.051,0.1803,0.1183,BCC+FCC
1,7.628,15.25,0.0477,0.1721,0.1233,BCC+FCC
1,7.467,14.975,0.0473,0.1696,0.1318,BCC+FCC
1,7.5405,14.725,0.049,0.1743,0.1204,BCC+FCC
1,7.453,14.2,0.049,0.174,0.1171,BCC+FCC
1,7.292,13.925,0.0437,0.1605,0.1257,BCC+FCC
1,7,14.85,0.0517,0.1927,0.126,BCC+FCC
1,6.9075,14.18,0.0445,0.1763,0.1263,BCC+FCC
1,7.4085,16.265,0.0506,0.1809,0.1261,BCC+FCC
1,7.0585,14.165,0.0484,0.1773,0.1167,BCC+FCC
1,6.664,14.13,0.0434,0.171,0.1161,BCC+FCC
1,6.829,14.89,0.0467,0.1716,0.1201,BCC+FCC
4,8.0085,12.555,0.0305,0.1195,0.0537,FCC
4,7.974,12.275,0.0331,0.1294,0.0547,FCC
4,7.9225,12.2,0.0309,0.1267,0.054,FCC
3,8.1425,13.01,0.0286,0.109,0.0532,FCC
4,8.108,12.73,0.0318,0.1207,0.0544,FCC
4,8.0565,12.655,0.0307,0.1192,0.0539,FCC
3,8.005,12.58,0.0292,0.1172,0.0534,FCC
3,8.1905,13.11,0.028,0.1081,0.0533,FCC
4,8.139,13.035,0.0276,0.1072,0.053,FCC
4,8.0875,12.96,0.0267,0.1057,0.0526,FCC
4,8.156,12.83,0.0314,0.12,0.0545,FCC
3,8.053,12.68,0.0296,0.117,0.0536,FCC
3,8.1215,12.55,0.0349,0.1307,0.0556,FCC
3,8.0185,12.4,0.0324,0.127,0.0546,FCC
4,7.967,12.325,0.0305,0.1243,0.054,FCC
3,7.9155,12.25,0.028,0.121,0.0533,FCC
4,7.9325,12.045,0.0331,0.133,0.0548,FCC
4,7.881,11.97,0.0306,0.1294,0.0541,FCC
3,8.2385,13.21,0.0271,0.107,0.0533,FCC
4,8.187,13.135,0.027,0.1064,0.0531,FCC
4,8.1355,13.06,0.0265,0.1052,0.0527,FCC
3,8.084,12.985,0.0255,0.1033,0.0523,FCC
1,8.204,12.93,0.0308,0.1192,0.0546,FCC
3,8.1525,12.855,0.0305,0.1183,0.0542,FCC
1,8.101,12.78,0.0297,0.1168,0.0538,FCC
2,7.998,12.63,0.0266,0.1118,0.0528,FCC
4,8.1695,12.65,0.0346,0.1301,0.0557,FCC
4,8.118,12.575,0.034,0.1288,0.0553,FCC
4,8.0665,12.5,0.0328,0.127,0.0548,FCC
3,8.015,12.425,0.0312,0.1246,0.0543,FCC
4,7.9805,12.145,0.0341,0.1335,0.0551,FCC
4,7.929,12.07,0.0318,0.1301,0.0545,FCC
4,7.8945,11.79,0.0353,0.1378,0.0552,FCC
2,8.2865,13.31,0.0259,0.1057,0.0533,FCC
2,8.235,13.235,0.0262,0.1054,0.0531,FCC
3,8.1835,13.16,0.0261,0.1045,0.0528,FCC
4,8.132,13.085,0.0254,0.1029,0.0525,FCC
4,8.0805,13.01,0.0243,0.1007,0.052,FCC
4,8.252,13.03,0.0299,0.1183,0.0546,FCC
1,8.2005,12.955,0.03,0.1176,0.0543,FCC
2,8.149,12.88,0.0295,0.1164,0.054,FCC
2,8.0975,12.805,0.0286,0.1145,0.0535,FCC
4,8.046,12.73,0.0272,0.112,0.053,FCC
2,8.166,12.675,0.0337,0.1284,0.0554,FCC
3,8.1145,12.6,0.033,0.1268,0.055,FCC
3,8.063,12.525,0.0318,0.1247,0.0545,FCC
1,8.3345,13.41,0.0245,0.1044,0.0533,FCC
3,8.283,13.335,0.0252,0.1043,0.0531,FCC
2,8.2315,13.26,0.0254,0.1036,0.0529,FCC
3,8.18,13.185,0.0251,0.1024,0.0526,FCC
3,8.1285,13.11,0.0244,0.1005,0.0522,FCC
2,8.2485,13.055,0.0292,0.1168,0.0544,FCC
1,8.197,12.98,0.0291,0.1158,0.0541,FCC
1,8.1455,12.905,0.0286,0.1142,0.0537,FCC
2,8.094,12.83,0.0275,0.112,0.0532,FCC
4,8.0425,12.755,0.026,0.1092,0.0527,FCC
1,8.214,12.775,0.0333,0.1279,0.0555,FCC
3,8.1625,12.7,0.0329,0.1265,0.0552,FCC
4,8.111,12.625,0.032,0.1247,0.0547,FCC
2,8.0595,12.55,0.0307,0.1222,0.0542,FCC
4,8.008,12.475,0.0289,0.119,0.0536,FCC
4,8.3825,13.51,0.0228,0.1029,0.0533,FCC
3,8.331,13.435,0.0239,0.103,0.0531,FCC
3,8.2795,13.36,0.0245,0.1027,0.0529,FCC
3,8.228,13.285,0.0246,0.1017,0.0527,FCC
3,8.1765,13.21,0.0242,0.1001,0.0523,FCC
4,8.245,13.08,0.0285,0.1151,0.0542,FCC
4,8.1935,13.005,0.0283,0.1138,0.0538,FCC
4,8.0905,12.855,0.0265,0.1094,0.053,FCC
2,8.2105,12.8,0.0325,0.1261,0.0553,FCC
3,7.784,13.425,0.0314,0.1259,0.0706,FCC
4,7.8835,13.6,0.0329,0.1271,0.0714,FCC
3,7.6945,13.095,0.0302,0.1299,0.0702,FCC
4,7.9315,13.7,0.0326,0.1265,0.0716,FCC
3,7.88,13.625,0.0318,0.1253,0.0711,FCC
2,7.8285,13.55,0.0305,0.1235,0.0706,FCC
2,7.9795,13.8,0.0321,0.1258,0.0718,FCC
4,7.7735,13.5,0.0274,0.1184,0.0697,FCC
3,7.739,13.22,0.03,0.1275,0.0702,FCC
4,7.9245,13.75,0.0307,0.123,0.0711,FCC
2,7.873,13.675,0.0297,0.1211,0.0706,FCC
2,7.8215,13.6,0.0281,0.1186,0.07,FCC
3,7.787,13.32,0.031,0.128,0.0706,FCC
4,8.024,13.925,0.0306,0.1235,0.0717,FCC
4,7.921,13.775,0.0297,0.1209,0.0708,FCC
2,7.8695,13.7,0.0286,0.1187,0.0703,FCC
2,7.818,13.625,0.0269,0.1159,0.0697,FCC
4,7.7665,13.55,0.0248,0.1123,0.0691,FCC
4,7.969,13.875,0.0296,0.1206,0.0711,FCC
1,7.3045,12.515,0.0484,0.1736,0.0842,BCC+FCC
1,7.2185,12.16,0.0478,0.1737,0.083,BCC+FCC
1,7.5075,13.53,0.0425,0.1589,0.0852,BCC+FCC
1,7.4215,13.175,0.0439,0.163,0.0846,BCC+FCC
1,7.387,12.895,0.047,0.1691,0.0847,BCC+FCC
1,7.301,12.54,0.0474,0.1705,0.0838,BCC+FCC
1,7.2495,12.465,0.0451,0.1656,0.0827,BCC+FCC
1,7.4865,13.07,0.05,0.1729,0.086,BCC+FCC
1,7.569,13.45,0.0476,0.1665,0.0862,BCC+FCC
1,7.5175,13.375,0.0457,0.1641,0.0855,BCC+FCC
1,7.2595,12.31,0.0467,0.1681,0.0828,BCC+FCC
1,7.6,13.755,0.0432,0.1572,0.0857,BCC+FCC
1,7.3075,12.41,0.048,0.1699,0.0834,BCC+FCC
1,7.2215,12.055,0.0463,0.1677,0.0822,BCC+FCC
1,7.4725,13.17,0.0462,0.1625,0.0846,BCC+FCC
1,7.0765,13.41,0.0484,0.1746,0.0936,BCC+FCC
1,7.3655,14.78,0.0413,0.1563,0.0961,BCC+FCC
1,7.245,14.145,0.046,0.1681,0.0954,BCC+FCC
1,7.2105,13.865,0.0492,0.1742,0.0953,BCC+FCC
1,7.159,13.79,0.0472,0.1706,0.0944,BCC+FCC
1,7.004,12.875,0.0498,0.1796,0.0926,BCC+FCC
1,7.4135,14.88,0.0418,0.1563,0.0965,BCC+FCC
1,7.293,14.245,0.0469,0.1687,0.0959,BCC+FCC
1,7.2415,14.17,0.0452,0.1656,0.095,BCC+FCC
1,7.035,13.18,0.0477,0.172,0.0925,BCC+FCC
1,7.41,14.905,0.0409,0.1544,0.0962,BCC+FCC
1,7.427,14.7,0.0458,0.164,0.097,BCC+FCC
1,7.324,14.55,0.0424,0.1596,0.0955,BCC+FCC
1,7.341,14.345,0.0478,0.1691,0.0963,BCC+FCC
1,7.0315,13.205,0.0465,0.168,0.0921,BCC+FCC
1,7.458,15.005,0.0412,0.1543,0.0965,BCC+FCC
1,7.3205,14.575,0.0416,0.1571,0.0952,BCC+FCC
1,7.1655,13.66,0.0486,0.1709,0.0941,BCC+FCC
1,7.231,14.245,0.0427,0.157,0.0939,BCC+FCC
1,7.248,14.04,0.0474,0.1669,0.0948,BCC+FCC
1,7.5025,15.13,0.0406,0.1524,0.0966,BCC+FCC
1,7.0105,15.17,0.0436,0.168,0.1042,BCC+FCC
1,6.9075,15.02,0.0406,0.1615,0.1023,BCC+FCC
1,6.873,14.74,0.0438,0.1672,0.1021,BCC+FCC
1,6.8215,14.665,0.042,0.1627,0.101,BCC+FCC
1,6.8695,14.765,0.0429,0.1641,0.1017,BCC+FCC
1,6.8865,14.56,0.0474,0.1737,0.1024,BCC+FCC
1,6.835,14.485,0.0454,0.1691,0.1013,BCC+FCC
1,6.952,15.145,0.0407,0.1595,0.1026,BCC+FCC
1,6.9175,14.865,0.0438,0.1653,0.1023,BCC+FCC
1,6.866,14.79,0.0421,0.1608,0.1013,BCC+FCC
1,6.9345,14.66,0.0484,0.1748,0.1031,BCC+FCC
1,6.8655,14.1,0.0523,0.1845,0.1024,BCC+FCC
1,6.914,14.89,0.043,0.1622,0.1019,BCC+FCC
1,6.8965,14.405,0.0496,0.1768,0.1024,BCC+FCC
1,7.048,15.345,0.0422,0.1612,0.1037,BCC+FCC
1,7.1165,15.215,0.0491,0.1736,0.1053,BCC+FCC
1,7.065,15.14,0.0473,0.1707,0.1045,BCC+FCC
1,6.9105,14.915,0.0422,0.1588,0.1015,BCC+FCC
1,6.979,14.785,0.0485,0.173,0.1033,BCC+FCC
1,6.9275,14.71,0.0465,0.1687,0.1023,BCC+FCC
1,6.8245,14.56,0.0425,0.1578,0.1,BCC+FCC
1,6.9445,14.505,0.0507,0.1781,0.103,BCC+FCC
1,6.79,14.28,0.044,0.1618,0.0996,BCC+FCC
1,6.8585,14.15,0.0499,0.1777,0.1016,BCC+FCC
1,7.096,15.445,0.043,0.1619,0.1042,BCC+FCC
1,7.0615,15.165,0.0465,0.1682,0.1041,BCC+FCC
1,6.8725,14.66,0.0436,0.1599,0.1007,BCC+FCC
1,6.955,15.04,0.0422,0.1568,0.1017,BCC+FCC
1,6.8345,14.405,0.0441,0.1597,0.0999,BCC+FCC
1,7.003,15.14,0.0431,0.1582,0.1024,BCC+FCC
1,6.917,14.785,0.0436,0.1578,0.101,BCC+FCC
1,6.848,14.225,0.0464,0.1656,0.1002,BCC+FCC
1,6.7,15.685,0.0467,0.1753,0.1108,BCC+FCC
1,6.597,15.535,0.0433,0.1669,0.1085,BCC+FCC
1,6.6655,15.405,0.0495,0.1807,0.1104,BCC+FCC
1,6.662,15.43,0.0485,0.1778,0.11,BCC+FCC
1,6.6105,15.355,0.0465,0.1732,0.1088,BCC+FCC
1,6.4385,14.645,0.0446,0.1681,0.105,BCC+FCC
1,6.387,14.57,0.0421,0.16,0.1035,BCC+FCC
1,6.796,15.885,0.0485,0.1769,0.112,BCC+FCC
1,6.71,15.53,0.0495,0.1789,0.1106,BCC+FCC
1,6.6585,15.455,0.0476,0.1746,0.1095,BCC+FCC
1,6.4865,14.745,0.0459,0.1708,0.1059,BCC+FCC
1,6.435,14.67,0.0434,0.1632,0.1044,BCC+FCC
1,6.7925,15.91,0.0477,0.1744,0.1117,BCC+FCC
1,6.741,15.835,0.046,0.1707,0.1106,BCC+FCC
1,6.6205,15.2,0.0484,0.1757,0.1086,BCC+FCC
1,6.5175,15.05,0.044,0.1632,0.106,BCC+FCC
1,6.8405,16.01,0.0486,0.1751,0.1123,BCC+FCC
1,6.7545,15.655,0.0496,0.1771,0.1109,BCC+FCC
1,6.6,15.43,0.0437,0.1619,0.1074,BCC+FCC
1,6.5655,15.15,0.0451,0.1657,0.1068,BCC+FCC
1,6.6995,15.605,0.0467,0.1694,0.1094,BCC+FCC
1,6.648,15.53,0.0447,0.164,0.1082,BCC+FCC
1,6.665,15.325,0.0485,0.1738,0.1089,BCC+FCC
1,6.799,15.78,0.0497,0.1753,0.1112,BCC+FCC
1,6.696,15.63,0.0457,0.1658,0.1089,BCC+FCC
1,6.6445,15.555,0.0438,0.1599,0.1077,BCC+FCC
1,6.713,15.425,0.0496,0.1755,0.1096,BCC+FCC
1,6.7955,15.805,0.0487,0.1723,0.1107,BCC+FCC
1,6.8265,11.64,0.0448,0.1855,0.0871,BCC+FCC
1,7.0395,12.5,0.0484,0.1924,0.0862,BCC+FCC
1,7.174,12.3,0.0443,0.1748,0.0818,BCC+FCC
1,7.1565,13.16,0.0466,0.1889,0.0847,BCC+FCC
1,7.37,12.02,0.0436,0.1637,0.077,BCC+FCC
1,6.9285,12.71,0.0475,0.1854,0.0943,BCC+FCC
1,6.994,11.95,0.0435,0.1709,0.0881,BCC+FCC
1,6.9455,13.85,0.0505,0.1975,0.0977,BCC+FCC
1,7.08,13.65,0.046,0.1798,0.0936,BCC+FCC
1,7.011,13.09,0.0484,0.1859,0.0944,BCC+FCC
1,6.9765,12.81,0.0488,0.1882,0.0947,BCC+FCC
1,7.0765,12.33,0.0455,0.1726,0.0887,BCC+FCC
1,6.422,13.85,0.0409,0.1601,0.1035,BCC+FCC
1,6.47,13.95,0.0422,0.1641,0.1042,BCC+FCC
1,6.5525,14.33,0.0434,0.1661,0.1052,BCC+FCC
1,6.6005,14.43,0.0445,0.1692,0.1058,BCC+FCC
1,6.7175,15.09,0.0432,0.166,0.1068,BCC+FCC
1,6.731,14.91,0.0457,0.1717,0.1071,BCC+FCC
1,7.2505,11.46,0.0447,0.1687,0.1171,BCC+FCC
1,7.304,11.355,0.0427,0.1619,0.1141,BCC+FCC
1,7.2985,11.56,0.0457,0.1719,0.1165,BCC+FCC
1,7.4825,11.935,0.0444,0.1675,0.111,BCC+FCC
1,7.064,11.56,0.0424,0.1617,0.1228,BCC+FCC
1,7.0585,11.765,0.0453,0.1718,0.1279,BCC+FCC
1,7.112,11.66,0.0437,0.1655,0.1225,BCC+FCC
1,7.131,11.275,0.0417,0.16,0.1157,BCC+FCC
1,7.3305,12.315,0.043,0.16,0.1128,BCC+FCC
1,7.237,12.345,0.0489,0.1795,0.1254,BCC+FCC
1,7.2025,12.065,0.0492,0.1817,0.1266,BCC+FCC
1,7.363,11.75,0.0443,0.1615,0.1044,BCC+FCC
1,7.3285,11.47,0.0445,0.1639,0.105,BCC+FCC
1,6.648,11.415,0.038,0.1673,0.1424,BCC+FCC
1,6.784,11.69,0.0412,0.169,0.1351,BCC+FCC
1,6.872,11.865,0.0416,0.1637,0.1261,BCC+FCC
1,7.0215,11.96,0.0434,0.1655,0.1153,BCC+FCC
1,6.655,14.08,0.0471,0.1742,0.1321,BCC+FCC
1,7.478,12.44,0.042,0.1923,0.1235,BCC+FCC
1,7.336,13.69,0.0417,0.1935,0.1321,BCC+FCC
1,7.3015,13.41,0.0441,0.1974,0.1326,BCC+FCC
1,7.655,13.46,0.0529,0.1963,0.0822,BCC+FCC
1,7.7895,13.26,0.0482,0.1762,0.0787,BCC+FCC
1,7.7375,13.84,0.0491,0.1893,0.0811,BCC+FCC
1,7.786,13.285,0.0474,0.1746,0.0786,BCC+FCC
1,7.3965,13.395,0.0542,0.1911,0.0918,BCC+FCC
1,7.565,14.13,0.0495,0.1807,0.0915,BCC+FCC
1,7.479,13.775,0.0519,0.1855,0.0916,BCC+FCC
1,7.3375,14.025,0.0547,0.2004,0.0953,BCC+FCC
1,7.258,14.62,0.054,0.1916,0.1024,BCC+FCC
1,7.172,14.265,0.0553,0.1951,0.1021,BCC+FCC
1,7.1685,14.29,0.0544,0.1928,0.1019,BCC+FCC
1,7.251,14.67,0.0523,0.1877,0.1019,BCC+FCC
1,7.2475,14.695,0.0515,0.1855,0.1017,BCC+FCC
1,7.7635,13.375,0.0502,0.1802,0.1082,BCC+FCC
1,7.76,13.4,0.0495,0.1785,0.1083,BCC+FCC
1,7.674,13.045,0.0518,0.1828,0.11,BCC+FCC
1,7.6415,12.585,0.051,0.1779,0.1029,BCC+FCC
1,7.6705,13.07,0.0509,0.1806,0.11,BCC+FCC
1,7.724,12.965,0.0488,0.1726,0.1018,BCC+FCC
1,6.858,11.355,0.043,0.1804,0.1274,BCC+FCC
1,7.51,13.76,0.0525,0.1832,0.1132,BCC+FCC
1,7.5635,13.655,0.0504,0.1751,0.1022,BCC+FCC
1,7.166,12.34,0.052,0.1878,0.1156,BCC+FCC
1,6.9405,11.735,0.0464,0.1838,0.1268,BCC+FCC
1,7.2195,12.235,0.0505,0.181,0.1023,BCC+FCC
1,7.5065,13.785,0.0517,0.1813,0.1132,BCC+FCC
1,7.4205,13.43,0.0531,0.1846,0.114,BCC+FCC
1,6.9905,11.655,0.0437,0.1723,0.1159,BCC+FCC
1,7.13,11.905,0.0464,0.1729,0.1016,BCC+FCC
1,7.331,13.1,0.0523,0.1832,0.1145,BCC+FCC
1,7.4995,13.835,0.05,0.177,0.1131,BCC+FCC
1,7.639,14.085,0.0456,0.1643,0.1014,BCC+FCC
1,7.1345,12.98,0.0534,0.1922,0.1314,BCC+FCC
1,7.188,12.875,0.0518,0.1856,0.1245,BCC+FCC
1,7.467,13.375,0.0492,0.1716,0.1019,BCC+FCC
1,7.209,12.31,0.0466,0.1684,0.1015,BCC+FCC
1,7.167,13.815,0.0537,0.1856,0.1121,BCC+FCC
1,7.196,14.3,0.0542,0.1886,0.1237,BCC+FCC
1,7.0775,13.485,0.0519,0.1827,0.1116,BCC+FCC
1,6.9915,13.13,0.0501,0.1807,0.1111,BCC+FCC
1,7.1065,13.97,0.0533,0.187,0.124,BCC+FCC
1,6.902,12.8,0.0458,0.1713,0.1102,BCC+FCC
1,7.103,13.995,0.0523,0.1839,0.1239,BCC+FCC
1,6.9845,13.18,0.0475,0.172,0.1106,BCC+FCC
1,7.1075,15.445,0.0513,0.1798,0.1208,BCC+FCC
1,7.543,13.56,0.0455,0.1624,0.1357,BCC+FCC
1,7.6255,13.94,0.045,0.1582,0.1368,BCC+FCC
1,7.4395,12.455,0.0434,0.1607,0.1172,BCC+FCC
1,7.6045,13.215,0.0441,0.1558,0.1193,BCC+FCC
1,7.315,13.58,0.0516,0.18,0.1266,BCC+FCC
1,7.2115,12.475,0.0497,0.18,0.1064,BCC+FCC
1,7.48,14.34,0.0497,0.1701,0.1285,BCC+FCC
1,7.2045,12.525,0.0468,0.1721,0.1055,BCC+FCC
1,7.301,13.68,0.0464,0.1668,0.125,BCC+FCC
1,7.215,13.325,0.0442,0.1646,0.1233,BCC+FCC
1,7.201,12.55,0.0454,0.1678,0.1051,BCC+FCC
1,7.3835,14.06,0.0463,0.1637,0.1261,BCC+FCC
1,7.2975,13.705,0.0451,0.163,0.1246,BCC+FCC
1,7.2115,13.35,0.0427,0.16,0.1228,BCC+FCC
1,7.2835,12.93,0.0464,0.1666,0.1062,BCC+FCC
1,7.624,14.375,0.0447,0.1575,0.1102,BCC+FCC
1,7.538,14.02,0.0464,0.1616,0.1094,BCC+FCC
1,7.294,13.73,0.0437,0.1589,0.1241,BCC+FCC
1,7.28,12.955,0.0451,0.1624,0.1058,BCC+FCC
1,7.6205,14.4,0.0439,0.1552,0.1099,BCC+FCC
1,7.4625,14.465,0.0443,0.1563,0.1267,BCC+FCC
1,7.3765,14.11,0.0439,0.1565,0.1253,BCC+FCC
1,7.3625,13.335,0.0454,0.1604,0.1068,BCC+FCC
1,6.9905,13.32,0.0519,0.1873,0.1138,BCC+FCC
1,7.159,14.055,0.0535,0.1838,0.1164,BCC+FCC
1,6.987,13.345,0.0504,0.1837,0.1133,BCC+FCC
1,7.1695,14.855,0.0508,0.177,0.1331,BCC+FCC
1,7.2415,14.435,0.0524,0.1789,0.1173,BCC+FCC
1,6.994,14.17,0.0464,0.1726,0.1291,BCC+FCC
1,6.9905,14.195,0.0449,0.1684,0.1286,BCC+FCC
1,6.9765,13.42,0.0461,0.1715,0.112,BCC+FCC
1,6.987,14.22,0.0435,0.1638,0.1281,BCC+FCC
1,6.9695,13.47,0.0433,0.1619,0.111,BCC+FCC
1,7.138,14.205,0.0464,0.1645,0.114,BCC+FCC
1,7.0135,15.33,0.0524,0.1807,0.1236,BCC+FCC
1,6.938,15.775,0.0494,0.1752,0.1374,BCC+FCC
1,6.666,13.935,0.0435,0.1694,0.1158,BCC+FCC
1,7.1785,16.09,0.048,0.1691,0.1254,BCC+FCC
1,7.0925,15.735,0.0497,0.173,0.1242,BCC+FCC
1,7.0065,15.38,0.0502,0.1753,0.1228,BCC+FCC
1,6.9135,15.075,0.0473,0.1685,0.1204,BCC+FCC
1,7.748,14.29,0.0516,0.2129,0.1315,BCC+FCC
1,7.7445,14.315,0.051,0.2117,0.1315,BCC+FCC
1,7.3615,11.86,0.0416,0.1563,0.1143,BCC+FCC
1,6.83,13.22,0.0412,0.1611,0.1283,BCC+FCC
4,8.19,13.92,0.0317,0.1111,0.0939,FCC
4,8.182,13.435,0.0275,0.1009,0.0671,FCC
3,8.2365,13.85,0.0293,0.1065,0.0875,FCC
4,8.185,13.775,0.0295,0.1075,0.0868,FCC
4,8.2895,14.095,0.0299,0.1075,0.0954,FCC
3,8.238,14.02,0.0304,0.1092,0.0945,FCC
4,8.291,14.265,0.0309,0.1098,0.1009,FCC
4,8.2395,14.19,0.0315,0.1117,0.0999,FCC
4,8.294,14.605,0.0329,0.1139,0.1081,FCC
3,8.2315,13.705,0.0272,0.1027,0.0785,FCC
4,8.18,13.63,0.0275,0.1031,0.0779,FCC
4,8.336,14.025,0.0275,0.1028,0.0887,FCC
4,8.2845,13.95,0.028,0.1045,0.088,FCC
3,8.233,13.875,0.0281,0.1058,0.0872,FCC
4,8.1815,13.8,0.0285,0.1065,0.0864,FCC
4,8.286,14.12,0.0291,0.1071,0.095,FCC
2,8.2345,14.045,0.0293,0.1086,0.0941,FCC
3,8.236,14.215,0.0306,0.1112,0.0994,FCC
4,8.1845,14.14,0.0305,0.1124,0.0983,FCC
4,8.3405,14.535,0.0305,0.1095,0.1059,FCC
4,8.2375,14.385,0.0318,0.1137,0.1034,FCC
4,8.239,14.555,0.033,0.1159,0.1061,FCC
3,8.278,13.635,0.0249,0.0977,0.0675,FCC
2,8.331,13.88,0.0256,0.0997,0.0793,FCC
2,8.228,13.73,0.0263,0.1016,0.0782,FCC
2,8.3325,14.05,0.0268,0.1024,0.0884,FCC
4,8.281,13.975,0.027,0.1039,0.0876,FCC
3,8.178,13.825,0.0274,0.1053,0.0861,FCC
4,8.3855,14.295,0.027,0.1028,0.0963,FCC
2,8.334,14.22,0.0279,0.1049,0.0955,FCC
3,8.2825,14.145,0.0282,0.1066,0.0946,FCC
4,8.1795,13.995,0.0284,0.1086,0.0927,FCC
4,8.49,14.615,0.0247,0.0986,0.104,FCC
3,8.3355,14.39,0.029,0.1073,0.1012,FCC
2,8.284,14.315,0.0294,0.1092,0.1001,FCC
2,8.2325,14.24,0.0294,0.1106,0.099,FCC
4,8.181,14.165,0.0294,0.1116,0.0978,FCC
4,8.44,14.71,0.0275,0.1038,0.1078,FCC
4,8.3885,14.635,0.029,0.1069,0.1066,FCC
4,8.337,14.56,0.0301,0.1095,0.1055,FCC
3,8.2855,14.485,0.0306,0.1116,0.1042,FCC
3,8.234,14.41,0.0307,0.1132,0.1029,FCC
2,8.1825,14.335,0.0304,0.1144,0.1015,FCC
4,8.326,13.735,0.0234,0.0958,0.0676,FCC
2,8.2745,13.66,0.0241,0.0965,0.0672,FCC
4,8.223,13.585,0.0245,0.0966,0.0668,FCC
4,8.1715,13.51,0.0243,0.0962,0.0663,FCC
3,8.379,13.98,0.0244,0.0974,0.0796,FCC
3,8.276,13.83,0.0249,0.0999,0.0785,FCC
3,8.2245,13.755,0.0253,0.1004,0.0779,FCC
2,8.173,13.68,0.0253,0.1002,0.0772,FCC
2,8.3805,14.15,0.0255,0.1001,0.0887,FCC
2,8.2775,14,0.0257,0.1031,0.0873,FCC
2,8.226,13.925,0.0262,0.1038,0.0865,FCC
3,8.1745,13.85,0.0263,0.104,0.0857,FCC
2,8.3305,14.245,0.027,0.1045,0.0952,FCC
1,8.279,14.17,0.027,0.106,0.0943,FCC
4,8.2275,14.095,0.0271,0.107,0.0933,FCC
2,8.176,14.02,0.0273,0.1074,0.0923,FCC
4,8.332,14.415,0.0283,0.107,0.1008,FCC
3,8.2805,14.34,0.0283,0.1087,0.0997,FCC
4,8.229,14.265,0.028,0.1099,0.0986,FCC
2,8.1775,14.19,0.0283,0.1106,0.0974,FCC
1,8.3225,13.76,0.0225,0.0948,0.0674,FCC
3,8.271,13.685,0.0233,0.0952,0.067,FCC
4,8.2195,13.61,0.0235,0.095,0.0666,FCC
4,8.427,14.08,0.0231,0.0951,0.0798,FCC
2,8.3755,14.005,0.0234,0.0969,0.0793,FCC
4,8.324,13.93,0.0233,0.0981,0.0788,FCC
4,8.2725,13.855,0.024,0.0988,0.0782,FCC
3,8.221,13.78,0.0244,0.099,0.0776,FCC
3,8.1695,13.705,0.0243,0.0985,0.0769,FCC
3,8.274,14.025,0.0248,0.1022,0.087,FCC
1,8.2225,13.95,0.0253,0.1026,0.0862,FCC
3,8.3785,14.345,0.0259,0.1023,0.0957,FCC
3,8.327,14.27,0.026,0.104,0.0948,FCC
2,8.2755,14.195,0.0256,0.1052,0.0939,FCC
3,8.224,14.12,0.0262,0.1059,0.0929,FCC
3,8.38,14.515,0.0271,0.1047,0.1014,FCC
4,8.3285,14.44,0.0273,0.1066,0.1004,FCC
4,8.3705,13.86,0.021,0.0929,0.0675,FCC
4,8.319,13.785,0.0218,0.0936,0.0672,FCC
1,8.2675,13.71,0.0224,0.0937,0.0668,FCC
3,8.216,13.635,0.0226,0.0932,0.0663,FCC
3,8.4235,14.105,0.0223,0.0946,0.0796,FCC
3,8.372,14.03,0.0223,0.0961,0.0791,FCC
4,8.3205,13.955,0.0225,0.0971,0.0785,FCC
2,8.269,13.88,0.0232,0.0975,0.0779,FCC
1,8.2175,13.805,0.0234,0.0974,0.0773,FCC
3,8.425,14.275,0.0235,0.0974,0.0888,FCC
1,8.3735,14.2,0.0236,0.0991,0.0881,FCC
2,8.322,14.125,0.0232,0.1004,0.0874,FCC
4,8.2705,14.05,0.024,0.1011,0.0867,FCC
4,8.219,13.975,0.0243,0.1012,0.0858,FCC
3,8.1675,13.9,0.0242,0.1008,0.085,FCC
4,8.375,14.37,0.0249,0.1019,0.0953,FCC
1,8.3235,14.295,0.0247,0.1034,0.0945,FCC
1,8.272,14.22,0.0248,0.1043,0.0935,FCC
3,8.3765,14.54,0.0263,0.1044,0.101,FCC
3,8.2735,14.39,0.0255,0.1073,0.0988,FCC
4,8.47,14.035,0.0199,0.0892,0.0679,FCC
3,8.4185,13.96,0.0199,0.0908,0.0676,FCC
2,8.367,13.885,0.0201,0.0918,0.0673,FCC
1,8.3155,13.81,0.0211,0.0922,0.0669,FCC
4,8.264,13.735,0.0216,0.092,0.0665,FCC
2,8.42,14.13,0.0213,0.094,0.0793,FCC
3,8.3685,14.055,0.0209,0.0952,0.0788,FCC
3,8.317,13.98,0.0218,0.0959,0.0783,FCC
4,8.2655,13.905,0.0224,0.0961,0.0777,FCC
2,8.214,13.83,0.0225,0.0956,0.077,FCC
2,8.4215,14.3,0.0226,0.0969,0.0885,FCC
3,8.37,14.225,0.0223,0.0984,0.0878,FCC
3,8.3185,14.15,0.0224,0.0994,0.0871,FCC
4,8.267,14.075,0.0231,0.0998,0.0863,FCC
1,8.2155,14,0.0234,0.0997,0.0855,FCC
3,8.3715,14.395,0.0238,0.1013,0.095,FCC
1,8.32,14.32,0.0231,0.1026,0.0941,FCC
2,8.2685,14.245,0.0239,0.1033,0.0931,FCC
4,7.8765,14.095,0.0334,0.1253,0.0896,FCC
3,7.923,14.025,0.0318,0.1211,0.0816,FCC
3,7.8715,13.95,0.0311,0.1205,0.081,FCC
4,7.976,14.27,0.0328,0.1241,0.0908,FCC
4,7.9245,14.195,0.0328,0.1242,0.09,FCC
4,7.979,14.61,0.0346,0.1292,0.103,FCC
4,7.9275,14.535,0.0348,0.1299,0.1019,FCC
4,7.8775,14.63,0.0356,0.1328,0.1044,FCC
2,7.9195,14.05,0.0307,0.1197,0.0813,FCC
4,7.868,13.975,0.0299,0.1188,0.0807,FCC
2,7.9725,14.295,0.0319,0.1231,0.0905,FCC
4,7.921,14.22,0.0317,0.123,0.0897,FCC
3,8.0255,14.54,0.0323,0.1253,0.0981,FCC
4,7.974,14.465,0.0327,0.1259,0.0973,FCC
4,7.871,14.315,0.0322,0.1258,0.0954,FCC
3,7.924,14.56,0.0337,0.1289,0.1015,FCC
3,7.8725,14.485,0.0333,0.1289,0.1003,FCC
3,7.9255,14.73,0.0347,0.1316,0.1053,FCC
4,7.874,14.655,0.0344,0.1318,0.1039,FCC
4,7.9785,14.975,0.0354,0.1333,0.1093,FCC
4,7.927,14.9,0.0357,0.1341,0.1078,FCC
2,8.019,14.225,0.0299,0.1188,0.0822,FCC
2,7.9175,14.245,0.0306,0.1216,0.0894,FCC
4,8.125,14.715,0.0303,0.1224,0.0994,FCC
4,7.919,14.415,0.0316,0.1248,0.096,FCC
4,7.8675,14.34,0.031,0.1243,0.095,FCC
2,8.0155,14.25,0.0291,0.1176,0.0819,FCC
4,7.9125,14.1,0.0286,0.1164,0.0808,FCC
4,7.861,14.025,0.0276,0.1149,0.0801,FCC
4,8.0685,14.495,0.0293,0.1204,0.0912,FCC
2,8.017,14.42,0.0299,0.1207,0.0905,FCC
2,7.9655,14.345,0.03,0.1206,0.0898,FCC
1,7.914,14.27,0.0296,0.1201,0.0891,FCC
3,7.8625,14.195,0.0287,0.1189,0.0882,FCC
4,7.967,14.515,0.0308,0.1238,0.0965,FCC
3,7.9155,14.44,0.0306,0.1235,0.0956,FCC
2,7.864,14.365,0.0298,0.1227,0.0946,FCC
2,7.8655,14.535,0.0309,0.1261,0.0994,FCC
3,8.115,14.425,0.027,0.1161,0.0826,FCC
3,8.0635,14.35,0.0279,0.1164,0.0822,FCC
3,8.012,14.275,0.0283,0.1163,0.0817,FCC
2,7.9605,14.2,0.0281,0.1157,0.0811,FCC
4,7.909,14.125,0.0275,0.1145,0.0805,FCC
1,7.8575,14.05,0.0264,0.1127,0.0798,FCC
4,8.1165,14.595,0.0276,0.1188,0.0916,FCC
3,8.065,14.52,0.0286,0.1194,0.0909,FCC
4,8.0135,14.445,0.029,0.1196,0.0902,FCC
1,7.962,14.37,0.029,0.1192,0.0895,FCC
2,7.9105,14.295,0.0285,0.1184,0.0887,FCC
4,7.9635,14.54,0.0299,0.1225,0.0961,FCC
3,7.912,14.465,0.0295,0.122,0.0952,FCC
1,7.8605,14.39,0.0286,0.1209,0.0942,FCC
4,8.0165,14.785,0.0306,0.1254,0.1024,FCC
3,7.965,14.71,0.0308,0.1256,0.1013,FCC
4,7.9135,14.635,0.0305,0.1253,0.1002,FCC
2,8.1115,14.45,0.0264,0.1151,0.0824,FCC
3,8.06,14.375,0.0272,0.1152,0.0819,FCC
4,8.0085,14.3,0.0274,0.1148,0.0814,FCC
2,7.957,14.225,0.0272,0.1139,0.0808,FCC
1,7.9055,14.15,0.0264,0.1124,0.0802,FCC
3,7.854,14.075,0.0252,0.1103,0.0795,FCC
3,8.0615,14.545,0.0278,0.1184,0.0906,FCC
1,8.01,14.47,0.0282,0.1183,0.0899,FCC
3,7.9585,14.395,0.0281,0.1176,0.0892,FCC
2,7.907,14.32,0.0274,0.1165,0.0884,FCC
4,7.8555,14.245,0.0263,0.1148,0.0875,FCC
4,8.063,14.715,0.0285,0.1213,0.0976,FCC
3,8.0115,14.64,0.029,0.1215,0.0967,FCC
3,7.96,14.565,0.0289,0.1211,0.0958,FCC
1,7.9085,14.49,0.0284,0.1203,0.0948,FCC
2,8.0645,14.885,0.0292,0.1241,0.103,FCC
3,7.9615,14.735,0.0298,0.1244,0.1009,FCC
4,8.066,15.055,0.0298,0.1266,0.1072,FCC
4,8.1595,14.55,0.0247,0.1136,0.0826,FCC
4,8.108,14.475,0.0259,0.114,0.0822,FCC
4,8.0565,14.4,0.0265,0.1138,0.0817,FCC
4,8.005,14.325,0.0266,0.1131,0.0811,FCC
1,7.9535,14.25,0.0262,0.1119,0.0805,FCC
3,7.902,14.175,0.0253,0.1101,0.0799,FCC
2,8.058,14.57,0.0271,0.1172,0.0903,FCC
2,8.0065,14.495,0.0274,0.1168,0.0896,FCC
4,7.955,14.42,0.0271,0.1159,0.0888,FCC
3,7.9035,14.345,0.0263,0.1144,0.088,FCC
4,8.0595,14.74,0.0278,0.1203,0.0972,FCC
4,8.008,14.665,0.0281,0.1202,0.0963,FCC
2,7.9565,14.59,0.028,0.1196,0.0954,FCC
4,8.061,14.91,0.0285,0.1232,0.1026,FCC
2,8.0095,14.835,0.0289,0.1233,0.1016,FCC
1,7.675,15.44,0.0421,0.1521,0.1136,BCC+FCC
1,7.728,15.685,0.0428,0.1532,0.1157,BCC+FCC
1,7.781,15.93,0.0431,0.1535,0.1169,BCC+FCC
3,7.6125,14.54,0.035,0.1372,0.0925,FCC
4,7.5625,14.635,0.0347,0.1393,0.098,FCC
2,7.564,14.805,0.0359,0.1426,0.1028,FCC
4,7.617,15.05,0.0383,0.1464,0.1076,FCC
4,7.567,15.145,0.0383,0.1487,0.1085,FCC
1,7.7245,15.71,0.0419,0.1528,0.115,BCC+FCC
1,7.6745,15.805,0.043,0.1556,0.1119,BCC+FCC
2,7.559,14.66,0.0333,0.1374,0.0976,FCC
4,7.5605,14.83,0.0346,0.141,0.1023,FCC
4,7.562,15,0.0358,0.1442,0.1058,FCC
4,7.657,14.665,0.0339,0.135,0.0926,FCC
4,7.6055,14.59,0.0326,0.1335,0.0918,FCC
2,7.554,14.515,0.0308,0.1315,0.091,FCC
4,7.607,14.76,0.0337,0.1371,0.0982,FCC
3,7.6085,14.93,0.0348,0.1405,0.1031,FCC
2,7.557,14.855,0.0333,0.1391,0.1019,FCC
4,7.6535,14.69,0.0328,0.1332,0.0923,FCC
4,7.602,14.615,0.0314,0.1315,0.0915,FCC
2,7.5505,14.54,0.0295,0.1291,0.0907,FCC
4,7.6035,14.785,0.0325,0.1353,0.0978,FCC
4,7.552,14.71,0.0307,0.1333,0.0968,FCC
1,7.5535,14.88,0.032,0.1372,0.1014,FCC
4,7.6065,15.125,0.0347,0.1422,0.1061,FCC
2,7.7015,14.79,0.0327,0.1328,0.0927,FCC
1,7.547,14.565,0.0282,0.1265,0.0903,FCC
4,7.6515,14.885,0.0327,0.135,0.0983,FCC
4,7.6,14.81,0.0313,0.1332,0.0974,FCC
2,7.5485,14.735,0.0294,0.1309,0.0964,FCC
4,7.6465,14.74,0.0306,0.1292,0.0916,FCC
3,7.595,14.665,0.029,0.1268,0.0908,FCC
2,7.5435,14.59,0.0269,0.1237,0.0899,FCC
2,7.643,14.765,0.0296,0.1269,0.0913,FCC
4,7.696,15.01,0.0317,0.1328,0.0985,FCC
4,7.6445,14.935,0.0306,0.131,0.0976,FCC
1,7.357,15.105,0.04,0.1534,0.1023,BCC+FCC
1,7.3085,15.37,0.0406,0.1583,0.1099,BCC+FCC
1,7.3615,15.615,0.0433,0.162,0.1137,BCC+FCC
1,7.355,15.3,0.0399,0.1549,0.1069,BCC+FCC
1,7.511,15.695,0.0431,0.1591,0.1141,BCC+FCC
1,7.4595,15.62,0.0429,0.1591,0.113,BCC+FCC
1,7.3565,15.47,0.041,0.1579,0.1107,BCC+FCC
1,7.506,15.55,0.0415,0.1558,0.1095,BCC+FCC
1,7.4545,15.475,0.0411,0.1554,0.1085,BCC+FCC
1,7.4975,15.43,0.0391,0.1506,0.1034,BCC+FCC
1,7.0945,15.72,0.0427,0.1646,0.1099,BCC+FCC
1,7.043,15.645,0.0404,0.1625,0.1088,BCC+FCC
1,7.091,15.745,0.0415,0.1627,0.1095,BCC+FCC
4,8.2485,13.925,0.0387,0.1731,0.1762,FCC
2,7.957,14.035,0.0344,0.1501,0.1037,FCC
4,8.01,14.28,0.0362,0.1529,0.109,FCC
1,7.508,13.24,0.0423,0.1922,0.0919,BCC+FCC
3,7.952,13.89,0.0321,0.1458,0.098,FCC
1,7.836,14.055,0.0411,0.1806,0.1107,BCC+FCC
4,8.005,14.135,0.0342,0.1493,0.1043,FCC
1,7.889,14.3,0.0431,0.1834,0.1163,BCC+FCC
1,7.942,14.545,0.0443,0.1853,0.1212,BCC+FCC
4,7.947,13.745,0.0298,0.1408,0.0908,FCC
4,8,13.99,0.0321,0.1452,0.0985,FCC
1,7.884,14.155,0.0412,0.1801,0.1111,BCC+FCC
1,7.937,14.4,0.0427,0.1826,0.1169,BCC+FCC
2,7.995,13.845,0.03,0.1405,0.0912,FCC
4,8.048,14.09,0.0318,0.1445,0.0989,FCC
1,7.665,14.96,0.0455,0.1752,0.1167,BCC+FCC
1,7.66,14.815,0.043,0.1721,0.1156,BCC+FCC
1,7.713,15.06,0.0452,0.1742,0.1178,BCC+FCC
1,7.428,14.2,0.0402,0.1881,0.1116,BCC+FCC
1,7.809,15.26,0.0438,0.1721,0.12,BCC+FCC
1,7.254,13.975,0.0484,0.207,0.111,BCC+FCC
1,7.751,14.87,0.0405,0.1672,0.115,BCC+FCC
1,7.524,14.4,0.0423,0.1883,0.1126,BCC+FCC
1,7.577,14.645,0.0453,0.1924,0.1181,BCC+FCC
1,7.244,13.685,0.0461,0.1944,0.0945,BCC+FCC
1,7.398,14.275,0.0504,0.2085,0.1117,BCC+FCC
1,7.62,14.6,0.044,0.1882,0.1135,BCC+FCC
1,7.111,14.4,0.043,0.1855,0.1078,BCC+FCC
1,7.439,15.215,0.0421,0.1767,0.1167,BCC+FCC
1,7.202,14.455,0.0431,0.1806,0.1014,BCC+FCC
1,7.255,14.7,0.0449,0.188,0.1089,BCC+FCC
1,6.799,14.745,0.0451,0.1847,0.1098,BCC+FCC
1,6.805,15.615,0.0433,0.1726,0.1126,BCC+FCC
3,8.161,13.89,0.0374,0.1813,0.203,FCC
4,8.151,13.6,0.0328,0.1736,0.1905,FCC
4,8.146,13.455,0.0305,0.1689,0.1834,FCC
4,8.199,13.7,0.0333,0.1733,0.1902,FCC
3,7.839,13.945,0.0337,0.1802,0.1919,FCC
2,7.892,14.19,0.0367,0.1852,0.1982,FCC
3,7.887,14.045,0.0344,0.1804,0.1917,FCC
3,8.556,13.56,0.0355,0.2065,0.2137,FCC
4,8.551,13.415,0.0332,0.2027,0.2067,FCC
4,8.657,13.905,0.0386,0.2088,0.2197,FCC
4,8.086,14.04,0.0322,0.1336,0.1157,FCC
1,7.623,12.705,0.0467,0.1833,0.1313,BCC+FCC
4,7.799,13.055,0.0343,0.1551,0.1174,FCC
4,7.993,13.72,0.0351,0.1494,0.1234,FCC
2,8.081,13.895,0.0301,0.1291,0.1097,FCC
4,8.046,13.965,0.0369,0.1531,0.1301,FCC
4,7.847,13.155,0.0348,0.1556,0.1172,FCC
3,7.935,13.33,0.0303,0.1383,0.1071,FCC
4,7.988,13.575,0.033,0.1443,0.1158,FCC
4,8.129,13.995,0.0297,0.1284,0.11,FCC
4,8.094,14.065,0.0364,0.1524,0.1303,FCC
1,7.842,15.065,0.0427,0.1595,0.1318,BCC+FCC
3,7.731,14.43,0.0363,0.1504,0.1218,FCC
1,7.351,13.125,0.0428,0.1693,0.1276,BCC+FCC
3,7.721,14.14,0.0312,0.1398,0.1114,FCC
2,7.774,14.385,0.0342,0.1452,0.1176,FCC
1,7.716,13.995,0.0287,0.1333,0.1045,FCC
2,7.769,14.24,0.0319,0.1398,0.1117,FCC
2,7.822,14.485,0.0344,0.1448,0.118,FCC
3,7.623,13.675,0.0323,0.1436,0.1094,FCC
4,7.764,14.095,0.0296,0.1336,0.1048,FCC
4,7.87,14.585,0.0343,0.1443,0.1184,FCC
4,7.923,14.83,0.0356,0.1478,0.1239,FCC
4,8.1005,14.465,0.0272,0.11,0.1118,FCC
2,8.0955,14.32,0.0249,0.104,0.1074,FCC
4,8.1485,14.565,0.0267,0.1091,0.1125,FCC
2,8.0905,14.175,0.0226,0.0969,0.102,FCC
3,8.1435,14.42,0.0246,0.1033,0.108,FCC
2,7.7835,14.665,0.0259,0.1155,0.1094,FCC
4,7.7785,14.52,0.0234,0.1074,0.1041,FCC
1,7.9265,14.155,0.0516,0.2073,0.1115,BCC+FCC
1,7.835,14.655,0.0472,0.1903,0.1099,BCC+FCC
1,7.833,14.85,0.0472,0.1915,0.1165,BCC+FCC
1,7.8295,14.875,0.0467,0.191,0.1162,BCC+FCC
1,7.823,14.56,0.0453,0.1862,0.1013,BCC+FCC
1,7.76,15.76,0.0461,0.1794,0.1277,BCC+FCC
1,7.301,14.675,0.0604,0.2224,0.1075,BCC+FCC
1,7.745,15.325,0.0433,0.1738,0.1142,BCC+FCC
1,7.7315,15.06,0.041,0.1671,0.0996,BCC+FCC
1,7.733,15.23,0.0414,0.1695,0.1072,BCC+FCC
1,7.211,15.345,0.057,0.2084,0.114,BCC+FCC
1,7.2075,15.37,0.0563,0.2071,0.1139,BCC+FCC
1,7.428,15.525,0.048,0.1817,0.1098,BCC+FCC
1,7.204,15.395,0.0556,0.2056,0.1137,BCC+FCC
1,7.421,15.575,0.0468,0.1791,0.1093,BCC+FCC
1,7.4225,15.745,0.0474,0.1818,0.1153,BCC+FCC
1,8.032,13.425,0.0507,0.1871,0.1325,BCC+FCC
4,8.2955,13.855,0.0323,0.1444,0.1065,FCC
1,7.861,14.19,0.0497,0.1833,0.1359,BCC+FCC
1,7.8575,14.215,0.0491,0.1824,0.1359,BCC+FCC
1,7.8475,13.925,0.0468,0.1755,0.1177,BCC+FCC
1,7.6865,14.98,0.0481,0.1786,0.1355,BCC+FCC
1,7.6845,15.175,0.048,0.1799,0.1413,BCC+FCC
1,7.681,15.2,0.0474,0.179,0.1412,BCC+FCC
1,7.535,14.635,0.0515,0.1873,0.1376,BCC+FCC
1,7.3795,15.47,0.0541,0.1916,0.1433,BCC+FCC
1,7.376,15.495,0.0534,0.1905,0.1431,BCC+FCC
1,8.076,17.075,0.0351,0.1229,0.1847,FCC
1,8.1475,17.02,0.0348,0.1265,0.1754,FCC
4,8.2945,12.955,0.0345,0.1596,0.1327,FCC
3,8.243,12.88,0.0332,0.1586,0.1332,FCC
3,8.291,12.98,0.0335,0.1582,0.1328,FCC
3,8.2395,12.905,0.032,0.157,0.1333,FCC
3,8.3905,13.155,0.034,0.1583,0.1319,FCC
3,8.339,13.08,0.0335,0.1577,0.1324,FCC
2,8.2875,13.005,0.0324,0.1567,0.1329,FCC
1,8.4385,13.255,0.0334,0.1576,0.1315,FCC
4,8.387,13.18,0.0332,0.1572,0.132,FCC
2,8.3355,13.105,0.0325,0.1564,0.1325,FCC
4,8.2325,12.955,0.0296,0.1534,0.1335,FCC
4,8.4865,13.355,0.0325,0.1567,0.1311,FCC
1,8.435,13.28,0.0327,0.1565,0.1316,FCC
4,8.3835,13.205,0.0324,0.1559,0.1321,FCC
2,8.332,13.13,0.0316,0.1548,0.1326,FCC
2,8.483,13.38,0.0319,0.1557,0.1312,FCC
3,8.4315,13.305,0.032,0.1553,0.1317,FCC
4,8.056,13.31,0.0321,0.1379,0.058,FCC
4,8.0045,13.235,0.0313,0.137,0.058,FCC
3,8.001,13.26,0.0303,0.1353,0.0578,FCC
4,8.152,13.51,0.0307,0.1363,0.0576,FCC
4,8.1005,13.435,0.0307,0.1358,0.0577,FCC
4,8.049,13.36,0.0302,0.1349,0.0577,FCC
2,7.9975,13.285,0.0292,0.1335,0.0577,FCC
3,8.1485,13.535,0.0299,0.135,0.0575,FCC
4,8.097,13.46,0.0298,0.1343,0.0576,FCC
3,8.0455,13.385,0.0292,0.1332,0.0576,FCC
3,7.994,13.31,0.0281,0.1315,0.0576,FCC
1,8.1965,13.635,0.029,0.1342,0.0573,FCC
2,8.145,13.56,0.0292,0.1337,0.0574,FCC
4,8.0935,13.485,0.029,0.1327,0.0575,FCC
2,8.042,13.41,0.0283,0.1313,0.0575,FCC
1,7.26,13.39,0.0486,0.2033,0.0844,BCC+FCC
1,7.58,13.72,0.0435,0.183,0.0805,BCC+FCC
1,7.2975,13.565,0.0474,0.1968,0.084,BCC+FCC
1,7.445,13.84,0.0499,0.2013,0.0837,BCC+FCC
1,7.342,13.69,0.0475,0.1952,0.0838,BCC+FCC
1,7.2905,13.615,0.0462,0.1913,0.0838,BCC+FCC
1,7.1005,14.155,0.0553,0.2154,0.0979,BCC+FCC
1,7.2695,14.235,0.0468,0.1918,0.0941,BCC+FCC
1,6.994,14.03,0.0516,0.2066,0.0976,BCC+FCC
1,7.417,14.51,0.0497,0.1939,0.0944,BCC+FCC
1,7.586,14.59,0.0415,0.1659,0.0902,BCC+FCC
1,6.9905,14.055,0.0509,0.2038,0.0975,BCC+FCC
1,7.3105,14.385,0.0462,0.1881,0.0939,BCC+FCC
1,7.1895,14.405,0.0554,0.2124,0.0977,BCC+FCC
1,7.3585,14.485,0.0468,0.1885,0.094,BCC+FCC
1,7.458,14.66,0.0488,0.1907,0.0942,BCC+FCC
1,7.6785,14.815,0.0405,0.1638,0.0902,BCC+FCC
1,7.355,14.51,0.0462,0.1865,0.0938,BCC+FCC
1,6.566,14.54,0.0607,0.2329,0.1125,BCC+FCC
1,6.9555,14.775,0.0496,0.1962,0.105,BCC+FCC
1,7.327,15.18,0.0465,0.1782,0.1018,BCC+FCC
1,7.1725,14.955,0.0419,0.1718,0.1003,BCC+FCC
1,7.1545,15.125,0.0541,0.2026,0.1059,BCC+FCC
1,7.375,15.28,0.0468,0.178,0.102,BCC+FCC
1,7.3235,15.205,0.0457,0.1766,0.1015,BCC+FCC
1,7,14.9,0.0497,0.1945,0.105,BCC+FCC
1,7.1175,14.905,0.0401,0.1659,0.0995,BCC+FCC
1,7.32,15.23,0.0448,0.1748,0.1013,BCC+FCC
1,7.217,15.08,0.0419,0.17,0.1004,BCC+FCC
1,7.1475,15.175,0.0527,0.1988,0.1056,BCC+FCC
1,7.096,15.1,0.0512,0.1961,0.1053,BCC+FCC
1,7.162,15.03,0.0401,0.164,0.0996,BCC+FCC
1,6.8245,15.295,0.0469,0.1854,0.1095,BCC+FCC
1,6.7695,15.245,0.0447,0.1792,0.1085,BCC+FCC
1,6.972,15.57,0.0499,0.189,0.1109,BCC+FCC
1,6.9205,15.495,0.0484,0.1866,0.1103,BCC+FCC
1,6.869,15.42,0.0469,0.1837,0.1096,BCC+FCC
1,6.7145,15.195,0.0425,0.1715,0.1074,BCC+FCC
1,6.9685,15.595,0.0492,0.1871,0.1106,BCC+FCC
1,6.917,15.52,0.0477,0.1844,0.11,BCC+FCC
1,6.814,15.37,0.0447,0.1774,0.1086,BCC+FCC
1,6.7625,15.295,0.0432,0.173,0.1079,BCC+FCC
1,6.711,15.22,0.0418,0.1679,0.1071,BCC+FCC
1,7.068,15.77,0.0515,0.1894,0.1115,BCC+FCC
1,6.7075,15.245,0.041,0.164,0.1067,BCC+FCC
1,6.91,15.57,0.0463,0.1794,0.1094,BCC+FCC
1,6.8585,15.495,0.0448,0.1756,0.1087,BCC+FCC
1,6.807,15.42,0.0433,0.1711,0.108,BCC+FCC
1,7.0095,15.745,0.0485,0.1832,0.1104,BCC+FCC
1,6.9065,15.595,0.0455,0.1767,0.1092,BCC+FCC
1,6.855,15.52,0.0441,0.1725,0.1084,BCC+FCC
1,7.0575,15.845,0.0493,0.1837,0.1108,BCC+FCC
1,7.006,15.77,0.0478,0.1809,0.1102,BCC+FCC
1,6.903,15.62,0.0448,0.1738,0.1089,BCC+FCC
4,8.164,12.965,0.0355,0.1722,0.1664,FCC
4,8.212,13.065,0.0357,0.1717,0.1659,FCC
4,8.26,13.165,0.0357,0.1711,0.1655,FCC
3,8.157,13.015,0.0331,0.1693,0.1666,FCC
4,8.308,13.265,0.0354,0.1705,0.165,FCC
3,8.1535,13.04,0.0319,0.1677,0.1668,FCC
3,8.356,13.365,0.0348,0.1698,0.1646,FCC
2,8.3045,13.29,0.0345,0.1694,0.1652,FCC
3,8.253,13.215,0.0338,0.1687,0.1658,FCC
3,8.2015,13.14,0.0325,0.1676,0.1663,FCC
4,8.404,13.465,0.0341,0.1689,0.1641,FCC
2,8.3525,13.39,0.0341,0.1688,0.1647,FCC
1,8.301,13.315,0.0337,0.1682,0.1653,FCC
3,8.198,13.165,0.0314,0.1659,0.1665,FCC
2,8.452,13.565,0.033,0.168,0.1636,FCC
1,8.4005,13.49,0.0335,0.168,0.1642,FCC
2,8.349,13.415,0.0334,0.1677,0.1649,FCC
3,8.2975,13.34,0.0329,0.1669,0.1655,FCC
1,8.246,13.265,0.0319,0.1658,0.166,FCC
4,8.1945,13.19,0.0303,0.1642,0.1666,FCC
3,7.843,13.555,0.0337,0.1774,0.177,FCC
3,7.891,13.655,0.0345,0.1777,0.1766,FCC
4,7.8395,13.58,0.0334,0.1753,0.1771,FCC
3,7.8875,13.68,0.0338,0.1757,0.1767,FCC
4,7.836,13.605,0.033,0.1731,0.1771,FCC
4,8.5655,12.95,0.0369,0.2041,0.1902,FCC
4,8.61,13.075,0.0365,0.2026,0.1899,FCC
4,8.6065,13.1,0.0354,0.2014,0.19,FCC
3,8.555,13.025,0.0334,0.2002,0.1906,FCC
4,8.603,13.125,0.0343,0.2001,0.1902,FCC
3,8.5515,13.05,0.0322,0.1987,0.1908,FCC
1,7.5895,12.14,0.0481,0.1875,0.1073,BCC+FCC
1,7.6375,12.24,0.0489,0.1882,0.1067,BCC+FCC
1,7.586,12.165,0.0474,0.1849,0.1076,BCC+FCC
1,7.483,12.015,0.0445,0.1767,0.1093,BCC+FCC
4,7.6225,12.265,0.0403,0.168,0.103,FCC
4,7.9015,12.765,0.0334,0.1415,0.085,FCC
4,8.041,13.015,0.0307,0.1224,0.0715,FCC
3,8.001,12.94,0.0354,0.1429,0.0842,FCC
3,7.898,12.79,0.0321,0.1393,0.085,FCC
2,8.049,13.04,0.0354,0.1425,0.0838,FCC
4,7.9975,12.965,0.0343,0.1412,0.0842,FCC
3,8.137,13.215,0.0299,0.1209,0.0711,FCC
4,7.8945,12.815,0.0308,0.137,0.085,FCC
3,8.034,13.065,0.0283,0.1185,0.0714,FCC
3,8.185,13.315,0.0292,0.12,0.0708,FCC
4,7.994,12.99,0.0333,0.1393,0.0843,FCC
3,8.082,13.165,0.0283,0.1181,0.0712,FCC
1,7.4725,12.09,0.0423,0.1657,0.1098,BCC+FCC
4,8.145,13.24,0.0345,0.1412,0.083,FCC
4,8.233,13.415,0.0282,0.119,0.0706,FCC
1,7.6235,12.34,0.046,0.1775,0.1075,BCC+FCC
4,8.042,13.09,0.0335,0.1391,0.0839,FCC
1,7.572,12.265,0.0446,0.173,0.1084,BCC+FCC
4,8.13,13.265,0.028,0.1176,0.071,FCC
4,8.193,13.34,0.0337,0.1405,0.0825,FCC
3,8.281,13.515,0.0269,0.1178,0.0703,FCC
1,8.2295,13.44,0.0275,0.1176,0.0705,FCC
4,8.0385,13.115,0.0325,0.1371,0.084,FCC
2,8.178,13.365,0.0275,0.1169,0.0708,FCC
4,7.796,12.715,0.0334,0.1463,0.0951,FCC
3,7.9355,12.965,0.0292,0.1323,0.0848,FCC
4,8.075,13.215,0.0262,0.1138,0.0711,FCC
2,8.1895,13.365,0.0331,0.1392,0.0826,FCC
3,8.329,13.615,0.0254,0.1166,0.0699,FCC
2,8.138,13.29,0.0331,0.1383,0.0831,FCC
4,8.2775,13.54,0.0263,0.1166,0.0703,FCC
1,7.5285,12.215,0.0491,0.1826,0.1117,BCC+FCC
4,8.0865,13.215,0.0326,0.1369,0.0836,FCC
4,8.226,13.465,0.0267,0.1161,0.0705,FCC
4,8.035,13.14,0.0315,0.135,0.084,FCC
4,8.1745,13.39,0.0267,0.1151,0.0707,FCC
3,8.123,13.315,0.0261,0.1135,0.0709,FCC
4,7.932,12.99,0.0281,0.1295,0.0848,FCC
3,8.0715,13.24,0.0251,0.1113,0.071,FCC
1,7.4185,12.905,0.0472,0.184,0.1163,BCC+FCC
4,7.734,13.505,0.0341,0.1388,0.0874,FCC
4,7.591,13.28,0.0342,0.1522,0.0998,FCC
2,7.7305,13.53,0.0328,0.1368,0.0873,FCC
4,7.7785,13.63,0.0333,0.1366,0.0873,FCC
1,7.4595,13.055,0.0465,0.1797,0.1161,BCC+FCC
4,7.775,13.655,0.0321,0.1346,0.0872,FCC
1,7.75,13.555,0.0459,0.1732,0.1074,BCC+FCC
1,7.647,13.405,0.0425,0.1692,0.1083,BCC+FCC
4,7.8745,13.83,0.0336,0.136,0.0871,FCC
4,7.6835,13.505,0.0355,0.1506,0.0994,FCC
4,7.823,13.755,0.0325,0.1345,0.0871,FCC
3,7.7715,13.68,0.031,0.1324,0.0871,FCC
4,7.72,13.605,0.0289,0.1297,0.0869,FCC
1,7.7465,13.58,0.0451,0.1715,0.1075,BCC+FCC
4,7.974,14.005,0.0336,0.1364,0.087,FCC
4,7.871,13.855,0.0326,0.1342,0.0871,FCC
3,7.8195,13.78,0.0315,0.1324,0.087,FCC
3,7.768,13.705,0.0298,0.13,0.0869,FCC
4,7.577,13.38,0.0318,0.1409,0.0997,FCC
4,7.7165,13.63,0.0276,0.1269,0.0868,FCC
1,7.743,13.605,0.0443,0.1696,0.1075,BCC+FCC
2,8.022,14.105,0.0327,0.1356,0.0869,FCC
4,7.9705,14.03,0.0328,0.135,0.0869,FCC
2,7.919,13.955,0.0325,0.1339,0.087,FCC
2,7.8675,13.88,0.0317,0.1323,0.087,FCC
2,7.816,13.805,0.0304,0.1301,0.0869,FCC
4,7.7645,13.73,0.0286,0.1273,0.0868,FCC
4,7.967,14.055,0.0321,0.1334,0.0869,FCC
2,7.864,13.905,0.0307,0.1301,0.0869,FCC
4,7.8125,13.83,0.0293,0.1276,0.0868,FCC
4,7.6215,13.505,0.0318,0.1387,0.0995,FCC
2,7.761,13.755,0.0274,0.1245,0.0867,FCC
1,7.2475,13.67,0.0463,0.1805,0.1214,BCC+FCC
1,7.387,13.92,0.0417,0.169,0.1121,BCC+FCC
1,7.531,14.22,0.0446,0.1693,0.1117,BCC+FCC
1,7.2885,13.82,0.0456,0.1761,0.1213,BCC+FCC
1,7.579,14.32,0.045,0.1692,0.1115,BCC+FCC
1,7.5275,14.245,0.0436,0.1675,0.1117,BCC+FCC
1,7.4725,14.195,0.0409,0.1631,0.1117,BCC+FCC
1,7.0905,13.545,0.0456,0.172,0.1294,BCC+FCC
1,7.6235,14.445,0.0445,0.1674,0.1114,BCC+FCC
1,7.5685,14.395,0.0425,0.1637,0.1115,BCC+FCC
1,7.0365,14.36,0.0515,0.1907,0.132,BCC+FCC
1,6.93,14.235,0.0472,0.1796,0.1322,BCC+FCC
1,7.081,14.485,0.0516,0.189,0.1319,BCC+FCC
1,7.2205,14.735,0.0476,0.1786,0.1226,BCC+FCC
1,7.257,14.835,0.0398,0.161,0.1106,BCC+FCC
1,7.2685,14.835,0.0484,0.1789,0.1226,BCC+FCC
1,7.026,14.435,0.049,0.1824,0.132,BCC+FCC
1,7.1255,14.61,0.0516,0.1873,0.1317,BCC+FCC
1,7.162,14.71,0.0447,0.1707,0.1224,BCC+FCC
1,7.3495,15.06,0.0409,0.1594,0.1108,BCC+FCC
1,7.1185,14.66,0.05,0.1819,0.1317,BCC+FCC
1,7.855,15.91,0.0294,0.1146,0.1716,FCC
1,7.8755,15.415,0.0285,0.1118,0.1603,FCC
1,7.824,15.34,0.0255,0.1079,0.1593,FCC
1,8.006,16.16,0.0345,0.1204,0.1744,FCC
1,7.831,16.43,0.0289,0.1138,0.1807,FCC
1,7.7795,16.355,0.0262,0.109,0.1794,FCC
1,7.9235,15.515,0.0295,0.1121,0.1609,FCC
1,8.03,16.78,0.0351,0.1211,0.1847,FCC
1,8.1225,15.865,0.0328,0.1161,0.1638,FCC
1,7.927,16.63,0.0314,0.1153,0.1823,FCC
1,7.999,16.21,0.0321,0.1155,0.1737,FCC
1,7.8035,16.975,0.0277,0.1083,0.1876,FCC
1,7.8755,16.555,0.0288,0.1112,0.1811,FCC
1,7.9475,16.135,0.0302,0.1124,0.1726,FCC
1,8.0915,15.295,0.0305,0.1109,0.1493,FCC
4,7.8445,15.985,0.0248,0.1038,0.1704,FCC
1,7.9955,16.235,0.0309,0.1128,0.1733,FCC
1,8.088,15.32,0.0294,0.1086,0.149,FCC
1,7.8925,16.085,0.0263,0.1049,0.1711,FCC
4,7.9645,15.665,0.0276,0.1063,0.1608,FCC
1,7.913,15.59,0.0252,0.1022,0.1598,FCC
2,8.098,13.76,0.024,0.0947,0.0882,FCC
1,7.951,17.25,0.0325,0.1153,0.1909,FCC
1,7.992,16.26,0.0297,0.1098,0.1729,FCC
1,8.136,15.42,0.0293,0.1082,0.1495,FCC
1,7.8685,16.605,0.0263,0.1033,0.1802,FCC
1,8.0845,15.345,0.0284,0.1062,0.1487,FCC
4,8.146,13.86,0.0238,0.0941,0.0884,FCC
3,8.0945,13.785,0.0228,0.092,0.088,FCC
2,8.194,13.96,0.0233,0.0934,0.0886,FCC
3,8.091,13.81,0.0216,0.089,0.0877,FCC
4,8.3965,14.285,0.0204,0.0931,0.0897,FCC
3,8.139,13.91,0.0216,0.0888,0.088,FCC
4,8.0875,13.835,0.0204,0.0857,0.0875,FCC
1,7.613,16.03,0.0296,0.124,0.1634,FCC
1,7.445,17.39,0.0275,0.1135,0.1849,FCC
1,7.565,17.07,0.0304,0.1206,0.181,FCC
1,7.637,16.65,0.0312,0.1237,0.1739,FCC
1,7.5855,16.575,0.0292,0.1188,0.1726,FCC
1,7.606,16.08,0.0278,0.1169,0.1625,FCC
4,7.4825,16.425,0.0253,0.1059,0.1699,FCC
4,7.5545,16.005,0.026,0.1113,0.1613,FCC
1,7.7365,16.825,0.0347,0.1284,0.176,FCC
1,7.582,16.6,0.0283,0.1147,0.1722,FCC
1,7.726,15.76,0.0298,0.1199,0.1521,FCC
1,7.661,17.27,0.0327,0.1233,0.1829,FCC
1,7.21,17.46,0.0312,0.1289,0.1792,FCC
1,7.251,16.47,0.0301,0.1268,0.1634,FCC
1,7.227,16.99,0.0297,0.1233,0.1717,FCC
1,7.5215,14.22,0.0411,0.1967,0.1313,BCC+FCC
1,7.388,12.21,0.0441,0.1739,0.1046,BCC+FCC
1,7.307,12.305,0.0466,0.1855,0.0985,BCC+FCC
1,7.348,12.135,0.0488,0.1861,0.109,BCC+FCC
1,7.484,12.41,0.0456,0.178,0.1035,BCC+FCC
1,6.925,13.76,0.0494,0.191,0.1168,BCC+FCC
1,7.054,13.765,0.048,0.1819,0.1232,BCC+FCC
1,7.142,13.94,0.0437,0.1711,0.1143,BCC+FCC
1,6.802,14.625,0.0494,0.19,0.1171,BCC+FCC
1,7.3085,13.365,0.0487,0.2016,0.1033,BCC+FCC
1,7.0495,13.955,0.0517,0.2081,0.1148,BCC+FCC
1,7.2185,14.035,0.0453,0.1875,0.1114,BCC+FCC
1,7.1285,14.705,0.0419,0.1723,0.1169,BCC+FCC
4,7.086,16.74,0.0332,0.1516,0.241,FCC
4,7.174,16.915,0.0309,0.1426,0.2303,FCC
1,7.6255,13.6,0.0543,0.1982,0.1078,BCC+FCC
1,7.622,13.625,0.0536,0.1964,0.108,BCC+FCC
1,7.2835,15.13,0.0524,0.1913,0.1148,BCC+FCC
1,7.28,15.155,0.0517,0.1895,0.1147,BCC+FCC
1,7.6795,15.035,0.048,0.1855,0.1312,BCC+FCC
1,7.7515,14.615,0.0469,0.1844,0.1092,BCC+FCC
1,7.4555,14.905,0.054,0.2068,0.1341,BCC+FCC
1,7.748,14.64,0.0463,0.1831,0.1091,BCC+FCC
1,7.4375,15.155,0.0508,0.1927,0.1191,BCC+FCC
1,7.7705,14.2,0.0467,0.1719,0.1325,BCC+FCC
1,8.0085,13.21,0.0479,0.1638,0.1005,BCC+FCC
1,8.01,13.38,0.049,0.166,0.1005,BCC+FCC
1,7.9755,13.1,0.0519,0.1748,0.0989,BCC+FCC
4,7.794,13.715,0.0364,0.1367,0.0892,FCC
1,7.906,14.885,0.0441,0.1508,0.1097,BCC+FCC
1,7.814,13.85,0.0426,0.1526,0.1008,BCC+FCC
1,7.9185,14.17,0.0443,0.1544,0.1069,BCC+FCC
1,7.9715,14.415,0.0446,0.1553,0.1108,BCC+FCC
1,7.817,14.19,0.0448,0.1575,0.1062,BCC+FCC
1,7.87,14.435,0.0463,0.1592,0.1087,BCC+FCC
1,7.767,14.285,0.0451,0.1599,0.1049,BCC+FCC
1,7.8825,13.72,0.0469,0.1619,0.1028,BCC+FCC
1,7.781,13.74,0.0466,0.1642,0.1034,BCC+FCC
1,7.834,13.985,0.0484,0.1665,0.1069,BCC+FCC
1,7.731,13.835,0.0465,0.1663,0.1034,BCC+FCC
1,7.94,14.475,0.0499,0.1687,0.1111,BCC+FCC
1,7.7855,14.25,0.0499,0.171,0.1046,BCC+FCC
1,7.7965,13.365,0.0496,0.1706,0.1011,BCC+FCC
1,7.745,13.29,0.0484,0.17,0.0998,BCC+FCC
1,7.6935,13.215,0.0466,0.169,0.0984,BCC+FCC
1,7.642,13.14,0.0444,0.1676,0.097,BCC+FCC
1,7.901,13.685,0.0514,0.1728,0.107,BCC+FCC
1,7.798,13.535,0.0506,0.173,0.1042,BCC+FCC
1,7.695,13.385,0.0479,0.1719,0.101,BCC+FCC
1,7.851,13.78,0.0521,0.1752,0.1076,BCC+FCC
1,7.7995,13.705,0.0516,0.1753,0.1059,BCC+FCC
1,7.6965,13.555,0.0491,0.1745,0.1023,BCC+FCC
1,7.904,14.025,0.0529,0.1765,0.1101,BCC+FCC
1,7.7495,13.8,0.0517,0.1774,0.1042,BCC+FCC
1,7.709,12.84,0.0501,0.175,0.0952,BCC+FCC
1,7.5545,12.615,0.0432,0.169,0.0913,BCC+FCC
1,7.6075,12.86,0.0467,0.1748,0.0962,BCC+FCC
1,7.7635,13.255,0.0538,0.1812,0.1034,BCC+FCC
1,7.712,13.18,0.0524,0.1805,0.1018,BCC+FCC
1,7.5575,12.955,0.0452,0.1761,0.0965,BCC+FCC
1,7.662,13.275,0.0517,0.1822,0.1011,BCC+FCC
1,7.6105,13.2,0.0494,0.1809,0.099,BCC+FCC
1,7.559,13.125,0.0466,0.1793,0.0969,BCC+FCC
1,7.5715,12.41,0.0485,0.1781,0.0922,BCC+FCC
1,7.523,12.675,0.0483,0.1826,0.0953,BCC+FCC
1,7.4715,12.6,0.0463,0.1799,0.0933,BCC+FCC
4,7.482,14.06,0.0366,0.1466,0.0916,FCC
1,7.588,14.55,0.0425,0.1553,0.1044,BCC+FCC
1,7.538,14.645,0.0423,0.1575,0.1067,BCC+FCC
1,7.7455,15.115,0.0451,0.1591,0.1146,BCC+FCC
1,7.5395,14.815,0.0435,0.1602,0.1088,BCC+FCC
1,7.6955,15.21,0.0463,0.1618,0.1148,BCC+FCC
1,7.8,15.53,0.0456,0.1611,0.1187,BCC+FCC
1,7.7485,15.455,0.0467,0.1625,0.1169,BCC+FCC
1,7.697,15.38,0.0472,0.1637,0.1151,BCC+FCC
1,7.594,15.23,0.0469,0.165,0.1112,BCC+FCC
1,7.853,15.775,0.0446,0.1605,0.1201,BCC+FCC
1,7.605,14.345,0.0465,0.1646,0.1051,BCC+FCC
1,7.5535,14.27,0.0453,0.164,0.104,BCC+FCC
1,7.658,14.59,0.048,0.1671,0.11,BCC+FCC
1,7.5035,14.365,0.0449,0.1659,0.106,BCC+FCC
1,7.5565,14.61,0.0476,0.1692,0.1095,BCC+FCC
1,7.764,15.08,0.049,0.1695,0.117,BCC+FCC
1,7.7125,15.005,0.0496,0.1705,0.1154,BCC+FCC
1,7.508,14.875,0.0486,0.1737,0.1076,BCC+FCC
1,7.4145,13.67,0.0425,0.1656,0.0969,BCC+FCC
1,7.416,13.84,0.0439,0.1691,0.101,BCC+FCC
1,7.6235,14.31,0.0515,0.1758,0.1094,BCC+FCC
1,7.625,14.48,0.0524,0.1779,0.1117,BCC+FCC
1,7.5735,14.405,0.0517,0.1778,0.1102,BCC+FCC
1,7.419,14.18,0.0465,0.1753,0.1051,BCC+FCC
1,7.6265,14.65,0.0533,0.18,0.1128,BCC+FCC
1,7.575,14.575,0.0527,0.1801,0.111,BCC+FCC
1,7.369,14.275,0.0453,0.1768,0.103,BCC+FCC
1,7.475,14.765,0.0524,0.1841,0.1033,BCC+FCC
1,7.43,13.295,0.0464,0.1714,0.0923,BCC+FCC
1,7.3785,13.22,0.0446,0.1688,0.0913,BCC+FCC
1,7.483,13.54,0.05,0.1766,0.0989,BCC+FCC
1,7.536,13.785,0.0528,0.1807,0.1043,BCC+FCC
1,7.3815,13.56,0.0462,0.176,0.1004,BCC+FCC
1,7.4345,13.805,0.0501,0.181,0.1044,BCC+FCC
1,7.5905,14.2,0.0558,0.1861,0.1108,BCC+FCC
1,7.436,13.975,0.0513,0.1839,0.1058,BCC+FCC
1,7.333,13.825,0.046,0.1805,0.102,BCC+FCC
1,7.595,14.71,0.0585,0.1921,0.1091,BCC+FCC
1,7.397,13.185,0.0507,0.1814,0.0974,BCC+FCC
1,7.3985,13.355,0.0516,0.1847,0.1011,BCC+FCC
1,7.194,13.225,0.0446,0.1767,0.0964,BCC+FCC
1,7.4015,13.695,0.0539,0.1907,0.1047,BCC+FCC
1,7.406,14.205,0.0576,0.1987,0.099,BCC+FCC
1,7.2595,12.755,0.0493,0.1812,0.0943,BCC+FCC
1,7.208,12.68,0.0471,0.1771,0.0928,BCC+FCC
1,7.158,12.775,0.0458,0.1773,0.094,BCC+FCC
1,7.2125,13.19,0.0501,0.1896,0.0971,BCC+FCC
1,7.1235,12.495,0.0474,0.1817,0.093,BCC+FCC
1,7.0345,11.8,0.0432,0.1682,0.0846,BCC+FCC
1,7.0875,12.045,0.0472,0.1805,0.0898,BCC+FCC
1,7.3275,14.97,0.0452,0.1662,0.1074,BCC+FCC
1,7.2245,14.82,0.041,0.1631,0.1052,BCC+FCC
1,7.1745,14.915,0.0396,0.1645,0.1071,BCC+FCC
1,7.176,15.085,0.041,0.1679,0.1088,BCC+FCC
1,7.4365,15.8,0.051,0.1762,0.1184,BCC+FCC
1,7.385,15.725,0.0505,0.1765,0.1166,BCC+FCC
1,7.3335,15.65,0.0496,0.1764,0.1147,BCC+FCC
1,7.179,15.425,0.0439,0.1741,0.1084,BCC+FCC
1,7.335,15.82,0.0507,0.1787,0.1132,BCC+FCC
1,7.491,16.215,0.0524,0.1789,0.1177,BCC+FCC
1,7.388,16.065,0.0525,0.1804,0.1129,BCC+FCC
1,7.285,15.915,0.0507,0.1807,0.1076,BCC+FCC
1,7.1885,14.37,0.0421,0.1667,0.1004,BCC+FCC
1,7.243,14.785,0.0472,0.1754,0.1092,BCC+FCC
1,7.14,14.635,0.042,0.1714,0.1063,BCC+FCC
1,7.349,15.275,0.0527,0.1825,0.1154,BCC+FCC
1,7.2975,15.2,0.0514,0.182,0.1136,BCC+FCC
1,7.352,15.615,0.0547,0.1868,0.1139,BCC+FCC
1,7.4565,15.935,0.0562,0.1878,0.1159,BCC+FCC
1,7.2055,14.165,0.0476,0.1758,0.1012,BCC+FCC
1,7.207,14.335,0.0485,0.1792,0.1055,BCC+FCC
1,7.1555,14.26,0.0466,0.1769,0.1042,BCC+FCC
1,7.3115,14.655,0.0539,0.1852,0.1112,BCC+FCC
1,7.26,14.58,0.0521,0.184,0.1099,BCC+FCC
1,7.2085,14.505,0.0497,0.1824,0.1085,BCC+FCC
1,7.313,14.825,0.0549,0.1878,0.1134,BCC+FCC
1,7.263,14.92,0.0543,0.1894,0.1125,BCC+FCC
1,7.2115,14.845,0.0522,0.1883,0.1107,BCC+FCC
1,7.16,14.77,0.0496,0.1867,0.1087,BCC+FCC
1,7.3675,15.24,0.0579,0.1927,0.1159,BCC+FCC
1,7.316,15.165,0.0569,0.1925,0.114,BCC+FCC
1,7.11,14.865,0.048,0.1879,0.1051,BCC+FCC
1,7.3705,15.58,0.0597,0.1966,0.1116,BCC+FCC
1,7.1195,13.81,0.049,0.1792,0.0998,BCC+FCC
1,7.0695,13.905,0.0479,0.1798,0.1023,BCC+FCC
1,7.174,14.225,0.0528,0.1889,0.1077,BCC+FCC
1,7.1225,14.15,0.0508,0.1865,0.1062,BCC+FCC
1,7.227,14.47,0.0561,0.1936,0.1109,BCC+FCC
1,7.28,14.715,0.0591,0.1974,0.1132,BCC+FCC
1,7.074,14.415,0.0506,0.1908,0.1052,BCC+FCC
1,7.127,14.66,0.0534,0.1961,0.1058,BCC+FCC
1,7.1285,14.83,0.0546,0.199,0.1026,BCC+FCC
1,7.138,13.775,0.0548,0.1915,0.1044,BCC+FCC
1,7.191,14.02,0.058,0.1971,0.1084,BCC+FCC
1,6.985,13.72,0.0491,0.1855,0.1019,BCC+FCC
1,6.896,13.025,0.0461,0.1753,0.0949,BCC+FCC
1,6.964,15.24,0.0435,0.1712,0.1082,BCC+FCC
1,6.8625,15.26,0.0412,0.1691,0.1088,BCC+FCC
1,6.92,16.015,0.0466,0.1856,0.1099,BCC+FCC
1,7.0245,16.335,0.0529,0.1907,0.1116,BCC+FCC
1,6.973,16.26,0.0507,0.1898,0.1089,BCC+FCC
1,6.9295,14.96,0.0471,0.1775,0.1078,BCC+FCC
1,6.775,14.735,0.0419,0.1662,0.1041,BCC+FCC
1,7.034,15.28,0.0519,0.1854,0.1135,BCC+FCC
1,6.778,15.075,0.0435,0.1754,0.1077,BCC+FCC
1,7.037,15.62,0.0541,0.1911,0.1169,BCC+FCC
1,6.8825,15.395,0.0477,0.1856,0.1115,BCC+FCC
1,6.9465,14.755,0.0521,0.1863,0.1085,BCC+FCC
1,6.792,14.53,0.0462,0.1757,0.1048,BCC+FCC
1,6.948,14.925,0.053,0.1897,0.1116,BCC+FCC
1,6.8965,14.85,0.051,0.1871,0.1102,BCC+FCC
1,6.6905,14.55,0.0431,0.1708,0.104,BCC+FCC
1,6.798,15.21,0.0498,0.1921,0.1065,BCC+FCC
1,6.57,13.915,0.0433,0.1716,0.1,BCC+FCC
1,6.569,15.57,0.0482,0.1841,0.1128,BCC+FCC
1,7.685,12.905,0.0478,0.1912,0.1052,BCC+FCC
1,7.738,13.15,0.0517,0.1948,0.1074,BCC+FCC
1,7.4075,13.53,0.0446,0.1908,0.1079,BCC+FCC
1,7.4605,13.775,0.0484,0.1954,0.1102,BCC+FCC
1,7.1485,14.12,0.0495,0.2007,0.1117,BCC+FCC
1,7.008,13.35,0.0467,0.1916,0.1057,BCC+FCC
1,7.114,13.84,0.0524,0.2062,0.1105,BCC+FCC
1,7.644,12.005,0.048,0.187,0.1144,BCC+FCC
1,7.6635,14.485,0.0464,0.1714,0.1282,BCC+FCC
1,7.226,11.86,0.0421,0.1701,0.1075,BCC+FCC
1,7.2445,11.825,0.0467,0.1847,0.1116,BCC+FCC
1,7.264,14.305,0.0434,0.1831,0.1265,BCC+FCC
1,7.02,12.695,0.0477,0.1884,0.1177,BCC+FCC
1,7.8065,15.245,0.0452,0.1649,0.1362,BCC+FCC
1,7.7515,15.46,0.0482,0.1747,0.137,BCC+FCC
1,7.772,14.965,0.0472,0.1725,0.1338,BCC+FCC
1,7.784,16.2,0.0533,0.1814,0.1298,BCC+FCC
1,7.664,14.935,0.0463,0.1754,0.1392,BCC+FCC
1,7.7255,13.45,0.0427,0.17,0.1189,BCC+FCC
1,7.7785,13.695,0.0473,0.1752,0.1181,BCC+FCC
1,7.8315,13.94,0.0512,0.1793,0.1163,BCC+FCC
1,7.609,15.15,0.0485,0.1827,0.1381,BCC+FCC
1,7.6295,14.655,0.0482,0.1813,0.1367,BCC+FCC
1,7.7115,12.675,0.0442,0.1747,0.1052,BCC+FCC
1,7.744,13.415,0.0493,0.1821,0.1161,BCC+FCC
1,7.583,13.14,0.0451,0.1764,0.1259,BCC+FCC
1,7.6035,12.645,0.0447,0.1752,0.1157,BCC+FCC
1,7.624,12.15,0.0441,0.1739,0.1025,BCC+FCC
1,7.623,15.125,0.0439,0.1647,0.1236,BCC+FCC
1,7.621,15.585,0.0508,0.1788,0.1248,BCC+FCC
1,7.554,14.565,0.048,0.1797,0.1195,BCC+FCC
1,7.607,14.81,0.052,0.1839,0.1169,BCC+FCC
1,7.487,13.545,0.0454,0.1791,0.1087,BCC+FCC
1,7.54,13.79,0.049,0.1845,0.1082,BCC+FCC
1,7.432,13.76,0.0493,0.1867,0.1173,BCC+FCC
1,7.5055,13.51,0.0516,0.1909,0.1062,BCC+FCC
1,7.2915,12.99,0.0433,0.1747,0.1171,BCC+FCC
1,7.244,14.45,0.0406,0.1707,0.1133,BCC+FCC
1,7.35,14.94,0.0477,0.182,0.1123,BCC+FCC
1,7.1015,14.14,0.043,0.1743,0.1213,BCC+FCC
1,7.1545,14.385,0.0466,0.1833,0.1204,BCC+FCC
1,7.228,14.135,0.0494,0.1892,0.1095,BCC+FCC
1,7.014,13.615,0.0403,0.1671,0.1199,BCC+FCC
1,7.0875,13.365,0.0445,0.178,0.1081,BCC+FCC
1,7.1935,13.855,0.0517,0.1946,0.1075,BCC+FCC
1,6.985,15.04,0.0448,0.1808,0.1145,BCC+FCC
1,6.8975,14.515,0.044,0.1775,0.1131,BCC+FCC
1,7.0565,15.25,0.0537,0.199,0.1088,BCC+FCC
1,6.5855,14.86,0.0429,0.1744,0.1144,BCC+FCC
1,6.5695,14.545,0.0475,0.1923,0.11,BCC+FCC
1,7.7635,15.43,0.0508,0.1789,0.14,BCC+FCC
1,8.0595,15.11,0.0489,0.1603,0.1557,BCC+FCC
1,7.989,15.7,0.0508,0.1655,0.1604,BCC+FCC
1,8.0625,15.45,0.0507,0.1648,0.1523,BCC+FCC
1,7.972,14.585,0.0505,0.1658,0.1537,BCC+FCC
1,7.9015,15.175,0.0514,0.1702,0.1599,BCC+FCC
1,7.831,15.765,0.0519,0.174,0.1595,BCC+FCC
1,8.1205,14.255,0.0507,0.167,0.1336,BCC+FCC
1,7.834,16.105,0.0543,0.1799,0.1447,BCC+FCC
1,8.05,14.845,0.0534,0.1727,0.14,BCC+FCC
1,7.9795,15.435,0.0555,0.178,0.1387,BCC+FCC
1,8.105,13.31,0.0519,0.1709,0.1181,BCC+FCC
1,7.9085,15.73,0.0493,0.1642,0.1494,BCC+FCC
1,7.91,15.9,0.05,0.1661,0.1479,BCC+FCC
1,7.982,15.48,0.0475,0.1616,0.1398,BCC+FCC
1,7.7475,15.455,0.0515,0.1707,0.1568,BCC+FCC
1,7.824,15.545,0.0536,0.1756,0.1446,BCC+FCC
1,7.8255,15.715,0.0545,0.1776,0.1413,BCC+FCC
1,7.755,16.305,0.0565,0.1828,0.1375,BCC+FCC
1,7.5955,16.2,0.0565,0.1891,0.1386,BCC+FCC
1,7.646,14.155,0.0532,0.1784,0.1424,BCC+FCC
1,7.721,14.075,0.0558,0.1837,0.1324,BCC+FCC
1,7.5585,13.63,0.0519,0.1785,0.1393,BCC+FCC
1,7.673,16.165,0.054,0.1788,0.1372,BCC+FCC
1,7.6745,16.335,0.0548,0.1805,0.1333,BCC+FCC
1,7.587,15.81,0.0575,0.1878,0.1333,BCC+FCC
1,7.5885,15.98,0.0584,0.1897,0.1286,BCC+FCC
1,7.426,15.535,0.0575,0.1918,0.1419,BCC+FCC
1,7.334,14.5,0.0528,0.1826,0.1437,BCC+FCC
1,7.35,13.065,0.0434,0.1863,0.0813,BCC+FCC
1,7.092,12,0.0461,0.1868,0.0823,BCC+FCC
1,7.006,11.645,0.0448,0.1829,0.0822,BCC+FCC
1,7.1425,13.73,0.0497,0.1986,0.0947,BCC+FCC
1,7.1395,13.1,0.0448,0.1779,0.0893,BCC+FCC
1,6.933,12.11,0.045,0.178,0.0881,BCC+FCC
1,7.001,14.325,0.0448,0.1806,0.1001,BCC+FCC
1,6.9665,14.045,0.0478,0.1859,0.1002,BCC+FCC
1,6.9835,13.84,0.0522,0.1945,0.101,BCC+FCC
1,6.932,13.765,0.0502,0.1907,0.1003,BCC+FCC
1,6.7935,14.99,0.0508,0.1932,0.1098,BCC+FCC
1,6.742,14.915,0.049,0.1898,0.1091,BCC+FCC
1,7.4755,12.775,0.0456,0.1787,0.1103,BCC+FCC
1,7.3895,12.42,0.0472,0.1809,0.1117,BCC+FCC
1,7.529,12.67,0.0433,0.1706,0.1018,BCC+FCC
1,7.4945,12.39,0.0468,0.1767,0.1027,BCC+FCC
1,7.252,11.99,0.0457,0.1763,0.1132,BCC+FCC
1,7.3915,12.24,0.0434,0.1692,0.1028,BCC+FCC
1,7.2005,11.915,0.0438,0.1703,0.1134,BCC+FCC
1,7.2175,11.71,0.0472,0.18,0.1141,BCC+FCC
1,6.9405,11.03,0.0416,0.1665,0.1242,BCC+FCC
1,7.2195,11.53,0.0432,0.1665,0.1041,BCC+FCC
1,7.0455,11,0.0428,0.17,0.116,BCC+FCC
1,7.3045,13.54,0.0447,0.175,0.1129,BCC+FCC
1,7.253,13.465,0.0432,0.1718,0.1129,BCC+FCC
1,7.3235,13.155,0.0459,0.1731,0.1015,BCC+FCC
1,7.289,12.875,0.0489,0.1788,0.102,BCC+FCC
1,7.0465,12.475,0.0464,0.1767,0.1145,BCC+FCC
1,6.7845,11.77,0.0471,0.189,0.1345,BCC+FCC
1,7.1,12.37,0.0446,0.1695,0.1008,BCC+FCC
1,6.9775,11.915,0.0477,0.1828,0.1154,BCC+FCC
1,6.926,11.84,0.045,0.1754,0.1152,BCC+FCC
1,6.943,11.635,0.0474,0.185,0.1159,BCC+FCC
1,7.0825,11.885,0.0489,0.1826,0.1018,BCC+FCC
1,7.082,14.23,0.0423,0.1681,0.1106,BCC+FCC
1,6.9615,13.595,0.0461,0.1746,0.1105,BCC+FCC
1,6.9785,13.39,0.0501,0.1838,0.1112,BCC+FCC
1,7.721,15.455,0.0279,0.118,0.1689,FCC
1,7.6865,15.175,0.0308,0.1255,0.1681,FCC
1,7.4025,13.235,0.0425,0.161,0.134,BCC+FCC
1,7.5465,12.395,0.0468,0.1681,0.0998,BCC+FCC
1,7.368,12.955,0.0434,0.1654,0.1334,BCC+FCC
1,7.4605,12.04,0.0466,0.1693,0.0987,BCC+FCC
1,7.409,11.965,0.0441,0.1642,0.0977,BCC+FCC
1,7.4055,12.255,0.0476,0.1746,0.1182,BCC+FCC
1,7.354,12.18,0.0446,0.1689,0.1171,BCC+FCC
1,7.3015,13.76,0.0485,0.1737,0.1264,BCC+FCC
1,7.322,13.265,0.0479,0.1724,0.1081,BCC+FCC
1,7.195,13.9,0.0471,0.1749,0.1394,BCC+FCC
1,7.164,13.33,0.0448,0.1688,0.1237,BCC+FCC
1,7.1125,13.255,0.042,0.1627,0.1225,BCC+FCC
1,7.181,13.125,0.0483,0.1784,0.1243,BCC+FCC
1,7.0575,13.47,0.0412,0.1659,0.136,BCC+FCC
1,7.15,12.555,0.0461,0.1724,0.1054,BCC+FCC
1,7.064,12.2,0.0436,0.1691,0.1037,BCC+FCC
1,6.9945,13.985,0.0445,0.1678,0.1133,BCC+FCC
1,6.943,13.91,0.0423,0.1623,0.1122,BCC+FCC
1,7.0425,14.35,0.0511,0.1827,0.1315,BCC+FCC
1,6.905,13.92,0.0462,0.1764,0.1284,BCC+FCC
1,6.873,15.005,0.05,0.1807,0.122,BCC+FCC
1,5.1435,18.97,0.0324,0.1536,0.1866,BCC+FCC
1,5.136,16.925,0.0306,0.1556,0.1666,BCC+FCC
1,4.819,18.045,0.0252,0.1435,0.2228,BCC+FCC
1,4.6705,17.47,0.0252,0.1463,0.2186,BCC+FCC
1,7.5805,13.165,0.0474,0.2053,0.0929,BCC+FCC
1,7.8555,13.735,0.0465,0.184,0.1061,BCC+FCC
1,7.8585,14.075,0.0485,0.1878,0.1175,BCC+FCC
1,7.8085,14.17,0.0489,0.19,0.1204,BCC+FCC
1,7.2685,13.51,0.0503,0.2106,0.0955,BCC+FCC
1,7.489,13.665,0.0439,0.1876,0.0916,BCC+FCC
1,7.3215,13.755,0.0521,0.2154,0.1048,BCC+FCC
1,7.542,13.91,0.0472,0.1914,0.1008,BCC+FCC
1,7.764,14.235,0.0428,0.1648,0.1036,BCC+FCC
1,7.492,14.005,0.0464,0.193,0.1077,BCC+FCC
1,7.648,14.4,0.0516,0.1964,0.1157,BCC+FCC
1,7.767,14.575,0.0448,0.1691,0.1139,BCC+FCC
1,7.873,15.065,0.0461,0.1706,0.1223,BCC+FCC
1,7.23,14.255,0.0479,0.1983,0.1031,BCC+FCC
1,7.505,14.825,0.0471,0.1783,0.1121,BCC+FCC
1,7.3505,14.6,0.042,0.1759,0.1096,BCC+FCC
1,7.455,14.92,0.047,0.1803,0.1157,BCC+FCC
1,7.4035,14.845,0.0454,0.1797,0.1147,BCC+FCC
1,7.664,15.56,0.0497,0.1824,0.1262,BCC+FCC
1,7.355,15.11,0.046,0.184,0.1182,BCC+FCC
1,7.6655,15.73,0.0504,0.1838,0.1281,BCC+FCC
1,7.614,15.655,0.0511,0.185,0.1267,BCC+FCC
1,7.0885,14.85,0.0429,0.181,0.1071,BCC+FCC
1,7.193,15.17,0.0486,0.1873,0.114,BCC+FCC
1,7.1415,15.095,0.0464,0.186,0.1132,BCC+FCC
1,7.09,15.02,0.0437,0.1842,0.1124,BCC+FCC
1,7.0385,14.945,0.0423,0.182,0.1115,BCC+FCC
1,7.0915,15.19,0.045,0.1873,0.1165,BCC+FCC
1,7.196,15.51,0.0508,0.1924,0.1218,BCC+FCC
1,6.778,15.365,0.0468,0.1885,0.1142,BCC+FCC
1,7.734,12.535,0.0454,0.1818,0.1139,BCC+FCC
3,7.9115,13.055,0.0385,0.1516,0.1076,FCC
4,8.016,13.375,0.0416,0.1551,0.1166,FCC
1,7.981,13.445,0.0481,0.1755,0.1344,BCC+FCC
1,7.931,13.54,0.0486,0.1778,0.1417,BCC+FCC
1,7.704,13.72,0.0436,0.1662,0.1187,BCC+FCC
4,7.792,13.895,0.0391,0.1478,0.1064,FCC
1,7.6555,13.985,0.0444,0.1708,0.1324,BCC+FCC
1,7.76,14.305,0.0478,0.1738,0.1387,BCC+FCC
1,7.916,14.7,0.0482,0.1734,0.1451,BCC+FCC
1,7.7995,14.745,0.0447,0.1599,0.1303,BCC+FCC
1,7.392,14.065,0.0442,0.1743,0.1207,BCC+FCC
1,7.533,14.485,0.043,0.1621,0.1159,BCC+FCC
1,7.4465,14.48,0.0486,0.1814,0.1349,BCC+FCC
1,7.5905,15.24,0.0481,0.1718,0.134,BCC+FCC
1,7.5405,15.335,0.0485,0.1741,0.1347,BCC+FCC
1,7.6965,15.73,0.0496,0.1736,0.1396,BCC+FCC
1,7.186,14.9,0.0513,0.1902,0.1369,BCC+FCC
1,7.383,15.905,0.0529,0.1849,0.1397,BCC+FCC
1,7.436,16.15,0.0538,0.1861,0.1422,BCC+FCC
1,7.9335,15.805,0.035,0.1257,0.1635,FCC
1,7.601,16.645,0.0351,0.137,0.1738,FCC
1,7.5485,12.31,0.0442,0.1855,0.0964,BCC+FCC
1,7.2965,13.17,0.0458,0.1937,0.0941,BCC+FCC
1,6.9475,14.43,0.047,0.1881,0.1144,BCC+FCC
1,6.896,14.355,0.0456,0.1844,0.1141,BCC+FCC
1,7.2465,13.835,0.051,0.2089,0.1124,BCC+FCC
1,7.4155,13.915,0.0424,0.1846,0.1088,BCC+FCC
1,7.364,13.84,0.0411,0.1821,0.1085,BCC+FCC
1,7.5795,15.385,0.0344,0.1448,0.1969,FCC
1,7.6,14.89,0.0336,0.1435,0.1847,FCC
4,7.616,15.485,0.0279,0.1233,0.1838,FCC
4,7.5485,14.815,0.0317,0.1382,0.1842,FCC
1,7.687,15.435,0.0369,0.1898,0.2104,FCC
3,11.752,7.71,0.0394,0.5039,0.1694,BCC
3,12.092,7.73,0.0384,0.4877,0.1698,BCC
3,10.673,7.995,0.0403,0.4589,0.1805,BCC
4,11.514,7.465,0.0335,0.4582,0.1561,BCC
4,11.8525,7.49,0.0345,0.4772,0.155,BCC
3,12.0225,7.5,0.034,0.4691,0.1553,BCC
4,8.464,13.32,0.0306,0.1038,0.0911,FCC
4,8.322,12.38,0.0303,0.1101,0.0637,FCC
4,8.5075,12.91,0.026,0.0931,0.0645,FCC
4,8.4045,12.76,0.0264,0.0949,0.0635,FCC
4,8.6135,13.4,0.0261,0.094,0.0863,FCC
4,8.562,13.325,0.0274,0.0967,0.0856,FCC
4,8.615,13.57,0.027,0.0962,0.0936,FCC
4,8.4605,13.345,0.0297,0.1033,0.0906,FCC
4,8.462,13.515,0.0309,0.1059,0.0958,FCC
4,8.42,12.385,0.0287,0.1055,0.0498,FCC
4,8.3685,12.31,0.0286,0.1053,0.0494,FCC
4,8.3185,12.405,0.0291,0.1085,0.0634,FCC
4,8.526,12.875,0.0296,0.1097,0.077,FCC
3,8.423,12.725,0.0304,0.1119,0.0756,FCC
4,8.579,13.12,0.0296,0.1101,0.0865,FCC
4,8.5805,13.29,0.0305,0.1121,0.0935,FCC
4,8.4305,13.575,0.036,0.1243,0.1008,FCC
4,8.3855,12.105,0.0321,0.1182,0.051,FCC
4,8.334,12.03,0.0318,0.1176,0.0505,FCC
4,8.4385,12.35,0.0328,0.1212,0.0659,FCC
3,8.3355,12.2,0.0328,0.1211,0.0646,FCC
4,8.44,12.52,0.0336,0.1239,0.0766,FCC
4,8.2855,12.295,0.0331,0.1238,0.0741,FCC
4,8.3385,12.54,0.0348,0.1274,0.0829,FCC
4,8.2495,11.845,0.0349,0.1308,0.0643,FCC
2,8.5025,12.765,0.0237,0.0888,0.0486,FCC
4,8.3995,12.615,0.0243,0.0893,0.0479,FCC
2,8.504,12.935,0.0249,0.0923,0.0643,FCC
3,8.4525,12.86,0.0251,0.0932,0.0637,FCC
4,8.401,12.785,0.0253,0.0934,0.0632,FCC
2,8.6085,13.255,0.025,0.0915,0.0769,FCC
2,8.557,13.18,0.0258,0.0938,0.0763,FCC
3,8.5055,13.105,0.0261,0.0955,0.0756,FCC
3,8.454,13.03,0.026,0.0966,0.0749,FCC
3,8.61,13.425,0.026,0.094,0.086,FCC
3,8.5585,13.35,0.0269,0.0965,0.0852,FCC
4,8.507,13.275,0.0273,0.0984,0.0844,FCC
2,8.4555,13.2,0.0273,0.0998,0.0836,FCC
4,8.663,13.67,0.0255,0.0931,0.0941,FCC
3,8.6115,13.595,0.027,0.0963,0.0932,FCC
4,8.56,13.52,0.028,0.099,0.0923,FCC
3,8.5085,13.445,0.0285,0.1011,0.0913,FCC
4,8.457,13.37,0.0286,0.1027,0.0902,FCC
3,8.51,13.615,0.0298,0.1036,0.0965,FCC
4,8.407,13.465,0.0296,0.1068,0.094,FCC
3,8.563,13.86,0.0302,0.1034,0.1017,FCC
4,8.5115,13.785,0.031,0.1059,0.1004,FCC
4,8.46,13.71,0.0312,0.108,0.0989,FCC
2,8.468,12.485,0.0274,0.104,0.0499,FCC
3,8.4165,12.41,0.0277,0.1041,0.0495,FCC
4,8.365,12.335,0.0275,0.1036,0.0491,FCC
4,8.521,12.73,0.0276,0.1064,0.0655,FCC
2,8.4695,12.655,0.0282,0.1073,0.065,FCC
4,8.418,12.58,0.0286,0.1076,0.0644,FCC
4,8.315,12.43,0.0279,0.1067,0.063,FCC
4,8.574,12.975,0.0282,0.1076,0.0773,FCC
3,8.4195,12.75,0.0295,0.1109,0.0752,FCC
4,8.368,12.675,0.0295,0.111,0.0744,FCC
4,8.5755,13.145,0.0292,0.1099,0.0862,FCC
4,8.4725,12.995,0.0299,0.113,0.0845,FCC
3,8.421,12.92,0.0304,0.1139,0.0836,FCC
4,8.577,13.315,0.0302,0.112,0.0931,FCC
4,8.5255,13.24,0.0309,0.114,0.0921,FCC
4,8.474,13.165,0.0311,0.1156,0.0911,FCC
2,8.4225,13.09,0.0313,0.1167,0.09,FCC
4,8.527,13.41,0.032,0.1162,0.0973,FCC
4,8.424,13.26,0.0322,0.1193,0.0948,FCC
4,8.4255,13.43,0.0336,0.1217,0.0982,FCC
4,8.53,13.75,0.0342,0.1201,0.1036,FCC
4,8.4335,12.205,0.0312,0.1171,0.0511,FCC
2,8.3305,12.055,0.0307,0.1159,0.0502,FCC
2,8.279,11.98,0.0297,0.1145,0.0495,FCC
3,8.4865,12.45,0.0313,0.1198,0.0662,FCC
3,8.435,12.375,0.032,0.1202,0.0656,FCC
4,8.3835,12.3,0.0321,0.1201,0.065,FCC
4,8.2805,12.15,0.0308,0.1185,0.0635,FCC
3,8.5395,12.695,0.0313,0.1213,0.0777,FCC
2,8.488,12.62,0.032,0.1224,0.077,FCC
4,8.4365,12.545,0.0327,0.1231,0.0763,FCC
3,8.385,12.47,0.033,0.1233,0.0755,FCC
3,8.3335,12.395,0.0327,0.123,0.0746,FCC
3,8.541,12.865,0.0323,0.1236,0.0863,FCC
3,8.4895,12.79,0.0327,0.1249,0.0854,FCC
4,8.438,12.715,0.0335,0.1257,0.0845,FCC
2,8.3865,12.64,0.0338,0.1262,0.0835,FCC
4,8.335,12.565,0.0337,0.1262,0.0825,FCC
4,8.491,12.96,0.0338,0.1272,0.0919,FCC
4,8.4395,12.885,0.0343,0.1282,0.0908,FCC
2,8.3365,12.735,0.0347,0.1291,0.0884,FCC
4,8.3895,12.98,0.0356,0.1315,0.0943,FCC
2,8.391,13.15,0.0365,0.1338,0.0974,FCC
3,8.399,11.925,0.0349,0.1286,0.0522,FCC
4,8.2445,11.7,0.0326,0.125,0.0504,FCC
2,8.4005,12.095,0.0357,0.1316,0.0662,FCC
3,8.349,12.02,0.0355,0.1312,0.0655,FCC
3,8.2975,11.945,0.0349,0.1303,0.0647,FCC
2,8.4535,12.34,0.036,0.1342,0.0773,FCC
2,8.3505,12.19,0.0364,0.1343,0.0757,FCC
4,8.455,12.51,0.0367,0.1366,0.0854,FCC
3,8.352,12.36,0.0373,0.1372,0.0834,FCC
4,8.3005,12.285,0.0369,0.1368,0.0823,FCC
4,8.2115,11.59,0.0366,0.1383,0.0642,FCC
4,8.16,11.515,0.0346,0.1361,0.0633,FCC
3,8.2645,11.835,0.039,0.1434,0.0748,FCC
4,8.1615,11.685,0.0359,0.1401,0.0726,FCC
2,8.5505,12.865,0.0225,0.0867,0.0487,FCC
3,8.499,12.79,0.0228,0.0876,0.0484,FCC
3,8.4475,12.715,0.0233,0.0878,0.048,FCC
4,8.6035,13.11,0.0234,0.0884,0.0649,FCC
2,8.552,13.035,0.0237,0.0901,0.0645,FCC
1,8.5005,12.96,0.0236,0.0913,0.064,FCC
3,8.449,12.885,0.0242,0.0919,0.0634,FCC
3,8.3975,12.81,0.0243,0.0918,0.0628,FCC
3,8.605,13.28,0.0245,0.0913,0.0766,FCC
2,8.5535,13.205,0.025,0.0932,0.076,FCC
2,8.502,13.13,0.0249,0.0947,0.0753,FCC
2,8.4505,13.055,0.0251,0.0955,0.0746,FCC
4,8.6065,13.45,0.0256,0.0939,0.0857,FCC
4,8.555,13.375,0.0262,0.0961,0.0849,FCC
1,8.5035,13.3,0.0262,0.0978,0.0841,FCC
4,8.452,13.225,0.026,0.0989,0.0832,FCC
4,8.6595,13.695,0.0256,0.0934,0.0937,FCC
3,8.5565,13.545,0.0274,0.0988,0.0919,FCC
3,8.505,13.47,0.0276,0.1006,0.0909,FCC
3,8.4535,13.395,0.0272,0.102,0.0898,FCC
4,8.661,13.865,0.0266,0.0954,0.0995,FCC
3,8.5065,13.64,0.0289,0.1033,0.0961,FCC
3,8.455,13.565,0.0287,0.1049,0.0948,FCC
4,8.5595,13.885,0.0298,0.1034,0.1012,FCC
4,8.508,13.81,0.0302,0.1057,0.0998,FCC
2,8.4645,12.51,0.0266,0.1028,0.0497,FCC
4,8.3615,12.36,0.0264,0.1018,0.0488,FCC
2,8.569,12.83,0.0263,0.1045,0.0657,FCC
4,8.5175,12.755,0.0266,0.1056,0.0652,FCC
1,8.466,12.68,0.0274,0.1062,0.0647,FCC
3,8.4145,12.605,0.0277,0.1063,0.0641,FCC
3,8.363,12.53,0.0274,0.1058,0.0634,FCC
3,8.622,13.075,0.0268,0.1053,0.0776,FCC
3,8.5705,13,0.0274,0.1071,0.077,FCC
2,8.519,12.925,0.0275,0.1085,0.0764,FCC
3,8.4675,12.85,0.0281,0.1093,0.0757,FCC
2,8.416,12.775,0.0285,0.1097,0.0749,FCC
3,8.3645,12.7,0.0284,0.1095,0.074,FCC
3,8.572,13.17,0.0285,0.1096,0.0858,FCC
2,8.5205,13.095,0.0288,0.1112,0.085,FCC
1,8.469,13.02,0.0289,0.1123,0.0841,FCC
4,8.4175,12.945,0.0294,0.1129,0.0832,FCC
3,8.4705,13.19,0.0299,0.115,0.0907,FCC
3,8.419,13.115,0.0303,0.1158,0.0895,FCC
2,8.3675,13.04,0.0304,0.1162,0.0883,FCC
4,8.472,13.36,0.0312,0.1175,0.0956,FCC
1,8.4205,13.285,0.0312,0.1186,0.0943,FCC
4,8.525,13.605,0.0324,0.1181,0.1006,FCC
4,8.4815,12.305,0.03,0.1159,0.0513,FCC
2,8.43,12.23,0.0303,0.1158,0.0509,FCC
1,8.3785,12.155,0.0302,0.1152,0.0504,FCC
4,8.327,12.08,0.0296,0.114,0.0498,FCC
3,8.5345,12.55,0.0296,0.1182,0.0664,FCC
1,8.483,12.475,0.0306,0.1189,0.0659,FCC
2,8.4315,12.4,0.0311,0.119,0.0653,FCC
2,8.38,12.325,0.0311,0.1187,0.0647,FCC
4,8.3285,12.25,0.0306,0.1179,0.0639,FCC
4,8.536,12.72,0.0303,0.1208,0.0774,FCC
4,8.4845,12.645,0.0313,0.1216,0.0767,FCC
1,8.433,12.57,0.0319,0.1221,0.0759,FCC
4,8.3815,12.495,0.032,0.122,0.0751,FCC
3,8.33,12.42,0.0316,0.1215,0.0742,FCC
4,8.2785,12.345,0.0307,0.1204,0.0732,FCC
2,8.4345,12.74,0.0327,0.1249,0.0841,FCC
2,8.383,12.665,0.0329,0.1251,0.0831,FCC
3,8.3315,12.59,0.0326,0.1248,0.082,FCC
1,8.333,12.76,0.0336,0.128,0.088,FCC
2,8.3955,11.95,0.0341,0.1272,0.0519,FCC
1,8.344,11.875,0.0337,0.1263,0.0514,FCC
4,8.2925,11.8,0.0328,0.1248,0.0508,FCC
4,8.5,12.27,0.034,0.1303,0.0671,FCC
2,8.4485,12.195,0.0347,0.1306,0.0665,FCC
3,8.397,12.12,0.0349,0.1304,0.0659,FCC
3,8.3455,12.045,0.0346,0.1297,0.0652,FCC
1,8.294,11.97,0.0338,0.1286,0.0644,FCC
4,8.2425,11.895,0.0325,0.1269,0.0635,FCC
3,8.45,12.365,0.0353,0.1333,0.077,FCC
3,8.3985,12.29,0.0356,0.1334,0.0762,FCC
4,8.347,12.215,0.0355,0.133,0.0753,FCC
1,8.2955,12.14,0.0348,0.1321,0.0743,FCC
4,8.2455,12.235,0.0347,0.1344,0.0806,FCC
4,8.3515,12.725,0.0381,0.1415,0.0931,FCC
4,8.3095,11.595,0.0371,0.1362,0.0523,FCC
4,8.258,11.52,0.036,0.1344,0.0516,FCC
3,8.2065,11.445,0.0343,0.1321,0.0509,FCC
3,8.155,11.37,0.0321,0.1291,0.05,FCC
4,8.2595,11.69,0.037,0.1382,0.0647,FCC
3,8.208,11.615,0.0354,0.1362,0.0638,FCC
3,8.2095,11.785,0.0365,0.14,0.0733,FCC
2,8.5985,12.965,0.0214,0.0844,0.0486,FCC
2,8.547,12.89,0.0212,0.0856,0.0484,FCC
3,8.4955,12.815,0.022,0.0862,0.0481,FCC
4,8.444,12.74,0.0224,0.0861,0.0478,FCC
2,8.6,13.135,0.0226,0.0878,0.0647,FCC
2,8.5485,13.06,0.0225,0.0892,0.0642,FCC
2,8.497,12.985,0.0228,0.0901,0.0637,FCC
2,8.6015,13.305,0.0238,0.0908,0.0763,FCC
4,8.55,13.23,0.0239,0.0925,0.0757,FCC
3,8.4985,13.155,0.0236,0.0937,0.075,FCC
4,8.6545,13.55,0.0243,0.0911,0.0861,FCC
2,8.603,13.475,0.025,0.0936,0.0853,FCC
1,8.5515,13.4,0.0252,0.0956,0.0846,FCC
3,8.5,13.325,0.0249,0.097,0.0837,FCC
1,8.6045,13.645,0.0262,0.0962,0.0924,FCC
3,8.553,13.57,0.0265,0.0984,0.0915,FCC
1,8.5015,13.495,0.0263,0.1,0.0904,FCC
3,8.45,13.42,0.0259,0.1011,0.0894,FCC
3,8.5545,13.74,0.0279,0.101,0.0968,FCC
4,8.503,13.665,0.0278,0.1028,0.0956,FCC
2,8.564,12.685,0.0242,0.1007,0.0501,FCC
4,8.5125,12.61,0.0252,0.1013,0.0498,FCC
2,8.461,12.535,0.0258,0.1014,0.0494,FCC
3,8.4095,12.46,0.0258,0.1008,0.049,FCC
3,8.5655,12.855,0.0252,0.1038,0.0654,FCC
2,8.514,12.78,0.0259,0.1046,0.065,FCC
3,8.4625,12.705,0.0265,0.105,0.0644,FCC
1,8.411,12.63,0.0267,0.1048,0.0638,FCC
3,8.3595,12.555,0.0264,0.104,0.0631,FCC
2,8.6185,13.1,0.0261,0.105,0.0774,FCC
2,8.567,13.025,0.0264,0.1066,0.0767,FCC
3,8.5155,12.95,0.0265,0.1077,0.0761,FCC
2,8.464,12.875,0.0273,0.1083,0.0753,FCC
1,8.4125,12.8,0.0276,0.1084,0.0745,FCC
4,8.517,13.12,0.0275,0.1105,0.0846,FCC
1,8.4655,13.045,0.0281,0.1114,0.0837,FCC
2,8.414,12.97,0.0285,0.1118,0.0828,FCC
4,8.467,13.215,0.0289,0.1142,0.0902,FCC
1,8.4155,13.14,0.0294,0.1149,0.0891,FCC
1,8.52,13.46,0.0302,0.1156,0.0964,FCC
4,8.4685,13.385,0.0298,0.1169,0.0951,FCC
1,8.5295,12.405,0.0285,0.1145,0.0514,FCC
2,8.478,12.33,0.0292,0.1146,0.051,FCC
2,8.4265,12.255,0.0295,0.1143,0.0506,FCC
3,8.375,12.18,0.0293,0.1134,0.0501,FCC
4,8.3235,12.105,0.0285,0.1119,0.0495,FCC
3,8.5825,12.65,0.0279,0.1165,0.0667,FCC
4,8.531,12.575,0.029,0.1174,0.0662,FCC
1,8.4795,12.5,0.0299,0.1178,0.0656,FCC
1,8.428,12.425,0.0303,0.1177,0.065,FCC
1,8.3765,12.35,0.0302,0.1172,0.0643,FCC
1,8.325,12.275,0.0295,0.116,0.0636,FCC
4,8.481,12.67,0.0306,0.1207,0.0764,FCC
4,8.4295,12.595,0.0311,0.1209,0.0756,FCC
2,8.378,12.52,0.0311,0.1206,0.0747,FCC
2,8.3265,12.445,0.0305,0.1198,0.0738,FCC
4,8.3795,12.69,0.0319,0.1239,0.0827,FCC
3,8.381,12.86,0.0328,0.1269,0.0887,FCC
2,8.4435,12.05,0.0333,0.1264,0.0521,FCC
2,8.392,11.975,0.0333,0.1257,0.0516,FCC
4,8.3405,11.9,0.0327,0.1244,0.0511,FCC
2,8.289,11.825,0.0317,0.1227,0.0504,FCC
4,8.2375,11.75,0.0302,0.1203,0.0497,FCC
2,8.445,12.22,0.034,0.1294,0.0662,FCC
1,8.3935,12.145,0.034,0.129,0.0655,FCC
4,8.342,12.07,0.0336,0.1281,0.0648,FCC
1,8.2905,11.995,0.0327,0.1267,0.064,FCC
4,8.292,12.165,0.0337,0.1304,0.0739,FCC
4,8.306,11.62,0.0362,0.1343,0.052,FCC
2,8.2545,11.545,0.0349,0.1322,0.0512,FCC
4,8.203,11.47,0.0331,0.1296,0.0504,FCC
4,8.359,11.865,0.0378,0.1392,0.066,FCC
2,8.3075,11.79,0.0371,0.1379,0.0652,FCC
3,8.256,11.715,0.0359,0.1362,0.0643,FCC
2,8.2045,11.64,0.0342,0.1339,0.0634,FCC
1,8.595,12.99,0.0202,0.0835,0.0484,FCC
2,8.5435,12.915,0.0205,0.0844,0.0482,FCC
2,8.492,12.84,0.0212,0.0846,0.0479,FCC
2,8.4405,12.765,0.0214,0.0842,0.0475,FCC
1,8.648,13.235,0.0214,0.0852,0.0648,FCC
1,8.5965,13.16,0.0215,0.087,0.0644,FCC
3,8.545,13.085,0.0211,0.0882,0.0639,FCC
2,8.4935,13.01,0.022,0.0888,0.0634,FCC
2,8.6495,13.405,0.0226,0.0882,0.0766,FCC
2,8.598,13.33,0.0228,0.0903,0.076,FCC
2,8.5465,13.255,0.0226,0.0917,0.0754,FCC
4,8.495,13.18,0.0227,0.0926,0.0747,FCC
2,8.4435,13.105,0.0232,0.0928,0.0739,FCC
4,8.7025,13.65,0.0231,0.0881,0.0865,FCC
1,8.651,13.575,0.0239,0.091,0.0858,FCC
3,8.5995,13.5,0.0242,0.0932,0.085,FCC
2,8.548,13.425,0.024,0.0949,0.0842,FCC
2,8.4965,13.35,0.0235,0.0961,0.0833,FCC
4,8.445,13.275,0.0241,0.0966,0.0824,FCC
4,8.6525,13.745,0.0251,0.0935,0.093,FCC
2,8.601,13.67,0.0255,0.0959,0.0921,FCC
1,8.5495,13.595,0.0254,0.0979,0.0911,FCC
1,8.498,13.52,0.0249,0.0993,0.09,FCC
4,8.6025,13.84,0.0268,0.0985,0.0975,FCC
2,8.612,12.785,0.0228,0.0988,0.0501,FCC
1,8.5605,12.71,0.0236,0.0997,0.0498,FCC
2,8.509,12.635,0.0245,0.1,0.0495,FCC
1,8.4575,12.56,0.0249,0.0998,0.0491,FCC
1,8.406,12.485,0.0249,0.0989,0.0487,FCC
4,8.665,13.03,0.0237,0.1001,0.066,FCC
2,8.6135,12.955,0.024,0.1018,0.0656,FCC
2,8.562,12.88,0.0241,0.1029,0.0652,FCC
2,8.5105,12.805,0.0252,0.1035,0.0647,FCC
2,8.459,12.73,0.0257,0.1036,0.0641,FCC
4,8.4075,12.655,0.0257,0.1031,0.0634,FCC
3,8.356,12.58,0.0253,0.102,0.0627,FCC
4,8.6665,13.2,0.0248,0.1027,0.0776,FCC
3,8.615,13.125,0.0252,0.1045,0.0771,FCC
1,8.5635,13.05,0.0252,0.1059,0.0764,FCC
2,8.512,12.975,0.0258,0.1068,0.0757,FCC
3,8.4605,12.9,0.0265,0.1071,0.075,FCC
4,8.409,12.825,0.0266,0.1069,0.0742,FCC
3,8.3575,12.75,0.0263,0.1062,0.0733,FCC
4,8.668,13.37,0.026,0.105,0.0867,FCC
2,8.565,13.22,0.0265,0.1086,0.0851,FCC
1,8.5135,13.145,0.0265,0.1098,0.0843,FCC
1,8.462,13.07,0.0273,0.1104,0.0833,FCC
2,8.526,12.43,0.0279,0.1134,0.0511,FCC
2,8.4745,12.355,0.0285,0.1133,0.0507,FCC
2,8.423,12.28,0.0287,0.1126,0.0503,FCC
3,8.3715,12.205,0.0283,0.1115,0.0497,FCC
3,8.32,12.13,0.0275,0.1097,0.0491,FCC
4,8.5275,12.6,0.0285,0.1165,0.0659,FCC
1,8.476,12.525,0.0292,0.1166,0.0653,FCC
2,8.4245,12.45,0.0295,0.1163,0.0647,FCC
2,8.373,12.375,0.0292,0.1154,0.064,FCC
3,8.3215,12.3,0.0285,0.114,0.0632,FCC
4,8.426,12.62,0.0302,0.1197,0.0752,FCC
2,8.4915,12.15,0.0322,0.1254,0.0523,FCC
2,8.44,12.075,0.0326,0.1249,0.0518,FCC
1,8.3885,12,0.0324,0.1239,0.0513,FCC
3,8.337,11.925,0.0318,0.1224,0.0507,FCC
4,8.4415,12.245,0.0332,0.1282,0.0659,FCC
3,8.3025,11.645,0.0352,0.1322,0.0516,FCC
4,8.251,11.57,0.0338,0.1298,0.0509,FCC
2,8.6945,13.165,0.0191,0.0792,0.0485,FCC
1,8.643,13.09,0.0192,0.0811,0.0484,FCC
2,8.5915,13.015,0.0188,0.0823,0.0482,FCC
3,8.54,12.94,0.0197,0.0829,0.0479,FCC
2,8.4885,12.865,0.0203,0.0828,0.0476,FCC
1,8.696,13.335,0.0203,0.0825,0.0649,FCC
3,8.6445,13.26,0.0205,0.0846,0.0646,FCC
1,8.593,13.185,0.0202,0.0861,0.0642,FCC
3,8.5415,13.11,0.0204,0.087,0.0637,FCC
1,8.49,13.035,0.0211,0.0872,0.0631,FCC
2,8.6975,13.505,0.0215,0.0854,0.0769,FCC
3,8.646,13.43,0.0218,0.0878,0.0763,FCC
4,8.5945,13.355,0.0217,0.0895,0.0757,FCC
2,8.543,13.28,0.0211,0.0907,0.0751,FCC
2,8.699,13.675,0.0227,0.0881,0.0862,FCC
3,8.596,13.525,0.0231,0.0927,0.0847,FCC
1,8.5445,13.45,0.0226,0.0941,0.0838,FCC
3,8.493,13.375,0.0227,0.095,0.0829,FCC
2,8.5975,13.695,0.0245,0.0956,0.0917,FCC
3,8.546,13.62,0.0241,0.0972,0.0907,FCC
3,8.66,12.885,0.0217,0.0968,0.05,FCC
3,8.6085,12.81,0.0217,0.0979,0.0499,FCC
2,8.557,12.735,0.023,0.0985,0.0496,FCC
2,8.5055,12.66,0.0238,0.0985,0.0492,FCC
4,8.61,12.98,0.0228,0.1011,0.0654,FCC
3,8.5585,12.905,0.0235,0.1019,0.0649,FCC
4,8.4555,12.755,0.0249,0.102,0.0638,FCC
4,8.6115,13.15,0.0241,0.104,0.0768,FCC
4,8.56,13.075,0.0241,0.1051,0.0761,FCC
4,8.5085,13,0.0251,0.1057,0.0754,FCC
1,8.574,12.53,0.0263,0.112,0.0512,FCC
4,8.5225,12.455,0.0273,0.1122,0.0509,FCC
1,7.892,12.895,0.0463,0.1922,0.1107,BCC+FCC
4,8.2295,13.265,0.0331,0.1437,0.0957,FCC
4,8.4385,13.265,0.0385,0.1789,0.2022,FCC
4,8.8815,13.035,0.0375,0.2047,0.2128,FCC
4,8.2755,13.24,0.0376,0.1514,0.1284,FCC
3,8.3635,13.415,0.0322,0.13,0.1137,FCC
4,8.1295,12.675,0.039,0.162,0.1249,FCC
4,8.2175,12.85,0.0341,0.1439,0.1142,FCC
4,8.2705,13.095,0.0358,0.1477,0.1218,FCC
2,8.3585,13.27,0.0304,0.1263,0.1078,FCC
3,8.4115,13.515,0.0309,0.1287,0.1142,FCC
3,8.1245,12.53,0.037,0.1569,0.1159,FCC
1,8.1255,15.99,0.0482,0.1604,0.1427,BCC+FCC
4,8.2425,13.215,0.0292,0.1155,0.1034,FCC
2,8.155,12.69,0.0286,0.1197,0.0975,FCC
4,8.0675,12.165,0.0267,0.1205,0.0908,FCC
4,8.325,13.595,0.0263,0.1025,0.1045,FCC
2,8.2375,13.07,0.0267,0.1091,0.0984,FCC
1,8.2905,13.315,0.0292,0.1149,0.1042,FCC
2,8.15,12.545,0.0258,0.112,0.0915,FCC
4,8.0625,12.02,0.025,0.111,0.0836,FCC
2,8.32,13.45,0.024,0.0961,0.0992,FCC
2,8.373,13.695,0.0256,0.1014,0.1052,FCC
2,8.2325,12.925,0.0242,0.1015,0.0921,FCC
2,8.2855,13.17,0.0269,0.1087,0.099,FCC
4,8.3385,13.415,0.0288,0.1141,0.1049,FCC
2,8.145,12.4,0.0231,0.1028,0.084,FCC
2,8.198,12.645,0.0268,0.1124,0.0921,FCC
4,8.2415,13.555,0.0203,0.0835,0.1088,FCC
2,8.315,13.305,0.0217,0.0886,0.0926,FCC
1,8.368,13.55,0.0236,0.0953,0.0998,FCC
2,8.421,13.795,0.0248,0.1002,0.1058,FCC
2,8.2805,13.025,0.0246,0.1015,0.0926,FCC
2,8.3335,13.27,0.0268,0.1082,0.0996,FCC
4,8.246,12.745,0.0274,0.1126,0.0926,FCC
4,8.5935,13.46,0.0339,0.1354,0.1177,FCC
4,8.506,12.935,0.0378,0.1474,0.1111,FCC
4,8.5335,13.25,0.0339,0.1436,0.1149,FCC
3,8.4995,12.62,0.0358,0.1432,0.0949,FCC
4,8.501,12.79,0.0363,0.1453,0.1036,FCC
3,8.5285,13.105,0.0321,0.1415,0.1053,FCC
1,8.4945,12.475,0.0349,0.1403,0.0842,FCC
2,8.5235,12.96,0.031,0.139,0.094,FCC
1,8.525,13.13,0.0314,0.1411,0.1053,FCC
4,8.5265,13.3,0.0321,0.1431,0.1148,FCC
4,8.5185,12.815,0.0303,0.136,0.0804,FCC
4,8.523,13.325,0.0313,0.1427,0.1147,FCC
1,8.381,15.905,0.0353,0.121,0.1748,FCC
1,8.376,15.76,0.0336,0.1161,0.1737,FCC
1,8.379,16.1,0.0352,0.1229,0.1741,FCC
1,8.3725,15.785,0.0328,0.1143,0.1733,FCC
1,8.302,16.375,0.0349,0.1205,0.1815,FCC
1,8.374,15.955,0.0336,0.118,0.1739,FCC
1,8.297,16.23,0.033,0.1141,0.1817,FCC
1,8.2125,14.235,0.0484,0.1923,0.1351,BCC+FCC
1,8.134,14.34,0.0486,0.1907,0.1437,BCC+FCC
2,8.5325,11.905,0.0367,0.1625,0.1225,FCC
4,8.615,12.285,0.0328,0.153,0.1207,FCC
3,8.5635,12.21,0.0323,0.1525,0.1213,FCC
3,8.5805,12.005,0.0365,0.162,0.122,FCC
2,8.529,11.93,0.0358,0.1611,0.1226,FCC
4,8.4775,11.855,0.0345,0.1599,0.1232,FCC
1,8.663,12.385,0.032,0.1522,0.1202,FCC
4,8.6115,12.31,0.0319,0.1518,0.1208,FCC
3,8.56,12.235,0.0313,0.1511,0.1215,FCC
4,8.5085,12.16,0.0303,0.1499,0.122,FCC
1,8.6285,12.105,0.0361,0.1613,0.1215,FCC
1,8.577,12.03,0.0357,0.1607,0.1222,FCC
2,8.5255,11.955,0.0348,0.1596,0.1227,FCC
4,8.474,11.88,0.0334,0.1581,0.1233,FCC
4,8.711,12.485,0.031,0.1512,0.1197,FCC
3,8.608,12.335,0.0311,0.1505,0.121,FCC
1,8.6765,12.205,0.0354,0.1606,0.121,FCC
1,8.625,12.13,0.0354,0.1601,0.1217,FCC
3,8.5735,12.055,0.0349,0.1593,0.1223,FCC
3,8.522,11.98,0.0339,0.158,0.1229,FCC
4,8.4705,11.905,0.0324,0.1563,0.1234,FCC
4,8.759,12.585,0.0298,0.1502,0.1191,FCC
4,8.7245,12.305,0.0344,0.1597,0.1205,FCC
4,8.673,12.23,0.0348,0.1595,0.1212,FCC
4,8.0985,11.885,0.0327,0.1412,0.0353,FCC
4,8.198,12.06,0.0345,0.1424,0.0349,FCC
2,8.2805,12.44,0.0309,0.1319,0.0318,FCC
4,8.229,12.365,0.0303,0.1311,0.0321,FCC
4,8.0915,11.935,0.0301,0.1369,0.0349,FCC
4,8.277,12.465,0.03,0.1304,0.0316,FCC
4,8.174,12.315,0.0279,0.1277,0.0322,FCC
3,8.294,12.26,0.034,0.1413,0.0341,FCC
4,8.2425,12.185,0.0334,0.1403,0.0344,FCC
4,8.191,12.11,0.0324,0.1389,0.0346,FCC
4,8.1565,11.83,0.0355,0.1476,0.0369,FCC
3,8.3765,12.64,0.0293,0.1301,0.0307,FCC
1,8.325,12.565,0.0294,0.1297,0.0311,FCC
4,8.2735,12.49,0.029,0.1288,0.0315,FCC
3,8.222,12.415,0.0281,0.1274,0.0318,FCC
3,8.342,12.36,0.0334,0.1405,0.0337,FCC
4,8.2905,12.285,0.0332,0.1398,0.034,FCC
3,8.239,12.21,0.0325,0.1386,0.0343,FCC
2,8.1875,12.135,0.0313,0.1369,0.0344,FCC
4,8.136,12.06,0.0296,0.1347,0.0345,FCC
1,8.4245,12.74,0.0281,0.129,0.03,FCC
3,8.373,12.665,0.0286,0.1288,0.0306,FCC
2,8.3215,12.59,0.0286,0.1282,0.031,FCC
4,8.27,12.515,0.0281,0.1271,0.0314,FCC
3,8.2185,12.44,0.0271,0.1254,0.0316,FCC
4,8.39,12.46,0.0325,0.1397,0.0331,FCC
3,8.3385,12.385,0.0326,0.1392,0.0336,FCC
3,8.287,12.31,0.0323,0.1382,0.0339,FCC
1,8.421,12.765,0.0275,0.1279,0.03,FCC
2,8.3695,12.69,0.0279,0.1275,0.0305,FCC
4,8.318,12.615,0.0277,0.1266,0.0309,FCC
1,8.335,12.41,0.0319,0.1377,0.0335,FCC
4,8.4365,12.195,0.0346,0.1668,0.1565,FCC
4,8.385,12.12,0.0333,0.166,0.1571,FCC
4,8.402,11.915,0.0378,0.1749,0.1577,FCC
3,8.4845,12.295,0.0345,0.1662,0.1559,FCC
4,8.3815,12.145,0.0321,0.1645,0.1573,FCC
3,8.347,11.865,0.035,0.1722,0.1585,FCC
3,8.5325,12.395,0.0341,0.1655,0.1554,FCC
4,8.481,12.32,0.0336,0.165,0.1561,FCC
4,8.4295,12.245,0.0325,0.1642,0.1568,FCC
4,8.498,12.115,0.0379,0.1739,0.1567,FCC
4,8.4465,12.04,0.037,0.1732,0.1573,FCC
4,8.395,11.965,0.0357,0.172,0.158,FCC
3,8.5805,12.495,0.0335,0.1647,0.1549,FCC
3,8.529,12.42,0.0333,0.1644,0.1556,FCC
2,8.4775,12.345,0.0326,0.1638,0.1563,FCC
4,8.426,12.27,0.0314,0.1627,0.1569,FCC
4,8.3745,12.195,0.0297,0.1612,0.1576,FCC
3,8.546,12.215,0.0375,0.1733,0.1562,FCC
1,8.4945,12.14,0.0371,0.1727,0.1568,FCC
4,8.443,12.065,0.0361,0.1718,0.1575,FCC
3,8.4085,11.785,0.0395,0.1792,0.1587,FCC
2,8.357,11.71,0.0378,0.1776,0.1593,FCC
4,8.6285,12.595,0.0326,0.1638,0.1544,FCC
1,8.577,12.52,0.0328,0.1637,0.1551,FCC
3,8.5255,12.445,0.0325,0.1633,0.1558,FCC
4,8.474,12.37,0.0317,0.1624,0.1564,FCC
3,8.594,12.315,0.0369,0.1726,0.1556,FCC
2,8.5425,12.24,0.0368,0.1722,0.1563,FCC
1,8.491,12.165,0.0362,0.1714,0.157,FCC
2,8.4395,12.09,0.0351,0.1703,0.1577,FCC
3,8.388,12.015,0.0335,0.1687,0.1583,FCC
4,8.3365,11.94,0.0314,0.1666,0.1589,FCC
3,8.405,11.81,0.0386,0.1776,0.1588,FCC
2,8.3535,11.735,0.0367,0.1757,0.1595,FCC
4,8.6765,12.695,0.0315,0.1629,0.1538,FCC
4,8.625,12.62,0.032,0.1629,0.1545,FCC
2,8.5735,12.545,0.0321,0.1626,0.1553,FCC
3,8.522,12.47,0.0316,0.162,0.1559,FCC
1,8.642,12.415,0.0361,0.1718,0.1551,FCC
1,8.5905,12.34,0.0363,0.1716,0.1558,FCC
3,8.539,12.265,0.0361,0.171,0.1565,FCC
3,8.4875,12.19,0.0354,0.17,0.1572,FCC
4,8.3845,12.04,0.0324,0.1668,0.1584,FCC
2,8.9375,12.355,0.0376,0.1992,0.1797,FCC
3,8.8345,12.205,0.0354,0.1984,0.1812,FCC
4,8.9855,12.455,0.0372,0.1985,0.1792,FCC
2,8.934,12.38,0.0368,0.1984,0.1799,FCC
3,8.8825,12.305,0.0358,0.198,0.1806,FCC
4,8.831,12.23,0.0344,0.1972,0.1813,FCC
4,9.0335,12.555,0.0366,0.1977,0.1786,FCC
3,8.879,12.33,0.0349,0.1969,0.1808,FCC
3,8.8275,12.255,0.0333,0.1959,0.1815,FCC
2,9.0815,12.655,0.0358,0.1968,0.1781,FCC
2,9.03,12.58,0.036,0.197,0.1788,FCC
4,8.927,12.43,0.0351,0.1964,0.1803,FCC
4,8.8755,12.355,0.0339,0.1957,0.181,FCC
4,8.095,11.59,0.0365,0.1466,0.07,FCC
3,7.9865,11.645,0.034,0.1515,0.0797,FCC
4,8.0035,11.44,0.0392,0.1614,0.0808,FCC
3,8.143,11.69,0.0371,0.1465,0.0695,FCC
4,8.0915,11.615,0.0352,0.1445,0.0701,FCC
4,8.1965,11.585,0.0355,0.1363,0.0557,FCC
4,8.0935,11.435,0.0314,0.1317,0.0561,FCC
4,7.9465,11.57,0.0407,0.1677,0.0867,FCC
4,8.086,11.82,0.0376,0.1542,0.0783,FCC
4,8.2255,12.07,0.0343,0.1372,0.0671,FCC
4,8.1225,11.92,0.0312,0.1337,0.0684,FCC
4,8.1395,11.715,0.0359,0.1446,0.0696,FCC
3,8.2275,11.89,0.0314,0.1246,0.0539,FCC
3,8.2735,12.17,0.0342,0.1367,0.0665,FCC
3,8.0825,11.845,0.0364,0.1521,0.0785,FCC
4,8.3615,12.345,0.0288,0.1141,0.0511,FCC
4,8.1705,12.02,0.0319,0.1337,0.0678,FCC
4,8.31,12.27,0.0283,0.1132,0.0516,FCC
3,8.119,11.945,0.0299,0.1313,0.0684,FCC
4,8.2585,12.195,0.0273,0.1117,0.052,FCC
4,8.224,11.915,0.0302,0.1225,0.0538,FCC
4,8.1725,11.84,0.0285,0.1201,0.0541,FCC
3,8.2925,11.785,0.0357,0.1356,0.055,FCC
4,8.138,11.56,0.0311,0.1294,0.0557,FCC
2,8.3215,12.27,0.0338,0.1361,0.0659,FCC
2,8.4095,12.445,0.0279,0.1131,0.0506,FCC
4,8.358,12.37,0.0278,0.1124,0.0511,FCC
3,8.3065,12.295,0.0272,0.1112,0.0516,FCC
4,8.287,11.99,0.0376,0.1456,0.0679,FCC
4,8.2355,11.915,0.0367,0.1443,0.0685,FCC
2,8.375,12.165,0.0317,0.1247,0.0527,FCC
4,8.184,11.84,0.0354,0.1425,0.0691,FCC
2,8.3235,12.09,0.0313,0.1237,0.0531,FCC
3,8.272,12.015,0.0304,0.1222,0.0535,FCC
2,8.3405,11.885,0.0354,0.1351,0.0546,FCC
3,8.289,11.81,0.0348,0.1339,0.055,FCC
3,8.2375,11.735,0.0336,0.132,0.0553,FCC
3,8.186,11.66,0.0319,0.1297,0.0555,FCC
4,8.1515,11.38,0.0348,0.1382,0.0571,FCC
4,8.3695,12.37,0.0331,0.1353,0.0652,FCC
1,8.4575,12.545,0.0268,0.1119,0.0501,FCC
1,8.406,12.47,0.0271,0.1115,0.0507,FCC
4,8.215,12.145,0.0311,0.1314,0.0674,FCC
2,8.3545,12.395,0.0269,0.1106,0.0511,FCC
3,8.303,12.32,0.0262,0.1091,0.0516,FCC
3,8.335,12.09,0.0372,0.1451,0.0673,FCC
1,8.423,12.265,0.0309,0.1239,0.0523,FCC
1,8.3715,12.19,0.0308,0.1231,0.0527,FCC
4,8.1805,11.865,0.0343,0.1403,0.0692,FCC
4,8.2685,12.04,0.0293,0.1201,0.0535,FCC
3,8.3885,11.985,0.0349,0.1345,0.0542,FCC
4,8.337,11.91,0.0346,0.1335,0.0546,FCC
2,8.2855,11.835,0.0338,0.1319,0.055,FCC
4,8.234,11.76,0.0325,0.1298,0.0552,FCC
4,8.1825,11.685,0.0307,0.1271,0.0554,FCC
3,8.1995,11.48,0.0357,0.1385,0.0569,FCC
1,8.4175,12.47,0.0322,0.1345,0.0646,FCC
1,8.366,12.395,0.0324,0.1339,0.0654,FCC
3,8.5055,12.645,0.0255,0.1106,0.0496,FCC
3,8.3145,12.32,0.0321,0.1329,0.0661,FCC
1,8.454,12.57,0.0261,0.1105,0.0502,FCC
4,8.263,12.245,0.0313,0.1313,0.0668,FCC
4,8.4025,12.495,0.0263,0.1098,0.0507,FCC
4,8.072,11.92,0.0328,0.1448,0.079,FCC
4,8.2115,12.17,0.0301,0.1292,0.0675,FCC
4,8.351,12.42,0.0259,0.1086,0.0511,FCC
4,8.16,12.095,0.0283,0.1264,0.0681,FCC
2,8.383,12.19,0.0366,0.1445,0.0666,FCC
4,8.3315,12.115,0.0365,0.1436,0.0674,FCC
3,8.471,12.365,0.0298,0.1229,0.0518,FCC
3,8.28,12.04,0.0359,0.1422,0.0681,FCC
1,8.4195,12.29,0.0301,0.1224,0.0523,FCC
4,8.368,12.215,0.03,0.1214,0.0527,FCC
3,8.177,11.89,0.0332,0.138,0.0693,FCC
4,8.3165,12.14,0.0294,0.1198,0.0531,FCC
4,8.1255,11.815,0.0312,0.1349,0.0699,FCC
1,8.4365,12.085,0.0341,0.1338,0.0538,FCC
3,8.385,12.01,0.0342,0.133,0.0542,FCC
4,8.3335,11.935,0.0338,0.1316,0.0546,FCC
3,8.282,11.86,0.0329,0.1298,0.0549,FCC
3,8.2305,11.785,0.0314,0.1273,0.0552,FCC
1,8.4655,12.57,0.0311,0.1336,0.0639,FCC
1,8.414,12.495,0.0316,0.1332,0.0647,FCC
1,8.3625,12.42,0.0317,0.1324,0.0655,FCC
3,8.502,12.67,0.0249,0.1094,0.0496,FCC
4,8.1715,12.095,0.0358,0.1481,0.0775,FCC
4,8.311,12.345,0.0313,0.131,0.0663,FCC
1,8.4505,12.595,0.0254,0.1089,0.0502,FCC
4,8.12,12.02,0.034,0.1454,0.0783,FCC
3,8.2595,12.27,0.0304,0.1292,0.067,FCC
3,8.3475,12.445,0.025,0.1064,0.0511,FCC
4,8.519,12.465,0.0285,0.1218,0.0512,FCC
3,8.4675,12.39,0.0292,0.1215,0.0518,FCC
2,8.416,12.315,0.0294,0.1208,0.0523,FCC
1,8.3645,12.24,0.0292,0.1195,0.0527,FCC
3,8.2615,12.09,0.0272,0.1151,0.0534,FCC
2,8.433,12.11,0.0335,0.1324,0.0538,FCC
1,8.3815,12.035,0.0335,0.1313,0.0542,FCC
4,8.33,11.96,0.0329,0.1297,0.0546,FCC
1,8.0795,15.04,0.0288,0.1079,0.1679,FCC
1,8.1515,14.62,0.0301,0.108,0.1566,FCC
2,8.1,14.545,0.0278,0.1048,0.1557,FCC
4,7.9045,15.31,0.022,0.0942,0.1746,FCC
4,7.9765,14.89,0.0224,0.0985,0.1658,FCC
1,7.901,15.6,0.028,0.1112,0.1833,FCC
4,7.9935,14.685,0.0278,0.113,0.1663,FCC
4,8.0655,14.265,0.0298,0.1149,0.1553,FCC
4,7.942,14.61,0.0258,0.1076,0.1651,FCC
4,8.014,14.19,0.0267,0.1107,0.1543,FCC
4,7.8905,14.535,0.0238,0.101,0.1639,FCC
4,8.2505,12.435,0.0296,0.1072,0.0765,FCC
1,8.0105,14.48,0.0332,0.126,0.1667,FCC
4,7.959,14.405,0.0309,0.1212,0.1656,FCC
4,7.8355,14.75,0.027,0.1099,0.1728,FCC
4,7.856,14.255,0.0265,0.1087,0.1632,FCC
4,7.928,13.835,0.0276,0.1139,0.1528,FCC
1,7.859,13.275,0.0325,0.1276,0.1516,FCC
1,8.2305,15.29,0.0335,0.1137,0.1705,FCC
1,8.251,14.795,0.0321,0.1101,0.158,FCC
4,8.1995,14.72,0.0307,0.108,0.1571,FCC
1,8.076,15.065,0.0272,0.1045,0.1676,FCC
3,8.148,14.645,0.0287,0.1051,0.1563,FCC
4,8.0965,14.57,0.0262,0.1015,0.1554,FCC
2,7.973,14.915,0.0215,0.0938,0.1654,FCC
1,8.0725,15.355,0.0332,0.1207,0.1784,FCC
4,8.021,15.28,0.0304,0.1163,0.1771,FCC
4,8.093,14.86,0.0321,0.1181,0.168,FCC
1,8.165,14.44,0.0333,0.1185,0.1568,FCC
1,7.9695,15.205,0.0282,0.1111,0.1759,FCC
2,8.0415,14.785,0.0292,0.114,0.167,FCC
1,8.1135,14.365,0.031,0.1154,0.1559,FCC
1,8.1855,13.945,0.032,0.1155,0.1424,FCC
2,7.99,14.71,0.0268,0.1091,0.1659,FCC
3,8.062,14.29,0.0283,0.1116,0.155,FCC
4,7.9385,14.635,0.0249,0.103,0.1647,FCC
4,8.247,12.46,0.0283,0.1049,0.0762,FCC
1,7.9555,14.43,0.0299,0.1172,0.1652,FCC
1,8.0995,13.59,0.0322,0.1221,0.1413,FCC
4,7.904,14.355,0.0276,0.1109,0.164,FCC
1,7.993,13.73,0.0337,0.1282,0.154,FCC
1,8.0135,13.235,0.0324,0.1263,0.1402,FCC
1,7.8005,13.515,0.0325,0.1288,0.1615,FCC
1,8.1035,15.66,0.0295,0.108,0.1787,FCC
1,8.196,14.745,0.0294,0.1053,0.1568,FCC
2,8.0725,15.09,0.0257,0.1007,0.1672,FCC
2,8.1445,14.67,0.0273,0.102,0.1559,FCC
1,8.1925,15.035,0.0352,0.1216,0.1697,FCC
1,8.069,15.38,0.0318,0.1173,0.1779,FCC
1,8.0175,15.305,0.0294,0.1125,0.1767,FCC
1,8.1615,14.465,0.032,0.1158,0.1565,FCC
4,8.295,12.56,0.0283,0.1044,0.0764,FCC
3,8.2435,12.485,0.027,0.1024,0.076,FCC
1,7.952,14.455,0.0288,0.1128,0.1647,FCC
1,7.8765,15.165,0.0316,0.122,0.1815,FCC
1,7.897,14.67,0.0315,0.1211,0.1736,FCC
1,7.8455,14.595,0.0288,0.1134,0.1722,FCC
1,7.9895,13.755,0.0327,0.1245,0.1536,FCC
1,8.01,13.26,0.0315,0.1227,0.1398,FCC
1,7.811,14.315,0.0298,0.1189,0.1712,FCC
1,7.9755,12.98,0.0343,0.1299,0.1394,FCC
4,7.7765,14.035,0.0303,0.1235,0.1701,FCC
4,7.8995,11.065,0.0304,0.1202,0.0749,FCC
1,7.742,13.755,0.0302,0.1273,0.169,FCC
1,7.814,13.335,0.0346,0.1361,0.1615,FCC
1,8.275,15.415,0.0325,0.1111,0.1708,FCC
1,8.1515,15.76,0.0305,0.1086,0.1794,FCC
1,8.2955,14.92,0.031,0.1075,0.1581,FCC
1,8.0965,15.975,0.0344,0.1205,0.1874,FCC
1,8.2095,14.565,0.0326,0.116,0.157,FCC
2,8.158,14.49,0.0306,0.1128,0.1561,FCC
1,8.0345,14.835,0.0269,0.1062,0.1662,FCC
2,8.1065,14.415,0.0282,0.1088,0.1552,FCC
4,7.911,15.18,0.0238,0.0939,0.1736,FCC
1,8.055,14.34,0.0253,0.1039,0.1542,FCC
4,8.24,12.51,0.0257,0.0997,0.0758,FCC
1,8.0105,15.62,0.0343,0.1236,0.1851,FCC
1,7.959,15.545,0.0315,0.1177,0.1836,FCC
1,8.031,15.125,0.0333,0.1219,0.1767,FCC
1,8.103,14.705,0.0345,0.1244,0.1677,FCC
1,7.9795,15.05,0.0309,0.1162,0.1754,FCC
1,8.1955,13.79,0.0341,0.1229,0.1423,FCC
1,7.9245,15.265,0.0331,0.1243,0.1825,FCC
1,7.945,14.77,0.0329,0.1231,0.1745,FCC
1,7.9655,14.275,0.0324,0.1218,0.1648,FCC
1,7.914,14.2,0.0299,0.1151,0.1636,FCC
4,7.8075,14.34,0.0284,0.1129,0.1706,FCC
1,7.845,13.64,0.0326,0.1263,0.1619,FCC
4,7.9475,11.165,0.0313,0.1223,0.0754,FCC
1,8.179,16.355,0.0327,0.112,0.1892,FCC
1,8.395,15.095,0.0311,0.1083,0.1594,FCC
1,8.1275,16.28,0.0305,0.1079,0.1879,FCC
1,8.076,16.205,0.0278,0.103,0.1865,FCC
1,8.148,15.785,0.0292,0.1052,0.179,FCC
4,8.0965,15.71,0.0266,0.1005,0.1778,FCC
3,8.189,14.795,0.0267,0.099,0.1562,FCC
4,8.3225,12.89,0.023,0.0861,0.0753,FCC
1,8.165,15.58,0.0342,0.1188,0.1794,FCC
1,8.237,15.16,0.0346,0.1192,0.1699,FCC
1,8.1135,15.505,0.0318,0.1147,0.1783,FCC
1,8.2575,14.665,0.0331,0.1161,0.1575,FCC
1,7.99,15.85,0.0282,0.1055,0.1842,FCC
1,8.278,14.17,0.0315,0.1128,0.143,FCC
2,8.1545,14.515,0.0293,0.1096,0.1558,FCC
4,8.103,14.44,0.0267,0.1051,0.1548,FCC
4,8.3395,12.685,0.027,0.1016,0.0764,FCC
4,8.2365,12.535,0.0243,0.0968,0.0755,FCC
1,8.0275,15.15,0.0322,0.1179,0.1762,FCC
1,8.12,14.235,0.0319,0.1188,0.1554,FCC
2,8.1505,12.18,0.0246,0.1042,0.0755,FCC
1,8.034,13.88,0.0327,0.122,0.1539,FCC
4,7.9785,11.47,0.0275,0.1107,0.0748,FCC
1,8.1755,16.38,0.0315,0.1087,0.1887,FCC
1,8.34,15.045,0.0298,0.1047,0.1583,FCC
4,8.2885,14.97,0.0288,0.1024,0.1575,FCC
4,8.1135,15.24,0.0241,0.0935,0.1671,FCC
3,8.3705,12.99,0.0227,0.0854,0.0755,FCC
1,8.326,14.27,0.0316,0.1126,0.1434,FCC
4,8.439,12.86,0.0268,0.1021,0.0768,FCC
4,8.0275,14.885,0.025,0.0969,0.1654,FCC
4,8.2845,12.635,0.0247,0.0968,0.0757,FCC
2,8.147,12.205,0.0232,0.1005,0.0752,FCC
4,8.1125,11.925,0.0257,0.1101,0.0756,FCC
4,8.078,11.645,0.0297,0.1185,0.076,FCC
4,8.47,13.165,0.0222,0.0857,0.0759,FCC
2,8.367,13.015,0.0217,0.0827,0.0752,FCC
2,8.3155,12.94,0.0206,0.08,0.0749,FCC
3,8.3325,12.735,0.0248,0.0966,0.0759,FCC
4,8.281,12.66,0.0235,0.0937,0.0755,FCC
4,8.1575,13.005,0.0205,0.0883,0.1023,FCC
2,8.2295,12.585,0.0217,0.0899,0.075,FCC
2,8.2465,12.38,0.0264,0.1053,0.0761,FCC
4,8.195,12.305,0.0243,0.1013,0.0755,FCC
3,8.1435,12.23,0.0217,0.0964,0.0749,FCC
3,8.621,13.415,0.0189,0.0838,0.0763,FCC
4,8.518,13.265,0.021,0.0843,0.0759,FCC
4,8.4665,13.19,0.0214,0.0835,0.0757,FCC
1,8.415,13.115,0.0212,0.082,0.0754,FCC
3,8.3635,13.04,0.0206,0.0796,0.075,FCC
4,8.312,12.965,0.0195,0.0764,0.0746,FCC
3,8.5865,13.135,0.0234,0.0998,0.0772,FCC
3,8.535,13.06,0.0245,0.0998,0.077,FCC
3,8.4835,12.985,0.0251,0.0993,0.0767,FCC
3,8.432,12.91,0.0251,0.0981,0.0764,FCC
2,8.3805,12.835,0.0247,0.0963,0.0761,FCC
2,8.329,12.76,0.0238,0.0937,0.0757,FCC
2,8.2775,12.685,0.0223,0.0903,0.0752,FCC
1,7.052,10.99,0.0423,0.1882,0.1202,BCC+FCC
1,7.4205,12.11,0.0405,0.1752,0.1155,BCC+FCC
1,7.437,12.295,0.0458,0.1947,0.0913,BCC+FCC
1,7.599,12.69,0.0419,0.1788,0.1153,BCC+FCC
1,7.4955,11.85,0.045,0.1879,0.1167,BCC+FCC
1,7.647,12.79,0.0428,0.1806,0.1154,BCC+FCC
4,7.962,11.17,0.0371,0.1698,0.1833,FCC
1,7.994,13.495,0.0501,0.1966,0.1152,BCC+FCC
1,7.9905,13.52,0.0494,0.1951,0.1152,BCC+FCC
1,7.5645,14.54,0.033,0.1565,0.2238,FCC
1,7.6575,13.555,0.0322,0.1445,0.187,FCC
1,7.547,13.79,0.0328,0.1535,0.2131,FCC
1,8.163,15.76,0.0379,0.1331,0.1949,FCC
1,8.3755,14.525,0.0346,0.1276,0.1564,FCC
4,8.613,12.925,0.0344,0.1529,0.1489,FCC
4,8.666,13.17,0.0347,0.1537,0.1565,FCC
4,8.6675,13.34,0.0357,0.1554,0.1636,FCC
4,8.616,13.265,0.0361,0.1567,0.1636,FCC
4,8.6595,12.855,0.0322,0.1495,0.1399,FCC
4,8.608,12.78,0.0325,0.1501,0.1403,FCC
2,8.7125,13.1,0.0323,0.1504,0.1484,FCC
4,8.661,13.025,0.033,0.1515,0.1487,FCC
3,8.7655,13.345,0.0325,0.1505,0.1561,FCC
3,8.714,13.27,0.0333,0.1521,0.1563,FCC
4,8.6625,13.195,0.0338,0.1534,0.1565,FCC
4,8.767,13.515,0.0334,0.1519,0.1634,FCC
2,8.6125,13.29,0.0352,0.1563,0.1636,FCC
4,8.614,13.46,0.0361,0.1582,0.1697,FCC
4,8.6545,12.71,0.0306,0.1467,0.1302,FCC
3,8.656,12.88,0.0314,0.1489,0.14,FCC
4,8.553,12.73,0.0312,0.1494,0.1407,FCC
4,8.7605,13.2,0.0309,0.1488,0.1481,FCC
4,8.6575,13.05,0.0322,0.151,0.1487,FCC
3,8.606,12.975,0.0325,0.1517,0.149,FCC
4,8.5545,12.9,0.0322,0.1519,0.1492,FCC
4,8.7105,13.295,0.0323,0.1519,0.1563,FCC
3,8.659,13.22,0.033,0.153,0.1565,FCC
4,8.6075,13.145,0.0333,0.1538,0.1567,FCC
4,8.815,13.615,0.0319,0.15,0.1633,FCC
3,8.7635,13.54,0.0329,0.1519,0.1634,FCC
3,8.712,13.465,0.0334,0.1536,0.1634,FCC
3,8.6605,13.39,0.0337,0.1549,0.1635,FCC
4,8.609,13.315,0.0342,0.1559,0.1635,FCC
4,8.8165,13.785,0.0328,0.1512,0.1698,FCC
4,8.765,13.71,0.0339,0.1534,0.1698,FCC
4,8.7135,13.635,0.0345,0.1552,0.1698,FCC
3,8.662,13.56,0.0346,0.1567,0.1697,FCC
2,8.6105,13.485,0.0351,0.1578,0.1696,FCC
4,8.7665,13.88,0.0349,0.1547,0.1755,FCC
4,8.7685,12.4,0.0405,0.1954,0.1691,FCC
1,8.7025,12.81,0.0294,0.1454,0.1298,FCC
3,8.651,12.735,0.0298,0.1458,0.1303,FCC
4,8.5995,12.66,0.0297,0.1458,0.1308,FCC
4,8.548,12.585,0.0292,0.1454,0.1313,FCC
3,8.704,12.98,0.03,0.1476,0.1397,FCC
1,8.6525,12.905,0.0306,0.1482,0.1401,FCC
2,8.601,12.83,0.0306,0.1484,0.1404,FCC
4,8.757,13.225,0.0299,0.1485,0.1482,FCC
1,8.7055,13.15,0.0307,0.1497,0.1485,FCC
3,8.6025,13,0.0315,0.1509,0.149,FCC
3,8.7585,13.395,0.031,0.1503,0.1562,FCC
4,8.707,13.32,0.0314,0.1516,0.1564,FCC
4,8.6555,13.245,0.0321,0.1526,0.1565,FCC
4,8.604,13.17,0.0324,0.1532,0.1567,FCC
4,8.8115,13.64,0.0315,0.1501,0.1632,FCC
2,8.76,13.565,0.0321,0.1519,0.1633,FCC
2,8.7085,13.49,0.0322,0.1534,0.1634,FCC
2,8.657,13.415,0.0329,0.1545,0.1635,FCC
4,8.6055,13.34,0.0333,0.1553,0.1635,FCC
4,8.813,13.81,0.0325,0.1514,0.1698,FCC
2,8.71,13.66,0.0334,0.1551,0.1697,FCC
1,8.6585,13.585,0.0337,0.1564,0.1697,FCC
2,8.607,13.51,0.0342,0.1573,0.1696,FCC
3,8.7505,12.91,0.0279,0.1441,0.1294,FCC
1,8.699,12.835,0.0287,0.1447,0.1299,FCC
3,8.6475,12.76,0.029,0.1449,0.1304,FCC
3,8.596,12.685,0.0288,0.1447,0.1309,FCC
4,8.8035,13.155,0.0275,0.1451,0.1389,FCC
2,8.752,13.08,0.0284,0.1462,0.1393,FCC
3,8.7005,13.005,0.0293,0.147,0.1398,FCC
2,8.649,12.93,0.0297,0.1474,0.1401,FCC
3,8.5975,12.855,0.0297,0.1474,0.1405,FCC
3,8.8565,13.4,0.0281,0.1452,0.1476,FCC
4,8.805,13.325,0.0286,0.1469,0.1479,FCC
2,8.7535,13.25,0.029,0.1482,0.1482,FCC
4,8.702,13.175,0.03,0.1492,0.1485,FCC
3,8.6505,13.1,0.0305,0.1498,0.1488,FCC
4,8.599,13.025,0.0306,0.15,0.149,FCC
2,8.8065,13.495,0.0297,0.1485,0.156,FCC
4,8.755,13.42,0.0298,0.15,0.1562,FCC
4,8.7035,13.345,0.0307,0.1512,0.1564,FCC
2,8.652,13.27,0.0313,0.152,0.1565,FCC
4,8.6005,13.195,0.0314,0.1524,0.1566,FCC
3,8.7565,13.59,0.0311,0.1518,0.1633,FCC
4,8.705,13.515,0.0313,0.1531,0.1634,FCC
1,8.6535,13.44,0.0321,0.154,0.1634,FCC
4,8.602,13.365,0.0323,0.1547,0.1634,FCC
3,8.7065,13.685,0.0322,0.1548,0.1696,FCC
4,8.655,13.61,0.0329,0.156,0.1696,FCC
4,8.7985,13.01,0.0261,0.1427,0.1289,FCC
4,8.747,12.935,0.0273,0.1435,0.1295,FCC
4,8.6955,12.86,0.028,0.1438,0.13,FCC
4,8.644,12.785,0.0281,0.1438,0.1305,FCC
4,8.6585,12.3,0.0361,0.1916,0.1711,FCC
4,8.8515,13.255,0.0262,0.1434,0.1386,FCC
1,8.8,13.18,0.0265,0.1447,0.139,FCC
3,8.7485,13.105,0.0278,0.1457,0.1394,FCC
1,8.697,13.03,0.0286,0.1463,0.1398,FCC
4,8.6455,12.955,0.0289,0.1465,0.1402,FCC
4,8.853,13.425,0.0273,0.1451,0.1476,FCC
1,8.8015,13.35,0.0275,0.1466,0.148,FCC
4,8.75,13.275,0.0284,0.1478,0.1483,FCC
1,8.6985,13.2,0.0293,0.1485,0.1486,FCC
2,8.647,13.125,0.0297,0.149,0.1488,FCC
3,8.5955,13.05,0.0296,0.149,0.149,FCC
4,8.803,13.52,0.0287,0.1484,0.156,FCC
3,8.7515,13.445,0.0289,0.1497,0.1562,FCC
2,8.7,13.37,0.03,0.1507,0.1564,FCC
2,8.8045,13.69,0.0299,0.15,0.1632,FCC
2,8.753,13.615,0.0298,0.1515,0.1633,FCC
2,8.8465,13.11,0.0241,0.1412,0.1285,FCC
2,8.795,13.035,0.0256,0.1421,0.1291,FCC
1,8.7435,12.96,0.0267,0.1427,0.1296,FCC
4,8.848,13.28,0.0251,0.1431,0.1386,FCC
3,8.7965,13.205,0.0261,0.1443,0.1391,FCC
4,8.745,13.13,0.0272,0.145,0.1395,FCC
3,8.8495,13.45,0.0263,0.145,0.1477,FCC
3,8.798,13.375,0.0265,0.1463,0.148,FCC
4,8.851,13.62,0.0275,0.1467,0.1558,FCC
4,8.7995,13.545,0.0274,0.1482,0.156,FCC
4,8.748,13.47,0.0283,0.1493,0.1562,FCC
4,8.33,13.155,0.033,0.1315,0.0814,FCC
1,7.9435,13.26,0.0492,0.2009,0.1081,BCC+FCC
1,7.8405,13.11,0.0462,0.2005,0.1072,BCC+FCC
4,8.272,12.765,0.0302,0.1262,0.0539,FCC
4,8.378,13.255,0.0316,0.1299,0.0816,FCC
1,7.887,13.04,0.0456,0.1978,0.0995,BCC+FCC
1,7.94,13.285,0.0481,0.2002,0.1079,BCC+FCC
4,8.3825,13.765,0.0346,0.1357,0.1047,FCC
1,7.8385,13.305,0.0462,0.2017,0.1133,BCC+FCC
3,8.32,12.865,0.0293,0.125,0.0538,FCC
3,8.373,13.11,0.0297,0.1271,0.0695,FCC
3,8.3215,13.035,0.0302,0.1277,0.0693,FCC
3,8.2715,13.13,0.0312,0.1308,0.0805,FCC
3,8.479,13.6,0.0302,0.1282,0.0918,FCC
4,8.273,13.3,0.0322,0.1334,0.0896,FCC
4,8.4805,13.77,0.0311,0.1299,0.0996,FCC
3,8.2745,13.47,0.0332,0.1358,0.0968,FCC
4,8.482,13.94,0.032,0.1314,0.106,FCC
3,8.4305,13.865,0.0331,0.1337,0.1052,FCC
1,7.938,13.48,0.048,0.2014,0.1143,BCC+FCC
4,8.4835,14.11,0.0329,0.1329,0.1111,FCC
4,8.382,14.13,0.036,0.139,0.1126,FCC
3,8.368,12.965,0.0281,0.1237,0.0536,FCC
3,8.3165,12.89,0.0283,0.1239,0.0536,FCC
4,8.265,12.815,0.0281,0.1237,0.0536,FCC
3,8.421,13.21,0.0281,0.1254,0.0695,FCC
4,8.0975,12.905,0.036,0.1623,0.074,FCC
3,8.318,13.06,0.0292,0.1268,0.0691,FCC
4,8.2665,12.985,0.0291,0.1268,0.0689,FCC
4,8.474,13.455,0.0287,0.1262,0.0819,FCC
2,8.4225,13.38,0.0292,0.1277,0.0815,FCC
4,8.371,13.305,0.0297,0.1288,0.0812,FCC
3,8.3195,13.23,0.0301,0.1295,0.0808,FCC
4,8.268,13.155,0.0301,0.1298,0.0803,FCC
4,8.4755,13.625,0.0297,0.1281,0.0915,FCC
3,8.424,13.55,0.0303,0.1298,0.091,FCC
2,8.3725,13.475,0.0304,0.1311,0.0905,FCC
2,8.321,13.4,0.031,0.132,0.0899,FCC
4,8.5285,13.87,0.0296,0.1276,0.1,FCC
3,8.477,13.795,0.0307,0.1299,0.0994,FCC
1,7.9845,13.41,0.047,0.1987,0.1079,BCC+FCC
4,8.4255,13.72,0.0314,0.1318,0.0987,FCC
1,7.933,13.335,0.0459,0.1985,0.1075,BCC+FCC
2,8.374,13.645,0.0316,0.1333,0.098,FCC
4,8.3225,13.57,0.0319,0.1344,0.0972,FCC
4,8.271,13.495,0.0321,0.1351,0.0964,FCC
1,8.089,13.73,0.0483,0.1998,0.1157,BCC+FCC
1,8.0375,13.655,0.0484,0.2004,0.1152,BCC+FCC
4,8.4785,13.965,0.0317,0.1316,0.1057,FCC
4,8.3755,13.815,0.0328,0.1353,0.104,FCC
3,8.324,13.74,0.0328,0.1366,0.1031,FCC
3,8.2725,13.665,0.0331,0.1375,0.1021,FCC
4,8.4285,14.06,0.0336,0.1353,0.1097,FCC
3,8.416,13.065,0.0267,0.1223,0.0534,FCC
2,8.3645,12.99,0.0273,0.1227,0.0535,FCC
2,8.4175,13.235,0.0273,0.1248,0.0694,FCC
2,8.366,13.16,0.028,0.1255,0.0692,FCC
2,8.3145,13.085,0.0283,0.1258,0.069,FCC
3,8.263,13.01,0.028,0.1255,0.0687,FCC
3,8.522,13.555,0.0273,0.1242,0.082,FCC
2,8.419,13.405,0.028,0.1272,0.0813,FCC
3,8.3675,13.33,0.0288,0.1281,0.0809,FCC
3,8.316,13.255,0.0292,0.1286,0.0805,FCC
4,8.4205,13.575,0.0292,0.1295,0.0908,FCC
2,8.369,13.5,0.0296,0.1306,0.0902,FCC
1,8.3175,13.425,0.0301,0.1313,0.0896,FCC
4,8.4735,13.82,0.0301,0.1298,0.0991,FCC
3,8.3705,13.67,0.0304,0.1328,0.0977,FCC
4,8.319,13.595,0.0309,0.1337,0.0969,FCC
3,8.2675,13.52,0.031,0.1342,0.0961,FCC
1,8.0855,13.755,0.0476,0.1994,0.1154,BCC+FCC
4,8.475,13.99,0.0313,0.1316,0.1054,FCC
3,8.3205,13.765,0.0318,0.1361,0.1027,FCC
2,8.464,13.165,0.025,0.1207,0.0532,FCC
2,8.4125,13.09,0.0259,0.1214,0.0533,FCC
4,8.361,13.015,0.0264,0.1216,0.0534,FCC
4,8.258,12.865,0.026,0.1206,0.0533,FCC
3,8.517,13.41,0.0255,0.1219,0.0695,FCC
4,8.4655,13.335,0.0256,0.1232,0.0694,FCC
1,8.414,13.26,0.0266,0.1241,0.0692,FCC
3,8.3625,13.185,0.0272,0.1246,0.069,FCC
3,8.311,13.11,0.0273,0.1246,0.0688,FCC
3,8.5185,13.58,0.0266,0.124,0.0818,FCC
1,8.467,13.505,0.0269,0.1255,0.0815,FCC
3,8.4155,13.43,0.0273,0.1266,0.0811,FCC
4,8.364,13.355,0.028,0.1273,0.0807,FCC
4,8.52,13.75,0.0278,0.126,0.0915,FCC
2,8.4685,13.675,0.0281,0.1277,0.0911,FCC
3,8.417,13.6,0.0279,0.129,0.0905,FCC
4,8.3655,13.525,0.0288,0.1299,0.09,FCC
4,8.314,13.45,0.0291,0.1304,0.0893,FCC
2,8.367,13.695,0.0295,0.1323,0.0974,FCC
3,8.3155,13.62,0.03,0.133,0.0966,FCC
1,8.082,13.78,0.0469,0.1989,0.1152,BCC+FCC
4,8.3685,13.865,0.0303,0.1345,0.1033,FCC
4,8.512,13.265,0.0233,0.119,0.0529,FCC
2,8.4605,13.19,0.0244,0.1199,0.0531,FCC
1,8.409,13.115,0.0252,0.1204,0.0532,FCC
3,8.3575,13.04,0.0256,0.1204,0.0532,FCC
2,8.306,12.965,0.0255,0.1199,0.0532,FCC
3,8.5135,13.435,0.0245,0.1214,0.0693,FCC
1,8.462,13.36,0.0249,0.1226,0.0692,FCC
3,8.4105,13.285,0.0259,0.1232,0.0691,FCC
1,8.359,13.21,0.0264,0.1235,0.0688,FCC
4,8.3075,13.135,0.0264,0.1232,0.0686,FCC
3,8.256,13.06,0.0259,0.1225,0.0682,FCC
3,8.515,13.605,0.0257,0.1237,0.0816,FCC
2,8.4635,13.53,0.0256,0.125,0.0813,FCC
2,8.412,13.455,0.0266,0.1259,0.0809,FCC
1,8.3605,13.38,0.0272,0.1264,0.0805,FCC
3,8.309,13.305,0.0273,0.1264,0.08,FCC
3,8.5165,13.775,0.0269,0.1258,0.0913,FCC
1,8.465,13.7,0.0269,0.1273,0.0908,FCC
4,8.4135,13.625,0.0272,0.1284,0.0903,FCC
4,8.362,13.55,0.0279,0.1291,0.0897,FCC
3,8.3105,13.475,0.0282,0.1293,0.0891,FCC
4,8.4665,13.87,0.0282,0.1294,0.0985,FCC
3,8.415,13.795,0.0279,0.1307,0.0978,FCC
2,8.3635,13.72,0.0287,0.1316,0.097,FCC
4,8.4165,13.965,0.0293,0.1329,0.1038,FCC
2,8.5085,13.29,0.0225,0.1184,0.0529,FCC
4,8.457,13.215,0.0238,0.119,0.053,FCC
1,8.4055,13.14,0.0245,0.1193,0.0531,FCC
4,8.354,13.065,0.0248,0.119,0.0531,FCC
4,8.3025,12.99,0.0245,0.1182,0.053,FCC
1,8.51,13.46,0.0232,0.1209,0.0692,FCC
1,8.4585,13.385,0.0243,0.1218,0.0691,FCC
4,8.407,13.31,0.0252,0.1223,0.0689,FCC
4,8.3555,13.235,0.0256,0.1223,0.0686,FCC
3,8.304,13.16,0.0254,0.1218,0.0684,FCC
4,8.563,13.705,0.0246,0.1217,0.0817,FCC
3,8.5115,13.63,0.0246,0.1233,0.0814,FCC
1,8.46,13.555,0.0249,0.1244,0.0811,FCC
4,8.4085,13.48,0.0258,0.1251,0.0807,FCC
2,8.357,13.405,0.0263,0.1253,0.0803,FCC
4,8.3055,13.33,0.0263,0.1251,0.0798,FCC
3,8.513,13.8,0.0259,0.1255,0.0911,FCC
4,8.4615,13.725,0.0255,0.1268,0.0906,FCC
2,8.41,13.65,0.0265,0.1277,0.09,FCC
2,8.3585,13.575,0.0271,0.1282,0.0894,FCC
4,8.4595,12.32,0.042,0.217,0.2153,FCC
4,8.582,13.11,0.0352,0.1644,0.1806,FCC
3,8.524,12.72,0.0329,0.1606,0.1642,FCC
4,8.577,12.965,0.0336,0.1622,0.1725,FCC
3,8.474,12.815,0.0335,0.163,0.1735,FCC
4,8.63,13.21,0.0336,0.1629,0.1803,FCC
4,8.5785,13.135,0.0344,0.164,0.1807,FCC
4,8.58,13.305,0.0352,0.1658,0.1882,FCC
4,8.5285,13.23,0.0356,0.1667,0.1885,FCC
3,8.477,13.155,0.0354,0.1673,0.1888,FCC
4,8.53,13.4,0.0364,0.1685,0.1953,FCC
4,8.4785,13.325,0.0364,0.1693,0.1955,FCC
4,8.5555,12.52,0.0431,0.216,0.2141,FCC
2,8.572,12.82,0.032,0.1596,0.1637,FCC
4,8.469,12.67,0.0314,0.1596,0.1649,FCC
4,8.625,13.065,0.0322,0.1609,0.1721,FCC
4,8.5735,12.99,0.0328,0.1616,0.1726,FCC
3,8.678,13.31,0.032,0.1614,0.1799,FCC
2,8.6265,13.235,0.0329,0.1627,0.1803,FCC
2,8.5235,13.085,0.0337,0.1642,0.1812,FCC
3,8.6795,13.48,0.033,0.1629,0.1876,FCC
2,8.628,13.405,0.0336,0.1643,0.1879,FCC
4,8.5765,13.33,0.0343,0.1654,0.1883,FCC
3,8.525,13.255,0.0346,0.1662,0.1886,FCC
4,8.631,13.745,0.0355,0.1674,0.2013,FCC
4,8.5295,13.765,0.0373,0.1716,0.2072,FCC
3,8.62,12.92,0.0308,0.1584,0.1632,FCC
2,8.5685,12.845,0.0312,0.1588,0.1639,FCC
2,8.517,12.77,0.031,0.1588,0.1645,FCC
4,8.4655,12.695,0.0303,0.1585,0.165,FCC
2,8.6215,13.09,0.0315,0.1604,0.1722,FCC
3,8.57,13.015,0.0319,0.161,0.1727,FCC
2,8.5185,12.94,0.0319,0.1612,0.1732,FCC
2,8.726,13.41,0.0306,0.1598,0.1796,FCC
4,8.6745,13.335,0.0311,0.1612,0.18,FCC
4,8.5715,13.185,0.0327,0.1631,0.1809,FCC
4,8.52,13.11,0.0328,0.1635,0.1813,FCC
2,8.7275,13.58,0.0316,0.1612,0.1873,FCC
4,8.676,13.505,0.032,0.1628,0.1877,FCC
2,8.6245,13.43,0.0328,0.1641,0.188,FCC
3,8.573,13.355,0.0335,0.165,0.1883,FCC
4,8.5215,13.28,0.0336,0.1656,0.1886,FCC
4,8.47,13.205,0.0333,0.1659,0.1889,FCC
2,8.6775,13.675,0.0331,0.1643,0.1947,FCC
4,8.626,13.6,0.0335,0.1657,0.1949,FCC
2,8.5745,13.525,0.0343,0.1668,0.1952,FCC
3,8.523,13.45,0.0345,0.1676,0.1954,FCC
4,8.576,13.695,0.035,0.1685,0.2014,FCC
4,8.5245,13.62,0.0354,0.1695,0.2016,FCC
2,8.668,13.02,0.0294,0.1572,0.1628,FCC
4,8.6165,12.945,0.0301,0.1577,0.1634,FCC
4,8.565,12.87,0.0303,0.158,0.164,FCC
3,8.462,12.72,0.0292,0.1572,0.1652,FCC
4,8.721,13.265,0.0287,0.158,0.1713,FCC
3,8.6695,13.19,0.03,0.1591,0.1718,FCC
4,8.618,13.115,0.0308,0.1599,0.1723,FCC
2,8.5665,13.04,0.0311,0.1603,0.1728,FCC
2,8.6195,13.285,0.0315,0.1618,0.1805,FCC
2,8.568,13.21,0.0319,0.1624,0.1809,FCC
2,8.5165,13.135,0.0318,0.1627,0.1813,FCC
2,8.724,13.605,0.0307,0.1612,0.1874,FCC
4,8.621,13.455,0.0321,0.1637,0.1881,FCC
1,8.5695,13.38,0.0327,0.1645,0.1884,FCC
4,8.518,13.305,0.0327,0.1649,0.1887,FCC
4,8.4665,13.23,0.0322,0.165,0.189,FCC
3,8.674,13.7,0.032,0.1642,0.1947,FCC
2,8.6225,13.625,0.0328,0.1655,0.195,FCC
4,8.571,13.55,0.0334,0.1664,0.1952,FCC
4,8.5725,13.72,0.0342,0.1682,0.2014,FCC
2,8.6645,13.045,0.0288,0.1566,0.1629,FCC
3,8.613,12.97,0.0294,0.157,0.1635,FCC
2,8.5615,12.895,0.0295,0.157,0.1641,FCC
3,8.51,12.82,0.0291,0.1566,0.1647,FCC
4,8.7175,13.29,0.0282,0.1577,0.1714,FCC
2,8.666,13.215,0.0294,0.1586,0.1719,FCC
2,8.6145,13.14,0.0301,0.1592,0.1725,FCC
3,8.563,13.065,0.0303,0.1594,0.173,FCC
2,8.5115,12.99,0.03,0.1593,0.1734,FCC
3,8.46,12.915,0.0292,0.1587,0.1739,FCC
2,8.719,13.46,0.0287,0.1594,0.1798,FCC
3,8.6675,13.385,0.03,0.1605,0.1802,FCC
1,8.616,13.31,0.0307,0.1613,0.1806,FCC
3,8.5645,13.235,0.031,0.1617,0.181,FCC
4,8.4965,12.86,0.0404,0.2168,0.2328,FCC
1,8.513,13.16,0.0309,0.1618,0.1814,FCC
4,8.4615,13.085,0.0302,0.1614,0.1818,FCC
3,8.7205,13.63,0.0296,0.1611,0.1874,FCC
2,8.6175,13.48,0.0314,0.1633,0.1881,FCC
3,8.566,13.405,0.0318,0.1639,0.1884,FCC
4,8.5145,13.33,0.0317,0.1641,0.1887,FCC
3,8.619,13.65,0.0321,0.1651,0.195,FCC
3,8.5675,13.575,0.0326,0.1659,0.1952,FCC
3,8.764,13.22,0.0259,0.1544,0.1618,FCC
2,8.7125,13.145,0.0273,0.1553,0.1624,FCC
4,8.661,13.07,0.0282,0.1559,0.1631,FCC
3,8.6095,12.995,0.0287,0.1561,0.1637,FCC
3,8.558,12.92,0.0287,0.1559,0.1643,FCC
4,8.714,13.315,0.0277,0.1573,0.1715,FCC
2,8.6625,13.24,0.0288,0.1581,0.1721,FCC
2,8.611,13.165,0.0294,0.1585,0.1726,FCC
3,8.5595,13.09,0.0294,0.1585,0.1731,FCC
2,8.4915,12.715,0.0383,0.2133,0.2247,FCC
3,8.508,13.015,0.029,0.1581,0.1735,FCC
4,8.767,13.56,0.0273,0.1579,0.1794,FCC
1,8.664,13.41,0.0294,0.1601,0.1803,FCC
1,8.6125,13.335,0.03,0.1607,0.1807,FCC
3,8.561,13.26,0.0302,0.1609,0.1811,FCC
4,8.717,13.655,0.0286,0.1609,0.1875,FCC
4,8.6655,13.58,0.0299,0.162,0.1879,FCC
2,8.614,13.505,0.0307,0.1627,0.1882,FCC
4,8.5625,13.43,0.031,0.1631,0.1885,FCC
4,8.982,12.925,0.0371,0.196,0.1958,FCC
4,8.9305,12.85,0.037,0.1966,0.1964,FCC
4,8.8805,12.945,0.0374,0.1988,0.2047,FCC
4,8.977,12.78,0.0355,0.1939,0.1874,FCC
3,9.03,13.025,0.036,0.1948,0.1954,FCC
4,8.9785,12.95,0.0362,0.1956,0.196,FCC
4,9.083,13.27,0.0357,0.195,0.2029,FCC
4,8.98,13.12,0.037,0.1972,0.2039,FCC
4,9.136,13.515,0.0355,0.1947,0.2099,FCC
3,8.93,13.215,0.0378,0.1995,0.2117,FCC
3,9.025,12.88,0.0346,0.1929,0.187,FCC
3,9.078,13.125,0.0346,0.1936,0.1949,FCC
3,8.975,12.975,0.0354,0.1951,0.1961,FCC
4,8.872,12.825,0.0343,0.1955,0.1972,FCC
4,9.028,13.22,0.0359,0.196,0.2035,FCC
2,8.9765,13.145,0.0362,0.1968,0.204,FCC
4,9.081,13.465,0.0357,0.1962,0.2105,FCC
4,8.978,13.315,0.037,0.1984,0.2114,FCC
3,9.031,13.56,0.0373,0.1988,0.2178,FCC
3,8.9795,13.485,0.0377,0.1998,0.2182,FCC
3,8.9295,13.58,0.0386,0.2022,0.2248,FCC
4,9.0215,12.905,0.0339,0.1924,0.1871,FCC
4,8.867,12.68,0.0322,0.1924,0.1891,FCC
3,9.126,13.225,0.033,0.1923,0.1945,FCC
3,9.023,13.075,0.0345,0.1941,0.1957,FCC
2,8.9715,13,0.0346,0.1946,0.1963,FCC
4,9.076,13.32,0.0346,0.1948,0.2031,FCC
2,8.973,13.17,0.0354,0.1963,0.2041,FCC
4,9.129,13.565,0.0339,0.1948,0.2102,FCC
3,9.0775,13.49,0.0351,0.1961,0.2106,FCC
2,9.026,13.415,0.0359,0.1972,0.211,FCC
3,8.9745,13.34,0.0361,0.198,0.2114,FCC
3,8.923,13.265,0.0359,0.1985,0.2118,FCC
4,9.079,13.66,0.0357,0.1974,0.2176,FCC
3,8.976,13.51,0.0369,0.1995,0.2183,FCC
3,9.121,13.08,0.0321,0.1906,0.1859,FCC
2,9.0695,13.005,0.0329,0.1914,0.1866,FCC
1,9.018,12.93,0.0332,0.1918,0.1873,FCC
4,8.9665,12.855,0.033,0.192,0.188,FCC
2,8.915,12.78,0.0323,0.1918,0.1886,FCC
4,8.8635,12.705,0.0311,0.1913,0.1892,FCC
2,9.1225,13.25,0.0325,0.1921,0.1946,FCC
2,9.071,13.175,0.0334,0.193,0.1952,FCC
3,8.968,13.025,0.0337,0.1939,0.1964,FCC
3,8.9165,12.95,0.0332,0.194,0.1969,FCC
3,9.0725,13.345,0.034,0.1945,0.2032,FCC
1,9.021,13.27,0.0345,0.1953,0.2038,FCC
4,8.9695,13.195,0.0345,0.1958,0.2042,FCC
4,8.918,13.12,0.0341,0.196,0.2047,FCC
4,9.1255,13.59,0.0334,0.1948,0.2103,FCC
2,9.074,13.515,0.0345,0.196,0.2107,FCC
2,9.0225,13.44,0.0352,0.1969,0.2111,FCC
1,8.971,13.365,0.0353,0.1975,0.2115,FCC
2,8.9195,13.29,0.035,0.1979,0.2119,FCC
3,9.0755,13.685,0.0351,0.1973,0.2176,FCC
4,9.024,13.61,0.0358,0.1984,0.218,FCC
3,9.1175,13.105,0.0316,0.1902,0.1861,FCC
2,9.066,13.03,0.0323,0.1909,0.1868,FCC
3,9.0145,12.955,0.0324,0.1912,0.1875,FCC
3,9.119,13.275,0.032,0.1918,0.1948,FCC
2,9.0675,13.2,0.0328,0.1926,0.1954,FCC
2,9.016,13.125,0.0331,0.1931,0.196,FCC
2,8.9645,13.05,0.0329,0.1932,0.1965,FCC
4,8.913,12.975,0.0322,0.1931,0.1971,FCC
4,9.069,13.37,0.0334,0.1942,0.2034,FCC
3,9.0175,13.295,0.0338,0.1948,0.2039,FCC
3,8.966,13.22,0.0337,0.1952,0.2044,FCC
4,8.9145,13.145,0.0331,0.1952,0.2048,FCC
4,9.122,13.615,0.0329,0.1947,0.2104,FCC
4,9.0705,13.54,0.0339,0.1957,0.2108,FCC
4,9.019,13.465,0.0344,0.1965,0.2112,FCC
4,9.072,13.71,0.0345,0.1972,0.2177,FCC
4,7.9895,11.97,0.0406,0.1684,0.0994,FCC
3,8.129,12.22,0.0382,0.1526,0.0916,FCC
4,8.0775,12.145,0.0366,0.1514,0.0922,FCC
3,8.182,12.465,0.0403,0.156,0.1039,FCC
4,8.235,12.71,0.0417,0.1585,0.1146,FCC
4,8.132,12.56,0.0404,0.1582,0.1151,FCC
4,8.2715,12.81,0.0363,0.1384,0.1052,FCC
4,8.3245,13.055,0.0371,0.1401,0.1144,FCC
4,8.177,12.32,0.0382,0.1521,0.0911,FCC
3,8.1255,12.245,0.037,0.1511,0.0917,FCC
3,8.23,12.565,0.0398,0.1552,0.1035,FCC
4,8.371,12.985,0.0349,0.1364,0.105,FCC
4,8.459,13.16,0.0296,0.1114,0.0927,FCC
4,8.2165,12.76,0.0347,0.1373,0.1052,FCC
4,8.356,13.01,0.0303,0.1136,0.0923,FCC
4,8.3225,13.25,0.0371,0.1417,0.1222,FCC
4,8.515,13.745,0.0314,0.1156,0.1163,FCC
4,8.4635,13.67,0.0326,0.118,0.1156,FCC
4,8.412,13.595,0.0333,0.1199,0.115,FCC
4,8.5165,13.915,0.0323,0.1173,0.1215,FCC
3,8.122,12.27,0.0358,0.1494,0.0918,FCC
4,8.2615,12.52,0.0322,0.1304,0.0815,FCC
4,8.401,12.77,0.0272,0.1059,0.0677,FCC
4,8.0705,12.195,0.0339,0.1477,0.0924,FCC
3,8.21,12.445,0.0313,0.1295,0.0819,FCC
3,8.366,12.84,0.0333,0.1334,0.0939,FCC
4,8.175,12.515,0.0381,0.1536,0.104,FCC
3,8.3145,12.765,0.0335,0.1337,0.0942,FCC
4,8.1235,12.44,0.0369,0.1526,0.1044,FCC
4,8.4025,12.94,0.028,0.1091,0.0815,FCC
3,8.351,12.865,0.0282,0.1095,0.0814,FCC
3,8.316,12.935,0.0344,0.1363,0.105,FCC
3,8.4555,13.185,0.0287,0.1109,0.0926,FCC
3,8.404,13.11,0.0289,0.112,0.0924,FCC
4,8.213,12.785,0.0335,0.1361,0.1051,FCC
4,8.3525,13.035,0.0292,0.1126,0.0921,FCC
3,8.5085,13.43,0.0292,0.1116,0.102,FCC
3,8.457,13.355,0.0298,0.1134,0.1017,FCC
3,8.4055,13.28,0.0299,0.1147,0.1013,FCC
4,8.354,13.205,0.0302,0.1156,0.1009,FCC
3,8.51,13.6,0.0302,0.1137,0.1096,FCC
4,8.407,13.45,0.0312,0.1173,0.1086,FCC
4,8.3555,13.375,0.0312,0.1183,0.1081,FCC
4,8.475,13.67,0.0353,0.1389,0.1296,FCC
2,8.563,13.845,0.0298,0.1131,0.1166,FCC
4,8.5115,13.77,0.0312,0.1157,0.116,FCC
4,8.3205,13.445,0.037,0.1433,0.1287,FCC
4,8.46,13.695,0.032,0.1179,0.1154,FCC
3,8.5645,14.015,0.0307,0.1147,0.1219,FCC
3,8.513,13.94,0.0322,0.1175,0.1212,FCC
4,8.566,14.185,0.0316,0.1162,0.1262,FCC
3,8.361,12.695,0.0317,0.1297,0.0806,FCC
3,8.3095,12.62,0.0316,0.1296,0.0811,FCC
4,8.449,12.87,0.0258,0.1044,0.0675,FCC
4,8.1185,12.295,0.0346,0.1476,0.0919,FCC
3,8.258,12.545,0.0311,0.1289,0.0816,FCC
4,8.2065,12.47,0.0301,0.1278,0.082,FCC
4,8.2745,12.69,0.0383,0.1533,0.1032,FCC
4,8.414,12.94,0.0319,0.132,0.0937,FCC
2,8.502,13.115,0.0263,0.1063,0.0814,FCC
4,8.4505,13.04,0.0266,0.1074,0.0814,FCC
4,8.399,12.965,0.0271,0.108,0.0814,FCC
2,8.467,13.185,0.0318,0.1333,0.1047,FCC
2,8.555,13.36,0.0268,0.1071,0.0927,FCC
2,8.364,13.035,0.0332,0.1351,0.1049,FCC
2,8.5035,13.285,0.0274,0.1089,0.0926,FCC
3,8.3125,12.96,0.0334,0.1354,0.105,FCC
3,8.261,12.885,0.0331,0.1352,0.105,FCC
3,8.52,13.43,0.032,0.1336,0.1143,FCC
3,8.4685,13.355,0.0328,0.1353,0.1143,FCC
2,8.608,13.605,0.0265,0.1068,0.1024,FCC
4,8.417,13.28,0.0332,0.1366,0.1142,FCC
4,8.5565,13.53,0.0278,0.1093,0.1021,FCC
4,8.3655,13.205,0.034,0.1375,0.1142,FCC
2,8.505,13.455,0.0285,0.1113,0.1018,FCC
3,8.314,13.13,0.0343,0.138,0.1141,FCC
3,8.2625,13.055,0.0341,0.1381,0.114,FCC
4,8.402,13.305,0.0289,0.114,0.1011,FCC
2,8.3505,13.23,0.0291,0.1146,0.1007,FCC
4,8.661,13.85,0.0256,0.1055,0.1107,FCC
4,8.6095,13.775,0.0274,0.1087,0.1103,FCC
2,8.4185,13.45,0.0342,0.1386,0.1223,FCC
3,8.558,13.7,0.0288,0.1114,0.1099,FCC
2,8.367,13.375,0.0348,0.1397,0.1221,FCC
4,8.5065,13.625,0.0296,0.1136,0.1094,FCC
3,8.3155,13.3,0.0352,0.1404,0.1219,FCC
4,8.455,13.55,0.03,0.1153,0.1089,FCC
4,8.4035,13.475,0.0299,0.1167,0.1084,FCC
4,8.611,13.945,0.0283,0.1104,0.1169,FCC
3,8.42,13.62,0.0353,0.1406,0.1292,FCC
2,8.5595,13.87,0.0298,0.1132,0.1163,FCC
2,8.3685,13.545,0.0355,0.1418,0.1289,FCC
4,8.508,13.795,0.0308,0.1156,0.1157,FCC
4,8.317,13.47,0.0361,0.1427,0.1285,FCC
2,8.4565,13.72,0.0312,0.1176,0.1151,FCC
4,8.561,14.04,0.0308,0.115,0.1216,FCC
4,8.458,13.89,0.0325,0.1197,0.1201,FCC
4,8.4065,13.815,0.0326,0.1214,0.1192,FCC
1,8.409,12.795,0.0305,0.1286,0.0802,FCC
2,8.3575,12.72,0.0308,0.1286,0.0807,FCC
4,8.497,12.97,0.0242,0.1026,0.0672,FCC
4,8.027,12.145,0.0379,0.1627,0.0994,FCC
4,8.1665,12.395,0.035,0.1474,0.0914,FCC
4,8.306,12.645,0.0307,0.1282,0.0812,FCC
4,8.115,12.32,0.0334,0.1456,0.092,FCC
3,8.394,12.82,0.0253,0.1033,0.0677,FCC
3,8.4105,12.965,0.0312,0.1312,0.0937,FCC
3,8.55,13.215,0.025,0.1042,0.0813,FCC
4,8.2195,12.64,0.037,0.1517,0.1037,FCC
3,8.359,12.89,0.0316,0.1315,0.094,FCC
4,8.4985,13.14,0.0252,0.1056,0.0813,FCC
4,8.447,13.065,0.0257,0.1065,0.0813,FCC
4,8.256,12.74,0.031,0.1307,0.0944,FCC
2,8.3955,12.99,0.0261,0.1069,0.0813,FCC
4,8.324,12.96,0.0381,0.1548,0.1141,FCC
3,8.603,13.46,0.0254,0.1047,0.0927,FCC
4,8.2725,12.885,0.0383,0.1549,0.1144,FCC
3,8.412,13.135,0.0318,0.1337,0.1048,FCC
2,8.5515,13.385,0.0261,0.1068,0.0926,FCC
2,8.3605,13.06,0.0324,0.1342,0.1049,FCC
4,8.309,12.985,0.0325,0.1343,0.1049,FCC
3,8.4485,13.235,0.0265,0.1095,0.0923,FCC
3,8.397,13.16,0.027,0.1101,0.0921,FCC
4,8.5165,13.455,0.0313,0.1335,0.1142,FCC
4,8.656,13.705,0.025,0.1041,0.1024,FCC
3,8.6045,13.63,0.0264,0.1068,0.1022,FCC
2,8.4135,13.305,0.0325,0.136,0.1142,FCC
3,8.362,13.23,0.0332,0.1367,0.1141,FCC
4,8.5015,13.48,0.0276,0.1109,0.1016,FCC
4,8.3105,13.155,0.0333,0.137,0.114,FCC
3,8.45,13.405,0.0275,0.1123,0.1013,FCC
4,8.259,13.08,0.033,0.1369,0.1139,FCC
3,8.3985,13.33,0.0279,0.1131,0.1009,FCC
4,8.4665,13.55,0.0329,0.1369,0.1224,FCC
2,8.606,13.8,0.0274,0.1088,0.1101,FCC
3,8.5545,13.725,0.0284,0.1113,0.1097,FCC
4,8.3635,13.4,0.0339,0.1391,0.122,FCC
4,8.4515,13.575,0.0289,0.1149,0.1087,FCC
3,8.6075,13.97,0.0284,0.1107,0.1167,FCC
3,8.365,13.57,0.0347,0.1413,0.1287,FCC
4,8.5045,13.82,0.0301,0.1155,0.1155,FCC
3,8.453,13.745,0.0302,0.1173,0.1148,FCC
4,8.4015,13.67,0.0298,0.1186,0.1141,FCC
4,8.369,12.72,0.0358,0.149,0.0888,FCC
4,8.457,12.895,0.0291,0.1273,0.0797,FCC
2,8.266,12.57,0.0359,0.1482,0.0903,FCC
3,8.4055,12.82,0.0298,0.1275,0.0803,FCC
3,8.545,13.07,0.0228,0.1008,0.0669,FCC
2,8.354,12.745,0.03,0.1273,0.0808,FCC
4,8.4935,12.995,0.0235,0.1016,0.0672,FCC
3,8.163,12.42,0.0339,0.1456,0.0915,FCC
2,8.3025,12.67,0.0297,0.1266,0.0812,FCC
4,8.442,12.92,0.0241,0.102,0.0674,FCC
3,8.3905,12.845,0.0243,0.1018,0.0676,FCC
4,8.06,12.27,0.03,0.1409,0.0927,FCC
2,8.3705,12.89,0.0364,0.1514,0.1024,FCC
4,8.4585,13.065,0.0296,0.1299,0.0934,FCC
3,8.598,13.315,0.0238,0.102,0.0811,FCC
4,8.2675,12.74,0.0366,0.1511,0.1034,FCC
4,8.407,12.99,0.0304,0.1303,0.0937,FCC
3,8.5465,13.24,0.024,0.1037,0.0812,FCC
4,8.3555,12.915,0.0308,0.1304,0.094,FCC
3,8.495,13.165,0.0241,0.1048,0.0812,FCC
4,8.1645,12.59,0.0349,0.149,0.1042,FCC
2,8.4435,13.09,0.0249,0.1054,0.0812,FCC
3,8.392,13.015,0.0252,0.1055,0.0812,FCC
4,8.563,13.385,0.0289,0.1297,0.1043,FCC
3,8.5115,13.31,0.0294,0.1312,0.1045,FCC
4,8.3205,12.985,0.0374,0.1539,0.1141,FCC
3,8.46,13.235,0.0302,0.1323,0.1046,FCC
3,8.5995,13.485,0.0249,0.1045,0.0926,FCC
4,8.269,12.91,0.0374,0.1538,0.1144,FCC
1,8.4085,13.16,0.0311,0.133,0.1047,FCC
4,8.548,13.41,0.0253,0.1064,0.0925,FCC
2,8.357,13.085,0.0315,0.1332,0.1048,FCC
2,8.4965,13.335,0.0252,0.1077,0.0923,FCC
2,8.3055,13.01,0.0315,0.1331,0.1049,FCC
4,8.445,13.26,0.0257,0.1086,0.0921,FCC
3,8.254,12.935,0.031,0.1325,0.1049,FCC
3,8.342,13.11,0.026,0.1088,0.0916,FCC
4,8.5645,13.555,0.0299,0.1315,0.1141,FCC
3,8.4615,13.405,0.0307,0.1345,0.1141,FCC
3,8.601,13.655,0.026,0.1068,0.1021,FCC
4,8.2705,13.08,0.0382,0.1564,0.124,FCC
3,8.5495,13.58,0.0265,0.1088,0.1018,FCC
2,8.3585,13.255,0.0323,0.1359,0.114,FCC
4,8.498,13.505,0.0265,0.1104,0.1014,FCC
3,8.307,13.18,0.0324,0.136,0.1139,FCC
3,8.4465,13.43,0.0265,0.1115,0.1011,FCC
4,8.654,13.9,0.026,0.1062,0.1103,FCC
4,8.463,13.575,0.0318,0.1366,0.1222,FCC
3,8.551,13.75,0.0277,0.1111,0.1095,FCC
2,8.36,13.425,0.0331,0.1384,0.1219,FCC
3,8.4995,13.675,0.0278,0.1129,0.109,FCC
2,8.448,13.6,0.0275,0.1143,0.1085,FCC
4,8.4645,13.745,0.033,0.1386,0.1292,FCC
4,8.2735,13.42,0.0397,0.161,0.1395,FCC
2,8.413,13.67,0.0331,0.1398,0.1289,FCC
4,8.3615,13.595,0.0339,0.1407,0.1285,FCC
4,8.501,13.845,0.0292,0.1153,0.1152,FCC
4,8.3655,12.745,0.0352,0.148,0.089,FCC
3,8.505,12.995,0.0274,0.1259,0.0793,FCC
4,8.314,12.67,0.0354,0.1475,0.0897,FCC
3,8.4535,12.92,0.0285,0.1263,0.0798,FCC
4,8.593,13.17,0.0217,0.0988,0.0666,FCC
2,8.402,12.845,0.0291,0.1264,0.0804,FCC
4,8.5415,13.095,0.0217,0.0999,0.0669,FCC
2,8.49,13.02,0.0227,0.1005,0.0672,FCC
3,8.299,12.695,0.0288,0.125,0.0813,FCC
2,8.4385,12.945,0.0233,0.1006,0.0674,FCC
4,8.2475,12.62,0.0279,0.1235,0.0817,FCC
4,8.3355,12.795,0.0229,0.0989,0.0676,FCC
2,8.4185,12.99,0.035,0.1503,0.102,FCC
3,8.367,12.915,0.0358,0.1505,0.1025,FCC
2,8.5065,13.165,0.0278,0.1284,0.0931,FCC
4,8.3155,12.84,0.036,0.1503,0.103,FCC
4,8.455,13.09,0.029,0.1291,0.0934,FCC
2,8.5945,13.34,0.0229,0.1016,0.0811,FCC
3,8.264,12.765,0.0358,0.1497,0.1034,FCC
2,8.4035,13.015,0.0297,0.1293,0.0937,FCC
4,8.543,13.265,0.0228,0.103,0.0811,FCC
3,8.2125,12.69,0.0351,0.1487,0.1039,FCC
3,8.352,12.94,0.0299,0.1291,0.094,FCC
3,8.4915,13.19,0.0234,0.1038,0.0811,FCC
3,8.161,12.615,0.0339,0.1472,0.1043,FCC
2,8.3005,12.865,0.0297,0.1285,0.0942,FCC
1,8.44,13.115,0.0241,0.1042,0.0811,FCC
2,8.3885,13.04,0.0242,0.104,0.081,FCC
4,8.1975,12.715,0.0276,0.1256,0.0945,FCC
4,8.337,12.965,0.0239,0.1032,0.0809,FCC
4,8.699,13.66,0.0226,0.0994,0.0927,FCC
2,8.508,13.335,0.0283,0.1307,0.1045,FCC
4,8.317,13.01,0.0367,0.153,0.1142,FCC
2,8.4565,13.26,0.0296,0.1316,0.1046,FCC
4,8.596,13.51,0.0241,0.1042,0.0925,FCC
4,8.2655,12.935,0.0366,0.1526,0.1145,FCC
4,8.405,13.185,0.0304,0.1321,0.1047,FCC
1,8.5445,13.435,0.0242,0.1058,0.0924,FCC
2,8.3535,13.11,0.0307,0.1321,0.1048,FCC
1,8.493,13.36,0.0241,0.1069,0.0922,FCC
3,8.302,13.035,0.0305,0.1317,0.1048,FCC
1,8.4415,13.285,0.0248,0.1075,0.092,FCC
4,8.2505,12.96,0.0299,0.1309,0.1048,FCC
3,8.5095,13.505,0.0294,0.1329,0.1141,FCC
4,8.649,13.755,0.0247,0.1043,0.1022,FCC
4,8.3185,13.18,0.0374,0.1554,0.1238,FCC
2,8.458,13.43,0.0301,0.134,0.1141,FCC
3,8.5975,13.68,0.0253,0.1066,0.1019,FCC
4,8.267,13.105,0.0374,0.1553,0.1239,FCC
4,8.4065,13.355,0.0311,0.1347,0.114,FCC
1,8.546,13.605,0.0255,0.1084,0.1016,FCC
2,8.2155,13.03,0.0369,0.1548,0.1241,FCC
2,8.355,13.28,0.0315,0.1349,0.1139,FCC
4,8.4945,13.53,0.0251,0.1098,0.1013,FCC
3,8.3035,13.205,0.0314,0.1348,0.1138,FCC
2,8.443,13.455,0.0256,0.1106,0.1009,FCC
2,8.3915,13.38,0.026,0.111,0.1005,FCC
3,8.511,13.675,0.0306,0.1349,0.1223,FCC
4,8.599,13.85,0.0266,0.1088,0.1097,FCC
3,8.2685,13.275,0.0381,0.1578,0.1322,FCC
4,8.408,13.525,0.0317,0.1371,0.1219,FCC
4,8.5475,13.775,0.0268,0.1109,0.1092,FCC
3,8.3565,13.45,0.0323,0.1376,0.1217,FCC
4,8.496,13.7,0.0266,0.1124,0.1088,FCC
4,8.4445,13.625,0.0264,0.1135,0.1082,FCC
4,8.3215,13.52,0.0387,0.16,0.1395,FCC
3,8.553,13.095,0.0254,0.1244,0.0788,FCC
3,8.362,12.77,0.0346,0.1468,0.0891,FCC
3,8.5015,13.02,0.0269,0.125,0.0794,FCC
4,8.641,13.27,0.0205,0.0966,0.0662,FCC
3,8.3105,12.695,0.0347,0.1462,0.0899,FCC
3,8.45,12.945,0.0279,0.1253,0.0799,FCC
3,8.5895,13.195,0.0205,0.098,0.0666,FCC
3,8.3985,12.87,0.0283,0.1251,0.0804,FCC
2,8.538,13.12,0.0211,0.0989,0.0669,FCC
3,8.2075,12.545,0.0332,0.1435,0.0912,FCC
3,8.347,12.795,0.0283,0.1243,0.0809,FCC
2,8.4865,13.045,0.022,0.0992,0.0671,FCC
3,8.435,12.97,0.0225,0.0989,0.0673,FCC
4,8.3835,12.895,0.0224,0.0981,0.0675,FCC
3,8.5545,13.265,0.0258,0.1268,0.0928,FCC
3,8.694,13.515,0.0212,0.0971,0.0808,FCC
4,8.503,13.19,0.0273,0.1277,0.0931,FCC
4,8.6425,13.44,0.0217,0.0993,0.0809,FCC
2,8.312,12.865,0.0353,0.1491,0.1031,FCC
1,8.4515,13.115,0.0284,0.1281,0.0934,FCC
3,8.591,13.365,0.0218,0.101,0.081,FCC
4,8.2605,12.79,0.035,0.1483,0.1035,FCC
1,8.4,13.04,0.029,0.1282,0.0937,FCC
2,8.5395,13.29,0.0216,0.1021,0.081,FCC
4,8.209,12.715,0.0341,0.147,0.1039,FCC
2,8.488,13.215,0.0227,0.1027,0.081,FCC
3,8.297,12.89,0.0287,0.1268,0.0942,FCC
3,8.4365,13.14,0.0232,0.1028,0.081,FCC
4,8.4165,13.185,0.035,0.1518,0.1135,FCC
4,8.556,13.435,0.027,0.129,0.1043,FCC
4,8.6955,13.685,0.0223,0.0995,0.0926,FCC
2,8.5045,13.36,0.0278,0.1301,0.1044,FCC
3,8.3135,13.035,0.036,0.1519,0.1142,FCC
1,8.453,13.285,0.029,0.1308,0.1046,FCC
4,8.5925,13.535,0.0231,0.1037,0.0924,FCC
2,8.4015,13.21,0.0297,0.1311,0.1047,FCC
1,8.541,13.46,0.0228,0.1051,0.0922,FCC
2,8.35,13.135,0.0299,0.1309,0.1047,FCC
1,8.4895,13.385,0.0234,0.106,0.0921,FCC
4,8.438,13.31,0.024,0.1063,0.0918,FCC
3,8.3865,13.235,0.0242,0.1062,0.0916,FCC
3,8.3665,13.28,0.0363,0.1545,0.1236,FCC
4,8.506,13.53,0.0282,0.1324,0.114,FCC
2,8.4545,13.455,0.0295,0.1333,0.114,FCC
3,8.2635,13.13,0.0365,0.1541,0.1239,FCC
2,8.403,13.38,0.0303,0.1338,0.1139,FCC
2,8.5425,13.63,0.0242,0.1079,0.1014,FCC
3,8.3515,13.305,0.0307,0.1339,0.1138,FCC
1,8.491,13.555,0.024,0.109,0.1011,FCC
3,8.4395,13.48,0.0248,0.1096,0.1007,FCC
4,8.368,13.45,0.0369,0.1567,0.1321,FCC
3,8.5075,13.7,0.0294,0.1345,0.1222,FCC
4,8.647,13.95,0.0254,0.1064,0.1099,FCC
4,8.544,13.8,0.0257,0.1105,0.109,FCC
3,8.4925,13.725,0.0251,0.1118,0.1085,FCC
4,8.597,14.045,0.0271,0.1108,0.1159,FCC
1,8.1465,16.06,0.0314,0.1086,0.1802,FCC
1,8.2185,15.64,0.0318,0.1069,0.1716,FCC
1,8.1995,16.305,0.0343,0.1149,0.1808,FCC
1,8.1685,15.735,0.0316,0.1095,0.1707,FCC
1,8.2405,15.315,0.0318,0.107,0.1615,FCC
1,8.117,15.66,0.0296,0.1074,0.1694,FCC
1,8.1945,16.16,0.0318,0.1084,0.181,FCC
1,8.1635,15.59,0.0288,0.1023,0.1701,FCC
2,8.2355,15.17,0.0293,0.1007,0.1597,FCC
1,8.184,15.095,0.0277,0.0986,0.1587,FCC
1,8.196,16.33,0.033,0.1128,0.1803,FCC
1,8.268,15.91,0.0328,0.1103,0.1728,FCC
1,8.0725,16.675,0.03,0.1111,0.184,FCC
1,8.237,15.34,0.0305,0.1051,0.1611,FCC
1,8.2695,16.08,0.034,0.114,0.1724,FCC
1,8.29,15.585,0.0326,0.1099,0.1628,FCC
1,8.366,15.915,0.0317,0.1063,0.174,FCC
1,8.3145,15.84,0.0314,0.1055,0.173,FCC
1,8.1395,16.11,0.0285,0.1029,0.1793,FCC
1,8.2835,15.27,0.0292,0.1,0.1603,FCC
1,8.2235,16.925,0.0344,0.116,0.1884,FCC
1,8.2335,15.365,0.0292,0.1029,0.1607,FCC
4,8.11,15.71,0.0265,0.1016,0.1684,FCC
1,8.1425,16.45,0.0312,0.1128,0.1763,FCC
1,8.3395,15.855,0.0329,0.1121,0.1635,FCC
1,8.1875,16.21,0.0292,0.1031,0.1801,FCC
1,8.3435,16.605,0.0333,0.1127,0.1834,FCC
1,8.3845,15.615,0.03,0.1039,0.1635,FCC
1,8.333,15.54,0.0298,0.1034,0.1625,FCC
1,8.2815,15.465,0.0291,0.1023,0.1614,FCC
4,8.158,15.81,0.0273,0.1018,0.1693,FCC
1,8.23,15.39,0.0279,0.1006,0.1602,FCC
3,8.415,13.56,0.0237,0.0829,0.0943,FCC
1,8.345,16.775,0.0342,0.1162,0.1822,FCC
1,8.2215,17.12,0.0343,0.118,0.1851,FCC
1,8.4185,16.525,0.0331,0.1148,0.1746,FCC
1,8.2435,16.795,0.0341,0.1183,0.1763,FCC
1,8.3875,15.955,0.0318,0.1107,0.1644,FCC
1,8.336,15.88,0.0318,0.1108,0.163,FCC
4,8.418,13.9,0.0257,0.0907,0.1066,FCC
1,8.348,17.115,0.036,0.1224,0.1766,FCC
1,8.4405,16.2,0.0322,0.1128,0.165,FCC
1,8.2665,16.88,0.0323,0.1091,0.1905,FCC
1,8.2355,16.31,0.0296,0.1031,0.1809,FCC
1,8.3795,15.47,0.0281,0.0983,0.1614,FCC
2,8.184,16.235,0.0279,0.1,0.1797,FCC
4,8.328,15.395,0.0277,0.0971,0.1605,FCC
4,8.2045,15.74,0.0266,0.0965,0.17,FCC
4,8.225,15.245,0.0254,0.0926,0.1586,FCC
4,8.1015,15.59,0.022,0.0881,0.1677,FCC
1,8.268,17.05,0.0333,0.1135,0.1889,FCC
4,8.4325,15.715,0.0289,0.1026,0.1641,FCC
1,8.237,16.48,0.0307,0.1079,0.1802,FCC
1,8.309,16.06,0.0302,0.1058,0.1727,FCC
1,8.381,15.64,0.029,0.1023,0.1631,FCC
1,8.278,15.49,0.0279,0.1001,0.161,FCC
4,8.3395,14.005,0.0237,0.0861,0.1159,FCC
4,8.29,16.725,0.0328,0.1138,0.1801,FCC
1,8.434,15.885,0.0296,0.106,0.1652,FCC
4,8.2385,16.65,0.0318,0.1123,0.1785,FCC
4,8.331,15.735,0.0297,0.1056,0.1627,FCC
4,8.413,13.755,0.0236,0.0855,0.1008,FCC
1,8.343,16.97,0.0341,0.1181,0.1793,FCC
1,8.487,16.13,0.0298,0.1083,0.1666,FCC
1,8.4355,16.055,0.0304,0.1092,0.1653,FCC
1,8.384,15.98,0.0308,0.1095,0.1639,FCC
4,8.2605,16.325,0.0315,0.1126,0.1692,FCC
4,8.5175,14.075,0.025,0.0871,0.1081,FCC
4,8.466,14,0.0247,0.0886,0.1072,FCC
1,8.3445,17.14,0.035,0.1213,0.1759,FCC
1,8.293,17.065,0.0348,0.121,0.1738,FCC
1,8.437,16.225,0.0312,0.1121,0.1644,FCC
1,8.3855,16.15,0.0317,0.1127,0.1628,FCC
1,8.263,16.905,0.0312,0.1066,0.19,FCC
1,8.479,15.645,0.0268,0.0975,0.1628,FCC
1,8.4275,15.57,0.0273,0.0972,0.162,FCC
1,8.232,16.335,0.0284,0.1002,0.1805,FCC
2,8.376,15.495,0.0272,0.0963,0.1611,FCC
4,8.1805,16.26,0.0265,0.0967,0.1792,FCC
4,8.2525,15.84,0.027,0.0965,0.1707,FCC
2,8.3245,15.42,0.0266,0.0948,0.1602,FCC
4,8.386,13.935,0.0221,0.08,0.1106,FCC
2,8.458,13.515,0.0206,0.0747,0.0857,FCC
3,8.3345,13.86,0.0214,0.0784,0.11,FCC
3,8.4065,13.44,0.0205,0.0741,0.0853,FCC
1,8.2645,17.075,0.0322,0.1112,0.1884,FCC
1,8.357,16.16,0.0297,0.105,0.1735,FCC
2,8.429,15.74,0.028,0.1012,0.1638,FCC
1,8.3775,15.665,0.0281,0.1006,0.1627,FCC
4,8.2025,15.935,0.0265,0.0989,0.1697,FCC
4,8.439,14.18,0.0231,0.0854,0.117,FCC
3,8.4595,13.685,0.0214,0.0794,0.0944,FCC
2,8.408,13.61,0.0215,0.0793,0.0937,FCC
1,8.41,16.405,0.0306,0.1094,0.1746,FCC
1,8.482,15.985,0.0282,0.1044,0.1659,FCC
1,8.2865,16.75,0.0317,0.1118,0.1795,FCC
1,8.4305,15.91,0.0288,0.1048,0.1647,FCC
1,8.379,15.835,0.029,0.1046,0.1635,FCC
3,8.3375,14.2,0.0237,0.0887,0.1199,FCC
4,8.4095,13.78,0.0225,0.0839,0.1005,FCC
1,8.4115,16.575,0.0314,0.1127,0.1735,FCC
1,8.288,16.92,0.0327,0.1158,0.1769,FCC
1,8.36,16.5,0.0315,0.1126,0.1719,FCC
1,8.432,16.08,0.0296,0.1081,0.1648,FCC
4,8.514,14.1,0.0238,0.0864,0.1077,FCC
4,8.4625,14.025,0.0232,0.0875,0.1068,FCC
3,8.411,13.95,0.0235,0.0881,0.1059,FCC
4,8.464,14.195,0.0247,0.0911,0.1111,FCC
2,8.3315,16.51,0.0296,0.1026,0.1825,FCC
1,8.4755,15.67,0.0261,0.096,0.1625,FCC
1,8.424,15.595,0.0264,0.0954,0.1616,FCC
3,8.5575,13.69,0.0186,0.0723,0.0863,FCC
3,8.506,13.615,0.0192,0.0728,0.0859,FCC
2,8.4545,13.54,0.0196,0.0726,0.0855,FCC
4,8.259,14.305,0.0203,0.0772,0.1285,FCC
2,8.331,13.885,0.0203,0.0753,0.1097,FCC
4,8.4255,15.765,0.0272,0.0995,0.1634,FCC
4,8.559,13.86,0.0201,0.0766,0.0952,FCC
2,8.5075,13.785,0.02,0.0775,0.0947,FCC
4,8.384,14.13,0.022,0.0828,0.116,FCC
4,8.456,13.71,0.0205,0.0777,0.0941,FCC
4,8.3325,14.055,0.0214,0.0812,0.1152,FCC
4,8.4045,13.635,0.0205,0.0771,0.0934,FCC
1,8.3345,16.85,0.0313,0.1112,0.1806,FCC
1,8.4065,16.43,0.0298,0.1079,0.1741,FCC
1,8.4785,16.01,0.0274,0.1033,0.1655,FCC
4,8.427,15.935,0.028,0.1034,0.1643,FCC
4,8.612,14.105,0.0216,0.0786,0.1031,FCC
3,8.5605,14.03,0.0215,0.0804,0.1025,FCC
4,8.3855,14.3,0.023,0.0876,0.1205,FCC
4,8.4575,13.88,0.0214,0.0822,0.101,FCC
1,8.406,13.805,0.0215,0.0821,0.1002,FCC
1,8.408,16.6,0.0306,0.1114,0.173,FCC
1,8.48,16.18,0.0281,0.1066,0.1657,FCC
4,8.4285,16.105,0.0288,0.1069,0.1643,FCC
3,8.562,14.2,0.0229,0.0839,0.1083,FCC
2,8.5105,14.125,0.0224,0.0854,0.1074,FCC
3,8.657,13.865,0.018,0.0681,0.0868,FCC
4,8.6055,13.79,0.0177,0.0698,0.0865,FCC
4,8.482,14.135,0.0202,0.0773,0.1112,FCC
4,8.5025,13.64,0.0184,0.0709,0.0857,FCC
2,8.379,13.985,0.0199,0.0746,0.1101,FCC
2,8.451,13.565,0.0186,0.0702,0.0853,FCC
3,8.3275,13.91,0.0191,0.072,0.1095,FCC
3,8.6585,14.035,0.0193,0.072,0.096,FCC
3,8.607,13.96,0.0192,0.074,0.0955,FCC
4,8.4835,14.305,0.021,0.082,0.1172,FCC
4,8.5555,13.885,0.0185,0.0753,0.095,FCC
2,8.504,13.81,0.0192,0.0758,0.0944,FCC
3,8.3805,14.155,0.0209,0.0804,0.1157,FCC
4,8.4525,13.735,0.0195,0.0756,0.0938,FCC
3,8.401,13.66,0.0194,0.0747,0.0932,FCC
3,8.66,14.205,0.0206,0.0756,0.1035,FCC
3,8.557,14.055,0.0201,0.0794,0.1022,FCC
3,8.4335,14.4,0.0221,0.0863,0.1211,FCC
4,8.5055,13.98,0.0199,0.0803,0.1014,FCC
4,8.454,13.905,0.0204,0.0805,0.1007,FCC
4,8.4865,14.645,0.0225,0.0903,0.1256,FCC
3,8.5585,14.225,0.0217,0.0831,0.1079,FCC
3,8.477,13.54,0.0316,0.1551,0.1742,FCC
4,8.472,13.395,0.0293,0.1507,0.1681,FCC
4,8.176,13.37,0.0349,0.1538,0.1123,FCC
4,8.078,12.905,0.0357,0.1629,0.1075,FCC
1,7.5295,12.965,0.0466,0.2069,0.1104,BCC+FCC
4,8.1905,13.795,0.0297,0.1335,0.1114,FCC
3,8.1855,13.65,0.0274,0.1284,0.1054,FCC
3,8.1805,13.505,0.0251,0.1225,0.0982,FCC
3,8.2865,13.995,0.0289,0.1319,0.1123,FCC
1,8.0015,14.08,0.046,0.1978,0.1285,BCC+FCC
3,8.282,12.76,0.039,0.1923,0.1882,FCC
1,8.3895,13.505,0.0304,0.1634,0.199,FCC
4,8.4425,13.75,0.0327,0.1669,0.2051,FCC
2,8.3845,13.36,0.0281,0.1588,0.1923,FCC
3,8.4375,13.605,0.0306,0.163,0.1988,FCC
4,8.1355,13.425,0.0322,0.1384,0.1346,FCC
4,8.2765,13.845,0.0302,0.1208,0.1269,FCC
4,7.922,15.265,0.0298,0.1268,0.195,FCC
4,7.8485,12.44,0.0348,0.1514,0.1287,FCC
1,8.1305,13.28,0.0296,0.1327,0.128,FCC
3,8.2715,13.7,0.0279,0.1159,0.1218,FCC
3,8.3245,13.945,0.0295,0.1198,0.1273,FCC
4,7.9845,12.715,0.0289,0.1367,0.1212,FCC
3,8.1255,13.135,0.0271,0.1262,0.1205,FCC
2,8.2665,13.555,0.0256,0.1101,0.1156,FCC
4,8.2315,13.625,0.0324,0.1375,0.1349,FCC
3,8.1205,12.99,0.0246,0.1186,0.1118,FCC
3,8.3145,13.655,0.0254,0.1095,0.1159,FCC
3,8.3675,13.9,0.0267,0.114,0.1224,FCC
1,8.173,14.545,0.0494,0.2023,0.1406,BCC+FCC
1,8.0165,14.39,0.0501,0.1972,0.1436,BCC+FCC
1,8.0915,14.31,0.0497,0.1993,0.1374,BCC+FCC
1,8.0075,14.635,0.0486,0.196,0.149,BCC+FCC
1,8.3205,16.06,0.0357,0.1299,0.1891,FCC
1,8.461,15.245,0.0306,0.1217,0.1653,FCC
1,8.464,15.585,0.0317,0.1272,0.1712,FCC
1,8.312,15.94,0.0333,0.1226,0.1867,FCC
3,8.4805,12.485,0.0372,0.1759,0.1192,FCC
1,8.5285,12.585,0.0368,0.1752,0.1186,FCC
3,8.5765,12.685,0.0362,0.1745,0.118,FCC
4,8.525,12.61,0.0361,0.1742,0.1188,FCC
4,8.6845,12.34,0.0411,0.2036,0.1833,FCC
4,8.633,12.265,0.04,0.2031,0.1842,FCC
4,8.6295,12.29,0.039,0.2019,0.1844,FCC
4,8.7805,12.54,0.0406,0.2023,0.1819,FCC
3,8.6775,12.39,0.0394,0.2016,0.1838,FCC
1,8.674,12.415,0.0386,0.2004,0.184,FCC
4,8.4655,12.19,0.0353,0.1638,0.1247,FCC
4,8.462,12.215,0.0342,0.1624,0.1249,FCC
4,8.5615,12.39,0.0349,0.1626,0.1235,FCC
3,8.4585,12.24,0.0331,0.161,0.1251,FCC
2,8.6095,12.49,0.0343,0.1619,0.1229,FCC
3,8.558,12.415,0.0341,0.1614,0.1237,FCC
3,8.455,12.265,0.0321,0.1594,0.1253,FCC
3,8.606,12.515,0.0336,0.1608,0.1231,FCC
3,8.5545,12.44,0.0332,0.1602,0.1239,FCC
3,8.503,12.365,0.0324,0.1591,0.1247,FCC
4,8.4515,12.29,0.031,0.1576,0.1255,FCC
4,8.7055,12.69,0.0324,0.1601,0.1217,FCC
4,8.654,12.615,0.0329,0.16,0.1225,FCC
2,8.6025,12.54,0.0329,0.1596,0.1233,FCC
3,8.551,12.465,0.0324,0.1588,0.1241,FCC
4,8.4995,12.39,0.0314,0.1575,0.1249,FCC
1,8.3345,15.135,0.038,0.1626,0.2257,FCC
1,8.1595,15.405,0.0324,0.1564,0.2366,FCC
1,8.3035,14.565,0.0344,0.1583,0.2128,FCC
1,8.18,14.91,0.0311,0.1547,0.2251,FCC
1,8.3825,15.235,0.0389,0.1626,0.2258,FCC
1,8.451,14.84,0.0379,0.1598,0.2129,FCC
1,8.2965,14.615,0.0316,0.1539,0.2126,FCC
1,8.4475,14.865,0.0369,0.1582,0.2128,FCC
1,8.324,15.21,0.0341,0.1564,0.2255,FCC
1,8.2725,15.135,0.032,0.1534,0.2253,FCC
1,8.444,14.89,0.0358,0.1564,0.2128,FCC
4,8.4745,12.835,0.0284,0.1442,0.145,FCC
4,8.5225,12.935,0.0286,0.1439,0.1447,FCC
4,8.471,12.86,0.0272,0.1423,0.1451,FCC
4,8.725,13.26,0.0288,0.1447,0.143,FCC
3,8.6735,13.185,0.0292,0.1447,0.1435,FCC
2,8.622,13.11,0.0292,0.1443,0.1439,FCC
2,8.5705,13.035,0.0286,0.1435,0.1444,FCC
4,8.519,12.96,0.0275,0.1421,0.1448,FCC
4,8.4675,12.885,0.026,0.1403,0.1452,FCC
4,8.773,13.36,0.0274,0.1436,0.1426,FCC
3,8.7215,13.285,0.0282,0.1438,0.1431,FCC
3,8.67,13.21,0.0285,0.1436,0.1436,FCC
4,8.6185,13.135,0.0283,0.1429,0.144,FCC
3,8.567,13.06,0.0276,0.1418,0.1445,FCC
4,8.254,12.295,0.0379,0.1885,0.155,FCC
3,8.35,12.495,0.0386,0.1876,0.1539,FCC
4,8.2985,12.42,0.0373,0.1869,0.1547,FCC
4,8.247,12.345,0.0355,0.1858,0.1554,FCC
2,8.3465,12.52,0.0376,0.1865,0.1541,FCC
2,8.446,12.695,0.0383,0.1864,0.1527,FCC
1,8.3945,12.62,0.0377,0.186,0.1535,FCC
2,8.343,12.545,0.0367,0.1853,0.1543,FCC
3,8.2915,12.47,0.0352,0.1841,0.155,FCC
4,8.494,12.795,0.0377,0.1857,0.1521,FCC
1,8.4425,12.72,0.0376,0.1855,0.1529,FCC
3,8.391,12.645,0.0369,0.1849,0.1537,FCC
2,8.3395,12.57,0.0357,0.1839,0.1545,FCC
2,8.542,12.895,0.0369,0.1849,0.1515,FCC
2,8.4905,12.82,0.0371,0.1848,0.1524,FCC
3,8.439,12.745,0.0368,0.1844,0.1531,FCC
2,8.3875,12.67,0.0361,0.1836,0.1539,FCC
4,8.043,12.17,0.0376,0.1621,0.0673,FCC
4,7.9915,12.095,0.0356,0.1604,0.0681,FCC
4,8.131,12.345,0.0331,0.1439,0.0537,FCC
4,8.0395,12.195,0.0365,0.1603,0.0675,FCC
4,8.1275,12.37,0.0319,0.1422,0.0538,FCC
3,8.227,12.545,0.0329,0.1427,0.0525,FCC
4,8.1755,12.47,0.0321,0.1418,0.0532,FCC
3,8.172,12.495,0.031,0.1402,0.0533,FCC
4,8.1205,12.42,0.0296,0.1385,0.0539,FCC
3,8.323,12.745,0.0316,0.1412,0.0511,FCC
3,8.2715,12.67,0.0315,0.1407,0.0519,FCC
1,8.371,12.845,0.0306,0.1402,0.0503,FCC
3,8.3195,12.77,0.0309,0.14,0.0512,FCC
3,8.268,12.695,0.0307,0.1392,0.052,FCC
4,8.2165,12.62,0.03,0.138,0.0527,FCC
4,8.165,12.545,0.0288,0.1363,0.0534,FCC
2,8.419,12.945,0.0293,0.1392,0.0496,FCC
1,8.3675,12.87,0.03,0.1391,0.0505,FCC
4,8.316,12.795,0.0302,0.1386,0.0513,FCC
1,8.2645,12.72,0.0299,0.1376,0.0521,FCC
1,7.6525,15.505,0.0346,0.16,0.1885,FCC
1,7.7405,13.175,0.0418,0.1895,0.1149,BCC+FCC
1,7.921,15.76,0.0311,0.1359,0.1846,FCC
1,8.065,14.92,0.0337,0.1372,0.1623,FCC
1,7.768,13.77,0.0442,0.1915,0.1366,BCC+FCC
1,7.84,13.35,0.044,0.1917,0.1149,BCC+FCC
1,7.8695,15.685,0.0291,0.1316,0.1836,FCC
1,8.0855,14.425,0.0325,0.1344,0.1473,FCC
1,7.7885,13.275,0.0424,0.1898,0.1149,BCC+FCC
1,7.6695,15.035,0.0331,0.1554,0.1771,FCC
1,7.9485,16.355,0.0337,0.1387,0.1947,FCC
1,7.8675,13.945,0.0466,0.1937,0.1368,BCC+FCC
1,7.6765,16.125,0.0349,0.1589,0.1984,FCC
1,7.969,15.86,0.0322,0.1366,0.1852,FCC
1,8.041,15.44,0.0337,0.1375,0.175,FCC
1,7.816,13.87,0.0449,0.1918,0.1367,BCC+FCC
1,7.888,13.45,0.0451,0.1917,0.1148,BCC+FCC
1,7.9895,15.365,0.0311,0.1344,0.1742,FCC
1,8.1335,14.525,0.033,0.1343,0.1476,FCC
1,7.785,13.3,0.0418,0.1878,0.1148,BCC+FCC
1,7.9965,16.455,0.0349,0.1394,0.1954,FCC
1,7.945,16.38,0.0326,0.1356,0.1943,FCC
1,7.8125,13.895,0.0442,0.1899,0.1366,BCC+FCC
1,7.842,16.23,0.0282,0.1255,0.192,FCC
1,7.986,15.39,0.0297,0.1315,0.1739,FCC
1,8.13,14.55,0.0318,0.1322,0.1474,FCC
1,7.833,13.4,0.0425,0.1882,0.1148,BCC+FCC
1,7.73,13.25,0.04,0.1828,0.1147,BCC+FCC
1,7.912,14.07,0.0466,0.1921,0.1367,BCC+FCC
1,8.034,15.49,0.0311,0.1322,0.1744,FCC
1,7.881,13.5,0.0431,0.1884,0.1147,BCC+FCC
1,7.9105,15.835,0.0283,0.1255,0.1835,FCC
1,8.0545,14.995,0.0298,0.1298,0.1615,FCC
1,8.257,15.32,0.0347,0.1363,0.1638,FCC
1,7.9805,13.675,0.0456,0.1901,0.1146,BCC+FCC
1,8.0305,15.515,0.0297,0.1292,0.1741,FCC
1,7.826,13.45,0.0413,0.184,0.1146,BCC+FCC
1,7.7745,13.375,0.04,0.1811,0.1146,BCC+FCC
1,7.626,12.8,0.0474,0.2037,0.0896,BCC+FCC
4,8.1845,13.115,0.0252,0.1186,0.0794,FCC
1,7.9565,14.195,0.0466,0.1905,0.1367,BCC+FCC
4,8.181,13.14,0.0241,0.1162,0.0792,FCC
1,7.922,13.65,0.0425,0.1848,0.1145,BCC+FCC
4,8.229,13.24,0.0243,0.1161,0.0793,FCC
3,8.1775,13.165,0.0229,0.1135,0.0791,FCC
4,8.247,12.025,0.0406,0.1916,0.1592,FCC
4,8.3185,11.9,0.0452,0.2267,0.2057,FCC
4,8.335,12.2,0.0361,0.1761,0.1579,FCC
4,8.2435,12.05,0.0394,0.1901,0.1594,FCC
4,8.431,12.4,0.0365,0.1751,0.1567,FCC
4,8.24,12.075,0.0383,0.1885,0.1597,FCC
4,8.328,12.25,0.0337,0.1733,0.1583,FCC
4,8.391,12.325,0.0421,0.1906,0.1572,FCC
4,8.479,12.5,0.0363,0.1745,0.1561,FCC
3,8.288,12.175,0.0392,0.1885,0.159,FCC
3,8.4275,12.425,0.0355,0.174,0.1569,FCC
4,8.3245,12.275,0.0326,0.1717,0.1585,FCC
4,8.439,12.425,0.0421,0.1901,0.1565,FCC
4,8.527,12.6,0.0358,0.1738,0.1555,FCC
4,8.4755,12.525,0.0354,0.1734,0.1563,FCC
4,8.3725,12.375,0.0332,0.1715,0.1579,FCC
4,8.575,12.7,0.0351,0.173,0.1549,FCC
2,8.5235,12.625,0.0351,0.1728,0.1557,FCC
4,8.4205,12.475,0.0336,0.1713,0.1574,FCC
4,8.2295,12.15,0.036,0.183,0.1604,FCC
3,8.623,12.8,0.0341,0.1721,0.1543,FCC
4,8.3805,12.4,0.0396,0.1867,0.1579,FCC
3,8.329,12.325,0.0381,0.1852,0.1588,FCC
1,8.2005,15.17,0.0364,0.1727,0.2527,FCC
1,8.149,15.095,0.0341,0.1702,0.2527,FCC
1,8.0975,15.02,0.0324,0.1673,0.2527,FCC
1,8.0735,15.54,0.0327,0.1661,0.2641,FCC
1,8.1455,15.12,0.0333,0.1679,0.2527,FCC
4,8.399,12.895,0.0318,0.1604,0.1764,FCC
4,8.159,14.675,0.0302,0.1611,0.2401,FCC
2,8.2585,14.85,0.0325,0.1647,0.2399,FCC
4,8.495,13.095,0.0318,0.1593,0.1756,FCC
1,8.533,14.755,0.0372,0.1679,0.2253,FCC
1,8.3375,15.52,0.0374,0.1692,0.2525,FCC
4,8.4915,13.12,0.0308,0.1581,0.1757,FCC
4,8.5395,13.22,0.0305,0.1575,0.1753,FCC
4,8.4365,13.07,0.0287,0.1555,0.1764,FCC
2,8.385,12.995,0.027,0.1539,0.1769,FCC
3,8.6905,13.47,0.0291,0.1567,0.1737,FCC
2,8.5875,13.32,0.03,0.1568,0.1749,FCC
4,8.536,13.245,0.0297,0.1562,0.1754,FCC
3,8.4845,13.17,0.0289,0.1552,0.176,FCC
4,8.3815,13.02,0.0259,0.1519,0.177,FCC
4,8.7845,12.285,0.0383,0.2071,0.1807,FCC
4,8.8325,12.385,0.0387,0.2066,0.1801,FCC
4,8.8805,12.485,0.0389,0.2061,0.1795,FCC
4,8.829,12.41,0.0378,0.2056,0.1804,FCC
4,8.98,12.66,0.0391,0.2055,0.178,FCC
4,8.877,12.51,0.0381,0.2052,0.1797,FCC
4,8.774,12.36,0.0351,0.2035,0.1814,FCC
3,9.028,12.76,0.0384,0.2047,0.1774,FCC
4,8.8735,12.535,0.0372,0.2041,0.18,FCC
3,8.822,12.46,0.0359,0.2033,0.1808,FCC
3,8.7705,12.385,0.034,0.2021,0.1816,FCC
1,8.6225,14.66,0.0369,0.2026,0.2607,FCC
4,8.355,15.845,0.0321,0.1947,0.2957,FCC
4,8.643,14.165,0.0349,0.2007,0.2472,FCC
4,8.5195,14.51,0.0339,0.1982,0.261,FCC
1,8.595,15.205,0.0369,0.2007,0.2732,FCC
1,7.8455,15.885,0.0337,0.1378,0.2148,FCC
1,7.778,15.215,0.0369,0.1516,0.2145,FCC
1,7.9895,15.045,0.0362,0.1422,0.1937,FCC
4,8.01,14.55,0.035,0.14,0.1802,FCC
1,7.8145,15.315,0.0306,0.1311,0.2039,FCC
4,7.9745,15.07,0.0268,0.116,0.1814,FCC
4,7.907,14.4,0.0303,0.1328,0.1795,FCC
3,8.0465,14.65,0.0289,0.1173,0.1692,FCC
2,7.8555,14.325,0.0286,0.1281,0.1792,FCC
1,7.826,15.315,0.0381,0.153,0.2147,FCC
1,7.986,15.07,0.0347,0.1395,0.1935,FCC
1,7.8625,15.415,0.0318,0.1326,0.2042,FCC
1,8.074,15.245,0.0311,0.1205,0.1825,FCC
1,8.146,14.825,0.0321,0.1204,0.1701,FCC
4,7.9505,15.59,0.027,0.1145,0.1922,FCC
2,7.955,14.5,0.0312,0.1337,0.1797,FCC
4,8.0945,14.75,0.03,0.1177,0.1696,FCC
2,7.971,15.095,0.0254,0.1123,0.1811,FCC
4,8.043,14.675,0.0274,0.1142,0.169,FCC
4,7.7755,15.86,0.0217,0.0946,0.1985,FCC
1,8.225,15.495,0.0353,0.1255,0.1842,FCC
1,8.1015,15.84,0.0333,0.1235,0.1943,FCC
1,8.1735,15.42,0.034,0.1234,0.1836,FCC
1,7.931,15.02,0.0318,0.1323,0.1929,FCC
4,8.0395,14.7,0.0258,0.1109,0.1687,FCC
4,7.997,12.445,0.0314,0.1436,0.1106,FCC
4,8.276,12.945,0.027,0.1058,0.0903,FCC
1,8.2215,15.52,0.0343,0.1233,0.1839,FCC
1,8.098,15.865,0.032,0.1206,0.194,FCC
4,7.628,15.04,0.0333,0.1453,0.2222,FCC
1,8.051,14.7,0.0336,0.1351,0.1801,FCC
1,8.1905,14.95,0.0314,0.1179,0.1702,FCC
1,8.123,14.28,0.0345,0.1356,0.1651,FCC
1,7.9995,14.625,0.0312,0.1314,0.1798,FCC
4,8.3755,13.12,0.027,0.1057,0.09,FCC
3,8.324,13.045,0.0267,0.105,0.0901,FCC
3,8.133,12.72,0.0286,0.1249,0.1017,FCC
4,8.2725,12.97,0.0258,0.1037,0.0902,FCC
1,8.2695,15.62,0.0343,0.1231,0.1843,FCC
1,7.955,15.64,0.033,0.1317,0.2048,FCC
4,8.043,15.815,0.0281,0.113,0.1929,FCC
3,8.372,13.145,0.026,0.1041,0.09,FCC
3,8.3205,13.07,0.0256,0.103,0.0901,FCC
4,7.8505,12.245,0.0348,0.1497,0.118,FCC
4,8.1295,12.745,0.0273,0.1223,0.1017,FCC
4,8.269,12.995,0.0246,0.1013,0.0901,FCC
4,8.42,13.245,0.0251,0.103,0.0898,FCC
4,8.0895,12.67,0.0325,0.1419,0.11,FCC
2,8.3685,13.17,0.0251,0.1022,0.0899,FCC
4,7.8985,12.345,0.0355,0.151,0.1176,FCC
3,8.1775,12.845,0.028,0.1225,0.1014,FCC
3,8.317,13.095,0.0245,0.1008,0.09,FCC
4,8.054,13.19,0.0246,0.1183,0.1269,FCC
2,8.126,12.77,0.026,0.1195,0.1017,FCC
3,8.2655,13.02,0.0235,0.0988,0.09,FCC
1,8.1905,16.09,0.0326,0.1186,0.1947,FCC
1,8.2625,15.67,0.0324,0.1186,0.1838,FCC
4,8.468,13.345,0.024,0.1018,0.0896,FCC
4,8.277,13.02,0.0295,0.1245,0.1008,FCC
4,7.9465,12.445,0.0361,0.1521,0.1171,FCC
3,8.2255,12.945,0.0284,0.1225,0.1012,FCC
3,8.365,13.195,0.0241,0.1002,0.0899,FCC
4,8.1695,13.96,0.0231,0.0995,0.1369,FCC
2,8.174,12.87,0.0268,0.1199,0.1014,FCC
3,8.1225,12.795,0.0247,0.1165,0.1017,FCC
3,8.262,13.045,0.0223,0.0959,0.09,FCC
3,8.5675,13.52,0.0214,0.1001,0.0893,FCC
3,8.516,13.445,0.0226,0.1005,0.0895,FCC
4,8.119,12.82,0.0234,0.1133,0.1017,FCC
1,8.018,15.565,0.0351,0.1809,0.2177,FCC
1,8.059,14.575,0.0325,0.1778,0.1936,FCC
1,8.0865,15.17,0.0348,0.1799,0.2066,FCC
1,7.4645,12.305,0.0456,0.1902,0.1076,BCC+FCC
1,7.5125,12.405,0.0464,0.1921,0.1072,BCC+FCC
1,7.6485,12.68,0.0423,0.1829,0.0983,BCC+FCC
3,11.654,7.26,0.0455,0.631,0.1458,BCC
3,11.824,7.27,0.0449,0.6231,0.1468,BCC
4,12.461,6.885,0.0384,0.6702,0.1371,BCC
3,12.7995,6.91,0.0388,0.692,0.136,BCC
3,12.9695,6.92,0.0384,0.6838,0.1365,BCC
4,11.5475,6.89,0.0385,0.6389,0.1333,BCC
4,11.886,6.915,0.0398,0.6605,0.1323,BCC
3,11.0405,6.85,0.0341,0.5879,0.1378,BCC
3,12.056,6.925,0.0393,0.6524,0.1345,BCC
3,12.3945,6.95,0.0403,0.6741,0.1333,BCC
3,11.8875,6.91,0.0374,0.6229,0.1367,BCC
4,12.5645,6.96,0.0398,0.666,0.1343,BCC
2,12.7345,6.97,0.0394,0.6579,0.1342,BCC
3,10.804,6.905,0.0364,0.5993,0.131,BCC
3,10.974,6.915,0.0359,0.5913,0.1338,BCC
2,11.3125,6.94,0.0379,0.6128,0.1327,BCC
3,10.569,6.955,0.0359,0.573,0.1307,BCC
4,10.9075,6.98,0.0377,0.5946,0.1296,BCC
3,11.246,7.005,0.0396,0.6162,0.1285,BCC
3,10.4005,6.94,0.0336,0.5435,0.134,BCC
4,10.739,6.965,0.0354,0.5651,0.1328,BCC
4,11.0775,6.99,0.0372,0.5867,0.1316,BCC
4,11.416,7.015,0.039,0.6082,0.1304,BCC
3,11.7545,7.04,0.041,0.6298,0.1292,BCC
3,11.2475,7,0.0366,0.5787,0.1325,BCC
4,11.586,7.025,0.0384,0.6003,0.1312,BCC
2,11.9245,7.05,0.0404,0.6219,0.1299,BCC
3,10.334,7.005,0.0348,0.5466,0.1299,BCC
4,10.504,7.015,0.0342,0.5386,0.1313,BCC
3,11.181,7.065,0.0382,0.5819,0.1288,BCC
3,11.0125,7.05,0.0356,0.5524,0.1302,BCC
1,8.033,15.11,0.029,0.1127,0.1679,FCC
4,8.0345,15.28,0.0306,0.1178,0.1675,FCC
4,7.9125,14.475,0.0308,0.1257,0.1649,FCC
1,8.179,15.87,0.0494,0.1593,0.1548,BCC+FCC
1,8.129,15.965,0.0495,0.1615,0.1438,BCC+FCC
1,8.17,14.975,0.047,0.1552,0.1381,BCC+FCC
1,8.021,15.935,0.05,0.1689,0.1469,BCC+FCC
1,8.237,14.675,0.0502,0.162,0.1456,BCC+FCC
1,8.0415,15.44,0.0489,0.1664,0.1466,BCC+FCC
1,8.062,14.945,0.0478,0.1638,0.1438,BCC+FCC
1,8.1665,15.265,0.052,0.1675,0.1426,BCC+FCC
1,8.156,14.2,0.0483,0.1613,0.1298,BCC+FCC
1,8.1525,14.49,0.0535,0.1731,0.1364,BCC+FCC
1,8.173,13.995,0.0522,0.1702,0.1303,BCC+FCC
3,7.903,12.89,0.0399,0.1525,0.1421,BCC+FCC
1,8.2005,14.68,0.0372,0.167,0.2256,FCC
1,8.149,14.605,0.0352,0.1638,0.2254,FCC
1,8.0835,13.755,0.035,0.1644,0.2129,FCC
1,7.756,15,0.0341,0.1467,0.182,FCC
1,7.5205,12.365,0.0443,0.1924,0.1158,BCC+FCC
1,7.486,12.085,0.0463,0.1965,0.1163,BCC+FCC
4,7.9635,14.565,0.0325,0.1682,0.2529,FCC
4,8.0355,14.145,0.0335,0.171,0.2407,FCC
1,7.9805,14.36,0.0368,0.1776,0.2533,FCC
1,7.929,14.285,0.0346,0.1731,0.2532,FCC
1,7.8555,14.59,0.0356,0.1448,0.1929,FCC
1,7.995,14.84,0.0335,0.1316,0.1821,FCC
4,7.5925,14.685,0.0317,0.1416,0.2133,FCC
1,7.804,14.515,0.0334,0.1399,0.1924,FCC
4,7.876,14.095,0.0345,0.1431,0.1798,FCC
1,7.685,13.77,0.0346,0.1477,0.1884,FCC
1,7.892,14.69,0.0287,0.1231,0.1806,FCC
4,7.964,14.27,0.0293,0.1256,0.1687,FCC
4,7.8405,14.615,0.0268,0.1175,0.1798,FCC
1,7.9125,14.195,0.0273,0.1212,0.1681,FCC
1,7.718,14.16,0.033,0.1397,0.1917,FCC
4,7.8575,14.41,0.0316,0.1303,0.1802,FCC
1,7.79,13.74,0.035,0.1447,0.1794,FCC
2,7.7385,13.665,0.0328,0.1389,0.179,FCC
1,7.878,13.915,0.0305,0.1287,0.1679,FCC
1,7.5955,13.705,0.0363,0.1564,0.2019,FCC
1,7.8025,14.625,0.0342,0.1377,0.1904,FCC
1,7.735,13.955,0.037,0.1509,0.1921,FCC
1,7.6835,13.88,0.0343,0.1444,0.1915,FCC
1,7.7715,14.055,0.0314,0.1304,0.179,FCC
4,7.8435,13.635,0.0332,0.1354,0.1677,FCC
4,7.792,13.56,0.031,0.1294,0.1669,FCC
1,7.649,13.6,0.035,0.1485,0.1913,FCC
1,7.6145,13.32,0.0351,0.152,0.1911,FCC
1,7.7025,13.495,0.0337,0.1402,0.178,FCC
1,8.25,14.59,0.0384,0.2149,0.2121,FCC
1,7.9835,14.145,0.0366,0.1877,0.1938,FCC
1,7.8975,13.79,0.0376,0.1898,0.1936,FCC
2,10.9965,6.91,0.0413,0.5067,0.1464,BCC
4,11.1665,6.92,0.0407,0.4986,0.1489,BCC
4,9.3615,6.685,0.0372,0.5089,0.1335,BCC
3,9.1265,6.735,0.037,0.484,0.1396,BCC
4,9.465,6.76,0.0385,0.5054,0.1394,BCC
3,9.3335,6.885,0.0385,0.4762,0.1481,BCC
4,8.584,6.855,0.0393,0.4732,0.144,BCC
3,9.261,6.905,0.0424,0.5168,0.144,BCC
3,7.91,7.1,0.0391,0.4254,0.1599,BCC
4,7.706,7.245,0.0425,0.4297,0.1609,BCC
4,11.8875,6.735,0.0432,0.5643,0.1459,BCC
3,11.2475,6.825,0.0424,0.5232,0.1423,BCC
4,8.6115,6.495,0.0385,0.4814,0.1282,BCC
4,8.95,6.52,0.0401,0.5035,0.128,BCC
3,9.627,6.57,0.0432,0.547,0.1275,BCC
3,8.2535,6.595,0.0425,0.4732,0.1343,BCC
4,8.592,6.62,0.0443,0.4956,0.1341,BCC
4,9.8535,6.595,0.0382,0.5124,0.1285,BCC
3,8.8185,6.645,0.0384,0.4713,0.1371,BCC
2,9.157,6.67,0.0404,0.4935,0.1367,BCC
4,8.122,6.72,0.0402,0.4384,0.1444,BCC
3,8.4605,6.745,0.0411,0.4613,0.144,BCC
4,8.799,6.77,0.0428,0.4839,0.1437,BCC
4,9.599,6.77,0.0425,0.5104,0.1389,BCC
4,9.364,6.82,0.0399,0.4831,0.1414,BCC
3,9.7025,6.845,0.0423,0.5052,0.1408,BCC
3,9.3445,6.945,0.0431,0.4943,0.1486,BCC
1,8.288,15.205,0.0383,0.1659,0.2293,FCC
1,8.257,14.635,0.0345,0.1617,0.217,FCC
1,7.9265,13.16,0.0472,0.1919,0.1234,BCC+FCC
1,7.766,12.825,0.0413,0.1926,0.0984,BCC+FCC
1,7.9,15.48,0.0326,0.1448,0.1754,FCC
1,7.903,13.885,0.0513,0.2028,0.1369,BCC+FCC
1,7.9265,13.73,0.0517,0.2042,0.1293,BCC+FCC
1,8.0265,14.57,0.0478,0.1829,0.1455,BCC+FCC
1,7.997,14.17,0.0468,0.1822,0.1322,BCC+FCC
4,8.257,12.315,0.0452,0.1988,0.1787,FCC
1,7.871,15.535,0.0349,0.1446,0.2067,FCC
1,7.943,15.115,0.0361,0.146,0.1964,FCC
1,7.8915,15.04,0.0336,0.1427,0.1958,FCC
1,7.9635,14.62,0.0351,0.1438,0.1839,FCC
1,7.912,14.545,0.0319,0.1407,0.1834,FCC
1,7.8605,14.47,0.0302,0.1369,0.1829,FCC
1,8.0015,14.89,0.0307,0.1264,0.1739,FCC
1,8.3375,15.115,0.0383,0.2153,0.2155,FCC
1,7.999,15.09,0.0355,0.1868,0.2093,FCC
1,8.0195,14.595,0.0338,0.1851,0.1974,FCC
1,8.052,15.335,0.0384,0.192,0.2122,FCC
4,9.9395,6.81,0.0394,0.6792,0.1297,BCC
2,9.7045,6.86,0.039,0.6509,0.1336,BCC
2,10.043,6.885,0.0405,0.6732,0.1331,BCC
4,9.808,6.935,0.0397,0.6449,0.1361,BCC
4,9.9115,7.01,0.0402,0.6388,0.1378,BCC
3,10.25,7.035,0.0422,0.661,0.1371,BCC
3,9.6765,7.06,0.0382,0.6106,0.1394,BCC
4,10.3535,7.11,0.0427,0.6549,0.1378,BCC
3,7.56,7.815,0.0474,0.4943,0.2011,BCC
4,10.7645,6.87,0.0401,0.7511,0.1552,BCC
3,9.987,7.04,0.0431,0.6989,0.1661,BCC
4,10.664,7.09,0.0446,0.7446,0.1657,BCC
2,10.9685,6.725,0.0368,0.7489,0.1466,BCC
4,10.055,6.73,0.0358,0.7138,0.1318,BCC
2,10.225,6.74,0.0351,0.7057,0.1419,BCC
4,11.072,6.8,0.038,0.7431,0.1487,BCC
4,9.82,6.78,0.0345,0.6855,0.1364,BCC
2,10.1585,6.805,0.0368,0.708,0.1359,BCC
3,9.99,6.79,0.0342,0.6775,0.1451,BCC
4,10.3285,6.815,0.0361,0.6999,0.1446,BCC
4,10.667,6.84,0.0382,0.7226,0.144,BCC
3,10.4985,6.825,0.0354,0.6919,0.1513,BCC
2,10.837,6.85,0.0375,0.7145,0.1507,BCC
2,11.1755,6.875,0.0392,0.7373,0.15,BCC
3,11.684,6.91,0.04,0.7521,0.1542,BCC
4,9.585,6.83,0.035,0.6574,0.1401,BCC
3,9.9235,6.855,0.0361,0.6796,0.1396,BCC
3,10.262,6.88,0.0378,0.7021,0.1391,BCC
2,9.755,6.84,0.0347,0.6495,0.1477,BCC
4,10.432,6.89,0.0371,0.6941,0.1464,BCC
2,10.7705,6.915,0.0393,0.7167,0.1458,BCC
3,10.2635,6.875,0.0355,0.6638,0.1528,BCC
4,10.602,6.9,0.0366,0.6861,0.1521,BCC
4,10.9405,6.925,0.0386,0.7086,0.1514,BCC
2,11.279,6.95,0.0404,0.7314,0.1506,BCC
3,10.772,6.91,0.0362,0.6781,0.1563,BCC
3,11.1105,6.935,0.038,0.7006,0.1555,BCC
2,11.449,6.96,0.0399,0.7232,0.1547,BCC
3,11.7875,6.985,0.0413,0.7462,0.1538,BCC
3,11.2805,6.945,0.0373,0.6925,0.1584,BCC
2,11.9575,6.995,0.0408,0.738,0.1566,BCC
3,12.466,7.03,0.0414,0.7528,0.1572,BCC
4,12.8045,7.055,0.042,0.7761,0.1562,BCC
3,12.636,7.04,0.0409,0.7445,0.1578,BCC
3,13.1445,7.075,0.0413,0.7594,0.1563,BCC
4,10.027,6.93,0.0375,0.6738,0.1419,BCC
3,10.3655,6.955,0.0389,0.6962,0.1413,BCC
2,9.8585,6.915,0.0358,0.6437,0.1489,BCC
4,10.197,6.94,0.0371,0.6658,0.1482,BCC
4,10.874,6.99,0.0404,0.7108,0.1468,BCC
4,10.367,6.95,0.0367,0.6579,0.153,BCC
2,9.115,6.93,0.0341,0.6016,0.1453,BCC
4,9.792,6.98,0.0372,0.6456,0.144,BCC
3,9.285,6.94,0.0336,0.5938,0.1509,BCC
3,10.639,7.04,0.0398,0.6823,0.1479,BCC
4,10.9775,7.065,0.0415,0.7048,0.1471,BCC
4,10.132,7,0.0363,0.63,0.1534,BCC
4,10.4705,7.025,0.0378,0.6521,0.1525,BCC
4,10.809,7.05,0.0394,0.6743,0.1516,BCC
3,11.486,7.1,0.0429,0.7195,0.1499,BCC
4,10.979,7.06,0.0389,0.6664,0.1542,BCC
4,11.656,7.11,0.0423,0.7114,0.1523,BCC
2,11.4875,7.095,0.04,0.6808,0.1547,BCC
3,11.826,7.12,0.0417,0.7033,0.1536,BCC
3,8.88,6.98,0.0326,0.5737,0.147,BCC
3,10.404,7.09,0.0392,0.654,0.1484,BCC
4,8.9835,7.055,0.0325,0.5678,0.1474,BCC
3,9.322,7.08,0.0345,0.5897,0.1466,BCC
3,10.6775,7.175,0.0393,0.6402,0.1498,BCC
3,11.5245,7.235,0.0427,0.6769,0.1488,BCC
4,8.699,7.02,0.0469,0.6236,0.1431,BCC
2,8.587,7.02,0.0388,0.5906,0.1454,BCC
1,8.035,14.31,0.0383,0.1828,0.2145,FCC
1,7.809,14.965,0.0348,0.1526,0.186,FCC
1,7.7575,14.89,0.0328,0.1484,0.1854,FCC
1,8.013,14.82,0.0384,0.1836,0.2577,FCC
4,7.91,14.67,0.0344,0.1759,0.2579,FCC
4,7.8425,14,0.0382,0.1868,0.2489,FCC
3,11.436,7.15,0.0446,0.6017,0.1458,BCC
3,11.606,7.16,0.044,0.5938,0.1479,BCC
3,9.6,6.82,0.0371,0.5746,0.1232,BCC
4,9.0265,6.845,0.0353,0.527,0.1285,BCC
2,9.365,6.87,0.0368,0.5486,0.1281,BCC
2,9.7035,6.895,0.0384,0.5701,0.1276,BCC
4,9.807,6.97,0.0395,0.5656,0.131,BCC
2,8.5565,6.945,0.0324,0.4736,0.1358,BCC
4,9.2335,6.995,0.0364,0.5175,0.1346,BCC
4,10.014,7.12,0.041,0.5561,0.1349,BCC
2,9.396,6.965,0.0413,0.5819,0.1297,BCC
3,8.484,6.965,0.0376,0.5116,0.1363,BCC
2,9.161,7.015,0.0407,0.5552,0.1359,BCC
3,8.5875,7.04,0.0378,0.5064,0.1413,BCC
3,8.926,7.065,0.0395,0.5283,0.141,BCC
4,9.2645,7.09,0.0413,0.5501,0.1407,BCC
2,9.603,7.115,0.0431,0.5719,0.1404,BCC
3,9.7065,7.19,0.0437,0.5667,0.1441,BCC
4,8.1175,7.14,0.0329,0.4508,0.1493,BCC
2,8.456,7.165,0.0351,0.4734,0.1488,BCC
4,8.7945,7.19,0.0374,0.4957,0.1483,BCC
2,9.133,7.215,0.0396,0.5177,0.1478,BCC
4,9.4715,7.24,0.0418,0.5397,0.1473,BCC
3,9.81,7.265,0.044,0.5615,0.1468,BCC
3,8.957,7.16,0.0446,0.5594,0.1405,BCC
3,8.045,7.16,0.0396,0.4877,0.1471,BCC
2,8.722,7.21,0.0431,0.5319,0.147,BCC
3,9.0605,7.235,0.0449,0.5539,0.1469,BCC
3,9.399,7.26,0.0467,0.5757,0.1468,BCC
4,8.1485,7.235,0.039,0.4819,0.1526,BCC
2,8.487,7.26,0.041,0.5042,0.1524,BCC
2,8.8255,7.285,0.043,0.5263,0.1522,BCC
4,9.164,7.31,0.045,0.5483,0.152,BCC
2,9.5025,7.335,0.047,0.5702,0.1518,BCC
3,9.2675,7.385,0.0448,0.5426,0.1561,BCC
3,7.6785,7.335,0.0349,0.4244,0.1612,BCC
4,8.017,7.36,0.0358,0.4475,0.1608,BCC
3,8.3555,7.385,0.0371,0.4703,0.1605,BCC
4,8.694,7.41,0.0395,0.4927,0.1601,BCC
3,8.283,7.405,0.0442,0.5055,0.1567,BCC
2,8.6215,7.43,0.0462,0.5277,0.1567,BCC
2,7.7095,7.43,0.0407,0.4545,0.1626,BCC
2,8.048,7.455,0.0418,0.4771,0.1626,BCC
3,8.3865,7.48,0.0433,0.4995,0.1625,BCC
4,8.725,7.505,0.0456,0.5217,0.1624,BCC
3,7.9165,7.58,0.0396,0.4419,0.1714,BCC
4,8.5935,7.63,0.0418,0.4873,0.1708,BCC
2,7.844,7.6,0.0459,0.4766,0.1653,BCC
2,8.1825,7.625,0.0472,0.499,0.1654,BCC
3,6.932,7.6,0.0412,0.4005,0.1715,BCC
4,10.3125,6.71,0.0356,0.5771,0.1217,BCC
3,10.4825,6.72,0.0349,0.5691,0.1287,BCC
2,11.3295,6.78,0.0377,0.603,0.1321,BCC
4,11.838,6.815,0.0383,0.6159,0.1346,BCC
3,10.6895,6.87,0.0368,0.5615,0.1287,BCC
3,10.8595,6.88,0.0361,0.5535,0.132,BCC
3,11.7065,6.94,0.0395,0.5878,0.1316,BCC
4,8.769,6.725,0.0361,0.5228,0.1224,BCC
4,8.411,6.825,0.0403,0.5122,0.1297,BCC
3,9.3145,6.9,0.0383,0.5343,0.1281,BCC
3,8.9565,7,0.0409,0.5224,0.1363,BCC
2,7.9215,7.05,0.0435,0.458,0.1447,BCC
4,11.829,6.46,0.0298,0.3054,0.1464,BCC
3,12.126,6.4,0.0356,0.3428,0.1402,BCC
3,9.795,6.97,0.0379,0.3474,0.1679,BCC
4,10.323,6.88,0.0386,0.3621,0.1628,BCC
4,9.9585,6.765,0.0396,0.3525,0.1608,BCC
3,10.0815,6.715,0.0363,0.3464,0.153,BCC
4,8.985,6.835,0.0412,0.2954,0.1589,BCC
4,11.097,6.475,0.0398,0.3788,0.1485,BCC
3,9.108,6.785,0.039,0.2975,0.1559,BCC
3,9.354,6.685,0.0316,0.2909,0.1445,BCC
3,11.3495,6.96,0.0389,0.4508,0.1343,BCC
4,10.9445,7,0.0389,0.4381,0.1307,BCC
3,11.1145,7.01,0.0383,0.4297,0.134,BCC
3,10.7095,7.05,0.0378,0.4158,0.1307,BCC
2,10.8795,7.06,0.0371,0.4072,0.1332,BCC
4,10.7405,7.145,0.0419,0.4609,0.146,BCC
3,10.3355,7.185,0.0412,0.4454,0.1419,BCC
4,10.5055,7.195,0.0405,0.437,0.1469,BCC
2,10.1005,7.235,0.0391,0.4206,0.1432,BCC
2,10.2705,7.245,0.0383,0.412,0.1472,BCC
2,10.1315,7.33,0.0439,0.4613,0.1538,BCC
3,10.3015,7.34,0.0432,0.453,0.1599,BCC
4,10.4715,7.35,0.0424,0.4446,0.1645,BCC
4,9.6615,7.43,0.0385,0.4087,0.1575,BCC
2,9.6925,7.525,0.0439,0.4464,0.166,BCC
3,11.902,6.38,0.0379,0.3602,0.1354,BCC
2,9.8885,7.18,0.0451,0.4852,0.1371,BCC
3,9.6535,7.23,0.0418,0.4579,0.1396,BCC
4,9.2955,7.33,0.0418,0.4486,0.1474,BCC
3,9.6845,7.325,0.0475,0.4906,0.1469,BCC
2,9.8075,7.275,0.0437,0.466,0.1432,BCC
3,9.5725,7.325,0.0406,0.439,0.1458,BCC
3,9.3685,7.47,0.0427,0.4463,0.156,BCC
4,9.0105,7.57,0.0433,0.4368,0.1623,BCC
3,9.1335,7.52,0.0386,0.418,0.1589,BCC
4,8.7755,7.62,0.0409,0.4072,0.1655,BCC
4,8.7255,7.81,0.0444,0.4248,0.1735,BCC
4,9.859,7.07,0.0392,0.4289,0.1304,BCC
3,9.178,6.9,0.035,0.4189,0.1259,BCC
4,9.0465,7.025,0.0343,0.391,0.1346,BCC
4,9.385,7.05,0.0366,0.4134,0.1341,BCC
3,9.7235,7.075,0.0388,0.4352,0.1336,BCC
4,9.15,7.1,0.0346,0.3877,0.1372,BCC
4,9.4885,7.125,0.037,0.4103,0.1366,BCC
4,9.827,7.15,0.0394,0.4323,0.136,BCC
2,8.6355,7.02,0.0368,0.4145,0.1319,BCC
3,8.974,7.045,0.0386,0.4367,0.1319,BCC
4,8.4005,7.07,0.0352,0.3879,0.1384,BCC
4,8.739,7.095,0.0372,0.4108,0.1382,BCC
3,9.0775,7.12,0.0392,0.4332,0.138,BCC
4,9.416,7.145,0.0412,0.455,0.1378,BCC
4,9.181,7.195,0.0395,0.4294,0.1429,BCC
4,8.946,7.245,0.0372,0.4029,0.1471,BCC
2,9.623,7.295,0.0421,0.4477,0.1464,BCC
2,7.7545,7.115,0.0369,0.3814,0.1337,BCC
3,8.093,7.14,0.0386,0.4048,0.1339,BCC
3,8.77,7.19,0.0422,0.45,0.1344,BCC
3,7.5195,7.165,0.0345,0.3522,0.142,BCC
4,7.858,7.19,0.0365,0.3766,0.1421,BCC
4,8.1965,7.215,0.0385,0.4003,0.1422,BCC
2,8.535,7.24,0.0405,0.4233,0.1423,BCC
4,9.212,7.29,0.0445,0.4679,0.1424,BCC
4,7.9615,7.265,0.0359,0.3717,0.149,BCC
3,8.3,7.29,0.0381,0.3956,0.1489,BCC
3,8.977,7.34,0.0425,0.4414,0.1488,BCC
3,9.3155,7.365,0.0448,0.4636,0.1487,BCC
3,8.4035,7.365,0.0375,0.3907,0.1544,BCC
4,8.742,7.39,0.0399,0.4141,0.1542,BCC
4,9.0805,7.415,0.0424,0.4369,0.154,BCC
2,8.507,7.44,0.0367,0.3858,0.1587,BCC
3,8.8455,7.465,0.0393,0.4093,0.1585,BCC
2,7.654,7.335,0.0398,0.3857,0.1424,BCC
3,7.9925,7.36,0.0418,0.4093,0.1427,BCC
4,8.331,7.385,0.0438,0.4324,0.143,BCC
3,8.773,7.485,0.0455,0.4501,0.1516,BCC
4,7.861,7.485,0.0378,0.3748,0.1584,BCC
3,8.538,7.535,0.0426,0.4222,0.1584,BCC
4,8.8765,7.56,0.0451,0.4451,0.1584,BCC
2,9.215,7.585,0.0475,0.4675,0.1584,BCC
4,8.303,7.585,0.0391,0.3934,0.1642,BCC
4,8.6415,7.61,0.0417,0.4169,0.1641,BCC
3,8.4065,7.66,0.0378,0.3878,0.1689,BCC
3,7.1115,7.455,0.0414,0.3675,0.1381,BCC
4,6.8765,7.505,0.0387,0.336,0.149,BCC
2,6.98,7.58,0.0378,0.3296,0.1586,BCC
4,7.3185,7.605,0.0396,0.3554,0.1589,BCC
3,8.334,7.68,0.0453,0.4277,0.1597,BCC
4,7.422,7.68,0.0387,0.3491,0.1667,BCC
3,8.099,7.73,0.0423,0.3984,0.167,BCC
3,8.4375,7.755,0.0441,0.422,0.1671,BCC
2,6.6725,7.65,0.0414,0.3397,0.1433,BCC
4,7.218,7.825,0.0414,0.3521,0.166,BCC
3,7.5565,7.85,0.0434,0.3772,0.1664,BCC
4,8.2335,7.9,0.0474,0.425,0.1671,BCC
4,7.66,7.925,0.0424,0.3707,0.1745,BCC
3,9.6745,7.09,0.0381,0.4084,0.1357,BCC
4,6.5495,7.7,0.0452,0.3547,0.1285,BCC
3,10.662,6.65,0.0382,0.3709,0.1469,BCC
3,10.2705,6.64,0.0385,0.35,0.1629,BCC
3,11.058,6.4,0.0327,0.3398,0.1454,BCC
3,10.0935,6.68,0.0424,0.3579,0.1647,BCC
4,10.7445,6.54,0.0381,0.3678,0.1471,BCC
3,11.2725,6.45,0.0365,0.3747,0.136,BCC
4,10.3395,6.58,0.0354,0.3442,0.1448,BCC
3,11.286,6.4,0.0402,0.3835,0.1556,BCC
4,10.353,6.53,0.0375,0.346,0.1628,BCC
3,10.881,6.44,0.0375,0.3605,0.1538,BCC
3,11.409,6.35,0.036,0.3676,0.1423,BCC
3,9.243,6.7,0.0416,0.3018,0.1633,BCC
3,10.827,6.43,0.0378,0.3645,0.1471,BCC
3,9.308,6.64,0.0444,0.346,0.1538,BCC
3,10.227,6.295,0.0292,0.2955,0.147,BCC
3,8.733,6.355,0.0383,0.2956,0.1449,BCC
2,11.6815,6.78,0.0422,0.5071,0.1223,BCC
4,10.9185,6.92,0.0446,0.499,0.1302,BCC
4,11.4465,6.83,0.0412,0.483,0.1209,BCC
2,10.3435,6.95,0.0434,0.4884,0.1225,BCC
2,10.5135,6.96,0.0426,0.4803,0.1267,BCC
3,10.1555,7.06,0.0426,0.4727,0.1369,BCC
4,10.6835,6.97,0.0418,0.4721,0.1295,BCC
3,10.3255,7.07,0.0418,0.4647,0.14,BCC
3,9.424,6.64,0.0436,0.3395,0.147,BCC
4,9.952,6.55,0.0419,0.3646,0.1474,BCC
3,8.2365,6.91,0.042,0.375,0.148,BCC
3,10.587,6.455,0.0397,0.3786,0.1412,BCC
3,11.115,6.365,0.0388,0.3858,0.1325,BCC
3,10.71,6.405,0.0361,0.3637,0.1298,BCC
3,9.51,6.45,0.0412,0.3472,0.146,BCC
3,9.0855,6.615,0.0421,0.313,0.1475,BCC
4,9.633,6.4,0.0367,0.3434,0.1407,BCC
3,9.6135,6.525,0.0405,0.3391,0.148,BCC
3,10.1415,6.435,0.0379,0.3601,0.1456,BCC
3,10.2645,6.385,0.0361,0.352,0.137,BCC
3,9.628,6.765,0.0419,0.4841,0.1135,BCC
3,9.9665,6.79,0.0441,0.506,0.1129,BCC
3,9.27,6.865,0.0437,0.4778,0.1223,BCC
2,7.8965,6.89,0.0428,0.3922,0.1314,BCC
3,8.235,6.915,0.0441,0.4161,0.131,BCC
4,8.912,6.965,0.0468,0.4623,0.1301,BCC
4,9.3735,6.94,0.0426,0.4721,0.1252,BCC
3,8,6.965,0.0421,0.3853,0.1349,BCC
3,9.354,7.065,0.0475,0.4786,0.1329,BCC
3,8.8,6.965,0.0385,0.4203,0.1285,BCC
2,9.1385,6.99,0.0396,0.4435,0.1278,BCC
3,9.477,7.015,0.0414,0.4662,0.1271,BCC
4,7.765,7.015,0.0401,0.3533,0.1381,BCC
4,8.1035,7.04,0.0415,0.3784,0.1375,BCC
4,7.7455,7.14,0.0441,0.3534,0.1451,BCC
4,10.9985,7.01,0.0373,0.4275,0.1408,BCC
3,10.4705,7.1,0.0412,0.4647,0.1471,BCC
3,10.1125,7.2,0.0428,0.4715,0.1557,BCC
4,9.7545,7.3,0.0428,0.4648,0.1636,BCC
3,10.0315,7.295,0.0414,0.4515,0.1615,BCC
3,9.9755,6.895,0.0356,0.4454,0.1488,BCC
4,10.079,6.97,0.0366,0.4436,0.151,BCC
4,9.64,7.165,0.0389,0.439,0.1635,BCC
3,9.9785,7.19,0.0409,0.4606,0.1631,BCC
2,12.035,6.945,0.0442,0.5611,0.145,BCC
3,12.205,6.955,0.0438,0.5531,0.1472,BCC
3,12.545,6.975,0.0429,0.537,0.1486,BCC
3,11.63,6.985,0.0448,0.5453,0.1418,BCC
3,11.97,7.005,0.0438,0.5292,0.1461,BCC
3,12.498,6.915,0.0371,0.4914,0.1356,BCC
3,12.14,7.015,0.0433,0.5212,0.1467,BCC
3,11.858,7.005,0.0379,0.4577,0.1311,BCC
3,11.549,7.08,0.0427,0.5179,0.1482,BCC
4,11.361,7.19,0.047,0.5246,0.1601,BCC
3,12.229,7.12,0.0406,0.4855,0.153,BCC
3,10.363,7.38,0.045,0.4754,0.1656,BCC
2,11.249,7.19,0.0407,0.4626,0.149,BCC
3,11.061,7.3,0.0426,0.4641,0.1595,BCC
4,11.014,7.24,0.039,0.4378,0.1473,BCC
4,11.28,7.285,0.0451,0.5022,0.1659,BCC
4,10.282,7.475,0.0436,0.4598,0.1713,BCC
3,10.81,7.385,0.0417,0.4512,0.1648,BCC
4,10.98,7.395,0.041,0.4428,0.1656,BCC
3,10.031,7.56,0.0429,0.4503,0.1736,BCC
3,10.201,7.57,0.0422,0.442,0.1768,BCC
3,7.743,7.015,0.0461,0.391,0.1555,BCC
3,8.271,6.925,0.0415,0.4003,0.1573,BCC
3,7.866,6.965,0.0402,0.3783,0.1526,BCC
3,8.3745,7,0.041,0.394,0.159,BCC
3,7.461,7.005,0.0388,0.3556,0.1476,BCC
2,7.545,7.205,0.0431,0.3535,0.1567,BCC
4,8.0925,6.99,0.0329,0.3526,0.149,BCC
4,8.073,7.115,0.0391,0.3652,0.1562,BCC
4,8.685,7.225,0.0393,0.3746,0.1602,BCC
2,7.134,7.2,0.0468,0.3656,0.1553,BCC
3,8.19,7.02,0.0388,0.385,0.1627,BCC
3,7.257,7.15,0.042,0.356,0.1553,BCC
3,7.785,7.06,0.0375,0.3631,0.1582,BCC
2,7.7655,7.185,0.0429,0.3723,0.1641,BCC
4,8.2935,7.095,0.0383,0.379,0.1645,BCC
3,7.4835,7.175,0.0356,0.3336,0.1559,BCC
4,7.992,7.21,0.0364,0.3503,0.1619,BCC
4,7.9725,7.335,0.0416,0.3584,0.1684,BCC
2,8.5005,7.245,0.0372,0.3665,0.1661,BCC
2,7.581,7.205,0.0411,0.3656,0.1658,BCC
2,7.176,7.245,0.0395,0.3424,0.1604,BCC
4,7.1565,7.37,0.0437,0.3476,0.1654,BCC
2,7.704,7.155,0.0348,0.3456,0.1635,BCC
4,7.26,7.445,0.043,0.3401,0.1696,BCC
4,7.8915,7.43,0.0391,0.3453,0.1736,BCC
2,6.972,7.39,0.0422,0.3427,0.1649,BCC
4,7.5,7.3,0.0386,0.3501,0.1707,BCC
3,7.0755,7.465,0.0414,0.3355,0.1701,BCC
4,7.056,7.59,0.0447,0.3372,0.1746,BCC
4,7.6035,7.375,0.0379,0.3436,0.1741,BCC
2,7.584,7.5,0.0425,0.3523,0.1793,BCC
4,8.112,7.41,0.0389,0.36,0.1808,BCC
4,7.419,7.395,0.0361,0.3324,0.1754,BCC
3,7.3995,7.52,0.041,0.3458,0.1801,BCC
2,8.0115,7.63,0.0413,0.3555,0.191,BCC
2,6.564,7.68,0.0458,0.339,0.1651,BCC
2,6.6675,7.755,0.0448,0.3313,0.1738,BCC
3,6.81,7.58,0.0376,0.3129,0.1739,BCC
4,6.7905,7.705,0.0413,0.3217,0.1776,BCC
4,7.8075,7.775,0.0438,0.3557,0.1975,BCC
4,7.9305,7.725,0.039,0.3404,0.1955,BCC
4,7.218,7.835,0.0404,0.3252,0.1929,BCC
2,7.3215,7.91,0.0395,0.318,0.1971,BCC
3,6.363,8.12,0.0446,0.3139,0.1762,BCC
2,10.037,6.805,0.0343,0.4663,0.1337,BCC
4,10.5455,6.84,0.0349,0.4774,0.144,BCC
2,10.1405,6.88,0.0354,0.4657,0.1383,BCC
3,10.649,6.915,0.0362,0.477,0.147,BCC
4,9.7355,6.92,0.0353,0.453,0.1321,BCC
4,9.774,7.055,0.0345,0.4204,0.1475,BCC
4,10.2825,7.09,0.0358,0.433,0.1526,BCC
4,9.0895,6.965,0.0347,0.4569,0.1311,BCC
2,9.598,7,0.0363,0.4695,0.1451,BCC
2,9.9365,7.025,0.0384,0.49,0.145,BCC
3,10.1065,7.035,0.0377,0.4819,0.1558,BCC
3,9.193,7.04,0.0363,0.4543,0.1383,BCC
4,9.7015,7.075,0.0373,0.4671,0.1502,BCC
3,10.04,7.1,0.0395,0.4878,0.1499,BCC
4,10.7185,7.145,0.0401,0.492,0.1661,BCC
4,8.6195,7.065,0.0344,0.4079,0.1444,BCC
4,9.805,7.15,0.0386,0.4644,0.1542,BCC
3,9.6365,7.135,0.0366,0.4347,0.1628,BCC
4,9.0615,7.165,0.0368,0.4268,0.149,BCC
3,10.417,7.26,0.0411,0.4745,0.1637,BCC
4,10.182,7.31,0.0403,0.4503,0.1654,BCC
3,10.6905,7.345,0.0417,0.4633,0.1692,BCC
3,8.312,7.135,0.0378,0.4269,0.1406,BCC
3,8.6505,7.16,0.0391,0.449,0.1408,BCC
4,8.989,7.185,0.0404,0.4707,0.1409,BCC
4,9.3275,7.21,0.0418,0.4921,0.1411,BCC
3,8.482,7.145,0.0374,0.4184,0.1552,BCC
4,8.8205,7.17,0.0387,0.4407,0.1552,BCC
3,9.4975,7.22,0.0414,0.484,0.1552,BCC
4,9.836,7.245,0.0427,0.5051,0.1551,BCC
4,8.9905,7.18,0.0383,0.4322,0.1667,BCC
4,9.329,7.205,0.0397,0.4542,0.1666,BCC
3,9.6675,7.23,0.041,0.4758,0.1664,BCC
3,10.006,7.255,0.0423,0.497,0.1662,BCC
2,8.077,7.185,0.0368,0.4002,0.1483,BCC
3,8.4155,7.21,0.0383,0.423,0.1483,BCC
2,9.0925,7.26,0.0414,0.4671,0.1484,BCC
3,9.431,7.285,0.043,0.4886,0.1485,BCC
3,9.9395,7.32,0.0441,0.5018,0.1604,BCC
3,9.094,7.255,0.039,0.4284,0.1708,BCC
3,9.4325,7.28,0.0405,0.4505,0.1705,BCC
3,9.771,7.305,0.0421,0.4722,0.1703,BCC
4,10.448,7.355,0.0452,0.5148,0.1697,BCC
2,9.196,7.335,0.0422,0.4633,0.1545,BCC
3,9.5345,7.36,0.044,0.485,0.1544,BCC
3,8.3505,7.27,0.0363,0.3872,0.1658,BCC
4,9.7045,7.37,0.0435,0.4768,0.1649,BCC
3,9.1975,7.33,0.0394,0.4244,0.174,BCC
3,9.8745,7.38,0.0429,0.4686,0.1733,BCC
3,8.3875,7.41,0.0364,0.387,0.1643,BCC
3,9.0645,7.46,0.0408,0.433,0.1637,BCC
3,9.2345,7.47,0.0402,0.4246,0.1717,BCC
4,7.873,7.33,0.0407,0.4113,0.1487,BCC
4,8.2115,7.355,0.0422,0.4342,0.1491,BCC
3,8.55,7.38,0.0438,0.4566,0.1494,BCC
4,8.8885,7.405,0.0453,0.4787,0.1496,BCC
2,8.3815,7.365,0.0418,0.4258,0.164,BCC
4,8.72,7.39,0.0433,0.4483,0.1641,BCC
2,9.0585,7.415,0.0449,0.4705,0.1642,BCC
3,9.397,7.44,0.0464,0.4923,0.1642,BCC
4,9.2285,7.425,0.0444,0.4623,0.1758,BCC
3,9.9055,7.475,0.0475,0.5059,0.1756,BCC
2,7.638,7.38,0.0387,0.3829,0.1569,BCC
4,7.9765,7.405,0.0405,0.4065,0.1571,BCC
2,8.315,7.43,0.0422,0.4295,0.1572,BCC
2,9.5005,7.515,0.047,0.488,0.17,BCC
4,7.403,7.43,0.036,0.3531,0.1638,BCC
4,7.7415,7.455,0.038,0.3777,0.1639,BCC
4,8.08,7.48,0.04,0.4015,0.1639,BCC
4,8.4185,7.505,0.042,0.4247,0.164,BCC
3,8.25,7.49,0.0395,0.3928,0.1753,BCC
3,8.6255,7.655,0.041,0.4147,0.174,BCC
2,7.434,7.525,0.0423,0.3904,0.1557,BCC
3,7.7725,7.55,0.044,0.414,0.1562,BCC
2,8.111,7.575,0.0458,0.4371,0.1566,BCC
4,8.4495,7.6,0.0476,0.4597,0.157,BCC
4,8.6195,7.61,0.0471,0.4515,0.1721,BCC
4,7.5375,7.6,0.0414,0.3848,0.1647,BCC
3,7.876,7.625,0.0433,0.4086,0.1649,BCC
3,6.964,7.625,0.0376,0.3284,0.1718,BCC
2,7.3025,7.65,0.0391,0.3543,0.172,BCC
4,7.641,7.675,0.0407,0.3791,0.1721,BCC
3,7.9795,7.7,0.0424,0.4031,0.1722,BCC
3,7.7445,7.75,0.0399,0.3732,0.1783,BCC
3,8.083,7.775,0.0415,0.3974,0.1783,BCC
3,8.253,7.785,0.041,0.3887,0.1885,BCC
4,8.7615,7.82,0.0423,0.404,0.1965,BCC
3,7.672,7.77,0.0467,0.4132,0.1627,BCC
3,7.5405,7.895,0.0432,0.3771,0.1795,BCC
2,7.814,7.98,0.0418,0.3619,0.1969,BCC
3,8.1525,8.005,0.0436,0.3866,0.1968,BCC
4,7.403,6.995,0.0468,0.4077,0.1315,BCC
4,7.526,6.945,0.0408,0.3956,0.1325,BCC
3,7.8645,6.97,0.0419,0.4194,0.1323,BCC
3,7.168,7.045,0.0448,0.3766,0.1383,BCC
4,7.5065,7.07,0.0462,0.4009,0.1382,BCC
4,7.6295,7.02,0.0403,0.3892,0.1375,BCC
4,7.375,7.195,0.0435,0.3623,0.1481,BCC
3,7.6605,7.115,0.0457,0.42,0.137,BCC
4,6.964,7.19,0.0473,0.3742,0.1415,BCC
3,7.803,6.94,0.034,0.387,0.1322,BCC
4,7.445,7.04,0.0382,0.3808,0.1383,BCC
4,7.7835,7.065,0.0393,0.4049,0.1381,BCC
3,8.122,7.09,0.0404,0.4284,0.1379,BCC
2,7.087,7.14,0.0424,0.3649,0.1437,BCC
3,7.4255,7.165,0.0437,0.3896,0.1436,BCC
4,7.764,7.19,0.045,0.4135,0.1435,BCC
3,7.652,7.19,0.0371,0.3683,0.1472,BCC
3,9.006,7.29,0.0428,0.4626,0.1456,BCC
4,7.599,7.085,0.0372,0.394,0.1375,BCC
4,7.5795,7.21,0.0432,0.4072,0.1424,BCC
4,7.918,7.235,0.0445,0.4307,0.1424,BCC
3,8.2565,7.26,0.0459,0.4537,0.1424,BCC
2,6.883,7.285,0.0449,0.3637,0.1465,BCC
4,7.2215,7.31,0.0465,0.3884,0.1467,BCC
3,9.4145,7.16,0.042,0.4786,0.1368,BCC
4,7.7025,7.16,0.0366,0.3884,0.1437,BCC
2,7.006,7.235,0.0399,0.3515,0.149,BCC
3,7.3445,7.26,0.0412,0.3766,0.1489,BCC
3,7.683,7.285,0.0425,0.4009,0.1488,BCC
3,8.0215,7.31,0.0439,0.4245,0.1488,BCC
2,6.9865,7.36,0.0442,0.3565,0.1536,BCC
4,6.967,7.485,0.0473,0.3555,0.1579,BCC
3,7.806,7.235,0.036,0.3826,0.1486,BCC
2,7.63,7.18,0.0435,0.428,0.1303,BCC
3,7.395,7.23,0.0414,0.3986,0.1396,BCC
3,7.518,7.18,0.0353,0.3747,0.1429,BCC
2,7.16,7.28,0.0394,0.3682,0.1474,BCC
3,7.4985,7.305,0.0407,0.3926,0.1475,BCC
3,8.1755,7.355,0.0436,0.4396,0.1476,BCC
4,7.6215,7.255,0.0344,0.3694,0.149,BCC
3,7.602,7.38,0.04,0.3865,0.1539,BCC
2,7.426,7.325,0.0473,0.4309,0.1263,BCC
3,7.191,7.375,0.045,0.4012,0.138,BCC
4,7.991,7.375,0.0426,0.4289,0.145,BCC
3,7.2945,7.45,0.0442,0.3949,0.1481,BCC
2,7.633,7.475,0.0458,0.4187,0.1484,BCC
3,7.0595,7.5,0.0419,0.3638,0.1562,BCC
3,7.398,7.525,0.0434,0.3885,0.1564,BCC
2,7.7365,7.55,0.045,0.4124,0.1565,BCC
3,7.1825,7.45,0.0362,0.3449,0.1589,BCC
4,7.163,7.575,0.0411,0.3571,0.1632,BCC
4,7.5015,7.6,0.0427,0.382,0.1632,BCC
3,8.1785,7.65,0.0458,0.4296,0.1632,BCC
2,7.0905,7.595,0.0471,0.3954,0.145,BCC
2,7.2975,7.745,0.0453,0.382,0.1643,BCC
3,8.436,7.77,0.045,0.4392,0.1678,BCC
3,8.3355,7.99,0.0477,0.4346,0.1761,BCC
4,9.399,6.615,0.0413,0.5261,0.1215,BCC
4,10.076,6.665,0.0431,0.569,0.1214,BCC
3,9.318,6.71,0.0385,0.5047,0.1276,BCC
2,9.995,6.76,0.0408,0.5471,0.1275,BCC
3,8.96,6.81,0.0458,0.5068,0.1327,BCC
4,9.2985,6.835,0.0469,0.5287,0.1328,BCC
4,10.523,6.67,0.0357,0.5151,0.1341,BCC
3,10.165,6.77,0.0402,0.5391,0.1405,BCC
3,10.5035,6.795,0.0421,0.5601,0.1402,BCC
3,8.709,6.895,0.0435,0.4969,0.1206,BCC
3,9.914,6.855,0.0391,0.5217,0.1333,BCC
3,8.879,6.905,0.0431,0.4888,0.1381,BCC
4,9.2175,6.93,0.0443,0.5107,0.1382,BCC
4,9.556,6.955,0.0454,0.5323,0.1383,BCC
2,9.8945,6.98,0.0465,0.5538,0.1383,BCC
3,9.7455,6.84,0.0362,0.4928,0.1463,BCC
2,10.084,6.865,0.0384,0.5136,0.1461,BCC
4,10.4225,6.89,0.0402,0.5342,0.1458,BCC
3,8.628,6.99,0.0408,0.4764,0.1261,BCC
2,8.9665,7.015,0.0419,0.4981,0.1265,BCC
2,9.305,7.04,0.043,0.5195,0.1268,BCC
4,8.27,7.09,0.0469,0.4762,0.1294,BCC
4,9.475,7.05,0.0427,0.5114,0.1435,BCC
4,8.44,7.1,0.0466,0.4681,0.1473,BCC
3,9.3065,7.035,0.0413,0.4818,0.1567,BCC
3,9.645,7.06,0.0424,0.5034,0.1566,BCC
3,10.322,7.11,0.0447,0.5459,0.1564,BCC
3,8.189,7.185,0.0445,0.4588,0.1343,BCC
4,8.5275,7.21,0.0458,0.481,0.1348,BCC
3,9.206,7.255,0.0463,0.4868,0.166,BCC
4,11.5655,6.78,0.0411,0.5071,0.1296,BCC
4,11.1605,6.82,0.0408,0.4916,0.1266,BCC
2,10.4445,7.02,0.0449,0.4964,0.147,BCC
3,9.852,6.785,0.0396,0.4702,0.1359,BCC
4,10.1905,6.81,0.0418,0.4921,0.135,BCC
4,10.529,6.835,0.044,0.5139,0.1342,BCC
2,9.1555,6.86,0.0389,0.4425,0.1454,BCC
3,9.8325,6.91,0.0438,0.4877,0.1439,BCC
3,9.5975,6.96,0.0403,0.4596,0.145,BCC
3,9.603,6.47,0.0365,0.5154,0.115,BCC
3,9.9415,6.495,0.0374,0.5366,0.1147,BCC
2,9.7535,6.605,0.0448,0.5319,0.1338,BCC
2,10.62,6.54,0.0383,0.5416,0.1347,BCC
3,11.297,6.59,0.0417,0.5835,0.1335,BCC
3,10.045,6.57,0.0391,0.5329,0.1196,BCC
4,9.3485,6.645,0.0445,0.5129,0.1275,BCC
3,10.0255,6.695,0.0472,0.5565,0.1268,BCC
3,9.5185,6.655,0.0441,0.5049,0.1378,BCC
4,10.027,6.69,0.0451,0.5189,0.1452,BCC
3,8.605,6.66,0.0421,0.4714,0.1209,BCC
2,8.775,6.67,0.0417,0.4632,0.1325,BCC
4,9.1135,6.695,0.0432,0.4856,0.1321,BCC
4,9.452,6.72,0.0448,0.5077,0.1316,BCC
3,9.98,6.63,0.0388,0.4996,0.1323,BCC
3,10.3185,6.655,0.0401,0.521,0.1317,BCC
2,10.9955,6.705,0.0432,0.5634,0.1303,BCC
4,8.945,6.68,0.0412,0.4551,0.1415,BCC
3,9.622,6.73,0.0443,0.4997,0.1404,BCC
3,10.15,6.64,0.0384,0.4914,0.1389,BCC
3,10.827,6.69,0.041,0.5342,0.1373,BCC
3,9.792,6.74,0.0439,0.4917,0.1472,BCC
3,8.728,6.61,0.0359,0.4459,0.1186,BCC
2,8.3505,6.835,0.0459,0.4533,0.1329,BCC
2,8.689,6.86,0.0471,0.476,0.1326,BCC
2,8.898,6.62,0.0355,0.4376,0.1284,BCC
4,9.2365,6.645,0.037,0.4599,0.1278,BCC
4,9.575,6.67,0.0386,0.4818,0.1272,BCC
4,9.9135,6.695,0.0401,0.5035,0.1266,BCC
4,8.54,6.72,0.0395,0.435,0.1363,BCC
4,8.8785,6.745,0.0413,0.4578,0.1358,BCC
4,9.217,6.77,0.0431,0.4803,0.1353,BCC
4,8.859,6.87,0.0467,0.468,0.1427,BCC
3,10.78,6.63,0.0364,0.4999,0.1236,BCC
4,9.4065,6.655,0.0366,0.4516,0.1352,BCC
2,9.745,6.68,0.0381,0.4737,0.1345,BCC
2,10.0835,6.705,0.0397,0.4954,0.1338,BCC
4,10.422,6.73,0.0412,0.517,0.133,BCC
3,10.7605,6.755,0.0428,0.5383,0.1322,BCC
4,11.099,6.78,0.0444,0.5596,0.1314,BCC
4,8.71,6.73,0.039,0.4267,0.1441,BCC
2,9.0485,6.755,0.0408,0.4496,0.1435,BCC
2,9.387,6.78,0.0426,0.4722,0.1429,BCC
3,9.7255,6.805,0.0443,0.4945,0.1422,BCC
4,10.064,6.83,0.0461,0.5165,0.1416,BCC
4,10.95,6.64,0.0358,0.4918,0.1286,BCC
3,11.2885,6.665,0.0374,0.512,0.1277,BCC
2,11.627,6.69,0.0386,0.532,0.1267,BCC
2,9.5765,6.665,0.0361,0.4433,0.1408,BCC
3,9.915,6.69,0.0377,0.4655,0.14,BCC
2,10.2535,6.715,0.0392,0.4873,0.1392,BCC
2,10.592,6.74,0.0408,0.5089,0.1383,BCC
2,11.269,6.79,0.0439,0.5516,0.1366,BCC
3,9.8955,6.815,0.0438,0.4864,0.148,BCC
3,10.234,6.84,0.0456,0.5085,0.1472,BCC
4,11.797,6.7,0.0381,0.5239,0.13,BCC
3,10.4235,6.725,0.0388,0.4792,0.1431,BCC
3,10.0655,6.825,0.0433,0.4784,0.1522,BCC
3,11.967,6.71,0.0376,0.5159,0.1321,BCC
2,10.932,6.76,0.0399,0.4927,0.1448,BCC
4,11.609,6.81,0.043,0.5356,0.1427,BCC
3,11.9475,6.835,0.0446,0.5567,0.1416,BCC
4,12.4755,6.745,0.038,0.5277,0.1317,BCC
3,8.493,6.66,0.0343,0.4186,0.1228,BCC
2,8.8315,6.685,0.0361,0.4414,0.1222,BCC
4,9.17,6.71,0.0379,0.4637,0.1216,BCC
4,8.135,6.76,0.0378,0.4144,0.1307,BCC
4,8.4735,6.785,0.0393,0.4377,0.1303,BCC
4,8.812,6.81,0.0413,0.4604,0.1298,BCC
4,7.777,6.86,0.0432,0.4002,0.1379,BCC
2,8.1155,6.885,0.0443,0.4239,0.1375,BCC
3,8.454,6.91,0.0454,0.447,0.1371,BCC
4,9.131,6.96,0.0476,0.4923,0.1363,BCC
3,10.0365,6.645,0.0339,0.4643,0.1197,BCC
4,10.375,6.67,0.0361,0.4852,0.1188,BCC
4,10.7135,6.695,0.0382,0.5058,0.118,BCC
2,8.663,6.67,0.0338,0.4101,0.1312,BCC
4,9.0015,6.695,0.0356,0.433,0.1305,BCC
2,9.34,6.72,0.0374,0.4554,0.1298,BCC
3,9.6785,6.745,0.0391,0.4775,0.1291,BCC
2,10.017,6.77,0.0409,0.4993,0.1284,BCC
3,10.3555,6.795,0.0427,0.5209,0.1276,BCC
4,10.694,6.82,0.0445,0.5423,0.1269,BCC
3,8.6435,6.795,0.0387,0.4294,0.1388,BCC
4,8.982,6.82,0.0407,0.4523,0.1382,BCC
4,9.659,6.87,0.0447,0.4971,0.137,BCC
3,9.9975,6.895,0.0467,0.5192,0.1363,BCC
3,8.2855,6.895,0.044,0.4156,0.1464,BCC
3,8.9625,6.945,0.0462,0.4618,0.1454,BCC
3,9.301,6.97,0.0473,0.4844,0.1448,BCC
3,10.8835,6.705,0.0375,0.4976,0.1237,BCC
2,9.51,6.73,0.0368,0.4471,0.136,BCC
3,10.187,6.78,0.0404,0.4912,0.1344,BCC
2,10.5255,6.805,0.0422,0.5128,0.1335,BCC
4,11.2025,6.855,0.0457,0.5556,0.1318,BCC
2,8.8135,6.805,0.0381,0.421,0.1454,BCC
2,9.152,6.83,0.0401,0.4441,0.1447,BCC
4,9.4905,6.855,0.0421,0.4667,0.144,BCC
3,8.794,6.93,0.0447,0.4307,0.1527,BCC
3,10.715,6.69,0.0347,0.4688,0.1288,BCC
2,11.0535,6.715,0.0369,0.4895,0.1277,BCC
4,11.7305,6.765,0.0399,0.5301,0.1256,BCC
3,9.3415,6.715,0.0345,0.416,0.1415,BCC
4,9.68,6.74,0.0363,0.4388,0.1406,BCC
3,10.357,6.79,0.0399,0.4831,0.1388,BCC
4,11.3725,6.865,0.0452,0.5476,0.136,BCC
2,9.322,6.84,0.0395,0.4358,0.1496,BCC
3,9.6605,6.865,0.0415,0.4586,0.1488,BCC
2,9.999,6.89,0.0435,0.4811,0.148,BCC
4,10.3375,6.915,0.0455,0.5032,0.1472,BCC
2,10.676,6.94,0.0475,0.5252,0.1463,BCC
3,11.2235,6.725,0.0362,0.4813,0.1304,BCC
3,11.562,6.75,0.038,0.5018,0.1292,BCC
4,11.9005,6.775,0.0394,0.5221,0.1281,BCC
3,10.1885,6.775,0.0376,0.4528,0.1429,BCC
4,10.527,6.8,0.0394,0.4749,0.1419,BCC
4,11.204,6.85,0.0429,0.5182,0.1398,BCC
3,11.5425,6.875,0.0447,0.5396,0.1388,BCC
4,10.846,6.95,0.047,0.5173,0.1495,BCC
4,10.697,6.81,0.0388,0.4667,0.1438,BCC
3,11.374,6.86,0.0424,0.5102,0.1415,BCC
3,11.7125,6.885,0.0442,0.5316,0.1404,BCC
3,12.4105,6.805,0.0379,0.4978,0.1286,BCC
3,8.9155,6.885,0.0405,0.4548,0.1326,BCC
4,7.8805,6.935,0.0426,0.3936,0.1413,BCC
3,9.105,6.77,0.0355,0.4282,0.1317,BCC
3,9.782,6.82,0.0395,0.473,0.1301,BCC
3,10.1205,6.845,0.0415,0.4949,0.1293,BCC
3,8.4085,6.845,0.0371,0.4,0.1411,BCC
2,9.424,6.92,0.0421,0.4693,0.1391,BCC
2,8.389,6.97,0.0434,0.4091,0.1484,BCC
2,9.6135,6.805,0.0369,0.4425,0.1361,BCC
4,9.952,6.83,0.0389,0.4648,0.1352,BCC
4,9.2555,6.905,0.0392,0.4384,0.1452,BCC
4,9.594,6.93,0.0415,0.4612,0.1444,BCC
4,9.9325,6.955,0.0437,0.4837,0.1436,BCC
4,10.8185,6.765,0.0359,0.4661,0.1273,BCC
3,11.157,6.79,0.038,0.487,0.1261,BCC
4,10.122,6.84,0.0383,0.4566,0.1388,BCC
4,10.4605,6.865,0.0403,0.4787,0.1378,BCC
4,10.799,6.89,0.0423,0.5005,0.1368,BCC
2,10.1025,6.965,0.043,0.4756,0.1474,BCC
4,8.7,6.81,0.0335,0.4088,0.1271,BCC
3,8.0035,6.885,0.036,0.3785,0.1365,BCC
3,8.342,6.91,0.0369,0.4026,0.1359,BCC
3,8.6805,6.935,0.0378,0.4261,0.1352,BCC
4,7.984,7.01,0.0421,0.3869,0.1438,BCC
3,8.3225,7.035,0.0432,0.4109,0.1433,BCC
3,8.8895,6.695,0.0282,0.369,0.1241,BCC
4,9.2085,6.845,0.0351,0.4234,0.1322,BCC
2,9.547,6.87,0.0373,0.4461,0.1313,BCC
4,8.8505,6.945,0.0375,0.4178,0.1413,BCC
2,9.189,6.97,0.0389,0.441,0.1405,BCC
3,8.831,7.07,0.044,0.4261,0.149,BCC
3,9.0595,6.705,0.0276,0.3599,0.1283,BCC
2,9.3785,6.855,0.0345,0.4149,0.1364,BCC
3,9.359,6.98,0.0382,0.4327,0.145,BCC
3,9.6975,7.005,0.0406,0.4556,0.1441,BCC
2,9.001,7.08,0.0436,0.4179,0.1538,BCC
2,10.5835,6.815,0.035,0.4419,0.1263,BCC
2,9.887,6.89,0.036,0.4294,0.1383,BCC
4,10.2255,6.915,0.0383,0.452,0.1372,BCC
3,10.564,6.94,0.0405,0.4742,0.1361,BCC
4,9.8675,7.015,0.0399,0.4474,0.1472,BCC
3,11.092,6.85,0.0365,0.455,0.1262,BCC
4,10.3955,6.925,0.0376,0.4437,0.1388,BCC
3,8.107,6.96,0.0356,0.3722,0.1379,BCC
4,9.124,7.03,0.0368,0.4034,0.1451,BCC
3,9.6325,7.065,0.0375,0.4185,0.1465,BCC
4,8.1525,13.3,0.0328,0.1185,0.0788,FCC
4,8.065,12.775,0.0342,0.1266,0.0682,FCC
4,8.0665,12.945,0.0353,0.1299,0.0784,FCC
4,8.015,12.87,0.0342,0.1291,0.0776,FCC
4,8.149,13.325,0.0317,0.1174,0.0785,FCC
4,8.1505,13.495,0.0327,0.1204,0.0868,FCC
4,8.099,13.42,0.0324,0.1205,0.086,FCC
4,8.0615,12.8,0.033,0.1249,0.0679,FCC
4,7.977,12.615,0.0355,0.1371,0.0774,FCC
4,8.144,13.18,0.0296,0.1127,0.0675,FCC
3,8.0925,13.105,0.029,0.1119,0.067,FCC
4,8.197,13.425,0.0307,0.1161,0.0789,FCC
3,8.25,13.67,0.0311,0.1183,0.0881,FCC
4,8.1985,13.595,0.0316,0.1191,0.0873,FCC
3,8.147,13.52,0.0316,0.1193,0.0865,FCC
3,8.0955,13.445,0.0312,0.1191,0.0856,FCC
2,8.2515,13.84,0.032,0.1209,0.0949,FCC
4,8.3045,14.085,0.0326,0.1216,0.1013,FCC
3,8.253,14.01,0.0331,0.1232,0.1002,FCC
3,8.2015,13.935,0.0334,0.1244,0.0991,FCC
4,8.15,13.86,0.0336,0.1251,0.0979,FCC
3,8.306,14.255,0.0336,0.1236,0.1054,FCC
3,8.203,14.105,0.0344,0.1267,0.1028,FCC
4,8.1,13.955,0.0345,0.1282,0.0999,FCC
4,8.0065,12.75,0.0304,0.1214,0.0669,FCC
4,8.008,12.92,0.0316,0.1254,0.0769,FCC
3,8.267,13.465,0.0341,0.1298,0.089,FCC
4,8.164,13.315,0.0351,0.1309,0.0874,FCC
4,8.1125,13.24,0.0348,0.1308,0.0865,FCC
4,8.061,13.165,0.0341,0.1302,0.0855,FCC
3,8.1655,13.485,0.0359,0.1335,0.0938,FCC
2,8.0625,13.335,0.0352,0.1334,0.0916,FCC
3,8.167,13.655,0.0368,0.1361,0.0986,FCC
3,8.1155,13.58,0.0368,0.1364,0.0974,FCC
4,8.2715,13.975,0.0368,0.1361,0.1049,FCC
1,8.1685,13.825,0.0377,0.1384,0.1021,FCC
3,7.972,12.47,0.033,0.1312,0.0673,FCC
4,7.9735,12.64,0.0342,0.1351,0.077,FCC
4,7.9765,12.98,0.0367,0.1423,0.0899,FCC
2,8.1405,13.205,0.0286,0.1111,0.0673,FCC
2,8.245,13.525,0.0294,0.1147,0.0792,FCC
2,8.1935,13.45,0.0298,0.115,0.0786,FCC
4,8.142,13.375,0.0296,0.1147,0.0779,FCC
4,8.298,13.77,0.0296,0.1166,0.0885,FCC
2,8.2465,13.695,0.0302,0.1176,0.0878,FCC
4,8.195,13.62,0.0306,0.1181,0.087,FCC
3,8.092,13.47,0.03,0.1176,0.0852,FCC
4,8.2995,13.94,0.0308,0.119,0.0955,FCC
3,8.1965,13.79,0.0315,0.121,0.0936,FCC
4,8.0935,13.64,0.0311,0.121,0.0914,FCC
4,8.404,14.26,0.0301,0.1173,0.1029,FCC
3,8.3525,14.185,0.0312,0.1195,0.1019,FCC
4,8.2495,14.035,0.032,0.1227,0.0998,FCC
4,8.198,13.96,0.0324,0.1237,0.0986,FCC
4,8.457,14.505,0.0292,0.1162,0.1085,FCC
4,8.354,14.355,0.0322,0.1214,0.1062,FCC
3,8.3025,14.28,0.033,0.1234,0.1049,FCC
3,8.251,14.205,0.0332,0.125,0.1036,FCC
2,8.148,14.055,0.0336,0.1269,0.1008,FCC
4,8.201,14.3,0.0343,0.1285,0.1046,FCC
4,8.209,13.075,0.0324,0.1239,0.069,FCC
2,8.1575,13,0.0323,0.1235,0.0684,FCC
4,8.0545,12.85,0.0307,0.1212,0.0672,FCC
2,8.003,12.775,0.0291,0.1192,0.0665,FCC
2,8.262,13.32,0.0327,0.1266,0.0802,FCC
3,8.159,13.17,0.0332,0.1267,0.0789,FCC
2,8.1075,13.095,0.0327,0.1261,0.0781,FCC
2,8.056,13.02,0.0318,0.125,0.0773,FCC
3,8.0045,12.945,0.0303,0.1234,0.0765,FCC
3,8.315,13.565,0.0324,0.1281,0.0894,FCC
3,8.2635,13.49,0.0334,0.1291,0.0887,FCC
4,8.1605,13.34,0.0341,0.1298,0.087,FCC
2,8.109,13.265,0.0337,0.1294,0.0861,FCC
4,8.0575,13.19,0.0329,0.1286,0.0851,FCC
4,8.006,13.115,0.0315,0.1273,0.0841,FCC
3,8.265,13.66,0.034,0.1315,0.0954,FCC
2,8.2135,13.585,0.0348,0.1323,0.0944,FCC
1,8.1105,13.435,0.0347,0.1325,0.0923,FCC
2,8.059,13.36,0.034,0.132,0.0911,FCC
4,8.0075,13.285,0.0328,0.1309,0.0899,FCC
4,8.1635,13.68,0.0359,0.1352,0.0982,FCC
4,8.112,13.605,0.0357,0.1354,0.0969,FCC
4,8.0605,13.53,0.0351,0.1351,0.0955,FCC
3,8.268,14,0.0359,0.1358,0.1044,FCC
4,8.1745,12.795,0.0362,0.1348,0.0696,FCC
4,8.123,12.72,0.0358,0.1341,0.069,FCC
4,8.0715,12.645,0.0349,0.1329,0.0684,FCC
3,8.176,12.965,0.0369,0.1378,0.0799,FCC
3,8.1245,12.89,0.0367,0.1373,0.0792,FCC
3,8.073,12.815,0.0359,0.1364,0.0784,FCC
2,8.0215,12.74,0.0347,0.1349,0.0775,FCC
3,8.023,12.91,0.0358,0.1385,0.085,FCC
4,8.0245,13.08,0.0369,0.1418,0.0907,FCC
4,7.8825,12.14,0.0316,0.1343,0.0664,FCC
3,7.9355,12.385,0.0355,0.1416,0.0766,FCC
4,8.2915,13.455,0.0273,0.1102,0.0684,FCC
3,8.24,13.38,0.0278,0.1105,0.068,FCC
3,8.1885,13.305,0.0279,0.1102,0.0675,FCC
4,8.137,13.23,0.0275,0.1093,0.067,FCC
3,8.0855,13.155,0.0266,0.1079,0.0664,FCC
3,8.3445,13.7,0.0272,0.1122,0.0801,FCC
1,8.293,13.625,0.0279,0.1132,0.0795,FCC
4,8.2415,13.55,0.0286,0.1137,0.0789,FCC
3,8.19,13.475,0.0288,0.1137,0.0783,FCC
3,8.1385,13.4,0.0285,0.1132,0.0776,FCC
4,8.346,13.87,0.0284,0.1148,0.0889,FCC
3,8.2945,13.795,0.0286,0.116,0.0882,FCC
3,8.243,13.72,0.0294,0.1167,0.0875,FCC
4,8.14,13.57,0.0295,0.1167,0.0857,FCC
4,8.0885,13.495,0.0288,0.116,0.0848,FCC
4,8.399,14.115,0.0288,0.1153,0.0968,FCC
2,8.296,13.965,0.0296,0.1185,0.0951,FCC
2,8.2445,13.89,0.0302,0.1195,0.0942,FCC
4,8.193,13.815,0.0306,0.12,0.0932,FCC
4,8.1415,13.74,0.0305,0.12,0.0921,FCC
3,8.09,13.665,0.0299,0.1196,0.091,FCC
2,8.246,14.06,0.0309,0.1221,0.0993,FCC
2,8.1945,13.985,0.0315,0.1228,0.0982,FCC
1,8.143,13.91,0.0315,0.1231,0.0969,FCC
4,8.196,14.155,0.0324,0.1255,0.1018,FCC
2,8.257,13.175,0.0313,0.1228,0.0692,FCC
2,8.2055,13.1,0.0316,0.1226,0.0687,FCC
3,8.154,13.025,0.0314,0.1219,0.0682,FCC
3,8.1025,12.95,0.0307,0.1208,0.0676,FCC
3,8.051,12.875,0.0295,0.119,0.0669,FCC
3,8.31,13.42,0.0311,0.1251,0.0805,FCC
1,8.2585,13.345,0.032,0.1257,0.0799,FCC
3,8.207,13.27,0.0324,0.1257,0.0793,FCC
2,8.1555,13.195,0.0323,0.1254,0.0786,FCC
4,8.001,12.97,0.029,0.1211,0.0761,FCC
4,8.26,13.515,0.0326,0.1283,0.0884,FCC
2,8.2085,13.44,0.0331,0.1287,0.0875,FCC
3,8.157,13.365,0.0332,0.1285,0.0867,FCC
3,8.1055,13.29,0.0327,0.128,0.0857,FCC
1,8.054,13.215,0.0317,0.1269,0.0847,FCC
2,8.21,13.61,0.0339,0.1314,0.094,FCC
3,8.0555,13.385,0.0328,0.1304,0.0906,FCC
2,8.2115,13.78,0.0347,0.134,0.0989,FCC
2,8.068,12.67,0.0338,0.1309,0.0681,FCC
2,8.0165,12.595,0.0324,0.1289,0.0674,FCC
4,7.965,12.52,0.0304,0.1262,0.0666,FCC
3,8.0695,12.84,0.0348,0.1346,0.078,FCC
3,8.018,12.765,0.0335,0.1329,0.0771,FCC
2,7.9305,12.24,0.033,0.1348,0.0669,FCC
3,8.3395,13.555,0.0256,0.1087,0.0686,FCC
4,8.288,13.48,0.0266,0.1091,0.0682,FCC
2,8.2365,13.405,0.027,0.1091,0.0677,FCC
1,8.185,13.33,0.027,0.1085,0.0672,FCC
3,8.1335,13.255,0.0264,0.1073,0.0667,FCC
4,8.082,13.18,0.0254,0.1056,0.0661,FCC
4,8.3925,13.8,0.026,0.1103,0.0803,FCC
1,8.341,13.725,0.0262,0.1115,0.0798,FCC
3,8.2895,13.65,0.0272,0.1123,0.0792,FCC
1,8.238,13.575,0.0278,0.1125,0.0786,FCC
4,8.1865,13.5,0.0279,0.1122,0.078,FCC
3,8.135,13.425,0.0274,0.1114,0.0772,FCC
3,8.0835,13.35,0.0265,0.11,0.0764,FCC
4,8.394,13.97,0.0271,0.1128,0.0893,FCC
3,8.3425,13.895,0.0273,0.1142,0.0886,FCC
4,8.291,13.82,0.0279,0.1152,0.0879,FCC
2,8.2395,13.745,0.0286,0.1157,0.0871,FCC
3,8.188,13.67,0.0287,0.1157,0.0863,FCC
4,8.1365,13.595,0.0284,0.1152,0.0854,FCC
4,8.241,13.915,0.0293,0.1186,0.0938,FCC
3,8.1895,13.84,0.0296,0.1189,0.0927,FCC
1,8.138,13.765,0.0294,0.1187,0.0917,FCC
3,8.191,14.01,0.0305,0.1219,0.0977,FCC
3,8.305,13.275,0.0299,0.1215,0.0693,FCC
1,8.2535,13.2,0.0306,0.1216,0.0689,FCC
4,8.202,13.125,0.0308,0.1212,0.0684,FCC
2,8.1505,13.05,0.0304,0.1202,0.0679,FCC
4,8.099,12.975,0.0296,0.1187,0.0673,FCC
3,8.0475,12.9,0.0283,0.1167,0.0666,FCC
3,8.152,13.22,0.0313,0.1238,0.0782,FCC
2,8.049,13.07,0.0294,0.121,0.0766,FCC
4,8.308,13.615,0.031,0.1269,0.0888,FCC
4,8.2565,13.54,0.0319,0.1275,0.088,FCC
3,8.0645,12.695,0.0328,0.1289,0.0678,FCC
4,8.013,12.62,0.0312,0.1265,0.067,FCC
4,8.066,12.865,0.0338,0.1327,0.0776,FCC
4,8.3875,13.655,0.0237,0.1069,0.0687,FCC
1,8.336,13.58,0.025,0.1077,0.0683,FCC
3,8.2845,13.505,0.0258,0.1079,0.0679,FCC
4,8.233,13.43,0.0262,0.1075,0.0675,FCC
2,8.1815,13.355,0.026,0.1067,0.067,FCC
2,8.13,13.28,0.0254,0.1052,0.0664,FCC
3,8.389,13.825,0.0249,0.1097,0.0801,FCC
2,8.3375,13.75,0.0256,0.1107,0.0795,FCC
2,8.286,13.675,0.0265,0.1112,0.079,FCC
1,8.2345,13.6,0.0269,0.1112,0.0783,FCC
1,8.183,13.525,0.0269,0.1106,0.0776,FCC
4,8.1315,13.45,0.0264,0.1095,0.0769,FCC
2,8.08,13.375,0.0253,0.1077,0.0761,FCC
4,8.3905,13.995,0.0261,0.1123,0.089,FCC
4,8.339,13.92,0.0261,0.1135,0.0883,FCC
4,8.1845,13.695,0.0278,0.1142,0.0859,FCC
2,8.133,13.62,0.0274,0.1135,0.085,FCC
3,8.186,13.865,0.0287,0.1176,0.0923,FCC
2,8.1985,13.15,0.0299,0.1196,0.0681,FCC
4,8.147,13.075,0.0295,0.1183,0.0676,FCC
4,8.097,13.17,0.0295,0.1207,0.0771,FCC
4,8.0455,13.095,0.0282,0.1187,0.0762,FCC
4,8.15,13.415,0.0312,0.1257,0.0859,FCC
2,8.384,13.68,0.0232,0.1061,0.0685,FCC
1,8.3325,13.605,0.0244,0.1065,0.0681,FCC
2,8.281,13.53,0.0251,0.1065,0.0677,FCC
2,8.2295,13.455,0.0253,0.1058,0.0672,FCC
4,8.178,13.38,0.0251,0.1046,0.0667,FCC
3,8.334,13.775,0.025,0.1097,0.0793,FCC
4,8.2825,13.7,0.0258,0.11,0.0787,FCC
2,8.231,13.625,0.0261,0.1097,0.078,FCC
3,8.1795,13.55,0.0259,0.1088,0.0773,FCC
3,8.284,13.87,0.0265,0.1132,0.0872,FCC
4,8.2325,13.795,0.0269,0.1132,0.0864,FCC
2,8.195,13.175,0.0291,0.1178,0.0679,FCC
4,8.1435,13.1,0.0285,0.1163,0.0673,FCC
2,8.212,12.97,0.0332,0.1297,0.069,FCC
1,7.968,14.44,0.0438,0.155,0.1103,BCC+FCC
1,7.865,14.29,0.0442,0.1564,0.1072,BCC+FCC
1,7.762,14.14,0.0426,0.1564,0.1038,BCC+FCC
1,7.868,14.63,0.0462,0.1606,0.1076,BCC+FCC
1,7.8275,13.67,0.0454,0.161,0.1011,BCC+FCC
1,7.7245,13.52,0.0427,0.1595,0.0985,BCC+FCC
1,7.9835,14.065,0.0462,0.1622,0.1084,BCC+FCC
1,7.9335,14.16,0.0476,0.1649,0.1095,BCC+FCC
1,7.9365,14.5,0.0491,0.1685,0.1103,BCC+FCC
1,7.8445,13.465,0.0494,0.17,0.1019,BCC+FCC
1,7.743,13.485,0.0483,0.1714,0.1021,BCC+FCC
1,7.8475,13.805,0.0512,0.1744,0.107,BCC+FCC
1,7.693,13.58,0.0478,0.1732,0.1016,BCC+FCC
1,7.799,14.07,0.0525,0.1788,0.1044,BCC+FCC
1,7.604,12.885,0.0453,0.1729,0.0957,BCC+FCC
1,7.5525,12.81,0.0431,0.1705,0.094,BCC+FCC
1,7.8145,13.695,0.0555,0.1849,0.1063,BCC+FCC
1,7.763,13.62,0.0547,0.1848,0.1042,BCC+FCC
1,7.66,13.47,0.0516,0.1835,0.0997,BCC+FCC
3,7.8885,13.745,0.0349,0.1321,0.082,FCC
3,7.8915,14.085,0.0369,0.1381,0.0966,FCC
4,7.79,14.105,0.0362,0.1401,0.0991,FCC
4,7.946,14.5,0.0389,0.1428,0.1065,FCC
4,7.8945,14.425,0.0389,0.1433,0.1052,FCC
4,7.701,13.41,0.0343,0.1408,0.0874,FCC
3,7.7025,13.58,0.0356,0.1445,0.0931,FCC
1,7.8085,14.07,0.0413,0.153,0.1031,BCC+FCC
1,7.8615,14.315,0.0431,0.1557,0.1066,BCC+FCC
1,7.7585,14.165,0.0413,0.1552,0.1032,BCC+FCC
1,7.9145,14.56,0.0442,0.1574,0.1092,BCC+FCC
1,7.8755,13.77,0.045,0.1602,0.1019,BCC+FCC
1,7.721,13.545,0.0414,0.1579,0.098,BCC+FCC
1,7.877,13.94,0.0459,0.1626,0.1053,BCC+FCC
1,7.774,13.79,0.0442,0.1619,0.1023,BCC+FCC
1,7.9815,14.26,0.0462,0.1636,0.1104,BCC+FCC
1,7.93,14.185,0.0467,0.1644,0.1089,BCC+FCC
1,7.7755,13.96,0.0453,0.1646,0.1039,BCC+FCC
1,7.724,13.885,0.0439,0.1639,0.1021,BCC+FCC
1,7.88,14.28,0.0476,0.1669,0.1081,BCC+FCC
1,7.777,14.13,0.0464,0.1671,0.1041,BCC+FCC
1,7.9845,14.6,0.0475,0.167,0.1116,BCC+FCC
1,7.838,13.15,0.0467,0.1636,0.0911,BCC+FCC
1,7.688,13.435,0.0452,0.1689,0.0998,BCC+FCC
1,7.8955,13.905,0.0505,0.1735,0.108,BCC+FCC
1,7.844,13.83,0.0502,0.1736,0.1064,BCC+FCC
1,7.741,13.68,0.0482,0.1728,0.1028,BCC+FCC
1,7.897,14.075,0.0512,0.1755,0.1088,BCC+FCC
1,7.8455,14,0.0511,0.1758,0.1068,BCC+FCC
1,7.7535,12.965,0.0496,0.1733,0.0955,BCC+FCC
1,7.652,12.985,0.0466,0.1731,0.0966,BCC+FCC
1,7.7565,13.305,0.0516,0.1788,0.1022,BCC+FCC
1,7.6535,13.155,0.0478,0.1762,0.0988,BCC+FCC
3,7.8335,13.695,0.0328,0.1294,0.081,FCC
3,7.8865,13.94,0.0349,0.1338,0.0898,FCC
3,7.835,13.865,0.0339,0.133,0.089,FCC
4,7.991,14.26,0.0361,0.1368,0.0981,FCC
4,7.9395,14.185,0.0362,0.1371,0.0972,FCC
4,7.888,14.11,0.0359,0.1369,0.0962,FCC
2,7.8365,14.035,0.035,0.1363,0.0952,FCC
3,7.785,13.96,0.0337,0.1352,0.0941,FCC
4,7.9925,14.43,0.0368,0.1392,0.1033,FCC
4,7.941,14.355,0.0371,0.1397,0.1022,FCC
2,7.8895,14.28,0.0369,0.1397,0.1011,FCC
3,7.838,14.205,0.0361,0.1394,0.0999,FCC
4,7.7865,14.13,0.0349,0.1386,0.0986,FCC
4,7.8395,14.375,0.0373,0.1423,0.1033,FCC
3,7.788,14.3,0.0361,0.1417,0.1018,FCC
3,7.696,13.265,0.0315,0.1344,0.0797,FCC
4,7.8005,13.585,0.0368,0.1425,0.089,FCC
2,7.6975,13.435,0.0329,0.1386,0.087,FCC
3,7.7505,13.68,0.0363,0.1444,0.0938,FCC
2,7.699,13.605,0.0342,0.1425,0.0926,FCC
3,7.752,13.85,0.0375,0.1478,0.0981,FCC
1,7.8565,14.17,0.041,0.1522,0.104,BCC+FCC
1,7.8595,14.51,0.043,0.1571,0.1067,BCC+FCC
4,7.6115,13.08,0.0325,0.1435,0.0857,FCC
1,7.7675,13.475,0.0408,0.1545,0.0946,BCC+FCC
1,7.8205,13.72,0.0432,0.1586,0.1002,BCC+FCC
1,7.9765,14.115,0.0448,0.1612,0.1074,BCC+FCC
1,7.8735,13.965,0.0449,0.1616,0.1047,BCC+FCC
1,7.822,13.89,0.0442,0.1613,0.1033,BCC+FCC
1,7.7705,13.815,0.043,0.1606,0.1017,BCC+FCC
1,7.719,13.74,0.0413,0.1594,0.1001,BCC+FCC
1,7.9265,14.21,0.0459,0.1638,0.1083,BCC+FCC
1,7.8235,14.06,0.0452,0.1639,0.105,BCC+FCC
1,7.8765,14.305,0.0467,0.1662,0.1074,BCC+FCC
1,7.889,13.59,0.0481,0.1682,0.1022,BCC+FCC
1,7.8375,13.515,0.0475,0.1678,0.1009,BCC+FCC
1,7.8905,13.76,0.0489,0.1706,0.1055,BCC+FCC
1,7.839,13.685,0.0484,0.1703,0.104,BCC+FCC
1,7.7875,13.61,0.0474,0.1697,0.1025,BCC+FCC
1,7.892,13.93,0.0496,0.1728,0.1074,BCC+FCC
1,7.8435,14.195,0.051,0.1771,0.1051,BCC+FCC
1,7.7,13.085,0.0477,0.1731,0.0976,BCC+FCC
1,7.6485,13.01,0.0453,0.1711,0.0961,BCC+FCC
1,7.65,13.18,0.0465,0.1745,0.0982,BCC+FCC
2,7.8815,13.795,0.0328,0.129,0.0814,FCC
4,7.83,13.72,0.0316,0.1275,0.0807,FCC
3,7.7785,13.645,0.03,0.1255,0.08,FCC
4,7.9345,14.04,0.0344,0.133,0.0903,FCC
2,7.883,13.965,0.0338,0.1324,0.0895,FCC
2,7.8315,13.89,0.0327,0.1312,0.0886,FCC
3,7.78,13.815,0.0312,0.1295,0.0877,FCC
2,7.8845,14.135,0.0348,0.1356,0.0958,FCC
2,7.7815,13.985,0.0324,0.1334,0.0937,FCC
4,7.886,14.305,0.0358,0.1386,0.1007,FCC
2,7.783,14.155,0.0336,0.1369,0.0981,FCC
2,7.744,13.365,0.0326,0.1346,0.0801,FCC
3,7.6925,13.29,0.0301,0.1317,0.0793,FCC
3,7.7455,13.535,0.0338,0.1387,0.0876,FCC
3,7.694,13.46,0.0314,0.1361,0.0866,FCC
2,7.747,13.705,0.035,0.1425,0.0933,FCC
1,7.906,14.44,0.0414,0.1538,0.1071,BCC+FCC
1,7.9745,14.31,0.0448,0.1626,0.1093,BCC+FCC
1,7.8715,14.16,0.0448,0.1631,0.1061,BCC+FCC
1,7.976,14.48,0.0454,0.1646,0.1104,BCC+FCC
1,7.873,14.33,0.0457,0.1654,0.1067,BCC+FCC
1,7.926,14.575,0.0466,0.1672,0.1081,BCC+FCC
1,7.7295,13.22,0.0425,0.1606,0.0938,BCC+FCC
1,7.887,13.785,0.048,0.1696,0.1049,BCC+FCC
1,7.8885,13.955,0.0488,0.1719,0.1068,BCC+FCC
1,7.7855,13.805,0.0473,0.1711,0.1033,BCC+FCC
1,7.89,14.125,0.0496,0.1741,0.1074,BCC+FCC
3,7.981,13.97,0.0328,0.1291,0.0823,FCC
3,7.878,13.82,0.0317,0.1272,0.0811,FCC
1,7.775,13.67,0.0286,0.123,0.0796,FCC
2,7.931,14.065,0.0334,0.1317,0.0899,FCC
2,7.8795,13.99,0.0327,0.1308,0.0891,FCC
4,7.7765,13.84,0.0299,0.1273,0.0873,FCC
4,7.8295,14.085,0.0327,0.133,0.0943,FCC
4,7.778,14.01,0.0311,0.1314,0.0932,FCC
3,7.7405,13.39,0.0312,0.1321,0.0798,FCC
3,7.742,13.56,0.0325,0.1364,0.0872,FCC
1,7.918,14.09,0.0434,0.1598,0.1051,BCC+FCC
1,7.8665,14.015,0.043,0.1595,0.1037,BCC+FCC
1,7.815,13.94,0.0421,0.1587,0.1021,BCC+FCC
1,7.971,14.335,0.0441,0.162,0.1088,BCC+FCC
1,7.9725,14.505,0.0447,0.164,0.1098,BCC+FCC
1,7.832,13.735,0.0465,0.1679,0.1029,BCC+FCC
1,7.8335,13.905,0.0474,0.1706,0.1045,BCC+FCC
1,7.7445,13.21,0.0474,0.1714,0.098,BCC+FCC
1,7.799,13.625,0.0508,0.1785,0.1034,BCC+FCC
1,7.657,12.685,0.0477,0.1723,0.0923,BCC+FCC
1,7.6585,12.855,0.0486,0.176,0.0957,BCC+FCC
1,7.823,13.77,0.0292,0.1231,0.0801,FCC
3,7.8245,13.94,0.0304,0.1273,0.0879,FCC
2,7.9805,14.335,0.0336,0.1339,0.097,FCC
3,7.737,13.415,0.0299,0.1294,0.0794,FCC
3,7.7385,13.585,0.0312,0.1339,0.0868,FCC
1,7.969,14.53,0.044,0.1634,0.1091,BCC+FCC
1,7.88,13.835,0.0464,0.1674,0.1038,BCC+FCC
4,7.8195,13.795,0.0281,0.1206,0.0797,FCC
2,7.768,13.72,0.026,0.1175,0.0789,FCC
2,7.821,13.965,0.0292,0.125,0.0875,FCC
1,7.964,14.385,0.0426,0.1604,0.1076,BCC+FCC
1,7.789,13.335,0.0471,0.1696,0.0983,BCC+FCC
3,7.919,13.97,0.0297,0.1228,0.0808,FCC
4,7.8675,13.895,0.0285,0.1207,0.0801,FCC
4,7.816,13.82,0.0269,0.1179,0.0794,FCC
4,7.922,14.31,0.0314,0.1303,0.0952,FCC
1,7.6905,15.065,0.0445,0.1593,0.1127,BCC+FCC
1,7.639,14.99,0.0442,0.1595,0.1113,BCC+FCC
1,7.5875,14.915,0.0435,0.1594,0.1098,BCC+FCC
1,7.692,15.235,0.0454,0.1613,0.1142,BCC+FCC
1,7.486,14.935,0.0418,0.161,0.1071,BCC+FCC
1,7.539,15.18,0.0447,0.1642,0.1084,BCC+FCC
1,7.798,15.725,0.0458,0.1625,0.1175,BCC+FCC
1,7.7465,15.65,0.0466,0.1639,0.1155,BCC+FCC
1,7.6435,15.5,0.0472,0.1659,0.1111,BCC+FCC
1,7.5485,14.125,0.043,0.1597,0.0989,BCC+FCC
1,7.653,14.445,0.0462,0.1639,0.1058,BCC+FCC
1,7.603,14.54,0.0464,0.1661,0.1082,BCC+FCC
1,7.759,14.935,0.0476,0.1675,0.1148,BCC+FCC
1,7.553,14.635,0.0464,0.1681,0.1089,BCC+FCC
1,7.5015,14.56,0.0448,0.1674,0.1073,BCC+FCC
1,7.4515,14.655,0.0441,0.1691,0.1058,BCC+FCC
1,7.762,15.275,0.0489,0.1709,0.1169,BCC+FCC
1,7.5125,13.675,0.0448,0.1644,0.0929,BCC+FCC
1,7.5655,13.92,0.0476,0.1689,0.0997,BCC+FCC
1,7.4625,13.77,0.0438,0.1658,0.0976,BCC+FCC
1,7.6185,14.165,0.0497,0.1724,0.1055,BCC+FCC
1,7.464,13.94,0.045,0.1691,0.1018,BCC+FCC
1,7.4125,13.865,0.0424,0.1671,0.1005,BCC+FCC
1,7.62,14.335,0.0505,0.1748,0.1089,BCC+FCC
1,7.6745,14.75,0.0526,0.179,0.1139,BCC+FCC
1,7.676,14.92,0.0533,0.1809,0.1138,BCC+FCC
1,7.47,14.62,0.0499,0.1805,0.1052,BCC+FCC
1,7.5745,14.94,0.0536,0.1835,0.1076,BCC+FCC
1,7.523,14.865,0.0526,0.1834,0.1051,BCC+FCC
1,7.375,13.245,0.0438,0.1664,0.0909,BCC+FCC
1,7.3235,13.17,0.042,0.1629,0.0898,BCC+FCC
1,7.531,13.64,0.0508,0.1765,0.0995,BCC+FCC
1,7.325,13.34,0.0428,0.1671,0.0948,BCC+FCC
1,7.5325,13.81,0.0518,0.1793,0.1038,BCC+FCC
1,7.481,13.735,0.0499,0.178,0.1026,BCC+FCC
1,7.378,13.585,0.0453,0.1739,0.0999,BCC+FCC
1,7.4825,13.905,0.051,0.1809,0.1054,BCC+FCC
1,7.328,13.68,0.0444,0.1749,0.1005,BCC+FCC
1,7.4325,14,0.05,0.1824,0.1052,BCC+FCC
1,7.5885,14.395,0.0558,0.1874,0.111,BCC+FCC
1,7.4855,14.245,0.0532,0.1863,0.1071,BCC+FCC
1,7.289,12.89,0.0449,0.1687,0.0896,BCC+FCC
1,7.445,13.285,0.0517,0.1816,0.0981,BCC+FCC
1,7.498,13.53,0.0549,0.1865,0.1033,BCC+FCC
1,7.395,13.38,0.0506,0.1827,0.1006,BCC+FCC
1,7.292,13.23,0.0467,0.1771,0.0976,BCC+FCC
1,7.4995,13.7,0.0559,0.1892,0.1061,BCC+FCC
1,7.3965,13.55,0.0515,0.186,0.103,BCC+FCC
1,7.501,13.87,0.0569,0.1919,0.1076,BCC+FCC
1,7.504,14.21,0.0589,0.1967,0.1066,BCC+FCC
1,7.4525,14.135,0.0572,0.196,0.1042,BCC+FCC
1,7.3575,12.76,0.0517,0.1815,0.0916,BCC+FCC
1,7.2545,12.61,0.0472,0.1739,0.0892,BCC+FCC
1,7.359,12.93,0.0527,0.1852,0.0964,BCC+FCC
1,7.256,12.78,0.0482,0.1783,0.0937,BCC+FCC
1,7.2045,12.705,0.046,0.174,0.0923,BCC+FCC
1,7.206,12.875,0.047,0.1786,0.0951,BCC+FCC
1,7.3105,13.195,0.0524,0.1896,0.1003,BCC+FCC
1,7.259,13.12,0.0502,0.1865,0.0984,BCC+FCC
1,7.17,12.425,0.0476,0.1784,0.0916,BCC+FCC
1,7.1185,12.35,0.0451,0.173,0.09,BCC+FCC
1,7.684,14.75,0.0418,0.1538,0.1057,BCC+FCC
1,7.7385,15.165,0.0434,0.1581,0.1136,BCC+FCC
1,7.6885,15.26,0.0444,0.1607,0.1136,BCC+FCC
1,7.793,15.58,0.0442,0.1608,0.1174,BCC+FCC
1,7.6915,15.6,0.0462,0.1647,0.1126,BCC+FCC
1,7.595,14.055,0.0423,0.1563,0.0934,BCC+FCC
1,7.598,14.395,0.0443,0.1622,0.1043,BCC+FCC
1,7.5465,14.32,0.043,0.1612,0.1031,BCC+FCC
1,7.548,14.49,0.0441,0.1641,0.1063,BCC+FCC
1,7.757,15.13,0.0475,0.1689,0.1159,BCC+FCC
1,7.551,14.83,0.0463,0.1695,0.109,BCC+FCC
1,7.707,15.225,0.0487,0.1714,0.1144,BCC+FCC
1,7.604,15.075,0.0483,0.1722,0.1104,BCC+FCC
1,7.5525,15,0.0474,0.172,0.1083,BCC+FCC
1,7.615,14.19,0.0487,0.1712,0.105,BCC+FCC
1,7.5635,14.115,0.0475,0.1703,0.1039,BCC+FCC
1,7.462,14.135,0.0449,0.1705,0.1041,BCC+FCC
1,7.4105,14.06,0.0423,0.1686,0.1025,BCC+FCC
1,7.618,14.53,0.0505,0.1762,0.1106,BCC+FCC
1,7.412,14.23,0.0437,0.1719,0.1038,BCC+FCC
1,7.4245,13.515,0.0454,0.1707,0.0968,BCC+FCC
1,7.529,13.835,0.0507,0.1779,0.1034,BCC+FCC
1,7.4775,13.76,0.0487,0.1763,0.1021,BCC+FCC
1,7.323,13.535,0.0428,0.1686,0.0978,BCC+FCC
1,7.5835,14.25,0.0539,0.1841,0.1097,BCC+FCC
1,7.532,14.175,0.0527,0.1834,0.108,BCC+FCC
1,7.2885,13.255,0.0457,0.1744,0.097,BCC+FCC
1,7.29,13.425,0.0466,0.1785,0.0988,BCC+FCC
1,7.502,14.405,0.0589,0.1979,0.1028,BCC+FCC
1,7.132,12.17,0.0473,0.1787,0.0902,BCC+FCC
1,7.6805,14.775,0.0408,0.1527,0.1053,BCC+FCC
1,7.6305,14.87,0.0411,0.155,0.1078,BCC+FCC
1,7.5805,14.965,0.0411,0.1571,0.1086,BCC+FCC
1,7.7365,15.36,0.0434,0.1595,0.1147,BCC+FCC
1,7.685,15.285,0.0435,0.16,0.113,BCC+FCC
1,7.738,15.53,0.0442,0.1615,0.115,BCC+FCC
1,7.6865,15.455,0.0444,0.1621,0.1131,BCC+FCC
1,7.7395,15.7,0.0449,0.1633,0.114,BCC+FCC
1,7.5915,14.08,0.0413,0.1546,0.0931,BCC+FCC
1,7.696,14.4,0.044,0.1596,0.101,BCC+FCC
1,7.6975,14.57,0.0448,0.1621,0.106,BCC+FCC
1,7.5445,14.515,0.0429,0.1627,0.1058,BCC+FCC
1,7.752,14.985,0.0462,0.1664,0.1138,BCC+FCC
1,7.7535,15.155,0.0468,0.1684,0.1153,BCC+FCC
1,7.7565,15.495,0.0482,0.1719,0.1146,BCC+FCC
1,7.56,14.14,0.0464,0.1688,0.1034,BCC+FCC
1,7.5615,14.31,0.0474,0.1717,0.1065,BCC+FCC
1,7.6145,14.555,0.0495,0.1751,0.11,BCC+FCC
1,7.6675,14.8,0.0509,0.1776,0.1126,BCC+FCC
1,7.513,14.575,0.048,0.1762,0.107,BCC+FCC
1,7.566,14.82,0.0504,0.1795,0.1082,BCC+FCC
1,7.6705,15.14,0.0524,0.1816,0.1108,BCC+FCC
1,7.471,13.445,0.0456,0.1674,0.0921,BCC+FCC
1,7.421,13.54,0.0446,0.1684,0.0964,BCC+FCC
1,7.474,13.785,0.0475,0.1744,0.1016,BCC+FCC
1,7.4225,13.71,0.0454,0.1721,0.1002,BCC+FCC
1,7.424,13.88,0.0462,0.1756,0.1027,BCC+FCC
1,7.5815,14.445,0.0539,0.1854,0.1097,BCC+FCC
1,7.53,14.37,0.0526,0.1847,0.1077,BCC+FCC
1,7.5315,14.54,0.0536,0.1872,0.1066,BCC+FCC
1,7.5845,14.785,0.0557,0.1899,0.1065,BCC+FCC
1,7.4895,13.41,0.0518,0.1799,0.0984,BCC+FCC
1,7.3865,13.26,0.0479,0.1746,0.096,BCC+FCC
1,7.285,13.28,0.0448,0.1716,0.0964,BCC+FCC
1,7.441,13.675,0.0516,0.1843,0.1034,BCC+FCC
1,7.444,14.015,0.0537,0.1904,0.1042,BCC+FCC
1,7.352,12.98,0.0505,0.1803,0.0955,BCC+FCC
1,7.302,13.075,0.0493,0.1808,0.0972,BCC+FCC
1,7.1285,12.195,0.046,0.1746,0.0896,BCC+FCC
1,7.7285,14.875,0.0402,0.1519,0.1059,BCC+FCC
1,7.677,14.8,0.0399,0.1515,0.1049,BCC+FCC
1,7.833,15.195,0.04,0.1535,0.1122,BCC+FCC
1,7.783,15.29,0.0414,0.1563,0.114,BCC+FCC
1,7.63,15.235,0.042,0.1591,0.1107,BCC+FCC
1,7.683,15.48,0.0434,0.1614,0.1124,BCC+FCC
1,7.839,15.875,0.0427,0.1606,0.1174,BCC+FCC
1,7.736,15.725,0.0441,0.1629,0.1132,BCC+FCC
1,7.6455,14.86,0.0451,0.1657,0.1103,BCC+FCC
1,7.6485,15.2,0.0469,0.1704,0.111,BCC+FCC
1,7.658,14.145,0.0469,0.1668,0.1005,BCC+FCC
1,7.555,13.995,0.0444,0.164,0.0985,BCC+FCC
1,7.5035,13.92,0.0423,0.1619,0.0975,BCC+FCC
1,7.505,14.09,0.0435,0.1654,0.1017,BCC+FCC
1,7.661,14.485,0.0485,0.1721,0.1088,BCC+FCC
1,7.6095,14.41,0.0477,0.1714,0.1074,BCC+FCC
1,7.5065,14.26,0.0446,0.1687,0.1045,BCC+FCC
1,7.664,14.825,0.0501,0.1768,0.112,BCC+FCC
1,7.519,13.545,0.0466,0.1678,0.0927,BCC+FCC
1,7.416,13.395,0.043,0.1618,0.0907,BCC+FCC
1,7.572,13.79,0.0494,0.1731,0.0993,BCC+FCC
1,7.5735,13.96,0.0503,0.1762,0.1037,BCC+FCC
1,7.4705,13.81,0.0463,0.1724,0.1011,BCC+FCC
1,7.575,14.13,0.0511,0.179,0.1067,BCC+FCC
1,7.5265,14.395,0.0515,0.1833,0.107,BCC+FCC
1,7.4875,13.605,0.0517,0.1813,0.1018,BCC+FCC
1,7.436,13.53,0.0498,0.1789,0.1004,BCC+FCC
1,7.4375,13.7,0.0507,0.1824,0.1028,BCC+FCC
1,7.347,12.835,0.0485,0.1733,0.0902,BCC+FCC
1,7.4,13.08,0.0517,0.1811,0.0963,BCC+FCC
1,7.4015,13.25,0.0527,0.1849,0.0998,BCC+FCC
1,7.35,13.175,0.0504,0.1817,0.0982,BCC+FCC
1,7.403,13.42,0.0537,0.1885,0.1019,BCC+FCC
1,7.3125,12.555,0.0503,0.1782,0.0899,BCC+FCC
1,7.2265,12.2,0.0489,0.1773,0.0882,BCC+FCC
1,7.1235,12.05,0.0434,0.1642,0.0854,BCC+FCC
3,7.4645,14.185,0.0294,0.1345,0.0897,FCC
1,7.778,15.145,0.04,0.1534,0.1106,BCC+FCC
1,7.6765,15.165,0.0407,0.1558,0.1106,BCC+FCC
1,7.781,15.485,0.0414,0.1577,0.1151,BCC+FCC
1,7.834,15.73,0.0411,0.1587,0.1173,BCC+FCC
1,7.739,14.355,0.0421,0.155,0.0947,BCC+FCC
1,7.6375,14.375,0.0415,0.1559,0.0994,BCC+FCC
1,7.6905,14.62,0.0431,0.1598,0.1052,BCC+FCC
1,7.6935,14.96,0.0447,0.165,0.1113,BCC+FCC
1,7.6435,15.055,0.045,0.1671,0.1107,BCC+FCC
1,7.6965,15.3,0.0462,0.1695,0.1123,BCC+FCC
1,7.6545,14.17,0.0461,0.1653,0.1001,BCC+FCC
1,7.656,14.34,0.0469,0.1682,0.1049,BCC+FCC
1,7.606,14.435,0.0467,0.17,0.1069,BCC+FCC
1,7.662,15.02,0.05,0.1781,0.111,BCC+FCC
1,7.567,13.645,0.0475,0.168,0.0932,BCC+FCC
1,7.5155,13.57,0.0456,0.1656,0.0923,BCC+FCC
1,7.5715,14.155,0.0502,0.1775,0.1062,BCC+FCC
1,7.378,13.14,0.0451,0.1649,0.0901,BCC+FCC
1,7.3795,13.31,0.046,0.1693,0.095,BCC+FCC
1,7.395,12.935,0.0496,0.1744,0.0909,BCC+FCC
1,7.3435,12.86,0.0474,0.1702,0.0898,BCC+FCC
1,7.345,13.03,0.0484,0.1747,0.0944,BCC+FCC
1,7.259,12.675,0.0478,0.1748,0.0924,BCC+FCC
1,7.223,12.225,0.0476,0.1734,0.0877,BCC+FCC
3,7.461,14.21,0.0286,0.1314,0.0893,FCC
1,7.829,15.585,0.0399,0.1565,0.1161,BCC+FCC
1,7.726,15.435,0.0409,0.1574,0.1129,BCC+FCC
1,7.684,14.305,0.0408,0.1525,0.0936,BCC+FCC
1,7.6855,14.475,0.0415,0.1556,0.0999,BCC+FCC
1,7.74,14.89,0.0434,0.1618,0.1097,BCC+FCC
1,7.6385,14.91,0.0432,0.1633,0.1092,BCC+FCC
1,7.6495,14.025,0.0445,0.1606,0.0937,BCC+FCC
1,7.598,13.95,0.0431,0.1587,0.0929,BCC+FCC
1,7.6555,14.705,0.0476,0.1723,0.1099,BCC+FCC
1,7.657,14.875,0.0484,0.1748,0.1107,BCC+FCC
1,7.5635,13.67,0.0466,0.1659,0.0928,BCC+FCC
1,7.512,13.595,0.0448,0.1632,0.0919,BCC+FCC
1,7.4635,13.86,0.0446,0.168,0.1,BCC+FCC
1,7.426,13.24,0.0461,0.1659,0.0907,BCC+FCC
1,7.4275,13.41,0.047,0.1702,0.0958,BCC+FCC
1,7.2195,12.25,0.0463,0.1693,0.0872,BCC+FCC
1,7.7335,14.575,0.0413,0.1551,0.1005,BCC+FCC
1,7.685,14.84,0.0423,0.16,0.1079,BCC+FCC
1,7.738,15.085,0.0433,0.1632,0.1117,BCC+FCC
1,7.5975,14.315,0.0439,0.1636,0.1028,BCC+FCC
1,7.546,14.24,0.0422,0.1616,0.1015,BCC+FCC
1,7.56,13.695,0.0457,0.1637,0.0925,BCC+FCC
1,7.5085,13.62,0.044,0.1607,0.0915,BCC+FCC
1,7.4585,13.715,0.043,0.1615,0.0957,BCC+FCC
1,7.563,14.035,0.0474,0.1709,0.1022,BCC+FCC
1,7.5115,13.96,0.0455,0.1685,0.1009,BCC+FCC
1,7.477,13.68,0.0489,0.1749,0.1003,BCC+FCC
1,7.6785,14.525,0.0399,0.1523,0.0992,BCC+FCC
1,7.7315,14.77,0.0413,0.1567,0.1051,BCC+FCC
1,7.6425,14.075,0.0428,0.1568,0.093,BCC+FCC
1,7.644,14.245,0.0436,0.1603,0.099,BCC+FCC
1,7.5925,14.17,0.0421,0.1581,0.0979,BCC+FCC
1,7.6455,14.415,0.0444,0.1636,0.1035,BCC+FCC
1,7.5595,14.06,0.0464,0.1688,0.1018,BCC+FCC
1,7.4705,13.365,0.0462,0.164,0.091,BCC+FCC
1,7.2725,14.92,0.042,0.1631,0.1059,BCC+FCC
1,7.1725,15.11,0.0395,0.166,0.1082,BCC+FCC
1,7.433,15.825,0.05,0.1756,0.1177,BCC+FCC
1,7.486,16.07,0.0508,0.1769,0.1189,BCC+FCC
1,7.3315,15.845,0.0495,0.1778,0.1125,BCC+FCC
1,7.291,14.885,0.048,0.1753,0.11,BCC+FCC
1,7.2395,14.81,0.0458,0.1737,0.1087,BCC+FCC
1,7.1365,14.66,0.0413,0.1692,0.1058,BCC+FCC
1,7.447,15.28,0.0522,0.1797,0.1164,BCC+FCC
1,7.0865,14.755,0.0405,0.1701,0.1054,BCC+FCC
1,7.397,15.375,0.0526,0.1818,0.1164,BCC+FCC
1,7.4515,15.79,0.0546,0.1856,0.1174,BCC+FCC
1,7.453,15.96,0.0554,0.1874,0.1151,BCC+FCC
1,7.4015,15.885,0.0552,0.1879,0.1126,BCC+FCC
1,7.2985,15.735,0.0535,0.188,0.1073,BCC+FCC
1,7.3595,14.755,0.0543,0.1848,0.112,BCC+FCC
1,7.311,15.02,0.0548,0.189,0.1137,BCC+FCC
1,7.2095,15.04,0.0521,0.1896,0.109,BCC+FCC
1,7.158,14.965,0.0495,0.188,0.1067,BCC+FCC
1,7.3655,15.435,0.0578,0.1939,0.1137,BCC+FCC
1,7.211,15.21,0.0533,0.1922,0.1064,BCC+FCC
1,7.219,13.985,0.052,0.1826,0.1016,BCC+FCC
1,7.272,14.23,0.055,0.1878,0.1069,BCC+FCC
1,7.1175,14.005,0.0489,0.1806,0.1032,BCC+FCC
1,7.066,13.93,0.047,0.1772,0.1018,BCC+FCC
1,7.2735,14.4,0.056,0.1908,0.11,BCC+FCC
1,7.1705,14.25,0.0518,0.1869,0.1072,BCC+FCC
1,7.172,14.42,0.0527,0.1902,0.1086,BCC+FCC
1,7.1205,14.345,0.0507,0.1879,0.1068,BCC+FCC
1,7.1765,14.93,0.0559,0.199,0.1044,BCC+FCC
1,7.0815,13.555,0.0505,0.182,0.099,BCC+FCC
1,7.0315,13.65,0.0493,0.1823,0.1011,BCC+FCC
1,7.033,13.82,0.0503,0.1865,0.1031,BCC+FCC
1,6.9815,13.745,0.048,0.1825,0.1013,BCC+FCC
1,7.0875,14.235,0.0545,0.197,0.1051,BCC+FCC
1,6.997,13.37,0.051,0.187,0.1003,BCC+FCC
1,7.3705,14.925,0.0434,0.1614,0.1027,BCC+FCC
1,7.319,14.85,0.0417,0.1598,0.1018,BCC+FCC
1,7.4235,15.17,0.0455,0.1653,0.1087,BCC+FCC
1,7.478,15.585,0.0477,0.1704,0.1166,BCC+FCC
1,7.375,15.435,0.0464,0.1699,0.1139,BCC+FCC
1,7.2205,15.21,0.0408,0.1661,0.1093,BCC+FCC
1,7.3765,15.605,0.0474,0.1724,0.1152,BCC+FCC
1,7.2735,15.455,0.0444,0.1707,0.1117,BCC+FCC
1,7.222,15.38,0.0421,0.1693,0.1099,BCC+FCC
1,7.4825,16.095,0.05,0.1764,0.1182,BCC+FCC
1,7.3795,15.945,0.0494,0.177,0.1139,BCC+FCC
1,7.328,15.87,0.0484,0.1768,0.1117,BCC+FCC
1,7.5355,16.34,0.0502,0.1773,0.1184,BCC+FCC
1,7.4325,16.19,0.0508,0.1788,0.1136,BCC+FCC
1,7.2845,14.57,0.0446,0.1672,0.1016,BCC+FCC
1,7.233,14.495,0.0422,0.1648,0.1007,BCC+FCC
1,7.389,14.89,0.049,0.1733,0.1084,BCC+FCC
1,7.3375,14.815,0.0476,0.1721,0.1073,BCC+FCC
1,7.2345,14.665,0.0433,0.1685,0.105,BCC+FCC
1,7.2875,14.91,0.0468,0.1737,0.1095,BCC+FCC
1,7.133,14.685,0.0406,0.1668,0.1052,BCC+FCC
1,7.289,15.08,0.0479,0.1766,0.1116,BCC+FCC
1,7.2375,15.005,0.0458,0.1751,0.11,BCC+FCC
1,7.342,15.325,0.0506,0.1804,0.1141,BCC+FCC
1,7.239,15.175,0.047,0.1782,0.1105,BCC+FCC
1,7.292,15.42,0.0501,0.1821,0.1119,BCC+FCC
1,7.1985,14.215,0.0459,0.1714,0.1004,BCC+FCC
1,7.303,14.535,0.0507,0.1794,0.1069,BCC+FCC
1,7.253,14.63,0.0497,0.1807,0.1088,BCC+FCC
1,7.047,14.33,0.0423,0.1693,0.1027,BCC+FCC
1,7.2545,14.8,0.0508,0.1837,0.1107,BCC+FCC
1,7.153,14.82,0.0473,0.1831,0.1073,BCC+FCC
1,7.2575,15.14,0.053,0.1894,0.1104,BCC+FCC
1,7.362,15.46,0.0569,0.1931,0.1129,BCC+FCC
1,7.2155,14.01,0.051,0.1804,0.1012,BCC+FCC
1,7.1655,14.105,0.05,0.1813,0.104,BCC+FCC
1,7.27,14.425,0.0549,0.1891,0.1095,BCC+FCC
1,7.1685,14.445,0.0517,0.1883,0.108,BCC+FCC
1,7.117,14.37,0.0498,0.1857,0.1061,BCC+FCC
1,7.0655,14.295,0.0478,0.1826,0.1043,BCC+FCC
1,7.17,14.615,0.0526,0.1915,0.108,BCC+FCC
1,7.2745,14.935,0.0579,0.1974,0.111,BCC+FCC
1,7.0265,13.505,0.0472,0.1746,0.0972,BCC+FCC
1,7.1825,13.9,0.0549,0.1899,0.1047,BCC+FCC
1,7.1325,13.995,0.0536,0.1906,0.1058,BCC+FCC
1,7.0295,13.845,0.0492,0.1837,0.1024,BCC+FCC
1,6.978,13.77,0.047,0.1794,0.1006,BCC+FCC
1,7.084,14.26,0.0534,0.1949,0.1044,BCC+FCC
1,6.992,13.225,0.0487,0.179,0.0967,BCC+FCC
1,7.0465,13.64,0.0534,0.1924,0.1032,BCC+FCC
1,7.367,14.95,0.0423,0.1597,0.1023,BCC+FCC
1,7.4715,15.27,0.0453,0.1647,0.1092,BCC+FCC
1,7.2655,14.97,0.0394,0.1592,0.105,BCC+FCC
1,7.267,15.14,0.0406,0.1627,0.1083,BCC+FCC
1,7.3715,15.46,0.0453,0.1686,0.1134,BCC+FCC
1,7.32,15.385,0.0438,0.1675,0.1119,BCC+FCC
1,7.323,15.725,0.0461,0.1731,0.1126,BCC+FCC
1,7.5305,16.195,0.0488,0.1753,0.1195,BCC+FCC
1,7.4275,16.045,0.049,0.1762,0.1153,BCC+FCC
1,7.3855,14.915,0.048,0.1719,0.108,BCC+FCC
1,7.2855,15.105,0.0467,0.1751,0.111,BCC+FCC
1,7.39,15.425,0.0507,0.1798,0.1152,BCC+FCC
1,7.3385,15.35,0.0495,0.1791,0.1135,BCC+FCC
1,7.2885,15.445,0.0489,0.1808,0.1111,BCC+FCC
1,7.4445,15.84,0.0529,0.1844,0.116,BCC+FCC
1,7.393,15.765,0.0525,0.1844,0.1138,BCC+FCC
1,7.3415,15.69,0.0515,0.1841,0.1115,BCC+FCC
1,7.298,14.39,0.0487,0.1743,0.102,BCC+FCC
1,7.2465,14.315,0.0468,0.1719,0.101,BCC+FCC
1,7.351,14.635,0.0515,0.1793,0.1076,BCC+FCC
1,7.1965,14.41,0.0459,0.1729,0.1041,BCC+FCC
1,7.2525,14.995,0.0507,0.1851,0.1105,BCC+FCC
1,7.212,14.035,0.0501,0.1781,0.1007,BCC+FCC
1,7.162,14.13,0.049,0.1789,0.1035,BCC+FCC
1,7.2195,14.885,0.0547,0.1946,0.108,BCC+FCC
1,7.1275,13.85,0.0516,0.1844,0.1029,BCC+FCC
1,7.0245,13.7,0.0471,0.1761,0.0999,BCC+FCC
1,7.1805,14.095,0.0548,0.1912,0.1068,BCC+FCC
1,7.0775,13.945,0.0504,0.1848,0.1035,BCC+FCC
1,7.1305,14.19,0.0536,0.1919,0.1062,BCC+FCC
1,7.079,14.115,0.0514,0.1888,0.1043,BCC+FCC
1,6.9885,13.25,0.0475,0.1754,0.0962,BCC+FCC
1,7.0415,13.495,0.0511,0.1853,0.1007,BCC+FCC
1,7.4665,15.125,0.0437,0.1607,0.1037,BCC+FCC
1,7.3635,14.975,0.0413,0.1579,0.102,BCC+FCC
1,7.468,15.295,0.0444,0.1635,0.1089,BCC+FCC
1,7.5225,15.71,0.0461,0.1687,0.1169,BCC+FCC
1,7.4225,15.9,0.0472,0.1731,0.1158,BCC+FCC
1,7.424,16.07,0.048,0.1753,0.1146,BCC+FCC
1,7.3805,14.77,0.0462,0.1673,0.1028,BCC+FCC
1,7.329,14.695,0.0444,0.1654,0.1018,BCC+FCC
1,7.4335,15.015,0.0482,0.1716,0.1086,BCC+FCC
1,7.382,14.94,0.0471,0.1704,0.1076,BCC+FCC
1,7.279,14.79,0.0433,0.1666,0.1053,BCC+FCC
1,7.2835,15.3,0.0466,0.1765,0.1111,BCC+FCC
1,7.346,14.49,0.0496,0.1745,0.1026,BCC+FCC
1,7.243,14.34,0.046,0.1696,0.1006,BCC+FCC
1,7.296,14.585,0.0486,0.1757,0.1061,BCC+FCC
1,7.1415,14.36,0.0433,0.167,0.1023,BCC+FCC
1,7.249,15.02,0.0495,0.1834,0.1099,BCC+FCC
1,7.26,14.135,0.0511,0.1787,0.1014,BCC+FCC
1,7.157,13.985,0.0472,0.1721,0.0992,BCC+FCC
1,7.1585,14.155,0.0481,0.1763,0.103,BCC+FCC
1,7.107,14.08,0.0461,0.1725,0.1016,BCC+FCC
1,7.213,14.57,0.0518,0.1866,0.1085,BCC+FCC
1,7.0725,13.8,0.0483,0.1775,0.1009,BCC+FCC
1,7.088,13.425,0.0513,0.1821,0.0983,BCC+FCC
1,7.002,13.07,0.0497,0.181,0.0964,BCC+FCC
1,7.5145,15.225,0.0434,0.1602,0.1041,BCC+FCC
1,7.413,15.245,0.0426,0.161,0.1075,BCC+FCC
1,7.466,15.49,0.0444,0.1649,0.1124,BCC+FCC
1,7.519,15.735,0.0454,0.1678,0.1165,BCC+FCC
1,7.416,15.585,0.0444,0.1668,0.1137,BCC+FCC
1,7.4285,14.87,0.0466,0.1672,0.1033,BCC+FCC
1,7.274,14.645,0.0415,0.1606,0.1005,BCC+FCC
1,7.4315,15.21,0.0481,0.173,0.1119,BCC+FCC
1,7.38,15.135,0.047,0.1718,0.1107,BCC+FCC
1,7.33,15.23,0.0464,0.1733,0.1114,BCC+FCC
1,7.4345,15.55,0.0497,0.1782,0.1157,BCC+FCC
1,7.383,15.475,0.0488,0.1774,0.114,BCC+FCC
1,7.436,15.72,0.0505,0.1806,0.1157,BCC+FCC
1,7.3845,15.645,0.0497,0.18,0.1138,BCC+FCC
1,7.2395,14.365,0.0451,0.1671,0.1002,BCC+FCC
1,7.188,14.29,0.0434,0.1635,0.0991,BCC+FCC
1,7.1895,14.46,0.0442,0.1678,0.1031,BCC+FCC
1,7.294,14.78,0.0485,0.1771,0.1087,BCC+FCC
1,7.297,15.12,0.0505,0.1834,0.1111,BCC+FCC
1,7.2595,14.5,0.0519,0.1836,0.108,BCC+FCC
1,7.2095,14.595,0.0509,0.1845,0.1078,BCC+FCC
1,7.069,13.825,0.0472,0.1743,0.1004,BCC+FCC
1,7.086,13.62,0.0512,0.1835,0.1011,BCC+FCC
1,7.0875,13.79,0.0523,0.1879,0.103,BCC+FCC
1,6.9985,13.095,0.0484,0.1771,0.0959,BCC+FCC
1,7.4595,15.175,0.042,0.1576,0.103,BCC+FCC
1,7.408,15.1,0.0408,0.156,0.1022,BCC+FCC
1,7.461,15.345,0.0428,0.1607,0.1081,BCC+FCC
1,7.4095,15.27,0.0417,0.1593,0.1071,BCC+FCC
1,7.514,15.59,0.044,0.1643,0.1131,BCC+FCC
1,7.361,15.535,0.0421,0.1641,0.1117,BCC+FCC
1,7.2705,14.67,0.0408,0.1581,0.1001,BCC+FCC
1,7.3405,14.71,0.0486,0.174,0.1063,BCC+FCC
1,7.2375,14.56,0.0451,0.1686,0.1039,BCC+FCC
1,7.345,15.22,0.0513,0.1833,0.1123,BCC+FCC
1,7.1515,14.205,0.0462,0.1706,0.102,BCC+FCC
1,7.2575,14.695,0.0519,0.1849,0.1089,BCC+FCC
1,7.1685,14,0.0506,0.1799,0.1027,BCC+FCC
1,7.5105,15.615,0.0433,0.1631,0.1127,BCC+FCC
1,7.4605,15.71,0.0435,0.1651,0.1141,BCC+FCC
1,7.4215,14.92,0.0449,0.1636,0.1026,BCC+FCC
1,7.3715,15.015,0.0442,0.165,0.1063,BCC+FCC
1,7.32,14.94,0.0422,0.1626,0.1052,BCC+FCC
1,7.2685,14.865,0.0408,0.1596,0.104,BCC+FCC
1,7.234,14.585,0.0443,0.166,0.1034,BCC+FCC
1,7.287,14.83,0.0468,0.173,0.1076,BCC+FCC
1,7.2495,14.21,0.0483,0.1712,0.1001,BCC+FCC
1,7.251,14.38,0.0492,0.1753,0.1042,BCC+FCC
1,7.0775,13.5,0.0477,0.1716,0.0969,BCC+FCC
1,7.504,15.3,0.0413,0.1557,0.1032,BCC+FCC
1,7.5055,15.47,0.0419,0.1588,0.1083,BCC+FCC
1,7.507,15.64,0.0426,0.1618,0.1123,BCC+FCC
1,7.4555,15.565,0.0419,0.1606,0.1111,BCC+FCC
1,7.315,14.795,0.0409,0.1561,0.1003,BCC+FCC
1,7.368,15.04,0.0433,0.1629,0.1059,BCC+FCC
1,7.332,14.59,0.0461,0.1659,0.1011,BCC+FCC
1,7.2805,14.515,0.0444,0.1626,0.1,BCC+FCC
1,7.3335,14.76,0.0469,0.1697,0.1054,BCC+FCC
1,7.2475,14.405,0.0482,0.1727,0.1037,BCC+FCC
1,6.9605,15.265,0.0428,0.169,0.1078,BCC+FCC
1,6.909,15.19,0.0413,0.1658,0.1067,BCC+FCC
1,7.1165,15.66,0.0497,0.1783,0.1148,BCC+FCC
1,7.0135,15.51,0.0455,0.175,0.1124,BCC+FCC
1,6.962,15.435,0.0434,0.1727,0.1111,BCC+FCC
1,7.0665,15.755,0.0489,0.1798,0.116,BCC+FCC
1,6.9635,15.605,0.0441,0.1762,0.1131,BCC+FCC
1,7.018,16.02,0.0491,0.1842,0.1154,BCC+FCC
1,6.9775,15.06,0.048,0.1781,0.1085,BCC+FCC
1,6.926,14.985,0.0463,0.1751,0.1074,BCC+FCC
1,7.082,15.38,0.0529,0.1854,0.1143,BCC+FCC
1,7.0305,15.305,0.0507,0.1837,0.113,BCC+FCC
1,6.979,15.23,0.0488,0.1816,0.1117,BCC+FCC
1,7.032,15.475,0.0518,0.1868,0.1153,BCC+FCC
1,6.929,15.325,0.0478,0.1825,0.1122,BCC+FCC
1,7.085,15.72,0.0549,0.1909,0.1179,BCC+FCC
1,6.9305,15.495,0.0486,0.1859,0.1127,BCC+FCC
1,6.8275,15.345,0.0451,0.1804,0.1088,BCC+FCC
1,6.932,15.665,0.0494,0.1892,0.1119,BCC+FCC
1,6.9335,15.835,0.0503,0.1922,0.1097,BCC+FCC
1,6.943,14.78,0.0512,0.184,0.1081,BCC+FCC
1,6.9445,14.95,0.0521,0.1876,0.1111,BCC+FCC
1,6.687,14.575,0.0422,0.167,0.1034,BCC+FCC
1,6.8445,15.14,0.0499,0.1891,0.1095,BCC+FCC
1,6.846,15.31,0.0508,0.1927,0.1081,BCC+FCC
1,6.857,14.425,0.0516,0.186,0.1064,BCC+FCC
1,6.807,14.52,0.0503,0.1862,0.1074,BCC+FCC
1,6.704,14.37,0.0459,0.1767,0.1041,BCC+FCC
1,6.7055,14.54,0.0469,0.1817,0.1046,BCC+FCC
1,7.1145,15.855,0.0496,0.1796,0.1169,BCC+FCC
1,7.063,15.78,0.0478,0.1782,0.1155,BCC+FCC
1,6.91,15.725,0.0426,0.1751,0.1114,BCC+FCC
1,7.0145,16.045,0.0478,0.1826,0.1147,BCC+FCC
1,6.963,15.97,0.0452,0.1809,0.1127,BCC+FCC
1,7.016,16.215,0.0491,0.1855,0.113,BCC+FCC
1,6.974,15.085,0.0472,0.1758,0.1081,BCC+FCC
1,6.8195,14.86,0.042,0.1643,0.1044,BCC+FCC
1,6.9755,15.255,0.0479,0.1794,0.1113,BCC+FCC
1,6.924,15.18,0.0462,0.1765,0.1099,BCC+FCC
1,7.133,15.82,0.0554,0.1906,0.119,BCC+FCC
1,7.0815,15.745,0.0538,0.1895,0.1173,BCC+FCC
1,6.9785,15.595,0.0495,0.1862,0.1139,BCC+FCC
1,6.9285,15.69,0.0485,0.1873,0.1112,BCC+FCC
1,6.785,14.58,0.0443,0.1691,0.1038,BCC+FCC
1,6.735,14.675,0.0432,0.1689,0.1045,BCC+FCC
1,6.905,14.525,0.0527,0.187,0.1071,BCC+FCC
1,6.7005,14.395,0.0448,0.1729,0.1035,BCC+FCC
1,6.805,14.715,0.0503,0.1876,0.1078,BCC+FCC
1,7.2125,15.86,0.0503,0.1776,0.1161,BCC+FCC
1,7.061,15.975,0.0477,0.1796,0.1161,BCC+FCC
1,7.125,15.335,0.0517,0.1808,0.1109,BCC+FCC
1,6.9705,15.11,0.0463,0.1733,0.1077,BCC+FCC
1,7.1265,15.505,0.0526,0.1837,0.1146,BCC+FCC
1,6.9205,15.205,0.0454,0.174,0.1094,BCC+FCC
1,6.8175,15.055,0.0419,0.1658,0.1064,BCC+FCC
1,6.9235,15.545,0.0469,0.1817,0.1114,BCC+FCC
1,7.028,15.865,0.0517,0.1894,0.1146,BCC+FCC
1,7.0295,16.035,0.0528,0.1922,0.1128,BCC+FCC
1,7.039,14.98,0.0532,0.1851,0.1095,BCC+FCC
1,6.939,15.17,0.051,0.1867,0.1117,BCC+FCC
1,6.889,15.265,0.05,0.1874,0.1101,BCC+FCC
1,6.85,14.475,0.0494,0.18,0.1054,BCC+FCC
1,6.903,14.72,0.0526,0.1883,0.1093,BCC+FCC
1,6.7485,14.495,0.046,0.1748,0.1046,BCC+FCC
1,6.853,14.815,0.0514,0.1887,0.1089,BCC+FCC
1,7.2075,15.715,0.0487,0.1735,0.1117,BCC+FCC
1,7.053,15.49,0.0436,0.1676,0.1087,BCC+FCC
1,7.0015,15.415,0.0421,0.1646,0.1076,BCC+FCC
1,7.209,15.885,0.0494,0.1763,0.1157,BCC+FCC
1,7.1575,15.81,0.0482,0.175,0.1146,BCC+FCC
1,7.106,15.735,0.0465,0.1734,0.1134,BCC+FCC
1,7.003,15.585,0.0428,0.1686,0.1109,BCC+FCC
1,7.109,16.075,0.0485,0.1795,0.1172,BCC+FCC
1,6.8125,14.91,0.0403,0.157,0.1034,BCC+FCC
1,6.8655,15.155,0.0428,0.1672,0.1074,BCC+FCC
1,7.0215,15.55,0.0488,0.1812,0.1136,BCC+FCC
1,6.97,15.475,0.0471,0.1786,0.1121,BCC+FCC
1,6.9185,15.4,0.0453,0.1754,0.1104,BCC+FCC
1,7.0245,15.89,0.0505,0.1877,0.1139,BCC+FCC
1,6.9325,14.855,0.0483,0.1763,0.1067,BCC+FCC
1,6.881,14.78,0.0463,0.1721,0.1055,BCC+FCC
1,6.884,15.12,0.0481,0.1809,0.1094,BCC+FCC
1,6.9885,15.44,0.053,0.1907,0.1133,BCC+FCC
1,6.7435,14.35,0.0439,0.1654,0.102,BCC+FCC
1,6.951,14.82,0.0538,0.1892,0.1102,BCC+FCC
1,6.709,14.07,0.0448,0.1687,0.1013,BCC+FCC
1,7.204,15.74,0.0478,0.1719,0.1114,BCC+FCC
1,6.9465,15.365,0.0399,0.1581,0.106,BCC+FCC
1,7.051,15.685,0.0435,0.1691,0.1117,BCC+FCC
1,6.948,15.535,0.0406,0.1626,0.109,BCC+FCC
1,7.104,15.93,0.0464,0.1748,0.1154,BCC+FCC
1,7.0665,15.31,0.0481,0.1745,0.109,BCC+FCC
1,6.9635,15.16,0.0447,0.1679,0.1068,BCC+FCC
1,6.8605,15.01,0.0412,0.1588,0.1043,BCC+FCC
1,7.121,15.725,0.0516,0.1834,0.116,BCC+FCC
1,7.1225,15.895,0.0525,0.1864,0.1172,BCC+FCC
1,7.032,15.03,0.0513,0.1806,0.1087,BCC+FCC
1,6.9805,14.955,0.0493,0.1773,0.1075,BCC+FCC
1,6.9305,15.05,0.0483,0.1777,0.109,BCC+FCC
1,6.946,14.675,0.0517,0.1825,0.107,BCC+FCC
1,6.7915,14.45,0.045,0.1676,0.103,BCC+FCC
1,7.046,15.54,0.0422,0.1627,0.1079,BCC+FCC
1,7.202,15.935,0.0478,0.1733,0.1149,BCC+FCC
1,7.0475,15.71,0.0428,0.1667,0.1113,BCC+FCC
1,6.996,15.635,0.0413,0.1635,0.1099,BCC+FCC
1,7.063,15.335,0.0473,0.1722,0.1086,BCC+FCC
1,7.0115,15.26,0.0456,0.1689,0.1075,BCC+FCC
1,6.96,15.185,0.0438,0.165,0.1063,BCC+FCC
1,6.9085,15.11,0.0421,0.1603,0.1051,BCC+FCC
1,7.0645,15.505,0.0481,0.176,0.1119,BCC+FCC
1,7.013,15.43,0.0463,0.173,0.1106,BCC+FCC
1,6.9615,15.355,0.0446,0.1694,0.1092,BCC+FCC
1,7.119,15.92,0.0515,0.1848,0.1166,BCC+FCC
1,6.977,14.98,0.0484,0.1745,0.107,BCC+FCC
1,6.927,15.075,0.0473,0.1748,0.1085,BCC+FCC
1,7.0315,15.395,0.0521,0.1856,0.1132,BCC+FCC
1,6.98,15.32,0.0502,0.1826,0.1116,BCC+FCC
1,6.944,14.87,0.0516,0.1839,0.1092,BCC+FCC
1,6.8565,14.345,0.0498,0.1791,0.1046,BCC+FCC
1,7.197,15.79,0.0462,0.1684,0.1106,BCC+FCC
1,7.008,15.285,0.0447,0.1661,0.1071,BCC+FCC
1,7.0095,15.455,0.0455,0.1704,0.1101,BCC+FCC
1,6.9735,15.005,0.0474,0.1715,0.1066,BCC+FCC
1,6.975,15.175,0.0483,0.1759,0.1094,BCC+FCC
1,7.142,15.74,0.0437,0.1639,0.1092,BCC+FCC
1,7.0905,15.665,0.0422,0.1608,0.1082,BCC+FCC
1,6.7015,15.855,0.0475,0.1793,0.1141,BCC+FCC
1,6.653,16.12,0.0473,0.1838,0.1154,BCC+FCC
1,6.6155,15.5,0.0484,0.181,0.1121,BCC+FCC
1,6.6635,15.6,0.0494,0.1821,0.113,BCC+FCC
1,6.612,15.525,0.0474,0.1779,0.1116,BCC+FCC
1,6.526,15.17,0.0471,0.1772,0.1094,BCC+FCC
1,6.5275,15.34,0.0481,0.1822,0.1105,BCC+FCC
1,6.6945,15.905,0.0459,0.174,0.1131,BCC+FCC
1,6.646,16.17,0.0457,0.1787,0.1141,BCC+FCC
1,6.66,15.625,0.0484,0.1792,0.1125,BCC+FCC
1,6.61,15.72,0.0474,0.1794,0.1126,BCC+FCC
1,6.5225,15.195,0.046,0.1733,0.1088,BCC+FCC
1,6.7425,16.005,0.0467,0.175,0.1139,BCC+FCC
1,6.7595,15.8,0.0514,0.184,0.1146,BCC+FCC
1,6.739,16.03,0.0459,0.1722,0.1135,BCC+FCC
1,6.7045,15.75,0.0485,0.1774,0.1128,BCC+FCC
1,6.6015,15.6,0.0446,0.1675,0.11,BCC+FCC
1,6.6545,15.845,0.0474,0.1776,0.1131,BCC+FCC
1,6.7885,16.3,0.0476,0.1772,0.1165,BCC+FCC
1,6.737,16.225,0.0459,0.1737,0.115,BCC+FCC
1,6.7835,16.155,0.046,0.1704,0.1138,BCC+FCC
1,6.749,15.875,0.0486,0.1756,0.1132,BCC+FCC
1,7.8895,14.09,0.0446,0.1702,0.112,BCC+FCC
1,7.802,13.565,0.0443,0.1761,0.1082,BCC+FCC
1,7.7675,13.285,0.0466,0.1838,0.1073,BCC+FCC
1,7.6625,13.62,0.0443,0.1928,0.1137,BCC+FCC
1,7.8845,13.945,0.0421,0.1671,0.11,BCC+FCC
1,7.9375,14.19,0.0442,0.1692,0.1131,BCC+FCC
1,7.575,13.095,0.0435,0.195,0.1082,BCC+FCC
1,7.85,13.665,0.0447,0.1755,0.1092,BCC+FCC
1,7.903,13.91,0.0471,0.178,0.1121,BCC+FCC
1,7.675,12.615,0.0426,0.1817,0.0998,BCC+FCC
1,7.623,13.195,0.0442,0.1951,0.1088,BCC+FCC
1,7.951,14.01,0.0467,0.177,0.1131,BCC+FCC
1,7.8635,13.485,0.0477,0.1829,0.1094,BCC+FCC
1,7.9165,13.73,0.0499,0.1854,0.1121,BCC+FCC
1,7.893,13.62,0.0425,0.1713,0.1072,BCC+FCC
1,7.999,14.11,0.0461,0.176,0.1142,BCC+FCC
1,7.5305,12.525,0.0446,0.1894,0.0961,BCC+FCC
1,7.7535,13.675,0.0436,0.1883,0.1101,BCC+FCC
1,7.8065,13.92,0.0463,0.1917,0.1155,BCC+FCC
1,7.994,13.965,0.0443,0.1733,0.112,BCC+FCC
1,8.047,14.21,0.0452,0.175,0.1152,BCC+FCC
1,7.6315,12.87,0.0476,0.1964,0.1037,BCC+FCC
1,7.872,13.16,0.0489,0.1862,0.1068,BCC+FCC
1,7.5795,13.45,0.0494,0.2092,0.1094,BCC+FCC
1,7.8545,14.02,0.0465,0.1912,0.1161,BCC+FCC
1,8.042,14.065,0.0436,0.1724,0.1129,BCC+FCC
1,8.0075,13.785,0.0474,0.1809,0.1122,BCC+FCC
1,7.8495,13.875,0.0447,0.1877,0.1111,BCC+FCC
1,7.921,14.085,0.0515,0.2003,0.121,BCC+FCC
1,8.0025,13.64,0.0457,0.1777,0.109,BCC+FCC
1,7.5165,12.915,0.0453,0.1917,0.0818,BCC+FCC
1,7.6755,13.65,0.0507,0.2095,0.1099,BCC+FCC
1,7.6695,12.68,0.0456,0.1855,0.089,BCC+FCC
1,7.268,13.585,0.048,0.2043,0.1143,BCC+FCC
1,7.596,14.4,0.0507,0.1913,0.1142,BCC+FCC
1,7.4025,13.385,0.0432,0.1855,0.1057,BCC+FCC
1,7.4555,13.63,0.0454,0.1909,0.109,BCC+FCC
1,7.315,12.86,0.0441,0.1842,0.1009,BCC+FCC
1,7.368,13.105,0.0466,0.1913,0.1049,BCC+FCC
1,7.421,13.35,0.0491,0.1971,0.108,BCC+FCC
1,7.2275,12.335,0.0437,0.18,0.0954,BCC+FCC
1,7.6785,14.78,0.0481,0.1827,0.1167,BCC+FCC
1,7.041,13.115,0.0514,0.2128,0.1102,BCC+FCC
1,7.1235,13.495,0.05,0.21,0.1105,BCC+FCC
1,7.3455,13.82,0.0438,0.1938,0.1109,BCC+FCC
1,7.6735,14.635,0.0458,0.1796,0.1157,BCC+FCC
1,7.258,13.295,0.0452,0.1923,0.1048,BCC+FCC
1,7.533,13.865,0.0419,0.1796,0.1082,BCC+FCC
1,7.6045,14.075,0.0515,0.1947,0.1137,BCC+FCC
1,7.1185,13.35,0.0486,0.2032,0.1034,BCC+FCC
1,7.031,12.825,0.0481,0.197,0.0953,BCC+FCC
1,7.084,13.07,0.0506,0.2069,0.1037,BCC+FCC
1,7.359,13.64,0.0481,0.1999,0.1113,BCC+FCC
1,7.3245,13.36,0.0512,0.2051,0.111,BCC+FCC
1,7.4935,13.44,0.0434,0.1808,0.1039,BCC+FCC
1,7.5995,13.93,0.0492,0.1908,0.112,BCC+FCC
1,7.406,12.915,0.0443,0.1793,0.0981,BCC+FCC
1,7.459,13.16,0.0468,0.1866,0.1034,BCC+FCC
1,7.512,13.405,0.0493,0.1926,0.1077,BCC+FCC
1,7.0275,11.505,0.046,0.189,0.0911,BCC+FCC
1,7.4415,14.02,0.0451,0.1945,0.112,BCC+FCC
1,7.7165,14.59,0.0436,0.1756,0.1144,BCC+FCC
1,7.407,13.74,0.0489,0.2004,0.1118,BCC+FCC
1,7.576,13.82,0.0406,0.1746,0.105,BCC+FCC
1,7.629,14.065,0.0441,0.1795,0.1098,BCC+FCC
1,7.735,14.555,0.0489,0.1862,0.1167,BCC+FCC
1,7.2135,12.725,0.0446,0.1812,0.0907,BCC+FCC
1,7.5415,13.54,0.0441,0.1812,0.1046,BCC+FCC
1,7.349,13.35,0.0454,0.1876,0.0991,BCC+FCC
1,7.624,13.92,0.0418,0.1748,0.1057,BCC+FCC
1,7.3155,13.895,0.0531,0.2133,0.1117,BCC+FCC
1,7.7595,14.545,0.0417,0.1713,0.1118,BCC+FCC
1,7.397,13.45,0.0461,0.1886,0.0994,BCC+FCC
1,7.45,13.695,0.0483,0.1954,0.1066,BCC+FCC
1,7.503,13.94,0.0504,0.201,0.1129,BCC+FCC
1,7.672,14.02,0.0427,0.1748,0.1064,BCC+FCC
1,7.725,14.265,0.0452,0.1791,0.1113,BCC+FCC
1,7.4625,12.69,0.047,0.1794,0.0933,BCC+FCC
1,7.3105,13.75,0.0517,0.2075,0.1042,BCC+FCC
1,7.8075,14.645,0.0416,0.1708,0.1125,BCC+FCC
1,7.445,13.55,0.0469,0.1894,0.0997,BCC+FCC
1,7.773,14.365,0.0454,0.1787,0.1121,BCC+FCC
1,7.3575,13.025,0.0473,0.1861,0.0915,BCC+FCC
1,7.5165,13.76,0.0548,0.207,0.1132,BCC+FCC
1,7.6855,13.84,0.0468,0.1818,0.1067,BCC+FCC
1,7.476,12.51,0.0501,0.1853,0.0938,BCC+FCC
1,7.0905,13.73,0.0454,0.1881,0.1075,BCC+FCC
1,7.162,13.94,0.0535,0.2067,0.1117,BCC+FCC
1,7.226,14.355,0.0453,0.19,0.1126,BCC+FCC
1,7.1915,14.075,0.0488,0.1958,0.1117,BCC+FCC
1,7.2445,14.32,0.0513,0.2013,0.1141,BCC+FCC
1,7.052,14.13,0.0516,0.208,0.1174,BCC+FCC
1,7.274,14.455,0.0461,0.1903,0.1135,BCC+FCC
1,7.2395,14.175,0.0496,0.1963,0.1127,BCC+FCC
1,7.152,13.65,0.0498,0.195,0.1086,BCC+FCC
1,7.0115,12.88,0.0454,0.1804,0.099,BCC+FCC
1,7.269,14.31,0.0447,0.1849,0.1108,BCC+FCC
1,7.428,15.045,0.0531,0.1986,0.1193,BCC+FCC
1,7.1815,13.785,0.0455,0.1833,0.1058,BCC+FCC
1,7.147,13.505,0.0479,0.1881,0.1053,BCC+FCC
1,7.025,12.7,0.0474,0.1858,0.0993,BCC+FCC
1,7.3515,14.69,0.0414,0.179,0.1121,BCC+FCC
1,7.4045,14.935,0.045,0.1839,0.1161,BCC+FCC
1,7.317,14.41,0.0455,0.1854,0.1116,BCC+FCC
1,7.1765,13.64,0.0439,0.1759,0.1011,BCC+FCC
1,7.1245,14.22,0.0467,0.1914,0.1083,BCC+FCC
1,7.3995,14.79,0.0427,0.1792,0.1129,BCC+FCC
1,7.09,13.94,0.0493,0.1959,0.1083,BCC+FCC
1,7.524,15.245,0.0536,0.1976,0.1215,BCC+FCC
1,7.2775,13.985,0.0473,0.1852,0.1073,BCC+FCC
1,7.3305,14.23,0.0498,0.1918,0.1118,BCC+FCC
1,7.137,13.215,0.0443,0.1716,0.0952,BCC+FCC
1,7.19,13.46,0.0471,0.1819,0.1015,BCC+FCC
1,7.1555,13.18,0.0488,0.1861,0.1012,BCC+FCC
1,7.121,12.9,0.05,0.1898,0.1008,BCC+FCC
1,6.999,12.095,0.0462,0.1829,0.0943,BCC+FCC
1,7.1195,14.075,0.0453,0.1841,0.1014,BCC+FCC
1,7.1725,14.32,0.0475,0.1924,0.1086,BCC+FCC
1,7.2255,14.565,0.0496,0.1993,0.1149,BCC+FCC
1,7.4475,14.89,0.0437,0.1793,0.1136,BCC+FCC
1,7.5005,15.135,0.0463,0.1836,0.1177,BCC+FCC
1,7.138,14.04,0.0501,0.1971,0.1087,BCC+FCC
1,7.191,14.285,0.0527,0.2044,0.1148,BCC+FCC
1,7.466,14.855,0.0498,0.1906,0.1171,BCC+FCC
1,7.519,15.1,0.052,0.1942,0.1202,BCC+FCC
1,7.185,13.315,0.0453,0.1735,0.0957,BCC+FCC
1,7.238,13.56,0.0481,0.1833,0.1021,BCC+FCC
1,7.1505,13.035,0.0468,0.1774,0.0956,BCC+FCC
1,7.6015,15.48,0.048,0.1863,0.1219,BCC+FCC
1,7.133,13.895,0.0485,0.1898,0.102,BCC+FCC
1,7.186,14.14,0.051,0.1982,0.1091,BCC+FCC
1,7.3205,13.94,0.0466,0.1794,0.1029,BCC+FCC
1,7.4265,14.43,0.0516,0.1924,0.1133,BCC+FCC
1,7.1985,13.135,0.0479,0.1793,0.0962,BCC+FCC
1,6.8315,14.32,0.0489,0.1965,0.1123,BCC+FCC
1,6.7735,13.93,0.0442,0.1786,0.1061,BCC+FCC
1,6.856,14.31,0.0434,0.1767,0.1074,BCC+FCC
1,6.9385,14.69,0.0418,0.1737,0.1086,BCC+FCC
1,6.957,14.655,0.0468,0.1872,0.1125,BCC+FCC
1,7.01,14.9,0.0493,0.1946,0.1161,BCC+FCC
1,6.8695,14.13,0.0462,0.1824,0.1077,BCC+FCC
1,6.782,13.605,0.0444,0.174,0.1022,BCC+FCC
1,6.9815,14.645,0.0411,0.167,0.1042,BCC+FCC
1,7.0345,14.89,0.0433,0.1762,0.1099,BCC+FCC
1,6.947,14.365,0.0436,0.1715,0.104,BCC+FCC
1,6.9655,14.33,0.0483,0.1857,0.1091,BCC+FCC
1,7.1355,15.235,0.0462,0.1843,0.1153,BCC+FCC
1,7.0135,14.43,0.0493,0.1871,0.1098,BCC+FCC
1,6.979,14.15,0.051,0.1913,0.1094,BCC+FCC
1,7.0775,14.845,0.0427,0.1699,0.1053,BCC+FCC
1,7.1305,15.09,0.0448,0.1781,0.1111,BCC+FCC
1,7.2365,15.58,0.0491,0.1903,0.1201,BCC+FCC
1,7.043,14.565,0.0454,0.1748,0.1051,BCC+FCC
1,7.096,14.81,0.0479,0.1835,0.1108,BCC+FCC
1,7.1145,14.775,0.0532,0.196,0.1151,BCC+FCC
1,6.4615,14.275,0.0431,0.1717,0.1079,BCC+FCC
1,6.6265,15.035,0.043,0.1714,0.1104,BCC+FCC
1,6.693,15.1,0.0484,0.1878,0.115,BCC+FCC
1,6.7225,15.235,0.0448,0.1754,0.1117,BCC+FCC
1,6.688,14.955,0.0466,0.1791,0.1114,BCC+FCC
1,6.741,15.2,0.0494,0.1894,0.1158,BCC+FCC
1,6.7705,15.335,0.0457,0.1771,0.1124,BCC+FCC
1,6.8235,15.58,0.0482,0.1863,0.1171,BCC+FCC
4,8.1215,13.465,0.038,0.1851,0.1976,FCC
4,8.029,12.795,0.0367,0.1822,0.1853,FCC
1,7.9015,13.435,0.0482,0.1742,0.1237,BCC+FCC
1,7.567,12,0.0427,0.1757,0.123,BCC+FCC
1,7.6735,12.14,0.043,0.1752,0.1117,BCC+FCC
1,7.8435,13.045,0.0425,0.1668,0.1177,BCC+FCC
1,7.891,13.495,0.0475,0.1788,0.1395,BCC+FCC
1,7.9975,13.635,0.0479,0.1726,0.1255,BCC+FCC
1,7.963,13.355,0.0511,0.181,0.1247,BCC+FCC
1,7.9925,13.49,0.0459,0.1694,0.1231,BCC+FCC
1,8.0455,13.735,0.0474,0.1717,0.1263,BCC+FCC
1,7.958,13.21,0.0491,0.1776,0.1225,BCC+FCC
1,8.011,13.455,0.0509,0.1802,0.1256,BCC+FCC
1,7.934,13.45,0.0456,0.1746,0.1356,BCC+FCC
1,7.4875,12.08,0.046,0.177,0.1228,BCC+FCC
1,7.982,13.55,0.0457,0.1741,0.1359,BCC+FCC
1,7.6475,12.115,0.0442,0.172,0.12,BCC+FCC
2,7.9055,13.195,0.0355,0.1526,0.1163,FCC
1,7.589,12.075,0.0448,0.1715,0.1175,BCC+FCC
1,7.637,12.175,0.0457,0.1731,0.1172,BCC+FCC
1,7.884,13.085,0.0474,0.1812,0.1351,BCC+FCC
1,7.7435,12.315,0.046,0.1743,0.1197,BCC+FCC
1,7.6585,14.34,0.0437,0.1678,0.1267,BCC+FCC
1,7.6425,14.025,0.0517,0.1868,0.1272,BCC+FCC
1,7.255,12.345,0.0435,0.1753,0.1248,BCC+FCC
1,7.449,13.01,0.0443,0.1794,0.1181,BCC+FCC
1,7.3615,12.485,0.0444,0.1773,0.1134,BCC+FCC
1,7.133,11.54,0.0425,0.1699,0.1188,BCC+FCC
1,7.7065,14.44,0.044,0.1672,0.1276,BCC+FCC
1,7.7595,14.685,0.0463,0.1698,0.1301,BCC+FCC
1,7.4435,13.215,0.0473,0.1877,0.1359,BCC+FCC
1,7.5315,13.39,0.0415,0.1736,0.1194,BCC+FCC
1,7.5845,13.635,0.0455,0.1789,0.1231,BCC+FCC
1,7.25,12.2,0.0417,0.1661,0.1187,BCC+FCC
1,7.303,12.445,0.0446,0.177,0.1252,BCC+FCC
1,7.138,12.265,0.0438,0.1702,0.1302,BCC+FCC
1,7.473,13.35,0.0424,0.1758,0.1311,BCC+FCC
1,7.667,14.015,0.044,0.1714,0.1245,BCC+FCC
1,7.4915,13.315,0.0482,0.1881,0.1363,BCC+FCC
1,7.5795,13.49,0.0428,0.1738,0.1201,BCC+FCC
1,7.7385,14.225,0.0522,0.1856,0.1292,BCC+FCC
1,7.545,13.21,0.0461,0.1804,0.1196,BCC+FCC
1,7.4145,13.31,0.0433,0.1771,0.1364,BCC+FCC
1,7.327,12.785,0.0437,0.1732,0.1296,BCC+FCC
1,7.521,13.45,0.0431,0.1764,0.1315,BCC+FCC
1,7.715,14.115,0.0446,0.171,0.1252,BCC+FCC
1,7.4335,12.925,0.0441,0.1748,0.1256,BCC+FCC
1,7.5745,13.345,0.0409,0.1682,0.1161,BCC+FCC
1,7.7335,14.08,0.0501,0.1822,0.1278,BCC+FCC
1,7.54,13.065,0.0445,0.1745,0.1158,BCC+FCC
1,7.4525,12.54,0.0446,0.1722,0.1102,BCC+FCC
1,7.224,11.595,0.0427,0.1643,0.1124,BCC+FCC
1,7.375,12.885,0.0446,0.1747,0.1296,BCC+FCC
1,7.816,14.46,0.0467,0.1736,0.1293,BCC+FCC
1,7.6225,13.445,0.0416,0.1686,0.1166,BCC+FCC
1,7.341,12.255,0.0419,0.1605,0.1117,BCC+FCC
1,7.394,12.5,0.0448,0.1718,0.1193,BCC+FCC
1,7.535,12.92,0.0429,0.1678,0.1109,BCC+FCC
1,7.588,13.165,0.0454,0.1751,0.1164,BCC+FCC
1,7.694,13.655,0.0512,0.1856,0.1248,BCC+FCC
1,7.466,12.36,0.0479,0.1785,0.1106,BCC+FCC
1,7.37,12.74,0.043,0.1661,0.1213,BCC+FCC
1,7.917,14.805,0.047,0.1747,0.1328,BCC+FCC
1,7.4765,12.88,0.0434,0.1684,0.1191,BCC+FCC
1,7.6355,13.615,0.0509,0.1889,0.1375,BCC+FCC
1,7.7765,14.035,0.0484,0.178,0.1261,BCC+FCC
1,7.389,12.355,0.0429,0.1627,0.1118,BCC+FCC
1,7.495,12.845,0.0486,0.1821,0.1262,BCC+FCC
1,7.4075,12.32,0.0476,0.1777,0.1198,BCC+FCC
1,7.6015,12.985,0.0496,0.1817,0.1167,BCC+FCC
1,7.461,12.215,0.0458,0.1704,0.105,BCC+FCC
4,7.6815,13.715,0.0313,0.1414,0.1048,FCC
1,7.806,14.17,0.0431,0.1661,0.1229,BCC+FCC
1,7.859,14.415,0.0447,0.1695,0.1272,BCC+FCC
1,7.4365,12.805,0.0488,0.1821,0.1301,BCC+FCC
1,7.6655,13.4,0.041,0.163,0.1119,BCC+FCC
1,7.6305,13.47,0.0493,0.1838,0.1324,BCC+FCC
1,7.684,13.365,0.0472,0.1759,0.1175,BCC+FCC
1,7.737,13.61,0.05,0.181,0.1223,BCC+FCC
1,7.5435,12.595,0.0449,0.167,0.1054,BCC+FCC
1,7.5965,12.84,0.0477,0.1754,0.1118,BCC+FCC
1,7.6595,13.955,0.0486,0.1855,0.1433,BCC+FCC
1,7.466,12.94,0.0448,0.1695,0.121,BCC+FCC
1,7.66,13.605,0.0441,0.1718,0.1261,BCC+FCC
1,7.766,14.095,0.0489,0.182,0.1382,BCC+FCC
1,7.485,12.555,0.045,0.1664,0.1119,BCC+FCC
1,7.538,12.8,0.0478,0.176,0.1198,BCC+FCC
1,7.6445,12.94,0.0487,0.1761,0.1122,BCC+FCC
1,7.416,11.995,0.0478,0.1745,0.1129,BCC+FCC
1,7.259,14.16,0.0421,0.1776,0.1245,BCC+FCC
1,7.0305,13.215,0.0447,0.1791,0.1321,BCC+FCC
1,7.2245,13.88,0.0455,0.1836,0.1238,BCC+FCC
1,7.2775,14.125,0.048,0.1896,0.1266,BCC+FCC
1,7.243,13.845,0.0513,0.1956,0.1257,BCC+FCC
1,7.015,12.55,0.0454,0.1794,0.1147,BCC+FCC
1,7.0255,13.07,0.0428,0.17,0.1268,BCC+FCC
1,7.132,13.21,0.0437,0.1735,0.1163,BCC+FCC
1,7.185,13.455,0.0466,0.1825,0.1205,BCC+FCC
1,7.238,13.7,0.0495,0.1899,0.124,BCC+FCC
1,7.0285,12.37,0.0473,0.1848,0.1149,BCC+FCC
1,7.161,13.695,0.0444,0.1777,0.1328,BCC+FCC
1,7.2145,13.59,0.0423,0.17,0.1173,BCC+FCC
1,7.2675,13.835,0.0448,0.178,0.1217,BCC+FCC
1,7.233,13.555,0.0476,0.1835,0.1212,BCC+FCC
1,7.286,13.8,0.0505,0.1905,0.1248,BCC+FCC
1,7.0235,12.225,0.0447,0.1747,0.111,BCC+FCC
1,7.1215,13.27,0.0449,0.174,0.1274,BCC+FCC
1,7.1745,13.515,0.0478,0.1837,0.1332,BCC+FCC
1,7.4745,14.67,0.0543,0.194,0.1315,BCC+FCC
1,7.087,12.99,0.0464,0.1778,0.1275,BCC+FCC
1,6.9835,12.15,0.0473,0.1861,0.1278,BCC+FCC
1,7.31,14.14,0.0487,0.1871,0.1388,BCC+FCC
1,7.451,14.56,0.0461,0.1785,0.1275,BCC+FCC
1,7.557,15.05,0.0514,0.1862,0.1333,BCC+FCC
1,7.1695,13.37,0.0459,0.1757,0.1276,BCC+FCC
1,7.2225,13.615,0.0488,0.1849,0.1335,BCC+FCC
1,7.4165,14.28,0.0491,0.1852,0.1269,BCC+FCC
1,7.329,13.755,0.0497,0.1852,0.1226,BCC+FCC
1,7.382,14,0.0525,0.1914,0.1264,BCC+FCC
1,7.013,12.285,0.0451,0.173,0.1218,BCC+FCC
1,7.154,12.705,0.0469,0.1764,0.1125,BCC+FCC
1,6.944,11.725,0.0435,0.1758,0.1222,BCC+FCC
1,7.446,14.415,0.0438,0.1734,0.124,BCC+FCC
1,7.552,14.905,0.0495,0.1826,0.1315,BCC+FCC
1,7.605,15.15,0.0513,0.1857,0.1342,BCC+FCC
1,7.0765,13.05,0.0472,0.1773,0.132,BCC+FCC
1,7.2175,13.47,0.0469,0.1773,0.1278,BCC+FCC
1,7.4115,14.135,0.0475,0.1798,0.1237,BCC+FCC
1,7.183,13.19,0.0487,0.1815,0.128,BCC+FCC
1,7.43,14.1,0.0536,0.1917,0.1271,BCC+FCC
1,7.1675,12.525,0.0489,0.1819,0.1128,BCC+FCC
1,7.159,13.43,0.0471,0.176,0.1314,BCC+FCC
1,7.247,13.605,0.043,0.1643,0.1208,BCC+FCC
1,7.353,14.095,0.048,0.1816,0.134,BCC+FCC
1,7.547,14.76,0.0477,0.1784,0.1288,BCC+FCC
1,7.6,15.005,0.0497,0.1822,0.1323,BCC+FCC
1,7.3535,13.745,0.0434,0.1659,0.1138,BCC+FCC
1,7.178,13.045,0.0466,0.1725,0.1216,BCC+FCC
1,7.266,13.22,0.0431,0.161,0.1074,BCC+FCC
1,7.5765,14.895,0.0424,0.1664,0.1254,BCC+FCC
1,7.6295,15.14,0.0443,0.1705,0.1298,BCC+FCC
1,7.6825,15.385,0.0455,0.1737,0.1336,BCC+FCC
1,7.436,14.125,0.041,0.161,0.1142,BCC+FCC
1,7.3665,13.915,0.0518,0.1879,0.1344,BCC+FCC
1,7.4545,14.09,0.0468,0.1744,0.12,BCC+FCC
1,7.5075,14.335,0.0493,0.1805,0.1249,BCC+FCC
1,7.279,13.39,0.051,0.1846,0.1285,BCC+FCC
1,6.849,14.04,0.045,0.1758,0.1345,BCC+FCC
1,7.0085,14.425,0.0488,0.1874,0.127,BCC+FCC
1,6.969,14,0.0489,0.1848,0.1236,BCC+FCC
1,6.892,13.995,0.0442,0.1684,0.1292,BCC+FCC
1,7.086,14.66,0.0454,0.1763,0.1251,BCC+FCC
1,7.192,15.15,0.0504,0.1894,0.1322,BCC+FCC
1,7.017,14.1,0.05,0.1862,0.1243,BCC+FCC
1,6.94,14.095,0.0452,0.1706,0.1294,BCC+FCC
1,6.9935,13.99,0.0433,0.1631,0.1153,BCC+FCC
1,7.0465,14.235,0.0461,0.1738,0.1207,BCC+FCC
1,6.89,13.15,0.0459,0.1727,0.1149,BCC+FCC
1,6.8555,12.87,0.0456,0.1748,0.1146,BCC+FCC
1,7.182,14.86,0.0472,0.178,0.1263,BCC+FCC
1,7.235,15.105,0.0497,0.1845,0.1304,BCC+FCC
1,7.288,15.35,0.0523,0.1897,0.1337,BCC+FCC
1,7.0415,14.09,0.0443,0.1651,0.1157,BCC+FCC
1,7.06,14.055,0.0491,0.1798,0.121,BCC+FCC
1,7.036,14.295,0.0473,0.1744,0.1298,BCC+FCC
1,7.23,14.96,0.0481,0.1787,0.1268,BCC+FCC
1,6.566,14.29,0.0473,0.1865,0.1261,BCC+FCC
1,6.5215,13.72,0.0425,0.1666,0.12,BCC+FCC
1,6.918,15.305,0.0493,0.1805,0.1284,BCC+FCC
1,7.8545,15.345,0.046,0.1646,0.138,BCC+FCC
1,7.916,13.86,0.0427,0.1563,0.1119,BCC+FCC
1,7.82,15.065,0.0483,0.1724,0.1357,BCC+FCC
1,7.873,15.31,0.0517,0.1763,0.1316,BCC+FCC
1,7.8935,14.815,0.0505,0.1737,0.1272,BCC+FCC
1,7.847,13.3,0.0473,0.1727,0.1088,BCC+FCC
1,7.686,13.025,0.0436,0.1703,0.1186,BCC+FCC
1,7.739,13.27,0.0468,0.1769,0.1187,BCC+FCC
1,7.6635,13.98,0.051,0.1862,0.1322,BCC+FCC
1,7.576,13.455,0.0477,0.1835,0.133,BCC+FCC
1,7.5965,12.96,0.0479,0.1825,0.1256,BCC+FCC
1,7.937,15.725,0.044,0.1557,0.1418,BCC+FCC
1,7.923,14.95,0.0454,0.1615,0.1334,BCC+FCC
1,7.9555,15.69,0.0492,0.1676,0.1362,BCC+FCC
1,7.693,14.115,0.0465,0.1741,0.1386,BCC+FCC
1,8.0035,15.79,0.0491,0.1668,0.1381,BCC+FCC
1,8.0445,14.8,0.046,0.1607,0.1254,BCC+FCC
1,7.996,13.745,0.0509,0.1751,0.1118,BCC+FCC
1,7.782,13.225,0.0459,0.1715,0.1212,BCC+FCC
1,7.835,13.47,0.0494,0.1774,0.1216,BCC+FCC
1,8.044,13.845,0.0506,0.1744,0.1134,BCC+FCC
1,7.9035,13.075,0.0491,0.1753,0.1106,BCC+FCC
1,7.722,13.295,0.0468,0.1724,0.1319,BCC+FCC
1,7.892,14.2,0.0467,0.1674,0.136,BCC+FCC
1,7.878,13.425,0.0482,0.1723,0.1237,BCC+FCC
4,8.013,13.94,0.0276,0.116,0.1065,FCC
4,7.9345,14.045,0.0226,0.1025,0.1161,FCC
1,8.008,13.795,0.025,0.1087,0.1013,FCC
4,8.061,14.04,0.0278,0.1157,0.1071,FCC
3,7.9205,13.27,0.0238,0.1097,0.0944,FCC
2,8.003,13.65,0.0225,0.1002,0.0949,FCC
2,8.056,13.895,0.0255,0.1088,0.1019,FCC
3,8.109,14.14,0.0278,0.1153,0.1078,FCC
1,7.726,15.01,0.0412,0.1526,0.1168,BCC+FCC
1,7.604,14.205,0.042,0.1654,0.1133,BCC+FCC
1,7.657,14.45,0.0458,0.1697,0.1135,BCC+FCC
1,7.5285,14.915,0.0462,0.1767,0.1308,BCC+FCC
1,7.535,13.645,0.0464,0.1794,0.1102,BCC+FCC
1,7.641,14.135,0.0541,0.1885,0.1086,BCC+FCC
1,7.6865,14.585,0.0407,0.1572,0.116,BCC+FCC
1,7.7395,14.83,0.0437,0.1609,0.1166,BCC+FCC
1,7.7515,16.065,0.0488,0.1697,0.1313,BCC+FCC
1,7.652,14.305,0.043,0.1653,0.1147,BCC+FCC
1,7.7375,15.29,0.0503,0.1752,0.123,BCC+FCC
1,7.7235,14.515,0.0518,0.1805,0.1125,BCC+FCC
1,7.689,14.235,0.0547,0.1881,0.1104,BCC+FCC
1,7.7345,14.685,0.0412,0.1568,0.1173,BCC+FCC
1,7.647,14.16,0.0403,0.1602,0.1146,BCC+FCC
1,7.712,15.64,0.0494,0.1741,0.1339,BCC+FCC
1,7.7325,15.145,0.048,0.1715,0.1265,BCC+FCC
1,7.7855,15.39,0.0503,0.1745,0.1247,BCC+FCC
1,7.806,14.895,0.0487,0.1716,0.1161,BCC+FCC
1,7.6125,13.88,0.0426,0.1675,0.1134,BCC+FCC
1,7.6655,14.125,0.0464,0.1727,0.1146,BCC+FCC
1,7.698,14.865,0.0509,0.1792,0.1246,BCC+FCC
1,7.7185,14.37,0.0495,0.1768,0.1149,BCC+FCC
1,7.7715,14.615,0.0519,0.1799,0.1142,BCC+FCC
1,7.525,13.355,0.0427,0.1672,0.1103,BCC+FCC
1,7.5435,13.32,0.0486,0.1803,0.1108,BCC+FCC
1,7.415,13.785,0.0474,0.1802,0.1314,BCC+FCC
1,7.4885,13.535,0.0515,0.1874,0.1212,BCC+FCC
1,7.815,15.525,0.045,0.1625,0.1297,BCC+FCC
1,7.868,15.77,0.0465,0.1649,0.1284,BCC+FCC
1,7.854,14.995,0.0483,0.1707,0.1177,BCC+FCC
1,7.6075,13.735,0.0404,0.1615,0.1124,BCC+FCC
1,7.6195,14.97,0.0464,0.1717,0.1369,BCC+FCC
1,7.7135,14.225,0.0472,0.1725,0.1159,BCC+FCC
1,7.8195,14.715,0.0517,0.1792,0.1158,BCC+FCC
1,7.81,15.38,0.0429,0.1587,0.1314,BCC+FCC
1,7.849,14.85,0.0464,0.1675,0.1193,BCC+FCC
1,7.7615,14.325,0.0478,0.1723,0.1172,BCC+FCC
1,7.8145,14.57,0.0499,0.1758,0.1178,BCC+FCC
1,7.6005,14.05,0.046,0.1703,0.1262,BCC+FCC
1,7.621,13.555,0.0448,0.1686,0.1125,BCC+FCC
1,7.674,13.8,0.0478,0.1748,0.1146,BCC+FCC
1,7.4925,14.02,0.0451,0.1689,0.1355,BCC+FCC
1,7.513,13.525,0.0449,0.1679,0.1236,BCC+FCC
1,7.552,12.995,0.05,0.1804,0.1103,BCC+FCC
1,7.844,14.705,0.0446,0.1638,0.1197,BCC+FCC
1,7.7565,14.18,0.0457,0.1677,0.1168,BCC+FCC
1,7.5955,13.905,0.044,0.1634,0.1256,BCC+FCC
1,7.722,13.9,0.0489,0.1749,0.1157,BCC+FCC
1,7.508,13.38,0.0426,0.1594,0.1224,BCC+FCC
1,7.6345,13.375,0.0488,0.1754,0.1125,BCC+FCC
1,7.494,12.605,0.0441,0.1634,0.1052,BCC+FCC
1,7.892,14.805,0.0444,0.1632,0.1208,BCC+FCC
1,7.412,15.815,0.0477,0.1769,0.1243,BCC+FCC
1,7.4325,15.32,0.0466,0.1745,0.1159,BCC+FCC
1,7.292,14.55,0.0415,0.1712,0.1147,BCC+FCC
1,7.345,14.795,0.0447,0.1771,0.1148,BCC+FCC
1,7.276,14.235,0.0506,0.1897,0.1112,BCC+FCC
1,7.099,13.645,0.0511,0.1978,0.116,BCC+FCC
1,7.513,16.16,0.0513,0.1799,0.1233,BCC+FCC
1,7.3055,14.37,0.0457,0.178,0.1146,BCC+FCC
1,7.3175,15.605,0.0513,0.1875,0.1308,BCC+FCC
1,7.4645,15.105,0.0557,0.1925,0.1117,BCC+FCC
1,7.218,13.845,0.0453,0.1761,0.1123,BCC+FCC
1,7.5815,15.765,0.0498,0.1764,0.1179,BCC+FCC
1,7.386,15.21,0.0512,0.186,0.1257,BCC+FCC
1,7.2455,14.44,0.0469,0.1783,0.1256,BCC+FCC
1,7.266,13.945,0.0464,0.1772,0.1136,BCC+FCC
1,7.211,14.16,0.0484,0.1832,0.124,BCC+FCC
1,7.2315,13.665,0.0484,0.1822,0.1123,BCC+FCC
1,7.436,14.85,0.0447,0.1722,0.1186,BCC+FCC
1,7.542,15.34,0.0509,0.181,0.1189,BCC+FCC
1,7.2405,14.295,0.0446,0.1706,0.1264,BCC+FCC
1,7.314,14.045,0.0476,0.1781,0.1148,BCC+FCC
1,7.153,13.77,0.042,0.1639,0.1239,BCC+FCC
1,7.259,14.26,0.0498,0.1844,0.1254,BCC+FCC
1,7.4635,15.445,0.0473,0.1745,0.1311,BCC+FCC
1,7.3435,14.18,0.0431,0.1655,0.115,BCC+FCC
1,7.3415,14.64,0.0494,0.1803,0.1282,BCC+FCC
1,7.201,13.87,0.0434,0.166,0.125,BCC+FCC
1,7.3385,14.035,0.0412,0.1576,0.1129,BCC+FCC
1,7.2835,14.25,0.0436,0.1637,0.127,BCC+FCC
1,7.304,13.755,0.0434,0.1628,0.1121,BCC+FCC
1,7.2695,13.475,0.0451,0.1675,0.1113,BCC+FCC
1,7.3225,13.72,0.0486,0.1772,0.1141,BCC+FCC
1,7.6145,15.43,0.0439,0.1646,0.1233,BCC+FCC
1,7.527,14.905,0.0447,0.1672,0.1204,BCC+FCC
1,7.4925,14.625,0.048,0.174,0.1194,BCC+FCC
1,7.2645,13.33,0.0428,0.1579,0.1085,BCC+FCC
1,7.522,14.76,0.0427,0.1614,0.1187,BCC+FCC
1,7.347,13.71,0.0425,0.1555,0.1099,BCC+FCC
1,7.2265,16.155,0.0532,0.19,0.1127,BCC+FCC
1,7.033,15.14,0.0458,0.1816,0.1161,BCC+FCC
1,6.978,15.355,0.0489,0.1882,0.1234,BCC+FCC
1,7.2215,16.01,0.0507,0.1861,0.1173,BCC+FCC
1,7.2745,16.255,0.0537,0.1895,0.1147,BCC+FCC
1,7.081,15.24,0.0469,0.1822,0.1176,BCC+FCC
1,7.187,15.73,0.0533,0.193,0.1151,BCC+FCC
1,7.012,14.68,0.0517,0.193,0.1141,BCC+FCC
1,6.89,13.875,0.0498,0.1928,0.1111,BCC+FCC
1,7.2695,16.11,0.0514,0.1858,0.119,BCC+FCC
1,7.129,15.34,0.0479,0.1828,0.1191,BCC+FCC
1,7.23,15.685,0.052,0.1884,0.1201,BCC+FCC
1,7.0365,14.67,0.0454,0.1738,0.1175,BCC+FCC
1,6.88,13.585,0.0443,0.1739,0.1123,BCC+FCC
1,7.3125,16.065,0.0499,0.1815,0.1233,BCC+FCC
1,6.997,14.245,0.0447,0.1696,0.1156,BCC+FCC
1,7.05,14.49,0.0483,0.1798,0.1175,BCC+FCC
1,7.3605,16.165,0.0504,0.1812,0.1247,BCC+FCC
1,7.1995,15.89,0.0493,0.1795,0.1336,BCC+FCC
1,7.0105,14.065,0.047,0.1754,0.1156,BCC+FCC
1,7.3555,16.02,0.0485,0.1769,0.1258,BCC+FCC
1,7.215,15.25,0.0463,0.1716,0.1219,BCC+FCC
1,7.268,15.495,0.0491,0.1784,0.1236,BCC+FCC
1,7.1275,14.725,0.0456,0.1685,0.1185,BCC+FCC
1,7.1805,14.97,0.0489,0.1773,0.1208,BCC+FCC
1,7.0055,13.92,0.0445,0.1655,0.1139,BCC+FCC
1,7.1225,14.58,0.0436,0.1598,0.1162,BCC+FCC
1,6.769,15.585,0.0474,0.184,0.1188,BCC+FCC
1,6.822,15.83,0.0506,0.1918,0.118,BCC+FCC
1,6.6815,15.06,0.0454,0.1786,0.1173,BCC+FCC
1,6.817,15.685,0.0485,0.1852,0.1203,BCC+FCC
1,6.573,14.075,0.0431,0.1765,0.1137,BCC+FCC
1,6.626,14.32,0.0475,0.19,0.1139,BCC+FCC
1,6.5385,13.795,0.0421,0.1778,0.1122,BCC+FCC
1,8.0695,14.075,0.0475,0.1896,0.1148,BCC+FCC
1,8.1225,14.03,0.0494,0.1829,0.1184,BCC+FCC
1,7.98,13.745,0.0522,0.1984,0.1141,BCC+FCC
1,7.9765,13.77,0.0516,0.1978,0.1138,BCC+FCC
1,8.114,13.91,0.0476,0.1807,0.1154,BCC+FCC
1,8.0295,13.725,0.0529,0.1915,0.1149,BCC+FCC
1,8.0605,14.32,0.0465,0.1903,0.1195,BCC+FCC
1,7.9685,13.285,0.0494,0.191,0.0905,BCC+FCC
1,8.054,14.005,0.0452,0.1864,0.1073,BCC+FCC
1,7.835,14.02,0.0556,0.2154,0.1181,BCC+FCC
1,7.9695,13.82,0.0504,0.1964,0.1132,BCC+FCC
1,8.107,13.96,0.0464,0.1797,0.1144,BCC+FCC
1,7.83,13.875,0.0544,0.2125,0.1111,BCC+FCC
1,7.9645,13.675,0.0493,0.1935,0.1068,BCC+FCC
1,7.8145,13.985,0.0551,0.1929,0.1156,BCC+FCC
1,7.984,15.255,0.0456,0.1769,0.1257,BCC+FCC
1,7.892,14.22,0.0486,0.1812,0.1114,BCC+FCC
1,7.8935,14.39,0.0491,0.183,0.1161,BCC+FCC
1,7.809,14.205,0.0543,0.1936,0.118,BCC+FCC
1,7.8105,14.375,0.055,0.1954,0.12,BCC+FCC
1,7.7525,14.275,0.0526,0.1991,0.11,BCC+FCC
1,7.757,14.785,0.0542,0.2044,0.1261,BCC+FCC
1,7.9805,15.28,0.0449,0.177,0.1252,BCC+FCC
1,7.665,13.75,0.0557,0.204,0.1024,BCC+FCC
1,7.801,13.72,0.0516,0.1866,0.1047,BCC+FCC
1,7.8085,14.57,0.0549,0.1966,0.1202,BCC+FCC
1,7.9695,14.455,0.0418,0.1687,0.1055,BCC+FCC
1,7.7505,14.47,0.0525,0.2003,0.1163,BCC+FCC
1,7.663,13.945,0.0556,0.2052,0.1096,BCC+FCC
1,7.799,13.915,0.0515,0.1879,0.1098,BCC+FCC
1,7.7455,14.325,0.0514,0.1975,0.1096,BCC+FCC
1,7.883,14.465,0.0474,0.1813,0.115,BCC+FCC
1,7.886,14.805,0.0485,0.185,0.1206,BCC+FCC
1,7.7925,13.6,0.0495,0.1818,0.0973,BCC+FCC
1,7.7955,13.94,0.0508,0.1869,0.1094,BCC+FCC
1,7.797,14.11,0.0515,0.1892,0.1136,BCC+FCC
1,7.9595,14.165,0.0399,0.163,0.0884,BCC+FCC
1,7.7405,14.18,0.0502,0.1943,0.1017,BCC+FCC
1,7.742,14.35,0.0508,0.1966,0.1094,BCC+FCC
1,7.7435,14.52,0.0513,0.1987,0.1158,BCC+FCC
1,7.6575,14.165,0.0549,0.2052,0.1152,BCC+FCC
1,7.881,14.66,0.0473,0.1826,0.1179,BCC+FCC
1,7.7015,13.1,0.0506,0.1826,0.0888,BCC+FCC
1,7.518,14.22,0.0583,0.2195,0.1132,BCC+FCC
1,7.74,14.545,0.0507,0.1978,0.1155,BCC+FCC
1,7.7415,14.715,0.0513,0.1999,0.1207,BCC+FCC
1,7.6495,13.68,0.0522,0.1959,0.0928,BCC+FCC
1,7.8715,14.005,0.0445,0.1725,0.0971,BCC+FCC
1,7.654,14.19,0.0542,0.204,0.1149,BCC+FCC
1,7.8745,14.345,0.0456,0.1774,0.1098,BCC+FCC
1,7.7855,13.65,0.0481,0.179,0.0968,BCC+FCC
1,7.787,13.82,0.0487,0.1818,0.1034,BCC+FCC
1,7.79,14.16,0.0501,0.187,0.1127,BCC+FCC
1,7.6725,15.235,0.0512,0.1881,0.1232,BCC+FCC
1,7.6755,15.575,0.0523,0.1912,0.1277,BCC+FCC
1,7.591,15.39,0.0577,0.2019,0.1255,BCC+FCC
1,7.502,14.695,0.0599,0.2063,0.122,BCC+FCC
1,7.5035,14.865,0.0607,0.2083,0.1228,BCC+FCC
1,7.669,15.26,0.0506,0.1877,0.1228,BCC+FCC
1,7.672,15.6,0.0517,0.1909,0.1272,BCC+FCC
1,7.6735,15.77,0.0523,0.1924,0.1277,BCC+FCC
1,7.358,14.24,0.0604,0.2148,0.1121,BCC+FCC
1,7.58,14.565,0.0536,0.1921,0.1134,BCC+FCC
1,7.5815,14.735,0.0543,0.1942,0.1179,BCC+FCC
1,7.5875,15.415,0.057,0.2015,0.1248,BCC+FCC
1,7.4405,14.62,0.057,0.208,0.1121,BCC+FCC
1,7.4435,14.96,0.0584,0.2124,0.1236,BCC+FCC
1,7.664,15.115,0.0494,0.1854,0.1187,BCC+FCC
1,7.3545,14.265,0.0596,0.2134,0.1119,BCC+FCC
1,7.5765,14.59,0.0529,0.1911,0.113,BCC+FCC
1,7.4875,13.895,0.0544,0.1921,0.1002,BCC+FCC
1,7.4905,14.235,0.0559,0.1975,0.1121,BCC+FCC
1,7.492,14.405,0.0567,0.2,0.1162,BCC+FCC
1,7.4935,14.575,0.0575,0.2023,0.1191,BCC+FCC
1,7.6635,15.48,0.05,0.1885,0.1246,BCC+FCC
1,7.3495,14.12,0.058,0.2092,0.1045,BCC+FCC
1,7.576,14.955,0.0535,0.1945,0.1205,BCC+FCC
1,7.4855,14.09,0.0543,0.1934,0.1065,BCC+FCC
1,7.3995,13.735,0.056,0.1978,0.1056,BCC+FCC
1,7.435,14.84,0.0563,0.2081,0.1179,BCC+FCC
1,7.6555,14.995,0.0477,0.1817,0.1133,BCC+FCC
1,7.6615,15.675,0.0499,0.1897,0.1256,BCC+FCC
1,7.568,14.47,0.0508,0.1863,0.1068,BCC+FCC
1,7.571,14.81,0.0522,0.1913,0.1168,BCC+FCC
1,7.574,15.15,0.0535,0.1958,0.1221,BCC+FCC
1,7.4805,13.945,0.0527,0.1887,0.0996,BCC+FCC
1,7.482,14.115,0.0535,0.1918,0.1062,BCC+FCC
1,7.4835,14.285,0.0542,0.1946,0.1114,BCC+FCC
1,7.485,14.455,0.055,0.1974,0.1153,BCC+FCC
1,7.4285,14.525,0.0542,0.2016,0.104,BCC+FCC
1,7.43,14.695,0.0549,0.2043,0.1115,BCC+FCC
1,7.4345,15.205,0.0569,0.2116,0.1267,BCC+FCC
1,7.655,15.36,0.0482,0.1852,0.1212,BCC+FCC
1,7.3425,14.17,0.0563,0.2057,0.1041,BCC+FCC
1,7.477,13.97,0.0519,0.1869,0.0994,BCC+FCC
1,7.4785,14.14,0.0526,0.19,0.1058,BCC+FCC
1,7.5595,14.35,0.0487,0.1804,0.0994,BCC+FCC
1,7.3405,14.365,0.0562,0.2069,0.1109,BCC+FCC
1,7.4735,13.995,0.051,0.1849,0.0991,BCC+FCC
1,7.475,14.165,0.0518,0.1882,0.1055,BCC+FCC
1,7.3015,13.285,0.0524,0.189,0.0979,BCC+FCC
1,7.2645,14.935,0.0564,0.199,0.1149,BCC+FCC
1,7.266,15.105,0.0572,0.2016,0.1193,BCC+FCC
1,7.347,15.315,0.0529,0.192,0.1155,BCC+FCC
1,7.3485,15.485,0.0536,0.1944,0.1201,BCC+FCC
1,7.261,14.96,0.0555,0.1975,0.1146,BCC+FCC
1,7.256,14.815,0.0539,0.1929,0.1089,BCC+FCC
1,7.2575,14.985,0.0547,0.1959,0.1143,BCC+FCC
1,7.254,15.01,0.0539,0.1942,0.1139,BCC+FCC
1,7.335,15.22,0.0501,0.1848,0.1089,BCC+FCC
1,7.338,15.56,0.0514,0.1906,0.1191,BCC+FCC
1,7.2535,15.375,0.0546,0.1984,0.1207,BCC+FCC
1,8.114,13.605,0.0511,0.1797,0.1282,BCC+FCC
1,8.1105,13.63,0.0504,0.1791,0.1278,BCC+FCC
4,8.3575,13.87,0.0314,0.1365,0.1054,FCC
1,7.8905,13.745,0.0512,0.178,0.1214,BCC+FCC
1,7.892,13.915,0.0519,0.18,0.1261,BCC+FCC
1,7.895,14.255,0.0532,0.1837,0.1324,BCC+FCC
1,7.8965,14.425,0.0539,0.1853,0.134,BCC+FCC
1,7.9195,14.23,0.0484,0.1772,0.1341,BCC+FCC
1,7.921,14.4,0.0489,0.179,0.14,BCC+FCC
1,7.8885,13.94,0.0511,0.1793,0.1258,BCC+FCC
1,7.9145,14.085,0.0472,0.1746,0.1272,BCC+FCC
1,7.919,14.595,0.0489,0.1803,0.1448,BCC+FCC
1,7.882,13.625,0.0491,0.174,0.1151,BCC+FCC
2,7.8895,14.475,0.0524,0.1845,0.133,BCC+FCC
1,7.9095,13.94,0.0461,0.1715,0.1192,BCC+FCC
1,7.914,14.45,0.0477,0.1779,0.1397,BCC+FCC
1,7.963,13.835,0.0436,0.1623,0.108,BCC+FCC
1,7.969,14.515,0.0458,0.1708,0.13,BCC+FCC
1,7.736,13.06,0.0521,0.1821,0.1118,BCC+FCC
1,7.8755,13.31,0.047,0.1676,0.0998,BCC+FCC
1,7.877,13.48,0.0477,0.1704,0.1081,BCC+FCC
1,7.883,14.16,0.0504,0.1799,0.1286,BCC+FCC
1,7.8185,13.44,0.0486,0.1749,0.1109,BCC+FCC
1,7.82,13.61,0.0493,0.1777,0.1197,BCC+FCC
1,7.7355,13.425,0.0528,0.1864,0.1274,BCC+FCC
1,7.737,13.595,0.0536,0.1892,0.1335,BCC+FCC
1,7.7385,13.765,0.0544,0.1918,0.1387,BCC+FCC
1,7.878,14.015,0.049,0.1767,0.1248,BCC+FCC
1,7.786,12.98,0.0491,0.172,0.0999,BCC+FCC
1,7.7875,13.15,0.0499,0.1752,0.1078,BCC+FCC
1,7.789,13.32,0.0507,0.1782,0.1142,BCC+FCC
1,7.901,13.82,0.0443,0.1667,0.11,BCC+FCC
1,7.763,13.74,0.0508,0.1845,0.1284,BCC+FCC
1,7.9055,14.33,0.046,0.1742,0.1336,BCC+FCC
1,7.815,13.465,0.0479,0.1733,0.1109,BCC+FCC
1,7.818,13.805,0.0492,0.179,0.1271,BCC+FCC
1,7.8715,13.7,0.047,0.1704,0.1144,BCC+FCC
1,7.735,13.79,0.0535,0.1905,0.1385,BCC+FCC
1,7.8745,14.04,0.0483,0.1757,0.1245,BCC+FCC
1,7.7825,13.005,0.0483,0.1701,0.0998,BCC+FCC
1,7.758,13.595,0.0495,0.1799,0.1191,BCC+FCC
1,7.672,13.24,0.0517,0.1842,0.1203,BCC+FCC
1,7.6735,13.41,0.0525,0.1876,0.1293,BCC+FCC
1,7.73,13.645,0.0519,0.1861,0.1331,BCC+FCC
1,7.8695,13.895,0.0469,0.1718,0.1197,BCC+FCC
1,7.7805,13.2,0.0482,0.1715,0.1073,BCC+FCC
1,7.6085,12.49,0.0503,0.1776,0.1065,BCC+FCC
1,7.76,15.455,0.0502,0.1788,0.1396,BCC+FCC
1,7.672,15.295,0.0552,0.19,0.1383,BCC+FCC
1,7.7515,15.335,0.0485,0.1768,0.1365,BCC+FCC
1,7.753,15.505,0.049,0.1784,0.1388,BCC+FCC
1,7.667,15.15,0.0538,0.1879,0.1369,BCC+FCC
1,7.5795,14.625,0.0568,0.1939,0.1334,BCC+FCC
1,7.7495,15.53,0.0484,0.1781,0.1384,BCC+FCC
1,7.656,14.325,0.0498,0.1763,0.1174,BCC+FCC
1,7.6605,14.835,0.0518,0.1833,0.1319,BCC+FCC
1,7.662,15.005,0.0524,0.1853,0.1347,BCC+FCC
1,7.6635,15.175,0.0531,0.1873,0.1365,BCC+FCC
1,7.429,13.55,0.0559,0.1924,0.1224,BCC+FCC
1,7.5685,13.8,0.052,0.18,0.1104,BCC+FCC
1,7.4335,14.06,0.0585,0.2015,0.1408,BCC+FCC
1,7.4855,13.785,0.0557,0.1911,0.1219,BCC+FCC
1,7.599,14.455,0.0513,0.1835,0.129,BCC+FCC
1,7.7385,14.705,0.0451,0.1674,0.1173,BCC+FCC
1,7.74,14.875,0.0456,0.1697,0.1235,BCC+FCC
1,7.743,15.215,0.0467,0.1739,0.1327,BCC+FCC
1,7.746,15.555,0.0478,0.1777,0.1379,BCC+FCC
1,7.5115,13.93,0.0533,0.1864,0.1218,BCC+FCC
1,7.657,14.86,0.0511,0.1824,0.1315,BCC+FCC
1,7.4285,13.915,0.0567,0.1969,0.1354,BCC+FCC
1,7.43,14.085,0.0576,0.1999,0.1405,BCC+FCC
1,7.5695,14.335,0.0535,0.1869,0.1268,BCC+FCC
1,7.479,13.47,0.0529,0.1828,0.1101,BCC+FCC
1,7.4805,13.64,0.0538,0.1861,0.1164,BCC+FCC
1,6.9955,11.8,0.0467,0.1845,0.1227,BCC+FCC
1,7.741,15.41,0.0467,0.1753,0.1354,BCC+FCC
1,7.37,13.875,0.0568,0.199,0.139,BCC+FCC
1,7.5125,14.465,0.0548,0.1934,0.1408,BCC+FCC
1,7.6535,14.885,0.0503,0.1814,0.1312,BCC+FCC
1,7.6565,15.225,0.0517,0.1859,0.1356,BCC+FCC
1,7.284,13.52,0.0571,0.2012,0.1395,BCC+FCC
1,7.4235,13.77,0.0548,0.1917,0.1292,BCC+FCC
1,7.5645,14.19,0.0519,0.1827,0.1221,BCC+FCC
1,7.566,14.36,0.0527,0.1855,0.1265,BCC+FCC
1,7.3895,13.14,0.0525,0.183,0.1096,BCC+FCC
1,7.739,15.605,0.0466,0.1766,0.137,BCC+FCC
1,7.365,13.73,0.055,0.1933,0.1312,BCC+FCC
1,7.6455,14.4,0.0476,0.1724,0.1167,BCC+FCC
1,7.2805,13.545,0.0561,0.1987,0.1394,BCC+FCC
1,7.5625,14.385,0.0519,0.184,0.1261,BCC+FCC
1,7.564,14.555,0.0526,0.1869,0.1294,BCC+FCC
1,7.472,13.52,0.051,0.1782,0.1096,BCC+FCC
1,7.386,13.165,0.0515,0.1802,0.1093,BCC+FCC
1,7.3,12.81,0.0508,0.1804,0.1088,BCC+FCC
1,7.728,14.78,0.0433,0.164,0.1167,BCC+FCC
1,7.59,14.7,0.0499,0.1821,0.1352,BCC+FCC
1,7.363,13.925,0.0549,0.1946,0.1389,BCC+FCC
1,7.5025,14.175,0.0516,0.184,0.1288,BCC+FCC
1,7.6435,14.595,0.0476,0.1738,0.1222,BCC+FCC
1,7.4465,15.63,0.0553,0.19,0.1387,BCC+FCC
1,7.448,15.8,0.0559,0.1918,0.141,BCC+FCC
1,7.441,15.85,0.0545,0.1906,0.1402,BCC+FCC
1,7.4425,16.02,0.0552,0.1925,0.1413,BCC+FCC
1,7.352,15.155,0.0565,0.1938,0.1338,BCC+FCC
1,7.4345,15.535,0.0524,0.1857,0.1346,BCC+FCC
1,7.347,15.01,0.0548,0.19,0.1297,BCC+FCC
1,7.2595,14.485,0.0559,0.1922,0.1244,BCC+FCC
1,7.345,15.205,0.0548,0.1913,0.1331,BCC+FCC
1,7.256,14.51,0.055,0.1903,0.1241,BCC+FCC
1,7.4245,15.245,0.0497,0.1784,0.1251,BCC+FCC
1,7.429,15.755,0.0517,0.186,0.1369,BCC+FCC
1,7.1975,14.47,0.0551,0.1922,0.1309,BCC+FCC
1,7.34,15.06,0.0532,0.1871,0.1291,BCC+FCC
1,7.3415,15.23,0.054,0.1899,0.1327,BCC+FCC
1,7.251,14.365,0.0531,0.1847,0.1185,BCC+FCC
1,7.4195,15.1,0.0483,0.174,0.1189,BCC+FCC
1,7.421,15.27,0.049,0.177,0.1248,BCC+FCC
1,7.3335,14.745,0.0508,0.179,0.1187,BCC+FCC
1,7.3365,15.085,0.0523,0.1854,0.1288,BCC+FCC
1,7.3395,15.425,0.0539,0.1912,0.1349,BCC+FCC
1,7.0755,13.68,0.0518,0.1842,0.1171,BCC+FCC
1,6.9895,13.325,0.05,0.1821,0.1162,BCC+FCC
1,7.416,15.125,0.0476,0.1723,0.1187,BCC+FCC
1,7.333,15.11,0.0515,0.1836,0.1285,BCC+FCC
1,7.244,14.415,0.0512,0.1799,0.118,BCC+FCC
1,7.116,15.565,0.0537,0.187,0.1271,BCC+FCC
1,7.1155,15.93,0.0544,0.1913,0.1355,BCC+FCC
1,7.0195,15.285,0.0524,0.184,0.1258,BCC+FCC
1,8.0745,16.42,0.0488,0.1601,0.155,BCC+FCC
1,8.076,16.59,0.0497,0.1622,0.1486,BCC+FCC
1,8.0605,15.645,0.0506,0.1662,0.1479,BCC+FCC
1,8.134,15.395,0.0495,0.1641,0.1395,BCC+FCC
1,8.206,14.975,0.0469,0.1591,0.1335,BCC+FCC
1,7.9685,14.61,0.0494,0.1644,0.1532,BCC+FCC
1,8.0435,14.53,0.0506,0.1676,0.1432,BCC+FCC
1,7.9025,15.71,0.0536,0.1771,0.1452,BCC+FCC
1,7.953,13.665,0.05,0.1667,0.1392,BCC+FCC
1,7.956,14.005,0.052,0.1726,0.1411,BCC+FCC
1,8.0725,16.615,0.0488,0.1616,0.1476,BCC+FCC
1,8.129,15.25,0.0479,0.1617,0.1422,BCC+FCC
1,8.1105,13.965,0.0475,0.1613,0.1312,BCC+FCC
1,8.115,14.475,0.0499,0.1678,0.1314,BCC+FCC
1,7.88,14.815,0.0516,0.1764,0.1424,BCC+FCC
1,7.86,13.36,0.0487,0.1676,0.1366,BCC+FCC
1,7.8645,13.87,0.052,0.1781,0.1359,BCC+FCC
1,7.7725,12.835,0.0471,0.1661,0.133,BCC+FCC
1,7.9485,14.42,0.0508,0.174,0.1364,BCC+FCC
1,7.8565,13.385,0.0475,0.1652,0.1361,BCC+FCC
1,7.8595,13.725,0.0497,0.1728,0.1367,BCC+FCC
1,7.861,13.895,0.0508,0.1762,0.1353,BCC+FCC
1,7.7705,13.03,0.047,0.1676,0.1341,BCC+FCC
1,8.031,14.8,0.0477,0.1656,0.1392,BCC+FCC
1,7.9435,14.275,0.0488,0.1693,0.1379,BCC+FCC
1,8.0155,13.855,0.0486,0.1683,0.1283,BCC+FCC
1,8.017,14.025,0.0495,0.1711,0.1276,BCC+FCC
1,7.839,12.635,0.0478,0.1672,0.1201,BCC+FCC
1,7.7685,13.225,0.0469,0.1691,0.1339,BCC+FCC
1,8.0105,13.71,0.0468,0.1637,0.1272,BCC+FCC
1,7.923,13.185,0.0473,0.1654,0.1236,BCC+FCC
1,7.905,15.755,0.0484,0.1635,0.1489,BCC+FCC
1,7.9815,15.845,0.0481,0.1646,0.1355,BCC+FCC
1,7.744,15.48,0.0505,0.1693,0.1563,BCC+FCC
1,7.819,15.4,0.0518,0.1725,0.146,BCC+FCC
1,7.891,14.98,0.0504,0.1695,0.1369,BCC+FCC
1,7.963,14.56,0.0482,0.1657,0.125,BCC+FCC
1,7.8205,15.57,0.0527,0.1748,0.1439,BCC+FCC
1,7.9675,15.07,0.0502,0.1708,0.1244,BCC+FCC
1,7.802,14.285,0.0518,0.173,0.1331,BCC+FCC
1,7.7145,13.76,0.0528,0.1764,0.1293,BCC+FCC
1,7.788,13.51,0.0536,0.1782,0.1167,BCC+FCC
1,7.9015,15.78,0.0476,0.1628,0.1483,BCC+FCC
1,7.978,15.87,0.0474,0.1644,0.1347,BCC+FCC
1,7.958,14.415,0.0468,0.1631,0.1225,BCC+FCC
1,7.817,15.595,0.0517,0.1739,0.1432,BCC+FCC
1,7.892,15.515,0.0519,0.1748,0.1306,BCC+FCC
1,7.8,14.48,0.0518,0.1744,0.1337,BCC+FCC
1,7.872,14.06,0.0507,0.1721,0.1207,BCC+FCC
1,7.9025,16.315,0.0491,0.1684,0.1385,BCC+FCC
1,7.9745,15.895,0.0467,0.1641,0.1339,BCC+FCC
1,7.809,15.11,0.0481,0.1649,0.1459,BCC+FCC
1,7.953,14.27,0.0454,0.1601,0.1189,BCC+FCC
1,7.8105,15.28,0.049,0.1677,0.1459,BCC+FCC
1,7.9575,14.78,0.0474,0.1666,0.1249,BCC+FCC
1,7.887,15.37,0.0503,0.1722,0.1332,BCC+FCC
1,7.959,14.95,0.0481,0.1684,0.1246,BCC+FCC
1,7.9605,15.12,0.0488,0.1702,0.123,BCC+FCC
1,7.6215,13.455,0.0511,0.1766,0.1266,BCC+FCC
1,7.462,13.35,0.0464,0.1706,0.1359,BCC+FCC
1,7.8775,14.715,0.0463,0.1617,0.1335,BCC+FCC
1,7.8805,15.055,0.0479,0.1669,0.1353,BCC+FCC
1,7.882,15.225,0.0487,0.1692,0.1345,BCC+FCC
1,7.885,15.565,0.0502,0.1736,0.129,BCC+FCC
1,7.796,14.87,0.0516,0.1771,0.1312,BCC+FCC
1,7.6915,13.23,0.0522,0.1789,0.1135,BCC+FCC
1,7.374,13.19,0.0436,0.1703,0.133,BCC+FCC
1,7.894,16.195,0.0467,0.1649,0.1414,BCC+FCC
1,7.877,15.08,0.047,0.1658,0.1347,BCC+FCC
1,7.949,14.66,0.0453,0.163,0.123,BCC+FCC
1,7.952,15,0.0467,0.1673,0.1232,BCC+FCC
1,7.9535,15.17,0.0473,0.1693,0.1215,BCC+FCC
1,7.7895,14.555,0.0489,0.1702,0.1321,BCC+FCC
1,7.8645,14.475,0.0498,0.1738,0.1209,BCC+FCC
1,7.7755,13.78,0.0507,0.1752,0.1171,BCC+FCC
1,7.705,14.37,0.0515,0.1788,0.1289,BCC+FCC
1,7.544,14.095,0.0478,0.1733,0.1373,BCC+FCC
1,7.616,13.675,0.0498,0.1756,0.1268,BCC+FCC
1,7.6175,13.845,0.051,0.1794,0.1268,BCC+FCC
1,7.6895,13.425,0.0521,0.1802,0.1147,BCC+FCC
1,7.4565,13.57,0.0449,0.1684,0.1352,BCC+FCC
1,7.5285,13.15,0.0479,0.1727,0.1235,BCC+FCC
1,7.53,13.32,0.0492,0.1773,0.1242,BCC+FCC
1,7.513,12.205,0.0481,0.1717,0.1031,BCC+FCC
1,7.9455,14.685,0.0446,0.1621,0.1225,BCC+FCC
1,7.714,15,0.0477,0.1687,0.1414,BCC+FCC
1,7.769,13.465,0.048,0.1669,0.1112,BCC+FCC
1,7.6265,14.475,0.0472,0.1686,0.1395,BCC+FCC
1,7.6985,14.055,0.0484,0.17,0.1286,BCC+FCC
1,7.772,13.805,0.0498,0.1736,0.1166,BCC+FCC
1,7.5375,13.78,0.0441,0.1604,0.1366,BCC+FCC
1,7.6845,13.28,0.05,0.1746,0.1125,BCC+FCC
1,7.5095,12.23,0.0468,0.1681,0.1027,BCC+FCC
1,7.9575,15.655,0.0425,0.1576,0.1356,BCC+FCC
1,7.87,15.13,0.0454,0.1633,0.1336,BCC+FCC
1,7.709,14.855,0.0457,0.1629,0.1415,BCC+FCC
1,7.764,13.32,0.0461,0.1609,0.1064,BCC+FCC
1,7.681,13.305,0.049,0.1722,0.112,BCC+FCC
1,7.592,12.61,0.0467,0.1651,0.1038,BCC+FCC
1,7.7775,14.46,0.0452,0.1612,0.1298,BCC+FCC
1,7.7605,13.345,0.0452,0.1584,0.106,BCC+FCC
1,7.762,13.515,0.0461,0.1624,0.1104,BCC+FCC
1,7.7635,13.685,0.047,0.1662,0.1135,BCC+FCC
1,7.5915,15.93,0.0512,0.1724,0.1505,BCC+FCC
1,7.593,16.1,0.0521,0.1749,0.15,BCC+FCC
1,7.5775,15.155,0.053,0.1777,0.1377,BCC+FCC
1,7.579,15.325,0.0539,0.1802,0.1382,BCC+FCC
1,7.5835,15.835,0.0565,0.187,0.1325,BCC+FCC
1,7.6555,15.415,0.0551,0.1839,0.1257,BCC+FCC
1,7.585,16.005,0.0574,0.189,0.1277,BCC+FCC
1,7.4025,14.105,0.0533,0.1817,0.1308,BCC+FCC
1,7.404,14.275,0.0545,0.1853,0.1325,BCC+FCC
1,7.479,14.195,0.0575,0.1914,0.1219,BCC+FCC
1,7.663,15.875,0.0508,0.1737,0.1398,BCC+FCC
1,7.6645,16.045,0.0516,0.1758,0.1384,BCC+FCC
1,7.594,16.635,0.0538,0.1809,0.1402,BCC+FCC
1,7.666,16.215,0.0523,0.1778,0.1357,BCC+FCC
1,7.5725,15.01,0.0511,0.1736,0.1358,BCC+FCC
1,7.6475,14.93,0.052,0.1769,0.126,BCC+FCC
1,7.649,15.1,0.0527,0.1792,0.1269,BCC+FCC
1,7.508,16.28,0.0561,0.1883,0.1354,BCC+FCC
1,7.5815,16.03,0.0565,0.1883,0.1267,BCC+FCC
1,7.4175,15.415,0.054,0.1855,0.1433,BCC+FCC
1,7.566,15.085,0.0574,0.1913,0.1211,BCC+FCC
1,7.471,13.71,0.0534,0.1804,0.1146,BCC+FCC
1,7.4755,14.22,0.0564,0.1899,0.1213,BCC+FCC
1,7.141,13.065,0.047,0.1797,0.1243,BCC+FCC
1,7.6565,15.56,0.0484,0.1679,0.1388,BCC+FCC
1,7.7285,15.14,0.0468,0.1653,0.1253,BCC+FCC
1,7.658,15.73,0.0492,0.1704,0.1396,BCC+FCC
1,7.589,16.49,0.0519,0.1776,0.1439,BCC+FCC
1,7.733,15.65,0.0488,0.1717,0.1289,BCC+FCC
2,7.7345,15.82,0.0494,0.1735,0.1277,BCC+FCC
1,7.664,16.41,0.0523,0.1791,0.1307,BCC+FCC
1,7.736,15.99,0.0501,0.1753,0.1253,BCC+FCC
1,7.5675,14.865,0.0493,0.1689,0.133,BCC+FCC
1,7.5705,15.205,0.0511,0.175,0.1368,BCC+FCC
1,7.575,15.715,0.0537,0.1829,0.1342,BCC+FCC
1,7.483,14.68,0.0517,0.1772,0.1336,BCC+FCC
1,7.5595,14.77,0.0546,0.1854,0.1235,BCC+FCC
1,7.564,15.28,0.0573,0.1925,0.1164,BCC+FCC
1,7.4,14.665,0.0543,0.1879,0.1314,BCC+FCC
1,7.472,14.245,0.0553,0.1882,0.1207,BCC+FCC
1,7.3295,15.255,0.0537,0.1904,0.1356,BCC+FCC
1,7.3125,14.14,0.0526,0.1869,0.1293,BCC+FCC
1,7.0655,13.51,0.0406,0.1681,0.1348,BCC+FCC
1,7.2095,12.67,0.0496,0.1815,0.1092,BCC+FCC
1,7.067,13.68,0.0421,0.1744,0.1335,BCC+FCC
1,7.6545,15.755,0.0484,0.1693,0.1391,BCC+FCC
1,7.731,15.845,0.0487,0.173,0.127,BCC+FCC
1,7.6605,16.435,0.0515,0.1784,0.1298,BCC+FCC
1,7.567,15.23,0.0501,0.1734,0.1363,BCC+FCC
2,7.642,15.15,0.0511,0.1772,0.1257,BCC+FCC
1,7.6435,15.32,0.0519,0.1796,0.1252,BCC+FCC
1,7.573,15.91,0.0537,0.1842,0.13,BCC+FCC
1,7.645,15.49,0.0526,0.1818,0.1234,BCC+FCC
1,7.55,14.115,0.0501,0.172,0.1151,BCC+FCC
1,7.4795,14.705,0.0506,0.1752,0.1331,BCC+FCC
1,7.4105,15.465,0.0516,0.1815,0.142,BCC+FCC
1,7.3935,14.35,0.0509,0.1784,0.131,BCC+FCC
1,7.3245,15.11,0.0512,0.1843,0.1384,BCC+FCC
1,7.381,13.745,0.0535,0.1864,0.1169,BCC+FCC
1,7.148,13.89,0.0429,0.1682,0.137,BCC+FCC
1,7.2215,13.64,0.0483,0.1795,0.1262,BCC+FCC
1,7.223,13.81,0.0496,0.1844,0.1257,BCC+FCC
1,7.206,12.695,0.0481,0.1777,0.1087,BCC+FCC
1,7.209,13.035,0.0508,0.1878,0.1114,BCC+FCC
1,7.648,15.44,0.046,0.1625,0.1363,BCC+FCC
1,7.723,15.36,0.046,0.1658,0.1266,BCC+FCC
1,7.7275,15.87,0.048,0.1724,0.1263,BCC+FCC
1,7.5605,14.915,0.0474,0.1651,0.1323,BCC+FCC
1,7.568,15.765,0.0518,0.1804,0.1328,BCC+FCC
1,7.479,15.07,0.0515,0.18,0.1332,BCC+FCC
1,7.551,14.65,0.0519,0.1798,0.1221,BCC+FCC
1,7.318,14.795,0.0475,0.1729,0.1413,BCC+FCC
1,7.462,13.955,0.0512,0.1775,0.1166,BCC+FCC
1,7.718,15.215,0.0446,0.1621,0.124,BCC+FCC
1,7.632,14.86,0.0479,0.1693,0.1223,BCC+FCC
1,7.5615,15.45,0.0491,0.1732,0.1354,BCC+FCC
1,7.6365,15.37,0.0502,0.1775,0.1239,BCC+FCC
1,7.471,14.585,0.0475,0.1666,0.1303,BCC+FCC
1,7.4725,14.755,0.0485,0.1706,0.1322,BCC+FCC
1,7.549,14.845,0.0518,0.1811,0.1216,BCC+FCC
1,7.3865,14.4,0.0485,0.1729,0.13,BCC+FCC
1,7.3005,14.045,0.0475,0.1734,0.1276,BCC+FCC
1,7.3725,13.625,0.05,0.177,0.1142,BCC+FCC
1,7.213,13.52,0.0441,0.1661,0.1245,BCC+FCC
1,7.285,13.1,0.0476,0.172,0.1097,BCC+FCC
1,7.7115,14.9,0.0426,0.1549,0.1162,BCC+FCC
1,7.7145,15.24,0.0439,0.1609,0.1236,BCC+FCC
1,7.7175,15.58,0.0452,0.1662,0.1266,BCC+FCC
1,7.6255,14.545,0.0455,0.1611,0.1152,BCC+FCC
1,7.558,15.475,0.0482,0.1714,0.1348,BCC+FCC
1,7.6315,15.225,0.0486,0.1736,0.1239,BCC+FCC
1,7.469,14.78,0.0474,0.1681,0.1317,BCC+FCC
1,7.3815,14.255,0.0462,0.1652,0.1281,BCC+FCC
1,7.4565,14.175,0.05,0.1765,0.1176,BCC+FCC
1,7.625,14.91,0.0462,0.1659,0.1214,BCC+FCC
1,7.378,14.28,0.045,0.1618,0.1277,BCC+FCC
1,7.4295,16.115,0.0556,0.1867,0.1303,BCC+FCC
1,7.267,15.67,0.0559,0.1882,0.1394,BCC+FCC
1,7.253,14.895,0.0575,0.1928,0.1258,BCC+FCC
1,7.4215,15.63,0.0524,0.1793,0.1295,BCC+FCC
1,7.262,15.525,0.0538,0.1835,0.1386,BCC+FCC
1,7.337,15.445,0.0559,0.1885,0.1282,BCC+FCC
1,7.3445,15.905,0.0513,0.1766,0.1402,BCC+FCC
1,7.3335,15.47,0.0549,0.1872,0.1277,BCC+FCC
1,7.263,16.06,0.0557,0.1908,0.1353,BCC+FCC
1,7.335,15.64,0.0558,0.1898,0.1272,BCC+FCC
1,7.3365,15.81,0.0567,0.1923,0.1254,BCC+FCC
1,7.1725,15.195,0.053,0.1849,0.1358,BCC+FCC
1,7.174,15.365,0.0541,0.1886,0.1356,BCC+FCC
1,6.913,13.96,0.0461,0.1792,0.1281,BCC+FCC
1,6.985,13.54,0.0503,0.1851,0.1152,BCC+FCC
1,7.4115,15.34,0.0492,0.1712,0.1232,BCC+FCC
1,7.341,15.93,0.0504,0.1749,0.1397,BCC+FCC
1,7.413,15.51,0.05,0.1741,0.1264,BCC+FCC
1,7.2535,15.405,0.0507,0.1759,0.1364,BCC+FCC
1,7.3255,14.985,0.0513,0.1765,0.1219,BCC+FCC
1,7.258,15.915,0.0537,0.1861,0.1368,BCC+FCC
1,7.33,15.495,0.054,0.1857,0.1271,BCC+FCC
1,7.333,15.835,0.0557,0.1911,0.1246,BCC+FCC
1,7.2395,14.63,0.0523,0.1803,0.1204,BCC+FCC
1,6.9955,14.34,0.0477,0.1781,0.1301,BCC+FCC
1,7.408,15.365,0.0484,0.1695,0.1229,BCC+FCC
1,7.411,15.705,0.0499,0.1755,0.1281,BCC+FCC
1,7.4155,16.215,0.0523,0.1832,0.1275,BCC+FCC
1,7.25,15.43,0.0496,0.1735,0.136,BCC+FCC
1,7.322,15.01,0.0503,0.1745,0.1216,BCC+FCC
1,7.236,14.655,0.0512,0.1779,0.12,BCC+FCC
1,7.167,15.415,0.0518,0.1839,0.1344,BCC+FCC
1,6.992,14.365,0.0463,0.1741,0.1296,BCC+FCC
1,6.9795,13.76,0.0488,0.1828,0.1152,BCC+FCC
1,7.4105,16.07,0.0507,0.1795,0.1283,BCC+FCC
1,7.2465,15.455,0.0485,0.171,0.1355,BCC+FCC
1,7.3185,15.035,0.0494,0.1724,0.1212,BCC+FCC
1,7.3215,15.375,0.0512,0.1793,0.1254,BCC+FCC
1,7.2325,14.68,0.0502,0.1753,0.1196,BCC+FCC
1,7.162,15.27,0.0495,0.1771,0.1342,BCC+FCC
1,7.4025,15.585,0.0475,0.1692,0.1252,BCC+FCC
1,7.2255,14.73,0.048,0.1696,0.1187,BCC+FCC
1,7.227,14.9,0.049,0.174,0.1209,BCC+FCC
1,7.1395,14.375,0.0475,0.1698,0.1169,BCC+FCC
1,7.015,15.5,0.0534,0.1845,0.1263,BCC+FCC
1,6.585,13.725,0.0423,0.1743,0.1144,BCC+FCC
1,7.013,15.695,0.0533,0.1858,0.1274,BCC+FCC
1,7.0905,15.93,0.0496,0.1745,0.1267,BCC+FCC
3,7.459,11.995,0.0852,0.367,0.2145,IM
2,9.9185,10.265,0.1151,0.5843,0.2454,IM
3,9.3195,11.45,0.1045,0.507,0.2587,IM
1,7.9675,13.71,0.053,0.1962,0.1315,BCC+FCC
1,7.9625,13.565,0.0517,0.1931,0.1273,BCC+FCC
1,8.054,15.3,0.0479,0.1801,0.1412,BCC+FCC
1,7.7865,13.58,0.051,0.1873,0.133,BCC+FCC
1,7.8955,14.435,0.0521,0.1999,0.1339,BCC+FCC
1,7.883,14.735,0.0472,0.1767,0.1482,BCC+FCC
1,8.03,14.235,0.0473,0.1798,0.1265,BCC+FCC
1,7.694,12.91,0.0476,0.1786,0.1262,BCC+FCC
1,7.1485,12.89,0.0398,0.1725,0.139,BCC+FCC
1,7.8195,15.88,0.0465,0.1791,0.1447,BCC+FCC
1,7.671,15.305,0.0534,0.2041,0.1392,BCC+FCC
1,7.718,14.58,0.0509,0.1883,0.128,BCC+FCC
1,7.382,13.255,0.0459,0.1763,0.1278,BCC+FCC
1,7.4555,13.005,0.0501,0.1861,0.1148,BCC+FCC
1,7.43,15.99,0.055,0.199,0.1434,BCC+FCC
1,6.9925,13.365,0.0436,0.1798,0.1308,BCC+FCC
1,7.1575,14.125,0.0467,0.1799,0.1335,BCC+FCC
1,7.823,15.55,0.0499,0.1785,0.1546,BCC+FCC
1,7.8965,15.3,0.0489,0.1777,0.1451,BCC+FCC
1,7.3715,12.15,0.0471,0.1784,0.1242,BCC+FCC
1,7.5895,15.79,0.0547,0.1914,0.1461,BCC+FCC
1,6.991,12.89,0.04,0.1663,0.1406,BCC+FCC
1,7.511,15.895,0.0528,0.1872,0.1557,BCC+FCC
1,7.2295,13.4,0.049,0.1806,0.1313,BCC+FCC
1,7.487,14.83,0.051,0.1824,0.1405,BCC+FCC
1,7.2245,13.255,0.0465,0.1713,0.1274,BCC+FCC
1,7.18,15.32,0.0539,0.1919,0.144,BCC+FCC
1,6.9175,13.745,0.0459,0.1752,0.1329,BCC+FCC
3,8.253,12.725,0.0356,0.1648,0.134,FCC
3,8.301,12.825,0.036,0.1646,0.1336,FCC
3,8.2495,12.75,0.0345,0.1631,0.1341,FCC
4,8.4005,13,0.0367,0.1652,0.1328,FCC
4,8.397,13.025,0.036,0.1639,0.1329,FCC
3,7.915,12.905,0.0318,0.1425,0.059,FCC
4,7.86,12.855,0.0283,0.1375,0.0586,FCC
4,7.908,12.955,0.0294,0.1379,0.0587,FCC
1,7.3635,12.885,0.0476,0.1925,0.0822,BCC+FCC
1,7.4595,13.085,0.0491,0.1936,0.0822,BCC+FCC
1,7.68,13.24,0.043,0.1691,0.0777,BCC+FCC
1,7.408,13.01,0.0477,0.1909,0.0821,BCC+FCC
1,7.322,12.655,0.0489,0.1924,0.0826,BCC+FCC
1,7.133,12.15,0.0452,0.181,0.0821,BCC+FCC
1,7.4905,13.39,0.0447,0.1857,0.0813,BCC+FCC
1,7.2185,13.16,0.0502,0.2031,0.0851,BCC+FCC
1,7.5075,13.185,0.0499,0.194,0.0822,BCC+FCC
1,7.6935,13.06,0.0471,0.1763,0.0786,BCC+FCC
1,7.1465,11.97,0.0472,0.1862,0.0828,BCC+FCC
1,7.095,11.895,0.045,0.1791,0.0823,BCC+FCC
1,7.0605,11.615,0.0452,0.1811,0.0827,BCC+FCC
1,7.59,13.565,0.0467,0.1881,0.0813,BCC+FCC
1,7.2665,13.26,0.051,0.2041,0.0851,BCC+FCC
1,7.112,13.035,0.0466,0.1907,0.0849,BCC+FCC
1,7.504,13.21,0.0492,0.192,0.0821,BCC+FCC
1,7.3665,12.78,0.049,0.1908,0.0825,BCC+FCC
1,7.229,12.35,0.0473,0.1852,0.0825,BCC+FCC
1,7.143,11.995,0.0462,0.1818,0.0825,BCC+FCC
1,7.6895,13.74,0.0489,0.1896,0.0812,BCC+FCC
1,7.3145,13.36,0.0518,0.205,0.085,BCC+FCC
1,7.263,13.285,0.0503,0.2014,0.085,BCC+FCC
1,7.6035,13.385,0.0515,0.1946,0.0822,BCC+FCC
1,7.552,13.31,0.05,0.1924,0.0821,BCC+FCC
1,7.191,12.095,0.0473,0.1843,0.0828,BCC+FCC
1,7.583,13.615,0.0454,0.1843,0.0811,BCC+FCC
1,7.2735,12.475,0.0473,0.1834,0.0824,BCC+FCC
1,7.359,13.485,0.0518,0.2035,0.0848,BCC+FCC
1,7.139,13.755,0.049,0.1964,0.0945,BCC+FCC
1,6.95,13.25,0.0467,0.1888,0.0938,BCC+FCC
1,7.1355,13.78,0.0482,0.194,0.0944,BCC+FCC
1,7.101,13.5,0.051,0.1989,0.0949,BCC+FCC
1,7.2525,13.095,0.0511,0.189,0.0909,BCC+FCC
1,7.0805,13.73,0.046,0.1875,0.0938,BCC+FCC
1,7.252,13.75,0.0554,0.2056,0.0956,BCC+FCC
1,7.421,13.83,0.0472,0.1806,0.091,BCC+FCC
1,7.0975,13.525,0.0502,0.1962,0.0947,BCC+FCC
1,7.318,13.68,0.0442,0.1754,0.09,BCC+FCC
1,7.3865,13.55,0.051,0.1869,0.0914,BCC+FCC
1,6.96,13.095,0.0483,0.1905,0.0942,BCC+FCC
1,7.146,12.97,0.0462,0.1775,0.0893,BCC+FCC
1,7.0255,12.335,0.0464,0.1787,0.0887,BCC+FCC
1,6.991,12.055,0.0466,0.1812,0.0887,BCC+FCC
1,6.736,11.62,0.0445,0.1919,0.0946,BCC+FCC
1,7.2315,13.98,0.0498,0.1954,0.0946,BCC+FCC
1,7.452,14.135,0.043,0.1719,0.0903,BCC+FCC
1,7.3145,13.705,0.0435,0.1728,0.0898,BCC+FCC
1,7.111,13.345,0.0533,0.2017,0.0953,BCC+FCC
1,7.2285,13.35,0.0449,0.1743,0.0895,BCC+FCC
1,6.922,12.84,0.0483,0.1895,0.0943,BCC+FCC
1,6.9875,12.08,0.0453,0.1765,0.0884,BCC+FCC
1,7.5515,14.31,0.0452,0.1736,0.0908,BCC+FCC
1,7.059,13.925,0.0564,0.2156,0.0985,BCC+FCC
1,7.1765,13.93,0.0476,0.1898,0.0941,BCC+FCC
1,7.517,14.03,0.049,0.1808,0.0913,BCC+FCC
1,7.039,13.5,0.0468,0.1852,0.0939,BCC+FCC
1,7.345,13.32,0.0522,0.1881,0.0913,BCC+FCC
1,7.2935,13.245,0.0502,0.1846,0.0907,BCC+FCC
1,7.2075,12.89,0.0501,0.1849,0.0903,BCC+FCC
1,7.1215,12.535,0.0489,0.1832,0.0897,BCC+FCC
1,7.07,12.46,0.0465,0.1768,0.0889,BCC+FCC
1,6.984,12.105,0.044,0.1714,0.088,BCC+FCC
1,6.9495,11.825,0.0434,0.1729,0.0879,BCC+FCC
1,7.379,14.255,0.0528,0.1986,0.095,BCC+FCC
1,6.901,13.725,0.0504,0.1992,0.0978,BCC+FCC
1,7.462,13.98,0.0465,0.1768,0.0907,BCC+FCC
1,7.19,13.75,0.0512,0.1956,0.0948,BCC+FCC
1,7.0355,13.525,0.046,0.1816,0.0936,BCC+FCC
1,7.2385,13.195,0.0473,0.1772,0.0898,BCC+FCC
1,7.187,13.12,0.0453,0.172,0.0891,BCC+FCC
1,7.1525,12.84,0.0468,0.1759,0.0893,BCC+FCC
1,7.0835,12.28,0.0481,0.182,0.0894,BCC+FCC
1,7.032,12.205,0.0454,0.1746,0.0885,BCC+FCC
1,7.118,13.905,0.0447,0.1794,0.0934,BCC+FCC
1,7.51,14.08,0.0473,0.1771,0.0909,BCC+FCC
1,7.407,13.93,0.0443,0.1718,0.09,BCC+FCC
1,7.3555,13.855,0.0429,0.1682,0.0895,BCC+FCC
1,7.424,13.725,0.0493,0.1808,0.0909,BCC+FCC
1,7.338,13.37,0.0503,0.1828,0.0907,BCC+FCC
1,7.1145,12.585,0.0466,0.1749,0.089,BCC+FCC
1,7.08,12.305,0.0468,0.1775,0.0891,BCC+FCC
1,7.3205,14.23,0.0499,0.1922,0.0945,BCC+FCC
1,7.2175,14.08,0.0469,0.1853,0.0939,BCC+FCC
1,7.2345,13.875,0.0512,0.1939,0.0948,BCC+FCC
1,7.4205,13.75,0.0485,0.1784,0.0907,BCC+FCC
1,7.3175,13.6,0.0451,0.1706,0.0896,BCC+FCC
1,7.0625,13.165,0.0507,0.1922,0.0949,BCC+FCC
1,7.2315,13.245,0.0454,0.1701,0.0892,BCC+FCC
1,7.2485,13.04,0.0491,0.1797,0.0901,BCC+FCC
1,7.197,12.965,0.0469,0.174,0.0894,BCC+FCC
1,7.1625,12.685,0.0478,0.1773,0.0895,BCC+FCC
1,7.066,14.22,0.0504,0.19,0.1012,BCC+FCC
1,6.963,14.07,0.0469,0.1831,0.0999,BCC+FCC
1,7.114,14.32,0.0513,0.1905,0.1015,BCC+FCC
1,6.9765,13.89,0.0503,0.189,0.1004,BCC+FCC
1,6.942,13.61,0.0522,0.1935,0.1004,BCC+FCC
1,6.873,14.395,0.0514,0.1998,0.1051,BCC+FCC
1,7.0935,14.55,0.0456,0.1796,0.1005,BCC+FCC
1,7.162,14.42,0.0522,0.191,0.1019,BCC+FCC
1,7.059,14.27,0.0487,0.1851,0.1007,BCC+FCC
1,7.0075,14.195,0.047,0.1813,0.1,BCC+FCC
1,6.9215,13.84,0.0474,0.1813,0.0993,BCC+FCC
1,6.87,13.765,0.0454,0.1758,0.0985,BCC+FCC
1,7.193,14.725,0.0478,0.1829,0.1014,BCC+FCC
1,6.8695,14.42,0.0506,0.1969,0.1048,BCC+FCC
1,7.21,14.52,0.0531,0.1913,0.1021,BCC+FCC
1,7.0725,14.09,0.0523,0.1912,0.1012,BCC+FCC
1,7.021,14.015,0.0504,0.1873,0.1005,BCC+FCC
1,6.918,13.865,0.0464,0.1777,0.099,BCC+FCC
1,6.8665,13.79,0.0444,0.1718,0.0982,BCC+FCC
1,7.038,13.81,0.0545,0.1959,0.1013,BCC+FCC
1,6.9865,13.735,0.0523,0.1918,0.1006,BCC+FCC
1,6.9005,13.38,0.0511,0.1905,0.0998,BCC+FCC
1,7.2925,14.9,0.0502,0.1851,0.1021,BCC+FCC
1,7.035,14.525,0.0427,0.1703,0.0993,BCC+FCC
1,6.8315,14.165,0.0515,0.1976,0.1049,BCC+FCC
1,7.052,14.32,0.0471,0.1796,0.1001,BCC+FCC
1,7.0005,14.245,0.0453,0.1751,0.0994,BCC+FCC
1,7.0175,14.04,0.0494,0.1843,0.1002,BCC+FCC
1,6.966,13.965,0.0474,0.1795,0.0995,BCC+FCC
1,6.914,14.545,0.0507,0.1952,0.1049,BCC+FCC
1,7.203,14.57,0.0514,0.1872,0.1017,BCC+FCC
1,7.1,14.42,0.048,0.1807,0.1005,BCC+FCC
1,7.014,14.065,0.0485,0.1811,0.0999,BCC+FCC
1,6.9625,13.99,0.0465,0.1759,0.0991,BCC+FCC
1,6.945,13.505,0.0512,0.1888,0.0999,BCC+FCC
1,7.131,14.725,0.0442,0.1725,0.1,BCC+FCC
1,7.0965,14.445,0.0471,0.1778,0.1002,BCC+FCC
1,7.179,14.825,0.045,0.1735,0.1004,BCC+FCC
1,6.9725,13.835,0.048,0.1777,0.0993,BCC+FCC
1,6.79,15.015,0.0499,0.1907,0.1095,BCC+FCC
1,6.6835,14.89,0.0456,0.1793,0.1076,BCC+FCC
1,6.632,14.815,0.0439,0.1739,0.1068,BCC+FCC
1,6.5975,14.535,0.0455,0.1774,0.1066,BCC+FCC
1,6.6285,14.84,0.0431,0.1699,0.1064,BCC+FCC
1,6.6455,14.635,0.0465,0.1795,0.1071,BCC+FCC
1,6.594,14.56,0.0446,0.1732,0.1062,BCC+FCC
1,6.5425,14.485,0.0426,0.1659,0.1052,BCC+FCC
1,6.625,14.865,0.0422,0.1656,0.106,BCC+FCC
1,6.745,14.81,0.0495,0.1866,0.1085,BCC+FCC
1,6.6075,14.38,0.0466,0.1786,0.1066,BCC+FCC
1,6.879,15.265,0.0501,0.1874,0.1098,BCC+FCC
1,6.7245,15.04,0.0449,0.1739,0.1075,BCC+FCC
1,6.6385,14.685,0.0446,0.1713,0.1064,BCC+FCC
1,6.9785,15.44,0.0527,0.1912,0.1108,BCC+FCC
1,6.927,15.365,0.0509,0.1882,0.1102,BCC+FCC
1,6.721,15.065,0.044,0.1701,0.1071,BCC+FCC
1,6.841,15.01,0.0516,0.1894,0.1095,BCC+FCC
1,6.7895,14.935,0.0496,0.1849,0.1087,BCC+FCC
1,6.769,15.165,0.0449,0.172,0.1076,BCC+FCC
1,6.8375,15.035,0.0506,0.1863,0.1091,BCC+FCC
1,6.786,14.96,0.0487,0.1815,0.1083,BCC+FCC
1,6.9715,15.49,0.051,0.1865,0.1103,BCC+FCC
1,6.8685,15.34,0.0476,0.1787,0.1089,BCC+FCC
1,6.462,15.655,0.0468,0.1773,0.1146,BCC+FCC
1,6.51,15.755,0.0478,0.1795,0.1151,BCC+FCC
4,8.1295,12.685,0.0383,0.1798,0.1675,FCC
3,8.078,12.61,0.0362,0.1785,0.168,FCC
4,7.992,12.255,0.0372,0.1833,0.1696,FCC
4,8.222,12.91,0.0382,0.1778,0.1667,FCC
4,8.0675,12.685,0.0323,0.173,0.1684,FCC
4,8.27,13.01,0.0383,0.1774,0.1663,FCC
4,8.2185,12.935,0.0372,0.1764,0.1669,FCC
4,8.167,12.86,0.0356,0.175,0.1674,FCC
4,8.064,12.71,0.0318,0.1709,0.1685,FCC
4,8.318,13.11,0.0382,0.177,0.1658,FCC
2,8.2665,13.035,0.0375,0.1761,0.1664,FCC
4,8.215,12.96,0.0363,0.1749,0.167,FCC
2,8.112,12.81,0.0324,0.1712,0.1681,FCC
4,8.0605,12.735,0.0314,0.1686,0.1686,FCC
4,8.026,12.455,0.0358,0.1748,0.1696,FCC
2,8.4175,13.285,0.0376,0.1766,0.1648,FCC
2,8.366,13.21,0.0378,0.1764,0.1654,FCC
1,8.3145,13.135,0.0375,0.1757,0.166,FCC
2,8.263,13.06,0.0366,0.1747,0.1666,FCC
3,8.16,12.91,0.0335,0.1714,0.1677,FCC
4,8.1085,12.835,0.0318,0.1691,0.1682,FCC
4,8.483,12.57,0.0387,0.2109,0.1917,FCC
1,7.54,11.885,0.0429,0.1723,0.105,BCC+FCC
3,7.924,12.355,0.0359,0.1421,0.0741,FCC
1,7.454,11.53,0.0438,0.172,0.107,BCC+FCC
4,7.8155,12.41,0.0335,0.1472,0.0866,FCC
4,7.955,12.66,0.032,0.1309,0.0729,FCC
3,8.0545,12.835,0.0336,0.1323,0.0726,FCC
4,8.003,12.76,0.0324,0.1308,0.0727,FCC
3,7.812,12.435,0.032,0.1446,0.0866,FCC
3,7.9515,12.685,0.0306,0.1287,0.0728,FCC
3,7.9685,12.48,0.0353,0.14,0.0739,FCC
1,7.493,11.86,0.0469,0.1791,0.1104,BCC+FCC
3,8.051,12.86,0.0325,0.1305,0.0726,FCC
1,7.4415,11.785,0.0451,0.1735,0.1112,BCC+FCC
3,7.9995,12.785,0.0312,0.1287,0.0726,FCC
1,7.5465,11.755,0.0447,0.1718,0.1062,BCC+FCC
1,7.495,11.68,0.043,0.1662,0.1068,BCC+FCC
4,7.9135,12.43,0.0319,0.1351,0.0738,FCC
1,7.541,11.96,0.0478,0.1808,0.1098,BCC+FCC
4,8.099,12.96,0.0324,0.13,0.0724,FCC
1,7.4895,11.885,0.046,0.1755,0.1106,BCC+FCC
3,8.0475,12.885,0.0315,0.1285,0.0725,FCC
4,7.996,12.81,0.03,0.1264,0.0726,FCC
4,7.9615,12.53,0.0329,0.1354,0.0737,FCC
4,7.91,12.455,0.0306,0.1324,0.0737,FCC
2,8.1985,13.135,0.0322,0.1303,0.072,FCC
1,7.5375,11.985,0.0469,0.1773,0.11,BCC+FCC
4,8.0955,12.985,0.0315,0.1282,0.0723,FCC
3,7.9925,12.835,0.0288,0.1239,0.0725,FCC
3,7.941,12.76,0.0267,0.1209,0.0725,FCC
4,8.061,12.705,0.035,0.1377,0.0735,FCC
3,8.0095,12.63,0.0336,0.1356,0.0736,FCC
3,8.2465,13.235,0.0312,0.1294,0.0717,FCC
1,7.637,12.16,0.0496,0.1836,0.1085,BCC+FCC
1,8.195,13.16,0.0315,0.1288,0.0719,FCC
1,8.1435,13.085,0.0313,0.1278,0.0721,FCC
2,8.092,13.01,0.0305,0.1262,0.0722,FCC
2,8.0405,12.935,0.0293,0.124,0.0723,FCC
1,7.5875,11.905,0.044,0.1662,0.106,BCC+FCC
1,8.2945,13.335,0.03,0.1284,0.0714,FCC
4,8.243,13.26,0.0306,0.128,0.0717,FCC
1,8.1915,13.185,0.0308,0.1272,0.0719,FCC
2,8.14,13.11,0.0304,0.1259,0.0721,FCC
4,8.0885,13.035,0.0296,0.124,0.0722,FCC
4,8.037,12.96,0.0283,0.1215,0.0722,FCC
3,7.9855,12.885,0.0264,0.1184,0.0723,FCC
1,7.281,12.475,0.0468,0.181,0.1186,BCC+FCC
1,7.4205,12.725,0.0434,0.1728,0.1107,BCC+FCC
4,7.6995,13.225,0.0367,0.1475,0.0882,FCC
1,7.283,12.295,0.0429,0.1685,0.1123,BCC+FCC
1,7.3515,12.165,0.0487,0.1829,0.1128,BCC+FCC
1,7.491,12.415,0.046,0.1742,0.1026,BCC+FCC
1,7.109,11.765,0.0457,0.1759,0.1216,BCC+FCC
1,7.0575,11.69,0.0434,0.168,0.122,BCC+FCC
1,7.197,11.94,0.0428,0.1661,0.1134,BCC+FCC
1,7.3535,11.985,0.0448,0.1707,0.1035,BCC+FCC
1,7.302,11.91,0.0428,0.1651,0.1034,BCC+FCC
1,7.1815,11.275,0.0427,0.1647,0.1046,BCC+FCC
1,7.432,12.725,0.0511,0.1902,0.1172,BCC+FCC
1,7.52,12.9,0.0457,0.1769,0.1101,BCC+FCC
1,7.4685,12.825,0.0442,0.1737,0.1104,BCC+FCC
1,7.625,12.87,0.0449,0.1715,0.1015,BCC+FCC
1,7.348,12.19,0.0478,0.1796,0.1128,BCC+FCC
1,7.157,11.865,0.0468,0.1785,0.1213,BCC+FCC
1,7.054,11.715,0.0424,0.1625,0.122,BCC+FCC
1,7.5925,12.41,0.0448,0.1668,0.0903,BCC+FCC
1,7.568,13,0.0464,0.1775,0.1097,BCC+FCC
1,7.377,12.675,0.0486,0.1837,0.1178,BCC+FCC
1,7.5165,12.925,0.045,0.1745,0.1101,BCC+FCC
1,7.465,12.85,0.0435,0.171,0.1104,BCC+FCC
4,7.641,13.2,0.0315,0.1401,0.0878,FCC
1,7.5335,12.72,0.0499,0.1834,0.1109,BCC+FCC
1,7.6215,12.895,0.0442,0.1693,0.1015,BCC+FCC
1,7.188,12.17,0.0448,0.1712,0.1203,BCC+FCC
1,7.1365,12.095,0.0429,0.1638,0.1207,BCC+FCC
1,7.587,12.615,0.0478,0.1756,0.1024,BCC+FCC
1,7.5355,12.54,0.046,0.1724,0.1025,BCC+FCC
1,7.6405,12.51,0.0457,0.1675,0.0904,BCC+FCC
1,7.31,11.935,0.0484,0.1801,0.1137,BCC+FCC
1,7.2585,11.86,0.0462,0.1741,0.1139,BCC+FCC
1,7.398,12.11,0.0449,0.1688,0.1033,BCC+FCC
1,7.0675,11.535,0.0436,0.1675,0.1228,BCC+FCC
1,7.616,13.1,0.0472,0.1779,0.1094,BCC+FCC
1,7.425,12.775,0.0495,0.1849,0.1174,BCC+FCC
1,7.5645,13.025,0.0457,0.1752,0.1098,BCC+FCC
4,7.689,13.3,0.0328,0.1406,0.0879,FCC
1,7.5815,12.82,0.0508,0.184,0.1106,BCC+FCC
1,7.3905,12.495,0.0518,0.1896,0.1186,BCC+FCC
1,7.6695,12.995,0.0449,0.1697,0.1013,BCC+FCC
1,7.618,12.92,0.0434,0.167,0.1014,BCC+FCC
1,7.2875,12.345,0.0478,0.1797,0.1196,BCC+FCC
1,7.236,12.27,0.0459,0.1736,0.12,BCC+FCC
1,7.5835,12.64,0.0469,0.1732,0.1023,BCC+FCC
1,7.3925,12.315,0.0479,0.1778,0.1126,BCC+FCC
1,7.532,12.565,0.0452,0.1696,0.1024,BCC+FCC
1,7.2895,12.165,0.0439,0.1664,0.113,BCC+FCC
1,7.238,12.09,0.0419,0.1594,0.1132,BCC+FCC
1,7.3065,11.96,0.0473,0.1763,0.1137,BCC+FCC
1,7.1155,11.635,0.0449,0.171,0.1225,BCC+FCC
1,7.2035,11.81,0.0429,0.1622,0.1141,BCC+FCC
1,7.7155,13.275,0.0497,0.1802,0.1086,BCC+FCC
1,7.37,12.725,0.0469,0.1774,0.118,BCC+FCC
1,7.578,12.845,0.05,0.1817,0.1106,BCC+FCC
1,7.7175,13.095,0.0459,0.17,0.1011,BCC+FCC
1,7.387,12.52,0.0508,0.1865,0.1187,BCC+FCC
1,7.284,12.37,0.0469,0.1758,0.1196,BCC+FCC
1,7.683,12.815,0.0496,0.1766,0.1021,BCC+FCC
1,7.8225,13.065,0.0454,0.1632,0.0898,BCC+FCC
1,7.492,12.49,0.0509,0.1836,0.112,BCC+FCC
1,7.58,12.665,0.0461,0.1705,0.1023,BCC+FCC
1,7.2495,12.09,0.0481,0.1791,0.1207,BCC+FCC
1,7.286,12.19,0.043,0.162,0.113,BCC+FCC
1,7.1825,11.35,0.0444,0.1694,0.1156,BCC+FCC
1,7.6605,13.225,0.0473,0.1762,0.1091,BCC+FCC
1,7.8,13.475,0.043,0.1627,0.0998,BCC+FCC
1,7.418,12.825,0.0478,0.1789,0.1176,BCC+FCC
1,7.5575,13.075,0.0443,0.1701,0.1099,BCC+FCC
1,7.523,12.795,0.0474,0.1756,0.111,BCC+FCC
1,7.6795,12.84,0.0487,0.1744,0.102,BCC+FCC
1,7.628,12.765,0.047,0.1714,0.1022,BCC+FCC
1,7.158,11.94,0.0491,0.1835,0.1269,BCC+FCC
1,7.437,12.44,0.0479,0.176,0.1123,BCC+FCC
1,7.5765,12.69,0.0453,0.1677,0.1023,BCC+FCC
1,7.2115,11.835,0.0474,0.1771,0.1219,BCC+FCC
1,7.265,11.73,0.0458,0.1705,0.1146,BCC+FCC
1,7.353,11.905,0.0434,0.1605,0.1038,BCC+FCC
1,7.2305,11.45,0.0459,0.1727,0.1155,BCC+FCC
1,7.3185,11.625,0.0442,0.1635,0.1044,BCC+FCC
1,7.7085,13.325,0.048,0.1765,0.1088,BCC+FCC
1,7.7965,13.5,0.0421,0.1609,0.0998,BCC+FCC
1,7.6225,12.97,0.05,0.18,0.1103,BCC+FCC
1,7.38,12.57,0.0489,0.1797,0.1189,BCC+FCC
1,7.3285,12.495,0.047,0.1739,0.1193,BCC+FCC
1,7.5365,12.615,0.0509,0.1818,0.1118,BCC+FCC
1,7.382,12.39,0.045,0.1667,0.1126,BCC+FCC
1,7.5385,12.435,0.047,0.1699,0.103,BCC+FCC
1,7.4525,12.08,0.0468,0.1692,0.1038,BCC+FCC
1,7.705,13.35,0.0473,0.1744,0.1088,BCC+FCC
1,7.8445,13.6,0.0425,0.1609,0.0996,BCC+FCC
1,7.6535,13.275,0.0458,0.1716,0.1092,BCC+FCC
1,7.602,13.2,0.0444,0.1682,0.1096,BCC+FCC
1,7.3935,12.39,0.0515,0.1853,0.1197,BCC+FCC
1,7.533,12.64,0.05,0.1788,0.1118,BCC+FCC
1,7.6725,12.89,0.0471,0.1695,0.102,BCC+FCC
1,7.4815,12.565,0.048,0.1742,0.1121,BCC+FCC
1,7.447,12.285,0.0497,0.1783,0.1131,BCC+FCC
1,7.5865,12.535,0.048,0.1712,0.1029,BCC+FCC
1,7.301,13.565,0.044,0.1726,0.1128,BCC+FCC
1,7.129,12.855,0.046,0.1746,0.114,BCC+FCC
1,6.938,12.53,0.0449,0.1726,0.1244,BCC+FCC
1,7.146,12.65,0.0498,0.1839,0.1147,BCC+FCC
1,7.043,12.5,0.0454,0.1726,0.1143,BCC+FCC
1,7.148,12.47,0.0458,0.1714,0.1011,BCC+FCC
1,6.8175,11.895,0.0424,0.1674,0.1257,BCC+FCC
1,7.2095,13.415,0.0485,0.1832,0.1224,BCC+FCC
1,7.158,13.34,0.0468,0.179,0.1225,BCC+FCC
1,7.2975,13.59,0.0433,0.17,0.1128,BCC+FCC
1,7.4025,13.56,0.0425,0.165,0.1011,BCC+FCC
1,7.3315,13.18,0.0529,0.1879,0.1142,BCC+FCC
1,7.089,12.78,0.0505,0.1874,0.1242,BCC+FCC
1,7.177,12.955,0.047,0.1762,0.114,BCC+FCC
1,7.3335,13,0.049,0.177,0.102,BCC+FCC
1,7.2305,12.85,0.045,0.1686,0.1011,BCC+FCC
1,7.0585,12.14,0.0433,0.1641,0.1005,BCC+FCC
1,7.3455,13.69,0.044,0.1708,0.1127,BCC+FCC
1,7.414,13.56,0.0508,0.1826,0.1134,BCC+FCC
1,7.223,13.235,0.0519,0.1892,0.123,BCC+FCC
1,7.328,13.205,0.052,0.1855,0.1141,BCC+FCC
1,7.4675,13.455,0.0486,0.1747,0.102,BCC+FCC
1,7.242,12.85,0.0521,0.1867,0.1147,BCC+FCC
1,7.1905,12.775,0.0499,0.1821,0.1146,BCC+FCC
1,7.2785,12.95,0.0461,0.1701,0.1013,BCC+FCC
1,7.0185,12.065,0.0465,0.1763,0.1153,BCC+FCC
1,6.896,11.61,0.0463,0.1857,0.1269,BCC+FCC
1,6.984,11.785,0.0461,0.1783,0.1157,BCC+FCC
1,7.072,11.96,0.045,0.1696,0.101,BCC+FCC
1,7.254,13.54,0.0486,0.1814,0.1222,BCC+FCC
1,7.342,13.715,0.0433,0.1682,0.1126,BCC+FCC
1,7.2195,13.26,0.051,0.1863,0.123,BCC+FCC
1,7.168,13.185,0.049,0.1817,0.1232,BCC+FCC
1,7.447,13.685,0.0425,0.1631,0.101,BCC+FCC
1,7.5155,13.555,0.0495,0.175,0.1021,BCC+FCC
1,7.464,13.48,0.0478,0.1725,0.1018,BCC+FCC
1,7.361,13.33,0.0443,0.1658,0.1012,BCC+FCC
1,7.1355,12.725,0.0466,0.1729,0.1143,BCC+FCC
1,7.101,12.445,0.0475,0.1763,0.1149,BCC+FCC
1,7.206,12.415,0.0484,0.1754,0.1017,BCC+FCC
1,6.8925,11.635,0.0448,0.1802,0.1269,BCC+FCC
1,6.9805,11.81,0.0447,0.1731,0.1155,BCC+FCC
1,7.034,11.705,0.0434,0.1667,0.1008,BCC+FCC
1,7.5445,14.04,0.0488,0.1765,0.1124,BCC+FCC
1,7.581,14.14,0.0417,0.1586,0.1008,BCC+FCC
1,7.3385,13.74,0.0426,0.1654,0.1126,BCC+FCC
1,7.598,13.935,0.0467,0.168,0.1016,BCC+FCC
1,7.495,13.785,0.0433,0.1636,0.1011,BCC+FCC
1,7.201,13.31,0.0422,0.1609,0.1131,BCC+FCC
1,7.3725,13.33,0.052,0.1838,0.114,BCC+FCC
1,7.2695,13.18,0.0481,0.1758,0.1139,BCC+FCC
1,7.3575,13.355,0.0435,0.1628,0.101,BCC+FCC
1,7.1665,13.03,0.0441,0.1651,0.1137,BCC+FCC
1,7.426,13.225,0.0501,0.1761,0.1021,BCC+FCC
1,7.1835,12.825,0.0477,0.1749,0.1144,BCC+FCC
1,7.2025,12.44,0.0472,0.1715,0.1015,BCC+FCC
1,7.082,11.805,0.0449,0.1699,0.1012,BCC+FCC
1,7.6805,14.315,0.043,0.1601,0.101,BCC+FCC
1,7.247,13.59,0.0469,0.1754,0.1222,BCC+FCC
1,7.3155,13.46,0.053,0.1885,0.1227,BCC+FCC
1,7.352,13.56,0.0465,0.172,0.1132,BCC+FCC
1,7.3005,13.485,0.0448,0.1677,0.1132,BCC+FCC
1,7.369,13.355,0.0511,0.1811,0.1139,BCC+FCC
1,7.3175,13.28,0.0491,0.1772,0.1139,BCC+FCC
1,7.266,13.205,0.0471,0.1725,0.1138,BCC+FCC
1,7.4055,13.455,0.0444,0.1639,0.1011,BCC+FCC
1,7.4225,13.25,0.0491,0.1734,0.1019,BCC+FCC
1,7.1285,12.775,0.0445,0.1643,0.1141,BCC+FCC
1,7.2335,12.745,0.0449,0.1636,0.101,BCC+FCC
1,7.2505,12.54,0.0484,0.1735,0.1018,BCC+FCC
1,7.0595,12.215,0.0453,0.1695,0.1151,BCC+FCC
1,7.486,14.015,0.0456,0.1702,0.1124,BCC+FCC
1,7.2435,13.615,0.0461,0.172,0.1222,BCC+FCC
1,7.383,13.865,0.0427,0.1634,0.1124,BCC+FCC
1,7.1725,13.235,0.0536,0.1924,0.1304,BCC+FCC
1,7.2605,13.41,0.0501,0.1814,0.1228,BCC+FCC
1,7.5395,13.91,0.0433,0.1617,0.1011,BCC+FCC
1,7.3655,13.38,0.0501,0.1783,0.1139,BCC+FCC
1,7.314,13.305,0.0482,0.174,0.1138,BCC+FCC
1,7.2795,13.025,0.05,0.1785,0.1144,BCC+FCC
1,7.333,12.92,0.0483,0.1711,0.1017,BCC+FCC
1,7.2815,12.845,0.046,0.1657,0.1013,BCC+FCC
1,7.1955,12.49,0.0448,0.1628,0.101,BCC+FCC
1,7.534,14.115,0.0464,0.1706,0.1123,BCC+FCC
1,7.343,13.79,0.0487,0.1779,0.1218,BCC+FCC
1,7.4825,14.04,0.0449,0.1678,0.1123,BCC+FCC
1,7.1175,13.185,0.0503,0.183,0.1308,BCC+FCC
1,7.257,13.435,0.0492,0.1781,0.1228,BCC+FCC
1,7.536,13.935,0.0426,0.1593,0.1009,BCC+FCC
1,7.3985,13.505,0.0427,0.1576,0.1008,BCC+FCC
1,7.2245,12.975,0.0468,0.1691,0.1142,BCC+FCC
1,7.364,13.225,0.0453,0.1629,0.1011,BCC+FCC
1,7.2435,12.59,0.0461,0.1653,0.1013,BCC+FCC
1,7.13,14.33,0.043,0.1689,0.1108,BCC+FCC
1,7.0075,13.875,0.0511,0.1875,0.1237,BCC+FCC
1,7.147,14.125,0.0481,0.178,0.1115,BCC+FCC
1,7.0955,14.05,0.0464,0.1748,0.1111,BCC+FCC
1,6.9235,13.34,0.0468,0.1753,0.1104,BCC+FCC
1,7.006,13.72,0.0462,0.1727,0.1106,BCC+FCC
1,7.023,13.515,0.0502,0.182,0.1113,BCC+FCC
1,7.138,14.355,0.0503,0.184,0.1232,BCC+FCC
1,7.243,14.325,0.0499,0.179,0.1119,BCC+FCC
1,7.0885,14.1,0.0447,0.1691,0.1107,BCC+FCC
1,7.037,14.025,0.043,0.1645,0.1102,BCC+FCC
1,7.054,13.82,0.0472,0.1742,0.1109,BCC+FCC
1,7.0025,13.745,0.0452,0.1692,0.1103,BCC+FCC
1,6.968,13.465,0.0469,0.1734,0.1105,BCC+FCC
1,7.3255,14.705,0.0472,0.1726,0.1117,BCC+FCC
1,7.1515,14.175,0.0541,0.1902,0.1238,BCC+FCC
1,7.2395,14.35,0.0491,0.1768,0.1117,BCC+FCC
1,7.0655,13.82,0.0543,0.1917,0.1242,BCC+FCC
1,7.119,13.715,0.0525,0.1845,0.1119,BCC+FCC
1,6.9815,13.285,0.0493,0.1791,0.111,BCC+FCC
1,7.322,14.73,0.0463,0.1707,0.1115,BCC+FCC
1,7.219,14.58,0.0431,0.1651,0.1108,BCC+FCC
1,7.0965,14.125,0.0512,0.1841,0.1236,BCC+FCC
1,6.9935,13.975,0.0473,0.1748,0.1232,BCC+FCC
1,7.0105,13.77,0.051,0.1841,0.1239,BCC+FCC
1,7.15,14.02,0.0493,0.1766,0.1114,BCC+FCC
1,7.047,13.87,0.0453,0.1673,0.1104,BCC+FCC
1,7.064,13.665,0.0492,0.1769,0.1111,BCC+FCC
1,7.0125,13.59,0.047,0.1715,0.1106,BCC+FCC
1,6.892,12.955,0.046,0.1712,0.1101,BCC+FCC
1,7.1275,14.43,0.0478,0.1761,0.123,BCC+FCC
1,7.267,14.68,0.0439,0.1658,0.111,BCC+FCC
1,7.2155,14.605,0.0424,0.1624,0.1106,BCC+FCC
1,7.284,14.475,0.0491,0.1751,0.1117,BCC+FCC
1,7.093,14.15,0.0503,0.1811,0.1235,BCC+FCC
1,7.2325,14.4,0.0474,0.172,0.1114,BCC+FCC
1,6.8505,13.75,0.0473,0.175,0.1334,BCC+FCC
1,6.904,13.645,0.0455,0.1681,0.1233,BCC+FCC
1,6.992,13.82,0.0424,0.1573,0.1096,BCC+FCC
1,7.112,13.765,0.0504,0.1784,0.1114,BCC+FCC
1,7.0605,13.69,0.0482,0.1734,0.1109,BCC+FCC
1,7.315,14.78,0.0447,0.1663,0.1112,BCC+FCC
1,7.0725,14.38,0.0452,0.1685,0.1227,BCC+FCC
1,7.212,14.63,0.0417,0.1596,0.1104,BCC+FCC
1,7.141,14.25,0.0513,0.1823,0.1235,BCC+FCC
1,7.2805,14.5,0.0483,0.1727,0.1116,BCC+FCC
1,7.0895,14.175,0.0493,0.178,0.1234,BCC+FCC
1,7.038,14.1,0.0473,0.1729,0.1232,BCC+FCC
1,6.9865,14.025,0.0454,0.1671,0.123,BCC+FCC
1,7.126,14.275,0.0431,0.1606,0.1103,BCC+FCC
1,6.952,13.745,0.0467,0.1706,0.1234,BCC+FCC
1,7.04,13.92,0.0434,0.1595,0.1099,BCC+FCC
1,7.277,14.525,0.0474,0.1701,0.1114,BCC+FCC
1,7.086,14.2,0.0484,0.1746,0.1233,BCC+FCC
1,7.2255,14.45,0.0457,0.1664,0.111,BCC+FCC
1,7.0345,14.125,0.0464,0.1691,0.1231,BCC+FCC
1,7.174,14.375,0.044,0.162,0.1105,BCC+FCC
1,7,13.845,0.0478,0.1729,0.1235,BCC+FCC
1,7.105,13.815,0.0482,0.1715,0.111,BCC+FCC
1,6.871,14.92,0.0476,0.1789,0.1197,BCC+FCC
1,6.8365,14.64,0.0503,0.1841,0.1198,BCC+FCC
1,6.919,15.02,0.0485,0.1798,0.12,BCC+FCC
1,6.816,14.87,0.045,0.172,0.1189,BCC+FCC
1,6.881,14.765,0.0503,0.1824,0.1199,BCC+FCC
1,6.778,14.615,0.0464,0.1732,0.1187,BCC+FCC
1,6.518,13.73,0.0455,0.1748,0.1317,BCC+FCC
1,6.929,14.865,0.0514,0.1834,0.1202,BCC+FCC
1,6.7745,14.64,0.0454,0.1695,0.1184,BCC+FCC
1,6.843,14.51,0.0514,0.1841,0.1197,BCC+FCC
1,6.8225,14.74,0.0465,0.1713,0.1188,BCC+FCC
1,6.8395,14.535,0.0503,0.1808,0.1195,BCC+FCC
1,6.9565,15.195,0.0469,0.1725,0.1196,BCC+FCC
1,6.7845,14.485,0.047,0.1714,0.1186,BCC+FCC
1,6.8155,14.79,0.0446,0.1635,0.1183,BCC+FCC
1,6.781,14.51,0.0459,0.1672,0.1183,BCC+FCC
1,7.001,15.32,0.047,0.1707,0.1197,BCC+FCC
1,6.827,14.79,0.0511,0.1825,0.1322,BCC+FCC
1,6.829,14.61,0.0471,0.1695,0.1187,BCC+FCC
1,7.8205,15.63,0.0315,0.1236,0.1709,FCC
1,7.7895,15.06,0.0273,0.117,0.1587,FCC
4,7.666,15.405,0.025,0.1076,0.1672,FCC
2,7.738,14.985,0.0256,0.112,0.1576,FCC
1,7.683,15.2,0.0298,0.1214,0.1677,FCC
1,7.755,14.78,0.0308,0.1251,0.1581,FCC
1,7.597,14.845,0.0295,0.1209,0.1654,FCC
1,7.5625,14.565,0.0309,0.1262,0.1644,FCC
1,7.833,12.4,0.0453,0.1598,0.1134,BCC+FCC
1,7.7965,16.15,0.0315,0.1224,0.1798,FCC
1,7.8685,15.73,0.0329,0.1243,0.1717,FCC
1,7.673,16.495,0.0278,0.1126,0.1844,FCC
1,7.745,16.075,0.0293,0.1173,0.1784,FCC
1,7.817,15.655,0.03,0.1203,0.1705,FCC
1,7.889,15.235,0.0318,0.1218,0.1604,FCC
1,7.69,16.29,0.0323,0.1259,0.1848,FCC
1,7.6385,16.215,0.0296,0.1192,0.1831,FCC
1,7.659,15.72,0.0293,0.1181,0.176,FCC
1,7.8235,14.385,0.0301,0.1242,0.1459,FCC
1,7.7,14.73,0.0278,0.1155,0.1566,FCC
1,7.604,15.935,0.0308,0.1249,0.1818,FCC
1,7.748,15.095,0.0357,0.1352,0.1689,FCC
1,7.504,14.805,0.0293,0.1249,0.1709,FCC
1,7.576,14.385,0.0332,0.1337,0.1644,FCC
1,7.9165,15.83,0.0341,0.1248,0.1724,FCC
1,8.009,14.915,0.0334,0.1219,0.1486,FCC
1,7.8135,15.68,0.029,0.1166,0.1701,FCC
1,7.834,15.185,0.0274,0.1144,0.159,FCC
4,8.019,13.355,0.0278,0.1097,0.0886,FCC
1,7.6865,16.315,0.031,0.1214,0.1842,FCC
1,7.8305,15.475,0.0343,0.1293,0.1705,FCC
1,7.707,15.82,0.0306,0.1202,0.1769,FCC
1,7.851,14.98,0.0328,0.1272,0.1595,FCC
1,7.7275,15.325,0.0298,0.1188,0.168,FCC
1,7.748,14.83,0.0288,0.1172,0.1573,FCC
1,7.82,14.41,0.0293,0.1207,0.1455,FCC
1,7.6965,14.755,0.0269,0.1107,0.1561,FCC
1,7.652,16.035,0.0324,0.1273,0.1829,FCC
1,7.724,15.615,0.0351,0.1328,0.1774,FCC
1,7.7135,14.55,0.0315,0.1242,0.1566,FCC
1,7.734,14.055,0.0306,0.1229,0.1441,FCC
1,7.5865,15.185,0.0306,0.1241,0.1732,FCC
1,7.552,14.905,0.031,0.1283,0.172,FCC
1,7.841,16.275,0.0316,0.1199,0.1802,FCC
1,7.985,15.435,0.0336,0.1224,0.1617,FCC
1,7.8615,15.78,0.03,0.1177,0.1708,FCC
1,7.9335,15.36,0.0315,0.1193,0.1607,FCC
1,7.954,14.865,0.0303,0.1165,0.1474,FCC
4,7.8305,15.21,0.0265,0.1106,0.1586,FCC
4,7.779,15.135,0.0248,0.1048,0.1575,FCC
4,8.0155,13.38,0.0265,0.1072,0.0883,FCC
1,7.683,16.34,0.0297,0.1165,0.1836,FCC
1,7.7755,15.425,0.031,0.1205,0.1688,FCC
1,7.8475,15.005,0.0318,0.1238,0.1591,FCC
1,7.6485,16.06,0.0309,0.1223,0.1823,FCC
1,7.741,15.145,0.0333,0.1273,0.168,FCC
1,7.8785,15.31,0.0275,0.1118,0.1593,FCC
1,7.827,15.235,0.0257,0.1064,0.1582,FCC
1,7.899,14.815,0.0264,0.1093,0.1462,FCC
2,8.012,13.405,0.0252,0.1043,0.0881,FCC
1,7.7515,15.945,0.0306,0.1176,0.1774,FCC
1,7.8235,15.525,0.0321,0.122,0.1696,FCC
1,7.7925,14.955,0.0289,0.1146,0.1576,FCC
1,7.978,15.485,0.0312,0.1167,0.1609,FCC
2,8.0085,13.43,0.0239,0.1012,0.0878,FCC
4,7.8365,12.72,0.0259,0.111,0.0869,FCC
4,8.0565,13.53,0.0245,0.1015,0.0881,FCC
4,8.005,13.455,0.0226,0.0978,0.0875,FCC
2,8.1045,13.63,0.0248,0.1015,0.0884,FCC
4,8.053,13.555,0.0233,0.0983,0.0878,FCC
4,8.0015,13.48,0.0213,0.0941,0.0873,FCC
1,7.4585,16.07,0.0308,0.1269,0.1704,FCC
1,7.5945,12.495,0.048,0.1689,0.1003,BCC+FCC
1,7.414,17.085,0.0305,0.1246,0.1841,FCC
1,7.5785,15.75,0.0329,0.1319,0.1627,FCC
1,7.2935,16.45,0.0289,0.1258,0.1792,FCC
1,7.677,12.875,0.0461,0.1632,0.1008,BCC+FCC
1,7.5535,13.22,0.043,0.1577,0.1196,BCC+FCC
1,7.5395,12.445,0.0447,0.1621,0.0991,BCC+FCC
1,7.575,15.775,0.032,0.1284,0.1622,FCC
1,7.448,16.41,0.0332,0.1316,0.1777,FCC
1,7.3965,16.335,0.0305,0.1243,0.1761,FCC
1,7.708,13.18,0.0417,0.1538,0.1004,BCC+FCC
1,7.551,16.295,0.0321,0.1261,0.1717,FCC
1,7.584,12.57,0.0447,0.1602,0.0992,BCC+FCC
1,7.6425,13.47,0.0432,0.1537,0.12,BCC+FCC
1,7.5565,13.115,0.0429,0.1542,0.1187,BCC+FCC
1,7.367,14.345,0.0424,0.1592,0.1268,BCC+FCC
1,7.439,13.925,0.0428,0.1606,0.109,BCC+FCC
1,7.3495,13.86,0.0498,0.1747,0.127,BCC+FCC
1,7.2465,13.71,0.0448,0.1661,0.1249,BCC+FCC
1,7.1915,13.925,0.0457,0.1713,0.1389,BCC+FCC
1,7.2635,13.505,0.0489,0.1757,0.1255,BCC+FCC
1,7.3355,13.085,0.0513,0.1788,0.1085,BCC+FCC
1,7.2495,12.73,0.0502,0.1794,0.1072,BCC+FCC
1,7.5215,14.305,0.041,0.1536,0.1095,BCC+FCC
1,7.4355,13.95,0.0419,0.1581,0.1087,BCC+FCC
1,7.432,14.24,0.0485,0.1695,0.128,BCC+FCC
1,7.346,13.885,0.0486,0.1718,0.1266,BCC+FCC
1,7.2635,13.24,0.0435,0.1617,0.1064,BCC+FCC
1,7.332,13.11,0.0501,0.1759,0.1081,BCC+FCC
1,7.549,14.9,0.0433,0.1561,0.129,BCC+FCC
1,7.463,14.545,0.0445,0.1606,0.1279,BCC+FCC
1,7.4835,14.05,0.0428,0.1587,0.1091,BCC+FCC
1,7.377,14.19,0.0452,0.1633,0.1266,BCC+FCC
1,7.3975,13.695,0.0443,0.1619,0.1082,BCC+FCC
1,7.346,13.62,0.0423,0.1578,0.1072,BCC+FCC
1,7.4145,13.49,0.0491,0.1714,0.1089,BCC+FCC
1,7.6175,14.505,0.0423,0.1537,0.1104,BCC+FCC
1,7.394,13.72,0.0433,0.1589,0.1078,BCC+FCC
1,7.253,13.58,0.045,0.165,0.1243,BCC+FCC
1,7.614,14.53,0.0414,0.1517,0.1101,BCC+FCC
1,7.5795,14.25,0.0448,0.1594,0.1101,BCC+FCC
1,7.442,13.82,0.0444,0.1599,0.1083,BCC+FCC
1,7.3355,13.96,0.045,0.1622,0.1255,BCC+FCC
1,7.4075,13.54,0.047,0.1657,0.1082,BCC+FCC
1,7.418,14.34,0.0442,0.1583,0.1265,BCC+FCC
1,7.49,13.92,0.0454,0.1608,0.1089,BCC+FCC
1,7.5725,14.3,0.043,0.1548,0.1094,BCC+FCC
1,7.521,14.225,0.0412,0.1515,0.1086,BCC+FCC
1,7.349,13.515,0.0426,0.1539,0.1064,BCC+FCC
1,7.655,14.68,0.0401,0.1476,0.1099,BCC+FCC
1,7.311,13.26,0.0429,0.1542,0.1057,BCC+FCC
1,7.163,14.72,0.0423,0.1621,0.1157,BCC+FCC
1,7.139,15.505,0.0492,0.1746,0.1472,BCC+FCC
1,7.18,14.515,0.0473,0.1716,0.1164,BCC+FCC
1,7.0255,14.29,0.0414,0.1594,0.1134,BCC+FCC
1,7.0595,13.88,0.0498,0.1787,0.1147,BCC+FCC
1,7.025,13.6,0.0511,0.1832,0.1143,BCC+FCC
1,7.2625,14.895,0.0449,0.1657,0.1172,BCC+FCC
1,7.211,14.82,0.0432,0.1628,0.1163,BCC+FCC
1,7.1935,14.335,0.0512,0.1783,0.1167,BCC+FCC
1,7.142,14.26,0.049,0.1748,0.1157,BCC+FCC
1,7.0905,14.185,0.0468,0.1707,0.1147,BCC+FCC
1,6.9875,14.035,0.0423,0.1603,0.1125,BCC+FCC
1,7.29,15.49,0.0476,0.168,0.1349,BCC+FCC
1,7.3105,14.995,0.046,0.166,0.1177,BCC+FCC
1,7.2075,14.845,0.0424,0.1602,0.1159,BCC+FCC
1,7.173,14.565,0.0454,0.1663,0.1157,BCC+FCC
1,7.118,14.78,0.0483,0.173,0.132,BCC+FCC
1,7.0355,14.135,0.0435,0.1622,0.1132,BCC+FCC
1,7.3585,15.095,0.0469,0.1662,0.1182,BCC+FCC
1,7.221,14.665,0.0465,0.1672,0.1163,BCC+FCC
1,7.118,14.515,0.0425,0.1589,0.1143,BCC+FCC
1,7.1865,14.385,0.0491,0.173,0.116,BCC+FCC
1,6.9425,14.095,0.0434,0.1658,0.1278,BCC+FCC
1,7.0145,13.675,0.0472,0.1724,0.113,BCC+FCC
1,6.9285,13.32,0.0446,0.1688,0.1111,BCC+FCC
1,7.252,14.97,0.0424,0.1583,0.1161,BCC+FCC
1,7.1145,14.54,0.0416,0.1553,0.1139,BCC+FCC
1,7.1315,14.335,0.0458,0.1655,0.1145,BCC+FCC
1,7.097,14.055,0.0475,0.1702,0.1141,BCC+FCC
1,7.042,14.005,0.0438,0.1603,0.1126,BCC+FCC
1,7.2965,15.095,0.0425,0.1563,0.1163,BCC+FCC
1,7.159,14.665,0.0416,0.1533,0.1141,BCC+FCC
1,7.176,14.46,0.0459,0.1636,0.1148,BCC+FCC
1,7.09,14.105,0.0451,0.1625,0.1133,BCC+FCC
1,7.004,13.75,0.0432,0.1592,0.1116,BCC+FCC
1,7.3445,15.195,0.0434,0.157,0.1169,BCC+FCC
1,6.6115,13.965,0.0437,0.1715,0.1158,BCC+FCC
1,6.5735,13.71,0.0418,0.168,0.1144,BCC+FCC
1,6.914,15.155,0.049,0.176,0.1219,BCC+FCC
1,6.7765,14.725,0.0459,0.1704,0.119,BCC+FCC
1,6.976,16.03,0.0485,0.173,0.1384,BCC+FCC
1,6.9965,15.535,0.0476,0.1716,0.123,BCC+FCC
1,6.962,15.255,0.0501,0.1771,0.1225,BCC+FCC
2,6.9105,15.18,0.0479,0.1729,0.1215,BCC+FCC
1,6.8725,14.925,0.0484,0.1741,0.1205,BCC+FCC
1,7.041,15.66,0.0477,0.1697,0.1232,BCC+FCC
1,6.955,15.305,0.048,0.1711,0.1217,BCC+FCC
1,6.7795,14.62,0.0441,0.163,0.1177,BCC+FCC
1,6.948,15.355,0.0459,0.1642,0.1209,BCC+FCC
1,6.638,15.95,0.0478,0.1755,0.1264,BCC+FCC
1,6.6825,16.075,0.0479,0.1737,0.1268,BCC+FCC
1,7.7115,13.07,0.0434,0.1982,0.1224,BCC+FCC
1,7.408,13.535,0.0478,0.2084,0.1328,BCC+FCC
1,7.5075,13.71,0.0501,0.2121,0.1327,BCC+FCC
1,7.456,13.635,0.0486,0.2092,0.1327,BCC+FCC
1,7.6415,14.165,0.0485,0.209,0.1318,BCC+FCC
1,7.59,14.09,0.0473,0.2071,0.1319,BCC+FCC
1,7.5385,14.015,0.046,0.2048,0.132,BCC+FCC
2,9.3185,9.925,0.0966,0.5281,0.2432,IM
3,9.201,10.26,0.0973,0.5145,0.2418,IM
4,9.049,10.315,0.0944,0.4979,0.239,IM
2,8.6615,10.925,0.0827,0.4313,0.2243,IM
2,9.1655,10.86,0.0977,0.4875,0.2409,IM
4,9.131,10.58,0.0954,0.4867,0.2427,IM
3,9.0135,10.915,0.0936,0.4699,0.2392,IM
2,8.979,10.635,0.0916,0.4695,0.2408,IM
2,8.8615,10.97,0.0887,0.4519,0.2337,IM
2,9.061,10.9,0.0935,0.4579,0.2434,IM
4,8.9435,11.235,0.0918,0.4398,0.2407,IM
4,8.826,11.57,0.0891,0.4203,0.2347,IM
3,8.674,11.625,0.0828,0.4007,0.226,IM
2,8.874,11.67,0.0902,0.422,0.2338,IM
3,8.8105,11.25,0.0926,0.4819,0.2538,IM
3,8.8585,11.35,0.0936,0.485,0.2529,IM
1,7.223,11.45,0.0449,0.1739,0.1086,BCC+FCC
1,7.2765,11.345,0.0429,0.1673,0.1024,BCC+FCC
1,7.197,11.915,0.0474,0.1906,0.0845,BCC+FCC
1,7.3275,12.395,0.0476,0.1921,0.0826,BCC+FCC
1,7.5375,12.305,0.0433,0.1707,0.0982,BCC+FCC
1,7.503,12.025,0.0455,0.1746,0.0996,BCC+FCC
1,6.6175,11.135,0.043,0.1862,0.1366,BCC+FCC
1,6.59,11.125,0.0431,0.1914,0.1305,BCC+FCC
1,6.9295,11.76,0.0458,0.1793,0.1229,BCC+FCC
1,6.99,11.925,0.0446,0.1774,0.0972,BCC+FCC
1,6.914,11.095,0.042,0.1734,0.1181,BCC+FCC
1,6.8965,11.955,0.0489,0.1935,0.1166,BCC+FCC
1,6.95,11.85,0.0472,0.1878,0.1088,BCC+FCC
1,6.881,11.29,0.045,0.1883,0.1106,BCC+FCC
1,7.05,11.37,0.0433,0.1718,0.1077,BCC+FCC
1,6.9275,10.915,0.0417,0.1772,0.1188,BCC+FCC
1,7.067,12.51,0.0482,0.1878,0.1068,BCC+FCC
1,7.167,12.03,0.0449,0.1722,0.1061,BCC+FCC
1,7.017,11.565,0.0463,0.1864,0.0986,BCC+FCC
1,6.948,11.005,0.0435,0.1868,0.0998,BCC+FCC
1,7.2375,13.065,0.0441,0.1774,0.0947,BCC+FCC
1,7.1615,12.235,0.0479,0.1816,0.1146,BCC+FCC
1,7.1685,12.505,0.0473,0.1839,0.0964,BCC+FCC
1,7.215,12.13,0.0461,0.1751,0.106,BCC+FCC
1,7.0995,11.945,0.0482,0.1883,0.098,BCC+FCC
1,7.156,12.44,0.0508,0.1906,0.1202,BCC+FCC
1,7.251,12.885,0.0469,0.183,0.0955,BCC+FCC
1,7.2095,12.335,0.049,0.1843,0.1143,BCC+FCC
1,7.282,11.845,0.046,0.1736,0.0947,BCC+FCC
1,6.8825,13.455,0.0455,0.1797,0.107,BCC+FCC
1,6.929,13.08,0.0443,0.1705,0.116,BCC+FCC
1,6.9305,13.555,0.0464,0.1822,0.107,BCC+FCC
1,7.025,13.28,0.0463,0.1759,0.1159,BCC+FCC
1,7.044,12.895,0.0453,0.1718,0.1047,BCC+FCC
1,7.161,13.555,0.0437,0.1677,0.104,BCC+FCC
1,7.0385,13.1,0.0483,0.1812,0.1166,BCC+FCC
1,6.6755,13.465,0.0429,0.166,0.1134,BCC+FCC
1,6.7525,14.05,0.0465,0.1768,0.1255,BCC+FCC
1,6.8405,14.225,0.0432,0.1671,0.1134,BCC+FCC
1,6.7715,13.665,0.0452,0.1725,0.1139,BCC+FCC
1,6.595,14.635,0.0474,0.1787,0.1226,BCC+FCC
1,6.8825,11.645,0.0457,0.1931,0.1062,BCC+FCC
1,6.848,11.365,0.0446,0.1927,0.1067,BCC+FCC
1,7.065,11.545,0.0431,0.1809,0.1025,BCC+FCC
1,7.1475,11.925,0.0441,0.1831,0.1023,BCC+FCC
1,7.23,12.305,0.0444,0.184,0.1019,BCC+FCC
1,7.106,11.96,0.0437,0.1875,0.1252,BCC+FCC
1,7.2435,12.125,0.0462,0.1889,0.1026,BCC+FCC
1,7.274,13.085,0.0505,0.2049,0.1042,BCC+FCC
1,7.4085,12.885,0.046,0.1876,0.1016,BCC+FCC
1,7.474,12.125,0.0447,0.176,0.0989,BCC+FCC
1,6.889,13.47,0.0428,0.1808,0.1319,BCC+FCC
1,6.8675,12.055,0.045,0.1918,0.1131,BCC+FCC
1,7.1675,13.57,0.0418,0.1717,0.1282,BCC+FCC
1,7.0985,13.01,0.0426,0.1761,0.1281,BCC+FCC
1,7.0155,11.675,0.0422,0.1799,0.1084,BCC+FCC
1,7.181,13.39,0.0435,0.177,0.1286,BCC+FCC
1,7.3185,13.555,0.0428,0.1726,0.1081,BCC+FCC
1,7.315,12.235,0.0433,0.1664,0.1033,BCC+FCC
1,6.661,13.02,0.0385,0.168,0.1325,BCC+FCC
1,6.8675,13.745,0.0416,0.17,0.1158,BCC+FCC
1,6.781,14.045,0.0468,0.1905,0.1208,BCC+FCC
1,6.95,14.125,0.0414,0.1699,0.1161,BCC+FCC
1,6.757,13.22,0.0413,0.177,0.1337,BCC+FCC
1,6.926,13.3,0.0388,0.1589,0.1274,BCC+FCC
1,7.0595,14.145,0.0457,0.18,0.1172,BCC+FCC
1,7.125,13.385,0.0439,0.1674,0.1117,BCC+FCC
1,7.0905,13.105,0.0441,0.17,0.1115,BCC+FCC
1,6.77,13.775,0.0424,0.167,0.1174,BCC+FCC
4,9.6975,10.13,0.0995,0.5031,0.2651,IM
2,8.8385,9.94,0.0895,0.4605,0.2523,IM
1,7.3425,12.245,0.0431,0.1611,0.1273,BCC+FCC
1,7.396,12.14,0.0417,0.1538,0.1143,BCC+FCC
1,7.022,12.915,0.0413,0.1581,0.135,BCC+FCC
1,7.07,13.015,0.0426,0.1616,0.1352,BCC+FCC
1,7.206,13.29,0.0421,0.1548,0.1222,BCC+FCC
3,7.915,11.31,0.0729,0.3753,0.1993,IM
4,9.168,11.14,0.0995,0.4844,0.2353,IM
1,7.736,13.365,0.0504,0.1844,0.0922,BCC+FCC
1,7.679,13.495,0.052,0.1906,0.1014,BCC+FCC
1,7.8185,13.745,0.0464,0.177,0.0909,BCC+FCC
1,7.7325,13.39,0.0497,0.1828,0.0921,BCC+FCC
1,7.5945,13.615,0.0538,0.2004,0.0936,BCC+FCC
1,7.815,13.77,0.0458,0.1756,0.0909,BCC+FCC
1,7.291,14.08,0.0585,0.2114,0.1071,BCC+FCC
1,7.4255,13.88,0.054,0.1932,0.105,BCC+FCC
1,7.2875,14.105,0.0576,0.2095,0.1071,BCC+FCC
1,7.508,14.26,0.0511,0.1871,0.1042,BCC+FCC
1,7.422,13.905,0.0532,0.1912,0.1049,BCC+FCC
1,7.8015,13.625,0.0475,0.1728,0.1375,BCC+FCC
1,7.7155,13.27,0.0475,0.1749,0.1368,BCC+FCC
1,7.759,13.565,0.0543,0.2065,0.1011,BCC+FCC
1,7.3055,11.655,0.0437,0.1842,0.1215,BCC+FCC
1,7.6835,14.01,0.0535,0.2049,0.1256,BCC+FCC
1,7.89,13.39,0.0488,0.1859,0.0988,BCC+FCC
1,7.6945,12.545,0.0466,0.1724,0.1179,BCC+FCC
1,7.6085,12.19,0.0451,0.171,0.1172,BCC+FCC
1,7.777,12.925,0.046,0.1688,0.1183,BCC+FCC
1,7.4705,12.415,0.0468,0.1855,0.1221,BCC+FCC
1,7.3155,12.58,0.0504,0.1914,0.1251,BCC+FCC
1,7.3945,12.985,0.0499,0.1858,0.1254,BCC+FCC
1,7.721,13.655,0.0495,0.1785,0.1066,BCC+FCC
1,7.405,13.785,0.0472,0.1789,0.1418,BCC+FCC
1,7.477,13.365,0.0499,0.1828,0.126,BCC+FCC
1,7.305,12.655,0.0461,0.1799,0.1241,BCC+FCC
1,7.597,14.655,0.0512,0.192,0.1313,BCC+FCC
1,7.8175,14.81,0.044,0.1659,0.1278,BCC+FCC
1,7.669,14.235,0.0508,0.1917,0.1098,BCC+FCC
1,7.6315,13.325,0.0503,0.1805,0.1062,BCC+FCC
1,7.5455,12.97,0.0508,0.1828,0.1059,BCC+FCC
1,7.4595,12.615,0.0502,0.1833,0.1054,BCC+FCC
1,7.3015,12.68,0.0447,0.1755,0.1238,BCC+FCC
1,7.2155,12.325,0.0415,0.1698,0.1225,BCC+FCC
1,7.5935,14.68,0.0504,0.1902,0.1312,BCC+FCC
1,7.6655,14.26,0.0501,0.1902,0.1097,BCC+FCC
1,7.59,14.705,0.0495,0.1882,0.131,BCC+FCC
1,7.8105,14.86,0.0425,0.1626,0.1274,BCC+FCC
1,7.8825,14.44,0.0411,0.1615,0.1059,BCC+FCC
1,7.332,13.64,0.0498,0.1915,0.1302,BCC+FCC
1,7.3805,13.085,0.0446,0.1706,0.1242,BCC+FCC
1,7.232,12.51,0.0491,0.1916,0.1096,BCC+FCC
1,7.4525,12.665,0.0479,0.1764,0.1049,BCC+FCC
1,7.2795,14.345,0.0574,0.2075,0.1199,BCC+FCC
1,7.328,13.79,0.054,0.1919,0.1151,BCC+FCC
1,7.17,13.855,0.0507,0.1895,0.132,BCC+FCC
1,7.084,13.5,0.0483,0.1874,0.1308,BCC+FCC
1,6.984,12.37,0.0461,0.1856,0.1115,BCC+FCC
1,7.362,14.725,0.0552,0.2021,0.1197,BCC+FCC
1,7.4965,14.525,0.0508,0.1828,0.1157,BCC+FCC
1,7.3245,13.815,0.0529,0.1894,0.1149,BCC+FCC
1,7.507,15.325,0.048,0.1763,0.1348,BCC+FCC
1,7.3585,14.75,0.0544,0.2003,0.1195,BCC+FCC
1,7.2725,14.395,0.0555,0.2034,0.1195,BCC+FCC
1,7.235,13.485,0.0512,0.1871,0.1139,BCC+FCC
1,7.149,13.13,0.0495,0.1855,0.113,BCC+FCC
1,7.283,15.195,0.0528,0.1972,0.1385,BCC+FCC
1,7.5035,15.35,0.0472,0.1744,0.1346,BCC+FCC
1,7.4895,14.575,0.0491,0.179,0.1153,BCC+FCC
1,7.2455,14.285,0.0485,0.1803,0.1321,BCC+FCC
1,7.3175,13.865,0.0508,0.1839,0.1143,BCC+FCC
1,7.156,13.955,0.0455,0.1743,0.1307,BCC+FCC
1,7.272,15.395,0.052,0.1871,0.1239,BCC+FCC
1,7.186,15.04,0.0535,0.191,0.1233,BCC+FCC
1,7.2685,15.42,0.0512,0.1853,0.1237,BCC+FCC
1,7.1825,15.065,0.0526,0.1887,0.1231,BCC+FCC
1,7.0035,14.405,0.0498,0.1838,0.1208,BCC+FCC
1,6.951,15.985,0.0518,0.1878,0.1296,BCC+FCC
1,7.4435,15.225,0.0301,0.1396,0.1975,FCC
1,7.7335,13.955,0.0483,0.1676,0.1361,BCC+FCC
1,7.3755,11.76,0.0473,0.1755,0.1154,BCC+FCC
1,7.3,12.205,0.0414,0.1632,0.1332,BCC+FCC
1,7.745,13.69,0.0485,0.1722,0.126,BCC+FCC
1,7.4685,12.94,0.0457,0.1666,0.1345,BCC+FCC
1,7.229,11.56,0.0424,0.1669,0.128,BCC+FCC
1,7.795,13.61,0.0456,0.1616,0.1156,BCC+FCC
1,7.4835,12.65,0.0489,0.1753,0.1275,BCC+FCC
1,7.3115,11.94,0.0444,0.1685,0.1279,BCC+FCC
1,7.6845,13.845,0.049,0.1762,0.1337,BCC+FCC
1,7.5125,13.135,0.0503,0.1798,0.1356,BCC+FCC
1,7.6195,12.925,0.0467,0.1644,0.1154,BCC+FCC
1,7.4475,12.215,0.0444,0.1615,0.1148,BCC+FCC
1,7.065,12.275,0.0447,0.1744,0.1225,BCC+FCC
1,7.524,14.535,0.0506,0.1786,0.1351,BCC+FCC
1,7.5055,14.85,0.0485,0.17,0.1431,BCC+FCC
1,6.922,12.05,0.0403,0.1668,0.1357,BCC+FCC
1,7.0615,12.3,0.0432,0.1692,0.1222,BCC+FCC
1,7.502,14.875,0.0475,0.1678,0.1429,BCC+FCC
1,7.402,13.745,0.0499,0.1748,0.1243,BCC+FCC
1,7.244,13.81,0.0465,0.1705,0.141,BCC+FCC
1,7.158,13.455,0.044,0.1672,0.1401,BCC+FCC
1,7.0905,12.785,0.0466,0.1768,0.136,BCC+FCC
1,7.5705,14.48,0.0468,0.1663,0.1244,BCC+FCC
1,7.259,13.52,0.0499,0.1791,0.1358,BCC+FCC
1,7.3985,13.77,0.0488,0.1718,0.124,BCC+FCC
1,7.087,12.81,0.0451,0.172,0.1358,BCC+FCC
1,7.4275,14.255,0.0494,0.1753,0.1353,BCC+FCC
1,7.567,14.505,0.046,0.1641,0.1242,BCC+FCC
1,7.481,14.15,0.0474,0.1673,0.1241,BCC+FCC
1,7.2555,13.545,0.0487,0.1754,0.1357,BCC+FCC
1,7.1695,13.19,0.0467,0.1724,0.1357,BCC+FCC
1,7.309,13.44,0.047,0.1681,0.1234,BCC+FCC
1,6.615,12.54,0.0372,0.1643,0.1423,BCC+FCC
1,7.267,14.945,0.0514,0.179,0.1325,BCC+FCC
1,7.109,15.01,0.0501,0.1787,0.1481,BCC+FCC
1,7.009,13.88,0.05,0.1814,0.1308,BCC+FCC
1,6.6975,12.92,0.041,0.1698,0.1426,BCC+FCC
1,6.837,13.17,0.044,0.1725,0.129,BCC+FCC
1,7.346,15.35,0.0481,0.1708,0.1324,BCC+FCC
1,7.002,13.93,0.0474,0.1735,0.1303,BCC+FCC
1,7.203,15.125,0.0505,0.1794,0.1433,BCC+FCC
3,9.2395,9.175,0.091,0.5362,0.2224,IM
2,9.3045,9.41,0.0965,0.5221,0.2272,IM
3,9.1185,10.24,0.0972,0.5331,0.2623,IM
3,11.1845,9.21,0.1061,0.6494,0.2572,IM
4,10.8625,9.255,0.1091,0.6404,0.2596,IM
2,11.0325,9.265,0.1086,0.6345,0.2697,IM
4,10.388,9.24,0.1068,0.5987,0.2578,IM
2,10.236,9.295,0.1068,0.583,0.2645,IM
2,9.3855,9.315,0.0955,0.517,0.2258,IM
3,9.0275,9.415,0.086,0.4706,0.2217,IM
2,9.2335,9.37,0.0928,0.5007,0.2244,IM
2,9.11,9.795,0.0894,0.4753,0.2188,IM
2,8.7655,10.06,0.0823,0.4833,0.218,IM
2,8.4075,10.16,0.0733,0.4364,0.2152,IM
2,8.613,10,0.077,0.4498,0.221,IM
3,9.2305,9.75,0.0926,0.5265,0.2372,IM
3,8.9015,10.335,0.0869,0.4895,0.2234,IM
3,8.5435,10.435,0.0773,0.4426,0.2204,IM
4,8.7495,10.39,0.0842,0.4738,0.2244,IM
3,8.803,10.285,0.0853,0.4716,0.2315,IM
2,9.0375,10.61,0.0915,0.4932,0.2286,IM
2,7.329,9.58,0.0683,0.3918,0.2164,IM
3,7.279,9.89,0.0755,0.4173,0.2166,IM
2,9.0665,9.165,0.0986,0.5259,0.2267,IM
2,8.576,9.195,0.0941,0.4915,0.2246,IM
3,8.3515,10.065,0.0933,0.4924,0.2342,IM
3,8.958,10.32,0.0943,0.4864,0.2412,IM
1,4.955,18.32,0.0312,0.1663,0.2092,BCC+FCC
3,8.248,13.025,0.0355,0.1629,0.1425,FCC
4,8.3475,13.2,0.0362,0.1627,0.1419,FCC
4,8.296,13.125,0.0355,0.1623,0.1422,FCC
4,8.2445,13.05,0.0343,0.1616,0.1426,FCC
4,8.349,13.37,0.0371,0.165,0.1505,FCC
4,8.246,13.22,0.0354,0.1643,0.151,FCC
3,8.2475,13.39,0.0365,0.167,0.1584,FCC
4,8.2505,13.73,0.0388,0.1718,0.1711,FCC
2,8.3955,13.3,0.0356,0.1618,0.1415,FCC
2,8.344,13.225,0.0353,0.1616,0.1419,FCC
3,8.2925,13.15,0.0345,0.1611,0.1423,FCC
2,8.241,13.075,0.0331,0.1601,0.1426,FCC
4,8.3455,13.395,0.0362,0.1641,0.1505,FCC
3,8.294,13.32,0.0355,0.1638,0.1507,FCC
3,8.2425,13.245,0.0342,0.163,0.151,FCC
4,8.2955,13.49,0.0365,0.1663,0.1583,FCC
4,8.244,13.415,0.0354,0.1658,0.1584,FCC
4,8.3485,13.735,0.038,0.1686,0.1651,FCC
4,8.297,13.66,0.0375,0.1687,0.1651,FCC
3,8.2455,13.585,0.0365,0.1684,0.1651,FCC
2,8.247,13.755,0.0376,0.1708,0.171,FCC
3,8.4435,13.4,0.0348,0.1608,0.1412,FCC
2,8.392,13.325,0.0348,0.1608,0.1416,FCC
4,8.3405,13.25,0.0343,0.1605,0.142,FCC
4,8.289,13.175,0.0334,0.1597,0.1423,FCC
4,8.2375,13.1,0.0319,0.1585,0.1427,FCC
2,8.4965,13.645,0.0348,0.1624,0.1497,FCC
4,8.3935,13.495,0.0356,0.1632,0.1503,FCC
2,8.342,13.42,0.0352,0.1631,0.1505,FCC
1,8.2905,13.345,0.0344,0.1625,0.1508,FCC
4,8.3435,13.59,0.0361,0.1655,0.1582,FCC
2,8.292,13.515,0.0354,0.1652,0.1583,FCC
1,8.2935,13.685,0.0364,0.1677,0.165,FCC
2,8.295,13.855,0.0374,0.1701,0.171,FCC
4,8.4915,13.5,0.0336,0.1598,0.1409,FCC
1,8.44,13.425,0.034,0.16,0.1413,FCC
3,8.3885,13.35,0.034,0.1598,0.1417,FCC
4,8.337,13.275,0.0334,0.1592,0.1421,FCC
1,8.2855,13.2,0.0323,0.1582,0.1424,FCC
4,8.5445,13.745,0.0332,0.1612,0.1494,FCC
2,8.493,13.67,0.0342,0.1619,0.1497,FCC
2,8.4415,13.595,0.0347,0.1623,0.15,FCC
3,8.39,13.52,0.0347,0.1623,0.1503,FCC
2,8.3385,13.445,0.0343,0.1619,0.1506,FCC
3,8.287,13.37,0.0333,0.1612,0.1508,FCC
2,8.34,13.615,0.0352,0.1645,0.1582,FCC
3,8.2885,13.54,0.0343,0.164,0.1583,FCC
4,8.496,14.01,0.0353,0.1657,0.1648,FCC
2,8.3415,13.785,0.0361,0.1669,0.165,FCC
4,8.29,13.71,0.0353,0.1666,0.165,FCC
2,8.488,13.525,0.033,0.159,0.1409,FCC
1,8.4365,13.45,0.0333,0.159,0.1414,FCC
3,8.385,13.375,0.0331,0.1586,0.1417,FCC
2,8.3335,13.3,0.0324,0.1579,0.1421,FCC
4,8.2305,13.15,0.0296,0.155,0.1428,FCC
4,8.541,13.77,0.0327,0.1607,0.1495,FCC
4,8.4895,13.695,0.0336,0.1612,0.1498,FCC
4,8.438,13.62,0.034,0.1614,0.1501,FCC
2,8.3865,13.545,0.0339,0.1613,0.1503,FCC
3,8.335,13.47,0.0333,0.1607,0.1506,FCC
4,8.2835,13.395,0.0322,0.1597,0.1508,FCC
4,8.3365,13.64,0.0342,0.1634,0.1582,FCC
2,8.4845,13.55,0.0324,0.1582,0.141,FCC
2,8.433,13.475,0.0326,0.158,0.1414,FCC
4,8.33,13.325,0.0315,0.1564,0.1422,FCC
2,8.4345,13.645,0.0333,0.1605,0.1501,FCC
1,7.5785,13.36,0.0473,0.2065,0.1021,BCC+FCC
1,7.9565,14.08,0.0469,0.1843,0.1135,BCC+FCC
1,7.752,13.95,0.0453,0.1873,0.1154,BCC+FCC
1,7.7535,14.12,0.0465,0.1894,0.1189,BCC+FCC
1,7.625,13.29,0.0473,0.2038,0.0928,BCC+FCC
1,7.6265,13.46,0.0484,0.2064,0.1022,BCC+FCC
4,7.9645,13.62,0.0358,0.1481,0.0923,FCC
1,7.8485,13.785,0.0444,0.1824,0.1057,BCC+FCC
1,7.747,13.805,0.0427,0.1839,0.1104,BCC+FCC
4,8.061,13.455,0.0339,0.1421,0.0729,FCC
1,7.673,13.39,0.0482,0.2037,0.0928,BCC+FCC
4,8.114,13.7,0.0347,0.1445,0.0846,FCC
3,7.9595,13.475,0.0335,0.144,0.0834,FCC
4,8.0125,13.72,0.0354,0.1473,0.0927,FCC
4,7.961,13.645,0.0346,0.1469,0.092,FCC
1,7.948,13.96,0.0445,0.1815,0.1065,BCC+FCC
1,7.676,13.73,0.0502,0.2084,0.1102,BCC+FCC
3,8.0655,13.965,0.0366,0.1495,0.1005,FCC
4,7.9625,13.815,0.0357,0.1497,0.099,FCC
4,8.17,14.285,0.0364,0.1497,0.108,FCC
1,7.848,14.15,0.0453,0.1858,0.1165,BCC+FCC
1,7.7965,14.075,0.0442,0.1857,0.1156,BCC+FCC
1,8.0055,14.715,0.0469,0.1873,0.1265,BCC+FCC
2,8.109,13.555,0.0331,0.1411,0.0729,FCC
2,8.0575,13.48,0.033,0.1409,0.0727,FCC
3,7.9545,13.33,0.0312,0.1392,0.0722,FCC
3,8.1105,13.725,0.0339,0.1437,0.0844,FCC
1,7.618,13.34,0.0452,0.2008,0.0925,BCC+FCC
3,8.0075,13.575,0.0333,0.1433,0.0836,FCC
4,7.956,13.5,0.0323,0.1425,0.0831,FCC
4,8.215,14.045,0.033,0.1444,0.0945,FCC
1,7.671,13.585,0.0482,0.2049,0.1021,BCC+FCC
4,8.112,13.895,0.0347,0.1461,0.0935,FCC
1,7.6195,13.51,0.046,0.2036,0.1018,BCC+FCC
3,8.0605,13.82,0.0347,0.1463,0.093,FCC
4,8.009,13.745,0.0343,0.1462,0.0924,FCC
3,7.9575,13.67,0.0334,0.1456,0.0917,FCC
1,7.996,14.06,0.0436,0.1805,0.1067,BCC+FCC
1,7.893,13.91,0.0432,0.1808,0.1057,BCC+FCC
3,8.1135,14.065,0.0354,0.1483,0.1009,FCC
3,8.0105,13.915,0.0353,0.1488,0.0995,FCC
2,7.959,13.84,0.0345,0.1485,0.0987,FCC
3,7.9605,14.01,0.0356,0.1512,0.1041,FCC
2,8.157,13.655,0.032,0.14,0.0729,FCC
2,8.1055,13.58,0.0323,0.14,0.0728,FCC
3,8.0025,13.43,0.0313,0.1387,0.0723,FCC
4,8.21,13.9,0.0319,0.1419,0.0848,FCC
2,8.1585,13.825,0.0327,0.1425,0.0845,FCC
4,8.107,13.75,0.033,0.1427,0.0842,FCC
2,8.0555,13.675,0.0329,0.1425,0.0838,FCC
1,8.004,13.6,0.0323,0.1419,0.0833,FCC
2,7.9525,13.525,0.0311,0.1409,0.0829,FCC
1,7.6675,13.61,0.0471,0.2035,0.102,BCC+FCC
4,8.1085,13.92,0.0338,0.1453,0.0933,FCC
1,7.616,13.535,0.0452,0.2021,0.1017,BCC+FCC
2,8.057,13.845,0.0338,0.1453,0.0927,FCC
3,8.0055,13.77,0.0332,0.1449,0.0921,FCC
2,7.954,13.695,0.0322,0.1441,0.0915,FCC
1,7.772,13.93,0.051,0.2075,0.1106,BCC+FCC
1,7.8895,13.935,0.0422,0.1798,0.1055,BCC+FCC
4,8.11,14.09,0.0346,0.1476,0.1006,FCC
4,8.007,13.94,0.0342,0.1477,0.0991,FCC
2,7.9555,13.865,0.0333,0.1472,0.0983,FCC
1,7.891,14.105,0.0431,0.1821,0.1117,BCC+FCC
4,8.1115,14.26,0.0354,0.1498,0.1065,FCC
1,7.8395,14.03,0.0422,0.1818,0.111,BCC+FCC
3,8.0085,14.11,0.0352,0.1504,0.1047,FCC
1,7.9985,14.765,0.0455,0.1868,0.1257,BCC+FCC
4,8.205,13.755,0.0307,0.1388,0.0729,FCC
2,8.1535,13.68,0.0313,0.1391,0.0728,FCC
2,8.102,13.605,0.0314,0.1388,0.0726,FCC
2,8.0505,13.53,0.0311,0.1382,0.0724,FCC
3,7.999,13.455,0.0302,0.1371,0.0721,FCC
4,7.9475,13.38,0.0288,0.1354,0.0718,FCC
4,8.258,14,0.0301,0.1404,0.0849,FCC
4,8.2065,13.925,0.0313,0.1412,0.0846,FCC
2,8.155,13.85,0.032,0.1417,0.0843,FCC
1,8.1035,13.775,0.0322,0.1417,0.084,FCC
3,8.052,13.7,0.0319,0.1413,0.0836,FCC
1,8.0005,13.625,0.0312,0.1404,0.0831,FCC
1,7.87,13.935,0.0507,0.2051,0.1026,BCC+FCC
1,7.8185,13.86,0.0503,0.2049,0.1025,BCC+FCC
1,7.767,13.785,0.0494,0.2043,0.1023,BCC+FCC
4,8.208,14.095,0.0318,0.1435,0.094,FCC
4,8.1565,14.02,0.0327,0.1441,0.0935,FCC
1,8.002,13.795,0.0322,0.1436,0.0918,FCC
3,7.9505,13.72,0.031,0.1425,0.0912,FCC
1,7.8715,14.105,0.0513,0.207,0.111,BCC+FCC
1,7.886,13.96,0.0413,0.1788,0.1052,BCC+FCC
1,8.0035,13.965,0.0332,0.1465,0.0988,FCC
2,8.0565,14.21,0.0346,0.1494,0.1053,FCC
4,8.15,13.705,0.0306,0.138,0.0726,FCC
4,8.0985,13.63,0.0306,0.1375,0.0724,FCC
1,7.606,13.245,0.0434,0.1921,0.081,BCC+FCC
2,8.047,13.555,0.0301,0.1366,0.0722,FCC
2,7.9955,13.48,0.0291,0.1352,0.0719,FCC
2,7.944,13.405,0.0276,0.1333,0.0716,FCC
1,7.865,13.79,0.0496,0.2022,0.0925,BCC+FCC
4,8.2545,14.025,0.0296,0.1399,0.0847,FCC
1,7.7105,13.565,0.0461,0.1993,0.0924,BCC+FCC
3,8.1515,13.875,0.0313,0.1407,0.0841,FCC
4,8.1,13.8,0.0314,0.1405,0.0837,FCC
4,8.0485,13.725,0.031,0.1399,0.0833,FCC
4,7.997,13.65,0.0301,0.1388,0.0829,FCC
1,7.9455,13.575,0.0287,0.1372,0.0823,FCC
1,7.6605,13.66,0.0452,0.2005,0.1016,BCC+FCC
4,8.05,13.895,0.0319,0.1429,0.0922,FCC
2,7.9985,13.82,0.0311,0.1421,0.0915,FCC
1,7.8825,13.985,0.0403,0.1776,0.105,BCC+FCC
4,8.103,14.14,0.0329,0.1459,0.1,FCC
4,8.0515,14.065,0.0328,0.1458,0.0993,FCC
1,8.198,13.805,0.0295,0.137,0.0726,FCC
2,8.1465,13.73,0.0299,0.1367,0.0725,FCC
4,8.095,13.655,0.0298,0.1361,0.0723,FCC
3,8.0435,13.58,0.0292,0.1349,0.072,FCC
4,7.992,13.505,0.028,0.1332,0.0717,FCC
4,7.9405,13.43,0.0264,0.131,0.0714,FCC
1,7.8615,13.815,0.049,0.2012,0.0924,BCC+FCC
1,7.81,13.74,0.0482,0.2004,0.0924,BCC+FCC
2,8.1995,13.975,0.0301,0.1396,0.0843,FCC
1,7.6555,13.515,0.0443,0.1958,0.0922,BCC+FCC
4,8.0965,13.825,0.0305,0.1392,0.0835,FCC
3,7.9935,13.675,0.029,0.137,0.0826,FCC
1,7.8115,13.91,0.0489,0.2028,0.1022,BCC+FCC
4,8.098,13.995,0.0313,0.1421,0.0925,FCC
1,8.0465,13.92,0.0309,0.1415,0.0919,FCC
1,8.0335,14.235,0.0406,0.1775,0.1063,BCC+FCC
1,7.3165,13.61,0.0509,0.2109,0.0955,BCC+FCC
1,7.537,13.765,0.0449,0.1875,0.0917,BCC+FCC
1,7.4855,13.69,0.0426,0.186,0.0914,BCC+FCC
1,7.318,13.78,0.0515,0.2138,0.1046,BCC+FCC
1,7.4355,13.785,0.0412,0.1873,0.0998,BCC+FCC
1,7.5915,14.18,0.0487,0.1934,0.1085,BCC+FCC
1,7.7605,14.26,0.0418,0.164,0.1033,BCC+FCC
1,7.865,14.58,0.0429,0.1654,0.1106,BCC+FCC
1,7.762,14.43,0.0428,0.1663,0.109,BCC+FCC
1,7.4385,14.125,0.0438,0.1931,0.1126,BCC+FCC
1,7.659,14.28,0.0406,0.1657,0.1072,BCC+FCC
1,7.815,14.675,0.044,0.168,0.1145,BCC+FCC
1,7.7635,14.6,0.0438,0.1684,0.1136,BCC+FCC
1,7.7135,14.695,0.0442,0.1708,0.1157,BCC+FCC
1,7.8695,15.09,0.0453,0.1705,0.1218,BCC+FCC
1,7.6635,14.79,0.0443,0.173,0.1161,BCC+FCC
1,7.768,15.11,0.0468,0.1742,0.1201,BCC+FCC
1,7.3645,13.71,0.0516,0.2111,0.0954,BCC+FCC
1,7.313,13.635,0.0503,0.2091,0.0953,BCC+FCC
1,7.482,13.715,0.0413,0.1843,0.0912,BCC+FCC
1,7.366,13.88,0.0521,0.2139,0.1047,BCC+FCC
1,7.535,13.96,0.0448,0.1888,0.1004,BCC+FCC
1,7.3675,14.05,0.0527,0.2165,0.1125,BCC+FCC
1,7.588,14.205,0.0476,0.1923,0.1083,BCC+FCC
1,7.4335,13.98,0.0411,0.1886,0.1066,BCC+FCC
1,7.641,14.45,0.0497,0.1949,0.1151,BCC+FCC
1,7.435,14.15,0.0424,0.1916,0.1123,BCC+FCC
1,7.7115,14.89,0.0441,0.1721,0.1171,BCC+FCC
1,7.7645,15.135,0.0457,0.1737,0.1195,BCC+FCC
1,7.361,13.735,0.051,0.2094,0.0953,BCC+FCC
1,7.53,13.815,0.0425,0.1844,0.0913,BCC+FCC
1,7.686,14.21,0.0479,0.19,0.1013,BCC+FCC
1,7.6875,14.38,0.0487,0.1921,0.1091,BCC+FCC
1,7.8065,14.555,0.0412,0.1645,0.1092,BCC+FCC
1,7.755,14.48,0.0406,0.1644,0.1084,BCC+FCC
1,7.7035,14.405,0.0396,0.1639,0.1074,BCC+FCC
1,7.639,14.645,0.0496,0.1961,0.12,BCC+FCC
1,7.808,14.725,0.0421,0.1667,0.1138,BCC+FCC
1,7.705,14.575,0.0407,0.1665,0.1117,BCC+FCC
1,7.512,13.985,0.0545,0.2125,0.0954,BCC+FCC
1,7.409,13.835,0.0516,0.2096,0.0953,BCC+FCC
1,7.578,13.915,0.0435,0.1843,0.0914,BCC+FCC
1,7.203,13.535,0.0467,0.1988,0.0948,BCC+FCC
1,7.734,14.31,0.0476,0.1893,0.1014,BCC+FCC
1,7.462,14.08,0.0536,0.2138,0.1049,BCC+FCC
1,7.4105,14.005,0.0522,0.2124,0.1047,BCC+FCC
1,7.412,14.175,0.0527,0.2151,0.1125,BCC+FCC
1,7.5295,14.18,0.0436,0.1886,0.1073,BCC+FCC
1,7.478,14.105,0.0411,0.1869,0.1067,BCC+FCC
1,7.8045,14.75,0.0411,0.1659,0.1134,BCC+FCC
1,7.753,14.675,0.0405,0.1658,0.1123,BCC+FCC
1,7.185,13.705,0.0579,0.2276,0.0985,BCC+FCC
1,7.4055,13.86,0.051,0.2079,0.0952,BCC+FCC
1,7.3025,13.71,0.0486,0.203,0.095,BCC+FCC
1,7.7305,14.335,0.0469,0.1884,0.1012,BCC+FCC
1,7.679,14.26,0.0462,0.1879,0.1009,BCC+FCC
1,7.5245,14.035,0.0413,0.184,0.0998,BCC+FCC
1,7.7835,14.58,0.0476,0.1906,0.1095,BCC+FCC
1,7.5115,14.35,0.0552,0.216,0.113,BCC+FCC
1,7.732,14.505,0.0476,0.1906,0.1091,BCC+FCC
1,7.6805,14.43,0.047,0.1902,0.1086,BCC+FCC
1,7.629,14.355,0.046,0.1895,0.1081,BCC+FCC
1,7.357,14.125,0.0509,0.2118,0.1119,BCC+FCC
1,7.5775,14.28,0.0444,0.1885,0.1076,BCC+FCC
1,7.6305,14.525,0.0468,0.192,0.1143,BCC+FCC
1,7.579,14.45,0.0454,0.1911,0.1136,BCC+FCC
1,7.854,15.02,0.0412,0.167,0.1175,BCC+FCC
1,7.7255,14.19,0.0455,0.185,0.0917,BCC+FCC
1,7.402,13.885,0.0504,0.2061,0.0951,BCC+FCC
1,7.6225,14.04,0.0432,0.1827,0.0913,BCC+FCC
1,7.571,13.965,0.0413,0.1809,0.0911,BCC+FCC
1,7.7785,14.435,0.0465,0.1877,0.1013,BCC+FCC
1,7.727,14.36,0.0462,0.1874,0.1011,BCC+FCC
1,7.624,14.21,0.0441,0.1855,0.1004,BCC+FCC
1,7.352,13.98,0.0498,0.2069,0.1041,BCC+FCC
1,7.7285,14.53,0.0469,0.1897,0.1089,BCC+FCC
1,7.405,14.225,0.0515,0.212,0.1121,BCC+FCC
1,7.5225,14.23,0.0412,0.1853,0.1068,BCC+FCC
1,7.73,14.7,0.0475,0.1918,0.1153,BCC+FCC
1,7.5755,14.475,0.0443,0.1898,0.1133,BCC+FCC
1,7.2295,13.83,0.058,0.2262,0.0983,BCC+FCC
1,7.503,14.23,0.0529,0.211,0.1047,BCC+FCC
1,7.7235,14.385,0.0455,0.1862,0.1009,BCC+FCC
1,7.672,14.31,0.0446,0.1853,0.1006,BCC+FCC
1,7.3485,14.005,0.0492,0.2048,0.1039,BCC+FCC
1,7.6735,14.48,0.0453,0.1879,0.1082,BCC+FCC
1,7.6765,14.82,0.0469,0.1928,0.1195,BCC+FCC
1,7.226,13.855,0.0573,0.224,0.0983,BCC+FCC
1,7.7715,14.485,0.0453,0.1858,0.101,BCC+FCC
1,7.773,14.655,0.0459,0.1881,0.1089,BCC+FCC
1,7.6715,14.675,0.0453,0.1892,0.1142,BCC+FCC
1,7.776,14.995,0.047,0.1923,0.1208,BCC+FCC
1,7.7245,14.92,0.0468,0.1922,0.12,BCC+FCC
1,7.5,14.68,0.045,0.1749,0.1061,BCC+FCC
1,7.228,14.45,0.0478,0.1995,0.1101,BCC+FCC
1,7.4485,14.605,0.0436,0.174,0.1054,BCC+FCC
1,7.1765,14.375,0.0466,0.1976,0.1095,BCC+FCC
1,7.5015,14.85,0.046,0.1773,0.1118,BCC+FCC
1,7.45,14.775,0.0447,0.1767,0.111,BCC+FCC
1,7.4515,14.945,0.0458,0.1792,0.1153,BCC+FCC
1,7.4,14.87,0.0441,0.1785,0.1143,BCC+FCC
1,7.712,15.66,0.048,0.1809,0.127,BCC+FCC
1,7.609,15.51,0.0495,0.183,0.1246,BCC+FCC
1,7.403,15.21,0.0465,0.1835,0.1192,BCC+FCC
1,7.662,15.755,0.0497,0.1836,0.1276,BCC+FCC
1,7.326,14.455,0.0498,0.1983,0.1034,BCC+FCC
1,7.495,14.535,0.0429,0.1709,0.0988,BCC+FCC
1,7.223,14.305,0.0467,0.1947,0.1027,BCC+FCC
1,7.2775,14.72,0.0498,0.2023,0.1164,BCC+FCC
1,7.4465,14.8,0.0435,0.1754,0.1106,BCC+FCC
1,7.654,15.27,0.0469,0.1784,0.1187,BCC+FCC
1,7.6025,15.195,0.0471,0.1788,0.1178,BCC+FCC
1,7.551,15.12,0.0468,0.1789,0.1169,BCC+FCC
1,7.6055,15.535,0.0487,0.1826,0.1241,BCC+FCC
1,7.451,15.31,0.0468,0.1829,0.1201,BCC+FCC
1,7.3995,15.235,0.0452,0.1824,0.1187,BCC+FCC
1,7.607,15.705,0.0494,0.1843,0.1256,BCC+FCC
1,7.504,15.555,0.0489,0.1852,0.1226,BCC+FCC
1,7.271,14.405,0.0473,0.195,0.1029,BCC+FCC
1,7.5445,14.805,0.044,0.1732,0.1062,BCC+FCC
1,7.5975,15.05,0.0455,0.1759,0.1127,BCC+FCC
1,7.3255,14.82,0.0508,0.2022,0.1168,BCC+FCC
1,7.7035,15.54,0.0463,0.179,0.1232,BCC+FCC
1,7.6005,15.39,0.047,0.1801,0.1211,BCC+FCC
1,7.549,15.315,0.0467,0.1802,0.12,BCC+FCC
1,7.446,15.165,0.0445,0.1794,0.1176,BCC+FCC
1,7.3945,15.09,0.0427,0.1784,0.1164,BCC+FCC
1,7.705,15.71,0.0468,0.1806,0.1261,BCC+FCC
1,7.499,15.41,0.0468,0.1823,0.121,BCC+FCC
1,7.253,14.575,0.0597,0.2224,0.1075,BCC+FCC
1,7.422,14.655,0.0513,0.198,0.1037,BCC+FCC
1,6.9955,14.2,0.0523,0.2105,0.1064,BCC+FCC
1,7.166,14.45,0.0448,0.1913,0.1087,BCC+FCC
1,7.5425,15,0.044,0.1745,0.1116,BCC+FCC
1,7.5955,15.245,0.0454,0.1773,0.1171,BCC+FCC
1,7.544,15.17,0.0449,0.177,0.1162,BCC+FCC
1,7.4925,15.095,0.0438,0.1764,0.1152,BCC+FCC
1,7.47,14.755,0.0516,0.1977,0.1038,BCC+FCC
1,7.095,14.375,0.0545,0.2145,0.1068,BCC+FCC
1,7.264,14.455,0.0461,0.1911,0.1025,BCC+FCC
1,7.2125,14.38,0.0449,0.1883,0.1021,BCC+FCC
1,7.161,14.305,0.0436,0.1851,0.1016,BCC+FCC
1,7.0965,14.545,0.0552,0.2178,0.1143,BCC+FCC
1,7.1625,14.475,0.0442,0.189,0.1085,BCC+FCC
1,7.6935,15.25,0.044,0.1742,0.1136,BCC+FCC
1,7.3185,14.87,0.0486,0.1993,0.1162,BCC+FCC
1,7.539,15.025,0.043,0.1733,0.1113,BCC+FCC
1,7.592,15.27,0.0446,0.1763,0.1168,BCC+FCC
1,7.595,15.61,0.0462,0.1807,0.1227,BCC+FCC
1,7.5435,15.535,0.0457,0.1807,0.1214,BCC+FCC
1,7.246,14.625,0.0582,0.2194,0.1072,BCC+FCC
1,7.687,14.935,0.0423,0.1688,0.0996,BCC+FCC
1,7.143,14.475,0.0553,0.2151,0.1069,BCC+FCC
1,7.04,14.325,0.0523,0.2089,0.1063,BCC+FCC
1,7.2605,14.48,0.0455,0.1889,0.1023,BCC+FCC
1,7.209,14.405,0.0443,0.1859,0.1019,BCC+FCC
1,7.1445,14.645,0.0559,0.2182,0.1145,BCC+FCC
1,7.5855,14.955,0.0422,0.1702,0.106,BCC+FCC
1,7.093,14.57,0.0545,0.2157,0.1141,BCC+FCC
1,7.534,14.88,0.0412,0.1691,0.1053,BCC+FCC
1,7.0415,14.495,0.053,0.2126,0.1137,BCC+FCC
1,7.262,14.65,0.0461,0.1924,0.1094,BCC+FCC
1,7.6385,15.2,0.0434,0.1733,0.1126,BCC+FCC
1,7.5355,15.05,0.0421,0.172,0.111,BCC+FCC
1,7.484,14.975,0.0406,0.1707,0.1101,BCC+FCC
1,7.4855,15.145,0.0416,0.1736,0.1144,BCC+FCC
1,7.59,15.465,0.0445,0.1777,0.1199,BCC+FCC
1,7.5385,15.39,0.0438,0.1772,0.1187,BCC+FCC
1,7.2425,14.65,0.0575,0.2178,0.1071,BCC+FCC
1,7.463,14.805,0.0502,0.1951,0.1035,BCC+FCC
1,7.1395,14.5,0.0546,0.213,0.1067,BCC+FCC
1,7.36,14.655,0.0474,0.1918,0.1029,BCC+FCC
1,7.0365,14.35,0.0516,0.2063,0.1062,BCC+FCC
1,7.4645,14.975,0.0509,0.1977,0.1112,BCC+FCC
1,7.413,14.9,0.0496,0.1965,0.1107,BCC+FCC
1,7.6335,15.055,0.042,0.1697,0.1063,BCC+FCC
1,7.582,14.98,0.0414,0.1688,0.1057,BCC+FCC
1,7.2585,14.675,0.0455,0.1903,0.1092,BCC+FCC
1,7.363,14.995,0.0487,0.1977,0.1164,BCC+FCC
1,7.3115,14.92,0.0473,0.1959,0.1157,BCC+FCC
1,7.239,14.675,0.0568,0.216,0.107,BCC+FCC
1,7.305,14.605,0.0456,0.1873,0.1023,BCC+FCC
1,7.2535,14.53,0.0443,0.1842,0.1019,BCC+FCC
1,7.4095,14.925,0.0487,0.1949,0.1105,BCC+FCC
1,7.358,14.85,0.0474,0.1931,0.11,BCC+FCC
1,7.6845,15.495,0.0427,0.1739,0.1175,BCC+FCC
1,7.188,15.025,0.0463,0.183,0.1081,BCC+FCC
1,7.1365,14.95,0.0439,0.1812,0.1075,BCC+FCC
1,7.0335,14.8,0.0411,0.1762,0.106,BCC+FCC
1,7.1395,15.29,0.0463,0.1873,0.1171,BCC+FCC
1,7.088,15.215,0.0436,0.1856,0.1161,BCC+FCC
1,6.964,14.895,0.0517,0.2043,0.1124,BCC+FCC
1,7.289,15.37,0.0496,0.1867,0.1149,BCC+FCC
1,7.1345,15.145,0.0438,0.1826,0.1125,BCC+FCC
1,7.136,15.315,0.045,0.1857,0.1167,BCC+FCC
1,7.012,14.995,0.0525,0.2047,0.1127,BCC+FCC
1,7.1295,15,0.0424,0.1772,0.1069,BCC+FCC
1,6.8575,14.77,0.0481,0.1955,0.111,BCC+FCC
1,7.2855,15.395,0.0486,0.1854,0.1146,BCC+FCC
1,7.184,15.415,0.0461,0.1857,0.1173,BCC+FCC
1,7.2805,15.25,0.0468,0.1812,0.1086,BCC+FCC
1,7.0085,15.02,0.0518,0.2027,0.1125,BCC+FCC
1,7.229,15.175,0.045,0.1796,0.108,BCC+FCC
1,6.9055,14.87,0.0488,0.1965,0.1114,BCC+FCC
1,7.126,15.025,0.0418,0.175,0.1066,BCC+FCC
1,7.3335,15.495,0.0489,0.1851,0.1151,BCC+FCC
1,7.076,15.12,0.0411,0.1758,0.1109,BCC+FCC
1,7.232,15.515,0.047,0.1856,0.118,BCC+FCC
1,7.0565,15.12,0.0526,0.2032,0.1128,BCC+FCC
1,7.277,15.275,0.0459,0.1796,0.1083,BCC+FCC
1,7.3815,15.595,0.0489,0.1846,0.1155,BCC+FCC
1,7.156,15.295,0.0548,0.2055,0.1135,BCC+FCC
1,7.325,15.375,0.0464,0.1796,0.1087,BCC+FCC
1,7.0015,15.07,0.0504,0.1983,0.112,BCC+FCC
1,7.2765,15.64,0.0467,0.1839,0.1182,BCC+FCC
1,7.373,15.475,0.0468,0.1794,0.109,BCC+FCC
1,7.3215,15.4,0.0456,0.1779,0.1084,BCC+FCC
1,7.2185,15.25,0.0425,0.1737,0.1071,BCC+FCC
1,7.1155,15.1,0.04,0.1674,0.1056,BCC+FCC
1,7.051,15.34,0.0518,0.2024,0.1182,BCC+FCC
1,7.22,15.42,0.043,0.1772,0.1126,BCC+FCC
1,7.3695,15.5,0.046,0.1779,0.1087,BCC+FCC
1,7.2165,15.445,0.0424,0.1751,0.1122,BCC+FCC
1,6.723,15.315,0.0446,0.1824,0.1129,BCC+FCC
1,6.8225,15.49,0.0468,0.1868,0.1144,BCC+FCC
1,6.8705,15.59,0.0476,0.1874,0.1149,BCC+FCC
1,6.7675,15.44,0.0446,0.1806,0.1132,BCC+FCC
1,6.97,15.765,0.0498,0.1904,0.1162,BCC+FCC
1,6.9185,15.69,0.0484,0.188,0.1154,BCC+FCC
1,6.867,15.615,0.0469,0.1851,0.1146,BCC+FCC
1,6.764,15.465,0.0439,0.1776,0.1128,BCC+FCC
1,6.9665,15.79,0.0491,0.1884,0.1159,BCC+FCC
1,6.915,15.715,0.0476,0.1857,0.1151,BCC+FCC
1,6.812,15.565,0.0447,0.1788,0.1134,BCC+FCC
1,6.8135,15.735,0.0453,0.183,0.1172,BCC+FCC
1,7.011,15.915,0.0492,0.1867,0.116,BCC+FCC
1,6.908,15.765,0.0462,0.1808,0.1144,BCC+FCC
1,7.0075,15.94,0.0485,0.1846,0.1157,BCC+FCC
4,8.1705,13.28,0.0389,0.1783,0.1829,FCC
4,8.1655,13.135,0.0366,0.1748,0.175,FCC
4,8.2135,13.235,0.0367,0.1742,0.1746,FCC
3,8.21,13.26,0.0356,0.1731,0.1748,FCC
3,8.1615,13.525,0.0364,0.1775,0.1903,FCC
4,8.361,13.51,0.0362,0.1728,0.1734,FCC
4,8.2065,13.285,0.0345,0.1718,0.1749,FCC
3,8.1565,13.38,0.0341,0.1736,0.1832,FCC
3,8.158,13.55,0.0352,0.1763,0.1904,FCC
4,8.211,13.795,0.0375,0.1793,0.1968,FCC
3,8.1595,13.72,0.0363,0.1789,0.197,FCC
3,8.3575,13.535,0.0355,0.172,0.1735,FCC
3,8.306,13.46,0.0353,0.1719,0.174,FCC
2,8.2545,13.385,0.0346,0.1714,0.1745,FCC
2,8.203,13.31,0.0335,0.1705,0.175,FCC
3,8.1515,13.235,0.0318,0.1692,0.1754,FCC
3,8.256,13.555,0.0355,0.1739,0.1825,FCC
4,8.153,13.405,0.0329,0.1722,0.1833,FCC
4,8.2575,13.725,0.0364,0.1763,0.1899,FCC
2,8.2075,13.82,0.0365,0.1783,0.1968,FCC
3,8.4055,13.635,0.0346,0.1711,0.1731,FCC
3,8.354,13.56,0.0348,0.1711,0.1736,FCC
4,8.3025,13.485,0.0345,0.1708,0.1741,FCC
1,8.251,13.41,0.0337,0.1701,0.1746,FCC
4,8.1995,13.335,0.0324,0.169,0.1751,FCC
3,8.148,13.26,0.0306,0.1675,0.1755,FCC
4,8.4585,13.88,0.0344,0.1726,0.1809,FCC
1,8.2525,13.58,0.0346,0.1728,0.1826,FCC
4,8.201,13.505,0.0334,0.1719,0.183,FCC
4,8.1495,13.43,0.0317,0.1706,0.1833,FCC
4,8.254,13.75,0.0355,0.1753,0.1899,FCC
3,8.2025,13.675,0.0344,0.1746,0.1902,FCC
4,8.2555,13.92,0.0364,0.1776,0.1966,FCC
4,8.402,13.66,0.034,0.1703,0.1732,FCC
4,8.3505,13.585,0.0341,0.1702,0.1737,FCC
2,8.299,13.51,0.0337,0.1696,0.1742,FCC
4,8.2475,13.435,0.0327,0.1687,0.1747,FCC
2,8.196,13.36,0.0313,0.1674,0.1752,FCC
3,8.1445,13.285,0.0294,0.1656,0.1756,FCC
4,8.5065,13.98,0.0327,0.1714,0.1805,FCC
4,8.352,13.755,0.0347,0.1725,0.1819,FCC
2,8.3005,13.68,0.0344,0.1722,0.1823,FCC
2,8.249,13.605,0.0336,0.1715,0.1827,FCC
3,8.1975,13.53,0.0323,0.1704,0.183,FCC
4,8.4565,14.075,0.0343,0.1739,0.1887,FCC
2,8.302,13.85,0.0352,0.1746,0.1897,FCC
4,8.2505,13.775,0.0345,0.1741,0.19,FCC
4,7.848,13.7,0.0357,0.1826,0.1846,FCC
3,7.8495,13.87,0.0369,0.1856,0.1918,FCC
4,7.896,13.8,0.0368,0.1826,0.1844,FCC
4,7.8445,13.725,0.0344,0.1808,0.1847,FCC
2,7.846,13.895,0.0356,0.1839,0.1918,FCC
4,7.8925,13.825,0.0356,0.1809,0.1844,FCC
2,7.841,13.75,0.0337,0.1788,0.1848,FCC
4,7.8425,13.92,0.0343,0.1821,0.1919,FCC
4,7.9405,13.925,0.0366,0.1809,0.1841,FCC
2,7.889,13.85,0.0345,0.179,0.1845,FCC
2,7.8375,13.775,0.0334,0.1767,0.1849,FCC
3,7.8905,14.02,0.0356,0.1822,0.1917,FCC
2,7.8855,13.875,0.0337,0.1771,0.1846,FCC
4,8.567,13.12,0.038,0.2063,0.1985,FCC
4,8.5635,13.145,0.0369,0.2053,0.1986,FCC
4,8.6115,13.245,0.0375,0.2049,0.1982,FCC
4,8.6595,13.345,0.0379,0.2044,0.1978,FCC
4,8.6125,13.78,0.0394,0.2103,0.2199,FCC
3,8.553,13.22,0.0333,0.2014,0.199,FCC
4,8.5545,13.39,0.0344,0.204,0.2066,FCC
4,8.659,13.71,0.0387,0.2077,0.2129,FCC
4,8.6075,13.635,0.0373,0.2072,0.2133,FCC
3,8.5495,13.245,0.0321,0.1999,0.1991,FCC
4,8.7055,13.64,0.0379,0.205,0.2053,FCC
4,8.6025,13.49,0.0353,0.2038,0.2063,FCC
4,8.6555,13.735,0.0377,0.2068,0.213,FCC
3,7.9065,12.91,0.036,0.1469,0.0973,FCC
3,8.046,13.16,0.033,0.1274,0.0846,FCC
4,8.011,13.23,0.0395,0.1516,0.1075,FCC
4,7.9595,13.155,0.0386,0.1511,0.1076,FCC
3,7.908,13.08,0.0372,0.1501,0.1076,FCC
1,7.785,12.975,0.0487,0.1875,0.1341,BCC+FCC
4,8.152,13.65,0.0355,0.1328,0.1043,FCC
1,8.029,13.545,0.0474,0.1745,0.1343,BCC+FCC
3,8.006,13.085,0.0375,0.1475,0.0969,FCC
3,7.9545,13.01,0.0363,0.1466,0.0971,FCC
3,8.094,13.26,0.0325,0.1265,0.0845,FCC
4,7.903,12.935,0.0346,0.1451,0.0973,FCC
4,8.0425,13.185,0.0318,0.1259,0.0845,FCC
4,8.0075,13.255,0.0385,0.1504,0.1074,FCC
4,8.147,13.505,0.0336,0.1294,0.0953,FCC
4,7.956,13.18,0.0374,0.1497,0.1075,FCC
4,8.0955,13.43,0.0335,0.1296,0.0951,FCC
4,7.9045,13.105,0.0359,0.1485,0.1075,FCC
1,7.936,13.225,0.0516,0.1885,0.1332,BCC+FCC
4,8.0455,13.525,0.034,0.1323,0.1034,FCC
4,8.2015,13.92,0.0348,0.1335,0.1119,FCC
4,8.0985,13.77,0.0355,0.135,0.1109,FCC
3,8.047,13.695,0.0351,0.1352,0.1104,FCC
4,8.2545,14.165,0.0351,0.134,0.1187,FCC
3,8.0025,13.11,0.0364,0.1461,0.0969,FCC
2,8.039,13.21,0.0306,0.1243,0.0844,FCC
3,8.195,13.605,0.0324,0.1281,0.0953,FCC
4,8.004,13.28,0.0374,0.1491,0.1074,FCC
4,7.9525,13.205,0.0362,0.1482,0.1074,FCC
4,8.092,13.455,0.0324,0.1283,0.0949,FCC
1,7.881,13.175,0.0498,0.1869,0.1336,BCC+FCC
2,8.248,13.85,0.0324,0.1297,0.1046,FCC
3,8.1965,13.775,0.0332,0.1306,0.1043,FCC
3,8.145,13.7,0.0336,0.1312,0.1039,FCC
4,8.0935,13.625,0.0334,0.1313,0.1036,FCC
3,8.042,13.55,0.0328,0.131,0.1032,FCC
3,8.2495,14.02,0.0334,0.1318,0.1122,FCC
3,8.198,13.945,0.034,0.133,0.1117,FCC
3,8.0435,13.72,0.0339,0.134,0.1101,FCC
2,8.251,14.19,0.0344,0.1338,0.1185,FCC
2,8.148,14.04,0.0353,0.1361,0.1173,FCC
3,8.0965,13.965,0.0354,0.1367,0.1166,FCC
4,8.098,14.135,0.0364,0.1392,0.1213,FCC
4,8.0465,14.06,0.0362,0.1396,0.1204,FCC
4,8.0995,14.305,0.0374,0.1415,0.1249,FCC
2,8.19,13.46,0.0308,0.1244,0.0844,FCC
4,7.999,13.135,0.0353,0.1445,0.0969,FCC
2,8.087,13.31,0.0304,0.1236,0.0843,FCC
2,8.0355,13.235,0.0294,0.1225,0.0842,FCC
1,7.8245,12.955,0.0463,0.1815,0.1242,BCC+FCC
2,8.243,13.705,0.0309,0.1267,0.0953,FCC
2,8.1915,13.63,0.0316,0.1272,0.0952,FCC
2,8.14,13.555,0.0317,0.1273,0.095,FCC
4,8.037,13.405,0.0305,0.1261,0.0945,FCC
4,8.1565,13.7,0.0379,0.151,0.1164,FCC
1,7.826,13.125,0.0473,0.1844,0.1339,BCC+FCC
3,8.2445,13.875,0.0316,0.1291,0.1044,FCC
4,8.193,13.8,0.0323,0.1299,0.1041,FCC
4,8.002,13.475,0.0373,0.1507,0.1162,FCC
4,8.09,13.65,0.0324,0.1301,0.1034,FCC
4,8.0385,13.575,0.0316,0.1296,0.1029,FCC
4,8.0915,13.82,0.0334,0.1331,0.1105,FCC
3,8.1975,14.31,0.0347,0.1368,0.1226,FCC
3,8.0945,14.16,0.0354,0.1384,0.121,FCC
4,8.199,14.48,0.0359,0.1389,0.1265,FCC
2,8.238,13.56,0.0295,0.1232,0.0843,FCC
4,8.047,13.235,0.0353,0.1441,0.0966,FCC
2,8.1865,13.485,0.03,0.1232,0.0843,FCC
3,8.0835,13.335,0.0293,0.1219,0.0842,FCC
3,8.032,13.26,0.0282,0.1205,0.0841,FCC
2,8.291,13.805,0.0292,0.1251,0.0953,FCC
2,8.188,13.655,0.0307,0.1262,0.095,FCC
4,7.997,13.33,0.0353,0.1462,0.1073,FCC
3,8.085,13.505,0.0303,0.1255,0.0946,FCC
4,8.05,13.575,0.0371,0.15,0.1162,FCC
3,8.1895,13.825,0.0315,0.129,0.1039,FCC
3,8.138,13.75,0.0316,0.1291,0.1036,FCC
3,7.947,13.425,0.035,0.1481,0.116,FCC
3,8.0865,13.675,0.0313,0.1288,0.1032,FCC
4,8.035,13.6,0.0304,0.128,0.1027,FCC
4,8.2425,14.07,0.0315,0.1309,0.1118,FCC
4,8.0515,13.745,0.038,0.1527,0.1239,FCC
3,8.191,13.995,0.0323,0.1316,0.1113,FCC
4,8.1395,13.92,0.0325,0.132,0.1108,FCC
4,8.088,13.845,0.0323,0.1319,0.1102,FCC
1,8.2345,13.585,0.0288,0.1221,0.0842,FCC
4,8.0435,13.26,0.0343,0.1425,0.0966,FCC
1,8.183,13.51,0.0291,0.1219,0.0842,FCC
3,8.1315,13.435,0.0289,0.1213,0.0842,FCC
2,8.08,13.36,0.0282,0.1201,0.0841,FCC
3,8.339,13.905,0.0276,0.1235,0.0953,FCC
3,8.0965,13.505,0.0358,0.1465,0.1071,FCC
3,8.236,13.755,0.0295,0.125,0.0951,FCC
4,8.1845,13.68,0.0299,0.1251,0.0949,FCC
4,7.9935,13.355,0.0342,0.1445,0.1072,FCC
3,8.133,13.605,0.0298,0.1247,0.0947,FCC
4,7.942,13.28,0.0327,0.1427,0.1072,FCC
3,8.0815,13.53,0.0292,0.1238,0.0945,FCC
4,7.8905,13.205,0.0306,0.1405,0.1072,FCC
3,8.03,13.455,0.0281,0.1224,0.0942,FCC
1,7.9735,13.4,0.0491,0.1848,0.133,BCC+FCC
1,7.922,13.325,0.0483,0.184,0.1334,BCC+FCC
4,8.3405,14.075,0.0287,0.1257,0.1046,FCC
4,8.2375,13.925,0.0302,0.1277,0.1041,FCC
3,8.0465,13.6,0.0361,0.1487,0.1161,FCC
3,8.186,13.85,0.0307,0.128,0.1037,FCC
2,8.1345,13.775,0.0307,0.1279,0.1034,FCC
4,7.9435,13.45,0.0338,0.1463,0.1159,FCC
3,8.083,13.7,0.0302,0.1273,0.103,FCC
3,8.0315,13.625,0.0293,0.1262,0.1025,FCC
4,7.9965,13.695,0.0362,0.1509,0.1235,FCC
3,8.136,13.945,0.0316,0.1309,0.1105,FCC
3,8.0845,13.87,0.0312,0.1306,0.11,FCC
3,8.189,14.19,0.0322,0.1333,0.1171,FCC
4,8.1375,14.115,0.0325,0.1337,0.1164,FCC
4,8.1905,14.36,0.033,0.1357,0.122,FCC
4,8.1945,13.51,0.0342,0.1433,0.0958,FCC
4,8.334,13.76,0.0263,0.1203,0.084,FCC
2,8.2825,13.685,0.0275,0.1208,0.0841,FCC
3,8.0915,13.36,0.0342,0.142,0.0964,FCC
2,8.231,13.61,0.0281,0.1209,0.0841,FCC
1,8.1795,13.535,0.0283,0.1205,0.0841,FCC
3,7.9885,13.21,0.0321,0.1389,0.0968,FCC
2,8.128,13.46,0.028,0.1195,0.0841,FCC
3,7.7975,12.885,0.0338,0.1508,0.1071,FCC
2,8.0765,13.385,0.0272,0.1181,0.084,FCC
4,7.8855,13.06,0.0281,0.1336,0.0971,FCC
4,8.196,13.68,0.0348,0.1459,0.1069,FCC
4,8.284,13.855,0.028,0.1236,0.0951,FCC
3,8.0415,13.455,0.0343,0.1441,0.1071,FCC
3,8.181,13.705,0.0291,0.1238,0.0948,FCC
2,7.99,13.38,0.0331,0.1426,0.1072,FCC
2,8.1295,13.63,0.0289,0.1232,0.0946,FCC
3,7.9385,13.305,0.0315,0.1406,0.1072,FCC
3,8.0265,13.48,0.027,0.1203,0.094,FCC
3,8.337,14.1,0.0276,0.1253,0.1045,FCC
2,8.2855,14.025,0.0286,0.1263,0.1042,FCC
2,8.1825,13.875,0.0298,0.1269,0.1035,FCC
3,7.9915,13.55,0.0341,0.1461,0.1159,FCC
2,8.131,13.8,0.0297,0.1265,0.1032,FCC
3,8.0795,13.725,0.0291,0.1257,0.1027,FCC
3,8.184,14.045,0.0306,0.1298,0.1108,FCC
4,8.1325,13.97,0.0306,0.1297,0.1103,FCC
3,8.1855,14.215,0.0314,0.1325,0.1168,FCC
2,8.2425,13.61,0.033,0.1423,0.0955,FCC
4,8.382,13.86,0.0243,0.1187,0.0838,FCC
4,8.191,13.535,0.0336,0.1421,0.0958,FCC
3,8.3305,13.785,0.0258,0.1195,0.0839,FCC
3,8.1395,13.46,0.0337,0.1415,0.0961,FCC
3,8.279,13.71,0.0269,0.1198,0.084,FCC
1,8.2275,13.635,0.0274,0.1196,0.084,FCC
4,7.897,13.06,0.036,0.1545,0.1064,FCC
2,8.0365,13.31,0.0324,0.1388,0.0966,FCC
3,8.176,13.56,0.0275,0.1189,0.084,FCC
2,7.985,13.235,0.031,0.1368,0.0968,FCC
3,8.1245,13.485,0.027,0.1176,0.084,FCC
4,8.073,13.41,0.0261,0.1158,0.0839,FCC
4,8.3835,14.03,0.0252,0.1212,0.0952,FCC
3,8.332,13.955,0.0263,0.1222,0.0951,FCC
1,7.7225,12.88,0.0489,0.1875,0.1303,BCC+FCC
4,8.141,13.63,0.0344,0.1445,0.1069,FCC
3,8.2805,13.88,0.0274,0.1227,0.095,FCC
4,8.229,13.805,0.0281,0.1228,0.0948,FCC
4,8.038,13.48,0.0333,0.1424,0.1071,FCC
2,8.1775,13.73,0.0282,0.1224,0.0946,FCC
4,7.9865,13.405,0.032,0.1406,0.1071,FCC
1,8.126,13.655,0.0279,0.1215,0.0944,FCC
2,8.385,14.2,0.0264,0.1235,0.1045,FCC
3,8.282,14.05,0.028,0.1255,0.104,FCC
4,8.2305,13.975,0.0287,0.1258,0.1037,FCC
4,8.0395,13.65,0.0342,0.1458,0.116,FCC
2,8.179,13.9,0.029,0.1256,0.1034,FCC
3,8.1275,13.825,0.0288,0.125,0.103,FCC
2,8.2835,14.22,0.0285,0.128,0.1116,FCC
4,8.0925,13.895,0.0357,0.1497,0.1238,FCC
2,8.232,14.145,0.0294,0.1286,0.1111,FCC
4,8.1805,14.07,0.0298,0.1287,0.1106,FCC
4,8.1455,14.14,0.0364,0.1525,0.1307,FCC
1,7.4715,13.15,0.0493,0.1904,0.1266,BCC+FCC
3,7.7355,13.675,0.0353,0.1423,0.0975,FCC
1,7.752,13.82,0.0438,0.1657,0.1187,BCC+FCC
1,7.5095,13.42,0.0422,0.1774,0.1284,BCC+FCC
1,7.614,13.74,0.0481,0.1838,0.1363,BCC+FCC
1,7.8065,14.235,0.0464,0.1707,0.1333,BCC+FCC
1,7.705,14.255,0.0458,0.1728,0.1381,BCC+FCC
1,7.9125,14.725,0.0474,0.1732,0.1449,BCC+FCC
1,7.747,13.675,0.0417,0.1615,0.1097,BCC+FCC
4,7.7335,13.87,0.0353,0.144,0.1056,FCC
1,7.662,13.84,0.0487,0.1835,0.1362,BCC+FCC
1,7.6105,13.765,0.0469,0.1824,0.1362,BCC+FCC
1,7.906,14.41,0.0454,0.1693,0.1337,BCC+FCC
1,7.8045,14.43,0.0463,0.1721,0.1388,BCC+FCC
1,7.8575,14.675,0.0472,0.1737,0.1441,BCC+FCC
1,7.806,14.6,0.0472,0.1742,0.1436,BCC+FCC
1,7.859,14.845,0.048,0.1755,0.1482,BCC+FCC
1,7.4645,13.2,0.0479,0.1861,0.1267,BCC+FCC
4,7.883,13.95,0.0364,0.1422,0.0978,FCC
4,7.78,13.8,0.0344,0.1402,0.0974,FCC
4,7.7285,13.725,0.0327,0.1385,0.0972,FCC
1,7.6055,13.62,0.0446,0.1777,0.1282,BCC+FCC
4,7.73,13.895,0.034,0.1422,0.1054,FCC
1,7.5555,13.715,0.0433,0.179,0.1361,BCC+FCC
1,7.5125,13.3,0.0487,0.1866,0.1264,BCC+FCC
4,7.8795,13.975,0.0354,0.1409,0.0977,FCC
4,7.828,13.9,0.0346,0.1399,0.0975,FCC
4,7.7765,13.825,0.0333,0.1384,0.0973,FCC
3,7.725,13.75,0.0314,0.1363,0.097,FCC
4,7.8295,14.07,0.0356,0.1431,0.106,FCC
1,7.8095,14.115,0.0496,0.1832,0.136,BCC+FCC
1,7.758,14.04,0.0491,0.1827,0.1361,BCC+FCC
1,7.6035,13.815,0.0445,0.1791,0.1361,BCC+FCC
3,7.7795,14.165,0.0355,0.1452,0.1125,FCC
4,7.7295,14.26,0.0351,0.1472,0.1174,FCC
3,7.8775,14.17,0.0354,0.1425,0.1061,FCC
4,7.7745,14.02,0.0332,0.1401,0.1054,FCC
4,7.723,13.945,0.0313,0.1381,0.1049,FCC
3,7.8275,14.265,0.0355,0.1447,0.1128,FCC
4,7.776,14.19,0.0343,0.1436,0.1122,FCC
4,7.7245,14.115,0.0326,0.1419,0.1116,FCC
4,7.9755,14.175,0.0342,0.1393,0.0977,FCC
1,7.5055,13.35,0.0473,0.1819,0.1265,BCC+FCC
4,7.8725,14.025,0.0335,0.1377,0.0974,FCC
4,7.821,13.95,0.0325,0.1362,0.0972,FCC
3,7.7695,13.875,0.0309,0.1342,0.0969,FCC
4,7.718,13.8,0.0288,0.1315,0.0966,FCC
4,7.977,14.345,0.0349,0.1421,0.1066,FCC
1,7.648,13.94,0.0444,0.1774,0.136,BCC+FCC
2,7.927,14.44,0.0357,0.1446,0.1136,FCC
4,7.8755,14.365,0.0353,0.1441,0.1131,FCC
2,7.7725,14.215,0.0331,0.1417,0.112,FCC
4,7.972,14.2,0.0335,0.1381,0.0976,FCC
3,7.869,14.05,0.0326,0.136,0.0973,FCC
2,7.766,13.9,0.0297,0.1318,0.0968,FCC
4,7.7145,13.825,0.0275,0.1288,0.0965,FCC
1,7.643,13.795,0.0424,0.1721,0.128,BCC+FCC
3,7.819,14.145,0.0324,0.1379,0.1054,FCC
2,7.7675,14.07,0.0308,0.1359,0.105,FCC
3,7.8205,14.315,0.0334,0.1415,0.1123,FCC
1,7.55,13.475,0.0473,0.1802,0.1263,BCC+FCC
1,7.814,14,0.0303,0.1319,0.0969,FCC
3,7.7625,13.925,0.0285,0.1292,0.0966,FCC
3,7.867,14.245,0.0325,0.1377,0.1056,FCC
4,7.8155,14.17,0.0313,0.1359,0.1052,FCC
2,7.8685,14.415,0.0334,0.1411,0.1126,FCC
1,7.146,13.69,0.044,0.1773,0.1305,BCC+FCC
1,7.4415,14.335,0.0463,0.1773,0.1282,BCC+FCC
1,7.443,14.505,0.0474,0.1801,0.1347,BCC+FCC
1,7.496,14.75,0.05,0.1835,0.1406,BCC+FCC
1,7.5325,14.85,0.044,0.1662,0.1262,BCC+FCC
1,7.69,15.415,0.0472,0.17,0.1357,BCC+FCC
1,7.6385,15.34,0.0473,0.1707,0.1347,BCC+FCC
1,7.541,14.51,0.0483,0.178,0.1285,BCC+FCC
1,7.629,14.685,0.0428,0.1609,0.1164,BCC+FCC
1,7.526,14.535,0.0406,0.1592,0.1155,BCC+FCC
1,7.4395,14.53,0.0462,0.1786,0.1345,BCC+FCC
1,7.5805,14.95,0.044,0.1656,0.1267,BCC+FCC
1,7.5835,15.29,0.046,0.1703,0.1332,BCC+FCC
1,7.688,15.61,0.0471,0.1714,0.1375,BCC+FCC
1,7.345,14.04,0.0485,0.1852,0.1301,BCC+FCC
1,7.677,14.785,0.0424,0.1601,0.1166,BCC+FCC
1,7.6255,14.71,0.0419,0.1597,0.1162,BCC+FCC
1,7.539,14.705,0.0482,0.1794,0.135,BCC+FCC
1,7.4875,14.63,0.0469,0.1784,0.1347,BCC+FCC
1,7.7315,15.2,0.0437,0.1645,0.1285,BCC+FCC
1,7.68,15.125,0.044,0.1648,0.1279,BCC+FCC
1,7.733,15.37,0.0444,0.1665,0.1327,BCC+FCC
1,7.6815,15.295,0.0447,0.167,0.1319,BCC+FCC
1,7.6845,15.635,0.0463,0.1709,0.137,BCC+FCC
1,7.672,14.64,0.0408,0.1563,0.1091,BCC+FCC
1,7.534,14.56,0.0464,0.1753,0.1283,BCC+FCC
1,7.587,14.805,0.0482,0.1789,0.1352,BCC+FCC
1,7.4855,14.825,0.0468,0.1798,0.14,BCC+FCC
1,7.6795,15.49,0.0447,0.1684,0.1346,BCC+FCC
1,7.338,14.09,0.047,0.1808,0.13,BCC+FCC
1,7.235,13.94,0.0441,0.1737,0.1302,BCC+FCC
1,7.6335,14.735,0.0473,0.1759,0.1285,BCC+FCC
1,7.582,14.66,0.0466,0.175,0.1283,BCC+FCC
1,7.635,14.905,0.048,0.1783,0.1353,BCC+FCC
1,7.3345,14.115,0.0463,0.1784,0.13,BCC+FCC
1,7.283,14.04,0.0448,0.1748,0.1301,BCC+FCC
1,7.6315,14.93,0.0473,0.1772,0.1351,BCC+FCC
1,7.522,14.465,0.0426,0.167,0.1204,BCC+FCC
1,7.575,14.71,0.0449,0.1721,0.1281,BCC+FCC
1,7.5765,14.88,0.0457,0.175,0.1347,BCC+FCC
1,7.4305,14.315,0.0478,0.1797,0.1297,BCC+FCC
1,7.5715,14.735,0.0441,0.1704,0.128,BCC+FCC
1,7.325,15.515,0.0493,0.1797,0.1333,BCC+FCC
1,7.4325,16.175,0.0529,0.1857,0.1417,BCC+FCC
1,7.214,14.88,0.041,0.1665,0.1174,BCC+FCC
1,7.3215,15.54,0.0482,0.1785,0.1329,BCC+FCC
1,7.4275,16.03,0.0513,0.1833,0.14,BCC+FCC
1,7.365,15.13,0.0456,0.17,0.1186,BCC+FCC
1,7.2785,15.125,0.0519,0.1885,0.137,BCC+FCC
1,7.28,15.295,0.0528,0.1912,0.1427,BCC+FCC
1,7.371,15.81,0.0492,0.1804,0.1364,BCC+FCC
1,7.424,16.055,0.0505,0.1826,0.1396,BCC+FCC
1,7.413,15.23,0.0458,0.1697,0.1188,BCC+FCC
1,7.3215,15.08,0.0508,0.184,0.1303,BCC+FCC
1,7.461,15.33,0.0457,0.1693,0.119,BCC+FCC
1,7.079,14.68,0.0515,0.1904,0.1397,BCC+FCC
1,7.836,16.575,0.0319,0.1223,0.1802,FCC
1,7.908,16.155,0.0333,0.1225,0.173,FCC
4,7.8255,15.51,0.0271,0.1134,0.1603,FCC
1,8.1015,15.585,0.0346,0.1218,0.1548,FCC
1,7.762,17.19,0.0296,0.1228,0.1813,FCC
1,7.906,16.35,0.0332,0.1244,0.1719,FCC
1,7.8085,17.12,0.0298,0.1183,0.1859,FCC
1,7.8805,16.7,0.0316,0.1198,0.1807,FCC
1,7.9935,15.29,0.0302,0.1136,0.1506,FCC
1,7.87,15.635,0.0268,0.1107,0.1606,FCC
1,7.8615,17.365,0.034,0.1272,0.1845,FCC
1,7.9335,16.945,0.0352,0.1273,0.1804,FCC
1,7.882,16.87,0.0329,0.1246,0.1788,FCC
1,7.954,16.45,0.0339,0.1244,0.1728,FCC
1,8.098,15.61,0.0336,0.1204,0.1544,FCC
1,7.7585,17.215,0.0285,0.1192,0.1806,FCC
1,7.9025,16.375,0.0318,0.1219,0.1713,FCC
1,7.851,16.3,0.0292,0.1187,0.1698,FCC
1,7.995,15.46,0.0314,0.1179,0.1522,FCC
4,8.108,14.05,0.0286,0.1075,0.1036,FCC
1,8.1035,16.53,0.0354,0.1235,0.1765,FCC
1,7.908,17.295,0.0339,0.1229,0.1886,FCC
1,8.1445,15.54,0.0321,0.116,0.153,FCC
1,7.8975,16.23,0.0291,0.1141,0.1716,FCC
4,7.918,15.735,0.0279,0.1112,0.1614,FCC
1,7.99,15.315,0.0289,0.1111,0.1502,FCC
4,8.206,14.055,0.0271,0.103,0.0978,FCC
4,8.1545,13.98,0.0269,0.1026,0.0972,FCC
1,8.074,16.13,0.034,0.1224,0.1655,FCC
1,8.146,15.71,0.0329,0.1195,0.1551,FCC
1,8.0945,15.635,0.0325,0.1187,0.154,FCC
1,7.899,16.4,0.0304,0.1191,0.1708,FCC
1,8.0755,16.3,0.035,0.1259,0.1654,FCC
1,7.88,17.065,0.0328,0.1265,0.1751,FCC
1,8.024,16.225,0.034,0.1248,0.164,FCC
1,7.9765,16.9,0.0334,0.1205,0.1825,FCC
1,7.853,17.245,0.0298,0.1157,0.1864,FCC
4,7.8015,17.17,0.0276,0.1106,0.1847,FCC
4,7.822,16.675,0.0262,0.1084,0.1781,FCC
1,7.894,16.255,0.0276,0.1108,0.1712,FCC
1,8.038,15.415,0.0292,0.111,0.1508,FCC
4,8.0995,13.93,0.0251,0.0995,0.0964,FCC
1,7.978,17.07,0.0345,0.125,0.1809,FCC
1,7.9985,16.575,0.0331,0.122,0.1732,FCC
1,8.1425,15.735,0.032,0.118,0.1547,FCC
1,7.875,16.92,0.0301,0.1187,0.1776,FCC
4,8.1525,14.175,0.0268,0.1048,0.1038,FCC
4,8.101,14.1,0.0262,0.1039,0.103,FCC
1,8.1235,16.4,0.0345,0.1252,0.1663,FCC
3,8.1025,14.27,0.0273,0.1079,0.1082,FCC
1,8.2405,15.74,0.0303,0.114,0.154,FCC
1,7.901,17.345,0.0313,0.1166,0.1875,FCC
1,7.9935,16.43,0.0308,0.1149,0.1733,FCC
1,8.0655,16.01,0.0309,0.1143,0.1639,FCC
1,8.1375,15.59,0.0301,0.1124,0.1523,FCC
3,8.199,14.105,0.0252,0.0998,0.0973,FCC
3,8.1475,14.03,0.0248,0.0988,0.0967,FCC
2,8.096,13.955,0.0239,0.0971,0.0961,FCC
1,7.9745,17.095,0.0333,0.1225,0.1804,FCC
1,8.0465,16.675,0.0334,0.1218,0.1742,FCC
1,8.139,15.76,0.031,0.1163,0.1543,FCC
1,8.0875,15.685,0.0303,0.115,0.1532,FCC
4,8.2005,14.275,0.0261,0.1037,0.1042,FCC
2,8.0975,14.125,0.025,0.1018,0.1026,FCC
2,8.099,14.295,0.0261,0.1061,0.1078,FCC
1,8.1935,16.175,0.0328,0.1234,0.157,FCC
1,8.2465,16.42,0.0329,0.1258,0.1579,FCC
1,7.9695,16.95,0.031,0.1147,0.1815,FCC
3,8.1955,14.13,0.0242,0.0979,0.097,FCC
4,8.144,14.055,0.0237,0.0966,0.0964,FCC
4,8.0925,13.98,0.0227,0.0945,0.0958,FCC
1,8.043,16.7,0.0323,0.1196,0.1737,FCC
4,8.2485,14.375,0.025,0.1025,0.1046,FCC
3,8.197,14.3,0.0251,0.1021,0.1039,FCC
1,8.1885,16.03,0.0312,0.119,0.1562,FCC
4,8.1985,14.47,0.026,0.1059,0.1093,FCC
1,8.19,16.2,0.032,0.1222,0.1565,FCC
4,8.2,14.64,0.0269,0.1094,0.1136,FCC
1,8.0175,17.05,0.0318,0.1152,0.1824,FCC
4,8.295,14.305,0.023,0.0974,0.0979,FCC
3,8.2435,14.23,0.0234,0.0969,0.0973,FCC
4,8.192,14.155,0.0233,0.0958,0.0968,FCC
2,8.1405,14.08,0.0226,0.0941,0.0962,FCC
2,8.089,14.005,0.0215,0.0916,0.0955,FCC
4,8.348,14.55,0.0227,0.1006,0.1056,FCC
2,8.1935,14.325,0.0241,0.1002,0.1036,FCC
4,8.142,14.25,0.0236,0.0989,0.1028,FCC
4,8.298,14.645,0.0244,0.1045,0.1107,FCC
3,8.2465,14.57,0.0249,0.1047,0.1099,FCC
4,8.195,14.495,0.025,0.1043,0.109,FCC
4,8.248,14.74,0.0257,0.1081,0.1142,FCC
1,7.5255,17.09,0.0324,0.1324,0.1791,FCC
1,7.594,16.695,0.032,0.1313,0.1728,FCC
1,7.635,15.705,0.0301,0.1267,0.1527,FCC
1,7.5495,17.71,0.0336,0.1318,0.1852,FCC
1,7.5905,16.72,0.0311,0.1281,0.1723,FCC
1,7.6315,15.73,0.0285,0.1237,0.1523,FCC
1,7.4995,17.805,0.0322,0.1324,0.1786,FCC
1,7.731,15.905,0.0323,0.1274,0.1542,FCC
1,7.568,17.41,0.0324,0.1319,0.1759,FCC
1,7.6605,16.495,0.0324,0.1315,0.1635,FCC
1,7.5425,17.76,0.0312,0.1242,0.1839,FCC
1,7.563,17.265,0.0303,0.1226,0.1784,FCC
1,7.6555,16.35,0.0296,0.1235,0.1636,FCC
1,7.7275,15.93,0.031,0.1248,0.1538,FCC
1,7.676,15.855,0.0285,0.1212,0.1526,FCC
2,9.343,11.415,0.1024,0.4501,0.2467,IM
3,9.5975,10.82,0.1088,0.5684,0.2572,IM
3,9.48,11.155,0.1097,0.551,0.258,IM
4,9.3275,11.095,0.1049,0.5199,0.2609,IM
4,9.21,11.43,0.1037,0.5013,0.2597,IM
3,9.263,11.675,0.1069,0.5085,0.2687,IM
4,9.3225,10.95,0.1028,0.5127,0.2505,IM
3,9.528,11.255,0.1109,0.5528,0.257,IM
2,9.3705,11.05,0.104,0.5149,0.2495,IM
4,9.253,11.385,0.1029,0.4968,0.2487,IM
2,9.1485,11.425,0.0992,0.4671,0.2511,IM
2,9.031,11.76,0.0976,0.4473,0.2482,IM
2,9.0155,11.44,0.0982,0.5106,0.2624,IM
2,8.898,11.775,0.0978,0.4943,0.2612,IM
3,8.946,11.875,0.0988,0.4966,0.2603,IM
2,8.3015,12.465,0.082,0.361,0.262,IM
2,7.7875,11.03,0.0975,0.4613,0.252,IM
3,8.142,12.375,0.0884,0.3673,0.2608,IM
2,7.8465,12.04,0.0835,0.3748,0.2612,IM
3,8.017,11.95,0.0885,0.4043,0.2734,IM
1,7.599,13.435,0.0413,0.1916,0.1182,BCC+FCC
1,7.393,12.355,0.0455,0.183,0.1167,BCC+FCC
1,7.834,13.93,0.0462,0.1878,0.1397,BCC+FCC
1,7.582,12.875,0.0429,0.1815,0.1194,BCC+FCC
1,7.642,13.39,0.0409,0.1867,0.1106,BCC+FCC
1,7.695,13.635,0.043,0.1919,0.1185,BCC+FCC
4,7.806,13.325,0.0309,0.1529,0.098,FCC
1,7.69,13.49,0.0414,0.187,0.1107,BCC+FCC
4,7.859,13.57,0.0344,0.1589,0.1068,FCC
1,7.678,13.075,0.0442,0.1831,0.1189,BCC+FCC
1,7.597,13.17,0.0469,0.1948,0.1121,BCC+FCC
1,7.685,13.345,0.0405,0.1816,0.1016,BCC+FCC
4,7.854,13.425,0.0321,0.1532,0.098,FCC
1,7.731,13.32,0.046,0.1893,0.128,BCC+FCC
1,7.524,14.54,0.0464,0.189,0.1344,BCC+FCC
1,7.577,14.785,0.0496,0.1918,0.1375,BCC+FCC
1,7.572,14.64,0.047,0.1885,0.1351,BCC+FCC
1,7.373,13.83,0.0436,0.1897,0.135,BCC+FCC
1,7.567,14.495,0.0445,0.1849,0.1318,BCC+FCC
1,7.562,14.35,0.042,0.1807,0.1276,BCC+FCC
1,7.668,14.84,0.0475,0.1874,0.1364,BCC+FCC
1,7.464,13.885,0.0437,0.185,0.1286,BCC+FCC
1,7.459,13.74,0.0426,0.1788,0.1209,BCC+FCC
1,7.706,14.65,0.0437,0.1799,0.1288,BCC+FCC
1,7.366,13.42,0.0468,0.1844,0.1211,BCC+FCC
1,7.426,13.935,0.0459,0.1914,0.1129,BCC+FCC
1,7.585,14.67,0.0519,0.2063,0.1338,BCC+FCC
1,7.86,15.24,0.0454,0.184,0.1386,BCC+FCC
1,7.056,14.03,0.045,0.1845,0.1303,BCC+FCC
1,7.114,14.28,0.0484,0.1925,0.115,BCC+FCC
1,7.495,15.34,0.0487,0.1913,0.1358,BCC+FCC
1,7.883,15.36,0.0445,0.1675,0.1379,BCC+FCC
1,7.979,15.56,0.0434,0.1654,0.1403,BCC+FCC
1,7.4395,13.635,0.043,0.1926,0.1166,BCC+FCC
1,7.8735,14.94,0.0466,0.1891,0.1362,BCC+FCC
1,7.901,15.535,0.0479,0.191,0.15,BCC+FCC
1,7.9215,15.04,0.0461,0.1882,0.1369,BCC+FCC
1,7.9745,15.285,0.0467,0.1896,0.1397,BCC+FCC
1,7.4825,13.59,0.0424,0.1869,0.1092,BCC+FCC
1,8.0225,15.385,0.0455,0.1884,0.1405,BCC+FCC
1,7.6925,15.555,0.0466,0.1772,0.1302,BCC+FCC
1,7.7885,15.755,0.0455,0.1752,0.1326,BCC+FCC
1,7.1275,13.98,0.0451,0.1923,0.1186,BCC+FCC
1,7.5995,15.095,0.0456,0.1903,0.132,BCC+FCC
2,8.063,13.425,0.0373,0.1888,0.1946,FCC
2,8.058,13.28,0.0352,0.1841,0.1871,FCC
4,8.1255,13.95,0.0319,0.1711,0.2002,FCC
1,7.9545,13.9,0.0265,0.121,0.1176,FCC
3,8.0075,14.145,0.0294,0.1275,0.1239,FCC
4,7.8615,13.58,0.0283,0.1329,0.1225,FCC
2,8.0025,14,0.0271,0.1211,0.1179,FCC
4,8.1085,14.49,0.0313,0.1319,0.1299,FCC
3,9.938,10.915,0.1199,0.5584,0.2421,IM
3,9.426,12.02,0.1178,0.5226,0.2742,IM
2,9.4785,11.345,0.1105,0.5304,0.2572,IM
2,9.4125,11.755,0.112,0.5131,0.255,IM
3,9.48,11.515,0.1115,0.5335,0.2679,IM
2,9.409,11.78,0.1108,0.5112,0.2554,IM
3,9.114,12.365,0.1109,0.5226,0.2756,IM
1,7.77,13.995,0.05,0.1891,0.1111,BCC+FCC
1,7.906,14.27,0.0425,0.1721,0.1009,BCC+FCC
1,7.9075,14.44,0.043,0.1744,0.1104,BCC+FCC
1,7.912,14.95,0.0443,0.1804,0.1312,BCC+FCC
1,7.375,14.63,0.0565,0.2089,0.1155,BCC+FCC
1,7.5955,14.785,0.0484,0.1842,0.1126,BCC+FCC
1,7.3715,14.655,0.0558,0.2073,0.1155,BCC+FCC
1,7.592,14.81,0.0478,0.1829,0.1125,BCC+FCC
1,7.5965,15.32,0.0495,0.1903,0.1326,BCC+FCC
1,8.023,15.73,0.0512,0.1926,0.1554,BCC+FCC
1,8.09,15.165,0.0468,0.1865,0.1415,BCC+FCC
1,8.008,15.295,0.0477,0.1878,0.149,BCC+FCC
1,8.0125,15.805,0.0494,0.1924,0.154,BCC+FCC
1,8.004,15.685,0.0476,0.1903,0.1524,BCC+FCC
1,7.843,14.115,0.0511,0.2023,0.11,BCC+FCC
1,7.8395,14.14,0.0505,0.2011,0.1099,BCC+FCC
1,7.769,15.755,0.0519,0.2005,0.1439,BCC+FCC
1,7.6825,15.375,0.0494,0.191,0.1421,BCC+FCC
1,7.756,15.125,0.0485,0.1916,0.1298,BCC+FCC
1,7.7495,14.81,0.0468,0.1858,0.1171,BCC+FCC
1,7.7525,15.15,0.0479,0.1906,0.1296,BCC+FCC
1,7.754,15.32,0.0485,0.1929,0.1343,BCC+FCC
1,7.7555,15.49,0.049,0.195,0.138,BCC+FCC
3,8.8105,11.265,0.0965,0.4845,0.2432,IM
3,10.3405,10.55,0.1152,0.5617,0.274,IM
3,9.6465,11.55,0.1097,0.5258,0.2865,IM
3,9.2295,9.66,0.09,0.5167,0.2116,IM
3,8.5645,10.25,0.0776,0.4637,0.2241,IM
2,9.128,9.99,0.0873,0.5229,0.2289,IM
2,8.77,10.09,0.0806,0.477,0.2282,IM
4,8.7005,10.525,0.0822,0.4692,0.2297,IM
2,9.1945,10.7,0.0959,0.5187,0.2371,IM
2,9.042,10.64,0.0911,0.4866,0.2398,IM
2,7.6185,9.74,0.0681,0.4068,0.2195,IM
3,8.985,10.455,0.1098,0.5201,0.2398,IM
2,9.081,10.39,0.1011,0.5419,0.2404,IM
3,8.461,11.465,0.1036,0.4786,0.265,IM
3,8.7995,11.49,0.1056,0.4963,0.2661,IM
1,7.849,15.92,0.034,0.1625,0.2402,FCC
1,7.9415,15.005,0.0343,0.164,0.218,FCC
1,7.8865,14.955,0.0317,0.1569,0.2177,FCC
1,7.8215,16.465,0.0319,0.1561,0.2494,FCC
1,7.9655,15.625,0.0354,0.1636,0.2299,FCC
1,7.914,15.55,0.0335,0.1594,0.2296,FCC
1,7.986,15.13,0.0343,0.1621,0.218,FCC
2,9.573,11.015,0.11,0.5474,0.2336,IM
2,9.4205,10.955,0.1052,0.5162,0.2366,IM
4,9.369,10.88,0.103,0.5108,0.2381,IM
2,9.303,11.29,0.104,0.4977,0.2363,IM
3,9.351,11.39,0.105,0.4994,0.2354,IM
3,9.2995,11.315,0.103,0.495,0.2368,IM
2,9.147,11.255,0.0981,0.4634,0.2402,IM
2,9.0295,11.59,0.0966,0.4439,0.2377,IM
2,7.967,10.68,0.0921,0.4342,0.2347,IM
1,7.641,12.535,0.0449,0.1844,0.0955,BCC+FCC
4,7.8685,12.96,0.0358,0.1561,0.0749,FCC
1,7.2555,11.91,0.0478,0.1855,0.1101,BCC+FCC
1,7.314,12.255,0.048,0.1929,0.0983,BCC+FCC
1,7.4535,12.505,0.0445,0.1866,0.0896,BCC+FCC
1,7.5425,12.435,0.0485,0.1893,0.1023,BCC+FCC
1,7.5495,12.705,0.0457,0.1888,0.0887,BCC+FCC
1,7.539,12.46,0.0478,0.1863,0.1025,BCC+FCC
1,7.4875,12.385,0.0463,0.1815,0.1033,BCC+FCC
1,7.4065,12.48,0.0488,0.1929,0.0973,BCC+FCC
1,7.675,12.735,0.0431,0.1751,0.0955,BCC+FCC
1,7.253,13.12,0.0515,0.2042,0.1039,BCC+FCC
1,7.2825,12.95,0.0475,0.1894,0.111,BCC+FCC
1,7.492,13.545,0.049,0.1973,0.0932,BCC+FCC
1,7.661,13.625,0.0416,0.1704,0.0906,BCC+FCC
1,7.2495,13.145,0.0507,0.2016,0.1039,BCC+FCC
1,7.621,13.55,0.0475,0.1857,0.1009,BCC+FCC
1,7.709,13.725,0.0421,0.1702,0.0904,BCC+FCC
1,7.246,13.17,0.05,0.1989,0.104,BCC+FCC
1,7.2755,13,0.0461,0.1833,0.1111,BCC+FCC
1,7.143,13.02,0.0471,0.1898,0.1046,BCC+FCC
1,7.588,13.745,0.0505,0.1974,0.0927,BCC+FCC
1,7.6175,13.575,0.0466,0.1839,0.1009,BCC+FCC
1,7.566,13.5,0.0451,0.1818,0.1013,BCC+FCC
1,7.5145,13.425,0.0439,0.1791,0.1016,BCC+FCC
1,7.463,13.35,0.0427,0.176,0.1019,BCC+FCC
1,7.5775,13.5,0.0535,0.198,0.1083,BCC+FCC
1,7.717,13.75,0.0487,0.1855,0.1002,BCC+FCC
1,7.805,13.925,0.0424,0.1696,0.09,BCC+FCC
1,7.342,13.37,0.0516,0.201,0.1033,BCC+FCC
1,7.4815,13.62,0.0472,0.1916,0.0932,BCC+FCC
1,7.2095,13.39,0.0526,0.2081,0.0961,BCC+FCC
1,7.581,13.795,0.0491,0.1941,0.0927,BCC+FCC
1,7.4195,13.3,0.0484,0.1871,0.11,BCC+FCC
1,7.3385,13.395,0.0509,0.1984,0.1033,BCC+FCC
1,7.559,13.55,0.0439,0.1774,0.1013,BCC+FCC
1,7.3165,13.15,0.0454,0.1782,0.1109,BCC+FCC
1,7.4085,13.74,0.0571,0.216,0.0948,BCC+FCC
1,7.71,13.8,0.0473,0.1823,0.1003,BCC+FCC
1,7.607,13.65,0.0446,0.1779,0.101,BCC+FCC
1,7.335,13.42,0.0501,0.1956,0.1034,BCC+FCC
1,7.0635,13.615,0.0458,0.1848,0.1148,BCC+FCC
1,7.2145,13.865,0.0495,0.1929,0.1144,BCC+FCC
1,7.1335,13.96,0.052,0.2041,0.1067,BCC+FCC
1,7.211,13.89,0.0488,0.1906,0.1144,BCC+FCC
1,7.027,13.835,0.0483,0.1945,0.1067,BCC+FCC
1,6.9755,13.76,0.0468,0.19,0.1066,BCC+FCC
1,7.362,14.14,0.0525,0.1962,0.1138,BCC+FCC
1,7.3105,14.065,0.051,0.194,0.114,BCC+FCC
1,7.2075,13.915,0.0481,0.1881,0.1144,BCC+FCC
1,7.1265,14.01,0.0506,0.1994,0.1066,BCC+FCC
1,7.075,13.935,0.0491,0.1957,0.1066,BCC+FCC
1,7.2775,14.26,0.0543,0.2056,0.1064,BCC+FCC
1,7.498,14.415,0.0474,0.182,0.1036,BCC+FCC
1,7.2555,14.015,0.0489,0.1889,0.1142,BCC+FCC
1,7.123,14.035,0.0499,0.1968,0.1065,BCC+FCC
1,6.9615,13.54,0.047,0.1816,0.1236,BCC+FCC
1,7.4065,14.265,0.0526,0.1946,0.1136,BCC+FCC
1,7.355,14.19,0.0511,0.1924,0.1138,BCC+FCC
1,7.2225,14.21,0.0521,0.201,0.1064,BCC+FCC
1,7.443,14.365,0.0448,0.1784,0.1035,BCC+FCC
1,7.252,14.04,0.0481,0.1864,0.1142,BCC+FCC
1,7.1195,14.06,0.0491,0.1941,0.1065,BCC+FCC
1,7.3515,14.215,0.0504,0.1902,0.1138,BCC+FCC
1,7.0795,13.985,0.0546,0.2063,0.1162,BCC+FCC
1,7.219,14.235,0.0514,0.1986,0.1064,BCC+FCC
1,7.4395,14.39,0.0442,0.1764,0.1034,BCC+FCC
1,7.3995,14.315,0.0512,0.1907,0.1136,BCC+FCC
1,7.539,14.565,0.0463,0.1786,0.1033,BCC+FCC
1,7.267,14.335,0.0522,0.1994,0.1062,BCC+FCC
1,7.164,14.185,0.0492,0.1924,0.1063,BCC+FCC
1,7.1125,14.11,0.0477,0.188,0.1063,BCC+FCC
1,7.143,14.805,0.0508,0.1925,0.1148,BCC+FCC
1,7.088,14.755,0.0486,0.1879,0.1145,BCC+FCC
1,6.985,14.605,0.0457,0.1809,0.114,BCC+FCC
1,7.1875,14.93,0.0509,0.1909,0.1147,BCC+FCC
1,7.033,14.705,0.0464,0.182,0.1141,BCC+FCC
1,7.0295,14.73,0.0457,0.1791,0.114,BCC+FCC
1,7.232,15.055,0.0509,0.1893,0.1146,BCC+FCC
1,7.0775,14.83,0.0465,0.1802,0.1141,BCC+FCC
1,7.026,14.755,0.045,0.1761,0.1138,BCC+FCC
1,7.177,15.005,0.0487,0.1845,0.1144,BCC+FCC
1,7.6345,15.755,0.033,0.1453,0.1766,FCC
1,7.631,15.78,0.0321,0.142,0.1762,FCC
1,7.7235,14.865,0.0309,0.1426,0.1519,FCC
1,7.672,14.79,0.0294,0.1388,0.1512,FCC
1,7.679,15.88,0.0331,0.1432,0.1768,FCC
1,7.823,15.04,0.0346,0.1462,0.153,FCC
1,7.5465,13.395,0.0455,0.1961,0.1007,BCC+FCC
1,7.4435,13.245,0.043,0.19,0.1006,BCC+FCC
1,7.655,16.4,0.0331,0.1413,0.1864,FCC
1,7.5945,13.495,0.0461,0.1965,0.1006,BCC+FCC
1,7.696,15.41,0.031,0.1382,0.1649,FCC
1,7.543,13.42,0.0449,0.1939,0.1006,BCC+FCC
1,7.271,13.19,0.0501,0.2094,0.1036,BCC+FCC
1,7.4915,13.345,0.0437,0.1909,0.1006,BCC+FCC
1,7.2195,13.115,0.0486,0.2049,0.1037,BCC+FCC
1,7.2675,13.215,0.0494,0.2064,0.1036,BCC+FCC
1,7.488,13.37,0.0431,0.1883,0.1005,BCC+FCC
1,7.4185,13.465,0.0531,0.2151,0.1032,BCC+FCC
1,7.5875,13.545,0.045,0.1923,0.1004,BCC+FCC
1,7.536,13.47,0.0437,0.1892,0.1004,BCC+FCC
1,7.6665,14.215,0.0485,0.1969,0.1249,BCC+FCC
1,7.566,13.74,0.0561,0.2191,0.1027,BCC+FCC
1,7.5145,13.665,0.0546,0.2166,0.1029,BCC+FCC
1,7.735,13.82,0.0475,0.1955,0.1002,BCC+FCC
1,7.391,14.01,0.052,0.211,0.1275,BCC+FCC
1,7.463,13.59,0.0532,0.2136,0.1031,BCC+FCC
1,7.6835,13.745,0.0462,0.1933,0.1003,BCC+FCC
1,7.632,13.67,0.045,0.1906,0.1003,BCC+FCC
1,7.3035,16.765,0.0348,0.1521,0.1869,FCC
1,7.1365,13.735,0.0466,0.1972,0.1118,BCC+FCC
1,7.276,17.31,0.0322,0.1443,0.1931,FCC
1,7.5595,14.215,0.0451,0.1851,0.109,BCC+FCC
1,7.2965,16.815,0.0325,0.1438,0.186,FCC
1,7.2875,13.985,0.0503,0.2053,0.1122,BCC+FCC
1,7.315,14.58,0.0521,0.2072,0.134,BCC+FCC
1,7.6075,14.315,0.0459,0.1851,0.1091,BCC+FCC
1,7.2325,13.935,0.0481,0.1995,0.1119,BCC+FCC
1,7.1295,13.785,0.0452,0.1909,0.1115,BCC+FCC
1,7.6555,14.415,0.0465,0.185,0.1091,BCC+FCC
1,7.3115,14.605,0.0513,0.2049,0.1338,BCC+FCC
1,7.229,13.96,0.0474,0.1968,0.1118,BCC+FCC
1,7.6315,14.935,0.0474,0.1855,0.131,BCC+FCC
1,7.38,14.21,0.0512,0.2043,0.1121,BCC+FCC
1,7.549,14.29,0.0425,0.1795,0.1086,BCC+FCC
1,7.005,13.83,0.0516,0.2097,0.1149,BCC+FCC
1,7.628,14.96,0.0466,0.1838,0.1309,BCC+FCC
1,7.356,14.73,0.0513,0.2034,0.1338,BCC+FCC
1,7.3765,14.235,0.0504,0.2021,0.112,BCC+FCC
1,7.4735,14.735,0.0421,0.1759,0.1298,BCC+FCC
1,7.573,14.91,0.0443,0.1796,0.1304,BCC+FCC
1,7.5215,14.835,0.0429,0.1767,0.13,BCC+FCC
1,7.373,14.26,0.0497,0.1998,0.1119,BCC+FCC
1,7.194,14.68,0.0462,0.1884,0.1181,BCC+FCC
1,7.2215,15.275,0.0481,0.1905,0.1378,BCC+FCC
1,7.1905,14.705,0.0455,0.1859,0.1179,BCC+FCC
1,7.139,14.63,0.044,0.182,0.1175,BCC+FCC
1,7.562,15.11,0.0425,0.1669,0.1151,BCC+FCC
1,7.5105,15.035,0.0411,0.1651,0.1146,BCC+FCC
1,7.3895,15.055,0.05,0.1925,0.119,BCC+FCC
1,7.5585,15.135,0.0416,0.1651,0.1149,BCC+FCC
1,7.555,15.16,0.0408,0.1632,0.1146,BCC+FCC
1,7.2315,14.855,0.0448,0.1814,0.1177,BCC+FCC
1,7.18,14.78,0.0433,0.1772,0.1173,BCC+FCC
1,7.024,15.52,0.0505,0.194,0.1266,BCC+FCC
4,8.028,12.69,0.039,0.1881,0.1694,FCC
4,8.076,12.79,0.04,0.188,0.1689,FCC
4,8.0245,12.715,0.0377,0.1866,0.1696,FCC
4,8.021,12.74,0.0364,0.1849,0.1697,FCC
3,8.069,12.84,0.0376,0.1849,0.1693,FCC
4,8.0655,12.865,0.0364,0.1832,0.1694,FCC
4,8.1615,13.065,0.0382,0.1832,0.1684,FCC
3,8.11,12.99,0.0364,0.1815,0.1691,FCC
3,8.0585,12.915,0.0349,0.1794,0.1698,FCC
1,7.818,16.105,0.0374,0.1787,0.2688,FCC
1,7.811,16.155,0.0352,0.1728,0.2686,FCC
1,8.0235,14.92,0.0366,0.1761,0.2328,FCC
1,7.835,16.775,0.0355,0.1719,0.2787,FCC
4,7.7835,16.7,0.0331,0.1668,0.2784,FCC
1,7.948,15.365,0.0357,0.1725,0.2458,FCC
1,7.7465,16.23,0.0344,0.1362,0.1963,FCC
1,7.767,15.735,0.0329,0.1342,0.186,FCC
4,7.736,15.165,0.0294,0.128,0.1734,FCC
4,7.6125,15.51,0.027,0.1188,0.1834,FCC
1,7.2365,15.33,0.0357,0.1639,0.2346,FCC
1,7.464,15.755,0.0353,0.151,0.2181,FCC
1,7.671,16.675,0.0319,0.1294,0.2037,FCC
1,7.743,16.255,0.0333,0.1329,0.196,FCC
1,7.815,15.835,0.0342,0.1349,0.1865,FCC
1,7.696,15.09,0.0357,0.146,0.1852,FCC
1,7.5725,15.435,0.0323,0.1369,0.1964,FCC
1,7.712,15.685,0.03,0.1263,0.1849,FCC
1,7.7165,14.595,0.0344,0.1443,0.1712,FCC
4,7.5885,16.03,0.0266,0.1151,0.193,FCC
1,7.7325,15.19,0.0286,0.1245,0.1731,FCC
1,7.4915,16.35,0.0363,0.1537,0.2286,FCC
1,7.44,16.275,0.0333,0.1465,0.228,FCC
1,7.5795,16.525,0.0339,0.1406,0.2171,FCC
1,7.7395,16.28,0.0322,0.1293,0.1956,FCC
1,7.6205,15.535,0.0334,0.1388,0.1968,FCC
1,7.7645,14.695,0.0353,0.1452,0.1714,FCC
1,7.904,14.945,0.033,0.1306,0.1611,FCC
4,7.569,15.46,0.0312,0.1324,0.1962,FCC
1,7.7805,15.29,0.0295,0.1256,0.1736,FCC
1,7.5895,14.965,0.0308,0.1316,0.1841,FCC
1,7.801,14.795,0.0277,0.1235,0.16,FCC
1,7.6275,16.625,0.0353,0.1426,0.2176,FCC
1,7.839,16.455,0.0356,0.1348,0.1972,FCC
1,7.5085,15.88,0.0354,0.1489,0.2182,FCC
1,7.664,16.725,0.0295,0.1207,0.2029,FCC
1,7.6685,15.635,0.0346,0.1404,0.1972,FCC
1,7.88,15.465,0.033,0.1303,0.1747,FCC
1,7.8125,14.795,0.0362,0.146,0.1715,FCC
4,7.617,15.56,0.0324,0.1346,0.1966,FCC
1,7.689,15.14,0.0338,0.1391,0.1848,FCC
1,7.8285,15.39,0.0304,0.1266,0.174,FCC
1,7.9005,14.97,0.0317,0.1279,0.1609,FCC
4,7.6375,15.065,0.0318,0.1335,0.1844,FCC
1,7.7095,14.645,0.0327,0.1377,0.1709,FCC
1,7.7255,15.24,0.0269,0.1166,0.1726,FCC
4,7.962,13.485,0.028,0.1196,0.1029,FCC
1,7.9075,16.06,0.0354,0.1332,0.1872,FCC
1,7.849,13.21,0.0469,0.1773,0.1279,BCC+FCC
1,7.928,15.565,0.034,0.1308,0.1751,FCC
1,8,15.145,0.0344,0.1309,0.1617,FCC
4,7.6605,16.75,0.0283,0.1158,0.2025,FCC
1,7.665,15.66,0.0335,0.1365,0.1969,FCC
1,7.825,15.415,0.0295,0.1232,0.1738,FCC
1,7.7735,15.34,0.0278,0.1181,0.173,FCC
1,7.897,13.31,0.0478,0.1774,0.1275,BCC+FCC
1,7.904,16.085,0.0342,0.1303,0.1869,FCC
1,7.6545,12.91,0.0484,0.1827,0.134,BCC+FCC
3,7.955,13.535,0.0254,0.1141,0.1026,FCC
3,7.948,13.585,0.0228,0.1076,0.1024,FCC
1,7.133,16.765,0.0324,0.1506,0.2304,FCC
1,7.0655,16.095,0.0347,0.1606,0.2311,FCC
1,7.412,17.265,0.0346,0.1406,0.205,FCC
1,7.2415,16.445,0.032,0.1397,0.2092,FCC
1,7.174,15.775,0.0348,0.1513,0.2107,FCC
1,7.525,15.855,0.0349,0.1417,0.1781,FCC
1,7.262,15.95,0.0325,0.1395,0.1995,FCC
1,7.269,17.04,0.0328,0.1426,0.2183,FCC
1,7.4805,16.87,0.0356,0.1411,0.198,FCC
1,7.3775,16.72,0.0307,0.1287,0.1957,FCC
1,7.4495,16.3,0.0327,0.1344,0.1877,FCC
1,7.5935,15.46,0.0344,0.1408,0.1659,FCC
1,7.542,15.385,0.0327,0.1367,0.1652,FCC
1,7.4185,15.73,0.03,0.127,0.1761,FCC
1,7.3065,16.075,0.0326,0.1372,0.1997,FCC
1,7.4765,13.725,0.0459,0.1732,0.1403,BCC+FCC
1,7.5585,14.815,0.0468,0.1715,0.1346,BCC+FCC
1,7.555,14.84,0.046,0.1698,0.1345,BCC+FCC
1,7.68,15.485,0.035,0.1842,0.21,FCC
2,7.9565,10.97,0.0804,0.3834,0.2674,IM
2,7.887,11.405,0.0814,0.3718,0.2693,IM
2,9.091,9.44,0.0848,0.5221,0.2121,IM
3,8.7035,10.05,0.0895,0.4688,0.2199,IM
2,9.025,10.19,0.0972,0.4966,0.221,IM
2,9.139,9.54,0.0864,0.5272,0.2109,IM
4,8.904,10.21,0.0948,0.5051,0.2154,IM
3,8.465,10.405,0.0892,0.4636,0.2133,IM
3,8.7515,10.15,0.0909,0.4725,0.2188,IM
3,8.9555,10.625,0.0988,0.4835,0.2177,IM
3,9.0165,10.43,0.0967,0.4731,0.2212,IM
3,8.629,11.04,0.0901,0.4045,0.2196,IM
3,8.8835,10.445,0.091,0.5077,0.2327,IM
2,8.6135,10.72,0.089,0.4627,0.2363,IM
2,8.935,10.86,0.0963,0.4901,0.237,IM
3,8.6615,10.82,0.0903,0.4663,0.2353,IM
2,8.544,11.155,0.0905,0.4514,0.2333,IM
3,9.031,11.06,0.0986,0.4957,0.2351,IM
2,8.761,11.335,0.0925,0.4465,0.2362,IM
3,8.9265,11.1,0.095,0.4662,0.2374,IM
2,7.212,10.385,0.0734,0.4009,0.225,IM
2,7.8595,11.37,0.073,0.3701,0.2743,IM
2,9.551,9.55,0.0995,0.5672,0.2371,IM
3,9.564,9.875,0.1043,0.5531,0.2397,IM
2,9.409,9.82,0.0917,0.5459,0.2411,IM
2,8.939,10.54,0.0961,0.499,0.2624,IM
2,9.457,9.92,0.0932,0.551,0.2399,IM
3,9.257,10.365,0.0987,0.5473,0.2531,IM
4,9.3395,10.255,0.0978,0.5412,0.2474,IM
2,9.1045,10.305,0.0948,0.5148,0.2545,IM
2,9.222,10.59,0.1007,0.5288,0.2532,IM
2,8.987,10.64,0.0973,0.5027,0.2613,IM
3,9.0695,10.53,0.0963,0.4965,0.2551,IM
3,8.952,10.865,0.0971,0.4822,0.2593,IM
2,9.3525,10.58,0.1009,0.526,0.2451,IM
2,9.283,11.015,0.1031,0.5134,0.2471,IM
2,9.048,11.065,0.0994,0.4878,0.2572,IM
2,9.1305,10.955,0.0983,0.4816,0.2497,IM
2,9.013,11.29,0.0971,0.4644,0.2509,IM
2,7.967,11.42,0.0828,0.4013,0.2805,IM
2,7.98,11.745,0.082,0.3828,0.2755,IM
2,10.5895,9.91,0.1005,0.6187,0.2603,IM
3,10.472,10.245,0.1059,0.608,0.2696,IM
4,10.1495,10.175,0.1026,0.5817,0.2595,IM
3,10.1975,10.275,0.104,0.5855,0.2583,IM
3,10.08,10.61,0.1073,0.572,0.2652,IM
2,9.64,10.875,0.1049,0.5307,0.2561,IM
2,9.37,11.15,0.0993,0.4822,0.2604,IM
2,9.9755,10.65,0.1042,0.5433,0.2657,IM
3,9.5355,10.915,0.1012,0.5016,0.2574,IM
3,9.418,11.25,0.1003,0.4844,0.2595,IM
2,9.147,9.925,0.0913,0.4898,0.2099,IM
4,8.976,10.69,0.0918,0.4886,0.2287,IM
2,9.04,10.785,0.0902,0.5127,0.2437,IM
2,8.9225,11.12,0.0921,0.5012,0.246,IM
2,8.5645,11.22,0.0835,0.4545,0.2436,IM
3,7.4825,10.435,0.0695,0.3903,0.2352,IM
3,9.6605,10.67,0.1066,0.532,0.2461,IM
3,9.159,12.13,0.0978,0.4858,0.2764,IM
2,8.35,10.83,0.0946,0.4521,0.2352,IM
2,8.2325,11.165,0.0934,0.435,0.2341,IM
3,8.2855,11.145,0.0901,0.4604,0.2508,IM
2,7.8045,10.96,0.0715,0.3442,0.2236,IM
3,8.972,9.965,0.0939,0.5024,0.2139,IM
3,8.906,10.375,0.0991,0.4942,0.214,IM
3,8.8125,11.07,0.0965,0.4837,0.2313,IM
3,9.16,11.235,0.0845,0.3855,0.2934,IM
3,9.2995,11.485,0.0887,0.3861,0.2982,IM
2,8.8405,11.515,0.0856,0.3633,0.2698,IM
3,9.2075,10.455,0.1002,0.5321,0.2512,IM
3,9.3895,11.14,0.1086,0.5272,0.2437,IM
2,10.3235,10.235,0.1192,0.5936,0.2334,IM
3,9.169,9.85,0.0935,0.5125,0.1983,IM
3,9.663,10.025,0.1075,0.5581,0.2066,IM
2,9.3015,10.15,0.0982,0.5091,0.2049,IM
2,8.9435,10.25,0.0909,0.4625,0.202,IM
3,9.507,9.99,0.1016,0.5237,0.21,IM
2,8.9245,9.955,0.0855,0.5091,0.2123,IM
2,9.2165,10.265,0.0966,0.5513,0.2153,IM
3,8.855,10.39,0.0875,0.501,0.2138,IM
3,8.7025,10.33,0.0823,0.4683,0.2168,IM
2,8.9945,10.64,0.0931,0.5075,0.2189,IM
3,8.842,10.58,0.0886,0.4755,0.222,IM
2,9.057,10.255,0.0897,0.5099,0.2191,IM
4,9.1305,10.915,0.0985,0.5076,0.2242,IM
3,8.835,10.63,0.086,0.4673,0.223,IM
3,9.0405,10.47,0.0901,0.4815,0.2277,IM
2,9.127,10.94,0.0973,0.5044,0.2247,IM
3,8.971,10.905,0.0918,0.4689,0.2283,IM
3,8.6675,11.37,0.0878,0.4702,0.2407,IM
4,7.8115,9.775,0.0845,0.4343,0.194,IM
2,7.808,9.8,0.083,0.4298,0.1946,IM
3,7.4185,9.68,0.066,0.4,0.201,IM
4,7.617,9.57,0.0671,0.398,0.2063,IM
3,7.551,9.98,0.0696,0.403,0.2077,IM
3,7.6405,10.54,0.0846,0.433,0.2141,IM
3,7.637,10.565,0.0833,0.4286,0.2145,IM
1,7.9225,13.85,0.0479,0.1881,0.1077,BCC+FCC
1,7.847,14.295,0.0482,0.1875,0.132,BCC+FCC
1,7.764,14.915,0.0462,0.1746,0.1388,BCC+FCC
1,7.8325,14.52,0.0442,0.1718,0.1172,BCC+FCC
3,8.9835,10.325,0.0905,0.5209,0.2482,IM
3,8.7795,10.47,0.0881,0.5064,0.2442,IM
4,8.7045,9.805,0.0819,0.4687,0.2018,IM
2,8.6235,9.9,0.0824,0.4733,0.204,IM
4,8.8365,10.1,0.0831,0.5015,0.2157,IM
2,8.4785,10.2,0.0764,0.4553,0.214,IM
4,8.9725,10.375,0.0889,0.5094,0.2218,IM
2,8.82,10.315,0.0845,0.4765,0.2244,IM
2,7.246,9.945,0.0643,0.3849,0.207,IM
2,7.4665,10.515,0.0649,0.3817,0.235,IM
2,11.1815,9.865,0.1132,0.6082,0.2734,IM
2,9.169,8.755,0.0774,0.5046,0.2065,IM
3,9.0405,9.955,0.0861,0.5159,0.2239,IM
2,9.1635,9.905,0.0878,0.5341,0.2314,IM
2,9.2865,9.855,0.0886,0.552,0.2365,IM
2,8.888,9.895,0.0817,0.4827,0.2258,IM
3,9.369,9.745,0.0878,0.546,0.2314,IM
2,9.011,9.845,0.0839,0.501,0.2329,IM
2,8.8185,10.33,0.0849,0.4781,0.2301,IM
2,8.9545,10.605,0.0901,0.4831,0.2362,IM
3,8.629,9.68,0.0861,0.5382,0.2338,IM
2,10.2285,9.72,0.0984,0.5389,0.2501,IM
4,9.2235,10.29,0.0879,0.4988,0.2376,IM
4,10.1095,10.1,0.099,0.5839,0.2504,IM
3,9.3595,10.565,0.0931,0.5035,0.2438,IM
2,9.0015,10.665,0.0842,0.4569,0.243,IM
4,9.043,9.635,0.0924,0.4887,0.237,IM
2,8.899,11.325,0.0879,0.4606,0.2499,IM
2,8.26,9.83,0.0827,0.4847,0.2118,IM
2,8.038,10.205,0.0813,0.447,0.2167,IM
2,8.3765,10.23,0.0837,0.4665,0.2177,IM
1,7.768,13.21,0.0474,0.1895,0.0985,BCC+FCC
1,7.6665,13.23,0.0445,0.1903,0.1045,BCC+FCC
1,7.771,13.55,0.0496,0.194,0.1117,BCC+FCC
1,7.668,13.4,0.0458,0.1928,0.1101,BCC+FCC
1,7.8885,13.555,0.0423,0.1643,0.1044,BCC+FCC
1,7.993,13.875,0.0448,0.1659,0.1107,BCC+FCC
1,7.6695,13.57,0.0472,0.1953,0.1145,BCC+FCC
1,7.943,13.97,0.0455,0.1685,0.1125,BCC+FCC
1,7.996,14.215,0.0468,0.1695,0.1158,BCC+FCC
1,7.893,14.065,0.0459,0.1709,0.1126,BCC+FCC
1,7.629,12.61,0.0443,0.1913,0.0895,BCC+FCC
1,8.06,13.575,0.047,0.1719,0.108,BCC+FCC
1,7.957,13.425,0.0469,0.173,0.1062,BCC+FCC
1,7.8025,13.2,0.0431,0.1722,0.103,BCC+FCC
1,8.0615,13.745,0.0478,0.1735,0.1125,BCC+FCC
1,7.8055,13.54,0.0458,0.1772,0.1088,BCC+FCC
1,8.013,14.01,0.0499,0.1778,0.1164,BCC+FCC
1,7.8585,13.785,0.0485,0.1796,0.1116,BCC+FCC
1,7.4915,12.18,0.0453,0.1922,0.0889,BCC+FCC
1,7.818,12.825,0.0463,0.1782,0.0989,BCC+FCC
1,7.768,12.92,0.0454,0.1798,0.1026,BCC+FCC
1,7.771,13.26,0.0481,0.185,0.1079,BCC+FCC
1,8.03,13.805,0.0531,0.1858,0.1171,BCC+FCC
1,7.7835,12.545,0.0488,0.1855,0.0987,BCC+FCC
1,7.353,13.405,0.0445,0.1932,0.0998,BCC+FCC
1,7.7295,13.955,0.046,0.1735,0.1036,BCC+FCC
1,7.4575,13.725,0.049,0.1998,0.1079,BCC+FCC
1,7.678,13.88,0.0449,0.1732,0.1029,BCC+FCC
1,7.7825,14.2,0.0475,0.1756,0.1101,BCC+FCC
1,7.5105,13.97,0.0523,0.2032,0.1144,BCC+FCC
1,7.6795,14.05,0.046,0.1756,0.1083,BCC+FCC
1,7.5765,13.9,0.0425,0.1742,0.1064,BCC+FCC
1,7.8355,14.445,0.0483,0.1769,0.1156,BCC+FCC
1,7.7325,14.295,0.048,0.1779,0.1136,BCC+FCC
1,7.5795,14.24,0.0452,0.1795,0.1128,BCC+FCC
1,7.9415,14.935,0.0477,0.1773,0.1241,BCC+FCC
1,7.787,14.71,0.0502,0.1811,0.1202,BCC+FCC
1,7.7355,14.635,0.05,0.1818,0.1188,BCC+FCC
1,7.84,14.955,0.0506,0.1816,0.1229,BCC+FCC
1,7.42,13.105,0.0505,0.2004,0.0928,BCC+FCC
1,7.589,13.185,0.0435,0.1741,0.0877,BCC+FCC
1,7.5905,13.355,0.0447,0.1771,0.0957,BCC+FCC
1,7.695,13.675,0.0492,0.1817,0.1037,BCC+FCC
1,7.5405,13.45,0.0435,0.1786,0.1012,BCC+FCC
1,7.476,13.69,0.0552,0.2099,0.1143,BCC+FCC
1,7.6965,13.845,0.0502,0.184,0.1091,BCC+FCC
1,7.698,14.015,0.0512,0.1861,0.1132,BCC+FCC
1,7.6995,14.185,0.0522,0.1882,0.1162,BCC+FCC
1,7.7525,14.43,0.0536,0.1897,0.1194,BCC+FCC
1,7.598,14.205,0.0508,0.19,0.1148,BCC+FCC
1,7.231,12.6,0.0488,0.1971,0.092,BCC+FCC
1,7.453,12.925,0.0434,0.1797,0.0942,BCC+FCC
1,7.4045,13.19,0.0433,0.1842,0.1033,BCC+FCC
1,7.6635,13.735,0.0544,0.1939,0.1128,BCC+FCC
1,7.4685,12.55,0.0478,0.1849,0.0877,BCC+FCC
1,7.42,12.815,0.0476,0.1892,0.0998,BCC+FCC
1,7.3685,12.74,0.0459,0.1863,0.0987,BCC+FCC
1,7.4215,12.985,0.0484,0.1926,0.104,BCC+FCC
1,7.3185,12.835,0.0449,0.1869,0.1014,BCC+FCC
1,7.4745,13.23,0.0509,0.1978,0.1084,BCC+FCC
1,7.3145,14.15,0.0429,0.1799,0.1042,BCC+FCC
1,7.4705,14.545,0.0502,0.1862,0.112,BCC+FCC
1,7.3675,14.395,0.0468,0.1845,0.1103,BCC+FCC
1,7.472,14.715,0.0512,0.1885,0.1164,BCC+FCC
1,7.4735,14.885,0.0522,0.1907,0.1197,BCC+FCC
1,7.422,14.81,0.051,0.1904,0.1184,BCC+FCC
1,7.177,13.72,0.0433,0.181,0.1023,BCC+FCC
1,7.1785,13.89,0.0439,0.1847,0.1069,BCC+FCC
1,7.4375,14.435,0.0544,0.196,0.1161,BCC+FCC
1,7.386,14.36,0.0527,0.1952,0.115,BCC+FCC
1,7.439,14.605,0.0554,0.1982,0.1191,BCC+FCC
1,7.1815,14.23,0.0453,0.1917,0.1121,BCC+FCC
1,7.2345,14.475,0.0477,0.1967,0.1147,BCC+FCC
1,7.2455,13.59,0.0498,0.1924,0.104,BCC+FCC
1,7.2985,13.835,0.0523,0.1977,0.1097,BCC+FCC
1,7.2,14.195,0.0512,0.2029,0.1136,BCC+FCC
1,7.1595,13.235,0.0509,0.1949,0.1029,BCC+FCC
1,7.005,13.01,0.0449,0.1823,0.0996,BCC+FCC
1,6.9705,12.73,0.0464,0.1861,0.0992,BCC+FCC
1,7.054,14.57,0.0469,0.1872,0.1071,BCC+FCC
1,6.951,14.42,0.0439,0.1811,0.1054,BCC+FCC
1,7.1585,14.89,0.0515,0.1942,0.1139,BCC+FCC
1,7.0055,14.835,0.0468,0.1915,0.1149,BCC+FCC
1,7.0195,14.29,0.0503,0.1929,0.107,BCC+FCC
1,6.968,14.215,0.0486,0.1898,0.1062,BCC+FCC
1,7.0725,14.535,0.0528,0.1987,0.1129,BCC+FCC
1,6.6405,14.935,0.0463,0.1858,0.112,BCC+FCC
1,6.642,15.105,0.0471,0.1902,0.1154,BCC+FCC
1,7.648,12.18,0.0472,0.1859,0.1157,BCC+FCC
4,7.6845,12.28,0.0396,0.169,0.1086,FCC
4,7.9635,12.78,0.0358,0.1383,0.0855,FCC
4,8.0165,13.025,0.0382,0.1421,0.0958,FCC
1,7.7905,12.77,0.0464,0.1796,0.1272,BCC+FCC
4,8.0695,13.27,0.0398,0.1449,0.1045,FCC
1,7.8435,13.015,0.0494,0.1832,0.1351,BCC+FCC
1,7.894,12.57,0.0456,0.1694,0.1092,BCC+FCC
1,7.6515,12.17,0.0441,0.179,0.1195,BCC+FCC
1,8.053,13.305,0.0506,0.1769,0.1322,BCC+FCC
1,7.847,13.005,0.0473,0.1766,0.1306,BCC+FCC
1,8.003,13.4,0.0514,0.1793,0.1373,BCC+FCC
1,7.9,13.25,0.05,0.1795,0.1362,BCC+FCC
1,7.8485,13.175,0.0486,0.1791,0.1356,BCC+FCC
1,7.9365,13.35,0.0445,0.1618,0.12,BCC+FCC
1,8.0425,13.84,0.048,0.1654,0.1276,BCC+FCC
1,7.991,13.765,0.0477,0.1661,0.1263,BCC+FCC
1,7.514,11.74,0.0441,0.1775,0.1204,BCC+FCC
1,7.9005,12.9,0.0459,0.1678,0.1157,BCC+FCC
1,7.902,13.07,0.0471,0.1704,0.1196,BCC+FCC
1,7.955,13.315,0.0495,0.173,0.1236,BCC+FCC
1,8.111,13.71,0.0508,0.1729,0.1294,BCC+FCC
1,8.008,13.56,0.0512,0.1747,0.1269,BCC+FCC
1,7.905,13.41,0.0495,0.1752,0.1242,BCC+FCC
1,7.866,12.62,0.0485,0.1758,0.1154,BCC+FCC
1,7.8145,12.545,0.0463,0.1746,0.1145,BCC+FCC
1,7.8675,12.79,0.0497,0.1784,0.1192,BCC+FCC
1,7.5285,13.02,0.0478,0.1847,0.1202,BCC+FCC
1,7.6165,13.195,0.0433,0.1697,0.1107,BCC+FCC
1,7.671,13.61,0.0476,0.1768,0.1267,BCC+FCC
1,7.8105,13.86,0.044,0.16,0.1141,BCC+FCC
1,7.7075,13.71,0.0417,0.1589,0.113,BCC+FCC
1,7.5695,13.63,0.0447,0.1773,0.1322,BCC+FCC
1,7.709,13.88,0.0429,0.1617,0.1185,BCC+FCC
1,7.8135,14.2,0.046,0.1646,0.1247,BCC+FCC
1,7.815,14.37,0.047,0.1667,0.1283,BCC+FCC
1,7.868,14.615,0.048,0.1679,0.1321,BCC+FCC
1,7.7135,14.39,0.0466,0.1693,0.1285,BCC+FCC
1,7.662,14.315,0.0451,0.169,0.1272,BCC+FCC
1,7.7665,14.635,0.0487,0.1712,0.1311,BCC+FCC
1,7.6365,13.33,0.0505,0.1843,0.1271,BCC+FCC
1,7.776,13.58,0.0472,0.1688,0.1143,BCC+FCC
1,7.585,13.255,0.0484,0.1829,0.1268,BCC+FCC
1,7.5335,13.18,0.0457,0.1811,0.1265,BCC+FCC
1,7.779,13.92,0.0492,0.1735,0.1244,BCC+FCC
1,7.832,14.165,0.0506,0.1753,0.1289,BCC+FCC
1,7.626,13.865,0.0461,0.1745,0.1246,BCC+FCC
1,7.5745,13.79,0.0437,0.1733,0.1234,BCC+FCC
1,7.885,14.41,0.0513,0.1763,0.1326,BCC+FCC
1,7.7305,14.185,0.0504,0.1778,0.1291,BCC+FCC
1,7.6275,14.035,0.0474,0.1771,0.1264,BCC+FCC
1,7.496,12.56,0.0476,0.1805,0.112,BCC+FCC
1,7.393,12.41,0.0441,0.1737,0.1118,BCC+FCC
1,7.5855,12.905,0.0431,0.1696,0.1064,BCC+FCC
1,7.587,13.075,0.0444,0.1729,0.1125,BCC+FCC
1,7.6915,13.395,0.05,0.1787,0.1191,BCC+FCC
1,7.7445,13.64,0.0524,0.1817,0.1242,BCC+FCC
1,7.6415,13.49,0.0493,0.1804,0.1223,BCC+FCC
1,7.5385,13.34,0.0443,0.1775,0.1202,BCC+FCC
1,7.7975,13.885,0.0541,0.1839,0.1285,BCC+FCC
1,7.601,12.53,0.0472,0.1752,0.0997,BCC+FCC
1,7.3585,12.13,0.0467,0.1787,0.1124,BCC+FCC
1,7.498,12.38,0.0437,0.1694,0.0988,BCC+FCC
1,7.1675,11.805,0.0459,0.1793,0.1232,BCC+FCC
1,7.4995,12.55,0.0445,0.1734,0.1059,BCC+FCC
1,7.604,12.87,0.0495,0.1817,0.1132,BCC+FCC
1,7.501,12.72,0.0453,0.1772,0.1117,BCC+FCC
1,7.451,12.815,0.0444,0.178,0.1153,BCC+FCC
1,7.3995,12.74,0.0426,0.1748,0.1143,BCC+FCC
1,7.465,12.27,0.0476,0.1793,0.106,BCC+FCC
1,7.188,11.59,0.0461,0.1812,0.1196,BCC+FCC
1,7.3305,12.18,0.0476,0.1852,0.1134,BCC+FCC
1,7.4455,13.96,0.0427,0.1657,0.1089,BCC+FCC
1,7.4985,14.205,0.0459,0.1702,0.1161,BCC+FCC
1,7.2045,13.73,0.0431,0.1765,0.1277,BCC+FCC
1,7.412,14.2,0.0515,0.1887,0.1351,BCC+FCC
1,7.5515,14.45,0.0483,0.1736,0.1224,BCC+FCC
1,7.4485,14.3,0.0452,0.1719,0.1211,BCC+FCC
1,7.397,14.225,0.0429,0.1704,0.1204,BCC+FCC
1,7.4,14.565,0.0455,0.1764,0.1278,BCC+FCC
1,7.659,15.11,0.0518,0.1796,0.1357,BCC+FCC
1,7.712,15.355,0.0519,0.1802,0.1389,BCC+FCC
1,7.506,15.055,0.0514,0.1825,0.1339,BCC+FCC
1,7.403,14.905,0.0482,0.1817,0.131,BCC+FCC
1,7.7135,15.525,0.0526,0.1817,0.1401,BCC+FCC
1,7.456,15.15,0.0513,0.1846,0.1327,BCC+FCC
1,7.323,13.505,0.0506,0.1874,0.1219,BCC+FCC
1,7.4125,13.85,0.0465,0.1761,0.1157,BCC+FCC
1,7.361,13.775,0.0438,0.1741,0.1151,BCC+FCC
1,7.1185,13.375,0.0444,0.178,0.1275,BCC+FCC
1,7.3625,13.945,0.0452,0.1774,0.1203,BCC+FCC
1,7.4155,14.19,0.049,0.1821,0.1252,BCC+FCC
1,7.5715,14.585,0.0543,0.1865,0.1314,BCC+FCC
1,7.52,14.51,0.0535,0.1863,0.1305,BCC+FCC
1,7.3655,14.285,0.0478,0.1836,0.1273,BCC+FCC
1,7.573,14.755,0.0552,0.1885,0.1341,BCC+FCC
1,7.47,14.605,0.0532,0.1881,0.1318,BCC+FCC
1,7.367,14.455,0.0492,0.1864,0.1293,BCC+FCC
1,7.6275,15.17,0.0571,0.1916,0.1379,BCC+FCC
1,7.1855,13.075,0.0498,0.1867,0.122,BCC+FCC
1,7.222,13.175,0.0433,0.17,0.1079,BCC+FCC
1,7.378,13.57,0.0492,0.1829,0.1158,BCC+FCC
1,7.1355,13.17,0.0487,0.187,0.1282,BCC+FCC
1,7.172,13.27,0.0423,0.1704,0.1129,BCC+FCC
1,7.2905,13.045,0.0498,0.1828,0.1092,BCC+FCC
1,7.1875,12.895,0.0459,0.1752,0.108,BCC+FCC
1,7.2405,13.14,0.0487,0.1834,0.1144,BCC+FCC
1,7.189,13.065,0.0467,0.1797,0.1136,BCC+FCC
1,7.139,13.16,0.0457,0.1799,0.1171,BCC+FCC
1,7.0875,13.085,0.0437,0.1753,0.116,BCC+FCC
1,7.192,13.405,0.0485,0.1878,0.1214,BCC+FCC
1,7.153,12.615,0.0479,0.1799,0.1081,BCC+FCC
1,7.2075,13.03,0.0521,0.1925,0.1187,BCC+FCC
1,7.156,12.955,0.0499,0.1888,0.1177,BCC+FCC
1,6.9275,12.01,0.0462,0.1816,0.1219,BCC+FCC
1,7.067,12.26,0.0468,0.1786,0.1074,BCC+FCC
1,6.876,11.935,0.0435,0.1738,0.1214,BCC+FCC
1,7.0685,12.43,0.0479,0.1838,0.1124,BCC+FCC
1,7.084,12.055,0.0501,0.1878,0.1081,BCC+FCC
1,7.0325,11.98,0.0474,0.1819,0.1073,BCC+FCC
1,6.8415,11.655,0.0428,0.1752,0.1216,BCC+FCC
1,7.034,12.15,0.0486,0.1873,0.1122,BCC+FCC
1,6.948,11.795,0.0458,0.1835,0.1108,BCC+FCC
1,7.188,14.72,0.0474,0.1806,0.1236,BCC+FCC
1,7.3455,15.285,0.0546,0.1889,0.1342,BCC+FCC
1,7.2425,15.135,0.0519,0.1877,0.1324,BCC+FCC
1,7.191,15.06,0.0498,0.1865,0.1314,BCC+FCC
1,7.1925,15.23,0.0511,0.1892,0.1338,BCC+FCC
1,7.3485,15.625,0.0564,0.193,0.1391,BCC+FCC
1,7.1005,14.195,0.048,0.1811,0.1176,BCC+FCC
1,7.049,14.12,0.0462,0.178,0.117,BCC+FCC
1,6.9975,14.045,0.0445,0.1742,0.1163,BCC+FCC
1,7.1035,14.535,0.0495,0.1881,0.1269,BCC+FCC
1,7.066,13.915,0.051,0.1868,0.1177,BCC+FCC
1,7.016,14.01,0.0499,0.1873,0.1219,BCC+FCC
1,7.7535,16.195,0.0324,0.1301,0.1781,FCC
1,7.6675,15.84,0.0328,0.1328,0.1753,FCC
1,7.9425,15.505,0.0454,0.1555,0.1477,BCC+FCC
1,8.0265,16.32,0.0496,0.1612,0.1533,BCC+FCC
1,8.0985,15.9,0.0481,0.1572,0.1505,BCC+FCC
1,8.047,15.825,0.0481,0.1579,0.1483,BCC+FCC
1,7.944,15.675,0.0466,0.1581,0.1435,BCC+FCC
1,7.8925,15.6,0.0452,0.1576,0.141,BCC+FCC
1,7.9645,15.18,0.0454,0.1549,0.1368,BCC+FCC
1,7.913,15.105,0.0441,0.1546,0.1345,BCC+FCC
1,8.0485,15.995,0.0491,0.1599,0.1432,BCC+FCC
1,8.069,15.5,0.0476,0.1564,0.1375,BCC+FCC
1,8.008,15.035,0.0483,0.16,0.1542,BCC+FCC
1,7.9375,15.625,0.0497,0.165,0.1584,BCC+FCC
1,7.8875,15.72,0.0493,0.1669,0.1518,BCC+FCC
1,8.1035,14.46,0.0474,0.1581,0.1331,BCC+FCC
1,7.836,15.645,0.0472,0.1657,0.1493,BCC+FCC
1,7.98,14.805,0.048,0.1618,0.1401,BCC+FCC
1,8.0005,14.31,0.0466,0.1587,0.1297,BCC+FCC
1,7.9695,13.74,0.0443,0.1553,0.1149,BCC+FCC
1,7.9405,15.965,0.0519,0.1701,0.1485,BCC+FCC
1,8.0125,15.545,0.0513,0.1672,0.1464,BCC+FCC
1,7.961,15.47,0.0505,0.1672,0.144,BCC+FCC
1,7.9815,14.975,0.0491,0.1642,0.1373,BCC+FCC
1,8.0225,13.985,0.0464,0.1577,0.1166,BCC+FCC
1,7.971,13.91,0.0455,0.1578,0.1147,BCC+FCC
1,8.014,15.715,0.0523,0.1693,0.141,BCC+FCC
1,8.1065,14.8,0.0491,0.1619,0.13,BCC+FCC
1,8.055,14.725,0.0492,0.1627,0.1278,BCC+FCC
1,7.9725,14.08,0.0467,0.1602,0.113,BCC+FCC
1,7.922,14.68,0.0501,0.1676,0.1515,BCC+FCC
1,7.994,14.26,0.0499,0.1658,0.1425,BCC+FCC
1,7.8705,14.605,0.0482,0.1663,0.1498,BCC+FCC
1,7.9115,13.615,0.0457,0.1613,0.1268,BCC+FCC
1,7.8515,15.27,0.0506,0.1718,0.1546,BCC+FCC
1,7.944,14.355,0.0498,0.1678,0.1405,BCC+FCC
1,8.088,13.515,0.0483,0.1622,0.1174,BCC+FCC
1,7.781,15.86,0.0507,0.1754,0.1501,BCC+FCC
1,7.925,15.02,0.0523,0.1731,0.1465,BCC+FCC
1,7.9455,14.525,0.0509,0.1704,0.1387,BCC+FCC
1,8.0895,13.685,0.0492,0.1642,0.1189,BCC+FCC
1,7.822,14.87,0.0484,0.171,0.142,BCC+FCC
1,7.863,13.88,0.0462,0.166,0.1247,BCC+FCC
1,7.8115,13.805,0.0438,0.1647,0.1226,BCC+FCC
1,8.1425,13.93,0.0497,0.1654,0.1209,BCC+FCC
1,7.8235,15.04,0.0498,0.1739,0.1367,BCC+FCC
1,7.856,15.78,0.0543,0.1801,0.1347,BCC+FCC
1,7.8765,15.285,0.0531,0.1775,0.1327,BCC+FCC
1,8.0925,14.025,0.0509,0.1681,0.118,BCC+FCC
1,7.897,14.79,0.0518,0.1748,0.1282,BCC+FCC
1,7.9255,13.07,0.048,0.1644,0.1232,BCC+FCC
1,7.874,12.995,0.0458,0.1626,0.1221,BCC+FCC
1,7.946,12.575,0.0466,0.162,0.1042,BCC+FCC
1,7.908,13.905,0.0516,0.1729,0.1401,BCC+FCC
1,7.7845,14.25,0.0481,0.1716,0.1468,BCC+FCC
1,8.0005,12.99,0.0501,0.1686,0.1131,BCC+FCC
1,7.839,14.665,0.0532,0.1797,0.1425,BCC+FCC
1,8.055,13.405,0.0526,0.1733,0.1179,BCC+FCC
1,7.8595,14.17,0.052,0.1774,0.135,BCC+FCC
1,7.7565,14.02,0.0468,0.1742,0.1306,BCC+FCC
1,7.83,13.77,0.0499,0.1766,0.1206,BCC+FCC
1,8.0065,13.67,0.0541,0.1776,0.1143,BCC+FCC
1,7.8425,13.055,0.0509,0.1764,0.1251,BCC+FCC
1,7.719,13.4,0.047,0.1736,0.1339,BCC+FCC
1,7.844,13.225,0.0521,0.1795,0.1251,BCC+FCC
1,7.7205,13.57,0.0482,0.1773,0.132,BCC+FCC
1,7.7925,13.15,0.0495,0.1777,0.1232,BCC+FCC
1,7.669,13.495,0.0457,0.1744,0.1299,BCC+FCC
1,7.813,12.655,0.0484,0.1756,0.1095,BCC+FCC
1,7.7615,12.58,0.0455,0.1736,0.1077,BCC+FCC
1,7.7735,13.815,0.052,0.1829,0.1311,BCC+FCC
1,7.8145,12.825,0.0497,0.1787,0.1094,BCC+FCC
1,7.816,12.995,0.0511,0.1816,0.108,BCC+FCC
1,7.7315,12.685,0.0483,0.1708,0.1331,BCC+FCC
1,7.6505,12.21,0.0438,0.1659,0.1173,BCC+FCC
1,7.652,12.38,0.045,0.1704,0.1187,BCC+FCC
1,7.655,12.72,0.0472,0.1787,0.1179,BCC+FCC
1,7.5645,11.855,0.0428,0.1658,0.1151,BCC+FCC
1,7.6485,12.67,0.0496,0.1809,0.1324,BCC+FCC
1,7.6175,12.1,0.0467,0.1756,0.1178,BCC+FCC
1,7.5145,11.95,0.0413,0.1655,0.1144,BCC+FCC
1,7.8635,15.705,0.0461,0.1563,0.1342,BCC+FCC
1,7.8325,15.135,0.0444,0.1534,0.1216,BCC+FCC
1,8.0195,16.1,0.0448,0.1541,0.1378,BCC+FCC
1,7.937,15.455,0.0452,0.1534,0.124,BCC+FCC
1,7.8025,15.24,0.0468,0.1596,0.1468,BCC+FCC
1,7.823,14.745,0.0453,0.1566,0.1335,BCC+FCC
1,7.754,15.505,0.0479,0.1643,0.1444,BCC+FCC
1,7.723,14.935,0.0452,0.1609,0.1321,BCC+FCC
1,7.7435,14.44,0.0439,0.158,0.1191,BCC+FCC
1,7.8585,15.825,0.0502,0.1667,0.1461,BCC+FCC
1,8.0025,14.985,0.0455,0.1578,0.1275,BCC+FCC
1,7.879,15.33,0.0485,0.1634,0.1365,BCC+FCC
1,7.7965,14.685,0.0462,0.1607,0.1211,BCC+FCC
1,7.6935,14.535,0.0436,0.16,0.1174,BCC+FCC
1,7.642,14.46,0.0415,0.1591,0.1154,BCC+FCC
1,7.716,16.835,0.0529,0.175,0.1472,BCC+FCC
1,7.9525,15.08,0.0472,0.1608,0.1259,BCC+FCC
1,7.829,15.425,0.0493,0.1659,0.1327,BCC+FCC
1,7.7775,15.35,0.0487,0.1662,0.1306,BCC+FCC
1,7.654,15.695,0.0471,0.1683,0.1334,BCC+FCC
1,7.8615,16.165,0.052,0.1706,0.1385,BCC+FCC
1,7.6865,16.435,0.0513,0.1742,0.1339,BCC+FCC
1,7.748,14.95,0.0476,0.1654,0.1156,BCC+FCC
1,7.715,14.715,0.0474,0.164,0.1438,BCC+FCC
1,7.687,14.485,0.0465,0.1662,0.1312,BCC+FCC
1,7.7075,13.99,0.0453,0.1636,0.117,BCC+FCC
1,7.812,14.31,0.049,0.1674,0.1213,BCC+FCC
1,7.6165,15.075,0.0468,0.1702,0.1392,BCC+FCC
1,7.6885,14.655,0.0478,0.1691,0.131,BCC+FCC
1,7.7725,15.47,0.053,0.1756,0.1426,BCC+FCC
1,7.649,15.815,0.0515,0.1769,0.1448,BCC+FCC
1,7.7105,14.33,0.0477,0.1691,0.118,BCC+FCC
1,7.702,16.06,0.0544,0.1803,0.1417,BCC+FCC
1,7.671,15.49,0.0515,0.177,0.1339,BCC+FCC
1,7.6195,15.415,0.0494,0.1761,0.1313,BCC+FCC
1,7.6725,15.66,0.0527,0.1795,0.1279,BCC+FCC
1,7.7135,14.67,0.0502,0.174,0.1137,BCC+FCC
1,7.6685,13.2,0.0442,0.1617,0.1064,BCC+FCC
1,7.7215,13.445,0.0475,0.1668,0.1119,BCC+FCC
1,7.454,14.63,0.0418,0.1617,0.1488,BCC+FCC
1,7.754,14.185,0.0516,0.1734,0.1323,BCC+FCC
1,7.7025,14.11,0.05,0.1723,0.131,BCC+FCC
1,7.651,14.035,0.0479,0.1707,0.1296,BCC+FCC
1,7.723,13.615,0.0486,0.1698,0.1153,BCC+FCC
1,7.5995,13.96,0.0453,0.1686,0.1283,BCC+FCC
1,7.5685,13.39,0.0412,0.1642,0.1114,BCC+FCC
1,7.7555,14.355,0.0526,0.1761,0.1333,BCC+FCC
1,7.57,13.56,0.0427,0.1678,0.1131,BCC+FCC
1,7.757,14.525,0.0536,0.1786,0.1332,BCC+FCC
1,7.6335,14.87,0.0516,0.1791,0.1397,BCC+FCC
1,7.654,14.375,0.0504,0.1768,0.1297,BCC+FCC
1,7.6745,13.88,0.0491,0.1744,0.1171,BCC+FCC
1,7.551,14.225,0.0451,0.1733,0.1259,BCC+FCC
1,7.6145,15.535,0.0541,0.1842,0.1428,BCC+FCC
1,7.563,15.46,0.0515,0.1826,0.1402,BCC+FCC
1,7.5115,15.385,0.0487,0.1806,0.1374,BCC+FCC
1,7.6555,14.545,0.0516,0.1795,0.1279,BCC+FCC
1,7.6245,13.975,0.0482,0.176,0.1147,BCC+FCC
1,7.573,13.9,0.0456,0.1745,0.1126,BCC+FCC
1,7.5645,15.63,0.0529,0.1856,0.1334,BCC+FCC
1,7.585,15.135,0.0517,0.1834,0.129,BCC+FCC
1,7.49,13.76,0.0447,0.1656,0.1375,BCC+FCC
1,7.6665,13.66,0.0518,0.1764,0.1285,BCC+FCC
1,7.543,14.005,0.0482,0.1733,0.1397,BCC+FCC
1,7.4915,13.93,0.0458,0.17,0.1383,BCC+FCC
1,7.5635,13.51,0.0472,0.1716,0.1261,BCC+FCC
1,7.6355,13.09,0.048,0.1723,0.1104,BCC+FCC
1,7.668,13.83,0.0529,0.1795,0.1302,BCC+FCC
1,7.493,14.1,0.0469,0.1741,0.138,BCC+FCC
1,7.565,13.68,0.0482,0.1753,0.1274,BCC+FCC
1,7.637,13.26,0.0493,0.1756,0.1135,BCC+FCC
1,7.4415,14.025,0.0444,0.1705,0.1363,BCC+FCC
1,7.5665,13.85,0.0492,0.1788,0.1275,BCC+FCC
1,7.3915,14.12,0.0431,0.1709,0.1326,BCC+FCC
1,7.424,14.86,0.0473,0.1801,0.1384,BCC+FCC
1,7.4445,14.365,0.0466,0.1787,0.1316,BCC+FCC
1,7.5885,13.525,0.0492,0.1801,0.1142,BCC+FCC
1,7.465,13.87,0.0457,0.1771,0.1223,BCC+FCC
1,7.4855,13.375,0.0445,0.1755,0.1103,BCC+FCC
1,7.6415,13.77,0.0529,0.1845,0.1153,BCC+FCC
1,7.643,13.94,0.0542,0.1872,0.1132,BCC+FCC
1,7.5915,13.865,0.0518,0.186,0.1108,BCC+FCC
1,7.696,14.185,0.0571,0.1902,0.1123,BCC+FCC
1,7.476,12.985,0.0462,0.1698,0.1221,BCC+FCC
1,7.4965,12.49,0.0456,0.1686,0.1038,BCC+FCC
1,7.5305,13.4,0.0509,0.1815,0.1265,BCC+FCC
1,7.479,13.325,0.0484,0.1783,0.1249,BCC+FCC
1,7.4275,13.25,0.0459,0.1746,0.1233,BCC+FCC
1,7.4995,12.83,0.0476,0.1769,0.1099,BCC+FCC
1,7.4085,13.915,0.0474,0.1801,0.1331,BCC+FCC
1,7.501,13,0.0486,0.1807,0.1111,BCC+FCC
1,7.5555,13.415,0.0528,0.1898,0.1116,BCC+FCC
1,7.4225,13.37,0.049,0.1805,0.1364,BCC+FCC
1,7.4635,12.38,0.0488,0.1783,0.1069,BCC+FCC
1,7.34,12.725,0.0436,0.1699,0.1202,BCC+FCC
1,7.321,13.39,0.0444,0.1756,0.1319,BCC+FCC
1,7.2695,13.315,0.0415,0.1699,0.1299,BCC+FCC
1,7.3635,12.57,0.0461,0.1788,0.1061,BCC+FCC
1,7.285,12.94,0.0434,0.1741,0.132,BCC+FCC
1,7.3055,12.445,0.0443,0.1738,0.1193,BCC+FCC
1,7.326,11.95,0.045,0.1734,0.1033,BCC+FCC
1,7.329,12.29,0.0474,0.1833,0.1048,BCC+FCC
1,7.566,14.875,0.0427,0.1555,0.1195,BCC+FCC
1,7.6735,15.535,0.0471,0.1633,0.1283,BCC+FCC
1,7.6235,15.63,0.0478,0.1658,0.1266,BCC+FCC
1,7.572,15.555,0.0472,0.1659,0.1248,BCC+FCC
1,7.728,15.95,0.0485,0.1661,0.1292,BCC+FCC
1,7.6765,15.875,0.0489,0.1671,0.1273,BCC+FCC
1,7.458,14.845,0.0437,0.1614,0.1316,BCC+FCC
1,7.5315,14.595,0.0456,0.1638,0.1191,BCC+FCC
1,7.4285,14.445,0.0413,0.1605,0.1169,BCC+FCC
1,7.5435,15.83,0.0511,0.1729,0.1496,BCC+FCC
1,7.5125,15.26,0.0481,0.1693,0.1363,BCC+FCC
1,7.4625,15.355,0.0474,0.171,0.1351,BCC+FCC
1,7.5345,14.935,0.0478,0.1695,0.1236,BCC+FCC
1,7.483,14.86,0.0462,0.1685,0.1221,BCC+FCC
1,7.536,15.105,0.0489,0.172,0.1242,BCC+FCC
1,7.517,15.77,0.0514,0.1772,0.1338,BCC+FCC
1,7.589,15.35,0.051,0.1746,0.1254,BCC+FCC
1,7.642,15.595,0.0524,0.1763,0.1258,BCC+FCC
1,7.467,15.865,0.0511,0.1791,0.1279,BCC+FCC
1,7.695,15.84,0.053,0.1773,0.1254,BCC+FCC
1,7.6435,15.765,0.0532,0.1781,0.123,BCC+FCC
1,7.5405,15.615,0.0523,0.1789,0.118,BCC+FCC
1,7.4235,14.565,0.0463,0.1685,0.1311,BCC+FCC
1,7.3925,13.995,0.0427,0.164,0.113,BCC+FCC
1,7.55,14.56,0.0512,0.1756,0.1225,BCC+FCC
1,7.4265,14.905,0.0488,0.1753,0.1341,BCC+FCC
1,7.6045,14.975,0.054,0.1808,0.1264,BCC+FCC
1,7.606,15.145,0.0549,0.1829,0.126,BCC+FCC
1,7.3795,15.34,0.0501,0.1827,0.1276,BCC+FCC
1,7.4325,15.585,0.0537,0.1867,0.1258,BCC+FCC
1,7.4015,15.015,0.0503,0.1833,0.1149,BCC+FCC
1,7.286,14.135,0.045,0.1686,0.1282,BCC+FCC
1,7.3065,13.64,0.0441,0.1672,0.1116,BCC+FCC
1,7.442,14.53,0.0528,0.1808,0.1337,BCC+FCC
1,7.3595,13.885,0.0469,0.1743,0.1158,BCC+FCC
1,7.2565,13.735,0.043,0.1677,0.1131,BCC+FCC
1,7.392,14.625,0.0514,0.182,0.1331,BCC+FCC
1,7.3095,13.98,0.0458,0.1752,0.1163,BCC+FCC
1,7.186,14.325,0.0425,0.1694,0.1265,BCC+FCC
1,7.517,14.45,0.0554,0.1857,0.1234,BCC+FCC
1,7.3745,15.46,0.0551,0.1902,0.1398,BCC+FCC
1,7.4465,15.04,0.0561,0.1896,0.1332,BCC+FCC
1,7.395,14.965,0.0538,0.1882,0.1312,BCC+FCC
1,7.3245,15.555,0.0536,0.1914,0.1327,BCC+FCC
1,7.367,14.735,0.0526,0.1903,0.1129,BCC+FCC
1,7.4715,15.055,0.058,0.1946,0.1137,BCC+FCC
1,7.375,13.51,0.0511,0.1796,0.1133,BCC+FCC
1,7.2,13.78,0.0447,0.1695,0.1263,BCC+FCC
1,7.2015,13.95,0.0458,0.1742,0.1273,BCC+FCC
1,7.3575,14.345,0.0543,0.1883,0.1322,BCC+FCC
1,7.3265,13.775,0.0509,0.184,0.1169,BCC+FCC
1,7.275,13.7,0.0486,0.1811,0.1153,BCC+FCC
1,7.184,14.785,0.0483,0.1841,0.1349,BCC+FCC
1,7.1735,13.72,0.0452,0.1779,0.1117,BCC+FCC
1,7.1855,14.955,0.0495,0.1882,0.1306,BCC+FCC
1,7.1965,14.07,0.0485,0.1798,0.1401,BCC+FCC
1,7.114,13.425,0.0433,0.1684,0.1241,BCC+FCC
1,7.186,13.005,0.0462,0.1733,0.1093,BCC+FCC
1,7.095,14.09,0.0439,0.1742,0.1363,BCC+FCC
1,7.167,13.67,0.0472,0.1789,0.1263,BCC+FCC
1,7.1155,13.595,0.0445,0.1738,0.1246,BCC+FCC
1,7.136,13.1,0.0448,0.1732,0.1101,BCC+FCC
1,7.1685,13.84,0.0484,0.1835,0.1258,BCC+FCC
1,7.1375,13.27,0.0459,0.1781,0.1109,BCC+FCC
1,7.086,13.195,0.0434,0.1729,0.109,BCC+FCC
1,7.2435,13.76,0.0531,0.194,0.113,BCC+FCC
1,7.192,13.685,0.0506,0.1908,0.1107,BCC+FCC
1,7.1105,13.715,0.0458,0.1784,0.1376,BCC+FCC
1,7.059,13.64,0.0426,0.172,0.136,BCC+FCC
1,7.2045,12.97,0.0513,0.1871,0.1123,BCC+FCC
1,7.0295,13.24,0.0421,0.1711,0.1217,BCC+FCC
1,7.0105,13.905,0.0423,0.177,0.1304,BCC+FCC
1,7.156,13.235,0.051,0.1915,0.111,BCC+FCC
1,7.0245,13.36,0.0421,0.1748,0.1349,BCC+FCC
1,7.0965,12.94,0.0469,0.1816,0.1239,BCC+FCC
1,7.3615,15.88,0.0501,0.1748,0.1297,BCC+FCC
1,7.1645,15.155,0.0505,0.1794,0.1358,BCC+FCC
1,7.1335,14.585,0.0472,0.1749,0.1192,BCC+FCC
1,7.238,14.905,0.0523,0.1832,0.1241,BCC+FCC
1,7.13,14.875,0.053,0.1853,0.1351,BCC+FCC
1,7.1505,14.38,0.0521,0.1838,0.1199,BCC+FCC
1,7.099,14.305,0.0499,0.1806,0.1187,BCC+FCC
1,6.977,14.82,0.0467,0.1783,0.1313,BCC+FCC
1,7.205,14.795,0.0564,0.1927,0.1248,BCC+FCC
1,7.0505,14.57,0.0497,0.1851,0.12,BCC+FCC
1,6.896,14.345,0.043,0.1726,0.1145,BCC+FCC
1,7.052,14.74,0.0507,0.1889,0.1194,BCC+FCC
1,7.0645,14.025,0.0521,0.1859,0.1181,BCC+FCC
1,7.013,13.95,0.0496,0.1819,0.1168,BCC+FCC
1,7.066,14.195,0.0532,0.1899,0.12,BCC+FCC
1,7.0145,14.12,0.0507,0.1863,0.1185,BCC+FCC
1,6.86,13.895,0.0433,0.1714,0.1135,BCC+FCC
1,7.016,14.29,0.0518,0.1903,0.1189,BCC+FCC
1,6.8615,14.065,0.0444,0.1767,0.1132,BCC+FCC
1,6.894,14.805,0.0478,0.1873,0.124,BCC+FCC
1,6.966,14.385,0.0505,0.1907,0.1159,BCC+FCC
1,6.958,14.165,0.0504,0.1871,0.1307,BCC+FCC
1,7.03,13.745,0.0536,0.1908,0.1175,BCC+FCC
1,6.8755,13.52,0.0455,0.1755,0.1132,BCC+FCC
1,6.88,14.03,0.0491,0.1907,0.1121,BCC+FCC
1,6.9605,15.53,0.0503,0.182,0.1263,BCC+FCC
1,6.7775,15.705,0.0505,0.1934,0.1172,BCC+FCC
1,6.601,14.485,0.0448,0.1784,0.1166,BCC+FCC
1,6.5495,14.41,0.0421,0.1713,0.1146,BCC+FCC
1,7.821,14.485,0.0459,0.1741,0.1245,BCC+FCC
1,7.538,13.405,0.0437,0.184,0.1296,BCC+FCC
1,7.591,13.65,0.0465,0.1902,0.1307,BCC+FCC
1,7.6115,13.155,0.045,0.1885,0.1181,BCC+FCC
1,7.249,12.06,0.0451,0.1932,0.1151,BCC+FCC
1,7.509,14.83,0.0454,0.1837,0.1258,BCC+FCC
1,7.562,15.075,0.049,0.1868,0.1263,BCC+FCC
1,7.3135,14.275,0.0448,0.188,0.1332,BCC+FCC
1,7.387,14.025,0.0463,0.1926,0.1223,BCC+FCC
1,7.226,13.75,0.044,0.1851,0.1309,BCC+FCC
1,7.2465,13.255,0.0437,0.1842,0.1172,BCC+FCC
1,7.833,13.83,0.0491,0.1776,0.1356,BCC+FCC
1,7.7985,13.55,0.0514,0.1852,0.1345,BCC+FCC
1,7.643,14.98,0.0475,0.1742,0.1401,BCC+FCC
1,7.24,12.635,0.0405,0.1666,0.1257,BCC+FCC
1,7.293,12.88,0.0437,0.177,0.129,BCC+FCC
1,6.9235,11.515,0.0371,0.1558,0.1439,BCC+FCC
1,7.03,11.655,0.0396,0.1678,0.137,BCC+FCC
1,6.8745,13.085,0.0406,0.1677,0.1435,BCC+FCC
1,8.089,15.925,0.0501,0.1762,0.1553,BCC+FCC
1,7.712,16.91,0.0548,0.1925,0.1721,BCC+FCC
1,7.928,15.65,0.0548,0.1866,0.1626,BCC+FCC
1,7.9295,15.82,0.0557,0.1886,0.1604,BCC+FCC
1,8.0015,15.4,0.054,0.185,0.154,BCC+FCC
1,8.1455,14.56,0.0484,0.1758,0.1338,BCC+FCC
1,8.003,15.57,0.0548,0.1866,0.1522,BCC+FCC
1,7.986,14.455,0.0552,0.1887,0.1426,BCC+FCC
1,8.0595,14.205,0.0537,0.1865,0.1318,BCC+FCC
1,8.142,14.28,0.0518,0.1751,0.1443,BCC+FCC
4,7.7415,12.455,0.0377,0.1656,0.0768,FCC
1,7.3945,12.87,0.0481,0.1906,0.1032,BCC+FCC
1,7.262,12.89,0.0491,0.1989,0.0951,BCC+FCC
1,7.152,12.47,0.0482,0.1909,0.1128,BCC+FCC
1,7.066,12.115,0.0479,0.1888,0.1142,BCC+FCC
1,7.362,12.41,0.0474,0.1854,0.0936,BCC+FCC
1,6.894,11.405,0.044,0.1773,0.1167,BCC+FCC
1,7.173,11.905,0.044,0.1752,0.0937,BCC+FCC
1,6.7715,10.95,0.0431,0.1828,0.1256,BCC+FCC
1,7.084,13.385,0.0508,0.1963,0.1155,BCC+FCC
1,7.2235,13.635,0.0472,0.1872,0.1044,BCC+FCC
1,7.1375,13.28,0.0487,0.1893,0.1049,BCC+FCC
1,7.499,12.905,0.0473,0.1904,0.1223,BCC+FCC
1,7.685,12.78,0.0451,0.1742,0.1184,BCC+FCC
1,7.6335,12.705,0.0432,0.1708,0.1178,BCC+FCC
1,7.31,12.4,0.0427,0.1804,0.121,BCC+FCC
1,7.3305,11.905,0.0431,0.1801,0.0984,BCC+FCC
1,7.599,12.425,0.0456,0.1762,0.1179,BCC+FCC
1,7.496,12.275,0.0412,0.1668,0.1165,BCC+FCC
1,7.224,12.045,0.041,0.1765,0.1204,BCC+FCC
1,7.5645,12.145,0.0475,0.1811,0.1179,BCC+FCC
1,7.513,12.07,0.045,0.1764,0.1172,BCC+FCC
1,7.4615,11.995,0.0426,0.1709,0.1164,BCC+FCC
1,7.4785,11.79,0.0461,0.1805,0.1171,BCC+FCC
1,7.3605,14.13,0.0475,0.1922,0.1305,BCC+FCC
1,7.312,13.075,0.0522,0.2013,0.11,BCC+FCC
1,7.2605,13,0.0502,0.1978,0.1096,BCC+FCC
1,7.034,13.195,0.0415,0.1774,0.1279,BCC+FCC
1,7.3745,13.295,0.0467,0.1802,0.1254,BCC+FCC
1,7.323,13.22,0.0445,0.1759,0.1246,BCC+FCC
1,6.9995,12.915,0.042,0.1799,0.1278,BCC+FCC
1,7.0715,12.495,0.0454,0.1869,0.1084,BCC+FCC
1,7.309,12.445,0.0461,0.1796,0.1044,BCC+FCC
1,7.2575,12.37,0.0439,0.1743,0.1036,BCC+FCC
1,7.254,12.66,0.047,0.1841,0.1243,BCC+FCC
1,7.0025,11.935,0.0461,0.1918,0.1087,BCC+FCC
1,7.223,12.09,0.045,0.178,0.1036,BCC+FCC
1,7.2195,12.38,0.0473,0.1875,0.124,BCC+FCC
1,7.137,11.735,0.0429,0.1743,0.1027,BCC+FCC
1,7.2395,14.23,0.0413,0.172,0.1135,BCC+FCC
1,7.2565,14.025,0.0463,0.1811,0.1142,BCC+FCC
1,7.1535,13.875,0.0429,0.174,0.1129,BCC+FCC
1,7.1875,13.465,0.0516,0.1918,0.1143,BCC+FCC
1,7.0295,13.53,0.0478,0.1877,0.1307,BCC+FCC
1,7.1015,13.11,0.0509,0.1922,0.1135,BCC+FCC
1,6.8715,13.595,0.0409,0.1766,0.1427,BCC+FCC
1,6.892,13.1,0.0422,0.1773,0.1283,BCC+FCC
1,6.685,14.455,0.0405,0.1685,0.1338,BCC+FCC
1,7.5245,15.6,0.0365,0.1512,0.2073,FCC
1,7.4935,15.03,0.0339,0.1443,0.196,FCC
1,7.5815,15.205,0.0304,0.1297,0.1833,FCC
1,7.211,14.82,0.0344,0.1609,0.2268,FCC
1,7.4795,14.255,0.0354,0.1484,0.184,FCC
1,7.5125,14.645,0.0337,0.1404,0.1822,FCC
1,7.318,14.61,0.0308,0.1467,0.2043,FCC
1,7.7315,12.405,0.0459,0.1674,0.1278,BCC+FCC
1,7.352,13.12,0.0435,0.1729,0.1348,BCC+FCC
1,7.507,13.275,0.047,0.1718,0.1353,BCC+FCC
1,7.476,12.705,0.044,0.1666,0.115,BCC+FCC
1,7.3695,12.845,0.0442,0.1681,0.1342,BCC+FCC
1,7.4415,12.425,0.0464,0.172,0.1153,BCC+FCC
1,7.39,12.35,0.0442,0.1673,0.1148,BCC+FCC
1,7.304,11.995,0.0432,0.1659,0.1144,BCC+FCC
1,6.9735,11.42,0.0386,0.1586,0.1378,BCC+FCC
1,7.2525,11.92,0.0408,0.1592,0.1138,BCC+FCC
1,7.095,13.53,0.0431,0.1692,0.1348,BCC+FCC
1,6.923,12.82,0.0409,0.1624,0.1347,BCC+FCC
1,7.0075,13.285,0.0408,0.1629,0.139,BCC+FCC
1,7.0105,12.305,0.0449,0.176,0.1223,BCC+FCC
1,6.9925,14.165,0.0485,0.1801,0.131,BCC+FCC
1,6.7345,13.1,0.0428,0.1716,0.1283,BCC+FCC
1,6.7,12.82,0.0423,0.1731,0.1281,BCC+FCC
1,6.8935,11.47,0.0371,0.1594,0.1437,BCC+FCC
1,4.988,18.125,0.0283,0.1464,0.2173,BCC+FCC
1,4.907,18.22,0.0296,0.1556,0.2084,BCC+FCC
1,4.691,16.975,0.0262,0.1568,0.2082,BCC+FCC
1,5.076,18.3,0.0316,0.1544,0.2016,BCC+FCC
1,4.974,17.35,0.0264,0.1425,0.2086,BCC+FCC
4,7.1875,11.41,0.0443,0.2454,0.2908,BCC
3,7.8985,10.52,0.0474,0.2731,0.2984,BCC
1,7.8745,15.57,0.0352,0.1689,0.2326,FCC
3,9.021,12.505,0.1105,0.526,0.2962,IM
4,7.952,12.93,0.0432,0.2037,0.1752,FCC
1,7.7425,12.975,0.0441,0.1819,0.1102,BCC+FCC
1,7.766,13.39,0.0505,0.1979,0.1115,BCC+FCC
1,7.663,13.24,0.047,0.1966,0.1113,BCC+FCC
1,7.8485,13.465,0.0495,0.1882,0.1275,BCC+FCC
1,7.988,13.715,0.0449,0.1708,0.1162,BCC+FCC
1,7.953,13.785,0.0513,0.1895,0.1349,BCC+FCC
1,7.6955,13.41,0.0457,0.1889,0.1337,BCC+FCC
1,7.9395,13.98,0.0466,0.1751,0.1277,BCC+FCC
1,8.044,14.3,0.047,0.1748,0.1335,BCC+FCC
1,7.9925,14.225,0.0475,0.176,0.1328,BCC+FCC
1,7.941,14.15,0.0476,0.1769,0.132,BCC+FCC
1,7.8895,14.075,0.0471,0.1775,0.1312,BCC+FCC
1,7.994,14.395,0.0484,0.1775,0.1363,BCC+FCC
1,7.298,13.34,0.0464,0.1972,0.1045,BCC+FCC
1,7.623,13.815,0.0454,0.1792,0.1104,BCC+FCC
1,7.573,13.91,0.0448,0.1809,0.1175,BCC+FCC
1,7.5215,13.835,0.0425,0.1797,0.1171,BCC+FCC
1,7.6775,14.23,0.0488,0.1844,0.1246,BCC+FCC
1,7.785,14.89,0.052,0.1888,0.1395,BCC+FCC
1,7.8895,15.21,0.0507,0.1874,0.1442,BCC+FCC
1,7.632,14.835,0.0521,0.1925,0.1391,BCC+FCC
1,7.76,14.31,0.0461,0.1845,0.1346,BCC+FCC
1,7.9735,15.46,0.0523,0.1928,0.1537,BCC+FCC
1,8.0455,15.04,0.0491,0.188,0.1413,BCC+FCC
1,7.9425,14.89,0.0511,0.1908,0.1393,BCC+FCC
1,8.047,15.21,0.0497,0.1891,0.1435,BCC+FCC
1,7.938,15.41,0.0465,0.1677,0.1404,BCC+FCC
1,7.9585,14.915,0.0451,0.1643,0.1291,BCC+FCC
1,7.417,14.085,0.0429,0.1879,0.1161,BCC+FCC
1,7.6715,15.15,0.0448,0.1705,0.1398,BCC+FCC
1,7.523,14.575,0.0497,0.1962,0.1286,BCC+FCC
1,7.7775,15.64,0.0483,0.175,0.146,BCC+FCC
1,7.695,14.995,0.0456,0.1724,0.1298,BCC+FCC
1,7.9025,15.465,0.0463,0.1714,0.1364,BCC+FCC
1,7.7495,15.41,0.0484,0.1761,0.1336,BCC+FCC
1,7.698,15.335,0.0478,0.1766,0.132,BCC+FCC
1,7.595,15.185,0.0453,0.1766,0.1288,BCC+FCC
4,7.8935,12.585,0.0438,0.205,0.1811,FCC
4,8.033,12.835,0.0416,0.1922,0.1783,FCC
4,8.0345,13.005,0.0428,0.1947,0.1866,FCC
4,7.6895,15.235,0.0293,0.1322,0.175,FCC
3,8.7955,11.245,0.1127,0.5444,0.2482,IM
3,8.577,11.595,0.1117,0.4959,0.2458,IM
3,7.314,11.285,0.0934,0.4511,0.2385,IM
4,7.758,11.935,0.1053,0.4451,0.2634,IM
3,8.8365,11.465,0.1044,0.5655,0.3008,IM
3,8.064,11.74,0.1129,0.4864,0.2905,IM
3,7.9395,11.595,0.0988,0.4828,0.2955,IM
3,7.518,10.53,0.0853,0.4534,0.2317,IM
3,8.57,11.955,0.1179,0.505,0.2658,IM
3,8.9085,11.98,0.1201,0.5216,0.2672,IM
2,8.5715,12.125,0.119,0.507,0.2754,IM
3,8.3795,12.845,0.1114,0.4741,0.2755,IM
1,7.8055,14.73,0.0381,0.1765,0.225,FCC
1,7.463,13.495,0.0421,0.1839,0.1323,BCC+FCC
2,7.245,9.115,0.0706,0.4308,0.1786,IM
3,9.018,8.875,0.0847,0.5476,0.2128,IM
2,8.601,9.74,0.0828,0.5108,0.229,IM
3,8.484,9.255,0.0465,0.2961,0.2789,BCC
4,7.602,9.64,0.0421,0.2679,0.2457,BCC
3,8.8345,8.72,0.0445,0.3513,0.23,BCC
3,7.935,10.51,0.0472,0.279,0.2871,BCC
4,10.5665,7.625,0.0346,0.4509,0.1704,BCC
4,10.905,7.65,0.0369,0.4716,0.1696,BCC
3,11.2435,7.675,0.0386,0.492,0.1687,BCC
2,11.075,7.66,0.0362,0.4634,0.1713,BCC
2,11.4135,7.685,0.038,0.4838,0.1703,BCC
4,11.5835,7.695,0.0374,0.4756,0.1711,BCC
3,10.67,7.7,0.0358,0.4486,0.169,BCC
3,10.265,7.74,0.0353,0.433,0.1665,BCC
3,10.9435,7.785,0.0362,0.4376,0.1676,BCC
2,10.027,8.04,0.0406,0.4529,0.1954,BCC
3,10.3655,8.065,0.0428,0.4749,0.1947,BCC
4,8.524,12.23,0.0355,0.1582,0.1322,FCC
4,8.5255,12.4,0.0365,0.1607,0.1416,FCC
4,8.572,12.33,0.0351,0.1574,0.1318,FCC
3,8.5205,12.255,0.0345,0.1571,0.1322,FCC
4,8.5735,12.5,0.036,0.1598,0.1413,FCC
3,8.4705,12.35,0.0345,0.1593,0.1419,FCC
4,8.678,12.82,0.0362,0.1607,0.1493,FCC
4,8.731,13.065,0.036,0.1612,0.1569,FCC
4,8.628,12.915,0.0375,0.1635,0.1572,FCC
3,8.5765,12.84,0.0378,0.1641,0.1573,FCC
3,8.578,13.01,0.0386,0.1661,0.1641,FCC
4,8.5265,12.935,0.0385,0.1666,0.1641,FCC
2,8.5685,12.355,0.0341,0.1564,0.1319,FCC
3,8.517,12.28,0.0334,0.1559,0.1323,FCC
3,8.673,12.675,0.0348,0.1583,0.1406,FCC
2,8.6215,12.6,0.0352,0.1588,0.141,FCC
3,8.57,12.525,0.035,0.1589,0.1413,FCC
4,8.5185,12.45,0.0344,0.1586,0.1417,FCC
4,8.6745,12.845,0.0355,0.1603,0.1493,FCC
3,8.7275,13.09,0.0351,0.161,0.1569,FCC
3,8.573,12.865,0.0368,0.1635,0.1573,FCC
3,8.729,13.26,0.0361,0.1626,0.164,FCC
4,8.523,12.96,0.0374,0.1659,0.1641,FCC
2,8.5245,13.13,0.0384,0.168,0.1699,FCC
4,8.5855,12.15,0.0381,0.1656,0.1325,FCC
3,8.534,12.075,0.0376,0.1652,0.133,FCC
3,8.4325,12.095,0.0362,0.1662,0.1429,FCC
4,8.4855,12.34,0.0386,0.1698,0.1507,FCC
4,8.668,12.53,0.0334,0.1555,0.131,FCC
2,8.6165,12.455,0.0336,0.1556,0.1315,FCC
2,8.565,12.38,0.0332,0.1553,0.132,FCC
3,8.5135,12.305,0.0323,0.1545,0.1324,FCC
4,8.721,12.775,0.0333,0.1571,0.1403,FCC
2,8.6695,12.7,0.0341,0.1577,0.1407,FCC
1,8.618,12.625,0.0343,0.158,0.141,FCC
3,8.5665,12.55,0.0341,0.1579,0.1414,FCC
3,8.6195,12.795,0.0351,0.1602,0.1496,FCC
2,8.6725,13.04,0.0354,0.1617,0.1571,FCC
3,8.621,12.965,0.0359,0.1624,0.1572,FCC
2,8.5695,12.89,0.0359,0.1627,0.1573,FCC
3,8.571,13.06,0.0367,0.1649,0.164,FCC
3,8.5195,12.985,0.0363,0.165,0.164,FCC
4,8.5725,13.23,0.0376,0.1669,0.17,FCC
4,8.5305,12.1,0.0367,0.164,0.1331,FCC
3,8.479,12.025,0.0355,0.163,0.1335,FCC
4,8.4805,12.195,0.0365,0.1659,0.1426,FCC
2,8.5335,12.44,0.0384,0.1691,0.1506,FCC
4,8.482,12.365,0.0375,0.1686,0.1508,FCC
2,8.716,12.63,0.0322,0.1544,0.1306,FCC
4,8.6645,12.555,0.0327,0.1546,0.1311,FCC
3,8.613,12.48,0.0327,0.1545,0.1316,FCC
3,8.5615,12.405,0.0322,0.154,0.1321,FCC
3,8.769,12.875,0.0316,0.1557,0.14,FCC
2,8.7175,12.8,0.0328,0.1565,0.1404,FCC
1,8.666,12.725,0.0334,0.157,0.1407,FCC
2,8.6145,12.65,0.0335,0.1571,0.1411,FCC
4,8.563,12.575,0.0331,0.1568,0.1414,FCC
1,8.719,12.97,0.0333,0.1585,0.1491,FCC
4,8.616,12.82,0.0343,0.1594,0.1496,FCC
4,8.513,12.67,0.0333,0.1589,0.15,FCC
4,8.5145,12.84,0.0343,0.1616,0.1574,FCC
4,8.5675,13.085,0.0358,0.1641,0.164,FCC
2,8.6815,12.35,0.0365,0.1638,0.1317,FCC
4,8.63,12.275,0.0367,0.1638,0.1322,FCC
3,8.5785,12.2,0.0365,0.1634,0.1327,FCC
3,8.527,12.125,0.0357,0.1626,0.1331,FCC
3,8.4755,12.05,0.0344,0.1614,0.1336,FCC
2,8.477,12.22,0.0354,0.1644,0.1427,FCC
1,8.764,12.73,0.0307,0.1532,0.1302,FCC
3,8.7125,12.655,0.0316,0.1536,0.1307,FCC
4,8.661,12.58,0.032,0.1537,0.1312,FCC
4,8.6095,12.505,0.0319,0.1534,0.1317,FCC
2,8.558,12.43,0.0313,0.1526,0.1321,FCC
3,8.5065,12.355,0.0302,0.1515,0.1326,FCC
2,8.7655,12.9,0.0312,0.1552,0.14,FCC
4,8.714,12.825,0.0322,0.1559,0.1404,FCC
3,8.6625,12.75,0.0327,0.1561,0.1408,FCC
4,8.767,13.07,0.0316,0.1572,0.1488,FCC
4,8.7295,12.45,0.0353,0.1628,0.1313,FCC
3,8.678,12.375,0.0359,0.163,0.1318,FCC
1,8.6265,12.3,0.036,0.1628,0.1323,FCC
2,8.7605,12.755,0.0302,0.1525,0.1303,FCC
4,8.6575,12.605,0.0313,0.1526,0.1313,FCC
3,8.762,12.925,0.0307,0.1547,0.1401,FCC
1,8.7105,12.85,0.0316,0.1551,0.1405,FCC
4,8.1825,12.435,0.0314,0.135,0.055,FCC
3,8.287,12.755,0.0336,0.1388,0.0702,FCC
3,8.2355,12.68,0.0333,0.1387,0.0699,FCC
3,8.184,12.605,0.0325,0.1382,0.0695,FCC
4,8.2885,12.925,0.0345,0.1414,0.0815,FCC
4,8.237,12.85,0.0343,0.1415,0.081,FCC
4,8.1855,12.775,0.0336,0.1412,0.0805,FCC
4,8.393,13.245,0.0343,0.1419,0.0916,FCC
4,8.29,13.095,0.0354,0.1438,0.0904,FCC
4,8.187,12.945,0.0348,0.1441,0.0891,FCC
3,8.343,13.34,0.0358,0.1451,0.0984,FCC
2,8.3445,13.51,0.0367,0.147,0.1042,FCC
3,8.201,12.4,0.0365,0.1485,0.0707,FCC
3,8.1495,12.325,0.0354,0.1477,0.0703,FCC
4,8.36,13.135,0.0388,0.1546,0.0992,FCC
1,8.0925,13.415,0.05,0.1929,0.1177,BCC+FCC
2,8.3335,12.685,0.0319,0.1351,0.0551,FCC
3,8.2305,12.535,0.0313,0.1344,0.055,FCC
3,8.179,12.46,0.0302,0.1333,0.0548,FCC
3,8.3865,12.93,0.0321,0.1372,0.0705,FCC
2,8.335,12.855,0.0326,0.1377,0.0703,FCC
4,8.4395,13.175,0.0319,0.1383,0.0825,FCC
3,8.2335,12.875,0.0333,0.1404,0.0808,FCC
4,8.182,12.8,0.0325,0.1399,0.0802,FCC
3,8.441,13.345,0.0329,0.1402,0.0919,FCC
4,8.3895,13.27,0.0334,0.1415,0.0914,FCC
2,8.338,13.195,0.0342,0.1425,0.0908,FCC
4,8.2865,13.12,0.0345,0.143,0.0902,FCC
4,8.5455,13.665,0.0316,0.138,0.1008,FCC
2,8.391,13.44,0.0343,0.1435,0.0988,FCC
3,8.3395,13.365,0.035,0.1446,0.0981,FCC
4,8.288,13.29,0.0354,0.1454,0.0973,FCC
4,8.185,13.14,0.0347,0.1457,0.0955,FCC
4,8.444,13.685,0.0349,0.1437,0.1056,FCC
2,8.3925,13.61,0.0354,0.1453,0.1047,FCC
4,8.238,13.385,0.0363,0.1481,0.1018,FCC
4,8.3005,12.575,0.0364,0.148,0.0712,FCC
3,8.249,12.5,0.0362,0.1478,0.0708,FCC
3,8.302,12.745,0.0372,0.1505,0.0823,FCC
3,8.2505,12.67,0.037,0.1505,0.0817,FCC
3,8.1475,12.52,0.0353,0.1493,0.0806,FCC
4,8.355,12.99,0.0374,0.1522,0.0917,FCC
4,8.252,12.84,0.0379,0.153,0.0904,FCC
4,8.2005,12.765,0.0374,0.1528,0.0896,FCC
4,8.149,12.69,0.0364,0.1523,0.0888,FCC
2,8.3815,12.785,0.0307,0.1339,0.055,FCC
4,8.33,12.71,0.031,0.134,0.055,FCC
1,8.2785,12.635,0.0309,0.1337,0.0549,FCC
3,8.1755,12.485,0.029,0.1315,0.0546,FCC
2,8.4345,13.03,0.0304,0.1357,0.0705,FCC
1,8.383,12.955,0.0314,0.1365,0.0704,FCC
1,8.3315,12.88,0.0318,0.1368,0.0701,FCC
3,8.28,12.805,0.0317,0.1367,0.0698,FCC
3,8.2285,12.73,0.0312,0.1361,0.0695,FCC
4,8.177,12.655,0.0302,0.1351,0.0691,FCC
3,8.4875,13.275,0.0305,0.1366,0.0826,FCC
2,8.436,13.2,0.031,0.1379,0.0823,FCC
4,8.3845,13.125,0.032,0.1388,0.0819,FCC
4,8.333,13.05,0.0326,0.1394,0.0815,FCC
3,8.2815,12.975,0.0326,0.1395,0.081,FCC
2,8.23,12.9,0.0322,0.1392,0.0805,FCC
3,8.4375,13.37,0.0319,0.1399,0.0917,FCC
1,8.3345,13.22,0.0334,0.1418,0.0905,FCC
1,8.2315,13.07,0.0332,0.1421,0.0892,FCC
4,8.2845,13.315,0.0344,0.1446,0.0969,FCC
2,8.233,13.24,0.0342,0.1448,0.096,FCC
2,8.286,13.485,0.0353,0.1469,0.1025,FCC
2,8.347,12.505,0.0347,0.1445,0.0564,FCC
2,8.244,12.355,0.0343,0.1435,0.0563,FCC
3,8.1925,12.28,0.0334,0.1424,0.0561,FCC
4,8.2455,12.525,0.0352,0.1465,0.0706,FCC
3,8.194,12.45,0.0344,0.1457,0.0702,FCC
4,8.1425,12.375,0.033,0.1444,0.0698,FCC
4,8.1955,12.62,0.0354,0.1488,0.0809,FCC
4,8.3515,13.015,0.0367,0.1516,0.0914,FCC
2,8.197,12.79,0.0364,0.1516,0.0893,FCC
3,8.4295,12.885,0.0293,0.1327,0.0548,FCC
1,8.378,12.81,0.03,0.133,0.0548,FCC
2,8.3265,12.735,0.0302,0.1328,0.0548,FCC
1,8.275,12.66,0.0299,0.1322,0.0548,FCC
4,8.4825,13.13,0.0285,0.1342,0.0705,FCC
1,8.431,13.055,0.0298,0.1351,0.0704,FCC
1,8.3795,12.98,0.0306,0.1356,0.0702,FCC
3,8.328,12.905,0.031,0.1357,0.0699,FCC
4,8.2765,12.83,0.0308,0.1354,0.0696,FCC
3,8.225,12.755,0.0301,0.1346,0.0692,FCC
4,8.381,13.15,0.0313,0.1381,0.0817,FCC
4,8.3295,13.075,0.0317,0.1384,0.0813,FCC
2,8.278,13,0.0317,0.1383,0.0808,FCC
3,8.2265,12.925,0.0311,0.1378,0.0802,FCC
4,8.2795,13.17,0.0326,0.1411,0.0896,FCC
3,8.281,13.34,0.0335,0.1437,0.0966,FCC
4,8.2405,12.38,0.0334,0.142,0.0561,FCC
2,8.189,12.305,0.0323,0.1406,0.0559,FCC
3,8.242,12.55,0.0343,0.1452,0.0704,FCC
3,8.1905,12.475,0.0333,0.1441,0.07,FCC
4,8.2435,12.72,0.0351,0.1481,0.0812,FCC
4,8.4775,12.985,0.0276,0.1313,0.0546,FCC
4,8.426,12.91,0.0287,0.1318,0.0547,FCC
1,8.3745,12.835,0.0293,0.1319,0.0547,FCC
2,8.323,12.76,0.0294,0.1315,0.0547,FCC
4,8.2715,12.685,0.029,0.1306,0.0546,FCC
2,8.4275,13.08,0.0292,0.1344,0.0702,FCC
3,8.2215,12.78,0.0291,0.1329,0.069,FCC
2,8.326,13.1,0.0309,0.1374,0.081,FCC
4,8.2745,13.025,0.0307,0.1371,0.0805,FCC
4,8.3275,13.27,0.0317,0.1401,0.0899,FCC
3,8.1855,12.33,0.0312,0.1387,0.0557,FCC
4,8.187,12.5,0.0322,0.1423,0.0697,FCC
1,8.4225,12.935,0.0281,0.1308,0.0546,FCC
2,8.371,12.86,0.0286,0.1306,0.0546,FCC
2,8.3195,12.785,0.0285,0.13,0.0545,FCC
4,8.268,12.71,0.028,0.1289,0.0544,FCC
4,8.424,13.105,0.0286,0.1335,0.07,FCC
4,8.321,12.955,0.0293,0.1332,0.0695,FCC
4,8.2695,12.88,0.0289,0.1324,0.0692,FCC
3,8.3365,12.58,0.0326,0.1409,0.056,FCC
4,8.4895,12.44,0.0363,0.1696,0.1653,FCC
4,8.438,12.365,0.0356,0.1694,0.1659,FCC
4,8.3865,12.29,0.0344,0.1688,0.1664,FCC
4,8.388,12.46,0.0355,0.1714,0.1749,FCC
4,8.3895,12.63,0.0366,0.1739,0.1827,FCC
4,8.2145,11.58,0.0356,0.1803,0.1695,FCC
4,8.383,12.315,0.0332,0.1674,0.1665,FCC
4,8.5905,12.785,0.0363,0.1704,0.1731,FCC
4,8.539,12.71,0.0365,0.1709,0.1736,FCC
4,8.489,12.805,0.0372,0.1732,0.182,FCC
4,8.6965,13.275,0.0357,0.1714,0.1881,FCC
3,8.4905,12.975,0.0381,0.1753,0.1893,FCC
4,8.7495,13.52,0.0355,0.1709,0.1948,FCC
4,8.5435,13.22,0.0389,0.1765,0.1958,FCC
4,8.751,13.69,0.0363,0.172,0.2013,FCC
4,8.4515,12.185,0.0389,0.177,0.1665,FCC
4,8.4045,12.62,0.0407,0.1836,0.1903,FCC
3,8.5855,12.64,0.0349,0.1678,0.1644,FCC
2,8.534,12.565,0.0349,0.1679,0.165,FCC
3,8.4825,12.49,0.0344,0.1676,0.1656,FCC
3,8.431,12.415,0.0335,0.167,0.1661,FCC
4,8.3795,12.34,0.032,0.166,0.1667,FCC
4,8.6385,12.885,0.0349,0.1692,0.1727,FCC
3,8.5355,12.735,0.0357,0.1701,0.1737,FCC
4,8.64,13.055,0.0355,0.171,0.1809,FCC
3,8.4855,12.83,0.0362,0.1724,0.1821,FCC
2,8.6415,13.225,0.036,0.1726,0.1885,FCC
2,8.487,13,0.0371,0.1745,0.1894,FCC
2,8.4355,12.925,0.0365,0.1745,0.1897,FCC
4,8.437,13.095,0.0375,0.1767,0.1962,FCC
4,8.4995,12.285,0.0387,0.1763,0.1661,FCC
3,8.448,12.21,0.0379,0.1758,0.1666,FCC
4,8.3965,12.135,0.0367,0.1749,0.1672,FCC
4,8.4495,12.38,0.0388,0.1783,0.1752,FCC
3,8.3995,12.475,0.0387,0.1802,0.1833,FCC
2,8.6335,12.74,0.0338,0.1667,0.1639,FCC
1,8.582,12.665,0.0342,0.167,0.1645,FCC
3,8.5305,12.59,0.0341,0.1669,0.1651,FCC
4,8.479,12.515,0.0335,0.1665,0.1657,FCC
3,8.6865,12.985,0.0333,0.1679,0.1723,FCC
1,8.635,12.91,0.0343,0.1687,0.1728,FCC
4,8.5835,12.835,0.0348,0.1692,0.1734,FCC
3,8.532,12.76,0.0349,0.1693,0.1738,FCC
3,8.4805,12.685,0.0344,0.169,0.1743,FCC
4,8.429,12.61,0.0334,0.1684,0.1748,FCC
3,8.688,13.155,0.0338,0.1696,0.1806,FCC
2,8.6365,13.08,0.0349,0.1706,0.181,FCC
3,8.5335,12.93,0.0356,0.1715,0.1818,FCC
4,8.482,12.855,0.0353,0.1715,0.1822,FCC
3,8.6895,13.325,0.0342,0.1712,0.1882,FCC
4,8.638,13.25,0.0354,0.1723,0.1885,FCC
3,8.5865,13.175,0.0362,0.1731,0.1888,FCC
3,8.535,13.1,0.0364,0.1736,0.1891,FCC
2,8.599,12.46,0.0381,0.1756,0.1651,FCC
2,8.5475,12.385,0.0382,0.1756,0.1657,FCC
3,8.496,12.31,0.0378,0.1753,0.1662,FCC
3,8.4445,12.235,0.037,0.1745,0.1668,FCC
4,8.393,12.16,0.0356,0.1734,0.1673,FCC
2,8.652,12.705,0.0379,0.1771,0.1734,FCC
3,8.3945,12.33,0.0366,0.1763,0.1757,FCC
2,8.4475,12.575,0.0387,0.1796,0.183,FCC
3,8.396,12.5,0.0376,0.179,0.1834,FCC
1,8.6815,12.84,0.0324,0.1656,0.1635,FCC
3,8.63,12.765,0.0332,0.166,0.1641,FCC
2,8.5785,12.69,0.0335,0.1661,0.1647,FCC
2,8.527,12.615,0.0332,0.1659,0.1653,FCC
1,8.4755,12.54,0.0325,0.1652,0.1658,FCC
4,8.424,12.465,0.0313,0.1642,0.1664,FCC
4,8.7345,13.085,0.0315,0.1666,0.1719,FCC
3,8.683,13.01,0.0328,0.1675,0.1725,FCC
1,8.6315,12.935,0.0337,0.1681,0.173,FCC
1,8.58,12.86,0.0341,0.1684,0.1735,FCC
2,8.5285,12.785,0.034,0.1683,0.1739,FCC
4,8.477,12.71,0.0334,0.1679,0.1744,FCC
4,8.4255,12.635,0.0323,0.1671,0.1749,FCC
4,8.736,13.255,0.0318,0.1682,0.1803,FCC
3,8.633,13.105,0.0343,0.1701,0.1811,FCC
2,8.5815,13.03,0.0348,0.1705,0.1815,FCC
4,8.53,12.955,0.0348,0.1707,0.1819,FCC
4,8.4785,12.88,0.0343,0.1704,0.1823,FCC
2,8.427,12.805,0.0333,0.1698,0.1826,FCC
4,8.5315,13.125,0.0356,0.1729,0.1892,FCC
4,8.48,13.05,0.0352,0.1728,0.1895,FCC
4,8.533,13.295,0.0364,0.1749,0.1959,FCC
2,8.5955,12.485,0.0375,0.1748,0.1652,FCC
3,8.544,12.41,0.0375,0.1746,0.1658,FCC
3,8.4925,12.335,0.037,0.1741,0.1664,FCC
3,8.441,12.26,0.036,0.1732,0.1669,FCC
4,8.338,12.11,0.0325,0.17,0.1679,FCC
4,8.6485,12.73,0.0375,0.1766,0.1735,FCC
2,8.7295,12.94,0.0308,0.1644,0.163,FCC
4,8.678,12.865,0.0319,0.165,0.1636,FCC
1,8.6265,12.79,0.0326,0.1653,0.1642,FCC
3,8.575,12.715,0.0327,0.1652,0.1648,FCC
1,8.5235,12.64,0.0324,0.1647,0.1654,FCC
2,8.472,12.565,0.0316,0.1638,0.166,FCC
3,8.4205,12.49,0.0303,0.1625,0.1665,FCC
4,8.731,13.11,0.0311,0.1662,0.172,FCC
4,8.6795,13.035,0.0324,0.167,0.1726,FCC
3,8.628,12.96,0.0331,0.1674,0.1731,FCC
4,8.5765,12.885,0.0334,0.1675,0.1736,FCC
2,8.525,12.81,0.0332,0.1673,0.1741,FCC
3,8.4735,12.735,0.0325,0.1666,0.1745,FCC
4,8.681,13.205,0.0328,0.1689,0.1808,FCC
3,8.578,13.055,0.0341,0.1698,0.1816,FCC
4,8.5265,12.98,0.034,0.1697,0.182,FCC
4,8.475,12.905,0.0334,0.1693,0.1823,FCC
4,8.6435,12.585,0.0365,0.174,0.1648,FCC
4,8.592,12.51,0.0369,0.1739,0.1654,FCC
1,8.5405,12.435,0.0368,0.1736,0.1659,FCC
4,8.645,12.755,0.037,0.176,0.1736,FCC
4,8.7915,12.25,0.0371,0.2022,0.1903,FCC
4,8.8875,12.45,0.0377,0.2011,0.1894,FCC
4,8.7845,12.3,0.0347,0.2,0.1906,FCC
4,8.987,12.625,0.0379,0.2004,0.1883,FCC
3,8.9355,12.55,0.0376,0.2004,0.1889,FCC
2,8.884,12.475,0.0367,0.2002,0.1895,FCC
4,8.8325,12.4,0.0354,0.1996,0.1902,FCC
4,9.0865,12.8,0.0367,0.1989,0.1871,FCC
3,9.035,12.725,0.0372,0.1995,0.1878,FCC
4,8.829,12.425,0.0343,0.1984,0.1903,FCC
3,9.088,12.97,0.0371,0.2005,0.1957,FCC
4,9.0365,12.895,0.0377,0.2012,0.1963,FCC
4,8.985,12.82,0.0379,0.2015,0.1969,FCC
4,8.9335,12.745,0.0375,0.2016,0.1974,FCC
4,8.882,12.67,0.0366,0.2014,0.1979,FCC
3,9.141,13.215,0.0363,0.2009,0.2032,FCC
4,9.0895,13.14,0.0376,0.2019,0.2037,FCC
4,8.9865,12.99,0.0385,0.2033,0.2047,FCC
3,8.8835,12.84,0.0375,0.2035,0.2056,FCC
4,8.7445,12.24,0.0363,0.2064,0.1999,FCC
1,9.083,12.825,0.0362,0.1985,0.1873,FCC
1,9.0315,12.75,0.0366,0.1989,0.188,FCC
4,8.98,12.675,0.0365,0.1989,0.1886,FCC
2,8.9285,12.6,0.0359,0.1987,0.1892,FCC
4,8.877,12.525,0.0348,0.1981,0.1899,FCC
4,8.8255,12.45,0.0332,0.1972,0.1905,FCC
2,9.136,13.07,0.0356,0.1993,0.1953,FCC
2,9.0845,12.995,0.0366,0.2001,0.1959,FCC
2,9.033,12.92,0.0371,0.2006,0.1964,FCC
3,8.9815,12.845,0.0372,0.2009,0.197,FCC
4,8.93,12.77,0.0367,0.2008,0.1975,FCC
3,8.827,12.62,0.0342,0.1997,0.1986,FCC
2,9.1375,13.24,0.036,0.2007,0.2033,FCC
4,9.086,13.165,0.0371,0.2017,0.2038,FCC
4,9.0345,13.09,0.0377,0.2023,0.2043,FCC
2,8.983,13.015,0.0378,0.2027,0.2048,FCC
4,8.88,12.865,0.0366,0.2026,0.2057,FCC
4,8.043,11.865,0.0392,0.1595,0.0936,FCC
4,8.131,12.04,0.0351,0.1414,0.0836,FCC
4,8.2735,12.63,0.0342,0.1271,0.0928,FCC
4,8.2305,12.215,0.0364,0.1419,0.0829,FCC
4,8.0395,11.89,0.0378,0.1577,0.0937,FCC
4,8.1275,12.065,0.0338,0.1396,0.0836,FCC
4,8.284,12.11,0.0346,0.131,0.0706,FCC
4,8.2325,12.035,0.0337,0.1302,0.0706,FCC
4,8.2855,12.28,0.0356,0.1341,0.0833,FCC
4,8.234,12.205,0.0348,0.1335,0.0831,FCC
4,8.227,12.24,0.0353,0.1405,0.0829,FCC
4,8.3665,12.49,0.0306,0.1188,0.0691,FCC
4,8.315,12.415,0.0304,0.1185,0.0692,FCC
4,8.4195,12.735,0.0312,0.1214,0.0825,FCC
3,8.421,12.905,0.0319,0.124,0.0933,FCC
2,8.3695,12.83,0.0324,0.1247,0.093,FCC
3,8.318,12.755,0.0324,0.1249,0.0927,FCC
3,8.4225,13.075,0.0327,0.1264,0.1021,FCC
3,8.3195,12.925,0.0334,0.1278,0.1012,FCC
4,8.439,13.22,0.0378,0.1488,0.1231,FCC
4,8.527,13.395,0.0324,0.1253,0.1104,FCC
3,8.4755,13.32,0.0334,0.1272,0.1099,FCC
3,8.3725,13.17,0.0342,0.1298,0.1088,FCC
4,8.4255,13.415,0.0349,0.1308,0.1154,FCC
3,8.332,12.21,0.0341,0.1302,0.0704,FCC
3,8.3335,12.38,0.035,0.1332,0.0833,FCC
2,8.282,12.305,0.0346,0.1328,0.0832,FCC
4,8.2305,12.23,0.0336,0.1319,0.083,FCC
3,8.3865,12.625,0.0357,0.1357,0.0939,FCC
4,8.335,12.55,0.0359,0.136,0.0936,FCC
4,8.2835,12.475,0.0356,0.1358,0.0933,FCC
4,8.232,12.4,0.0347,0.1352,0.0929,FCC
3,8.285,12.645,0.0365,0.1387,0.1016,FCC
3,8.4925,13.115,0.0359,0.1378,0.1106,FCC
4,8.3895,12.965,0.0372,0.1403,0.1096,FCC
3,8.4145,12.59,0.0295,0.1176,0.0689,FCC
4,8.3115,12.44,0.0293,0.1169,0.0692,FCC
4,8.3795,12.66,0.0359,0.143,0.0948,FCC
3,8.4675,12.835,0.0296,0.1199,0.0824,FCC
3,8.416,12.76,0.0303,0.1205,0.0824,FCC
4,8.313,12.61,0.0303,0.1204,0.0822,FCC
4,8.381,12.83,0.0366,0.1453,0.1057,FCC
3,8.5205,13.08,0.03,0.1211,0.0935,FCC
3,8.3295,12.755,0.037,0.1457,0.1058,FCC
3,8.469,13.005,0.0303,0.1224,0.0933,FCC
4,8.278,12.68,0.0369,0.1456,0.1058,FCC
2,8.4175,12.93,0.0311,0.1233,0.0931,FCC
4,8.2265,12.605,0.0363,0.1452,0.1058,FCC
3,8.366,12.855,0.0314,0.1237,0.0929,FCC
2,8.5735,13.325,0.03,0.1213,0.1029,FCC
4,8.3825,13,0.0372,0.1475,0.1149,FCC
3,8.331,12.925,0.0377,0.1481,0.1148,FCC
3,8.419,13.1,0.0319,0.1258,0.1019,FCC
2,8.3675,13.025,0.0323,0.1265,0.1015,FCC
2,8.575,13.495,0.0309,0.1231,0.1106,FCC
3,8.472,13.345,0.0325,0.1269,0.1097,FCC
3,8.281,13.02,0.0386,0.1507,0.1223,FCC
3,8.4205,13.27,0.0327,0.1282,0.1091,FCC
4,8.628,13.74,0.0301,0.1221,0.1176,FCC
4,8.4235,13.61,0.0351,0.1325,0.1199,FCC
4,8.38,12.31,0.0333,0.1292,0.0702,FCC
4,8.174,12.01,0.0297,0.1245,0.0704,FCC
2,8.433,12.555,0.0336,0.1319,0.0834,FCC
2,8.3815,12.48,0.0341,0.1321,0.0833,FCC
3,8.33,12.405,0.034,0.132,0.0832,FCC
3,8.2785,12.33,0.0335,0.1313,0.083,FCC
4,8.4345,12.725,0.0343,0.1343,0.094,FCC
3,8.383,12.65,0.0348,0.1348,0.0937,FCC
3,8.28,12.5,0.0345,0.1345,0.0931,FCC
3,8.2285,12.425,0.0336,0.1337,0.0927,FCC
3,8.4875,12.97,0.0341,0.1356,0.103,FCC
4,8.3845,12.82,0.0356,0.1374,0.1023,FCC
3,8.333,12.745,0.0358,0.1377,0.1018,FCC
3,8.5405,13.215,0.0343,0.1359,0.1109,FCC
4,8.489,13.14,0.0351,0.1375,0.1104,FCC
2,8.4375,13.065,0.0356,0.1388,0.1099,FCC
2,8.386,12.99,0.0364,0.1397,0.1093,FCC
4,8.3345,12.915,0.0367,0.1402,0.1087,FCC
2,8.4905,13.31,0.0361,0.1394,0.1165,FCC
4,8.439,13.235,0.0365,0.1408,0.1158,FCC
4,8.336,13.085,0.0376,0.1426,0.1143,FCC
4,8.2845,13.01,0.0375,0.143,0.1135,FCC
4,8.3455,12.03,0.037,0.1397,0.0715,FCC
4,8.2425,11.88,0.0357,0.1378,0.0715,FCC
2,8.2955,12.125,0.0375,0.1421,0.084,FCC
3,8.1925,11.975,0.0353,0.1397,0.0836,FCC
2,8.4515,12.52,0.0376,0.1446,0.0948,FCC
3,8.4,12.445,0.0383,0.1451,0.0946,FCC
4,8.3485,12.37,0.0386,0.1453,0.0943,FCC
3,8.2455,12.22,0.0377,0.1443,0.0936,FCC
3,8.194,12.145,0.0364,0.1432,0.0932,FCC
4,8.4015,12.615,0.039,0.1475,0.103,FCC
4,8.247,12.39,0.0387,0.1473,0.1016,FCC
3,8.1955,12.315,0.0376,0.1465,0.101,FCC
3,8.4545,12.86,0.0387,0.1487,0.1106,FCC
2,8.403,12.785,0.0397,0.1496,0.11,FCC
3,8.4045,12.955,0.0403,0.1517,0.1157,FCC
4,8.3745,12.515,0.0345,0.1394,0.0817,FCC
2,8.323,12.44,0.0346,0.1391,0.0822,FCC
1,8.411,12.615,0.0287,0.1164,0.0688,FCC
3,8.3595,12.54,0.0287,0.1161,0.069,FCC
4,8.4275,12.76,0.0345,0.1418,0.0946,FCC
3,8.5155,12.935,0.0279,0.1182,0.0823,FCC
3,8.3245,12.61,0.0354,0.142,0.0951,FCC
4,8.464,12.86,0.0289,0.1191,0.0823,FCC
2,8.4125,12.785,0.0295,0.1195,0.0823,FCC
4,8.361,12.71,0.0296,0.1194,0.0822,FCC
3,8.3095,12.635,0.0292,0.1189,0.0821,FCC
4,8.429,12.93,0.0351,0.144,0.1056,FCC
1,8.5685,13.18,0.0286,0.1191,0.0935,FCC
3,8.517,13.105,0.029,0.1206,0.0934,FCC
2,8.326,12.78,0.0361,0.1447,0.1057,FCC
4,8.4655,13.03,0.0295,0.1217,0.0932,FCC
4,8.414,12.955,0.0303,0.1224,0.0929,FCC
4,8.311,12.805,0.0302,0.1223,0.0924,FCC
4,8.57,13.35,0.0295,0.1212,0.1027,FCC
4,8.5185,13.275,0.0301,0.1229,0.1024,FCC
3,8.467,13.2,0.0302,0.1242,0.1021,FCC
4,8.4155,13.125,0.031,0.1251,0.1017,FCC
3,8.364,13.05,0.0314,0.1255,0.1013,FCC
4,8.623,13.595,0.0294,0.1208,0.1108,FCC
3,8.4685,13.37,0.0315,0.1265,0.1094,FCC
4,8.2775,13.045,0.0377,0.1498,0.1222,FCC
2,8.417,13.295,0.0318,0.1276,0.1089,FCC
4,8.3655,13.22,0.0323,0.1283,0.1083,FCC
4,8.4185,13.465,0.0326,0.1299,0.1148,FCC
4,8.42,13.635,0.0338,0.1321,0.1195,FCC
4,8.2385,12.255,0.0385,0.1508,0.0963,FCC
4,8.378,12.505,0.0332,0.131,0.0832,FCC
4,8.3265,12.43,0.0331,0.1306,0.083,FCC
4,8.275,12.355,0.0324,0.1297,0.0829,FCC
2,8.534,12.9,0.0317,0.1318,0.0942,FCC
3,8.431,12.75,0.0336,0.1336,0.0938,FCC
3,8.328,12.6,0.034,0.1337,0.0932,FCC
3,8.2765,12.525,0.0334,0.1331,0.0929,FCC
2,8.5355,13.07,0.0327,0.1338,0.1032,FCC
2,8.484,12.995,0.0332,0.1351,0.1029,FCC
2,8.4325,12.92,0.0342,0.136,0.1025,FCC
3,8.381,12.845,0.0348,0.1365,0.1021,FCC
2,8.3295,12.77,0.0348,0.1366,0.1016,FCC
4,8.278,12.695,0.0344,0.1362,0.1011,FCC
4,8.4855,13.165,0.0341,0.1372,0.1102,FCC
2,8.434,13.09,0.0349,0.1383,0.1096,FCC
4,8.3825,13.015,0.0356,0.139,0.109,FCC
2,8.331,12.94,0.0357,0.1393,0.1084,FCC
2,8.342,12.055,0.0362,0.1384,0.0714,FCC
3,8.2905,11.98,0.0356,0.1374,0.0714,FCC
3,8.239,11.905,0.0346,0.1359,0.0714,FCC
3,8.1875,11.83,0.033,0.1338,0.0714,FCC
1,8.4465,12.375,0.0364,0.1416,0.0842,FCC
4,8.395,12.3,0.0369,0.1417,0.0841,FCC
3,8.2405,12.075,0.0356,0.1395,0.0836,FCC
3,8.2935,12.32,0.0374,0.1437,0.0938,FCC
4,8.242,12.245,0.0366,0.1428,0.0934,FCC
2,8.2435,12.415,0.0376,0.146,0.1013,FCC
4,8.153,11.55,0.0359,0.1424,0.0724,FCC
4,8.4225,12.615,0.0334,0.1384,0.0813,FCC
2,8.371,12.54,0.0338,0.1383,0.0818,FCC
2,8.5105,12.79,0.0266,0.1147,0.0684,FCC
3,8.459,12.715,0.0275,0.1151,0.0686,FCC
3,8.268,12.39,0.0332,0.1368,0.0826,FCC
3,8.356,12.565,0.0278,0.1145,0.0689,FCC
3,8.3045,12.49,0.0272,0.1133,0.069,FCC
2,8.4755,12.86,0.0329,0.1404,0.0943,FCC
2,8.424,12.785,0.0339,0.141,0.0946,FCC
4,8.5635,13.035,0.0266,0.1164,0.0822,FCC
1,8.3725,12.71,0.0345,0.1411,0.0948,FCC
2,8.512,12.96,0.0272,0.1175,0.0822,FCC
4,8.4605,12.885,0.0282,0.1182,0.0822,FCC
3,8.2695,12.56,0.0341,0.1401,0.0953,FCC
4,8.218,12.485,0.0331,0.1389,0.0954,FCC
3,8.6165,13.28,0.0271,0.117,0.0935,FCC
2,8.565,13.205,0.0278,0.1188,0.0934,FCC
2,8.374,12.88,0.0351,0.1437,0.1056,FCC
2,8.5135,13.13,0.0279,0.1201,0.0932,FCC
4,8.3225,12.805,0.0353,0.1436,0.1057,FCC
3,8.462,13.055,0.0288,0.121,0.093,FCC
3,8.271,12.73,0.035,0.1432,0.1057,FCC
3,8.4105,12.98,0.0294,0.1214,0.0928,FCC
4,8.3755,13.05,0.0358,0.1461,0.1147,FCC
3,8.515,13.3,0.0291,0.1225,0.1022,FCC
2,8.324,12.975,0.0361,0.1463,0.1146,FCC
1,8.4635,13.225,0.0295,0.1236,0.1019,FCC
3,8.2725,12.9,0.0358,0.1461,0.1145,FCC
4,8.412,13.15,0.0302,0.1242,0.1015,FCC
3,8.3255,13.145,0.0369,0.1488,0.1223,FCC
4,8.465,13.395,0.0302,0.126,0.1092,FCC
3,8.274,13.07,0.0367,0.1488,0.122,FCC
4,8.4135,13.32,0.031,0.1269,0.1086,FCC
2,8.362,13.245,0.0313,0.1273,0.108,FCC
3,8.415,13.49,0.0318,0.1294,0.1145,FCC
4,8.468,13.735,0.0328,0.1304,0.1201,FCC
4,8.388,12.335,0.0377,0.1485,0.0828,FCC
1,8.476,12.51,0.0309,0.127,0.0698,FCC
4,8.4245,12.435,0.0315,0.127,0.07,FCC
4,8.373,12.36,0.0316,0.1266,0.0701,FCC
2,8.529,12.755,0.0303,0.129,0.0832,FCC
3,8.4775,12.68,0.0315,0.1297,0.0832,FCC
2,8.2865,12.355,0.0383,0.1503,0.0961,FCC
4,8.426,12.605,0.0322,0.13,0.0831,FCC
2,8.3745,12.53,0.0324,0.1298,0.083,FCC
3,8.1835,12.205,0.0363,0.1478,0.0964,FCC
4,8.5305,12.925,0.0307,0.1313,0.0941,FCC
4,8.479,12.85,0.032,0.1322,0.0939,FCC
4,8.4275,12.775,0.0329,0.1327,0.0937,FCC
2,8.376,12.7,0.0332,0.1328,0.0934,FCC
2,8.3245,12.625,0.033,0.1324,0.0931,FCC
4,8.273,12.55,0.0323,0.1315,0.0927,FCC
4,8.429,12.945,0.0335,0.1353,0.1023,FCC
2,8.3775,12.87,0.034,0.1356,0.1018,FCC
3,8.326,12.795,0.0339,0.1354,0.1014,FCC
4,8.4415,12.23,0.0353,0.138,0.0711,FCC
1,8.39,12.155,0.0356,0.1376,0.0712,FCC
1,8.3385,12.08,0.0354,0.1369,0.0713,FCC
4,8.287,12.005,0.0347,0.1356,0.0713,FCC
4,8.3915,12.325,0.0362,0.1406,0.084,FCC
3,8.2885,12.175,0.0356,0.1391,0.0837,FCC
4,8.237,12.1,0.0345,0.1376,0.0835,FCC
3,8.2385,12.27,0.0355,0.1411,0.0932,FCC
4,8.1495,11.575,0.0347,0.1399,0.0723,FCC
1,8.4705,12.715,0.032,0.1373,0.0809,FCC
4,8.419,12.64,0.0328,0.1374,0.0814,FCC
4,8.5585,12.89,0.0248,0.1131,0.0681,FCC
1,8.3675,12.565,0.0331,0.137,0.0819,FCC
4,8.507,12.815,0.026,0.1138,0.0684,FCC
4,8.316,12.49,0.0329,0.1363,0.0823,FCC
4,8.4555,12.74,0.0268,0.1139,0.0686,FCC
4,8.2645,12.415,0.0322,0.135,0.0827,FCC
4,8.404,12.665,0.027,0.1136,0.0687,FCC
4,8.213,12.34,0.0311,0.1332,0.083,FCC
2,8.3525,12.59,0.0268,0.1127,0.0688,FCC
4,8.301,12.515,0.0261,0.1112,0.0689,FCC
4,8.472,12.885,0.0324,0.1397,0.0943,FCC
3,8.6115,13.135,0.0254,0.1145,0.0821,FCC
2,8.4205,12.81,0.0333,0.1401,0.0946,FCC
1,8.56,13.06,0.0255,0.1158,0.0821,FCC
4,8.5085,12.985,0.0266,0.1167,0.0821,FCC
2,8.457,12.91,0.0274,0.1171,0.0821,FCC
4,8.266,12.585,0.0331,0.1385,0.0952,FCC
3,8.4055,12.835,0.0278,0.117,0.082,FCC
3,8.354,12.76,0.0277,0.1165,0.0819,FCC
4,8.3025,12.685,0.0271,0.1153,0.0818,FCC
3,8.4735,13.055,0.0329,0.142,0.1054,FCC
3,8.613,13.305,0.0265,0.1168,0.0934,FCC
3,8.5615,13.23,0.0267,0.1183,0.0933,FCC
3,8.3705,12.905,0.0344,0.1427,0.1056,FCC
2,8.51,13.155,0.0271,0.1194,0.0931,FCC
1,8.4585,13.08,0.0281,0.1201,0.0929,FCC
4,8.407,13.005,0.0286,0.1203,0.0926,FCC
4,8.3555,12.93,0.0286,0.12,0.0923,FCC
4,8.6145,13.475,0.0276,0.1189,0.1027,FCC
4,8.4235,13.15,0.0345,0.1449,0.1147,FCC
4,8.563,13.4,0.0279,0.1206,0.1024,FCC
3,8.3205,13,0.0352,0.1452,0.1145,FCC
3,8.46,13.25,0.0288,0.1228,0.1017,FCC
3,8.269,12.925,0.0349,0.1448,0.1144,FCC
3,8.4085,13.175,0.0294,0.1232,0.1013,FCC
3,8.357,13.1,0.0295,0.1232,0.1008,FCC
4,8.616,13.645,0.0287,0.1208,0.1104,FCC
4,8.3735,13.245,0.0358,0.1477,0.1224,FCC
4,8.322,13.17,0.036,0.1479,0.1221,FCC
2,8.4615,13.42,0.0294,0.1254,0.109,FCC
3,8.41,13.345,0.0302,0.126,0.1084,FCC
3,8.463,13.59,0.0301,0.1278,0.1149,FCC
2,8.3845,12.36,0.0371,0.1474,0.0829,FCC
2,8.524,12.61,0.0294,0.1257,0.0696,FCC
4,8.333,12.285,0.0371,0.1467,0.0833,FCC
2,8.4725,12.535,0.0303,0.1259,0.0698,FCC
3,8.421,12.46,0.0308,0.1257,0.0699,FCC
1,8.3695,12.385,0.0308,0.125,0.07,FCC
2,8.2665,12.235,0.0293,0.122,0.0701,FCC
3,8.5255,12.78,0.0298,0.1283,0.0831,FCC
1,8.474,12.705,0.0309,0.1288,0.0831,FCC
3,8.4225,12.63,0.0315,0.1288,0.083,FCC
4,8.371,12.555,0.0316,0.1284,0.0829,FCC
3,8.3195,12.48,0.0312,0.1275,0.0828,FCC
4,8.268,12.405,0.0303,0.126,0.0826,FCC
3,8.438,12.255,0.0347,0.1368,0.0711,FCC
4,8.3865,12.18,0.0349,0.1363,0.0712,FCC
2,8.4395,12.425,0.0352,0.1396,0.084,FCC
2,8.467,12.74,0.0315,0.1363,0.0809,FCC
1,8.6065,12.99,0.0231,0.1114,0.0678,FCC
1,8.4155,12.665,0.0322,0.1362,0.0814,FCC
4,8.555,12.915,0.0243,0.1123,0.0681,FCC
4,8.364,12.59,0.0324,0.1356,0.0819,FCC
1,8.5035,12.84,0.0254,0.1127,0.0683,FCC
4,8.3125,12.515,0.0321,0.1346,0.0823,FCC
1,8.452,12.765,0.0261,0.1126,0.0685,FCC
3,8.261,12.44,0.0313,0.1331,0.0827,FCC
3,8.4005,12.69,0.0262,0.1119,0.0687,FCC
2,8.349,12.615,0.0259,0.1107,0.0688,FCC
1,8.4685,12.91,0.032,0.1389,0.0943,FCC
2,8.608,13.16,0.0243,0.114,0.082,FCC
3,8.417,12.835,0.0327,0.139,0.0946,FCC
2,8.5565,13.085,0.0247,0.1151,0.082,FCC
2,8.3655,12.76,0.033,0.1387,0.0948,FCC
3,8.505,13.01,0.026,0.1158,0.082,FCC
1,8.4535,12.935,0.0267,0.1159,0.082,FCC
4,8.2625,12.61,0.0322,0.1367,0.0952,FCC
3,8.402,12.86,0.027,0.1156,0.0819,FCC
4,8.3505,12.785,0.0268,0.1147,0.0818,FCC
4,8.299,12.71,0.026,0.1133,0.0816,FCC
2,8.47,13.08,0.0324,0.1414,0.1054,FCC
3,8.6095,13.33,0.0256,0.1164,0.0933,FCC
4,8.4185,13.005,0.0333,0.1417,0.1055,FCC
2,8.558,13.255,0.0254,0.1177,0.0931,FCC
4,8.5065,13.18,0.0265,0.1186,0.0929,FCC
4,8.176,12.605,0.0385,0.1587,0.1157,FCC
4,8.3155,12.855,0.0336,0.1411,0.1055,FCC
4,8.455,13.105,0.0274,0.119,0.0927,FCC
2,8.264,12.78,0.0331,0.1402,0.1055,FCC
4,8.4715,13.25,0.0328,0.1436,0.1147,FCC
4,8.508,13.35,0.0271,0.1213,0.1019,FCC
2,8.4565,13.275,0.0281,0.1219,0.1015,FCC
3,8.405,13.2,0.0285,0.1221,0.1011,FCC
4,8.473,13.42,0.0333,0.1458,0.1227,FCC
4,8.4215,13.345,0.0344,0.1465,0.1225,FCC
4,8.561,13.595,0.0281,0.1225,0.1098,FCC
3,8.458,13.445,0.0287,0.1246,0.1087,FCC
4,8.511,13.69,0.0291,0.1261,0.1153,FCC
4,8.381,12.385,0.0365,0.1461,0.0829,FCC
3,8.5205,12.635,0.0289,0.1247,0.0695,FCC
3,8.469,12.56,0.0297,0.1247,0.0697,FCC
1,8.4175,12.485,0.0301,0.1243,0.0698,FCC
4,8.366,12.41,0.03,0.1233,0.0699,FCC
4,8.3145,12.335,0.0293,0.1218,0.07,FCC
4,8.263,12.26,0.0282,0.1197,0.07,FCC
2,8.4705,12.73,0.0303,0.1277,0.083,FCC
4,8.4345,12.28,0.0341,0.1355,0.071,FCC
1,8.383,12.205,0.0341,0.1347,0.0711,FCC
4,8.436,12.45,0.0346,0.1385,0.0839,FCC
1,8.2045,14.865,0.0332,0.1148,0.1596,FCC
1,8.009,15.63,0.0282,0.1121,0.1766,FCC
1,8.081,15.21,0.0302,0.1131,0.1687,FCC
4,8.153,14.79,0.0315,0.1128,0.1586,FCC
4,8.0295,15.135,0.0274,0.1095,0.1674,FCC
4,8.1015,14.715,0.0292,0.1101,0.1575,FCC
1,8.134,15.455,0.0339,0.1204,0.1698,FCC
4,8.0825,15.38,0.0317,0.118,0.1685,FCC
2,8.103,14.885,0.0307,0.1149,0.1584,FCC
1,8.026,15.425,0.0332,0.1251,0.177,FCC
1,8.098,15.005,0.0349,0.1258,0.1691,FCC
1,7.9025,15.77,0.0291,0.1178,0.1812,FCC
1,7.923,15.275,0.0281,0.1159,0.1741,FCC
2,8.067,14.435,0.0313,0.12,0.1569,FCC
4,7.8715,15.2,0.0258,0.1099,0.1726,FCC
1,8.0155,14.36,0.0283,0.1163,0.1558,FCC
1,8.0275,15.595,0.0346,0.1299,0.1755,FCC
1,8.048,15.1,0.0337,0.1274,0.1675,FCC
1,7.9965,15.025,0.0306,0.124,0.166,FCC
1,8.1045,13.735,0.035,0.1295,0.1445,FCC
1,7.926,14.295,0.0346,0.1341,0.1648,FCC
1,7.9465,13.8,0.0336,0.1324,0.1544,FCC
1,8.088,16.3,0.0334,0.1192,0.1867,FCC
1,8.2525,14.965,0.0332,0.1143,0.1602,FCC
1,7.985,16.15,0.0276,0.1109,0.1836,FCC
2,8.201,14.89,0.0319,0.1126,0.1592,FCC
4,7.9335,16.075,0.0253,0.1053,0.1819,FCC
1,8.0055,15.655,0.0265,0.1085,0.1761,FCC
1,8.1495,14.815,0.03,0.1102,0.1582,FCC
1,8.098,14.74,0.0277,0.1071,0.1571,FCC
1,8.2335,15.63,0.0357,0.1218,0.172,FCC
1,8.11,15.975,0.0336,0.1211,0.1777,FCC
1,8.182,15.555,0.0344,0.1202,0.1707,FCC
1,8.254,15.135,0.0343,0.1182,0.1615,FCC
1,8.326,14.715,0.0336,0.115,0.1501,FCC
1,8.1305,15.48,0.0325,0.118,0.1693,FCC
1,8.2025,15.06,0.0331,0.1168,0.1604,FCC
1,8.06,16.07,0.0325,0.1228,0.1737,FCC
1,8.074,15.525,0.0346,0.1256,0.1779,FCC
1,7.9505,15.87,0.0304,0.1192,0.1823,FCC
1,8.2385,14.19,0.0347,0.1217,0.1463,FCC
1,8.115,14.535,0.0323,0.1203,0.1576,FCC
1,8.096,15.2,0.0348,0.1277,0.1684,FCC
1,8.1165,14.705,0.0337,0.1249,0.1585,FCC
1,8.065,14.63,0.0312,0.122,0.1572,FCC
1,7.9365,15.095,0.0319,0.125,0.174,FCC
1,8.0085,14.675,0.0331,0.1279,0.1666,FCC
1,8.101,13.76,0.0335,0.1269,0.1441,FCC
1,7.9775,14.105,0.0295,0.1213,0.1547,FCC
1,7.8505,14.74,0.0313,0.1256,0.1713,FCC
1,8.015,13.405,0.0333,0.1316,0.1426,FCC
1,7.816,14.46,0.0326,0.1313,0.17,FCC
1,8.1255,15.335,0.0297,0.1105,0.169,FCC
1,8.146,14.84,0.0286,0.1074,0.1578,FCC
1,8.0345,16.42,0.0305,0.1175,0.182,FCC
1,8.2505,15.16,0.0332,0.1163,0.1611,FCC
1,8.3225,14.74,0.0325,0.1135,0.1498,FCC
1,8.2195,14.59,0.0306,0.111,0.1478,FCC
1,8.0875,16.665,0.0346,0.1258,0.1803,FCC
1,8.3035,15.405,0.035,0.1209,0.1628,FCC
1,8.2005,15.255,0.033,0.1188,0.1602,FCC
4,8.334,13.35,0.0287,0.1035,0.1006,FCC
4,8.3355,13.52,0.0298,0.1071,0.1058,FCC
4,8.337,13.69,0.031,0.1103,0.1096,FCC
1,8.0705,15.55,0.0331,0.1226,0.1775,FCC
1,8.1425,15.13,0.0344,0.1234,0.1695,FCC
1,8.091,15.055,0.032,0.1201,0.1682,FCC
1,7.9675,15.4,0.0281,0.1133,0.1746,FCC
1,8.1115,14.56,0.0309,0.1175,0.1572,FCC
1,7.9485,16.065,0.0303,0.1212,0.1787,FCC
1,8.0205,15.645,0.0315,0.1238,0.1744,FCC
1,8.0925,15.225,0.0334,0.125,0.1679,FCC
1,8.113,14.73,0.0322,0.1223,0.158,FCC
3,8.2465,12.825,0.0294,0.1114,0.0935,FCC
1,7.933,15.12,0.0307,0.1209,0.1735,FCC
1,8.077,14.28,0.0332,0.1265,0.1566,FCC
1,7.914,15.785,0.0326,0.1285,0.1771,FCC
1,7.919,14.345,0.0322,0.1263,0.1638,FCC
1,7.991,13.925,0.0337,0.1301,0.1547,FCC
1,8.328,15.66,0.0342,0.1168,0.173,FCC
1,8.2765,15.585,0.0335,0.1154,0.172,FCC
1,8.0295,16.275,0.0276,0.1081,0.1841,FCC
4,7.978,16.2,0.0254,0.1024,0.1824,FCC
1,8.266,14.52,0.0295,0.1062,0.146,FCC
1,8.0705,15.285,0.0256,0.1031,0.1673,FCC
3,8.3275,13.035,0.0253,0.0935,0.0857,FCC
1,8.0825,16.52,0.0318,0.1182,0.1832,FCC
1,8.1545,16.1,0.033,0.1186,0.1782,FCC
1,8.3705,14.84,0.0318,0.1125,0.1504,FCC
1,8.247,15.185,0.032,0.1143,0.1607,FCC
1,8.1955,15.11,0.0305,0.1122,0.1595,FCC
1,8.144,15.035,0.0285,0.1095,0.1583,FCC
4,8.3805,13.28,0.0269,0.0985,0.0945,FCC
1,8.3515,15.505,0.0343,0.1199,0.1636,FCC
1,8.156,16.27,0.0342,0.1231,0.1761,FCC
1,8.1765,15.775,0.033,0.1199,0.1688,FCC
1,8.2485,15.355,0.0331,0.1183,0.1611,FCC
4,8.382,13.45,0.0279,0.1022,0.1011,FCC
2,8.3305,13.375,0.0275,0.102,0.1003,FCC
1,8.2625,14.81,0.0351,0.1227,0.16,FCC
1,8.067,15.575,0.0317,0.1194,0.177,FCC
1,8.0155,15.5,0.0293,0.1146,0.1755,FCC
3,8.293,12.755,0.0282,0.1066,0.0861,FCC
3,8.2945,12.925,0.0293,0.1108,0.0939,FCC
3,8.243,12.85,0.0281,0.1092,0.0931,FCC
1,8.0015,14.725,0.0309,0.1207,0.1657,FCC
1,8.2525,16.105,0.0339,0.1166,0.1814,FCC
1,8.3245,15.685,0.0333,0.1149,0.1727,FCC
1,8.3965,15.265,0.0318,0.1121,0.1619,FCC
1,8.3655,14.695,0.0299,0.1071,0.1473,FCC
1,8.1185,15.385,0.0269,0.1039,0.1681,FCC
4,8.1905,14.965,0.028,0.1046,0.1581,FCC
1,8.139,14.89,0.0258,0.1009,0.157,FCC
4,8.427,13.21,0.025,0.0932,0.0865,FCC
3,8.324,13.06,0.0241,0.0912,0.0854,FCC
1,8.2025,16.2,0.0335,0.1187,0.1792,FCC
1,8.079,16.545,0.0304,0.1149,0.1826,FCC
1,8.151,16.125,0.0317,0.1159,0.1776,FCC
1,8.2435,15.21,0.0308,0.112,0.1603,FCC
1,8.3155,14.79,0.0304,0.11,0.149,FCC
4,8.377,13.305,0.0258,0.0968,0.0942,FCC
3,8.3255,13.23,0.0252,0.0959,0.0935,FCC
1,8.3995,15.605,0.0334,0.1188,0.1644,FCC
1,8.276,15.95,0.0344,0.1213,0.1713,FCC
1,8.348,15.53,0.0334,0.1185,0.1632,FCC
3,8.3785,13.475,0.0268,0.1008,0.1008,FCC
4,8.327,13.4,0.0264,0.1002,0.0999,FCC
1,8.4215,15.28,0.0324,0.1176,0.1539,FCC
1,8.043,16.095,0.0318,0.1179,0.1839,FCC
1,8.115,15.675,0.033,0.1202,0.1779,FCC
1,8.259,14.835,0.0341,0.1205,0.1596,FCC
1,8.1355,15.18,0.0318,0.1176,0.1686,FCC
1,8.2795,14.34,0.0325,0.1172,0.1462,FCC
1,8.1045,14.61,0.0281,0.111,0.1564,FCC
3,8.2895,12.78,0.027,0.1044,0.0858,FCC
3,8.238,12.705,0.0256,0.1021,0.0852,FCC
1,8.1575,14.855,0.0318,0.1198,0.1584,FCC
3,8.3425,13.025,0.029,0.11,0.0944,FCC
4,8.344,13.195,0.03,0.1138,0.1007,FCC
3,8.2925,13.12,0.0292,0.1128,0.0998,FCC
3,8.241,13.045,0.028,0.1114,0.0988,FCC
3,8.397,13.44,0.0311,0.1173,0.1067,FCC
4,8.294,13.29,0.0303,0.1166,0.1046,FCC
4,8.3985,13.61,0.032,0.1203,0.1106,FCC
1,8.152,12.35,0.0259,0.1098,0.0847,FCC
4,8.1535,12.52,0.0273,0.115,0.0919,FCC
4,8.258,12.84,0.0321,0.1239,0.0996,FCC
4,8.066,11.995,0.0256,0.1149,0.084,FCC
4,8.0315,11.715,0.0296,0.123,0.084,FCC
4,7.997,11.435,0.033,0.1302,0.084,FCC
1,8.249,16.13,0.0329,0.1141,0.1809,FCC
1,8.1975,16.055,0.0312,0.1112,0.1796,FCC
1,8.2695,15.635,0.0313,0.1108,0.1712,FCC
1,8.146,15.98,0.0291,0.1074,0.1783,FCC
4,8.475,13.31,0.0238,0.0918,0.0867,FCC
4,8.372,13.16,0.0237,0.0904,0.0857,FCC
3,8.3205,13.085,0.0229,0.0887,0.0852,FCC
1,8.2915,15.31,0.0308,0.1117,0.161,FCC
4,8.4765,13.48,0.0246,0.0956,0.0952,FCC
4,8.3735,13.33,0.0247,0.095,0.0939,FCC
3,8.322,13.255,0.0241,0.0937,0.0932,FCC
1,8.3445,15.555,0.0324,0.1169,0.1627,FCC
1,8.4165,15.135,0.0308,0.1133,0.1525,FCC
2,8.478,13.65,0.0254,0.0991,0.1021,FCC
2,8.4265,13.575,0.0258,0.0994,0.1013,FCC
4,8.375,13.5,0.0257,0.0992,0.1005,FCC
4,8.3235,13.425,0.0252,0.0983,0.0996,FCC
4,8.428,13.745,0.0267,0.103,0.1066,FCC
4,8.3765,13.67,0.0267,0.103,0.1056,FCC
2,8.389,12.955,0.0275,0.1052,0.0867,FCC
4,8.3375,12.88,0.0269,0.1039,0.0861,FCC
2,8.286,12.805,0.0258,0.1019,0.0855,FCC
3,8.2345,12.73,0.0243,0.0992,0.0849,FCC
3,8.3905,13.125,0.0284,0.1091,0.0948,FCC
4,8.339,13.05,0.0279,0.1082,0.094,FCC
4,8.2875,12.975,0.0269,0.1066,0.0933,FCC
3,8.236,12.9,0.0255,0.1043,0.0925,FCC
3,8.289,13.145,0.028,0.1109,0.0994,FCC
3,8.2,12.45,0.0269,0.1102,0.0851,FCC
2,8.1485,12.375,0.0245,0.1065,0.0844,FCC
4,8.2015,12.62,0.0281,0.1152,0.0924,FCC
4,8.523,13.41,0.0224,0.0902,0.0869,FCC
3,8.4715,13.335,0.023,0.0901,0.0865,FCC
4,8.42,13.26,0.0231,0.0894,0.086,FCC
2,8.3685,13.185,0.0227,0.088,0.0855,FCC
2,8.317,13.11,0.0218,0.0859,0.0849,FCC
2,8.5245,13.58,0.0231,0.0939,0.0955,FCC
3,8.473,13.505,0.0238,0.0942,0.0949,FCC
1,8.4215,13.43,0.0239,0.0939,0.0943,FCC
1,8.37,13.355,0.0237,0.0929,0.0936,FCC
1,8.3185,13.28,0.0229,0.0913,0.0929,FCC
4,8.526,13.75,0.0237,0.0973,0.1025,FCC
4,8.4745,13.675,0.0245,0.0979,0.1018,FCC
3,8.423,13.6,0.0248,0.0979,0.101,FCC
1,8.3715,13.525,0.0246,0.0974,0.1001,FCC
3,8.476,13.845,0.0253,0.1014,0.1072,FCC
1,8.4245,13.77,0.0257,0.1017,0.1062,FCC
4,8.4775,14.015,0.0261,0.1045,0.1114,FCC
2,8.3855,12.98,0.0265,0.1033,0.0864,FCC
4,8.334,12.905,0.0258,0.1016,0.0858,FCC
4,8.2825,12.83,0.0246,0.0992,0.0852,FCC
1,8.231,12.755,0.023,0.096,0.0846,FCC
4,8.387,13.15,0.0274,0.1074,0.0945,FCC
1,8.3355,13.075,0.0268,0.1061,0.0937,FCC
2,8.284,13,0.0257,0.1041,0.0929,FCC
3,8.44,13.395,0.0283,0.1116,0.1017,FCC
4,8.337,13.245,0.0278,0.1103,0.1,FCC
3,8.4415,13.565,0.0291,0.1149,0.107,FCC
2,8.1965,12.475,0.0255,0.1071,0.0848,FCC
1,8.5195,13.435,0.0217,0.0887,0.0867,FCC
1,8.468,13.36,0.0221,0.0883,0.0862,FCC
1,8.4165,13.285,0.0221,0.0872,0.0857,FCC
1,8.365,13.21,0.0216,0.0854,0.0852,FCC
4,8.3135,13.135,0.0206,0.0828,0.0846,FCC
4,8.6755,13.83,0.0215,0.0891,0.0968,FCC
3,8.624,13.755,0.0216,0.0909,0.0963,FCC
1,8.5725,13.68,0.0213,0.092,0.0958,FCC
3,8.521,13.605,0.0223,0.0926,0.0953,FCC
1,8.4695,13.53,0.0229,0.0926,0.0947,FCC
1,8.418,13.455,0.023,0.0919,0.094,FCC
4,8.3665,13.38,0.0226,0.0906,0.0933,FCC
3,8.6255,13.925,0.0229,0.094,0.1036,FCC
2,8.5225,13.775,0.023,0.0963,0.1022,FCC
4,8.471,13.7,0.0237,0.0966,0.1014,FCC
3,8.4195,13.625,0.0239,0.0963,0.1006,FCC
4,8.524,13.945,0.0237,0.0996,0.1078,FCC
4,8.4725,13.87,0.0245,0.1002,0.1068,FCC
4,8.5365,13.23,0.0251,0.1035,0.0876,FCC
3,8.485,13.155,0.0257,0.1033,0.0871,FCC
3,8.4335,13.08,0.0259,0.1025,0.0867,FCC
1,8.382,13.005,0.0256,0.1011,0.0861,FCC
2,8.3305,12.93,0.0248,0.099,0.0856,FCC
4,8.279,12.855,0.0234,0.0962,0.0849,FCC
4,8.538,13.4,0.0256,0.1069,0.0961,FCC
2,8.3835,13.175,0.0265,0.1055,0.0941,FCC
1,8.332,13.1,0.0258,0.1038,0.0934,FCC
4,8.385,13.345,0.0273,0.1095,0.1005,FCC
4,8.491,13.835,0.0284,0.1164,0.1116,FCC
1,7.741,12.185,0.0434,0.1932,0.1091,BCC+FCC
1,7.885,12.485,0.0453,0.1941,0.1095,BCC+FCC
1,8.0115,15.695,0.05,0.1798,0.156,BCC+FCC
1,8.073,14.21,0.0463,0.1713,0.1338,BCC+FCC
1,7.894,13.84,0.0469,0.1927,0.1403,BCC+FCC
1,7.669,12.91,0.0427,0.1949,0.1147,BCC+FCC
1,8.0295,14.465,0.0472,0.188,0.1443,BCC+FCC
1,8.0825,14.71,0.0489,0.1899,0.1463,BCC+FCC
1,7.9625,13.445,0.0463,0.1902,0.1259,BCC+FCC
1,7.4045,11.795,0.0448,0.1929,0.123,BCC+FCC
1,7.442,12.44,0.0472,0.2028,0.102,BCC+FCC
1,7.6825,12.73,0.0467,0.2009,0.1152,BCC+FCC
1,8.1165,14.035,0.0502,0.1943,0.1336,BCC+FCC
1,7.6245,12.34,0.0432,0.1865,0.0991,BCC+FCC
1,8.0055,13.4,0.0447,0.186,0.1225,BCC+FCC
1,8.1115,13.89,0.0486,0.1917,0.1311,BCC+FCC
1,7.538,12.64,0.0488,0.2056,0.1018,BCC+FCC
1,7.652,12.935,0.0444,0.1887,0.1228,BCC+FCC
1,8.033,13.995,0.0468,0.188,0.1396,BCC+FCC
1,7.9455,13.47,0.0475,0.1904,0.1352,BCC+FCC
1,7.858,12.945,0.048,0.1904,0.1304,BCC+FCC
1,7.8405,13.805,0.0469,0.1984,0.1355,BCC+FCC
1,7.861,13.31,0.0452,0.1966,0.1155,BCC+FCC
1,7.914,13.555,0.0474,0.2012,0.1225,BCC+FCC
1,7.8265,13.03,0.049,0.2025,0.1158,BCC+FCC
1,7.8795,13.275,0.0512,0.2074,0.1226,BCC+FCC
1,7.906,13.045,0.0491,0.191,0.1308,BCC+FCC
3,9.2395,10.08,0.0979,0.4899,0.2233,IM
2,8.713,9.75,0.0852,0.4437,0.2034,IM
3,10.6945,10.405,0.1189,0.5479,0.3017,IM
4,10.102,10.455,0.1092,0.5158,0.2801,IM
3,10.0145,9.93,0.1053,0.5129,0.2732,IM
4,10.097,10.31,0.1078,0.5117,0.2708,IM
2,10.0625,10.03,0.1061,0.5139,0.2723,IM
2,10.5205,10.88,0.1103,0.4972,0.3037,IM
2,9.875,10.685,0.0974,0.4598,0.2688,IM
2,8.288,9.785,0.0992,0.4578,0.2633,IM
4,8.341,10.03,0.1017,0.4647,0.272,IM
2,8.2535,9.505,0.0972,0.4587,0.2649,IM
2,8.439,10.465,0.0947,0.4224,0.2618,IM
3,8.3355,12.655,0.0372,0.1844,0.1864,FCC
3,8.307,13.125,0.0325,0.1714,0.1999,FCC
4,8.2285,13.23,0.0289,0.162,0.2032,FCC
2,8.302,12.98,0.0299,0.1664,0.1933,FCC
2,8.355,13.225,0.0333,0.1713,0.1997,FCC
1,8.35,13.08,0.031,0.1664,0.1931,FCC
4,7.907,15.555,0.0278,0.1158,0.1912,FCC
4,8.189,13.32,0.0307,0.1274,0.1214,FCC
4,8.1015,12.795,0.0299,0.131,0.1154,FCC
4,8.184,13.175,0.0282,0.1214,0.1156,FCC
4,8.237,13.42,0.0308,0.127,0.1218,FCC
4,8.29,13.665,0.0327,0.1311,0.1272,FCC
3,8.0965,12.65,0.0271,0.1237,0.1087,FCC
4,7.9745,11.845,0.0312,0.1296,0.1014,FCC
4,8.1585,13.525,0.0269,0.1175,0.1295,FCC
4,8.179,13.03,0.0256,0.1145,0.1086,FCC
2,8.232,13.275,0.0285,0.1212,0.1158,FCC
2,8.285,13.52,0.0306,0.1263,0.1222,FCC
2,8.0915,12.505,0.0244,0.1152,0.1008,FCC
4,8.174,12.885,0.0231,0.1063,0.1004,FCC
4,8.227,13.13,0.0262,0.1146,0.1088,FCC
3,8.28,13.375,0.0285,0.1209,0.1161,FCC
4,8.333,13.62,0.0302,0.1256,0.1225,FCC
4,8.386,13.865,0.0311,0.1291,0.1281,FCC
1,8.171,14.77,0.0508,0.1881,0.1578,BCC+FCC
1,8.238,15.5,0.0507,0.1757,0.1589,BCC+FCC
1,8.169,14.965,0.0508,0.1894,0.1595,BCC+FCC
1,8.1705,15.135,0.0515,0.1909,0.1606,BCC+FCC
1,8.152,13.85,0.0516,0.1913,0.139,BCC+FCC
1,8.077,13.9,0.0525,0.2072,0.1301,BCC+FCC
1,8.216,14.21,0.049,0.1927,0.1355,BCC+FCC
1,8.069,13.415,0.0502,0.2004,0.1084,BCC+FCC
1,7.9985,14.005,0.0521,0.2043,0.137,BCC+FCC
1,8.0705,13.585,0.0508,0.2025,0.1168,BCC+FCC
1,8.072,13.755,0.0513,0.2046,0.1239,BCC+FCC
1,8.1345,13.975,0.048,0.1871,0.1376,BCC+FCC
1,7.9935,13.86,0.0507,0.2006,0.1307,BCC+FCC
1,7.9965,14.2,0.0521,0.2055,0.142,BCC+FCC
1,7.97,13.725,0.0484,0.186,0.1442,BCC+FCC
4,7.8895,10.845,0.0831,0.3788,0.1607,IM
3,10.253,10.705,0.1129,0.5196,0.277,IM
3,10.248,10.56,0.1116,0.5165,0.2676,IM
3,10.9435,10.76,0.111,0.494,0.3301,IM
3,8.49,10.295,0.1016,0.4441,0.2801,IM
3,8.2725,9.105,0.0969,0.4632,0.2547,IM
2,8.6465,12.91,0.0391,0.1848,0.1745,FCC
4,8.6415,12.765,0.0384,0.1825,0.1652,FCC
2,10.5555,9.015,0.1188,0.6135,0.2643,IM
2,8.727,9.62,0.1027,0.4808,0.2579,IM
2,9.1495,9.3,0.101,0.49,0.2818,IM
2,9.146,9.325,0.1002,0.4873,0.2822,IM
2,8.7435,8.9,0.0872,0.4978,0.2163,IM
3,8.6215,9.8,0.0918,0.4845,0.2081,IM
3,9.0425,9.345,0.0941,0.486,0.22,IM
2,9.6345,9.325,0.1073,0.5733,0.2157,IM
2,10.921,9.975,0.1207,0.5625,0.292,IM
3,10.313,9.405,0.1152,0.5773,0.2561,IM
2,10.6305,9.33,0.1173,0.5962,0.2601,IM
2,10.5605,9.65,0.1162,0.5666,0.2592,IM
2,9.345,9.275,0.1138,0.5699,0.2975,IM
2,9.879,8.565,0.1074,0.6092,0.2697,IM
2,8.9835,9.04,0.111,0.5679,0.2659,IM
3,9.34,9.13,0.1115,0.5629,0.2873,IM
2,8.8655,9.115,0.1054,0.5198,0.2802,IM
2,9.3655,8.385,0.1034,0.5859,0.2479,IM
3,9.874,8.42,0.1046,0.5986,0.2581,IM
2,9.335,8.985,0.1092,0.5553,0.2767,IM
3,9.521,8.95,0.107,0.5419,0.2787,IM
2,8.9735,8.75,0.1059,0.5506,0.2432,IM
2,9.345,9.33,0.0957,0.503,0.2225,IM
3,9.633,9.55,0.1035,0.5189,0.2307,IM
3,8.9465,9.5,0.1131,0.5498,0.238,IM
3,9.285,9.525,0.1155,0.5672,0.2394,IM
2,9.6235,9.55,0.1179,0.5845,0.2407,IM
2,8.859,8.975,0.1072,0.5416,0.23,IM
3,8.7945,9.555,0.1096,0.5316,0.2356,IM
2,9.133,9.58,0.1123,0.5489,0.2373,IM
3,10.578,9.6,0.1193,0.604,0.3046,IM
3,10.356,9.975,0.1167,0.5563,0.3132,IM
3,10.604,10.25,0.1193,0.5558,0.3098,IM
3,10.2995,10.245,0.1089,0.5066,0.3182,IM
3,8.241,8.675,0.0995,0.5034,0.2837,IM
2,11.197,10.69,0.1204,0.5463,0.336,IM
2,9.7505,9.405,0.0985,0.5267,0.2594,IM
3,9.3925,9.505,0.0896,0.4805,0.2556,IM
2,9.441,9.255,0.0878,0.4706,0.2519,IM
3,8.5815,9.62,0.1098,0.5228,0.2824,IM
2,8.8275,8.975,0.1055,0.527,0.2667,IM
3,9.587,9.405,0.1141,0.5635,0.2664,IM
3,9.9255,9.43,0.1168,0.5808,0.2675,IM
2,9.161,8.855,0.1063,0.5375,0.2577,IM
4,9.4995,8.88,0.109,0.5553,0.2589,IM
3,10.185,10.765,0.1179,0.5269,0.317,IM
4,10.5235,10.79,0.1208,0.5434,0.3178,IM
3,9.577,9.3,0.1062,0.5367,0.287,IM
2,8.474,9.595,0.1013,0.4901,0.2569,IM
4,9.402,9.145,0.1055,0.5361,0.2545,IM
4,9.2335,9.13,0.1017,0.5129,0.2764,IM
2,9.1945,8.965,0.1063,0.5369,0.2613,IM
3,9.8715,9.015,0.1116,0.5725,0.2633,IM
3,9.3645,8.975,0.1055,0.5313,0.2793,IM
2,8.9775,9.485,0.1018,0.4964,0.2727,IM
3,8.479,12.01,0.0387,0.1715,0.1256,FCC
4,8.527,12.11,0.0386,0.171,0.125,FCC
3,8.4755,12.035,0.0377,0.1701,0.1258,FCC
3,8.575,12.21,0.0384,0.1704,0.1244,FCC
3,8.4205,11.985,0.0352,0.1671,0.1267,FCC
1,8.623,12.31,0.0378,0.1698,0.1238,FCC
2,8.5715,12.235,0.0376,0.1693,0.1246,FCC
1,8.52,12.16,0.037,0.1684,0.1254,FCC
3,8.4685,12.085,0.0358,0.167,0.1262,FCC
4,8.3655,11.935,0.032,0.163,0.1276,FCC
4,8.671,12.41,0.037,0.1691,0.1232,FCC
2,8.568,12.26,0.0369,0.168,0.1248,FCC
4,8.022,14.975,0.0307,0.153,0.2358,FCC
1,8.094,14.555,0.0322,0.1569,0.225,FCC
1,7.9875,14.695,0.0324,0.1578,0.2357,FCC
1,8.245,14.805,0.0372,0.1652,0.2256,FCC
1,8.1215,15.15,0.0341,0.1594,0.2364,FCC
1,8.142,14.655,0.0333,0.1581,0.2251,FCC
1,7.946,14.73,0.0346,0.1682,0.2455,FCC
1,7.9115,14.45,0.0342,0.1712,0.2453,FCC
1,7.8975,13.675,0.0351,0.1741,0.2356,FCC
1,8.0835,14.895,0.035,0.1613,0.2362,FCC
1,8.104,14.4,0.0347,0.1604,0.2251,FCC
1,7.9425,14.755,0.033,0.1637,0.2453,FCC
4,8.433,12.605,0.0289,0.1486,0.1461,FCC
4,8.1715,11.915,0.0398,0.1957,0.1569,FCC
4,7.909,11.715,0.0369,0.1675,0.0707,FCC
4,8.0485,11.965,0.0355,0.1529,0.0563,FCC
4,7.9055,11.74,0.0361,0.1652,0.0708,FCC
4,8.045,11.99,0.0342,0.1511,0.0564,FCC
4,8.1375,12.215,0.0342,0.149,0.0554,FCC
3,8.1855,12.315,0.0344,0.1488,0.0549,FCC
3,8.134,12.24,0.0331,0.1471,0.0555,FCC
1,7.7665,15.8,0.0314,0.1382,0.1913,FCC
1,7.7575,12.97,0.047,0.1977,0.1156,BCC+FCC
4,7.8795,14.39,0.0305,0.1385,0.1602,FCC
4,7.828,14.315,0.0287,0.1341,0.1594,FCC
1,7.603,12.745,0.0425,0.1889,0.1153,BCC+FCC
1,7.5975,14.11,0.0326,0.1492,0.178,FCC
1,7.8145,15.9,0.0327,0.1398,0.1921,FCC
1,7.7335,13.49,0.0476,0.1973,0.137,BCC+FCC
1,7.8055,13.07,0.0477,0.198,0.1156,BCC+FCC
1,7.5425,15.67,0.0321,0.1551,0.196,FCC
1,7.979,14.565,0.0337,0.1428,0.1614,FCC
1,7.5995,12.77,0.0418,0.1862,0.1152,BCC+FCC
1,7.893,14.21,0.0347,0.1464,0.1604,FCC
1,7.7695,14.555,0.0314,0.1378,0.1709,FCC
1,7.8415,14.135,0.0327,0.142,0.1596,FCC
1,7.694,15.265,0.0328,0.1444,0.189,FCC
1,7.479,12.135,0.0443,0.1897,0.116,BCC+FCC
1,7.6285,14.415,0.031,0.1406,0.1784,FCC
1,7.7005,13.995,0.0345,0.1479,0.1697,FCC
1,7.883,15.505,0.0331,0.1397,0.1837,FCC
1,7.7595,15.85,0.029,0.1297,0.1904,FCC
1,7.9035,15.01,0.032,0.1381,0.1729,FCC
1,7.596,12.795,0.0411,0.1832,0.1151,BCC+FCC
1,7.7455,15.075,0.0305,0.1344,0.1808,FCC
1,7.766,14.58,0.0303,0.1335,0.1705,FCC
1,7.91,13.74,0.0325,0.1416,0.1457,FCC
1,7.613,12.59,0.0453,0.192,0.1158,BCC+FCC
1,7.7625,14.87,0.0346,0.146,0.1812,FCC
1,7.7315,14.3,0.032,0.1387,0.1699,FCC
1,7.355,11.525,0.0428,0.1842,0.1164,BCC+FCC
1,7.9015,13.27,0.0494,0.1982,0.1155,BCC+FCC
1,7.859,16.025,0.0328,0.1376,0.1924,FCC
1,7.8075,15.95,0.0303,0.1318,0.1912,FCC
1,7.9515,15.11,0.033,0.1391,0.1735,FCC
1,7.7265,13.54,0.0459,0.1928,0.1368,BCC+FCC
1,7.747,13.045,0.0448,0.1914,0.1154,BCC+FCC
1,7.9925,14.12,0.0298,0.1351,0.1462,FCC
1,7.6955,12.97,0.0434,0.1882,0.1153,BCC+FCC
1,7.644,12.895,0.0419,0.1844,0.1152,BCC+FCC
1,7.814,14.68,0.0315,0.1355,0.1711,FCC
1,7.7385,15.39,0.0329,0.1421,0.1894,FCC
1,7.876,15.555,0.031,0.1324,0.1829,FCC
1,7.9685,14.64,0.0306,0.134,0.1606,FCC
1,7.5715,12.36,0.0454,0.1898,0.1161,BCC+FCC
1,7.52,12.285,0.0435,0.1842,0.1159,BCC+FCC
1,7.4855,12.005,0.0445,0.1872,0.1163,BCC+FCC
1,7.451,11.725,0.0449,0.1897,0.1167,BCC+FCC
1,7.946,13.395,0.0494,0.1966,0.1153,BCC+FCC
1,7.843,13.245,0.0464,0.1925,0.1153,BCC+FCC
1,7.637,12.945,0.0404,0.1782,0.1149,BCC+FCC
1,7.7055,12.815,0.0462,0.1915,0.1158,BCC+FCC
1,7.568,12.385,0.0445,0.1862,0.116,BCC+FCC
1,7.7365,13.12,0.0427,0.1838,0.1151,BCC+FCC
1,7.7535,12.915,0.0471,0.1925,0.1158,BCC+FCC
1,7.833,12.93,0.0458,0.1795,0.1338,BCC+FCC
1,7.7845,13.22,0.0435,0.1848,0.1151,BCC+FCC
3,8.749,9.79,0.0994,0.5073,0.1804,IM
2,8.751,10.295,0.0954,0.4543,0.1728,IM
4,8.3895,9.735,0.0876,0.4485,0.1756,IM
2,8.171,10.085,0.0809,0.4026,0.1617,IM
2,7.901,10.36,0.072,0.3469,0.1426,IM
2,8.355,9.455,0.0853,0.4477,0.1773,IM
2,8.5755,9.61,0.087,0.4455,0.1789,IM
2,8.085,9.73,0.0771,0.3969,0.1644,IM
3,8.8765,9.64,0.0962,0.4923,0.1863,IM
2,8.6085,10.42,0.0806,0.3852,0.164,IM
2,8.5225,10.065,0.0762,0.3834,0.1665,IM
3,8.5535,10.37,0.0773,0.3793,0.1653,IM
2,9.4255,10.305,0.0811,0.3652,0.319,IM
4,10.18,10.325,0.1097,0.5069,0.2476,IM
4,10.1455,10.045,0.108,0.5093,0.2493,IM
4,10.707,9.79,0.103,0.4861,0.3164,IM
3,10.6725,9.51,0.1012,0.4877,0.3181,IM
3,10.7015,9.91,0.1154,0.5436,0.2823,IM
4,10.142,10.07,0.1073,0.5075,0.2497,IM
3,10.669,9.535,0.1005,0.4854,0.3185,IM
2,8.405,9.82,0.0917,0.4204,0.2427,IM
2,8.436,10.125,0.0929,0.4164,0.2414,IM
3,8.47,10.145,0.0839,0.3815,0.2432,IM
2,8.4185,10.07,0.082,0.3778,0.2444,IM
4,8.1095,11.595,0.0409,0.1944,0.1623,FCC
4,8.3485,12.02,0.0396,0.1833,0.1587,FCC
4,8.345,12.045,0.0385,0.1819,0.1589,FCC
4,8.4445,12.22,0.04,0.1824,0.1575,FCC
4,8.3415,12.07,0.0375,0.1804,0.1591,FCC
3,8.441,12.245,0.0392,0.1813,0.1577,FCC
3,8.5405,12.42,0.0394,0.1813,0.1563,FCC
3,8.489,12.345,0.0391,0.1808,0.1571,FCC
4,8.2485,11.765,0.0379,0.1814,0.1615,FCC
1,8.5885,12.52,0.0387,0.1806,0.1557,FCC
1,8.537,12.445,0.0388,0.1803,0.1565,FCC
4,8.434,12.295,0.0375,0.1786,0.1581,FCC
1,8.0835,14.245,0.0344,0.1718,0.2406,FCC
1,8.032,14.17,0.0326,0.1681,0.2407,FCC
4,7.9255,14.31,0.0335,0.1696,0.2531,FCC
1,7.967,15.68,0.0332,0.1682,0.2746,FCC
1,8.039,15.26,0.0352,0.1717,0.2644,FCC
1,8.0595,14.765,0.0345,0.1705,0.253,FCC
4,8.0285,14.195,0.0318,0.1651,0.2406,FCC
1,7.9325,15.4,0.0345,0.1727,0.2747,FCC
1,7.9735,14.41,0.0347,0.1712,0.2532,FCC
1,7.867,14.55,0.0331,0.1702,0.2643,FCC
1,7.7775,14.485,0.0314,0.1757,0.2744,FCC
1,7.743,14.205,0.0321,0.1776,0.2743,FCC
1,7.9805,15.5,0.0359,0.1744,0.2748,FCC
1,7.9495,14.93,0.0335,0.1684,0.2643,FCC
1,8.042,14.015,0.0354,0.1716,0.241,FCC
1,7.8805,14.37,0.035,0.1758,0.2645,FCC
1,7.846,14.09,0.0348,0.1788,0.2646,FCC
1,8.2995,14.125,0.0376,0.1738,0.2266,FCC
1,8.104,14.89,0.0346,0.1686,0.2529,FCC
4,8.001,14.74,0.0306,0.1594,0.2528,FCC
4,8.3575,12.665,0.0323,0.1653,0.1776,FCC
3,8.3025,12.615,0.0288,0.1613,0.1782,FCC
4,8.299,12.64,0.0275,0.1591,0.1783,FCC
2,8.347,12.74,0.0287,0.1594,0.178,FCC
3,8.2955,12.665,0.0269,0.1567,0.1784,FCC
4,8.3445,15.045,0.0348,0.2011,0.2854,FCC
4,8.3205,15.565,0.0334,0.1987,0.2959,FCC
4,8.341,15.07,0.0337,0.1981,0.2853,FCC
1,7.7595,15.53,0.033,0.1381,0.2137,FCC
1,7.899,15.78,0.0321,0.1279,0.2015,FCC
1,7.9035,14.69,0.0367,0.1458,0.1932,FCC
1,7.8475,15.705,0.0296,0.1222,0.2004,FCC
2,7.78,15.035,0.0328,0.1372,0.2036,FCC
1,7.7125,14.365,0.0359,0.1504,0.202,FCC
2,7.9195,15.285,0.0311,0.1262,0.192,FCC
4,7.9915,14.865,0.0319,0.1286,0.1818,FCC
1,8.0635,14.445,0.0337,0.1296,0.1697,FCC
4,7.868,15.21,0.0288,0.1208,0.1911,FCC
2,7.94,14.79,0.0298,0.1243,0.1811,FCC
2,8.012,14.37,0.031,0.1263,0.1691,FCC
4,7.8165,15.135,0.0266,0.1143,0.1902,FCC
1,7.749,14.465,0.0301,0.1298,0.1916,FCC
1,7.8885,14.715,0.0278,0.1191,0.1803,FCC
1,7.821,14.045,0.0315,0.1348,0.1792,FCC
3,7.9605,14.295,0.0282,0.1222,0.1685,FCC
3,7.837,14.64,0.0258,0.113,0.1795,FCC
1,8.0085,14.66,0.0372,0.1401,0.1823,FCC
1,7.5385,13.835,0.0361,0.159,0.2101,FCC
1,7.8175,14.335,0.0367,0.1474,0.1926,FCC
1,7.694,14.68,0.0316,0.1356,0.2026,FCC
1,7.6985,13.59,0.0374,0.1544,0.1887,FCC
1,7.782,14.855,0.0287,0.1207,0.1896,FCC
1,7.647,13.515,0.0349,0.1478,0.1885,FCC
2,7.854,14.435,0.0305,0.1262,0.1799,FCC
4,7.8025,14.36,0.0283,0.1197,0.1791,FCC
1,7.8745,13.94,0.0296,0.1248,0.1676,FCC
1,7.5715,14.225,0.0336,0.1512,0.2133,FCC
1,7.7315,13.98,0.0357,0.1467,0.1919,FCC
1,7.68,13.905,0.033,0.1396,0.1913,FCC
1,7.8195,14.155,0.0326,0.1325,0.1795,FCC
1,7.84,13.66,0.0321,0.1313,0.1674,FCC
1,7.449,13.77,0.0347,0.1625,0.2226,FCC
1,7.523,13.17,0.0339,0.1566,0.2017,FCC
1,7.947,15.88,0.0334,0.1292,0.2021,FCC
1,8.091,15.04,0.036,0.1325,0.183,FCC
1,8.0395,14.965,0.0334,0.1293,0.1823,FCC
1,8.044,13.875,0.0375,0.146,0.1654,FCC
1,7.709,14.39,0.0347,0.1462,0.2018,FCC
1,7.916,15.31,0.03,0.1223,0.1917,FCC
1,8.132,14.05,0.0335,0.1271,0.1552,FCC
2,8.0085,14.395,0.0294,0.1231,0.1689,FCC
4,7.9055,14.245,0.0256,0.1132,0.1676,FCC
4,8.1935,12.565,0.0297,0.1178,0.0913,FCC
1,7.9125,15.6,0.0356,0.1361,0.2015,FCC
1,8.0565,14.76,0.0386,0.1407,0.1827,FCC
1,7.7215,15.275,0.0327,0.1385,0.213,FCC
1,8.005,14.685,0.0361,0.1372,0.182,FCC
1,7.742,14.78,0.033,0.138,0.2031,FCC
1,7.9535,14.61,0.0339,0.1329,0.1812,FCC
1,7.902,14.535,0.0317,0.1279,0.1804,FCC
1,8.046,13.695,0.0335,0.1329,0.1548,FCC
1,7.687,14.995,0.0331,0.1427,0.2125,FCC
1,7.9395,13.835,0.0355,0.1382,0.1685,FCC
1,7.744,14.6,0.0288,0.1209,0.1886,FCC
1,7.96,13.34,0.0344,0.1365,0.1543,FCC
1,7.513,14.465,0.0301,0.1471,0.2232,FCC
1,7.6215,14.145,0.0309,0.1378,0.2016,FCC
1,7.833,13.975,0.0356,0.14,0.1796,FCC
1,7.874,12.985,0.035,0.138,0.1536,FCC
1,7.499,13.69,0.0318,0.1496,0.2128,FCC
1,7.659,13.445,0.0352,0.1498,0.1912,FCC
1,7.747,13.62,0.0338,0.1379,0.1783,FCC
4,7.437,14.98,0.0328,0.1537,0.2414,FCC
4,7.525,15.155,0.0306,0.1446,0.2333,FCC
1,7.7365,14.985,0.0359,0.1489,0.2141,FCC
1,7.876,15.235,0.0353,0.1405,0.2044,FCC
1,7.685,14.91,0.0332,0.142,0.2136,FCC
1,7.8245,15.16,0.0329,0.1348,0.2038,FCC
1,8.036,14.99,0.032,0.1262,0.182,FCC
1,7.9845,14.915,0.0298,0.1218,0.1813,FCC
1,7.989,13.825,0.034,0.1401,0.165,FCC
1,8.1285,14.075,0.0322,0.1246,0.155,FCC
1,7.726,13.92,0.0336,0.1411,0.1883,FCC
4,8.102,12.415,0.0325,0.1363,0.1027,FCC
4,8.0505,12.34,0.0301,0.1335,0.1029,FCC
4,8.19,12.59,0.0284,0.1155,0.0912,FCC
1,7.542,14.95,0.0332,0.156,0.2337,FCC
1,7.909,15.625,0.0343,0.1323,0.2011,FCC
1,7.79,14.88,0.0344,0.1403,0.2035,FCC
1,7.671,14.135,0.0345,0.1458,0.2017,FCC
1,7.878,15.055,0.0312,0.125,0.1908,FCC
1,7.8265,14.98,0.0288,0.1181,0.1899,FCC
1,7.8985,14.56,0.0306,0.1237,0.1801,FCC
1,7.9705,14.14,0.0316,0.1276,0.1685,FCC
4,7.847,14.485,0.0284,0.1171,0.1793,FCC
1,7.7795,13.815,0.0318,0.132,0.1788,FCC
4,7.9645,11.985,0.0311,0.1377,0.1041,FCC
1,7.5955,14.845,0.0323,0.1486,0.2239,FCC
1,7.735,15.095,0.0348,0.1454,0.2131,FCC
1,7.6835,15.02,0.0315,0.1375,0.2122,FCC
1,7.704,14.525,0.0324,0.1375,0.2025,FCC
1,8.008,13.44,0.0354,0.1376,0.1546,FCC
1,7.5815,14.07,0.0332,0.1516,0.2133,FCC
4,7.6855,14.84,0.0272,0.1191,0.1961,FCC
1,7.778,13.925,0.0316,0.1282,0.1784,FCC
1,7.6555,13.47,0.0336,0.1445,0.191,FCC
1,7.7435,13.645,0.0323,0.1326,0.1779,FCC
1,7.8155,13.225,0.0357,0.14,0.167,FCC
2,7.94,15.93,0.031,0.1214,0.2014,FCC
1,8.012,15.51,0.0323,0.1249,0.1928,FCC
1,8.228,14.25,0.0344,0.127,0.1557,FCC
1,8.1045,14.595,0.0321,0.1245,0.1696,FCC
1,8.037,13.925,0.0349,0.1408,0.1652,FCC
1,7.9135,14.27,0.0326,0.134,0.1795,FCC
1,7.934,13.775,0.0315,0.1324,0.1647,FCC
3,8.238,12.69,0.0287,0.1153,0.0911,FCC
1,8.142,13.895,0.0358,0.1338,0.1553,FCC
1,7.895,14.585,0.0295,0.1193,0.1798,FCC
1,8.039,13.745,0.0311,0.1267,0.1544,FCC
1,7.8195,15.295,0.0315,0.1269,0.1989,FCC
1,7.8915,14.875,0.0344,0.1331,0.1909,FCC
1,7.9325,13.885,0.0334,0.1307,0.168,FCC
1,8.0045,13.465,0.0345,0.1343,0.1544,FCC
1,7.8465,13.53,0.033,0.1302,0.167,FCC
4,7.9285,11.55,0.0305,0.126,0.0928,FCC
4,7.699,14.66,0.0286,0.1262,0.1961,FCC
1,7.988,16.03,0.0323,0.123,0.2021,FCC
1,8.276,14.35,0.0345,0.1268,0.1559,FCC
1,7.869,15.285,0.0329,0.1325,0.2039,FCC
1,8.173,14.2,0.0317,0.1222,0.1551,FCC
4,8.286,12.79,0.0288,0.1149,0.091,FCC
3,8.2345,12.715,0.0275,0.1129,0.091,FCC
4,8.183,12.64,0.0258,0.1103,0.091,FCC
1,8.015,14.265,0.0317,0.1252,0.1686,FCC
1,8.087,13.845,0.0322,0.1276,0.1547,FCC
1,8.0355,13.77,0.0302,0.1233,0.1542,FCC
1,7.929,13.91,0.0323,0.1265,0.1677,FCC
4,7.8715,11.68,0.032,0.1317,0.1049,FCC
4,7.925,11.575,0.0297,0.1217,0.0927,FCC
4,7.8905,11.295,0.0326,0.1278,0.0932,FCC
1,8.18,15.29,0.0353,0.1279,0.1833,FCC
1,8.2725,14.375,0.0335,0.1247,0.1557,FCC
1,8.149,14.72,0.0319,0.1221,0.1697,FCC
3,8.231,12.74,0.0263,0.1104,0.0909,FCC
2,8.1795,12.665,0.0245,0.1073,0.0909,FCC
4,8.0935,12.31,0.0245,0.1131,0.0916,FCC
4,7.973,11.675,0.0305,0.1235,0.0928,FCC
2,8.3305,12.915,0.0276,0.1124,0.0909,FCC
2,8.279,12.84,0.0266,0.1103,0.0909,FCC
3,8.2275,12.765,0.0252,0.1076,0.0909,FCC
2,8.09,12.335,0.0232,0.1093,0.0915,FCC
4,8.43,13.09,0.0273,0.1131,0.0906,FCC
3,8.3785,13.015,0.0272,0.1119,0.0907,FCC
4,8.327,12.94,0.0266,0.1101,0.0908,FCC
4,8.2755,12.865,0.0255,0.1077,0.0908,FCC
3,8.224,12.79,0.024,0.1045,0.0908,FCC
1,8.3185,14.195,0.0387,0.2143,0.1998,FCC
1,8.267,14.12,0.037,0.2115,0.1995,FCC
1,7.908,14.59,0.0348,0.1832,0.2058,FCC
1,7.98,14.17,0.0358,0.1853,0.1937,FCC
1,7.925,14.12,0.0332,0.1792,0.1932,FCC
1,7.901,14.64,0.0329,0.1772,0.2054,FCC
2,8.6555,9.985,0.0829,0.3869,0.2523,IM
2,8.39,8.975,0.0795,0.4531,0.2023,IM
2,9.029,8.825,0.0847,0.5137,0.1992,IM
2,8.6415,9.435,0.0888,0.4591,0.2038,IM
3,8.877,8.88,0.0861,0.5,0.203,IM
2,8.3375,9.545,0.0842,0.4259,0.1957,IM
2,9.077,8.925,0.0863,0.5187,0.198,IM
4,8.9595,9.26,0.0911,0.5082,0.1997,IM
2,8.807,9.2,0.0876,0.4754,0.2032,IM
3,8.6895,9.535,0.0902,0.4627,0.2026,IM
3,8.8075,9.315,0.091,0.4929,0.2006,IM
2,9.094,9.06,0.0927,0.5017,0.2067,IM
3,8.655,9.255,0.0871,0.46,0.2047,IM
3,8.42,9.925,0.088,0.4303,0.193,IM
2,9.212,8.84,0.0935,0.5311,0.2052,IM
3,8.773,9.035,0.0878,0.4899,0.2026,IM
4,8.538,9.705,0.0902,0.4622,0.1888,IM
3,9.2635,9.255,0.0993,0.5124,0.2069,IM
3,8.268,9.98,0.0837,0.4123,0.1817,IM
2,8.89,9.695,0.0956,0.4986,0.1974,IM
3,9.2945,9.22,0.0981,0.5375,0.202,IM
3,9.0245,9.495,0.0959,0.491,0.204,IM
3,8.7545,9.77,0.0913,0.4424,0.2038,IM
3,9.1425,9.275,0.0974,0.5215,0.2016,IM
3,9.159,9.295,0.0956,0.4832,0.2102,IM
3,8.755,9.885,0.0923,0.4572,0.1913,IM
3,9.107,9.875,0.1001,0.4948,0.2009,IM
2,8.9545,9.815,0.0957,0.4627,0.205,IM
2,8.837,10.15,0.095,0.4453,0.2009,IM
2,8.955,9.93,0.0972,0.4773,0.1979,IM
2,8.685,10.205,0.0904,0.4267,0.1946,IM
2,8.8195,10.005,0.0872,0.4174,0.1998,IM
2,8.885,10.25,0.0962,0.4474,0.1999,IM
2,9.0195,10.05,0.0937,0.4383,0.2057,IM
3,8.902,10.385,0.0901,0.4184,0.1971,IM
1,7.4095,8.185,0.0648,0.3819,0.2022,IM
2,7.24,9.1,0.0726,0.3969,0.1909,IM
2,10.732,8.99,0.1078,0.5319,0.2675,IM
3,11.0735,9.295,0.1117,0.5356,0.2951,IM
2,10.804,9.685,0.1064,0.499,0.3115,IM
2,10.3105,9.435,0.1003,0.479,0.2895,IM
2,10.393,9.815,0.1032,0.4798,0.2868,IM
2,10.8175,9.505,0.1052,0.5015,0.3122,IM
2,10.3585,9.535,0.1012,0.4808,0.2886,IM
2,10.324,9.255,0.0992,0.4814,0.2903,IM
3,8.5815,9.125,0.0959,0.4488,0.2484,IM
2,9.2635,8.775,0.1049,0.5332,0.2549,IM
3,10.0895,8.52,0.1036,0.5773,0.2447,IM
2,9.429,8.54,0.1034,0.5497,0.2462,IM
2,9.9375,8.575,0.1048,0.5624,0.2574,IM
3,9.4975,8.84,0.104,0.5229,0.2557,IM
3,8.8025,8.58,0.0981,0.4921,0.2494,IM
2,9.2575,9.15,0.1045,0.5012,0.2403,IM
4,9.5455,8.94,0.1053,0.526,0.2546,IM
2,9.1055,9.205,0.1021,0.4842,0.2475,IM
4,9.071,8.925,0.0995,0.4831,0.2494,IM
3,8.8015,9.315,0.094,0.4487,0.255,IM
2,9.662,9.34,0.105,0.4991,0.2621,IM
2,9.036,9.64,0.1019,0.469,0.2496,IM
2,9.0435,8.76,0.0823,0.4723,0.1871,IM
2,9.1945,9.09,0.1034,0.5096,0.2116,IM
2,9.1955,10.59,0.0884,0.4176,0.2415,IM
2,8.59,9.615,0.0902,0.4604,0.2097,IM
2,8.151,9.81,0.0826,0.418,0.2013,IM
3,8.7595,9.19,0.0915,0.4745,0.2344,IM
3,8.5555,9.335,0.0879,0.4592,0.2114,IM
2,8.7725,9.515,0.0893,0.4545,0.2138,IM
3,8.9605,9.295,0.0911,0.4796,0.2245,IM
1,7.4765,11.65,0.0461,0.1849,0.1162,BCC+FCC
1,7.5645,11.825,0.0428,0.1753,0.1085,BCC+FCC
1,7.4835,11.92,0.0451,0.1868,0.1009,BCC+FCC
1,7.566,12.3,0.0441,0.1854,0.0997,BCC+FCC
1,7.5245,11.75,0.0471,0.1873,0.1158,BCC+FCC
1,7.5935,12.895,0.0449,0.1876,0.1252,BCC+FCC
1,7.614,12.4,0.0449,0.1871,0.0994,BCC+FCC
2,8.04,9.205,0.0701,0.3875,0.1667,IM
2,8.1225,9.585,0.0735,0.392,0.1642,IM
2,8.013,9.455,0.0816,0.4245,0.1744,IM
3,8.079,8.955,0.0842,0.4462,0.1855,IM
2,8.2115,10.37,0.0738,0.357,0.1614,IM
4,10.4365,9.84,0.1139,0.5382,0.2918,IM
2,10.637,9.51,0.1155,0.5635,0.2868,IM
4,10.096,9.145,0.1116,0.572,0.2703,IM
3,9.826,9.42,0.1068,0.5241,0.2775,IM
2,9.556,9.695,0.0994,0.4748,0.2835,IM
2,10.0265,9.09,0.1084,0.5489,0.271,IM
3,10.4845,9.94,0.1149,0.5398,0.2907,IM
2,10.2145,10.215,0.107,0.4895,0.298,IM
2,10.415,9.885,0.1093,0.5155,0.2922,IM
4,10.109,9.47,0.1118,0.5513,0.2681,IM
2,9.903,9.645,0.1019,0.5041,0.2483,IM
2,10.4395,9.205,0.1053,0.5481,0.2729,IM
2,10.5275,9.38,0.1085,0.545,0.2793,IM
2,10.252,9.86,0.1021,0.5002,0.2755,IM
2,9.894,9.96,0.0924,0.4534,0.2741,IM
2,9.982,10.135,0.0935,0.4488,0.2797,IM
2,9.624,10.235,0.0832,0.4004,0.2774,IM
2,9.5705,9.675,0.1077,0.5124,0.2486,IM
3,9.536,9.395,0.1057,0.5129,0.2503,IM
3,9.314,9.77,0.0973,0.4643,0.2502,IM
3,9.3645,10.035,0.0949,0.436,0.2853,IM
3,9.6825,9.86,0.1059,0.4892,0.2804,IM
2,10.021,9.885,0.1088,0.5068,0.2812,IM
2,9.751,10.16,0.0988,0.4553,0.2853,IM
3,9.9865,9.605,0.1068,0.5078,0.283,IM
3,10.325,9.63,0.1097,0.5253,0.2837,IM
2,9.41,9.97,0.0989,0.4673,0.2484,IM
3,9.112,8.925,0.101,0.5153,0.2491,IM
2,7.823,8.835,0.0656,0.347,0.1947,IM
2,7.8345,9.175,0.0677,0.3327,0.19,IM
2,8.04,9.015,0.0706,0.3487,0.1984,IM
3,9.2745,8.955,0.1037,0.5675,0.1973,IM
3,8.898,8.765,0.0912,0.5294,0.1995,IM
2,9.1185,8.92,0.0981,0.5322,0.2023,IM
3,8.828,9.085,0.0918,0.5034,0.2006,IM
2,9.554,8.75,0.1032,0.5687,0.206,IM
3,9.115,8.945,0.0969,0.5282,0.2027,IM
3,8.6235,9.605,0.0919,0.4837,0.1947,IM
3,9.349,9.155,0.0985,0.5335,0.1998,IM
4,8.91,9.35,0.0935,0.4926,0.1998,IM
2,9.636,9.015,0.1038,0.5578,0.2041,IM
2,8.758,9.405,0.0925,0.4761,0.2015,IM
3,8.8445,9.875,0.1001,0.4978,0.1915,IM
3,9.57,9.425,0.1084,0.5472,0.203,IM
3,9.2635,8.915,0.0962,0.5397,0.2036,IM
4,9.5505,8.775,0.102,0.5645,0.2064,IM
3,8.62,9.63,0.0905,0.4792,0.1952,IM
3,8.8405,9.785,0.0971,0.4801,0.1983,IM
3,9.9395,9.665,0.1166,0.5701,0.2027,IM
3,9.5005,9.86,0.1097,0.5304,0.1994,IM
2,9.407,9.63,0.0807,0.3686,0.2726,IM
2,10.683,9.195,0.1101,0.5252,0.2741,IM
4,9.155,9.265,0.0737,0.3681,0.2598,IM
3,10.951,9.115,0.1167,0.6043,0.2543,IM
3,9.5735,8.92,0.1146,0.5737,0.2395,IM
2,9.876,8.225,0.1047,0.5978,0.2451,IM
3,8.947,8.96,0.1073,0.5132,0.2435,IM
2,9.636,8.535,0.1068,0.5781,0.2323,IM
2,9.364,8.215,0.102,0.5797,0.2351,IM
4,9.484,8.59,0.1074,0.5623,0.2439,IM
3,9.9925,8.625,0.1088,0.5748,0.2551,IM
2,9.1615,8.52,0.1041,0.5362,0.2323,IM
2,9.418,9,0.1123,0.5532,0.25,IM
2,9.0095,8.575,0.1032,0.5201,0.241,IM
3,8.9435,8.985,0.1062,0.5101,0.244,IM
3,9.246,8.29,0.1016,0.5364,0.2573,IM
2,9.158,8.545,0.1027,0.5318,0.2328,IM
2,9.4145,9.025,0.1111,0.5498,0.2505,IM
2,8.94,9.01,0.1051,0.5068,0.2444,IM
3,9.1225,9,0.1017,0.4896,0.2479,IM
2,9.111,8.505,0.0821,0.4908,0.1741,IM
2,9.358,9.665,0.0963,0.4689,0.1986,IM
3,8.6395,8.785,0.0939,0.518,0.2403,IM
3,10.5035,8.7,0.1118,0.607,0.2675,IM
3,8.3995,9.26,0.0822,0.4504,0.174,IM
3,8.0415,9.36,0.0733,0.4019,0.1615,IM
2,8.534,9.06,0.0806,0.4421,0.1789,IM
2,8.095,9.255,0.0731,0.3991,0.1652,IM
3,7.8765,9.605,0.0657,0.3511,0.1482,IM
3,7.8195,9.735,0.0667,0.3509,0.1466,IM
3,10.5785,9.235,0.1183,0.5994,0.2816,IM
3,8.3935,8.745,0.1054,0.5248,0.2572,IM
3,8.4405,9.09,0.1,0.4736,0.2639,IM
2,11.636,8.8,0.1255,0.6889,0.2756,IM
3,11.1615,8.785,0.1218,0.6453,0.2751,IM
3,11.411,9.83,0.124,0.5879,0.2989,IM
2,9.8335,9.42,0.1013,0.5235,0.2343,IM
4,9.4755,9.52,0.0924,0.4773,0.2308,IM
3,9.973,9.67,0.1062,0.5226,0.2386,IM
2,9.7475,9.065,0.0965,0.5191,0.2376,IM
3,9.83,9.445,0.1003,0.5208,0.2348,IM
3,9.9695,9.695,0.1052,0.5204,0.239,IM
3,9.6115,9.795,0.0955,0.4742,0.2351,IM
4,9.8835,9.34,0.1009,0.5176,0.2422,IM
3,10.9715,9.805,0.104,0.4892,0.3211,IM
2,9.966,9.72,0.1043,0.5181,0.2394,IM
4,8.141,9.295,0.0891,0.4336,0.2278,IM
4,8.102,9.545,0.0762,0.3726,0.2217,IM
3,8.0355,9.065,0.0779,0.3976,0.2282,IM
4,8.016,9.19,0.0714,0.3666,0.2248,IM
4,7.9965,9.315,0.0649,0.334,0.2209,IM
3,8.1555,9.44,0.0745,0.3691,0.2281,IM
4,8.089,8.96,0.0772,0.3946,0.2348,IM
3,8.0695,9.085,0.0702,0.3634,0.2311,IM
3,8.152,9.465,0.0735,0.3658,0.2285,IM
3,8.67,8.175,0.1,0.5523,0.2587,IM
2,8.597,8.145,0.0981,0.5263,0.2649,IM
2,8.5935,8.17,0.0969,0.5209,0.2654,IM
3,8.83,8.945,0.097,0.4775,0.279,IM
2,8.743,9.17,0.0967,0.4667,0.2633,IM
2,8.6165,9.245,0.0897,0.4421,0.2483,IM
3,10.0435,8.83,0.1109,0.5661,0.2695,IM
2,8.978,9.12,0.1011,0.4921,0.2515,IM
2,8.9745,9.145,0.1002,0.4892,0.2519,IM
2,9.866,9.41,0.1035,0.5265,0.2439,IM
3,8.8775,8.865,0.084,0.5256,0.2174,IM
2,9.5335,8.36,0.0916,0.5557,0.2151,IM
4,9.3295,8.995,0.095,0.556,0.2105,IM
3,8.8905,9.19,0.09,0.515,0.2108,IM
3,9.1775,9.05,0.0958,0.541,0.2145,IM
3,9.3945,9.23,0.1017,0.5395,0.2181,IM
2,8.526,9.26,0.0719,0.3802,0.241,IM
2,8.105,9.14,0.065,0.3296,0.2271,IM
2,11.2275,8.37,0.0936,0.6432,0.2418,IM
2,10.431,8.4,0.0962,0.5967,0.2499,IM
4,10.6655,8.725,0.0988,0.6197,0.2352,IM
4,9.7345,8.955,0.0972,0.5762,0.2192,IM
2,10.191,8.71,0.0982,0.5788,0.2351,IM
4,10.1915,8.825,0.1033,0.596,0.2415,IM
3,9.5825,9.01,0.0982,0.5612,0.224,IM
2,10.648,8.58,0.1045,0.5988,0.254,IM
3,9.869,8.755,0.1,0.5698,0.2263,IM
3,10.326,8.625,0.1059,0.5892,0.2484,IM
4,10.121,9.03,0.0997,0.5536,0.2333,IM
2,10.7305,8.96,0.1091,0.6046,0.2508,IM
2,10.1215,9.145,0.104,0.5698,0.2403,IM
2,9.969,9.085,0.1001,0.538,0.2422,IM
3,10.4085,9.005,0.11,0.5941,0.2453,IM
4,9.7995,9.19,0.1044,0.5594,0.2275,IM
3,10.256,8.945,0.1057,0.5625,0.2473,IM
3,10.186,9.265,0.1055,0.5349,0.2461,IM
3,8.5345,8.245,0.0873,0.5333,0.2227,IM
2,8.06,8.23,0.0866,0.4939,0.2161,IM
3,7.9595,8.45,0.0833,0.4716,0.2179,IM
3,8.5065,8.915,0.0751,0.4516,0.1799,IM
2,8.7835,8.91,0.0802,0.5019,0.1849,IM
2,8.712,8.755,0.0771,0.4644,0.1858,IM
2,8.989,8.75,0.0805,0.5141,0.1899,IM
2,8.7125,8.87,0.0811,0.4841,0.1859,IM
3,8.3545,8.97,0.0739,0.4373,0.1817,IM
4,8.6315,8.965,0.081,0.4885,0.1878,IM
2,8.56,8.81,0.0767,0.4505,0.1897,IM
3,9.1235,8.55,0.0837,0.5094,0.1979,IM
3,8.766,8.765,0.0827,0.4829,0.1949,IM
3,8.685,8.86,0.0828,0.4873,0.1965,IM
3,8.337,8.825,0.0708,0.4156,0.1862,IM
2,8.7485,8.62,0.0817,0.4617,0.1998,IM
2,8.6425,9.19,0.0809,0.4594,0.1862,IM
2,8.848,9.03,0.0835,0.4728,0.1924,IM
3,9.2065,9.045,0.0931,0.5367,0.1952,IM
3,8.8485,9.145,0.0869,0.4908,0.1915,IM
2,9.054,8.985,0.0892,0.5042,0.1987,IM
3,8.696,9.085,0.0825,0.4577,0.1955,IM
2,9.0545,9.1,0.0929,0.5214,0.1958,IM
4,8.983,8.945,0.0875,0.484,0.1985,IM
3,8.5015,9.47,0.0783,0.4111,0.1863,IM
3,8.7785,9.465,0.0867,0.4644,0.1921,IM
4,8.9135,9.38,0.0888,0.4729,0.1937,IM
3,9.119,9.22,0.0927,0.4873,0.2035,IM
3,9.2015,9.6,0.0967,0.4912,0.2003,IM
4,8.8435,9.7,0.0886,0.4441,0.1953,IM
3,8.0275,8.685,0.0823,0.4752,0.1961,IM
3,8.366,8.71,0.0841,0.4946,0.1976,IM
3,8.7045,8.735,0.0859,0.5139,0.199,IM
2,8.991,8.48,0.0874,0.5222,0.2035,IM
2,7.6375,8.495,0.0843,0.4643,0.1956,IM
2,8.653,8.57,0.0902,0.5221,0.2004,IM
3,7.8755,8.74,0.0826,0.4612,0.1951,IM
2,8.2625,8.265,0.088,0.4922,0.2035,IM
3,8.787,8.255,0.0881,0.4977,0.2095,IM
3,8.1105,8.32,0.0878,0.478,0.2037,IM
3,8.3485,8.565,0.0859,0.4747,0.2031,IM
4,8.549,8.87,0.0924,0.5259,0.1943,IM
3,8.8875,8.895,0.0941,0.5448,0.1956,IM
3,8.4485,9.09,0.0891,0.5037,0.1943,IM
3,8.348,9.31,0.0858,0.4812,0.1933,IM
3,8.735,8.835,0.0906,0.5122,0.1989,IM
2,8.397,8.925,0.0928,0.5112,0.1957,IM
3,8.7355,8.95,0.0948,0.5299,0.1972,IM
3,8.2965,9.145,0.0891,0.4887,0.1938,IM
4,8.345,8.645,0.0926,0.5009,0.2002,IM
3,8.6835,8.67,0.0946,0.5198,0.2015,IM
4,8.9215,8.915,0.0929,0.5163,0.2026,IM
2,8.007,8.735,0.0941,0.4996,0.1945,IM
2,8.193,8.7,0.092,0.4858,0.2006,IM
2,8.0925,8.92,0.0879,0.463,0.1983,IM
4,8.431,8.945,0.0901,0.482,0.2001,IM
2,8.7695,8.97,0.0923,0.5008,0.2019,IM
2,8.952,9.015,0.0972,0.5127,0.2028,IM
2,8.8,9.07,0.0962,0.4966,0.2047,IM
2,8.8005,9.185,0.0989,0.5122,0.1984,IM
2,8.9865,9.15,0.0965,0.4986,0.205,IM
4,8.73,9.39,0.096,0.4689,0.2054,IM
3,10.733,9.09,0.1126,0.5772,0.2758,IM
2,9.641,8.835,0.0889,0.463,0.2498,IM
2,8.271,7.83,0.0682,0.386,0.2392,IM
2,8.2695,8.5,0.0841,0.4471,0.2302,IM
3,8.352,8.88,0.0875,0.4536,0.227,IM
2,8.3325,9.005,0.0822,0.4249,0.2264,IM
2,8.4055,8.775,0.0891,0.4514,0.2359,IM
2,8.386,8.9,0.0832,0.4225,0.2349,IM
2,10.4555,9.695,0.1024,0.4986,0.3022,IM
2,9.198,7.975,0.0869,0.5646,0.2148,IM
2,9.856,7.95,0.0945,0.5953,0.2392,IM
2,9.046,8.03,0.0907,0.5536,0.2303,IM
2,9.5545,8.065,0.0918,0.5668,0.2384,IM
4,9.299,8.045,0.0956,0.5623,0.2488,IM
2,9.8075,8.08,0.0968,0.5754,0.2571,IM
2,8.894,8.085,0.0934,0.5416,0.244,IM
3,9.4025,8.12,0.0947,0.5547,0.253,IM
3,8.9765,7.975,0.0926,0.5356,0.2396,IM
3,8.8455,8.215,0.0941,0.5211,0.2613,IM
2,9.2295,7.99,0.0966,0.5434,0.2564,IM
2,8.907,7.92,0.0932,0.5166,0.2457,IM
2,8.755,7.975,0.0936,0.5029,0.2546,IM
3,9.616,8.26,0.0973,0.58,0.2276,IM
3,9.312,8.37,0.1011,0.5524,0.2532,IM
3,9.5135,8.665,0.0992,0.5271,0.2347,IM
2,9.258,8.645,0.1004,0.5196,0.2408,IM
2,9.407,8.325,0.089,0.5216,0.2084,IM
2,9.226,8.385,0.0915,0.5125,0.2344,IM
2,9.9775,8.67,0.0992,0.562,0.2118,IM
2,10.5055,8.58,0.1045,0.6017,0.2278,IM
2,9.879,8.62,0.0994,0.5444,0.2268,IM
3,8.7935,8.58,0.0887,0.4811,0.2263,IM
2,9.3215,8.49,0.095,0.5211,0.2397,IM
2,9.1695,8.545,0.0943,0.5062,0.2493,IM
4,8.847,8.475,0.0902,0.4794,0.2361,IM
2,8.543,8.585,0.0849,0.4477,0.2463,IM
4,10.118,8.745,0.1025,0.5543,0.2463,IM
2,8.9295,8.855,0.0939,0.4859,0.2329,IM
4,8.91,8.98,0.0875,0.4579,0.2333,IM
2,9.4575,8.765,0.1008,0.5262,0.2467,IM
2,9.438,8.89,0.0957,0.4987,0.2481,IM
2,9.135,8.695,0.0971,0.4998,0.2346,IM
2,8.2495,9,0.0838,0.428,0.2165,IM
2,8.455,8.84,0.0876,0.4426,0.2224,IM
2,8.6255,8.965,0.0887,0.4528,0.2435,IM
2,9.0655,9.13,0.0992,0.4885,0.2392,IM
2,9.973,7.975,0.101,0.5829,0.2617,IM
3,10.2075,8.3,0.1037,0.6058,0.2462,IM
3,10.546,8.325,0.1054,0.6247,0.2463,IM
4,10.0555,8.355,0.1055,0.5914,0.2585,IM
3,10.7325,8.405,0.1095,0.6287,0.2588,IM
2,9.733,8.285,0.1022,0.565,0.2486,IM
2,10.0715,8.31,0.1042,0.5837,0.2488,IM
2,10.41,8.335,0.1062,0.6023,0.2491,IM
2,10.242,8.435,0.1086,0.5949,0.2694,IM
2,9.0725,8.305,0.1011,0.5374,0.2431,IM
3,9.581,8.34,0.1026,0.5501,0.2582,IM
4,10.258,8.39,0.1071,0.5872,0.259,IM
2,9.7675,8.42,0.1045,0.5532,0.2665,IM
3,10.106,8.445,0.1069,0.5715,0.2671,IM
4,9.8155,8.665,0.1068,0.5718,0.2453,IM
3,10.154,8.69,0.1088,0.5902,0.2455,IM
3,10.6625,8.725,0.1102,0.6028,0.2564,IM
3,11.001,8.75,0.1122,0.6211,0.2565,IM
3,9.6635,8.72,0.1068,0.5561,0.2551,IM
4,10.002,8.745,0.109,0.5743,0.2555,IM
3,10.3405,8.77,0.1113,0.5925,0.2559,IM
3,10.679,8.795,0.1135,0.6107,0.2563,IM
3,9.341,8.65,0.1031,0.5299,0.2425,IM
3,9.6795,8.675,0.1053,0.5483,0.2431,IM
4,9.85,8.8,0.1082,0.558,0.2636,IM
4,9.866,8.755,0.1066,0.5502,0.2506,IM
4,9.932,9.065,0.1088,0.547,0.2538,IM
4,10.2705,9.09,0.1111,0.565,0.2542,IM
3,9.4575,9.05,0.1031,0.5042,0.249,IM
4,9.796,9.075,0.1055,0.5223,0.2497,IM
2,9.517,9.43,0.0949,0.5205,0.2189,IM
3,8.69,8.33,0.0837,0.477,0.1899,IM
2,7.9715,8.905,0.0739,0.4171,0.1744,IM
3,11.927,8.55,0.1113,0.6773,0.2798,IM
2,9.1215,8.615,0.0839,0.4746,0.2597,IM
2,9.3695,8.89,0.0863,0.4853,0.2457,IM
3,9.8505,8.74,0.1012,0.5514,0.2576,IM
2,9.9735,8.69,0.1049,0.5712,0.265,IM
2,9.423,8.785,0.0873,0.4829,0.2535,IM
3,8.022,8.34,0.0833,0.4516,0.2484,IM
3,9.316,8.515,0.1043,0.5613,0.263,IM
2,10.8305,8.67,0.1069,0.5855,0.2827,IM
3,10.395,8.405,0.111,0.5982,0.278,IM
2,10.952,8.8,0.1187,0.6451,0.2762,IM
3,9.0005,8.56,0.0934,0.4999,0.2408,IM
2,8.6425,8.66,0.0833,0.4531,0.2374,IM
3,9.685,8.53,0.1056,0.5592,0.2725,IM
3,8.8055,8.555,0.0966,0.497,0.2573,IM
2,9.144,8.58,0.0992,0.5155,0.2582,IM
4,8.4375,12.53,0.0392,0.1799,0.1309,FCC
4,8.434,12.555,0.0382,0.1789,0.1311,FCC
4,8.3825,12.48,0.0372,0.1783,0.1316,FCC
4,8.331,12.405,0.0356,0.1774,0.1322,FCC
4,8.5335,12.73,0.0382,0.1783,0.13,FCC
2,8.482,12.655,0.038,0.1783,0.1306,FCC
4,8.4305,12.58,0.0373,0.1778,0.1312,FCC
2,8.5815,12.83,0.0373,0.1774,0.1295,FCC
1,8.53,12.755,0.0375,0.1775,0.1301,FCC
3,8.4785,12.68,0.0372,0.1773,0.1307,FCC
4,8.3755,12.53,0.035,0.1756,0.1319,FCC
4,8.3785,12.87,0.037,0.181,0.1504,FCC
4,8.6295,12.93,0.0362,0.1764,0.129,FCC
2,8.578,12.855,0.0367,0.1767,0.1296,FCC
3,8.5265,12.78,0.0368,0.1766,0.1303,FCC
4,8.475,12.705,0.0363,0.1762,0.1309,FCC
3,8.6275,12.485,0.039,0.2031,0.1944,FCC
3,8.576,12.41,0.0372,0.2021,0.1952,FCC
3,8.5775,12.58,0.0382,0.2046,0.2042,FCC
3,8.624,12.51,0.038,0.2019,0.1946,FCC
4,8.472,12.505,0.0383,0.17,0.1458,FCC
4,8.5185,12.435,0.037,0.1668,0.1353,FCC
4,8.5665,12.535,0.0365,0.166,0.1348,FCC
4,8.568,12.705,0.0373,0.1682,0.145,FCC
2,8.7255,13.27,0.0364,0.1693,0.1615,FCC
3,8.5195,12.97,0.0388,0.1727,0.1628,FCC
4,8.6145,12.635,0.0357,0.1651,0.1343,FCC
4,8.6675,12.88,0.0358,0.1667,0.1441,FCC
3,8.616,12.805,0.0364,0.1672,0.1446,FCC
4,8.5645,12.73,0.0364,0.1674,0.1451,FCC
3,8.566,12.9,0.0372,0.1696,0.1543,FCC
3,8.722,13.295,0.0356,0.1691,0.1616,FCC
4,8.619,13.145,0.0377,0.1712,0.1622,FCC
4,8.5675,13.07,0.038,0.1717,0.1625,FCC
3,8.516,12.995,0.0378,0.1719,0.1628,FCC
4,8.569,13.24,0.0388,0.1737,0.17,FCC
4,8.6625,12.735,0.0346,0.1641,0.1338,FCC
4,8.611,12.66,0.035,0.1643,0.1345,FCC
3,8.5595,12.585,0.0348,0.164,0.1351,FCC
4,8.7155,12.98,0.0342,0.1655,0.1436,FCC
1,8.664,12.905,0.0352,0.1662,0.1442,FCC
4,8.6125,12.83,0.0357,0.1665,0.1447,FCC
4,8.561,12.755,0.0356,0.1665,0.1453,FCC
4,8.7685,13.225,0.0331,0.1661,0.1526,FCC
3,8.717,13.15,0.0347,0.1673,0.1531,FCC
1,8.6655,13.075,0.0358,0.1681,0.1535,FCC
2,8.614,13,0.0363,0.1686,0.154,FCC
4,8.5625,12.925,0.0364,0.1688,0.1544,FCC
3,8.511,12.85,0.036,0.1686,0.1548,FCC
3,8.6155,13.17,0.037,0.1706,0.1623,FCC
4,8.5125,13.02,0.0369,0.171,0.1629,FCC
3,8.461,12.945,0.0361,0.1707,0.1631,FCC
3,8.567,13.435,0.0387,0.175,0.1767,FCC
4,8.7105,12.835,0.0333,0.163,0.1332,FCC
2,8.659,12.76,0.034,0.1633,0.1339,FCC
1,8.6075,12.685,0.0343,0.1633,0.1346,FCC
4,8.556,12.61,0.034,0.1629,0.1353,FCC
3,8.453,12.46,0.032,0.1609,0.1365,FCC
1,8.7635,13.08,0.0324,0.1642,0.1432,FCC
2,8.712,13.005,0.0338,0.165,0.1437,FCC
4,8.6605,12.93,0.0346,0.1655,0.1443,FCC
3,8.609,12.855,0.0349,0.1657,0.1449,FCC
2,8.5575,12.78,0.0348,0.1655,0.1454,FCC
3,8.506,12.705,0.0341,0.1649,0.1459,FCC
4,8.765,13.25,0.0328,0.1659,0.1527,FCC
4,8.7585,12.935,0.0318,0.1618,0.1327,FCC
4,8.707,12.86,0.0329,0.1623,0.1334,FCC
4,8.6555,12.785,0.0335,0.1625,0.1341,FCC
4,8.5525,12.635,0.0332,0.1616,0.1354,FCC
3,8.76,13.105,0.0321,0.1637,0.1433,FCC
4,8.657,12.955,0.034,0.1648,0.1444,FCC
3,8.7615,13.275,0.0324,0.1655,0.1528,FCC
1,8.3565,14.81,0.038,0.1634,0.2173,FCC
1,8.3325,15.33,0.038,0.1641,0.2293,FCC
1,8.178,15.105,0.031,0.1563,0.2284,FCC
4,8.4795,12.98,0.0307,0.1491,0.1535,FCC
3,8.476,13.005,0.0295,0.1475,0.1536,FCC
3,8.4775,13.175,0.0306,0.1506,0.1612,FCC
4,8.4805,13.515,0.0328,0.1564,0.1743,FCC
3,8.5755,13.18,0.0304,0.1479,0.153,FCC
3,8.524,13.105,0.0296,0.1471,0.1533,FCC
4,8.4725,13.03,0.0283,0.1458,0.1536,FCC
4,8.5255,13.275,0.0306,0.1501,0.1611,FCC
2,8.474,13.2,0.0294,0.1491,0.1613,FCC
4,8.6815,13.67,0.0319,0.1528,0.1677,FCC
3,8.5785,13.52,0.0322,0.1533,0.168,FCC
3,8.527,13.445,0.0316,0.153,0.168,FCC
3,8.6315,13.765,0.0331,0.1555,0.1743,FCC
2,8.58,13.69,0.0331,0.1557,0.1743,FCC
1,8.5285,13.615,0.0326,0.1556,0.1743,FCC
4,8.633,13.935,0.0339,0.1576,0.18,FCC
4,8.5815,13.86,0.034,0.1581,0.18,FCC
4,8.778,13.505,0.0283,0.1465,0.1517,FCC
3,8.7265,13.43,0.0294,0.1471,0.1521,FCC
4,8.6235,13.28,0.0299,0.1472,0.1528,FCC
4,8.572,13.205,0.0295,0.1466,0.1531,FCC
2,8.5205,13.13,0.0285,0.1455,0.1534,FCC
4,8.6765,13.525,0.0306,0.1498,0.1605,FCC
1,8.625,13.45,0.0307,0.1498,0.1607,FCC
3,8.5735,13.375,0.0304,0.1495,0.1609,FCC
3,8.522,13.3,0.0295,0.1487,0.1611,FCC
4,8.4705,13.225,0.0282,0.1474,0.1613,FCC
2,8.6265,13.62,0.0315,0.1524,0.1678,FCC
2,8.575,13.545,0.0313,0.1522,0.1679,FCC
2,8.5235,13.47,0.0305,0.1517,0.168,FCC
2,8.628,13.79,0.0323,0.1547,0.1742,FCC
2,8.5765,13.715,0.0321,0.1548,0.1742,FCC
2,8.6295,13.96,0.033,0.157,0.18,FCC
3,8.7745,13.53,0.0278,0.1459,0.1518,FCC
2,8.723,13.455,0.0288,0.1463,0.1521,FCC
3,8.6715,13.38,0.0292,0.1463,0.1525,FCC
3,8.62,13.305,0.0291,0.1459,0.1528,FCC
2,8.5685,13.23,0.0285,0.1451,0.1531,FCC
4,8.517,13.155,0.0275,0.1438,0.1534,FCC
4,8.776,13.7,0.0283,0.1481,0.16,FCC
4,8.7245,13.625,0.0293,0.1487,0.1603,FCC
2,8.673,13.55,0.0298,0.1489,0.1605,FCC
3,8.6215,13.475,0.0299,0.1487,0.1607,FCC
4,8.57,13.4,0.0294,0.1482,0.1609,FCC
3,8.5185,13.325,0.0285,0.1471,0.1611,FCC
4,8.829,13.945,0.0276,0.149,0.1672,FCC
4,8.7775,13.87,0.0287,0.1501,0.1674,FCC
3,8.623,13.645,0.0307,0.1514,0.1678,FCC
3,8.5715,13.57,0.0303,0.151,0.1679,FCC
4,8.6245,13.815,0.0314,0.1539,0.1742,FCC
4,8.3515,12.665,0.0395,0.1899,0.1639,FCC
4,8.2485,12.515,0.0366,0.1885,0.1651,FCC
4,8.3995,12.765,0.0393,0.1893,0.1634,FCC
4,8.348,12.69,0.0385,0.1889,0.164,FCC
3,8.499,12.94,0.0389,0.1884,0.1622,FCC
3,8.396,12.79,0.0385,0.1883,0.1635,FCC
3,8.3445,12.715,0.0376,0.1878,0.1642,FCC
3,8.293,12.64,0.0362,0.1869,0.1648,FCC
4,8.243,12.735,0.0354,0.1884,0.1743,FCC
3,8.2975,13.15,0.0392,0.1942,0.1895,FCC
4,8.547,13.04,0.0378,0.1875,0.1616,FCC
1,8.4955,12.965,0.0383,0.1877,0.1623,FCC
1,8.444,12.89,0.0382,0.1877,0.163,FCC
3,8.3925,12.815,0.0377,0.1873,0.1637,FCC
2,8.341,12.74,0.0366,0.1866,0.1643,FCC
4,8.238,12.59,0.0331,0.1839,0.1656,FCC
3,8.291,12.835,0.0361,0.1882,0.1739,FCC
2,8.344,13.08,0.0384,0.1914,0.1816,FCC
2,8.5435,13.065,0.0374,0.1869,0.1618,FCC
1,8.492,12.99,0.0377,0.187,0.1625,FCC
3,8.4405,12.915,0.0375,0.1867,0.1632,FCC
2,8.3375,12.765,0.0357,0.1852,0.1645,FCC
2,8.339,12.935,0.0366,0.1879,0.1735,FCC
4,8.392,13.18,0.0384,0.1909,0.1813,FCC
4,8.3405,13.105,0.0375,0.1903,0.1817,FCC
4,8.048,12.315,0.0399,0.1665,0.0837,FCC
4,8.1375,12.66,0.0365,0.1511,0.0853,FCC
4,8.184,12.59,0.0352,0.1476,0.0714,FCC
4,8.1325,12.515,0.0342,0.147,0.0718,FCC
4,8.237,12.835,0.0366,0.1503,0.0851,FCC
3,8.182,12.785,0.0351,0.1492,0.0851,FCC
1,7.794,12.72,0.0479,0.2084,0.1023,BCC+FCC
3,8.28,12.79,0.034,0.1459,0.0707,FCC
4,8.177,12.64,0.0331,0.145,0.0714,FCC
3,8.1255,12.565,0.0319,0.1439,0.0717,FCC
2,8.333,13.035,0.0344,0.148,0.0847,FCC
3,8.2815,12.96,0.0348,0.1484,0.0849,FCC
3,8.3345,13.205,0.035,0.1501,0.0962,FCC
4,8.283,13.13,0.0355,0.1507,0.0962,FCC
1,7.8715,12.65,0.0449,0.1957,0.11,BCC+FCC
3,8.18,12.98,0.0351,0.1507,0.096,FCC
4,8.1285,12.905,0.0341,0.1502,0.0959,FCC
4,8.233,13.225,0.0364,0.1533,0.1054,FCC
4,8.1815,13.15,0.0361,0.1534,0.1051,FCC
4,8.13,13.075,0.0352,0.153,0.1048,FCC
4,8.389,13.62,0.0357,0.1528,0.1141,FCC
4,8.225,12.74,0.0328,0.1444,0.0711,FCC
4,8.278,12.985,0.0339,0.1474,0.0848,FCC
4,8.175,12.835,0.033,0.1466,0.085,FCC
2,8.434,13.38,0.0323,0.1476,0.0961,FCC
4,8.331,13.23,0.0343,0.1495,0.0961,FCC
1,7.868,12.675,0.0437,0.1941,0.11,BCC+FCC
2,8.228,13.08,0.0346,0.1499,0.096,FCC
4,8.487,13.625,0.0326,0.1478,0.106,FCC
4,8.3325,13.4,0.035,0.1517,0.1056,FCC
3,8.281,13.325,0.0355,0.1522,0.1054,FCC
4,8.2295,13.25,0.0355,0.1525,0.1052,FCC
4,8.178,13.175,0.035,0.1523,0.1049,FCC
2,8.231,13.42,0.0364,0.1548,0.1129,FCC
4,8.376,12.99,0.0317,0.1437,0.0699,FCC
1,8.3245,12.915,0.0323,0.1439,0.0704,FCC
4,8.273,12.84,0.0323,0.1436,0.0708,FCC
4,8.2215,12.765,0.0319,0.143,0.0711,FCC
3,8.429,13.235,0.0311,0.1453,0.0842,FCC
4,8.3775,13.16,0.0323,0.146,0.0844,FCC
4,8.326,13.085,0.0329,0.1464,0.0846,FCC
4,8.2745,13.01,0.0331,0.1464,0.0848,FCC
3,8.223,12.935,0.0327,0.146,0.0849,FCC
4,8.482,13.48,0.0309,0.146,0.096,FCC
1,7.916,12.775,0.0448,0.1941,0.1098,BCC+FCC
2,8.276,13.18,0.0339,0.149,0.096,FCC
2,8.2775,13.35,0.0346,0.1515,0.1053,FCC
2,8.226,13.275,0.0345,0.1515,0.1051,FCC
3,8.1745,13.2,0.0339,0.1511,0.1048,FCC
2,8.279,13.52,0.0354,0.1538,0.1131,FCC
4,8.2275,13.445,0.0354,0.154,0.1127,FCC
3,8.424,13.09,0.0302,0.1425,0.0695,FCC
4,8.3725,13.015,0.0311,0.1429,0.07,FCC
4,8.321,12.94,0.0316,0.1428,0.0704,FCC
1,8.2695,12.865,0.0315,0.1423,0.0708,FCC
4,8.1665,12.715,0.0298,0.14,0.0714,FCC
4,8.4255,13.26,0.0307,0.1447,0.0842,FCC
4,8.3225,13.11,0.0322,0.1455,0.0846,FCC
2,8.2195,12.96,0.0318,0.1446,0.0848,FCC
3,8.168,12.885,0.0308,0.1435,0.0849,FCC
4,8.427,13.43,0.0311,0.1469,0.096,FCC
3,8.3755,13.355,0.0322,0.1476,0.096,FCC
4,8.2725,13.205,0.033,0.148,0.0959,FCC
2,8.221,13.13,0.0327,0.1476,0.0958,FCC
2,8.1695,13.055,0.0318,0.1467,0.0957,FCC
3,8.274,13.375,0.0338,0.1506,0.1052,FCC
4,8.2225,13.3,0.0336,0.1504,0.1049,FCC
4,8.327,13.62,0.0342,0.1526,0.1133,FCC
3,8.2755,13.545,0.0346,0.153,0.1129,FCC
4,8.472,13.19,0.0285,0.1412,0.0691,FCC
3,8.4205,13.115,0.0297,0.1417,0.0696,FCC
2,8.369,13.04,0.0305,0.1419,0.07,FCC
2,8.3175,12.965,0.0308,0.1416,0.0704,FCC
3,8.266,12.89,0.0306,0.1409,0.0708,FCC
3,8.163,12.74,0.0288,0.1381,0.0714,FCC
3,8.4735,13.36,0.0288,0.1433,0.084,FCC
3,8.422,13.285,0.0302,0.1441,0.0842,FCC
1,8.3705,13.21,0.0311,0.1445,0.0844,FCC
1,8.319,13.135,0.0315,0.1444,0.0846,FCC
4,8.2675,13.06,0.0314,0.144,0.0847,FCC
3,8.0765,12.735,0.0347,0.1596,0.0967,FCC
4,8.216,12.985,0.0308,0.1431,0.0848,FCC
2,8.1645,12.91,0.0298,0.1417,0.0848,FCC
3,8.4235,13.455,0.0306,0.1463,0.0959,FCC
3,8.372,13.38,0.0316,0.1469,0.0959,FCC
4,8.3205,13.305,0.0322,0.1471,0.0959,FCC
2,8.269,13.23,0.0322,0.1468,0.0958,FCC
2,8.2175,13.155,0.0317,0.1462,0.0957,FCC
2,8.322,13.475,0.0328,0.1495,0.1052,FCC
4,8.2705,13.4,0.033,0.1495,0.105,FCC
3,8.3235,13.645,0.0335,0.1519,0.1131,FCC
1,7.998,15.485,0.0353,0.1436,0.1764,FCC
1,7.8685,13.34,0.0471,0.1989,0.116,BCC+FCC
1,7.7655,13.19,0.0425,0.1967,0.1153,BCC+FCC
1,7.976,14,0.0524,0.2051,0.1345,BCC+FCC
1,8.0245,14.765,0.0478,0.1842,0.1459,BCC+FCC
1,7.893,13.595,0.0471,0.1959,0.1232,BCC+FCC
1,8.0355,14.52,0.0317,0.1362,0.1505,FCC
1,7.843,13.69,0.0462,0.1973,0.1301,BCC+FCC
1,8.0885,14.765,0.0349,0.1417,0.1543,FCC
1,8.037,14.69,0.033,0.1401,0.1534,FCC
1,7.6885,13.465,0.041,0.1917,0.1292,BCC+FCC
1,7.865,13.365,0.0459,0.1977,0.1158,BCC+FCC
1,8.127,14.25,0.0511,0.2025,0.1361,BCC+FCC
1,8.0755,14.175,0.0517,0.2034,0.1355,BCC+FCC
1,7.8985,16.45,0.0325,0.1396,0.193,FCC
1,7.8895,13.62,0.0461,0.1945,0.1231,BCC+FCC
1,7.847,16.375,0.0302,0.1351,0.1917,FCC
1,8.063,15.115,0.0336,0.1389,0.1648,FCC
1,8.135,14.695,0.0341,0.1379,0.1516,FCC
1,7.9205,16.125,0.0319,0.1423,0.1842,FCC
1,7.8395,13.715,0.045,0.1959,0.13,BCC+FCC
1,8.013,15.21,0.0327,0.1406,0.1657,FCC
1,8.085,14.79,0.0336,0.1399,0.154,FCC
1,7.757,13.07,0.0398,0.1904,0.1073,BCC+FCC
1,7.8925,13.96,0.0481,0.1996,0.1363,BCC+FCC
1,7.9645,13.54,0.0478,0.1979,0.1162,BCC+FCC
1,7.8615,13.39,0.0447,0.1964,0.1156,BCC+FCC
1,7.9455,14.205,0.0504,0.2025,0.142,BCC+FCC
1,8.1235,14.275,0.0505,0.2023,0.1358,BCC+FCC
1,8.0205,14.125,0.051,0.2037,0.1347,BCC+FCC
1,8.0185,16.13,0.0348,0.1416,0.1865,FCC
1,7.895,16.475,0.0314,0.1363,0.1925,FCC
1,7.967,16.055,0.0321,0.1384,0.1854,FCC
4,7.8435,16.4,0.0292,0.1314,0.1912,FCC
1,8.1315,14.72,0.0329,0.136,0.1513,FCC
4,7.864,15.905,0.0281,0.1299,0.183,FCC
1,8.042,14.04,0.0495,0.198,0.1308,BCC+FCC
1,7.867,14.31,0.0475,0.1978,0.1486,BCC+FCC
1,7.8875,13.815,0.046,0.1958,0.1301,BCC+FCC
1,7.917,16.15,0.031,0.1394,0.1837,FCC
1,8.061,15.31,0.0336,0.1406,0.1664,FCC
1,8.0815,14.815,0.0323,0.1379,0.1536,FCC
1,7.733,13.59,0.0411,0.1901,0.1292,BCC+FCC
1,7.992,14.135,0.0496,0.1998,0.1369,BCC+FCC
1,8.0125,13.64,0.0478,0.1973,0.1162,BCC+FCC
1,8.07,14.395,0.0509,0.2043,0.1392,BCC+FCC
1,7.965,14.315,0.049,0.1963,0.1434,BCC+FCC
1,8.015,16.155,0.0335,0.139,0.1861,FCC
1,7.9635,16.08,0.0311,0.1354,0.185,FCC
1,8.056,15.165,0.031,0.1343,0.1642,FCC
1,7.831,13.595,0.0424,0.1895,0.1228,BCC+FCC
4,8.1895,13.26,0.0275,0.1247,0.0902,FCC
1,7.8325,13.765,0.043,0.1926,0.1297,BCC+FCC
1,7.853,13.27,0.0412,0.1907,0.1074,BCC+FCC
1,7.8015,13.195,0.0398,0.1887,0.1072,BCC+FCC
1,7.906,13.515,0.0444,0.1949,0.1156,BCC+FCC
1,7.803,13.365,0.0403,0.1919,0.115,BCC+FCC
4,8.194,13.77,0.0309,0.1349,0.1117,FCC
1,7.9615,14.34,0.0482,0.1949,0.1433,BCC+FCC
1,7.901,13.37,0.0423,0.1907,0.1075,BCC+FCC
2,8.1875,13.455,0.0275,0.1265,0.0986,FCC
1,8.0365,14.26,0.0488,0.1983,0.1369,BCC+FCC
1,7.985,14.185,0.048,0.1977,0.1366,BCC+FCC
1,7.9025,13.54,0.0433,0.1935,0.1155,BCC+FCC
2,8.189,13.625,0.0286,0.1301,0.1057,FCC
1,8.113,14.35,0.0487,0.2012,0.1351,BCC+FCC
1,8.0615,14.275,0.0488,0.2016,0.1345,BCC+FCC
1,7.9065,14.29,0.0457,0.1917,0.1429,BCC+FCC
1,7.8755,13.72,0.0425,0.1878,0.1227,BCC+FCC
3,8.1825,13.31,0.0252,0.1205,0.0898,FCC
1,7.8975,13.395,0.0413,0.1891,0.1073,BCC+FCC
3,8.2355,13.555,0.0274,0.126,0.0989,FCC
4,8.184,13.48,0.0263,0.1246,0.0984,FCC
4,8.282,13.485,0.0262,0.1218,0.0903,FCC
3,8.2305,13.41,0.0253,0.1203,0.09,FCC
3,8.179,13.335,0.024,0.1182,0.0896,FCC
4,8.2835,13.655,0.0271,0.1254,0.0991,FCC
2,8.232,13.58,0.0263,0.1242,0.0987,FCC
4,8.338,14.07,0.0289,0.1321,0.1131,FCC
3,11.1455,10.695,0.1244,0.5417,0.3226,IM
4,10.789,10.88,0.1251,0.5519,0.3079,IM
4,10.887,10.885,0.1269,0.5515,0.2957,IM
4,10.8355,10.81,0.1252,0.5503,0.297,IM
2,10.837,10.98,0.126,0.5521,0.307,IM
3,10.8835,10.91,0.1261,0.5505,0.2961,IM
4,11.19,10.82,0.1245,0.5408,0.3221,IM
2,10.832,10.835,0.1244,0.5491,0.2974,IM
3,10.7805,10.76,0.1227,0.5475,0.2987,IM
3,10.562,11.11,0.1135,0.4966,0.3014,IM
3,11.1865,10.845,0.1236,0.5397,0.3225,IM
2,10.61,11.21,0.1142,0.4968,0.3005,IM
2,11.2395,11.09,0.1261,0.5427,0.3311,IM
3,9.148,10.83,0.1124,0.4704,0.3027,IM
3,9.2165,11.13,0.1031,0.4332,0.3066,IM
2,9.16,10.91,0.1003,0.4281,0.2986,IM
2,9.1445,10.855,0.1116,0.4691,0.303,IM
4,8.3,12.27,0.0435,0.195,0.1688,FCC
4,8.2485,12.195,0.0417,0.1942,0.1695,FCC
4,8.197,12.12,0.0395,0.193,0.1703,FCC
4,8.245,12.22,0.0406,0.1928,0.1697,FCC
4,8.333,12.395,0.036,0.1775,0.168,FCC
4,8.386,12.64,0.0384,0.1805,0.1765,FCC
3,8.484,12.645,0.0379,0.1777,0.1661,FCC
4,8.3295,12.42,0.0349,0.1761,0.1682,FCC
4,8.537,12.89,0.0385,0.1794,0.1748,FCC
4,8.487,12.985,0.0394,0.1817,0.184,FCC
3,8.532,12.745,0.0372,0.1768,0.1656,FCC
3,8.482,12.84,0.0378,0.179,0.1756,FCC
4,8.379,12.69,0.0363,0.1784,0.1768,FCC
4,8.4835,13.01,0.0386,0.1811,0.1842,FCC
3,8.432,12.935,0.0382,0.1811,0.1847,FCC
3,8.5285,12.77,0.0365,0.176,0.1657,FCC
4,8.633,13.09,0.0359,0.1771,0.1738,FCC
3,8.53,12.94,0.0371,0.1781,0.1751,FCC
4,8.4785,12.865,0.037,0.1781,0.1757,FCC
4,8.427,12.79,0.0363,0.1778,0.1763,FCC
3,8.3755,12.715,0.0352,0.1771,0.1769,FCC
4,8.686,13.335,0.0349,0.1776,0.1821,FCC
4,8.377,12.885,0.0362,0.1797,0.1853,FCC
4,8.4315,13.3,0.039,0.1845,0.1998,FCC
4,8.5765,12.87,0.0356,0.1751,0.1652,FCC
1,8.525,12.795,0.0357,0.1751,0.1659,FCC
2,8.4735,12.72,0.0354,0.1748,0.1666,FCC
4,8.422,12.645,0.0345,0.1741,0.1673,FCC
4,8.319,12.495,0.0313,0.1714,0.1687,FCC
3,8.5265,12.965,0.0364,0.1774,0.1753,FCC
2,8.4235,12.815,0.0354,0.1767,0.1765,FCC
4,8.372,12.74,0.0341,0.1758,0.1771,FCC
4,8.6825,13.36,0.0346,0.1774,0.1822,FCC
4,8.425,12.985,0.0363,0.1792,0.1849,FCC
2,8.3735,12.91,0.0351,0.1785,0.1854,FCC
4,8.478,13.23,0.0377,0.1816,0.1923,FCC
4,8.4265,13.155,0.0372,0.1815,0.1927,FCC
3,8.4795,13.4,0.0385,0.1837,0.1995,FCC
4,8.676,13.045,0.0335,0.1737,0.1639,FCC
2,8.6245,12.97,0.0345,0.1742,0.1646,FCC
2,8.573,12.895,0.035,0.1743,0.1654,FCC
2,8.5215,12.82,0.035,0.1742,0.1661,FCC
4,8.47,12.745,0.0345,0.1736,0.1668,FCC
3,8.4185,12.67,0.0335,0.1727,0.1675,FCC
4,8.2275,12.345,0.036,0.1844,0.1707,FCC
3,8.626,13.14,0.035,0.1761,0.1742,FCC
2,8.5745,13.065,0.0356,0.1765,0.1748,FCC
2,8.523,12.99,0.0357,0.1765,0.1754,FCC
4,8.4715,12.915,0.0353,0.1761,0.176,FCC
4,8.2805,12.59,0.038,0.1895,0.1794,FCC
3,8.42,12.84,0.0344,0.1754,0.1766,FCC
2,8.3685,12.765,0.0331,0.1743,0.1772,FCC
3,8.679,13.385,0.0342,0.1771,0.1824,FCC
2,8.4215,13.01,0.0353,0.178,0.185,FCC
4,8.526,13.33,0.037,0.1807,0.1919,FCC
1,8.202,15.34,0.0377,0.176,0.2569,FCC
4,8.171,14.77,0.0337,0.1718,0.2449,FCC
1,8.25,15.44,0.0389,0.176,0.2569,FCC
1,8.0545,16.205,0.0346,0.1718,0.2776,FCC
1,8.2705,14.945,0.0376,0.1738,0.2448,FCC
1,8.171,15.91,0.0357,0.1717,0.2678,FCC
1,8.3355,14.575,0.0359,0.1697,0.2316,FCC
1,8.212,14.92,0.0324,0.168,0.2448,FCC
4,8.1605,14.845,0.0309,0.1652,0.2448,FCC
4,8.4485,13.165,0.0329,0.1626,0.1842,FCC
4,8.397,13.09,0.0317,0.1619,0.1846,FCC
1,8.2135,15.09,0.0336,0.1715,0.249,FCC
4,8.4,13.43,0.0339,0.1673,0.1989,FCC
1,8.2395,15.515,0.035,0.1702,0.2568,FCC
1,8.3115,15.095,0.0361,0.1703,0.2447,FCC
1,8.26,15.02,0.0337,0.1683,0.2447,FCC
4,8.4965,13.265,0.0326,0.1619,0.1838,FCC
4,8.445,13.19,0.0318,0.1614,0.1843,FCC
2,8.3935,13.115,0.0305,0.1605,0.1847,FCC
2,8.4465,13.36,0.0328,0.1641,0.1918,FCC
2,8.395,13.285,0.0316,0.1634,0.1921,FCC
4,8.596,13.44,0.0321,0.1611,0.183,FCC
4,8.5445,13.365,0.0321,0.1611,0.1835,FCC
4,8.493,13.29,0.0317,0.1608,0.1839,FCC
2,8.4415,13.215,0.0308,0.1601,0.1844,FCC
4,8.39,13.14,0.0293,0.1589,0.1848,FCC
4,8.4445,13.555,0.0328,0.1655,0.1987,FCC
4,8.4895,13.315,0.0307,0.1596,0.184,FCC
4,8.438,13.24,0.0297,0.1586,0.1845,FCC
2,8.3865,13.165,0.0282,0.1572,0.1849,FCC
4,8.594,13.635,0.032,0.1625,0.1909,FCC
2,8.491,13.485,0.0316,0.1623,0.1916,FCC
3,8.4395,13.41,0.0307,0.1616,0.1919,FCC
3,8.388,13.335,0.0293,0.1604,0.1923,FCC
4,8.441,13.58,0.0317,0.1643,0.1988,FCC
4,8.494,13.825,0.0334,0.1672,0.2049,FCC
4,8.5375,13.415,0.0305,0.159,0.1837,FCC
2,8.486,13.34,0.0298,0.1582,0.1841,FCC
4,8.383,13.19,0.027,0.1554,0.185,FCC
4,8.642,13.735,0.0309,0.1614,0.1905,FCC
3,8.5905,13.66,0.0313,0.1617,0.1909,FCC
4,8.539,13.585,0.0312,0.1616,0.1913,FCC
3,8.4875,13.51,0.0307,0.161,0.1917,FCC
3,8.436,13.435,0.0296,0.1601,0.192,FCC
4,8.6435,13.905,0.0314,0.1635,0.1977,FCC
2,8.5405,13.755,0.032,0.164,0.1983,FCC
3,8.489,13.68,0.0316,0.1637,0.1986,FCC
4,8.645,14.075,0.032,0.1654,0.2043,FCC
4,8.8285,12.775,0.0386,0.209,0.1988,FCC
4,8.777,12.7,0.0371,0.2084,0.1994,FCC
4,8.83,12.945,0.0395,0.2111,0.2069,FCC
3,8.7785,12.87,0.0381,0.2106,0.2075,FCC
4,9.081,13.005,0.0381,0.2059,0.1864,FCC
3,8.8235,12.63,0.0368,0.2057,0.1902,FCC
4,8.8765,12.875,0.0388,0.2085,0.1983,FCC
3,8.825,12.8,0.0376,0.208,0.1989,FCC
4,8.7735,12.725,0.036,0.2072,0.1996,FCC
3,8.8265,12.97,0.0385,0.2101,0.2071,FCC
1,8.6275,14.805,0.0387,0.2069,0.2657,FCC
1,8.552,15.25,0.0376,0.2053,0.2778,FCC
1,8.624,14.83,0.0375,0.2054,0.2658,FCC
1,8.528,15.77,0.0378,0.205,0.2889,FCC
4,8.793,13.295,0.0319,0.1953,0.2149,FCC
1,7.991,15.215,0.0375,0.1464,0.1967,FCC
1,7.7955,15.98,0.0324,0.1381,0.2151,FCC
1,7.935,16.23,0.0304,0.1258,0.2021,FCC
4,8.007,15.81,0.0323,0.1274,0.1944,FCC
1,7.816,15.485,0.0316,0.1368,0.2057,FCC
1,7.8205,14.395,0.0364,0.1539,0.1929,FCC
2,8.0275,15.315,0.0314,0.1248,0.1841,FCC
1,7.96,14.645,0.0335,0.1413,0.1837,FCC
2,8.0995,14.895,0.0328,0.1247,0.1729,FCC
2,7.976,15.24,0.0283,0.1213,0.1832,FCC
4,7.9085,14.57,0.0311,0.1378,0.1832,FCC
2,8.048,14.82,0.0304,0.1221,0.1722,FCC
4,7.8525,15.585,0.0249,0.1137,0.1913,FCC
4,7.9245,15.165,0.0253,0.1171,0.1823,FCC
3,7.9965,14.745,0.0275,0.1188,0.1715,FCC
1,8.0085,15.98,0.0338,0.132,0.1947,FCC
1,7.9615,14.815,0.035,0.1455,0.1869,FCC
1,7.91,14.74,0.0318,0.1424,0.1863,FCC
4,8.0495,14.99,0.0318,0.1266,0.1744,FCC
1,8.1315,14.4,0.038,0.1436,0.1704,FCC
1,7.7245,15.335,0.0343,0.1479,0.2165,FCC
1,8.0035,15.835,0.0308,0.1244,0.194,FCC
1,7.8845,15.09,0.0316,0.1364,0.1953,FCC
1,8.024,15.34,0.0298,0.122,0.1838,FCC
1,7.9565,14.67,0.032,0.1385,0.1835,FCC
1,8.096,14.92,0.0313,0.1223,0.1726,FCC
4,7.9005,15.685,0.0259,0.1153,0.192,FCC
4,7.9725,15.265,0.0267,0.118,0.1829,FCC
1,8.324,14.895,0.0356,0.1274,0.1648,FCC
1,8.2725,14.82,0.0354,0.1272,0.1642,FCC
1,8.149,15.165,0.0346,0.1286,0.1758,FCC
1,8.221,14.745,0.0346,0.1265,0.1635,FCC
1,8.0255,15.51,0.0312,0.1267,0.185,FCC
1,8.0975,15.09,0.0327,0.1266,0.175,FCC
4,8.3855,13.41,0.0307,0.1147,0.1099,FCC
4,8.284,13.43,0.0316,0.1183,0.1167,FCC
1,8.031,16.43,0.0332,0.1274,0.2036,FCC
1,7.912,15.685,0.0339,0.1392,0.2066,FCC
1,8.128,14.425,0.0368,0.1417,0.1703,FCC
1,7.8605,15.61,0.0317,0.1345,0.2059,FCC
1,7.881,15.115,0.0307,0.1329,0.1951,FCC
4,8.138,12.865,0.0311,0.1312,0.112,FCC
1,8.0325,16.6,0.0346,0.1321,0.203,FCC
1,8.1045,16.18,0.0358,0.1323,0.1961,FCC
1,8.053,16.105,0.0335,0.1297,0.195,FCC
1,8.0735,15.61,0.0324,0.127,0.1856,FCC
1,8.166,14.695,0.032,0.1233,0.1626,FCC
4,8.053,13.03,0.0376,0.1571,0.1381,FCC
3,8.2805,13.455,0.0304,0.117,0.1165,FCC
1,8.367,14.85,0.033,0.1221,0.1609,FCC
1,8.048,15.96,0.0307,0.122,0.1943,FCC
1,7.9805,15.29,0.0337,0.1383,0.1961,FCC
1,8.192,15.12,0.0325,0.1222,0.1734,FCC
1,8.1245,14.45,0.0356,0.1396,0.1701,FCC
1,8.264,14.7,0.0322,0.1206,0.16,FCC
1,7.929,15.215,0.0317,0.1342,0.1955,FCC
1,7.8615,14.545,0.0355,0.1486,0.1928,FCC
1,8.0685,15.465,0.0296,0.1195,0.184,FCC
1,8.001,14.795,0.0321,0.1363,0.1836,FCC
4,8.4285,13.365,0.0276,0.1092,0.1007,FCC
1,7.9495,14.72,0.0303,0.1323,0.1831,FCC
4,8.089,14.97,0.0285,0.1168,0.1721,FCC
1,8.0215,14.3,0.031,0.1341,0.1695,FCC
4,8.3255,13.215,0.0277,0.1089,0.1006,FCC
4,7.995,12.64,0.0313,0.1453,0.1211,FCC
4,8.1345,12.89,0.0298,0.1291,0.1119,FCC
2,8.274,13.14,0.027,0.1079,0.1005,FCC
1,8.2965,15.44,0.0354,0.1286,0.1775,FCC
1,8.3685,15.02,0.0338,0.1252,0.1649,FCC
1,8.245,15.365,0.0348,0.1277,0.1767,FCC
1,8.1935,15.29,0.0336,0.1263,0.176,FCC
1,8.0905,15.14,0.0298,0.1216,0.1743,FCC
4,8.327,13.385,0.0287,0.1125,0.1094,FCC
4,8.2755,13.31,0.0281,0.1119,0.1091,FCC
1,8.2465,15.535,0.0357,0.1311,0.1786,FCC
4,8.189,13.305,0.0337,0.1379,0.1285,FCC
4,8.1905,13.475,0.0348,0.1411,0.1351,FCC
4,8.33,13.725,0.0307,0.119,0.1228,FCC
4,8.2785,13.65,0.0303,0.1189,0.1223,FCC
4,8.3315,13.895,0.0317,0.1219,0.1279,FCC
4,8.28,13.82,0.0314,0.1221,0.1272,FCC
1,8.343,15.37,0.034,0.1245,0.175,FCC
1,8.2915,15.295,0.0336,0.1235,0.1744,FCC
1,8.024,16.48,0.0306,0.1209,0.2028,FCC
1,8.24,15.22,0.0327,0.122,0.1738,FCC
1,8.0445,15.985,0.0293,0.1187,0.194,FCC
4,8.4765,13.465,0.0261,0.1077,0.1007,FCC
4,7.993,15.91,0.027,0.1139,0.193,FCC
4,8.425,13.39,0.0268,0.108,0.1006,FCC
4,8.0135,15.415,0.0254,0.1118,0.1828,FCC
3,8.3735,13.315,0.0269,0.1079,0.1006,FCC
2,8.1825,12.99,0.0303,0.129,0.1118,FCC
2,8.322,13.24,0.0266,0.1072,0.1005,FCC
4,8.2705,13.165,0.0258,0.1059,0.1004,FCC
1,8.4165,15.12,0.0326,0.124,0.1652,FCC
1,8.293,15.465,0.0345,0.1271,0.1772,FCC
1,8.0255,16.65,0.0317,0.1262,0.2021,FCC
1,8.0975,16.23,0.0331,0.1273,0.1953,FCC
1,8.1695,15.81,0.0338,0.1272,0.1868,FCC
1,8.262,14.895,0.0322,0.1225,0.1634,FCC
2,8.375,13.485,0.0278,0.1114,0.1094,FCC
4,8.3235,13.41,0.0276,0.111,0.1092,FCC
4,7.993,12.835,0.0312,0.1469,0.1301,FCC
2,8.1325,13.085,0.0297,0.1309,0.1206,FCC
4,8.272,13.335,0.0269,0.11,0.1089,FCC
4,8.3765,13.655,0.0287,0.1146,0.1169,FCC
4,8.325,13.58,0.0286,0.1145,0.1165,FCC
3,8.134,13.255,0.0309,0.1348,0.1282,FCC
3,8.2735,13.505,0.028,0.1139,0.1161,FCC
1,8.368,15.385,0.0345,0.1298,0.1701,FCC
1,8.2445,15.73,0.0357,0.1329,0.1793,FCC
1,8.3165,15.31,0.0346,0.1299,0.1693,FCC
3,8.3265,13.75,0.0296,0.1178,0.1226,FCC
4,8.275,13.675,0.0291,0.1175,0.122,FCC
1,8.421,15.63,0.0346,0.1318,0.1727,FCC
1,8.3695,15.555,0.0353,0.1325,0.1717,FCC
4,8.3395,15.395,0.0331,0.1229,0.1748,FCC
1,8.288,15.32,0.0326,0.1217,0.1742,FCC
1,8.0925,16.085,0.0306,0.1195,0.1946,FCC
1,8.185,15.17,0.0301,0.1174,0.1729,FCC
1,8.257,14.75,0.0301,0.1165,0.1596,FCC
4,8.0615,15.515,0.0267,0.1128,0.1834,FCC
4,8.4215,13.415,0.0259,0.1067,0.1006,FCC
4,8.37,13.34,0.026,0.1063,0.1005,FCC
3,8.179,13.015,0.0291,0.1268,0.1118,FCC
3,8.3185,13.265,0.0255,0.1052,0.1004,FCC
2,8.267,13.19,0.0246,0.1036,0.1003,FCC
1,8.269,15.985,0.0352,0.1288,0.1883,FCC
1,8.1455,16.33,0.034,0.1276,0.196,FCC
1,8.2895,15.49,0.0335,0.1254,0.1769,FCC
1,8.3615,15.07,0.0321,0.1226,0.1644,FCC
4,8.094,16.255,0.0318,0.1245,0.1949,FCC
1,8.238,15.415,0.0326,0.1239,0.1761,FCC
1,8.31,14.995,0.0318,0.1219,0.1638,FCC
4,8.4745,13.66,0.0261,0.1097,0.1097,FCC
2,8.423,13.585,0.0267,0.1101,0.1095,FCC
4,8.1805,13.185,0.0302,0.1308,0.1206,FCC
3,8.129,13.11,0.0284,0.1286,0.1206,FCC
4,8.2685,13.36,0.0257,0.108,0.1088,FCC
1,8.3115,15.165,0.0327,0.1253,0.1668,FCC
4,8.2335,13.43,0.0325,0.1358,0.1284,FCC
4,8.182,13.355,0.0313,0.1345,0.1282,FCC
3,8.3215,13.605,0.0275,0.113,0.1163,FCC
1,8.336,15.42,0.0323,0.1212,0.1746,FCC
4,8.1405,16.185,0.0317,0.1201,0.1952,FCC
1,8.2125,15.765,0.0321,0.1205,0.1855,FCC
2,8.4695,13.515,0.0247,0.1054,0.1005,FCC
2,8.418,13.44,0.0251,0.1052,0.1005,FCC
3,8.227,13.115,0.0294,0.1267,0.1116,FCC
3,8.3665,13.365,0.025,0.1045,0.1004,FCC
1,8.124,12.965,0.0259,0.1215,0.1118,FCC
2,8.2635,13.215,0.0234,0.1011,0.1001,FCC
1,8.358,15.095,0.0313,0.1211,0.1642,FCC
4,8.471,13.685,0.0253,0.1087,0.1096,FCC
3,8.4195,13.61,0.0259,0.1088,0.1094,FCC
3,8.368,13.535,0.0259,0.1084,0.1092,FCC
2,8.177,13.21,0.029,0.1286,0.1205,FCC
3,8.3165,13.46,0.0254,0.1074,0.1089,FCC
3,8.265,13.385,0.0245,0.1058,0.1086,FCC
3,8.421,13.78,0.0266,0.1121,0.1169,FCC
3,8.23,13.455,0.0314,0.1341,0.1283,FCC
2,8.3695,13.705,0.0268,0.112,0.1165,FCC
3,8.318,13.63,0.0264,0.1114,0.1161,FCC
3,8.371,13.875,0.0277,0.1154,0.1227,FCC
4,8.569,13.69,0.0219,0.1033,0.1004,FCC
2,8.4145,13.465,0.0243,0.1035,0.1004,FCC
2,8.2235,13.14,0.0283,0.1244,0.1116,FCC
4,8.363,13.39,0.0241,0.1025,0.1003,FCC
2,8.172,13.065,0.0267,0.1218,0.1117,FCC
4,8.3115,13.315,0.0234,0.1008,0.1002,FCC
4,8.26,13.24,0.0222,0.0983,0.1,FCC
3,8.519,13.785,0.0237,0.1072,0.1096,FCC
3,8.4675,13.71,0.0246,0.1075,0.1095,FCC
3,8.2765,13.385,0.0304,0.1301,0.1205,FCC
1,8.225,13.31,0.0293,0.1285,0.1205,FCC
4,8.3645,13.56,0.025,0.1066,0.109,FCC
2,8.313,13.485,0.0244,0.1053,0.1087,FCC
4,8.572,14.03,0.0242,0.109,0.1177,FCC
4,8.469,13.88,0.0253,0.1108,0.1171,FCC
2,8.278,13.555,0.0313,0.1336,0.1283,FCC
4,8.4175,13.805,0.0258,0.1109,0.1167,FCC
3,8.366,13.73,0.0258,0.1105,0.1163,FCC
4,8.522,14.125,0.0252,0.1129,0.124,FCC
3,8.4705,14.05,0.026,0.1138,0.1235,FCC
1,8.334,15.14,0.0375,0.2136,0.2154,FCC
1,8.047,15.19,0.0364,0.1871,0.2097,FCC
1,8.119,14.77,0.0375,0.1871,0.1981,FCC
1,8.0675,14.695,0.0346,0.1853,0.1977,FCC
1,8.016,14.62,0.0331,0.183,0.1973,FCC
1,7.9715,15.635,0.0349,0.184,0.2194,FCC
1,8.0125,14.645,0.0324,0.1809,0.1971,FCC
1,8.0195,15.735,0.036,0.1846,0.2199,FCC
1,7.9885,15.165,0.033,0.1801,0.2087,FCC
1,8.009,14.67,0.0316,0.1786,0.1969,FCC
2,8.734,10.105,0.0985,0.482,0.2241,IM
3,8.83,9.605,0.0917,0.5257,0.2053,IM
2,9.1165,9.35,0.0931,0.5343,0.2087,IM
3,8.999,9.685,0.0973,0.5211,0.2101,IM
3,8.729,9.96,0.0959,0.4738,0.2126,IM
2,9.0505,10.1,0.1027,0.4981,0.2129,IM
2,9.221,10.01,0.1055,0.525,0.2254,IM
3,9.3335,9.53,0.1004,0.533,0.2126,IM
2,8.9295,10.12,0.1013,0.5084,0.2076,IM
3,8.661,10.225,0.0981,0.4947,0.2179,IM
4,9.269,10.11,0.107,0.5272,0.2243,IM
3,8.83,10.305,0.1013,0.4867,0.2221,IM
2,9.3815,9.63,0.1019,0.5359,0.2114,IM
2,9.264,9.965,0.1044,0.5199,0.2126,IM
2,8.825,10.16,0.0987,0.4791,0.2105,IM
2,8.994,10.24,0.1009,0.4707,0.2148,IM
3,9.486,10.29,0.1108,0.5195,0.2276,IM
2,7.3585,9.84,0.0886,0.4368,0.1977,IM
2,10.6245,10.725,0.1161,0.5162,0.3012,IM
2,10.9425,10.55,0.1256,0.5685,0.2948,IM
4,10.6725,10.825,0.117,0.5168,0.3003,IM
3,11.297,10.56,0.1252,0.5593,0.3174,IM
2,10.838,10.59,0.1214,0.5394,0.2956,IM
2,10.7205,10.925,0.1179,0.5174,0.2994,IM
3,8.6795,10.2,0.1146,0.5012,0.2688,IM
4,8.978,9.685,0.1111,0.5014,0.258,IM
3,8.6745,10.055,0.1125,0.4957,0.2583,IM
2,8.796,10.6,0.1104,0.4677,0.2724,IM
2,9.3145,9.845,0.1115,0.4969,0.278,IM
2,9.671,9.72,0.1133,0.5104,0.2831,IM
3,8.9085,10.12,0.1113,0.4837,0.2606,IM
4,8.791,10.455,0.1086,0.463,0.2622,IM
3,9.6735,9.155,0.1129,0.5898,0.2555,IM
4,9.742,9.455,0.1143,0.56,0.2656,IM
2,9.302,9.72,0.112,0.5167,0.2611,IM
4,9.6685,9.01,0.1101,0.581,0.2436,IM
4,9.737,9.31,0.1117,0.5523,0.2541,IM
3,9.35,9.82,0.1133,0.5185,0.2601,IM
4,9.785,9.41,0.1131,0.5548,0.2529,IM
2,10.565,10.75,0.1231,0.5619,0.3057,IM
4,10.29,10.88,0.1127,0.5063,0.3002,IM
1,7.585,13.22,0.0434,0.1899,0.1327,BCC+FCC
4,7.9085,12.955,0.0327,0.1586,0.1233,FCC
4,8.0495,13.375,0.0312,0.1482,0.1197,FCC
1,7.633,13.32,0.0442,0.1912,0.1326,BCC+FCC
1,7.7015,12.925,0.0441,0.1913,0.1089,BCC+FCC
4,8.1455,13.575,0.0323,0.148,0.12,FCC
2,10.476,10.265,0.118,0.5429,0.3002,IM
2,10.9795,10.72,0.1224,0.5415,0.3265,IM
2,11.0325,10.965,0.1253,0.5458,0.3353,IM
2,10.105,10.88,0.1177,0.5163,0.3071,IM
2,10.4435,10.905,0.1205,0.533,0.3079,IM
2,9.83,11.01,0.105,0.4599,0.3012,IM
3,10.5605,11.235,0.1203,0.5107,0.3403,IM
3,8.2485,13.085,0.0314,0.1748,0.1963,FCC
3,8.3015,13.33,0.0349,0.1797,0.2031,FCC
3,8.2435,12.94,0.03,0.1692,0.1887,FCC
2,8.2965,13.185,0.0326,0.175,0.196,FCC
3,8.9465,10.72,0.1131,0.5094,0.2406,IM
3,9.1535,9.91,0.1062,0.5402,0.2052,IM
4,9.374,10.065,0.1125,0.5355,0.2084,IM
3,8.711,10.13,0.0997,0.4964,0.204,IM
3,8.9975,9.875,0.1013,0.5054,0.2091,IM
3,9.372,10.26,0.1124,0.5363,0.2213,IM
3,8.933,10.455,0.1067,0.4963,0.2192,IM
2,8.7075,10.155,0.0983,0.4928,0.2045,IM
2,8.928,10.31,0.1042,0.4899,0.2074,IM
3,7.7975,10.005,0.099,0.4688,0.2131,IM
3,11.148,9.265,0.122,0.6009,0.263,IM
2,11.3225,9.995,0.1263,0.556,0.2972,IM
3,11.4765,10.225,0.1321,0.5878,0.3072,IM
2,11.319,10.02,0.1253,0.5544,0.2977,IM
3,11.473,10.25,0.1311,0.5864,0.3077,IM
3,11.3815,9.635,0.1223,0.5702,0.2905,IM
3,11.3155,10.045,0.1242,0.5527,0.2982,IM
3,11.2495,10.455,0.1239,0.5329,0.3047,IM
3,11.0765,9.895,0.1247,0.5833,0.2827,IM
4,11.312,10.07,0.1231,0.5509,0.2986,IM
3,9.545,9.95,0.1214,0.5353,0.2901,IM
3,9.0875,10.15,0.1194,0.5179,0.2769,IM
3,9.3535,9.81,0.126,0.5732,0.2711,IM
3,9.161,9.53,0.1241,0.5785,0.2461,IM
2,9.3485,9.665,0.1234,0.5683,0.2601,IM
3,9.7385,9.495,0.1228,0.6124,0.2761,IM
3,9.7305,9.01,0.1174,0.5984,0.2402,IM
2,10.1205,8.84,0.1136,0.6389,0.2525,IM
2,9.732,9.18,0.1187,0.6024,0.2528,IM
2,9.1575,9.555,0.1228,0.5762,0.2466,IM
3,9.7335,9.35,0.12,0.6061,0.2649,IM
3,9.345,9.69,0.1221,0.5661,0.2606,IM
4,9.727,9.035,0.1159,0.5951,0.2408,IM
2,10.117,8.865,0.1121,0.6349,0.2531,IM
3,9.7285,9.205,0.1173,0.5992,0.2533,IM
3,9.34,9.545,0.1196,0.5604,0.2492,IM
3,9.8485,9.58,0.121,0.5724,0.2618,IM
2,9.3415,9.715,0.1208,0.5637,0.261,IM
4,9.463,10.26,0.1228,0.5362,0.2786,IM
3,9.7235,9.06,0.1145,0.5916,0.2413,IM
3,9.8435,9.435,0.1185,0.5662,0.2502,IM
2,9.3365,9.57,0.1183,0.5578,0.2496,IM
3,9.845,9.605,0.1197,0.5698,0.2623,IM
3,9.524,9.705,0.1176,0.5479,0.2634,IM
3,9.333,9.595,0.117,0.555,0.2501,IM
2,9.7935,9.975,0.1251,0.5735,0.2234,IM
3,10.8385,10.51,0.1324,0.5872,0.3346,IM
2,12.286,10.595,0.1385,0.6308,0.34,IM
3,11.406,10.965,0.1332,0.5529,0.3571,IM
3,11.06,10.765,0.1228,0.5562,0.3188,IM
3,9.4545,10.04,0.1036,0.5271,0.2554,IM
3,9.829,10.425,0.1151,0.5574,0.2672,IM
2,9.607,10.8,0.1125,0.5082,0.2705,IM
3,8.7305,9.855,0.1026,0.4897,0.2648,IM
3,8.9825,9.745,0.0971,0.5252,0.2298,IM
3,10.4305,9.18,0.1043,0.6112,0.2337,IM
3,10.2085,9.555,0.1075,0.5678,0.2421,IM
3,9.1575,9.18,0.0895,0.532,0.1974,IM
3,9.2935,9.455,0.0965,0.5365,0.204,IM
3,8.657,10.045,0.0994,0.4881,0.2209,IM
3,10.673,10.19,0.1222,0.5689,0.296,IM
3,11.15,10.63,0.1274,0.5678,0.3271,IM
2,9.6445,9.79,0.1145,0.5396,0.2902,IM
2,9.082,9.745,0.1126,0.5263,0.2684,IM
3,12.022,9.055,0.1185,0.653,0.2755,IM
2,12.259,9.4,0.1231,0.6274,0.2988,IM
2,12.058,10.08,0.1296,0.6205,0.3137,IM
2,11.1065,10.03,0.1234,0.5806,0.2832,IM
2,10.168,10.065,0.1033,0.5086,0.2768,IM
2,10.7315,9.805,0.114,0.5693,0.2769,IM
4,10.304,10.34,0.1079,0.5053,0.2825,IM
3,10.9685,10.15,0.1148,0.5408,0.3045,IM
2,8.666,9.06,0.0962,0.5056,0.2371,IM
2,8.938,9.61,0.1084,0.5068,0.2498,IM
3,8.9185,9.735,0.1031,0.4783,0.2502,IM
3,9.5635,9.67,0.104,0.4855,0.2772,IM
4,9.5125,11.045,0.1099,0.4904,0.3246,IM
2,9.586,10.795,0.1143,0.4973,0.3162,IM
3,9.443,11.48,0.1086,0.4715,0.3278,IM
2,9.756,10.08,0.1204,0.5451,0.268,IM
3,10.0945,10.105,0.1226,0.5622,0.2686,IM
2,9.942,10.045,0.1182,0.5319,0.2704,IM
2,10.3705,9.365,0.1064,0.557,0.2365,IM
2,9.6305,8.525,0.096,0.5616,0.2278,IM
2,9.611,8.65,0.0935,0.5351,0.2306,IM
3,10.1585,8.435,0.0985,0.6008,0.2335,IM
2,9.747,8.925,0.0999,0.5403,0.2384,IM
2,9.8635,9.325,0.1014,0.5153,0.248,IM
3,8.917,11.175,0.1071,0.4746,0.2859,IM
3,9.9235,9.175,0.1115,0.5712,0.2459,IM
3,12.0295,10.2,0.1311,0.6277,0.3241,IM
3,9.2765,10.525,0.0916,0.3819,0.2814,IM
3,9.225,10.45,0.0896,0.3779,0.2828,IM
2,9.3905,10.215,0.0944,0.4008,0.2788,IM
2,9.3245,10.625,0.0926,0.3832,0.2805,IM
3,9.273,10.55,0.0906,0.3794,0.2818,IM
3,8.814,10.58,0.0869,0.3564,0.2488,IM
2,9.4935,10.705,0.0894,0.3702,0.2845,IM
2,8.6965,10.915,0.0811,0.3327,0.2459,IM
2,9.4385,10.315,0.0956,0.4025,0.2778,IM
2,9.78,10.62,0.0954,0.403,0.3069,IM
2,9.321,10.65,0.0916,0.3808,0.2809,IM
3,9.2695,10.575,0.0896,0.3768,0.2822,IM
4,9.2035,10.985,0.086,0.3575,0.2819,IM
3,9.49,10.73,0.0886,0.368,0.2849,IM
2,8.505,10.625,0.0885,0.3706,0.2258,IM
2,7.7675,9.46,0.0693,0.3338,0.1803,IM
2,8.501,9.54,0.0903,0.5172,0.1866,IM
2,8.874,9.755,0.1022,0.5511,0.1855,IM
2,9.1605,9.5,0.1037,0.56,0.1919,IM
2,8.297,9.405,0.0841,0.4752,0.1924,IM
4,8.67,9.62,0.0957,0.5125,0.1915,IM
4,8.231,9.815,0.0907,0.4712,0.1879,IM
3,8.5175,9.56,0.0922,0.4802,0.1956,IM
3,8.604,10.03,0.1008,0.5031,0.1859,IM
2,8.8905,9.775,0.1026,0.5121,0.1946,IM
3,8.784,9.31,0.0901,0.5209,0.1926,IM
2,9.0705,9.055,0.0915,0.5294,0.1959,IM
2,9.0045,9.465,0.0988,0.5244,0.196,IM
4,9.091,9.935,0.1079,0.5456,0.1891,IM
2,9.3775,9.68,0.1097,0.5546,0.1957,IM
3,9.159,10.03,0.1089,0.5098,0.1965,IM
2,9.326,9.605,0.1069,0.5491,0.1974,IM
2,8.448,9.995,0.0956,0.4676,0.1913,IM
3,8.6685,10.15,0.1002,0.4647,0.1941,IM
3,8.8355,9.725,0.0985,0.5023,0.1967,IM
3,9.1185,9.155,0.0932,0.5334,0.1946,IM
3,9.4915,9.37,0.1054,0.5678,0.1951,IM
3,9.0525,9.565,0.1003,0.5273,0.1948,IM
3,9.273,9.72,0.1071,0.5256,0.1982,IM
3,8.834,9.915,0.1015,0.485,0.1964,IM
4,8.7805,9.335,0.0886,0.5156,0.1931,IM
2,9.1535,9.55,0.1009,0.5521,0.1929,IM
4,8.7145,9.745,0.0958,0.5114,0.1908,IM
3,9.001,9.49,0.0974,0.5202,0.1965,IM
2,9.2215,9.645,0.1044,0.5201,0.1998,IM
4,8.7825,9.84,0.0987,0.4793,0.198,IM
3,9.1555,10.055,0.1077,0.5072,0.1969,IM
2,8.5105,9.61,0.0894,0.4709,0.1965,IM
2,8.8835,9.825,0.0999,0.505,0.1955,IM
2,8.731,9.765,0.096,0.473,0.1996,IM
4,8.665,10.175,0.099,0.4616,0.1945,IM
3,9.0525,9.905,0.1028,0.4973,0.2001,IM
3,8.395,10.45,0.0927,0.4098,0.1927,IM
2,9.1665,9.255,0.0948,0.5372,0.1933,IM
2,9.387,9.41,0.1034,0.539,0.197,IM
4,8.948,9.605,0.0984,0.4983,0.197,IM
3,9.0345,10.075,0.1068,0.5185,0.1911,IM
2,8.8285,9.435,0.0903,0.5198,0.1919,IM
2,9.3355,9.335,0.1005,0.5322,0.1988,IM
4,8.8965,9.53,0.0954,0.4912,0.1988,IM
3,9.422,9.805,0.1098,0.5536,0.195,IM
3,9.2695,9.745,0.1058,0.5224,0.1987,IM
2,8.8305,9.94,0.1001,0.4817,0.1969,IM
2,9.2035,10.155,0.109,0.5088,0.1958,IM
2,9.49,9.9,0.111,0.5179,0.2019,IM
2,8.711,9.77,0.0944,0.507,0.1913,IM
3,8.9975,9.515,0.096,0.5158,0.197,IM
4,8.779,9.865,0.0974,0.4757,0.1985,IM
2,9.152,10.08,0.1066,0.5044,0.1974,IM
3,9.4385,9.825,0.1085,0.5135,0.2036,IM
3,9.3725,10.235,0.11,0.4981,0.2004,IM
2,9.1005,10.005,0.1041,0.4995,0.199,IM
4,8.6615,10.2,0.0978,0.4584,0.195,IM
3,9.321,10.16,0.1078,0.4944,0.2019,IM
4,8.882,10.355,0.1008,0.4536,0.1977,IM
3,8.3915,10.475,0.0917,0.4068,0.1931,IM
3,9.3835,9.435,0.102,0.5351,0.1975,IM
3,9.2515,10.255,0.1103,0.5103,0.1947,IM
3,9.0455,9.615,0.0975,0.5191,0.1958,IM
2,8.9795,10.025,0.1028,0.5101,0.1933,IM
2,9.266,9.77,0.1045,0.5191,0.1992,IM
2,8.827,9.965,0.0988,0.4783,0.1974,IM
4,9.1135,9.71,0.1006,0.4874,0.2026,IM
3,9.2,10.18,0.1078,0.5062,0.1963,IM
2,9.4865,9.925,0.1098,0.5153,0.2024,IM
4,8.928,9.95,0.1,0.504,0.1949,IM
2,9.062,9.635,0.0979,0.4809,0.2043,IM
2,9.1485,10.105,0.1054,0.5015,0.1979,IM
4,8.7095,10.3,0.0991,0.4606,0.1939,IM
3,9.097,10.03,0.1029,0.4963,0.1995,IM
2,9.3175,10.185,0.1067,0.4918,0.2024,IM
4,8.8785,10.38,0.0998,0.4509,0.1981,IM
2,8.941,9.655,0.0955,0.4902,0.1981,IM
2,9.6005,9.615,0.1077,0.5304,0.2016,IM
3,9.2625,9.795,0.1032,0.5156,0.1997,IM
3,8.8235,9.99,0.0975,0.4746,0.1978,IM
3,9.11,9.735,0.0993,0.4837,0.2031,IM
3,9.1965,10.205,0.1066,0.5034,0.1968,IM
4,9.483,9.95,0.1086,0.5125,0.2029,IM
3,9.044,10.145,0.1023,0.4719,0.2009,IM
3,9.417,10.36,0.1101,0.4971,0.1997,IM
2,9.4315,9.875,0.1061,0.5075,0.2046,IM
4,8.9925,10.07,0.0998,0.4667,0.2025,IM
3,8.875,10.405,0.0987,0.4481,0.1985,IM
3,9.531,10.05,0.1099,0.5143,0.2018,IM
3,8.923,10.505,0.0998,0.4499,0.1975,IM
3,7.7055,9.415,0.0961,0.4616,0.1883,IM
2,7.2955,9.32,0.0886,0.468,0.1799,IM
3,7.6675,9.25,0.0856,0.4398,0.1905,IM
2,7.702,9.44,0.0947,0.4575,0.1888,IM
2,7.5845,9.775,0.096,0.4413,0.1867,IM
2,7.865,8.835,0.0898,0.4801,0.1885,IM
2,7.6985,9.465,0.0932,0.4532,0.1893,IM
2,7.8355,10.065,0.0902,0.3909,0.1956,IM
3,7.784,9.99,0.0877,0.3844,0.1971,IM
3,7.712,9.375,0.0858,0.4386,0.1898,IM
2,7.9815,9.235,0.0934,0.4577,0.1943,IM
3,7.7145,10.425,0.0868,0.3678,0.1886,IM
2,9.454,9.605,0.0843,0.3865,0.2587,IM
3,10.542,9.865,0.1123,0.5029,0.2783,IM
2,10.7075,9.63,0.1152,0.5244,0.2708,IM
3,11.115,9.525,0.1164,0.5408,0.2923,IM
2,10.9975,9.86,0.1151,0.5211,0.3004,IM
2,10.5385,9.89,0.1113,0.5007,0.2787,IM
3,11.163,9.625,0.1176,0.5423,0.2912,IM
3,11.1115,9.55,0.1154,0.5381,0.2928,IM
3,11.0455,9.96,0.1161,0.5223,0.2994,IM
2,11.67,9.695,0.1222,0.5639,0.3064,IM
3,10.598,9.905,0.1215,0.5641,0.2413,IM
3,11.0935,10.06,0.1171,0.5234,0.2983,IM
3,10.464,10.54,0.1068,0.4543,0.2809,IM
2,10.8715,10.435,0.1091,0.4724,0.3054,IM
2,10.295,10.8,0.0992,0.4291,0.2858,IM
2,8.74,10.015,0.1058,0.4555,0.241,IM
2,9.57,10.65,0.0923,0.3922,0.2851,IM
3,8.7625,8.95,0.1114,0.5605,0.226,IM
3,9.674,8.79,0.1116,0.5843,0.2295,IM
2,9.608,9.2,0.1178,0.5739,0.2374,IM
3,9.2855,9.13,0.1144,0.5484,0.2256,IM
2,9.6045,9.225,0.1165,0.5707,0.2379,IM
3,9.739,9.115,0.1118,0.5515,0.2411,IM
3,9.1645,9.49,0.1144,0.5275,0.2331,IM
2,9.2785,9.18,0.1118,0.5417,0.2267,IM
4,9.4645,9.145,0.1099,0.5282,0.2287,IM
3,9.7355,9.14,0.1105,0.5478,0.2417,IM
3,9.161,9.515,0.1132,0.5245,0.2336,IM
3,9.347,9.48,0.111,0.5111,0.236,IM
1,8.14,14.835,0.0372,0.1702,0.2321,FCC
1,8.212,14.415,0.0377,0.1717,0.2189,FCC
1,8.0885,14.76,0.0352,0.1663,0.232,FCC
1,8.109,14.265,0.0343,0.165,0.219,FCC
4,8.118,12.02,0.0412,0.2032,0.1574,FCC
1,7.9085,15.14,0.0378,0.1567,0.1869,FCC
1,7.4925,15.75,0.0349,0.1671,0.2105,FCC
1,7.785,15.485,0.0348,0.151,0.1973,FCC
1,7.7335,15.41,0.0326,0.1462,0.1965,FCC
1,7.8775,14.57,0.0343,0.1516,0.1731,FCC
1,7.754,12.41,0.0438,0.1896,0.1051,BCC+FCC
1,7.6215,15.755,0.0347,0.1564,0.2181,FCC
1,7.642,15.26,0.035,0.1559,0.2075,FCC
1,7.7815,13.005,0.0461,0.1917,0.1305,BCC+FCC
1,7.946,14.175,0.0339,0.1502,0.1582,FCC
1,7.809,16.105,0.0356,0.1503,0.2076,FCC
4,7.5665,15.705,0.0307,0.1447,0.2172,FCC
1,7.994,14.275,0.0352,0.1506,0.1584,FCC
1,7.7985,15.04,0.0319,0.1428,0.1853,FCC
1,7.8705,14.62,0.0327,0.1459,0.1727,FCC
1,7.9425,14.2,0.0326,0.1477,0.158,FCC
1,7.74,12.19,0.0458,0.1861,0.1174,BCC+FCC
1,7.666,15.88,0.0348,0.1544,0.2183,FCC
1,7.826,15.635,0.0338,0.1455,0.1972,FCC
1,7.826,13.13,0.0461,0.19,0.1303,BCC+FCC
1,7.745,13.225,0.0486,0.2014,0.1242,BCC+FCC
1,7.707,14.89,0.0351,0.1531,0.1957,FCC
1,7.8465,15.14,0.033,0.1442,0.1857,FCC
1,7.7275,14.395,0.0347,0.1523,0.1822,FCC
1,7.867,14.645,0.0318,0.1427,0.1725,FCC
1,8.011,13.805,0.0327,0.146,0.1406,FCC
1,7.5905,13,0.0442,0.1916,0.1246,BCC+FCC
1,7.8225,15.66,0.0328,0.1418,0.1969,FCC
1,7.7845,12.315,0.0458,0.1844,0.117,BCC+FCC
1,7.652,12.335,0.0468,0.1921,0.1124,BCC+FCC
1,7.659,12.605,0.0441,0.1916,0.0982,BCC+FCC
1,7.549,12.185,0.0438,0.1826,0.1136,BCC+FCC
1,7.6075,12.53,0.0428,0.1877,0.0985,BCC+FCC
4,7.909,12.59,0.0323,0.1528,0.1039,FCC
1,7.922,13.33,0.0476,0.1907,0.1298,BCC+FCC
1,7.819,13.18,0.0447,0.1855,0.1304,BCC+FCC
1,7.597,12.285,0.0446,0.1843,0.1131,BCC+FCC
1,7.645,12.385,0.0454,0.1859,0.1126,BCC+FCC
1,7.652,12.655,0.0429,0.186,0.0982,BCC+FCC
1,7.9665,13.455,0.0477,0.1891,0.1295,BCC+FCC
1,7.834,13.475,0.0487,0.1982,0.1238,BCC+FCC
1,7.7825,13.4,0.0472,0.1954,0.124,BCC+FCC
3,10.5385,9.27,0.1185,0.6162,0.273,IM
3,10.535,9.295,0.1172,0.6126,0.2735,IM
2,10.7865,9.545,0.1248,0.6198,0.2757,IM
3,10.5,9.52,0.119,0.5899,0.2815,IM
3,10.851,9.945,0.1282,0.5993,0.2776,IM
2,10.616,9.995,0.1246,0.5751,0.2829,IM
2,10.548,9.62,0.1203,0.592,0.2804,IM
3,10.513,9.845,0.1201,0.5676,0.2861,IM
3,10.664,10.095,0.1257,0.5762,0.2819,IM
2,10.6125,10.02,0.1235,0.5729,0.2834,IM
4,10.629,10.32,0.123,0.5492,0.285,IM
3,10.326,9.995,0.1176,0.5446,0.2897,IM
4,10.5775,10.245,0.1211,0.5465,0.2865,IM
3,10.526,10.17,0.1191,0.5433,0.288,IM
2,10.574,10.27,0.1201,0.5445,0.287,IM
2,10.5225,10.195,0.1181,0.5411,0.2884,IM
3,9.214,9.795,0.1136,0.5046,0.2833,IM
4,7.9065,14.695,0.0335,0.1726,0.2578,FCC
1,7.9135,15.785,0.0348,0.1758,0.2808,FCC
4,8.2525,12.695,0.0316,0.172,0.1799,FCC
4,8.3005,12.795,0.0327,0.1721,0.1795,FCC
4,8.249,12.72,0.0303,0.17,0.1801,FCC
4,8.2455,12.745,0.03,0.1677,0.1802,FCC
4,8.654,12.68,0.0349,0.2038,0.2018,FCC
2,8.832,11.21,0.0841,0.3641,0.2882,IM
2,9.4,9.965,0.1004,0.4821,0.2426,IM
2,9.718,9.79,0.1047,0.5328,0.2363,IM
3,9.5655,9.73,0.1008,0.501,0.2386,IM
3,9.6005,10.125,0.1061,0.516,0.2388,IM
4,9.448,10.065,0.1017,0.4845,0.2416,IM
3,10.076,10.115,0.1066,0.4965,0.2756,IM
2,9.3305,10.4,0.101,0.4664,0.2422,IM
3,9.496,10.165,0.103,0.4867,0.2405,IM
3,8.6025,9.335,0.097,0.4651,0.2351,IM
2,8.533,9.77,0.0992,0.4523,0.2376,IM
3,8.6015,10.07,0.0959,0.4204,0.243,IM
2,8.581,9.87,0.1004,0.4548,0.2365,IM
2,9.154,8.975,0.091,0.5268,0.2248,IM
2,8.86,9.235,0.0834,0.5299,0.1992,IM
2,9.1465,8.98,0.0846,0.5381,0.1994,IM
2,9.202,9.075,0.0927,0.5316,0.2235,IM
2,9.233,9.17,0.0929,0.5436,0.2125,IM
3,9.029,9.315,0.0908,0.5291,0.2047,IM
3,8.794,9.365,0.0885,0.5025,0.2153,IM
2,8.9115,9.65,0.0954,0.5173,0.2077,IM
2,8.963,9.445,0.0943,0.4998,0.2206,IM
4,8.759,9.59,0.0919,0.4848,0.2108,IM
3,9.246,9.495,0.0985,0.5296,0.2089,IM
3,9.228,9.725,0.1016,0.5012,0.2235,IM
4,9.024,9.87,0.0989,0.4861,0.2135,IM
2,7.5445,9.225,0.0837,0.4532,0.211,IM
2,10.2825,8.665,0.0883,0.5821,0.2307,IM
2,9.874,9.01,0.0885,0.5854,0.2208,IM
2,10.213,9.1,0.0962,0.5784,0.2394,IM
2,9.434,9.275,0.0927,0.5495,0.2132,IM
3,10.212,9.17,0.1036,0.581,0.232,IM
2,9.773,9.365,0.0985,0.5404,0.2353,IM
3,9.164,9.55,0.094,0.5053,0.2198,IM
3,9.0465,9.885,0.0967,0.4914,0.2216,IM
3,10.091,9.19,0.0983,0.5885,0.2252,IM
3,10.43,9.28,0.1046,0.5787,0.2437,IM
3,9.821,9.465,0.1001,0.5439,0.2341,IM
2,9.4985,9.395,0.0971,0.5176,0.2197,IM
2,9.381,9.73,0.0999,0.5033,0.2236,IM
3,10.478,9.38,0.1061,0.582,0.2425,IM
2,9.5465,9.495,0.0986,0.521,0.2185,IM
2,10.038,9.645,0.1064,0.5411,0.2381,IM
2,9.429,9.83,0.1013,0.5062,0.2224,IM
3,9.7155,9.575,0.1031,0.5151,0.2237,IM
3,9.768,9.92,0.1036,0.493,0.2454,IM
3,9.816,10.02,0.1049,0.4953,0.2443,IM
2,8.032,9.075,0.0848,0.4683,0.2111,IM
3,8.1805,8.955,0.0893,0.4956,0.2073,IM
2,8.841,9.185,0.1032,0.5162,0.2329,IM
3,9.2095,8.8,0.092,0.5081,0.2227,IM
3,8.906,9.17,0.098,0.5105,0.2288,IM
3,9.6315,9.385,0.1055,0.5215,0.247,IM
2,8.5825,9.835,0.0976,0.4435,0.2243,IM
2,8.331,9.285,0.0771,0.4603,0.1832,IM
2,8.419,9.46,0.0825,0.4638,0.1903,IM
3,9.2255,8.915,0.0895,0.5096,0.192,IM
2,9.027,9.345,0.0927,0.5026,0.1967,IM
2,8.737,9.285,0.0828,0.5113,0.1848,IM
2,9.0235,9.03,0.0842,0.5197,0.1875,IM
3,8.6655,9.13,0.0802,0.4739,0.1858,IM
2,8.548,9.465,0.0835,0.4635,0.1872,IM
2,9.156,9.35,0.0933,0.5012,0.1934,IM
2,8.636,9.64,0.0884,0.4648,0.1941,IM
3,8.954,9.465,0.0906,0.5139,0.189,IM
2,9.204,9.45,0.0946,0.5046,0.1922,IM
2,8.684,9.74,0.0898,0.4683,0.1929,IM
2,8.6605,9.685,0.0862,0.4333,0.1936,IM
2,8.543,10.02,0.0873,0.4174,0.1923,IM
2,7.385,8.775,0.0659,0.398,0.1792,IM
3,8.9695,10.55,0.0921,0.4698,0.248,IM
3,8.856,10.37,0.0958,0.4955,0.2186,IM
3,9.025,10.45,0.099,0.4891,0.2227,IM
2,9.1375,10.67,0.0985,0.4538,0.2286,IM
2,8.556,9,0.0797,0.499,0.1904,IM
2,8.1,9.31,0.0839,0.4715,0.191,IM
3,8.4385,9.335,0.0855,0.4909,0.1923,IM
3,8.7595,9.61,0.101,0.4921,0.2019,IM
2,8.552,8.82,0.0813,0.4932,0.1895,IM
3,8.8905,8.845,0.0827,0.5127,0.1904,IM
4,7.91,9.165,0.0869,0.4794,0.1879,IM
2,8.2485,9.19,0.0885,0.4986,0.1891,IM
2,8.4865,9.435,0.0872,0.4954,0.1911,IM
3,8.4345,9.155,0.087,0.4848,0.1935,IM
3,8.131,9.525,0.0927,0.4874,0.1896,IM
3,8.0305,9.745,0.0894,0.4647,0.1885,IM
3,8.369,9.77,0.0912,0.4837,0.1902,IM
2,8.503,9.455,0.0893,0.4595,0.1998,IM
3,8.1995,9.825,0.0933,0.4599,0.1932,IM
2,9.2465,9.515,0.1086,0.5355,0.2025,IM
3,8.821,9.28,0.0902,0.5083,0.1934,IM
3,8.7035,9.615,0.0943,0.4961,0.195,IM
2,9.3515,9.44,0.0816,0.4066,0.2638,IM
2,9.458,10.225,0.0876,0.3861,0.2851,IM
2,10.6105,9.235,0.1137,0.5987,0.2717,IM
2,10.3405,9.51,0.1123,0.5519,0.2831,IM
4,10.741,9.225,0.1141,0.5956,0.2674,IM
2,10.6235,9.56,0.1169,0.5796,0.2779,IM
2,10.3185,9.44,0.1082,0.5168,0.2792,IM
3,10.789,9.325,0.1156,0.5983,0.2663,IM
3,10.943,9.175,0.1105,0.5561,0.2812,IM
2,10.6715,9.66,0.1182,0.5818,0.2768,IM
2,11.367,9.37,0.1146,0.5546,0.3036,IM
4,10.567,9.7,0.1151,0.5529,0.2763,IM
3,10.4495,10.035,0.1155,0.5349,0.2857,IM
2,8.729,8.865,0.1012,0.5301,0.243,IM
2,8.8115,8.755,0.1004,0.524,0.2388,IM
2,8.928,9.155,0.1034,0.5015,0.2487,IM
3,9.5525,8.89,0.1042,0.5394,0.2549,IM
3,8.976,9.255,0.1048,0.5048,0.2475,IM
4,9.5175,9.115,0.1066,0.5197,0.2627,IM
3,8.8585,9.59,0.1062,0.4893,0.2562,IM
2,9.4,9.45,0.1082,0.5042,0.2724,IM
2,9.0445,9.555,0.104,0.4756,0.2577,IM
2,9.2825,9.785,0.1082,0.487,0.2806,IM
2,8.9955,10.19,0.0989,0.4256,0.2733,IM
3,9.669,9.29,0.107,0.5152,0.2657,IM
3,9.448,9.55,0.1095,0.5067,0.2713,IM
2,10.6995,9.17,0.1134,0.5771,0.27,IM
3,9.777,9.13,0.0945,0.5122,0.2241,IM
3,9.467,9.33,0.0864,0.4688,0.2224,IM
3,10.15,9.75,0.0995,0.4884,0.2643,IM
2,9.691,9.78,0.0964,0.4673,0.2356,IM
2,10.4905,10.93,0.1072,0.4951,0.3154,IM
2,8.9465,11.32,0.0926,0.401,0.2872,IM
4,9.362,8.98,0.1043,0.5438,0.2315,IM
2,9.204,9.255,0.1029,0.5037,0.2303,IM
2,8.9895,9.76,0.1056,0.5088,0.2584,IM
2,9.2715,9.925,0.106,0.5008,0.2586,IM
2,10.2445,8.715,0.1078,0.601,0.234,IM
2,10.289,9.715,0.1137,0.5683,0.2832,IM
2,9.781,9.745,0.1119,0.5247,0.2877,IM
3,9.794,10.07,0.1108,0.5023,0.2892,IM
4,9.842,10.17,0.1119,0.504,0.2881,IM
2,8.5165,9.13,0.0738,0.3965,0.2226,IM
2,9.3435,9.87,0.0902,0.4045,0.262,IM
3,9.564,10.025,0.093,0.3989,0.2652,IM
3,9.455,9.675,0.1024,0.5219,0.2311,IM
3,8.897,9.515,0.0949,0.5208,0.2117,IM
3,8.9795,9.405,0.0942,0.5147,0.2037,IM
3,9.2,9.56,0.1023,0.5161,0.2074,IM
3,7.747,9.15,0.082,0.4558,0.1968,IM
4,9.7105,9.41,0.1002,0.5654,0.226,IM
2,9.388,9.34,0.0976,0.5393,0.2115,IM
3,9.931,9.565,0.1089,0.5651,0.2296,IM
3,9.5545,9.375,0.0956,0.529,0.2283,IM
2,10.3665,9.395,0.1125,0.6019,0.2267,IM
2,10.5365,9.405,0.112,0.5963,0.2397,IM
3,9.9275,9.59,0.1074,0.5617,0.2302,IM
3,9.4885,9.785,0.1024,0.5213,0.2329,IM
2,10.7515,9.08,0.1055,0.632,0.2312,IM
3,9.8735,9.47,0.0967,0.5506,0.2409,IM
3,10.16,9.215,0.098,0.5592,0.2375,IM
2,10.363,9.42,0.1111,0.5984,0.2272,IM
2,10.533,9.43,0.1105,0.5927,0.2402,IM
3,9.924,9.615,0.106,0.5581,0.2307,IM
3,10.094,9.625,0.1055,0.5524,0.2446,IM
3,9.485,9.81,0.101,0.5176,0.2334,IM
4,10.0405,9.35,0.1081,0.5726,0.2136,IM
3,10.2105,9.36,0.1076,0.5669,0.2288,IM
3,10.3595,9.445,0.1096,0.5947,0.2278,IM
3,10.207,9.385,0.1061,0.5631,0.2293,IM
4,10.58,9.6,0.1175,0.5925,0.2315,IM
3,8.8995,8.87,0.1028,0.5593,0.2155,IM
2,9.12,9.025,0.1115,0.5597,0.2194,IM
4,10.0135,8.745,0.1063,0.6022,0.2336,IM
3,8.9815,9.08,0.0969,0.5189,0.2226,IM
3,8.881,9.3,0.094,0.4965,0.2267,IM
3,9.439,9.12,0.1131,0.5819,0.2318,IM
2,9.6875,8.7,0.1022,0.5713,0.2252,IM
3,9.587,8.92,0.0993,0.5492,0.2311,IM
3,9.4865,9.14,0.0965,0.5269,0.2365,IM
4,8.369,9.29,0.0914,0.4788,0.2097,IM
3,9.4355,9.145,0.1116,0.5782,0.2323,IM
2,9.521,9.33,0.1066,0.5424,0.2388,IM
3,9.5175,9.355,0.1052,0.5386,0.2393,IM
2,8.1655,8.86,0.0706,0.4701,0.1653,IM
2,8.452,8.605,0.0721,0.4784,0.1681,IM
4,8.744,8.915,0.084,0.5269,0.1717,IM
4,8.386,9.015,0.0788,0.481,0.1694,IM
3,9.0305,8.66,0.0855,0.5354,0.1735,IM
2,8.678,9.325,0.0904,0.523,0.1717,IM
2,8.6065,9.17,0.0852,0.4857,0.1733,IM
3,8.162,8.885,0.0691,0.463,0.1659,IM
2,7.804,8.985,0.0641,0.416,0.1629,IM
2,8.4635,8.945,0.0771,0.4708,0.1674,IM
3,8.7405,8.94,0.0826,0.5213,0.1724,IM
3,8.3825,9.04,0.0775,0.4754,0.17,IM
2,8.0245,9.14,0.0707,0.4282,0.1668,IM
3,9.027,8.685,0.0841,0.5297,0.1741,IM
3,8.669,8.785,0.0792,0.4839,0.1729,IM
2,8.7555,9.255,0.0884,0.5136,0.17,IM
4,8.6745,9.35,0.0891,0.5186,0.1723,IM
2,8.3165,9.45,0.0821,0.4723,0.1683,IM
2,8.961,9.095,0.0908,0.5274,0.1764,IM
3,8.603,9.195,0.084,0.4812,0.1739,IM
2,8.245,9.295,0.0772,0.4339,0.1706,IM
3,8.522,9.29,0.0851,0.4863,0.1762,IM
2,9.1815,9.25,0.0973,0.5284,0.1803,IM
3,8.8235,9.35,0.0904,0.4821,0.1776,IM
2,8.445,8.655,0.0693,0.4635,0.1693,IM
2,8.818,8.87,0.0818,0.5111,0.1703,IM
3,8.379,9.065,0.0762,0.4694,0.1706,IM
3,9.0235,8.71,0.0827,0.5237,0.1747,IM
2,8.6655,8.81,0.0779,0.478,0.1735,IM
2,8.3075,8.91,0.0715,0.431,0.1717,IM
2,8.9575,9.12,0.0895,0.5227,0.177,IM
3,8.5995,9.22,0.0829,0.4765,0.1744,IM
2,8.805,9.06,0.0856,0.4903,0.1803,IM
3,8.285,9.35,0.081,0.4532,0.1827,IM
3,9.178,9.275,0.0961,0.5247,0.1808,IM
4,8.82,9.375,0.0888,0.4784,0.1782,IM
3,8.739,9.47,0.0901,0.4838,0.1804,IM
2,8.381,9.57,0.0844,0.4365,0.1768,IM
2,8.658,9.565,0.0915,0.4891,0.1825,IM
3,9.031,9.78,0.1019,0.5191,0.1821,IM
2,8.8785,9.72,0.0984,0.4876,0.186,IM
2,8.7335,8.99,0.0797,0.5092,0.1736,IM
3,8.954,9.145,0.0882,0.5178,0.1775,IM
3,8.873,9.24,0.0881,0.5225,0.18,IM
2,8.515,9.34,0.0825,0.4764,0.1773,IM
3,8.8015,9.085,0.0843,0.4852,0.1808,IM
2,9.1745,9.3,0.095,0.5208,0.1814,IM
2,8.8165,9.4,0.0873,0.4744,0.1788,IM
3,8.7355,9.495,0.0886,0.4798,0.181,IM
2,8.6545,9.59,0.0902,0.485,0.1831,IM
2,9.38,9.14,0.0976,0.5348,0.1863,IM
2,9.022,9.24,0.0906,0.4887,0.1847,IM
2,9.299,9.235,0.098,0.54,0.1889,IM
2,8.86,9.43,0.093,0.4992,0.1895,IM
2,8.502,9.53,0.0867,0.4523,0.1868,IM
4,9.395,9.455,0.1006,0.5194,0.1852,IM
4,9.314,9.55,0.102,0.525,0.1875,IM
3,8.875,9.745,0.097,0.4844,0.1866,IM
2,8.8695,9.265,0.0867,0.5173,0.1806,IM
3,9.156,9.01,0.0882,0.5258,0.1829,IM
4,8.798,9.11,0.083,0.4798,0.1814,IM
2,9.0035,8.95,0.0847,0.493,0.1858,IM
2,8.651,9.615,0.0889,0.4807,0.1836,IM
2,9.0185,9.265,0.0894,0.4845,0.1853,IM
2,8.6605,9.365,0.0827,0.4373,0.183,IM
3,8.9375,9.36,0.0907,0.4896,0.1877,IM
3,8.5795,9.46,0.0839,0.4426,0.1852,IM
3,9.3915,9.48,0.0991,0.5161,0.1857,IM
3,8.9525,9.675,0.0941,0.4753,0.1851,IM
2,8.8715,9.77,0.0955,0.4809,0.1871,IM
2,9.158,9.515,0.0971,0.49,0.1914,IM
2,8.934,9.385,0.0893,0.4851,0.1883,IM
3,8.853,9.48,0.0901,0.4901,0.1906,IM
3,9.307,9.6,0.0996,0.5182,0.1886,IM
2,8.949,9.7,0.0927,0.4718,0.1856,IM
2,9.5125,9.44,0.1027,0.5326,0.1938,IM
2,9.1545,9.54,0.0957,0.4864,0.1919,IM
2,9.0735,9.635,0.0971,0.4918,0.1942,IM
4,9.5275,9.755,0.1054,0.5151,0.1921,IM
2,9.443,9.875,0.1057,0.5179,0.1948,IM
3,7.069,8.88,0.065,0.4129,0.1636,IM
3,7.5955,8.655,0.0783,0.4628,0.1723,IM
3,7.576,8.78,0.0752,0.4356,0.1716,IM
3,7.5565,8.905,0.0708,0.4075,0.1704,IM
3,7.1,9.095,0.0739,0.4349,0.1622,IM
3,7.3055,8.935,0.0754,0.4478,0.1698,IM
2,7.286,9.06,0.0722,0.4204,0.1681,IM
2,7.487,9.34,0.0756,0.3997,0.1695,IM
2,7.4675,9.465,0.0721,0.3695,0.1664,IM
2,7.8125,8.835,0.0854,0.4657,0.177,IM
3,7.7465,9.245,0.0911,0.4603,0.1775,IM
2,7.7075,9.495,0.0829,0.4019,0.173,IM
3,7.4025,8.74,0.0767,0.4636,0.169,IM
3,7.344,9.115,0.0651,0.3808,0.1642,IM
2,7.5645,9.27,0.0729,0.3891,0.168,IM
3,7.8705,8.89,0.0781,0.4275,0.1742,IM
3,7.851,9.015,0.074,0.3986,0.1731,IM
2,7.7895,8.985,0.0796,0.4324,0.1768,IM
2,7.5375,9.43,0.0869,0.4415,0.1703,IM
2,7.4565,9.525,0.0882,0.4469,0.1722,IM
2,7.8045,9.3,0.0842,0.4217,0.174,IM
2,7.7395,9.295,0.088,0.4515,0.1786,IM
3,7.9255,9.26,0.0865,0.4373,0.1836,IM
3,8.4345,11.58,0.0924,0.4662,0.2519,IM
3,9.141,10.305,0.1005,0.4887,0.2237,IM
3,8.1715,9.04,0.0843,0.475,0.188,IM
3,8.5065,9.09,0.084,0.4885,0.1896,IM
3,9.041,9.23,0.1016,0.5104,0.196,IM
2,8.9035,9.57,0.1021,0.5294,0.1914,IM
3,10.1885,9.205,0.1128,0.5879,0.242,IM
3,10.8955,9.45,0.1223,0.6128,0.2623,IM
3,9.16,8.805,0.1023,0.5499,0.2332,IM
3,9.5945,8.615,0.103,0.5674,0.2434,IM
2,9.239,8.72,0.1001,0.5388,0.2311,IM
2,9.525,9.05,0.1094,0.5578,0.2554,IM
3,9.6285,9.125,0.1085,0.5504,0.258,IM
3,9.6075,8.94,0.1086,0.5517,0.2525,IM
3,11.9385,9.135,0.1198,0.6011,0.2819,IM
3,9.9495,8.93,0.089,0.4883,0.2417,IM
3,10.513,8.67,0.1007,0.5485,0.2386,IM
3,10.227,9.64,0.1132,0.5655,0.2222,IM
2,9.946,8.955,0.088,0.4842,0.2422,IM
2,10.9685,8.665,0.1026,0.5652,0.2574,IM
2,10.6105,8.765,0.0954,0.5195,0.2605,IM
2,9.212,9.58,0.0858,0.4344,0.218,IM
2,11.5635,8.91,0.1115,0.5875,0.2798,IM
2,10.082,9.23,0.0943,0.4856,0.2492,IM
3,9.7095,9.73,0.0993,0.4837,0.2248,IM
4,10.523,9.625,0.1081,0.5475,0.2532,IM
4,10.165,9.725,0.1008,0.5017,0.2539,IM
2,11.022,9.565,0.1131,0.5215,0.2815,IM
3,10.9525,10,0.1132,0.5026,0.2894,IM
2,8.445,8.955,0.088,0.4615,0.2087,IM
3,8.461,8.855,0.0918,0.4855,0.2087,IM
4,8.422,9.105,0.0823,0.4286,0.2095,IM
3,8.4025,9.23,0.0782,0.3989,0.2093,IM
2,8.6665,8.695,0.0952,0.4996,0.2103,IM
2,8.395,9.265,0.0962,0.4762,0.2122,IM
2,8.581,9.23,0.0945,0.4624,0.2155,IM
2,8.438,9.005,0.0849,0.453,0.2098,IM
3,8.663,8.72,0.094,0.4951,0.2108,IM
2,8.624,8.97,0.0834,0.4389,0.2127,IM
3,8.558,9.38,0.0884,0.4297,0.216,IM
2,8.5935,9.155,0.0964,0.4835,0.2162,IM
4,8.574,9.28,0.0917,0.4551,0.2165,IM
3,8.5545,9.405,0.087,0.426,0.2165,IM
3,8.7795,9.12,0.0947,0.4697,0.219,IM
3,8.7295,9.43,0.1026,0.484,0.2229,IM
2,9.5215,9.58,0.091,0.4192,0.2566,IM
2,11.1735,10.69,0.1173,0.5457,0.3255,IM
2,10.711,10.745,0.1128,0.5229,0.3072,IM
3,10.7335,10.985,0.11,0.482,0.3493,IM
2,11.1075,9.03,0.115,0.5634,0.2699,IM
2,9.278,7.955,0.0879,0.6045,0.1979,IM
2,9.7865,7.99,0.0887,0.6178,0.2037,IM
2,9.3815,8.03,0.0874,0.5969,0.2001,IM
2,9.2945,8.255,0.0994,0.6028,0.2083,IM
3,10.188,7.975,0.0883,0.6313,0.2078,IM
2,9.2745,7.98,0.0861,0.5969,0.1986,IM
2,9.378,8.055,0.0856,0.5893,0.2008,IM
2,9.7995,8.315,0.0987,0.6101,0.2162,IM
3,9.3945,8.355,0.0971,0.5896,0.2122,IM
2,9.225,8.69,0.1077,0.5949,0.2206,IM
2,9.7125,8.54,0.1089,0.6089,0.2215,IM
3,9.3075,8.58,0.107,0.5888,0.2166,IM
2,9.2415,8.99,0.1147,0.5807,0.2263,IM
4,9.271,8.005,0.0844,0.5889,0.1993,IM
3,9.6925,8.265,0.0977,0.6117,0.214,IM
3,9.643,8.975,0.1154,0.5968,0.2321,IM
2,9.3205,8.905,0.1125,0.5711,0.2221,IM
3,9.689,8.29,0.096,0.6054,0.2146,IM
2,9.809,8.665,0.105,0.5921,0.2267,IM
2,9.4205,9.005,0.1102,0.5599,0.2285,IM
4,9.888,8.58,0.1027,0.5809,0.2239,IM
2,10.0045,8.98,0.1077,0.5582,0.2354,IM
2,8.5105,8.92,0.0901,0.477,0.1952,IM
2,9.0385,8.83,0.0974,0.5175,0.2116,IM
2,9.5665,8.74,0.1032,0.5574,0.2228,IM
2,9.2635,8.545,0.1033,0.5585,0.2094,IM
2,8.6695,9.045,0.1028,0.5105,0.2014,IM
3,8.65,9.17,0.098,0.4823,0.2018,IM
2,9.1975,8.955,0.1095,0.5508,0.217,IM
2,9.178,9.08,0.1044,0.5229,0.2185,IM
2,10.157,8.265,0.0971,0.594,0.2196,IM
2,8.507,8.945,0.0891,0.4726,0.1958,IM
3,9.035,8.855,0.0962,0.5131,0.2121,IM
2,9.563,8.765,0.1019,0.553,0.2234,IM
3,9.2405,8.695,0.0985,0.5268,0.2122,IM
3,9.7685,8.605,0.1031,0.5665,0.2218,IM
4,8.6465,9.195,0.0966,0.4787,0.2024,IM
2,9.1745,9.105,0.1032,0.5193,0.2191,IM
2,9.5595,8.79,0.1006,0.5483,0.2239,IM
3,9.237,8.72,0.0972,0.522,0.2128,IM
3,9.765,8.63,0.1017,0.5617,0.2223,IM
4,9.7455,8.755,0.0986,0.5347,0.2251,IM
3,8.643,9.22,0.0951,0.4749,0.2029,IM
3,9.171,9.13,0.102,0.5156,0.2196,IM
3,9.3765,8.97,0.1049,0.5297,0.22,IM
2,9.1675,9.155,0.1008,0.5116,0.2202,IM
2,10.7375,8.965,0.1185,0.6411,0.2286,IM
3,10.0765,8.87,0.1138,0.5973,0.218,IM
3,10.349,9.305,0.1218,0.6031,0.2256,IM
3,10.6315,8.565,0.1062,0.6199,0.2282,IM
2,10.057,8.94,0.1135,0.6013,0.2289,IM
2,10.3955,8.965,0.1153,0.6194,0.229,IM
3,10.243,8.905,0.1118,0.5878,0.23,IM
3,9.821,9.34,0.1204,0.596,0.2237,IM
2,10.007,9.305,0.1185,0.5827,0.2258,IM
3,9.665,9.305,0.1152,0.5619,0.2259,IM
3,10.0035,9.33,0.1172,0.5796,0.2263,IM
3,9.1535,9.235,0.1009,0.5207,0.183,IM
2,9.922,9.025,0.0967,0.5493,0.2334,IM
3,11.1215,9.35,0.1097,0.6007,0.2707,IM
2,9.237,9.32,0.0869,0.4689,0.2258,IM
4,8.3855,9.645,0.087,0.429,0.2221,IM
2,10.7735,8.25,0.0858,0.6263,0.2116,IM
3,10.1645,8.435,0.0835,0.5917,0.2133,IM
3,10.3605,9.095,0.0986,0.5689,0.2377,IM
3,8.509,8.33,0.0639,0.4668,0.2073,IM
2,9.4685,8.135,0.0837,0.5882,0.2099,IM
2,8.9855,8.665,0.0796,0.4977,0.1932,IM
2,9.4665,8.515,0.0827,0.56,0.1966,IM
2,9.2755,8.985,0.088,0.539,0.1951,IM
3,9.7955,8.585,0.0838,0.5396,0.2069,IM
2,10.8515,8.405,0.0886,0.6164,0.2224,IM
4,9.7145,8.68,0.0819,0.5433,0.2102,IM
2,9.7095,9.235,0.0926,0.5098,0.2237,IM
2,9.3515,9.335,0.0857,0.4633,0.2244,IM
2,10.2375,9.145,0.0972,0.5496,0.235,IM
3,10.31,9.26,0.0881,0.5836,0.2509,IM
3,9.696,10,0.0965,0.5132,0.2554,IM
2,10.8015,8.715,0.0973,0.6411,0.2305,IM
2,10.411,8.41,0.0948,0.611,0.2239,IM
2,10.257,9.02,0.0993,0.5764,0.2325,IM
2,9.165,9.335,0.0844,0.5078,0.2067,IM
3,9.301,9.61,0.0908,0.5152,0.2131,IM
2,8.943,9.71,0.0844,0.469,0.2114,IM
2,9.079,9.985,0.0901,0.4735,0.2173,IM
3,7.7645,8.63,0.0643,0.4139,0.1677,IM
3,8.2535,9.36,0.084,0.4419,0.1865,IM
2,8.592,9.385,0.086,0.4612,0.1877,IM
3,11.5295,9.06,0.1145,0.6306,0.2627,IM
2,11.1245,9.1,0.1123,0.6106,0.2595,IM
2,10.3245,8.64,0.0953,0.5607,0.2406,IM
4,10.4605,8.915,0.1017,0.567,0.2487,IM
4,10.1025,9.015,0.0959,0.5214,0.2522,IM
2,9.91,9.5,0.0933,0.4905,0.2597,IM
2,10.391,9.35,0.1061,0.5567,0.2594,IM
3,11.0555,9.16,0.1109,0.5915,0.271,IM
2,10.6975,9.26,0.1048,0.5459,0.2748,IM
2,10.2385,9.29,0.1017,0.525,0.2599,IM
2,8.6835,8.505,0.0911,0.5218,0.2188,IM
2,9.0555,8.435,0.0876,0.4943,0.2202,IM
2,8.6965,8.83,0.0958,0.511,0.2238,IM
3,9.3415,8.765,0.0967,0.5186,0.2452,IM
2,10.664,9.86,0.1115,0.5682,0.2851,IM
3,10.9975,10.38,0.109,0.5281,0.3229,IM
2,9.8055,8.745,0.1008,0.5732,0.2287,IM
3,9.939,9.015,0.1075,0.5614,0.2535,IM
2,10.2775,9.04,0.1093,0.5798,0.2534,IM
4,11.248,9.33,0.1073,0.5705,0.2745,IM
3,9.6295,11.265,0.0922,0.4643,0.2926,IM
2,9.562,10.595,0.0896,0.4675,0.2686,IM
3,10.074,10.345,0.0918,0.4709,0.2972,IM
2,9.698,10.87,0.0949,0.4678,0.2737,IM
2,10.5555,10.28,0.1078,0.5175,0.3192,IM
3,9.9105,8.335,0.0888,0.556,0.1913,IM
2,10.8545,8.155,0.0883,0.6231,0.2073,IM
3,10.2405,8.895,0.0999,0.5586,0.2273,IM
2,9.46,8.77,0.0972,0.5287,0.2229,IM
2,10.197,7.98,0.0839,0.6079,0.2031,IM
2,10.5355,8.005,0.0851,0.6277,0.2027,IM
2,10.874,8.03,0.0862,0.6476,0.2023,IM
3,10.615,8.265,0.096,0.6252,0.219,IM
3,10.21,8.305,0.0944,0.6044,0.215,IM
3,9.805,8.345,0.0928,0.5837,0.2109,IM
3,10.3265,8.705,0.102,0.5869,0.228,IM
2,9.9215,8.745,0.1001,0.5665,0.2238,IM
3,10.26,8.77,0.1016,0.5853,0.2237,IM
3,9.165,9.14,0.093,0.5099,0.237,IM
3,9.2815,9.54,0.0948,0.4884,0.2456,IM
2,9.8095,9.45,0.1008,0.5285,0.2559,IM
2,9.1105,8.335,0.083,0.4992,0.1842,IM
3,9.449,8.36,0.0852,0.5187,0.1847,IM
3,9.6385,8.245,0.0872,0.5382,0.1973,IM
3,9.977,8.27,0.0892,0.5575,0.1975,IM
3,10.1665,8.155,0.0899,0.5766,0.2058,IM
2,9.5525,8.895,0.0939,0.5086,0.2156,IM
2,9.891,8.92,0.0961,0.5273,0.216,IM
3,11.5135,7.045,0.0412,0.6384,0.1527,BCC
2,11.852,7.07,0.0429,0.6603,0.1518,BCC
3,11.345,7.03,0.0392,0.6087,0.1559,BCC
3,12.022,7.08,0.0424,0.6523,0.1539,BCC
3,12.3605,7.105,0.0437,0.6742,0.1529,BCC
4,10.77,7.06,0.0398,0.5977,0.1505,BCC
2,11.447,7.11,0.043,0.6413,0.1488,BCC
2,11.7855,7.135,0.0448,0.6633,0.1479,BCC
3,10.94,7.07,0.0394,0.5898,0.1533,BCC
2,11.2785,7.095,0.0409,0.6116,0.1523,BCC
4,11.617,7.12,0.0425,0.6334,0.1513,BCC
4,11.9555,7.145,0.0442,0.6553,0.1503,BCC
4,11.787,7.13,0.042,0.6254,0.1528,BCC
3,12.1255,7.155,0.0437,0.6473,0.1517,BCC
4,10.0265,7.075,0.0377,0.5569,0.1481,BCC
2,10.365,7.1,0.0395,0.5787,0.1472,BCC
2,10.7035,7.125,0.0413,0.6004,0.1464,BCC
4,11.042,7.15,0.043,0.6223,0.1455,BCC
4,11.212,7.16,0.0425,0.6144,0.1485,BCC
4,9.6215,7.115,0.0366,0.5376,0.1445,BCC
4,10.4685,7.175,0.04,0.5734,0.1465,BCC
3,10.807,7.2,0.042,0.5952,0.1455,BCC
4,9.9615,7.135,0.0355,0.5218,0.1509,BCC
4,10.3,7.16,0.0375,0.5437,0.1499,BCC
2,10.6385,7.185,0.0395,0.5655,0.1489,BCC
3,10.977,7.21,0.0415,0.5873,0.1479,BCC
3,11.3155,7.235,0.0435,0.6091,0.1468,BCC
4,10.8085,7.195,0.0389,0.5577,0.1502,BCC
4,11.4855,7.245,0.0429,0.6013,0.148,BCC
4,11.6555,7.255,0.0423,0.5934,0.1481,BCC
4,10.2335,7.225,0.0382,0.5462,0.1461,BCC
3,10.065,7.21,0.0353,0.5164,0.1489,BCC
4,10.4035,7.235,0.0375,0.5384,0.1478,BCC
4,10.742,7.26,0.0397,0.5602,0.1467,BCC
4,11.0805,7.285,0.042,0.582,0.1457,BCC
3,10.912,7.27,0.0391,0.5524,0.1473,BCC
2,11.2505,7.295,0.0413,0.5742,0.1462,BCC
3,10.0575,7.17,0.0426,0.5876,0.1597,BCC
3,11.0745,7.24,0.0448,0.6157,0.1672,BCC
3,9.314,7.185,0.04,0.546,0.1561,BCC
4,9.484,7.195,0.0395,0.5382,0.162,BCC
3,9.8225,7.22,0.0413,0.5601,0.1613,BCC
4,10.6695,7.28,0.0443,0.5961,0.1642,BCC
2,10.8395,7.29,0.0438,0.5882,0.1672,BCC
2,9.926,7.295,0.0413,0.5544,0.1617,BCC
3,9.521,7.335,0.0396,0.5345,0.1582,BCC
2,9.691,7.345,0.0389,0.5267,0.1622,BCC
4,10.0295,7.37,0.0412,0.5487,0.1614,BCC
3,10.368,7.395,0.0434,0.5706,0.1606,BCC
2,9.861,7.355,0.0383,0.5189,0.1651,BCC
2,10.1995,7.38,0.0405,0.5409,0.1642,BCC
3,10.538,7.405,0.0427,0.5628,0.1633,BCC
4,10.708,7.415,0.0421,0.555,0.1649,BCC
3,9.2135,7.405,0.0432,0.5412,0.1678,BCC
4,10.3425,6.93,0.041,0.5988,0.141,BCC
1,8.171,14.28,0.0346,0.1662,0.2169,FCC
4,8.1195,14.205,0.0329,0.163,0.2167,FCC
4,7.833,14.46,0.0304,0.1424,0.1618,FCC
1,7.6095,13.06,0.0446,0.1989,0.1294,BCC+FCC
1,7.986,13.61,0.0463,0.1825,0.1324,BCC+FCC
1,7.9185,14.54,0.0494,0.1915,0.1548,BCC+FCC
1,7.9905,14.12,0.0496,0.1891,0.1431,BCC+FCC
1,8.0625,13.7,0.049,0.1861,0.1286,BCC+FCC
1,7.939,14.045,0.0482,0.189,0.1421,BCC+FCC
1,8.1155,13.945,0.0502,0.1871,0.1328,BCC+FCC
1,7.9405,14.215,0.0494,0.1911,0.1436,BCC+FCC
1,8.1685,14.19,0.0506,0.1874,0.1363,BCC+FCC
1,8.0655,14.04,0.051,0.1895,0.134,BCC+FCC
1,7.7575,15.17,0.0352,0.1519,0.1819,FCC
1,7.522,12.535,0.0451,0.1967,0.123,BCC+FCC
1,7.8985,13.085,0.0459,0.1861,0.1267,BCC+FCC
1,7.9,13.255,0.0471,0.1889,0.1318,BCC+FCC
1,8.056,13.65,0.0526,0.193,0.1382,BCC+FCC
1,7.85,13.35,0.0459,0.1903,0.1352,BCC+FCC
1,7.8515,13.52,0.0473,0.193,0.1383,BCC+FCC
1,7.8,13.445,0.0445,0.1917,0.1373,BCC+FCC
1,8.1075,14.755,0.0498,0.1749,0.146,BCC+FCC
1,8.0765,14.185,0.0476,0.1721,0.1344,BCC+FCC
1,7.864,12.805,0.0485,0.1928,0.1268,BCC+FCC
1,7.917,13.05,0.052,0.1969,0.1324,BCC+FCC
1,7.814,12.9,0.0474,0.1939,0.1311,BCC+FCC
1,7.733,12.425,0.0432,0.1911,0.1156,BCC+FCC
1,7.5705,11.98,0.0411,0.178,0.1185,BCC+FCC
2,8.3235,10.25,0.0976,0.4825,0.1913,IM
2,8.3775,10.56,0.1092,0.469,0.278,IM
2,9.178,10.63,0.1074,0.4519,0.3273,IM
4,8.2575,11.965,0.0407,0.1878,0.1693,FCC
1,7.9245,15.43,0.0331,0.1348,0.1932,FCC
1,7.945,14.935,0.0317,0.1327,0.1831,FCC
1,7.8935,14.86,0.0296,0.1286,0.1822,FCC
4,7.826,14.19,0.0334,0.1438,0.1829,FCC
4,7.9655,14.44,0.0309,0.1305,0.1715,FCC
2,7.914,14.365,0.028,0.1266,0.1707,FCC
1,7.9465,15.105,0.0333,0.1374,0.1841,FCC
4,7.967,14.61,0.0325,0.1351,0.1734,FCC
1,7.771,14.405,0.0366,0.1512,0.1947,FCC
1,7.8795,14.085,0.0314,0.1342,0.1703,FCC
1,7.9325,14.33,0.0343,0.143,0.173,FCC
3,9.3215,9.18,0.1208,0.6094,0.2867,IM
2,8.847,9.165,0.1158,0.566,0.2816,IM
2,8.781,9.575,0.1179,0.5495,0.2827,IM
2,8.7825,9.745,0.1189,0.5522,0.2929,IM
2,8.765,10.1,0.1107,0.5302,0.2295,IM
2,7.9875,10.27,0.1004,0.4734,0.2168,IM
2,8.0895,10.22,0.1062,0.4987,0.2343,IM
2,8.3275,10.465,0.104,0.4932,0.2288,IM
2,8.6775,9.575,0.1055,0.5265,0.2221,IM
3,8.3065,8.16,0.1018,0.5503,0.2696,IM
3,9.5695,10.9,0.1131,0.4709,0.3361,IM
3,9.908,10.925,0.1155,0.4873,0.3371,IM
1,7.723,14.61,0.0353,0.1543,0.1852,FCC
1,7.6715,14.535,0.0331,0.1489,0.1845,FCC
1,7.7435,14.115,0.0346,0.1531,0.1723,FCC
1,7.6185,12.065,0.0461,0.1898,0.1245,BCC+FCC
4,7.8035,14.81,0.0338,0.1757,0.27,FCC
4,7.896,13.895,0.0362,0.1797,0.2456,FCC
2,9.1995,8.745,0.0921,0.6013,0.2042,IM
2,9.007,8.74,0.0928,0.561,0.1886,IM
3,7.023,9.14,0.0702,0.3691,0.1667,IM
4,9.5305,6.91,0.0431,0.4856,0.1477,BCC
4,10.5825,6.61,0.0369,0.5174,0.1449,BCC
4,10.451,6.735,0.0369,0.4917,0.1478,BCC
2,10.7895,6.76,0.0391,0.5124,0.147,BCC
4,10.893,6.835,0.0402,0.5097,0.147,BCC
2,10.658,6.885,0.0391,0.4857,0.1473,BCC
3,9.87,6.72,0.0384,0.5219,0.1456,BCC
3,8.8575,6.94,0.0391,0.4605,0.1614,BCC
3,9.196,6.965,0.0409,0.4825,0.1612,BCC
4,8.4075,6.64,0.0424,0.4867,0.1332,BCC
2,8.746,6.665,0.0439,0.5089,0.1332,BCC
3,8.869,6.615,0.0377,0.4844,0.134,BCC
4,9.546,6.665,0.0408,0.5277,0.1336,BCC
3,8.511,6.715,0.0422,0.4813,0.1398,BCC
3,9.188,6.765,0.0457,0.5255,0.1395,BCC
4,9.5265,6.79,0.0475,0.5474,0.1394,BCC
3,7.8145,6.79,0.0449,0.4452,0.145,BCC
3,9.1795,6.84,0.0385,0.4705,0.1455,BCC
2,9.518,6.865,0.0407,0.4926,0.145,BCC
3,9.8565,6.89,0.0429,0.5144,0.1445,BCC
3,9.283,6.915,0.0383,0.4657,0.1475,BCC
2,9.6215,6.94,0.0407,0.4878,0.1469,BCC
4,8.665,6.76,0.0416,0.4923,0.1387,BCC
3,9.0035,6.785,0.0432,0.5142,0.1387,BCC
4,9.342,6.81,0.0447,0.5359,0.1387,BCC
3,7.9685,6.835,0.044,0.4615,0.1431,BCC
4,8.0915,6.785,0.0382,0.4424,0.1453,BCC
4,8.43,6.81,0.04,0.465,0.1452,BCC
2,8.7685,6.835,0.0418,0.4873,0.1451,BCC
4,9.107,6.86,0.0436,0.5093,0.145,BCC
4,7.8875,6.93,0.0418,0.4472,0.1481,BCC
2,8.226,6.955,0.0436,0.4698,0.1482,BCC
3,9.8165,6.455,0.0351,0.5114,0.1316,BCC
2,8.7815,6.505,0.0381,0.4733,0.1396,BCC
3,9.797,6.58,0.0427,0.539,0.1384,BCC
2,10.1355,6.605,0.0443,0.5606,0.138,BCC
2,8.4235,6.605,0.042,0.4651,0.1461,BCC
3,10.325,6.49,0.0366,0.5244,0.1393,BCC
4,10.6635,6.515,0.0387,0.5452,0.1387,BCC
4,9.967,6.59,0.0423,0.5311,0.147,BCC
2,10.3055,6.615,0.0438,0.5527,0.1465,BCC
3,10.8335,6.525,0.038,0.5372,0.1449,BCC
3,11.172,6.55,0.0398,0.5579,0.1442,BCC
2,10.362,6.63,0.0394,0.5255,0.1356,BCC
2,8.9885,6.655,0.0378,0.4631,0.1455,BCC
4,9.327,6.68,0.0398,0.4854,0.1449,BCC
3,9.6655,6.705,0.0418,0.5075,0.1443,BCC
3,10.004,6.73,0.0438,0.5293,0.1437,BCC
3,10.532,6.64,0.0389,0.5175,0.1415,BCC
2,10.702,6.65,0.0384,0.5094,0.1458,BCC
2,11.0405,6.675,0.0402,0.5305,0.1449,BCC
3,11.379,6.7,0.0422,0.5515,0.144,BCC
4,9.4305,6.755,0.0396,0.4803,0.1465,BCC
4,10.974,6.74,0.042,0.535,0.1406,BCC
4,10.8055,6.725,0.0394,0.5057,0.1449,BCC
4,10.569,6.78,0.0415,0.518,0.1369,BCC
4,9.534,6.83,0.0392,0.475,0.1473,BCC
4,9.8725,6.855,0.0416,0.4972,0.1466,BCC
3,10.909,6.8,0.0402,0.5019,0.1434,BCC
2,11.079,6.81,0.0396,0.4938,0.1448,BCC
3,8.7925,9.43,0.0947,0.5361,0.205,IM
2,9.1655,9.645,0.1065,0.5679,0.2046,IM
2,8.7265,9.84,0.1014,0.5276,0.2024,IM
2,9.2185,9.89,0.1108,0.577,0.2156,IM
2,9.439,10.045,0.1174,0.5712,0.2186,IM
3,8.728,10.01,0.1028,0.5318,0.2147,IM
2,8.9485,10.165,0.109,0.5276,0.2174,IM
4,8.897,10.09,0.1063,0.5231,0.2189,IM
2,8.458,10.285,0.1006,0.4827,0.2148,IM
2,8.68,10.61,0.1059,0.4801,0.2283,IM
1,8.169,14.46,0.0385,0.1771,0.2239,FCC
1,8.1175,14.385,0.0367,0.1744,0.2238,FCC
1,7.8105,15.135,0.0357,0.157,0.1884,FCC
1,7.759,15.06,0.0337,0.1533,0.1877,FCC
4,7.7795,14.565,0.0325,0.1517,0.1756,FCC
1,7.9045,13.485,0.0472,0.1923,0.1369,BCC+FCC
3,9.2805,10.305,0.1221,0.5227,0.313,IM
3,9.35,10.85,0.1227,0.4995,0.3218,IM
3,9.335,10.72,0.1263,0.5291,0.3321,IM
3,9.3515,11.02,0.1236,0.5012,0.3317,IM
3,9.3,10.945,0.1216,0.5001,0.333,IM
2,9.4045,11.265,0.1264,0.5036,0.3401,IM
3,9.353,11.19,0.1244,0.5028,0.3414,IM
3,9.57,11.545,0.1234,0.504,0.2958,IM
3,9.292,10.115,0.1178,0.5793,0.2479,IM
3,7.902,9.655,0.1009,0.496,0.2327,IM
2,9.1365,9.63,0.1211,0.5831,0.2674,IM
3,8.3265,10.255,0.11,0.5039,0.2572,IM
4,9.258,10.175,0.1248,0.5554,0.2847,IM
3,8.649,10.36,0.1197,0.5214,0.27,IM
3,8.391,9.16,0.0813,0.4923,0.1838,IM
2,8.244,9.665,0.0872,0.4912,0.1836,IM
3,8.9695,9.215,0.0947,0.5409,0.1899,IM
3,9.043,9.875,0.1075,0.5309,0.1943,IM
4,8.971,9.385,0.0959,0.5455,0.2036,IM
4,8.613,9.485,0.0886,0.4995,0.201,IM
3,8.6055,10.24,0.1038,0.4941,0.2042,IM
2,7.1895,9.12,0.0772,0.4488,0.1742,IM
3,8.2035,9.68,0.0965,0.5567,0.2037,IM
3,8.988,10.86,0.1209,0.5158,0.2369,IM
3,8.6165,10.815,0.1149,0.4987,0.2491,IM
3,8.7515,10.785,0.1239,0.5235,0.2481,IM
3,8.9895,11.03,0.1221,0.5178,0.2474,IM
3,9.0615,10.79,0.1262,0.5061,0.3029,IM
3,8.694,10.345,0.1179,0.4952,0.268,IM
3,10.1295,10.67,0.129,0.5674,0.3103,IM
3,10.366,10.79,0.1334,0.5928,0.3149,IM
3,9.397,6.93,0.0422,0.6567,0.1378,BCC
3,9.7355,6.955,0.0436,0.679,0.1376,BCC
4,9.839,7.03,0.0444,0.6727,0.1423,BCC
3,8.5885,7.005,0.0379,0.578,0.1475,BCC
3,8.927,7.03,0.0397,0.6,0.1472,BCC
2,9.604,7.08,0.0433,0.6441,0.1464,BCC
2,9.9425,7.105,0.045,0.6664,0.146,BCC
2,9.576,7.28,0.0408,0.603,0.1531,BCC
3,9.9145,7.305,0.0432,0.6251,0.1525,BCC
2,9.2965,7.15,0.0467,0.6484,0.1486,BCC
3,8.93,7.325,0.042,0.5848,0.1618,BCC
4,9.137,7.475,0.0398,0.5717,0.1661,BCC
3,9.4755,7.5,0.0425,0.5937,0.1655,BCC
3,9.814,7.525,0.0451,0.6156,0.165,BCC
4,10.006,6.745,0.0377,0.6772,0.136,BCC
4,10.3445,6.77,0.0388,0.6997,0.1356,BCC
4,10.383,6.905,0.0396,0.6574,0.1469,BCC
4,10.7215,6.93,0.0412,0.6797,0.1461,BCC
3,11.06,6.955,0.0427,0.7022,0.1454,BCC
3,11.23,6.965,0.0423,0.6943,0.1497,BCC
3,10.825,7.005,0.0422,0.6737,0.1462,BCC
3,11.3335,7.04,0.0435,0.6882,0.1488,BCC
4,10.42,7.045,0.0416,0.6532,0.1426,BCC
2,10.7585,7.07,0.0436,0.6755,0.1417,BCC
4,10.2515,7.03,0.039,0.6232,0.1475,BCC
4,10.59,7.055,0.041,0.6454,0.1466,BCC
3,10.9285,7.08,0.043,0.6676,0.1457,BCC
4,11.607,7.125,0.0438,0.6742,0.1488,BCC
3,9.508,7.045,0.0354,0.5809,0.1449,BCC
2,9.8465,7.07,0.0376,0.6029,0.1441,BCC
2,10.5235,7.12,0.042,0.647,0.1423,BCC
2,10.862,7.145,0.0442,0.6693,0.1414,BCC
3,10.0165,7.08,0.0369,0.5952,0.1474,BCC
3,10.525,7.115,0.0385,0.6094,0.1485,BCC
3,10.8635,7.14,0.0407,0.6315,0.1475,BCC
3,11.202,7.165,0.043,0.6536,0.1464,BCC
2,11.0335,7.15,0.0401,0.6237,0.1484,BCC
4,11.372,7.175,0.0423,0.6458,0.1473,BCC
4,9.1395,6.81,0.0434,0.6442,0.1321,BCC
4,9.478,6.835,0.0447,0.6665,0.1319,BCC
3,9.3465,6.96,0.0436,0.6313,0.141,BCC
3,9.45,7.035,0.0434,0.6248,0.1439,BCC
3,9.5535,7.11,0.043,0.6182,0.1459,BCC
2,8.98,7.135,0.0375,0.5677,0.1485,BCC
4,9.3185,7.16,0.0399,0.5897,0.1478,BCC
3,9.657,7.185,0.0424,0.6117,0.1471,BCC
4,9.9955,7.21,0.0448,0.6337,0.1464,BCC
4,8.9605,7.26,0.0446,0.5637,0.1556,BCC
2,10.5295,6.92,0.0394,0.7219,0.1589,BCC
3,10.868,6.945,0.0413,0.7449,0.1585,BCC
4,9.616,6.925,0.0393,0.6865,0.1439,BCC
2,9.9545,6.95,0.0401,0.7091,0.1437,BCC
4,9.786,6.935,0.039,0.6786,0.1542,BCC
4,10.1245,6.96,0.0399,0.7011,0.1538,BCC
4,10.633,6.995,0.0405,0.7158,0.1614,BCC
4,10.9715,7.02,0.0425,0.7387,0.161,BCC
3,9.381,6.975,0.0395,0.658,0.1487,BCC
3,9.7195,7,0.0406,0.6803,0.1484,BCC
4,10.058,7.025,0.0417,0.7029,0.1481,BCC
3,9.551,6.985,0.0392,0.6502,0.1577,BCC
2,9.8895,7.01,0.0403,0.6724,0.1573,BCC
2,10.228,7.035,0.0414,0.6949,0.1569,BCC
4,9.721,6.995,0.0388,0.6424,0.1648,BCC
2,10.0595,7.02,0.0399,0.6646,0.1643,BCC
4,10.398,7.045,0.0411,0.687,0.1638,BCC
4,10.7365,7.07,0.0422,0.7096,0.1632,BCC
3,10.2295,7.03,0.0396,0.6567,0.1698,BCC
3,11.245,7.105,0.0431,0.7243,0.1678,BCC
4,11.5835,7.13,0.0449,0.7474,0.1672,BCC
3,9.146,7.025,0.039,0.6297,0.1527,BCC
2,9.4845,7.05,0.0404,0.6518,0.1523,BCC
4,10.1615,7.1,0.043,0.6966,0.1515,BCC
3,9.993,7.085,0.0413,0.6663,0.1596,BCC
4,10.67,7.135,0.044,0.7113,0.1585,BCC
3,9.486,7.045,0.0383,0.6142,0.1667,BCC
3,10.84,7.145,0.0436,0.7033,0.1643,BCC
3,11.1785,7.17,0.0449,0.7261,0.1636,BCC
3,9.9945,7.08,0.0392,0.6285,0.1708,BCC
4,10.333,7.105,0.0405,0.6506,0.1701,BCC
2,10.6715,7.13,0.0419,0.6729,0.1694,BCC
4,11.01,7.155,0.0432,0.6954,0.1686,BCC
2,11.3485,7.18,0.0445,0.7181,0.1679,BCC
3,11.35,7.175,0.0424,0.6796,0.1739,BCC
2,9.081,7.085,0.0375,0.5938,0.1628,BCC
3,9.4195,7.11,0.039,0.6158,0.1622,BCC
4,9.758,7.135,0.0406,0.6379,0.1617,BCC
3,10.435,7.185,0.0437,0.6824,0.1605,BCC
3,9.5895,7.12,0.0386,0.6081,0.1674,BCC
4,10.605,7.195,0.0433,0.6746,0.1654,BCC
2,8.676,7.125,0.0362,0.5734,0.1586,BCC
3,9.6915,7.2,0.0415,0.6394,0.157,BCC
2,8.846,7.135,0.0357,0.5657,0.1645,BCC
4,9.1845,7.16,0.0374,0.5877,0.1639,BCC
4,9.523,7.185,0.0392,0.6096,0.1632,BCC
4,9.3545,7.17,0.0369,0.58,0.1682,BCC
3,10.0315,7.22,0.0405,0.624,0.1668,BCC
4,10.37,7.245,0.0422,0.6461,0.166,BCC
4,10.7085,7.27,0.044,0.6683,0.1653,BCC
3,10.8785,7.28,0.0435,0.6605,0.1681,BCC
3,8.9495,7.21,0.0352,0.5595,0.165,BCC
3,9.6265,7.26,0.0392,0.6034,0.1636,BCC
4,9.458,7.245,0.0366,0.5738,0.1678,BCC
4,10.135,7.295,0.0406,0.6178,0.1662,BCC
3,9.9,7.345,0.0382,0.5895,0.166,BCC
3,10.2385,7.37,0.0405,0.6115,0.1651,BCC
4,9.412,7.07,0.044,0.6857,0.1483,BCC
2,9.7505,7.095,0.0449,0.7083,0.1483,BCC
3,10.429,7.14,0.0453,0.7151,0.1697,BCC
4,9.347,7.13,0.0436,0.6492,0.1651,BCC
3,9.6855,7.155,0.0448,0.6715,0.1649,BCC
4,10.194,7.19,0.0455,0.6861,0.1729,BCC
2,8.942,7.17,0.0432,0.6284,0.1596,BCC
2,9.2805,7.195,0.0446,0.6505,0.1595,BCC
4,9.619,7.22,0.0459,0.6728,0.1592,BCC
2,9.789,7.23,0.0455,0.665,0.1683,BCC
2,10.1275,7.255,0.0468,0.6874,0.168,BCC
2,9.6205,7.215,0.0438,0.6351,0.176,BCC
3,9.959,7.24,0.0451,0.6573,0.1756,BCC
4,8.707,7.22,0.0418,0.6,0.164,BCC
2,9.0455,7.245,0.0434,0.622,0.1637,BCC
3,9.7225,7.295,0.0465,0.6663,0.1631,BCC
2,9.2155,7.255,0.0429,0.6143,0.1718,BCC
4,9.8925,7.305,0.046,0.6586,0.171,BCC
3,9.3855,7.265,0.0425,0.6067,0.1782,BCC
4,10.0625,7.315,0.0456,0.6509,0.1772,BCC
4,10.401,7.34,0.0471,0.6731,0.1766,BCC
2,8.9805,7.305,0.041,0.586,0.1743,BCC
4,9.319,7.33,0.0428,0.6079,0.1738,BCC
3,9.8275,7.365,0.0441,0.6223,0.1787,BCC
3,8.237,7.32,0.0375,0.5432,0.1706,BCC
4,8.5755,7.345,0.039,0.5652,0.1701,BCC
3,8.7455,7.355,0.0385,0.5576,0.1763,BCC
3,9.084,7.38,0.0404,0.5795,0.1757,BCC
3,9.254,7.39,0.0399,0.5719,0.1804,BCC
3,9.5925,7.415,0.0419,0.5939,0.1797,BCC
4,9.931,7.44,0.0439,0.6159,0.1791,BCC
4,8.738,7.315,0.0474,0.6257,0.1639,BCC
4,8.908,7.325,0.047,0.6181,0.175,BCC
3,8.503,7.365,0.0457,0.5972,0.1694,BCC
4,9.0115,7.4,0.0468,0.6115,0.179,BCC
4,8.268,7.415,0.0435,0.5686,0.1741,BCC
4,8.438,7.425,0.0433,0.5611,0.1827,BCC
3,8.7765,7.45,0.0446,0.583,0.1824,BCC
2,8.3375,7.645,0.0471,0.5503,0.1921,BCC
3,8.618,7.115,0.0446,0.6162,0.1485,BCC
2,10.102,6.79,0.0412,0.7186,0.1444,BCC
4,10.4405,6.815,0.0419,0.7415,0.1441,BCC
2,9.697,6.83,0.0421,0.6974,0.1382,BCC
3,10.2055,6.865,0.0427,0.7121,0.1483,BCC
3,9.462,6.88,0.0422,0.6685,0.1431,BCC
4,9.8005,6.905,0.0433,0.6909,0.1428,BCC
4,9.632,6.89,0.0418,0.6607,0.1522,BCC
2,9.9705,6.915,0.0429,0.6831,0.1518,BCC
3,9.802,6.9,0.0415,0.6529,0.1594,BCC
4,10.1405,6.925,0.0426,0.6752,0.1588,BCC
3,10.479,6.95,0.0437,0.6977,0.1582,BCC
2,10.8175,6.975,0.0448,0.7205,0.1577,BCC
4,9.5655,6.955,0.0429,0.6621,0.1467,BCC
3,9.904,6.98,0.0442,0.6844,0.1463,BCC
2,9.397,6.94,0.0411,0.6321,0.155,BCC
4,9.7355,6.965,0.0425,0.6543,0.1545,BCC
3,10.074,6.99,0.0438,0.6766,0.154,BCC
4,10.4125,7.015,0.0451,0.6991,0.1534,BCC
3,9.039,7.04,0.046,0.6085,0.1618,BCC
3,9.9055,6.975,0.0421,0.6466,0.1606,BCC
2,10.5825,7.025,0.0448,0.6913,0.1593,BCC
2,11.2595,7.075,0.0474,0.7368,0.158,BCC
4,10.7525,7.035,0.0444,0.6834,0.1638,BCC
4,9.3305,7.005,0.0418,0.6334,0.1499,BCC
3,10.3475,7.075,0.044,0.6624,0.1604,BCC
3,8.757,7.03,0.0383,0.583,0.153,BCC
4,8.399,7.13,0.0435,0.5588,0.1601,BCC
3,8.7375,7.155,0.0442,0.5806,0.1596,BCC
4,9.076,7.18,0.0449,0.6025,0.1591,BCC
3,8.927,7.04,0.0378,0.5754,0.1589,BCC
3,9.2655,7.065,0.0396,0.5973,0.1582,BCC
2,9.9425,7.115,0.0431,0.6414,0.1569,BCC
2,8.9075,7.165,0.044,0.5731,0.1657,BCC
2,9.246,7.19,0.0447,0.595,0.1651,BCC
4,9.097,7.05,0.0373,0.5677,0.1633,BCC
4,9.774,7.1,0.0408,0.6117,0.1618,BCC
4,10.1125,7.125,0.0426,0.6338,0.1611,BCC
3,10.451,7.15,0.0444,0.6559,0.1603,BCC
3,9.6055,7.085,0.0385,0.5821,0.1657,BCC
4,10.621,7.16,0.0439,0.6482,0.1632,BCC
3,8.692,7.09,0.0352,0.547,0.16,BCC
3,9.0305,7.115,0.0371,0.569,0.1593,BCC
3,9.011,7.24,0.0437,0.5664,0.1664,BCC
3,10.386,7.21,0.042,0.6197,0.1626,BCC
3,8.7955,7.165,0.035,0.5406,0.1598,BCC
3,9.134,7.19,0.0362,0.5625,0.159,BCC
3,9.4725,7.215,0.0384,0.5845,0.1582,BCC
4,9.6425,7.225,0.0378,0.5769,0.161,BCC
3,8.83,8.715,0.0814,0.5511,0.2103,IM
3,9.438,8.88,0.098,0.6193,0.2063,IM
2,8.999,9.075,0.0942,0.5785,0.2107,IM
3,8.7435,9.145,0.0889,0.5547,0.2066,IM
3,8.3045,9.34,0.0852,0.5137,0.2084,IM
3,9.03,8.89,0.0901,0.5631,0.2058,IM
2,8.7435,8.865,0.0847,0.526,0.2161,IM
2,8.5395,9.01,0.0829,0.5116,0.2107,IM
2,8.9125,9.225,0.0961,0.5515,0.2121,IM
4,8.7085,9.37,0.094,0.5368,0.2018,IM
2,8.4735,9.42,0.0916,0.5107,0.2137,IM
3,8.795,9.56,0.1004,0.5377,0.2161,IM
2,7.592,9.31,0.0895,0.4563,0.1998,IM
3,8.257,9.01,0.0774,0.481,0.1732,IM
2,8.703,9.085,0.0874,0.5295,0.1839,IM
3,8.345,9.185,0.0828,0.4835,0.181,IM
3,8.2125,9.205,0.0797,0.4781,0.1849,IM
3,8.6665,9.325,0.0912,0.5119,0.1824,IM
2,8.7545,9.5,0.0962,0.5113,0.1893,IM
3,7.1365,8.875,0.0733,0.4316,0.1608,IM
4,8.114,9.21,0.0901,0.4933,0.1889,IM
2,8.4525,9.235,0.0917,0.5121,0.1902,IM
2,7.962,9.355,0.0841,0.4614,0.1904,IM
2,7.8105,9.58,0.0953,0.4935,0.1814,IM
3,7.945,9.47,0.0906,0.4718,0.1894,IM
3,8.308,8.345,0.0439,0.3,0.2455,BCC
4,10.2,7.085,0.0424,0.5501,0.1336,BCC
2,9.761,7.28,0.0423,0.5269,0.1483,BCC
2,10.1085,6.855,0.0383,0.588,0.1335,BCC
2,10.2785,6.865,0.0376,0.5801,0.1418,BCC
4,10.617,6.89,0.0398,0.6015,0.1412,BCC
2,11.1255,6.925,0.041,0.6149,0.1468,BCC
4,9.1965,6.855,0.0348,0.519,0.138,BCC
4,9.535,6.88,0.0364,0.5407,0.1374,BCC
2,10.212,6.93,0.0395,0.5837,0.1363,BCC
3,10.0435,6.915,0.0375,0.5542,0.144,BCC
3,11.229,7,0.0422,0.6106,0.1471,BCC
3,10.3155,7.005,0.0408,0.5791,0.1382,BCC
3,10.147,6.99,0.0385,0.5497,0.1449,BCC
3,9.065,6.98,0.0338,0.4876,0.1422,BCC
3,10.0805,7.055,0.0398,0.553,0.14,BCC
3,10.419,7.08,0.0418,0.5745,0.1393,BCC
2,9.5735,7.015,0.0352,0.5015,0.1466,BCC
3,9.912,7.04,0.0372,0.5233,0.1458,BCC
4,10.2505,7.065,0.0392,0.545,0.145,BCC
3,10.9275,7.115,0.0432,0.5881,0.1433,BCC
2,10.759,7.1,0.0406,0.5587,0.1477,BCC
2,11.0975,7.125,0.0426,0.5802,0.1467,BCC
2,9.8455,7.105,0.0382,0.5265,0.1413,BCC
4,8.889,6.925,0.0382,0.5306,0.1428,BCC
4,9.2275,6.95,0.0395,0.5524,0.1425,BCC
3,9.9045,7,0.0422,0.5957,0.142,BCC
2,8.9925,7,0.0387,0.5255,0.1472,BCC
4,9.331,7.025,0.0403,0.5473,0.1468,BCC
3,9.6695,7.05,0.0418,0.5691,0.1465,BCC
3,10.008,7.075,0.0434,0.5908,0.1461,BCC
2,10.178,7.085,0.0429,0.5829,0.1545,BCC
4,10.5165,7.11,0.0445,0.6045,0.154,BCC
3,8.7575,7.05,0.0372,0.4984,0.151,BCC
3,9.096,7.075,0.039,0.5204,0.1506,BCC
4,9.4345,7.1,0.0408,0.5422,0.1501,BCC
4,9.773,7.125,0.0426,0.564,0.1497,BCC
4,10.1115,7.15,0.0443,0.5857,0.1492,BCC
3,9.943,7.135,0.0421,0.5561,0.1569,BCC
3,10.2815,7.16,0.0438,0.5778,0.1564,BCC
4,9.8765,7.2,0.0431,0.5588,0.152,BCC
4,9.708,7.185,0.0405,0.5291,0.1588,BCC
4,9.6415,7.25,0.0412,0.5318,0.1542,BCC
4,9.98,7.275,0.0434,0.5536,0.1536,BCC
2,9.473,7.235,0.0383,0.5018,0.1601,BCC
4,9.8115,7.26,0.0405,0.5238,0.1594,BCC
3,10.15,7.285,0.0427,0.5457,0.1587,BCC
4,8.5535,7.195,0.0408,0.502,0.1584,BCC
3,8.892,7.22,0.0426,0.5241,0.1582,BCC
3,9.2305,7.245,0.0444,0.546,0.1579,BCC
3,9.739,7.28,0.0456,0.5601,0.1664,BCC
3,7.98,7.22,0.0365,0.4513,0.1629,BCC
4,8.3185,7.245,0.0384,0.4739,0.1626,BCC
2,8.9955,7.295,0.0424,0.5184,0.1619,BCC
2,9.334,7.32,0.0444,0.5405,0.1616,BCC
3,9.6725,7.345,0.0464,0.5624,0.1612,BCC
4,9.504,7.33,0.0438,0.5326,0.1692,BCC
3,8.7605,7.345,0.0397,0.4906,0.1652,BCC
3,9.099,7.37,0.0419,0.5128,0.1648,BCC
3,8.864,7.42,0.0388,0.4847,0.1673,BCC
3,7.776,7.365,0.0409,0.4526,0.1686,BCC
3,8.453,7.415,0.0437,0.4977,0.1683,BCC
3,7.8795,7.44,0.0404,0.4464,0.173,BCC
4,8.218,7.465,0.0415,0.4692,0.1728,BCC
4,8.5565,7.49,0.0427,0.4916,0.1725,BCC
4,8.895,7.515,0.0449,0.5139,0.1723,BCC
3,9.2335,7.54,0.0471,0.536,0.172,BCC
4,8.33,6.92,0.0381,0.4991,0.1358,BCC
2,8.6685,6.945,0.0399,0.5212,0.1355,BCC
4,9.007,6.97,0.0417,0.5432,0.1352,BCC
4,9.3455,6.995,0.0434,0.5651,0.1348,BCC
3,8.3105,7.045,0.0433,0.506,0.1418,BCC
4,8.9875,7.095,0.0469,0.5502,0.1413,BCC
3,7.737,7.07,0.0411,0.4547,0.1468,BCC
2,8.8755,7.095,0.0391,0.5099,0.1424,BCC
2,9.214,7.12,0.0414,0.532,0.1419,BCC
3,9.5525,7.145,0.0436,0.5539,0.1414,BCC
4,9.891,7.17,0.0458,0.5758,0.1408,BCC
3,8.6405,7.145,0.036,0.4818,0.1451,BCC
3,9.656,7.22,0.0433,0.5482,0.1433,BCC
2,8.126,7.065,0.0417,0.5007,0.1418,BCC
4,8.4645,7.09,0.0435,0.5229,0.1417,BCC
3,8.9065,7.19,0.0449,0.5391,0.1469,BCC
4,7.533,7.215,0.0449,0.4528,0.1528,BCC
3,8.4365,7.29,0.0396,0.4826,0.1551,BCC
4,8.775,7.315,0.0411,0.5049,0.1547,BCC
2,8.129,7.36,0.0445,0.4882,0.1577,BCC
3,8.2325,7.435,0.0439,0.4819,0.1624,BCC
4,7.9975,7.485,0.0423,0.4527,0.1664,BCC
4,8.6745,7.535,0.0445,0.4979,0.1658,BCC
4,9.5125,6.71,0.0379,0.5634,0.1281,BCC
4,9.851,6.735,0.0392,0.5851,0.1276,BCC
3,10.1895,6.76,0.0405,0.6068,0.1271,BCC
3,9.8315,6.86,0.0465,0.5982,0.1347,BCC
4,10.698,6.795,0.0416,0.6205,0.1349,BCC
4,11.2065,6.83,0.043,0.6343,0.1405,BCC
2,9.2775,6.76,0.0372,0.5367,0.1316,BCC
3,9.616,6.785,0.0387,0.5584,0.131,BCC
3,9.9545,6.81,0.0403,0.5801,0.1304,BCC
2,10.293,6.835,0.0418,0.6018,0.1298,BCC
3,9.786,6.795,0.0383,0.5505,0.1384,BCC
2,10.8015,6.87,0.0429,0.6156,0.1362,BCC
3,9.428,6.895,0.0428,0.5407,0.1465,BCC
3,9.6175,6.78,0.0363,0.5208,0.1448,BCC
4,11.31,6.905,0.0442,0.6294,0.1407,BCC
3,10.803,6.865,0.0405,0.5781,0.1463,BCC
2,11.9885,6.95,0.0448,0.6352,0.146,BCC
4,9.146,6.885,0.0358,0.5044,0.1358,BCC
4,10.1615,6.96,0.0418,0.57,0.1335,BCC
4,9.993,6.945,0.0392,0.5403,0.1394,BCC
4,9.9735,7.07,0.0441,0.5509,0.1475,BCC
2,9.027,8.3,0.0797,0.5552,0.1952,IM
4,8.823,8.445,0.0773,0.5413,0.1967,IM
3,8.496,8.64,0.0754,0.5096,0.1881,IM
2,8.992,8.805,0.0896,0.572,0.1983,IM
3,9.023,8.9,0.0899,0.5837,0.1823,IM
2,9.146,8.85,0.0899,0.6028,0.1928,IM
2,8.9515,8.745,0.0878,0.5469,0.1819,IM
2,8.8705,8.84,0.0868,0.5514,0.1849,IM
2,8.6355,8.89,0.0845,0.525,0.1954,IM
3,7.1715,8.65,0.0708,0.4458,0.1702,IM
3,8.9305,8.775,0.0879,0.6027,0.1997,IM
3,7.797,8.765,0.0811,0.4785,0.1844,IM
2,8.0465,8.685,0.0835,0.4989,0.1583,IM
2,7.9655,8.78,0.0837,0.5036,0.161,IM
3,8.304,8.805,0.0857,0.5225,0.1624,IM
3,7.946,8.905,0.0794,0.4764,0.1595,IM
3,7.865,9,0.08,0.4811,0.1619,IM
4,11.5965,6.505,0.037,0.3791,0.1449,BCC
4,10.623,6.575,0.0388,0.363,0.1637,BCC
3,11.679,6.395,0.038,0.3775,0.1457,BCC
3,11.274,6.435,0.0353,0.3558,0.1438,BCC
3,11.07,6.58,0.0375,0.3597,0.1621,BCC
3,11.956,6.39,0.0364,0.3522,0.1415,BCC
4,11.349,6.305,0.03,0.2985,0.1472,BCC
3,10.683,6.185,0.0307,0.295,0.1444,BCC
3,6.927,9.09,0.0378,0.2701,0.2284,BCC
3,11.4305,6.865,0.0408,0.4857,0.1271,BCC
2,11.0725,6.965,0.0448,0.5046,0.1373,BCC
4,10.7145,7.065,0.0473,0.5053,0.1466,BCC
4,11.2425,6.975,0.0442,0.4965,0.1403,BCC
2,10.6675,7.005,0.0437,0.487,0.1337,BCC
2,10.8375,7.015,0.043,0.4789,0.1373,BCC
4,10.4795,7.115,0.0442,0.4779,0.1469,BCC
4,10.2625,7.045,0.042,0.469,0.1298,BCC
2,9.9045,7.145,0.0422,0.4662,0.1391,BCC
2,9.5465,7.245,0.0439,0.4531,0.1477,BCC
3,10.7905,6.955,0.0394,0.4476,0.1233,BCC
4,10.4325,7.055,0.0412,0.4607,0.1339,BCC
3,10.0745,7.155,0.0414,0.4581,0.1436,BCC
3,9.7165,7.255,0.0435,0.445,0.1524,BCC
3,10.9605,6.965,0.0387,0.4393,0.1258,BCC
3,10.6025,7.065,0.0404,0.4525,0.1367,BCC
3,10.2445,7.165,0.0405,0.4499,0.1467,BCC
4,10.8215,7.05,0.0437,0.4888,0.1396,BCC
3,10.4635,7.15,0.0464,0.4959,0.1481,BCC
2,10.9915,7.06,0.0431,0.4806,0.1439,BCC
3,10.4165,7.09,0.0428,0.4721,0.1355,BCC
2,10.0585,7.19,0.0444,0.4771,0.144,BCC
4,9.7005,7.29,0.0443,0.4692,0.1519,BCC
2,10.5865,7.1,0.0421,0.4639,0.1404,BCC
2,10.1815,7.14,0.0405,0.4466,0.1366,BCC
3,9.8235,7.24,0.041,0.4496,0.1455,BCC
3,10.3515,7.15,0.0398,0.4382,0.1407,BCC
3,9.6355,7.35,0.041,0.4322,0.1584,BCC
3,10.5215,7.16,0.039,0.4298,0.1435,BCC
4,10.6915,7.17,0.0382,0.4213,0.1452,BCC
4,11.0225,7.155,0.0474,0.5191,0.1565,BCC
3,10.2125,7.235,0.0455,0.4841,0.148,BCC
4,9.4965,7.435,0.0474,0.4703,0.1619,BCC
2,10.3825,7.245,0.0448,0.476,0.1541,BCC
3,9.9775,7.285,0.0429,0.4578,0.1501,BCC
3,9.6195,7.385,0.0431,0.4546,0.1576,BCC
4,10.1475,7.295,0.0422,0.4495,0.1553,BCC
4,9.7425,7.335,0.0397,0.4306,0.1516,BCC
3,9.0265,7.535,0.0428,0.4115,0.1667,BCC
3,10.8445,6.575,0.0405,0.3902,0.1469,BCC
3,9.9115,6.705,0.0371,0.3553,0.149,BCC
4,9.701,6.635,0.0398,0.3655,0.1459,BCC
4,9.871,6.645,0.0394,0.3569,0.1533,BCC
3,9.8145,6.845,0.0369,0.3455,0.1607,BCC
4,10.506,6.55,0.0381,0.3656,0.1478,BCC
3,11.562,6.37,0.0358,0.3609,0.1287,BCC
3,10.0605,6.53,0.0366,0.35,0.1518,BCC
4,10.5885,6.44,0.0379,0.3627,0.1469,BCC
3,11.1165,6.35,0.0377,0.3673,0.1395,BCC
4,10.6725,6.91,0.0351,0.4102,0.1363,BCC
3,10.436,6.965,0.0375,0.4259,0.1269,BCC
3,10.606,6.975,0.0368,0.4174,0.1317,BCC
3,10.201,7.015,0.036,0.403,0.1279,BCC
2,9.9215,6.885,0.0372,0.455,0.1321,BCC
3,10.0915,6.895,0.0365,0.4467,0.1418,BCC
2,9.348,6.91,0.0345,0.4103,0.1368,BCC
4,9.6865,6.935,0.0363,0.4319,0.1364,BCC
2,10.025,6.96,0.0382,0.453,0.136,BCC
3,9.8565,6.945,0.0358,0.4234,0.1448,BCC
4,10.195,6.97,0.0375,0.4446,0.1443,BCC
3,11.042,7.03,0.0409,0.4776,0.1493,BCC
4,10.1285,7.035,0.0393,0.4507,0.1388,BCC
3,10.637,7.07,0.0408,0.4632,0.1452,BCC
2,9.8935,7.085,0.0381,0.4267,0.1414,BCC
3,10.232,7.11,0.0404,0.4481,0.1408,BCC
3,10.0635,7.095,0.0375,0.4181,0.1474,BCC
4,10.402,7.12,0.0397,0.4397,0.1467,BCC
4,9.6585,7.135,0.0363,0.4016,0.1434,BCC
2,9.997,7.16,0.0387,0.4238,0.1427,BCC
4,10.167,7.17,0.038,0.4152,0.1477,BCC
3,9.932,7.22,0.0357,0.3895,0.1481,BCC
3,9.7175,7.03,0.0405,0.4746,0.1389,BCC
4,9.4825,7.08,0.0399,0.4501,0.1444,BCC
4,9.821,7.105,0.0416,0.4716,0.1442,BCC
4,9.6525,7.09,0.0393,0.4417,0.1543,BCC
4,9.586,7.155,0.0406,0.4467,0.1486,BCC
4,9.9245,7.18,0.0426,0.4683,0.1483,BCC
3,9.4175,7.14,0.038,0.4161,0.1576,BCC
3,10.0945,7.19,0.042,0.46,0.1567,BCC
3,10.433,7.215,0.044,0.4814,0.1562,BCC
3,9.116,7.255,0.0365,0.3941,0.1553,BCC
3,9.4545,7.28,0.039,0.417,0.1548,BCC
2,9.793,7.305,0.0414,0.4394,0.1543,BCC
4,9.963,7.315,0.0407,0.4309,0.1605,BCC
2,9.0435,7.275,0.0419,0.4374,0.1552,BCC
3,9.7205,7.325,0.0459,0.4815,0.1549,BCC
2,10.229,7.36,0.0473,0.495,0.1646,BCC
4,8.47,7.3,0.0374,0.3868,0.1603,BCC
3,9.147,7.35,0.0419,0.433,0.1599,BCC
3,9.589,7.45,0.0441,0.451,0.1632,BCC
3,8.677,7.45,0.0359,0.3769,0.1672,BCC
3,9.0155,7.475,0.0386,0.4007,0.1668,BCC
4,8.943,7.495,0.0449,0.4418,0.1648,BCC
4,8.3695,7.52,0.0395,0.3901,0.1701,BCC
4,9.385,7.595,0.0468,0.4593,0.1696,BCC
3,8.6075,7.765,0.0435,0.4136,0.1789,BCC
4,9.3205,6.835,0.0451,0.4956,0.1196,BCC
3,7.6085,6.835,0.0416,0.3929,0.1269,BCC
3,9.2085,6.835,0.0379,0.4417,0.1214,BCC
2,9.8855,6.885,0.0423,0.4858,0.1202,BCC
3,8.8505,6.935,0.0396,0.44,0.1295,BCC
4,9.189,6.96,0.0421,0.4627,0.129,BCC
3,7.8155,6.985,0.0403,0.3799,0.1375,BCC
4,8.154,7.01,0.0416,0.4041,0.1371,BCC
4,8.4925,7.035,0.043,0.4276,0.1368,BCC
3,7.796,7.11,0.0447,0.3835,0.1437,BCC
4,9.6505,6.935,0.0402,0.4595,0.1233,BCC
4,9.989,6.96,0.0426,0.4815,0.1226,BCC
2,8.954,7.01,0.0386,0.4345,0.1324,BCC
2,9.631,7.06,0.0439,0.4797,0.1313,BCC
3,8.596,7.11,0.0423,0.4213,0.1401,BCC
3,8.9345,7.135,0.0436,0.4445,0.1396,BCC
4,9.273,7.16,0.045,0.4673,0.1391,BCC
3,7.561,7.16,0.0424,0.3512,0.1479,BCC
4,8.3805,7.035,0.0347,0.3813,0.1358,BCC
3,8.719,7.06,0.0358,0.4054,0.1352,BCC
4,9.0575,7.085,0.0373,0.4288,0.1345,BCC
2,9.396,7.11,0.0402,0.4517,0.1338,BCC
2,8.361,7.16,0.0403,0.391,0.1431,BCC
4,8.6995,7.185,0.0416,0.4149,0.1426,BCC
4,9.038,7.21,0.043,0.4382,0.142,BCC
4,9.136,6.855,0.0429,0.4823,0.1198,BCC
3,8.9205,6.78,0.0354,0.4257,0.1197,BCC
2,9.259,6.805,0.0371,0.4476,0.1194,BCC
2,9.5975,6.83,0.0389,0.4692,0.1191,BCC
3,8.224,6.855,0.0371,0.4097,0.1267,BCC
3,8.901,6.905,0.0411,0.4554,0.1263,BCC
3,9.2395,6.93,0.0431,0.4776,0.1261,BCC
4,9.578,6.955,0.0451,0.4996,0.1258,BCC
4,7.866,6.955,0.0405,0.4027,0.1327,BCC
2,8.543,7.005,0.0434,0.4493,0.1325,BCC
2,8.8815,7.03,0.0457,0.472,0.1324,BCC
2,7.1695,7.03,0.0424,0.3616,0.1381,BCC
3,7.508,7.055,0.044,0.3864,0.1381,BCC
4,9.1275,6.93,0.0361,0.4183,0.1281,BCC
3,9.466,6.955,0.0383,0.4406,0.1276,BCC
3,8.7695,7.03,0.038,0.4226,0.1357,BCC
2,9.4465,7.08,0.0429,0.468,0.1348,BCC
2,9.785,7.105,0.0453,0.4901,0.1344,BCC
4,7.7345,7.08,0.0378,0.3658,0.1433,BCC
3,8.75,7.155,0.0418,0.4376,0.1423,BCC
4,9.0885,7.18,0.0436,0.4604,0.1419,BCC
4,8.392,7.255,0.0455,0.4208,0.1487,BCC
3,9.231,7.005,0.0362,0.4144,0.1308,BCC
3,9.5695,7.03,0.0386,0.4368,0.1301,BCC
4,8.873,7.105,0.0371,0.4174,0.1388,BCC
3,9.55,7.155,0.0425,0.463,0.1377,BCC
4,8.1765,7.18,0.0385,0.3841,0.1465,BCC
3,8.515,7.205,0.0398,0.4081,0.1461,BCC
4,8.8535,7.23,0.0411,0.4316,0.1456,BCC
3,9.192,7.255,0.0425,0.4546,0.1451,BCC
2,9.3345,7.08,0.036,0.4103,0.1325,BCC
2,9.673,7.105,0.0386,0.4328,0.1317,BCC
2,7.9415,7.23,0.0365,0.3526,0.1496,BCC
3,8.28,7.255,0.0378,0.3777,0.1491,BCC
4,8.6185,7.28,0.0392,0.4019,0.1486,BCC
4,7.922,7.355,0.0409,0.3584,0.1561,BCC
4,8.2605,7.38,0.0424,0.3833,0.1556,BCC
3,8.7165,6.925,0.039,0.439,0.126,BCC
3,9.055,6.95,0.0407,0.4612,0.126,BCC
3,8.02,7,0.0404,0.4161,0.1314,BCC
4,8.697,7.05,0.0444,0.4619,0.1314,BCC
4,9.0355,7.075,0.0464,0.4842,0.1314,BCC
3,7.3235,7.075,0.0424,0.3804,0.1358,BCC
4,7.662,7.1,0.044,0.4046,0.136,BCC
3,8.4815,6.975,0.0371,0.412,0.1326,BCC
4,9.1585,7.025,0.0411,0.457,0.1322,BCC
3,9.497,7.05,0.0431,0.4789,0.132,BCC
2,7.785,7.05,0.038,0.3867,0.1384,BCC
4,8.462,7.1,0.0417,0.4338,0.1382,BCC
2,9.139,7.15,0.0461,0.479,0.138,BCC
4,7.0885,7.125,0.0401,0.3486,0.1434,BCC
4,7.7655,7.175,0.0432,0.3982,0.1434,BCC
3,7.069,7.25,0.0437,0.3528,0.1479,BCC
4,8.585,7.05,0.0369,0.4074,0.1377,BCC
2,8.9235,7.075,0.0391,0.4303,0.1374,BCC
2,9.262,7.1,0.0413,0.4527,0.1371,BCC
3,9.6005,7.125,0.0435,0.4747,0.1368,BCC
3,8.35,7.1,0.034,0.379,0.1422,BCC
2,8.6885,7.125,0.0364,0.4027,0.1418,BCC
4,9.027,7.15,0.0388,0.4257,0.1414,BCC
3,9.3655,7.175,0.0413,0.4483,0.1409,BCC
4,7.992,7.2,0.0367,0.3748,0.1486,BCC
4,8.3305,7.225,0.038,0.399,0.1483,BCC
4,8.669,7.25,0.0395,0.4226,0.148,BCC
2,9.346,7.3,0.0449,0.4683,0.1473,BCC
3,7.634,7.3,0.0401,0.3603,0.1545,BCC
4,9.1305,7.225,0.0384,0.421,0.1443,BCC
2,9.469,7.25,0.041,0.4437,0.1438,BCC
3,9.111,7.35,0.041,0.44,0.1509,BCC
2,9.234,7.3,0.0377,0.4162,0.1464,BCC
3,7.841,7.45,0.0386,0.3462,0.1615,BCC
4,8.1795,7.475,0.0401,0.3716,0.161,BCC
3,8.518,7.5,0.0417,0.396,0.1606,BCC
3,8.174,7.045,0.0408,0.4261,0.1286,BCC
4,8.851,7.095,0.0443,0.4711,0.129,BCC
2,9.1895,7.12,0.0461,0.4931,0.1292,BCC
2,8.2775,7.12,0.0404,0.4211,0.1369,BCC
4,8.616,7.145,0.0424,0.4439,0.137,BCC
3,8.9545,7.17,0.0444,0.4664,0.137,BCC
4,9.293,7.195,0.0464,0.4884,0.137,BCC
4,7.9195,7.22,0.0432,0.4143,0.1413,BCC
2,8.0425,7.17,0.0377,0.3925,0.1438,BCC
4,8.381,7.195,0.0399,0.416,0.1437,BCC
3,8.7195,7.22,0.0421,0.439,0.1436,BCC
3,9.3965,7.27,0.0465,0.4837,0.1434,BCC
2,8.023,7.295,0.0425,0.4082,0.1486,BCC
2,8.3615,7.32,0.044,0.4316,0.1486,BCC
4,8.7,7.345,0.0458,0.4546,0.1486,BCC
2,9.1615,7.32,0.044,0.4566,0.1487,BCC
3,8.588,7.345,0.0381,0.4055,0.1535,BCC
2,8.9265,7.37,0.0408,0.4287,0.1532,BCC
3,9.265,7.395,0.0434,0.4515,0.1528,BCC
2,8.907,7.495,0.044,0.4428,0.1588,BCC
3,7.872,7.545,0.0434,0.3775,0.1645,BCC
2,8.0985,7.57,0.0378,0.3582,0.1663,BCC
3,7.6315,7.165,0.0426,0.4097,0.1267,BCC
4,7.735,7.24,0.0417,0.4041,0.1375,BCC
3,8.0735,7.265,0.0437,0.4275,0.1378,BCC
4,7.1615,7.265,0.0378,0.3492,0.146,BCC
4,7.5,7.29,0.0394,0.3742,0.1462,BCC
4,7.8385,7.315,0.0409,0.3984,0.1463,BCC
3,8.5155,7.365,0.0451,0.445,0.1466,BCC
2,8.854,7.39,0.0473,0.4676,0.1468,BCC
3,7.4805,7.415,0.0439,0.3857,0.1499,BCC
4,7.819,7.44,0.0457,0.4097,0.1502,BCC
3,8.1575,7.465,0.0474,0.4332,0.1504,BCC
4,7.6035,7.365,0.0386,0.3682,0.1535,BCC
3,7.942,7.39,0.0401,0.3926,0.1536,BCC
3,7.2455,7.465,0.0412,0.3541,0.1576,BCC
2,7.584,7.49,0.043,0.3791,0.1577,BCC
3,7.9225,7.515,0.0448,0.4033,0.1578,BCC
4,8.261,7.54,0.0466,0.4269,0.1579,BCC
4,7.226,7.59,0.0443,0.3576,0.1613,BCC
3,7.707,7.44,0.0378,0.3621,0.1596,BCC
4,8.384,7.49,0.0409,0.4106,0.1594,BCC
3,8.4875,7.565,0.0402,0.4048,0.164,BCC
4,8.826,7.59,0.0419,0.4282,0.1638,BCC
4,7.4525,7.615,0.0395,0.34,0.1694,BCC
3,8.468,7.69,0.0448,0.4141,0.169,BCC
4,7.1925,7.36,0.0435,0.3841,0.1336,BCC
4,6.9575,7.41,0.0409,0.3529,0.1446,BCC
4,7.296,7.435,0.0426,0.3779,0.1451,BCC
3,7.6345,7.46,0.0444,0.4021,0.1455,BCC
3,7.3995,7.51,0.0418,0.3716,0.1545,BCC
3,8.0765,7.56,0.0453,0.4197,0.155,BCC
4,7.7185,7.66,0.0473,0.403,0.158,BCC
4,7.503,7.585,0.0409,0.3651,0.1623,BCC
3,7.8415,7.61,0.0427,0.3897,0.1624,BCC
3,8.18,7.635,0.0444,0.4136,0.1625,BCC
4,8.5185,7.66,0.0462,0.4369,0.1626,BCC
3,7.4835,7.71,0.0443,0.3717,0.1659,BCC
3,7.822,7.735,0.0463,0.3962,0.166,BCC
2,6.7535,7.555,0.0433,0.3547,0.1392,BCC
3,7.6375,7.755,0.0453,0.3909,0.1623,BCC
2,7.4025,7.805,0.0423,0.3594,0.1701,BCC
3,7.0445,7.905,0.0426,0.3368,0.1729,BCC
3,7.3635,8.055,0.0464,0.3599,0.176,BCC
3,6.653,7.775,0.0441,0.3476,0.1445,BCC
4,7.537,7.975,0.0463,0.3837,0.1689,BCC
3,6.8405,8.05,0.0435,0.3332,0.17,BCC
3,7.6405,8.05,0.0452,0.3767,0.1775,BCC
3,7.2825,8.15,0.0446,0.3514,0.1798,BCC
4,10.1005,6.63,0.0392,0.3588,0.1616,BCC
4,10.0415,6.39,0.0373,0.3628,0.1457,BCC
3,10.113,6.555,0.0394,0.3608,0.157,BCC
3,10.236,6.505,0.0365,0.3514,0.1471,BCC
3,10.1955,6.445,0.0384,0.3569,0.156,BCC
4,10.3185,6.395,0.0361,0.348,0.1466,BCC
4,10.8795,6.13,0.036,0.3555,0.1478,BCC
3,10.317,6.085,0.0351,0.3441,0.1383,BCC
4,10.2975,6.21,0.0367,0.3518,0.1469,BCC
4,10.8255,6.12,0.0369,0.3605,0.1399,BCC
3,9.4875,6.29,0.0303,0.3019,0.1398,BCC
4,11.285,6.745,0.047,0.5556,0.1299,BCC
2,10.1365,6.8,0.0435,0.4979,0.1213,BCC
2,9.44,6.875,0.0429,0.4698,0.131,BCC
2,9.6295,6.76,0.0384,0.4454,0.1294,BCC
3,10.3065,6.81,0.0428,0.4899,0.1277,BCC
2,10.645,6.835,0.045,0.5117,0.1268,BCC
4,9.9485,6.91,0.0447,0.4842,0.137,BCC
2,10.138,6.795,0.04,0.4596,0.1333,BCC
3,10.4765,6.82,0.0422,0.4818,0.1323,BCC
2,10.985,6.855,0.0438,0.4956,0.1345,BCC
3,10.2885,6.93,0.0433,0.4681,0.1454,BCC
4,11.155,6.865,0.0431,0.4875,0.1363,BCC
4,9.9015,6.85,0.0411,0.4711,0.1232,BCC
3,9.205,6.925,0.0398,0.4412,0.1333,BCC
2,9.5435,6.95,0.0419,0.464,0.1326,BCC
4,10.052,6.985,0.0438,0.4785,0.1373,BCC
4,10.005,6.925,0.0407,0.4662,0.1235,BCC
3,8.97,6.975,0.0382,0.4119,0.1349,BCC
2,9.3085,7,0.0393,0.4353,0.1341,BCC
2,9.647,7.025,0.0406,0.4582,0.1333,BCC
3,8.612,7.075,0.0424,0.3943,0.1436,BCC
3,8.9505,7.1,0.0438,0.4181,0.1429,BCC
4,9.289,7.125,0.0451,0.4414,0.1422,BCC
3,10.175,6.935,0.0399,0.458,0.1278,BCC
3,9.817,7.035,0.0401,0.45,0.1379,BCC
2,9.459,7.135,0.0447,0.4333,0.1471,BCC
3,9.4435,6.515,0.0409,0.348,0.1404,BCC
3,10.0945,6.375,0.0369,0.3609,0.1326,BCC
3,9.743,7.11,0.0391,0.5564,0.1482,BCC
2,10.9565,6.965,0.0438,0.506,0.1441,BCC
3,11.1265,6.975,0.0432,0.4979,0.1469,BCC
4,11.0795,6.915,0.0391,0.4622,0.1339,BCC
4,10.7215,7.015,0.042,0.4805,0.144,BCC
4,10.8755,7.06,0.042,0.4811,0.1505,BCC
3,10.5175,7.16,0.0447,0.4902,0.159,BCC
3,10.4365,7.255,0.0431,0.4695,0.1648,BCC
4,9.4605,6.655,0.0363,0.4608,0.1379,BCC
2,9.441,6.78,0.0427,0.4873,0.1447,BCC
4,9.564,6.73,0.037,0.4571,0.1402,BCC
4,9.9025,6.755,0.0388,0.4788,0.1396,BCC
3,9.206,6.83,0.0408,0.46,0.1478,BCC
4,10.1095,6.905,0.04,0.471,0.1416,BCC
2,10.448,6.93,0.0422,0.4926,0.1408,BCC
2,10.09,7.03,0.0446,0.4942,0.1494,BCC
4,9.055,7.08,0.0424,0.4386,0.1585,BCC
3,10.571,6.88,0.0375,0.4497,0.1319,BCC
3,10.0565,6.8,0.0372,0.4769,0.1429,BCC
4,9.483,6.825,0.0349,0.4313,0.1463,BCC
3,10.0285,7,0.0382,0.4465,0.1479,BCC
3,10.009,7.125,0.043,0.4763,0.1553,BCC
4,9.3125,7.2,0.0413,0.4479,0.1635,BCC
3,10.132,7.075,0.0387,0.443,0.148,BCC
2,10.0595,7.095,0.0429,0.4857,0.1576,BCC
3,9.8605,6.59,0.0358,0.5113,0.1214,BCC
2,10.199,6.615,0.0378,0.532,0.1211,BCC
3,9.164,6.665,0.0413,0.4999,0.1283,BCC
2,9.5025,6.69,0.0424,0.5217,0.1281,BCC
4,9.841,6.715,0.0435,0.5432,0.1279,BCC
4,10.1795,6.74,0.0447,0.5647,0.1277,BCC
2,10.011,6.725,0.0432,0.5352,0.1394,BCC
2,10.181,6.735,0.0429,0.5273,0.1484,BCC
4,10.5195,6.76,0.044,0.5488,0.1479,BCC
2,11.7245,6.72,0.04,0.5689,0.1456,BCC
4,8.759,6.705,0.0411,0.4814,0.1208,BCC
2,9.0975,6.73,0.0424,0.5033,0.1207,BCC
4,9.287,6.615,0.0342,0.466,0.1271,BCC
3,9.6255,6.64,0.0353,0.4873,0.1267,BCC
3,10.3025,6.69,0.0389,0.5291,0.1259,BCC
2,9.2675,6.74,0.042,0.4953,0.1337,BCC
2,9.606,6.765,0.0433,0.5171,0.1333,BCC
3,10.4725,6.7,0.0383,0.5211,0.1354,BCC
3,10.811,6.725,0.0401,0.5417,0.1348,BCC
3,10.1145,6.8,0.0443,0.5307,0.1429,BCC
3,8.8625,6.78,0.0414,0.4765,0.127,BCC
2,9.201,6.805,0.0429,0.4986,0.1267,BCC
4,8.166,6.855,0.0438,0.4464,0.1334,BCC
2,8.5045,6.88,0.0454,0.4691,0.1333,BCC
4,8.843,6.905,0.0472,0.4915,0.1331,BCC
3,9.052,6.665,0.034,0.4408,0.1314,BCC
2,9.3905,6.69,0.0353,0.4626,0.1309,BCC
4,9.729,6.715,0.0367,0.484,0.1304,BCC
3,10.406,6.765,0.04,0.5261,0.1294,BCC
4,8.694,6.765,0.0394,0.4459,0.1386,BCC
4,9.0325,6.79,0.0409,0.4684,0.1382,BCC
4,9.371,6.815,0.0425,0.4905,0.1378,BCC
3,9.7095,6.84,0.044,0.5124,0.1374,BCC
4,10.048,6.865,0.0456,0.5341,0.137,BCC
4,8.336,6.865,0.0435,0.4382,0.1451,BCC
3,8.6745,6.89,0.0449,0.461,0.1448,BCC
4,9.899,6.725,0.0363,0.4758,0.1388,BCC
4,10.2375,6.75,0.0376,0.4971,0.1382,BCC
3,10.576,6.775,0.0394,0.518,0.1375,BCC
2,10.9145,6.8,0.0413,0.5388,0.1369,BCC
4,8.864,6.775,0.0389,0.4376,0.1475,BCC
4,9.541,6.825,0.042,0.4824,0.1465,BCC
2,9.8795,6.85,0.0436,0.5044,0.1459,BCC
2,10.4075,6.76,0.0372,0.4889,0.1445,BCC
3,10.746,6.785,0.0387,0.5099,0.1437,BCC
3,10.916,6.795,0.0382,0.5018,0.1484,BCC
2,11.593,6.845,0.0417,0.5434,0.1467,BCC
2,12.1015,6.88,0.0424,0.5559,0.1489,BCC
4,8.289,6.805,0.0379,0.4263,0.1326,BCC
3,8.966,6.855,0.0415,0.4716,0.1319,BCC
4,9.3045,6.88,0.0432,0.4937,0.1315,BCC
2,8.608,6.955,0.0446,0.4633,0.1385,BCC
3,8.9465,6.98,0.0466,0.4858,0.1383,BCC
2,7.573,7.005,0.0465,0.3994,0.1449,BCC
2,9.175,6.615,0.0273,0.3919,0.1267,BCC
4,8.817,6.715,0.0332,0.4146,0.1349,BCC
4,9.1555,6.74,0.0347,0.437,0.1344,BCC
2,9.494,6.765,0.0363,0.459,0.1338,BCC
3,9.8325,6.79,0.0378,0.4805,0.1332,BCC
3,10.171,6.815,0.0394,0.5018,0.1326,BCC
4,10.5095,6.84,0.0411,0.5229,0.132,BCC
4,8.459,6.815,0.0374,0.4179,0.1424,BCC
2,8.7975,6.84,0.0392,0.4409,0.142,BCC
4,9.136,6.865,0.0409,0.4634,0.1415,BCC
2,9.4745,6.89,0.0427,0.4856,0.141,BCC
3,9.813,6.915,0.0445,0.5076,0.1405,BCC
2,10.1515,6.94,0.0463,0.5294,0.1399,BCC
2,8.101,6.915,0.0418,0.4088,0.1493,BCC
4,8.4395,6.94,0.043,0.4322,0.1489,BCC
4,8.778,6.965,0.0441,0.4552,0.1485,BCC
2,9.1165,6.99,0.046,0.4778,0.1481,BCC
3,8.0815,7.04,0.0474,0.4149,0.1552,BCC
4,9.6835,6.65,0.0283,0.4047,0.133,BCC
4,11.0375,6.75,0.036,0.4858,0.1298,BCC
2,10.0025,6.8,0.0374,0.4723,0.1403,BCC
3,10.341,6.825,0.0389,0.4937,0.1396,BCC
4,10.6795,6.85,0.0405,0.5148,0.1388,BCC
4,8.9675,6.85,0.0387,0.4325,0.1495,BCC
4,9.306,6.875,0.0404,0.4552,0.1489,BCC
4,9.6445,6.9,0.0422,0.4775,0.1483,BCC
3,9.983,6.925,0.044,0.4996,0.1477,BCC
2,10.3215,6.95,0.0458,0.5214,0.1471,BCC
3,8.6095,6.95,0.0426,0.4239,0.1568,BCC
4,9.625,7.025,0.0474,0.4922,0.1552,BCC
2,10.869,6.735,0.034,0.458,0.1356,BCC
2,11.2075,6.76,0.0355,0.4777,0.1347,BCC
2,9.834,6.785,0.0354,0.4423,0.1464,BCC
3,10.1725,6.81,0.0369,0.4641,0.1456,BCC
4,10.511,6.835,0.0385,0.4856,0.1448,BCC
4,10.8495,6.86,0.04,0.5067,0.144,BCC
4,11.188,6.885,0.0419,0.5277,0.1432,BCC
2,11.5265,6.91,0.0435,0.5484,0.1423,BCC
3,9.1375,6.86,0.0381,0.4241,0.1554,BCC
3,9.476,6.885,0.0399,0.4469,0.1547,BCC
3,10.4915,6.96,0.0452,0.5134,0.1526,BCC
3,9.118,6.985,0.0434,0.4388,0.1624,BCC
2,10.3425,6.82,0.0365,0.4558,0.1495,BCC
4,10.681,6.845,0.038,0.4774,0.1487,BCC
3,11.358,6.895,0.0413,0.5196,0.1468,BCC
3,11.6965,6.92,0.043,0.5404,0.1459,BCC
2,9.9845,6.92,0.0412,0.4612,0.1582,BCC
3,10.323,6.945,0.0429,0.4834,0.1574,BCC
3,11,6.995,0.0465,0.5271,0.1558,BCC
3,11.886,6.805,0.0354,0.4808,0.1392,BCC
2,12.2245,6.83,0.0362,0.4998,0.1381,BCC
3,11.528,6.905,0.0407,0.5115,0.1493,BCC
4,11.8665,6.93,0.0425,0.5324,0.1483,BCC
3,10.493,6.955,0.0424,0.4753,0.1604,BCC
2,12.3945,6.84,0.0357,0.4918,0.139,BCC
2,12.0365,6.94,0.042,0.5243,0.1495,BCC
3,12.2065,6.95,0.0415,0.5163,0.1498,BCC
3,8.412,6.755,0.0322,0.3962,0.1295,BCC
4,8.7505,6.78,0.034,0.4191,0.1289,BCC
3,9.089,6.805,0.0357,0.4415,0.1284,BCC
4,8.731,6.905,0.0393,0.444,0.1361,BCC
4,9.0695,6.93,0.0413,0.4665,0.1356,BCC
4,9.408,6.955,0.0433,0.4887,0.1351,BCC
4,7.696,6.955,0.0405,0.387,0.1438,BCC
4,8.0345,6.98,0.0416,0.411,0.1434,BCC
2,8.373,7.005,0.0427,0.4344,0.1431,BCC
4,9.05,7.055,0.0457,0.4799,0.1423,BCC
4,9.2785,6.69,0.0285,0.3899,0.1284,BCC
3,8.9205,6.79,0.0334,0.4105,0.1371,BCC
4,9.259,6.815,0.0352,0.4331,0.1364,BCC
4,9.936,6.865,0.0388,0.4769,0.1351,BCC
3,10.2745,6.89,0.0405,0.4983,0.1344,BCC
3,10.613,6.915,0.0423,0.5195,0.1336,BCC
4,8.224,6.865,0.0348,0.3888,0.1455,BCC
4,8.901,6.915,0.0387,0.4357,0.1444,BCC
2,9.578,6.965,0.0427,0.4806,0.1432,BCC
3,9.9165,6.99,0.0447,0.5027,0.1426,BCC
4,8.2045,6.99,0.0413,0.4026,0.1522,BCC
3,9.22,7.065,0.0451,0.4719,0.1507,BCC
3,8.185,7.115,0.0467,0.4082,0.1584,BCC
2,10.464,6.775,0.0338,0.4449,0.1318,BCC
3,9.429,6.825,0.0347,0.4246,0.1425,BCC
3,9.7675,6.85,0.0365,0.4469,0.1418,BCC
2,10.106,6.875,0.0383,0.4687,0.141,BCC
2,10.4445,6.9,0.04,0.4902,0.1402,BCC
3,10.783,6.925,0.0418,0.5114,0.1394,BCC
4,11.1215,6.95,0.0437,0.5324,0.1386,BCC
4,8.7325,6.9,0.0362,0.404,0.1515,BCC
2,9.071,6.925,0.0382,0.4273,0.1508,BCC
3,9.4095,6.95,0.0402,0.4501,0.1501,BCC
3,9.748,6.975,0.0422,0.4725,0.1494,BCC
4,8.713,7.025,0.0421,0.4178,0.1584,BCC
4,9.0515,7.05,0.0432,0.4411,0.1579,BCC
3,9.39,7.075,0.0445,0.4639,0.1572,BCC
4,10.9725,6.81,0.0351,0.4569,0.1349,BCC
2,9.599,6.835,0.0342,0.4161,0.1471,BCC
3,9.9375,6.86,0.036,0.4385,0.1462,BCC
4,10.6145,6.91,0.0395,0.482,0.1445,BCC
2,11.2915,6.96,0.0431,0.5244,0.1427,BCC
3,9.241,6.935,0.0376,0.4189,0.1557,BCC
3,9.918,6.985,0.0416,0.4644,0.1541,BCC
4,10.9335,7.06,0.0476,0.5304,0.1517,BCC
2,9.8985,7.11,0.046,0.4784,0.1616,BCC
2,11.1425,6.82,0.0344,0.4486,0.1375,BCC
4,11.481,6.845,0.0361,0.4686,0.1364,BCC
3,10.7845,6.92,0.039,0.4738,0.1475,BCC
4,11.123,6.945,0.0408,0.4952,0.1465,BCC
4,11.4615,6.97,0.0426,0.5163,0.1455,BCC
4,10.4265,7.02,0.043,0.4785,0.1567,BCC
3,10.765,7.045,0.045,0.5005,0.1558,BCC
3,11.1035,7.07,0.047,0.5224,0.1549,BCC
4,10.9545,6.93,0.0385,0.4656,0.1493,BCC
3,11.6315,6.98,0.042,0.5083,0.1472,BCC
4,11.2735,7.08,0.0464,0.5144,0.1569,BCC
4,11.821,6.865,0.0349,0.4521,0.1382,BCC
2,12.1595,6.89,0.0363,0.472,0.1369,BCC
4,11.463,6.965,0.0397,0.4789,0.149,BCC
3,11.8015,6.99,0.0415,0.5002,0.1478,BCC
4,8.1575,6.93,0.0345,0.392,0.14,BCC
4,8.8345,6.98,0.0388,0.4387,0.1389,BCC
4,7.7995,7.03,0.04,0.3806,0.1472,BCC
2,8.138,7.055,0.0411,0.4047,0.1468,BCC
4,8.4765,7.08,0.0422,0.4283,0.1463,BCC
3,8.815,7.105,0.0433,0.4513,0.1458,BCC
3,9.701,6.915,0.0375,0.4513,0.1369,BCC
3,10.0395,6.94,0.0395,0.4731,0.1361,BCC
2,9.343,7.015,0.0403,0.4531,0.1453,BCC
4,9.6815,7.04,0.0425,0.4756,0.1447,BCC
2,8.308,7.065,0.0407,0.3962,0.1543,BCC
2,8.6465,7.09,0.0419,0.42,0.1537,BCC
3,8.985,7.115,0.043,0.4432,0.1531,BCC
3,9.5325,6.9,0.0349,0.4205,0.1427,BCC
3,9.871,6.925,0.0369,0.4429,0.1419,BCC
3,10.2095,6.95,0.0389,0.4649,0.141,BCC
3,10.8865,7,0.0429,0.5079,0.1392,BCC
3,9.1745,7,0.0375,0.422,0.1514,BCC
4,9.513,7.025,0.0397,0.4449,0.1506,BCC
3,9.8515,7.05,0.0419,0.4674,0.1499,BCC
4,10.19,7.075,0.0441,0.4897,0.1491,BCC
3,10.3795,6.96,0.0383,0.4566,0.1445,BCC
3,10.718,6.985,0.0403,0.4783,0.1435,BCC
4,11.0565,7.01,0.0423,0.4998,0.1426,BCC
3,9.6635,7.16,0.0434,0.4498,0.1622,BCC
3,10.888,6.995,0.0398,0.4701,0.1457,BCC
4,11.2265,7.02,0.0418,0.4916,0.1447,BCC
3,7.942,6.855,0.0273,0.3383,0.1353,BCC
3,9.296,6.955,0.0362,0.4333,0.1324,BCC
3,7.9225,6.98,0.0332,0.3617,0.1428,BCC
4,8.261,7.005,0.034,0.3863,0.1422,BCC
2,8.5995,7.03,0.0355,0.4101,0.1415,BCC
2,7.903,7.105,0.0394,0.374,0.1497,BCC
4,8.2415,7.13,0.0405,0.3984,0.1492,BCC
2,9.8045,6.99,0.0378,0.4472,0.1372,BCC
4,8.431,7.015,0.0338,0.3775,0.1483,BCC
2,8.7695,7.04,0.0348,0.4015,0.1476,BCC
3,9.108,7.065,0.0373,0.4249,0.1469,BCC
2,9.4465,7.09,0.0397,0.4479,0.1461,BCC
2,8.75,7.165,0.0413,0.4137,0.1549,BCC
2,9.636,6.975,0.0349,0.4163,0.1422,BCC
3,10.313,7.025,0.0394,0.4609,0.1403,BCC
2,9.278,7.075,0.0365,0.4165,0.1513,BCC
2,9.2585,7.2,0.0421,0.4289,0.1589,BCC
3,10.5025,6.91,0.0331,0.4117,0.1337,BCC
3,9.806,6.985,0.0343,0.4077,0.145,BCC
4,10.1445,7.01,0.0365,0.4304,0.144,BCC
2,10.125,7.135,0.0407,0.4541,0.1526,BCC
3,9.4285,7.21,0.0418,0.4206,0.1623,BCC
3,11.3495,6.97,0.0366,0.4454,0.1325,BCC
3,10.3145,7.02,0.0358,0.4219,0.1456,BCC
3,10.653,7.045,0.0381,0.4443,0.1445,BCC
4,10.295,7.145,0.04,0.4458,0.1545,BCC
3,10.6335,7.17,0.0424,0.4684,0.1534,BCC
4,9.937,7.245,0.0426,0.4356,0.1637,BCC
2,11.5195,6.98,0.036,0.437,0.1324,BCC
3,10.823,7.055,0.0374,0.4359,0.145,BCC
4,8.384,6.955,0.0288,0.3583,0.1356,BCC
4,8.3645,7.08,0.0336,0.3804,0.1435,BCC
4,8.554,6.965,0.0281,0.3491,0.1405,BCC
2,8.873,7.115,0.0342,0.3958,0.1478,BCC
3,9.7395,7.05,0.0347,0.4119,0.1411,BCC
4,10.606,6.985,0.0339,0.4093,0.1312,BCC
2,9.2515,6.775,0.0401,0.5089,0.1194,BCC
3,10.118,6.71,0.0361,0.5019,0.1276,BCC
3,9.083,6.76,0.0387,0.4792,0.1342,BCC
4,9.4215,6.785,0.0398,0.5008,0.1341,BCC
2,9.76,6.81,0.0409,0.5222,0.1339,BCC
2,9.0635,6.885,0.0462,0.5017,0.1397,BCC
4,10.288,6.72,0.0354,0.4938,0.1385,BCC
3,9.93,6.82,0.0406,0.5141,0.1452,BCC
2,10.2685,6.845,0.0417,0.5354,0.1449,BCC
3,10.607,6.87,0.0434,0.5565,0.1445,BCC
2,10.7965,6.755,0.0363,0.5056,0.1465,BCC
4,11.135,6.78,0.0374,0.5254,0.1459,BCC
3,8.678,6.8,0.0386,0.4613,0.127,BCC
3,9.883,6.76,0.0352,0.4797,0.1326,BCC
2,9.1865,6.835,0.0395,0.4751,0.1396,BCC
4,9.525,6.86,0.0409,0.4968,0.1393,BCC
4,9.8635,6.885,0.0422,0.5182,0.139,BCC
3,10.202,6.91,0.0435,0.5396,0.1387,BCC
2,8.49,6.91,0.0433,0.4517,0.1457,BCC
3,9.167,6.96,0.0464,0.4964,0.1453,BCC
2,10.3915,6.795,0.0365,0.4919,0.1416,BCC
4,10.73,6.82,0.0381,0.512,0.141,BCC
4,10.0335,6.895,0.0418,0.5102,0.1487,BCC
3,10.372,6.92,0.0431,0.5315,0.1482,BCC
3,10.7105,6.945,0.0446,0.5527,0.1478,BCC
4,10.9,6.83,0.0375,0.504,0.1482,BCC
4,11.2385,6.855,0.0387,0.5239,0.1476,BCC
2,8.443,6.85,0.0375,0.4345,0.1333,BCC
3,8.7815,6.875,0.0391,0.4569,0.1331,BCC
4,9.12,6.9,0.0406,0.4789,0.1329,BCC
4,9.797,6.95,0.0437,0.5222,0.1324,BCC
4,8.085,6.95,0.0415,0.4315,0.1391,BCC
2,8.4235,6.975,0.0433,0.4544,0.139,BCC
2,8.762,7,0.045,0.4769,0.1388,BCC
3,7.727,7.05,0.046,0.4182,0.1443,BCC
4,9.648,6.81,0.0342,0.4565,0.1367,BCC
2,9.9865,6.835,0.0362,0.4774,0.1363,BCC
3,8.613,6.86,0.0371,0.4261,0.1444,BCC
3,8.9515,6.885,0.0386,0.4486,0.1441,BCC
2,9.29,6.91,0.0402,0.4708,0.1437,BCC
3,9.6285,6.935,0.0417,0.4926,0.1433,BCC
2,9.967,6.96,0.0433,0.5142,0.1429,BCC
3,8.5935,6.985,0.0428,0.4462,0.1504,BCC
3,8.932,7.01,0.0445,0.4688,0.1501,BCC
4,9.2705,7.035,0.0463,0.4911,0.1498,BCC
4,10.1565,6.845,0.0355,0.4692,0.1443,BCC
4,10.495,6.87,0.0376,0.4898,0.1438,BCC
2,10.137,6.97,0.0428,0.5061,0.1512,BCC
3,10.665,6.88,0.037,0.4816,0.1499,BCC
4,11.342,6.93,0.0401,0.5222,0.1485,BCC
4,10.6455,7.005,0.0439,0.5195,0.1571,BCC
2,9.243,6.85,0.0344,0.4408,0.131,BCC
2,9.5815,6.875,0.036,0.4621,0.1305,BCC
3,9.92,6.9,0.0379,0.4831,0.1301,BCC
3,8.5465,6.925,0.0375,0.4299,0.1382,BCC
2,8.885,6.95,0.0393,0.4524,0.1379,BCC
4,9.2235,6.975,0.0411,0.4745,0.1376,BCC
4,9.562,7,0.0429,0.4964,0.1372,BCC
2,9.9005,7.025,0.0447,0.518,0.1369,BCC
2,7.85,7,0.0395,0.4023,0.1447,BCC
4,8.1885,7.025,0.0406,0.4258,0.1445,BCC
3,8.527,7.05,0.0426,0.4488,0.1442,BCC
3,8.8655,7.075,0.0446,0.4714,0.144,BCC
2,9.204,7.1,0.0466,0.4937,0.1437,BCC
4,7.8305,7.125,0.0453,0.4117,0.1501,BCC
4,8.169,7.15,0.0466,0.4351,0.15,BCC
3,9.413,6.86,0.034,0.4323,0.1401,BCC
2,9.7515,6.885,0.0355,0.4538,0.1395,BCC
4,10.09,6.91,0.0372,0.4749,0.139,BCC
4,8.378,6.91,0.0353,0.3982,0.1482,BCC
4,8.7165,6.935,0.037,0.4214,0.1478,BCC
4,9.055,6.96,0.0388,0.4441,0.1474,BCC
2,9.3935,6.985,0.0406,0.4663,0.1469,BCC
2,9.732,7.01,0.0424,0.4883,0.1464,BCC
2,10.0705,7.035,0.0441,0.51,0.1459,BCC
3,10.409,7.06,0.0459,0.5315,0.1454,BCC
4,8.02,7.01,0.0392,0.3937,0.1548,BCC
3,8.3585,7.035,0.0403,0.4174,0.1544,BCC
4,8.697,7.06,0.042,0.4406,0.154,BCC
4,9.0355,7.085,0.044,0.4633,0.1537,BCC
2,9.374,7.11,0.046,0.4857,0.1533,BCC
2,8.0005,7.135,0.0449,0.4033,0.1605,BCC
2,8.339,7.16,0.0462,0.4269,0.1602,BCC
4,8.6775,7.185,0.0476,0.45,0.1599,BCC
4,9.9215,6.895,0.0351,0.4455,0.1465,BCC
2,10.26,6.92,0.0366,0.4666,0.1458,BCC
2,10.5985,6.945,0.0387,0.4874,0.1451,BCC
2,9.225,6.97,0.0383,0.4357,0.1547,BCC
4,9.902,7.02,0.0418,0.4801,0.1536,BCC
3,10.2405,7.045,0.0436,0.5019,0.153,BCC
4,10.579,7.07,0.0454,0.5234,0.1524,BCC
2,8.5285,7.045,0.04,0.409,0.1623,BCC
2,8.867,7.07,0.0415,0.4323,0.1618,BCC
2,9.2055,7.095,0.0435,0.4552,0.1613,BCC
4,8.8475,7.195,0.0472,0.442,0.1679,BCC
2,10.43,6.93,0.0362,0.4584,0.151,BCC
3,10.7685,6.955,0.0381,0.4793,0.1503,BCC
4,11.4455,7.005,0.0414,0.5202,0.1487,BCC
2,9.395,6.98,0.0378,0.4273,0.1605,BCC
3,9.7335,7.005,0.0396,0.4498,0.1598,BCC
4,10.072,7.03,0.0413,0.472,0.1591,BCC
2,10.4105,7.055,0.0431,0.4938,0.1584,BCC
2,10.749,7.08,0.0449,0.5154,0.1577,BCC
3,9.037,7.08,0.0409,0.424,0.1679,BCC
4,9.3755,7.105,0.0429,0.447,0.1673,BCC
4,11.6155,7.015,0.0409,0.5121,0.1523,BCC
3,9.9035,7.015,0.039,0.4415,0.1641,BCC
2,10.242,7.04,0.0408,0.4638,0.1633,BCC
2,10.5805,7.065,0.0426,0.4857,0.1625,BCC
4,10.919,7.09,0.0444,0.5073,0.1617,BCC
4,11.2575,7.115,0.0461,0.5288,0.1609,BCC
2,11.1085,6.975,0.0368,0.4628,0.1566,BCC
3,11.447,7,0.0388,0.4836,0.1556,BCC
4,11.7855,7.025,0.0404,0.504,0.1546,BCC
2,10.7505,7.075,0.0421,0.4775,0.1654,BCC
3,11.089,7.1,0.0438,0.4993,0.1645,BCC
3,11.4275,7.125,0.0456,0.5208,0.1636,BCC
4,9.3465,6.925,0.0354,0.4377,0.1343,BCC
4,9.685,6.95,0.0372,0.4592,0.1338,BCC
4,7.973,6.95,0.0334,0.3781,0.1429,BCC
4,8.3115,6.975,0.0354,0.4019,0.1425,BCC
4,8.65,7,0.0374,0.4251,0.1421,BCC
2,8.9885,7.025,0.0394,0.4478,0.1417,BCC
2,7.615,7.05,0.0378,0.372,0.1494,BCC
4,7.9535,7.075,0.0389,0.3964,0.1491,BCC
3,8.292,7.1,0.0401,0.42,0.1487,BCC
4,7.5955,7.175,0.0433,0.381,0.155,BCC
4,7.934,7.2,0.0446,0.4052,0.1548,BCC
3,8.611,7.25,0.0473,0.4518,0.1542,BCC
4,7.576,7.3,0.0476,0.3831,0.1603,BCC
4,9.178,6.91,0.0331,0.4071,0.1427,BCC
4,9.5165,6.935,0.0349,0.4293,0.1421,BCC
2,9.855,6.96,0.0366,0.4509,0.1414,BCC
3,10.1935,6.985,0.0384,0.4721,0.1408,BCC
3,8.4815,6.985,0.0348,0.3932,0.1508,BCC
2,9.1585,7.035,0.0388,0.4394,0.1497,BCC
2,9.8355,7.085,0.0428,0.4839,0.1486,BCC
3,10.174,7.11,0.0448,0.5056,0.1481,BCC
4,8.1235,7.085,0.0386,0.3877,0.1577,BCC
3,8.462,7.11,0.0397,0.4116,0.1573,BCC
2,8.8005,7.135,0.0411,0.4349,0.1568,BCC
2,9.139,7.16,0.0433,0.4577,0.1563,BCC
4,9.4775,7.185,0.0455,0.4802,0.1558,BCC
3,8.104,7.21,0.0442,0.3967,0.1637,BCC
4,8.4425,7.235,0.0456,0.4205,0.1633,BCC
4,8.781,7.26,0.0469,0.4438,0.1629,BCC
3,9.6865,6.945,0.0343,0.4207,0.148,BCC
2,10.025,6.97,0.0361,0.4425,0.1473,BCC
2,10.3635,6.995,0.0379,0.4639,0.1465,BCC
2,10.702,7.02,0.0398,0.4849,0.1458,BCC
3,8.99,7.02,0.0362,0.408,0.1567,BCC
3,9.3285,7.045,0.0382,0.431,0.156,BCC
3,9.667,7.07,0.0402,0.4536,0.1554,BCC
4,10.0055,7.095,0.0422,0.4757,0.1547,BCC
2,10.344,7.12,0.0442,0.4976,0.154,BCC
3,10.6825,7.145,0.0462,0.5192,0.1533,BCC
3,8.632,7.12,0.0394,0.4031,0.164,BCC
4,8.9705,7.145,0.0405,0.4266,0.1634,BCC
2,9.6475,7.195,0.0449,0.4722,0.1623,BCC
3,9.986,7.22,0.0471,0.4945,0.1617,BCC
4,8.951,7.27,0.0465,0.4356,0.1698,BCC
2,10.195,6.98,0.0356,0.4341,0.1517,BCC
3,10.5335,7.005,0.0374,0.4556,0.1508,BCC
3,10.872,7.03,0.0392,0.4767,0.15,BCC
4,11.2105,7.055,0.0412,0.4974,0.1491,BCC
2,10.1755,7.105,0.0416,0.4675,0.1593,BCC
4,10.514,7.13,0.0436,0.4895,0.1585,BCC
2,10.8525,7.155,0.0456,0.5112,0.1578,BCC
4,9.8175,7.205,0.0442,0.4641,0.1672,BCC
2,10.156,7.23,0.0465,0.4865,0.1665,BCC
3,10.365,6.99,0.0351,0.4256,0.1548,BCC
4,11.042,7.04,0.0386,0.4685,0.1529,BCC
3,10.007,7.09,0.039,0.4369,0.1635,BCC
4,10.3455,7.115,0.041,0.4593,0.1626,BCC
4,11.0225,7.165,0.045,0.5031,0.1609,BCC
2,10.8735,7.025,0.0363,0.4389,0.1557,BCC
3,11.5505,7.075,0.04,0.4811,0.1537,BCC
3,11.1925,7.175,0.0445,0.495,0.163,BCC
2,8.415,7.05,0.0348,0.3969,0.1455,BCC
4,8.3955,7.175,0.0395,0.4141,0.152,BCC
3,8.734,7.2,0.0407,0.4374,0.1516,BCC
2,7.699,7.25,0.0426,0.3742,0.1588,BCC
4,9.62,7.01,0.0355,0.426,0.1433,BCC
2,9.262,7.11,0.0385,0.4346,0.1513,BCC
4,8.5655,7.185,0.0392,0.4057,0.1593,BCC
4,9.2425,7.235,0.0424,0.4521,0.1582,BCC
3,9.581,7.26,0.0448,0.4747,0.1576,BCC
3,8.2075,7.285,0.0436,0.3901,0.1661,BCC
4,10.1285,7.045,0.037,0.4394,0.1474,BCC
3,10.467,7.07,0.039,0.461,0.1466,BCC
3,9.432,7.12,0.0379,0.4262,0.1566,BCC
2,9.7705,7.145,0.0401,0.4489,0.1559,BCC
4,10.4475,7.195,0.0446,0.4931,0.1544,BCC
3,9.074,7.22,0.04,0.4208,0.1644,BCC
4,9.4125,7.245,0.0417,0.4439,0.1637,BCC
3,10.637,7.08,0.0384,0.4526,0.15,BCC
3,10.9755,7.105,0.0404,0.4739,0.1491,BCC
3,9.9405,7.155,0.0395,0.4405,0.1597,BCC
4,10.6175,7.205,0.0439,0.485,0.158,BCC
3,7.8415,7.075,0.0303,0.3424,0.1488,BCC
3,8.5185,7.125,0.0339,0.3917,0.1476,BCC
2,8.857,7.15,0.0364,0.4152,0.147,BCC
3,7.822,7.2,0.0367,0.3594,0.1554,BCC
2,8.1605,7.225,0.0378,0.3841,0.1549,BCC
4,8.499,7.25,0.039,0.4081,0.1544,BCC
2,7.8025,7.325,0.042,0.3672,0.1617,BCC
4,9.3655,7.185,0.0381,0.4297,0.1522,BCC
3,8.669,7.26,0.0386,0.3996,0.1606,BCC
2,9.0075,7.285,0.0397,0.4232,0.16,BCC
4,8.6495,7.385,0.0443,0.4074,0.1673,BCC
2,9.8935,7.095,0.0354,0.414,0.1478,BCC
2,10.232,7.12,0.0376,0.4361,0.1469,BCC
3,9.874,7.22,0.0398,0.4441,0.1557,BCC
2,10.2125,7.245,0.0423,0.4665,0.1549,BCC
4,9.1775,7.295,0.0394,0.4149,0.1647,BCC
4,9.516,7.32,0.0405,0.4381,0.164,BCC
3,9.8545,7.345,0.0431,0.4609,0.1632,BCC
3,8.8195,7.395,0.0439,0.399,0.1723,BCC
3,10.0635,7.105,0.0347,0.4053,0.1505,BCC
2,10.402,7.13,0.0369,0.4277,0.1496,BCC
3,9.7055,7.205,0.0367,0.4128,0.1596,BCC
3,9.686,7.33,0.0402,0.4298,0.1673,BCC
2,10.5525,7.265,0.0408,0.45,0.1597,BCC
4,8.434,7.31,0.037,0.369,0.162,BCC
4,9.997,7.17,0.0355,0.4103,0.1467,BCC
3,9.639,7.27,0.0366,0.4162,0.1559,BCC
3,10.167,7.18,0.0348,0.4017,0.1487,BCC
2,10.5055,7.205,0.0373,0.4242,0.1476,BCC
2,10.6755,7.215,0.0366,0.4156,0.1485,BCC
4,10.8455,7.225,0.0358,0.407,0.1484,BCC
3,9.1705,6.87,0.0374,0.4849,0.1254,BCC
2,9.509,6.895,0.0386,0.506,0.1255,BCC
4,8.474,6.945,0.0428,0.4701,0.13,BCC
4,8.8125,6.97,0.0441,0.4922,0.1302,BCC
4,9.151,6.995,0.0454,0.514,0.1303,BCC
4,9.4895,7.02,0.0468,0.5357,0.1305,BCC
3,10.0175,6.93,0.0402,0.5188,0.1395,BCC
2,8.644,6.955,0.0424,0.4619,0.1451,BCC
2,8.9825,6.98,0.0437,0.4841,0.1451,BCC
3,9.849,6.915,0.0379,0.4897,0.1507,BCC
3,10.1875,6.94,0.0395,0.5107,0.1504,BCC
2,10.526,6.965,0.0414,0.5314,0.1501,BCC
3,10.696,6.975,0.0408,0.5234,0.1587,BCC
2,11.0345,7,0.0423,0.544,0.1582,BCC
4,9.274,6.945,0.0387,0.4815,0.1327,BCC
2,9.6125,6.97,0.0401,0.5027,0.1326,BCC
2,8.916,7.045,0.0445,0.4874,0.138,BCC
2,9.2545,7.07,0.0461,0.5093,0.1379,BCC
4,9.593,7.095,0.0476,0.5311,0.1379,BCC
3,7.881,7.095,0.0455,0.4345,0.1424,BCC
4,9.444,6.955,0.0384,0.4733,0.145,BCC
3,10.121,7.005,0.0413,0.5156,0.1444,BCC
4,8.7475,7.03,0.0425,0.457,0.1509,BCC
4,9.086,7.055,0.044,0.4793,0.1507,BCC
4,9.4245,7.08,0.0456,0.5013,0.1505,BCC
4,9.763,7.105,0.0472,0.5231,0.1503,BCC
3,9.9525,6.99,0.0393,0.4865,0.1542,BCC
3,10.291,7.015,0.0406,0.5076,0.1538,BCC
4,10.6295,7.04,0.0426,0.5284,0.1534,BCC
2,8.362,6.945,0.0352,0.4118,0.1391,BCC
2,8.7005,6.97,0.0367,0.4343,0.1389,BCC
2,9.039,6.995,0.0383,0.4563,0.1387,BCC
2,9.3775,7.02,0.0399,0.478,0.1385,BCC
3,8.004,7.045,0.0394,0.4145,0.1445,BCC
4,8.3425,7.07,0.0411,0.4376,0.1444,BCC
3,8.323,7.195,0.0461,0.4516,0.1494,BCC
2,8.8705,6.98,0.0363,0.4258,0.1497,BCC
2,9.5475,7.03,0.0394,0.4697,0.149,BCC
2,9.886,7.055,0.041,0.4912,0.1487,BCC
4,10.2245,7.08,0.0425,0.5123,0.1483,BCC
3,8.5125,7.08,0.0406,0.4292,0.1557,BCC
4,8.851,7.105,0.0424,0.452,0.1554,BCC
3,9.528,7.155,0.0459,0.4964,0.1549,BCC
4,8.8315,7.23,0.0473,0.4662,0.1608,BCC
3,10.3945,7.09,0.0421,0.5043,0.1564,BCC
3,10.733,7.115,0.0438,0.5253,0.1559,BCC
3,10.0365,7.19,0.0472,0.5103,0.163,BCC
3,10.226,7.075,0.0401,0.4748,0.1633,BCC
2,10.5645,7.1,0.0416,0.4961,0.1627,BCC
3,11.2415,7.15,0.045,0.5381,0.1615,BCC
2,11.073,7.135,0.0427,0.5091,0.1669,BCC
4,8.4655,7.02,0.0354,0.4076,0.144,BCC
2,8.804,7.045,0.0372,0.4303,0.1437,BCC
4,9.1425,7.07,0.039,0.4525,0.1434,BCC
2,9.481,7.095,0.0407,0.4743,0.1431,BCC
2,9.8195,7.12,0.0425,0.4957,0.1428,BCC
4,7.769,7.095,0.0368,0.3853,0.1501,BCC
2,8.1075,7.12,0.0387,0.4091,0.1499,BCC
3,8.446,7.145,0.0407,0.4323,0.1497,BCC
2,8.7845,7.17,0.0427,0.455,0.1495,BCC
4,9.123,7.195,0.0447,0.4774,0.1492,BCC
4,9.4615,7.22,0.0467,0.4995,0.149,BCC
3,7.411,7.195,0.0415,0.3744,0.1554,BCC
4,8.088,7.245,0.0441,0.4224,0.1551,BCC
3,8.4265,7.27,0.0455,0.4456,0.155,BCC
4,8.765,7.295,0.047,0.4683,0.1548,BCC
3,7.73,7.345,0.0476,0.4041,0.16,BCC
2,8.974,7.055,0.0367,0.4218,0.153,BCC
4,9.3125,7.08,0.0384,0.4441,0.1526,BCC
4,9.651,7.105,0.0402,0.466,0.1521,BCC
4,9.9895,7.13,0.042,0.4876,0.1517,BCC
2,7.939,7.105,0.0365,0.3765,0.1601,BCC
4,8.2775,7.13,0.0381,0.4005,0.1597,BCC
2,8.9545,7.18,0.0421,0.4468,0.159,BCC
4,9.293,7.205,0.0441,0.4693,0.1587,BCC
2,9.6315,7.23,0.0461,0.4915,0.1583,BCC
4,7.9195,7.23,0.0424,0.3902,0.1655,BCC
3,8.5965,7.28,0.0451,0.4374,0.165,BCC
4,9.144,7.065,0.0362,0.4132,0.1603,BCC
3,9.4825,7.09,0.0379,0.4357,0.1598,BCC
3,9.821,7.115,0.0397,0.4578,0.1593,BCC
4,10.498,7.165,0.0433,0.5008,0.1581,BCC
4,9.1245,7.19,0.0415,0.4385,0.1666,BCC
4,9.463,7.215,0.0435,0.4611,0.1662,BCC
4,9.105,7.315,0.046,0.4522,0.1725,BCC
3,9.6525,7.1,0.0374,0.4273,0.1654,BCC
2,9.991,7.125,0.0392,0.4494,0.1648,BCC
2,10.3295,7.15,0.041,0.4712,0.1641,BCC
2,10.668,7.175,0.0427,0.4927,0.1635,BCC
3,11.0065,7.2,0.0445,0.5139,0.1628,BCC
2,9.9715,7.25,0.0449,0.4753,0.1714,BCC
2,10.31,7.275,0.0469,0.4974,0.1708,BCC
3,10.4995,7.16,0.0405,0.463,0.1682,BCC
4,10.838,7.185,0.0422,0.4845,0.1675,BCC
3,11.1765,7.21,0.044,0.5058,0.1667,BCC
3,10.6695,7.17,0.0399,0.4547,0.1711,BCC
3,8.569,7.095,0.0354,0.4033,0.1479,BCC
3,8.9075,7.12,0.0374,0.4261,0.1475,BCC
2,9.246,7.145,0.0394,0.4485,0.1471,BCC
3,9.5845,7.17,0.0414,0.4704,0.1467,BCC
2,9.923,7.195,0.0434,0.492,0.1462,BCC
3,7.534,7.145,0.0352,0.3548,0.1548,BCC
2,8.211,7.195,0.0377,0.4036,0.1542,BCC
2,9.2265,7.27,0.0444,0.4723,0.1532,BCC
4,7.5145,7.27,0.0408,0.3678,0.1602,BCC
2,7.853,7.295,0.0421,0.3924,0.16,BCC
2,8.1915,7.32,0.0435,0.4162,0.1597,BCC
2,8.53,7.345,0.0448,0.4395,0.1595,BCC
2,7.495,7.395,0.0453,0.3728,0.1652,BCC
3,7.8335,7.42,0.0468,0.3973,0.1651,BCC
3,8.4005,7.08,0.0328,0.3709,0.1565,BCC
4,9.0775,7.13,0.0368,0.4176,0.1555,BCC
2,9.7545,7.18,0.0408,0.4621,0.1544,BCC
4,10.093,7.205,0.0428,0.4838,0.1539,BCC
3,8.381,7.205,0.0371,0.395,0.1627,BCC
2,8.7195,7.23,0.0393,0.4185,0.1622,BCC
3,9.058,7.255,0.0415,0.4416,0.1618,BCC
3,9.3965,7.28,0.0438,0.4642,0.1613,BCC
4,9.735,7.305,0.046,0.4864,0.1609,BCC
2,8.3615,7.33,0.0431,0.4078,0.1685,BCC
3,8.7,7.355,0.0444,0.4313,0.1681,BCC
2,9.377,7.405,0.0475,0.4769,0.1673,BCC
4,9.586,7.165,0.0382,0.4317,0.1611,BCC
4,9.9245,7.19,0.0402,0.4539,0.1604,BCC
3,10.263,7.215,0.0422,0.4757,0.1598,BCC
4,10.6015,7.24,0.0442,0.4972,0.1592,BCC
4,8.551,7.215,0.0367,0.3863,0.1693,BCC
3,8.8895,7.24,0.0387,0.41,0.1688,BCC
3,9.905,7.315,0.0453,0.4784,0.1671,BCC
2,10.2435,7.34,0.0476,0.5005,0.1666,BCC
2,9.2085,7.39,0.0454,0.4462,0.1745,BCC
3,9.547,7.415,0.0468,0.4689,0.174,BCC
2,9.756,7.175,0.0377,0.4232,0.1658,BCC
3,10.0945,7.2,0.0397,0.4455,0.165,BCC
4,10.433,7.225,0.0417,0.4674,0.1643,BCC
4,9.7365,7.3,0.0425,0.4477,0.1726,BCC
4,10.075,7.325,0.0447,0.4702,0.172,BCC
2,10.4135,7.35,0.0469,0.4924,0.1713,BCC
3,9.717,7.425,0.0463,0.4609,0.1791,BCC
3,10.2645,7.21,0.0391,0.4371,0.1684,BCC
3,10.603,7.235,0.0411,0.4592,0.1676,BCC
2,10.9415,7.26,0.0431,0.4809,0.1668,BCC
3,11.1115,7.27,0.0425,0.4727,0.1689,BCC
2,8.3145,7.27,0.0368,0.398,0.1575,BCC
2,7.618,7.345,0.0401,0.3611,0.164,BCC
4,8.6335,7.42,0.0441,0.4334,0.163,BCC
2,9.5195,7.23,0.039,0.4359,0.1565,BCC
3,9.858,7.255,0.0412,0.4581,0.1559,BCC
3,8.4845,7.28,0.0365,0.3893,0.1648,BCC
3,9.1615,7.33,0.0408,0.4362,0.1637,BCC
4,9.5,7.355,0.0432,0.4589,0.1632,BCC
3,8.1265,7.38,0.0411,0.3772,0.1713,BCC
3,8.465,7.405,0.0424,0.4015,0.1709,BCC
2,9.351,7.215,0.0361,0.4047,0.1624,BCC
4,10.028,7.265,0.0406,0.4498,0.161,BCC
4,10.3665,7.29,0.0428,0.4717,0.1603,BCC
2,9.67,7.365,0.0425,0.4507,0.1686,BCC
4,10.0085,7.39,0.045,0.4732,0.1679,BCC
4,10.198,7.275,0.0399,0.4415,0.1647,BCC
2,10.5365,7.3,0.0421,0.4635,0.1639,BCC
3,10.7065,7.31,0.0415,0.4552,0.1664,BCC
4,7.741,7.295,0.0341,0.3426,0.1609,BCC
4,8.0795,7.32,0.0352,0.3679,0.1605,BCC
2,8.418,7.345,0.0363,0.3922,0.16,BCC
4,8.06,7.445,0.0408,0.3793,0.1665,BCC
3,9.2845,7.28,0.0365,0.4088,0.1581,BCC
4,8.9265,7.38,0.0371,0.4074,0.1656,BCC
4,9.265,7.405,0.0398,0.4307,0.165,BCC
3,9.6035,7.43,0.0425,0.4536,0.1643,BCC
4,8.23,7.455,0.0404,0.3706,0.1731,BCC
4,8.5685,7.48,0.0418,0.3951,0.1725,BCC
4,8.907,7.505,0.0431,0.4189,0.172,BCC
3,8.2105,7.58,0.0448,0.3747,0.179,BCC
3,9.793,7.315,0.0382,0.4232,0.1616,BCC
2,10.1315,7.34,0.0407,0.4456,0.1609,BCC
3,9.435,7.415,0.039,0.4224,0.1695,BCC
4,9.7735,7.44,0.0417,0.4454,0.1688,BCC
3,9.077,7.515,0.0427,0.4105,0.1769,BCC
3,9.6245,7.3,0.0351,0.3914,0.1655,BCC
2,9.963,7.325,0.0375,0.4146,0.1647,BCC
3,10.3015,7.35,0.04,0.4373,0.1638,BCC
4,9.558,7.365,0.0352,0.3955,0.1619,BCC
2,9.8965,7.39,0.0379,0.4187,0.161,BCC
4,8.393,7.04,0.0403,0.4501,0.1354,BCC
3,9.07,7.09,0.0429,0.4939,0.1358,BCC
3,9.4085,7.115,0.0443,0.5155,0.1359,BCC
4,8.563,7.05,0.0399,0.4418,0.1503,BCC
3,9.5785,7.125,0.0439,0.5074,0.1502,BCC
2,8.205,7.15,0.0448,0.44,0.1547,BCC
3,9.7485,7.135,0.0435,0.4993,0.1614,BCC
3,10.4255,7.185,0.0462,0.5421,0.161,BCC
4,8.158,7.09,0.0391,0.423,0.1432,BCC
4,8.4965,7.115,0.0406,0.4456,0.1433,BCC
2,9.1735,7.165,0.0437,0.4897,0.1433,BCC
4,7.8,7.19,0.043,0.4196,0.1474,BCC
3,8.1385,7.215,0.0447,0.4427,0.1476,BCC
3,8.6665,7.125,0.0402,0.4373,0.156,BCC
2,9.005,7.15,0.0417,0.4596,0.1559,BCC
4,9.3435,7.175,0.0433,0.4816,0.1557,BCC
3,9.682,7.2,0.0448,0.5033,0.1555,BCC
4,8.3085,7.225,0.0442,0.4344,0.1608,BCC
3,9.852,7.21,0.0444,0.4952,0.1653,BCC
2,10.1905,7.235,0.0459,0.5167,0.165,BCC
2,10.529,7.26,0.0475,0.5381,0.1646,BCC
3,8.2615,7.165,0.039,0.4183,0.1497,BCC
3,8.6,7.19,0.0408,0.441,0.1496,BCC
2,8.9385,7.215,0.0426,0.4634,0.1495,BCC
3,9.6155,7.265,0.0461,0.5071,0.1493,BCC
4,7.565,7.24,0.041,0.39,0.1544,BCC
4,8.242,7.29,0.0439,0.4371,0.1544,BCC
3,7.207,7.34,0.0445,0.375,0.1585,BCC
3,7.5455,7.365,0.0461,0.3994,0.1586,BCC
4,8.4315,7.175,0.0385,0.4097,0.1608,BCC
3,8.77,7.2,0.0403,0.4326,0.1606,BCC
2,9.1085,7.225,0.042,0.4551,0.1604,BCC
4,9.7855,7.275,0.0456,0.499,0.1598,BCC
2,8.0735,7.275,0.0419,0.4053,0.1661,BCC
3,8.412,7.3,0.0434,0.4288,0.1659,BCC
2,8.7505,7.325,0.0454,0.4517,0.1657,BCC
3,9.9555,7.285,0.0451,0.4909,0.1682,BCC
2,10.294,7.31,0.0468,0.5126,0.1678,BCC
3,7.688,7.19,0.0347,0.3657,0.1553,BCC
4,8.0265,7.215,0.0367,0.3899,0.1552,BCC
4,8.7035,7.265,0.0407,0.4363,0.1548,BCC
4,9.719,7.34,0.0467,0.5027,0.1541,BCC
4,7.33,7.29,0.039,0.3592,0.1603,BCC
2,8.007,7.34,0.0416,0.4079,0.1601,BCC
4,8.3455,7.365,0.043,0.4313,0.16,BCC
4,7.3105,7.415,0.0437,0.3682,0.1648,BCC
4,7.649,7.44,0.0453,0.3928,0.1648,BCC
4,7.9875,7.465,0.0468,0.4166,0.1648,BCC
2,8.1965,7.225,0.0361,0.3811,0.1649,BCC
2,8.8735,7.275,0.0401,0.4279,0.1643,BCC
3,9.5505,7.325,0.0441,0.4727,0.1636,BCC
4,9.889,7.35,0.0461,0.4946,0.1632,BCC
3,7.8385,7.325,0.0399,0.3752,0.1704,BCC
4,8.177,7.35,0.0413,0.3994,0.1702,BCC
2,8.5155,7.375,0.0426,0.423,0.1699,BCC
3,8.854,7.4,0.0445,0.4461,0.1697,BCC
2,8.1575,7.475,0.0464,0.4083,0.1752,BCC
3,8.705,7.26,0.0375,0.3961,0.1722,BCC
3,9.0435,7.285,0.0395,0.4194,0.1718,BCC
4,9.382,7.31,0.0415,0.4422,0.1714,BCC
2,10.3975,7.385,0.0475,0.5083,0.1699,BCC
2,8.6855,7.385,0.0422,0.4146,0.1779,BCC
3,9.024,7.41,0.0439,0.4378,0.1775,BCC
3,9.3625,7.435,0.0461,0.4606,0.1771,BCC
4,9.552,7.32,0.041,0.4338,0.1772,BCC
3,9.8905,7.345,0.043,0.4563,0.1767,BCC
3,10.229,7.37,0.045,0.4784,0.1761,BCC
3,10.5675,7.395,0.047,0.5002,0.1755,BCC
4,10.7375,7.405,0.0464,0.4921,0.1798,BCC
4,7.7915,7.265,0.0337,0.3603,0.1597,BCC
2,8.13,7.29,0.036,0.3847,0.1595,BCC
4,8.4685,7.315,0.0382,0.4084,0.1592,BCC
4,8.807,7.34,0.0404,0.4315,0.1589,BCC
3,9.1455,7.365,0.0426,0.454,0.1586,BCC
2,9.484,7.39,0.0448,0.4763,0.1582,BCC
2,7.4335,7.365,0.0383,0.3528,0.1652,BCC
4,7.772,7.39,0.0396,0.3778,0.165,BCC
3,8.1105,7.415,0.041,0.402,0.1648,BCC
2,8.449,7.44,0.0423,0.4255,0.1645,BCC
4,8.7875,7.465,0.0442,0.4486,0.1643,BCC
4,9.126,7.49,0.0466,0.4712,0.164,BCC
3,7.414,7.49,0.043,0.3612,0.17,BCC
3,7.7525,7.515,0.0445,0.386,0.1699,BCC
3,8.091,7.54,0.0461,0.4101,0.1697,BCC
3,8.4295,7.565,0.0476,0.4336,0.1695,BCC
4,7.3945,7.615,0.0464,0.3629,0.1745,BCC
4,8.6385,7.325,0.0375,0.3998,0.1675,BCC
4,8.977,7.35,0.0398,0.423,0.167,BCC
2,9.3155,7.375,0.042,0.4458,0.1666,BCC
2,9.654,7.4,0.0442,0.4681,0.1662,BCC
2,8.2805,7.425,0.0406,0.3934,0.1735,BCC
4,8.9575,7.475,0.0435,0.4403,0.1727,BCC
3,9.296,7.5,0.0459,0.4631,0.1724,BCC
4,7.9225,7.525,0.0441,0.3774,0.179,BCC
4,8.261,7.55,0.0456,0.4017,0.1787,BCC
3,8.5995,7.575,0.0472,0.4254,0.1784,BCC
3,8.8085,7.335,0.0369,0.3911,0.174,BCC
4,9.147,7.36,0.0391,0.4145,0.1735,BCC
4,9.824,7.41,0.0436,0.4599,0.1724,BCC
3,10.1625,7.435,0.0458,0.482,0.1719,BCC
4,8.4505,7.435,0.0402,0.3847,0.1804,BCC
4,8.789,7.46,0.0415,0.4087,0.1799,BCC
3,9.1275,7.485,0.0429,0.4321,0.1795,BCC
3,9.466,7.51,0.0452,0.455,0.179,BCC
3,9.8045,7.535,0.0476,0.4775,0.1785,BCC
3,9.6555,7.395,0.0407,0.429,0.1779,BCC
3,9.994,7.42,0.0429,0.4516,0.1773,BCC
2,10.3325,7.445,0.0451,0.4738,0.1766,BCC
2,10.5025,7.455,0.0445,0.4656,0.1802,BCC
3,9.249,7.44,0.0423,0.4492,0.1616,BCC
2,7.8755,7.465,0.039,0.3715,0.1687,BCC
3,9.0805,7.425,0.0392,0.418,0.1691,BCC
4,9.419,7.45,0.0416,0.4409,0.1685,BCC
3,9.9275,7.485,0.0434,0.4551,0.1733,BCC
4,8.6755,7.465,0.0365,0.398,0.1649,BCC
3,8.656,7.59,0.041,0.4136,0.1708,BCC
3,7.9595,7.665,0.043,0.3723,0.1771,BCC
3,9.184,7.5,0.0384,0.4129,0.1704,BCC
4,9.5225,7.525,0.041,0.4359,0.1698,BCC
2,8.149,7.55,0.0379,0.3561,0.1782,BCC
3,9.8625,7.545,0.0395,0.4191,0.1776,BCC
2,7.954,7.235,0.043,0.4311,0.1441,BCC
3,8.9695,7.31,0.0476,0.4982,0.1449,BCC
3,9.3095,7.33,0.0467,0.482,0.1713,BCC
4,7.719,7.285,0.0408,0.4025,0.1522,BCC
2,7.003,7.485,0.0469,0.3742,0.1586,BCC
3,7.889,7.295,0.0403,0.3939,0.1656,BCC
3,8.2275,7.32,0.0421,0.4174,0.1656,BCC
4,8.566,7.345,0.0438,0.4404,0.1655,BCC
3,8.9045,7.37,0.0456,0.463,0.1655,BCC
2,9.243,7.395,0.0474,0.4852,0.1654,BCC
4,7.8225,7.36,0.04,0.397,0.1592,BCC
3,8.4995,7.41,0.044,0.4435,0.1593,BCC
3,8.838,7.435,0.046,0.466,0.1593,BCC
2,7.4645,7.46,0.0437,0.3863,0.1632,BCC
4,7.654,7.345,0.0381,0.3639,0.1709,BCC
2,8.331,7.395,0.0414,0.412,0.1707,BCC
2,8.6695,7.42,0.0434,0.4352,0.1705,BCC
2,9.008,7.445,0.0454,0.4579,0.1703,BCC
3,8.3115,7.52,0.0464,0.4255,0.1752,BCC
4,7.249,7.385,0.0365,0.3418,0.1651,BCC
2,7.5875,7.41,0.0378,0.367,0.1651,BCC
2,7.926,7.435,0.0391,0.3914,0.165,BCC
3,8.603,7.485,0.0434,0.4382,0.1648,BCC
2,8.9415,7.51,0.0456,0.4609,0.1646,BCC
2,7.568,7.535,0.043,0.3798,0.1694,BCC
2,7.21,7.635,0.0452,0.3599,0.1734,BCC
2,7.5485,7.66,0.047,0.3847,0.1735,BCC
2,7.7575,7.42,0.0374,0.358,0.1752,BCC
3,8.096,7.445,0.0388,0.3827,0.175,BCC
3,8.4345,7.47,0.0405,0.4066,0.1748,BCC
2,8.773,7.495,0.0427,0.4299,0.1745,BCC
3,9.45,7.545,0.0472,0.4751,0.174,BCC
4,8.415,7.595,0.0456,0.4193,0.1796,BCC
3,9.2815,7.53,0.0443,0.4444,0.182,BCC
2,9.62,7.555,0.0465,0.467,0.1816,BCC
3,9.4515,7.54,0.0437,0.4361,0.1881,BCC
3,7.3525,7.46,0.0358,0.3356,0.17,BCC
2,8.368,7.535,0.0401,0.4095,0.1694,BCC
3,9.045,7.585,0.045,0.4556,0.169,BCC
2,7.333,7.585,0.0407,0.348,0.1746,BCC
3,7.3135,7.71,0.0443,0.3526,0.179,BCC
3,7.652,7.735,0.0461,0.3777,0.1789,BCC
3,7.294,7.835,0.0468,0.3512,0.183,BCC
4,7.861,7.495,0.0368,0.352,0.1786,BCC
4,8.1995,7.52,0.0381,0.3769,0.1783,BCC
2,8.538,7.545,0.0394,0.401,0.178,BCC
3,8.8765,7.57,0.0419,0.4244,0.1776,BCC
3,9.215,7.595,0.0443,0.4474,0.1773,BCC
4,9.5535,7.62,0.0468,0.4699,0.1769,BCC
4,7.8415,7.62,0.0418,0.3644,0.1836,BCC
3,8.18,7.645,0.0433,0.3891,0.1834,BCC
4,8.857,7.695,0.0464,0.4364,0.1828,BCC
4,8.35,7.655,0.0429,0.3804,0.1906,BCC
3,8.6885,7.68,0.0444,0.4046,0.1902,BCC
4,9.027,7.705,0.046,0.4282,0.1899,BCC
4,8.3305,7.78,0.0468,0.3851,0.1957,BCC
4,7.7945,7.56,0.0365,0.355,0.1736,BCC
4,7.515,7.43,0.0445,0.4076,0.1514,BCC
2,7.8535,7.455,0.0462,0.4309,0.1519,BCC
3,7.28,7.48,0.0422,0.3775,0.1601,BCC
3,7.6185,7.505,0.0438,0.4017,0.1604,BCC
4,7.957,7.53,0.0453,0.4252,0.1606,BCC
4,7.045,7.53,0.0399,0.3462,0.1675,BCC
4,8.0605,7.605,0.0445,0.4194,0.1679,BCC
4,8.399,7.63,0.0464,0.4425,0.168,BCC
3,7.0255,7.655,0.0439,0.3552,0.171,BCC
2,7.364,7.68,0.0457,0.3802,0.1712,BCC
3,7.006,7.78,0.0468,0.3572,0.1741,BCC
3,8.2305,7.615,0.0441,0.411,0.1796,BCC
3,7.487,7.63,0.0407,0.3651,0.1739,BCC
4,7.8255,7.655,0.0422,0.3896,0.1739,BCC
2,8.164,7.68,0.0438,0.4135,0.1739,BCC
4,8.5025,7.705,0.0453,0.4368,0.1738,BCC
4,7.129,7.73,0.0431,0.3481,0.1777,BCC
3,7.4675,7.755,0.0448,0.3733,0.1778,BCC
2,7.806,7.78,0.0466,0.3977,0.1778,BCC
3,7.1095,7.855,0.0458,0.3497,0.1812,BCC
3,7.657,7.64,0.0402,0.3561,0.1844,BCC
4,7.9955,7.665,0.0418,0.3809,0.1842,BCC
3,8.334,7.69,0.0433,0.405,0.1841,BCC
2,8.6725,7.715,0.0449,0.4285,0.1839,BCC
4,9.011,7.74,0.047,0.4515,0.1837,BCC
3,7.618,7.89,0.0472,0.3662,0.1926,BCC
3,8.8425,7.725,0.0444,0.4201,0.1921,BCC
2,9.181,7.75,0.0463,0.4433,0.1918,BCC
4,8.606,7.78,0.0446,0.4309,0.1787,BCC
3,8.9445,7.805,0.0466,0.4539,0.1785,BCC
4,7.2325,7.805,0.0422,0.3408,0.1833,BCC
3,7.571,7.83,0.0439,0.3664,0.1832,BCC
4,7.7605,7.715,0.0394,0.3496,0.1882,BCC
3,7.741,7.84,0.0434,0.3575,0.1927,BCC
2,8.0795,7.865,0.0452,0.3825,0.1925,BCC
3,8.418,7.89,0.047,0.4066,0.1923,BCC
3,7.7215,7.965,0.0462,0.3588,0.197,BCC
4,8.269,7.75,0.0405,0.3658,0.1952,BCC
3,8.946,7.8,0.0437,0.4142,0.1945,BCC
2,9.2845,7.825,0.0452,0.4375,0.1941,BCC
4,8.7775,7.785,0.0416,0.3817,0.2005,BCC
4,9.4545,7.835,0.0448,0.4292,0.1996,BCC
4,7.076,7.625,0.0453,0.3802,0.1577,BCC
3,7.4145,7.65,0.0471,0.4043,0.1582,BCC
3,6.841,7.675,0.0427,0.3485,0.1669,BCC
2,7.1795,7.7,0.0445,0.3737,0.1673,BCC
4,7.283,7.775,0.0436,0.3671,0.1753,BCC
4,7.6215,7.8,0.0453,0.3916,0.1755,BCC
2,7.96,7.825,0.0471,0.4155,0.1757,BCC
4,6.925,7.875,0.0449,0.3466,0.178,BCC
3,7.0285,7.95,0.0439,0.3392,0.1852,BCC
4,7.895,7.885,0.044,0.3765,0.1928,BCC
4,8.2335,7.91,0.0457,0.4008,0.1927,BCC
2,8.572,7.935,0.0475,0.4244,0.1926,BCC
4,8.5055,8,0.0471,0.4264,0.1873,BCC
4,7.132,8.025,0.0429,0.3316,0.1912,BCC
2,7.4705,8.05,0.0449,0.3575,0.1913,BCC
4,7.451,8.175,0.0468,0.3557,0.1947,BCC
2,7.66,7.935,0.0413,0.3445,0.197,BCC
3,7.9985,7.96,0.0431,0.3698,0.1968,BCC
2,8.337,7.985,0.0448,0.3943,0.1966,BCC
3,8.6755,8.01,0.0466,0.4181,0.1964,BCC
2,7.979,8.085,0.0463,0.3738,0.201,BCC
3,8.1685,7.97,0.0426,0.361,0.2044,BCC
4,8.507,7.995,0.0443,0.3858,0.2041,BCC
4,8.8455,8.02,0.0461,0.4098,0.2038,BCC
3,6.9755,7.845,0.0469,0.3742,0.1635,BCC
2,7.456,8.08,0.0433,0.3443,0.2006,BCC
4,7.7945,8.105,0.0453,0.3697,0.2006,BCC
3,8.133,8.13,0.0473,0.3942,0.2006,BCC
2,7.775,8.23,0.0477,0.3709,0.2041,BCC
4,7.898,8.18,0.0443,0.3627,0.2051,BCC
4,8.2365,8.205,0.0463,0.3874,0.2049,BCC
3,10.492,6.695,0.0422,0.5146,0.1388,BCC
3,11.057,6.745,0.0397,0.4945,0.1282,BCC
3,10.3605,6.82,0.0412,0.484,0.1393,BCC
3,10.0025,6.92,0.0431,0.4797,0.1485,BCC
3,10.869,6.855,0.0427,0.4978,0.1413,BCC
4,10.106,6.995,0.0422,0.4741,0.1479,BCC
3,10.634,6.905,0.0405,0.4712,0.1404,BCC
