Al,Co,Cr,Cu,Fe,Ni,Mo,Ti,W,Nb,Ta,V,Mn,Hf,Zr,Phase,Preparation method,Reference
7.692307692,30.76923077,0,0,30.76923077,30.76923077,0,0,0,0,0,0,0,0,0,FCC,CAST,"Borg C K H , Frey C , Moh J ,et al.Expanded dataset of mechanical properties and observed s of multi-principal element alloys[J].Scientific Data, 2020, 7(1).DOI:10.1038/s41597-020-00768-9."
14.28571429,28.57142857,0,0,28.57142857,28.57142857,0,0,0,0,0,0,0,0,0,BCC+FCC,CAST,"Borg C K H , Frey C , Moh J ,et al.Expanded dataset of mechanical properties and observed s of multi-principal element alloys[J].Scientific Data, 2020, 7(1).DOI:10.1038/s41597-020-00768-9."
20,26.66666667,0,0,26.66666667,26.66666667,0,0,0,0,0,0,0,0,0,BCC+FCC,CAST,"Borg C K H , Frey C , Moh J ,et al.Expanded dataset of mechanical properties and observed s of multi-principal element alloys[J].Scientific Data, 2020, 7(1).DOI:10.1038/s41597-020-00768-9."
25,25,0,0,25,25,0,0,0,0,0,0,0,0,0,BCC,CAST,"Borg C K H , Frey C , Moh J ,et al.Expanded dataset of mechanical properties and observed s of multi-principal element alloys[J].Scientific Data, 2020, 7(1).DOI:10.1038/s41597-020-00768-9."
0,33.33333333,0,0,33.33333333,33.33333333,0,0,0,0,0,0,0,0,0,FCC,CAST,"Borg C K H , Frey C , Moh J ,et al.Expanded dataset of mechanical properties and observed s of multi-principal element alloys[J].Scientific Data, 2020, 7(1).DOI:10.1038/s41597-020-00768-9."
0,33.33333333,0,0,33.33333333,33.33333333,0,0,0,0,0,0,0,0,0,FCC,CAST,"Borg C K H , Frey C , Moh J ,et al.Expanded dataset of mechanical properties and observed s of multi-principal element alloys[J].Scientific Data, 2020, 7(1).DOI:10.1038/s41597-020-00768-9."
0,25,25,0,25,25,0,0,0,0,0,0,0,0,0,FCC,WROUGHT,"Borg C K H , Frey C , Moh J ,et al.Expanded dataset of mechanical properties and observed s of multi-principal element alloys[J].Scientific Data, 2020, 7(1).DOI:10.1038/s41597-020-00768-9."
0,25,25,0,0,25,0,0,0,0,0,0,25,0,0,FCC,WROUGHT,"Borg C K H , Frey C , Moh J ,et al.Expanded dataset of mechanical properties and observed s of multi-principal element alloys[J].Scientific Data, 2020, 7(1).DOI:10.1038/s41597-020-00768-9."
0,33.33333333,33.33333333,0,0,33.33333333,0,0,0,0,0,0,0,0,0,FCC,WROUGHT,"Borg C K H , Frey C , Moh J ,et al.Expanded dataset of mechanical properties and observed s of multi-principal element alloys[J].Scientific Data, 2020, 7(1).DOI:10.1038/s41597-020-00768-9."
0,25,0,0,25,25,0,0,0,0,0,0,25,0,0,FCC,WROUGHT,"Borg C K H , Frey C , Moh J ,et al.Expanded dataset of mechanical properties and observed s of multi-principal element alloys[J].Scientific Data, 2020, 7(1).DOI:10.1038/s41597-020-00768-9."
0,33.33333333,0,0,33.33333333,33.33333333,0,0,0,0,0,0,0,0,0,FCC,WROUGHT,"Borg C K H , Frey C , Moh J ,et al.Expanded dataset of mechanical properties and observed s of multi-principal element alloys[J].Scientific Data, 2020, 7(1).DOI:10.1038/s41597-020-00768-9."
0,33.33333333,0,0,0,33.33333333,0,0,0,0,0,0,33.33333333,0,0,FCC,WROUGHT,"Borg C K H , Frey C , Moh J ,et al.Expanded dataset of mechanical properties and observed s of multi-principal element alloys[J].Scientific Data, 2020, 7(1).DOI:10.1038/s41597-020-00768-9."
0,0,0,0,33.33333333,33.33333333,0,0,0,0,0,0,33.33333333,0,0,FCC,WROUGHT,"Borg C K H , Frey C , Moh J ,et al.Expanded dataset of mechanical properties and observed s of multi-principal element alloys[J].Scientific Data, 2020, 7(1).DOI:10.1038/s41597-020-00768-9."
0,24.37241043,24.37241043,0,24.37241043,24.37241043,0,0,0,2.510358274,0,0,0,0,0,FCC+IM,CAST,"Borg C K H , Frey C , Moh J ,et al.Expanded dataset of mechanical properties and observed s of multi-principal element alloys[J].Scientific Data, 2020, 7(1).DOI:10.1038/s41597-020-00768-9."
0,24.06738869,24.06738869,0,24.06738869,24.06738869,0,0,0,3.730445247,0,0,0,0,0,FCC+IM,CAST,"Borg C K H , Frey C , Moh J ,et al.Expanded dataset of mechanical properties and observed s of multi-principal element alloys[J].Scientific Data, 2020, 7(1).DOI:10.1038/s41597-020-00768-9."
0,23.77555873,23.77555873,0,23.77555873,23.77555873,0,0,0,4.897765097,0,0,0,0,0,FCC+IM,CAST,"Borg C K H , Frey C , Moh J ,et al.Expanded dataset of mechanical properties and observed s of multi-principal element alloys[J].Scientific Data, 2020, 7(1).DOI:10.1038/s41597-020-00768-9."
0,23.20724066,23.20724066,0,23.20724066,23.20724066,0,0,0,7.171037364,0,0,0,0,0,FCC+IM,CAST,"Borg C K H , Frey C , Moh J ,et al.Expanded dataset of mechanical properties and observed s of multi-principal element alloys[J].Scientific Data, 2020, 7(1).DOI:10.1038/s41597-020-00768-9."
0,22.66545784,22.66545784,0,22.66545784,22.66545784,0,0,0,9.338168631,0,0,0,0,0,FCC+IM,CAST,"Borg C K H , Frey C , Moh J ,et al.Expanded dataset of mechanical properties and observed s of multi-principal element alloys[J].Scientific Data, 2020, 7(1).DOI:10.1038/s41597-020-00768-9."
0,25,25,0,25,25,0,0,0,0,0,0,0,0,0,FCC,CAST,"Borg C K H , Frey C , Moh J ,et al.Expanded dataset of mechanical properties and observed s of multi-principal element alloys[J].Scientific Data, 2020, 7(1).DOI:10.1038/s41597-020-00768-9."
5.882352941,23.52941176,23.52941176,0,23.52941176,23.52941176,0,0,0,0,0,0,0,0,0,FCC,ANNEAL,"Borg C K H , Frey C , Moh J ,et al.Expanded dataset of mechanical properties and observed s of multi-principal element alloys[J].Scientific Data, 2020, 7(1).DOI:10.1038/s41597-020-00768-9."
5.882352941,23.52941176,23.52941176,0,23.52941176,23.52941176,0,0,0,0,0,0,0,0,0,FCC,ANNEAL,"Borg C K H , Frey C , Moh J ,et al.Expanded dataset of mechanical properties and observed s of multi-principal element alloys[J].Scientific Data, 2020, 7(1).DOI:10.1038/s41597-020-00768-9."
8.571428571,22.85714286,22.85714286,0,22.85714286,22.85714286,0,0,0,0,0,0,0,0,0,FCC,ANNEAL,"Borg C K H , Frey C , Moh J ,et al.Expanded dataset of mechanical properties and observed s of multi-principal element alloys[J].Scientific Data, 2020, 7(1).DOI:10.1038/s41597-020-00768-9."
8.571428571,22.85714286,22.85714286,0,22.85714286,22.85714286,0,0,0,0,0,0,0,0,0,FCC,ANNEAL,"Borg C K H , Frey C , Moh J ,et al.Expanded dataset of mechanical properties and observed s of multi-principal element alloys[J].Scientific Data, 2020, 7(1).DOI:10.1038/s41597-020-00768-9."
11.11111111,22.22222222,22.22222222,0,22.22222222,22.22222222,0,0,0,0,0,0,0,0,0,BCC+FCC,ANNEAL,"Borg C K H , Frey C , Moh J ,et al.Expanded dataset of mechanical properties and observed s of multi-principal element alloys[J].Scientific Data, 2020, 7(1).DOI:10.1038/s41597-020-00768-9."
11.11111111,22.22222222,22.22222222,0,22.22222222,22.22222222,0,0,0,0,0,0,0,0,0,BCC+FCC,ANNEAL,"Borg C K H , Frey C , Moh J ,et al.Expanded dataset of mechanical properties and observed s of multi-principal element alloys[J].Scientific Data, 2020, 7(1).DOI:10.1038/s41597-020-00768-9."
15.78947368,21.05263158,21.05263158,0,21.05263158,21.05263158,0,0,0,0,0,0,0,0,0,BCC+FCC,ANNEAL,"Borg C K H , Frey C , Moh J ,et al.Expanded dataset of mechanical properties and observed s of multi-principal element alloys[J].Scientific Data, 2020, 7(1).DOI:10.1038/s41597-020-00768-9."
15.78947368,21.05263158,21.05263158,0,21.05263158,21.05263158,0,0,0,0,0,0,0,0,0,BCC+FCC,ANNEAL,"Borg C K H , Frey C , Moh J ,et al.Expanded dataset of mechanical properties and observed s of multi-principal element alloys[J].Scientific Data, 2020, 7(1).DOI:10.1038/s41597-020-00768-9."
17.94871795,20.51282051,20.51282051,0,20.51282051,20.51282051,0,0,0,0,0,0,0,0,0,BCC,ANNEAL,"Borg C K H , Frey C , Moh J ,et al.Expanded dataset of mechanical properties and observed s of multi-principal element alloys[J].Scientific Data, 2020, 7(1).DOI:10.1038/s41597-020-00768-9."
17.94871795,20.51282051,20.51282051,0,20.51282051,20.51282051,0,0,0,0,0,0,0,0,0,BCC+FCC,ANNEAL,"Borg C K H , Frey C , Moh J ,et al.Expanded dataset of mechanical properties and observed s of multi-principal element alloys[J].Scientific Data, 2020, 7(1).DOI:10.1038/s41597-020-00768-9."
23.80952381,19.04761905,19.04761905,0,19.04761905,19.04761905,0,0,0,0,0,0,0,0,0,BCC,ANNEAL,"Borg C K H , Frey C , Moh J ,et al.Expanded dataset of mechanical properties and observed s of multi-principal element alloys[J].Scientific Data, 2020, 7(1).DOI:10.1038/s41597-020-00768-9."
23.80952381,19.04761905,19.04761905,0,19.04761905,19.04761905,0,0,0,0,0,0,0,0,0,BCC,ANNEAL,"Borg C K H , Frey C , Moh J ,et al.Expanded dataset of mechanical properties and observed s of multi-principal element alloys[J].Scientific Data, 2020, 7(1).DOI:10.1038/s41597-020-00768-9."
27.26281352,18.18429662,18.18429662,0,18.18429662,18.18429662,0,0,0,0,0,0,0,0,0,BCC,ANNEAL,"Borg C K H , Frey C , Moh J ,et al.Expanded dataset of mechanical properties and observed s of multi-principal element alloys[J].Scientific Data, 2020, 7(1).DOI:10.1038/s41597-020-00768-9."
27.26281352,18.18429662,18.18429662,0,18.18429662,18.18429662,0,0,0,0,0,0,0,0,0,BCC,ANNEAL,"Borg C K H , Frey C , Moh J ,et al.Expanded dataset of mechanical properties and observed s of multi-principal element alloys[J].Scientific Data, 2020, 7(1).DOI:10.1038/s41597-020-00768-9."
33.33333333,16.66666667,16.66666667,0,16.66666667,16.66666667,0,0,0,0,0,0,0,0,0,BCC,ANNEAL,"Borg C K H , Frey C , Moh J ,et al.Expanded dataset of mechanical properties and observed s of multi-principal element alloys[J].Scientific Data, 2020, 7(1).DOI:10.1038/s41597-020-00768-9."
33.33333333,16.66666667,16.66666667,0,16.66666667,16.66666667,0,0,0,0,0,0,0,0,0,BCC,ANNEAL,"Borg C K H , Frey C , Moh J ,et al.Expanded dataset of mechanical properties and observed s of multi-principal element alloys[J].Scientific Data, 2020, 7(1).DOI:10.1038/s41597-020-00768-9."
20,20,20,0,20,20,0,0,0,0,0,0,0,0,0,BCC,ANNEAL,"Borg C K H , Frey C , Moh J ,et al.Expanded dataset of mechanical properties and observed s of multi-principal element alloys[J].Scientific Data, 2020, 7(1).DOI:10.1038/s41597-020-00768-9."
20,20,20,0,20,20,0,0,0,0,0,0,0,0,0,BCC+FCC,ANNEAL,"Borg C K H , Frey C , Moh J ,et al.Expanded dataset of mechanical properties and observed s of multi-principal element alloys[J].Scientific Data, 2020, 7(1).DOI:10.1038/s41597-020-00768-9."
0,25,25,0,25,25,0,0,0,0,0,0,0,0,0,FCC,ANNEAL,"Borg C K H , Frey C , Moh J ,et al.Expanded dataset of mechanical properties and observed s of multi-principal element alloys[J].Scientific Data, 2020, 7(1).DOI:10.1038/s41597-020-00768-9."
0,25,25,0,25,25,0,0,0,0,0,0,0,0,0,FCC,ANNEAL,"Borg C K H , Frey C , Moh J ,et al.Expanded dataset of mechanical properties and observed s of multi-principal element alloys[J].Scientific Data, 2020, 7(1).DOI:10.1038/s41597-020-00768-9."
10,20,20,0,20,20,10,0,0,0,0,0,0,0,0,FCC+IM,CAST,"Borg C K H , Frey C , Moh J ,et al.Expanded dataset of mechanical properties and observed s of multi-principal element alloys[J].Scientific Data, 2020, 7(1).DOI:10.1038/s41597-020-00768-9."
24.99375156,16.67083229,16.67083229,0,16.67083229,16.67083229,8.32291927,0,0,0,0,0,0,0,0,BCC+IM,CAST,"Borg C K H , Frey C , Moh J ,et al.Expanded dataset of mechanical properties and observed s of multi-principal element alloys[J].Scientific Data, 2020, 7(1).DOI:10.1038/s41597-020-00768-9."
30.76923077,15.38461538,15.38461538,0,15.38461538,15.38461538,7.692307692,0,0,0,0,0,0,0,0,BCC1+BCC2,CAST,"Borg C K H , Frey C , Moh J ,et al.Expanded dataset of mechanical properties and observed s of multi-principal element alloys[J].Scientific Data, 2020, 7(1).DOI:10.1038/s41597-020-00768-9."
18.18181818,18.18181818,18.18181818,0,18.18181818,18.18181818,9.090909091,0,0,0,0,0,0,0,0,BCC+IM,CAST,"Borg C K H , Frey C , Moh J ,et al.Expanded dataset of mechanical properties and observed s of multi-principal element alloys[J].Scientific Data, 2020, 7(1).DOI:10.1038/s41597-020-00768-9."
0,22.22222222,22.22222222,0,22.22222222,22.22222222,11.11111111,0,0,0,0,0,0,0,0,FCC+IM,CAST,"Borg C K H , Frey C , Moh J ,et al.Expanded dataset of mechanical properties and observed s of multi-principal element alloys[J].Scientific Data, 2020, 7(1).DOI:10.1038/s41597-020-00768-9."
9.090909091,18.18181818,18.18181818,0,18.18181818,18.18181818,0,18.18181818,0,0,0,0,0,0,0,BCC+IM,CAST,"Borg C K H , Frey C , Moh J ,et al.Expanded dataset of mechanical properties and observed s of multi-principal element alloys[J].Scientific Data, 2020, 7(1).DOI:10.1038/s41597-020-00768-9."
23.06805075,15.38638985,15.38638985,0,15.38638985,15.38638985,0,15.38638985,0,0,0,0,0,0,0,BCC1+BCC2,CAST,"Borg C K H , Frey C , Moh J ,et al.Expanded dataset of mechanical properties and observed s of multi-principal element alloys[J].Scientific Data, 2020, 7(1).DOI:10.1038/s41597-020-00768-9."
28.57142857,14.28571429,14.28571429,0,14.28571429,14.28571429,0,14.28571429,0,0,0,0,0,0,0,BCC1+BCC2,CAST,"Borg C K H , Frey C , Moh J ,et al.Expanded dataset of mechanical properties and observed s of multi-principal element alloys[J].Scientific Data, 2020, 7(1).DOI:10.1038/s41597-020-00768-9."
16.66666667,16.66666667,16.66666667,0,16.66666667,16.66666667,0,16.66666667,0,0,0,0,0,0,0,BCC+IM,CAST,"Borg C K H , Frey C , Moh J ,et al.Expanded dataset of mechanical properties and observed s of multi-principal element alloys[J].Scientific Data, 2020, 7(1).DOI:10.1038/s41597-020-00768-9."
0,20,20,0,20,20,0,20,0,0,0,0,0,0,0,FCC,CAST,"Borg C K H , Frey C , Moh J ,et al.Expanded dataset of mechanical properties and observed s of multi-principal element alloys[J].Scientific Data, 2020, 7(1).DOI:10.1038/s41597-020-00768-9."
3.217223029,24.18964683,16.13449444,0,16.13449444,24.18964683,0,16.13449444,0,0,0,0,0,0,0,FCC+IM,ANNEAL,"Borg C K H , Frey C , Moh J ,et al.Expanded dataset of mechanical properties and observed s of multi-principal element alloys[J].Scientific Data, 2020, 7(1).DOI:10.1038/s41597-020-00768-9."
3.5,26.31578947,17.55263158,0,17.55263158,26.31578947,0,8.763157895,0,0,0,0,0,0,0,FCC,ANNEAL,"Borg C K H , Frey C , Moh J ,et al.Expanded dataset of mechanical properties and observed s of multi-principal element alloys[J].Scientific Data, 2020, 7(1).DOI:10.1038/s41597-020-00768-9."
0,24.99375156,16.67083229,0,16.67083229,24.99375156,0,16.67083229,0,0,0,0,0,0,0,FCC+IM,ANNEAL,"Borg C K H , Frey C , Moh J ,et al.Expanded dataset of mechanical properties and observed s of multi-principal element alloys[J].Scientific Data, 2020, 7(1).DOI:10.1038/s41597-020-00768-9."
0,27.27024816,18.18925552,0,18.18925552,27.27024816,0,9.080992637,0,0,0,0,0,0,0,FCC,ANNEAL,"Borg C K H , Frey C , Moh J ,et al.Expanded dataset of mechanical properties and observed s of multi-principal element alloys[J].Scientific Data, 2020, 7(1).DOI:10.1038/s41597-020-00768-9."
27.26281352,18.18429662,18.18429662,0,18.18429662,18.18429662,0,0,0,0,0,0,0,0,0,BCC,CAST,"Borg C K H , Frey C , Moh J ,et al.Expanded dataset of mechanical properties and observed s of multi-principal element alloys[J].Scientific Data, 2020, 7(1).DOI:10.1038/s41597-020-00768-9."
38.46153846,15.38461538,15.38461538,0,15.38461538,15.38461538,0,0,0,0,0,0,0,0,0,BCC,CAST,"Borg C K H , Frey C , Moh J ,et al.Expanded dataset of mechanical properties and observed s of multi-principal element alloys[J].Scientific Data, 2020, 7(1).DOI:10.1038/s41597-020-00768-9."
33.33333333,16.66666667,16.66666667,0,16.66666667,16.66666667,0,0,0,0,0,0,0,0,0,BCC,CAST,"Borg C K H , Frey C , Moh J ,et al.Expanded dataset of mechanical properties and observed s of multi-principal element alloys[J].Scientific Data, 2020, 7(1).DOI:10.1038/s41597-020-00768-9."
42.88164666,14.27958834,14.27958834,0,14.27958834,14.27958834,0,0,0,0,0,0,0,0,0,BCC,CAST,"Borg C K H , Frey C , Moh J ,et al.Expanded dataset of mechanical properties and observed s of multi-principal element alloys[J].Scientific Data, 2020, 7(1).DOI:10.1038/s41597-020-00768-9."
20,20,20,0,20,20,0,0,0,0,0,0,0,0,0,BCC,CAST,"Borg C K H , Frey C , Moh J ,et al.Expanded dataset of mechanical properties and observed s of multi-principal element alloys[J].Scientific Data, 2020, 7(1).DOI:10.1038/s41597-020-00768-9."
20,0,20,20,20,20,0,0,0,0,0,0,0,0,0,BCC+FCC,CAST,"Borg C K H , Frey C , Moh J ,et al.Expanded dataset of mechanical properties and observed s of multi-principal element alloys[J].Scientific Data, 2020, 7(1).DOI:10.1038/s41597-020-00768-9."
0,20,20,20,20,20,0,0,0,0,0,0,0,0,0,FCC,CAST,"Borg C K H , Frey C , Moh J ,et al.Expanded dataset of mechanical properties and observed s of multi-principal element alloys[J].Scientific Data, 2020, 7(1).DOI:10.1038/s41597-020-00768-9."
0,0,20,20,20,20,0,0,0,0,0,0,20,0,0,BCC+FCC,CAST,"Borg C K H , Frey C , Moh J ,et al.Expanded dataset of mechanical properties and observed s of multi-principal element alloys[J].Scientific Data, 2020, 7(1).DOI:10.1038/s41597-020-00768-9."
0,0,20,20,20,20,20,0,0,0,0,0,0,0,0,FCC,CAST,"Borg C K H , Frey C , Moh J ,et al.Expanded dataset of mechanical properties and observed s of multi-principal element alloys[J].Scientific Data, 2020, 7(1).DOI:10.1038/s41597-020-00768-9."
20,20,20,0,20,20,0,0,0,0,0,0,0,0,0,BCC,CAST,"Borg C K H , Frey C , Moh J ,et al.Expanded dataset of mechanical properties and observed s of multi-principal element alloys[J].Scientific Data, 2020, 7(1).DOI:10.1038/s41597-020-00768-9."
20,20,20,0,20,20,0,0,0,0,0,0,0,0,0,BCC,CAST,"Borg C K H , Frey C , Moh J ,et al.Expanded dataset of mechanical properties and observed s of multi-principal element alloys[J].Scientific Data, 2020, 7(1).DOI:10.1038/s41597-020-00768-9."
19.60784314,19.60784314,19.60784314,0,19.60784314,19.60784314,1.960784314,0,0,0,0,0,0,0,0,BCC,CAST,"Borg C K H , Frey C , Moh J ,et al.Expanded dataset of mechanical properties and observed s of multi-principal element alloys[J].Scientific Data, 2020, 7(1).DOI:10.1038/s41597-020-00768-9."
19.23076923,19.23076923,19.23076923,0,19.23076923,19.23076923,3.846153846,0,0,0,0,0,0,0,0,BCC+IM,CAST,"Borg C K H , Frey C , Moh J ,et al.Expanded dataset of mechanical properties and observed s of multi-principal element alloys[J].Scientific Data, 2020, 7(1).DOI:10.1038/s41597-020-00768-9."
18.86792453,18.86792453,18.86792453,0,18.86792453,18.86792453,5.660377358,0,0,0,0,0,0,0,0,BCC+IM,CAST,"Borg C K H , Frey C , Moh J ,et al.Expanded dataset of mechanical properties and observed s of multi-principal element alloys[J].Scientific Data, 2020, 7(1).DOI:10.1038/s41597-020-00768-9."
18.51851852,18.51851852,18.51851852,0,18.51851852,18.51851852,7.407407407,0,0,0,0,0,0,0,0,BCC+IM,CAST,"Borg C K H , Frey C , Moh J ,et al.Expanded dataset of mechanical properties and observed s of multi-principal element alloys[J].Scientific Data, 2020, 7(1).DOI:10.1038/s41597-020-00768-9."
18.18181818,18.18181818,18.18181818,0,18.18181818,18.18181818,9.090909091,0,0,0,0,0,0,0,0,BCC+IM,CAST,"Borg C K H , Frey C , Moh J ,et al.Expanded dataset of mechanical properties and observed s of multi-principal element alloys[J].Scientific Data, 2020, 7(1).DOI:10.1038/s41597-020-00768-9."
20,20,20,0,20,20,0,0,0,0,0,0,0,0,0,BCC,CAST,"Borg C K H , Frey C , Moh J ,et al.Expanded dataset of mechanical properties and observed s of multi-principal element alloys[J].Scientific Data, 2020, 7(1).DOI:10.1038/s41597-020-00768-9."
19.60784314,19.60784314,19.60784314,0,19.60784314,19.60784314,0,0,0,1.960784314,0,0,0,0,0,BCC,CAST,"Borg C K H , Frey C , Moh J ,et al.Expanded dataset of mechanical properties and observed s of multi-principal element alloys[J].Scientific Data, 2020, 7(1).DOI:10.1038/s41597-020-00768-9."
19.04761905,19.04761905,19.04761905,0,19.04761905,19.04761905,0,0,0,4.761904762,0,0,0,0,0,BCC+IM,CAST,"Borg C K H , Frey C , Moh J ,et al.Expanded dataset of mechanical properties and observed s of multi-principal element alloys[J].Scientific Data, 2020, 7(1).DOI:10.1038/s41597-020-00768-9."
18.18181818,18.18181818,18.18181818,0,18.18181818,18.18181818,0,0,0,9.090909091,0,0,0,0,0,BCC+IM,CAST,"Borg C K H , Frey C , Moh J ,et al.Expanded dataset of mechanical properties and observed s of multi-principal element alloys[J].Scientific Data, 2020, 7(1).DOI:10.1038/s41597-020-00768-9."
17.39130435,17.39130435,17.39130435,0,17.39130435,17.39130435,0,0,0,13.04347826,0,0,0,0,0,BCC+IM,CAST,"Borg C K H , Frey C , Moh J ,et al.Expanded dataset of mechanical properties and observed s of multi-principal element alloys[J].Scientific Data, 2020, 7(1).DOI:10.1038/s41597-020-00768-9."
20,20,20,0,20,20,0,0,0,0,0,0,0,0,0,BCC,CAST,"Borg C K H , Frey C , Moh J ,et al.Expanded dataset of mechanical properties and observed s of multi-principal element alloys[J].Scientific Data, 2020, 7(1).DOI:10.1038/s41597-020-00768-9."
13.79310345,17.24137931,17.24137931,17.24137931,17.24137931,17.24137931,0,0,0,0,0,0,0,0,0,BCC+FCC,CAST,"Borg C K H , Frey C , Moh J ,et al.Expanded dataset of mechanical properties and observed s of multi-principal element alloys[J].Scientific Data, 2020, 7(1).DOI:10.1038/s41597-020-00768-9."
20,10,20,0,20,20,10,0,0,0,0,0,0,0,0,BCC+IM,CAST,"Borg C K H , Frey C , Moh J ,et al.Expanded dataset of mechanical properties and observed s of multi-principal element alloys[J].Scientific Data, 2020, 7(1).DOI:10.1038/s41597-020-00768-9."
16.67083229,24.99375156,16.67083229,0,16.67083229,16.67083229,8.32291927,0,0,0,0,0,0,0,0,BCC+IM,CAST,"Borg C K H , Frey C , Moh J ,et al.Expanded dataset of mechanical properties and observed s of multi-principal element alloys[J].Scientific Data, 2020, 7(1).DOI:10.1038/s41597-020-00768-9."
15.38461538,30.76923077,15.38461538,0,15.38461538,15.38461538,7.692307692,0,0,0,0,0,0,0,0,BCC+FCC+IM,CAST,"Borg C K H , Frey C , Moh J ,et al.Expanded dataset of mechanical properties and observed s of multi-principal element alloys[J].Scientific Data, 2020, 7(1).DOI:10.1038/s41597-020-00768-9."
18.18181818,18.18181818,18.18181818,0,18.18181818,18.18181818,9.090909091,0,0,0,0,0,0,0,0,BCC+IM,CAST,"Borg C K H , Frey C , Moh J ,et al.Expanded dataset of mechanical properties and observed s of multi-principal element alloys[J].Scientific Data, 2020, 7(1).DOI:10.1038/s41597-020-00768-9."
18.18181818,18.18181818,18.18181818,0,18.18181818,18.18181818,9.090909091,0,0,0,0,0,0,0,0,BCC+IM,CAST,"Borg C K H , Frey C , Moh J ,et al.Expanded dataset of mechanical properties and observed s of multi-principal element alloys[J].Scientific Data, 2020, 7(1).DOI:10.1038/s41597-020-00768-9."
19.60784314,19.60784314,19.60784314,0,11.76470588,19.60784314,9.803921569,0,0,0,0,0,0,0,0,BCC+IM,CAST,"Borg C K H , Frey C , Moh J ,et al.Expanded dataset of mechanical properties and observed s of multi-principal element alloys[J].Scientific Data, 2020, 7(1).DOI:10.1038/s41597-020-00768-9."
16.67083229,16.67083229,16.67083229,0,24.99375156,16.67083229,8.32291927,0,0,0,0,0,0,0,0,BCC+IM,CAST,"Borg C K H , Frey C , Moh J ,et al.Expanded dataset of mechanical properties and observed s of multi-principal element alloys[J].Scientific Data, 2020, 7(1).DOI:10.1038/s41597-020-00768-9."
15.38461538,15.38461538,15.38461538,0,30.76923077,15.38461538,7.692307692,0,0,0,0,0,0,0,0,BCC+IM,CAST,"Borg C K H , Frey C , Moh J ,et al.Expanded dataset of mechanical properties and observed s of multi-principal element alloys[J].Scientific Data, 2020, 7(1).DOI:10.1038/s41597-020-00768-9."
22.22222222,22.22222222,22.22222222,0,22.22222222,0,11.11111111,0,0,0,0,0,0,0,0,BCC+IM,CAST,"Borg C K H , Frey C , Moh J ,et al.Expanded dataset of mechanical properties and observed s of multi-principal element alloys[J].Scientific Data, 2020, 7(1).DOI:10.1038/s41597-020-00768-9."
18.18181818,18.18181818,18.18181818,0,18.18181818,18.18181818,9.090909091,0,0,0,0,0,0,0,0,BCC+IM,CAST,"Borg C K H , Frey C , Moh J ,et al.Expanded dataset of mechanical properties and observed s of multi-principal element alloys[J].Scientific Data, 2020, 7(1).DOI:10.1038/s41597-020-00768-9."
20,20,20,0,20,10,10,0,0,0,0,0,0,0,0,BCC+IM,CAST,"Borg C K H , Frey C , Moh J ,et al.Expanded dataset of mechanical properties and observed s of multi-principal element alloys[J].Scientific Data, 2020, 7(1).DOI:10.1038/s41597-020-00768-9."
16.67083229,16.67083229,16.67083229,0,16.67083229,24.99375156,8.32291927,0,0,0,0,0,0,0,0,BCC+FCC+IM,CAST,"Borg C K H , Frey C , Moh J ,et al.Expanded dataset of mechanical properties and observed s of multi-principal element alloys[J].Scientific Data, 2020, 7(1).DOI:10.1038/s41597-020-00768-9."
15.38461538,15.38461538,15.38461538,0,15.38461538,30.76923077,7.692307692,0,0,0,0,0,0,0,0,BCC+FCC+IM,CAST,"Borg C K H , Frey C , Moh J ,et al.Expanded dataset of mechanical properties and observed s of multi-principal element alloys[J].Scientific Data, 2020, 7(1).DOI:10.1038/s41597-020-00768-9."
20,20,20,0,20,20,0,0,0,0,0,0,0,0,0,BCC,CAST,"Borg C K H , Frey C , Moh J ,et al.Expanded dataset of mechanical properties and observed s of multi-principal element alloys[J].Scientific Data, 2020, 7(1).DOI:10.1038/s41597-020-00768-9."
4.761904762,19.04761905,19.04761905,9.523809524,19.04761905,19.04761905,0,9.523809524,0,0,0,0,0,0,0,FCC,CAST,"Borg C K H , Frey C , Moh J ,et al.Expanded dataset of mechanical properties and observed s of multi-principal element alloys[J].Scientific Data, 2020, 7(1).DOI:10.1038/s41597-020-00768-9."
4.545454545,18.18181818,18.18181818,13.63636364,18.18181818,18.18181818,0,9.090909091,0,0,0,0,0,0,0,FCC,CAST,"Borg C K H , Frey C , Moh J ,et al.Expanded dataset of mechanical properties and observed s of multi-principal element alloys[J].Scientific Data, 2020, 7(1).DOI:10.1038/s41597-020-00768-9."
9.090909091,18.18181818,18.18181818,9.090909091,18.18181818,18.18181818,0,9.090909091,0,0,0,0,0,0,0,BCC+FCC,CAST,"Borg C K H , Frey C , Moh J ,et al.Expanded dataset of mechanical properties and observed s of multi-principal element alloys[J].Scientific Data, 2020, 7(1).DOI:10.1038/s41597-020-00768-9."
13.63636364,18.18181818,18.18181818,4.545454545,18.18181818,18.18181818,0,9.090909091,0,0,0,0,0,0,0,BCC+FCC,CAST,"Borg C K H , Frey C , Moh J ,et al.Expanded dataset of mechanical properties and observed s of multi-principal element alloys[J].Scientific Data, 2020, 7(1).DOI:10.1038/s41597-020-00768-9."
0,18.18181818,18.18181818,18.18181818,18.18181818,18.18181818,0,9.090909091,0,0,0,0,0,0,0,FCC,CAST,"Borg C K H , Frey C , Moh J ,et al.Expanded dataset of mechanical properties and observed s of multi-principal element alloys[J].Scientific Data, 2020, 7(1).DOI:10.1038/s41597-020-00768-9."
16.66666667,16.66666667,16.66666667,0,16.66666667,16.66666667,0,16.66666667,0,0,0,0,0,0,0,BCC1+BCC2,CAST,"Borg C K H , Frey C , Moh J ,et al.Expanded dataset of mechanical properties and observed s of multi-principal element alloys[J].Scientific Data, 2020, 7(1).DOI:10.1038/s41597-020-00768-9."
18.18181818,18.18181818,18.18181818,0,18.18181818,18.18181818,0,9.090909091,0,0,0,0,0,0,0,BCC1+BCC2,CAST,"Borg C K H , Frey C , Moh J ,et al.Expanded dataset of mechanical properties and observed s of multi-principal element alloys[J].Scientific Data, 2020, 7(1).DOI:10.1038/s41597-020-00768-9."
15.38638985,15.38638985,15.38638985,0,15.38638985,15.38638985,0,23.06805075,0,0,0,0,0,0,0,BCC+IM,CAST,"Borg C K H , Frey C , Moh J ,et al.Expanded dataset of mechanical properties and observed s of multi-principal element alloys[J].Scientific Data, 2020, 7(1).DOI:10.1038/s41597-020-00768-9."
14.28571429,14.28571429,0,0,14.28571429,14.28571429,0,14.28571429,0,0,0,14.28571429,0,0,14.28571429,BCC,CAST,"Borg C K H , Frey C , Moh J ,et al.Expanded dataset of mechanical properties and observed s of multi-principal element alloys[J].Scientific Data, 2020, 7(1).DOI:10.1038/s41597-020-00768-9."
16.66666667,0,0,0,16.66666667,16.66666667,0,16.66666667,0,0,0,16.66666667,0,0,16.66666667,BCC,CAST,"Borg C K H , Frey C , Moh J ,et al.Expanded dataset of mechanical properties and observed s of multi-principal element alloys[J].Scientific Data, 2020, 7(1).DOI:10.1038/s41597-020-00768-9."
0,0,0,0,16.66666667,16.66666667,16.66666667,16.66666667,0,0,0,16.66666667,0,0,16.66666667,BCC+IM,CAST,"Borg C K H , Frey C , Moh J ,et al.Expanded dataset of mechanical properties and observed s of multi-principal element alloys[J].Scientific Data, 2020, 7(1).DOI:10.1038/s41597-020-00768-9."
1.960784314,19.60784314,19.60784314,0,19.60784314,19.60784314,0,0,0,0,0,0,19.60784314,0,0,FCC,CAST,"Borg C K H , Frey C , Moh J ,et al.Expanded dataset of mechanical properties and observed s of multi-principal element alloys[J].Scientific Data, 2020, 7(1).DOI:10.1038/s41597-020-00768-9."
3.846153846,19.23076923,19.23076923,0,19.23076923,19.23076923,0,0,0,0,0,0,19.23076923,0,0,FCC,CAST,"Borg C K H , Frey C , Moh J ,et al.Expanded dataset of mechanical properties and observed s of multi-principal element alloys[J].Scientific Data, 2020, 7(1).DOI:10.1038/s41597-020-00768-9."
7.063197026,18.58736059,18.58736059,0,18.58736059,18.58736059,0,0,0,0,0,0,18.58736059,0,0,FCC,CAST,"Borg C K H , Frey C , Moh J ,et al.Expanded dataset of mechanical properties and observed s of multi-principal element alloys[J].Scientific Data, 2020, 7(1).DOI:10.1038/s41597-020-00768-9."
7.918968692,18.41620626,18.41620626,0,18.41620626,18.41620626,0,0,0,0,0,0,18.41620626,0,0,BCC+FCC,CAST,"Borg C K H , Frey C , Moh J ,et al.Expanded dataset of mechanical properties and observed s of multi-principal element alloys[J].Scientific Data, 2020, 7(1).DOI:10.1038/s41597-020-00768-9."
8.925318761,18.21493625,18.21493625,0,18.21493625,18.21493625,0,0,0,0,0,0,18.21493625,0,0,BCC+FCC,CAST,"Borg C K H , Frey C , Moh J ,et al.Expanded dataset of mechanical properties and observed s of multi-principal element alloys[J].Scientific Data, 2020, 7(1).DOI:10.1038/s41597-020-00768-9."
10.07194245,17.98561151,17.98561151,0,17.98561151,17.98561151,0,0,0,0,0,0,17.98561151,0,0,BCC+FCC,CAST,"Borg C K H , Frey C , Moh J ,et al.Expanded dataset of mechanical properties and observed s of multi-principal element alloys[J].Scientific Data, 2020, 7(1).DOI:10.1038/s41597-020-00768-9."
11.03202847,17.79359431,17.79359431,0,17.79359431,17.79359431,0,0,0,0,0,0,17.79359431,0,0,BCC+FCC,CAST,"Borg C K H , Frey C , Moh J ,et al.Expanded dataset of mechanical properties and observed s of multi-principal element alloys[J].Scientific Data, 2020, 7(1).DOI:10.1038/s41597-020-00768-9."
11.97183099,17.6056338,17.6056338,0,17.6056338,17.6056338,0,0,0,0,0,0,17.6056338,0,0,BCC+FCC,CAST,"Borg C K H , Frey C , Moh J ,et al.Expanded dataset of mechanical properties and observed s of multi-principal element alloys[J].Scientific Data, 2020, 7(1).DOI:10.1038/s41597-020-00768-9."
13.04347826,17.39130435,17.39130435,0,17.39130435,17.39130435,0,0,0,0,0,0,17.39130435,0,0,BCC+FCC,CAST,"Borg C K H , Frey C , Moh J ,et al.Expanded dataset of mechanical properties and observed s of multi-principal element alloys[J].Scientific Data, 2020, 7(1).DOI:10.1038/s41597-020-00768-9."
13.94148021,17.21170396,17.21170396,0,17.21170396,17.21170396,0,0,0,0,0,0,17.21170396,0,0,BCC+FCC,CAST,"Borg C K H , Frey C , Moh J ,et al.Expanded dataset of mechanical properties and observed s of multi-principal element alloys[J].Scientific Data, 2020, 7(1).DOI:10.1038/s41597-020-00768-9."
14.96598639,17.00680272,17.00680272,0,17.00680272,17.00680272,0,0,0,0,0,0,17.00680272,0,0,BCC+FCC,CAST,"Borg C K H , Frey C , Moh J ,et al.Expanded dataset of mechanical properties and observed s of multi-principal element alloys[J].Scientific Data, 2020, 7(1).DOI:10.1038/s41597-020-00768-9."
15.96638655,16.80672269,16.80672269,0,16.80672269,16.80672269,0,0,0,0,0,0,16.80672269,0,0,BCC+FCC,CAST,"Borg C K H , Frey C , Moh J ,et al.Expanded dataset of mechanical properties and observed s of multi-principal element alloys[J].Scientific Data, 2020, 7(1).DOI:10.1038/s41597-020-00768-9."
20,16,16,0,16,16,0,0,0,0,0,0,16,0,0,BCC,CAST,"Borg C K H , Frey C , Moh J ,et al.Expanded dataset of mechanical properties and observed s of multi-principal element alloys[J].Scientific Data, 2020, 7(1).DOI:10.1038/s41597-020-00768-9."
0,20,20,0,20,20,0,0,0,0,0,0,20,0,0,FCC,CAST,"Borg C K H , Frey C , Moh J ,et al.Expanded dataset of mechanical properties and observed s of multi-principal element alloys[J].Scientific Data, 2020, 7(1).DOI:10.1038/s41597-020-00768-9."
0,20,20,0,20,20,0,0,0,0,0,0,20,0,0,FCC,CAST,"Borg C K H , Frey C , Moh J ,et al.Expanded dataset of mechanical properties and observed s of multi-principal element alloys[J].Scientific Data, 2020, 7(1).DOI:10.1038/s41597-020-00768-9."
0,20,20,0,20,20,0,0,0,0,0,0,20,0,0,FCC,ANNEAL,"Borg C K H , Frey C , Moh J ,et al.Expanded dataset of mechanical properties and observed s of multi-principal element alloys[J].Scientific Data, 2020, 7(1).DOI:10.1038/s41597-020-00768-9."
0,19.04761905,19.04761905,0,19.04761905,19.04761905,0,0,0,0,0,4.761904762,19.04761905,0,0,FCC,CAST,"Borg C K H , Frey C , Moh J ,et al.Expanded dataset of mechanical properties and observed s of multi-principal element alloys[J].Scientific Data, 2020, 7(1).DOI:10.1038/s41597-020-00768-9."
0,19.04761905,19.04761905,0,19.04761905,19.04761905,0,0,0,0,0,4.761904762,19.04761905,0,0,FCC+IM,ANNEAL,"Borg C K H , Frey C , Moh J ,et al.Expanded dataset of mechanical properties and observed s of multi-principal element alloys[J].Scientific Data, 2020, 7(1).DOI:10.1038/s41597-020-00768-9."
0,18.18181818,18.18181818,0,18.18181818,18.18181818,0,0,0,0,0,9.090909091,18.18181818,0,0,FCC,CAST,"Borg C K H , Frey C , Moh J ,et al.Expanded dataset of mechanical properties and observed s of multi-principal element alloys[J].Scientific Data, 2020, 7(1).DOI:10.1038/s41597-020-00768-9."
0,18.18181818,18.18181818,0,18.18181818,18.18181818,0,0,0,0,0,9.090909091,18.18181818,0,0,FCC,ANNEAL,"Borg C K H , Frey C , Moh J ,et al.Expanded dataset of mechanical properties and observed s of multi-principal element alloys[J].Scientific Data, 2020, 7(1).DOI:10.1038/s41597-020-00768-9."
0,17.39130435,17.39130435,0,17.39130435,17.39130435,0,0,0,0,0,13.04347826,17.39130435,0,0,FCC+IM,ANNEAL,"Borg C K H , Frey C , Moh J ,et al.Expanded dataset of mechanical properties and observed s of multi-principal element alloys[J].Scientific Data, 2020, 7(1).DOI:10.1038/s41597-020-00768-9."
0,17.39130435,17.39130435,0,17.39130435,17.39130435,0,0,0,0,0,13.04347826,17.39130435,0,0,FCC+IM,CAST,"Borg C K H , Frey C , Moh J ,et al.Expanded dataset of mechanical properties and observed s of multi-principal element alloys[J].Scientific Data, 2020, 7(1).DOI:10.1038/s41597-020-00768-9."
0,16.66666667,16.66666667,0,16.66666667,16.66666667,0,0,0,0,0,16.66666667,16.66666667,0,0,FCC+IM,ANNEAL,"Borg C K H , Frey C , Moh J ,et al.Expanded dataset of mechanical properties and observed s of multi-principal element alloys[J].Scientific Data, 2020, 7(1).DOI:10.1038/s41597-020-00768-9."
0,16.66666667,16.66666667,0,16.66666667,16.66666667,0,0,0,0,0,16.66666667,16.66666667,0,0,FCC+IM,CAST,"Borg C K H , Frey C , Moh J ,et al.Expanded dataset of mechanical properties and observed s of multi-principal element alloys[J].Scientific Data, 2020, 7(1).DOI:10.1038/s41597-020-00768-9."
6.975933031,0,23.26473666,0,34.87966516,11.6149285,0,0,0,0,0,0,23.26473666,0,0,BCC+FCC,CAST,"Borg C K H , Frey C , Moh J ,et al.Expanded dataset of mechanical properties and observed s of multi-principal element alloys[J].Scientific Data, 2020, 7(1).DOI:10.1038/s41597-020-00768-9."
11.1,0,22.23333333,0,33.33333333,11.1,0,0,0,0,0,0,22.23333333,0,0,BCC,CAST,"Borg C K H , Frey C , Moh J ,et al.Expanded dataset of mechanical properties and observed s of multi-principal element alloys[J].Scientific Data, 2020, 7(1).DOI:10.1038/s41597-020-00768-9."
25,0,25,0,25,25,0,0,0,0,0,0,0,0,0,BCC1+BCC2,CAST,"Borg C K H , Frey C , Moh J ,et al.Expanded dataset of mechanical properties and observed s of multi-principal element alloys[J].Scientific Data, 2020, 7(1).DOI:10.1038/s41597-020-00768-9."
20,0,20,0,20,20,20,0,0,0,0,0,0,0,0,BCC+IM,CAST,"Borg C K H , Frey C , Moh J ,et al.Expanded dataset of mechanical properties and observed s of multi-principal element alloys[J].Scientific Data, 2020, 7(1).DOI:10.1038/s41597-020-00768-9."
23.80952381,0,23.80952381,0,23.80952381,23.80952381,4.761904762,0,0,0,0,0,0,0,0,BCC1+BCC2,CAST,"Borg C K H , Frey C , Moh J ,et al.Expanded dataset of mechanical properties and observed s of multi-principal element alloys[J].Scientific Data, 2020, 7(1).DOI:10.1038/s41597-020-00768-9."
22.22222222,0,22.22222222,0,22.22222222,22.22222222,11.11111111,0,0,0,0,0,0,0,0,BCC1+BCC2,CAST,"Borg C K H , Frey C , Moh J ,et al.Expanded dataset of mechanical properties and observed s of multi-principal element alloys[J].Scientific Data, 2020, 7(1).DOI:10.1038/s41597-020-00768-9."
20.83333333,0,20.83333333,0,20.83333333,20.83333333,16.66666667,0,0,0,0,0,0,0,0,BCC+IM,CAST,"Borg C K H , Frey C , Moh J ,et al.Expanded dataset of mechanical properties and observed s of multi-principal element alloys[J].Scientific Data, 2020, 7(1).DOI:10.1038/s41597-020-00768-9."
0,22.22222222,22.22222222,11.11111111,22.22222222,22.22222222,0,0,0,0,0,0,0,0,0,FCC,CAST,"Borg C K H , Frey C , Moh J ,et al.Expanded dataset of mechanical properties and observed s of multi-principal element alloys[J].Scientific Data, 2020, 7(1).DOI:10.1038/s41597-020-00768-9."
0,16.66666667,16.66666667,16.66666667,16.66666667,16.66666667,0,16.66666667,0,0,0,0,0,0,0,FCC,CAST,"Borg C K H , Frey C , Moh J ,et al.Expanded dataset of mechanical properties and observed s of multi-principal element alloys[J].Scientific Data, 2020, 7(1).DOI:10.1038/s41597-020-00768-9."
0,18.18181818,18.18181818,18.18181818,18.18181818,18.18181818,0,9.090909091,0,0,0,0,0,0,0,FCC,CAST,"Borg C K H , Frey C , Moh J ,et al.Expanded dataset of mechanical properties and observed s of multi-principal element alloys[J].Scientific Data, 2020, 7(1).DOI:10.1038/s41597-020-00768-9."
0,17.24137931,17.24137931,17.24137931,17.24137931,17.24137931,0,13.79310345,0,0,0,0,0,0,0,FCC+IM,CAST,"Borg C K H , Frey C , Moh J ,et al.Expanded dataset of mechanical properties and observed s of multi-principal element alloys[J].Scientific Data, 2020, 7(1).DOI:10.1038/s41597-020-00768-9."
9.090909091,18.18181818,18.18181818,18.18181818,18.18181818,18.18181818,0,0,0,0,0,0,0,0,0,FCC,CAST,"Borg C K H , Frey C , Moh J ,et al.Expanded dataset of mechanical properties and observed s of multi-principal element alloys[J].Scientific Data, 2020, 7(1).DOI:10.1038/s41597-020-00768-9."
7.692307692,15.38461538,15.38461538,15.38461538,15.38461538,15.38461538,0,15.38461538,0,0,0,0,0,0,0,BCC+FCC+IM,CAST,"Borg C K H , Frey C , Moh J ,et al.Expanded dataset of mechanical properties and observed s of multi-principal element alloys[J].Scientific Data, 2020, 7(1).DOI:10.1038/s41597-020-00768-9."
8.771929825,17.54385965,17.54385965,17.54385965,17.54385965,17.54385965,0,3.50877193,0,0,0,0,0,0,0,FCC,CAST,"Borg C K H , Frey C , Moh J ,et al.Expanded dataset of mechanical properties and observed s of multi-principal element alloys[J].Scientific Data, 2020, 7(1).DOI:10.1038/s41597-020-00768-9."
8.474576271,16.94915254,16.94915254,16.94915254,16.94915254,16.94915254,0,6.779661017,0,0,0,0,0,0,0,FCC,CAST,"Borg C K H , Frey C , Moh J ,et al.Expanded dataset of mechanical properties and observed s of multi-principal element alloys[J].Scientific Data, 2020, 7(1).DOI:10.1038/s41597-020-00768-9."
8.196721311,16.39344262,16.39344262,16.39344262,16.39344262,16.39344262,0,9.836065574,0,0,0,0,0,0,0,BCC+FCC,CAST,"Borg C K H , Frey C , Moh J ,et al.Expanded dataset of mechanical properties and observed s of multi-principal element alloys[J].Scientific Data, 2020, 7(1).DOI:10.1038/s41597-020-00768-9."
7.936507937,15.87301587,15.87301587,15.87301587,15.87301587,15.87301587,0,12.6984127,0,0,0,0,0,0,0,BCC+FCC+IM,CAST,"Borg C K H , Frey C , Moh J ,et al.Expanded dataset of mechanical properties and observed s of multi-principal element alloys[J].Scientific Data, 2020, 7(1).DOI:10.1038/s41597-020-00768-9."
7.470440702,14.92296668,14.92296668,14.92296668,14.92296668,14.92296668,0,17.9147259,0,0,0,0,0,0,0,BCC+FCC+IM,CAST,"Borg C K H , Frey C , Moh J ,et al.Expanded dataset of mechanical properties and observed s of multi-principal element alloys[J].Scientific Data, 2020, 7(1).DOI:10.1038/s41597-020-00768-9."
7.245788512,14.49157702,14.49157702,14.49157702,14.49157702,14.49157702,0,20.29632636,0,0,0,0,0,0,0,BCC+FCC+IM,CAST,"Borg C K H , Frey C , Moh J ,et al.Expanded dataset of mechanical properties and observed s of multi-principal element alloys[J].Scientific Data, 2020, 7(1).DOI:10.1038/s41597-020-00768-9."
7.031778229,14.08609421,14.08609421,14.08609421,14.08609421,14.08609421,0,22.53775073,0,0,0,0,0,0,0,BCC+FCC+IM,CAST,"Borg C K H , Frey C , Moh J ,et al.Expanded dataset of mechanical properties and observed s of multi-principal element alloys[J].Scientific Data, 2020, 7(1).DOI:10.1038/s41597-020-00768-9."
6.850665352,13.7013307,13.7013307,13.7013307,13.7013307,13.7013307,0,24.64268112,0,0,0,0,0,0,0,BCC+FCC+IM,CAST,"Borg C K H , Frey C , Moh J ,et al.Expanded dataset of mechanical properties and observed s of multi-principal element alloys[J].Scientific Data, 2020, 7(1).DOI:10.1038/s41597-020-00768-9."
6.666666667,13.33333333,13.33333333,13.33333333,13.33333333,13.33333333,0,26.66666667,0,0,0,0,0,0,0,BCC+FCC+IM,CAST,"Borg C K H , Frey C , Moh J ,et al.Expanded dataset of mechanical properties and observed s of multi-principal element alloys[J].Scientific Data, 2020, 7(1).DOI:10.1038/s41597-020-00768-9."
9.090909091,18.18181818,18.18181818,18.18181818,18.18181818,18.18181818,0,0,0,0,0,0,0,0,0,FCC,CAST,"Borg C K H , Frey C , Moh J ,et al.Expanded dataset of mechanical properties and observed s of multi-principal element alloys[J].Scientific Data, 2020, 7(1).DOI:10.1038/s41597-020-00768-9."
8.771929825,17.54385965,17.54385965,17.54385965,17.54385965,17.54385965,0,0,0,0,0,3.50877193,0,0,0,FCC,CAST,"Borg C K H , Frey C , Moh J ,et al.Expanded dataset of mechanical properties and observed s of multi-principal element alloys[J].Scientific Data, 2020, 7(1).DOI:10.1038/s41597-020-00768-9."
8.474576271,16.94915254,16.94915254,16.94915254,16.94915254,16.94915254,0,0,0,0,0,6.779661017,0,0,0,BCC+FCC,CAST,"Borg C K H , Frey C , Moh J ,et al.Expanded dataset of mechanical properties and observed s of multi-principal element alloys[J].Scientific Data, 2020, 7(1).DOI:10.1038/s41597-020-00768-9."
8.196721311,16.39344262,16.39344262,16.39344262,16.39344262,16.39344262,0,0,0,0,0,9.836065574,0,0,0,BCC+FCC+IM,CAST,"Borg C K H , Frey C , Moh J ,et al.Expanded dataset of mechanical properties and observed s of multi-principal element alloys[J].Scientific Data, 2020, 7(1).DOI:10.1038/s41597-020-00768-9."
7.936507937,15.87301587,15.87301587,15.87301587,15.87301587,15.87301587,0,0,0,0,0,12.6984127,0,0,0,BCC+FCC+IM,CAST,"Borg C K H , Frey C , Moh J ,et al.Expanded dataset of mechanical properties and observed s of multi-principal element alloys[J].Scientific Data, 2020, 7(1).DOI:10.1038/s41597-020-00768-9."
7.692307692,15.38461538,15.38461538,15.38461538,15.38461538,15.38461538,0,0,0,0,0,15.38461538,0,0,0,BCC+FCC+IM,CAST,"Borg C K H , Frey C , Moh J ,et al.Expanded dataset of mechanical properties and observed s of multi-principal element alloys[J].Scientific Data, 2020, 7(1).DOI:10.1038/s41597-020-00768-9."
7.470440702,14.92296668,14.92296668,14.92296668,14.92296668,14.92296668,0,0,0,0,0,17.9147259,0,0,0,BCC,CAST,"Borg C K H , Frey C , Moh J ,et al.Expanded dataset of mechanical properties and observed s of multi-principal element alloys[J].Scientific Data, 2020, 7(1).DOI:10.1038/s41597-020-00768-9."
7.245788512,14.49157702,14.49157702,14.49157702,14.49157702,14.49157702,0,0,0,0,0,20.29632636,0,0,0,BCC,CAST,"Borg C K H , Frey C , Moh J ,et al.Expanded dataset of mechanical properties and observed s of multi-principal element alloys[J].Scientific Data, 2020, 7(1).DOI:10.1038/s41597-020-00768-9."
7.031778229,14.08609421,14.08609421,14.08609421,14.08609421,14.08609421,0,0,0,0,0,22.53775073,0,0,0,BCC,CAST,"Borg C K H , Frey C , Moh J ,et al.Expanded dataset of mechanical properties and observed s of multi-principal element alloys[J].Scientific Data, 2020, 7(1).DOI:10.1038/s41597-020-00768-9."
6.850665352,13.7013307,13.7013307,13.7013307,13.7013307,13.7013307,0,0,0,0,0,24.64268112,0,0,0,BCC,CAST,"Borg C K H , Frey C , Moh J ,et al.Expanded dataset of mechanical properties and observed s of multi-principal element alloys[J].Scientific Data, 2020, 7(1).DOI:10.1038/s41597-020-00768-9."
6.666666667,13.33333333,13.33333333,13.33333333,13.33333333,13.33333333,0,0,0,0,0,26.66666667,0,0,0,BCC,CAST,"Borg C K H , Frey C , Moh J ,et al.Expanded dataset of mechanical properties and observed s of multi-principal element alloys[J].Scientific Data, 2020, 7(1).DOI:10.1038/s41597-020-00768-9."
16.66666667,16.66666667,16.66666667,16.66666667,16.66666667,16.66666667,0,0,0,0,0,0,0,0,0,BCC+FCC,CAST,"Borg C K H , Frey C , Moh J ,et al.Expanded dataset of mechanical properties and observed s of multi-principal element alloys[J].Scientific Data, 2020, 7(1).DOI:10.1038/s41597-020-00768-9."
20,20,0,20,20,20,0,0,0,0,0,0,0,0,0,BCC+FCC,CAST,"Borg C K H , Frey C , Moh J ,et al.Expanded dataset of mechanical properties and observed s of multi-principal element alloys[J].Scientific Data, 2020, 7(1).DOI:10.1038/s41597-020-00768-9."
16.66666667,16.66666667,0,16.66666667,16.66666667,16.66666667,0,16.66666667,0,0,0,0,0,0,0,BCC+FCC,CAST,"Borg C K H , Frey C , Moh J ,et al.Expanded dataset of mechanical properties and observed s of multi-principal element alloys[J].Scientific Data, 2020, 7(1).DOI:10.1038/s41597-020-00768-9."
16.66666667,16.66666667,0,16.66666667,16.66666667,16.66666667,0,0,0,0,0,0,0,0,16.66666667,BCC+FCC+IM,CAST,"Borg C K H , Frey C , Moh J ,et al.Expanded dataset of mechanical properties and observed s of multi-principal element alloys[J].Scientific Data, 2020, 7(1).DOI:10.1038/s41597-020-00768-9."
14.28571429,14.28571429,14.28571429,14.28571429,14.28571429,14.28571429,0,0,0,0,0,0,14.28571429,0,0,BCC+FCC+IM,CAST,"Borg C K H , Frey C , Moh J ,et al.Expanded dataset of mechanical properties and observed s of multi-principal element alloys[J].Scientific Data, 2020, 7(1).DOI:10.1038/s41597-020-00768-9."
16.66666667,16.66666667,16.66666667,16.66666667,16.66666667,16.66666667,0,0,0,0,0,0,0,0,0,BCC+FCC,CAST,"Borg C K H , Frey C , Moh J ,et al.Expanded dataset of mechanical properties and observed s of multi-principal element alloys[J].Scientific Data, 2020, 7(1).DOI:10.1038/s41597-020-00768-9."
14.28571429,14.28571429,14.28571429,14.28571429,14.28571429,14.28571429,0,14.28571429,0,0,0,0,0,0,0,BCC+FCC+IM,CAST,"Borg C K H , Frey C , Moh J ,et al.Expanded dataset of mechanical properties and observed s of multi-principal element alloys[J].Scientific Data, 2020, 7(1).DOI:10.1038/s41597-020-00768-9."
14.28571429,14.28571429,14.28571429,14.28571429,14.28571429,14.28571429,0,0,0,0,0,14.28571429,0,0,0,BCC+FCC,CAST,"Borg C K H , Frey C , Moh J ,et al.Expanded dataset of mechanical properties and observed s of multi-principal element alloys[J].Scientific Data, 2020, 7(1).DOI:10.1038/s41597-020-00768-9."
0,25,0,25,25,25,0,0,0,0,0,0,0,0,0,FCC,CAST,"Borg C K H , Frey C , Moh J ,et al.Expanded dataset of mechanical properties and observed s of multi-principal element alloys[J].Scientific Data, 2020, 7(1).DOI:10.1038/s41597-020-00768-9."
0,20,0,20,20,20,0,0,0,0,0,0,20,0,0,FCC,CAST,"Borg C K H , Frey C , Moh J ,et al.Expanded dataset of mechanical properties and observed s of multi-principal element alloys[J].Scientific Data, 2020, 7(1).DOI:10.1038/s41597-020-00768-9."
20,0,20,20,20,20,0,0,0,0,0,0,0,0,0,BCC+FCC,ANNEAL,"Borg C K H , Frey C , Moh J ,et al.Expanded dataset of mechanical properties and observed s of multi-principal element alloys[J].Scientific Data, 2020, 7(1).DOI:10.1038/s41597-020-00768-9."
21.73913043,0,21.73913043,21.73913043,21.73913043,13.04347826,0,0,0,0,0,0,0,0,0,BCC+FCC,ANNEAL,"Borg C K H , Frey C , Moh J ,et al.Expanded dataset of mechanical properties and observed s of multi-principal element alloys[J].Scientific Data, 2020, 7(1).DOI:10.1038/s41597-020-00768-9."
20.83333333,0,20.83333333,20.83333333,20.83333333,16.66666667,0,0,0,0,0,0,0,0,0,BCC+FCC,ANNEAL,"Borg C K H , Frey C , Moh J ,et al.Expanded dataset of mechanical properties and observed s of multi-principal element alloys[J].Scientific Data, 2020, 7(1).DOI:10.1038/s41597-020-00768-9."
19.22899354,0,19.22899354,19.22899354,19.22899354,23.08402585,0,0,0,0,0,0,0,0,0,BCC+FCC,ANNEAL,"Borg C K H , Frey C , Moh J ,et al.Expanded dataset of mechanical properties and observed s of multi-principal element alloys[J].Scientific Data, 2020, 7(1).DOI:10.1038/s41597-020-00768-9."
18.51659751,0,18.51659751,18.51659751,18.51659751,25.93360996,0,0,0,0,0,0,0,0,0,BCC+FCC,ANNEAL,"Borg C K H , Frey C , Moh J ,et al.Expanded dataset of mechanical properties and observed s of multi-principal element alloys[J].Scientific Data, 2020, 7(1).DOI:10.1038/s41597-020-00768-9."
16.66666667,0,16.66666667,16.66666667,16.66666667,16.66666667,0,16.66666667,0,0,0,0,0,0,0,BCC+IM,ANNEAL,"Borg C K H , Frey C , Moh J ,et al.Expanded dataset of mechanical properties and observed s of multi-principal element alloys[J].Scientific Data, 2020, 7(1).DOI:10.1038/s41597-020-00768-9."
22.49718785,0,0,20,15.0056243,20,0,22.49718785,0,0,0,0,0,0,0,FCC,CAST,"Borg C K H , Frey C , Moh J ,et al.Expanded dataset of mechanical properties and observed s of multi-principal element alloys[J].Scientific Data, 2020, 7(1).DOI:10.1038/s41597-020-00768-9."
22.49718785,0,0,20,15.0056243,20,0,22.49718785,0,0,0,0,0,0,0,FCC,CAST,"Borg C K H , Frey C , Moh J ,et al.Expanded dataset of mechanical properties and observed s of multi-principal element alloys[J].Scientific Data, 2020, 7(1).DOI:10.1038/s41597-020-00768-9."
20,0,0,20,20,20,0,20,0,0,0,0,0,0,0,FCC,CAST,"Borg C K H , Frey C , Moh J ,et al.Expanded dataset of mechanical properties and observed s of multi-principal element alloys[J].Scientific Data, 2020, 7(1).DOI:10.1038/s41597-020-00768-9."
25,0,0,25,0,25,0,25,0,0,0,0,0,0,0,FCC,CAST,"Borg C K H , Frey C , Moh J ,et al.Expanded dataset of mechanical properties and observed s of multi-principal element alloys[J].Scientific Data, 2020, 7(1).DOI:10.1038/s41597-020-00768-9."
5.660377358,0,0,0,0,0,0,18.86792453,0,18.86792453,18.86792453,0,0,18.86792453,18.86792453,BCC,CAST,"Borg C K H , Frey C , Moh J ,et al.Expanded dataset of mechanical properties and observed s of multi-principal element alloys[J].Scientific Data, 2020, 7(1).DOI:10.1038/s41597-020-00768-9."
9.090909091,0,0,0,0,0,0,18.18181818,0,18.18181818,18.18181818,0,0,18.18181818,18.18181818,BCC,CAST,"Borg C K H , Frey C , Moh J ,et al.Expanded dataset of mechanical properties and observed s of multi-principal element alloys[J].Scientific Data, 2020, 7(1).DOI:10.1038/s41597-020-00768-9."
13.04347826,0,0,0,0,0,0,17.39130435,0,17.39130435,17.39130435,0,0,17.39130435,17.39130435,BCC,CAST,"Borg C K H , Frey C , Moh J ,et al.Expanded dataset of mechanical properties and observed s of multi-principal element alloys[J].Scientific Data, 2020, 7(1).DOI:10.1038/s41597-020-00768-9."
16.66666667,0,0,0,0,0,0,16.66666667,0,16.66666667,16.66666667,0,0,16.66666667,16.66666667,BCC+IM,CAST,"Borg C K H , Frey C , Moh J ,et al.Expanded dataset of mechanical properties and observed s of multi-principal element alloys[J].Scientific Data, 2020, 7(1).DOI:10.1038/s41597-020-00768-9."
0,0,0,0,0,0,0,20,0,20,20,0,0,20,20,BCC,CAST,"Borg C K H , Frey C , Moh J ,et al.Expanded dataset of mechanical properties and observed s of multi-principal element alloys[J].Scientific Data, 2020, 7(1).DOI:10.1038/s41597-020-00768-9."
5.882352941,0,0,0,0,0,23.52941176,23.52941176,0,23.52941176,0,23.52941176,0,0,0,BCC,CAST,"Borg C K H , Frey C , Moh J ,et al.Expanded dataset of mechanical properties and observed s of multi-principal element alloys[J].Scientific Data, 2020, 7(1).DOI:10.1038/s41597-020-00768-9."
11.11111111,0,0,0,0,0,22.22222222,22.22222222,0,22.22222222,0,22.22222222,0,0,0,BCC,CAST,"Borg C K H , Frey C , Moh J ,et al.Expanded dataset of mechanical properties and observed s of multi-principal element alloys[J].Scientific Data, 2020, 7(1).DOI:10.1038/s41597-020-00768-9."
15.78947368,0,0,0,0,0,21.05263158,21.05263158,0,21.05263158,0,21.05263158,0,0,0,BCC,CAST,"Borg C K H , Frey C , Moh J ,et al.Expanded dataset of mechanical properties and observed s of multi-principal element alloys[J].Scientific Data, 2020, 7(1).DOI:10.1038/s41597-020-00768-9."
20,0,0,0,0,0,20,20,0,20,0,20,0,0,0,BCC,CAST,"Borg C K H , Frey C , Moh J ,et al.Expanded dataset of mechanical properties and observed s of multi-principal element alloys[J].Scientific Data, 2020, 7(1).DOI:10.1038/s41597-020-00768-9."
0,0,0,0,0,0,25,25,0,25,0,25,0,0,0,BCC,CAST,"Borg C K H , Frey C , Moh J ,et al.Expanded dataset of mechanical properties and observed s of multi-principal element alloys[J].Scientific Data, 2020, 7(1).DOI:10.1038/s41597-020-00768-9."
5.882352941,0,0,0,0,0,0,23.52941176,0,23.52941176,23.52941176,23.52941176,0,0,0,BCC,CAST,"Borg C K H , Frey C , Moh J ,et al.Expanded dataset of mechanical properties and observed s of multi-principal element alloys[J].Scientific Data, 2020, 7(1).DOI:10.1038/s41597-020-00768-9."
11.11111111,0,0,0,0,0,0,22.22222222,0,22.22222222,22.22222222,22.22222222,0,0,0,BCC,CAST,"Borg C K H , Frey C , Moh J ,et al.Expanded dataset of mechanical properties and observed s of multi-principal element alloys[J].Scientific Data, 2020, 7(1).DOI:10.1038/s41597-020-00768-9."
20,0,0,0,0,0,0,20,0,20,20,20,0,0,0,BCC,CAST,"Borg C K H , Frey C , Moh J ,et al.Expanded dataset of mechanical properties and observed s of multi-principal element alloys[J].Scientific Data, 2020, 7(1).DOI:10.1038/s41597-020-00768-9."
0,0,0,0,0,0,0,25,0,25,25,25,0,0,0,BCC,CAST,"Borg C K H , Frey C , Moh J ,et al.Expanded dataset of mechanical properties and observed s of multi-principal element alloys[J].Scientific Data, 2020, 7(1).DOI:10.1038/s41597-020-00768-9."
25,0,0,0,0,0,0,25,0,25,0,25,0,0,0,BCC,ANNEAL,"Borg C K H , Frey C , Moh J ,et al.Expanded dataset of mechanical properties and observed s of multi-principal element alloys[J].Scientific Data, 2020, 7(1).DOI:10.1038/s41597-020-00768-9."
25,0,0,0,0,0,0,25,0,25,0,25,0,0,0,BCC,ANNEAL,"Borg C K H , Frey C , Moh J ,et al.Expanded dataset of mechanical properties and observed s of multi-principal element alloys[J].Scientific Data, 2020, 7(1).DOI:10.1038/s41597-020-00768-9."
25,0,0,0,0,0,0,25,0,25,0,25,0,0,0,BCC,ANNEAL,"Borg C K H , Frey C , Moh J ,et al.Expanded dataset of mechanical properties and observed s of multi-principal element alloys[J].Scientific Data, 2020, 7(1).DOI:10.1038/s41597-020-00768-9."
25,0,0,0,0,0,0,25,0,25,0,25,0,0,0,BCC,ANNEAL,"Borg C K H , Frey C , Moh J ,et al.Expanded dataset of mechanical properties and observed s of multi-principal element alloys[J].Scientific Data, 2020, 7(1).DOI:10.1038/s41597-020-00768-9."
0,0,0,0,0,0,12.5,25,0,25,0,0,0,12.5,25,BCC,CAST,"Borg C K H , Frey C , Moh J ,et al.Expanded dataset of mechanical properties and observed s of multi-principal element alloys[J].Scientific Data, 2020, 7(1).DOI:10.1038/s41597-020-00768-9."
0,0,0,0,0,0,4.761904762,19.04761905,0,19.04761905,19.04761905,0,0,19.04761905,19.04761905,BCC,CAST,"Borg C K H , Frey C , Moh J ,et al.Expanded dataset of mechanical properties and observed s of multi-principal element alloys[J].Scientific Data, 2020, 7(1).DOI:10.1038/s41597-020-00768-9."
0,0,0,0,0,0,9.090909091,18.18181818,0,18.18181818,18.18181818,0,0,18.18181818,18.18181818,BCC,CAST,"Borg C K H , Frey C , Moh J ,et al.Expanded dataset of mechanical properties and observed s of multi-principal element alloys[J].Scientific Data, 2020, 7(1).DOI:10.1038/s41597-020-00768-9."
0,0,0,0,0,0,13.04347826,17.39130435,0,17.39130435,17.39130435,0,0,17.39130435,17.39130435,BCC,CAST,"Borg C K H , Frey C , Moh J ,et al.Expanded dataset of mechanical properties and observed s of multi-principal element alloys[J].Scientific Data, 2020, 7(1).DOI:10.1038/s41597-020-00768-9."
0,0,0,0,0,0,16.66666667,16.66666667,0,16.66666667,16.66666667,0,0,16.66666667,16.66666667,BCC,CAST,"Borg C K H , Frey C , Moh J ,et al.Expanded dataset of mechanical properties and observed s of multi-principal element alloys[J].Scientific Data, 2020, 7(1).DOI:10.1038/s41597-020-00768-9."
0,0,0,0,0,0,0,20,0,20,20,0,0,20,20,BCC,CAST,"Borg C K H , Frey C , Moh J ,et al.Expanded dataset of mechanical properties and observed s of multi-principal element alloys[J].Scientific Data, 2020, 7(1).DOI:10.1038/s41597-020-00768-9."
0,0,0,0,0,0,16.66666667,16.66666667,0,16.66666667,16.66666667,0,0,16.66666667,16.66666667,BCC,CAST,"Borg C K H , Frey C , Moh J ,et al.Expanded dataset of mechanical properties and observed s of multi-principal element alloys[J].Scientific Data, 2020, 7(1).DOI:10.1038/s41597-020-00768-9."
0,0,0,0,0,0,16.66666667,16.66666667,0,16.66666667,16.66666667,0,0,16.66666667,16.66666667,BCC,CAST,"Borg C K H , Frey C , Moh J ,et al.Expanded dataset of mechanical properties and observed s of multi-principal element alloys[J].Scientific Data, 2020, 7(1).DOI:10.1038/s41597-020-00768-9."
0,0,0,0,0,0,16.66666667,16.66666667,0,16.66666667,16.66666667,0,0,16.66666667,16.66666667,BCC,CAST,"Borg C K H , Frey C , Moh J ,et al.Expanded dataset of mechanical properties and observed s of multi-principal element alloys[J].Scientific Data, 2020, 7(1).DOI:10.1038/s41597-020-00768-9."
0,0,0,0,0,0,16.66666667,16.66666667,0,16.66666667,16.66666667,0,0,16.66666667,16.66666667,BCC,CAST,"Borg C K H , Frey C , Moh J ,et al.Expanded dataset of mechanical properties and observed s of multi-principal element alloys[J].Scientific Data, 2020, 7(1).DOI:10.1038/s41597-020-00768-9."
0,0,0,0,0,0,20,20,0,0,20,0,0,20,20,BCC,CAST,"Borg C K H , Frey C , Moh J ,et al.Expanded dataset of mechanical properties and observed s of multi-principal element alloys[J].Scientific Data, 2020, 7(1).DOI:10.1038/s41597-020-00768-9."
0,0,0,0,0,0,20,20,0,0,20,0,0,20,20,BCC,CAST,"Borg C K H , Frey C , Moh J ,et al.Expanded dataset of mechanical properties and observed s of multi-principal element alloys[J].Scientific Data, 2020, 7(1).DOI:10.1038/s41597-020-00768-9."
0,0,0,0,0,0,20,20,0,0,20,0,0,20,20,BCC,CAST,"Borg C K H , Frey C , Moh J ,et al.Expanded dataset of mechanical properties and observed s of multi-principal element alloys[J].Scientific Data, 2020, 7(1).DOI:10.1038/s41597-020-00768-9."
0,0,0,0,0,0,20,20,0,0,20,0,0,20,20,BCC,CAST,"Borg C K H , Frey C , Moh J ,et al.Expanded dataset of mechanical properties and observed s of multi-principal element alloys[J].Scientific Data, 2020, 7(1).DOI:10.1038/s41597-020-00768-9."
0,0,0,0,0,0,20,20,0,20,0,0,0,20,20,BCC,ANNEAL,"Borg C K H , Frey C , Moh J ,et al.Expanded dataset of mechanical properties and observed s of multi-principal element alloys[J].Scientific Data, 2020, 7(1).DOI:10.1038/s41597-020-00768-9."
0,0,0,0,0,0,20,20,0,20,0,0,0,20,20,BCC,ANNEAL,"Borg C K H , Frey C , Moh J ,et al.Expanded dataset of mechanical properties and observed s of multi-principal element alloys[J].Scientific Data, 2020, 7(1).DOI:10.1038/s41597-020-00768-9."
0,0,0,0,0,0,20,20,0,20,0,0,0,20,20,BCC,ANNEAL,"Borg C K H , Frey C , Moh J ,et al.Expanded dataset of mechanical properties and observed s of multi-principal element alloys[J].Scientific Data, 2020, 7(1).DOI:10.1038/s41597-020-00768-9."
0,0,0,0,0,0,20,20,0,20,0,0,0,20,20,BCC,ANNEAL,"Borg C K H , Frey C , Moh J ,et al.Expanded dataset of mechanical properties and observed s of multi-principal element alloys[J].Scientific Data, 2020, 7(1).DOI:10.1038/s41597-020-00768-9."
0,0,0,0,0,0,20,20,0,20,0,0,0,20,20,BCC,CAST,"Borg C K H , Frey C , Moh J ,et al.Expanded dataset of mechanical properties and observed s of multi-principal element alloys[J].Scientific Data, 2020, 7(1).DOI:10.1038/s41597-020-00768-9."
0,0,0,0,0,0,0,37.50937734,0,12.49062266,12.49062266,0,0,12.49062266,25.01875469,BCC,CAST,"Borg C K H , Frey C , Moh J ,et al.Expanded dataset of mechanical properties and observed s of multi-principal element alloys[J].Scientific Data, 2020, 7(1).DOI:10.1038/s41597-020-00768-9."
0,0,0,0,0,0,0,25,0,25,0,0,0,25,25,BCC,CAST,"Borg C K H , Frey C , Moh J ,et al.Expanded dataset of mechanical properties and observed s of multi-principal element alloys[J].Scientific Data, 2020, 7(1).DOI:10.1038/s41597-020-00768-9."
0,0,0,0,0,0,25,0,0,25,25,25,0,0,0,BCC,ANNEAL,"Borg C K H , Frey C , Moh J ,et al.Expanded dataset of mechanical properties and observed s of multi-principal element alloys[J].Scientific Data, 2020, 7(1).DOI:10.1038/s41597-020-00768-9."
0,0,0,0,0,0,20,0,20,20,20,20,0,0,0,BCC,CAST,"Borg C K H , Frey C , Moh J ,et al.Expanded dataset of mechanical properties and observed s of multi-principal element alloys[J].Scientific Data, 2020, 7(1).DOI:10.1038/s41597-020-00768-9."
0,0,0,0,0,0,20,0,20,20,20,20,0,0,0,BCC,CAST,"Borg C K H , Frey C , Moh J ,et al.Expanded dataset of mechanical properties and observed s of multi-principal element alloys[J].Scientific Data, 2020, 7(1).DOI:10.1038/s41597-020-00768-9."
0,0,0,0,0,0,20,0,20,20,20,20,0,0,0,BCC,CAST,"Borg C K H , Frey C , Moh J ,et al.Expanded dataset of mechanical properties and observed s of multi-principal element alloys[J].Scientific Data, 2020, 7(1).DOI:10.1038/s41597-020-00768-9."
0,0,0,0,0,0,20,0,20,20,20,20,0,0,0,BCC,CAST,"Borg C K H , Frey C , Moh J ,et al.Expanded dataset of mechanical properties and observed s of multi-principal element alloys[J].Scientific Data, 2020, 7(1).DOI:10.1038/s41597-020-00768-9."
0,0,0,0,0,0,20,0,20,20,20,20,0,0,0,BCC,CAST,"Borg C K H , Frey C , Moh J ,et al.Expanded dataset of mechanical properties and observed s of multi-principal element alloys[J].Scientific Data, 2020, 7(1).DOI:10.1038/s41597-020-00768-9."
0,0,0,0,0,0,20,0,20,20,20,20,0,0,0,BCC,CAST,"Borg C K H , Frey C , Moh J ,et al.Expanded dataset of mechanical properties and observed s of multi-principal element alloys[J].Scientific Data, 2020, 7(1).DOI:10.1038/s41597-020-00768-9."
0,0,0,0,0,0,20,0,20,20,20,20,0,0,0,BCC,CAST,"Borg C K H , Frey C , Moh J ,et al.Expanded dataset of mechanical properties and observed s of multi-principal element alloys[J].Scientific Data, 2020, 7(1).DOI:10.1038/s41597-020-00768-9."
0,0,0,0,0,0,25,0,25,25,25,0,0,0,0,BCC,CAST,"Borg C K H , Frey C , Moh J ,et al.Expanded dataset of mechanical properties and observed s of multi-principal element alloys[J].Scientific Data, 2020, 7(1).DOI:10.1038/s41597-020-00768-9."
0,0,0,0,0,0,25,0,25,25,25,0,0,0,0,BCC,CAST,"Borg C K H , Frey C , Moh J ,et al.Expanded dataset of mechanical properties and observed s of multi-principal element alloys[J].Scientific Data, 2020, 7(1).DOI:10.1038/s41597-020-00768-9."
0,0,0,0,0,0,25,0,25,25,25,0,0,0,0,BCC,CAST,"Borg C K H , Frey C , Moh J ,et al.Expanded dataset of mechanical properties and observed s of multi-principal element alloys[J].Scientific Data, 2020, 7(1).DOI:10.1038/s41597-020-00768-9."
0,0,0,0,0,0,25,0,25,25,25,0,0,0,0,BCC,CAST,"Borg C K H , Frey C , Moh J ,et al.Expanded dataset of mechanical properties and observed s of multi-principal element alloys[J].Scientific Data, 2020, 7(1).DOI:10.1038/s41597-020-00768-9."
0,0,0,0,0,0,25,0,25,25,25,0,0,0,0,BCC,CAST,"Borg C K H , Frey C , Moh J ,et al.Expanded dataset of mechanical properties and observed s of multi-principal element alloys[J].Scientific Data, 2020, 7(1).DOI:10.1038/s41597-020-00768-9."
0,0,0,0,0,0,25,0,25,25,25,0,0,0,0,BCC,CAST,"Borg C K H , Frey C , Moh J ,et al.Expanded dataset of mechanical properties and observed s of multi-principal element alloys[J].Scientific Data, 2020, 7(1).DOI:10.1038/s41597-020-00768-9."
0,0,0,0,0,0,25,0,25,25,25,0,0,0,0,BCC,CAST,"Borg C K H , Frey C , Moh J ,et al.Expanded dataset of mechanical properties and observed s of multi-principal element alloys[J].Scientific Data, 2020, 7(1).DOI:10.1038/s41597-020-00768-9."
0,0,0,0,0,0,6.976744186,23.25581395,0,23.25581395,0,23.25581395,0,0,23.25581395,BCC,ANNEAL,"Borg C K H , Frey C , Moh J ,et al.Expanded dataset of mechanical properties and observed s of multi-principal element alloys[J].Scientific Data, 2020, 7(1).DOI:10.1038/s41597-020-00768-9."
0,0,0,0,0,0,11.11111111,22.22222222,0,22.22222222,0,22.22222222,0,0,22.22222222,BCC,ANNEAL,"Borg C K H , Frey C , Moh J ,et al.Expanded dataset of mechanical properties and observed s of multi-principal element alloys[J].Scientific Data, 2020, 7(1).DOI:10.1038/s41597-020-00768-9."
0,0,0,0,0,0,14.89361702,21.27659574,0,21.27659574,0,21.27659574,0,0,21.27659574,BCC,ANNEAL,"Borg C K H , Frey C , Moh J ,et al.Expanded dataset of mechanical properties and observed s of multi-principal element alloys[J].Scientific Data, 2020, 7(1).DOI:10.1038/s41597-020-00768-9."
0,0,0,0,0,0,24.53385672,18.86653582,0,18.86653582,0,18.86653582,0,0,18.86653582,BCC,ANNEAL,"Borg C K H , Frey C , Moh J ,et al.Expanded dataset of mechanical properties and observed s of multi-principal element alloys[J].Scientific Data, 2020, 7(1).DOI:10.1038/s41597-020-00768-9."
0,0,0,0,0,0,27.26281352,18.18429662,0,18.18429662,0,18.18429662,0,0,18.18429662,BCC,ANNEAL,"Borg C K H , Frey C , Moh J ,et al.Expanded dataset of mechanical properties and observed s of multi-principal element alloys[J].Scientific Data, 2020, 7(1).DOI:10.1038/s41597-020-00768-9."
0,0,0,0,0,0,29.83293556,17.54176611,0,17.54176611,0,17.54176611,0,0,17.54176611,BCC,ANNEAL,"Borg C K H , Frey C , Moh J ,et al.Expanded dataset of mechanical properties and observed s of multi-principal element alloys[J].Scientific Data, 2020, 7(1).DOI:10.1038/s41597-020-00768-9."
0,0,0,0,0,0,33.33333333,16.66666667,0,16.66666667,0,16.66666667,0,0,16.66666667,BCC,ANNEAL,"Borg C K H , Frey C , Moh J ,et al.Expanded dataset of mechanical properties and observed s of multi-principal element alloys[J].Scientific Data, 2020, 7(1).DOI:10.1038/s41597-020-00768-9."
0,0,0,0,0,0,20,20,0,20,0,20,0,0,20,BCC,ANNEAL,"Borg C K H , Frey C , Moh J ,et al.Expanded dataset of mechanical properties and observed s of multi-principal element alloys[J].Scientific Data, 2020, 7(1).DOI:10.1038/s41597-020-00768-9."
0,0,0,0,0,0,23.25581395,23.25581395,0,23.25581395,0,6.976744186,0,0,23.25581395,BCC,ANNEAL,"Borg C K H , Frey C , Moh J ,et al.Expanded dataset of mechanical properties and observed s of multi-principal element alloys[J].Scientific Data, 2020, 7(1).DOI:10.1038/s41597-020-00768-9."
0,0,0,0,0,0,2.941176471,29.41176471,0,29.41176471,0,8.823529412,0,0,29.41176471,BCC,ANNEAL,"Borg C K H , Frey C , Moh J ,et al.Expanded dataset of mechanical properties and observed s of multi-principal element alloys[J].Scientific Data, 2020, 7(1).DOI:10.1038/s41597-020-00768-9."
0,0,0,0,0,0,8.333333333,27.77777778,0,27.77777778,0,8.333333333,0,0,27.77777778,BCC,ANNEAL,"Borg C K H , Frey C , Moh J ,et al.Expanded dataset of mechanical properties and observed s of multi-principal element alloys[J].Scientific Data, 2020, 7(1).DOI:10.1038/s41597-020-00768-9."
0,0,0,0,0,0,13.15789474,26.31578947,0,26.31578947,0,7.894736842,0,0,26.31578947,BCC,ANNEAL,"Borg C K H , Frey C , Moh J ,et al.Expanded dataset of mechanical properties and observed s of multi-principal element alloys[J].Scientific Data, 2020, 7(1).DOI:10.1038/s41597-020-00768-9."
0,0,0,0,0,0,17.5,25,0,25,0,7.5,0,0,25,BCC,ANNEAL,"Borg C K H , Frey C , Moh J ,et al.Expanded dataset of mechanical properties and observed s of multi-principal element alloys[J].Scientific Data, 2020, 7(1).DOI:10.1038/s41597-020-00768-9."
0,0,0,0,0,0,28.26455625,21.73544375,0,21.73544375,0,6.529112493,0,0,21.73544375,BCC,ANNEAL,"Borg C K H , Frey C , Moh J ,et al.Expanded dataset of mechanical properties and observed s of multi-principal element alloys[J].Scientific Data, 2020, 7(1).DOI:10.1038/s41597-020-00768-9."
0,0,0,0,0,0,31.24023743,20.83723836,0,20.83723836,0,6.248047485,0,0,20.83723836,BCC,ANNEAL,"Borg C K H , Frey C , Moh J ,et al.Expanded dataset of mechanical properties and observed s of multi-principal element alloys[J].Scientific Data, 2020, 7(1).DOI:10.1038/s41597-020-00768-9."
0,0,0,0,0,0,0,30.3030303,0,30.3030303,0,9.090909091,0,0,30.3030303,BCC,ANNEAL,"Borg C K H , Frey C , Moh J ,et al.Expanded dataset of mechanical properties and observed s of multi-principal element alloys[J].Scientific Data, 2020, 7(1).DOI:10.1038/s41597-020-00768-9."
0,0,0,0,0,0,0,25,0,25,0,25,0,0,25,BCC,ANNEAL,"Borg C K H , Frey C , Moh J ,et al.Expanded dataset of mechanical properties and observed s of multi-principal element alloys[J].Scientific Data, 2020, 7(1).DOI:10.1038/s41597-020-00768-9."
0,0,0,0,0,0,23.52941176,23.52941176,0,23.52941176,0,5.882352941,0,0,23.52941176,BCC,CAST,"Borg C K H , Frey C , Moh J ,et al.Expanded dataset of mechanical properties and observed s of multi-principal element alloys[J].Scientific Data, 2020, 7(1).DOI:10.1038/s41597-020-00768-9."
0,0,0,0,0,0,22.22222222,22.22222222,0,22.22222222,0,11.11111111,0,0,22.22222222,BCC,CAST,"Borg C K H , Frey C , Moh J ,et al.Expanded dataset of mechanical properties and observed s of multi-principal element alloys[J].Scientific Data, 2020, 7(1).DOI:10.1038/s41597-020-00768-9."
0,0,0,0,0,0,21.05263158,21.05263158,0,21.05263158,0,15.78947368,0,0,21.05263158,BCC,CAST,"Borg C K H , Frey C , Moh J ,et al.Expanded dataset of mechanical properties and observed s of multi-principal element alloys[J].Scientific Data, 2020, 7(1).DOI:10.1038/s41597-020-00768-9."
0,0,0,0,0,0,20,20,0,20,0,20,0,0,20,BCC,CAST,"Borg C K H , Frey C , Moh J ,et al.Expanded dataset of mechanical properties and observed s of multi-principal element alloys[J].Scientific Data, 2020, 7(1).DOI:10.1038/s41597-020-00768-9."
0,0,0,0,0,0,18.18429662,18.18429662,0,18.18429662,0,27.26281352,0,0,18.18429662,BCC,CAST,"Borg C K H , Frey C , Moh J ,et al.Expanded dataset of mechanical properties and observed s of multi-principal element alloys[J].Scientific Data, 2020, 7(1).DOI:10.1038/s41597-020-00768-9."
0,0,0,0,0,0,16.66666667,16.66666667,0,16.66666667,0,33.33333333,0,0,16.66666667,BCC,CAST,"Borg C K H , Frey C , Moh J ,et al.Expanded dataset of mechanical properties and observed s of multi-principal element alloys[J].Scientific Data, 2020, 7(1).DOI:10.1038/s41597-020-00768-9."
0,0,0,0,0,0,14.27958834,14.27958834,0,14.27958834,0,42.88164666,0,0,14.27958834,BCC,CAST,"Borg C K H , Frey C , Moh J ,et al.Expanded dataset of mechanical properties and observed s of multi-principal element alloys[J].Scientific Data, 2020, 7(1).DOI:10.1038/s41597-020-00768-9."
0,0,0,0,0,0,25,25,0,25,0,0,0,0,25,BCC,CAST,"Borg C K H , Frey C , Moh J ,et al.Expanded dataset of mechanical properties and observed s of multi-principal element alloys[J].Scientific Data, 2020, 7(1).DOI:10.1038/s41597-020-00768-9."
0,23.80952381,0,0,23.80952381,23.80952381,4.761904762,0,0,0,0,23.80952381,0,0,0,FCC+IM,CAST,"Borg C K H , Frey C , Moh J ,et al.Expanded dataset of mechanical properties and observed s of multi-principal element alloys[J].Scientific Data, 2020, 7(1).DOI:10.1038/s41597-020-00768-9."
0,22.72727273,0,0,22.72727273,22.72727273,9.090909091,0,0,0,0,22.72727273,0,0,0,FCC+IM,CAST,"Borg C K H , Frey C , Moh J ,et al.Expanded dataset of mechanical properties and observed s of multi-principal element alloys[J].Scientific Data, 2020, 7(1).DOI:10.1038/s41597-020-00768-9."
0,21.73913043,0,0,21.73913043,21.73913043,13.04347826,0,0,0,0,21.73913043,0,0,0,FCC+IM,CAST,"Borg C K H , Frey C , Moh J ,et al.Expanded dataset of mechanical properties and observed s of multi-principal element alloys[J].Scientific Data, 2020, 7(1).DOI:10.1038/s41597-020-00768-9."
0,20.83333333,0,0,20.83333333,20.83333333,16.66666667,0,0,0,0,20.83333333,0,0,0,FCC+IM,CAST,"Borg C K H , Frey C , Moh J ,et al.Expanded dataset of mechanical properties and observed s of multi-principal element alloys[J].Scientific Data, 2020, 7(1).DOI:10.1038/s41597-020-00768-9."
0,19.22899354,0,0,19.22899354,23.08402585,19.22899354,0,0,0,0,19.22899354,0,0,0,FCC+IM,CAST,"Borg C K H , Frey C , Moh J ,et al.Expanded dataset of mechanical properties and observed s of multi-principal element alloys[J].Scientific Data, 2020, 7(1).DOI:10.1038/s41597-020-00768-9."
0,18.51659751,0,0,18.51659751,25.93360996,18.51659751,0,0,0,0,18.51659751,0,0,0,FCC+IM,CAST,"Borg C K H , Frey C , Moh J ,et al.Expanded dataset of mechanical properties and observed s of multi-principal element alloys[J].Scientific Data, 2020, 7(1).DOI:10.1038/s41597-020-00768-9."
0,17.85714286,0,0,17.85714286,28.57142857,17.85714286,0,0,0,0,17.85714286,0,0,0,FCC+IM,CAST,"Borg C K H , Frey C , Moh J ,et al.Expanded dataset of mechanical properties and observed s of multi-principal element alloys[J].Scientific Data, 2020, 7(1).DOI:10.1038/s41597-020-00768-9."
0,17.24565757,0,0,17.24565757,31.01736973,17.24565757,0,0,0,0,17.24565757,0,0,0,FCC+IM,CAST,"Borg C K H , Frey C , Moh J ,et al.Expanded dataset of mechanical properties and observed s of multi-principal element alloys[J].Scientific Data, 2020, 7(1).DOI:10.1038/s41597-020-00768-9."
0,16.66666667,0,0,16.66666667,33.33333333,16.66666667,0,0,0,0,16.66666667,0,0,0,FCC+IM,CAST,"Borg C K H , Frey C , Moh J ,et al.Expanded dataset of mechanical properties and observed s of multi-principal element alloys[J].Scientific Data, 2020, 7(1).DOI:10.1038/s41597-020-00768-9."
0,20,0,0,20,20,20,0,0,0,0,20,0,0,0,FCC+IM,CAST,"Borg C K H , Frey C , Moh J ,et al.Expanded dataset of mechanical properties and observed s of multi-principal element alloys[J].Scientific Data, 2020, 7(1).DOI:10.1038/s41597-020-00768-9."
0,25,0,0,25,25,0,0,0,0,0,25,0,0,0,FCC,CAST,"Borg C K H , Frey C , Moh J ,et al.Expanded dataset of mechanical properties and observed s of multi-principal element alloys[J].Scientific Data, 2020, 7(1).DOI:10.1038/s41597-020-00768-9."
1.538461538,12.30769231,12.30769231,12.30769231,12.30769231,12.30769231,0,12.30769231,0,0,0,12.30769231,12.30769231,0,0,BCC+FCC,CAST,"Borg C K H , Frey C , Moh J ,et al.Expanded dataset of mechanical properties and observed s of multi-principal element alloys[J].Scientific Data, 2020, 7(1).DOI:10.1038/s41597-020-00768-9."
3.03030303,12.12121212,12.12121212,12.12121212,12.12121212,12.12121212,0,12.12121212,0,0,0,12.12121212,12.12121212,0,0,BCC,CAST,"Borg C K H , Frey C , Moh J ,et al.Expanded dataset of mechanical properties and observed s of multi-principal element alloys[J].Scientific Data, 2020, 7(1).DOI:10.1038/s41597-020-00768-9."
7.695857852,11.53801777,11.53801777,11.53801777,11.53801777,11.53801777,0,11.53801777,0,0,0,11.53801777,11.53801777,0,0,BCC+IM,CAST,"Borg C K H , Frey C , Moh J ,et al.Expanded dataset of mechanical properties and observed s of multi-principal element alloys[J].Scientific Data, 2020, 7(1).DOI:10.1038/s41597-020-00768-9."
0,12.5,12.5,12.5,12.5,12.5,0,12.5,0,0,0,12.5,12.5,0,0,BCC+FCC+IM,CAST,"Borg C K H , Frey C , Moh J ,et al.Expanded dataset of mechanical properties and observed s of multi-principal element alloys[J].Scientific Data, 2020, 7(1).DOI:10.1038/s41597-020-00768-9."
3.567984571,0,0,32.14400514,0,32.14400514,0,0,0,0,0,0,32.14400514,0,0,FCC+IM,CAST,"Borg C K H , Frey C , Moh J ,et al.Expanded dataset of mechanical properties and observed s of multi-principal element alloys[J].Scientific Data, 2020, 7(1).DOI:10.1038/s41597-020-00768-9."
1.73599738,0,0,32.75466754,0,32.75466754,0,0,0,0,0,0,32.75466754,0,0,FCC,CAST,"Borg C K H , Frey C , Moh J ,et al.Expanded dataset of mechanical properties and observed s of multi-principal element alloys[J].Scientific Data, 2020, 7(1).DOI:10.1038/s41597-020-00768-9."
9.090909091,18.18181818,18.18181818,18.18181818,18.18181818,18.18181818,0,0,0,0,0,0,0,0,0,FCC,CAST,"Borg C K H , Frey C , Moh J ,et al.Expanded dataset of mechanical properties and observed s of multi-principal element alloys[J].Scientific Data, 2020, 7(1).DOI:10.1038/s41597-020-00768-9."
9.090909091,18.18181818,18.18181818,18.18181818,18.18181818,18.18181818,0,0,0,0,0,0,0,0,0,FCC,CAST,"Borg C K H , Frey C , Moh J ,et al.Expanded dataset of mechanical properties and observed s of multi-principal element alloys[J].Scientific Data, 2020, 7(1).DOI:10.1038/s41597-020-00768-9."
9.090909091,18.18181818,18.18181818,18.18181818,18.18181818,18.18181818,0,0,0,0,0,0,0,0,0,FCC,CAST,"Borg C K H , Frey C , Moh J ,et al.Expanded dataset of mechanical properties and observed s of multi-principal element alloys[J].Scientific Data, 2020, 7(1).DOI:10.1038/s41597-020-00768-9."
9.090909091,18.18181818,18.18181818,18.18181818,18.18181818,18.18181818,0,0,0,0,0,0,0,0,0,FCC,CAST,"Borg C K H , Frey C , Moh J ,et al.Expanded dataset of mechanical properties and observed s of multi-principal element alloys[J].Scientific Data, 2020, 7(1).DOI:10.1038/s41597-020-00768-9."
9.090909091,18.18181818,18.18181818,18.18181818,18.18181818,18.18181818,0,0,0,0,0,0,0,0,0,FCC,CAST,"Borg C K H , Frey C , Moh J ,et al.Expanded dataset of mechanical properties and observed s of multi-principal element alloys[J].Scientific Data, 2020, 7(1).DOI:10.1038/s41597-020-00768-9."
9.090909091,18.18181818,18.18181818,18.18181818,18.18181818,18.18181818,0,0,0,0,0,0,0,0,0,FCC,CAST,"Borg C K H , Frey C , Moh J ,et al.Expanded dataset of mechanical properties and observed s of multi-principal element alloys[J].Scientific Data, 2020, 7(1).DOI:10.1038/s41597-020-00768-9."
9.090909091,18.18181818,18.18181818,18.18181818,18.18181818,18.18181818,0,0,0,0,0,0,0,0,0,FCC,CAST,"Borg C K H , Frey C , Moh J ,et al.Expanded dataset of mechanical properties and observed s of multi-principal element alloys[J].Scientific Data, 2020, 7(1).DOI:10.1038/s41597-020-00768-9."
28.57142857,14.28571429,14.28571429,14.28571429,14.28571429,14.28571429,0,0,0,0,0,0,0,0,0,BCC,CAST,"Borg C K H , Frey C , Moh J ,et al.Expanded dataset of mechanical properties and observed s of multi-principal element alloys[J].Scientific Data, 2020, 7(1).DOI:10.1038/s41597-020-00768-9."
28.57142857,14.28571429,14.28571429,14.28571429,14.28571429,14.28571429,0,0,0,0,0,0,0,0,0,BCC,CAST,"Borg C K H , Frey C , Moh J ,et al.Expanded dataset of mechanical properties and observed s of multi-principal element alloys[J].Scientific Data, 2020, 7(1).DOI:10.1038/s41597-020-00768-9."
28.57142857,14.28571429,14.28571429,14.28571429,14.28571429,14.28571429,0,0,0,0,0,0,0,0,0,BCC,CAST,"Borg C K H , Frey C , Moh J ,et al.Expanded dataset of mechanical properties and observed s of multi-principal element alloys[J].Scientific Data, 2020, 7(1).DOI:10.1038/s41597-020-00768-9."
28.57142857,14.28571429,14.28571429,14.28571429,14.28571429,14.28571429,0,0,0,0,0,0,0,0,0,BCC,CAST,"Borg C K H , Frey C , Moh J ,et al.Expanded dataset of mechanical properties and observed s of multi-principal element alloys[J].Scientific Data, 2020, 7(1).DOI:10.1038/s41597-020-00768-9."
28.57142857,14.28571429,14.28571429,14.28571429,14.28571429,14.28571429,0,0,0,0,0,0,0,0,0,BCC,CAST,"Borg C K H , Frey C , Moh J ,et al.Expanded dataset of mechanical properties and observed s of multi-principal element alloys[J].Scientific Data, 2020, 7(1).DOI:10.1038/s41597-020-00768-9."
28.57142857,14.28571429,14.28571429,14.28571429,14.28571429,14.28571429,0,0,0,0,0,0,0,0,0,BCC,CAST,"Borg C K H , Frey C , Moh J ,et al.Expanded dataset of mechanical properties and observed s of multi-principal element alloys[J].Scientific Data, 2020, 7(1).DOI:10.1038/s41597-020-00768-9."
28.57142857,14.28571429,14.28571429,14.28571429,14.28571429,14.28571429,0,0,0,0,0,0,0,0,0,BCC,CAST,"Borg C K H , Frey C , Moh J ,et al.Expanded dataset of mechanical properties and observed s of multi-principal element alloys[J].Scientific Data, 2020, 7(1).DOI:10.1038/s41597-020-00768-9."
28.57142857,14.28571429,14.28571429,14.28571429,14.28571429,14.28571429,0,0,0,0,0,0,0,0,0,BCC,CAST,"Borg C K H , Frey C , Moh J ,et al.Expanded dataset of mechanical properties and observed s of multi-principal element alloys[J].Scientific Data, 2020, 7(1).DOI:10.1038/s41597-020-00768-9."
16.66666667,16.66666667,16.66666667,16.66666667,16.66666667,16.66666667,0,0,0,0,0,0,0,0,0,BCC+FCC,CAST,"Borg C K H , Frey C , Moh J ,et al.Expanded dataset of mechanical properties and observed s of multi-principal element alloys[J].Scientific Data, 2020, 7(1).DOI:10.1038/s41597-020-00768-9."
16.66666667,16.66666667,16.66666667,16.66666667,16.66666667,16.66666667,0,0,0,0,0,0,0,0,0,BCC+FCC,CAST,"Borg C K H , Frey C , Moh J ,et al.Expanded dataset of mechanical properties and observed s of multi-principal element alloys[J].Scientific Data, 2020, 7(1).DOI:10.1038/s41597-020-00768-9."
16.66666667,16.66666667,16.66666667,16.66666667,16.66666667,16.66666667,0,0,0,0,0,0,0,0,0,BCC+FCC,CAST,"Borg C K H , Frey C , Moh J ,et al.Expanded dataset of mechanical properties and observed s of multi-principal element alloys[J].Scientific Data, 2020, 7(1).DOI:10.1038/s41597-020-00768-9."
16.66666667,16.66666667,16.66666667,16.66666667,16.66666667,16.66666667,0,0,0,0,0,0,0,0,0,BCC+FCC,CAST,"Borg C K H , Frey C , Moh J ,et al.Expanded dataset of mechanical properties and observed s of multi-principal element alloys[J].Scientific Data, 2020, 7(1).DOI:10.1038/s41597-020-00768-9."
16.66666667,16.66666667,16.66666667,16.66666667,16.66666667,16.66666667,0,0,0,0,0,0,0,0,0,BCC+FCC,CAST,"Borg C K H , Frey C , Moh J ,et al.Expanded dataset of mechanical properties and observed s of multi-principal element alloys[J].Scientific Data, 2020, 7(1).DOI:10.1038/s41597-020-00768-9."
16.66666667,16.66666667,16.66666667,16.66666667,16.66666667,16.66666667,0,0,0,0,0,0,0,0,0,BCC+FCC,CAST,"Borg C K H , Frey C , Moh J ,et al.Expanded dataset of mechanical properties and observed s of multi-principal element alloys[J].Scientific Data, 2020, 7(1).DOI:10.1038/s41597-020-00768-9."
20,0,20,0,0,0,20,20,0,20,0,0,0,0,0,BCC,CAST,"Borg C K H , Frey C , Moh J ,et al.Expanded dataset of mechanical properties and observed s of multi-principal element alloys[J].Scientific Data, 2020, 7(1).DOI:10.1038/s41597-020-00768-9."
20,0,20,0,0,0,20,20,0,20,0,0,0,0,0,BCC,CAST,"Borg C K H , Frey C , Moh J ,et al.Expanded dataset of mechanical properties and observed s of multi-principal element alloys[J].Scientific Data, 2020, 7(1).DOI:10.1038/s41597-020-00768-9."
20,0,20,0,0,0,20,20,0,20,0,0,0,0,0,BCC,CAST,"Borg C K H , Frey C , Moh J ,et al.Expanded dataset of mechanical properties and observed s of multi-principal element alloys[J].Scientific Data, 2020, 7(1).DOI:10.1038/s41597-020-00768-9."
20,0,20,0,0,0,20,20,0,20,0,0,0,0,0,BCC,CAST,"Borg C K H , Frey C , Moh J ,et al.Expanded dataset of mechanical properties and observed s of multi-principal element alloys[J].Scientific Data, 2020, 7(1).DOI:10.1038/s41597-020-00768-9."
20,0,20,0,0,0,20,20,0,20,0,0,0,0,0,BCC,CAST,"Borg C K H , Frey C , Moh J ,et al.Expanded dataset of mechanical properties and observed s of multi-principal element alloys[J].Scientific Data, 2020, 7(1).DOI:10.1038/s41597-020-00768-9."
20,0,20,0,0,0,20,20,0,20,0,0,0,0,0,BCC,CAST,"Borg C K H , Frey C , Moh J ,et al.Expanded dataset of mechanical properties and observed s of multi-principal element alloys[J].Scientific Data, 2020, 7(1).DOI:10.1038/s41597-020-00768-9."
20,0,20,0,0,0,20,20,0,20,0,0,0,0,0,BCC,ANNEAL,"Borg C K H , Frey C , Moh J ,et al.Expanded dataset of mechanical properties and observed s of multi-principal element alloys[J].Scientific Data, 2020, 7(1).DOI:10.1038/s41597-020-00768-9."
20,0,20,0,0,0,20,20,0,20,0,0,0,0,0,BCC,ANNEAL,"Borg C K H , Frey C , Moh J ,et al.Expanded dataset of mechanical properties and observed s of multi-principal element alloys[J].Scientific Data, 2020, 7(1).DOI:10.1038/s41597-020-00768-9."
20,0,20,0,0,0,20,20,0,20,0,0,0,0,0,BCC,ANNEAL,"Borg C K H , Frey C , Moh J ,et al.Expanded dataset of mechanical properties and observed s of multi-principal element alloys[J].Scientific Data, 2020, 7(1).DOI:10.1038/s41597-020-00768-9."
20,0,20,0,0,0,20,20,0,20,0,0,0,0,0,BCC,ANNEAL,"Borg C K H , Frey C , Moh J ,et al.Expanded dataset of mechanical properties and observed s of multi-principal element alloys[J].Scientific Data, 2020, 7(1).DOI:10.1038/s41597-020-00768-9."
25,0,25,0,0,0,25,25,0,0,0,0,0,0,0,BCC,ANNEAL,"Borg C K H , Frey C , Moh J ,et al.Expanded dataset of mechanical properties and observed s of multi-principal element alloys[J].Scientific Data, 2020, 7(1).DOI:10.1038/s41597-020-00768-9."
25,0,25,0,0,0,25,25,0,0,0,0,0,0,0,BCC,ANNEAL,"Borg C K H , Frey C , Moh J ,et al.Expanded dataset of mechanical properties and observed s of multi-principal element alloys[J].Scientific Data, 2020, 7(1).DOI:10.1038/s41597-020-00768-9."
25,0,25,0,0,0,25,25,0,0,0,0,0,0,0,BCC,ANNEAL,"Borg C K H , Frey C , Moh J ,et al.Expanded dataset of mechanical properties and observed s of multi-principal element alloys[J].Scientific Data, 2020, 7(1).DOI:10.1038/s41597-020-00768-9."
25,0,25,0,0,0,25,25,0,0,0,0,0,0,0,BCC,ANNEAL,"Borg C K H , Frey C , Moh J ,et al.Expanded dataset of mechanical properties and observed s of multi-principal element alloys[J].Scientific Data, 2020, 7(1).DOI:10.1038/s41597-020-00768-9."
25,0,25,0,0,0,25,25,0,0,0,0,0,0,0,BCC,ANNEAL,"Borg C K H , Frey C , Moh J ,et al.Expanded dataset of mechanical properties and observed s of multi-principal element alloys[J].Scientific Data, 2020, 7(1).DOI:10.1038/s41597-020-00768-9."
25,0,0,0,0,0,25,25,0,25,0,0,0,0,0,BCC,ANNEAL,"Borg C K H , Frey C , Moh J ,et al.Expanded dataset of mechanical properties and observed s of multi-principal element alloys[J].Scientific Data, 2020, 7(1).DOI:10.1038/s41597-020-00768-9."
25,0,0,0,0,0,25,25,0,25,0,0,0,0,0,BCC,ANNEAL,"Borg C K H , Frey C , Moh J ,et al.Expanded dataset of mechanical properties and observed s of multi-principal element alloys[J].Scientific Data, 2020, 7(1).DOI:10.1038/s41597-020-00768-9."
25,0,0,0,0,0,25,25,0,25,0,0,0,0,0,BCC,ANNEAL,"Borg C K H , Frey C , Moh J ,et al.Expanded dataset of mechanical properties and observed s of multi-principal element alloys[J].Scientific Data, 2020, 7(1).DOI:10.1038/s41597-020-00768-9."
25,0,0,0,0,0,25,25,0,25,0,0,0,0,0,BCC,ANNEAL,"Borg C K H , Frey C , Moh J ,et al.Expanded dataset of mechanical properties and observed s of multi-principal element alloys[J].Scientific Data, 2020, 7(1).DOI:10.1038/s41597-020-00768-9."
25,0,0,0,0,0,0,25,0,25,0,25,0,0,0,BCC,ANNEAL,"Borg C K H , Frey C , Moh J ,et al.Expanded dataset of mechanical properties and observed s of multi-principal element alloys[J].Scientific Data, 2020, 7(1).DOI:10.1038/s41597-020-00768-9."
25,0,0,0,0,0,0,25,0,25,0,25,0,0,0,BCC,ANNEAL,"Borg C K H , Frey C , Moh J ,et al.Expanded dataset of mechanical properties and observed s of multi-principal element alloys[J].Scientific Data, 2020, 7(1).DOI:10.1038/s41597-020-00768-9."
25,0,0,0,0,0,0,25,0,25,0,25,0,0,0,BCC,ANNEAL,"Borg C K H , Frey C , Moh J ,et al.Expanded dataset of mechanical properties and observed s of multi-principal element alloys[J].Scientific Data, 2020, 7(1).DOI:10.1038/s41597-020-00768-9."
20,0,0,0,0,0,0,20,0,20,0,20,0,0,20,BCC+IM,ANNEAL,"Borg C K H , Frey C , Moh J ,et al.Expanded dataset of mechanical properties and observed s of multi-principal element alloys[J].Scientific Data, 2020, 7(1).DOI:10.1038/s41597-020-00768-9."
20,0,0,0,0,0,0,20,0,20,0,20,0,0,20,BCC+IM,ANNEAL,"Borg C K H , Frey C , Moh J ,et al.Expanded dataset of mechanical properties and observed s of multi-principal element alloys[J].Scientific Data, 2020, 7(1).DOI:10.1038/s41597-020-00768-9."
20,0,0,0,0,0,0,20,0,20,0,20,0,0,20,BCC+IM,ANNEAL,"Borg C K H , Frey C , Moh J ,et al.Expanded dataset of mechanical properties and observed s of multi-principal element alloys[J].Scientific Data, 2020, 7(1).DOI:10.1038/s41597-020-00768-9."
24.3902439,0,0,0,0,0,0,24.3902439,0,24.3902439,0,24.3902439,0,0,2.43902439,BCC+IM,ANNEAL,"Borg C K H , Frey C , Moh J ,et al.Expanded dataset of mechanical properties and observed s of multi-principal element alloys[J].Scientific Data, 2020, 7(1).DOI:10.1038/s41597-020-00768-9."
24.3902439,0,0,0,0,0,0,24.3902439,0,24.3902439,0,24.3902439,0,0,2.43902439,BCC+IM,ANNEAL,"Borg C K H , Frey C , Moh J ,et al.Expanded dataset of mechanical properties and observed s of multi-principal element alloys[J].Scientific Data, 2020, 7(1).DOI:10.1038/s41597-020-00768-9."
24.3902439,0,0,0,0,0,0,24.3902439,0,24.3902439,0,24.3902439,0,0,2.43902439,BCC+IM,ANNEAL,"Borg C K H , Frey C , Moh J ,et al.Expanded dataset of mechanical properties and observed s of multi-principal element alloys[J].Scientific Data, 2020, 7(1).DOI:10.1038/s41597-020-00768-9."
23.52941176,0,0,0,0,0,0,23.52941176,0,23.52941176,0,23.52941176,0,0,5.882352941,BCC+IM,ANNEAL,"Borg C K H , Frey C , Moh J ,et al.Expanded dataset of mechanical properties and observed s of multi-principal element alloys[J].Scientific Data, 2020, 7(1).DOI:10.1038/s41597-020-00768-9."
23.52941176,0,0,0,0,0,0,23.52941176,0,23.52941176,0,23.52941176,0,0,5.882352941,BCC+IM,ANNEAL,"Borg C K H , Frey C , Moh J ,et al.Expanded dataset of mechanical properties and observed s of multi-principal element alloys[J].Scientific Data, 2020, 7(1).DOI:10.1038/s41597-020-00768-9."
23.52941176,0,0,0,0,0,0,23.52941176,0,23.52941176,0,23.52941176,0,0,5.882352941,BCC+IM,ANNEAL,"Borg C K H , Frey C , Moh J ,et al.Expanded dataset of mechanical properties and observed s of multi-principal element alloys[J].Scientific Data, 2020, 7(1).DOI:10.1038/s41597-020-00768-9."
22.22222222,0,0,0,0,0,0,22.22222222,0,22.22222222,0,22.22222222,0,0,11.11111111,BCC+IM,ANNEAL,"Borg C K H , Frey C , Moh J ,et al.Expanded dataset of mechanical properties and observed s of multi-principal element alloys[J].Scientific Data, 2020, 7(1).DOI:10.1038/s41597-020-00768-9."
22.22222222,0,0,0,0,0,0,22.22222222,0,22.22222222,0,22.22222222,0,0,11.11111111,BCC+IM,ANNEAL,"Borg C K H , Frey C , Moh J ,et al.Expanded dataset of mechanical properties and observed s of multi-principal element alloys[J].Scientific Data, 2020, 7(1).DOI:10.1038/s41597-020-00768-9."
22.22222222,0,0,0,0,0,0,22.22222222,0,22.22222222,0,22.22222222,0,0,11.11111111,BCC+IM,ANNEAL,"Borg C K H , Frey C , Moh J ,et al.Expanded dataset of mechanical properties and observed s of multi-principal element alloys[J].Scientific Data, 2020, 7(1).DOI:10.1038/s41597-020-00768-9."
18.18429662,0,0,0,0,0,0,18.18429662,0,18.18429662,0,18.18429662,0,0,27.26281352,BCC+IM,ANNEAL,"Borg C K H , Frey C , Moh J ,et al.Expanded dataset of mechanical properties and observed s of multi-principal element alloys[J].Scientific Data, 2020, 7(1).DOI:10.1038/s41597-020-00768-9."
18.18429662,0,0,0,0,0,0,18.18429662,0,18.18429662,0,18.18429662,0,0,27.26281352,BCC+IM,ANNEAL,"Borg C K H , Frey C , Moh J ,et al.Expanded dataset of mechanical properties and observed s of multi-principal element alloys[J].Scientific Data, 2020, 7(1).DOI:10.1038/s41597-020-00768-9."
18.18429662,0,0,0,0,0,0,18.18429662,0,18.18429662,0,18.18429662,0,0,27.26281352,BCC+IM,ANNEAL,"Borg C K H , Frey C , Moh J ,et al.Expanded dataset of mechanical properties and observed s of multi-principal element alloys[J].Scientific Data, 2020, 7(1).DOI:10.1038/s41597-020-00768-9."
0,25,25,0,0,0,25,0,0,25,0,0,0,0,0,BCC+IM,CAST,"Borg C K H , Frey C , Moh J ,et al.Expanded dataset of mechanical properties and observed s of multi-principal element alloys[J].Scientific Data, 2020, 7(1).DOI:10.1038/s41597-020-00768-9."
0,20,20,0,0,0,20,20,0,20,0,0,0,0,0,BCC+IM,CAST,"Borg C K H , Frey C , Moh J ,et al.Expanded dataset of mechanical properties and observed s of multi-principal element alloys[J].Scientific Data, 2020, 7(1).DOI:10.1038/s41597-020-00768-9."
0,23.80952381,23.80952381,0,0,0,23.80952381,4.761904762,0,23.80952381,0,0,0,0,0,BCC+IM,CAST,"Borg C K H , Frey C , Moh J ,et al.Expanded dataset of mechanical properties and observed s of multi-principal element alloys[J].Scientific Data, 2020, 7(1).DOI:10.1038/s41597-020-00768-9."
0,22.72727273,22.72727273,0,0,0,22.72727273,9.090909091,0,22.72727273,0,0,0,0,0,BCC,CAST,"Borg C K H , Frey C , Moh J ,et al.Expanded dataset of mechanical properties and observed s of multi-principal element alloys[J].Scientific Data, 2020, 7(1).DOI:10.1038/s41597-020-00768-9."
0,22.22222222,22.22222222,0,0,0,22.22222222,11.11111111,0,22.22222222,0,0,0,0,0,BCC+IM,CAST,"Borg C K H , Frey C , Moh J ,et al.Expanded dataset of mechanical properties and observed s of multi-principal element alloys[J].Scientific Data, 2020, 7(1).DOI:10.1038/s41597-020-00768-9."
0,0,20,0,0,0,0,20,0,20,0,0,0,20,20,BCC+IM,ANNEAL,"Borg C K H , Frey C , Moh J ,et al.Expanded dataset of mechanical properties and observed s of multi-principal element alloys[J].Scientific Data, 2020, 7(1).DOI:10.1038/s41597-020-00768-9."
0,0,20,0,0,0,0,20,0,20,0,0,0,20,20,BCC+IM,ANNEAL,"Borg C K H , Frey C , Moh J ,et al.Expanded dataset of mechanical properties and observed s of multi-principal element alloys[J].Scientific Data, 2020, 7(1).DOI:10.1038/s41597-020-00768-9."
0,0,20,0,0,0,0,20,0,20,0,0,0,20,20,BCC+IM,ANNEAL,"Borg C K H , Frey C , Moh J ,et al.Expanded dataset of mechanical properties and observed s of multi-principal element alloys[J].Scientific Data, 2020, 7(1).DOI:10.1038/s41597-020-00768-9."
0,0,20,0,0,0,0,20,0,20,0,0,0,20,20,BCC+IM,ANNEAL,"Borg C K H , Frey C , Moh J ,et al.Expanded dataset of mechanical properties and observed s of multi-principal element alloys[J].Scientific Data, 2020, 7(1).DOI:10.1038/s41597-020-00768-9."
0,0,20,0,0,0,0,20,0,20,0,0,0,20,20,BCC+IM,CAST,"Borg C K H , Frey C , Moh J ,et al.Expanded dataset of mechanical properties and observed s of multi-principal element alloys[J].Scientific Data, 2020, 7(1).DOI:10.1038/s41597-020-00768-9."
0,0,0,0,0,0,0,20,0,20,0,20,0,20,20,BCC+IM,ANNEAL,"Borg C K H , Frey C , Moh J ,et al.Expanded dataset of mechanical properties and observed s of multi-principal element alloys[J].Scientific Data, 2020, 7(1).DOI:10.1038/s41597-020-00768-9."
0,0,0,0,0,0,0,20,0,20,0,20,0,20,20,BCC,ANNEAL,"Borg C K H , Frey C , Moh J ,et al.Expanded dataset of mechanical properties and observed s of multi-principal element alloys[J].Scientific Data, 2020, 7(1).DOI:10.1038/s41597-020-00768-9."
0,0,0,0,0,0,0,20,0,20,0,20,0,20,20,BCC,ANNEAL,"Borg C K H , Frey C , Moh J ,et al.Expanded dataset of mechanical properties and observed s of multi-principal element alloys[J].Scientific Data, 2020, 7(1).DOI:10.1038/s41597-020-00768-9."
0,0,0,0,0,0,0,20,0,20,0,20,0,20,20,BCC,ANNEAL,"Borg C K H , Frey C , Moh J ,et al.Expanded dataset of mechanical properties and observed s of multi-principal element alloys[J].Scientific Data, 2020, 7(1).DOI:10.1038/s41597-020-00768-9."
0,0,0,0,0,0,0,20,0,20,0,20,0,20,20,BCC+IM,CAST,"Borg C K H , Frey C , Moh J ,et al.Expanded dataset of mechanical properties and observed s of multi-principal element alloys[J].Scientific Data, 2020, 7(1).DOI:10.1038/s41597-020-00768-9."
0,0,0,0,0,0,0,17.76275353,0,30.7314075,30.7314075,0,0,7.99016595,12.78426552,BCC,CAST,"Borg C K H , Frey C , Moh J ,et al.Expanded dataset of mechanical properties and observed s of multi-principal element alloys[J].Scientific Data, 2020, 7(1).DOI:10.1038/s41597-020-00768-9."
0,0,0,0,0,0,0,17.76275353,0,30.7314075,30.7314075,0,0,7.99016595,12.78426552,BCC,CAST,"Borg C K H , Frey C , Moh J ,et al.Expanded dataset of mechanical properties and observed s of multi-principal element alloys[J].Scientific Data, 2020, 7(1).DOI:10.1038/s41597-020-00768-9."
0,0,0,0,0,0,0,17.76275353,0,30.7314075,30.7314075,0,0,7.99016595,12.78426552,BCC,CAST,"Borg C K H , Frey C , Moh J ,et al.Expanded dataset of mechanical properties and observed s of multi-principal element alloys[J].Scientific Data, 2020, 7(1).DOI:10.1038/s41597-020-00768-9."
0,0,0,0,0,0,0,17.76275353,0,30.7314075,30.7314075,0,0,7.99016595,12.78426552,BCC,CAST,"Borg C K H , Frey C , Moh J ,et al.Expanded dataset of mechanical properties and observed s of multi-principal element alloys[J].Scientific Data, 2020, 7(1).DOI:10.1038/s41597-020-00768-9."
0,0,0,0,0,0,0,17.76275353,0,30.7314075,30.7314075,0,0,7.99016595,12.78426552,BCC,CAST,"Borg C K H , Frey C , Moh J ,et al.Expanded dataset of mechanical properties and observed s of multi-principal element alloys[J].Scientific Data, 2020, 7(1).DOI:10.1038/s41597-020-00768-9."
0,0,0,0,0,0,12.5,25,0,25,0,0,0,12.5,25,BCC+IM,CAST,"Borg C K H , Frey C , Moh J ,et al.Expanded dataset of mechanical properties and observed s of multi-principal element alloys[J].Scientific Data, 2020, 7(1).DOI:10.1038/s41597-020-00768-9."
0,0,0,0,0,0,0,30.0030003,0,20.0120012,9.9909991,0,0,15.00150015,24.99249925,BCC,WROUGHT,"Borg C K H , Frey C , Moh J ,et al.Expanded dataset of mechanical properties and observed s of multi-principal element alloys[J].Scientific Data, 2020, 7(1).DOI:10.1038/s41597-020-00768-9."
0,0,0,0,0,0,0,30.0030003,0,20.0120012,9.9909991,0,0,15.00150015,24.99249925,BCC,WROUGHT,"Borg C K H , Frey C , Moh J ,et al.Expanded dataset of mechanical properties and observed s of multi-principal element alloys[J].Scientific Data, 2020, 7(1).DOI:10.1038/s41597-020-00768-9."
0,0,0,0,0,0,0,30.0030003,0,20.0120012,9.9909991,0,0,15.00150015,24.99249925,BCC,WROUGHT,"Borg C K H , Frey C , Moh J ,et al.Expanded dataset of mechanical properties and observed s of multi-principal element alloys[J].Scientific Data, 2020, 7(1).DOI:10.1038/s41597-020-00768-9."
0,0,0,0,0,0,0,30.0030003,0,20.0120012,9.9909991,0,0,15.00150015,24.99249925,BCC,WROUGHT,"Borg C K H , Frey C , Moh J ,et al.Expanded dataset of mechanical properties and observed s of multi-principal element alloys[J].Scientific Data, 2020, 7(1).DOI:10.1038/s41597-020-00768-9."
0,0,0,0,0,0,0,30.0030003,0,20.0120012,9.9909991,0,0,15.00150015,24.99249925,BCC,WROUGHT,"Borg C K H , Frey C , Moh J ,et al.Expanded dataset of mechanical properties and observed s of multi-principal element alloys[J].Scientific Data, 2020, 7(1).DOI:10.1038/s41597-020-00768-9."
0,0,0,0,0,0,0,30.0030003,0,20.0120012,9.9909991,0,0,15.00150015,24.99249925,BCC,WROUGHT,"Borg C K H , Frey C , Moh J ,et al.Expanded dataset of mechanical properties and observed s of multi-principal element alloys[J].Scientific Data, 2020, 7(1).DOI:10.1038/s41597-020-00768-9."
0,0,0,0,0,0,0,30.0030003,0,20.0120012,9.9909991,0,0,15.00150015,24.99249925,BCC,WROUGHT,"Borg C K H , Frey C , Moh J ,et al.Expanded dataset of mechanical properties and observed s of multi-principal element alloys[J].Scientific Data, 2020, 7(1).DOI:10.1038/s41597-020-00768-9."
0,0,0,0,0,0,0,30.0030003,0,20.0120012,9.9909991,0,0,15.00150015,24.99249925,BCC,WROUGHT,"Borg C K H , Frey C , Moh J ,et al.Expanded dataset of mechanical properties and observed s of multi-principal element alloys[J].Scientific Data, 2020, 7(1).DOI:10.1038/s41597-020-00768-9."
0,0,0,0,0,0,0,30.0030003,0,20.0120012,9.9909991,0,0,15.00150015,24.99249925,BCC,WROUGHT,"Borg C K H , Frey C , Moh J ,et al.Expanded dataset of mechanical properties and observed s of multi-principal element alloys[J].Scientific Data, 2020, 7(1).DOI:10.1038/s41597-020-00768-9."
0,0,0,0,0,0,0,30.0030003,0,20.0120012,9.9909991,0,0,15.00150015,24.99249925,BCC,WROUGHT,"Borg C K H , Frey C , Moh J ,et al.Expanded dataset of mechanical properties and observed s of multi-principal element alloys[J].Scientific Data, 2020, 7(1).DOI:10.1038/s41597-020-00768-9."
0,0,0,0,0,0,0,30.0030003,0,20.0120012,9.9909991,0,0,15.00150015,24.99249925,BCC,WROUGHT,"Borg C K H , Frey C , Moh J ,et al.Expanded dataset of mechanical properties and observed s of multi-principal element alloys[J].Scientific Data, 2020, 7(1).DOI:10.1038/s41597-020-00768-9."
0,0,0,0,0,0,0,30.0030003,0,20.0120012,9.9909991,0,0,15.00150015,24.99249925,BCC,WROUGHT,"Borg C K H , Frey C , Moh J ,et al.Expanded dataset of mechanical properties and observed s of multi-principal element alloys[J].Scientific Data, 2020, 7(1).DOI:10.1038/s41597-020-00768-9."
0,0,0,0,0,0,0,30.0030003,0,20.0120012,9.9909991,0,0,15.00150015,24.99249925,BCC,WROUGHT,"Borg C K H , Frey C , Moh J ,et al.Expanded dataset of mechanical properties and observed s of multi-principal element alloys[J].Scientific Data, 2020, 7(1).DOI:10.1038/s41597-020-00768-9."
0,0,0,0,0,0,0,30.0030003,0,20.0120012,9.9909991,0,0,15.00150015,24.99249925,BCC,WROUGHT,"Borg C K H , Frey C , Moh J ,et al.Expanded dataset of mechanical properties and observed s of multi-principal element alloys[J].Scientific Data, 2020, 7(1).DOI:10.1038/s41597-020-00768-9."
0,0,0,0,0,0,0,30.0030003,0,20.0120012,9.9909991,0,0,15.00150015,24.99249925,BCC,WROUGHT,"Borg C K H , Frey C , Moh J ,et al.Expanded dataset of mechanical properties and observed s of multi-principal element alloys[J].Scientific Data, 2020, 7(1).DOI:10.1038/s41597-020-00768-9."
0,0,0,0,0,0,0,30.0030003,0,20.0120012,9.9909991,0,0,15.00150015,24.99249925,BCC,WROUGHT,"Borg C K H , Frey C , Moh J ,et al.Expanded dataset of mechanical properties and observed s of multi-principal element alloys[J].Scientific Data, 2020, 7(1).DOI:10.1038/s41597-020-00768-9."
0,0,0,0,0,0,0,30.0030003,0,20.0120012,9.9909991,0,0,15.00150015,24.99249925,BCC,WROUGHT,"Borg C K H , Frey C , Moh J ,et al.Expanded dataset of mechanical properties and observed s of multi-principal element alloys[J].Scientific Data, 2020, 7(1).DOI:10.1038/s41597-020-00768-9."
0,0,0,0,0,0,0,30.0030003,0,20.0120012,9.9909991,0,0,15.00150015,24.99249925,BCC,WROUGHT,"Borg C K H , Frey C , Moh J ,et al.Expanded dataset of mechanical properties and observed s of multi-principal element alloys[J].Scientific Data, 2020, 7(1).DOI:10.1038/s41597-020-00768-9."
0,0,0,0,0,0,0,30.0030003,0,20.0120012,9.9909991,0,0,15.00150015,24.99249925,BCC,WROUGHT,"Borg C K H , Frey C , Moh J ,et al.Expanded dataset of mechanical properties and observed s of multi-principal element alloys[J].Scientific Data, 2020, 7(1).DOI:10.1038/s41597-020-00768-9."
0,0,0,0,0,0,0,30.0030003,0,20.0120012,9.9909991,0,0,15.00150015,24.99249925,BCC,WROUGHT,"Borg C K H , Frey C , Moh J ,et al.Expanded dataset of mechanical properties and observed s of multi-principal element alloys[J].Scientific Data, 2020, 7(1).DOI:10.1038/s41597-020-00768-9."
0,0,0,0,0,0,0,30.0030003,0,20.0120012,9.9909991,0,0,15.00150015,24.99249925,BCC,WROUGHT,"Borg C K H , Frey C , Moh J ,et al.Expanded dataset of mechanical properties and observed s of multi-principal element alloys[J].Scientific Data, 2020, 7(1).DOI:10.1038/s41597-020-00768-9."
0,0,0,0,0,0,12.5,25,0,25,0,12.5,0,25,0,BCC,CAST,"Borg C K H , Frey C , Moh J ,et al.Expanded dataset of mechanical properties and observed s of multi-principal element alloys[J].Scientific Data, 2020, 7(1).DOI:10.1038/s41597-020-00768-9."
0,0,0,0,0,0,12.5,25,0,25,0,12.5,0,25,0,BCC,CAST,"Borg C K H , Frey C , Moh J ,et al.Expanded dataset of mechanical properties and observed s of multi-principal element alloys[J].Scientific Data, 2020, 7(1).DOI:10.1038/s41597-020-00768-9."
0,0,0,0,0,0,12.5,25,0,25,0,12.5,0,25,0,BCC,CAST,"Borg C K H , Frey C , Moh J ,et al.Expanded dataset of mechanical properties and observed s of multi-principal element alloys[J].Scientific Data, 2020, 7(1).DOI:10.1038/s41597-020-00768-9."
0,0,0,0,0,0,0,34.98950315,0,4.968509447,4.968509447,0,0,27.53673898,27.53673898,BCC,WROUGHT,"Borg C K H , Frey C , Moh J ,et al.Expanded dataset of mechanical properties and observed s of multi-principal element alloys[J].Scientific Data, 2020, 7(1).DOI:10.1038/s41597-020-00768-9."
0,0,0,0,0,0,0,20,0,20,20,0,0,20,20,BCC,WROUGHT,"Borg C K H , Frey C , Moh J ,et al.Expanded dataset of mechanical properties and observed s of multi-principal element alloys[J].Scientific Data, 2020, 7(1).DOI:10.1038/s41597-020-00768-9."
0,0,0,0,0,0,0,20,0,20,20,0,0,20,20,BCC,WROUGHT,"Borg C K H , Frey C , Moh J ,et al.Expanded dataset of mechanical properties and observed s of multi-principal element alloys[J].Scientific Data, 2020, 7(1).DOI:10.1038/s41597-020-00768-9."
0,0,0,0,0,0,0,20,0,20,20,0,0,20,20,BCC1+BCC2,WROUGHT,"Borg C K H , Frey C , Moh J ,et al.Expanded dataset of mechanical properties and observed s of multi-principal element alloys[J].Scientific Data, 2020, 7(1).DOI:10.1038/s41597-020-00768-9."
0,0,0,0,0,0,0,20,0,20,20,0,0,20,20,BCC,WROUGHT,"Borg C K H , Frey C , Moh J ,et al.Expanded dataset of mechanical properties and observed s of multi-principal element alloys[J].Scientific Data, 2020, 7(1).DOI:10.1038/s41597-020-00768-9."
0,0,0,0,0,0,0,20,0,20,20,0,0,20,20,BCC,WROUGHT,"Borg C K H , Frey C , Moh J ,et al.Expanded dataset of mechanical properties and observed s of multi-principal element alloys[J].Scientific Data, 2020, 7(1).DOI:10.1038/s41597-020-00768-9."
0,0,0,0,0,0,0,20,0,20,20,0,0,20,20,BCC,WROUGHT,"Borg C K H , Frey C , Moh J ,et al.Expanded dataset of mechanical properties and observed s of multi-principal element alloys[J].Scientific Data, 2020, 7(1).DOI:10.1038/s41597-020-00768-9."
0,0,0,0,0,0,0,20,0,20,20,0,0,20,20,BCC,WROUGHT,"Borg C K H , Frey C , Moh J ,et al.Expanded dataset of mechanical properties and observed s of multi-principal element alloys[J].Scientific Data, 2020, 7(1).DOI:10.1038/s41597-020-00768-9."
0,0,0,0,0,0,0,20,0,20,20,0,0,20,20,BCC,WROUGHT,"Borg C K H , Frey C , Moh J ,et al.Expanded dataset of mechanical properties and observed s of multi-principal element alloys[J].Scientific Data, 2020, 7(1).DOI:10.1038/s41597-020-00768-9."
0,0,0,0,0,0,0,20,0,20,20,0,0,20,20,BCC,CAST,"Borg C K H , Frey C , Moh J ,et al.Expanded dataset of mechanical properties and observed s of multi-principal element alloys[J].Scientific Data, 2020, 7(1).DOI:10.1038/s41597-020-00768-9."
0,0,0,0,0,0,0,20,0,20,20,0,0,20,20,BCC,CAST,"Borg C K H , Frey C , Moh J ,et al.Expanded dataset of mechanical properties and observed s of multi-principal element alloys[J].Scientific Data, 2020, 7(1).DOI:10.1038/s41597-020-00768-9."
0,0,0,0,0,0,0,20,0,20,20,0,0,20,20,BCC,CAST,"Borg C K H , Frey C , Moh J ,et al.Expanded dataset of mechanical properties and observed s of multi-principal element alloys[J].Scientific Data, 2020, 7(1).DOI:10.1038/s41597-020-00768-9."
0,0,0,0,0,0,0,20,0,20,20,0,0,20,20,BCC,CAST,"Borg C K H , Frey C , Moh J ,et al.Expanded dataset of mechanical properties and observed s of multi-principal element alloys[J].Scientific Data, 2020, 7(1).DOI:10.1038/s41597-020-00768-9."
0,0,0,0,0,0,0,20,0,20,20,0,0,20,20,BCC,CAST,"Borg C K H , Frey C , Moh J ,et al.Expanded dataset of mechanical properties and observed s of multi-principal element alloys[J].Scientific Data, 2020, 7(1).DOI:10.1038/s41597-020-00768-9."
0,0,0,0,0,0,0,20,0,20,20,0,0,20,20,BCC,CAST,"Borg C K H , Frey C , Moh J ,et al.Expanded dataset of mechanical properties and observed s of multi-principal element alloys[J].Scientific Data, 2020, 7(1).DOI:10.1038/s41597-020-00768-9."
4.761904762,0,0,0,0,0,23.80952381,23.80952381,0,0,23.80952381,23.80952381,0,0,0,BCC,CAST,"Borg C K H , Frey C , Moh J ,et al.Expanded dataset of mechanical properties and observed s of multi-principal element alloys[J].Scientific Data, 2020, 7(1).DOI:10.1038/s41597-020-00768-9."
13.04347826,0,0,0,0,0,21.73913043,21.73913043,0,0,21.73913043,21.73913043,0,0,0,BCC,CAST,"Borg C K H , Frey C , Moh J ,et al.Expanded dataset of mechanical properties and observed s of multi-principal element alloys[J].Scientific Data, 2020, 7(1).DOI:10.1038/s41597-020-00768-9."
20,0,0,0,0,0,20,20,0,0,20,20,0,0,0,BCC,CAST,"Borg C K H , Frey C , Moh J ,et al.Expanded dataset of mechanical properties and observed s of multi-principal element alloys[J].Scientific Data, 2020, 7(1).DOI:10.1038/s41597-020-00768-9."
0,0,0,0,0,0,25,25,0,0,25,25,0,0,0,BCC,CAST,"Borg C K H , Frey C , Moh J ,et al.Expanded dataset of mechanical properties and observed s of multi-principal element alloys[J].Scientific Data, 2020, 7(1).DOI:10.1038/s41597-020-00768-9."
0,0,0,0,0,0,0,0,0,25,25,0,0,25,25,BCC+IM,ANNEAL,"Borg C K H , Frey C , Moh J ,et al.Expanded dataset of mechanical properties and observed s of multi-principal element alloys[J].Scientific Data, 2020, 7(1).DOI:10.1038/s41597-020-00768-9."
0,0,0,0,0,0,0,0,0,25,25,0,0,25,25,BCC+IM,ANNEAL,"Borg C K H , Frey C , Moh J ,et al.Expanded dataset of mechanical properties and observed s of multi-principal element alloys[J].Scientific Data, 2020, 7(1).DOI:10.1038/s41597-020-00768-9."
0,0,0,0,0,0,0,0,0,25,25,0,0,25,25,BCC+IM,ANNEAL,"Borg C K H , Frey C , Moh J ,et al.Expanded dataset of mechanical properties and observed s of multi-principal element alloys[J].Scientific Data, 2020, 7(1).DOI:10.1038/s41597-020-00768-9."
0,0,0,0,0,0,0,0,0,25,25,0,0,25,25,BCC+IM,ANNEAL,"Borg C K H , Frey C , Moh J ,et al.Expanded dataset of mechanical properties and observed s of multi-principal element alloys[J].Scientific Data, 2020, 7(1).DOI:10.1038/s41597-020-00768-9."
0,0,0,0,0,0,0,0,0,25,25,0,0,25,25,BCC,CAST,"Borg C K H , Frey C , Moh J ,et al.Expanded dataset of mechanical properties and observed s of multi-principal element alloys[J].Scientific Data, 2020, 7(1).DOI:10.1038/s41597-020-00768-9."
0,0,0,0,0,0,0,29.41176471,0,0,11.76470588,0,0,29.41176471,29.41176471,BCC+IM,CAST,"Borg C K H , Frey C , Moh J ,et al.Expanded dataset of mechanical properties and observed s of multi-principal element alloys[J].Scientific Data, 2020, 7(1).DOI:10.1038/s41597-020-00768-9."
0,0,0,0,0,0,0,28.57142857,0,0,14.28571429,0,0,28.57142857,28.57142857,BCC+IM,CAST,"Borg C K H , Frey C , Moh J ,et al.Expanded dataset of mechanical properties and observed s of multi-principal element alloys[J].Scientific Data, 2020, 7(1).DOI:10.1038/s41597-020-00768-9."
0,0,0,0,0,0,0,27.77777778,0,0,16.66666667,0,0,27.77777778,27.77777778,BCC+IM,CAST,"Borg C K H , Frey C , Moh J ,et al.Expanded dataset of mechanical properties and observed s of multi-principal element alloys[J].Scientific Data, 2020, 7(1).DOI:10.1038/s41597-020-00768-9."
0,0,0,0,0,0,0,25,0,0,25,0,0,25,25,BCC,CAST,"Borg C K H , Frey C , Moh J ,et al.Expanded dataset of mechanical properties and observed s of multi-principal element alloys[J].Scientific Data, 2020, 7(1).DOI:10.1038/s41597-020-00768-9."
0,0,0,0,0,0,23.52941176,5.882352941,23.52941176,23.52941176,23.52941176,0,0,0,0,BCC,CAST,"Borg C K H , Frey C , Moh J ,et al.Expanded dataset of mechanical properties and observed s of multi-principal element alloys[J].Scientific Data, 2020, 7(1).DOI:10.1038/s41597-020-00768-9."
0,0,0,0,0,0,22.22222222,11.11111111,22.22222222,22.22222222,22.22222222,0,0,0,0,BCC,CAST,"Borg C K H , Frey C , Moh J ,et al.Expanded dataset of mechanical properties and observed s of multi-principal element alloys[J].Scientific Data, 2020, 7(1).DOI:10.1038/s41597-020-00768-9."
0,0,0,0,0,0,21.05263158,15.78947368,21.05263158,21.05263158,21.05263158,0,0,0,0,BCC,CAST,"Borg C K H , Frey C , Moh J ,et al.Expanded dataset of mechanical properties and observed s of multi-principal element alloys[J].Scientific Data, 2020, 7(1).DOI:10.1038/s41597-020-00768-9."
0,0,0,0,0,0,20,20,20,20,20,0,0,0,0,BCC,CAST,"Borg C K H , Frey C , Moh J ,et al.Expanded dataset of mechanical properties and observed s of multi-principal element alloys[J].Scientific Data, 2020, 7(1).DOI:10.1038/s41597-020-00768-9."
0,0,0,0,0,0,25,0,25,25,25,0,0,0,0,BCC,CAST,"Borg C K H , Frey C , Moh J ,et al.Expanded dataset of mechanical properties and observed s of multi-principal element alloys[J].Scientific Data, 2020, 7(1).DOI:10.1038/s41597-020-00768-9."
0,0,0,0,0,0,20,20,0,20,20,20,0,0,0,BCC,CAST,"Borg C K H , Frey C , Moh J ,et al.Expanded dataset of mechanical properties and observed s of multi-principal element alloys[J].Scientific Data, 2020, 7(1).DOI:10.1038/s41597-020-00768-9."
0,0,0,0,0,0,16.66666667,16.66666667,16.66666667,16.66666667,16.66666667,16.66666667,0,0,0,BCC,CAST,"Borg C K H , Frey C , Moh J ,et al.Expanded dataset of mechanical properties and observed s of multi-principal element alloys[J].Scientific Data, 2020, 7(1).DOI:10.1038/s41597-020-00768-9."
0,0,0,0,0,0,16.66666667,16.66666667,16.66666667,16.66666667,16.66666667,16.66666667,0,0,0,BCC,CAST,"Borg C K H , Frey C , Moh J ,et al.Expanded dataset of mechanical properties and observed s of multi-principal element alloys[J].Scientific Data, 2020, 7(1).DOI:10.1038/s41597-020-00768-9."
0,0,0,0,0,0,16.66666667,16.66666667,16.66666667,16.66666667,16.66666667,16.66666667,0,0,0,BCC,CAST,"Borg C K H , Frey C , Moh J ,et al.Expanded dataset of mechanical properties and observed s of multi-principal element alloys[J].Scientific Data, 2020, 7(1).DOI:10.1038/s41597-020-00768-9."
0,0,0,0,0,0,16.66666667,16.66666667,16.66666667,16.66666667,16.66666667,16.66666667,0,0,0,BCC,CAST,"Borg C K H , Frey C , Moh J ,et al.Expanded dataset of mechanical properties and observed s of multi-principal element alloys[J].Scientific Data, 2020, 7(1).DOI:10.1038/s41597-020-00768-9."
0,0,0,0,0,0,16.66666667,16.66666667,16.66666667,16.66666667,16.66666667,16.66666667,0,0,0,BCC,CAST,"Borg C K H , Frey C , Moh J ,et al.Expanded dataset of mechanical properties and observed s of multi-principal element alloys[J].Scientific Data, 2020, 7(1).DOI:10.1038/s41597-020-00768-9."
0,0,0,0,0,0,20,20,20,20,20,0,0,0,0,BCC,CAST,"Borg C K H , Frey C , Moh J ,et al.Expanded dataset of mechanical properties and observed s of multi-principal element alloys[J].Scientific Data, 2020, 7(1).DOI:10.1038/s41597-020-00768-9."
0,0,0,0,0,0,20,20,20,20,20,0,0,0,0,BCC,CAST,"Borg C K H , Frey C , Moh J ,et al.Expanded dataset of mechanical properties and observed s of multi-principal element alloys[J].Scientific Data, 2020, 7(1).DOI:10.1038/s41597-020-00768-9."
0,0,0,0,0,0,20,20,20,20,20,0,0,0,0,BCC,CAST,"Borg C K H , Frey C , Moh J ,et al.Expanded dataset of mechanical properties and observed s of multi-principal element alloys[J].Scientific Data, 2020, 7(1).DOI:10.1038/s41597-020-00768-9."
0,0,0,0,0,0,20,20,20,20,20,0,0,0,0,BCC,CAST,"Borg C K H , Frey C , Moh J ,et al.Expanded dataset of mechanical properties and observed s of multi-principal element alloys[J].Scientific Data, 2020, 7(1).DOI:10.1038/s41597-020-00768-9."
0,0,0,0,0,0,20,20,20,20,20,0,0,0,0,BCC,CAST,"Borg C K H , Frey C , Moh J ,et al.Expanded dataset of mechanical properties and observed s of multi-principal element alloys[J].Scientific Data, 2020, 7(1).DOI:10.1038/s41597-020-00768-9."
0,0,0,0,0,0,20,20,0,20,20,0,0,0,20,BCC1+BCC2,CAST,"Borg C K H , Frey C , Moh J ,et al.Expanded dataset of mechanical properties and observed s of multi-principal element alloys[J].Scientific Data, 2020, 7(1).DOI:10.1038/s41597-020-00768-9."
0,0,0,0,0,0,20,20,0,20,20,0,0,0,20,BCC1+BCC2,ANNEAL,"Borg C K H , Frey C , Moh J ,et al.Expanded dataset of mechanical properties and observed s of multi-principal element alloys[J].Scientific Data, 2020, 7(1).DOI:10.1038/s41597-020-00768-9."
0,0,0,0,0,0,20,20,0,20,20,0,0,0,20,BCC1+BCC2,CAST,"Borg C K H , Frey C , Moh J ,et al.Expanded dataset of mechanical properties and observed s of multi-principal element alloys[J].Scientific Data, 2020, 7(1).DOI:10.1038/s41597-020-00768-9."
0,0,0,0,0,0,0,25,0,25,25,25,0,0,0,BCC,CAST,"Borg C K H , Frey C , Moh J ,et al.Expanded dataset of mechanical properties and observed s of multi-principal element alloys[J].Scientific Data, 2020, 7(1).DOI:10.1038/s41597-020-00768-9."
0,0,0,0,0,0,0,20,20,20,20,20,0,0,0,BCC,CAST,"Borg C K H , Frey C , Moh J ,et al.Expanded dataset of mechanical properties and observed s of multi-principal element alloys[J].Scientific Data, 2020, 7(1).DOI:10.1038/s41597-020-00768-9."
0,0,0,0,0,0,0,0,25,25,25,25,0,0,0,BCC,CAST,"Borg C K H , Frey C , Moh J ,et al.Expanded dataset of mechanical properties and observed s of multi-principal element alloys[J].Scientific Data, 2020, 7(1).DOI:10.1038/s41597-020-00768-9."
10,0,20,0,0,0,0,40,0,20,0,10,0,0,0,BCC+IM,ANNEAL,"Borg C K H , Frey C , Moh J ,et al.Expanded dataset of mechanical properties and observed s of multi-principal element alloys[J].Scientific Data, 2020, 7(1).DOI:10.1038/s41597-020-00768-9."
10,0,20,0,0,0,0,40,0,20,0,10,0,0,0,BCC+IM,ANNEAL,"Borg C K H , Frey C , Moh J ,et al.Expanded dataset of mechanical properties and observed s of multi-principal element alloys[J].Scientific Data, 2020, 7(1).DOI:10.1038/s41597-020-00768-9."
10,0,20,0,0,0,0,40,0,20,0,10,0,0,0,BCC+IM,ANNEAL,"Borg C K H , Frey C , Moh J ,et al.Expanded dataset of mechanical properties and observed s of multi-principal element alloys[J].Scientific Data, 2020, 7(1).DOI:10.1038/s41597-020-00768-9."
10,0,20,0,0,0,0,40,0,20,0,10,0,0,0,BCC+IM,ANNEAL,"Borg C K H , Frey C , Moh J ,et al.Expanded dataset of mechanical properties and observed s of multi-principal element alloys[J].Scientific Data, 2020, 7(1).DOI:10.1038/s41597-020-00768-9."
10,0,20,0,0,0,0,40,0,20,0,10,0,0,0,BCC,CAST,"Borg C K H , Frey C , Moh J ,et al.Expanded dataset of mechanical properties and observed s of multi-principal element alloys[J].Scientific Data, 2020, 7(1).DOI:10.1038/s41597-020-00768-9."
22.22222222,0,11.11111111,0,0,0,0,22.22222222,0,22.22222222,0,22.22222222,0,0,0,BCC,ANNEAL,"Borg C K H , Frey C , Moh J ,et al.Expanded dataset of mechanical properties and observed s of multi-principal element alloys[J].Scientific Data, 2020, 7(1).DOI:10.1038/s41597-020-00768-9."
22.22222222,0,11.11111111,0,0,0,0,22.22222222,0,22.22222222,0,22.22222222,0,0,0,BCC,ANNEAL,"Borg C K H , Frey C , Moh J ,et al.Expanded dataset of mechanical properties and observed s of multi-principal element alloys[J].Scientific Data, 2020, 7(1).DOI:10.1038/s41597-020-00768-9."
22.22222222,0,11.11111111,0,0,0,0,22.22222222,0,22.22222222,0,22.22222222,0,0,0,BCC,ANNEAL,"Borg C K H , Frey C , Moh J ,et al.Expanded dataset of mechanical properties and observed s of multi-principal element alloys[J].Scientific Data, 2020, 7(1).DOI:10.1038/s41597-020-00768-9."
22.22222222,0,11.11111111,0,0,0,0,22.22222222,0,22.22222222,0,22.22222222,0,0,0,BCC,ANNEAL,"Borg C K H , Frey C , Moh J ,et al.Expanded dataset of mechanical properties and observed s of multi-principal element alloys[J].Scientific Data, 2020, 7(1).DOI:10.1038/s41597-020-00768-9."
18.18429662,0,27.26281352,0,0,0,0,18.18429662,0,18.18429662,0,18.18429662,0,0,0,BCC+IM,ANNEAL,"Borg C K H , Frey C , Moh J ,et al.Expanded dataset of mechanical properties and observed s of multi-principal element alloys[J].Scientific Data, 2020, 7(1).DOI:10.1038/s41597-020-00768-9."
18.18429662,0,27.26281352,0,0,0,0,18.18429662,0,18.18429662,0,18.18429662,0,0,0,BCC+IM,ANNEAL,"Borg C K H , Frey C , Moh J ,et al.Expanded dataset of mechanical properties and observed s of multi-principal element alloys[J].Scientific Data, 2020, 7(1).DOI:10.1038/s41597-020-00768-9."
18.18429662,0,27.26281352,0,0,0,0,18.18429662,0,18.18429662,0,18.18429662,0,0,0,BCC+IM,ANNEAL,"Borg C K H , Frey C , Moh J ,et al.Expanded dataset of mechanical properties and observed s of multi-principal element alloys[J].Scientific Data, 2020, 7(1).DOI:10.1038/s41597-020-00768-9."
18.18429662,0,27.26281352,0,0,0,0,18.18429662,0,18.18429662,0,18.18429662,0,0,0,BCC+IM,ANNEAL,"Borg C K H , Frey C , Moh J ,et al.Expanded dataset of mechanical properties and observed s of multi-principal element alloys[J].Scientific Data, 2020, 7(1).DOI:10.1038/s41597-020-00768-9."
20,0,20,0,0,0,0,20,0,20,0,20,0,0,0,BCC+IM,ANNEAL,"Borg C K H , Frey C , Moh J ,et al.Expanded dataset of mechanical properties and observed s of multi-principal element alloys[J].Scientific Data, 2020, 7(1).DOI:10.1038/s41597-020-00768-9."
20,0,20,0,0,0,0,20,0,20,0,20,0,0,0,BCC+IM,ANNEAL,"Borg C K H , Frey C , Moh J ,et al.Expanded dataset of mechanical properties and observed s of multi-principal element alloys[J].Scientific Data, 2020, 7(1).DOI:10.1038/s41597-020-00768-9."
20,0,20,0,0,0,0,20,0,20,0,20,0,0,0,BCC+IM,ANNEAL,"Borg C K H , Frey C , Moh J ,et al.Expanded dataset of mechanical properties and observed s of multi-principal element alloys[J].Scientific Data, 2020, 7(1).DOI:10.1038/s41597-020-00768-9."
20,0,20,0,0,0,0,20,0,20,0,20,0,0,0,BCC+IM,ANNEAL,"Borg C K H , Frey C , Moh J ,et al.Expanded dataset of mechanical properties and observed s of multi-principal element alloys[J].Scientific Data, 2020, 7(1).DOI:10.1038/s41597-020-00768-9."
25,0,0,0,0,0,0,25,0,25,0,25,0,0,0,BCC,ANNEAL,"Borg C K H , Frey C , Moh J ,et al.Expanded dataset of mechanical properties and observed s of multi-principal element alloys[J].Scientific Data, 2020, 7(1).DOI:10.1038/s41597-020-00768-9."
25,0,0,0,0,0,0,25,0,25,0,25,0,0,0,BCC,ANNEAL,"Borg C K H , Frey C , Moh J ,et al.Expanded dataset of mechanical properties and observed s of multi-principal element alloys[J].Scientific Data, 2020, 7(1).DOI:10.1038/s41597-020-00768-9."
25,0,0,0,0,0,0,25,0,25,0,25,0,0,0,BCC,ANNEAL,"Borg C K H , Frey C , Moh J ,et al.Expanded dataset of mechanical properties and observed s of multi-principal element alloys[J].Scientific Data, 2020, 7(1).DOI:10.1038/s41597-020-00768-9."
25,0,0,0,0,0,0,25,0,25,0,25,0,0,0,BCC,ANNEAL,"Borg C K H , Frey C , Moh J ,et al.Expanded dataset of mechanical properties and observed s of multi-principal element alloys[J].Scientific Data, 2020, 7(1).DOI:10.1038/s41597-020-00768-9."
6.976744186,23.25581395,23.25581395,0,23.25581395,23.25581395,0,0,0,0,0,0,0,0,0,BCC+FCC+IM,WROUGHT,"Borg C K H , Frey C , Moh J ,et al.Expanded dataset of mechanical properties and observed s of multi-principal element alloys[J].Scientific Data, 2020, 7(1).DOI:10.1038/s41597-020-00768-9."
0,0,20,0,40,15,0,0,0,0,0,0,25,0,0,BCC+FCC,CAST,"Borg C K H , Frey C , Moh J ,et al.Expanded dataset of mechanical properties and observed s of multi-principal element alloys[J].Scientific Data, 2020, 7(1).DOI:10.1038/s41597-020-00768-9."
1.960784314,0,19.60784314,0,39.21568627,14.70588235,0,0,0,0,0,0,24.50980392,0,0,BCC+FCC,CAST,"Borg C K H , Frey C , Moh J ,et al.Expanded dataset of mechanical properties and observed s of multi-principal element alloys[J].Scientific Data, 2020, 7(1).DOI:10.1038/s41597-020-00768-9."
5.660377358,0,18.86792453,0,37.73584906,14.1509434,0,0,0,0,0,0,23.58490566,0,0,BCC+FCC,CAST,"Borg C K H , Frey C , Moh J ,et al.Expanded dataset of mechanical properties and observed s of multi-principal element alloys[J].Scientific Data, 2020, 7(1).DOI:10.1038/s41597-020-00768-9."
9.090909091,0,18.18181818,0,36.36363636,13.63636364,0,0,0,0,0,0,22.72727273,0,0,BCC1+BCC2,CAST,"Borg C K H , Frey C , Moh J ,et al.Expanded dataset of mechanical properties and observed s of multi-principal element alloys[J].Scientific Data, 2020, 7(1).DOI:10.1038/s41597-020-00768-9."
12.28070175,0,17.54385965,0,35.0877193,13.15789474,0,0,0,0,0,0,21.92982456,0,0,BCC1+BCC2,CAST,"Borg C K H , Frey C , Moh J ,et al.Expanded dataset of mechanical properties and observed s of multi-principal element alloys[J].Scientific Data, 2020, 7(1).DOI:10.1038/s41597-020-00768-9."
0,0,20,0,40,15,0,0,0,0,0,0,25,0,0,BCC+FCC,CAST,"Borg C K H , Frey C , Moh J ,et al.Expanded dataset of mechanical properties and observed s of multi-principal element alloys[J].Scientific Data, 2020, 7(1).DOI:10.1038/s41597-020-00768-9."
1.960784314,0,19.60784314,0,39.21568627,14.70588235,0,0,0,0,0,0,24.50980392,0,0,BCC+FCC,CAST,"Borg C K H , Frey C , Moh J ,et al.Expanded dataset of mechanical properties and observed s of multi-principal element alloys[J].Scientific Data, 2020, 7(1).DOI:10.1038/s41597-020-00768-9."
5.660377358,0,18.86792453,0,37.73584906,14.1509434,0,0,0,0,0,0,23.58490566,0,0,BCC+FCC,CAST,"Borg C K H , Frey C , Moh J ,et al.Expanded dataset of mechanical properties and observed s of multi-principal element alloys[J].Scientific Data, 2020, 7(1).DOI:10.1038/s41597-020-00768-9."
9.090909091,0,18.18181818,0,36.36363636,13.63636364,0,0,0,0,0,0,22.72727273,0,0,BCC1+BCC2,CAST,"Borg C K H , Frey C , Moh J ,et al.Expanded dataset of mechanical properties and observed s of multi-principal element alloys[J].Scientific Data, 2020, 7(1).DOI:10.1038/s41597-020-00768-9."
12.28070175,0,17.54385965,0,35.0877193,13.15789474,0,0,0,0,0,0,21.92982456,0,0,BCC1+BCC2,CAST,"Borg C K H , Frey C , Moh J ,et al.Expanded dataset of mechanical properties and observed s of multi-principal element alloys[J].Scientific Data, 2020, 7(1).DOI:10.1038/s41597-020-00768-9."
0,0,20,0,40,15,0,0,0,0,0,0,25,0,0,BCC+FCC,CAST,"Borg C K H , Frey C , Moh J ,et al.Expanded dataset of mechanical properties and observed s of multi-principal element alloys[J].Scientific Data, 2020, 7(1).DOI:10.1038/s41597-020-00768-9."
1.960784314,0,19.60784314,0,39.21568627,14.70588235,0,0,0,0,0,0,24.50980392,0,0,BCC+FCC,CAST,"Borg C K H , Frey C , Moh J ,et al.Expanded dataset of mechanical properties and observed s of multi-principal element alloys[J].Scientific Data, 2020, 7(1).DOI:10.1038/s41597-020-00768-9."
5.660377358,0,18.86792453,0,37.73584906,14.1509434,0,0,0,0,0,0,23.58490566,0,0,BCC+FCC,CAST,"Borg C K H , Frey C , Moh J ,et al.Expanded dataset of mechanical properties and observed s of multi-principal element alloys[J].Scientific Data, 2020, 7(1).DOI:10.1038/s41597-020-00768-9."
9.090909091,0,18.18181818,0,36.36363636,13.63636364,0,0,0,0,0,0,22.72727273,0,0,BCC1+BCC2,CAST,"Borg C K H , Frey C , Moh J ,et al.Expanded dataset of mechanical properties and observed s of multi-principal element alloys[J].Scientific Data, 2020, 7(1).DOI:10.1038/s41597-020-00768-9."
12.28070175,0,17.54385965,0,35.0877193,13.15789474,0,0,0,0,0,0,21.92982456,0,0,BCC1+BCC2,CAST,"Borg C K H , Frey C , Moh J ,et al.Expanded dataset of mechanical properties and observed s of multi-principal element alloys[J].Scientific Data, 2020, 7(1).DOI:10.1038/s41597-020-00768-9."
0,20,20,0,20,20,0,0,0,0,0,0,20,0,0,FCC,WROUGHT,"Borg C K H , Frey C , Moh J ,et al.Expanded dataset of mechanical properties and observed s of multi-principal element alloys[J].Scientific Data, 2020, 7(1).DOI:10.1038/s41597-020-00768-9."
0,10,10,0,50,0,0,0,0,0,0,0,30,0,0,FCC+IM,ANNEAL,"Borg C K H , Frey C , Moh J ,et al.Expanded dataset of mechanical properties and observed s of multi-principal element alloys[J].Scientific Data, 2020, 7(1).DOI:10.1038/s41597-020-00768-9."
0,10,10,0,50,0,0,0,0,0,0,0,30,0,0,FCC+IM,WROUGHT,"Borg C K H , Frey C , Moh J ,et al.Expanded dataset of mechanical properties and observed s of multi-principal element alloys[J].Scientific Data, 2020, 7(1).DOI:10.1038/s41597-020-00768-9."
0,10,10,0,50,0,0,0,0,0,0,0,30,0,0,FCC+IM,WROUGHT,"Borg C K H , Frey C , Moh J ,et al.Expanded dataset of mechanical properties and observed s of multi-principal element alloys[J].Scientific Data, 2020, 7(1).DOI:10.1038/s41597-020-00768-9."
0,10,10,0,50,0,0,0,0,0,0,0,30,0,0,FCC+IM,WROUGHT,"Borg C K H , Frey C , Moh J ,et al.Expanded dataset of mechanical properties and observed s of multi-principal element alloys[J].Scientific Data, 2020, 7(1).DOI:10.1038/s41597-020-00768-9."
0,10,10,0,50,0,0,0,0,0,0,0,30,0,0,FCC+IM,WROUGHT,"Borg C K H , Frey C , Moh J ,et al.Expanded dataset of mechanical properties and observed s of multi-principal element alloys[J].Scientific Data, 2020, 7(1).DOI:10.1038/s41597-020-00768-9."
0,10,10,0,50,0,0,0,0,0,0,0,30,0,0,FCC+IM,WROUGHT,"Borg C K H , Frey C , Moh J ,et al.Expanded dataset of mechanical properties and observed s of multi-principal element alloys[J].Scientific Data, 2020, 7(1).DOI:10.1038/s41597-020-00768-9."
7.063197026,23.23420074,23.23420074,0,23.23420074,23.23420074,0,0,0,0,0,0,0,0,0,BCC+FCC,WROUGHT,"Borg C K H , Frey C , Moh J ,et al.Expanded dataset of mechanical properties and observed s of multi-principal element alloys[J].Scientific Data, 2020, 7(1).DOI:10.1038/s41597-020-00768-9."
7.063197026,23.23420074,23.23420074,0,23.23420074,23.23420074,0,0,0,0,0,0,0,0,0,FCC,WROUGHT,"Borg C K H , Frey C , Moh J ,et al.Expanded dataset of mechanical properties and observed s of multi-principal element alloys[J].Scientific Data, 2020, 7(1).DOI:10.1038/s41597-020-00768-9."
7.063197026,23.23420074,23.23420074,0,23.23420074,23.23420074,0,0,0,0,0,0,0,0,0,FCC,WROUGHT,"Borg C K H , Frey C , Moh J ,et al.Expanded dataset of mechanical properties and observed s of multi-principal element alloys[J].Scientific Data, 2020, 7(1).DOI:10.1038/s41597-020-00768-9."
7.063197026,23.23420074,23.23420074,0,23.23420074,23.23420074,0,0,0,0,0,0,0,0,0,FCC,WROUGHT,"Borg C K H , Frey C , Moh J ,et al.Expanded dataset of mechanical properties and observed s of multi-principal element alloys[J].Scientific Data, 2020, 7(1).DOI:10.1038/s41597-020-00768-9."
7.063197026,23.23420074,23.23420074,0,23.23420074,23.23420074,0,0,0,0,0,0,0,0,0,FCC,WROUGHT,"Borg C K H , Frey C , Moh J ,et al.Expanded dataset of mechanical properties and observed s of multi-principal element alloys[J].Scientific Data, 2020, 7(1).DOI:10.1038/s41597-020-00768-9."
7.063197026,23.23420074,23.23420074,0,23.23420074,23.23420074,0,0,0,0,0,0,0,0,0,BCC+FCC,WROUGHT,"Borg C K H , Frey C , Moh J ,et al.Expanded dataset of mechanical properties and observed s of multi-principal element alloys[J].Scientific Data, 2020, 7(1).DOI:10.1038/s41597-020-00768-9."
7.063197026,23.23420074,23.23420074,0,23.23420074,23.23420074,0,0,0,0,0,0,0,0,0,FCC,WROUGHT,"Borg C K H , Frey C , Moh J ,et al.Expanded dataset of mechanical properties and observed s of multi-principal element alloys[J].Scientific Data, 2020, 7(1).DOI:10.1038/s41597-020-00768-9."
7.063197026,23.23420074,23.23420074,0,23.23420074,23.23420074,0,0,0,0,0,0,0,0,0,FCC,WROUGHT,"Borg C K H , Frey C , Moh J ,et al.Expanded dataset of mechanical properties and observed s of multi-principal element alloys[J].Scientific Data, 2020, 7(1).DOI:10.1038/s41597-020-00768-9."
7.063197026,23.23420074,23.23420074,0,23.23420074,23.23420074,0,0,0,0,0,0,0,0,0,BCC+FCC,WROUGHT,"Borg C K H , Frey C , Moh J ,et al.Expanded dataset of mechanical properties and observed s of multi-principal element alloys[J].Scientific Data, 2020, 7(1).DOI:10.1038/s41597-020-00768-9."
7.063197026,23.23420074,23.23420074,0,23.23420074,23.23420074,0,0,0,0,0,0,0,0,0,BCC+FCC,ANNEAL,"Borg C K H , Frey C , Moh J ,et al.Expanded dataset of mechanical properties and observed s of multi-principal element alloys[J].Scientific Data, 2020, 7(1).DOI:10.1038/s41597-020-00768-9."
7.063197026,23.23420074,23.23420074,0,23.23420074,23.23420074,0,0,0,0,0,0,0,0,0,FCC,CAST,"Borg C K H , Frey C , Moh J ,et al.Expanded dataset of mechanical properties and observed s of multi-principal element alloys[J].Scientific Data, 2020, 7(1).DOI:10.1038/s41597-020-00768-9."
7.063197026,23.23420074,23.23420074,0,23.23420074,23.23420074,0,0,0,0,0,0,0,0,0,FCC,ANNEAL,"Borg C K H , Frey C , Moh J ,et al.Expanded dataset of mechanical properties and observed s of multi-principal element alloys[J].Scientific Data, 2020, 7(1).DOI:10.1038/s41597-020-00768-9."
7.063197026,23.23420074,23.23420074,0,23.23420074,23.23420074,0,0,0,0,0,0,0,0,0,BCC+FCC,ANNEAL,"Borg C K H , Frey C , Moh J ,et al.Expanded dataset of mechanical properties and observed s of multi-principal element alloys[J].Scientific Data, 2020, 7(1).DOI:10.1038/s41597-020-00768-9."
7.063197026,23.23420074,23.23420074,0,23.23420074,23.23420074,0,0,0,0,0,0,0,0,0,FCC,ANNEAL,"Borg C K H , Frey C , Moh J ,et al.Expanded dataset of mechanical properties and observed s of multi-principal element alloys[J].Scientific Data, 2020, 7(1).DOI:10.1038/s41597-020-00768-9."
7.063197026,23.23420074,23.23420074,0,23.23420074,23.23420074,0,0,0,0,0,0,0,0,0,FCC,ANNEAL,"Borg C K H , Frey C , Moh J ,et al.Expanded dataset of mechanical properties and observed s of multi-principal element alloys[J].Scientific Data, 2020, 7(1).DOI:10.1038/s41597-020-00768-9."
7.063197026,23.23420074,23.23420074,0,23.23420074,23.23420074,0,0,0,0,0,0,0,0,0,BCC+FCC,ANNEAL,"Borg C K H , Frey C , Moh J ,et al.Expanded dataset of mechanical properties and observed s of multi-principal element alloys[J].Scientific Data, 2020, 7(1).DOI:10.1038/s41597-020-00768-9."
20,20,20,0,20,20,0,0,0,0,0,0,0,0,0,BCC1+BCC2,CAST,"Borg C K H , Frey C , Moh J ,et al.Expanded dataset of mechanical properties and observed s of multi-principal element alloys[J].Scientific Data, 2020, 7(1).DOI:10.1038/s41597-020-00768-9."
20,20,20,0,20,20,0,0,0,0,0,0,0,0,0,BCC1+BCC2,CAST,"Borg C K H , Frey C , Moh J ,et al.Expanded dataset of mechanical properties and observed s of multi-principal element alloys[J].Scientific Data, 2020, 7(1).DOI:10.1038/s41597-020-00768-9."
20,20,20,0,20,20,0,0,0,0,0,0,0,0,0,BCC+FCC+IM,ANNEAL,"Borg C K H , Frey C , Moh J ,et al.Expanded dataset of mechanical properties and observed s of multi-principal element alloys[J].Scientific Data, 2020, 7(1).DOI:10.1038/s41597-020-00768-9."
20,20,20,0,20,20,0,0,0,0,0,0,0,0,0,BCC+FCC+IM,ANNEAL,"Borg C K H , Frey C , Moh J ,et al.Expanded dataset of mechanical properties and observed s of multi-principal element alloys[J].Scientific Data, 2020, 7(1).DOI:10.1038/s41597-020-00768-9."
20,20,20,0,20,20,0,0,0,0,0,0,0,0,0,BCC+FCC+IM,ANNEAL,"Borg C K H , Frey C , Moh J ,et al.Expanded dataset of mechanical properties and observed s of multi-principal element alloys[J].Scientific Data, 2020, 7(1).DOI:10.1038/s41597-020-00768-9."
20,20,20,0,20,20,0,0,0,0,0,0,0,0,0,BCC+FCC+IM,ANNEAL,"Borg C K H , Frey C , Moh J ,et al.Expanded dataset of mechanical properties and observed s of multi-principal element alloys[J].Scientific Data, 2020, 7(1).DOI:10.1038/s41597-020-00768-9."
20,20,20,0,20,20,0,0,0,0,0,0,0,0,0,BCC+FCC,ANNEAL,"Borg C K H , Frey C , Moh J ,et al.Expanded dataset of mechanical properties and observed s of multi-principal element alloys[J].Scientific Data, 2020, 7(1).DOI:10.1038/s41597-020-00768-9."
16.99669967,0,16.99669967,0,33.00330033,33.00330033,0,0,0,0,0,0,0,0,0,BCC+FCC+IM,CAST,"Borg C K H , Frey C , Moh J ,et al.Expanded dataset of mechanical properties and observed s of multi-principal element alloys[J].Scientific Data, 2020, 7(1).DOI:10.1038/s41597-020-00768-9."
11.88908146,17.81629116,17.81629116,0,34.66204506,17.81629116,0,0,0,0,0,0,0,0,0,BCC1+BCC2,CAST,"Borg C K H , Frey C , Moh J ,et al.Expanded dataset of mechanical properties and observed s of multi-principal element alloys[J].Scientific Data, 2020, 7(1).DOI:10.1038/s41597-020-00768-9."
0,35.00175009,15.01575079,0,19.9859993,19.9859993,10.01050053,0,0,0,0,0,0,0,0,FCC,CAST,"Borg C K H , Frey C , Moh J ,et al.Expanded dataset of mechanical properties and observed s of multi-principal element alloys[J].Scientific Data, 2020, 7(1).DOI:10.1038/s41597-020-00768-9."
0,35.00175009,15.01575079,0,19.9859993,19.9859993,10.01050053,0,0,0,0,0,0,0,0,FCC+IM,WROUGHT,"Borg C K H , Frey C , Moh J ,et al.Expanded dataset of mechanical properties and observed s of multi-principal element alloys[J].Scientific Data, 2020, 7(1).DOI:10.1038/s41597-020-00768-9."
0,35.00175009,15.01575079,0,19.9859993,19.9859993,10.01050053,0,0,0,0,0,0,0,0,FCC+IM,WROUGHT,"Borg C K H , Frey C , Moh J ,et al.Expanded dataset of mechanical properties and observed s of multi-principal element alloys[J].Scientific Data, 2020, 7(1).DOI:10.1038/s41597-020-00768-9."
0,35.00175009,15.01575079,0,19.9859993,19.9859993,10.01050053,0,0,0,0,0,0,0,0,FCC+IM,WROUGHT,"Borg C K H , Frey C , Moh J ,et al.Expanded dataset of mechanical properties and observed s of multi-principal element alloys[J].Scientific Data, 2020, 7(1).DOI:10.1038/s41597-020-00768-9."
0,35.00175009,15.01575079,0,19.9859993,19.9859993,10.01050053,0,0,0,0,0,0,0,0,FCC+IM,WROUGHT,"Borg C K H , Frey C , Moh J ,et al.Expanded dataset of mechanical properties and observed s of multi-principal element alloys[J].Scientific Data, 2020, 7(1).DOI:10.1038/s41597-020-00768-9."
0,35.00175009,15.01575079,0,19.9859993,19.9859993,10.01050053,0,0,0,0,0,0,0,0,FCC+IM,WROUGHT,"Borg C K H , Frey C , Moh J ,et al.Expanded dataset of mechanical properties and observed s of multi-principal element alloys[J].Scientific Data, 2020, 7(1).DOI:10.1038/s41597-020-00768-9."
0,35.00175009,15.01575079,0,19.9859993,19.9859993,10.01050053,0,0,0,0,0,0,0,0,FCC,WROUGHT,"Borg C K H , Frey C , Moh J ,et al.Expanded dataset of mechanical properties and observed s of multi-principal element alloys[J].Scientific Data, 2020, 7(1).DOI:10.1038/s41597-020-00768-9."
0,25,25,0,25,25,0,0,0,0,0,0,0,0,0,FCC,CAST,"Borg C K H , Frey C , Moh J ,et al.Expanded dataset of mechanical properties and observed s of multi-principal element alloys[J].Scientific Data, 2020, 7(1).DOI:10.1038/s41597-020-00768-9."
0,23.23420074,23.23420074,0,23.23420074,23.23420074,7.063197026,0,0,0,0,0,0,0,0,FCC+IM,CAST,"Borg C K H , Frey C , Moh J ,et al.Expanded dataset of mechanical properties and observed s of multi-principal element alloys[J].Scientific Data, 2020, 7(1).DOI:10.1038/s41597-020-00768-9."
0,23.23420074,23.23420074,0,23.23420074,23.23420074,7.063197026,0,0,0,0,0,0,0,0,FCC+IM,WROUGHT,"Borg C K H , Frey C , Moh J ,et al.Expanded dataset of mechanical properties and observed s of multi-principal element alloys[J].Scientific Data, 2020, 7(1).DOI:10.1038/s41597-020-00768-9."
0,23.23420074,23.23420074,0,23.23420074,23.23420074,7.063197026,0,0,0,0,0,0,0,0,FCC+IM,WROUGHT,"Borg C K H , Frey C , Moh J ,et al.Expanded dataset of mechanical properties and observed s of multi-principal element alloys[J].Scientific Data, 2020, 7(1).DOI:10.1038/s41597-020-00768-9."
0,23.23420074,23.23420074,0,23.23420074,23.23420074,7.063197026,0,0,0,0,0,0,0,0,FCC+IM,WROUGHT,"Borg C K H , Frey C , Moh J ,et al.Expanded dataset of mechanical properties and observed s of multi-principal element alloys[J].Scientific Data, 2020, 7(1).DOI:10.1038/s41597-020-00768-9."
0,20,20,0,20,20,0,0,0,0,0,0,20,0,0,FCC,WROUGHT,"Borg C K H , Frey C , Moh J ,et al.Expanded dataset of mechanical properties and observed s of multi-principal element alloys[J].Scientific Data, 2020, 7(1).DOI:10.1038/s41597-020-00768-9."
0,20,20,0,20,20,0,0,0,0,0,0,20,0,0,FCC,WROUGHT,"Borg C K H , Frey C , Moh J ,et al.Expanded dataset of mechanical properties and observed s of multi-principal element alloys[J].Scientific Data, 2020, 7(1).DOI:10.1038/s41597-020-00768-9."
0,25,25,0,25,25,0,0,0,0,0,0,0,0,0,FCC,ANNEAL,"Borg C K H , Frey C , Moh J ,et al.Expanded dataset of mechanical properties and observed s of multi-principal element alloys[J].Scientific Data, 2020, 7(1).DOI:10.1038/s41597-020-00768-9."
3.929411765,23.52941176,23.52941176,0,23.52941176,23.52941176,0,1.952941176,0,0,0,0,0,0,0,FCC,ANNEAL,"Borg C K H , Frey C , Moh J ,et al.Expanded dataset of mechanical properties and observed s of multi-principal element alloys[J].Scientific Data, 2020, 7(1).DOI:10.1038/s41597-020-00768-9."
3.929411765,23.52941176,23.52941176,0,23.52941176,23.52941176,0,1.952941176,0,0,0,0,0,0,0,FCC+IM,WROUGHT,"Borg C K H , Frey C , Moh J ,et al.Expanded dataset of mechanical properties and observed s of multi-principal element alloys[J].Scientific Data, 2020, 7(1).DOI:10.1038/s41597-020-00768-9."
3.929411765,23.52941176,23.52941176,0,23.52941176,23.52941176,0,1.952941176,0,0,0,0,0,0,0,FCC+IM,WROUGHT,"Borg C K H , Frey C , Moh J ,et al.Expanded dataset of mechanical properties and observed s of multi-principal element alloys[J].Scientific Data, 2020, 7(1).DOI:10.1038/s41597-020-00768-9."
10.00719942,24.98200144,7.991360691,0,15.01079914,35.99712023,0,6.011519078,0,0,0,0,0,0,0,FCC+IM,ANNEAL,"Borg C K H , Frey C , Moh J ,et al.Expanded dataset of mechanical properties and observed s of multi-principal element alloys[J].Scientific Data, 2020, 7(1).DOI:10.1038/s41597-020-00768-9."
10.00719942,24.98200144,7.991360691,0,15.01079914,35.99712023,0,6.011519078,0,0,0,0,0,0,0,FCC+IM,ANNEAL,"Borg C K H , Frey C , Moh J ,et al.Expanded dataset of mechanical properties and observed s of multi-principal element alloys[J].Scientific Data, 2020, 7(1).DOI:10.1038/s41597-020-00768-9."
10.00719942,24.98200144,7.991360691,0,15.01079914,35.99712023,0,6.011519078,0,0,0,0,0,0,0,FCC+IM,ANNEAL,"Borg C K H , Frey C , Moh J ,et al.Expanded dataset of mechanical properties and observed s of multi-principal element alloys[J].Scientific Data, 2020, 7(1).DOI:10.1038/s41597-020-00768-9."
10.00719942,24.98200144,7.991360691,0,15.01079914,35.99712023,0,6.011519078,0,0,0,0,0,0,0,FCC+IM,ANNEAL,"Borg C K H , Frey C , Moh J ,et al.Expanded dataset of mechanical properties and observed s of multi-principal element alloys[J].Scientific Data, 2020, 7(1).DOI:10.1038/s41597-020-00768-9."
22.77992278,0,25.74002574,0,25.74002574,25.74002574,0,0,0,0,0,0,0,0,0,BCC1+BCC2,CAST,"Borg C K H , Frey C , Moh J ,et al.Expanded dataset of mechanical properties and observed s of multi-principal element alloys[J].Scientific Data, 2020, 7(1).DOI:10.1038/s41597-020-00768-9."
25,0,25,0,25,25,0,0,0,0,0,0,0,0,0,BCC1+BCC2,CAST,"Borg C K H , Frey C , Moh J ,et al.Expanded dataset of mechanical properties and observed s of multi-principal element alloys[J].Scientific Data, 2020, 7(1).DOI:10.1038/s41597-020-00768-9."
27.27024816,0,24.24325061,0,24.24325061,24.24325061,0,0,0,0,0,0,0,0,0,BCC1+BCC2,CAST,"Borg C K H , Frey C , Moh J ,et al.Expanded dataset of mechanical properties and observed s of multi-principal element alloys[J].Scientific Data, 2020, 7(1).DOI:10.1038/s41597-020-00768-9."
28.70264064,0,23.76578645,0,23.76578645,23.76578645,0,0,0,0,0,0,0,0,0,BCC1+BCC2,CAST,"Borg C K H , Frey C , Moh J ,et al.Expanded dataset of mechanical properties and observed s of multi-principal element alloys[J].Scientific Data, 2020, 7(1).DOI:10.1038/s41597-020-00768-9."
30.29385035,0,23.23538322,0,23.23538322,23.23538322,0,0,0,0,0,0,0,0,0,BCC1+BCC2,CAST,"Borg C K H , Frey C , Moh J ,et al.Expanded dataset of mechanical properties and observed s of multi-principal element alloys[J].Scientific Data, 2020, 7(1).DOI:10.1038/s41597-020-00768-9."
16.66666667,0,16.66666667,0,33.33333333,33.33333333,0,0,0,0,0,0,0,0,0,BCC1+BCC2,CAST,"Borg C K H , Frey C , Moh J ,et al.Expanded dataset of mechanical properties and observed s of multi-principal element alloys[J].Scientific Data, 2020, 7(1).DOI:10.1038/s41597-020-00768-9."
20,20,20,0,20,20,0,0,0,0,0,0,0,0,0,BCC1+BCC2,CAST,"Borg C K H , Frey C , Moh J ,et al.Expanded dataset of mechanical properties and observed s of multi-principal element alloys[J].Scientific Data, 2020, 7(1).DOI:10.1038/s41597-020-00768-9."
18.93676164,0,18.93676164,0,17.89437109,34.74635163,0,9.485753996,0,0,0,0,0,0,0,BCC+FCC+IM,CAST,"Borg C K H , Frey C , Moh J ,et al.Expanded dataset of mechanical properties and observed s of multi-principal element alloys[J].Scientific Data, 2020, 7(1).DOI:10.1038/s41597-020-00768-9."
18.93676164,0,18.93676164,0,17.89437109,34.74635163,0,9.485753996,0,0,0,0,0,0,0,BCC+FCC+IM,ANNEAL,"Borg C K H , Frey C , Moh J ,et al.Expanded dataset of mechanical properties and observed s of multi-principal element alloys[J].Scientific Data, 2020, 7(1).DOI:10.1038/s41597-020-00768-9."
0,0,22.22222222,0,22.22222222,22.22222222,0,0,22.22222222,0,0,11.11111111,0,0,0,BCC+FCC+IM,CAST,"Borg C K H , Frey C , Moh J ,et al.Expanded dataset of mechanical properties and observed s of multi-principal element alloys[J].Scientific Data, 2020, 7(1).DOI:10.1038/s41597-020-00768-9."
16.83006536,0,16.83006536,16.83006536,16.83006536,32.67973856,0,0,0,0,0,0,0,0,0,BCC+FCC+IM,CAST,"Borg C K H , Frey C , Moh J ,et al.Expanded dataset of mechanical properties and observed s of multi-principal element alloys[J].Scientific Data, 2020, 7(1).DOI:10.1038/s41597-020-00768-9."
0,20,20,0,20,20,0,0,0,0,0,0,20,0,0,FCC,ANNEAL,"Borg C K H , Frey C , Moh J ,et al.Expanded dataset of mechanical properties and observed s of multi-principal element alloys[J].Scientific Data, 2020, 7(1).DOI:10.1038/s41597-020-00768-9."
0,19.00057002,19.00057002,0,19.00057002,19.00057002,0,0,0,0,0,4.997149914,19.00057002,0,0,FCC+IM,ANNEAL,"Borg C K H , Frey C , Moh J ,et al.Expanded dataset of mechanical properties and observed s of multi-principal element alloys[J].Scientific Data, 2020, 7(1).DOI:10.1038/s41597-020-00768-9."
0,18.18181818,18.18181818,0,18.18181818,18.18181818,0,0,0,0,0,9.090909091,18.18181818,0,0,FCC+IM,ANNEAL,"Borg C K H , Frey C , Moh J ,et al.Expanded dataset of mechanical properties and observed s of multi-principal element alloys[J].Scientific Data, 2020, 7(1).DOI:10.1038/s41597-020-00768-9."
0,17.34605377,17.34605377,0,17.34605377,17.34605377,0,0,0,0,0,13.26973114,17.34605377,0,0,FCC+IM,ANNEAL,"Borg C K H , Frey C , Moh J ,et al.Expanded dataset of mechanical properties and observed s of multi-principal element alloys[J].Scientific Data, 2020, 7(1).DOI:10.1038/s41597-020-00768-9."
0,16.66666667,16.66666667,0,16.66666667,16.66666667,0,0,0,0,0,16.66666667,16.66666667,0,0,FCC+IM,ANNEAL,"Borg C K H , Frey C , Moh J ,et al.Expanded dataset of mechanical properties and observed s of multi-principal element alloys[J].Scientific Data, 2020, 7(1).DOI:10.1038/s41597-020-00768-9."
7.063197026,23.23420074,23.23420074,0,23.23420074,23.23420074,0,0,0,0,0,0,0,0,0,FCC,CAST,"Borg C K H , Frey C , Moh J ,et al.Expanded dataset of mechanical properties and observed s of multi-principal element alloys[J].Scientific Data, 2020, 7(1).DOI:10.1038/s41597-020-00768-9."
0,25,25,0,25,25,0,0,0,0,0,0,0,0,0,FCC,CAST,"Borg C K H , Frey C , Moh J ,et al.Expanded dataset of mechanical properties and observed s of multi-principal element alloys[J].Scientific Data, 2020, 7(1).DOI:10.1038/s41597-020-00768-9."
16.78712221,16.78712221,16.78712221,0,16.78712221,32.85151117,0,0,0,0,0,0,0,0,0,BCC+FCC,CAST,"Borg C K H , Frey C , Moh J ,et al.Expanded dataset of mechanical properties and observed s of multi-principal element alloys[J].Scientific Data, 2020, 7(1).DOI:10.1038/s41597-020-00768-9."
16.25874126,16.25874126,16.25874126,0,16.25874126,34.96503497,0,0,0,0,0,0,0,0,0,BCC+FCC,CAST,"Borg C K H , Frey C , Moh J ,et al.Expanded dataset of mechanical properties and observed s of multi-principal element alloys[J].Scientific Data, 2020, 7(1).DOI:10.1038/s41597-020-00768-9."
16.08416548,16.08416548,16.08416548,0,16.08416548,35.66333809,0,0,0,0,0,0,0,0,0,BCC+FCC,CAST,"Borg C K H , Frey C , Moh J ,et al.Expanded dataset of mechanical properties and observed s of multi-principal element alloys[J].Scientific Data, 2020, 7(1).DOI:10.1038/s41597-020-00768-9."
3.915881073,18.63669326,18.63669326,3.915881073,18.63669326,36.25815809,0,0,0,0,0,0,0,0,0,FCC,WROUGHT,"Borg C K H , Frey C , Moh J ,et al.Expanded dataset of mechanical properties and observed s of multi-principal element alloys[J].Scientific Data, 2020, 7(1).DOI:10.1038/s41597-020-00768-9."
3.915881073,18.63669326,18.63669326,3.915881073,18.63669326,36.25815809,0,0,0,0,0,0,0,0,0,FCC,WROUGHT,"Borg C K H , Frey C , Moh J ,et al.Expanded dataset of mechanical properties and observed s of multi-principal element alloys[J].Scientific Data, 2020, 7(1).DOI:10.1038/s41597-020-00768-9."
7.989435457,17.00231099,17.00231099,7.989435457,17.00231099,33.0141961,0,0,0,0,0,0,0,0,0,FCC,ANNEAL,"Borg C K H , Frey C , Moh J ,et al.Expanded dataset of mechanical properties and observed s of multi-principal element alloys[J].Scientific Data, 2020, 7(1).DOI:10.1038/s41597-020-00768-9."
9.090909091,18.18181818,18.18181818,18.18181818,18.18181818,18.18181818,0,0,0,0,0,0,0,0,0,FCC,WROUGHT,"Borg C K H , Frey C , Moh J ,et al.Expanded dataset of mechanical properties and observed s of multi-principal element alloys[J].Scientific Data, 2020, 7(1).DOI:10.1038/s41597-020-00768-9."
16.66666667,16.66666667,16.66666667,16.66666667,16.66666667,16.66666667,0,0,0,0,0,0,0,0,0,BCC+IM,CAST,"Borg C K H , Frey C , Moh J ,et al.Expanded dataset of mechanical properties and observed s of multi-principal element alloys[J].Scientific Data, 2020, 7(1).DOI:10.1038/s41597-020-00768-9."
16.66666667,16.66666667,16.66666667,16.66666667,16.66666667,16.66666667,0,0,0,0,0,0,0,0,0,BCC+IM,WROUGHT,"Borg C K H , Frey C , Moh J ,et al.Expanded dataset of mechanical properties and observed s of multi-principal element alloys[J].Scientific Data, 2020, 7(1).DOI:10.1038/s41597-020-00768-9."
20,20,20,0,20,20,0,0,0,0,0,0,0,0,0,BCC1+BCC2,CAST,"Borg C K H , Frey C , Moh J ,et al.Expanded dataset of mechanical properties and observed s of multi-principal element alloys[J].Scientific Data, 2020, 7(1).DOI:10.1038/s41597-020-00768-9."
16.66666667,16.66666667,16.66666667,16.66666667,16.66666667,16.66666667,0,0,0,0,0,0,0,0,0,BCC+IM,CAST,"Borg C K H , Frey C , Moh J ,et al.Expanded dataset of mechanical properties and observed s of multi-principal element alloys[J].Scientific Data, 2020, 7(1).DOI:10.1038/s41597-020-00768-9."
16.66666667,16.66666667,16.66666667,16.66666667,16.66666667,16.66666667,0,0,0,0,0,0,0,0,0,BCC+IM,WROUGHT,"Borg C K H , Frey C , Moh J ,et al.Expanded dataset of mechanical properties and observed s of multi-principal element alloys[J].Scientific Data, 2020, 7(1).DOI:10.1038/s41597-020-00768-9."
9.090909091,18.18181818,18.18181818,18.18181818,18.18181818,18.18181818,0,0,0,0,0,0,0,0,0,FCC,WROUGHT,"Borg C K H , Frey C , Moh J ,et al.Expanded dataset of mechanical properties and observed s of multi-principal element alloys[J].Scientific Data, 2020, 7(1).DOI:10.1038/s41597-020-00768-9."
0,23.80952381,23.80952381,0,23.80952381,23.80952381,0,4.761904762,0,0,0,0,0,0,0,FCC,WROUGHT,"Borg C K H , Frey C , Moh J ,et al.Expanded dataset of mechanical properties and observed s of multi-principal element alloys[J].Scientific Data, 2020, 7(1).DOI:10.1038/s41597-020-00768-9."
0,23.80952381,23.80952381,0,23.80952381,23.80952381,0,4.761904762,0,0,0,0,0,0,0,FCC,WROUGHT,"Borg C K H , Frey C , Moh J ,et al.Expanded dataset of mechanical properties and observed s of multi-principal element alloys[J].Scientific Data, 2020, 7(1).DOI:10.1038/s41597-020-00768-9."
2.43902439,24.3902439,24.3902439,0,24.3902439,24.3902439,0,0,0,0,0,0,0,0,0,FCC,WROUGHT,"Borg C K H , Frey C , Moh J ,et al.Expanded dataset of mechanical properties and observed s of multi-principal element alloys[J].Scientific Data, 2020, 7(1).DOI:10.1038/s41597-020-00768-9."
2.43902439,24.3902439,24.3902439,0,24.3902439,24.3902439,0,0,0,0,0,0,0,0,0,FCC,WROUGHT,"Borg C K H , Frey C , Moh J ,et al.Expanded dataset of mechanical properties and observed s of multi-principal element alloys[J].Scientific Data, 2020, 7(1).DOI:10.1038/s41597-020-00768-9."
2.43902439,24.3902439,24.3902439,0,24.3902439,24.3902439,0,0,0,0,0,0,0,0,0,FCC,WROUGHT,"Borg C K H , Frey C , Moh J ,et al.Expanded dataset of mechanical properties and observed s of multi-principal element alloys[J].Scientific Data, 2020, 7(1).DOI:10.1038/s41597-020-00768-9."
2.43902439,24.3902439,24.3902439,0,24.3902439,24.3902439,0,0,0,0,0,0,0,0,0,FCC,WROUGHT,"Borg C K H , Frey C , Moh J ,et al.Expanded dataset of mechanical properties and observed s of multi-principal element alloys[J].Scientific Data, 2020, 7(1).DOI:10.1038/s41597-020-00768-9."
0,20,20,0,20,20,0,0,0,0,0,0,20,0,0,FCC,WROUGHT,"Borg C K H , Frey C , Moh J ,et al.Expanded dataset of mechanical properties and observed s of multi-principal element alloys[J].Scientific Data, 2020, 7(1).DOI:10.1038/s41597-020-00768-9."
0,20,20,0,20,20,0,0,0,0,0,0,20,0,0,FCC,WROUGHT,"Borg C K H , Frey C , Moh J ,et al.Expanded dataset of mechanical properties and observed s of multi-principal element alloys[J].Scientific Data, 2020, 7(1).DOI:10.1038/s41597-020-00768-9."
20,0,20,0,20,40,0,0,0,0,0,0,0,0,0,BCC+FCC+IM,CAST,"Borg C K H , Frey C , Moh J ,et al.Expanded dataset of mechanical properties and observed s of multi-principal element alloys[J].Scientific Data, 2020, 7(1).DOI:10.1038/s41597-020-00768-9."
18.01763965,0,19.99160017,0,19.99160017,41.99916002,0,0,0,0,0,0,0,0,0,BCC+FCC+IM,CAST,"Borg C K H , Frey C , Moh J ,et al.Expanded dataset of mechanical properties and observed s of multi-principal element alloys[J].Scientific Data, 2020, 7(1).DOI:10.1038/s41597-020-00768-9."
16.00703606,0,20.00879507,0,20.00879507,43.97537379,0,0,0,0,0,0,0,0,0,BCC+FCC+IM,CAST,"Borg C K H , Frey C , Moh J ,et al.Expanded dataset of mechanical properties and observed s of multi-principal element alloys[J].Scientific Data, 2020, 7(1).DOI:10.1038/s41597-020-00768-9."
13.98344066,0,20.00919963,0,20.00919963,45.99816007,0,0,0,0,0,0,0,0,0,BCC+FCC+IM,CAST,"Borg C K H , Frey C , Moh J ,et al.Expanded dataset of mechanical properties and observed s of multi-principal element alloys[J].Scientific Data, 2020, 7(1).DOI:10.1038/s41597-020-00768-9."
11.99616123,0,20.00959693,0,20.00959693,47.98464491,0,0,0,0,0,0,0,0,0,FCC,CAST,"Borg C K H , Frey C , Moh J ,et al.Expanded dataset of mechanical properties and observed s of multi-principal element alloys[J].Scientific Data, 2020, 7(1).DOI:10.1038/s41597-020-00768-9."
0,33.33333333,33.33333333,0,0,33.33333333,0,0,0,0,0,0,0,0,0,FCC,WROUGHT,"Borg C K H , Frey C , Moh J ,et al.Expanded dataset of mechanical properties and observed s of multi-principal element alloys[J].Scientific Data, 2020, 7(1).DOI:10.1038/s41597-020-00768-9."
0,33.33333333,33.33333333,0,0,33.33333333,0,0,0,0,0,0,0,0,0,FCC,WROUGHT,"Borg C K H , Frey C , Moh J ,et al.Expanded dataset of mechanical properties and observed s of multi-principal element alloys[J].Scientific Data, 2020, 7(1).DOI:10.1038/s41597-020-00768-9."
0,33.33333333,33.33333333,0,0,33.33333333,0,0,0,0,0,0,0,0,0,FCC,WROUGHT,"Borg C K H , Frey C , Moh J ,et al.Expanded dataset of mechanical properties and observed s of multi-principal element alloys[J].Scientific Data, 2020, 7(1).DOI:10.1038/s41597-020-00768-9."
16.39118457,16.39118457,16.39118457,0,16.39118457,34.43526171,0,0,0,0,0,0,0,0,0,BCC+FCC,WROUGHT,"Borg C K H , Frey C , Moh J ,et al.Expanded dataset of mechanical properties and observed s of multi-principal element alloys[J].Scientific Data, 2020, 7(1).DOI:10.1038/s41597-020-00768-9."
16.39118457,16.39118457,16.39118457,0,16.39118457,34.43526171,0,0,0,0,0,0,0,0,0,BCC+FCC,WROUGHT,"Borg C K H , Frey C , Moh J ,et al.Expanded dataset of mechanical properties and observed s of multi-principal element alloys[J].Scientific Data, 2020, 7(1).DOI:10.1038/s41597-020-00768-9."
16.39118457,16.39118457,16.39118457,0,16.39118457,34.43526171,0,0,0,0,0,0,0,0,0,BCC+FCC,WROUGHT,"Borg C K H , Frey C , Moh J ,et al.Expanded dataset of mechanical properties and observed s of multi-principal element alloys[J].Scientific Data, 2020, 7(1).DOI:10.1038/s41597-020-00768-9."
0,20,20,0,20,20,0,0,0,0,0,0,20,0,0,FCC,CAST,"Borg C K H , Frey C , Moh J ,et al.Expanded dataset of mechanical properties and observed s of multi-principal element alloys[J].Scientific Data, 2020, 7(1).DOI:10.1038/s41597-020-00768-9."
0,20,20,0,20,20,0,0,0,0,0,0,20,0,0,FCC,WROUGHT,"Borg C K H , Frey C , Moh J ,et al.Expanded dataset of mechanical properties and observed s of multi-principal element alloys[J].Scientific Data, 2020, 7(1).DOI:10.1038/s41597-020-00768-9."
0,20,20,0,20,20,0,0,0,0,0,0,20,0,0,FCC,WROUGHT,"Borg C K H , Frey C , Moh J ,et al.Expanded dataset of mechanical properties and observed s of multi-principal element alloys[J].Scientific Data, 2020, 7(1).DOI:10.1038/s41597-020-00768-9."
0,20,20,0,20,20,0,0,0,0,0,0,20,0,0,FCC,WROUGHT,"Borg C K H , Frey C , Moh J ,et al.Expanded dataset of mechanical properties and observed s of multi-principal element alloys[J].Scientific Data, 2020, 7(1).DOI:10.1038/s41597-020-00768-9."
0,20,20,0,20,20,0,0,0,0,0,0,20,0,0,FCC,WROUGHT,"Borg C K H , Frey C , Moh J ,et al.Expanded dataset of mechanical properties and observed s of multi-principal element alloys[J].Scientific Data, 2020, 7(1).DOI:10.1038/s41597-020-00768-9."
0,20,20,0,20,20,0,0,0,0,0,0,20,0,0,BCC+FCC,CAST,"Borg C K H , Frey C , Moh J ,et al.Expanded dataset of mechanical properties and observed s of multi-principal element alloys[J].Scientific Data, 2020, 7(1).DOI:10.1038/s41597-020-00768-9."
1.960784314,19.60784314,19.60784314,0,19.60784314,19.60784314,0,0,0,0,0,0,19.60784314,0,0,BCC+FCC,CAST,"Borg C K H , Frey C , Moh J ,et al.Expanded dataset of mechanical properties and observed s of multi-principal element alloys[J].Scientific Data, 2020, 7(1).DOI:10.1038/s41597-020-00768-9."
5.660377358,18.86792453,18.86792453,0,18.86792453,18.86792453,0,0,0,0,0,0,18.86792453,0,0,BCC+FCC,CAST,"Borg C K H , Frey C , Moh J ,et al.Expanded dataset of mechanical properties and observed s of multi-principal element alloys[J].Scientific Data, 2020, 7(1).DOI:10.1038/s41597-020-00768-9."
9.090909091,18.18181818,18.18181818,0,18.18181818,18.18181818,0,0,0,0,0,0,18.18181818,0,0,BCC+FCC,CAST,"Borg C K H , Frey C , Moh J ,et al.Expanded dataset of mechanical properties and observed s of multi-principal element alloys[J].Scientific Data, 2020, 7(1).DOI:10.1038/s41597-020-00768-9."
12.28070175,17.54385965,17.54385965,0,17.54385965,17.54385965,0,0,0,0,0,0,17.54385965,0,0,BCC+FCC,CAST,"Borg C K H , Frey C , Moh J ,et al.Expanded dataset of mechanical properties and observed s of multi-principal element alloys[J].Scientific Data, 2020, 7(1).DOI:10.1038/s41597-020-00768-9."
16.66666667,16.66666667,16.66666667,0,16.66666667,16.66666667,0,0,0,0,0,0,16.66666667,0,0,BCC+FCC,CAST,"Borg C K H , Frey C , Moh J ,et al.Expanded dataset of mechanical properties and observed s of multi-principal element alloys[J].Scientific Data, 2020, 7(1).DOI:10.1038/s41597-020-00768-9."
0,25,25,0,25,25,0,0,0,0,0,0,0,0,0,FCC,WROUGHT,"Borg C K H , Frey C , Moh J ,et al.Expanded dataset of mechanical properties and observed s of multi-principal element alloys[J].Scientific Data, 2020, 7(1).DOI:10.1038/s41597-020-00768-9."
0,25,25,0,25,25,0,0,0,0,0,0,0,0,0,FCC,WROUGHT,"Borg C K H , Frey C , Moh J ,et al.Expanded dataset of mechanical properties and observed s of multi-principal element alloys[J].Scientific Data, 2020, 7(1).DOI:10.1038/s41597-020-00768-9."
0,25,25,0,25,25,0,0,0,0,0,0,0,0,0,FCC,WROUGHT,"Borg C K H , Frey C , Moh J ,et al.Expanded dataset of mechanical properties and observed s of multi-principal element alloys[J].Scientific Data, 2020, 7(1).DOI:10.1038/s41597-020-00768-9."
0,25,25,0,25,25,0,0,0,0,0,0,0,0,0,FCC,WROUGHT,"Borg C K H , Frey C , Moh J ,et al.Expanded dataset of mechanical properties and observed s of multi-principal element alloys[J].Scientific Data, 2020, 7(1).DOI:10.1038/s41597-020-00768-9."
0,25,25,0,25,25,0,0,0,0,0,0,0,0,0,FCC,WROUGHT,"Borg C K H , Frey C , Moh J ,et al.Expanded dataset of mechanical properties and observed s of multi-principal element alloys[J].Scientific Data, 2020, 7(1).DOI:10.1038/s41597-020-00768-9."
0,25,25,0,25,25,0,0,0,0,0,0,0,0,0,FCC,WROUGHT,"Borg C K H , Frey C , Moh J ,et al.Expanded dataset of mechanical properties and observed s of multi-principal element alloys[J].Scientific Data, 2020, 7(1).DOI:10.1038/s41597-020-00768-9."
0,25,25,0,25,25,0,0,0,0,0,0,0,0,0,FCC,CAST,"Borg C K H , Frey C , Moh J ,et al.Expanded dataset of mechanical properties and observed s of multi-principal element alloys[J].Scientific Data, 2020, 7(1).DOI:10.1038/s41597-020-00768-9."
6.976744186,23.25581395,23.25581395,0,23.25581395,23.25581395,0,0,0,0,0,0,0,0,0,FCC,CAST,"Borg C K H , Frey C , Moh J ,et al.Expanded dataset of mechanical properties and observed s of multi-principal element alloys[J].Scientific Data, 2020, 7(1).DOI:10.1038/s41597-020-00768-9."
13.04347826,21.73913043,21.73913043,0,21.73913043,21.73913043,0,0,0,0,0,0,0,0,0,BCC+FCC+IM,CAST,"Borg C K H , Frey C , Moh J ,et al.Expanded dataset of mechanical properties and observed s of multi-principal element alloys[J].Scientific Data, 2020, 7(1).DOI:10.1038/s41597-020-00768-9."
18.36734694,20.40816327,20.40816327,0,20.40816327,20.40816327,0,0,0,0,0,0,0,0,0,BCC+FCC+IM,CAST,"Borg C K H , Frey C , Moh J ,et al.Expanded dataset of mechanical properties and observed s of multi-principal element alloys[J].Scientific Data, 2020, 7(1).DOI:10.1038/s41597-020-00768-9."
16.66666667,18.51851852,18.51851852,0,18.51851852,18.51851852,0,9.259259259,0,0,0,0,0,0,0,BCC+IM,CAST,"Borg C K H , Frey C , Moh J ,et al.Expanded dataset of mechanical properties and observed s of multi-principal element alloys[J].Scientific Data, 2020, 7(1).DOI:10.1038/s41597-020-00768-9."
0,20,20,0,20,20,0,0,0,0,0,0,20,0,0,FCC,CAST,"Borg C K H , Frey C , Moh J ,et al.Expanded dataset of mechanical properties and observed s of multi-principal element alloys[J].Scientific Data, 2020, 7(1).DOI:10.1038/s41597-020-00768-9."
0,19.83339944,19.83339944,0,19.83339944,19.83339944,0.833002777,0,0,0,0,0,19.83339944,0,0,FCC,CAST,"Borg C K H , Frey C , Moh J ,et al.Expanded dataset of mechanical properties and observed s of multi-principal element alloys[J].Scientific Data, 2020, 7(1).DOI:10.1038/s41597-020-00768-9."
0,19.65795164,19.65795164,0,19.65795164,19.65795164,1.710241793,0,0,0,0,0,19.65795164,0,0,FCC+IM,CAST,"Borg C K H , Frey C , Moh J ,et al.Expanded dataset of mechanical properties and observed s of multi-principal element alloys[J].Scientific Data, 2020, 7(1).DOI:10.1038/s41597-020-00768-9."
0,19.47040498,19.47040498,0,19.47040498,19.47040498,2.647975078,0,0,0,0,0,19.47040498,0,0,FCC+IM,CAST,"Borg C K H , Frey C , Moh J ,et al.Expanded dataset of mechanical properties and observed s of multi-principal element alloys[J].Scientific Data, 2020, 7(1).DOI:10.1038/s41597-020-00768-9."
0,19.26782274,19.26782274,0,19.26782274,19.26782274,3.66088632,0,0,0,0,0,19.26782274,0,0,FCC+IM,CAST,"Borg C K H , Frey C , Moh J ,et al.Expanded dataset of mechanical properties and observed s of multi-principal element alloys[J].Scientific Data, 2020, 7(1).DOI:10.1038/s41597-020-00768-9."
6.976744186,23.25581395,23.25581395,0,23.25581395,23.25581395,0,0,0,0,0,0,0,0,0,FCC,WROUGHT,"Borg C K H , Frey C , Moh J ,et al.Expanded dataset of mechanical properties and observed s of multi-principal element alloys[J].Scientific Data, 2020, 7(1).DOI:10.1038/s41597-020-00768-9."
6.976744186,23.25581395,23.25581395,0,23.25581395,23.25581395,0,0,0,0,0,0,0,0,0,FCC,WROUGHT,"Borg C K H , Frey C , Moh J ,et al.Expanded dataset of mechanical properties and observed s of multi-principal element alloys[J].Scientific Data, 2020, 7(1).DOI:10.1038/s41597-020-00768-9."
6.976744186,23.25581395,23.25581395,0,23.25581395,23.25581395,0,0,0,0,0,0,0,0,0,BCC+FCC+IM,WROUGHT,"Borg C K H , Frey C , Moh J ,et al.Expanded dataset of mechanical properties and observed s of multi-principal element alloys[J].Scientific Data, 2020, 7(1).DOI:10.1038/s41597-020-00768-9."
6.976744186,23.25581395,23.25581395,0,23.25581395,23.25581395,0,0,0,0,0,0,0,0,0,BCC+FCC+IM,WROUGHT,"Borg C K H , Frey C , Moh J ,et al.Expanded dataset of mechanical properties and observed s of multi-principal element alloys[J].Scientific Data, 2020, 7(1).DOI:10.1038/s41597-020-00768-9."
6.976744186,23.25581395,23.25581395,0,23.25581395,23.25581395,0,0,0,0,0,0,0,0,0,BCC+FCC+IM,WROUGHT,"Borg C K H , Frey C , Moh J ,et al.Expanded dataset of mechanical properties and observed s of multi-principal element alloys[J].Scientific Data, 2020, 7(1).DOI:10.1038/s41597-020-00768-9."
25,25,25,0,0,25,0,0,0,0,0,0,0,0,0,BCC1+BCC2,CAST,"Borg C K H , Frey C , Moh J ,et al.Expanded dataset of mechanical properties and observed s of multi-principal element alloys[J].Scientific Data, 2020, 7(1).DOI:10.1038/s41597-020-00768-9."
0,20,20,0,20,20,0,0,0,0,0,0,20,0,0,FCC,WROUGHT,"Borg C K H , Frey C , Moh J ,et al.Expanded dataset of mechanical properties and observed s of multi-principal element alloys[J].Scientific Data, 2020, 7(1).DOI:10.1038/s41597-020-00768-9."
0,34.01360544,20,0,5.986394558,34.01360544,5.986394558,0,0,0,0,0,0,0,0,FCC,WROUGHT,"Borg C K H , Frey C , Moh J ,et al.Expanded dataset of mechanical properties and observed s of multi-principal element alloys[J].Scientific Data, 2020, 7(1).DOI:10.1038/s41597-020-00768-9."
0,34.01360544,20,0,5.986394558,34.01360544,5.986394558,0,0,0,0,0,0,0,0,FCC,WROUGHT,"Borg C K H , Frey C , Moh J ,et al.Expanded dataset of mechanical properties and observed s of multi-principal element alloys[J].Scientific Data, 2020, 7(1).DOI:10.1038/s41597-020-00768-9."
0,34.01360544,20,0,5.986394558,34.01360544,5.986394558,0,0,0,0,0,0,0,0,FCC,WROUGHT,"Borg C K H , Frey C , Moh J ,et al.Expanded dataset of mechanical properties and observed s of multi-principal element alloys[J].Scientific Data, 2020, 7(1).DOI:10.1038/s41597-020-00768-9."
0,34.01360544,20,0,5.986394558,34.01360544,5.986394558,0,0,0,0,0,0,0,0,FCC,WROUGHT,"Borg C K H , Frey C , Moh J ,et al.Expanded dataset of mechanical properties and observed s of multi-principal element alloys[J].Scientific Data, 2020, 7(1).DOI:10.1038/s41597-020-00768-9."
0,34.01360544,20,0,5.986394558,34.01360544,5.986394558,0,0,0,0,0,0,0,0,FCC,WROUGHT,"Borg C K H , Frey C , Moh J ,et al.Expanded dataset of mechanical properties and observed s of multi-principal element alloys[J].Scientific Data, 2020, 7(1).DOI:10.1038/s41597-020-00768-9."
0,34.01360544,20,0,5.986394558,34.01360544,5.986394558,0,0,0,0,0,0,0,0,FCC,WROUGHT,"Borg C K H , Frey C , Moh J ,et al.Expanded dataset of mechanical properties and observed s of multi-principal element alloys[J].Scientific Data, 2020, 7(1).DOI:10.1038/s41597-020-00768-9."
0,34.01360544,20,0,5.986394558,34.01360544,5.986394558,0,0,0,0,0,0,0,0,FCC,WROUGHT,"Borg C K H , Frey C , Moh J ,et al.Expanded dataset of mechanical properties and observed s of multi-principal element alloys[J].Scientific Data, 2020, 7(1).DOI:10.1038/s41597-020-00768-9."
0,20,20,0,20,20,0,0,0,0,0,0,20,0,0,FCC,WROUGHT,"Borg C K H , Frey C , Moh J ,et al.Expanded dataset of mechanical properties and observed s of multi-principal element alloys[J].Scientific Data, 2020, 7(1).DOI:10.1038/s41597-020-00768-9."
0,20,20,20,20,20,0,0,0,0,0,0,0,0,0,BCC+FCC,CAST,"Borg C K H , Frey C , Moh J ,et al.Expanded dataset of mechanical properties and observed s of multi-principal element alloys[J].Scientific Data, 2020, 7(1).DOI:10.1038/s41597-020-00768-9."
9.090909091,18.18181818,18.18181818,18.18181818,18.18181818,18.18181818,0,0,0,0,0,0,0,0,0,FCC,CAST,"Borg C K H , Frey C , Moh J ,et al.Expanded dataset of mechanical properties and observed s of multi-principal element alloys[J].Scientific Data, 2020, 7(1).DOI:10.1038/s41597-020-00768-9."
16.66666667,16.66666667,16.66666667,16.66666667,16.66666667,16.66666667,0,0,0,0,0,0,0,0,0,BCC+FCC,CAST,"Borg C K H , Frey C , Moh J ,et al.Expanded dataset of mechanical properties and observed s of multi-principal element alloys[J].Scientific Data, 2020, 7(1).DOI:10.1038/s41597-020-00768-9."
23.06805075,15.38638985,15.38638985,15.38638985,15.38638985,15.38638985,0,0,0,0,0,0,0,0,0,BCC+FCC,CAST,"Borg C K H , Frey C , Moh J ,et al.Expanded dataset of mechanical properties and observed s of multi-principal element alloys[J].Scientific Data, 2020, 7(1).DOI:10.1038/s41597-020-00768-9."
28.57142857,14.28571429,14.28571429,14.28571429,14.28571429,14.28571429,0,0,0,0,0,0,0,0,0,BCC+FCC,CAST,"Borg C K H , Frey C , Moh J ,et al.Expanded dataset of mechanical properties and observed s of multi-principal element alloys[J].Scientific Data, 2020, 7(1).DOI:10.1038/s41597-020-00768-9."
6.976744186,23.25581395,23.25581395,0,23.25581395,23.25581395,0,0,0,0,0,0,0,0,0,BCC+FCC+IM,WROUGHT,"Borg C K H , Frey C , Moh J ,et al.Expanded dataset of mechanical properties and observed s of multi-principal element alloys[J].Scientific Data, 2020, 7(1).DOI:10.1038/s41597-020-00768-9."
6.976744186,23.25581395,23.25581395,0,23.25581395,23.25581395,0,0,0,0,0,0,0,0,0,FCC,WROUGHT,"Borg C K H , Frey C , Moh J ,et al.Expanded dataset of mechanical properties and observed s of multi-principal element alloys[J].Scientific Data, 2020, 7(1).DOI:10.1038/s41597-020-00768-9."
0,0,0,0,0,0,0,20,0,20,20,0,0,20,20,BCC,WROUGHT,"Borg C K H , Frey C , Moh J ,et al.Expanded dataset of mechanical properties and observed s of multi-principal element alloys[J].Scientific Data, 2020, 7(1).DOI:10.1038/s41597-020-00768-9."
0,16.66666667,16.66666667,0,33.33333333,33.33333333,0,0,0,0,0,0,0,0,0,FCC,WROUGHT,"Borg C K H , Frey C , Moh J ,et al.Expanded dataset of mechanical properties and observed s of multi-principal element alloys[J].Scientific Data, 2020, 7(1).DOI:10.1038/s41597-020-00768-9."
0,25,17.85714286,0,28.57142857,28.57142857,0,0,0,0,0,0,0,0,0,FCC,WROUGHT,"Borg C K H , Frey C , Moh J ,et al.Expanded dataset of mechanical properties and observed s of multi-principal element alloys[J].Scientific Data, 2020, 7(1).DOI:10.1038/s41597-020-00768-9."
0,34.60207612,19.23875433,0,23.07958478,23.07958478,0,0,0,0,0,0,0,0,0,FCC,WROUGHT,"Borg C K H , Frey C , Moh J ,et al.Expanded dataset of mechanical properties and observed s of multi-principal element alloys[J].Scientific Data, 2020, 7(1).DOI:10.1038/s41597-020-00768-9."
0,45.80852038,20.84287678,0,16.67430142,16.67430142,0,0,0,0,0,0,0,0,0,FCC+IM,WROUGHT,"Borg C K H , Frey C , Moh J ,et al.Expanded dataset of mechanical properties and observed s of multi-principal element alloys[J].Scientific Data, 2020, 7(1).DOI:10.1038/s41597-020-00768-9."
0,59.06674542,22.74069699,0,9.096278795,9.096278795,0,0,0,0,0,0,0,0,0,FCC+IM,WROUGHT,"Borg C K H , Frey C , Moh J ,et al.Expanded dataset of mechanical properties and observed s of multi-principal element alloys[J].Scientific Data, 2020, 7(1).DOI:10.1038/s41597-020-00768-9."
0,0,0,0,0,0,0,25,0,25,0,0,0,25,25,BCC,WROUGHT,"Borg C K H , Frey C , Moh J ,et al.Expanded dataset of mechanical properties and observed s of multi-principal element alloys[J].Scientific Data, 2020, 7(1).DOI:10.1038/s41597-020-00768-9."
0,20.60606061,19.89550679,0,19.4984326,20.89864159,0,0,0,0,0,0,19.10135841,0,0,BCC,WROUGHT,"Borg C K H , Frey C , Moh J ,et al.Expanded dataset of mechanical properties and observed s of multi-principal element alloys[J].Scientific Data, 2020, 7(1).DOI:10.1038/s41597-020-00768-9."
0,20.60606061,19.89550679,0,19.4984326,20.89864159,0,0,0,0,0,0,19.10135841,0,0,BCC+FCC+IM,WROUGHT,"Borg C K H , Frey C , Moh J ,et al.Expanded dataset of mechanical properties and observed s of multi-principal element alloys[J].Scientific Data, 2020, 7(1).DOI:10.1038/s41597-020-00768-9."
0,20.60606061,19.89550679,0,19.4984326,20.89864159,0,0,0,0,0,0,19.10135841,0,0,BCC+FCC+IM,WROUGHT,"Borg C K H , Frey C , Moh J ,et al.Expanded dataset of mechanical properties and observed s of multi-principal element alloys[J].Scientific Data, 2020, 7(1).DOI:10.1038/s41597-020-00768-9."
0,20.60606061,19.89550679,0,19.4984326,20.89864159,0,0,0,0,0,0,19.10135841,0,0,FCC+IM,WROUGHT,"Borg C K H , Frey C , Moh J ,et al.Expanded dataset of mechanical properties and observed s of multi-principal element alloys[J].Scientific Data, 2020, 7(1).DOI:10.1038/s41597-020-00768-9."
0,20.60606061,19.89550679,0,19.4984326,20.89864159,0,0,0,0,0,0,19.10135841,0,0,FCC,WROUGHT,"Borg C K H , Frey C , Moh J ,et al.Expanded dataset of mechanical properties and observed s of multi-principal element alloys[J].Scientific Data, 2020, 7(1).DOI:10.1038/s41597-020-00768-9."
25,0,25,0,0,0,25,25,0,0,0,0,0,0,0,BCC,ANNEAL,"Borg C K H , Frey C , Moh J ,et al.Expanded dataset of mechanical properties and observed s of multi-principal element alloys[J].Scientific Data, 2020, 7(1).DOI:10.1038/s41597-020-00768-9."
25,0,0,0,0,0,25,25,0,25,0,0,0,0,0,BCC,ANNEAL,"Borg C K H , Frey C , Moh J ,et al.Expanded dataset of mechanical properties and observed s of multi-principal element alloys[J].Scientific Data, 2020, 7(1).DOI:10.1038/s41597-020-00768-9."
0,0,0,0,0,0,12.5,25,0,25,0,12.5,0,25,0,BCC,CAST,"Borg C K H , Frey C , Moh J ,et al.Expanded dataset of mechanical properties and observed s of multi-principal element alloys[J].Scientific Data, 2020, 7(1).DOI:10.1038/s41597-020-00768-9."
0,0,0,0,0,0,16.66666667,16.66666667,0,16.66666667,16.66666667,0,0,16.66666667,16.66666667,BCC,CAST,"Borg C K H , Frey C , Moh J ,et al.Expanded dataset of mechanical properties and observed s of multi-principal element alloys[J].Scientific Data, 2020, 7(1).DOI:10.1038/s41597-020-00768-9."
0,0,0,0,0,0,20,20,0,20,0,0,0,20,20,BCC,CAST,"Borg C K H , Frey C , Moh J ,et al.Expanded dataset of mechanical properties and observed s of multi-principal element alloys[J].Scientific Data, 2020, 7(1).DOI:10.1038/s41597-020-00768-9."
0,0,0,0,0,0,20,20,0,0,20,0,0,20,20,BCC,CAST,"Borg C K H , Frey C , Moh J ,et al.Expanded dataset of mechanical properties and observed s of multi-principal element alloys[J].Scientific Data, 2020, 7(1).DOI:10.1038/s41597-020-00768-9."
0,0,0,0,0,0,16.66666667,16.66666667,16.66666667,16.66666667,16.66666667,16.66666667,0,0,0,BCC,CAST,"Borg C K H , Frey C , Moh J ,et al.Expanded dataset of mechanical properties and observed s of multi-principal element alloys[J].Scientific Data, 2020, 7(1).DOI:10.1038/s41597-020-00768-9."
0,0,0,0,0,0,20,20,20,20,20,0,0,0,0,BCC,CAST,"Borg C K H , Frey C , Moh J ,et al.Expanded dataset of mechanical properties and observed s of multi-principal element alloys[J].Scientific Data, 2020, 7(1).DOI:10.1038/s41597-020-00768-9."
20,0,20,0,0,0,20,20,0,20,0,0,0,0,0,BCC+IM,ANNEAL,"Borg C K H , Frey C , Moh J ,et al.Expanded dataset of mechanical properties and observed s of multi-principal element alloys[J].Scientific Data, 2020, 7(1).DOI:10.1038/s41597-020-00768-9."
25,0,25,0,0,0,25,25,0,0,0,0,0,0,0,BCC,ANNEAL,"Borg C K H , Frey C , Moh J ,et al.Expanded dataset of mechanical properties and observed s of multi-principal element alloys[J].Scientific Data, 2020, 7(1).DOI:10.1038/s41597-020-00768-9."
25,0,0,0,0,0,25,25,0,25,0,0,0,0,0,BCC,ANNEAL,"Borg C K H , Frey C , Moh J ,et al.Expanded dataset of mechanical properties and observed s of multi-principal element alloys[J].Scientific Data, 2020, 7(1).DOI:10.1038/s41597-020-00768-9."
0,0,0,0,0,0,12.5,25,0,25,0,12.5,0,25,0,BCC,CAST,"Borg C K H , Frey C , Moh J ,et al.Expanded dataset of mechanical properties and observed s of multi-principal element alloys[J].Scientific Data, 2020, 7(1).DOI:10.1038/s41597-020-00768-9."
0,0,0,0,0,0,16.66666667,16.66666667,0,16.66666667,16.66666667,0,0,16.66666667,16.66666667,BCC,CAST,"Borg C K H , Frey C , Moh J ,et al.Expanded dataset of mechanical properties and observed s of multi-principal element alloys[J].Scientific Data, 2020, 7(1).DOI:10.1038/s41597-020-00768-9."
0,0,0,0,0,0,20,20,0,20,0,0,0,20,20,BCC,CAST,"Borg C K H , Frey C , Moh J ,et al.Expanded dataset of mechanical properties and observed s of multi-principal element alloys[J].Scientific Data, 2020, 7(1).DOI:10.1038/s41597-020-00768-9."
0,0,0,0,0,0,20,20,0,0,20,0,0,20,20,BCC,CAST,"Borg C K H , Frey C , Moh J ,et al.Expanded dataset of mechanical properties and observed s of multi-principal element alloys[J].Scientific Data, 2020, 7(1).DOI:10.1038/s41597-020-00768-9."
0,0,0,0,0,0,16.66666667,16.66666667,16.66666667,16.66666667,16.66666667,16.66666667,0,0,0,BCC,CAST,"Borg C K H , Frey C , Moh J ,et al.Expanded dataset of mechanical properties and observed s of multi-principal element alloys[J].Scientific Data, 2020, 7(1).DOI:10.1038/s41597-020-00768-9."
0,0,0,0,0,0,20,20,20,20,20,0,0,0,0,BCC,CAST,"Borg C K H , Frey C , Moh J ,et al.Expanded dataset of mechanical properties and observed s of multi-principal element alloys[J].Scientific Data, 2020, 7(1).DOI:10.1038/s41597-020-00768-9."
20,0,20,0,0,0,20,20,0,20,0,0,0,0,0,BCC+IM,ANNEAL,"Borg C K H , Frey C , Moh J ,et al.Expanded dataset of mechanical properties and observed s of multi-principal element alloys[J].Scientific Data, 2020, 7(1).DOI:10.1038/s41597-020-00768-9."
25,0,25,0,0,0,25,25,0,0,0,0,0,0,0,BCC,ANNEAL,"Borg C K H , Frey C , Moh J ,et al.Expanded dataset of mechanical properties and observed s of multi-principal element alloys[J].Scientific Data, 2020, 7(1).DOI:10.1038/s41597-020-00768-9."
25,0,0,0,0,0,25,25,0,25,0,0,0,0,0,BCC,ANNEAL,"Borg C K H , Frey C , Moh J ,et al.Expanded dataset of mechanical properties and observed s of multi-principal element alloys[J].Scientific Data, 2020, 7(1).DOI:10.1038/s41597-020-00768-9."
0,0,0,0,0,0,12.5,25,0,25,0,12.5,0,25,0,BCC,CAST,"Borg C K H , Frey C , Moh J ,et al.Expanded dataset of mechanical properties and observed s of multi-principal element alloys[J].Scientific Data, 2020, 7(1).DOI:10.1038/s41597-020-00768-9."
0,0,0,0,0,0,16.66666667,16.66666667,0,16.66666667,16.66666667,0,0,16.66666667,16.66666667,BCC,CAST,"Borg C K H , Frey C , Moh J ,et al.Expanded dataset of mechanical properties and observed s of multi-principal element alloys[J].Scientific Data, 2020, 7(1).DOI:10.1038/s41597-020-00768-9."
0,0,0,0,0,0,20,20,0,20,0,0,0,20,20,BCC,CAST,"Borg C K H , Frey C , Moh J ,et al.Expanded dataset of mechanical properties and observed s of multi-principal element alloys[J].Scientific Data, 2020, 7(1).DOI:10.1038/s41597-020-00768-9."
0,0,0,0,0,0,20,20,0,0,20,0,0,20,20,BCC,CAST,"Borg C K H , Frey C , Moh J ,et al.Expanded dataset of mechanical properties and observed s of multi-principal element alloys[J].Scientific Data, 2020, 7(1).DOI:10.1038/s41597-020-00768-9."
0,0,0,0,0,0,16.66666667,16.66666667,16.66666667,16.66666667,16.66666667,16.66666667,0,0,0,BCC,CAST,"Borg C K H , Frey C , Moh J ,et al.Expanded dataset of mechanical properties and observed s of multi-principal element alloys[J].Scientific Data, 2020, 7(1).DOI:10.1038/s41597-020-00768-9."
0,0,0,0,0,0,20,20,20,20,20,0,0,0,0,BCC,CAST,"Borg C K H , Frey C , Moh J ,et al.Expanded dataset of mechanical properties and observed s of multi-principal element alloys[J].Scientific Data, 2020, 7(1).DOI:10.1038/s41597-020-00768-9."
20,0,20,0,0,0,20,20,0,20,0,0,0,0,0,BCC+IM,ANNEAL,"Borg C K H , Frey C , Moh J ,et al.Expanded dataset of mechanical properties and observed s of multi-principal element alloys[J].Scientific Data, 2020, 7(1).DOI:10.1038/s41597-020-00768-9."
0,20,20,0,20,20,0,0,0,0,0,0,20,0,0,FCC,WROUGHT,"Borg C K H , Frey C , Moh J ,et al.Expanded dataset of mechanical properties and observed s of multi-principal element alloys[J].Scientific Data, 2020, 7(1).DOI:10.1038/s41597-020-00768-9."
0,0,0,0,0,0,0,20,0,20,20,0,0,20,20,BCC,WROUGHT,"Borg C K H , Frey C , Moh J ,et al.Expanded dataset of mechanical properties and observed s of multi-principal element alloys[J].Scientific Data, 2020, 7(1).DOI:10.1038/s41597-020-00768-9."
0,0,0,0,0,0,0,20,0,20,20,0,0,20,20,BCC,WROUGHT,"Borg C K H , Frey C , Moh J ,et al.Expanded dataset of mechanical properties and observed s of multi-principal element alloys[J].Scientific Data, 2020, 7(1).DOI:10.1038/s41597-020-00768-9."
0,0,0,0,0,0,0,20,0,20,20,0,0,20,20,BCC,WROUGHT,"Borg C K H , Frey C , Moh J ,et al.Expanded dataset of mechanical properties and observed s of multi-principal element alloys[J].Scientific Data, 2020, 7(1).DOI:10.1038/s41597-020-00768-9."
0,33.33333333,0,0,33.33333333,33.33333333,0,0,0,0,0,0,0,0,0,FCC,WROUGHT,"Borg C K H , Frey C , Moh J ,et al.Expanded dataset of mechanical properties and observed s of multi-principal element alloys[J].Scientific Data, 2020, 7(1).DOI:10.1038/s41597-020-00768-9."
0,33.33333333,0,0,33.33333333,33.33333333,0,0,0,0,0,0,0,0,0,FCC,WROUGHT,"Borg C K H , Frey C , Moh J ,et al.Expanded dataset of mechanical properties and observed s of multi-principal element alloys[J].Scientific Data, 2020, 7(1).DOI:10.1038/s41597-020-00768-9."
0,33.33333333,0,0,33.33333333,33.33333333,0,0,0,0,0,0,0,0,0,FCC,WROUGHT,"Borg C K H , Frey C , Moh J ,et al.Expanded dataset of mechanical properties and observed s of multi-principal element alloys[J].Scientific Data, 2020, 7(1).DOI:10.1038/s41597-020-00768-9."
0,33.33333333,0,0,33.33333333,33.33333333,0,0,0,0,0,0,0,0,0,FCC,WROUGHT,"Borg C K H , Frey C , Moh J ,et al.Expanded dataset of mechanical properties and observed s of multi-principal element alloys[J].Scientific Data, 2020, 7(1).DOI:10.1038/s41597-020-00768-9."
0,0,0,0,0,0,20,20,0,20,0,0,0,20,20,BCC,CAST,"Borg C K H , Frey C , Moh J ,et al.Expanded dataset of mechanical properties and observed s of multi-principal element alloys[J].Scientific Data, 2020, 7(1).DOI:10.1038/s41597-020-00768-9."
0,33.33333333,0,0,33.33333333,33.33333333,0,0,0,0,0,0,0,0,0,FCC,WROUGHT,"Borg C K H , Frey C , Moh J ,et al.Expanded dataset of mechanical properties and observed s of multi-principal element alloys[J].Scientific Data, 2020, 7(1).DOI:10.1038/s41597-020-00768-9."
0,48.70920604,2.58158792,0,0,48.70920604,0,0,0,0,0,0,0,0,0,FCC,WROUGHT,"Borg C K H , Frey C , Moh J ,et al.Expanded dataset of mechanical properties and observed s of multi-principal element alloys[J].Scientific Data, 2020, 7(1).DOI:10.1038/s41597-020-00768-9."
0,0,0,0,33.33333333,33.33333333,0,0,0,0,0,0,33.33333333,0,0,FCC,WROUGHT,"Borg C K H , Frey C , Moh J ,et al.Expanded dataset of mechanical properties and observed s of multi-principal element alloys[J].Scientific Data, 2020, 7(1).DOI:10.1038/s41597-020-00768-9."
0,0,0,0,33.33333333,33.33333333,0,0,0,0,0,0,33.33333333,0,0,FCC,WROUGHT,"Borg C K H , Frey C , Moh J ,et al.Expanded dataset of mechanical properties and observed s of multi-principal element alloys[J].Scientific Data, 2020, 7(1).DOI:10.1038/s41597-020-00768-9."
0,0,0,0,33.33333333,33.33333333,0,0,0,0,0,0,33.33333333,0,0,FCC,WROUGHT,"Borg C K H , Frey C , Moh J ,et al.Expanded dataset of mechanical properties and observed s of multi-principal element alloys[J].Scientific Data, 2020, 7(1).DOI:10.1038/s41597-020-00768-9."
0,0,0,0,33.33333333,33.33333333,0,0,0,0,0,0,33.33333333,0,0,FCC,WROUGHT,"Borg C K H , Frey C , Moh J ,et al.Expanded dataset of mechanical properties and observed s of multi-principal element alloys[J].Scientific Data, 2020, 7(1).DOI:10.1038/s41597-020-00768-9."
0,0,0,0,33.33333333,33.33333333,0,0,0,0,0,0,33.33333333,0,0,FCC,WROUGHT,"Borg C K H , Frey C , Moh J ,et al.Expanded dataset of mechanical properties and observed s of multi-principal element alloys[J].Scientific Data, 2020, 7(1).DOI:10.1038/s41597-020-00768-9."
0,0,0,0,33.33333333,33.33333333,0,0,0,0,0,0,33.33333333,0,0,FCC,WROUGHT,"Borg C K H , Frey C , Moh J ,et al.Expanded dataset of mechanical properties and observed s of multi-principal element alloys[J].Scientific Data, 2020, 7(1).DOI:10.1038/s41597-020-00768-9."
0,33.33333333,0,0,0,33.33333333,0,0,0,0,0,0,33.33333333,0,0,FCC,WROUGHT,"Borg C K H , Frey C , Moh J ,et al.Expanded dataset of mechanical properties and observed s of multi-principal element alloys[J].Scientific Data, 2020, 7(1).DOI:10.1038/s41597-020-00768-9."
0,33.33333333,0,0,0,33.33333333,0,0,0,0,0,0,33.33333333,0,0,FCC,WROUGHT,"Borg C K H , Frey C , Moh J ,et al.Expanded dataset of mechanical properties and observed s of multi-principal element alloys[J].Scientific Data, 2020, 7(1).DOI:10.1038/s41597-020-00768-9."
0,33.33333333,0,0,0,33.33333333,0,0,0,0,0,0,33.33333333,0,0,FCC,WROUGHT,"Borg C K H , Frey C , Moh J ,et al.Expanded dataset of mechanical properties and observed s of multi-principal element alloys[J].Scientific Data, 2020, 7(1).DOI:10.1038/s41597-020-00768-9."
0,33.33333333,0,0,0,33.33333333,0,0,0,0,0,0,33.33333333,0,0,FCC,WROUGHT,"Borg C K H , Frey C , Moh J ,et al.Expanded dataset of mechanical properties and observed s of multi-principal element alloys[J].Scientific Data, 2020, 7(1).DOI:10.1038/s41597-020-00768-9."
0,44.44444444,11.11111111,0,0,44.44444444,0,0,0,0,0,0,0,0,0,FCC,WROUGHT,"Borg C K H , Frey C , Moh J ,et al.Expanded dataset of mechanical properties and observed s of multi-principal element alloys[J].Scientific Data, 2020, 7(1).DOI:10.1038/s41597-020-00768-9."
0,44.44444444,11.11111111,0,0,44.44444444,0,0,0,0,0,0,0,0,0,FCC,WROUGHT,"Borg C K H , Frey C , Moh J ,et al.Expanded dataset of mechanical properties and observed s of multi-principal element alloys[J].Scientific Data, 2020, 7(1).DOI:10.1038/s41597-020-00768-9."
0,44.44444444,11.11111111,0,0,44.44444444,0,0,0,0,0,0,0,0,0,FCC,WROUGHT,"Borg C K H , Frey C , Moh J ,et al.Expanded dataset of mechanical properties and observed s of multi-principal element alloys[J].Scientific Data, 2020, 7(1).DOI:10.1038/s41597-020-00768-9."
0,44.44444444,11.11111111,0,0,44.44444444,0,0,0,0,0,0,0,0,0,FCC,WROUGHT,"Borg C K H , Frey C , Moh J ,et al.Expanded dataset of mechanical properties and observed s of multi-principal element alloys[J].Scientific Data, 2020, 7(1).DOI:10.1038/s41597-020-00768-9."
0,25,25,0,25,25,0,0,0,0,0,0,0,0,0,FCC,WROUGHT,"Borg C K H , Frey C , Moh J ,et al.Expanded dataset of mechanical properties and observed s of multi-principal element alloys[J].Scientific Data, 2020, 7(1).DOI:10.1038/s41597-020-00768-9."
0,25,25,0,25,25,0,0,0,0,0,0,0,0,0,FCC,WROUGHT,"Borg C K H , Frey C , Moh J ,et al.Expanded dataset of mechanical properties and observed s of multi-principal element alloys[J].Scientific Data, 2020, 7(1).DOI:10.1038/s41597-020-00768-9."
0,25,25,0,25,25,0,0,0,0,0,0,0,0,0,FCC,WROUGHT,"Borg C K H , Frey C , Moh J ,et al.Expanded dataset of mechanical properties and observed s of multi-principal element alloys[J].Scientific Data, 2020, 7(1).DOI:10.1038/s41597-020-00768-9."
0,25,25,0,25,25,0,0,0,0,0,0,0,0,0,FCC,WROUGHT,"Borg C K H , Frey C , Moh J ,et al.Expanded dataset of mechanical properties and observed s of multi-principal element alloys[J].Scientific Data, 2020, 7(1).DOI:10.1038/s41597-020-00768-9."
0,25,25,0,25,25,0,0,0,0,0,0,0,0,0,FCC,WROUGHT,"Borg C K H , Frey C , Moh J ,et al.Expanded dataset of mechanical properties and observed s of multi-principal element alloys[J].Scientific Data, 2020, 7(1).DOI:10.1038/s41597-020-00768-9."
0,11.11111111,44.44444444,0,0,44.44444444,0,0,0,0,0,0,0,0,0,FCC,WROUGHT,"Borg C K H , Frey C , Moh J ,et al.Expanded dataset of mechanical properties and observed s of multi-principal element alloys[J].Scientific Data, 2020, 7(1).DOI:10.1038/s41597-020-00768-9."
0,11.11111111,44.44444444,0,0,44.44444444,0,0,0,0,0,0,0,0,0,FCC,WROUGHT,"Borg C K H , Frey C , Moh J ,et al.Expanded dataset of mechanical properties and observed s of multi-principal element alloys[J].Scientific Data, 2020, 7(1).DOI:10.1038/s41597-020-00768-9."
0,11.11111111,44.44444444,0,0,44.44444444,0,0,0,0,0,0,0,0,0,FCC,WROUGHT,"Borg C K H , Frey C , Moh J ,et al.Expanded dataset of mechanical properties and observed s of multi-principal element alloys[J].Scientific Data, 2020, 7(1).DOI:10.1038/s41597-020-00768-9."
0,11.11111111,44.44444444,0,0,44.44444444,0,0,0,0,0,0,0,0,0,FCC,WROUGHT,"Borg C K H , Frey C , Moh J ,et al.Expanded dataset of mechanical properties and observed s of multi-principal element alloys[J].Scientific Data, 2020, 7(1).DOI:10.1038/s41597-020-00768-9."
0,20,20,0,20,20,0,0,0,0,0,0,20,0,0,FCC,CAST,"Borg C K H , Frey C , Moh J ,et al.Expanded dataset of mechanical properties and observed s of multi-principal element alloys[J].Scientific Data, 2020, 7(1).DOI:10.1038/s41597-020-00768-9."
0,20,20,0,20,20,0,0,0,0,0,0,20,0,0,FCC,WROUGHT,"Borg C K H , Frey C , Moh J ,et al.Expanded dataset of mechanical properties and observed s of multi-principal element alloys[J].Scientific Data, 2020, 7(1).DOI:10.1038/s41597-020-00768-9."
0,20,20,0,20,20,0,0,0,0,0,0,20,0,0,FCC,WROUGHT,"Borg C K H , Frey C , Moh J ,et al.Expanded dataset of mechanical properties and observed s of multi-principal element alloys[J].Scientific Data, 2020, 7(1).DOI:10.1038/s41597-020-00768-9."
0,20,20,0,20,20,0,0,0,0,0,0,20,0,0,FCC,WROUGHT,"Borg C K H , Frey C , Moh J ,et al.Expanded dataset of mechanical properties and observed s of multi-principal element alloys[J].Scientific Data, 2020, 7(1).DOI:10.1038/s41597-020-00768-9."
0,20,20,0,20,20,0,0,0,0,0,0,20,0,0,FCC,WROUGHT,"Borg C K H , Frey C , Moh J ,et al.Expanded dataset of mechanical properties and observed s of multi-principal element alloys[J].Scientific Data, 2020, 7(1).DOI:10.1038/s41597-020-00768-9."
0,20,20,0,20,20,0,0,0,0,0,0,20,0,0,FCC,WROUGHT,"Borg C K H , Frey C , Moh J ,et al.Expanded dataset of mechanical properties and observed s of multi-principal element alloys[J].Scientific Data, 2020, 7(1).DOI:10.1038/s41597-020-00768-9."
0,20,20,0,20,20,0,0,0,0,0,0,20,0,0,FCC,WROUGHT,"Borg C K H , Frey C , Moh J ,et al.Expanded dataset of mechanical properties and observed s of multi-principal element alloys[J].Scientific Data, 2020, 7(1).DOI:10.1038/s41597-020-00768-9."
0,20,20,0,20,20,0,0,0,0,0,0,20,0,0,FCC,WROUGHT,"Borg C K H , Frey C , Moh J ,et al.Expanded dataset of mechanical properties and observed s of multi-principal element alloys[J].Scientific Data, 2020, 7(1).DOI:10.1038/s41597-020-00768-9."
0,21.27659574,0,0,21.27659574,42.55319149,4.255319149,0,0,0,0,10.63829787,0,0,0,FCC,CAST,"Borg C K H , Frey C , Moh J ,et al.Expanded dataset of mechanical properties and observed s of multi-principal element alloys[J].Scientific Data, 2020, 7(1).DOI:10.1038/s41597-020-00768-9."
0,21.27659574,0,0,21.27659574,42.55319149,4.255319149,0,0,0,0,10.63829787,0,0,0,FCC,CAST,"Borg C K H , Frey C , Moh J ,et al.Expanded dataset of mechanical properties and observed s of multi-principal element alloys[J].Scientific Data, 2020, 7(1).DOI:10.1038/s41597-020-00768-9."
0,21.27659574,0,0,21.27659574,42.55319149,4.255319149,0,0,0,0,10.63829787,0,0,0,FCC,CAST,"Borg C K H , Frey C , Moh J ,et al.Expanded dataset of mechanical properties and observed s of multi-principal element alloys[J].Scientific Data, 2020, 7(1).DOI:10.1038/s41597-020-00768-9."
0,21.27659574,0,0,21.27659574,42.55319149,4.255319149,0,0,0,0,10.63829787,0,0,0,FCC,CAST,"Borg C K H , Frey C , Moh J ,et al.Expanded dataset of mechanical properties and observed s of multi-principal element alloys[J].Scientific Data, 2020, 7(1).DOI:10.1038/s41597-020-00768-9."
0,21.27659574,0,0,21.27659574,42.55319149,4.255319149,0,0,0,0,10.63829787,0,0,0,FCC,CAST,"Borg C K H , Frey C , Moh J ,et al.Expanded dataset of mechanical properties and observed s of multi-principal element alloys[J].Scientific Data, 2020, 7(1).DOI:10.1038/s41597-020-00768-9."
0,21.27659574,0,0,21.27659574,42.55319149,4.255319149,0,0,0,0,10.63829787,0,0,0,FCC,CAST,"Borg C K H , Frey C , Moh J ,et al.Expanded dataset of mechanical properties and observed s of multi-principal element alloys[J].Scientific Data, 2020, 7(1).DOI:10.1038/s41597-020-00768-9."
6.976744186,23.25581395,23.25581395,0,23.25581395,23.25581395,0,0,0,0,0,0,0,0,0,FCC,CAST,"Borg C K H , Frey C , Moh J ,et al.Expanded dataset of mechanical properties and observed s of multi-principal element alloys[J].Scientific Data, 2020, 7(1).DOI:10.1038/s41597-020-00768-9."
6.976744186,23.25581395,23.25581395,0,23.25581395,23.25581395,0,0,0,0,0,0,0,0,0,FCC,CAST,"Borg C K H , Frey C , Moh J ,et al.Expanded dataset of mechanical properties and observed s of multi-principal element alloys[J].Scientific Data, 2020, 7(1).DOI:10.1038/s41597-020-00768-9."
6.976744186,23.25581395,23.25581395,0,23.25581395,23.25581395,0,0,0,0,0,0,0,0,0,FCC,CAST,"Borg C K H , Frey C , Moh J ,et al.Expanded dataset of mechanical properties and observed s of multi-principal element alloys[J].Scientific Data, 2020, 7(1).DOI:10.1038/s41597-020-00768-9."
20,20,20,0,20,20,0,0,0,0,0,0,0,0,0,BCC1+BCC2,CAST,"Borg C K H , Frey C , Moh J ,et al.Expanded dataset of mechanical properties and observed s of multi-principal element alloys[J].Scientific Data, 2020, 7(1).DOI:10.1038/s41597-020-00768-9."
20,20,20,0,20,20,0,0,0,0,0,0,0,0,0,BCC1+BCC2,CAST,"Borg C K H , Frey C , Moh J ,et al.Expanded dataset of mechanical properties and observed s of multi-principal element alloys[J].Scientific Data, 2020, 7(1).DOI:10.1038/s41597-020-00768-9."
0,17.49174917,12.48624862,0,55.00550055,10.0110011,5.00550055,0,0,0,0,0,0,0,0,FCC+IM,WROUGHT,"Borg C K H , Frey C , Moh J ,et al.Expanded dataset of mechanical properties and observed s of multi-principal element alloys[J].Scientific Data, 2020, 7(1).DOI:10.1038/s41597-020-00768-9."
0,17.99669785,12.49312053,0,55.03577325,6.989543203,7.484865162,0,0,0,0,0,0,0,0,FCC+IM,WROUGHT,"Borg C K H , Frey C , Moh J ,et al.Expanded dataset of mechanical properties and observed s of multi-principal element alloys[J].Scientific Data, 2020, 7(1).DOI:10.1038/s41597-020-00768-9."
0,17.49174917,12.48624862,0,55.00550055,10.0110011,5.00550055,0,0,0,0,0,0,0,0,FCC+IM,WROUGHT,"Borg C K H , Frey C , Moh J ,et al.Expanded dataset of mechanical properties and observed s of multi-principal element alloys[J].Scientific Data, 2020, 7(1).DOI:10.1038/s41597-020-00768-9."
0,17.99669785,12.49312053,0,55.03577325,6.989543203,7.484865162,0,0,0,0,0,0,0,0,FCC+IM,WROUGHT,"Borg C K H , Frey C , Moh J ,et al.Expanded dataset of mechanical properties and observed s of multi-principal element alloys[J].Scientific Data, 2020, 7(1).DOI:10.1038/s41597-020-00768-9."
0,17.49174917,12.48624862,0,55.00550055,10.0110011,5.00550055,0,0,0,0,0,0,0,0,FCC+IM,WROUGHT,"Borg C K H , Frey C , Moh J ,et al.Expanded dataset of mechanical properties and observed s of multi-principal element alloys[J].Scientific Data, 2020, 7(1).DOI:10.1038/s41597-020-00768-9."
0,17.99669785,12.49312053,0,55.03577325,6.989543203,7.484865162,0,0,0,0,0,0,0,0,FCC+IM,WROUGHT,"Borg C K H , Frey C , Moh J ,et al.Expanded dataset of mechanical properties and observed s of multi-principal element alloys[J].Scientific Data, 2020, 7(1).DOI:10.1038/s41597-020-00768-9."
0,17.49174917,12.48624862,0,55.00550055,10.0110011,5.00550055,0,0,0,0,0,0,0,0,FCC+IM,WROUGHT,"Borg C K H , Frey C , Moh J ,et al.Expanded dataset of mechanical properties and observed s of multi-principal element alloys[J].Scientific Data, 2020, 7(1).DOI:10.1038/s41597-020-00768-9."
0,17.99669785,12.49312053,0,55.03577325,6.989543203,7.484865162,0,0,0,0,0,0,0,0,FCC+IM,WROUGHT,"Borg C K H , Frey C , Moh J ,et al.Expanded dataset of mechanical properties and observed s of multi-principal element alloys[J].Scientific Data, 2020, 7(1).DOI:10.1038/s41597-020-00768-9."
0,20,20,0,20,20,0,0,0,0,0,0,20,0,0,FCC,ANNEAL,"Borg C K H , Frey C , Moh J ,et al.Expanded dataset of mechanical properties and observed s of multi-principal element alloys[J].Scientific Data, 2020, 7(1).DOI:10.1038/s41597-020-00768-9."
0,0,20,20,20,20,0,0,0,0,0,0,20,0,0,BCC+FCC,CAST,"Borg C K H , Frey C , Moh J ,et al.Expanded dataset of mechanical properties and observed s of multi-principal element alloys[J].Scientific Data, 2020, 7(1).DOI:10.1038/s41597-020-00768-9."
0,0,20,20,20,20,0,0,0,0,0,0,20,0,0,BCC+FCC,ANNEAL,"Borg C K H , Frey C , Moh J ,et al.Expanded dataset of mechanical properties and observed s of multi-principal element alloys[J].Scientific Data, 2020, 7(1).DOI:10.1038/s41597-020-00768-9."
0,0,20,20,20,20,0,0,0,0,0,0,20,0,0,BCC+FCC,ANNEAL,"Borg C K H , Frey C , Moh J ,et al.Expanded dataset of mechanical properties and observed s of multi-principal element alloys[J].Scientific Data, 2020, 7(1).DOI:10.1038/s41597-020-00768-9."
0,0,20,20,20,20,0,0,0,0,0,0,20,0,0,BCC+FCC,ANNEAL,"Borg C K H , Frey C , Moh J ,et al.Expanded dataset of mechanical properties and observed s of multi-principal element alloys[J].Scientific Data, 2020, 7(1).DOI:10.1038/s41597-020-00768-9."
0,0,20,20,20,20,0,0,0,0,0,0,20,0,0,BCC+FCC+IM,ANNEAL,"Borg C K H , Frey C , Moh J ,et al.Expanded dataset of mechanical properties and observed s of multi-principal element alloys[J].Scientific Data, 2020, 7(1).DOI:10.1038/s41597-020-00768-9."
0,0,20,20,20,20,0,0,0,0,0,0,20,0,0,BCC+FCC+IM,ANNEAL,"Borg C K H , Frey C , Moh J ,et al.Expanded dataset of mechanical properties and observed s of multi-principal element alloys[J].Scientific Data, 2020, 7(1).DOI:10.1038/s41597-020-00768-9."
0,0,20,20,20,20,0,0,0,0,0,0,20,0,0,BCC+FCC+IM,ANNEAL,"Borg C K H , Frey C , Moh J ,et al.Expanded dataset of mechanical properties and observed s of multi-principal element alloys[J].Scientific Data, 2020, 7(1).DOI:10.1038/s41597-020-00768-9."
0,0,20,20,20,20,0,0,0,0,0,0,20,0,0,BCC+FCC+IM,ANNEAL,"Borg C K H , Frey C , Moh J ,et al.Expanded dataset of mechanical properties and observed s of multi-principal element alloys[J].Scientific Data, 2020, 7(1).DOI:10.1038/s41597-020-00768-9."
0,0,20,20,20,20,0,0,0,0,0,0,20,0,0,BCC+FCC,ANNEAL,"Borg C K H , Frey C , Moh J ,et al.Expanded dataset of mechanical properties and observed s of multi-principal element alloys[J].Scientific Data, 2020, 7(1).DOI:10.1038/s41597-020-00768-9."
10.00719942,24.98200144,7.991360691,0,15.01079914,35.99712023,0,6.011519078,0,0,0,0,0,0,0,FCC,ANNEAL,"Borg C K H , Frey C , Moh J ,et al.Expanded dataset of mechanical properties and observed s of multi-principal element alloys[J].Scientific Data, 2020, 7(1).DOI:10.1038/s41597-020-00768-9."
10.00719942,24.98200144,7.991360691,0,15.01079914,35.99712023,0,6.011519078,0,0,0,0,0,0,0,FCC,ANNEAL,"Borg C K H , Frey C , Moh J ,et al.Expanded dataset of mechanical properties and observed s of multi-principal element alloys[J].Scientific Data, 2020, 7(1).DOI:10.1038/s41597-020-00768-9."
10.00719942,24.98200144,7.991360691,0,15.01079914,35.99712023,0,6.011519078,0,0,0,0,0,0,0,FCC,ANNEAL,"Borg C K H , Frey C , Moh J ,et al.Expanded dataset of mechanical properties and observed s of multi-principal element alloys[J].Scientific Data, 2020, 7(1).DOI:10.1038/s41597-020-00768-9."
10.00719942,24.98200144,7.991360691,0,15.01079914,35.99712023,0,6.011519078,0,0,0,0,0,0,0,FCC,ANNEAL,"Borg C K H , Frey C , Moh J ,et al.Expanded dataset of mechanical properties and observed s of multi-principal element alloys[J].Scientific Data, 2020, 7(1).DOI:10.1038/s41597-020-00768-9."
10.00719942,24.98200144,7.991360691,0,15.01079914,35.99712023,0,6.011519078,0,0,0,0,0,0,0,FCC,ANNEAL,"Borg C K H , Frey C , Moh J ,et al.Expanded dataset of mechanical properties and observed s of multi-principal element alloys[J].Scientific Data, 2020, 7(1).DOI:10.1038/s41597-020-00768-9."
10.00719942,24.98200144,7.991360691,0,15.01079914,35.99712023,0,6.011519078,0,0,0,0,0,0,0,FCC,ANNEAL,"Borg C K H , Frey C , Moh J ,et al.Expanded dataset of mechanical properties and observed s of multi-principal element alloys[J].Scientific Data, 2020, 7(1).DOI:10.1038/s41597-020-00768-9."
10.00719942,24.98200144,7.991360691,0,15.01079914,35.99712023,0,6.011519078,0,0,0,0,0,0,0,FCC,ANNEAL,"Borg C K H , Frey C , Moh J ,et al.Expanded dataset of mechanical properties and observed s of multi-principal element alloys[J].Scientific Data, 2020, 7(1).DOI:10.1038/s41597-020-00768-9."
10.00719942,24.98200144,7.991360691,0,15.01079914,35.99712023,0,6.011519078,0,0,0,0,0,0,0,FCC,ANNEAL,"Borg C K H , Frey C , Moh J ,et al.Expanded dataset of mechanical properties and observed s of multi-principal element alloys[J].Scientific Data, 2020, 7(1).DOI:10.1038/s41597-020-00768-9."
10.00719942,24.98200144,7.991360691,0,15.01079914,35.99712023,0,6.011519078,0,0,0,0,0,0,0,FCC,ANNEAL,"Borg C K H , Frey C , Moh J ,et al.Expanded dataset of mechanical properties and observed s of multi-principal element alloys[J].Scientific Data, 2020, 7(1).DOI:10.1038/s41597-020-00768-9."
10.00719942,24.98200144,7.991360691,0,15.01079914,35.99712023,0,6.011519078,0,0,0,0,0,0,0,FCC,ANNEAL,"Borg C K H , Frey C , Moh J ,et al.Expanded dataset of mechanical properties and observed s of multi-principal element alloys[J].Scientific Data, 2020, 7(1).DOI:10.1038/s41597-020-00768-9."
0,10.0069979,15.01049685,0,34.98950315,24.98250525,0,0,0,0,0,10.0069979,5.00349895,0,0,FCC,WROUGHT,"Borg C K H , Frey C , Moh J ,et al.Expanded dataset of mechanical properties and observed s of multi-principal element alloys[J].Scientific Data, 2020, 7(1).DOI:10.1038/s41597-020-00768-9."
0,10.0069979,15.01049685,0,34.98950315,24.98250525,0,0,0,0,0,10.0069979,5.00349895,0,0,FCC,WROUGHT,"Borg C K H , Frey C , Moh J ,et al.Expanded dataset of mechanical properties and observed s of multi-principal element alloys[J].Scientific Data, 2020, 7(1).DOI:10.1038/s41597-020-00768-9."
0,10.0069979,15.01049685,0,34.98950315,24.98250525,0,0,0,0,0,10.0069979,5.00349895,0,0,FCC,WROUGHT,"Borg C K H , Frey C , Moh J ,et al.Expanded dataset of mechanical properties and observed s of multi-principal element alloys[J].Scientific Data, 2020, 7(1).DOI:10.1038/s41597-020-00768-9."
0,10.0069979,15.01049685,0,34.98950315,24.98250525,0,0,0,0,0,10.0069979,5.00349895,0,0,FCC,WROUGHT,"Borg C K H , Frey C , Moh J ,et al.Expanded dataset of mechanical properties and observed s of multi-principal element alloys[J].Scientific Data, 2020, 7(1).DOI:10.1038/s41597-020-00768-9."
0,10.0069979,15.01049685,0,34.98950315,24.98250525,0,0,0,0,0,10.0069979,5.00349895,0,0,FCC,WROUGHT,"Borg C K H , Frey C , Moh J ,et al.Expanded dataset of mechanical properties and observed s of multi-principal element alloys[J].Scientific Data, 2020, 7(1).DOI:10.1038/s41597-020-00768-9."
33.33333333,16.66666667,16.66666667,0,16.66666667,16.66666667,0,0,0,0,0,0,0,0,0,BCC1+BCC2,CAST,"Borg C K H , Frey C , Moh J ,et al.Expanded dataset of mechanical properties and observed s of multi-principal element alloys[J].Scientific Data, 2020, 7(1).DOI:10.1038/s41597-020-00768-9."
29.9850075,16.67166417,16.67166417,0,16.67166417,16.67166417,0,3.328335832,0,0,0,0,0,0,0,BCC1+BCC2,CAST,"Borg C K H , Frey C , Moh J ,et al.Expanded dataset of mechanical properties and observed s of multi-principal element alloys[J].Scientific Data, 2020, 7(1).DOI:10.1038/s41597-020-00768-9."
24.99375156,16.67083229,16.67083229,0,16.67083229,16.67083229,0,8.32291927,0,0,0,0,0,0,0,BCC1+BCC2,CAST,"Borg C K H , Frey C , Moh J ,et al.Expanded dataset of mechanical properties and observed s of multi-principal element alloys[J].Scientific Data, 2020, 7(1).DOI:10.1038/s41597-020-00768-9."
20.0040008,16.66333267,16.66333267,0,16.66333267,16.66333267,0,13.34266853,0,0,0,0,0,0,0,BCC1+BCC2,CAST,"Borg C K H , Frey C , Moh J ,et al.Expanded dataset of mechanical properties and observed s of multi-principal element alloys[J].Scientific Data, 2020, 7(1).DOI:10.1038/s41597-020-00768-9."
16.66666667,16.66666667,16.66666667,0,16.66666667,16.66666667,0,16.66666667,0,0,0,0,0,0,0,BCC+IM,CAST,"Borg C K H , Frey C , Moh J ,et al.Expanded dataset of mechanical properties and observed s of multi-principal element alloys[J].Scientific Data, 2020, 7(1).DOI:10.1038/s41597-020-00768-9."
13.34266853,16.66333267,16.66333267,0,16.66333267,16.66333267,0,20.0040008,0,0,0,0,0,0,0,BCC+IM,CAST,"Borg C K H , Frey C , Moh J ,et al.Expanded dataset of mechanical properties and observed s of multi-principal element alloys[J].Scientific Data, 2020, 7(1).DOI:10.1038/s41597-020-00768-9."
0,0,0,0,0,0,0,16.66666667,16.66666667,16.66666667,16.66666667,0,0,16.66666667,16.66666667,BCC+IM,CAST,"Borg C K H , Frey C , Moh J ,et al.Expanded dataset of mechanical properties and observed s of multi-principal element alloys[J].Scientific Data, 2020, 7(1).DOI:10.1038/s41597-020-00768-9."
0,0,0,0,0,0,14.28571429,14.28571429,14.28571429,14.28571429,14.28571429,0,0,14.28571429,14.28571429,BCC+IM,CAST,"Borg C K H , Frey C , Moh J ,et al.Expanded dataset of mechanical properties and observed s of multi-principal element alloys[J].Scientific Data, 2020, 7(1).DOI:10.1038/s41597-020-00768-9."
0,0,0,0,0,0,0,16.66666667,16.66666667,16.66666667,16.66666667,0,0,16.66666667,16.66666667,BCC+IM,CAST,"Borg C K H , Frey C , Moh J ,et al.Expanded dataset of mechanical properties and observed s of multi-principal element alloys[J].Scientific Data, 2020, 7(1).DOI:10.1038/s41597-020-00768-9."
0,0,0,0,0,0,14.28571429,14.28571429,14.28571429,14.28571429,14.28571429,0,0,14.28571429,14.28571429,BCC+IM,CAST,"Borg C K H , Frey C , Moh J ,et al.Expanded dataset of mechanical properties and observed s of multi-principal element alloys[J].Scientific Data, 2020, 7(1).DOI:10.1038/s41597-020-00768-9."
0,0,0,0,0,0,0,16.66666667,16.66666667,16.66666667,16.66666667,0,0,16.66666667,16.66666667,BCC+IM,CAST,"Borg C K H , Frey C , Moh J ,et al.Expanded dataset of mechanical properties and observed s of multi-principal element alloys[J].Scientific Data, 2020, 7(1).DOI:10.1038/s41597-020-00768-9."
0,0,0,0,0,0,14.28571429,14.28571429,14.28571429,14.28571429,14.28571429,0,0,14.28571429,14.28571429,BCC+IM,CAST,"Borg C K H , Frey C , Moh J ,et al.Expanded dataset of mechanical properties and observed s of multi-principal element alloys[J].Scientific Data, 2020, 7(1).DOI:10.1038/s41597-020-00768-9."
0,0,0,0,0,0,0,16.66666667,16.66666667,16.66666667,16.66666667,0,0,16.66666667,16.66666667,BCC+IM,CAST,"Borg C K H , Frey C , Moh J ,et al.Expanded dataset of mechanical properties and observed s of multi-principal element alloys[J].Scientific Data, 2020, 7(1).DOI:10.1038/s41597-020-00768-9."
0,0,0,0,0,0,14.28571429,14.28571429,14.28571429,14.28571429,14.28571429,0,0,14.28571429,14.28571429,BCC+IM,CAST,"Borg C K H , Frey C , Moh J ,et al.Expanded dataset of mechanical properties and observed s of multi-principal element alloys[J].Scientific Data, 2020, 7(1).DOI:10.1038/s41597-020-00768-9."
0,0,0,0,0,0,0,33.33333333,0,33.33333333,0,0,0,0,33.33333333,BCC,CAST,"Borg C K H , Frey C , Moh J ,et al.Expanded dataset of mechanical properties and observed s of multi-principal element alloys[J].Scientific Data, 2020, 7(1).DOI:10.1038/s41597-020-00768-9."
0,0,0,0,0,0,0,25,0,25,0,0,0,25,25,BCC,CAST,"Borg C K H , Frey C , Moh J ,et al.Expanded dataset of mechanical properties and observed s of multi-principal element alloys[J].Scientific Data, 2020, 7(1).DOI:10.1038/s41597-020-00768-9."
0,0,0,0,0,0,0,33.33333333,0,33.33333333,0,0,0,0,33.33333333,BCC,ANNEAL,"Borg C K H , Frey C , Moh J ,et al.Expanded dataset of mechanical properties and observed s of multi-principal element alloys[J].Scientific Data, 2020, 7(1).DOI:10.1038/s41597-020-00768-9."
0,0,0,0,0,0,0,25,0,25,0,0,0,25,25,BCC,ANNEAL,"Borg C K H , Frey C , Moh J ,et al.Expanded dataset of mechanical properties and observed s of multi-principal element alloys[J].Scientific Data, 2020, 7(1).DOI:10.1038/s41597-020-00768-9."
0,0,0,0,0,0,0,33.33333333,0,33.33333333,0,0,0,0,33.33333333,BCC,CAST,"Borg C K H , Frey C , Moh J ,et al.Expanded dataset of mechanical properties and observed s of multi-principal element alloys[J].Scientific Data, 2020, 7(1).DOI:10.1038/s41597-020-00768-9."
0,0,0,0,0,0,0,25,0,25,0,0,0,25,25,BCC,CAST,"Borg C K H , Frey C , Moh J ,et al.Expanded dataset of mechanical properties and observed s of multi-principal element alloys[J].Scientific Data, 2020, 7(1).DOI:10.1038/s41597-020-00768-9."
0,0,0,0,0,0,0,33.33333333,0,33.33333333,0,0,0,0,33.33333333,BCC,CAST,"Borg C K H , Frey C , Moh J ,et al.Expanded dataset of mechanical properties and observed s of multi-principal element alloys[J].Scientific Data, 2020, 7(1).DOI:10.1038/s41597-020-00768-9."
0,0,0,0,0,0,0,25,0,25,0,0,0,25,25,BCC,CAST,"Borg C K H , Frey C , Moh J ,et al.Expanded dataset of mechanical properties and observed s of multi-principal element alloys[J].Scientific Data, 2020, 7(1).DOI:10.1038/s41597-020-00768-9."
0,25,25,0,25,25,0,0,0,0,0,0,0,0,0,FCC,CAST,"Borg C K H , Frey C , Moh J ,et al.Expanded dataset of mechanical properties and observed s of multi-principal element alloys[J].Scientific Data, 2020, 7(1).DOI:10.1038/s41597-020-00768-9."
0,23.80952381,23.80952381,0,23.80952381,23.80952381,0,0,4.761904762,0,0,0,0,0,0,FCC,CAST,"Borg C K H , Frey C , Moh J ,et al.Expanded dataset of mechanical properties and observed s of multi-principal element alloys[J].Scientific Data, 2020, 7(1).DOI:10.1038/s41597-020-00768-9."
0,22.22222222,22.22222222,0,22.22222222,22.22222222,0,0,11.11111111,0,0,0,0,0,0,FCC+IM,CAST,"Borg C K H , Frey C , Moh J ,et al.Expanded dataset of mechanical properties and observed s of multi-principal element alloys[J].Scientific Data, 2020, 7(1).DOI:10.1038/s41597-020-00768-9."
0,0,20,0,20,0,20,0,0,20,0,20,0,0,0,BCC+IM,CAST,"Borg C K H , Frey C , Moh J ,et al.Expanded dataset of mechanical properties and observed s of multi-principal element alloys[J].Scientific Data, 2020, 7(1).DOI:10.1038/s41597-020-00768-9."
0,0,20,0,20,0,20,20,0,20,0,0,0,0,0,BCC+IM,CAST,"Borg C K H , Frey C , Moh J ,et al.Expanded dataset of mechanical properties and observed s of multi-principal element alloys[J].Scientific Data, 2020, 7(1).DOI:10.1038/s41597-020-00768-9."
0,0,0,0,20,0,20,20,0,20,0,20,0,0,0,BCC1+BCC2,CAST,"Borg C K H , Frey C , Moh J ,et al.Expanded dataset of mechanical properties and observed s of multi-principal element alloys[J].Scientific Data, 2020, 7(1).DOI:10.1038/s41597-020-00768-9."
6.25,0,20.83333333,10.41666667,20.83333333,41.66666667,0,0,0,0,0,0,0,0,0,FCC,WROUGHT,"Borg C K H , Frey C , Moh J ,et al.Expanded dataset of mechanical properties and observed s of multi-principal element alloys[J].Scientific Data, 2020, 7(1).DOI:10.1038/s41597-020-00768-9."
6.25,0,20.83333333,10.41666667,20.83333333,41.66666667,0,0,0,0,0,0,0,0,0,FCC,WROUGHT,"Borg C K H , Frey C , Moh J ,et al.Expanded dataset of mechanical properties and observed s of multi-principal element alloys[J].Scientific Data, 2020, 7(1).DOI:10.1038/s41597-020-00768-9."
6.25,0,20.83333333,10.41666667,20.83333333,41.66666667,0,0,0,0,0,0,0,0,0,FCC+IM,WROUGHT,"Borg C K H , Frey C , Moh J ,et al.Expanded dataset of mechanical properties and observed s of multi-principal element alloys[J].Scientific Data, 2020, 7(1).DOI:10.1038/s41597-020-00768-9."
6.25,0,20.83333333,10.41666667,20.83333333,41.66666667,0,0,0,0,0,0,0,0,0,FCC+IM,WROUGHT,"Borg C K H , Frey C , Moh J ,et al.Expanded dataset of mechanical properties and observed s of multi-principal element alloys[J].Scientific Data, 2020, 7(1).DOI:10.1038/s41597-020-00768-9."
0,0,0,0,0,0,0,20,0,20,20,0,0,20,20,BCC,WROUGHT,"Borg C K H , Frey C , Moh J ,et al.Expanded dataset of mechanical properties and observed s of multi-principal element alloys[J].Scientific Data, 2020, 7(1).DOI:10.1038/s41597-020-00768-9."
0,0,0,0,0,0,0,20,0,20,20,0,0,20,20,BCC,WROUGHT,"Borg C K H , Frey C , Moh J ,et al.Expanded dataset of mechanical properties and observed s of multi-principal element alloys[J].Scientific Data, 2020, 7(1).DOI:10.1038/s41597-020-00768-9."
0,0,0,0,0,0,0,20,0,20,20,0,0,20,20,BCC,WROUGHT,"Borg C K H , Frey C , Moh J ,et al.Expanded dataset of mechanical properties and observed s of multi-principal element alloys[J].Scientific Data, 2020, 7(1).DOI:10.1038/s41597-020-00768-9."
0,0,0,0,0,0,0,20,0,20,20,0,0,20,20,BCC,WROUGHT,"Borg C K H , Frey C , Moh J ,et al.Expanded dataset of mechanical properties and observed s of multi-principal element alloys[J].Scientific Data, 2020, 7(1).DOI:10.1038/s41597-020-00768-9."
0,0,0,0,0,0,0,20,0,20,20,0,0,20,20,BCC,WROUGHT,"Borg C K H , Frey C , Moh J ,et al.Expanded dataset of mechanical properties and observed s of multi-principal element alloys[J].Scientific Data, 2020, 7(1).DOI:10.1038/s41597-020-00768-9."
0,0,0,0,0,0,0,20,0,20,20,0,0,20,20,BCC,WROUGHT,"Borg C K H , Frey C , Moh J ,et al.Expanded dataset of mechanical properties and observed s of multi-principal element alloys[J].Scientific Data, 2020, 7(1).DOI:10.1038/s41597-020-00768-9."
0,0,0,0,0,0,0,20,0,20,20,0,0,20,20,BCC,WROUGHT,"Borg C K H , Frey C , Moh J ,et al.Expanded dataset of mechanical properties and observed s of multi-principal element alloys[J].Scientific Data, 2020, 7(1).DOI:10.1038/s41597-020-00768-9."
0,0,0,0,0,0,0,20,0,20,20,0,0,20,20,BCC,WROUGHT,"Borg C K H , Frey C , Moh J ,et al.Expanded dataset of mechanical properties and observed s of multi-principal element alloys[J].Scientific Data, 2020, 7(1).DOI:10.1038/s41597-020-00768-9."
0,0,0,0,0,0,0,20,0,20,20,0,0,20,20,BCC,WROUGHT,"Borg C K H , Frey C , Moh J ,et al.Expanded dataset of mechanical properties and observed s of multi-principal element alloys[J].Scientific Data, 2020, 7(1).DOI:10.1038/s41597-020-00768-9."
0,0,0,0,0,0,0,20,0,20,20,0,0,20,20,BCC,WROUGHT,"Borg C K H , Frey C , Moh J ,et al.Expanded dataset of mechanical properties and observed s of multi-principal element alloys[J].Scientific Data, 2020, 7(1).DOI:10.1038/s41597-020-00768-9."
0,0,0,0,0,0,0,20,0,20,20,0,0,20,20,BCC,WROUGHT,"Borg C K H , Frey C , Moh J ,et al.Expanded dataset of mechanical properties and observed s of multi-principal element alloys[J].Scientific Data, 2020, 7(1).DOI:10.1038/s41597-020-00768-9."
0,0,0,0,0,0,0,20,0,20,20,0,0,20,20,BCC,WROUGHT,"Borg C K H , Frey C , Moh J ,et al.Expanded dataset of mechanical properties and observed s of multi-principal element alloys[J].Scientific Data, 2020, 7(1).DOI:10.1038/s41597-020-00768-9."
0,0,0,0,0,0,0,20,0,20,20,0,0,20,20,BCC,WROUGHT,"Borg C K H , Frey C , Moh J ,et al.Expanded dataset of mechanical properties and observed s of multi-principal element alloys[J].Scientific Data, 2020, 7(1).DOI:10.1038/s41597-020-00768-9."
0,0,0,0,0,0,0,20,0,20,20,0,0,20,20,BCC,WROUGHT,"Borg C K H , Frey C , Moh J ,et al.Expanded dataset of mechanical properties and observed s of multi-principal element alloys[J].Scientific Data, 2020, 7(1).DOI:10.1038/s41597-020-00768-9."
0,0,0,0,0,0,0,20,0,20,20,0,0,20,20,BCC,WROUGHT,"Borg C K H , Frey C , Moh J ,et al.Expanded dataset of mechanical properties and observed s of multi-principal element alloys[J].Scientific Data, 2020, 7(1).DOI:10.1038/s41597-020-00768-9."
0,0,0,0,0,0,0,20,0,20,20,0,0,20,20,BCC,WROUGHT,"Borg C K H , Frey C , Moh J ,et al.Expanded dataset of mechanical properties and observed s of multi-principal element alloys[J].Scientific Data, 2020, 7(1).DOI:10.1038/s41597-020-00768-9."
0,0,0,0,0,0,0,20,0,20,20,0,0,20,20,BCC,WROUGHT,"Borg C K H , Frey C , Moh J ,et al.Expanded dataset of mechanical properties and observed s of multi-principal element alloys[J].Scientific Data, 2020, 7(1).DOI:10.1038/s41597-020-00768-9."
0,0,0,0,0,0,0,20,0,20,20,0,0,20,20,BCC,WROUGHT,"Borg C K H , Frey C , Moh J ,et al.Expanded dataset of mechanical properties and observed s of multi-principal element alloys[J].Scientific Data, 2020, 7(1).DOI:10.1038/s41597-020-00768-9."
0,0,0,0,0,0,0,20,0,20,20,0,0,20,20,BCC,WROUGHT,"Borg C K H , Frey C , Moh J ,et al.Expanded dataset of mechanical properties and observed s of multi-principal element alloys[J].Scientific Data, 2020, 7(1).DOI:10.1038/s41597-020-00768-9."
0,0,0,0,0,0,0,20,0,20,20,0,0,20,20,BCC,WROUGHT,"Borg C K H , Frey C , Moh J ,et al.Expanded dataset of mechanical properties and observed s of multi-principal element alloys[J].Scientific Data, 2020, 7(1).DOI:10.1038/s41597-020-00768-9."
0,0,0,0,0,0,0,20,0,20,20,0,0,20,20,BCC,WROUGHT,"Borg C K H , Frey C , Moh J ,et al.Expanded dataset of mechanical properties and observed s of multi-principal element alloys[J].Scientific Data, 2020, 7(1).DOI:10.1038/s41597-020-00768-9."
0,0,0,0,0,0,0,20,0,20,20,0,0,20,20,BCC,WROUGHT,"Borg C K H , Frey C , Moh J ,et al.Expanded dataset of mechanical properties and observed s of multi-principal element alloys[J].Scientific Data, 2020, 7(1).DOI:10.1038/s41597-020-00768-9."
0,0,0,0,0,0,0,20,0,20,20,0,0,20,20,BCC,WROUGHT,"Borg C K H , Frey C , Moh J ,et al.Expanded dataset of mechanical properties and observed s of multi-principal element alloys[J].Scientific Data, 2020, 7(1).DOI:10.1038/s41597-020-00768-9."
0,0,0,0,0,0,0,20,0,20,20,0,0,20,20,BCC,WROUGHT,"Borg C K H , Frey C , Moh J ,et al.Expanded dataset of mechanical properties and observed s of multi-principal element alloys[J].Scientific Data, 2020, 7(1).DOI:10.1038/s41597-020-00768-9."
0,0,0,0,0,0,0,20,0,20,20,0,0,20,20,BCC,WROUGHT,"Borg C K H , Frey C , Moh J ,et al.Expanded dataset of mechanical properties and observed s of multi-principal element alloys[J].Scientific Data, 2020, 7(1).DOI:10.1038/s41597-020-00768-9."
0,0,0,0,0,0,0,20,0,20,20,0,0,20,20,BCC,WROUGHT,"Borg C K H , Frey C , Moh J ,et al.Expanded dataset of mechanical properties and observed s of multi-principal element alloys[J].Scientific Data, 2020, 7(1).DOI:10.1038/s41597-020-00768-9."
0,0,0,0,0,0,0,20,0,20,20,0,0,20,20,BCC,WROUGHT,"Borg C K H , Frey C , Moh J ,et al.Expanded dataset of mechanical properties and observed s of multi-principal element alloys[J].Scientific Data, 2020, 7(1).DOI:10.1038/s41597-020-00768-9."
0,0,0,0,0,0,0,20,0,20,20,0,0,20,20,BCC,WROUGHT,"Borg C K H , Frey C , Moh J ,et al.Expanded dataset of mechanical properties and observed s of multi-principal element alloys[J].Scientific Data, 2020, 7(1).DOI:10.1038/s41597-020-00768-9."
0,0,0,0,0,0,0,20,0,20,20,0,0,20,20,BCC,WROUGHT,"Borg C K H , Frey C , Moh J ,et al.Expanded dataset of mechanical properties and observed s of multi-principal element alloys[J].Scientific Data, 2020, 7(1).DOI:10.1038/s41597-020-00768-9."
0,0,0,0,0,0,0,20,0,20,20,0,0,20,20,BCC,WROUGHT,"Borg C K H , Frey C , Moh J ,et al.Expanded dataset of mechanical properties and observed s of multi-principal element alloys[J].Scientific Data, 2020, 7(1).DOI:10.1038/s41597-020-00768-9."
0,0,0,0,0,0,0,20,0,20,20,0,0,20,20,BCC,WROUGHT,"Borg C K H , Frey C , Moh J ,et al.Expanded dataset of mechanical properties and observed s of multi-principal element alloys[J].Scientific Data, 2020, 7(1).DOI:10.1038/s41597-020-00768-9."
0,0,0,0,0,0,0,20,0,20,20,0,0,20,20,BCC,WROUGHT,"Borg C K H , Frey C , Moh J ,et al.Expanded dataset of mechanical properties and observed s of multi-principal element alloys[J].Scientific Data, 2020, 7(1).DOI:10.1038/s41597-020-00768-9."
0,0,0,0,0,0,0,20,0,20,20,0,0,20,20,BCC,WROUGHT,"Borg C K H , Frey C , Moh J ,et al.Expanded dataset of mechanical properties and observed s of multi-principal element alloys[J].Scientific Data, 2020, 7(1).DOI:10.1038/s41597-020-00768-9."
0,0,0,0,0,0,0,20,0,20,20,0,0,20,20,BCC,WROUGHT,"Borg C K H , Frey C , Moh J ,et al.Expanded dataset of mechanical properties and observed s of multi-principal element alloys[J].Scientific Data, 2020, 7(1).DOI:10.1038/s41597-020-00768-9."
0,0,0,0,0,0,0,20,0,20,20,0,0,20,20,BCC,WROUGHT,"Borg C K H , Frey C , Moh J ,et al.Expanded dataset of mechanical properties and observed s of multi-principal element alloys[J].Scientific Data, 2020, 7(1).DOI:10.1038/s41597-020-00768-9."
0,0,0,0,0,0,0,20,0,20,20,0,0,20,20,BCC,WROUGHT,"Borg C K H , Frey C , Moh J ,et al.Expanded dataset of mechanical properties and observed s of multi-principal element alloys[J].Scientific Data, 2020, 7(1).DOI:10.1038/s41597-020-00768-9."
0,0,0,0,0,0,0,20,0,20,20,0,0,20,20,BCC,WROUGHT,"Borg C K H , Frey C , Moh J ,et al.Expanded dataset of mechanical properties and observed s of multi-principal element alloys[J].Scientific Data, 2020, 7(1).DOI:10.1038/s41597-020-00768-9."
0,0,0,0,0,0,0,20,0,20,20,0,0,20,20,BCC,WROUGHT,"Borg C K H , Frey C , Moh J ,et al.Expanded dataset of mechanical properties and observed s of multi-principal element alloys[J].Scientific Data, 2020, 7(1).DOI:10.1038/s41597-020-00768-9."
0,0,0,0,0,0,0,20,0,20,20,0,0,20,20,BCC,WROUGHT,"Borg C K H , Frey C , Moh J ,et al.Expanded dataset of mechanical properties and observed s of multi-principal element alloys[J].Scientific Data, 2020, 7(1).DOI:10.1038/s41597-020-00768-9."
0,0,0,0,0,0,0,20,0,20,20,0,0,20,20,BCC,WROUGHT,"Borg C K H , Frey C , Moh J ,et al.Expanded dataset of mechanical properties and observed s of multi-principal element alloys[J].Scientific Data, 2020, 7(1).DOI:10.1038/s41597-020-00768-9."
0,0,0,0,0,0,0,20,0,20,20,0,0,20,20,BCC,WROUGHT,"Borg C K H , Frey C , Moh J ,et al.Expanded dataset of mechanical properties and observed s of multi-principal element alloys[J].Scientific Data, 2020, 7(1).DOI:10.1038/s41597-020-00768-9."
0,0,0,0,0,0,0,20,0,20,20,0,0,20,20,BCC,WROUGHT,"Borg C K H , Frey C , Moh J ,et al.Expanded dataset of mechanical properties and observed s of multi-principal element alloys[J].Scientific Data, 2020, 7(1).DOI:10.1038/s41597-020-00768-9."
0,23.25581395,23.25581395,0,23.25581395,23.25581395,0,6.976744186,0,0,0,0,0,0,0,FCC,WROUGHT,"Borg C K H , Frey C , Moh J ,et al.Expanded dataset of mechanical properties and observed s of multi-principal element alloys[J].Scientific Data, 2020, 7(1).DOI:10.1038/s41597-020-00768-9."
0,23.25581395,23.25581395,0,23.25581395,23.25581395,0,6.976744186,0,0,0,0,0,0,0,FCC,WROUGHT,"Borg C K H , Frey C , Moh J ,et al.Expanded dataset of mechanical properties and observed s of multi-principal element alloys[J].Scientific Data, 2020, 7(1).DOI:10.1038/s41597-020-00768-9."
0,11.6149285,23.26473666,0,23.26473666,34.87966516,0,6.975933031,0,0,0,0,0,0,0,FCC,WROUGHT,"Borg C K H , Frey C , Moh J ,et al.Expanded dataset of mechanical properties and observed s of multi-principal element alloys[J].Scientific Data, 2020, 7(1).DOI:10.1038/s41597-020-00768-9."
0,11.6149285,23.26473666,0,23.26473666,34.87966516,0,6.975933031,0,0,0,0,0,0,0,FCC,WROUGHT,"Borg C K H , Frey C , Moh J ,et al.Expanded dataset of mechanical properties and observed s of multi-principal element alloys[J].Scientific Data, 2020, 7(1).DOI:10.1038/s41597-020-00768-9."
0,0,23.25581395,0,23.25581395,46.51162791,0,6.976744186,0,0,0,0,0,0,0,FCC,WROUGHT,"Borg C K H , Frey C , Moh J ,et al.Expanded dataset of mechanical properties and observed s of multi-principal element alloys[J].Scientific Data, 2020, 7(1).DOI:10.1038/s41597-020-00768-9."
0,0,23.25581395,0,23.25581395,46.51162791,0,6.976744186,0,0,0,0,0,0,0,FCC,WROUGHT,"Borg C K H , Frey C , Moh J ,et al.Expanded dataset of mechanical properties and observed s of multi-principal element alloys[J].Scientific Data, 2020, 7(1).DOI:10.1038/s41597-020-00768-9."
0,0,0,0,0,0,0,33.33333333,0,33.33333333,33.33333333,0,0,0,0,BCC,WROUGHT,"Borg C K H , Frey C , Moh J ,et al.Expanded dataset of mechanical properties and observed s of multi-principal element alloys[J].Scientific Data, 2020, 7(1).DOI:10.1038/s41597-020-00768-9."
0,0,0,0,0,0,0,33.33333333,0,33.33333333,33.33333333,0,0,0,0,BCC,WROUGHT,"Borg C K H , Frey C , Moh J ,et al.Expanded dataset of mechanical properties and observed s of multi-principal element alloys[J].Scientific Data, 2020, 7(1).DOI:10.1038/s41597-020-00768-9."
0,0,0,0,0,0,0,33.33333333,0,33.33333333,33.33333333,0,0,0,0,BCC,WROUGHT,"Borg C K H , Frey C , Moh J ,et al.Expanded dataset of mechanical properties and observed s of multi-principal element alloys[J].Scientific Data, 2020, 7(1).DOI:10.1038/s41597-020-00768-9."
0,0,0,0,0,0,0,33.33333333,0,33.33333333,33.33333333,0,0,0,0,BCC,WROUGHT,"Borg C K H , Frey C , Moh J ,et al.Expanded dataset of mechanical properties and observed s of multi-principal element alloys[J].Scientific Data, 2020, 7(1).DOI:10.1038/s41597-020-00768-9."
0,0,0,0,0,0,0,33.33333333,0,33.33333333,33.33333333,0,0,0,0,BCC,WROUGHT,"Borg C K H , Frey C , Moh J ,et al.Expanded dataset of mechanical properties and observed s of multi-principal element alloys[J].Scientific Data, 2020, 7(1).DOI:10.1038/s41597-020-00768-9."
0,0,0,0,0,0,0,33.33333333,0,33.33333333,33.33333333,0,0,0,0,BCC,WROUGHT,"Borg C K H , Frey C , Moh J ,et al.Expanded dataset of mechanical properties and observed s of multi-principal element alloys[J].Scientific Data, 2020, 7(1).DOI:10.1038/s41597-020-00768-9."
0,0,0,0,0,0,0,33.33333333,0,33.33333333,33.33333333,0,0,0,0,BCC,WROUGHT,"Borg C K H , Frey C , Moh J ,et al.Expanded dataset of mechanical properties and observed s of multi-principal element alloys[J].Scientific Data, 2020, 7(1).DOI:10.1038/s41597-020-00768-9."
0,0,0,0,0,0,0,33.33333333,0,33.33333333,33.33333333,0,0,0,0,BCC,WROUGHT,"Borg C K H , Frey C , Moh J ,et al.Expanded dataset of mechanical properties and observed s of multi-principal element alloys[J].Scientific Data, 2020, 7(1).DOI:10.1038/s41597-020-00768-9."
25,0,0,0,0,0,0,25,0,25,25,0,0,0,0,BCC,CAST,"Borg C K H , Frey C , Moh J ,et al.Expanded dataset of mechanical properties and observed s of multi-principal element alloys[J].Scientific Data, 2020, 7(1).DOI:10.1038/s41597-020-00768-9."
25,0,0,0,0,0,0,25,0,25,25,0,0,0,0,BCC,CAST,"Borg C K H , Frey C , Moh J ,et al.Expanded dataset of mechanical properties and observed s of multi-principal element alloys[J].Scientific Data, 2020, 7(1).DOI:10.1038/s41597-020-00768-9."
25,0,0,0,0,0,0,25,0,25,25,0,0,0,0,BCC,CAST,"Borg C K H , Frey C , Moh J ,et al.Expanded dataset of mechanical properties and observed s of multi-principal element alloys[J].Scientific Data, 2020, 7(1).DOI:10.1038/s41597-020-00768-9."
0,0,0,0,0,0,25,25,0,25,25,0,0,0,0,BCC,ANNEAL,"Borg C K H , Frey C , Moh J ,et al.Expanded dataset of mechanical properties and observed s of multi-principal element alloys[J].Scientific Data, 2020, 7(1).DOI:10.1038/s41597-020-00768-9."
0,0,0,0,0,0,25,25,0,25,25,0,0,0,0,BCC,ANNEAL,"Borg C K H , Frey C , Moh J ,et al.Expanded dataset of mechanical properties and observed s of multi-principal element alloys[J].Scientific Data, 2020, 7(1).DOI:10.1038/s41597-020-00768-9."
0,0,0,0,0,0,25,25,0,25,25,0,0,0,0,BCC,ANNEAL,"Borg C K H , Frey C , Moh J ,et al.Expanded dataset of mechanical properties and observed s of multi-principal element alloys[J].Scientific Data, 2020, 7(1).DOI:10.1038/s41597-020-00768-9."
0,0,0,0,0,0,25,25,0,25,25,0,0,0,0,BCC,ANNEAL,"Borg C K H , Frey C , Moh J ,et al.Expanded dataset of mechanical properties and observed s of multi-principal element alloys[J].Scientific Data, 2020, 7(1).DOI:10.1038/s41597-020-00768-9."
0,0,0,0,0,0,25,25,0,25,25,0,0,0,0,BCC,ANNEAL,"Borg C K H , Frey C , Moh J ,et al.Expanded dataset of mechanical properties and observed s of multi-principal element alloys[J].Scientific Data, 2020, 7(1).DOI:10.1038/s41597-020-00768-9."
0,0,0,0,0,0,25,25,0,25,25,0,0,0,0,BCC,ANNEAL,"Borg C K H , Frey C , Moh J ,et al.Expanded dataset of mechanical properties and observed s of multi-principal element alloys[J].Scientific Data, 2020, 7(1).DOI:10.1038/s41597-020-00768-9."
0,0,0,0,0,0,25,25,0,25,25,0,0,0,0,BCC,ANNEAL,"Borg C K H , Frey C , Moh J ,et al.Expanded dataset of mechanical properties and observed s of multi-principal element alloys[J].Scientific Data, 2020, 7(1).DOI:10.1038/s41597-020-00768-9."
0,0,0,0,0,0,25,25,0,25,25,0,0,0,0,BCC,ANNEAL,"Borg C K H , Frey C , Moh J ,et al.Expanded dataset of mechanical properties and observed s of multi-principal element alloys[J].Scientific Data, 2020, 7(1).DOI:10.1038/s41597-020-00768-9."
0,0,0,0,0,0,25,25,0,25,25,0,0,0,0,BCC,ANNEAL,"Borg C K H , Frey C , Moh J ,et al.Expanded dataset of mechanical properties and observed s of multi-principal element alloys[J].Scientific Data, 2020, 7(1).DOI:10.1038/s41597-020-00768-9."
0,0,0,0,0,0,0,25,25,25,25,0,0,0,0,BCC,ANNEAL,"Borg C K H , Frey C , Moh J ,et al.Expanded dataset of mechanical properties and observed s of multi-principal element alloys[J].Scientific Data, 2020, 7(1).DOI:10.1038/s41597-020-00768-9."
0,0,0,0,0,0,0,25,25,25,25,0,0,0,0,BCC,ANNEAL,"Borg C K H , Frey C , Moh J ,et al.Expanded dataset of mechanical properties and observed s of multi-principal element alloys[J].Scientific Data, 2020, 7(1).DOI:10.1038/s41597-020-00768-9."
0,0,0,0,0,0,0,25,25,25,25,0,0,0,0,BCC,ANNEAL,"Borg C K H , Frey C , Moh J ,et al.Expanded dataset of mechanical properties and observed s of multi-principal element alloys[J].Scientific Data, 2020, 7(1).DOI:10.1038/s41597-020-00768-9."
0,0,0,0,0,0,0,25,25,25,25,0,0,0,0,BCC,ANNEAL,"Borg C K H , Frey C , Moh J ,et al.Expanded dataset of mechanical properties and observed s of multi-principal element alloys[J].Scientific Data, 2020, 7(1).DOI:10.1038/s41597-020-00768-9."
0,0,0,0,0,0,0,25,25,25,25,0,0,0,0,BCC,ANNEAL,"Borg C K H , Frey C , Moh J ,et al.Expanded dataset of mechanical properties and observed s of multi-principal element alloys[J].Scientific Data, 2020, 7(1).DOI:10.1038/s41597-020-00768-9."
0,0,0,0,0,0,0,25,25,25,25,0,0,0,0,BCC,ANNEAL,"Borg C K H , Frey C , Moh J ,et al.Expanded dataset of mechanical properties and observed s of multi-principal element alloys[J].Scientific Data, 2020, 7(1).DOI:10.1038/s41597-020-00768-9."
0,0,0,0,0,0,0,25,25,25,25,0,0,0,0,BCC,ANNEAL,"Borg C K H , Frey C , Moh J ,et al.Expanded dataset of mechanical properties and observed s of multi-principal element alloys[J].Scientific Data, 2020, 7(1).DOI:10.1038/s41597-020-00768-9."
0,0,0,0,0,0,0,25,25,25,25,0,0,0,0,BCC,ANNEAL,"Borg C K H , Frey C , Moh J ,et al.Expanded dataset of mechanical properties and observed s of multi-principal element alloys[J].Scientific Data, 2020, 7(1).DOI:10.1038/s41597-020-00768-9."
0,0,0,0,0,0,0,25,0,25,25,0,0,25,0,BCC,ANNEAL,"Borg C K H , Frey C , Moh J ,et al.Expanded dataset of mechanical properties and observed s of multi-principal element alloys[J].Scientific Data, 2020, 7(1).DOI:10.1038/s41597-020-00768-9."
0,0,0,0,0,0,0,25,0,25,25,0,0,25,0,BCC,ANNEAL,"Borg C K H , Frey C , Moh J ,et al.Expanded dataset of mechanical properties and observed s of multi-principal element alloys[J].Scientific Data, 2020, 7(1).DOI:10.1038/s41597-020-00768-9."
0,0,0,0,0,0,0,25,0,25,25,0,0,25,0,BCC,ANNEAL,"Borg C K H , Frey C , Moh J ,et al.Expanded dataset of mechanical properties and observed s of multi-principal element alloys[J].Scientific Data, 2020, 7(1).DOI:10.1038/s41597-020-00768-9."
0,0,0,0,0,0,0,25,0,25,25,0,0,25,0,BCC,ANNEAL,"Borg C K H , Frey C , Moh J ,et al.Expanded dataset of mechanical properties and observed s of multi-principal element alloys[J].Scientific Data, 2020, 7(1).DOI:10.1038/s41597-020-00768-9."
0,0,25,0,0,0,25,25,0,25,0,0,0,0,0,BCC,ANNEAL,"Borg C K H , Frey C , Moh J ,et al.Expanded dataset of mechanical properties and observed s of multi-principal element alloys[J].Scientific Data, 2020, 7(1).DOI:10.1038/s41597-020-00768-9."
0,0,25,0,0,0,25,25,0,25,0,0,0,0,0,BCC,ANNEAL,"Borg C K H , Frey C , Moh J ,et al.Expanded dataset of mechanical properties and observed s of multi-principal element alloys[J].Scientific Data, 2020, 7(1).DOI:10.1038/s41597-020-00768-9."
0,0,25,0,0,0,25,25,0,25,0,0,0,0,0,BCC,ANNEAL,"Borg C K H , Frey C , Moh J ,et al.Expanded dataset of mechanical properties and observed s of multi-principal element alloys[J].Scientific Data, 2020, 7(1).DOI:10.1038/s41597-020-00768-9."
0,0,25,0,0,0,25,25,0,25,0,0,0,0,0,BCC,ANNEAL,"Borg C K H , Frey C , Moh J ,et al.Expanded dataset of mechanical properties and observed s of multi-principal element alloys[J].Scientific Data, 2020, 7(1).DOI:10.1038/s41597-020-00768-9."
0,0,25,0,0,0,25,25,0,25,0,0,0,0,0,BCC,ANNEAL,"Borg C K H , Frey C , Moh J ,et al.Expanded dataset of mechanical properties and observed s of multi-principal element alloys[J].Scientific Data, 2020, 7(1).DOI:10.1038/s41597-020-00768-9."
0,0,25,0,0,0,25,25,0,0,25,0,0,0,0,BCC+IM,ANNEAL,"Borg C K H , Frey C , Moh J ,et al.Expanded dataset of mechanical properties and observed s of multi-principal element alloys[J].Scientific Data, 2020, 7(1).DOI:10.1038/s41597-020-00768-9."
0,0,25,0,0,0,25,25,0,0,25,0,0,0,0,BCC+IM,ANNEAL,"Borg C K H , Frey C , Moh J ,et al.Expanded dataset of mechanical properties and observed s of multi-principal element alloys[J].Scientific Data, 2020, 7(1).DOI:10.1038/s41597-020-00768-9."
0,0,25,0,0,0,25,25,0,0,25,0,0,0,0,BCC+IM,ANNEAL,"Borg C K H , Frey C , Moh J ,et al.Expanded dataset of mechanical properties and observed s of multi-principal element alloys[J].Scientific Data, 2020, 7(1).DOI:10.1038/s41597-020-00768-9."
0,0,25,0,0,0,25,25,0,0,25,0,0,0,0,BCC+IM,ANNEAL,"Borg C K H , Frey C , Moh J ,et al.Expanded dataset of mechanical properties and observed s of multi-principal element alloys[J].Scientific Data, 2020, 7(1).DOI:10.1038/s41597-020-00768-9."
0,0,25,0,0,0,25,25,0,0,25,0,0,0,0,BCC+IM,ANNEAL,"Borg C K H , Frey C , Moh J ,et al.Expanded dataset of mechanical properties and observed s of multi-principal element alloys[J].Scientific Data, 2020, 7(1).DOI:10.1038/s41597-020-00768-9."
0,0,25,0,0,0,25,25,0,0,25,0,0,0,0,BCC+IM,ANNEAL,"Borg C K H , Frey C , Moh J ,et al.Expanded dataset of mechanical properties and observed s of multi-principal element alloys[J].Scientific Data, 2020, 7(1).DOI:10.1038/s41597-020-00768-9."
0,0,25,0,0,0,25,25,0,0,25,0,0,0,0,BCC+IM,ANNEAL,"Borg C K H , Frey C , Moh J ,et al.Expanded dataset of mechanical properties and observed s of multi-principal element alloys[J].Scientific Data, 2020, 7(1).DOI:10.1038/s41597-020-00768-9."
0,0,25,0,0,0,25,25,0,0,25,0,0,0,0,BCC+IM,ANNEAL,"Borg C K H , Frey C , Moh J ,et al.Expanded dataset of mechanical properties and observed s of multi-principal element alloys[J].Scientific Data, 2020, 7(1).DOI:10.1038/s41597-020-00768-9."
0,0,0,0,0,0,0,44.44444444,0,0,0,22.22222222,0,11.11111111,22.22222222,BCC,CAST,"Borg C K H , Frey C , Moh J ,et al.Expanded dataset of mechanical properties and observed s of multi-principal element alloys[J].Scientific Data, 2020, 7(1).DOI:10.1038/s41597-020-00768-9."
0,0,0,0,0,0,0,44.44444444,0,0,0,22.22222222,0,11.11111111,22.22222222,BCC,CAST,"Borg C K H , Frey C , Moh J ,et al.Expanded dataset of mechanical properties and observed s of multi-principal element alloys[J].Scientific Data, 2020, 7(1).DOI:10.1038/s41597-020-00768-9."
0,0,0,0,0,0,0,44.44444444,0,0,0,22.22222222,0,11.11111111,22.22222222,BCC,CAST,"Borg C K H , Frey C , Moh J ,et al.Expanded dataset of mechanical properties and observed s of multi-principal element alloys[J].Scientific Data, 2020, 7(1).DOI:10.1038/s41597-020-00768-9."
0,0,0,0,0,0,0,42.10526316,0,5.263157895,0,21.05263158,0,10.52631579,21.05263158,BCC,CAST,"Borg C K H , Frey C , Moh J ,et al.Expanded dataset of mechanical properties and observed s of multi-principal element alloys[J].Scientific Data, 2020, 7(1).DOI:10.1038/s41597-020-00768-9."
0,0,0,0,0,0,0,40,0,10,0,20,0,10,20,BCC,CAST,"Borg C K H , Frey C , Moh J ,et al.Expanded dataset of mechanical properties and observed s of multi-principal element alloys[J].Scientific Data, 2020, 7(1).DOI:10.1038/s41597-020-00768-9."
0,0,0,0,0,0,0,40,0,10,0,20,0,10,20,BCC,CAST,"Borg C K H , Frey C , Moh J ,et al.Expanded dataset of mechanical properties and observed s of multi-principal element alloys[J].Scientific Data, 2020, 7(1).DOI:10.1038/s41597-020-00768-9."
0,0,0,0,0,0,0,40,0,10,0,20,0,10,20,BCC,CAST,"Borg C K H , Frey C , Moh J ,et al.Expanded dataset of mechanical properties and observed s of multi-principal element alloys[J].Scientific Data, 2020, 7(1).DOI:10.1038/s41597-020-00768-9."
0,0,0,0,0,0,0,38.0952381,0,14.28571429,0,19.04761905,0,9.523809524,19.04761905,BCC,CAST,"Borg C K H , Frey C , Moh J ,et al.Expanded dataset of mechanical properties and observed s of multi-principal element alloys[J].Scientific Data, 2020, 7(1).DOI:10.1038/s41597-020-00768-9."
0,0,0,0,0,0,0,36.36363636,0,18.18181818,0,18.18181818,0,9.090909091,18.18181818,BCC,CAST,"Borg C K H , Frey C , Moh J ,et al.Expanded dataset of mechanical properties and observed s of multi-principal element alloys[J].Scientific Data, 2020, 7(1).DOI:10.1038/s41597-020-00768-9."
0,0,0,0,0,0,0,36.36363636,0,18.18181818,0,18.18181818,0,9.090909091,18.18181818,BCC,CAST,"Borg C K H , Frey C , Moh J ,et al.Expanded dataset of mechanical properties and observed s of multi-principal element alloys[J].Scientific Data, 2020, 7(1).DOI:10.1038/s41597-020-00768-9."
0,0,0,0,0,0,0,36.36363636,0,18.18181818,0,18.18181818,0,9.090909091,18.18181818,BCC,CAST,"Borg C K H , Frey C , Moh J ,et al.Expanded dataset of mechanical properties and observed s of multi-principal element alloys[J].Scientific Data, 2020, 7(1).DOI:10.1038/s41597-020-00768-9."
0,18.86642885,18.86642885,0,18.86642885,39.63535474,0,0,0,3.7653587,0,0,0,0,0,FCC+IM,CAST,"Borg C K H , Frey C , Moh J ,et al.Expanded dataset of mechanical properties and observed s of multi-principal element alloys[J].Scientific Data, 2020, 7(1).DOI:10.1038/s41597-020-00768-9."
0,18.18181818,18.18181818,0,18.18181818,38.19709702,0,0,0,7.257448434,0,0,0,0,0,FCC+IM,CAST,"Borg C K H , Frey C , Moh J ,et al.Expanded dataset of mechanical properties and observed s of multi-principal element alloys[J].Scientific Data, 2020, 7(1).DOI:10.1038/s41597-020-00768-9."
0,18.86642885,18.86642885,0,18.86642885,39.63535474,0,0,0,3.7653587,0,0,0,0,0,FCC+IM,ANNEAL,"Borg C K H , Frey C , Moh J ,et al.Expanded dataset of mechanical properties and observed s of multi-principal element alloys[J].Scientific Data, 2020, 7(1).DOI:10.1038/s41597-020-00768-9."
0,18.18181818,18.18181818,0,18.18181818,38.19709702,0,0,0,7.257448434,0,0,0,0,0,FCC+IM,ANNEAL,"Borg C K H , Frey C , Moh J ,et al.Expanded dataset of mechanical properties and observed s of multi-principal element alloys[J].Scientific Data, 2020, 7(1).DOI:10.1038/s41597-020-00768-9."
0,10,10,0,40,0,0,0,0,0,0,0,40,0,0,FCC,CAST,"Borg C K H , Frey C , Moh J ,et al.Expanded dataset of mechanical properties and observed s of multi-principal element alloys[J].Scientific Data, 2020, 7(1).DOI:10.1038/s41597-020-00768-9."
0,10,10,0,40,0,0,0,0,0,0,0,40,0,0,FCC,CAST,"Borg C K H , Frey C , Moh J ,et al.Expanded dataset of mechanical properties and observed s of multi-principal element alloys[J].Scientific Data, 2020, 7(1).DOI:10.1038/s41597-020-00768-9."
0,10,10,0,40,0,0,0,0,0,0,0,40,0,0,FCC,WROUGHT,"Borg C K H , Frey C , Moh J ,et al.Expanded dataset of mechanical properties and observed s of multi-principal element alloys[J].Scientific Data, 2020, 7(1).DOI:10.1038/s41597-020-00768-9."
0,10,10,0,40,0,0,0,0,0,0,0,40,0,0,FCC,WROUGHT,"Borg C K H , Frey C , Moh J ,et al.Expanded dataset of mechanical properties and observed s of multi-principal element alloys[J].Scientific Data, 2020, 7(1).DOI:10.1038/s41597-020-00768-9."
0,10,10,0,40,0,0,0,0,0,0,0,40,0,0,FCC,WROUGHT,"Borg C K H , Frey C , Moh J ,et al.Expanded dataset of mechanical properties and observed s of multi-principal element alloys[J].Scientific Data, 2020, 7(1).DOI:10.1038/s41597-020-00768-9."
0,10,10,0,40,0,0,0,0,0,0,0,40,0,0,FCC,WROUGHT,"Borg C K H , Frey C , Moh J ,et al.Expanded dataset of mechanical properties and observed s of multi-principal element alloys[J].Scientific Data, 2020, 7(1).DOI:10.1038/s41597-020-00768-9."
0,20,20,0,20,20,0,0,0,0,0,0,20,0,0,FCC,WROUGHT,"Borg C K H , Frey C , Moh J ,et al.Expanded dataset of mechanical properties and observed s of multi-principal element alloys[J].Scientific Data, 2020, 7(1).DOI:10.1038/s41597-020-00768-9."
12.5,0,0,0,0,0,0,25,0,25,12.5,0,0,0,25,BCC+IM,WROUGHT,"Borg C K H , Frey C , Moh J ,et al.Expanded dataset of mechanical properties and observed s of multi-principal element alloys[J].Scientific Data, 2020, 7(1).DOI:10.1038/s41597-020-00768-9."
12.5,0,0,0,0,0,0,25,0,25,12.5,0,0,0,25,BCC+IM,WROUGHT,"Borg C K H , Frey C , Moh J ,et al.Expanded dataset of mechanical properties and observed s of multi-principal element alloys[J].Scientific Data, 2020, 7(1).DOI:10.1038/s41597-020-00768-9."
12.5,0,0,0,0,0,0,25,0,25,12.5,0,0,0,25,BCC+IM,WROUGHT,"Borg C K H , Frey C , Moh J ,et al.Expanded dataset of mechanical properties and observed s of multi-principal element alloys[J].Scientific Data, 2020, 7(1).DOI:10.1038/s41597-020-00768-9."
12.5,0,0,0,0,0,0,25,0,25,12.5,0,0,0,25,BCC+IM,WROUGHT,"Borg C K H , Frey C , Moh J ,et al.Expanded dataset of mechanical properties and observed s of multi-principal element alloys[J].Scientific Data, 2020, 7(1).DOI:10.1038/s41597-020-00768-9."
12.5,0,0,0,0,0,0,25,0,25,12.5,0,0,0,25,BCC+IM,WROUGHT,"Borg C K H , Frey C , Moh J ,et al.Expanded dataset of mechanical properties and observed s of multi-principal element alloys[J].Scientific Data, 2020, 7(1).DOI:10.1038/s41597-020-00768-9."
0,20,20,0,20,20,0,0,0,0,0,0,20,0,0,FCC,WROUGHT,"Borg C K H , Frey C , Moh J ,et al.Expanded dataset of mechanical properties and observed s of multi-principal element alloys[J].Scientific Data, 2020, 7(1).DOI:10.1038/s41597-020-00768-9."
0,20,20,0,20,20,0,0,0,0,0,0,20,0,0,FCC,WROUGHT,"Borg C K H , Frey C , Moh J ,et al.Expanded dataset of mechanical properties and observed s of multi-principal element alloys[J].Scientific Data, 2020, 7(1).DOI:10.1038/s41597-020-00768-9."
0,20,20,0,20,20,0,0,0,0,0,0,20,0,0,FCC,WROUGHT,"Borg C K H , Frey C , Moh J ,et al.Expanded dataset of mechanical properties and observed s of multi-principal element alloys[J].Scientific Data, 2020, 7(1).DOI:10.1038/s41597-020-00768-9."
0,20,20,0,20,20,0,0,0,0,0,0,20,0,0,FCC,WROUGHT,"Borg C K H , Frey C , Moh J ,et al.Expanded dataset of mechanical properties and observed s of multi-principal element alloys[J].Scientific Data, 2020, 7(1).DOI:10.1038/s41597-020-00768-9."
0,20,20,0,20,20,0,0,0,0,0,0,20,0,0,FCC,WROUGHT,"Borg C K H , Frey C , Moh J ,et al.Expanded dataset of mechanical properties and observed s of multi-principal element alloys[J].Scientific Data, 2020, 7(1).DOI:10.1038/s41597-020-00768-9."
0,20,20,0,20,20,0,0,0,0,0,0,20,0,0,FCC,WROUGHT,"Borg C K H , Frey C , Moh J ,et al.Expanded dataset of mechanical properties and observed s of multi-principal element alloys[J].Scientific Data, 2020, 7(1).DOI:10.1038/s41597-020-00768-9."
0,20,20,0,20,20,0,0,0,0,0,0,20,0,0,FCC,WROUGHT,"Borg C K H , Frey C , Moh J ,et al.Expanded dataset of mechanical properties and observed s of multi-principal element alloys[J].Scientific Data, 2020, 7(1).DOI:10.1038/s41597-020-00768-9."
0,20,20,0,20,20,0,0,0,0,0,0,20,0,0,FCC,WROUGHT,"Borg C K H , Frey C , Moh J ,et al.Expanded dataset of mechanical properties and observed s of multi-principal element alloys[J].Scientific Data, 2020, 7(1).DOI:10.1038/s41597-020-00768-9."
0,20,20,0,20,20,0,0,0,0,0,0,20,0,0,FCC,WROUGHT,"Borg C K H , Frey C , Moh J ,et al.Expanded dataset of mechanical properties and observed s of multi-principal element alloys[J].Scientific Data, 2020, 7(1).DOI:10.1038/s41597-020-00768-9."
0,20,20,0,20,20,0,0,0,0,0,0,20,0,0,FCC,WROUGHT,"Borg C K H , Frey C , Moh J ,et al.Expanded dataset of mechanical properties and observed s of multi-principal element alloys[J].Scientific Data, 2020, 7(1).DOI:10.1038/s41597-020-00768-9."
0,20,20,0,20,20,0,0,0,0,0,0,20,0,0,FCC,WROUGHT,"Borg C K H , Frey C , Moh J ,et al.Expanded dataset of mechanical properties and observed s of multi-principal element alloys[J].Scientific Data, 2020, 7(1).DOI:10.1038/s41597-020-00768-9."
5.005250263,0,12.00560028,0,35.00175009,19.9859993,0,0,0,0,0,0,28.00140007,0,0,FCC,CAST,"Borg C K H , Frey C , Moh J ,et al.Expanded dataset of mechanical properties and observed s of multi-principal element alloys[J].Scientific Data, 2020, 7(1).DOI:10.1038/s41597-020-00768-9."
10.01050053,0,12.00560028,0,35.00175009,19.9859993,0,0,0,0,0,0,22.99614981,0,0,FCC,WROUGHT,"Borg C K H , Frey C , Moh J ,et al.Expanded dataset of mechanical properties and observed s of multi-principal element alloys[J].Scientific Data, 2020, 7(1).DOI:10.1038/s41597-020-00768-9."
5.005250263,0,12.00560028,0,35.00175009,19.9859993,0,0,0,0,0,0,28.00140007,0,0,FCC,CAST,"Borg C K H , Frey C , Moh J ,et al.Expanded dataset of mechanical properties and observed s of multi-principal element alloys[J].Scientific Data, 2020, 7(1).DOI:10.1038/s41597-020-00768-9."
10.01050053,0,12.00560028,0,35.00175009,19.9859993,0,0,0,0,0,0,22.99614981,0,0,FCC,WROUGHT,"Borg C K H , Frey C , Moh J ,et al.Expanded dataset of mechanical properties and observed s of multi-principal element alloys[J].Scientific Data, 2020, 7(1).DOI:10.1038/s41597-020-00768-9."
0,20,0,20,20,20,0,0,0,0,0,0,20,0,0,FCC,CAST,"Borg C K H , Frey C , Moh J ,et al.Expanded dataset of mechanical properties and observed s of multi-principal element alloys[J].Scientific Data, 2020, 7(1).DOI:10.1038/s41597-020-00768-9."
0,20,0,20,20,20,0,0,0,0,0,0,20,0,0,FCC,CAST,"Borg C K H , Frey C , Moh J ,et al.Expanded dataset of mechanical properties and observed s of multi-principal element alloys[J].Scientific Data, 2020, 7(1).DOI:10.1038/s41597-020-00768-9."
0,20,0,20,20,20,0,0,0,0,0,0,20,0,0,FCC,CAST,"Borg C K H , Frey C , Moh J ,et al.Expanded dataset of mechanical properties and observed s of multi-principal element alloys[J].Scientific Data, 2020, 7(1).DOI:10.1038/s41597-020-00768-9."
0,24.09638554,24.09638554,0,24.09638554,24.09638554,3.614457831,0,0,0,0,0,0,0,0,FCC,CAST,"Borg C K H , Frey C , Moh J ,et al.Expanded dataset of mechanical properties and observed s of multi-principal element alloys[J].Scientific Data, 2020, 7(1).DOI:10.1038/s41597-020-00768-9."
0,24.09638554,24.09638554,0,24.09638554,24.09638554,3.614457831,0,0,0,0,0,0,0,0,FCC,WROUGHT,"Borg C K H , Frey C , Moh J ,et al.Expanded dataset of mechanical properties and observed s of multi-principal element alloys[J].Scientific Data, 2020, 7(1).DOI:10.1038/s41597-020-00768-9."
0,24.09638554,24.09638554,0,24.09638554,24.09638554,3.614457831,0,0,0,0,0,0,0,0,FCC,WROUGHT,"Borg C K H , Frey C , Moh J ,et al.Expanded dataset of mechanical properties and observed s of multi-principal element alloys[J].Scientific Data, 2020, 7(1).DOI:10.1038/s41597-020-00768-9."
22.22222222,22.22222222,0,22.22222222,22.22222222,11.11111111,0,0,0,0,0,0,0,0,0,BCC+FCC+IM,CAST,"Borg C K H , Frey C , Moh J ,et al.Expanded dataset of mechanical properties and observed s of multi-principal element alloys[J].Scientific Data, 2020, 7(1).DOI:10.1038/s41597-020-00768-9."
20.83333333,20.83333333,0,20.83333333,20.83333333,16.66666667,0,0,0,0,0,0,0,0,0,BCC+FCC+IM,CAST,"Borg C K H , Frey C , Moh J ,et al.Expanded dataset of mechanical properties and observed s of multi-principal element alloys[J].Scientific Data, 2020, 7(1).DOI:10.1038/s41597-020-00768-9."
20,20,0,20,20,20,0,0,0,0,0,0,0,0,0,BCC+FCC+IM,CAST,"Borg C K H , Frey C , Moh J ,et al.Expanded dataset of mechanical properties and observed s of multi-principal element alloys[J].Scientific Data, 2020, 7(1).DOI:10.1038/s41597-020-00768-9."
18.18429662,18.18429662,0,18.18429662,18.18429662,27.26281352,0,0,0,0,0,0,0,0,0,BCC+FCC+IM,CAST,"Borg C K H , Frey C , Moh J ,et al.Expanded dataset of mechanical properties and observed s of multi-principal element alloys[J].Scientific Data, 2020, 7(1).DOI:10.1038/s41597-020-00768-9."
16.66666667,16.66666667,0,16.66666667,16.66666667,33.33333333,0,0,0,0,0,0,0,0,0,BCC+FCC+IM,CAST,"Borg C K H , Frey C , Moh J ,et al.Expanded dataset of mechanical properties and observed s of multi-principal element alloys[J].Scientific Data, 2020, 7(1).DOI:10.1038/s41597-020-00768-9."
14.27958834,14.27958834,0,14.27958834,14.27958834,42.88164666,0,0,0,0,0,0,0,0,0,FCC,CAST,"Borg C K H , Frey C , Moh J ,et al.Expanded dataset of mechanical properties and observed s of multi-principal element alloys[J].Scientific Data, 2020, 7(1).DOI:10.1038/s41597-020-00768-9."
11.11111111,0,22.22222222,0,22.22222222,22.22222222,0,0,0,0,0,0,22.22222222,0,0,BCC1+BCC2,CAST,"Borg C K H , Frey C , Moh J ,et al.Expanded dataset of mechanical properties and observed s of multi-principal element alloys[J].Scientific Data, 2020, 7(1).DOI:10.1038/s41597-020-00768-9."
13.04347826,0,21.73913043,0,21.73913043,21.73913043,0,0,0,0,0,0,21.73913043,0,0,BCC1+BCC2,CAST,"Borg C K H , Frey C , Moh J ,et al.Expanded dataset of mechanical properties and observed s of multi-principal element alloys[J].Scientific Data, 2020, 7(1).DOI:10.1038/s41597-020-00768-9."
14.89361702,0,21.27659574,0,21.27659574,21.27659574,0,0,0,0,0,0,21.27659574,0,0,BCC1+BCC2,CAST,"Borg C K H , Frey C , Moh J ,et al.Expanded dataset of mechanical properties and observed s of multi-principal element alloys[J].Scientific Data, 2020, 7(1).DOI:10.1038/s41597-020-00768-9."
16.66666667,0,20.83333333,0,20.83333333,20.83333333,0,0,0,0,0,0,20.83333333,0,0,BCC1+BCC2,CAST,"Borg C K H , Frey C , Moh J ,et al.Expanded dataset of mechanical properties and observed s of multi-principal element alloys[J].Scientific Data, 2020, 7(1).DOI:10.1038/s41597-020-00768-9."
0,23.80952381,23.80952381,0,23.80952381,23.80952381,4.761904762,0,0,0,0,0,0,0,0,FCC,CAST,"Borg C K H , Frey C , Moh J ,et al.Expanded dataset of mechanical properties and observed s of multi-principal element alloys[J].Scientific Data, 2020, 7(1).DOI:10.1038/s41597-020-00768-9."
0,23.80952381,23.80952381,0,23.80952381,23.80952381,4.761904762,0,0,0,0,0,0,0,0,FCC,ANNEAL,"Borg C K H , Frey C , Moh J ,et al.Expanded dataset of mechanical properties and observed s of multi-principal element alloys[J].Scientific Data, 2020, 7(1).DOI:10.1038/s41597-020-00768-9."
0,23.80952381,23.80952381,0,23.80952381,23.80952381,4.761904762,0,0,0,0,0,0,0,0,FCC,ANNEAL,"Borg C K H , Frey C , Moh J ,et al.Expanded dataset of mechanical properties and observed s of multi-principal element alloys[J].Scientific Data, 2020, 7(1).DOI:10.1038/s41597-020-00768-9."
0,23.80952381,23.80952381,0,23.80952381,23.80952381,4.761904762,0,0,0,0,0,0,0,0,FCC,ANNEAL,"Borg C K H , Frey C , Moh J ,et al.Expanded dataset of mechanical properties and observed s of multi-principal element alloys[J].Scientific Data, 2020, 7(1).DOI:10.1038/s41597-020-00768-9."
0,23.80952381,23.80952381,0,23.80952381,23.80952381,4.761904762,0,0,0,0,0,0,0,0,FCC,ANNEAL,"Borg C K H , Frey C , Moh J ,et al.Expanded dataset of mechanical properties and observed s of multi-principal element alloys[J].Scientific Data, 2020, 7(1).DOI:10.1038/s41597-020-00768-9."
0,23.80952381,23.80952381,0,23.80952381,23.80952381,4.761904762,0,0,0,0,0,0,0,0,FCC,ANNEAL,"Borg C K H , Frey C , Moh J ,et al.Expanded dataset of mechanical properties and observed s of multi-principal element alloys[J].Scientific Data, 2020, 7(1).DOI:10.1038/s41597-020-00768-9."
0,23.80952381,23.80952381,0,23.80952381,23.80952381,4.761904762,0,0,0,0,0,0,0,0,FCC,ANNEAL,"Borg C K H , Frey C , Moh J ,et al.Expanded dataset of mechanical properties and observed s of multi-principal element alloys[J].Scientific Data, 2020, 7(1).DOI:10.1038/s41597-020-00768-9."
0,23.80952381,23.80952381,0,23.80952381,23.80952381,4.761904762,0,0,0,0,0,0,0,0,FCC,ANNEAL,"Borg C K H , Frey C , Moh J ,et al.Expanded dataset of mechanical properties and observed s of multi-principal element alloys[J].Scientific Data, 2020, 7(1).DOI:10.1038/s41597-020-00768-9."
0,23.80952381,23.80952381,0,23.80952381,23.80952381,4.761904762,0,0,0,0,0,0,0,0,FCC,ANNEAL,"Borg C K H , Frey C , Moh J ,et al.Expanded dataset of mechanical properties and observed s of multi-principal element alloys[J].Scientific Data, 2020, 7(1).DOI:10.1038/s41597-020-00768-9."
0,23.80952381,23.80952381,0,23.80952381,23.80952381,4.761904762,0,0,0,0,0,0,0,0,FCC,ANNEAL,"Borg C K H , Frey C , Moh J ,et al.Expanded dataset of mechanical properties and observed s of multi-principal element alloys[J].Scientific Data, 2020, 7(1).DOI:10.1038/s41597-020-00768-9."
0,23.80952381,23.80952381,0,23.80952381,23.80952381,4.761904762,0,0,0,0,0,0,0,0,FCC,ANNEAL,"Borg C K H , Frey C , Moh J ,et al.Expanded dataset of mechanical properties and observed s of multi-principal element alloys[J].Scientific Data, 2020, 7(1).DOI:10.1038/s41597-020-00768-9."
0,0,31.25,0,31.25,31.25,0,6.25,0,0,0,0,0,0,0,BCC+FCC,CAST,"Borg C K H , Frey C , Moh J ,et al.Expanded dataset of mechanical properties and observed s of multi-principal element alloys[J].Scientific Data, 2020, 7(1).DOI:10.1038/s41597-020-00768-9."
0,0,30.3030303,0,30.3030303,30.3030303,0,9.090909091,0,0,0,0,0,0,0,BCC+FCC,CAST,"Borg C K H , Frey C , Moh J ,et al.Expanded dataset of mechanical properties and observed s of multi-principal element alloys[J].Scientific Data, 2020, 7(1).DOI:10.1038/s41597-020-00768-9."
0,0,29.41176471,0,29.41176471,29.41176471,0,11.76470588,0,0,0,0,0,0,0,BCC,CAST,"Borg C K H , Frey C , Moh J ,et al.Expanded dataset of mechanical properties and observed s of multi-principal element alloys[J].Scientific Data, 2020, 7(1).DOI:10.1038/s41597-020-00768-9."
0,0,28.57142857,0,28.57142857,28.57142857,0,14.28571429,0,0,0,0,0,0,0,BCC,CAST,"Borg C K H , Frey C , Moh J ,et al.Expanded dataset of mechanical properties and observed s of multi-principal element alloys[J].Scientific Data, 2020, 7(1).DOI:10.1038/s41597-020-00768-9."
0,0,27.77777778,0,27.77777778,27.77777778,0,16.66666667,0,0,0,0,0,0,0,BCC,CAST,"Borg C K H , Frey C , Moh J ,et al.Expanded dataset of mechanical properties and observed s of multi-principal element alloys[J].Scientific Data, 2020, 7(1).DOI:10.1038/s41597-020-00768-9."
0,22.22222222,0,22.22222222,22.22222222,22.22222222,0,0,0,11.11111111,0,0,0,0,0,FCC+IM,WROUGHT,"Borg C K H , Frey C , Moh J ,et al.Expanded dataset of mechanical properties and observed s of multi-principal element alloys[J].Scientific Data, 2020, 7(1).DOI:10.1038/s41597-020-00768-9."
0,11.11111111,0,11.11111111,11.11111111,11.11111111,0,0,0,55.55555556,0,0,0,0,0,FCC+IM,WROUGHT,"Borg C K H , Frey C , Moh J ,et al.Expanded dataset of mechanical properties and observed s of multi-principal element alloys[J].Scientific Data, 2020, 7(1).DOI:10.1038/s41597-020-00768-9."
0,8.681462141,0,8.681462141,8.681462141,8.681462141,0,0,0,65.27415144,0,0,0,0,0,FCC+IM,WROUGHT,"Borg C K H , Frey C , Moh J ,et al.Expanded dataset of mechanical properties and observed s of multi-principal element alloys[J].Scientific Data, 2020, 7(1).DOI:10.1038/s41597-020-00768-9."
0,6.398809524,0,6.398809524,6.398809524,6.398809524,0,0,0,74.4047619,0,0,0,0,0,FCC+IM,WROUGHT,"Borg C K H , Frey C , Moh J ,et al.Expanded dataset of mechanical properties and observed s of multi-principal element alloys[J].Scientific Data, 2020, 7(1).DOI:10.1038/s41597-020-00768-9."
0,5.283911672,0,5.283911672,5.283911672,5.283911672,0,0,0,78.86435331,0,0,0,0,0,FCC+IM,WROUGHT,"Borg C K H , Frey C , Moh J ,et al.Expanded dataset of mechanical properties and observed s of multi-principal element alloys[J].Scientific Data, 2020, 7(1).DOI:10.1038/s41597-020-00768-9."
0,10,10,0,50,0,0,0,0,0,0,0,30,0,0,FCC+IM,CAST,"Borg C K H , Frey C , Moh J ,et al.Expanded dataset of mechanical properties and observed s of multi-principal element alloys[J].Scientific Data, 2020, 7(1).DOI:10.1038/s41597-020-00768-9."
17.98975672,30.02560819,9.987195903,0,9.987195903,32.01024328,0,0,0,0,0,0,0,0,0,BCC+FCC,CAST,"Borg C K H , Frey C , Moh J ,et al.Expanded dataset of mechanical properties and observed s of multi-principal element alloys[J].Scientific Data, 2020, 7(1).DOI:10.1038/s41597-020-00768-9."
18.00433839,29.99690115,10.00929656,0,10.00929656,30.98853424,0.991633096,0,0,0,0,0,0,0,0,BCC+FCC,CAST,"Borg C K H , Frey C , Moh J ,et al.Expanded dataset of mechanical properties and observed s of multi-principal element alloys[J].Scientific Data, 2020, 7(1).DOI:10.1038/s41597-020-00768-9."
18.00180018,30.0030003,9.9909991,0,9.9909991,30.0030003,2.01020102,0,0,0,0,0,0,0,0,BCC+FCC,CAST,"Borg C K H , Frey C , Moh J ,et al.Expanded dataset of mechanical properties and observed s of multi-principal element alloys[J].Scientific Data, 2020, 7(1).DOI:10.1038/s41597-020-00768-9."
18.00180018,30.0030003,9.9909991,0,9.9909991,29.01290129,3.00030003,0,0,0,0,0,0,0,0,BCC+FCC,CAST,"Borg C K H , Frey C , Moh J ,et al.Expanded dataset of mechanical properties and observed s of multi-principal element alloys[J].Scientific Data, 2020, 7(1).DOI:10.1038/s41597-020-00768-9."
0,20,20,20,20,20,0,0,0,0,0,0,0,0,0,FCC,CAST,"Borg C K H , Frey C , Moh J ,et al.Expanded dataset of mechanical properties and observed s of multi-principal element alloys[J].Scientific Data, 2020, 7(1).DOI:10.1038/s41597-020-00768-9."
0,19.83339944,19.83339944,19.83339944,19.83339944,19.83339944,0,0,0,0,0,0.833002777,0,0,0,FCC+IM,CAST,"Borg C K H , Frey C , Moh J ,et al.Expanded dataset of mechanical properties and observed s of multi-principal element alloys[J].Scientific Data, 2020, 7(1).DOI:10.1038/s41597-020-00768-9."
0,19.65795164,19.65795164,19.65795164,19.65795164,19.65795164,0,0,0,0,0,1.710241793,0,0,0,FCC+IM,CAST,"Borg C K H , Frey C , Moh J ,et al.Expanded dataset of mechanical properties and observed s of multi-principal element alloys[J].Scientific Data, 2020, 7(1).DOI:10.1038/s41597-020-00768-9."
0,19.47040498,19.47040498,19.47040498,19.47040498,19.47040498,0,0,0,0,0,2.647975078,0,0,0,FCC+IM,CAST,"Borg C K H , Frey C , Moh J ,et al.Expanded dataset of mechanical properties and observed s of multi-principal element alloys[J].Scientific Data, 2020, 7(1).DOI:10.1038/s41597-020-00768-9."
0,19.26782274,19.26782274,19.26782274,19.26782274,19.26782274,0,0,0,0,0,3.66088632,0,0,0,FCC+IM,CAST,"Borg C K H , Frey C , Moh J ,et al.Expanded dataset of mechanical properties and observed s of multi-principal element alloys[J].Scientific Data, 2020, 7(1).DOI:10.1038/s41597-020-00768-9."
0,0,0,0,0,0,0,20,0,20,20,0,0,20,20,BCC,CAST,"Borg C K H , Frey C , Moh J ,et al.Expanded dataset of mechanical properties and observed s of multi-principal element alloys[J].Scientific Data, 2020, 7(1).DOI:10.1038/s41597-020-00768-9."
0,0,0,0,0,0,0,25,0,25,25,0,0,0,25,BCC,CAST,"Borg C K H , Frey C , Moh J ,et al.Expanded dataset of mechanical properties and observed s of multi-principal element alloys[J].Scientific Data, 2020, 7(1).DOI:10.1038/s41597-020-00768-9."
0,0,0,0,0,0,0,33.33333333,0,33.33333333,33.33333333,0,0,0,0,BCC,CAST,"Borg C K H , Frey C , Moh J ,et al.Expanded dataset of mechanical properties and observed s of multi-principal element alloys[J].Scientific Data, 2020, 7(1).DOI:10.1038/s41597-020-00768-9."
0,0,0,0,0,0,0,33.33333333,0,0,33.33333333,0,0,0,33.33333333,BCC+IM,CAST,"Borg C K H , Frey C , Moh J ,et al.Expanded dataset of mechanical properties and observed s of multi-principal element alloys[J].Scientific Data, 2020, 7(1).DOI:10.1038/s41597-020-00768-9."
0,0,0,0,0,0,0,33.33333333,0,33.33333333,0,0,0,0,33.33333333,BCC,CAST,"Borg C K H , Frey C , Moh J ,et al.Expanded dataset of mechanical properties and observed s of multi-principal element alloys[J].Scientific Data, 2020, 7(1).DOI:10.1038/s41597-020-00768-9."
0,0,0,0,0,0,0,25.00937383,0,37.49531309,25.00937383,0,0,0,12.48593926,BCC+IM,CAST,"Borg C K H , Frey C , Moh J ,et al.Expanded dataset of mechanical properties and observed s of multi-principal element alloys[J].Scientific Data, 2020, 7(1).DOI:10.1038/s41597-020-00768-9."
0,0,0,0,0,0,0,25.00937383,0,12.48593926,25.00937383,0,0,0,37.49531309,BCC+IM,CAST,"Borg C K H , Frey C , Moh J ,et al.Expanded dataset of mechanical properties and observed s of multi-principal element alloys[J].Scientific Data, 2020, 7(1).DOI:10.1038/s41597-020-00768-9."
0,0,20,20,20,20,0,20,0,0,0,0,0,0,0,BCC+FCC,CAST,"Borg C K H , Frey C , Moh J ,et al.Expanded dataset of mechanical properties and observed s of multi-principal element alloys[J].Scientific Data, 2020, 7(1).DOI:10.1038/s41597-020-00768-9."
0,0,20,20,20,20,0,20,0,0,0,0,0,0,0,BCC+FCC,WROUGHT,"Borg C K H , Frey C , Moh J ,et al.Expanded dataset of mechanical properties and observed s of multi-principal element alloys[J].Scientific Data, 2020, 7(1).DOI:10.1038/s41597-020-00768-9."
0,0,20,20,20,20,0,20,0,0,0,0,0,0,0,BCC+FCC,WROUGHT,"Borg C K H , Frey C , Moh J ,et al.Expanded dataset of mechanical properties and observed s of multi-principal element alloys[J].Scientific Data, 2020, 7(1).DOI:10.1038/s41597-020-00768-9."
0,0,20,20,20,20,0,20,0,0,0,0,0,0,0,BCC+FCC,WROUGHT,"Borg C K H , Frey C , Moh J ,et al.Expanded dataset of mechanical properties and observed s of multi-principal element alloys[J].Scientific Data, 2020, 7(1).DOI:10.1038/s41597-020-00768-9."
11.11111111,0,22.22222222,22.22222222,22.22222222,22.22222222,0,0,0,0,0,0,0,0,0,FCC,CAST,"Borg C K H , Frey C , Moh J ,et al.Expanded dataset of mechanical properties and observed s of multi-principal element alloys[J].Scientific Data, 2020, 7(1).DOI:10.1038/s41597-020-00768-9."
11.11111111,0,22.22222222,22.22222222,22.22222222,22.22222222,0,0,0,0,0,0,0,0,0,FCC,WROUGHT,"Borg C K H , Frey C , Moh J ,et al.Expanded dataset of mechanical properties and observed s of multi-principal element alloys[J].Scientific Data, 2020, 7(1).DOI:10.1038/s41597-020-00768-9."
0,0,0,0,0,0,16.66666667,16.66666667,0,16.66666667,16.66666667,0,0,16.66666667,16.66666667,BCC,CAST,"Borg C K H , Frey C , Moh J ,et al.Expanded dataset of mechanical properties and observed s of multi-principal element alloys[J].Scientific Data, 2020, 7(1).DOI:10.1038/s41597-020-00768-9."
0,0,0,0,0,0,20,20,0,0,20,0,0,20,20,BCC,CAST,"Borg C K H , Frey C , Moh J ,et al.Expanded dataset of mechanical properties and observed s of multi-principal element alloys[J].Scientific Data, 2020, 7(1).DOI:10.1038/s41597-020-00768-9."
0,0,0,0,0,0,20,20,0,20,0,0,0,20,20,BCC,CAST,"Borg C K H , Frey C , Moh J ,et al.Expanded dataset of mechanical properties and observed s of multi-principal element alloys[J].Scientific Data, 2020, 7(1).DOI:10.1038/s41597-020-00768-9."
0,0,0,0,0,0,20,0,0,20,20,0,0,20,20,BCC,CAST,"Borg C K H , Frey C , Moh J ,et al.Expanded dataset of mechanical properties and observed s of multi-principal element alloys[J].Scientific Data, 2020, 7(1).DOI:10.1038/s41597-020-00768-9."
0,0,0,0,0,0,20,20,0,20,20,0,0,20,0,BCC,CAST,"Borg C K H , Frey C , Moh J ,et al.Expanded dataset of mechanical properties and observed s of multi-principal element alloys[J].Scientific Data, 2020, 7(1).DOI:10.1038/s41597-020-00768-9."
0,0,0,0,0,0,16.66666667,16.66666667,0,16.66666667,16.66666667,0,0,16.66666667,16.66666667,BCC,CAST,"Borg C K H , Frey C , Moh J ,et al.Expanded dataset of mechanical properties and observed s of multi-principal element alloys[J].Scientific Data, 2020, 7(1).DOI:10.1038/s41597-020-00768-9."
0,0,0,0,0,0,20,20,0,0,20,0,0,20,20,BCC,CAST,"Borg C K H , Frey C , Moh J ,et al.Expanded dataset of mechanical properties and observed s of multi-principal element alloys[J].Scientific Data, 2020, 7(1).DOI:10.1038/s41597-020-00768-9."
0,0,0,0,0,0,20,20,0,20,0,0,0,20,20,BCC,CAST,"Borg C K H , Frey C , Moh J ,et al.Expanded dataset of mechanical properties and observed s of multi-principal element alloys[J].Scientific Data, 2020, 7(1).DOI:10.1038/s41597-020-00768-9."
0,0,0,0,0,0,20,0,0,20,20,0,0,20,20,BCC,CAST,"Borg C K H , Frey C , Moh J ,et al.Expanded dataset of mechanical properties and observed s of multi-principal element alloys[J].Scientific Data, 2020, 7(1).DOI:10.1038/s41597-020-00768-9."
0,0,0,0,0,0,20,20,0,20,20,0,0,20,0,BCC,CAST,"Borg C K H , Frey C , Moh J ,et al.Expanded dataset of mechanical properties and observed s of multi-principal element alloys[J].Scientific Data, 2020, 7(1).DOI:10.1038/s41597-020-00768-9."
0,0,0,0,0,0,16.66666667,16.66666667,0,16.66666667,16.66666667,0,0,16.66666667,16.66666667,BCC,CAST,"Borg C K H , Frey C , Moh J ,et al.Expanded dataset of mechanical properties and observed s of multi-principal element alloys[J].Scientific Data, 2020, 7(1).DOI:10.1038/s41597-020-00768-9."
0,0,0,0,0,0,20,20,0,0,20,0,0,20,20,BCC,CAST,"Borg C K H , Frey C , Moh J ,et al.Expanded dataset of mechanical properties and observed s of multi-principal element alloys[J].Scientific Data, 2020, 7(1).DOI:10.1038/s41597-020-00768-9."
0,0,0,0,0,0,20,20,0,20,0,0,0,20,20,BCC,CAST,"Borg C K H , Frey C , Moh J ,et al.Expanded dataset of mechanical properties and observed s of multi-principal element alloys[J].Scientific Data, 2020, 7(1).DOI:10.1038/s41597-020-00768-9."
0,0,0,0,0,0,20,0,0,20,20,0,0,20,20,BCC,CAST,"Borg C K H , Frey C , Moh J ,et al.Expanded dataset of mechanical properties and observed s of multi-principal element alloys[J].Scientific Data, 2020, 7(1).DOI:10.1038/s41597-020-00768-9."
0,0,0,0,0,0,20,20,0,20,20,0,0,20,0,BCC,CAST,"Borg C K H , Frey C , Moh J ,et al.Expanded dataset of mechanical properties and observed s of multi-principal element alloys[J].Scientific Data, 2020, 7(1).DOI:10.1038/s41597-020-00768-9."
0,0,0,0,0,0,16.66666667,16.66666667,0,16.66666667,16.66666667,0,0,16.66666667,16.66666667,BCC,CAST,"Borg C K H , Frey C , Moh J ,et al.Expanded dataset of mechanical properties and observed s of multi-principal element alloys[J].Scientific Data, 2020, 7(1).DOI:10.1038/s41597-020-00768-9."
0,0,0,0,0,0,20,20,0,0,20,0,0,20,20,BCC,CAST,"Borg C K H , Frey C , Moh J ,et al.Expanded dataset of mechanical properties and observed s of multi-principal element alloys[J].Scientific Data, 2020, 7(1).DOI:10.1038/s41597-020-00768-9."
0,0,0,0,0,0,20,20,0,20,0,0,0,20,20,BCC,CAST,"Borg C K H , Frey C , Moh J ,et al.Expanded dataset of mechanical properties and observed s of multi-principal element alloys[J].Scientific Data, 2020, 7(1).DOI:10.1038/s41597-020-00768-9."
0,0,0,0,0,0,20,0,0,20,20,0,0,20,20,BCC,CAST,"Borg C K H , Frey C , Moh J ,et al.Expanded dataset of mechanical properties and observed s of multi-principal element alloys[J].Scientific Data, 2020, 7(1).DOI:10.1038/s41597-020-00768-9."
0,0,0,0,0,0,20,20,0,20,20,0,0,20,0,BCC,CAST,"Borg C K H , Frey C , Moh J ,et al.Expanded dataset of mechanical properties and observed s of multi-principal element alloys[J].Scientific Data, 2020, 7(1).DOI:10.1038/s41597-020-00768-9."
0,0,0,0,0,0,20,0,0,20,20,0,0,20,20,BCC,CAST,"Borg C K H , Frey C , Moh J ,et al.Expanded dataset of mechanical properties and observed s of multi-principal element alloys[J].Scientific Data, 2020, 7(1).DOI:10.1038/s41597-020-00768-9."
0,0,0,0,0,0,20,20,0,20,20,0,0,20,0,BCC,CAST,"Borg C K H , Frey C , Moh J ,et al.Expanded dataset of mechanical properties and observed s of multi-principal element alloys[J].Scientific Data, 2020, 7(1).DOI:10.1038/s41597-020-00768-9."
25,0,0,0,0,0,0,25,0,25,0,0,0,0,25,BCC,CAST,"Borg C K H , Frey C , Moh J ,et al.Expanded dataset of mechanical properties and observed s of multi-principal element alloys[J].Scientific Data, 2020, 7(1).DOI:10.1038/s41597-020-00768-9."
25,0,0,0,0,0,0,25,0,25,0,0,0,0,25,BCC+IM,ANNEAL,"Borg C K H , Frey C , Moh J ,et al.Expanded dataset of mechanical properties and observed s of multi-principal element alloys[J].Scientific Data, 2020, 7(1).DOI:10.1038/s41597-020-00768-9."
22.22222222,0,22.22222222,0,22.22222222,22.22222222,11.11111111,0,0,0,0,0,0,0,0,BCC1+BCC2,CAST,"Borg C K H , Frey C , Moh J ,et al.Expanded dataset of mechanical properties and observed s of multi-principal element alloys[J].Scientific Data, 2020, 7(1).DOI:10.1038/s41597-020-00768-9."
21.05263158,0,21.05263158,0,21.05263158,21.05263158,10.52631579,5.263157895,0,0,0,0,0,0,0,BCC1+BCC2,CAST,"Borg C K H , Frey C , Moh J ,et al.Expanded dataset of mechanical properties and observed s of multi-principal element alloys[J].Scientific Data, 2020, 7(1).DOI:10.1038/s41597-020-00768-9."
20.40816327,0,20.40816327,0,20.40816327,20.40816327,10.20408163,8.163265306,0,0,0,0,0,0,0,BCC1+BCC2,CAST,"Borg C K H , Frey C , Moh J ,et al.Expanded dataset of mechanical properties and observed s of multi-principal element alloys[J].Scientific Data, 2020, 7(1).DOI:10.1038/s41597-020-00768-9."
20,0,20,0,20,20,10,10,0,0,0,0,0,0,0,BCC1+BCC2,CAST,"Borg C K H , Frey C , Moh J ,et al.Expanded dataset of mechanical properties and observed s of multi-principal element alloys[J].Scientific Data, 2020, 7(1).DOI:10.1038/s41597-020-00768-9."
19.60784314,0,19.60784314,0,19.60784314,19.60784314,9.803921569,11.76470588,0,0,0,0,0,0,0,BCC1+BCC2,CAST,"Borg C K H , Frey C , Moh J ,et al.Expanded dataset of mechanical properties and observed s of multi-principal element alloys[J].Scientific Data, 2020, 7(1).DOI:10.1038/s41597-020-00768-9."
19.04761905,0,19.04761905,0,19.04761905,19.04761905,9.523809524,14.28571429,0,0,0,0,0,0,0,BCC1+BCC2,CAST,"Borg C K H , Frey C , Moh J ,et al.Expanded dataset of mechanical properties and observed s of multi-principal element alloys[J].Scientific Data, 2020, 7(1).DOI:10.1038/s41597-020-00768-9."
25,0,0,0,0,0,0,25,0,25,0,0,0,25,0,BCC,ANNEAL,"Borg C K H , Frey C , Moh J ,et al.Expanded dataset of mechanical properties and observed s of multi-principal element alloys[J].Scientific Data, 2020, 7(1).DOI:10.1038/s41597-020-00768-9."
25,0,0,0,0,0,0,25,0,25,0,0,0,25,0,BCC,CAST,"Borg C K H , Frey C , Moh J ,et al.Expanded dataset of mechanical properties and observed s of multi-principal element alloys[J].Scientific Data, 2020, 7(1).DOI:10.1038/s41597-020-00768-9."
25,0,0,0,0,0,0,25,0,0,25,0,0,25,0,BCC,ANNEAL,"Borg C K H , Frey C , Moh J ,et al.Expanded dataset of mechanical properties and observed s of multi-principal element alloys[J].Scientific Data, 2020, 7(1).DOI:10.1038/s41597-020-00768-9."
25,0,0,0,0,0,0,25,0,0,25,0,0,25,0,BCC,CAST,"Borg C K H , Frey C , Moh J ,et al.Expanded dataset of mechanical properties and observed s of multi-principal element alloys[J].Scientific Data, 2020, 7(1).DOI:10.1038/s41597-020-00768-9."
25,0,0,0,0,0,25,25,0,25,0,0,0,0,0,BCC+IM,ANNEAL,"Borg C K H , Frey C , Moh J ,et al.Expanded dataset of mechanical properties and observed s of multi-principal element alloys[J].Scientific Data, 2020, 7(1).DOI:10.1038/s41597-020-00768-9."
25,0,0,0,0,0,25,25,0,25,0,0,0,0,0,BCC,CAST,"Borg C K H , Frey C , Moh J ,et al.Expanded dataset of mechanical properties and observed s of multi-principal element alloys[J].Scientific Data, 2020, 7(1).DOI:10.1038/s41597-020-00768-9."
25,0,0,0,0,0,0,25,0,25,25,0,0,0,0,BCC+IM,ANNEAL,"Borg C K H , Frey C , Moh J ,et al.Expanded dataset of mechanical properties and observed s of multi-principal element alloys[J].Scientific Data, 2020, 7(1).DOI:10.1038/s41597-020-00768-9."
25,0,0,0,0,0,0,25,0,25,25,0,0,0,0,BCC,CAST,"Borg C K H , Frey C , Moh J ,et al.Expanded dataset of mechanical properties and observed s of multi-principal element alloys[J].Scientific Data, 2020, 7(1).DOI:10.1038/s41597-020-00768-9."
0,0,25,0,0,0,25,25,0,0,25,0,0,0,0,BCC,ANNEAL,"Borg C K H , Frey C , Moh J ,et al.Expanded dataset of mechanical properties and observed s of multi-principal element alloys[J].Scientific Data, 2020, 7(1).DOI:10.1038/s41597-020-00768-9."
0,0,25,0,0,0,25,25,0,0,25,0,0,0,0,BCC,CAST,"Borg C K H , Frey C , Moh J ,et al.Expanded dataset of mechanical properties and observed s of multi-principal element alloys[J].Scientific Data, 2020, 7(1).DOI:10.1038/s41597-020-00768-9."
0,0,25,0,0,0,0,25,0,25,25,0,0,0,0,BCC+IM,ANNEAL,"Borg C K H , Frey C , Moh J ,et al.Expanded dataset of mechanical properties and observed s of multi-principal element alloys[J].Scientific Data, 2020, 7(1).DOI:10.1038/s41597-020-00768-9."
0,0,25,0,0,0,0,25,0,25,25,0,0,0,0,BCC,CAST,"Borg C K H , Frey C , Moh J ,et al.Expanded dataset of mechanical properties and observed s of multi-principal element alloys[J].Scientific Data, 2020, 7(1).DOI:10.1038/s41597-020-00768-9."
0,0,25,0,0,0,0,25,25,25,0,0,0,0,0,BCC+IM,ANNEAL,"Borg C K H , Frey C , Moh J ,et al.Expanded dataset of mechanical properties and observed s of multi-principal element alloys[J].Scientific Data, 2020, 7(1).DOI:10.1038/s41597-020-00768-9."
0,0,25,0,0,0,0,25,25,25,0,0,0,0,0,BCC,CAST,"Borg C K H , Frey C , Moh J ,et al.Expanded dataset of mechanical properties and observed s of multi-principal element alloys[J].Scientific Data, 2020, 7(1).DOI:10.1038/s41597-020-00768-9."
0,0,0,0,0,0,0,25,0,25,25,0,0,25,0,BCC,ANNEAL,"Borg C K H , Frey C , Moh J ,et al.Expanded dataset of mechanical properties and observed s of multi-principal element alloys[J].Scientific Data, 2020, 7(1).DOI:10.1038/s41597-020-00768-9."
0,0,0,0,0,0,0,25,0,25,25,0,0,25,0,BCC,CAST,"Borg C K H , Frey C , Moh J ,et al.Expanded dataset of mechanical properties and observed s of multi-principal element alloys[J].Scientific Data, 2020, 7(1).DOI:10.1038/s41597-020-00768-9."
0,0,0,0,0,0,20,20,20,20,20,0,0,0,0,BCC,ANNEAL,"Borg C K H , Frey C , Moh J ,et al.Expanded dataset of mechanical properties and observed s of multi-principal element alloys[J].Scientific Data, 2020, 7(1).DOI:10.1038/s41597-020-00768-9."
0,0,0,0,0,0,20,20,20,20,20,0,0,0,0,BCC,CAST,"Borg C K H , Frey C , Moh J ,et al.Expanded dataset of mechanical properties and observed s of multi-principal element alloys[J].Scientific Data, 2020, 7(1).DOI:10.1038/s41597-020-00768-9."
0,0,0,0,0,0,25,25,0,25,25,0,0,0,0,BCC,ANNEAL,"Borg C K H , Frey C , Moh J ,et al.Expanded dataset of mechanical properties and observed s of multi-principal element alloys[J].Scientific Data, 2020, 7(1).DOI:10.1038/s41597-020-00768-9."
0,0,0,0,0,0,25,25,0,25,25,0,0,0,0,BCC,CAST,"Borg C K H , Frey C , Moh J ,et al.Expanded dataset of mechanical properties and observed s of multi-principal element alloys[J].Scientific Data, 2020, 7(1).DOI:10.1038/s41597-020-00768-9."
6.976744186,23.25581395,23.25581395,0,23.25581395,23.25581395,0,0,0,0,0,0,0,0,0,FCC,CAST," A D B M , B O N S A .A critical review of high entropy alloys and related concepts[J].Acta Materialia, 2017, 122:448-511.DOI:10.1016/j.actamat.2016.08.081."
8.333333333,16.66666667,16.66666667,8.333333333,16.66666667,33.33333333,0,0,0,0,0,0,0,0,0,FCC,CAST," A D B M , B O N S A .A critical review of high entropy alloys and related concepts[J].Acta Materialia, 2017, 122:448-511.DOI:10.1016/j.actamat.2016.08.081."
9.090909091,18.18181818,18.18181818,18.18181818,18.18181818,18.18181818,0,0,0,0,0,0,0,0,0,FCC,CAST," A D B M , B O N S A .A critical review of high entropy alloys and related concepts[J].Acta Materialia, 2017, 122:448-511.DOI:10.1016/j.actamat.2016.08.081."
16.66666667,16.66666667,16.66666667,16.66666667,16.66666667,16.66666667,0,0,0,0,0,0,0,0,0,BCC+FCC+IM,CAST," A D B M , B O N S A .A critical review of high entropy alloys and related concepts[J].Acta Materialia, 2017, 122:448-511.DOI:10.1016/j.actamat.2016.08.081."
5.882352941,0,0,0,0,0,0,23.52941176,0,23.52941176,23.52941176,23.52941176,0,0,0,BCC,CAST," A D B M , B O N S A .A critical review of high entropy alloys and related concepts[J].Acta Materialia, 2017, 122:448-511.DOI:10.1016/j.actamat.2016.08.081."
11.11111111,0,0,0,0,0,0,22.22222222,0,22.22222222,22.22222222,22.22222222,0,0,0,BCC,CAST," A D B M , B O N S A .A critical review of high entropy alloys and related concepts[J].Acta Materialia, 2017, 122:448-511.DOI:10.1016/j.actamat.2016.08.081."
20,0,0,0,0,0,0,20,0,20,20,20,0,0,0,BCC,CAST," A D B M , B O N S A .A critical review of high entropy alloys and related concepts[J].Acta Materialia, 2017, 122:448-511.DOI:10.1016/j.actamat.2016.08.081."
0,0,20,0,0,0,0,20,0,20,0,0,0,20,20,BCC+IM,CAST," A D B M , B O N S A .A critical review of high entropy alloys and related concepts[J].Acta Materialia, 2017, 122:448-511.DOI:10.1016/j.actamat.2016.08.081."
0,0,0,0,0,0,0,20,0,20,0,20,0,20,20,BCC+IM,CAST," A D B M , B O N S A .A critical review of high entropy alloys and related concepts[J].Acta Materialia, 2017, 122:448-511.DOI:10.1016/j.actamat.2016.08.081."
0,0,0,0,0,0,20,0,20,20,20,20,0,0,0,BCC,CAST," A D B M , B O N S A .A critical review of high entropy alloys and related concepts[J].Acta Materialia, 2017, 122:448-511.DOI:10.1016/j.actamat.2016.08.081."
0,0,0,0,0,0,25,0,25,25,25,0,0,0,0,BCC,CAST," A D B M , B O N S A .A critical review of high entropy alloys and related concepts[J].Acta Materialia, 2017, 122:448-511.DOI:10.1016/j.actamat.2016.08.081."
0,0,0,0,0,0,0,25,0,25,25,25,0,0,0,BCC,CAST," A D B M , B O N S A .A critical review of high entropy alloys and related concepts[J].Acta Materialia, 2017, 122:448-511.DOI:10.1016/j.actamat.2016.08.081."
11.1111111,0,0,0,0,0,0,22.2222222,0,22.2222222,22.2222222,22.2222222,0,0,0,BCC,CAST,"X. Yang, Y. Zhang, P.K. Liaw, Microstructure and Compressive Properties of NbTiVTaAlx High Entropy Alloys, Procedia Engineering, 36, 2012: 292-298, https://doi.org/10.1016/j.proeng.2012.03.043."
15.7894737,0,0,0,0,0,21.0526316,21.0526316,0,21.0526316,0,21.0526316,0,0,0,BCC,CAST,"Chen, S.Y.; Yang, X.; Dahmen, K.A.; Liaw, P.K.; Zhang, Y. Microstructures and Crackling Noise of AlxNbTiMoV High Entropy Alloys. Entropy 2014, 16, 870-884. https://doi.org/10.3390/e16020870"
5.8823529,0,0,0,0,0,23.5294118,23.5294118,0,23.5294118,0,23.5294118,0,0,0,BCC,CAST,"Machaka, Ronald (2021), “Dataset for High-Entropy Alloys Phases”, Mendeley Data, V2, doi: 10.17632/7fhwrgfh2s.2"
5.8823529,0,0,0,0,0,0,23.5294118,0,23.5294118,23.5294118,23.5294118,0,0,0,BCC,CAST,"Machaka, Ronald (2021), “Dataset for High-Entropy Alloys Phases”, Mendeley Data, V2, doi: 10.17632/7fhwrgfh2s.2"
4.7619048,0,0,0,0,0,23.8095238,23.8095238,0,0,23.8095238,23.8095238,0,0,0,BCC,CAST,"Machaka, Ronald (2021), “Dataset for High-Entropy Alloys Phases”, Mendeley Data, V2, doi: 10.17632/7fhwrgfh2s.2"
6,0,0,0,0,0,0,28,0,20,16,4,0,0,26,BCC,CAST,"Machaka, Ronald (2021), “Dataset for High-Entropy Alloys Phases”, Mendeley Data, V2, doi: 10.17632/7fhwrgfh2s.2"
6,0,0,0,0,0,0,28,0,20,16,4,0,0,26,BCC,CAST,"Machaka, Ronald (2021), “Dataset for High-Entropy Alloys Phases”, Mendeley Data, V2, doi: 10.17632/7fhwrgfh2s.2"
6,0,0,0,0,0,0,28,0,20,16,4,0,0,26,BCC,CAST,"Machaka, Ronald (2021), “Dataset for High-Entropy Alloys Phases”, Mendeley Data, V2, doi: 10.17632/7fhwrgfh2s.2"
10,0,20,0,0,0,0,40,0,20,0,10,0,0,0,BCC,CAST,"Machaka, Ronald (2021), “Dataset for High-Entropy Alloys Phases”, Mendeley Data, V2, doi: 10.17632/7fhwrgfh2s.2"
11.1111111,0,0,0,0,0,22.2222222,22.2222222,0,22.2222222,0,22.2222222,0,0,0,BCC,CAST,"Machaka, Ronald (2021), “Dataset for High-Entropy Alloys Phases”, Mendeley Data, V2, doi: 10.17632/7fhwrgfh2s.2"
13.0434783,0,0,0,0,0,21.7391304,0,0,21.7391304,21.7391304,21.7391304,0,0,0,BCC,CAST,"Machaka, Ronald (2021), “Dataset for High-Entropy Alloys Phases”, Mendeley Data, V2, doi: 10.17632/7fhwrgfh2s.2"
27.2727273,0,0,0,0,0,18.1818182,18.1818182,0,18.1818182,0,18.1818182,0,0,0,BCC,CAST,"Machaka, Ronald (2021), “Dataset for High-Entropy Alloys Phases”, Mendeley Data, V2, doi: 10.17632/7fhwrgfh2s.2"
22.2222222,0,11.1111111,0,0,0,0,22.2222222,0,22.2222222,0,22.2222222,0,0,0,BCC,CAST,"Machaka, Ronald (2021), “Dataset for High-Entropy Alloys Phases”, Mendeley Data, V2, doi: 10.17632/7fhwrgfh2s.2"
22.2222222,0,11.1111111,0,0,0,0,22.2222222,0,22.2222222,0,22.2222222,0,0,0,BCC,CAST,"Machaka, Ronald (2021), “Dataset for High-Entropy Alloys Phases”, Mendeley Data, V2, doi: 10.17632/7fhwrgfh2s.2"
20,0,20,0,0,0,20,20,0,20,0,0,0,0,0,FCC,CAST,"Machaka, Ronald (2021), “Dataset for High-Entropy Alloys Phases”, Mendeley Data, V2, doi: 10.17632/7fhwrgfh2s.2"
20,0,20,0,0,0,20,20,0,20,0,0,0,0,0,FCC,CAST,"Machaka, Ronald (2021), “Dataset for High-Entropy Alloys Phases”, Mendeley Data, V2, doi: 10.17632/7fhwrgfh2s.2"
20,0,20,0,0,0,20,20,0,20,0,0,0,0,0,FCC,CAST,"Machaka, Ronald (2021), “Dataset for High-Entropy Alloys Phases”, Mendeley Data, V2, doi: 10.17632/7fhwrgfh2s.2"
20,0,20,0,0,0,20,20,0,20,0,0,0,0,0,FCC,CAST,"Machaka, Ronald (2021), “Dataset for High-Entropy Alloys Phases”, Mendeley Data, V2, doi: 10.17632/7fhwrgfh2s.2"
20,0,20,0,0,0,20,20,0,20,0,0,0,0,0,FCC,CAST,"Machaka, Ronald (2021), “Dataset for High-Entropy Alloys Phases”, Mendeley Data, V2, doi: 10.17632/7fhwrgfh2s.2"
20,0,0,0,0,0,20,20,0,20,0,20,0,0,0,BCC,CAST,"Machaka, Ronald (2021), “Dataset for High-Entropy Alloys Phases”, Mendeley Data, V2, doi: 10.17632/7fhwrgfh2s.2"
0,0,0,0,0,0,25,25,0,0,25,25,0,0,0,BCC,CAST,"Machaka, Ronald (2021), “Dataset for High-Entropy Alloys Phases”, Mendeley Data, V2, doi: 10.17632/7fhwrgfh2s.2"
20,0,0,0,0,0,0,30,0,30,10,0,0,0,10,BCC,CAST,"Machaka, Ronald (2021), “Dataset for High-Entropy Alloys Phases”, Mendeley Data, V2, doi: 10.17632/7fhwrgfh2s.2"
20,0,0,0,0,0,0,30,0,30,10,0,0,0,10,BCC,CAST,"Machaka, Ronald (2021), “Dataset for High-Entropy Alloys Phases”, Mendeley Data, V2, doi: 10.17632/7fhwrgfh2s.2"
20,0,0,0,0,0,0,30,0,30,10,0,0,0,10,BCC,CAST,"Machaka, Ronald (2021), “Dataset for High-Entropy Alloys Phases”, Mendeley Data, V2, doi: 10.17632/7fhwrgfh2s.2"
20,0,0,0,0,0,0,20,0,20,20,20,0,0,0,BCC,CAST,"Machaka, Ronald (2021), “Dataset for High-Entropy Alloys Phases”, Mendeley Data, V2, doi: 10.17632/7fhwrgfh2s.2"
0,0,0,0,0,0,0,17.7644711,0,30.738523,30.738523,0,0,7.9840319,12.7744511,BCC,CAST,"Machaka, Ronald (2021), “Dataset for High-Entropy Alloys Phases”, Mendeley Data, V2, doi: 10.17632/7fhwrgfh2s.2"
0,0,0,0,0,0,0,17.7644711,0,30.738523,30.738523,0,0,7.9840319,12.7744511,BCC,CAST,"Machaka, Ronald (2021), “Dataset for High-Entropy Alloys Phases”, Mendeley Data, V2, doi: 10.17632/7fhwrgfh2s.2"
0,0,0,0,0,0,0,17.7644711,0,30.738523,30.738523,0,0,7.9840319,12.7744511,BCC,CAST,"Machaka, Ronald (2021), “Dataset for High-Entropy Alloys Phases”, Mendeley Data, V2, doi: 10.17632/7fhwrgfh2s.2"
0,0,0,0,0,0,0,17.7644711,0,30.738523,30.738523,0,0,7.9840319,12.7744511,BCC,CAST,"Machaka, Ronald (2021), “Dataset for High-Entropy Alloys Phases”, Mendeley Data, V2, doi: 10.17632/7fhwrgfh2s.2"
0,0,0,0,0,0,12.5,25,0,25,0,0,0,12.5,25,BCC,CAST,"Machaka, Ronald (2021), “Dataset for High-Entropy Alloys Phases”, Mendeley Data, V2, doi: 10.17632/7fhwrgfh2s.2"
0,0,0,0,0,0,12.5,25,0,25,0,0,0,12.5,25,BCC,CAST,"Machaka, Ronald (2021), “Dataset for High-Entropy Alloys Phases”, Mendeley Data, V2, doi: 10.17632/7fhwrgfh2s.2"
0,0,0,0,0,0,0,37.5,0,12.5,12.5,0,0,12.5,25,BCC,CAST,"Machaka, Ronald (2021), “Dataset for High-Entropy Alloys Phases”, Mendeley Data, V2, doi: 10.17632/7fhwrgfh2s.2"
0,0,0,0,0,0,0,37.5,0,0,12.5,0,0,18.75,31.25,BCC,CAST,"Machaka, Ronald (2021), “Dataset for High-Entropy Alloys Phases”, Mendeley Data, V2, doi: 10.17632/7fhwrgfh2s.2"
0,0,0,0,0,0,0,37.5,0,0,12.5,0,0,18.75,31.25,BCC,CAST,"Machaka, Ronald (2021), “Dataset for High-Entropy Alloys Phases”, Mendeley Data, V2, doi: 10.17632/7fhwrgfh2s.2"
0,0,0,0,0,0,0,37.5,0,0,12.5,0,0,18.75,31.25,BCC,CAST,"Machaka, Ronald (2021), “Dataset for High-Entropy Alloys Phases”, Mendeley Data, V2, doi: 10.17632/7fhwrgfh2s.2"
0,0,0,0,0,0,0,37.5,0,0,12.5,0,0,18.75,31.25,BCC,CAST,"Machaka, Ronald (2021), “Dataset for High-Entropy Alloys Phases”, Mendeley Data, V2, doi: 10.17632/7fhwrgfh2s.2"
0,0,0,0,0,0,0,37.5,0,0,12.5,0,0,18.75,31.25,BCC,CAST,"Machaka, Ronald (2021), “Dataset for High-Entropy Alloys Phases”, Mendeley Data, V2, doi: 10.17632/7fhwrgfh2s.2"
0,0,0,0,0,0,0,37.5,0,0,12.5,0,0,18.75,31.25,BCC,CAST,"Machaka, Ronald (2021), “Dataset for High-Entropy Alloys Phases”, Mendeley Data, V2, doi: 10.17632/7fhwrgfh2s.2"
0,0,0,0,0,0,0,37.5,0,0,12.5,0,0,18.75,31.25,BCC,CAST,"Machaka, Ronald (2021), “Dataset for High-Entropy Alloys Phases”, Mendeley Data, V2, doi: 10.17632/7fhwrgfh2s.2"
0,0,0,0,0,0,0,37.5,0,0,12.5,0,0,18.75,31.25,BCC,CAST,"Machaka, Ronald (2021), “Dataset for High-Entropy Alloys Phases”, Mendeley Data, V2, doi: 10.17632/7fhwrgfh2s.2"
0,0,0,0,0,0,0,37.5,0,0,12.5,0,0,18.75,31.25,BCC,CAST,"Machaka, Ronald (2021), “Dataset for High-Entropy Alloys Phases”, Mendeley Data, V2, doi: 10.17632/7fhwrgfh2s.2"
0,0,0,0,0,0,0,37.5,0,0,12.5,0,0,18.75,31.25,BCC,CAST,"Machaka, Ronald (2021), “Dataset for High-Entropy Alloys Phases”, Mendeley Data, V2, doi: 10.17632/7fhwrgfh2s.2"
0,0,0,0,0,0,0,37.5,0,0,12.5,0,0,18.75,31.25,BCC,CAST,"Machaka, Ronald (2021), “Dataset for High-Entropy Alloys Phases”, Mendeley Data, V2, doi: 10.17632/7fhwrgfh2s.2"
0,0,0,0,0,0,0,37.5,0,0,12.5,0,0,18.75,31.25,BCC,CAST,"Machaka, Ronald (2021), “Dataset for High-Entropy Alloys Phases”, Mendeley Data, V2, doi: 10.17632/7fhwrgfh2s.2"
0,0,0,0,0,0,0,37.5,0,0,12.5,0,0,18.75,31.25,BCC,CAST,"Machaka, Ronald (2021), “Dataset for High-Entropy Alloys Phases”, Mendeley Data, V2, doi: 10.17632/7fhwrgfh2s.2"
0,0,0,0,0,0,0,37.5,0,0,12.5,0,0,18.75,31.25,BCC,CAST,"Machaka, Ronald (2021), “Dataset for High-Entropy Alloys Phases”, Mendeley Data, V2, doi: 10.17632/7fhwrgfh2s.2"
0,0,0,0,0,0,0,37.5,0,0,12.5,0,0,18.75,31.25,BCC,CAST,"Machaka, Ronald (2021), “Dataset for High-Entropy Alloys Phases”, Mendeley Data, V2, doi: 10.17632/7fhwrgfh2s.2"
0,0,0,0,0,0,0,37.5,0,0,12.5,0,0,18.75,31.25,BCC,CAST,"Machaka, Ronald (2021), “Dataset for High-Entropy Alloys Phases”, Mendeley Data, V2, doi: 10.17632/7fhwrgfh2s.2"
0,0,0,0,0,0,0,37.5,0,0,12.5,0,0,18.75,31.25,BCC,CAST,"Machaka, Ronald (2021), “Dataset for High-Entropy Alloys Phases”, Mendeley Data, V2, doi: 10.17632/7fhwrgfh2s.2"
0,0,0,0,0,0,0,37.5,0,0,12.5,0,0,18.75,31.25,BCC,CAST,"Machaka, Ronald (2021), “Dataset for High-Entropy Alloys Phases”, Mendeley Data, V2, doi: 10.17632/7fhwrgfh2s.2"
0,0,0,0,0,0,0,37.5,0,0,12.5,0,0,18.75,31.25,BCC,CAST,"Machaka, Ronald (2021), “Dataset for High-Entropy Alloys Phases”, Mendeley Data, V2, doi: 10.17632/7fhwrgfh2s.2"
0,0,0,0,0,0,0,37.5,0,0,12.5,0,0,18.75,31.25,BCC,CAST,"Machaka, Ronald (2021), “Dataset for High-Entropy Alloys Phases”, Mendeley Data, V2, doi: 10.17632/7fhwrgfh2s.2"
0,0,0,0,0,0,0,37.5,0,0,12.5,0,0,18.75,31.25,BCC,CAST,"Machaka, Ronald (2021), “Dataset for High-Entropy Alloys Phases”, Mendeley Data, V2, doi: 10.17632/7fhwrgfh2s.2"
0,0,0,0,0,0,0,35,0,5,5,0,0,27.5,27.5,BCC,CAST,"Machaka, Ronald (2021), “Dataset for High-Entropy Alloys Phases”, Mendeley Data, V2, doi: 10.17632/7fhwrgfh2s.2"
0,0,0,0,0,0,4.7619048,19.047619,0,19.047619,19.047619,0,0,19.047619,19.047619,BCC,CAST,"Machaka, Ronald (2021), “Dataset for High-Entropy Alloys Phases”, Mendeley Data, V2, doi: 10.17632/7fhwrgfh2s.2"
0,0,0,0,0,0,9.0909091,18.1818182,0,18.1818182,18.1818182,0,0,18.1818182,18.1818182,BCC,CAST,"Machaka, Ronald (2021), “Dataset for High-Entropy Alloys Phases”, Mendeley Data, V2, doi: 10.17632/7fhwrgfh2s.2"
0,0,0,0,0,0,12.5,25,0,25,0,12.5,0,25,0,BCC,CAST,"Machaka, Ronald (2021), “Dataset for High-Entropy Alloys Phases”, Mendeley Data, V2, doi: 10.17632/7fhwrgfh2s.2"
0,0,0,0,0,0,12.5,25,0,25,0,12.5,0,25,0,BCC,CAST,"Machaka, Ronald (2021), “Dataset for High-Entropy Alloys Phases”, Mendeley Data, V2, doi: 10.17632/7fhwrgfh2s.2"
0,0,0,0,0,0,12.5,25,0,25,0,12.5,0,25,0,BCC,CAST,"Machaka, Ronald (2021), “Dataset for High-Entropy Alloys Phases”, Mendeley Data, V2, doi: 10.17632/7fhwrgfh2s.2"
0,0,0,0,0,0,13.0434783,17.3913043,0,17.3913043,17.3913043,0,0,17.3913043,17.3913043,BCC,CAST,"Machaka, Ronald (2021), “Dataset for High-Entropy Alloys Phases”, Mendeley Data, V2, doi: 10.17632/7fhwrgfh2s.2"
0,0,0,0,0,0,20,20,0,20,0,0,0,20,20,BCC,CAST,"Machaka, Ronald (2021), “Dataset for High-Entropy Alloys Phases”, Mendeley Data, V2, doi: 10.17632/7fhwrgfh2s.2"
0,0,0,0,0,0,20,20,0,20,0,0,0,20,20,BCC,CAST,"Machaka, Ronald (2021), “Dataset for High-Entropy Alloys Phases”, Mendeley Data, V2, doi: 10.17632/7fhwrgfh2s.2"
0,0,0,0,0,0,20,20,0,20,0,0,0,20,20,BCC,CAST,"Machaka, Ronald (2021), “Dataset for High-Entropy Alloys Phases”, Mendeley Data, V2, doi: 10.17632/7fhwrgfh2s.2"
0,0,0,0,0,0,20,20,0,20,0,0,0,20,20,BCC,CAST,"Machaka, Ronald (2021), “Dataset for High-Entropy Alloys Phases”, Mendeley Data, V2, doi: 10.17632/7fhwrgfh2s.2"
0,0,0,0,0,0,0,20,0,20,20,0,0,20,20,BCC,CAST,"Machaka, Ronald (2021), “Dataset for High-Entropy Alloys Phases”, Mendeley Data, V2, doi: 10.17632/7fhwrgfh2s.2"
0,0,0,0,0,0,0,20,0,20,20,0,0,20,20,BCC,CAST,"Machaka, Ronald (2021), “Dataset for High-Entropy Alloys Phases”, Mendeley Data, V2, doi: 10.17632/7fhwrgfh2s.2"
0,0,0,0,0,0,0,20,0,20,20,0,0,20,20,BCC,CAST,"Machaka, Ronald (2021), “Dataset for High-Entropy Alloys Phases”, Mendeley Data, V2, doi: 10.17632/7fhwrgfh2s.2"
0,0,0,0,0,0,0,20,0,20,20,0,0,20,20,BCC,CAST,"Machaka, Ronald (2021), “Dataset for High-Entropy Alloys Phases”, Mendeley Data, V2, doi: 10.17632/7fhwrgfh2s.2"
0,0,0,0,0,0,0,20,0,20,20,0,0,20,20,BCC,CAST,"Machaka, Ronald (2021), “Dataset for High-Entropy Alloys Phases”, Mendeley Data, V2, doi: 10.17632/7fhwrgfh2s.2"
0,0,0,0,0,0,0,20,0,20,20,0,0,20,20,BCC,CAST,"Machaka, Ronald (2021), “Dataset for High-Entropy Alloys Phases”, Mendeley Data, V2, doi: 10.17632/7fhwrgfh2s.2"
0,0,0,0,0,0,0,20,0,20,20,0,0,20,20,BCC,CAST,"Machaka, Ronald (2021), “Dataset for High-Entropy Alloys Phases”, Mendeley Data, V2, doi: 10.17632/7fhwrgfh2s.2"
0,0,0,0,0,0,0,20,0,20,20,0,0,20,20,BCC,CAST,"Machaka, Ronald (2021), “Dataset for High-Entropy Alloys Phases”, Mendeley Data, V2, doi: 10.17632/7fhwrgfh2s.2"
0,0,0,0,0,0,0,20,0,20,20,0,0,20,20,BCC,CAST,"Machaka, Ronald (2021), “Dataset for High-Entropy Alloys Phases”, Mendeley Data, V2, doi: 10.17632/7fhwrgfh2s.2"
0,0,0,0,0,0,0,20,0,20,20,0,0,20,20,BCC,CAST,"Machaka, Ronald (2021), “Dataset for High-Entropy Alloys Phases”, Mendeley Data, V2, doi: 10.17632/7fhwrgfh2s.2"
0,0,0,0,0,0,0,20,0,20,20,0,0,20,20,BCC,CAST,"Machaka, Ronald (2021), “Dataset for High-Entropy Alloys Phases”, Mendeley Data, V2, doi: 10.17632/7fhwrgfh2s.2"
0,0,0,0,0,0,0,20,0,20,20,0,0,20,20,BCC,CAST,"Machaka, Ronald (2021), “Dataset for High-Entropy Alloys Phases”, Mendeley Data, V2, doi: 10.17632/7fhwrgfh2s.2"
0,0,0,0,0,0,0,20,0,20,20,0,0,20,20,BCC,CAST,"Machaka, Ronald (2021), “Dataset for High-Entropy Alloys Phases”, Mendeley Data, V2, doi: 10.17632/7fhwrgfh2s.2"
0,0,0,0,0,0,0,0,0,25,25,0,0,25,25,BCC,CAST,"Machaka, Ronald (2021), “Dataset for High-Entropy Alloys Phases”, Mendeley Data, V2, doi: 10.17632/7fhwrgfh2s.2"
0,0,0,0,0,0,0,25,0,0,25,0,0,25,25,BCC,CAST,"Machaka, Ronald (2021), “Dataset for High-Entropy Alloys Phases”, Mendeley Data, V2, doi: 10.17632/7fhwrgfh2s.2"
0,0,0,0,0,0,2.9411765,29.4117647,0,29.4117647,0,8.8235294,0,0,29.4117647,BCC,CAST,"Machaka, Ronald (2021), “Dataset for High-Entropy Alloys Phases”, Mendeley Data, V2, doi: 10.17632/7fhwrgfh2s.2"
0,0,0,0,0,0,8.3333333,27.7777778,0,27.7777778,0,8.3333333,0,0,27.7777778,BCC,CAST,"Machaka, Ronald (2021), “Dataset for High-Entropy Alloys Phases”, Mendeley Data, V2, doi: 10.17632/7fhwrgfh2s.2"
0,0,0,0,0,0,6.9767442,23.255814,0,23.255814,0,23.255814,0,0,23.255814,BCC,CAST,"Machaka, Ronald (2021), “Dataset for High-Entropy Alloys Phases”, Mendeley Data, V2, doi: 10.17632/7fhwrgfh2s.2"
0,0,0,0,0,0,13.1578947,26.3157895,0,26.3157895,0,7.8947368,0,0,26.3157895,BCC,CAST,"Machaka, Ronald (2021), “Dataset for High-Entropy Alloys Phases”, Mendeley Data, V2, doi: 10.17632/7fhwrgfh2s.2"
0,0,0,0,0,0,11.1111111,22.2222222,0,22.2222222,0,22.2222222,0,0,22.2222222,BCC,CAST,"Machaka, Ronald (2021), “Dataset for High-Entropy Alloys Phases”, Mendeley Data, V2, doi: 10.17632/7fhwrgfh2s.2"
0,0,0,0,0,0,17.5,25,0,25,0,7.5,0,0,25,BCC,CAST,"Machaka, Ronald (2021), “Dataset for High-Entropy Alloys Phases”, Mendeley Data, V2, doi: 10.17632/7fhwrgfh2s.2"
0,0,0,0,0,0,14.893617,21.2765957,0,21.2765957,0,21.2765957,0,0,21.2765957,BCC,CAST,"Machaka, Ronald (2021), “Dataset for High-Entropy Alloys Phases”, Mendeley Data, V2, doi: 10.17632/7fhwrgfh2s.2"
0,0,0,0,0,0,28.2608696,21.7391304,0,21.7391304,0,6.5217391,0,0,21.7391304,BCC,CAST,"Machaka, Ronald (2021), “Dataset for High-Entropy Alloys Phases”, Mendeley Data, V2, doi: 10.17632/7fhwrgfh2s.2"
0,0,0,0,0,0,24.5283019,18.8679245,0,18.8679245,0,18.8679245,0,0,18.8679245,BCC1+BCC2,CAST,"Machaka, Ronald (2021), “Dataset for High-Entropy Alloys Phases”, Mendeley Data, V2, doi: 10.17632/7fhwrgfh2s.2"
0,0,0,0,0,0,31.25,20.8333333,0,20.8333333,0,6.25,0,0,20.8333333,BCC,CAST,"Machaka, Ronald (2021), “Dataset for High-Entropy Alloys Phases”, Mendeley Data, V2, doi: 10.17632/7fhwrgfh2s.2"
0,0,0,0,0,0,23.5294118,5.8823529,23.5294118,23.5294118,23.5294118,0,0,0,0,BCC,CAST,"Machaka, Ronald (2021), “Dataset for High-Entropy Alloys Phases”, Mendeley Data, V2, doi: 10.17632/7fhwrgfh2s.2"
0,0,0,0,0,0,22.2222222,11.1111111,22.2222222,22.2222222,22.2222222,0,0,0,0,BCC,CAST,"Machaka, Ronald (2021), “Dataset for High-Entropy Alloys Phases”, Mendeley Data, V2, doi: 10.17632/7fhwrgfh2s.2"
0,0,0,0,0,0,21.0526316,15.7894737,21.0526316,21.0526316,21.0526316,0,0,0,0,BCC,CAST,"Machaka, Ronald (2021), “Dataset for High-Entropy Alloys Phases”, Mendeley Data, V2, doi: 10.17632/7fhwrgfh2s.2"
0,0,0,0,0,0,20,20,20,20,20,0,0,0,0,BCC,CAST,"Machaka, Ronald (2021), “Dataset for High-Entropy Alloys Phases”, Mendeley Data, V2, doi: 10.17632/7fhwrgfh2s.2"
0,0,0,0,0,0,25,0,0,25,25,25,0,0,0,BCC,CAST,"Machaka, Ronald (2021), “Dataset for High-Entropy Alloys Phases”, Mendeley Data, V2, doi: 10.17632/7fhwrgfh2s.2"
0,0,0,0,0,0,25,0,25,25,25,0,0,0,0,BCC,CAST,"Machaka, Ronald (2021), “Dataset for High-Entropy Alloys Phases”, Mendeley Data, V2, doi: 10.17632/7fhwrgfh2s.2"
0,0,0,0,0,0,25,0,25,25,25,0,0,0,0,BCC,CAST,"Machaka, Ronald (2021), “Dataset for High-Entropy Alloys Phases”, Mendeley Data, V2, doi: 10.17632/7fhwrgfh2s.2"
0,0,0,0,0,0,25,0,25,25,25,0,0,0,0,BCC,CAST,"Machaka, Ronald (2021), “Dataset for High-Entropy Alloys Phases”, Mendeley Data, V2, doi: 10.17632/7fhwrgfh2s.2"
0,0,0,0,0,0,25,0,25,25,25,0,0,0,0,BCC,CAST,"Machaka, Ronald (2021), “Dataset for High-Entropy Alloys Phases”, Mendeley Data, V2, doi: 10.17632/7fhwrgfh2s.2"
0,0,0,0,0,0,25,0,25,25,25,0,0,0,0,BCC,CAST,"Machaka, Ronald (2021), “Dataset for High-Entropy Alloys Phases”, Mendeley Data, V2, doi: 10.17632/7fhwrgfh2s.2"
0,0,0,0,0,0,25,0,25,25,25,0,0,0,0,BCC,CAST,"Machaka, Ronald (2021), “Dataset for High-Entropy Alloys Phases”, Mendeley Data, V2, doi: 10.17632/7fhwrgfh2s.2"
0,0,0,0,0,0,25,0,25,25,25,0,0,0,0,BCC,CAST,"Machaka, Ronald (2021), “Dataset for High-Entropy Alloys Phases”, Mendeley Data, V2, doi: 10.17632/7fhwrgfh2s.2"
0,0,0,0,0,0,25,0,25,25,25,0,0,0,0,BCC,CAST,"Machaka, Ronald (2021), “Dataset for High-Entropy Alloys Phases”, Mendeley Data, V2, doi: 10.17632/7fhwrgfh2s.2"
0,0,0,0,0,0,25,25,0,25,0,25,0,0,0,BCC,CAST,"Machaka, Ronald (2021), “Dataset for High-Entropy Alloys Phases”, Mendeley Data, V2, doi: 10.17632/7fhwrgfh2s.2"
0,0,0,0,0,0,23.255814,23.255814,0,23.255814,0,6.9767442,0,0,23.255814,BCC,CAST,"Machaka, Ronald (2021), “Dataset for High-Entropy Alloys Phases”, Mendeley Data, V2, doi: 10.17632/7fhwrgfh2s.2"
0,0,0,0,0,0,20,20,0,20,0,20,0,0,20,BCC,CAST,"Machaka, Ronald (2021), “Dataset for High-Entropy Alloys Phases”, Mendeley Data, V2, doi: 10.17632/7fhwrgfh2s.2"
0,0,0,0,0,0,0,25,0,25,25,25,0,0,0,BCC,CAST,"Machaka, Ronald (2021), “Dataset for High-Entropy Alloys Phases”, Mendeley Data, V2, doi: 10.17632/7fhwrgfh2s.2"
0,0,0,0,0,0,0,30.3030303,0,30.3030303,0,9.0909091,0,0,30.3030303,BCC,CAST,"Machaka, Ronald (2021), “Dataset for High-Entropy Alloys Phases”, Mendeley Data, V2, doi: 10.17632/7fhwrgfh2s.2"
0,33.3333333,0,0,33.3333333,33.3333333,0,0,0,0,0,0,0,0,0,FCC,CAST,"Machaka, Ronald (2021), “Dataset for High-Entropy Alloys Phases”, Mendeley Data, V2, doi: 10.17632/7fhwrgfh2s.2"
7.6923077,30.7692308,0,0,30.7692308,30.7692308,0,0,0,0,0,0,0,0,0,FCC,CAST,"Machaka, Ronald (2021), “Dataset for High-Entropy Alloys Phases”, Mendeley Data, V2, doi: 10.17632/7fhwrgfh2s.2"
14.2857143,28.5714286,0,0,28.5714286,28.5714286,0,0,0,0,0,0,0,0,0,BCC+FCC,CAST,"Machaka, Ronald (2021), “Dataset for High-Entropy Alloys Phases”, Mendeley Data, V2, doi: 10.17632/7fhwrgfh2s.2"
20,26.6666667,0,0,26.6666667,26.6666667,0,0,0,0,0,0,0,0,0,BCC+FCC,CAST,"Machaka, Ronald (2021), “Dataset for High-Entropy Alloys Phases”, Mendeley Data, V2, doi: 10.17632/7fhwrgfh2s.2"
0,25,25,0,25,25,0,0,0,0,0,0,0,0,0,FCC,CAST,"Machaka, Ronald (2021), “Dataset for High-Entropy Alloys Phases”, Mendeley Data, V2, doi: 10.17632/7fhwrgfh2s.2"
20,20,20,0,20,20,0,0,0,0,0,0,0,0,0,BCC,CAST,"Machaka, Ronald (2021), “Dataset for High-Entropy Alloys Phases”, Mendeley Data, V2, doi: 10.17632/7fhwrgfh2s.2"
20,20,20,0,20,20,0,0,0,0,0,0,0,0,0,BCC,CAST,"Machaka, Ronald (2021), “Dataset for High-Entropy Alloys Phases”, Mendeley Data, V2, doi: 10.17632/7fhwrgfh2s.2"
20,20,20,0,20,20,0,0,0,0,0,0,0,0,0,BCC,CAST,"Machaka, Ronald (2021), “Dataset for High-Entropy Alloys Phases”, Mendeley Data, V2, doi: 10.17632/7fhwrgfh2s.2"
20,20,20,0,20,20,0,0,0,0,0,0,0,0,0,BCC,CAST,"Machaka, Ronald (2021), “Dataset for High-Entropy Alloys Phases”, Mendeley Data, V2, doi: 10.17632/7fhwrgfh2s.2"
19.6078431,19.6078431,19.6078431,0,19.6078431,19.6078431,1.9607843,0,0,0,0,0,0,0,0,BCC,CAST,"Machaka, Ronald (2021), “Dataset for High-Entropy Alloys Phases”, Mendeley Data, V2, doi: 10.17632/7fhwrgfh2s.2"
20,20,20,0,20,20,0,0,0,0,0,0,0,0,0,BCC,CAST,"Machaka, Ronald (2021), “Dataset for High-Entropy Alloys Phases”, Mendeley Data, V2, doi: 10.17632/7fhwrgfh2s.2"
19.6078431,19.6078431,19.6078431,0,19.6078431,19.6078431,0,0,0,1.9607843,0,0,0,0,0,BCC,CAST,"Machaka, Ronald (2021), “Dataset for High-Entropy Alloys Phases”, Mendeley Data, V2, doi: 10.17632/7fhwrgfh2s.2"
0,22.2222222,22.2222222,0,22.2222222,22.2222222,0,11.1111111,0,0,0,0,0,0,0,FCC,CAST,"Machaka, Ronald (2021), “Dataset for High-Entropy Alloys Phases”, Mendeley Data, V2, doi: 10.17632/7fhwrgfh2s.2"
9.0909091,18.1818182,18.1818182,9.0909091,18.1818182,18.1818182,0,9.0909091,0,0,0,0,0,0,0,BCC+FCC,CAST,"Machaka, Ronald (2021), “Dataset for High-Entropy Alloys Phases”, Mendeley Data, V2, doi: 10.17632/7fhwrgfh2s.2"
13.6363636,18.1818182,18.1818182,4.5454545,18.1818182,18.1818182,0,9.0909091,0,0,0,0,0,0,0,BCC,CAST,"Machaka, Ronald (2021), “Dataset for High-Entropy Alloys Phases”, Mendeley Data, V2, doi: 10.17632/7fhwrgfh2s.2"
18.1818182,18.1818182,18.1818182,0,18.1818182,18.1818182,0,9.0909091,0,0,0,0,0,0,0,BCC,CAST,"Machaka, Ronald (2021), “Dataset for High-Entropy Alloys Phases”, Mendeley Data, V2, doi: 10.17632/7fhwrgfh2s.2"
16.6666667,16.6666667,16.6666667,0,16.6666667,16.6666667,0,16.6666667,0,0,0,0,0,0,0,BCC,CAST,"Machaka, Ronald (2021), “Dataset for High-Entropy Alloys Phases”, Mendeley Data, V2, doi: 10.17632/7fhwrgfh2s.2"
0,20,20,0,20,20,0,0,0,0,0,0,20,0,0,FCC,CAST,"Machaka, Ronald (2021), “Dataset for High-Entropy Alloys Phases”, Mendeley Data, V2, doi: 10.17632/7fhwrgfh2s.2"
0,19.047619,19.047619,0,19.047619,19.047619,0,0,0,0,0,4.7619048,19.047619,0,0,FCC,CAST,"Machaka, Ronald (2021), “Dataset for High-Entropy Alloys Phases”, Mendeley Data, V2, doi: 10.17632/7fhwrgfh2s.2"
0,18.1818182,18.1818182,0,18.1818182,18.1818182,0,0,0,0,0,9.0909091,18.1818182,0,0,FCC,CAST,"Machaka, Ronald (2021), “Dataset for High-Entropy Alloys Phases”, Mendeley Data, V2, doi: 10.17632/7fhwrgfh2s.2"
0,33.3333333,33.3333333,0,0,33.3333333,0,0,0,0,0,0,0,0,0,FCC,CAST,"Machaka, Ronald (2021), “Dataset for High-Entropy Alloys Phases”, Mendeley Data, V2, doi: 10.17632/7fhwrgfh2s.2"
25,0,25,0,25,25,0,0,0,0,0,0,0,0,0,BCC,CAST,"Machaka, Ronald (2021), “Dataset for High-Entropy Alloys Phases”, Mendeley Data, V2, doi: 10.17632/7fhwrgfh2s.2"
23.8095238,0,23.8095238,0,23.8095238,23.8095238,4.7619048,0,0,0,0,0,0,0,0,BCC,CAST,"Machaka, Ronald (2021), “Dataset for High-Entropy Alloys Phases”, Mendeley Data, V2, doi: 10.17632/7fhwrgfh2s.2"
22.2222222,0,22.2222222,0,22.2222222,22.2222222,11.1111111,0,0,0,0,0,0,0,0,BCC,CAST,"Machaka, Ronald (2021), “Dataset for High-Entropy Alloys Phases”, Mendeley Data, V2, doi: 10.17632/7fhwrgfh2s.2"
9.0909091,18.1818182,18.1818182,18.1818182,18.1818182,18.1818182,0,0,0,0,0,0,0,0,0,FCC,CAST,"Machaka, Ronald (2021), “Dataset for High-Entropy Alloys Phases”, Mendeley Data, V2, doi: 10.17632/7fhwrgfh2s.2"
16.6666667,16.6666667,16.6666667,16.6666667,16.6666667,16.6666667,0,0,0,0,0,0,0,0,0,BCC+FCC,CAST,"Machaka, Ronald (2021), “Dataset for High-Entropy Alloys Phases”, Mendeley Data, V2, doi: 10.17632/7fhwrgfh2s.2"
28.5714286,14.2857143,14.2857143,14.2857143,14.2857143,14.2857143,0,0,0,0,0,0,0,0,0,BCC+FCC,CAST,"Machaka, Ronald (2021), “Dataset for High-Entropy Alloys Phases”, Mendeley Data, V2, doi: 10.17632/7fhwrgfh2s.2"
16.6666667,16.6666667,16.6666667,16.6666667,16.6666667,16.6666667,0,0,0,0,0,0,0,0,0,BCC+FCC,CAST,"Machaka, Ronald (2021), “Dataset for High-Entropy Alloys Phases”, Mendeley Data, V2, doi: 10.17632/7fhwrgfh2s.2"
0,0,0,0,0,0,0,25,0,25,0,0,0,25,25,BCC,CAST,"Machaka, Ronald (2021), “Dataset for High-Entropy Alloys Phases”, Mendeley Data, V2, doi: 10.17632/7fhwrgfh2s.2"
0,0,0,0,0,0,0,20,0,20,0,40,0,0,20,BCC+IM,CAST,"Machaka, Ronald (2021), “Dataset for High-Entropy Alloys Phases”, Mendeley Data, V2, doi: 10.17632/7fhwrgfh2s.2"
0,20,20,0,20,20,0,0,0,0,0,0,20,0,0,FCC,CAST,"Machaka, Ronald (2021), “Dataset for High-Entropy Alloys Phases”, Mendeley Data, V2, doi: 10.17632/7fhwrgfh2s.2"
0,20,20,0,20,20,0,0,0,0,0,0,20,0,0,FCC,CAST,"Machaka, Ronald (2021), “Dataset for High-Entropy Alloys Phases”, Mendeley Data, V2, doi: 10.17632/7fhwrgfh2s.2"
0,20,20,0,20,20,0,0,0,0,0,0,20,0,0,FCC,CAST,"Machaka, Ronald (2021), “Dataset for High-Entropy Alloys Phases”, Mendeley Data, V2, doi: 10.17632/7fhwrgfh2s.2"
0,0,31.25,0,31.25,0,0,0,3.125,0,3.125,31.25,0,0,0,BCC,CAST,"Machaka, Ronald (2021), “Dataset for High-Entropy Alloys Phases”, Mendeley Data, V2, doi: 10.17632/7fhwrgfh2s.2"
0,0,29.4117647,0,29.4117647,0,0,0,5.8823529,0,5.8823529,29.4117647,0,0,0,BCC,CAST,"Machaka, Ronald (2021), “Dataset for High-Entropy Alloys Phases”, Mendeley Data, V2, doi: 10.17632/7fhwrgfh2s.2"
11.1111111,22.2222222,22.2222222,0,22.2222222,22.2222222,0,0,0,0,0,0,0,0,0,FCC,CAST,"Machaka, Ronald (2021), “Dataset for High-Entropy Alloys Phases”, Mendeley Data, V2, doi: 10.17632/7fhwrgfh2s.2"
11.1111111,22.2222222,22.2222222,0,22.2222222,22.2222222,0,0,0,0,0,0,0,0,0,BCC+FCC,CAST,"Machaka, Ronald (2021), “Dataset for High-Entropy Alloys Phases”, Mendeley Data, V2, doi: 10.17632/7fhwrgfh2s.2"
0,0,0,0,0,0,20,20,0,20,0,0,0,20,20,BCC,CAST,"Machaka, Ronald (2021), “Dataset for High-Entropy Alloys Phases”, Mendeley Data, V2, doi: 10.17632/7fhwrgfh2s.2"
18.1818182,18.1818182,18.1818182,0,18.1818182,18.1818182,0,9.0909091,0,0,0,0,0,0,0,BCC1+BCC2,CAST,"Machaka, Ronald (2021), “Dataset for High-Entropy Alloys Phases”, Mendeley Data, V2, doi: 10.17632/7fhwrgfh2s.2"
16.6666667,16.6666667,16.6666667,16.6666667,16.6666667,16.6666667,0,0,0,0,0,0,0,0,0,BCC+FCC,CAST,"Machaka, Ronald (2021), “Dataset for High-Entropy Alloys Phases”, Mendeley Data, V2, doi: 10.17632/7fhwrgfh2s.2"
16.6666667,16.6666667,16.6666667,16.6666667,16.6666667,16.6666667,0,0,0,0,0,0,0,0,0,BCC+FCC,CAST,"Machaka, Ronald (2021), “Dataset for High-Entropy Alloys Phases”, Mendeley Data, V2, doi: 10.17632/7fhwrgfh2s.2"
16.6666667,16.6666667,16.6666667,16.6666667,16.6666667,16.6666667,0,0,0,0,0,0,0,0,0,BCC+FCC,CAST,"Machaka, Ronald (2021), “Dataset for High-Entropy Alloys Phases”, Mendeley Data, V2, doi: 10.17632/7fhwrgfh2s.2"
16.6666667,16.6666667,16.6666667,16.6666667,16.6666667,16.6666667,0,0,0,0,0,0,0,0,0,BCC+FCC,CAST,"Machaka, Ronald (2021), “Dataset for High-Entropy Alloys Phases”, Mendeley Data, V2, doi: 10.17632/7fhwrgfh2s.2"
16.6666667,16.6666667,16.6666667,16.6666667,16.6666667,16.6666667,0,0,0,0,0,0,0,0,0,BCC+FCC,CAST,"Machaka, Ronald (2021), “Dataset for High-Entropy Alloys Phases”, Mendeley Data, V2, doi: 10.17632/7fhwrgfh2s.2"
16.6666667,16.6666667,16.6666667,16.6666667,16.6666667,16.6666667,0,0,0,0,0,0,0,0,0,BCC+FCC,CAST,"Machaka, Ronald (2021), “Dataset for High-Entropy Alloys Phases”, Mendeley Data, V2, doi: 10.17632/7fhwrgfh2s.2"
16.6666667,16.6666667,16.6666667,16.6666667,16.6666667,16.6666667,0,0,0,0,0,0,0,0,0,BCC+FCC,CAST,"Machaka, Ronald (2021), “Dataset for High-Entropy Alloys Phases”, Mendeley Data, V2, doi: 10.17632/7fhwrgfh2s.2"
0,0,0,0,0,0,20,0,20,20,20,20,0,0,0,BCC,CAST,"Machaka, Ronald (2021), “Dataset for High-Entropy Alloys Phases”, Mendeley Data, V2, doi: 10.17632/7fhwrgfh2s.2"
20,20,20,0,20,20,0,0,0,0,0,0,0,0,0,BCC,CAST,"Machaka, Ronald (2021), “Dataset for High-Entropy Alloys Phases”, Mendeley Data, V2, doi: 10.17632/7fhwrgfh2s.2"
20,20,20,0,20,20,0,0,0,0,0,0,0,0,0,BCC,CAST,"Machaka, Ronald (2021), “Dataset for High-Entropy Alloys Phases”, Mendeley Data, V2, doi: 10.17632/7fhwrgfh2s.2"
20,20,20,0,20,20,0,0,0,0,0,0,0,0,0,BCC,CAST,"Machaka, Ronald (2021), “Dataset for High-Entropy Alloys Phases”, Mendeley Data, V2, doi: 10.17632/7fhwrgfh2s.2"
20,20,20,0,20,20,0,0,0,0,0,0,0,0,0,BCC,CAST,"Machaka, Ronald (2021), “Dataset for High-Entropy Alloys Phases”, Mendeley Data, V2, doi: 10.17632/7fhwrgfh2s.2"
20,20,20,0,20,20,0,0,0,0,0,0,0,0,0,BCC,CAST,"Machaka, Ronald (2021), “Dataset for High-Entropy Alloys Phases”, Mendeley Data, V2, doi: 10.17632/7fhwrgfh2s.2"
18.1818182,18.1818182,18.1818182,0,18.1818182,18.1818182,0,9.0909091,0,0,0,0,0,0,0,BCC1+BCC2,CAST,"Machaka, Ronald (2021), “Dataset for High-Entropy Alloys Phases”, Mendeley Data, V2, doi: 10.17632/7fhwrgfh2s.2"
18.1818182,18.1818182,18.1818182,0,18.1818182,18.1818182,0,9.0909091,0,0,0,0,0,0,0,BCC1+BCC2,CAST,"Machaka, Ronald (2021), “Dataset for High-Entropy Alloys Phases”, Mendeley Data, V2, doi: 10.17632/7fhwrgfh2s.2"
18.1818182,18.1818182,18.1818182,0,18.1818182,18.1818182,0,9.0909091,0,0,0,0,0,0,0,BCC1+BCC2,CAST,"Machaka, Ronald (2021), “Dataset for High-Entropy Alloys Phases”, Mendeley Data, V2, doi: 10.17632/7fhwrgfh2s.2"
18.1818182,18.1818182,18.1818182,0,18.1818182,18.1818182,0,9.0909091,0,0,0,0,0,0,0,BCC1+BCC2,CAST,"Machaka, Ronald (2021), “Dataset for High-Entropy Alloys Phases”, Mendeley Data, V2, doi: 10.17632/7fhwrgfh2s.2"
0,0,20,0,0,0,20,20,0,20,0,20,0,0,0,BCC,CAST,"Machaka, Ronald (2021), “Dataset for High-Entropy Alloys Phases”, Mendeley Data, V2, doi: 10.17632/7fhwrgfh2s.2"
0,25,25,0,25,25,0,0,0,0,0,0,0,0,0,FCC,CAST,"Machaka, Ronald (2021), “Dataset for High-Entropy Alloys Phases”, Mendeley Data, V2, doi: 10.17632/7fhwrgfh2s.2"
0,25,25,0,25,25,0,0,0,0,0,0,0,0,0,FCC,CAST,"Machaka, Ronald (2021), “Dataset for High-Entropy Alloys Phases”, Mendeley Data, V2, doi: 10.17632/7fhwrgfh2s.2"
0,25,25,0,25,25,0,0,0,0,0,0,0,0,0,FCC,CAST,"Machaka, Ronald (2021), “Dataset for High-Entropy Alloys Phases”, Mendeley Data, V2, doi: 10.17632/7fhwrgfh2s.2"
0,25,25,0,25,25,0,0,0,0,0,0,0,0,0,FCC,CAST,"Machaka, Ronald (2021), “Dataset for High-Entropy Alloys Phases”, Mendeley Data, V2, doi: 10.17632/7fhwrgfh2s.2"
19.2307692,19.2307692,19.2307692,0,19.2307692,19.2307692,0,3.8461538,0,0,0,0,0,0,0,BCC,CAST,"Machaka, Ronald (2021), “Dataset for High-Entropy Alloys Phases”, Mendeley Data, V2, doi: 10.17632/7fhwrgfh2s.2"
19.2307692,19.2307692,19.2307692,0,19.2307692,19.2307692,0,3.8461538,0,0,0,0,0,0,0,BCC1+BCC2,CAST,"Machaka, Ronald (2021), “Dataset for High-Entropy Alloys Phases”, Mendeley Data, V2, doi: 10.17632/7fhwrgfh2s.2"
19.2307692,19.2307692,19.2307692,0,19.2307692,19.2307692,0,3.8461538,0,0,0,0,0,0,0,BCC1+BCC2,CAST,"Machaka, Ronald (2021), “Dataset for High-Entropy Alloys Phases”, Mendeley Data, V2, doi: 10.17632/7fhwrgfh2s.2"
19.2307692,19.2307692,19.2307692,0,19.2307692,19.2307692,0,3.8461538,0,0,0,0,0,0,0,BCC1+BCC2,CAST,"Machaka, Ronald (2021), “Dataset for High-Entropy Alloys Phases”, Mendeley Data, V2, doi: 10.17632/7fhwrgfh2s.2"
18.5185185,18.5185185,18.5185185,0,18.5185185,18.5185185,0,7.4074074,0,0,0,0,0,0,0,BCC1+BCC2,CAST,"Machaka, Ronald (2021), “Dataset for High-Entropy Alloys Phases”, Mendeley Data, V2, doi: 10.17632/7fhwrgfh2s.2"
18.5185185,18.5185185,18.5185185,0,18.5185185,18.5185185,0,7.4074074,0,0,0,0,0,0,0,BCC1+BCC2,CAST,"Machaka, Ronald (2021), “Dataset for High-Entropy Alloys Phases”, Mendeley Data, V2, doi: 10.17632/7fhwrgfh2s.2"
18.5185185,18.5185185,18.5185185,0,18.5185185,18.5185185,0,7.4074074,0,0,0,0,0,0,0,BCC1+BCC2,CAST,"Machaka, Ronald (2021), “Dataset for High-Entropy Alloys Phases”, Mendeley Data, V2, doi: 10.17632/7fhwrgfh2s.2"
0,33.3333333,33.3333333,0,0,33.3333333,0,0,0,0,0,0,0,0,0,FCC,CAST,"Machaka, Ronald (2021), “Dataset for High-Entropy Alloys Phases”, Mendeley Data, V2, doi: 10.17632/7fhwrgfh2s.2"
0,33.3333333,33.3333333,0,0,33.3333333,0,0,0,0,0,0,0,0,0,FCC,CAST,"Machaka, Ronald (2021), “Dataset for High-Entropy Alloys Phases”, Mendeley Data, V2, doi: 10.17632/7fhwrgfh2s.2"
0,33.3333333,33.3333333,0,0,33.3333333,0,0,0,0,0,0,0,0,0,FCC,CAST,"Machaka, Ronald (2021), “Dataset for High-Entropy Alloys Phases”, Mendeley Data, V2, doi: 10.17632/7fhwrgfh2s.2"
0,33.3333333,33.3333333,0,0,33.3333333,0,0,0,0,0,0,0,0,0,FCC,CAST,"Machaka, Ronald (2021), “Dataset for High-Entropy Alloys Phases”, Mendeley Data, V2, doi: 10.17632/7fhwrgfh2s.2"
0,33.3333333,33.3333333,0,0,33.3333333,0,0,0,0,0,0,0,0,0,FCC,CAST,"Machaka, Ronald (2021), “Dataset for High-Entropy Alloys Phases”, Mendeley Data, V2, doi: 10.17632/7fhwrgfh2s.2"
0,33.3333333,33.3333333,0,0,33.3333333,0,0,0,0,0,0,0,0,0,FCC,CAST,"Machaka, Ronald (2021), “Dataset for High-Entropy Alloys Phases”, Mendeley Data, V2, doi: 10.17632/7fhwrgfh2s.2"
0,33.3333333,33.3333333,0,0,33.3333333,0,0,0,0,0,0,0,0,0,FCC,CAST,"Machaka, Ronald (2021), “Dataset for High-Entropy Alloys Phases”, Mendeley Data, V2, doi: 10.17632/7fhwrgfh2s.2"
0,0,0,0,0,0,20,20,0,20,20,20,0,0,0,BCC,CAST,"Machaka, Ronald (2021), “Dataset for High-Entropy Alloys Phases”, Mendeley Data, V2, doi: 10.17632/7fhwrgfh2s.2"
0,0,25,0,0,0,0,25,0,25,0,0,0,0,25,BCC,CAST,"Machaka, Ronald (2021), “Dataset for High-Entropy Alloys Phases”, Mendeley Data, V2, doi: 10.17632/7fhwrgfh2s.2"
0,0,0,0,0,0,20,20,0,20,0,0,0,20,20,BCC,CAST,"Machaka, Ronald (2021), “Dataset for High-Entropy Alloys Phases”, Mendeley Data, V2, doi: 10.17632/7fhwrgfh2s.2"
0,0,0,0,0,0,0,20,0,20,20,0,0,20,20,BCC,CAST,"Machaka, Ronald (2021), “Dataset for High-Entropy Alloys Phases”, Mendeley Data, V2, doi: 10.17632/7fhwrgfh2s.2"
0,0,0,0,0,0,0,25,0,12.5,0,12.5,0,25,25,BCC,CAST,"Machaka, Ronald (2021), “Dataset for High-Entropy Alloys Phases”, Mendeley Data, V2, doi: 10.17632/7fhwrgfh2s.2"
0,0,0,0,0,0,0,14.2857143,0,28.5714286,0,14.2857143,0,14.2857143,28.5714286,BCC,CAST,"Machaka, Ronald (2021), “Dataset for High-Entropy Alloys Phases”, Mendeley Data, V2, doi: 10.17632/7fhwrgfh2s.2"
0,0,0,0,0,0,12.5,25,0,12.5,0,0,0,25,25,BCC,CAST,"Machaka, Ronald (2021), “Dataset for High-Entropy Alloys Phases”, Mendeley Data, V2, doi: 10.17632/7fhwrgfh2s.2"
0,0,0,0,0,0,0,25,0,12.5,12.5,0,0,25,25,BCC,CAST,"Machaka, Ronald (2021), “Dataset for High-Entropy Alloys Phases”, Mendeley Data, V2, doi: 10.17632/7fhwrgfh2s.2"
0,0,0,0,0,0,0,33.3333333,0,33.3333333,0,0,0,0,33.3333333,BCC,CAST,"Machaka, Ronald (2021), “Dataset for High-Entropy Alloys Phases”, Mendeley Data, V2, doi: 10.17632/7fhwrgfh2s.2"
0,0,0,0,0,0,0,30,0,30,10,0,0,0,30,BCC,CAST,"Machaka, Ronald (2021), “Dataset for High-Entropy Alloys Phases”, Mendeley Data, V2, doi: 10.17632/7fhwrgfh2s.2"
0,0,10,0,0,0,0,30,0,30,0,0,0,0,30,BCC,CAST,"Machaka, Ronald (2021), “Dataset for High-Entropy Alloys Phases”, Mendeley Data, V2, doi: 10.17632/7fhwrgfh2s.2"
5.6603774,0,0,0,0,0,0,18.8679245,0,18.8679245,18.8679245,0,0,18.8679245,18.8679245,BCC,CAST,"Machaka, Ronald (2021), “Dataset for High-Entropy Alloys Phases”, Mendeley Data, V2, doi: 10.17632/7fhwrgfh2s.2"
9.0909091,0,0,0,0,0,0,18.1818182,0,18.1818182,18.1818182,0,0,18.1818182,18.1818182,BCC,CAST,"Machaka, Ronald (2021), “Dataset for High-Entropy Alloys Phases”, Mendeley Data, V2, doi: 10.17632/7fhwrgfh2s.2"
13.0434783,0,0,0,0,0,0,17.3913043,0,17.3913043,17.3913043,0,0,17.3913043,17.3913043,BCC,CAST,"Machaka, Ronald (2021), “Dataset for High-Entropy Alloys Phases”, Mendeley Data, V2, doi: 10.17632/7fhwrgfh2s.2"
0,0,0,0,0,0,0,25,0,25,25,0,0,0,25,BCC,CAST,"Machaka, Ronald (2021), “Dataset for High-Entropy Alloys Phases”, Mendeley Data, V2, doi: 10.17632/7fhwrgfh2s.2"
0,0,0,0,0,0,0,30.3030303,0,30.3030303,30.3030303,0,0,0,9.0909091,BCC,CAST,"Machaka, Ronald (2021), “Dataset for High-Entropy Alloys Phases”, Mendeley Data, V2, doi: 10.17632/7fhwrgfh2s.2"
0,0,0,0,0,0,0,29.8507463,0,29.8507463,29.8507463,0,0,0,10.4477612,BCC,CAST,"Machaka, Ronald (2021), “Dataset for High-Entropy Alloys Phases”, Mendeley Data, V2, doi: 10.17632/7fhwrgfh2s.2"
0,0,0,0,0,0,0,29.4117647,0,29.4117647,29.4117647,0,0,0,11.7647059,BCC,CAST,"Machaka, Ronald (2021), “Dataset for High-Entropy Alloys Phases”, Mendeley Data, V2, doi: 10.17632/7fhwrgfh2s.2"
0,0,0,0,0,0,0,28.9855072,0,28.9855072,28.9855072,0,0,0,13.0434783,BCC,CAST,"Machaka, Ronald (2021), “Dataset for High-Entropy Alloys Phases”, Mendeley Data, V2, doi: 10.17632/7fhwrgfh2s.2"
0,33.3333333,33.3333333,0,0,33.3333333,0,0,0,0,0,0,0,0,0,FCC,CAST,"Machaka, Ronald (2021), “Dataset for High-Entropy Alloys Phases”, Mendeley Data, V2, doi: 10.17632/7fhwrgfh2s.2"
0,0,0,0,0,0,0,25,0,25,0,25,0,0,25,BCC,CAST,"Machaka, Ronald (2021), “Dataset for High-Entropy Alloys Phases”, Mendeley Data, V2, doi: 10.17632/7fhwrgfh2s.2"
20,0,0,0,0,0,0,20,0,20,0,20,0,0,20,BCC,CAST,"Machaka, Ronald (2021), “Dataset for High-Entropy Alloys Phases”, Mendeley Data, V2, doi: 10.17632/7fhwrgfh2s.2"
0,20,20,0,20,20,0,0,0,0,0,0,20,0,0,FCC,CAST,"Machaka, Ronald (2021), “Dataset for High-Entropy Alloys Phases”, Mendeley Data, V2, doi: 10.17632/7fhwrgfh2s.2"
0,25,25,0,25,25,0,0,0,0,0,0,0,0,0,FCC,CAST,"Machaka, Ronald (2021), “Dataset for High-Entropy Alloys Phases”, Mendeley Data, V2, doi: 10.17632/7fhwrgfh2s.2"
0,20,20,0,20,20,0,0,0,0,0,0,20,0,0,FCC,CAST,"Machaka, Ronald (2021), “Dataset for High-Entropy Alloys Phases”, Mendeley Data, V2, doi: 10.17632/7fhwrgfh2s.2"
0,20,20,0,20,20,0,0,0,0,0,0,20,0,0,FCC,CAST,"Machaka, Ronald (2021), “Dataset for High-Entropy Alloys Phases”, Mendeley Data, V2, doi: 10.17632/7fhwrgfh2s.2"
0,25,25,0,25,25,0,0,0,0,0,0,0,0,0,FCC,CAST,"Machaka, Ronald (2021), “Dataset for High-Entropy Alloys Phases”, Mendeley Data, V2, doi: 10.17632/7fhwrgfh2s.2"
0,25,25,0,25,25,0,0,0,0,0,0,0,0,0,FCC,CAST,"Machaka, Ronald (2021), “Dataset for High-Entropy Alloys Phases”, Mendeley Data, V2, doi: 10.17632/7fhwrgfh2s.2"
0,20,20,0,20,20,0,0,0,0,0,0,20,0,0,FCC,CAST,"Machaka, Ronald (2021), “Dataset for High-Entropy Alloys Phases”, Mendeley Data, V2, doi: 10.17632/7fhwrgfh2s.2"
0,20,20,0,20,20,0,0,0,0,0,0,20,0,0,FCC,CAST,"Machaka, Ronald (2021), “Dataset for High-Entropy Alloys Phases”, Mendeley Data, V2, doi: 10.17632/7fhwrgfh2s.2"
0,0,0,0,0,0,0,20,0,20,20,0,0,20,20,BCC,CAST,"Machaka, Ronald (2021), “Dataset for High-Entropy Alloys Phases”, Mendeley Data, V2, doi: 10.17632/7fhwrgfh2s.2"
0,0,0,0,0,0,0,25,0,25,0,0,0,25,25,BCC,CAST,"Machaka, Ronald (2021), “Dataset for High-Entropy Alloys Phases”, Mendeley Data, V2, doi: 10.17632/7fhwrgfh2s.2"
0,0,0,0,0,0,0,25,0,25,0,0,0,25,25,BCC,CAST,"Machaka, Ronald (2021), “Dataset for High-Entropy Alloys Phases”, Mendeley Data, V2, doi: 10.17632/7fhwrgfh2s.2"
0,0,0,0,0,0,0,35,0,5,5,0,0,27.5,27.5,BCC,CAST,"Machaka, Ronald (2021), “Dataset for High-Entropy Alloys Phases”, Mendeley Data, V2, doi: 10.17632/7fhwrgfh2s.2"
0,0,0,0,0,0,0,27.7777778,0,0,16.6666667,0,0,27.7777778,27.7777778,BCC,CAST,"Machaka, Ronald (2021), “Dataset for High-Entropy Alloys Phases”, Mendeley Data, V2, doi: 10.17632/7fhwrgfh2s.2"
0,0,0,0,0,0,0,28.5714286,0,0,14.2857143,0,0,28.5714286,28.5714286,BCC,CAST,"Machaka, Ronald (2021), “Dataset for High-Entropy Alloys Phases”, Mendeley Data, V2, doi: 10.17632/7fhwrgfh2s.2"
0,0,0,0,0,0,0,29.4117647,0,0,11.7647059,0,0,29.4117647,29.4117647,BCC,CAST,"Machaka, Ronald (2021), “Dataset for High-Entropy Alloys Phases”, Mendeley Data, V2, doi: 10.17632/7fhwrgfh2s.2"
0,0,0,0,0,0,0,40,0,25,10,0,0,0,25,BCC,CAST,"Machaka, Ronald (2021), “Dataset for High-Entropy Alloys Phases”, Mendeley Data, V2, doi: 10.17632/7fhwrgfh2s.2"
0,0,0,0,0,0,0,45,0,25,5,0,0,0,25,BCC,CAST,"Machaka, Ronald (2021), “Dataset for High-Entropy Alloys Phases”, Mendeley Data, V2, doi: 10.17632/7fhwrgfh2s.2"
0,0,0,0,0,0,0,35,0,25,15,0,0,0,25,BCC,CAST,"Machaka, Ronald (2021), “Dataset for High-Entropy Alloys Phases”, Mendeley Data, V2, doi: 10.17632/7fhwrgfh2s.2"
0,0,0,0,0,0,0,30,0,25,20,0,0,0,25,BCC,CAST,"Machaka, Ronald (2021), “Dataset for High-Entropy Alloys Phases”, Mendeley Data, V2, doi: 10.17632/7fhwrgfh2s.2"
0,0,0,0,0,0,0,25,0,25,25,0,0,0,25,BCC,CAST,"Machaka, Ronald (2021), “Dataset for High-Entropy Alloys Phases”, Mendeley Data, V2, doi: 10.17632/7fhwrgfh2s.2"
20,20,20,0,20,20,0,0,0,0,0,0,0,0,0,BCC,CAST,"Machaka, Ronald (2021), “Dataset for High-Entropy Alloys Phases”, Mendeley Data, V2, doi: 10.17632/7fhwrgfh2s.2"
19.2307692,19.2307692,19.2307692,0,19.2307692,19.2307692,0,0,0,0,0,3.8461538,0,0,0,BCC,CAST,"Machaka, Ronald (2021), “Dataset for High-Entropy Alloys Phases”, Mendeley Data, V2, doi: 10.17632/7fhwrgfh2s.2"
18.1818182,18.1818182,18.1818182,0,18.1818182,18.1818182,0,0,0,0,0,9.0909091,0,0,0,BCC,CAST,"Machaka, Ronald (2021), “Dataset for High-Entropy Alloys Phases”, Mendeley Data, V2, doi: 10.17632/7fhwrgfh2s.2"
17.2413793,17.2413793,17.2413793,0,17.2413793,17.2413793,0,0,0,0,0,13.7931034,0,0,0,BCC,CAST,"Machaka, Ronald (2021), “Dataset for High-Entropy Alloys Phases”, Mendeley Data, V2, doi: 10.17632/7fhwrgfh2s.2"
16.6666667,16.6666667,16.6666667,0,16.6666667,16.6666667,0,0,0,0,0,16.6666667,0,0,0,BCC,CAST,"Machaka, Ronald (2021), “Dataset for High-Entropy Alloys Phases”, Mendeley Data, V2, doi: 10.17632/7fhwrgfh2s.2"
20,16.6666667,16.6666667,0,16.6666667,16.6666667,0,13.3333333,0,0,0,0,0,0,0,BCC1+BCC2,CAST,"Machaka, Ronald (2021), “Dataset for High-Entropy Alloys Phases”, Mendeley Data, V2, doi: 10.17632/7fhwrgfh2s.2"
0,0,0,0,0,0,0,25,0,25,0,0,0,25,25,BCC,CAST,"Machaka, Ronald (2021), “Dataset for High-Entropy Alloys Phases”, Mendeley Data, V2, doi: 10.17632/7fhwrgfh2s.2"
11.1111111,0,0,0,0,0,0,22.2222222,0,22.2222222,0,0,0,22.2222222,22.2222222,BCC,CAST,"Machaka, Ronald (2021), “Dataset for High-Entropy Alloys Phases”, Mendeley Data, V2, doi: 10.17632/7fhwrgfh2s.2"
15.7894737,0,0,0,0,0,0,21.0526316,0,21.0526316,0,0,0,21.0526316,21.0526316,BCC,CAST,"Machaka, Ronald (2021), “Dataset for High-Entropy Alloys Phases”, Mendeley Data, V2, doi: 10.17632/7fhwrgfh2s.2"
20,0,0,0,0,0,0,20,0,20,0,0,0,20,20,BCC1+BCC2,CAST,"Machaka, Ronald (2021), “Dataset for High-Entropy Alloys Phases”, Mendeley Data, V2, doi: 10.17632/7fhwrgfh2s.2"
23.8095238,0,0,0,0,0,0,19.047619,0,19.047619,0,0,0,19.047619,19.047619,BCC1+BCC2,CAST,"Machaka, Ronald (2021), “Dataset for High-Entropy Alloys Phases”, Mendeley Data, V2, doi: 10.17632/7fhwrgfh2s.2"
27.2727273,0,0,0,0,0,0,18.1818182,0,18.1818182,0,0,0,18.1818182,18.1818182,BCC1+BCC2,CAST,"Machaka, Ronald (2021), “Dataset for High-Entropy Alloys Phases”, Mendeley Data, V2, doi: 10.17632/7fhwrgfh2s.2"
9.8039216,0,17.6470588,0,19.6078431,49.0196078,0,0,0,0,0,3.9215686,0,0,0,FCC,CAST,"Machaka, Ronald (2021), “Dataset for High-Entropy Alloys Phases”, Mendeley Data, V2, doi: 10.17632/7fhwrgfh2s.2"
0,10,10,0,40,0,0,0,0,0,0,0,40,0,0,FCC,CAST,"Machaka, Ronald (2021), “Dataset for High-Entropy Alloys Phases”, Mendeley Data, V2, doi: 10.17632/7fhwrgfh2s.2"
0,20,20,0,20,20,0,0,0,0,0,0,20,0,0,FCC,CAST,"Machaka, Ronald (2021), “Dataset for High-Entropy Alloys Phases”, Mendeley Data, V2, doi: 10.17632/7fhwrgfh2s.2"
0,20,20,0,20,20,0,0,0,0,0,0,20,0,0,FCC,CAST,"Machaka, Ronald (2021), “Dataset for High-Entropy Alloys Phases”, Mendeley Data, V2, doi: 10.17632/7fhwrgfh2s.2"
0,20,20,0,20,20,0,0,0,0,0,0,20,0,0,FCC,CAST,"Machaka, Ronald (2021), “Dataset for High-Entropy Alloys Phases”, Mendeley Data, V2, doi: 10.17632/7fhwrgfh2s.2"
0.0526039,0,0,0,0,0,0,42.0831142,0,25.2498685,0,5.2603893,0,0,27.3540242,BCC,CAST,"Machaka, Ronald (2021), “Dataset for High-Entropy Alloys Phases”, Mendeley Data, V2, doi: 10.17632/7fhwrgfh2s.2"
0,9,9,0,37,0,0,0,0,0,0,0,45,0,0,FCC,CAST,"Machaka, Ronald (2021), “Dataset for High-Entropy Alloys Phases”, Mendeley Data, V2, doi: 10.17632/7fhwrgfh2s.2"
0,21.2765957,0,0,21.2765957,42.5531915,4.2553191,0,0,0,0,10.6382979,0,0,0,FCC,CAST,"Machaka, Ronald (2021), “Dataset for High-Entropy Alloys Phases”, Mendeley Data, V2, doi: 10.17632/7fhwrgfh2s.2"
0,23.8095238,23.8095238,0,23.8095238,23.8095238,0,4.7619048,0,0,0,0,0,0,0,FCC,CAST,"Machaka, Ronald (2021), “Dataset for High-Entropy Alloys Phases”, Mendeley Data, V2, doi: 10.17632/7fhwrgfh2s.2"
6.5217391,21.7391304,21.7391304,6.5217391,21.7391304,21.7391304,0,0,0,0,0,0,0,0,0,FCC,CAST,"Machaka, Ronald (2021), “Dataset for High-Entropy Alloys Phases”, Mendeley Data, V2, doi: 10.17632/7fhwrgfh2s.2"
6.5217391,21.7391304,21.7391304,6.5217391,21.7391304,21.7391304,0,0,0,0,0,0,0,0,0,FCC,CAST,"Machaka, Ronald (2021), “Dataset for High-Entropy Alloys Phases”, Mendeley Data, V2, doi: 10.17632/7fhwrgfh2s.2"
0,20,20,0,20,20,0,0,0,0,0,0,20,0,0,FCC,CAST,"Machaka, Ronald (2021), “Dataset for High-Entropy Alloys Phases”, Mendeley Data, V2, doi: 10.17632/7fhwrgfh2s.2"
0,20,20,0,20,20,0,0,0,0,0,0,20,0,0,FCC,CAST,"Machaka, Ronald (2021), “Dataset for High-Entropy Alloys Phases”, Mendeley Data, V2, doi: 10.17632/7fhwrgfh2s.2"
0,20,20,0,20,20,0,0,0,0,0,0,20,0,0,FCC,CAST,"Machaka, Ronald (2021), “Dataset for High-Entropy Alloys Phases”, Mendeley Data, V2, doi: 10.17632/7fhwrgfh2s.2"
0,20,20,0,20,20,0,0,0,0,0,0,20,0,0,FCC,CAST,"Machaka, Ronald (2021), “Dataset for High-Entropy Alloys Phases”, Mendeley Data, V2, doi: 10.17632/7fhwrgfh2s.2"
0,0,4.7619048,0,0,0,23.8095238,23.8095238,0,0,0,0,0,23.8095238,23.8095238,BCC,CAST,"Machaka, Ronald (2021), “Dataset for High-Entropy Alloys Phases”, Mendeley Data, V2, doi: 10.17632/7fhwrgfh2s.2"
0,20,26,0,20,14,0,0,0,0,0,0,20,0,0,FCC,CAST,"Machaka, Ronald (2021), “Dataset for High-Entropy Alloys Phases”, Mendeley Data, V2, doi: 10.17632/7fhwrgfh2s.2"
0,0,22.4719101,0,0,0,0,42.4719101,0,22.4719101,0,12.5842697,0,0,0,BCC,CAST,"Machaka, Ronald (2021), “Dataset for High-Entropy Alloys Phases”, Mendeley Data, V2, doi: 10.17632/7fhwrgfh2s.2"
0,0,0,0,0,0,0,20,0,20,20,0,0,20,20,BCC,CAST,"Machaka, Ronald (2021), “Dataset for High-Entropy Alloys Phases”, Mendeley Data, V2, doi: 10.17632/7fhwrgfh2s.2"
0,0,0,0,0,0,0,16.6666667,16.6666667,16.6666667,16.6666667,0,0,16.6666667,16.6666667,BCC1+BCC2,CAST,"Machaka, Ronald (2021), “Dataset for High-Entropy Alloys Phases”, Mendeley Data, V2, doi: 10.17632/7fhwrgfh2s.2"
0,0,0,0,0,0,14.2857143,14.2857143,14.2857143,14.2857143,14.2857143,0,0,14.2857143,14.2857143,BCC1+BCC2,CAST,"Machaka, Ronald (2021), “Dataset for High-Entropy Alloys Phases”, Mendeley Data, V2, doi: 10.17632/7fhwrgfh2s.2"
11.1111111,22.2222222,22.2222222,0,22.2222222,22.2222222,0,0,0,0,0,0,0,0,0,BCC+FCC,CAST,"Machaka, Ronald (2021), “Dataset for High-Entropy Alloys Phases”, Mendeley Data, V2, doi: 10.17632/7fhwrgfh2s.2"
11.1111111,22.2222222,22.2222222,0,22.2222222,22.2222222,0,0,0,0,0,0,0,0,0,BCC+FCC,CAST,"Machaka, Ronald (2021), “Dataset for High-Entropy Alloys Phases”, Mendeley Data, V2, doi: 10.17632/7fhwrgfh2s.2"
11.1111111,22.2222222,22.2222222,0,22.2222222,22.2222222,0,0,0,0,0,0,0,0,0,BCC+FCC,CAST,"Machaka, Ronald (2021), “Dataset for High-Entropy Alloys Phases”, Mendeley Data, V2, doi: 10.17632/7fhwrgfh2s.2"
11.1111111,22.2222222,22.2222222,0,22.2222222,22.2222222,0,0,0,0,0,0,0,0,0,BCC+FCC,CAST,"Machaka, Ronald (2021), “Dataset for High-Entropy Alloys Phases”, Mendeley Data, V2, doi: 10.17632/7fhwrgfh2s.2"
0,0,0,0,0,0,0,44.4444444,0,0,0,22.2222222,0,11.1111111,22.2222222,BCC,CAST,"Machaka, Ronald (2021), “Dataset for High-Entropy Alloys Phases”, Mendeley Data, V2, doi: 10.17632/7fhwrgfh2s.2"
0,0,0,0,0,0,0,42.1052632,0,5.2631579,0,21.0526316,0,10.5263158,21.0526316,BCC,CAST,"Machaka, Ronald (2021), “Dataset for High-Entropy Alloys Phases”, Mendeley Data, V2, doi: 10.17632/7fhwrgfh2s.2"
0,0,0,0,0,0,0,50,0,12.5,0,0,0,12.5,25,BCC,CAST,"Machaka, Ronald (2021), “Dataset for High-Entropy Alloys Phases”, Mendeley Data, V2, doi: 10.17632/7fhwrgfh2s.2"
0,0,0,0,0,0,0,38.0952381,0,14.2857143,0,19.047619,0,9.5238095,19.047619,BCC,CAST,"Machaka, Ronald (2021), “Dataset for High-Entropy Alloys Phases”, Mendeley Data, V2, doi: 10.17632/7fhwrgfh2s.2"
0,0,0,0,0,0,0,36.3636364,0,18.1818182,0,18.1818182,0,9.0909091,18.1818182,BCC,CAST,"Machaka, Ronald (2021), “Dataset for High-Entropy Alloys Phases”, Mendeley Data, V2, doi: 10.17632/7fhwrgfh2s.2"
0,0,0,16.6666667,16.6666667,16.6666667,0,16.6666667,0,0,0,0,0,16.6666667,16.6666667,BCC,CAST,"Machaka, Ronald (2021), “Dataset for High-Entropy Alloys Phases”, Mendeley Data, V2, doi: 10.17632/7fhwrgfh2s.2"
20,20,20,0,20,20,0,0,0,0,0,0,0,0,0,BCC,CAST,"Machaka, Ronald (2021), “Dataset for High-Entropy Alloys Phases”, Mendeley Data, V2, doi: 10.17632/7fhwrgfh2s.2"
16.6666667,16.6666667,16.6666667,16.6666667,16.6666667,16.6666667,0,0,0,0,0,0,0,0,0,BCC,CAST,"Machaka, Ronald (2021), “Dataset for High-Entropy Alloys Phases”, Mendeley Data, V2, doi: 10.17632/7fhwrgfh2s.2"
0,20,20,0,20,20,0,0,0,0,0,0,20,0,0,FCC,CAST,"Machaka, Ronald (2021), “Dataset for High-Entropy Alloys Phases”, Mendeley Data, V2, doi: 10.17632/7fhwrgfh2s.2"
0,0,0,0,0,0,0,25,0,25,0,0,0,25,25,BCC,CAST,"Machaka, Ronald (2021), “Dataset for High-Entropy Alloys Phases”, Mendeley Data, V2, doi: 10.17632/7fhwrgfh2s.2"
0,23.8095238,23.8095238,0,23.8095238,23.8095238,4.7619048,0,0,0,0,0,0,0,0,FCC,CAST,"Machaka, Ronald (2021), “Dataset for High-Entropy Alloys Phases”, Mendeley Data, V2, doi: 10.17632/7fhwrgfh2s.2"
0,23.8095238,23.8095238,0,23.8095238,23.8095238,4.7619048,0,0,0,0,0,0,0,0,FCC,CAST,"Machaka, Ronald (2021), “Dataset for High-Entropy Alloys Phases”, Mendeley Data, V2, doi: 10.17632/7fhwrgfh2s.2"
0,23.8095238,23.8095238,0,23.8095238,23.8095238,4.7619048,0,0,0,0,0,0,0,0,FCC,CAST,"Machaka, Ronald (2021), “Dataset for High-Entropy Alloys Phases”, Mendeley Data, V2, doi: 10.17632/7fhwrgfh2s.2"
0,23.8095238,23.8095238,0,23.8095238,23.8095238,4.7619048,0,0,0,0,0,0,0,0,FCC,CAST,"Machaka, Ronald (2021), “Dataset for High-Entropy Alloys Phases”, Mendeley Data, V2, doi: 10.17632/7fhwrgfh2s.2"
0,0,25,0,25,0,0,0,0,0,0,25,25,0,0,BCC,CAST,"Machaka, Ronald (2021), “Dataset for High-Entropy Alloys Phases”, Mendeley Data, V2, doi: 10.17632/7fhwrgfh2s.2"
0,0,29.7619048,1.7857143,29.7619048,0,0,0,0,0,0,29.7619048,8.9285714,0,0,BCC+FCC,CAST,"Machaka, Ronald (2021), “Dataset for High-Entropy Alloys Phases”, Mendeley Data, V2, doi: 10.17632/7fhwrgfh2s.2"
0,0,27.7777778,2.7777778,27.7777778,0,0,0,0,0,0,27.7777778,13.8888889,0,0,BCC+FCC,CAST,"Machaka, Ronald (2021), “Dataset for High-Entropy Alloys Phases”, Mendeley Data, V2, doi: 10.17632/7fhwrgfh2s.2"
0,0,26.0416667,3.6458333,26.0416667,0,0,0,0,0,0,26.0416667,18.2291667,0,0,BCC+FCC,CAST,"Machaka, Ronald (2021), “Dataset for High-Entropy Alloys Phases”, Mendeley Data, V2, doi: 10.17632/7fhwrgfh2s.2"
0,0,23.8095238,4.7619048,23.8095238,0,0,0,0,0,0,23.8095238,23.8095238,0,0,BCC+FCC,CAST,"Machaka, Ronald (2021), “Dataset for High-Entropy Alloys Phases”, Mendeley Data, V2, doi: 10.17632/7fhwrgfh2s.2"
0,20,20,20,20,20,0,0,0,0,0,0,0,0,0,FCC,CAST,"Machaka, Ronald (2021), “Dataset for High-Entropy Alloys Phases”, Mendeley Data, V2, doi: 10.17632/7fhwrgfh2s.2"
0,19.3548387,19.3548387,19.3548387,19.3548387,19.3548387,0,0,0,3.2258065,0,0,0,0,0,FCC,CAST,"Machaka, Ronald (2021), “Dataset for High-Entropy Alloys Phases”, Mendeley Data, V2, doi: 10.17632/7fhwrgfh2s.2"
0,0,0,0,0,0,20,20,0,20,20,0,0,0,20,BCC1+BCC2,CAST,"Machaka, Ronald (2021), “Dataset for High-Entropy Alloys Phases”, Mendeley Data, V2, doi: 10.17632/7fhwrgfh2s.2"
26.6,0,0,0,0,0,0,25.1,0,23.8,0,24.5,0,0,0,BCC,CAST,"Machaka, Ronald (2021), “Dataset for High-Entropy Alloys Phases”, Mendeley Data, V2, doi: 10.17632/7fhwrgfh2s.2"
0,20,20,0,20,20,0,0,0,0,0,0,20,0,0,FCC,CAST,"Machaka, Ronald (2021), “Dataset for High-Entropy Alloys Phases”, Mendeley Data, V2, doi: 10.17632/7fhwrgfh2s.2"
0,20,20,0,20,20,0,0,0,0,0,0,20,0,0,FCC,CAST,"Machaka, Ronald (2021), “Dataset for High-Entropy Alloys Phases”, Mendeley Data, V2, doi: 10.17632/7fhwrgfh2s.2"
20,0,20,0,20,20,0,0,0,0,0,0,20,0,0,BCC,CAST,"Machaka, Ronald (2021), “Dataset for High-Entropy Alloys Phases”, Mendeley Data, V2, doi: 10.17632/7fhwrgfh2s.2"
20,0,20,0,20,20,0,0,0,0,0,0,20,0,0,BCC+FCC,CAST,"Machaka, Ronald (2021), “Dataset for High-Entropy Alloys Phases”, Mendeley Data, V2, doi: 10.17632/7fhwrgfh2s.2"
20,0,20,0,20,20,0,0,0,0,0,0,20,0,0,BCC+FCC,CAST,"Machaka, Ronald (2021), “Dataset for High-Entropy Alloys Phases”, Mendeley Data, V2, doi: 10.17632/7fhwrgfh2s.2"
11.1111111,22.2222222,22.2222222,0,22.2222222,22.2222222,0,0,0,0,0,0,0,0,0,BCC+FCC,CAST,"Machaka, Ronald (2021), “Dataset for High-Entropy Alloys Phases”, Mendeley Data, V2, doi: 10.17632/7fhwrgfh2s.2"
11.1111111,22.2222222,22.2222222,0,22.2222222,22.2222222,0,0,0,0,0,0,0,0,0,BCC+FCC,CAST,"Machaka, Ronald (2021), “Dataset for High-Entropy Alloys Phases”, Mendeley Data, V2, doi: 10.17632/7fhwrgfh2s.2"
11.1111111,22.2222222,22.2222222,0,22.2222222,22.2222222,0,0,0,0,0,0,0,0,0,BCC+FCC,CAST,"Machaka, Ronald (2021), “Dataset for High-Entropy Alloys Phases”, Mendeley Data, V2, doi: 10.17632/7fhwrgfh2s.2"
11.1111111,22.2222222,22.2222222,0,22.2222222,22.2222222,0,0,0,0,0,0,0,0,0,BCC+FCC,CAST,"Machaka, Ronald (2021), “Dataset for High-Entropy Alloys Phases”, Mendeley Data, V2, doi: 10.17632/7fhwrgfh2s.2"
11.1111111,22.2222222,22.2222222,0,22.2222222,22.2222222,0,0,0,0,0,0,0,0,0,BCC+FCC,CAST,"Machaka, Ronald (2021), “Dataset for High-Entropy Alloys Phases”, Mendeley Data, V2, doi: 10.17632/7fhwrgfh2s.2"
8,17,17,8,17,33,0,0,0,0,0,0,0,0,0,FCC,CAST,"Machaka, Ronald (2021), “Dataset for High-Entropy Alloys Phases”, Mendeley Data, V2, doi: 10.17632/7fhwrgfh2s.2"
8,17,17,8,17,33,0,0,0,0,0,0,0,0,0,FCC,CAST,"Machaka, Ronald (2021), “Dataset for High-Entropy Alloys Phases”, Mendeley Data, V2, doi: 10.17632/7fhwrgfh2s.2"
9.0909091,18.1818182,18.1818182,0,18.1818182,18.1818182,0,0,0,0,0,0,18.1818182,0,0,BCC+FCC,CAST,"Machaka, Ronald (2021), “Dataset for High-Entropy Alloys Phases”, Mendeley Data, V2, doi: 10.17632/7fhwrgfh2s.2"
9.0909091,18.1818182,18.1818182,0,18.1818182,18.1818182,0,0,0,0,0,0,18.1818182,0,0,FCC,CAST,"Machaka, Ronald (2021), “Dataset for High-Entropy Alloys Phases”, Mendeley Data, V2, doi: 10.17632/7fhwrgfh2s.2"
0,25,25,0,25,25,0,0,0,0,0,0,0,0,0,FCC,CAST,"Machaka, Ronald (2021), “Dataset for High-Entropy Alloys Phases”, Mendeley Data, V2, doi: 10.17632/7fhwrgfh2s.2"
0,23.5294118,23.5294118,0,23.5294118,23.5294118,0,0,0,0,0,5.8823529,0,0,0,FCC,CAST,"Machaka, Ronald (2021), “Dataset for High-Entropy Alloys Phases”, Mendeley Data, V2, doi: 10.17632/7fhwrgfh2s.2"
2.4390244,24.3902439,24.3902439,0,24.3902439,24.3902439,0,0,0,0,0,0,0,0,0,FCC,CAST,"Machaka, Ronald (2021), “Dataset for High-Entropy Alloys Phases”, Mendeley Data, V2, doi: 10.17632/7fhwrgfh2s.2"
2.4390244,24.3902439,24.3902439,0,24.3902439,24.3902439,0,0,0,0,0,0,0,0,0,FCC,CAST,"Machaka, Ronald (2021), “Dataset for High-Entropy Alloys Phases”, Mendeley Data, V2, doi: 10.17632/7fhwrgfh2s.2"
2.4390244,24.3902439,24.3902439,0,24.3902439,24.3902439,0,0,0,0,0,0,0,0,0,FCC,CAST,"Machaka, Ronald (2021), “Dataset for High-Entropy Alloys Phases”, Mendeley Data, V2, doi: 10.17632/7fhwrgfh2s.2"
2.4390244,24.3902439,24.3902439,0,24.3902439,24.3902439,0,0,0,0,0,0,0,0,0,FCC,CAST,"Machaka, Ronald (2021), “Dataset for High-Entropy Alloys Phases”, Mendeley Data, V2, doi: 10.17632/7fhwrgfh2s.2"
0,20,20,0,20,20,0,0,0,0,0,0,20,0,0,FCC,CAST,"Machaka, Ronald (2021), “Dataset for High-Entropy Alloys Phases”, Mendeley Data, V2, doi: 10.17632/7fhwrgfh2s.2"
0,20,20,0,20,20,0,0,0,0,0,0,20,0,0,FCC,CAST,"Machaka, Ronald (2021), “Dataset for High-Entropy Alloys Phases”, Mendeley Data, V2, doi: 10.17632/7fhwrgfh2s.2"
0,20,20,0,20,20,0,0,0,0,0,0,20,0,0,FCC,CAST,"Machaka, Ronald (2021), “Dataset for High-Entropy Alloys Phases”, Mendeley Data, V2, doi: 10.17632/7fhwrgfh2s.2"
0,20,20,0,20,20,0,0,0,0,0,0,20,0,0,FCC,CAST,"Machaka, Ronald (2021), “Dataset for High-Entropy Alloys Phases”, Mendeley Data, V2, doi: 10.17632/7fhwrgfh2s.2"
0,20,20,0,20,20,0,0,0,0,0,0,20,0,0,FCC,CAST,"Machaka, Ronald (2021), “Dataset for High-Entropy Alloys Phases”, Mendeley Data, V2, doi: 10.17632/7fhwrgfh2s.2"
16.3934426,16.3934426,16.3934426,0,16.3934426,34.4262295,0,0,0,0,0,0,0,0,0,BCC+FCC,CAST,"Machaka, Ronald (2021), “Dataset for High-Entropy Alloys Phases”, Mendeley Data, V2, doi: 10.17632/7fhwrgfh2s.2"
16.3934426,16.3934426,16.3934426,0,16.3934426,34.4262295,0,0,0,0,0,0,0,0,0,BCC+FCC,CAST,"Machaka, Ronald (2021), “Dataset for High-Entropy Alloys Phases”, Mendeley Data, V2, doi: 10.17632/7fhwrgfh2s.2"
16.3934426,16.3934426,16.3934426,0,16.3934426,34.4262295,0,0,0,0,0,0,0,0,0,BCC+FCC,CAST,"Machaka, Ronald (2021), “Dataset for High-Entropy Alloys Phases”, Mendeley Data, V2, doi: 10.17632/7fhwrgfh2s.2"
16.3934426,16.3934426,16.3934426,0,16.3934426,34.4262295,0,0,0,0,0,0,0,0,0,BCC+FCC,CAST,"Machaka, Ronald (2021), “Dataset for High-Entropy Alloys Phases”, Mendeley Data, V2, doi: 10.17632/7fhwrgfh2s.2"
16.3934426,16.3934426,16.3934426,0,16.3934426,34.4262295,0,0,0,0,0,0,0,0,0,BCC+FCC,CAST,"Machaka, Ronald (2021), “Dataset for High-Entropy Alloys Phases”, Mendeley Data, V2, doi: 10.17632/7fhwrgfh2s.2"
16.3934426,16.3934426,16.3934426,0,16.3934426,34.4262295,0,0,0,0,0,0,0,0,0,BCC+FCC,CAST,"Machaka, Ronald (2021), “Dataset for High-Entropy Alloys Phases”, Mendeley Data, V2, doi: 10.17632/7fhwrgfh2s.2"
16.3934426,16.3934426,16.3934426,0,16.3934426,34.4262295,0,0,0,0,0,0,0,0,0,BCC+FCC,CAST,"Machaka, Ronald (2021), “Dataset for High-Entropy Alloys Phases”, Mendeley Data, V2, doi: 10.17632/7fhwrgfh2s.2"
16.3934426,16.3934426,16.3934426,0,16.3934426,34.4262295,0,0,0,0,0,0,0,0,0,BCC+FCC,CAST,"Machaka, Ronald (2021), “Dataset for High-Entropy Alloys Phases”, Mendeley Data, V2, doi: 10.17632/7fhwrgfh2s.2"
16.3934426,16.3934426,16.3934426,0,16.3934426,34.4262295,0,0,0,0,0,0,0,0,0,BCC+FCC,CAST,"Machaka, Ronald (2021), “Dataset for High-Entropy Alloys Phases”, Mendeley Data, V2, doi: 10.17632/7fhwrgfh2s.2"
16.3934426,16.3934426,16.3934426,0,16.3934426,34.4262295,0,0,0,0,0,0,0,0,0,BCC+FCC,CAST,"Machaka, Ronald (2021), “Dataset for High-Entropy Alloys Phases”, Mendeley Data, V2, doi: 10.17632/7fhwrgfh2s.2"
16.3934426,16.3934426,16.3934426,0,16.3934426,34.4262295,0,0,0,0,0,0,0,0,0,BCC+FCC,CAST,"Machaka, Ronald (2021), “Dataset for High-Entropy Alloys Phases”, Mendeley Data, V2, doi: 10.17632/7fhwrgfh2s.2"
16.3934426,16.3934426,16.3934426,0,16.3934426,34.4262295,0,0,0,0,0,0,0,0,0,BCC+FCC,CAST,"Machaka, Ronald (2021), “Dataset for High-Entropy Alloys Phases”, Mendeley Data, V2, doi: 10.17632/7fhwrgfh2s.2"
16.3934426,16.3934426,16.3934426,0,16.3934426,34.4262295,0,0,0,0,0,0,0,0,0,BCC+FCC,CAST,"Machaka, Ronald (2021), “Dataset for High-Entropy Alloys Phases”, Mendeley Data, V2, doi: 10.17632/7fhwrgfh2s.2"
0,10,10,0,45,25,0,0,0,0,0,10,0,0,0,FCC,CAST,"Machaka, Ronald (2021), “Dataset for High-Entropy Alloys Phases”, Mendeley Data, V2, doi: 10.17632/7fhwrgfh2s.2"
0,20,10,0,45,15,0,0,0,0,0,10,0,0,0,FCC,CAST,"Machaka, Ronald (2021), “Dataset for High-Entropy Alloys Phases”, Mendeley Data, V2, doi: 10.17632/7fhwrgfh2s.2"
20,20,20,0,20,20,0,0,0,0,0,0,0,0,0,BCC,CAST,"Machaka, Ronald (2021), “Dataset for High-Entropy Alloys Phases”, Mendeley Data, V2, doi: 10.17632/7fhwrgfh2s.2"
18.1818182,18.1818182,18.1818182,0,18.1818182,18.1818182,0,9.0909091,0,0,0,0,0,0,0,BCC,CAST,"Machaka, Ronald (2021), “Dataset for High-Entropy Alloys Phases”, Mendeley Data, V2, doi: 10.17632/7fhwrgfh2s.2"
9.0909091,18.1818182,18.1818182,0,18.1818182,18.1818182,0,0,0,0,0,0,18.1818182,0,0,BCC+FCC,CAST,"Machaka, Ronald (2021), “Dataset for High-Entropy Alloys Phases”, Mendeley Data, V2, doi: 10.17632/7fhwrgfh2s.2"
0,34,20,0,6,34,6,0,0,0,0,0,0,0,0,FCC,CAST,"Machaka, Ronald (2021), “Dataset for High-Entropy Alloys Phases”, Mendeley Data, V2, doi: 10.17632/7fhwrgfh2s.2"
0,34,20,0,6,34,6,0,0,0,0,0,0,0,0,FCC,CAST,"Machaka, Ronald (2021), “Dataset for High-Entropy Alloys Phases”, Mendeley Data, V2, doi: 10.17632/7fhwrgfh2s.2"
0,34,20,0,6,34,6,0,0,0,0,0,0,0,0,FCC,CAST,"Machaka, Ronald (2021), “Dataset for High-Entropy Alloys Phases”, Mendeley Data, V2, doi: 10.17632/7fhwrgfh2s.2"
0,34,20,0,6,34,6,0,0,0,0,0,0,0,0,FCC,CAST,"Machaka, Ronald (2021), “Dataset for High-Entropy Alloys Phases”, Mendeley Data, V2, doi: 10.17632/7fhwrgfh2s.2"
0,34,20,0,6,34,6,0,0,0,0,0,0,0,0,FCC,CAST,"Machaka, Ronald (2021), “Dataset for High-Entropy Alloys Phases”, Mendeley Data, V2, doi: 10.17632/7fhwrgfh2s.2"
0,34,20,0,6,34,6,0,0,0,0,0,0,0,0,FCC,CAST,"Machaka, Ronald (2021), “Dataset for High-Entropy Alloys Phases”, Mendeley Data, V2, doi: 10.17632/7fhwrgfh2s.2"
0,20,20,0,20,20,0,0,0,0,0,0,20,0,0,FCC,CAST,"Machaka, Ronald (2021), “Dataset for High-Entropy Alloys Phases”, Mendeley Data, V2, doi: 10.17632/7fhwrgfh2s.2"
0,33.3333333,33.3333333,0,0,33.3333333,0,0,0,0,0,0,0,0,0,FCC,CAST,"Machaka, Ronald (2021), “Dataset for High-Entropy Alloys Phases”, Mendeley Data, V2, doi: 10.17632/7fhwrgfh2s.2"
0,33.3333333,33.3333333,0,0,33.3333333,0,0,0,0,0,0,0,0,0,FCC,CAST,"Machaka, Ronald (2021), “Dataset for High-Entropy Alloys Phases”, Mendeley Data, V2, doi: 10.17632/7fhwrgfh2s.2"
0,10,15,0,35,25,0,0,0,0,0,10,5,0,0,FCC,CAST,"Machaka, Ronald (2021), “Dataset for High-Entropy Alloys Phases”, Mendeley Data, V2, doi: 10.17632/7fhwrgfh2s.2"
0,17.5,12.5,0,55,10,5,0,0,0,0,0,0,0,0,FCC,CAST,"Machaka, Ronald (2021), “Dataset for High-Entropy Alloys Phases”, Mendeley Data, V2, doi: 10.17632/7fhwrgfh2s.2"
0,17.5,12.5,0,55,10,5,0,0,0,0,0,0,0,0,FCC,CAST,"Machaka, Ronald (2021), “Dataset for High-Entropy Alloys Phases”, Mendeley Data, V2, doi: 10.17632/7fhwrgfh2s.2"
0,17.5,12.5,0,55,10,5,0,0,0,0,0,0,0,0,FCC,CAST,"Machaka, Ronald (2021), “Dataset for High-Entropy Alloys Phases”, Mendeley Data, V2, doi: 10.17632/7fhwrgfh2s.2"
0,18.0904523,12.0603015,0,55.2763819,7.0351759,7.5376884,0,0,0,0,0,0,0,0,FCC,CAST,"Machaka, Ronald (2021), “Dataset for High-Entropy Alloys Phases”, Mendeley Data, V2, doi: 10.17632/7fhwrgfh2s.2"
0,18.0904523,12.0603015,0,55.2763819,7.0351759,7.5376884,0,0,0,0,0,0,0,0,FCC,CAST,"Machaka, Ronald (2021), “Dataset for High-Entropy Alloys Phases”, Mendeley Data, V2, doi: 10.17632/7fhwrgfh2s.2"
16.6666667,16.6666667,16.6666667,16.6666667,16.6666667,16.6666667,0,0,0,0,0,0,0,0,0,BCC+FCC,CAST,"Machaka, Ronald (2021), “Dataset for High-Entropy Alloys Phases”, Mendeley Data, V2, doi: 10.17632/7fhwrgfh2s.2"
16.6666667,16.6666667,16.6666667,16.6666667,16.6666667,16.6666667,0,0,0,0,0,0,0,0,0,BCC+FCC,CAST,"Machaka, Ronald (2021), “Dataset for High-Entropy Alloys Phases”, Mendeley Data, V2, doi: 10.17632/7fhwrgfh2s.2"
16.6666667,16.6666667,16.6666667,16.6666667,16.6666667,16.6666667,0,0,0,0,0,0,0,0,0,BCC+FCC,CAST,"Machaka, Ronald (2021), “Dataset for High-Entropy Alloys Phases”, Mendeley Data, V2, doi: 10.17632/7fhwrgfh2s.2"
16.6666667,16.6666667,16.6666667,16.6666667,16.6666667,16.6666667,0,0,0,0,0,0,0,0,0,BCC+FCC,CAST,"Machaka, Ronald (2021), “Dataset for High-Entropy Alloys Phases”, Mendeley Data, V2, doi: 10.17632/7fhwrgfh2s.2"
16.6666667,16.6666667,16.6666667,16.6666667,16.6666667,16.6666667,0,0,0,0,0,0,0,0,0,BCC+FCC,CAST,"Machaka, Ronald (2021), “Dataset for High-Entropy Alloys Phases”, Mendeley Data, V2, doi: 10.17632/7fhwrgfh2s.2"
16.6666667,16.6666667,16.6666667,16.6666667,16.6666667,16.6666667,0,0,0,0,0,0,0,0,0,BCC+FCC,CAST,"Machaka, Ronald (2021), “Dataset for High-Entropy Alloys Phases”, Mendeley Data, V2, doi: 10.17632/7fhwrgfh2s.2"
16.6666667,16.6666667,16.6666667,16.6666667,16.6666667,16.6666667,0,0,0,0,0,0,0,0,0,BCC+FCC,CAST,"Machaka, Ronald (2021), “Dataset for High-Entropy Alloys Phases”, Mendeley Data, V2, doi: 10.17632/7fhwrgfh2s.2"
16.6666667,16.6666667,16.6666667,16.6666667,16.6666667,16.6666667,0,0,0,0,0,0,0,0,0,BCC+FCC,CAST,"Machaka, Ronald (2021), “Dataset for High-Entropy Alloys Phases”, Mendeley Data, V2, doi: 10.17632/7fhwrgfh2s.2"
16.6666667,16.6666667,16.6666667,16.6666667,16.6666667,16.6666667,0,0,0,0,0,0,0,0,0,BCC+FCC,CAST,"Machaka, Ronald (2021), “Dataset for High-Entropy Alloys Phases”, Mendeley Data, V2, doi: 10.17632/7fhwrgfh2s.2"
16.6666667,16.6666667,16.6666667,16.6666667,16.6666667,16.6666667,0,0,0,0,0,0,0,0,0,BCC+FCC,CAST,"Machaka, Ronald (2021), “Dataset for High-Entropy Alloys Phases”, Mendeley Data, V2, doi: 10.17632/7fhwrgfh2s.2"
16.6666667,16.6666667,16.6666667,16.6666667,16.6666667,16.6666667,0,0,0,0,0,0,0,0,0,BCC+FCC,CAST,"Machaka, Ronald (2021), “Dataset for High-Entropy Alloys Phases”, Mendeley Data, V2, doi: 10.17632/7fhwrgfh2s.2"
16.6666667,16.6666667,16.6666667,16.6666667,16.6666667,16.6666667,0,0,0,0,0,0,0,0,0,BCC+FCC,CAST,"Machaka, Ronald (2021), “Dataset for High-Entropy Alloys Phases”, Mendeley Data, V2, doi: 10.17632/7fhwrgfh2s.2"
16.6666667,16.6666667,16.6666667,16.6666667,16.6666667,16.6666667,0,0,0,0,0,0,0,0,0,BCC+FCC,CAST,"Machaka, Ronald (2021), “Dataset for High-Entropy Alloys Phases”, Mendeley Data, V2, doi: 10.17632/7fhwrgfh2s.2"
25,0,0,0,0,0,12.5,25,0,0,12.5,0,0,0,25,BCC1+BCC2,CAST,"Machaka, Ronald (2021), “Dataset for High-Entropy Alloys Phases”, Mendeley Data, V2, doi: 10.17632/7fhwrgfh2s.2"
25,0,0,0,0,0,12.5,25,0,0,12.5,0,0,0,25,BCC1+BCC2,CAST,"Machaka, Ronald (2021), “Dataset for High-Entropy Alloys Phases”, Mendeley Data, V2, doi: 10.17632/7fhwrgfh2s.2"
25,0,0,0,0,0,12.5,25,0,0,12.5,0,0,0,25,BCC1+BCC2,CAST,"Machaka, Ronald (2021), “Dataset for High-Entropy Alloys Phases”, Mendeley Data, V2, doi: 10.17632/7fhwrgfh2s.2"
8,0,0,0,0,0,0,20,0,20,20,0,0,12,20,BCC,CAST,"Machaka, Ronald (2021), “Dataset for High-Entropy Alloys Phases”, Mendeley Data, V2, doi: 10.17632/7fhwrgfh2s.2"
8,0,0,0,0,0,0,20,0,20,20,0,0,12,20,BCC,CAST,"Machaka, Ronald (2021), “Dataset for High-Entropy Alloys Phases”, Mendeley Data, V2, doi: 10.17632/7fhwrgfh2s.2"
8,0,0,0,0,0,0,20,0,20,20,0,0,12,20,BCC,CAST,"Machaka, Ronald (2021), “Dataset for High-Entropy Alloys Phases”, Mendeley Data, V2, doi: 10.17632/7fhwrgfh2s.2"
8,0,0,0,0,0,0,20,0,20,20,0,0,12,20,BCC,CAST,"Machaka, Ronald (2021), “Dataset for High-Entropy Alloys Phases”, Mendeley Data, V2, doi: 10.17632/7fhwrgfh2s.2"
0,0,0,0,0,0,0,20,0,20,20,0,0,20,20,BCC,CAST,"Machaka, Ronald (2021), “Dataset for High-Entropy Alloys Phases”, Mendeley Data, V2, doi: 10.17632/7fhwrgfh2s.2"
20,0,0,0,0,0,0,30,0,30,10,0,0,0,10,BCC,CAST,"Machaka, Ronald (2021), “Dataset for High-Entropy Alloys Phases”, Mendeley Data, V2, doi: 10.17632/7fhwrgfh2s.2"
20,0,0,0,0,0,0,30,0,30,10,0,0,0,10,BCC,CAST,"Machaka, Ronald (2021), “Dataset for High-Entropy Alloys Phases”, Mendeley Data, V2, doi: 10.17632/7fhwrgfh2s.2"
20,0,0,0,0,0,0,30,0,30,10,0,0,0,10,BCC,CAST,"Machaka, Ronald (2021), “Dataset for High-Entropy Alloys Phases”, Mendeley Data, V2, doi: 10.17632/7fhwrgfh2s.2"
8,0,0,0,0,0,0,20,0,20,20,0,0,12,20,BCC,CAST,"Machaka, Ronald (2021), “Dataset for High-Entropy Alloys Phases”, Mendeley Data, V2, doi: 10.17632/7fhwrgfh2s.2"
8,0,0,0,0,0,0,20,0,20,20,0,0,12,20,BCC,CAST,"Machaka, Ronald (2021), “Dataset for High-Entropy Alloys Phases”, Mendeley Data, V2, doi: 10.17632/7fhwrgfh2s.2"
8,0,0,0,0,0,0,20,0,20,20,0,0,12,20,BCC,CAST,"Machaka, Ronald (2021), “Dataset for High-Entropy Alloys Phases”, Mendeley Data, V2, doi: 10.17632/7fhwrgfh2s.2"
6,0,0,0,0,0,0,28,0,20,20,0,0,0,26,BCC1+BCC2,CAST,"Machaka, Ronald (2021), “Dataset for High-Entropy Alloys Phases”, Mendeley Data, V2, doi: 10.17632/7fhwrgfh2s.2"
6,0,0,0,0,0,0,28,0,20,20,0,0,0,26,BCC1+BCC2,CAST,"Machaka, Ronald (2021), “Dataset for High-Entropy Alloys Phases”, Mendeley Data, V2, doi: 10.17632/7fhwrgfh2s.2"
6,0,0,0,0,0,0,28,0,20,20,0,0,0,26,BCC1+BCC2,CAST,"Machaka, Ronald (2021), “Dataset for High-Entropy Alloys Phases”, Mendeley Data, V2, doi: 10.17632/7fhwrgfh2s.2"
6,0,0,0,0,0,0,28,0,20,16,4,0,0,26,BCC,CAST,"Machaka, Ronald (2021), “Dataset for High-Entropy Alloys Phases”, Mendeley Data, V2, doi: 10.17632/7fhwrgfh2s.2"
6,0,0,0,0,0,0,28,0,20,16,4,0,0,26,BCC,CAST,"Machaka, Ronald (2021), “Dataset for High-Entropy Alloys Phases”, Mendeley Data, V2, doi: 10.17632/7fhwrgfh2s.2"
6,0,0,0,0,0,0,28,0,20,16,4,0,0,26,BCC,CAST,"Machaka, Ronald (2021), “Dataset for High-Entropy Alloys Phases”, Mendeley Data, V2, doi: 10.17632/7fhwrgfh2s.2"
10,0,0,0,0,0,0,30,0,20,16,4,0,0,20,BCC1+BCC2,CAST,"Machaka, Ronald (2021), “Dataset for High-Entropy Alloys Phases”, Mendeley Data, V2, doi: 10.17632/7fhwrgfh2s.2"
10,0,0,0,0,0,0,30,0,20,16,4,0,0,20,BCC1+BCC2,CAST,"Machaka, Ronald (2021), “Dataset for High-Entropy Alloys Phases”, Mendeley Data, V2, doi: 10.17632/7fhwrgfh2s.2"
10,0,0,0,0,0,0,30,0,20,16,4,0,0,20,BCC1+BCC2,CAST,"Machaka, Ronald (2021), “Dataset for High-Entropy Alloys Phases”, Mendeley Data, V2, doi: 10.17632/7fhwrgfh2s.2"
25,0,0,0,0,0,0,25,0,25,0,25,0,0,0,BCC,CAST,"Machaka, Ronald (2021), “Dataset for High-Entropy Alloys Phases”, Mendeley Data, V2, doi: 10.17632/7fhwrgfh2s.2"
25,0,0,0,0,0,0,25,0,25,0,25,0,0,0,BCC,CAST,"Machaka, Ronald (2021), “Dataset for High-Entropy Alloys Phases”, Mendeley Data, V2, doi: 10.17632/7fhwrgfh2s.2"
25,0,0,0,0,0,0,25,0,25,0,25,0,0,0,BCC,CAST,"Machaka, Ronald (2021), “Dataset for High-Entropy Alloys Phases”, Mendeley Data, V2, doi: 10.17632/7fhwrgfh2s.2"
25,0,0,0,0,0,0,25,0,25,0,25,0,0,0,BCC,CAST,"Machaka, Ronald (2021), “Dataset for High-Entropy Alloys Phases”, Mendeley Data, V2, doi: 10.17632/7fhwrgfh2s.2"
0,0,0,0,0,0,0,20,0,20,0,20,0,20,20,BCC,CAST,"Machaka, Ronald (2021), “Dataset for High-Entropy Alloys Phases”, Mendeley Data, V2, doi: 10.17632/7fhwrgfh2s.2"
0,0,0,0,0,0,0,20,0,20,0,20,0,20,20,BCC,CAST,"Machaka, Ronald (2021), “Dataset for High-Entropy Alloys Phases”, Mendeley Data, V2, doi: 10.17632/7fhwrgfh2s.2"
0,0,0,0,0,0,0,20,0,20,0,20,0,20,20,BCC,CAST,"Machaka, Ronald (2021), “Dataset for High-Entropy Alloys Phases”, Mendeley Data, V2, doi: 10.17632/7fhwrgfh2s.2"
0,0,0,0,0,0,0,25,0,25,0,25,0,0,25,BCC,CAST,"Machaka, Ronald (2021), “Dataset for High-Entropy Alloys Phases”, Mendeley Data, V2, doi: 10.17632/7fhwrgfh2s.2"
0,0,0,0,0,0,0,25,0,25,0,25,0,0,25,BCC,CAST,"Machaka, Ronald (2021), “Dataset for High-Entropy Alloys Phases”, Mendeley Data, V2, doi: 10.17632/7fhwrgfh2s.2"
0,0,0,0,0,0,0,25,0,25,0,25,0,0,25,BCC,CAST,"Machaka, Ronald (2021), “Dataset for High-Entropy Alloys Phases”, Mendeley Data, V2, doi: 10.17632/7fhwrgfh2s.2"
0,0,0,0,0,0,0,25,0,25,0,25,0,0,25,BCC,CAST,"Machaka, Ronald (2021), “Dataset for High-Entropy Alloys Phases”, Mendeley Data, V2, doi: 10.17632/7fhwrgfh2s.2"
0,0,0,0,0,0,0,20,0,20,0,40,0,0,20,BCC+IM,CAST,"Machaka, Ronald (2021), “Dataset for High-Entropy Alloys Phases”, Mendeley Data, V2, doi: 10.17632/7fhwrgfh2s.2"
0,0,0,0,0,0,0,16.6666667,0,16.6666667,0,50,0,0,16.6666667,BCC+IM,CAST,"Machaka, Ronald (2021), “Dataset for High-Entropy Alloys Phases”, Mendeley Data, V2, doi: 10.17632/7fhwrgfh2s.2"
0,0,0,0,0,0,0,14.2857143,0,14.2857143,0,57.1428571,0,0,14.2857143,BCC+IM,CAST,"Machaka, Ronald (2021), “Dataset for High-Entropy Alloys Phases”, Mendeley Data, V2, doi: 10.17632/7fhwrgfh2s.2"
0,0,0,0,0,0,0,12.5,0,12.5,0,62.5,0,0,12.5,BCC+IM,CAST,"Machaka, Ronald (2021), “Dataset for High-Entropy Alloys Phases”, Mendeley Data, V2, doi: 10.17632/7fhwrgfh2s.2"
0,0,0,0,0,0,20,20,0,20,0,0,0,20,20,BCC,CAST,"Machaka, Ronald (2021), “Dataset for High-Entropy Alloys Phases”, Mendeley Data, V2, doi: 10.17632/7fhwrgfh2s.2"
0,0,0,0,0,0,20,20,0,20,0,0,0,20,20,BCC,CAST,"Machaka, Ronald (2021), “Dataset for High-Entropy Alloys Phases”, Mendeley Data, V2, doi: 10.17632/7fhwrgfh2s.2"
0,0,0,0,0,0,20,20,0,20,0,0,0,20,20,BCC,CAST,"Machaka, Ronald (2021), “Dataset for High-Entropy Alloys Phases”, Mendeley Data, V2, doi: 10.17632/7fhwrgfh2s.2"
0,0,0,0,0,0,0,20,0,20,20,0,0,20,20,BCC,CAST,"Machaka, Ronald (2021), “Dataset for High-Entropy Alloys Phases”, Mendeley Data, V2, doi: 10.17632/7fhwrgfh2s.2"
0,0,0,0,0,0,0,20,0,20,20,0,0,20,20,BCC,CAST,"Machaka, Ronald (2021), “Dataset for High-Entropy Alloys Phases”, Mendeley Data, V2, doi: 10.17632/7fhwrgfh2s.2"
0,0,0,0,0,0,0,20,0,20,20,0,0,20,20,BCC,CAST,"Machaka, Ronald (2021), “Dataset for High-Entropy Alloys Phases”, Mendeley Data, V2, doi: 10.17632/7fhwrgfh2s.2"
0,0,0,0,0,0,0,20,0,20,20,0,0,20,20,BCC,CAST,"Machaka, Ronald (2021), “Dataset for High-Entropy Alloys Phases”, Mendeley Data, V2, doi: 10.17632/7fhwrgfh2s.2"
0,0,0,0,0,0,0,20,0,20,20,0,0,20,20,BCC,CAST,"Machaka, Ronald (2021), “Dataset for High-Entropy Alloys Phases”, Mendeley Data, V2, doi: 10.17632/7fhwrgfh2s.2"
0,0,0,0,0,0,0,20,0,20,20,0,0,20,20,BCC,CAST,"Machaka, Ronald (2021), “Dataset for High-Entropy Alloys Phases”, Mendeley Data, V2, doi: 10.17632/7fhwrgfh2s.2"
0,0,0,0,0,0,0,20,0,20,20,0,0,20,20,BCC,CAST,"Machaka, Ronald (2021), “Dataset for High-Entropy Alloys Phases”, Mendeley Data, V2, doi: 10.17632/7fhwrgfh2s.2"
0,0,0,0,0,0,0,20,0,20,20,0,0,20,20,BCC1+BCC2,CAST,"Machaka, Ronald (2021), “Dataset for High-Entropy Alloys Phases”, Mendeley Data, V2, doi: 10.17632/7fhwrgfh2s.2"
0,0,0,0,0,0,0,20,0,20,20,0,0,20,20,BCC,CAST,"Machaka, Ronald (2021), “Dataset for High-Entropy Alloys Phases”, Mendeley Data, V2, doi: 10.17632/7fhwrgfh2s.2"
0,0,0,0,0,0,0,20,0,20,20,0,0,20,20,BCC,CAST,"Machaka, Ronald (2021), “Dataset for High-Entropy Alloys Phases”, Mendeley Data, V2, doi: 10.17632/7fhwrgfh2s.2"
0,0,0,0,0,0,20,0,20,20,20,20,0,0,0,BCC,CAST,"Machaka, Ronald (2021), “Dataset for High-Entropy Alloys Phases”, Mendeley Data, V2, doi: 10.17632/7fhwrgfh2s.2"
0,0,0,0,0,0,20,0,20,20,20,20,0,0,0,BCC,CAST,"Machaka, Ronald (2021), “Dataset for High-Entropy Alloys Phases”, Mendeley Data, V2, doi: 10.17632/7fhwrgfh2s.2"
0,0,0,0,0,0,20,0,20,20,20,20,0,0,0,BCC,CAST,"Machaka, Ronald (2021), “Dataset for High-Entropy Alloys Phases”, Mendeley Data, V2, doi: 10.17632/7fhwrgfh2s.2"
0,0,0,0,0,0,20,0,20,20,20,20,0,0,0,BCC,CAST,"Machaka, Ronald (2021), “Dataset for High-Entropy Alloys Phases”, Mendeley Data, V2, doi: 10.17632/7fhwrgfh2s.2"
0,0,0,0,0,0,20,0,20,20,20,20,0,0,0,BCC,CAST,"Machaka, Ronald (2021), “Dataset for High-Entropy Alloys Phases”, Mendeley Data, V2, doi: 10.17632/7fhwrgfh2s.2"
0,0,0,0,0,0,20,0,20,20,20,20,0,0,0,BCC,CAST,"Machaka, Ronald (2021), “Dataset for High-Entropy Alloys Phases”, Mendeley Data, V2, doi: 10.17632/7fhwrgfh2s.2"
0,0,0,0,0,0,25,0,25,25,25,0,0,0,0,BCC,CAST,"Machaka, Ronald (2021), “Dataset for High-Entropy Alloys Phases”, Mendeley Data, V2, doi: 10.17632/7fhwrgfh2s.2"
0,0,0,0,0,0,25,0,25,25,25,0,0,0,0,BCC,CAST,"Machaka, Ronald (2021), “Dataset for High-Entropy Alloys Phases”, Mendeley Data, V2, doi: 10.17632/7fhwrgfh2s.2"
0,0,0,0,0,0,25,0,25,25,25,0,0,0,0,BCC,CAST,"Machaka, Ronald (2021), “Dataset for High-Entropy Alloys Phases”, Mendeley Data, V2, doi: 10.17632/7fhwrgfh2s.2"
0,0,0,0,0,0,25,0,25,25,25,0,0,0,0,BCC,CAST,"Machaka, Ronald (2021), “Dataset for High-Entropy Alloys Phases”, Mendeley Data, V2, doi: 10.17632/7fhwrgfh2s.2"
0,0,0,0,0,0,25,0,25,25,25,0,0,0,0,BCC,CAST,"Machaka, Ronald (2021), “Dataset for High-Entropy Alloys Phases”, Mendeley Data, V2, doi: 10.17632/7fhwrgfh2s.2"
0,0,0,0,0,0,20,0,20,20,20,20,0,0,0,BCC,CAST,"Machaka, Ronald (2021), “Dataset for High-Entropy Alloys Phases”, Mendeley Data, V2, doi: 10.17632/7fhwrgfh2s.2"
0,0,0,0,0,0,20,0,20,20,20,20,0,0,0,BCC,CAST,"Machaka, Ronald (2021), “Dataset for High-Entropy Alloys Phases”, Mendeley Data, V2, doi: 10.17632/7fhwrgfh2s.2"
0,0,0,0,0,0,20,0,20,20,20,20,0,0,0,BCC,CAST,"Machaka, Ronald (2021), “Dataset for High-Entropy Alloys Phases”, Mendeley Data, V2, doi: 10.17632/7fhwrgfh2s.2"
0,0,0,0,0,0,20,0,20,20,20,20,0,0,0,BCC,CAST,"Machaka, Ronald (2021), “Dataset for High-Entropy Alloys Phases”, Mendeley Data, V2, doi: 10.17632/7fhwrgfh2s.2"
0,0,0,0,0,0,20,0,20,20,20,20,0,0,0,BCC,CAST,"Machaka, Ronald (2021), “Dataset for High-Entropy Alloys Phases”, Mendeley Data, V2, doi: 10.17632/7fhwrgfh2s.2"
0,20,20,0,20,20,0,0,0,0,0,0,20,0,0,FCC,CAST,"Machaka, Ronald (2021), “Dataset for High-Entropy Alloys Phases”, Mendeley Data, V2, doi: 10.17632/7fhwrgfh2s.2"
0,33.3333333,33.3333333,0,0,33.3333333,0,0,0,0,0,0,0,0,0,FCC,CAST,"Machaka, Ronald (2021), “Dataset for High-Entropy Alloys Phases”, Mendeley Data, V2, doi: 10.17632/7fhwrgfh2s.2"
0,33.3333333,33.3333333,0,0,33.3333333,0,0,0,0,0,0,0,0,0,FCC,CAST,"Machaka, Ronald (2021), “Dataset for High-Entropy Alloys Phases”, Mendeley Data, V2, doi: 10.17632/7fhwrgfh2s.2"
0,33.3333333,33.3333333,0,0,33.3333333,0,0,0,0,0,0,0,0,0,FCC,CAST,"Machaka, Ronald (2021), “Dataset for High-Entropy Alloys Phases”, Mendeley Data, V2, doi: 10.17632/7fhwrgfh2s.2"
0,33.3333333,33.3333333,0,0,33.3333333,0,0,0,0,0,0,0,0,0,FCC,CAST,"Machaka, Ronald (2021), “Dataset for High-Entropy Alloys Phases”, Mendeley Data, V2, doi: 10.17632/7fhwrgfh2s.2"
0,33.3333333,33.3333333,0,0,33.3333333,0,0,0,0,0,0,0,0,0,FCC,CAST,"Machaka, Ronald (2021), “Dataset for High-Entropy Alloys Phases”, Mendeley Data, V2, doi: 10.17632/7fhwrgfh2s.2"
0,33.3333333,0,0,0,33.3333333,0,0,0,0,0,0,33.3333333,0,0,FCC,CAST,"Machaka, Ronald (2021), “Dataset for High-Entropy Alloys Phases”, Mendeley Data, V2, doi: 10.17632/7fhwrgfh2s.2"
0,33.3333333,0,0,0,33.3333333,0,0,0,0,0,0,33.3333333,0,0,FCC,CAST,"Machaka, Ronald (2021), “Dataset for High-Entropy Alloys Phases”, Mendeley Data, V2, doi: 10.17632/7fhwrgfh2s.2"
0,33.3333333,0,0,0,33.3333333,0,0,0,0,0,0,33.3333333,0,0,FCC,CAST,"Machaka, Ronald (2021), “Dataset for High-Entropy Alloys Phases”, Mendeley Data, V2, doi: 10.17632/7fhwrgfh2s.2"
0,33.3333333,0,0,0,33.3333333,0,0,0,0,0,0,33.3333333,0,0,FCC,CAST,"Machaka, Ronald (2021), “Dataset for High-Entropy Alloys Phases”, Mendeley Data, V2, doi: 10.17632/7fhwrgfh2s.2"
0,33.3333333,0,0,0,33.3333333,0,0,0,0,0,0,33.3333333,0,0,FCC,CAST,"Machaka, Ronald (2021), “Dataset for High-Entropy Alloys Phases”, Mendeley Data, V2, doi: 10.17632/7fhwrgfh2s.2"
0,33.3333333,0,0,33.3333333,33.3333333,0,0,0,0,0,0,0,0,0,FCC,CAST,"Machaka, Ronald (2021), “Dataset for High-Entropy Alloys Phases”, Mendeley Data, V2, doi: 10.17632/7fhwrgfh2s.2"
0,33.3333333,0,0,33.3333333,33.3333333,0,0,0,0,0,0,0,0,0,FCC,CAST,"Machaka, Ronald (2021), “Dataset for High-Entropy Alloys Phases”, Mendeley Data, V2, doi: 10.17632/7fhwrgfh2s.2"
0,33.3333333,0,0,33.3333333,33.3333333,0,0,0,0,0,0,0,0,0,FCC,CAST,"Machaka, Ronald (2021), “Dataset for High-Entropy Alloys Phases”, Mendeley Data, V2, doi: 10.17632/7fhwrgfh2s.2"
0,33.3333333,0,0,33.3333333,33.3333333,0,0,0,0,0,0,0,0,0,FCC,CAST,"Machaka, Ronald (2021), “Dataset for High-Entropy Alloys Phases”, Mendeley Data, V2, doi: 10.17632/7fhwrgfh2s.2"
0,33.3333333,0,0,33.3333333,33.3333333,0,0,0,0,0,0,0,0,0,FCC,CAST,"Machaka, Ronald (2021), “Dataset for High-Entropy Alloys Phases”, Mendeley Data, V2, doi: 10.17632/7fhwrgfh2s.2"
0,0,0,0,33.3333333,33.3333333,0,0,0,0,0,0,33.3333333,0,0,FCC,CAST,"Machaka, Ronald (2021), “Dataset for High-Entropy Alloys Phases”, Mendeley Data, V2, doi: 10.17632/7fhwrgfh2s.2"
0,0,0,0,33.3333333,33.3333333,0,0,0,0,0,0,33.3333333,0,0,FCC,CAST,"Machaka, Ronald (2021), “Dataset for High-Entropy Alloys Phases”, Mendeley Data, V2, doi: 10.17632/7fhwrgfh2s.2"
0,0,0,0,33.3333333,33.3333333,0,0,0,0,0,0,33.3333333,0,0,FCC,CAST,"Machaka, Ronald (2021), “Dataset for High-Entropy Alloys Phases”, Mendeley Data, V2, doi: 10.17632/7fhwrgfh2s.2"
0,0,0,0,33.3333333,33.3333333,0,0,0,0,0,0,33.3333333,0,0,FCC,CAST,"Machaka, Ronald (2021), “Dataset for High-Entropy Alloys Phases”, Mendeley Data, V2, doi: 10.17632/7fhwrgfh2s.2"
0,0,0,0,33.3333333,33.3333333,0,0,0,0,0,0,33.3333333,0,0,FCC,CAST,"Machaka, Ronald (2021), “Dataset for High-Entropy Alloys Phases”, Mendeley Data, V2, doi: 10.17632/7fhwrgfh2s.2"
0,25,25,0,25,25,0,0,0,0,0,0,0,0,0,FCC,CAST,"Machaka, Ronald (2021), “Dataset for High-Entropy Alloys Phases”, Mendeley Data, V2, doi: 10.17632/7fhwrgfh2s.2"
0,25,25,0,25,25,0,0,0,0,0,0,0,0,0,FCC,CAST,"Machaka, Ronald (2021), “Dataset for High-Entropy Alloys Phases”, Mendeley Data, V2, doi: 10.17632/7fhwrgfh2s.2"
0,25,25,0,25,25,0,0,0,0,0,0,0,0,0,FCC,CAST,"Machaka, Ronald (2021), “Dataset for High-Entropy Alloys Phases”, Mendeley Data, V2, doi: 10.17632/7fhwrgfh2s.2"
0,25,25,0,25,25,0,0,0,0,0,0,0,0,0,FCC,CAST,"Machaka, Ronald (2021), “Dataset for High-Entropy Alloys Phases”, Mendeley Data, V2, doi: 10.17632/7fhwrgfh2s.2"
0,25,25,0,25,25,0,0,0,0,0,0,0,0,0,FCC,CAST,"Machaka, Ronald (2021), “Dataset for High-Entropy Alloys Phases”, Mendeley Data, V2, doi: 10.17632/7fhwrgfh2s.2"
0,25,0,0,25,25,0,0,0,0,0,0,25,0,0,FCC,CAST,"Machaka, Ronald (2021), “Dataset for High-Entropy Alloys Phases”, Mendeley Data, V2, doi: 10.17632/7fhwrgfh2s.2"
0,25,0,0,25,25,0,0,0,0,0,0,25,0,0,FCC,CAST,"Machaka, Ronald (2021), “Dataset for High-Entropy Alloys Phases”, Mendeley Data, V2, doi: 10.17632/7fhwrgfh2s.2"
0,25,0,0,25,25,0,0,0,0,0,0,25,0,0,FCC,CAST,"Machaka, Ronald (2021), “Dataset for High-Entropy Alloys Phases”, Mendeley Data, V2, doi: 10.17632/7fhwrgfh2s.2"
0,25,0,0,25,25,0,0,0,0,0,0,25,0,0,FCC,CAST,"Machaka, Ronald (2021), “Dataset for High-Entropy Alloys Phases”, Mendeley Data, V2, doi: 10.17632/7fhwrgfh2s.2"
0,25,0,0,25,25,0,0,0,0,0,0,25,0,0,FCC,CAST,"Machaka, Ronald (2021), “Dataset for High-Entropy Alloys Phases”, Mendeley Data, V2, doi: 10.17632/7fhwrgfh2s.2"
0,25,25,0,0,25,0,0,0,0,0,0,25,0,0,FCC,CAST,"Machaka, Ronald (2021), “Dataset for High-Entropy Alloys Phases”, Mendeley Data, V2, doi: 10.17632/7fhwrgfh2s.2"
0,25,25,0,0,25,0,0,0,0,0,0,25,0,0,FCC,CAST,"Machaka, Ronald (2021), “Dataset for High-Entropy Alloys Phases”, Mendeley Data, V2, doi: 10.17632/7fhwrgfh2s.2"
0,25,25,0,0,25,0,0,0,0,0,0,25,0,0,FCC,CAST,"Machaka, Ronald (2021), “Dataset for High-Entropy Alloys Phases”, Mendeley Data, V2, doi: 10.17632/7fhwrgfh2s.2"
0,25,25,0,0,25,0,0,0,0,0,0,25,0,0,FCC,CAST,"Machaka, Ronald (2021), “Dataset for High-Entropy Alloys Phases”, Mendeley Data, V2, doi: 10.17632/7fhwrgfh2s.2"
0,25,25,0,0,25,0,0,0,0,0,0,25,0,0,FCC,CAST,"Machaka, Ronald (2021), “Dataset for High-Entropy Alloys Phases”, Mendeley Data, V2, doi: 10.17632/7fhwrgfh2s.2"
0,22.7272727,22.7272727,0,0,0,22.7272727,9.0909091,0,22.7272727,0,0,0,0,0,BCC1+BCC2,CAST,"Machaka, Ronald (2021), “Dataset for High-Entropy Alloys Phases”, Mendeley Data, V2, doi: 10.17632/7fhwrgfh2s.2"
0,20,20,0,20,20,0,0,0,0,0,0,20,0,0,FCC,CAST,"Machaka, Ronald (2021), “Dataset for High-Entropy Alloys Phases”, Mendeley Data, V2, doi: 10.17632/7fhwrgfh2s.2"
0,20,20,0,20,20,0,0,0,0,0,0,20,0,0,FCC,CAST,"Machaka, Ronald (2021), “Dataset for High-Entropy Alloys Phases”, Mendeley Data, V2, doi: 10.17632/7fhwrgfh2s.2"
0,20,20,20,20,20,0,0,0,0,0,0,0,0,0,FCC,CAST,"Machaka, Ronald (2021), “Dataset for High-Entropy Alloys Phases”, Mendeley Data, V2, doi: 10.17632/7fhwrgfh2s.2"
0,22.7272727,22.7272727,0,0,0,22.7272727,9.0909091,0,22.7272727,0,0,0,0,0,BCC,CAST,"Machaka, Ronald (2021), “Dataset for High-Entropy Alloys Phases”, Mendeley Data, V2, doi: 10.17632/7fhwrgfh2s.2"
6.25,0,20.8333333,0,31.25,20.8333333,0,0,0,0,0,0,20.8333333,0,0,BCC,CAST,"Machaka, Ronald (2021), “Dataset for High-Entropy Alloys Phases”, Mendeley Data, V2, doi: 10.17632/7fhwrgfh2s.2"
6.6666667,0,22.2222222,0,33.3333333,11.1111111,0,4.4444444,0,0,0,0,22.2222222,0,0,BCC,CAST,"Machaka, Ronald (2021), “Dataset for High-Entropy Alloys Phases”, Mendeley Data, V2, doi: 10.17632/7fhwrgfh2s.2"
25,0,0,25,0,25,0,25,0,0,0,0,0,0,0,FCC,CAST,"Machaka, Ronald (2021), “Dataset for High-Entropy Alloys Phases”, Mendeley Data, V2, doi: 10.17632/7fhwrgfh2s.2"
25,0,0,25,0,25,0,25,0,0,0,0,0,0,0,FCC,CAST,"Machaka, Ronald (2021), “Dataset for High-Entropy Alloys Phases”, Mendeley Data, V2, doi: 10.17632/7fhwrgfh2s.2"
25,0,0,25,0,25,0,25,0,0,0,0,0,0,0,FCC,CAST,"Machaka, Ronald (2021), “Dataset for High-Entropy Alloys Phases”, Mendeley Data, V2, doi: 10.17632/7fhwrgfh2s.2"
25,0,0,25,0,25,0,25,0,0,0,0,0,0,0,FCC,CAST,"Machaka, Ronald (2021), “Dataset for High-Entropy Alloys Phases”, Mendeley Data, V2, doi: 10.17632/7fhwrgfh2s.2"
22.5,0,0,20,15,20,0,22.5,0,0,0,0,0,0,0,FCC,CAST,"Machaka, Ronald (2021), “Dataset for High-Entropy Alloys Phases”, Mendeley Data, V2, doi: 10.17632/7fhwrgfh2s.2"
22.5,0,0,20,15,20,0,22.5,0,0,0,0,0,0,0,FCC,CAST,"Machaka, Ronald (2021), “Dataset for High-Entropy Alloys Phases”, Mendeley Data, V2, doi: 10.17632/7fhwrgfh2s.2"
22.5,0,0,20,15,20,0,22.5,0,0,0,0,0,0,0,FCC,CAST,"Machaka, Ronald (2021), “Dataset for High-Entropy Alloys Phases”, Mendeley Data, V2, doi: 10.17632/7fhwrgfh2s.2"
22.5,0,0,20,15,20,0,22.5,0,0,0,0,0,0,0,FCC,CAST,"Machaka, Ronald (2021), “Dataset for High-Entropy Alloys Phases”, Mendeley Data, V2, doi: 10.17632/7fhwrgfh2s.2"
20,0,0,20,20,20,0,20,0,0,0,0,0,0,0,FCC,CAST,"Machaka, Ronald (2021), “Dataset for High-Entropy Alloys Phases”, Mendeley Data, V2, doi: 10.17632/7fhwrgfh2s.2"
20,0,0,20,20,20,0,20,0,0,0,0,0,0,0,FCC,CAST,"Machaka, Ronald (2021), “Dataset for High-Entropy Alloys Phases”, Mendeley Data, V2, doi: 10.17632/7fhwrgfh2s.2"
20,0,0,20,20,20,0,20,0,0,0,0,0,0,0,FCC,CAST,"Machaka, Ronald (2021), “Dataset for High-Entropy Alloys Phases”, Mendeley Data, V2, doi: 10.17632/7fhwrgfh2s.2"
20,0,0,20,20,20,0,20,0,0,0,0,0,0,0,FCC,CAST,"Machaka, Ronald (2021), “Dataset for High-Entropy Alloys Phases”, Mendeley Data, V2, doi: 10.17632/7fhwrgfh2s.2"
10,20,20,0,20,20,0,10,0,0,0,0,0,0,0,BCC+FCC,CAST,"Machaka, Ronald (2021), “Dataset for High-Entropy Alloys Phases”, Mendeley Data, V2, doi: 10.17632/7fhwrgfh2s.2"
16,20,20,0,20,20,0,4,0,0,0,0,0,0,0,BCC+FCC,CAST,"Machaka, Ronald (2021), “Dataset for High-Entropy Alloys Phases”, Mendeley Data, V2, doi: 10.17632/7fhwrgfh2s.2"
20,20,20,0,20,20,0,0,0,0,0,0,0,0,0,BCC,CAST,"Machaka, Ronald (2021), “Dataset for High-Entropy Alloys Phases”, Mendeley Data, V2, doi: 10.17632/7fhwrgfh2s.2"
0,0,0,0,0,0,0,20,0,20,20,0,0,20,20,BCC,CAST,"Machaka, Ronald (2021), “Dataset for High-Entropy Alloys Phases”, Mendeley Data, V2, doi: 10.17632/7fhwrgfh2s.2"
0,0,0,0,0,0,0,20,0,20,20,0,0,20,20,BCC1+BCC2,CAST,"Machaka, Ronald (2021), “Dataset for High-Entropy Alloys Phases”, Mendeley Data, V2, doi: 10.17632/7fhwrgfh2s.2"
0,0,0,0,0,0,0,20,0,20,20,0,0,20,20,BCC1+BCC2,CAST,"Machaka, Ronald (2021), “Dataset for High-Entropy Alloys Phases”, Mendeley Data, V2, doi: 10.17632/7fhwrgfh2s.2"
0,0,0,0,0,0,0,20,0,20,20,0,0,20,20,BCC1+BCC2,CAST,"Machaka, Ronald (2021), “Dataset for High-Entropy Alloys Phases”, Mendeley Data, V2, doi: 10.17632/7fhwrgfh2s.2"
0,0,0,0,0,0,0,20,0,20,20,0,0,20,20,BCC1+BCC2,CAST,"Machaka, Ronald (2021), “Dataset for High-Entropy Alloys Phases”, Mendeley Data, V2, doi: 10.17632/7fhwrgfh2s.2"
0,0,0,0,0,0,0,20,0,20,20,0,0,20,20,BCC1+BCC2,CAST,"Machaka, Ronald (2021), “Dataset for High-Entropy Alloys Phases”, Mendeley Data, V2, doi: 10.17632/7fhwrgfh2s.2"
0,0,0,0,0,0,0,20,0,20,20,0,0,20,20,BCC1+BCC2,CAST,"Machaka, Ronald (2021), “Dataset for High-Entropy Alloys Phases”, Mendeley Data, V2, doi: 10.17632/7fhwrgfh2s.2"
0,0,0,0,0,0,0,20,0,20,20,0,0,20,20,BCC1+BCC2,CAST,"Machaka, Ronald (2021), “Dataset for High-Entropy Alloys Phases”, Mendeley Data, V2, doi: 10.17632/7fhwrgfh2s.2"
6.9767442,23.255814,23.255814,0,23.255814,23.255814,0,0,0,0,0,0,0,0,0,FCC,CAST,"Machaka, Ronald (2021), “Dataset for High-Entropy Alloys Phases”, Mendeley Data, V2, doi: 10.17632/7fhwrgfh2s.2"
6.9767442,23.255814,23.255814,0,23.255814,23.255814,0,0,0,0,0,0,0,0,0,FCC,CAST,"Machaka, Ronald (2021), “Dataset for High-Entropy Alloys Phases”, Mendeley Data, V2, doi: 10.17632/7fhwrgfh2s.2"
0,33.3333333,33.3333333,0,0,33.3333333,0,0,0,0,0,0,0,0,0,FCC,CAST,"Machaka, Ronald (2021), “Dataset for High-Entropy Alloys Phases”, Mendeley Data, V2, doi: 10.17632/7fhwrgfh2s.2"
0,33.3333333,33.3333333,0,0,33.3333333,0,0,0,0,0,0,0,0,0,FCC,CAST,"Machaka, Ronald (2021), “Dataset for High-Entropy Alloys Phases”, Mendeley Data, V2, doi: 10.17632/7fhwrgfh2s.2"
0,20,20,0,20,20,0,0,0,0,0,0,20,0,0,FCC,CAST,"Machaka, Ronald (2021), “Dataset for High-Entropy Alloys Phases”, Mendeley Data, V2, doi: 10.17632/7fhwrgfh2s.2"
0,20,20,0,20,20,0,0,0,0,0,0,20,0,0,FCC,CAST,"Machaka, Ronald (2021), “Dataset for High-Entropy Alloys Phases”, Mendeley Data, V2, doi: 10.17632/7fhwrgfh2s.2"
0,20,20,0,20,20,0,0,0,0,0,0,20,0,0,FCC,CAST,"Machaka, Ronald (2021), “Dataset for High-Entropy Alloys Phases”, Mendeley Data, V2, doi: 10.17632/7fhwrgfh2s.2"
0,20,20,0,20,20,0,0,0,0,0,0,20,0,0,FCC,CAST,"Machaka, Ronald (2021), “Dataset for High-Entropy Alloys Phases”, Mendeley Data, V2, doi: 10.17632/7fhwrgfh2s.2"
0,20,20,0,20,20,0,0,0,0,0,0,20,0,0,FCC,CAST,"Machaka, Ronald (2021), “Dataset for High-Entropy Alloys Phases”, Mendeley Data, V2, doi: 10.17632/7fhwrgfh2s.2"
0,20,20,0,20,20,0,0,0,0,0,0,20,0,0,FCC,CAST,"Machaka, Ronald (2021), “Dataset for High-Entropy Alloys Phases”, Mendeley Data, V2, doi: 10.17632/7fhwrgfh2s.2"
0,20,20,0,20,20,0,0,0,0,0,0,20,0,0,FCC,CAST,"Machaka, Ronald (2021), “Dataset for High-Entropy Alloys Phases”, Mendeley Data, V2, doi: 10.17632/7fhwrgfh2s.2"
0,25,25,0,25,25,0,0,0,0,0,0,0,0,0,FCC,CAST,"Machaka, Ronald (2021), “Dataset for High-Entropy Alloys Phases”, Mendeley Data, V2, doi: 10.17632/7fhwrgfh2s.2"
0,25,25,0,25,25,0,0,0,0,0,0,0,0,0,FCC,CAST,"Machaka, Ronald (2021), “Dataset for High-Entropy Alloys Phases”, Mendeley Data, V2, doi: 10.17632/7fhwrgfh2s.2"
0,25,25,0,25,25,0,0,0,0,0,0,0,0,0,FCC,CAST,"Machaka, Ronald (2021), “Dataset for High-Entropy Alloys Phases”, Mendeley Data, V2, doi: 10.17632/7fhwrgfh2s.2"
0,25,25,0,25,25,0,0,0,0,0,0,0,0,0,FCC,CAST,"Machaka, Ronald (2021), “Dataset for High-Entropy Alloys Phases”, Mendeley Data, V2, doi: 10.17632/7fhwrgfh2s.2"
0,25,25,0,25,25,0,0,0,0,0,0,0,0,0,FCC,CAST,"Machaka, Ronald (2021), “Dataset for High-Entropy Alloys Phases”, Mendeley Data, V2, doi: 10.17632/7fhwrgfh2s.2"
0,25,25,0,25,25,0,0,0,0,0,0,0,0,0,FCC,CAST,"Machaka, Ronald (2021), “Dataset for High-Entropy Alloys Phases”, Mendeley Data, V2, doi: 10.17632/7fhwrgfh2s.2"
0,25,25,0,25,25,0,0,0,0,0,0,0,0,0,FCC,CAST,"Machaka, Ronald (2021), “Dataset for High-Entropy Alloys Phases”, Mendeley Data, V2, doi: 10.17632/7fhwrgfh2s.2"
0,5,2,0,40,26,0,0,0,0,0,0,27,0,0,FCC,CAST,"Machaka, Ronald (2021), “Dataset for High-Entropy Alloys Phases”, Mendeley Data, V2, doi: 10.17632/7fhwrgfh2s.2"
0,5,2,0,40,26,0,0,0,0,0,0,27,0,0,FCC,CAST,"Machaka, Ronald (2021), “Dataset for High-Entropy Alloys Phases”, Mendeley Data, V2, doi: 10.17632/7fhwrgfh2s.2"
0,5,2,0,40,26,0,0,0,0,0,0,27,0,0,FCC,CAST,"Machaka, Ronald (2021), “Dataset for High-Entropy Alloys Phases”, Mendeley Data, V2, doi: 10.17632/7fhwrgfh2s.2"
0,5,2,0,40,26,0,0,0,0,0,0,27,0,0,FCC,CAST,"Machaka, Ronald (2021), “Dataset for High-Entropy Alloys Phases”, Mendeley Data, V2, doi: 10.17632/7fhwrgfh2s.2"
0,5,2,0,40,26,0,0,0,0,0,0,27,0,0,FCC,CAST,"Machaka, Ronald (2021), “Dataset for High-Entropy Alloys Phases”, Mendeley Data, V2, doi: 10.17632/7fhwrgfh2s.2"
0,10,10,0,40,0,0,0,0,0,0,0,40,0,0,FCC,CAST,"Machaka, Ronald (2021), “Dataset for High-Entropy Alloys Phases”, Mendeley Data, V2, doi: 10.17632/7fhwrgfh2s.2"
0,20,20,0,20,20,0,0,0,0,0,0,20,0,0,FCC,CAST,"Machaka, Ronald (2021), “Dataset for High-Entropy Alloys Phases”, Mendeley Data, V2, doi: 10.17632/7fhwrgfh2s.2"
0,0,0,0,0,0,0,25,0,25,0,0,0,25,25,BCC,CAST,"Machaka, Ronald (2021), “Dataset for High-Entropy Alloys Phases”, Mendeley Data, V2, doi: 10.17632/7fhwrgfh2s.2"
3,0,0,0,0,0,0,24.25,0,24.25,0,0,0,24.25,24.25,BCC,CAST,"Machaka, Ronald (2021), “Dataset for High-Entropy Alloys Phases”, Mendeley Data, V2, doi: 10.17632/7fhwrgfh2s.2"
5,0,0,0,0,0,0,23.75,0,23.75,0,0,0,23.75,23.75,BCC,CAST,"Machaka, Ronald (2021), “Dataset for High-Entropy Alloys Phases”, Mendeley Data, V2, doi: 10.17632/7fhwrgfh2s.2"
7,0,0,0,0,0,0,23.25,0,23.25,0,0,0,23.25,23.25,BCC,CAST,"Machaka, Ronald (2021), “Dataset for High-Entropy Alloys Phases”, Mendeley Data, V2, doi: 10.17632/7fhwrgfh2s.2"
0,0,0,0,0,0,0,25,0,25,0,0,0,25,25,BCC,CAST,"Machaka, Ronald (2021), “Dataset for High-Entropy Alloys Phases”, Mendeley Data, V2, doi: 10.17632/7fhwrgfh2s.2"
3,0,0,0,0,0,0,24.25,0,24.25,0,0,0,24.25,24.25,BCC,CAST,"Machaka, Ronald (2021), “Dataset for High-Entropy Alloys Phases”, Mendeley Data, V2, doi: 10.17632/7fhwrgfh2s.2"
5,0,0,0,0,0,0,23.75,0,23.75,0,0,0,23.75,23.75,BCC,CAST,"Machaka, Ronald (2021), “Dataset for High-Entropy Alloys Phases”, Mendeley Data, V2, doi: 10.17632/7fhwrgfh2s.2"
7,0,0,0,0,0,0,23.25,0,23.25,0,0,0,23.25,23.25,BCC,CAST,"Machaka, Ronald (2021), “Dataset for High-Entropy Alloys Phases”, Mendeley Data, V2, doi: 10.17632/7fhwrgfh2s.2"
3.7037037,18.5185185,18.5185185,3.7037037,18.5185185,37.037037,0,0,0,0,0,0,0,0,0,FCC,CAST,"Machaka, Ronald (2021), “Dataset for High-Entropy Alloys Phases”, Mendeley Data, V2, doi: 10.17632/7fhwrgfh2s.2"
5.6603774,0,18.8679245,18.8679245,18.8679245,37.7358491,0,0,0,0,0,0,0,0,0,FCC,CAST,"Machaka, Ronald (2021), “Dataset for High-Entropy Alloys Phases”, Mendeley Data, V2, doi: 10.17632/7fhwrgfh2s.2"
5.6603774,0,18.8679245,18.8679245,18.8679245,37.7358491,0,0,0,0,0,0,0,0,0,FCC,CAST,"Machaka, Ronald (2021), “Dataset for High-Entropy Alloys Phases”, Mendeley Data, V2, doi: 10.17632/7fhwrgfh2s.2"
16.6666667,0,0,0,0,0,0,16.6666667,0,16.6666667,16.6666667,0,0,16.6666667,16.6666667,BCC,CAST,"Machaka, Ronald (2021), “Dataset for High-Entropy Alloys Phases”, Mendeley Data, V2, doi: 10.17632/7fhwrgfh2s.2"
25,0,0,0,0,0,0,25,0,25,0,25,0,0,0,BCC,CAST,"Machaka, Ronald (2021), “Dataset for High-Entropy Alloys Phases”, Mendeley Data, V2, doi: 10.17632/7fhwrgfh2s.2"
25,0,0,0,0,0,0,25,0,25,0,25,0,0,0,BCC,CAST,"Machaka, Ronald (2021), “Dataset for High-Entropy Alloys Phases”, Mendeley Data, V2, doi: 10.17632/7fhwrgfh2s.2"
0,0,0,0,0,0,0,20,0,20,20,0,0,20,20,BCC,CAST,"Machaka, Ronald (2021), “Dataset for High-Entropy Alloys Phases”, Mendeley Data, V2, doi: 10.17632/7fhwrgfh2s.2"
0,0,0,0,0,0,22.2222222,22.2222222,0,11.1111111,0,0,0,22.2222222,22.2222222,BCC,CAST,"Machaka, Ronald (2021), “Dataset for High-Entropy Alloys Phases”, Mendeley Data, V2, doi: 10.17632/7fhwrgfh2s.2"
0,0,0,0,0,0,18.1818182,18.1818182,0,27.2727273,0,0,0,18.1818182,18.1818182,BCC,CAST,"Machaka, Ronald (2021), “Dataset for High-Entropy Alloys Phases”, Mendeley Data, V2, doi: 10.17632/7fhwrgfh2s.2"
0,0,0,0,0,0,22.2222222,11.1111111,0,22.2222222,0,0,0,22.2222222,22.2222222,BCC,CAST,"Machaka, Ronald (2021), “Dataset for High-Entropy Alloys Phases”, Mendeley Data, V2, doi: 10.17632/7fhwrgfh2s.2"
0,0,0,0,0,0,18.1818182,27.2727273,0,18.1818182,0,0,0,18.1818182,18.1818182,BCC,CAST,"Machaka, Ronald (2021), “Dataset for High-Entropy Alloys Phases”, Mendeley Data, V2, doi: 10.17632/7fhwrgfh2s.2"
0,0,0,0,0,0,22.2222222,22.2222222,0,22.2222222,0,0,0,22.2222222,11.1111111,BCC,CAST,"Machaka, Ronald (2021), “Dataset for High-Entropy Alloys Phases”, Mendeley Data, V2, doi: 10.17632/7fhwrgfh2s.2"
0,0,0,0,0,0,18.1818182,18.1818182,0,18.1818182,0,0,0,18.1818182,27.2727273,BCC,CAST,"Machaka, Ronald (2021), “Dataset for High-Entropy Alloys Phases”, Mendeley Data, V2, doi: 10.17632/7fhwrgfh2s.2"
0,0,0,0,0,0,22.2222222,22.2222222,0,22.2222222,0,0,0,11.1111111,22.2222222,BCC,CAST,"Machaka, Ronald (2021), “Dataset for High-Entropy Alloys Phases”, Mendeley Data, V2, doi: 10.17632/7fhwrgfh2s.2"
0,0,0,0,0,0,18.1818182,18.1818182,0,18.1818182,0,0,0,27.2727273,18.1818182,BCC,CAST,"Machaka, Ronald (2021), “Dataset for High-Entropy Alloys Phases”, Mendeley Data, V2, doi: 10.17632/7fhwrgfh2s.2"
0,0,0,0,0,0,12.5,25,0,25,0,0,0,12.5,25,BCC,CAST,"Machaka, Ronald (2021), “Dataset for High-Entropy Alloys Phases”, Mendeley Data, V2, doi: 10.17632/7fhwrgfh2s.2"
0,0,0,0,0,0,27.2727273,18.1818182,0,18.1818182,0,0,0,18.1818182,18.1818182,BCC,CAST,"Machaka, Ronald (2021), “Dataset for High-Entropy Alloys Phases”, Mendeley Data, V2, doi: 10.17632/7fhwrgfh2s.2"
0,20,20,0,20,20,0,0,0,0,0,0,20,0,0,FCC,CAST,"Machaka, Ronald (2021), “Dataset for High-Entropy Alloys Phases”, Mendeley Data, V2, doi: 10.17632/7fhwrgfh2s.2"
2,19.6,19.6,0,19.6,19.6,0,0,0,0,0,0,19.6,0,0,FCC,CAST,"Machaka, Ronald (2021), “Dataset for High-Entropy Alloys Phases”, Mendeley Data, V2, doi: 10.17632/7fhwrgfh2s.2"
4,19.2,19.2,0,19.2,19.2,0,0,0,0,0,0,19.2,0,0,FCC,CAST,"Machaka, Ronald (2021), “Dataset for High-Entropy Alloys Phases”, Mendeley Data, V2, doi: 10.17632/7fhwrgfh2s.2"
6.9860279,18.5628743,18.762475,0,18.5628743,18.5628743,0,0,0,0,0,0,18.5628743,0,0,BCC+FCC,CAST,"Machaka, Ronald (2021), “Dataset for High-Entropy Alloys Phases”, Mendeley Data, V2, doi: 10.17632/7fhwrgfh2s.2"
8,18.4,18.4,0,18.4,18.4,0,0,0,0,0,0,18.4,0,0,BCC+FCC,CAST,"Machaka, Ronald (2021), “Dataset for High-Entropy Alloys Phases”, Mendeley Data, V2, doi: 10.17632/7fhwrgfh2s.2"
9,18.2,18.2,0,18.2,18.2,0,0,0,0,0,0,18.2,0,0,BCC+FCC,CAST,"Machaka, Ronald (2021), “Dataset for High-Entropy Alloys Phases”, Mendeley Data, V2, doi: 10.17632/7fhwrgfh2s.2"
10,18,18,0,18,18,0,0,0,0,0,0,18,0,0,BCC+FCC,CAST,"Machaka, Ronald (2021), “Dataset for High-Entropy Alloys Phases”, Mendeley Data, V2, doi: 10.17632/7fhwrgfh2s.2"
11,17.8,17.8,0,17.8,17.8,0,0,0,0,0,0,17.8,0,0,BCC+FCC,CAST,"Machaka, Ronald (2021), “Dataset for High-Entropy Alloys Phases”, Mendeley Data, V2, doi: 10.17632/7fhwrgfh2s.2"
6.9767442,23.255814,23.255814,0,23.255814,23.255814,0,0,0,0,0,0,0,0,0,FCC,CAST,"Machaka, Ronald (2021), “Dataset for High-Entropy Alloys Phases”, Mendeley Data, V2, doi: 10.17632/7fhwrgfh2s.2"
0,33.3333333,33.3333333,0,0,33.3333333,0,0,0,0,0,0,0,0,0,FCC,CAST,"Machaka, Ronald (2021), “Dataset for High-Entropy Alloys Phases”, Mendeley Data, V2, doi: 10.17632/7fhwrgfh2s.2"
0,33.3333333,33.3333333,0,0,33.3333333,0,0,0,0,0,0,0,0,0,FCC,CAST,"Machaka, Ronald (2021), “Dataset for High-Entropy Alloys Phases”, Mendeley Data, V2, doi: 10.17632/7fhwrgfh2s.2"
0,33.3333333,33.3333333,0,0,33.3333333,0,0,0,0,0,0,0,0,0,FCC,CAST,"Machaka, Ronald (2021), “Dataset for High-Entropy Alloys Phases”, Mendeley Data, V2, doi: 10.17632/7fhwrgfh2s.2"
0,33.3333333,33.3333333,0,0,33.3333333,0,0,0,0,0,0,0,0,0,FCC,CAST,"Machaka, Ronald (2021), “Dataset for High-Entropy Alloys Phases”, Mendeley Data, V2, doi: 10.17632/7fhwrgfh2s.2"
0,33.3333333,33.3333333,0,0,33.3333333,0,0,0,0,0,0,0,0,0,FCC,CAST,"Machaka, Ronald (2021), “Dataset for High-Entropy Alloys Phases”, Mendeley Data, V2, doi: 10.17632/7fhwrgfh2s.2"
0,33.3333333,33.3333333,0,0,33.3333333,0,0,0,0,0,0,0,0,0,FCC,CAST,"Machaka, Ronald (2021), “Dataset for High-Entropy Alloys Phases”, Mendeley Data, V2, doi: 10.17632/7fhwrgfh2s.2"
0,33.3333333,33.3333333,0,0,33.3333333,0,0,0,0,0,0,0,0,0,FCC,CAST,"Machaka, Ronald (2021), “Dataset for High-Entropy Alloys Phases”, Mendeley Data, V2, doi: 10.17632/7fhwrgfh2s.2"
0,33.3333333,33.3333333,0,0,33.3333333,0,0,0,0,0,0,0,0,0,FCC,CAST,"Machaka, Ronald (2021), “Dataset for High-Entropy Alloys Phases”, Mendeley Data, V2, doi: 10.17632/7fhwrgfh2s.2"
0,33.3333333,33.3333333,0,0,33.3333333,0,0,0,0,0,0,0,0,0,FCC,CAST,"Machaka, Ronald (2021), “Dataset for High-Entropy Alloys Phases”, Mendeley Data, V2, doi: 10.17632/7fhwrgfh2s.2"
0,10,15,0,35,25,0,0,0,0,0,10,5,0,0,FCC,CAST,"Machaka, Ronald (2021), “Dataset for High-Entropy Alloys Phases”, Mendeley Data, V2, doi: 10.17632/7fhwrgfh2s.2"
0,10,15,0,35,25,0,0,0,0,0,10,5,0,0,FCC,CAST,"Machaka, Ronald (2021), “Dataset for High-Entropy Alloys Phases”, Mendeley Data, V2, doi: 10.17632/7fhwrgfh2s.2"
0,10,15,0,35,25,0,0,0,0,0,10,5,0,0,FCC,CAST,"Machaka, Ronald (2021), “Dataset for High-Entropy Alloys Phases”, Mendeley Data, V2, doi: 10.17632/7fhwrgfh2s.2"
0,10,15,0,35,25,0,0,0,0,0,10,5,0,0,FCC,CAST,"Machaka, Ronald (2021), “Dataset for High-Entropy Alloys Phases”, Mendeley Data, V2, doi: 10.17632/7fhwrgfh2s.2"
0,0,0,0,0,0,0,25,0,25,0,25,0,0,25,BCC,CAST,"Machaka, Ronald (2021), “Dataset for High-Entropy Alloys Phases”, Mendeley Data, V2, doi: 10.17632/7fhwrgfh2s.2"
0,0,0,0,0,0,29.8245614,17.5438596,0,17.5438596,0,17.5438596,0,0,17.5438596,BCC1+BCC2,CAST,"Machaka, Ronald (2021), “Dataset for High-Entropy Alloys Phases”, Mendeley Data, V2, doi: 10.17632/7fhwrgfh2s.2"
0,0,0,0,0,0,33.3333333,16.6666667,0,16.6666667,0,16.6666667,0,0,16.6666667,BCC1+BCC2,CAST,"Machaka, Ronald (2021), “Dataset for High-Entropy Alloys Phases”, Mendeley Data, V2, doi: 10.17632/7fhwrgfh2s.2"
0,20,20,20,20,20,0,0,0,0,0,0,0,0,0,FCC,CAST,"Machaka, Ronald (2021), “Dataset for High-Entropy Alloys Phases”, Mendeley Data, V2, doi: 10.17632/7fhwrgfh2s.2"
17.3913043,17.3913043,17.3913043,4.3478261,17.3913043,17.3913043,0,8.6956522,0,0,0,0,0,0,0,BCC,CAST,"Machaka, Ronald (2021), “Dataset for High-Entropy Alloys Phases”, Mendeley Data, V2, doi: 10.17632/7fhwrgfh2s.2"
16.6666667,16.6666667,16.6666667,8.3333333,16.6666667,16.6666667,0,8.3333333,0,0,0,0,0,0,0,BCC,CAST,"Machaka, Ronald (2021), “Dataset for High-Entropy Alloys Phases”, Mendeley Data, V2, doi: 10.17632/7fhwrgfh2s.2"
0,0,0,0,0,0,0,20,0,20,20,0,0,20,20,BCC1+BCC2,CAST,"Machaka, Ronald (2021), “Dataset for High-Entropy Alloys Phases”, Mendeley Data, V2, doi: 10.17632/7fhwrgfh2s.2"
0,0,0,0,0,0,0,25,0,25,25,0,0,0,25,BCC1+BCC2,CAST,"Machaka, Ronald (2021), “Dataset for High-Entropy Alloys Phases”, Mendeley Data, V2, doi: 10.17632/7fhwrgfh2s.2"
0,0,0,0,0,0,0,33.3333333,0,33.3333333,0,0,0,0,33.3333333,BCC,CAST,"Machaka, Ronald (2021), “Dataset for High-Entropy Alloys Phases”, Mendeley Data, V2, doi: 10.17632/7fhwrgfh2s.2"
0,0,0,0,0,0,0,0,0,25,25,0,0,25,25,BCC,CAST,"Machaka, Ronald (2021), “Dataset for High-Entropy Alloys Phases”, Mendeley Data, V2, doi: 10.17632/7fhwrgfh2s.2"
16.6666667,16.6666667,16.6666667,16.6666667,16.6666667,16.6666667,0,0,0,0,0,0,0,0,0,BCC+FCC,CAST,"Machaka, Ronald (2021), “Dataset for High-Entropy Alloys Phases”, Mendeley Data, V2, doi: 10.17632/7fhwrgfh2s.2"
14.2857143,14.2857143,14.2857143,14.2857143,14.2857143,14.2857143,0,14.2857143,0,0,0,0,0,0,0,BCC+FCC,CAST,"Machaka, Ronald (2021), “Dataset for High-Entropy Alloys Phases”, Mendeley Data, V2, doi: 10.17632/7fhwrgfh2s.2"
14.2857143,14.2857143,14.2857143,14.2857143,14.2857143,14.2857143,0,0,0,0,0,14.2857143,0,0,0,BCC+FCC,CAST,"Machaka, Ronald (2021), “Dataset for High-Entropy Alloys Phases”, Mendeley Data, V2, doi: 10.17632/7fhwrgfh2s.2"
7.5,25,0,17.5,25,25,0,0,0,0,0,0,0,0,0,FCC,CAST,"Machaka, Ronald (2021), “Dataset for High-Entropy Alloys Phases”, Mendeley Data, V2, doi: 10.17632/7fhwrgfh2s.2"
0,20,20,0,20,20,0,0,0,0,0,0,20,0,0,FCC,CAST,"Machaka, Ronald (2021), “Dataset for High-Entropy Alloys Phases”, Mendeley Data, V2, doi: 10.17632/7fhwrgfh2s.2"
0,10,10,0,45,25,0,0,0,0,0,10,0,0,0,FCC,CAST,"Machaka, Ronald (2021), “Dataset for High-Entropy Alloys Phases”, Mendeley Data, V2, doi: 10.17632/7fhwrgfh2s.2"
0,20,10,0,45,15,0,0,0,0,0,10,0,0,0,FCC,CAST,"Machaka, Ronald (2021), “Dataset for High-Entropy Alloys Phases”, Mendeley Data, V2, doi: 10.17632/7fhwrgfh2s.2"
0,30,10,0,45,5,0,0,0,0,0,10,0,0,0,BCC+FCC,CAST,"Machaka, Ronald (2021), “Dataset for High-Entropy Alloys Phases”, Mendeley Data, V2, doi: 10.17632/7fhwrgfh2s.2"
0,35,10,0,45,0,0,0,0,0,0,10,0,0,0,BCC+FCC,CAST,"Machaka, Ronald (2021), “Dataset for High-Entropy Alloys Phases”, Mendeley Data, V2, doi: 10.17632/7fhwrgfh2s.2"
0,10,10,0,45,25,0,0,0,0,0,10,0,0,0,FCC,CAST,"Machaka, Ronald (2021), “Dataset for High-Entropy Alloys Phases”, Mendeley Data, V2, doi: 10.17632/7fhwrgfh2s.2"
0,20,10,0,45,15,0,0,0,0,0,10,0,0,0,FCC,CAST,"Machaka, Ronald (2021), “Dataset for High-Entropy Alloys Phases”, Mendeley Data, V2, doi: 10.17632/7fhwrgfh2s.2"
0,30,10,0,45,5,0,0,0,0,0,10,0,0,0,BCC+FCC,CAST,"Machaka, Ronald (2021), “Dataset for High-Entropy Alloys Phases”, Mendeley Data, V2, doi: 10.17632/7fhwrgfh2s.2"
0,35,10,0,45,0,0,0,0,0,0,10,0,0,0,BCC+FCC,CAST,"Machaka, Ronald (2021), “Dataset for High-Entropy Alloys Phases”, Mendeley Data, V2, doi: 10.17632/7fhwrgfh2s.2"
0,0,0,0,0,0,0,20,0,20,0,20,0,20,20,BCC,CAST,"Machaka, Ronald (2021), “Dataset for High-Entropy Alloys Phases”, Mendeley Data, V2, doi: 10.17632/7fhwrgfh2s.2"
0,0,25,0,0,0,0,25,0,25,0,0,0,0,25,BCC,CAST,"Machaka, Ronald (2021), “Dataset for High-Entropy Alloys Phases”, Mendeley Data, V2, doi: 10.17632/7fhwrgfh2s.2"
0,0,0,0,0,0,20,20,0,20,0,0,0,20,20,BCC,CAST,"Machaka, Ronald (2021), “Dataset for High-Entropy Alloys Phases”, Mendeley Data, V2, doi: 10.17632/7fhwrgfh2s.2"
0,0,0,0,0,0,0,25,0,12.5,0,12.5,0,25,25,BCC,CAST,"Machaka, Ronald (2021), “Dataset for High-Entropy Alloys Phases”, Mendeley Data, V2, doi: 10.17632/7fhwrgfh2s.2"
0,0,0,0,0,0,0,14.2857143,0,28.5714286,0,14.2857143,0,14.2857143,28.5714286,BCC,CAST,"Machaka, Ronald (2021), “Dataset for High-Entropy Alloys Phases”, Mendeley Data, V2, doi: 10.17632/7fhwrgfh2s.2"
0,0,0,0,0,0,12.5,25,0,12.5,0,0,0,25,25,BCC,CAST,"Machaka, Ronald (2021), “Dataset for High-Entropy Alloys Phases”, Mendeley Data, V2, doi: 10.17632/7fhwrgfh2s.2"
0,0,0,0,0,0,0,25,0,12.5,12.5,0,0,25,25,BCC,CAST,"Machaka, Ronald (2021), “Dataset for High-Entropy Alloys Phases”, Mendeley Data, V2, doi: 10.17632/7fhwrgfh2s.2"
0,0,0,0,0,0,0,20,0,20,0,20,0,20,20,BCC,CAST,"Machaka, Ronald (2021), “Dataset for High-Entropy Alloys Phases”, Mendeley Data, V2, doi: 10.17632/7fhwrgfh2s.2"
0,0,0,0,0,0,0,33.3333333,0,33.3333333,0,0,0,0,33.3333333,BCC,CAST,"Machaka, Ronald (2021), “Dataset for High-Entropy Alloys Phases”, Mendeley Data, V2, doi: 10.17632/7fhwrgfh2s.2"
0,0,0,0,0,0,0,30,0,30,10,0,0,0,30,BCC,CAST,"Machaka, Ronald (2021), “Dataset for High-Entropy Alloys Phases”, Mendeley Data, V2, doi: 10.17632/7fhwrgfh2s.2"
0,0,10,0,0,0,0,30,0,30,0,0,0,0,30,BCC,CAST,"Machaka, Ronald (2021), “Dataset for High-Entropy Alloys Phases”, Mendeley Data, V2, doi: 10.17632/7fhwrgfh2s.2"
0,0,0,0,0,0,0,33.3333333,0,33.3333333,0,0,0,0,33.3333333,BCC,CAST,"Machaka, Ronald (2021), “Dataset for High-Entropy Alloys Phases”, Mendeley Data, V2, doi: 10.17632/7fhwrgfh2s.2"
0,0,0,0,0,0,0,30,0,30,10,0,0,0,30,BCC,CAST,"Machaka, Ronald (2021), “Dataset for High-Entropy Alloys Phases”, Mendeley Data, V2, doi: 10.17632/7fhwrgfh2s.2"
0,0,10,0,0,0,0,30,0,30,0,0,0,0,30,BCC,CAST,"Machaka, Ronald (2021), “Dataset for High-Entropy Alloys Phases”, Mendeley Data, V2, doi: 10.17632/7fhwrgfh2s.2"
0,0,0,0,0,0,0,33.3333333,0,33.3333333,0,0,0,0,33.3333333,BCC,CAST,"Machaka, Ronald (2021), “Dataset for High-Entropy Alloys Phases”, Mendeley Data, V2, doi: 10.17632/7fhwrgfh2s.2"
0,0,0,0,0,0,0,30,0,30,10,0,0,0,30,BCC,CAST,"Machaka, Ronald (2021), “Dataset for High-Entropy Alloys Phases”, Mendeley Data, V2, doi: 10.17632/7fhwrgfh2s.2"
0,0,10,0,0,0,0,30,0,30,0,0,0,0,30,BCC,CAST,"Machaka, Ronald (2021), “Dataset for High-Entropy Alloys Phases”, Mendeley Data, V2, doi: 10.17632/7fhwrgfh2s.2"
0,0,27.7777778,0,27.7777778,0,0,0,8.3333333,0,8.3333333,27.7777778,0,0,0,BCC1+BCC2,CAST,"Machaka, Ronald (2021), “Dataset for High-Entropy Alloys Phases”, Mendeley Data, V2, doi: 10.17632/7fhwrgfh2s.2"
0,0,0,0,0,0,20,20,0,0,20,0,0,20,20,BCC,CAST,"Machaka, Ronald (2021), “Dataset for High-Entropy Alloys Phases”, Mendeley Data, V2, doi: 10.17632/7fhwrgfh2s.2"
0,0,0,0,0,0,20,0,0,20,20,0,0,20,20,BCC,CAST,"Machaka, Ronald (2021), “Dataset for High-Entropy Alloys Phases”, Mendeley Data, V2, doi: 10.17632/7fhwrgfh2s.2"
0,0,0,0,0,0,20,20,0,20,20,0,0,20,0,BCC,CAST,"Machaka, Ronald (2021), “Dataset for High-Entropy Alloys Phases”, Mendeley Data, V2, doi: 10.17632/7fhwrgfh2s.2"
0,0,0,0,0,0,20,20,0,0,20,0,0,20,20,BCC,CAST,"Machaka, Ronald (2021), “Dataset for High-Entropy Alloys Phases”, Mendeley Data, V2, doi: 10.17632/7fhwrgfh2s.2"
0,0,0,0,0,0,20,0,0,20,20,0,0,20,20,BCC,CAST,"Machaka, Ronald (2021), “Dataset for High-Entropy Alloys Phases”, Mendeley Data, V2, doi: 10.17632/7fhwrgfh2s.2"
0,0,0,0,0,0,20,20,0,20,20,0,0,20,0,BCC,CAST,"Machaka, Ronald (2021), “Dataset for High-Entropy Alloys Phases”, Mendeley Data, V2, doi: 10.17632/7fhwrgfh2s.2"
0,0,0,0,0,0,20,20,0,0,20,0,0,20,20,BCC,CAST,"Machaka, Ronald (2021), “Dataset for High-Entropy Alloys Phases”, Mendeley Data, V2, doi: 10.17632/7fhwrgfh2s.2"
0,0,0,0,0,0,20,0,0,20,20,0,0,20,20,BCC,CAST,"Machaka, Ronald (2021), “Dataset for High-Entropy Alloys Phases”, Mendeley Data, V2, doi: 10.17632/7fhwrgfh2s.2"
0,0,0,0,0,0,20,20,0,20,20,0,0,20,0,BCC,CAST,"Machaka, Ronald (2021), “Dataset for High-Entropy Alloys Phases”, Mendeley Data, V2, doi: 10.17632/7fhwrgfh2s.2"
0,0,0,0,0,0,20,20,0,0,20,0,0,20,20,BCC,CAST,"Machaka, Ronald (2021), “Dataset for High-Entropy Alloys Phases”, Mendeley Data, V2, doi: 10.17632/7fhwrgfh2s.2"
0,0,0,0,0,0,20,0,0,20,20,0,0,20,20,BCC,CAST,"Machaka, Ronald (2021), “Dataset for High-Entropy Alloys Phases”, Mendeley Data, V2, doi: 10.17632/7fhwrgfh2s.2"
0,0,0,0,0,0,20,20,0,20,20,0,0,20,0,BCC,CAST,"Machaka, Ronald (2021), “Dataset for High-Entropy Alloys Phases”, Mendeley Data, V2, doi: 10.17632/7fhwrgfh2s.2"
0,25,25,0,25,25,0,0,0,0,0,0,0,0,0,FCC,CAST,"Machaka, Ronald (2021), “Dataset for High-Entropy Alloys Phases”, Mendeley Data, V2, doi: 10.17632/7fhwrgfh2s.2"
0,25,25,0,25,25,0,0,0,0,0,0,0,0,0,FCC,CAST,"Machaka, Ronald (2021), “Dataset for High-Entropy Alloys Phases”, Mendeley Data, V2, doi: 10.17632/7fhwrgfh2s.2"
0,25,25,0,25,25,0,0,0,0,0,0,0,0,0,FCC,CAST,"Machaka, Ronald (2021), “Dataset for High-Entropy Alloys Phases”, Mendeley Data, V2, doi: 10.17632/7fhwrgfh2s.2"
0,25,25,0,25,25,0,0,0,0,0,0,0,0,0,FCC,CAST,"Machaka, Ronald (2021), “Dataset for High-Entropy Alloys Phases”, Mendeley Data, V2, doi: 10.17632/7fhwrgfh2s.2"
0,33.3333333,33.3333333,0,0,33.3333333,0,0,0,0,0,0,0,0,0,FCC,CAST,"Machaka, Ronald (2021), “Dataset for High-Entropy Alloys Phases”, Mendeley Data, V2, doi: 10.17632/7fhwrgfh2s.2"
0,33.3333333,33.3333333,0,0,33.3333333,0,0,0,0,0,0,0,0,0,FCC,CAST,"Machaka, Ronald (2021), “Dataset for High-Entropy Alloys Phases”, Mendeley Data, V2, doi: 10.17632/7fhwrgfh2s.2"
0,33.3333333,33.3333333,0,0,33.3333333,0,0,0,0,0,0,0,0,0,FCC,CAST,"Machaka, Ronald (2021), “Dataset for High-Entropy Alloys Phases”, Mendeley Data, V2, doi: 10.17632/7fhwrgfh2s.2"
0,50,0,0,0,50,0,0,0,0,0,0,0,0,0,FCC,CAST,"Machaka, Ronald (2021), “Dataset for High-Entropy Alloys Phases”, Mendeley Data, V2, doi: 10.17632/7fhwrgfh2s.2"
0,20,20,0,20,20,0,0,0,0,0,0,20,0,0,FCC,CAST,"Machaka, Ronald (2021), “Dataset for High-Entropy Alloys Phases”, Mendeley Data, V2, doi: 10.17632/7fhwrgfh2s.2"
0,26,18.5,0,18.5,18.5,0,0,0,0,0,0,18.5,0,0,FCC,CAST,"Machaka, Ronald (2021), “Dataset for High-Entropy Alloys Phases”, Mendeley Data, V2, doi: 10.17632/7fhwrgfh2s.2"
0,20,26,0,20,14,0,0,0,0,0,0,20,0,0,BCC+FCC,CAST,"Machaka, Ronald (2021), “Dataset for High-Entropy Alloys Phases”, Mendeley Data, V2, doi: 10.17632/7fhwrgfh2s.2"
0,20,20,0,20,20,0,0,0,0,0,0,20,0,0,FCC,CAST,"Machaka, Ronald (2021), “Dataset for High-Entropy Alloys Phases”, Mendeley Data, V2, doi: 10.17632/7fhwrgfh2s.2"
0,25,25,0,25,25,0,0,0,0,0,0,0,0,0,BCC+FCC,CAST,"Machaka, Ronald (2021), “Dataset for High-Entropy Alloys Phases”, Mendeley Data, V2, doi: 10.17632/7fhwrgfh2s.2"
0,25,25,0,25,25,0,0,0,0,0,0,0,0,0,FCC,CAST,"Machaka, Ronald (2021), “Dataset for High-Entropy Alloys Phases”, Mendeley Data, V2, doi: 10.17632/7fhwrgfh2s.2"
0,24.3902439,24.3902439,0,24.3902439,24.3902439,2.4390244,0,0,0,0,0,0,0,0,FCC,CAST,"Machaka, Ronald (2021), “Dataset for High-Entropy Alloys Phases”, Mendeley Data, V2, doi: 10.17632/7fhwrgfh2s.2"
0,23.8095238,23.8095238,0,23.8095238,23.8095238,4.7619048,0,0,0,0,0,0,0,0,FCC,CAST,"Machaka, Ronald (2021), “Dataset for High-Entropy Alloys Phases”, Mendeley Data, V2, doi: 10.17632/7fhwrgfh2s.2"
0,10,10,0,45,25,0,0,0,0,0,10,0,0,0,FCC,CAST,"Machaka, Ronald (2021), “Dataset for High-Entropy Alloys Phases”, Mendeley Data, V2, doi: 10.17632/7fhwrgfh2s.2"
0,20,20,0,20,20,0,0,0,0,0,0,20,0,0,FCC,CAST,"Machaka, Ronald (2021), “Dataset for High-Entropy Alloys Phases”, Mendeley Data, V2, doi: 10.17632/7fhwrgfh2s.2"
0,34,20,0,6,34,6,0,0,0,0,0,0,0,0,FCC,CAST,"Machaka, Ronald (2021), “Dataset for High-Entropy Alloys Phases”, Mendeley Data, V2, doi: 10.17632/7fhwrgfh2s.2"
0,34,20,0,6,34,6,0,0,0,0,0,0,0,0,FCC,CAST,"Machaka, Ronald (2021), “Dataset for High-Entropy Alloys Phases”, Mendeley Data, V2, doi: 10.17632/7fhwrgfh2s.2"
0,34,20,0,6,34,6,0,0,0,0,0,0,0,0,FCC,CAST,"Machaka, Ronald (2021), “Dataset for High-Entropy Alloys Phases”, Mendeley Data, V2, doi: 10.17632/7fhwrgfh2s.2"
0,34,20,0,6,34,6,0,0,0,0,0,0,0,0,FCC,CAST,"Machaka, Ronald (2021), “Dataset for High-Entropy Alloys Phases”, Mendeley Data, V2, doi: 10.17632/7fhwrgfh2s.2"
0,34,20,0,6,34,6,0,0,0,0,0,0,0,0,FCC,CAST,"Machaka, Ronald (2021), “Dataset for High-Entropy Alloys Phases”, Mendeley Data, V2, doi: 10.17632/7fhwrgfh2s.2"
5,0,0,0,0,0,0,40,0,24,0,5,0,0,26,BCC,CAST,"Machaka, Ronald (2021), “Dataset for High-Entropy Alloys Phases”, Mendeley Data, V2, doi: 10.17632/7fhwrgfh2s.2"
5,0,0,0,0,0,0,40,0,24,0,5,0,0,26,BCC,CAST,"Machaka, Ronald (2021), “Dataset for High-Entropy Alloys Phases”, Mendeley Data, V2, doi: 10.17632/7fhwrgfh2s.2"
6.9767442,23.255814,23.255814,0,23.255814,23.255814,0,0,0,0,0,0,0,0,0,FCC,CAST,"Machaka, Ronald (2021), “Dataset for High-Entropy Alloys Phases”, Mendeley Data, V2, doi: 10.17632/7fhwrgfh2s.2"
9.8039216,0,17.6470588,0,19.6078431,49.0196078,0,0,0,0,0,3.9215686,0,0,0,FCC,CAST,"Machaka, Ronald (2021), “Dataset for High-Entropy Alloys Phases”, Mendeley Data, V2, doi: 10.17632/7fhwrgfh2s.2"
0,0,0,0,0,0,20,0,0,20,20,0,0,20,20,BCC,CAST,"Machaka, Ronald (2021), “Dataset for High-Entropy Alloys Phases”, Mendeley Data, V2, doi: 10.17632/7fhwrgfh2s.2"
0,0,0,0,0,0,20,20,0,20,20,0,0,20,0,BCC,CAST,"Machaka, Ronald (2021), “Dataset for High-Entropy Alloys Phases”, Mendeley Data, V2, doi: 10.17632/7fhwrgfh2s.2"
0,0,0,0,0,0,20,20,0,20,20,0,0,20,0,BCC,CAST,"Machaka, Ronald (2021), “Dataset for High-Entropy Alloys Phases”, Mendeley Data, V2, doi: 10.17632/7fhwrgfh2s.2"
0,0,0,0,0,0,0,25,0,12.5,0,12.5,0,25,25,BCC,CAST,"Machaka, Ronald (2021), “Dataset for High-Entropy Alloys Phases”, Mendeley Data, V2, doi: 10.17632/7fhwrgfh2s.2"
0,0,0,0,0,0,0,25,0,12.5,0,12.5,0,25,25,BCC,CAST,"Machaka, Ronald (2021), “Dataset for High-Entropy Alloys Phases”, Mendeley Data, V2, doi: 10.17632/7fhwrgfh2s.2"
0,0,0,0,0,0,0,14.2857143,0,28.5714286,0,14.2857143,0,14.2857143,28.5714286,BCC,CAST,"Machaka, Ronald (2021), “Dataset for High-Entropy Alloys Phases”, Mendeley Data, V2, doi: 10.17632/7fhwrgfh2s.2"
0,0,0,0,0,0,0,14.2857143,0,28.5714286,0,14.2857143,0,14.2857143,28.5714286,BCC,CAST,"Machaka, Ronald (2021), “Dataset for High-Entropy Alloys Phases”, Mendeley Data, V2, doi: 10.17632/7fhwrgfh2s.2"
0,0,0,0,0,0,12.5,25,0,12.5,0,0,0,25,25,BCC,CAST,"Machaka, Ronald (2021), “Dataset for High-Entropy Alloys Phases”, Mendeley Data, V2, doi: 10.17632/7fhwrgfh2s.2"
0,0,0,0,0,0,12.5,25,0,12.5,0,0,0,25,25,BCC,CAST,"Machaka, Ronald (2021), “Dataset for High-Entropy Alloys Phases”, Mendeley Data, V2, doi: 10.17632/7fhwrgfh2s.2"
0,0,0,0,0,0,0,25,0,12.5,12.5,0,0,25,25,BCC,CAST,"Machaka, Ronald (2021), “Dataset for High-Entropy Alloys Phases”, Mendeley Data, V2, doi: 10.17632/7fhwrgfh2s.2"
0,0,0,0,0,0,0,25,0,12.5,12.5,0,0,25,25,BCC,CAST,"Machaka, Ronald (2021), “Dataset for High-Entropy Alloys Phases”, Mendeley Data, V2, doi: 10.17632/7fhwrgfh2s.2"
0,0,0,0,0,0,25,0,25,25,25,0,0,0,0,BCC,CAST,"Machaka, Ronald (2021), “Dataset for High-Entropy Alloys Phases”, Mendeley Data, V2, doi: 10.17632/7fhwrgfh2s.2"
0,0,0,0,0,0,25,0,25,25,25,0,0,0,0,BCC,CAST,"Machaka, Ronald (2021), “Dataset for High-Entropy Alloys Phases”, Mendeley Data, V2, doi: 10.17632/7fhwrgfh2s.2"
0,0,0,0,0,0,20,0,20,20,20,20,0,0,0,BCC,CAST,"Machaka, Ronald (2021), “Dataset for High-Entropy Alloys Phases”, Mendeley Data, V2, doi: 10.17632/7fhwrgfh2s.2"
0,0,0,0,0,0,20,0,20,20,20,20,0,0,0,BCC,CAST,"Machaka, Ronald (2021), “Dataset for High-Entropy Alloys Phases”, Mendeley Data, V2, doi: 10.17632/7fhwrgfh2s.2"
0,33.3333333,33.3333333,0,0,33.3333333,0,0,0,0,0,0,0,0,0,FCC,CAST,"Machaka, Ronald (2021), “Dataset for High-Entropy Alloys Phases”, Mendeley Data, V2, doi: 10.17632/7fhwrgfh2s.2"
0,20,20,0,20,20,0,0,0,0,0,0,20,0,0,FCC,CAST,"Machaka, Ronald (2021), “Dataset for High-Entropy Alloys Phases”, Mendeley Data, V2, doi: 10.17632/7fhwrgfh2s.2"
0,33.3333333,33.3333333,0,0,33.3333333,0,0,0,0,0,0,0,0,0,FCC,CAST,"Machaka, Ronald (2021), “Dataset for High-Entropy Alloys Phases”, Mendeley Data, V2, doi: 10.17632/7fhwrgfh2s.2"
0,20,20,0,20,20,0,0,0,0,0,0,20,0,0,FCC,CAST,"Machaka, Ronald (2021), “Dataset for High-Entropy Alloys Phases”, Mendeley Data, V2, doi: 10.17632/7fhwrgfh2s.2"
0,20,20,0,20,20,0,0,0,0,0,0,20,0,0,FCC,CAST,"Machaka, Ronald (2021), “Dataset for High-Entropy Alloys Phases”, Mendeley Data, V2, doi: 10.17632/7fhwrgfh2s.2"
25,0,0,0,0,0,12.5,25,0,0,12.5,0,0,0,25,BCC1+BCC2,CAST,"Machaka, Ronald (2021), “Dataset for High-Entropy Alloys Phases”, Mendeley Data, V2, doi: 10.17632/7fhwrgfh2s.2"
0,0,0,0,0,0,0,33.3333333,0,33.3333333,33.3333333,0,0,0,0,BCC,CAST,"Machaka, Ronald (2021), “Dataset for High-Entropy Alloys Phases”, Mendeley Data, V2, doi: 10.17632/7fhwrgfh2s.2"
0,0,0,0,0,0,0,25,0,37.5,25,0,0,0,12.5,BCC+IM,CAST,"Machaka, Ronald (2021), “Dataset for High-Entropy Alloys Phases”, Mendeley Data, V2, doi: 10.17632/7fhwrgfh2s.2"
11.1111111,22.2222222,22.2222222,0,22.2222222,22.2222222,0,0,0,0,0,0,0,0,0,BCC+FCC,CAST,"Machaka, Ronald (2021), “Dataset for High-Entropy Alloys Phases”, Mendeley Data, V2, doi: 10.17632/7fhwrgfh2s.2"
0,27,20,0,20,13,0,0,0,0,0,0,20,0,0,FCC,CAST,"Machaka, Ronald (2021), “Dataset for High-Entropy Alloys Phases”, Mendeley Data, V2, doi: 10.17632/7fhwrgfh2s.2"
0,23,20,0,20,17,0,0,0,0,0,0,20,0,0,FCC,CAST,"Machaka, Ronald (2021), “Dataset for High-Entropy Alloys Phases”, Mendeley Data, V2, doi: 10.17632/7fhwrgfh2s.2"
0,0,0,0,0,0,0,44.4444444,0,0,0,22.2222222,0,11.1111111,22.2222222,BCC,CAST,"Machaka, Ronald (2021), “Dataset for High-Entropy Alloys Phases”, Mendeley Data, V2, doi: 10.17632/7fhwrgfh2s.2"
0,0,0,0,0,0,0,50,0,12.5,0,0,0,12.5,25,BCC,CAST,"Machaka, Ronald (2021), “Dataset for High-Entropy Alloys Phases”, Mendeley Data, V2, doi: 10.17632/7fhwrgfh2s.2"
0,0,0,0,0,0,0,36.3636364,0,18.1818182,0,18.1818182,0,9.0909091,18.1818182,BCC,CAST,"Machaka, Ronald (2021), “Dataset for High-Entropy Alloys Phases”, Mendeley Data, V2, doi: 10.17632/7fhwrgfh2s.2"
0,0,0,0,0,0,0,44.4444444,0,0,0,22.2222222,0,11.1111111,22.2222222,BCC,CAST,"Machaka, Ronald (2021), “Dataset for High-Entropy Alloys Phases”, Mendeley Data, V2, doi: 10.17632/7fhwrgfh2s.2"
0,0,0,0,0,0,0,50,0,12.5,0,0,0,12.5,25,BCC,CAST,"Machaka, Ronald (2021), “Dataset for High-Entropy Alloys Phases”, Mendeley Data, V2, doi: 10.17632/7fhwrgfh2s.2"
0,0,0,0,0,0,0,36.3636364,0,18.1818182,0,18.1818182,0,9.0909091,18.1818182,BCC,CAST,"Machaka, Ronald (2021), “Dataset for High-Entropy Alloys Phases”, Mendeley Data, V2, doi: 10.17632/7fhwrgfh2s.2"
0,21.2765957,0,0,21.2765957,42.5531915,4.2553191,0,0,0,0,10.6382979,0,0,0,FCC,CAST,"Machaka, Ronald (2021), “Dataset for High-Entropy Alloys Phases”, Mendeley Data, V2, doi: 10.17632/7fhwrgfh2s.2"
0,21.2765957,0,0,21.2765957,42.5531915,4.2553191,0,0,0,0,10.6382979,0,0,0,FCC,CAST,"Machaka, Ronald (2021), “Dataset for High-Entropy Alloys Phases”, Mendeley Data, V2, doi: 10.17632/7fhwrgfh2s.2"
0,21.2765957,0,0,21.2765957,42.5531915,4.2553191,0,0,0,0,10.6382979,0,0,0,FCC,CAST,"Machaka, Ronald (2021), “Dataset for High-Entropy Alloys Phases”, Mendeley Data, V2, doi: 10.17632/7fhwrgfh2s.2"
0,21.2765957,0,0,21.2765957,42.5531915,4.2553191,0,0,0,0,10.6382979,0,0,0,FCC,CAST,"Machaka, Ronald (2021), “Dataset for High-Entropy Alloys Phases”, Mendeley Data, V2, doi: 10.17632/7fhwrgfh2s.2"
0,21.2765957,0,0,21.2765957,42.5531915,4.2553191,0,0,0,0,10.6382979,0,0,0,FCC,CAST,"Machaka, Ronald (2021), “Dataset for High-Entropy Alloys Phases”, Mendeley Data, V2, doi: 10.17632/7fhwrgfh2s.2"
0,0,0,0,0,0,0,34.9862259,0,4.9586777,4.9586777,0,0,27.5482094,27.5482094,BCC,CAST,"Machaka, Ronald (2021), “Dataset for High-Entropy Alloys Phases”, Mendeley Data, V2, doi: 10.17632/7fhwrgfh2s.2"
0,9,9,0,37,0,0,0,0,0,0,0,45,0,0,FCC,CAST,"Machaka, Ronald (2021), “Dataset for High-Entropy Alloys Phases”, Mendeley Data, V2, doi: 10.17632/7fhwrgfh2s.2"
0,0,0,0,0,0,25,25,0,25,0,0,0,0,25,BCC,CAST,"Machaka, Ronald (2021), “Dataset for High-Entropy Alloys Phases”, Mendeley Data, V2, doi: 10.17632/7fhwrgfh2s.2"
0,0,0,0,0,0,23.5294118,23.5294118,0,23.5294118,0,5.8823529,0,0,23.5294118,BCC,CAST,"Machaka, Ronald (2021), “Dataset for High-Entropy Alloys Phases”, Mendeley Data, V2, doi: 10.17632/7fhwrgfh2s.2"
0,0,0,0,0,0,22.2222222,22.2222222,0,22.2222222,0,11.1111111,0,0,22.2222222,BCC,CAST,"Machaka, Ronald (2021), “Dataset for High-Entropy Alloys Phases”, Mendeley Data, V2, doi: 10.17632/7fhwrgfh2s.2"
0,0,0,0,0,0,21.0526316,21.0526316,0,21.0526316,0,15.7894737,0,0,21.0526316,BCC,CAST,"Machaka, Ronald (2021), “Dataset for High-Entropy Alloys Phases”, Mendeley Data, V2, doi: 10.17632/7fhwrgfh2s.2"
0,0,0,0,0,0,20,20,0,20,0,20,0,0,20,BCC,CAST,"Machaka, Ronald (2021), “Dataset for High-Entropy Alloys Phases”, Mendeley Data, V2, doi: 10.17632/7fhwrgfh2s.2"
0,0,0,0,0,0,18.1818182,18.1818182,0,18.1818182,0,27.2727273,0,0,18.1818182,BCC,CAST,"Machaka, Ronald (2021), “Dataset for High-Entropy Alloys Phases”, Mendeley Data, V2, doi: 10.17632/7fhwrgfh2s.2"
0,0,0,0,0,0,16.6666667,16.6666667,0,16.6666667,0,33.3333333,0,0,16.6666667,BCC,CAST,"Machaka, Ronald (2021), “Dataset for High-Entropy Alloys Phases”, Mendeley Data, V2, doi: 10.17632/7fhwrgfh2s.2"
0,0,0,0,0,0,14.2857143,14.2857143,0,14.2857143,0,42.8571429,0,0,14.2857143,BCC,CAST,"Machaka, Ronald (2021), “Dataset for High-Entropy Alloys Phases”, Mendeley Data, V2, doi: 10.17632/7fhwrgfh2s.2"
0,10,10,0,50,0,0,0,0,0,0,0,30,0,0,BCC+FCC,CAST,"Machaka, Ronald (2021), “Dataset for High-Entropy Alloys Phases”, Mendeley Data, V2, doi: 10.17632/7fhwrgfh2s.2"
0,10,10,0,50,0,0,0,0,0,0,0,30,0,0,BCC+FCC,CAST,"Machaka, Ronald (2021), “Dataset for High-Entropy Alloys Phases”, Mendeley Data, V2, doi: 10.17632/7fhwrgfh2s.2"
0,10,10,0,50,0,0,0,0,0,0,0,30,0,0,BCC+FCC,CAST,"Machaka, Ronald (2021), “Dataset for High-Entropy Alloys Phases”, Mendeley Data, V2, doi: 10.17632/7fhwrgfh2s.2"
0,10,10,0,50,0,0,0,0,0,0,0,30,0,0,BCC+FCC,CAST,"Machaka, Ronald (2021), “Dataset for High-Entropy Alloys Phases”, Mendeley Data, V2, doi: 10.17632/7fhwrgfh2s.2"
0,10,10,0,50,0,0,0,0,0,0,0,30,0,0,BCC+FCC,CAST,"Machaka, Ronald (2021), “Dataset for High-Entropy Alloys Phases”, Mendeley Data, V2, doi: 10.17632/7fhwrgfh2s.2"
0,10,10,0,50,0,0,0,0,0,0,0,30,0,0,BCC+FCC,CAST,"Machaka, Ronald (2021), “Dataset for High-Entropy Alloys Phases”, Mendeley Data, V2, doi: 10.17632/7fhwrgfh2s.2"
6.9767442,23.255814,23.255814,0,23.255814,23.255814,0,0,0,0,0,0,0,0,0,FCC,CAST,"Machaka, Ronald (2021), “Dataset for High-Entropy Alloys Phases”, Mendeley Data, V2, doi: 10.17632/7fhwrgfh2s.2"
6.9767442,23.255814,23.255814,0,23.255814,23.255814,0,0,0,0,0,0,0,0,0,FCC,CAST,"Machaka, Ronald (2021), “Dataset for High-Entropy Alloys Phases”, Mendeley Data, V2, doi: 10.17632/7fhwrgfh2s.2"
6.9767442,23.255814,23.255814,0,23.255814,23.255814,0,0,0,0,0,0,0,0,0,FCC,CAST,"Machaka, Ronald (2021), “Dataset for High-Entropy Alloys Phases”, Mendeley Data, V2, doi: 10.17632/7fhwrgfh2s.2"
0,0,0,0,0,0,16.6666667,16.6666667,0,16.6666667,16.6666667,0,0,16.6666667,16.6666667,BCC,CAST,"Machaka, Ronald (2021), “Dataset for High-Entropy Alloys Phases”, Mendeley Data, V2, doi: 10.17632/7fhwrgfh2s.2"
25,25,0,0,25,25,0,0,0,0,0,0,0,0,0,BCC,CAST,"Machaka, Ronald (2021), “Dataset for High-Entropy Alloys Phases”, Mendeley Data, V2, doi: 10.17632/7fhwrgfh2s.2"
0,0,0,0,0,0,0,25,0,12.5,25,0,0,0,37.5,BCC+IM,CAST,"Machaka, Ronald (2021), “Dataset for High-Entropy Alloys Phases”, Mendeley Data, V2, doi: 10.17632/7fhwrgfh2s.2"
0,0,0,0,0,0,0,30,0,25,20,0,0,0,25,BCC,CAST,"Machaka, Ronald (2021), “Dataset for High-Entropy Alloys Phases”, Mendeley Data, V2, doi: 10.17632/7fhwrgfh2s.2"
0,0,0,0,0,0,0,35,0,25,15,0,0,0,25,BCC,CAST,"Machaka, Ronald (2021), “Dataset for High-Entropy Alloys Phases”, Mendeley Data, V2, doi: 10.17632/7fhwrgfh2s.2"
0,0,0,0,0,0,0,40,0,25,10,0,0,0,25,BCC,CAST,"Machaka, Ronald (2021), “Dataset for High-Entropy Alloys Phases”, Mendeley Data, V2, doi: 10.17632/7fhwrgfh2s.2"
0,0,0,0,0,0,0,45,0,25,5,0,0,0,25,BCC,CAST,"Machaka, Ronald (2021), “Dataset for High-Entropy Alloys Phases”, Mendeley Data, V2, doi: 10.17632/7fhwrgfh2s.2"
20,0,0,0,0,0,0,20,0,20,0,20,0,0,20,BCC,CAST,"Machaka, Ronald (2021), “Dataset for High-Entropy Alloys Phases”, Mendeley Data, V2, doi: 10.17632/7fhwrgfh2s.2"
20,0,0,0,0,0,0,20,0,20,0,20,0,0,20,BCC,CAST,"Machaka, Ronald (2021), “Dataset for High-Entropy Alloys Phases”, Mendeley Data, V2, doi: 10.17632/7fhwrgfh2s.2"
0,27.2727273,18.1818182,0,18.1818182,27.2727273,0,9.0909091,0,0,0,0,0,0,0,BCC,CAST,"Machaka, Ronald (2021), “Dataset for High-Entropy Alloys Phases”, Mendeley Data, V2, doi: 10.17632/7fhwrgfh2s.2"
0,10,15,0,35,25,0,0,0,0,0,10,5,0,0,FCC,CAST,"Machaka, Ronald (2021), “Dataset for High-Entropy Alloys Phases”, Mendeley Data, V2, doi: 10.17632/7fhwrgfh2s.2"
0,33.3333333,33.3333333,0,0,33.3333333,0,0,0,0,0,0,0,0,0,FCC,CAST,"Machaka, Ronald (2021), “Dataset for High-Entropy Alloys Phases”, Mendeley Data, V2, doi: 10.17632/7fhwrgfh2s.2"
0,33.3333333,33.3333333,0,0,33.3333333,0,0,0,0,0,0,0,0,0,FCC,CAST,"Machaka, Ronald (2021), “Dataset for High-Entropy Alloys Phases”, Mendeley Data, V2, doi: 10.17632/7fhwrgfh2s.2"
0,33.3333333,33.3333333,0,0,33.3333333,0,0,0,0,0,0,0,0,0,FCC,CAST,"Machaka, Ronald (2021), “Dataset for High-Entropy Alloys Phases”, Mendeley Data, V2, doi: 10.17632/7fhwrgfh2s.2"
0,33.3333333,33.3333333,0,0,33.3333333,0,0,0,0,0,0,0,0,0,FCC,CAST,"Machaka, Ronald (2021), “Dataset for High-Entropy Alloys Phases”, Mendeley Data, V2, doi: 10.17632/7fhwrgfh2s.2"
0,20,20,0,20,20,0,0,0,0,0,0,20,0,0,FCC,CAST,"Machaka, Ronald (2021), “Dataset for High-Entropy Alloys Phases”, Mendeley Data, V2, doi: 10.17632/7fhwrgfh2s.2"
0,20,20,0,20,20,0,0,0,0,0,0,20,0,0,FCC,CAST,"Machaka, Ronald (2021), “Dataset for High-Entropy Alloys Phases”, Mendeley Data, V2, doi: 10.17632/7fhwrgfh2s.2"
0,20,20,0,20,20,0,0,0,0,0,0,20,0,0,FCC,CAST,"Machaka, Ronald (2021), “Dataset for High-Entropy Alloys Phases”, Mendeley Data, V2, doi: 10.17632/7fhwrgfh2s.2"
0,20,20,0,20,20,0,0,0,0,0,0,20,0,0,FCC,CAST,"Machaka, Ronald (2021), “Dataset for High-Entropy Alloys Phases”, Mendeley Data, V2, doi: 10.17632/7fhwrgfh2s.2"
0,20,20,0,20,20,0,0,0,0,0,0,20,0,0,FCC,CAST,"Machaka, Ronald (2021), “Dataset for High-Entropy Alloys Phases”, Mendeley Data, V2, doi: 10.17632/7fhwrgfh2s.2"
0,20,20,0,20,20,0,0,0,0,0,0,20,0,0,FCC,CAST,"Machaka, Ronald (2021), “Dataset for High-Entropy Alloys Phases”, Mendeley Data, V2, doi: 10.17632/7fhwrgfh2s.2"
0,20,20,0,20,20,0,0,0,0,0,0,20,0,0,FCC,CAST,"Machaka, Ronald (2021), “Dataset for High-Entropy Alloys Phases”, Mendeley Data, V2, doi: 10.17632/7fhwrgfh2s.2"
0,20,20,0,20,20,0,0,0,0,0,0,20,0,0,FCC,CAST,"Machaka, Ronald (2021), “Dataset for High-Entropy Alloys Phases”, Mendeley Data, V2, doi: 10.17632/7fhwrgfh2s.2"
0,20,20,0,20,20,0,0,0,0,0,0,20,0,0,FCC,CAST,"Machaka, Ronald (2021), “Dataset for High-Entropy Alloys Phases”, Mendeley Data, V2, doi: 10.17632/7fhwrgfh2s.2"
0,20,20,0,20,20,0,0,0,0,0,0,20,0,0,FCC,CAST,"Machaka, Ronald (2021), “Dataset for High-Entropy Alloys Phases”, Mendeley Data, V2, doi: 10.17632/7fhwrgfh2s.2"
0,20,20,0,20,20,0,0,0,0,0,0,20,0,0,FCC,CAST,"Machaka, Ronald (2021), “Dataset for High-Entropy Alloys Phases”, Mendeley Data, V2, doi: 10.17632/7fhwrgfh2s.2"
0,20,20,0,20,20,0,0,0,0,0,0,20,0,0,FCC,CAST,"Machaka, Ronald (2021), “Dataset for High-Entropy Alloys Phases”, Mendeley Data, V2, doi: 10.17632/7fhwrgfh2s.2"
0,20,20,0,20,20,0,0,0,0,0,0,20,0,0,FCC,CAST,"Machaka, Ronald (2021), “Dataset for High-Entropy Alloys Phases”, Mendeley Data, V2, doi: 10.17632/7fhwrgfh2s.2"
0,20,20,0,20,20,0,0,0,0,0,0,20,0,0,FCC,CAST,"Machaka, Ronald (2021), “Dataset for High-Entropy Alloys Phases”, Mendeley Data, V2, doi: 10.17632/7fhwrgfh2s.2"
0,20,20,0,20,20,0,0,0,0,0,0,20,0,0,FCC,CAST,"Machaka, Ronald (2021), “Dataset for High-Entropy Alloys Phases”, Mendeley Data, V2, doi: 10.17632/7fhwrgfh2s.2"
0,20,20,0,20,20,0,0,0,0,0,0,20,0,0,FCC,CAST,"Machaka, Ronald (2021), “Dataset for High-Entropy Alloys Phases”, Mendeley Data, V2, doi: 10.17632/7fhwrgfh2s.2"
0,20,20,0,20,20,0,0,0,0,0,0,20,0,0,FCC,CAST,"Machaka, Ronald (2021), “Dataset for High-Entropy Alloys Phases”, Mendeley Data, V2, doi: 10.17632/7fhwrgfh2s.2"
0,20,20,0,20,20,0,0,0,0,0,0,20,0,0,FCC,CAST,"Machaka, Ronald (2021), “Dataset for High-Entropy Alloys Phases”, Mendeley Data, V2, doi: 10.17632/7fhwrgfh2s.2"
0,20,20,0,20,20,0,0,0,0,0,0,20,0,0,FCC,CAST,"Machaka, Ronald (2021), “Dataset for High-Entropy Alloys Phases”, Mendeley Data, V2, doi: 10.17632/7fhwrgfh2s.2"
0,20,20,0,20,20,0,0,0,0,0,0,20,0,0,FCC,CAST,"Machaka, Ronald (2021), “Dataset for High-Entropy Alloys Phases”, Mendeley Data, V2, doi: 10.17632/7fhwrgfh2s.2"
0,0,0,0,0,0,0,25,0,25,25,25,0,0,0,BCC,CAST,"Machaka, Ronald (2021), “Dataset for High-Entropy Alloys Phases”, Mendeley Data, V2, doi: 10.17632/7fhwrgfh2s.2"
0,0,0,0,0,0,0,20,0,20,20,0,0,20,20,BCC,CAST,"Machaka, Ronald (2021), “Dataset for High-Entropy Alloys Phases”, Mendeley Data, V2, doi: 10.17632/7fhwrgfh2s.2"
0,0,0,0,0,0,0,25,0,25,0,25,0,0,25,BCC,CAST,"Machaka, Ronald (2021), “Dataset for High-Entropy Alloys Phases”, Mendeley Data, V2, doi: 10.17632/7fhwrgfh2s.2"
20,0,0,0,0,0,0,20,0,20,0,20,0,0,20,BCC,CAST,"Machaka, Ronald (2021), “Dataset for High-Entropy Alloys Phases”, Mendeley Data, V2, doi: 10.17632/7fhwrgfh2s.2"
0,25,25,0,25,25,0,0,0,0,0,0,0,0,0,FCC,CAST,"Machaka, Ronald (2021), “Dataset for High-Entropy Alloys Phases”, Mendeley Data, V2, doi: 10.17632/7fhwrgfh2s.2"
0,23.25,23.25,0,23.25,23.25,7,0,0,0,0,0,0,0,0,FCC,CAST,"Machaka, Ronald (2021), “Dataset for High-Entropy Alloys Phases”, Mendeley Data, V2, doi: 10.17632/7fhwrgfh2s.2"
0,0,0,0,0,0,14.2857143,14.2857143,14.2857143,14.2857143,14.2857143,0,0,14.2857143,14.2857143,BCC1+BCC2,CAST,"Machaka, Ronald (2021), “Dataset for High-Entropy Alloys Phases”, Mendeley Data, V2, doi: 10.17632/7fhwrgfh2s.2"
0,0,0,0,0,0,14.2857143,14.2857143,14.2857143,14.2857143,14.2857143,0,0,14.2857143,14.2857143,BCC1+BCC2,CAST,"Machaka, Ronald (2021), “Dataset for High-Entropy Alloys Phases”, Mendeley Data, V2, doi: 10.17632/7fhwrgfh2s.2"
0,0,0,0,0,0,14.2857143,14.2857143,14.2857143,14.2857143,14.2857143,0,0,14.2857143,14.2857143,BCC1+BCC2,CAST,"Machaka, Ronald (2021), “Dataset for High-Entropy Alloys Phases”, Mendeley Data, V2, doi: 10.17632/7fhwrgfh2s.2"
0,0,0,0,0,0,0,20,0,20,20,0,0,20,20,BCC,CAST,"Machaka, Ronald (2021), “Dataset for High-Entropy Alloys Phases”, Mendeley Data, V2, doi: 10.17632/7fhwrgfh2s.2"
0,0,0,0,0,0,0,20,0,20,20,0,0,20,20,BCC,CAST,"Machaka, Ronald (2021), “Dataset for High-Entropy Alloys Phases”, Mendeley Data, V2, doi: 10.17632/7fhwrgfh2s.2"
0,0,0,0,0,0,0,20,0,20,20,0,0,20,20,BCC,CAST,"Machaka, Ronald (2021), “Dataset for High-Entropy Alloys Phases”, Mendeley Data, V2, doi: 10.17632/7fhwrgfh2s.2"
0,0,0,0,0,0,0,20,0,20,20,0,0,20,20,BCC,CAST,"Machaka, Ronald (2021), “Dataset for High-Entropy Alloys Phases”, Mendeley Data, V2, doi: 10.17632/7fhwrgfh2s.2"
0,0,0,0,0,0,0,16.6666667,16.6666667,16.6666667,16.6666667,0,0,16.6666667,16.6666667,BCC1+BCC2,CAST,"Machaka, Ronald (2021), “Dataset for High-Entropy Alloys Phases”, Mendeley Data, V2, doi: 10.17632/7fhwrgfh2s.2"
0,0,0,0,0,0,0,16.6666667,16.6666667,16.6666667,16.6666667,0,0,16.6666667,16.6666667,BCC1+BCC2,CAST,"Machaka, Ronald (2021), “Dataset for High-Entropy Alloys Phases”, Mendeley Data, V2, doi: 10.17632/7fhwrgfh2s.2"
0,0,0,0,0,0,0,16.6666667,16.6666667,16.6666667,16.6666667,0,0,16.6666667,16.6666667,BCC1+BCC2,CAST,"Machaka, Ronald (2021), “Dataset for High-Entropy Alloys Phases”, Mendeley Data, V2, doi: 10.17632/7fhwrgfh2s.2"
0,20,20,20,20,20,0,0,0,0,0,0,0,0,0,FCC,CAST,"Machaka, Ronald (2021), “Dataset for High-Entropy Alloys Phases”, Mendeley Data, V2, doi: 10.17632/7fhwrgfh2s.2"
0,20,20,20,20,20,0,0,0,0,0,0,0,0,0,FCC,CAST,"Machaka, Ronald (2021), “Dataset for High-Entropy Alloys Phases”, Mendeley Data, V2, doi: 10.17632/7fhwrgfh2s.2"
0,20,20,20,20,20,0,0,0,0,0,0,0,0,0,FCC,CAST,"Machaka, Ronald (2021), “Dataset for High-Entropy Alloys Phases”, Mendeley Data, V2, doi: 10.17632/7fhwrgfh2s.2"
0,20,20,20,20,20,0,0,0,0,0,0,0,0,0,FCC,CAST,"Machaka, Ronald (2021), “Dataset for High-Entropy Alloys Phases”, Mendeley Data, V2, doi: 10.17632/7fhwrgfh2s.2"
0,20,20,20,20,20,0,0,0,0,0,0,0,0,0,FCC,CAST,"Machaka, Ronald (2021), “Dataset for High-Entropy Alloys Phases”, Mendeley Data, V2, doi: 10.17632/7fhwrgfh2s.2"
0,20,20,20,20,20,0,0,0,0,0,0,0,0,0,FCC,CAST,"Machaka, Ronald (2021), “Dataset for High-Entropy Alloys Phases”, Mendeley Data, V2, doi: 10.17632/7fhwrgfh2s.2"
0,0,40,0,20,20,0,0,0,0,0,0,20,0,0,BCC+FCC,CAST,"Machaka, Ronald (2021), “Dataset for High-Entropy Alloys Phases”, Mendeley Data, V2, doi: 10.17632/7fhwrgfh2s.2"
0,0,35,5,20,20,0,0,0,0,0,0,20,0,0,BCC+FCC,CAST,"Machaka, Ronald (2021), “Dataset for High-Entropy Alloys Phases”, Mendeley Data, V2, doi: 10.17632/7fhwrgfh2s.2"
0,0,30,10,20,20,0,0,0,0,0,0,20,0,0,BCC+FCC,CAST,"Machaka, Ronald (2021), “Dataset for High-Entropy Alloys Phases”, Mendeley Data, V2, doi: 10.17632/7fhwrgfh2s.2"
0,0,25,15,20,20,0,0,0,0,0,0,20,0,0,BCC+FCC,CAST,"Machaka, Ronald (2021), “Dataset for High-Entropy Alloys Phases”, Mendeley Data, V2, doi: 10.17632/7fhwrgfh2s.2"
0,0,20,20,20,20,0,0,0,0,0,0,20,0,0,BCC+FCC,CAST,"Machaka, Ronald (2021), “Dataset for High-Entropy Alloys Phases”, Mendeley Data, V2, doi: 10.17632/7fhwrgfh2s.2"
0,0,20,20,20,20,0,0,0,0,0,0,20,0,0,BCC+FCC,CAST,"Machaka, Ronald (2021), “Dataset for High-Entropy Alloys Phases”, Mendeley Data, V2, doi: 10.17632/7fhwrgfh2s.2"
0,20,20,20,20,20,0,0,0,0,0,0,0,0,0,FCC,CAST,"Machaka, Ronald (2021), “Dataset for High-Entropy Alloys Phases”, Mendeley Data, V2, doi: 10.17632/7fhwrgfh2s.2"
0,20,20,20,20,0,0,0,0,0,0,0,20,0,0,BCC+FCC,CAST,"Machaka, Ronald (2021), “Dataset for High-Entropy Alloys Phases”, Mendeley Data, V2, doi: 10.17632/7fhwrgfh2s.2"
18.1818182,18.1818182,18.1818182,0,18.1818182,18.1818182,0,9.0909091,0,0,0,0,0,0,0,BCC,CAST,"Machaka, Ronald (2021), “Dataset for High-Entropy Alloys Phases”, Mendeley Data, V2, doi: 10.17632/7fhwrgfh2s.2"
0,23.8095238,23.8095238,0,23.8095238,23.8095238,0,0,4.7619048,0,0,0,0,0,0,FCC,CAST,"Machaka, Ronald (2021), “Dataset for High-Entropy Alloys Phases”, Mendeley Data, V2, doi: 10.17632/7fhwrgfh2s.2"
0,0,0,0,0,0,0,25,0,25,25,0,0,0,25,BCC1+BCC2,CAST,"Machaka, Ronald (2021), “Dataset for High-Entropy Alloys Phases”, Mendeley Data, V2, doi: 10.17632/7fhwrgfh2s.2"
0,0,0,0,0,0,5,23.75,0,23.75,23.75,0,0,0,23.75,BCC1+BCC2,CAST,"Machaka, Ronald (2021), “Dataset for High-Entropy Alloys Phases”, Mendeley Data, V2, doi: 10.17632/7fhwrgfh2s.2"
0,0,0,0,0,0,10,22.5,0,22.5,22.5,0,0,0,22.5,BCC1+BCC2,CAST,"Machaka, Ronald (2021), “Dataset for High-Entropy Alloys Phases”, Mendeley Data, V2, doi: 10.17632/7fhwrgfh2s.2"
0,0,0,0,0,0,15,21.25,0,21.25,21.25,0,0,0,21.25,BCC1+BCC2,CAST,"Machaka, Ronald (2021), “Dataset for High-Entropy Alloys Phases”, Mendeley Data, V2, doi: 10.17632/7fhwrgfh2s.2"
0,0,0,0,0,0,20,20,0,20,20,0,0,0,20,BCC1+BCC2,CAST,"Machaka, Ronald (2021), “Dataset for High-Entropy Alloys Phases”, Mendeley Data, V2, doi: 10.17632/7fhwrgfh2s.2"
20,20,20,0,20,20,0,0,0,0,0,0,0,0,0,BCC,CAST,"Machaka, Ronald (2021), “Dataset for High-Entropy Alloys Phases”, Mendeley Data, V2, doi: 10.17632/7fhwrgfh2s.2"
20,20,20,0,20,20,0,0,0,0,0,0,0,0,0,BCC,CAST,"Machaka, Ronald (2021), “Dataset for High-Entropy Alloys Phases”, Mendeley Data, V2, doi: 10.17632/7fhwrgfh2s.2"
0,33.3333333,33.3333333,0,0,33.3333333,0,0,0,0,0,0,0,0,0,FCC,CAST,"Machaka, Ronald (2021), “Dataset for High-Entropy Alloys Phases”, Mendeley Data, V2, doi: 10.17632/7fhwrgfh2s.2"
9.0909091,18.1818182,18.1818182,0,18.1818182,18.1818182,0,0,0,0,0,0,18.1818182,0,0,BCC+FCC,CAST,"Machaka, Ronald (2021), “Dataset for High-Entropy Alloys Phases”, Mendeley Data, V2, doi: 10.17632/7fhwrgfh2s.2"
0,0,0,0,0,0,0,33.3333333,0,33.3333333,0,0,0,0,33.3333333,BCC,CAST,"Machaka, Ronald (2021), “Dataset for High-Entropy Alloys Phases”, Mendeley Data, V2, doi: 10.17632/7fhwrgfh2s.2"
0,0,0,0,0,0,0,33.3333333,0,33.3333333,0,0,0,33.3333333,0,BCC,CAST,"Machaka, Ronald (2021), “Dataset for High-Entropy Alloys Phases”, Mendeley Data, V2, doi: 10.17632/7fhwrgfh2s.2"
0,0,0,0,0,0,0,0,0,25,25,0,0,25,25,BCC,CAST,"Machaka, Ronald (2021), “Dataset for High-Entropy Alloys Phases”, Mendeley Data, V2, doi: 10.17632/7fhwrgfh2s.2"
0,0,0,0,0,0,0,0,0,25,25,0,0,25,25,BCC,CAST,"Machaka, Ronald (2021), “Dataset for High-Entropy Alloys Phases”, Mendeley Data, V2, doi: 10.17632/7fhwrgfh2s.2"
0,0,0,0,0,0,0,0,0,25,25,0,0,25,25,BCC,CAST,"Machaka, Ronald (2021), “Dataset for High-Entropy Alloys Phases”, Mendeley Data, V2, doi: 10.17632/7fhwrgfh2s.2"
0,0,0,0,0,0,0,0,0,25,25,0,0,25,25,BCC,CAST,"Machaka, Ronald (2021), “Dataset for High-Entropy Alloys Phases”, Mendeley Data, V2, doi: 10.17632/7fhwrgfh2s.2"
0,0,0,0,0,0,0,0,0,25,25,0,0,25,25,BCC,CAST,"Machaka, Ronald (2021), “Dataset for High-Entropy Alloys Phases”, Mendeley Data, V2, doi: 10.17632/7fhwrgfh2s.2"
0,0,0,0,0,0,0,20,0,20,20,0,0,20,20,BCC,CAST,"Machaka, Ronald (2021), “Dataset for High-Entropy Alloys Phases”, Mendeley Data, V2, doi: 10.17632/7fhwrgfh2s.2"
0,0,0,0,0,0,0,20,0,20,20,0,0,20,20,BCC,CAST,"Machaka, Ronald (2021), “Dataset for High-Entropy Alloys Phases”, Mendeley Data, V2, doi: 10.17632/7fhwrgfh2s.2"
0,0,0,0,0,0,0,20,0,20,20,0,0,20,20,BCC,CAST,"Machaka, Ronald (2021), “Dataset for High-Entropy Alloys Phases”, Mendeley Data, V2, doi: 10.17632/7fhwrgfh2s.2"
0,0,0,0,0,0,0,20,0,20,20,0,0,20,20,BCC,CAST,"Machaka, Ronald (2021), “Dataset for High-Entropy Alloys Phases”, Mendeley Data, V2, doi: 10.17632/7fhwrgfh2s.2"
0,33.3333333,33.3333333,0,0,33.3333333,0,0,0,0,0,0,0,0,0,FCC,CAST,"Machaka, Ronald (2021), “Dataset for High-Entropy Alloys Phases”, Mendeley Data, V2, doi: 10.17632/7fhwrgfh2s.2"
0,33.3333333,33.3333333,0,0,33.3333333,0,0,0,0,0,0,0,0,0,FCC,CAST,"Machaka, Ronald (2021), “Dataset for High-Entropy Alloys Phases”, Mendeley Data, V2, doi: 10.17632/7fhwrgfh2s.2"
0,33.3333333,33.3333333,0,0,33.3333333,0,0,0,0,0,0,0,0,0,FCC,CAST,"Machaka, Ronald (2021), “Dataset for High-Entropy Alloys Phases”, Mendeley Data, V2, doi: 10.17632/7fhwrgfh2s.2"
0,33.3333333,33.3333333,0,0,33.3333333,0,0,0,0,0,0,0,0,0,FCC,CAST,"Machaka, Ronald (2021), “Dataset for High-Entropy Alloys Phases”, Mendeley Data, V2, doi: 10.17632/7fhwrgfh2s.2"
0,33.3333333,33.3333333,0,0,33.3333333,0,0,0,0,0,0,0,0,0,FCC,CAST,"Machaka, Ronald (2021), “Dataset for High-Entropy Alloys Phases”, Mendeley Data, V2, doi: 10.17632/7fhwrgfh2s.2"
0,33.3333333,33.3333333,0,0,33.3333333,0,0,0,0,0,0,0,0,0,FCC,CAST,"Machaka, Ronald (2021), “Dataset for High-Entropy Alloys Phases”, Mendeley Data, V2, doi: 10.17632/7fhwrgfh2s.2"
0,33.3333333,33.3333333,0,0,33.3333333,0,0,0,0,0,0,0,0,0,FCC,CAST,"Machaka, Ronald (2021), “Dataset for High-Entropy Alloys Phases”, Mendeley Data, V2, doi: 10.17632/7fhwrgfh2s.2"
0,33.3333333,33.3333333,0,0,33.3333333,0,0,0,0,0,0,0,0,0,FCC,CAST,"Machaka, Ronald (2021), “Dataset for High-Entropy Alloys Phases”, Mendeley Data, V2, doi: 10.17632/7fhwrgfh2s.2"
0,20,20,0,20,20,0,0,0,0,0,0,20,0,0,FCC,CAST,"Machaka, Ronald (2021), “Dataset for High-Entropy Alloys Phases”, Mendeley Data, V2, doi: 10.17632/7fhwrgfh2s.2"
0,20,20,0,20,20,0,0,0,0,0,0,20,0,0,FCC,CAST,"Machaka, Ronald (2021), “Dataset for High-Entropy Alloys Phases”, Mendeley Data, V2, doi: 10.17632/7fhwrgfh2s.2"
0,10,25,0,20,40,0,0,0,0,0,0,5,0,0,FCC,CAST,"Machaka, Ronald (2021), “Dataset for High-Entropy Alloys Phases”, Mendeley Data, V2, doi: 10.17632/7fhwrgfh2s.2"
0,10,25,0,20,40,0,0,0,0,0,0,5,0,0,FCC,CAST,"Machaka, Ronald (2021), “Dataset for High-Entropy Alloys Phases”, Mendeley Data, V2, doi: 10.17632/7fhwrgfh2s.2"
0,20,25,0,10,40,0,0,0,0,0,0,5,0,0,FCC,CAST,"Machaka, Ronald (2021), “Dataset for High-Entropy Alloys Phases”, Mendeley Data, V2, doi: 10.17632/7fhwrgfh2s.2"
0,0,15,0,37.5,37.5,0,0,0,0,0,0,10,0,0,BCC,CAST,"Machaka, Ronald (2021), “Dataset for High-Entropy Alloys Phases”, Mendeley Data, V2, doi: 10.17632/7fhwrgfh2s.2"
0,10,10,0,40,0,0,0,0,0,0,0,40,0,0,FCC,CAST,"Machaka, Ronald (2021), “Dataset for High-Entropy Alloys Phases”, Mendeley Data, V2, doi: 10.17632/7fhwrgfh2s.2"
0,10,10,0,40,0,0,0,0,0,0,0,40,0,0,FCC,CAST,"Machaka, Ronald (2021), “Dataset for High-Entropy Alloys Phases”, Mendeley Data, V2, doi: 10.17632/7fhwrgfh2s.2"
0,10,10,0,40,0,0,0,0,0,0,0,40,0,0,FCC,CAST,"Machaka, Ronald (2021), “Dataset for High-Entropy Alloys Phases”, Mendeley Data, V2, doi: 10.17632/7fhwrgfh2s.2"
0,0,20,20,20,20,0,0,0,0,0,0,20,0,0,BCC+FCC,CAST,"Machaka, Ronald (2021), “Dataset for High-Entropy Alloys Phases”, Mendeley Data, V2, doi: 10.17632/7fhwrgfh2s.2"
0,0,20,20,20,20,0,0,0,0,0,0,20,0,0,BCC+FCC,CAST,"Machaka, Ronald (2021), “Dataset for High-Entropy Alloys Phases”, Mendeley Data, V2, doi: 10.17632/7fhwrgfh2s.2"
0,0,20,20,20,20,0,0,0,0,0,0,20,0,0,BCC+FCC,CAST,"Machaka, Ronald (2021), “Dataset for High-Entropy Alloys Phases”, Mendeley Data, V2, doi: 10.17632/7fhwrgfh2s.2"
0,0,20,20,20,20,0,0,0,0,0,0,20,0,0,BCC+FCC,CAST,"Machaka, Ronald (2021), “Dataset for High-Entropy Alloys Phases”, Mendeley Data, V2, doi: 10.17632/7fhwrgfh2s.2"
0,0,20,20,20,20,0,0,0,0,0,0,20,0,0,BCC+FCC,CAST,"Machaka, Ronald (2021), “Dataset for High-Entropy Alloys Phases”, Mendeley Data, V2, doi: 10.17632/7fhwrgfh2s.2"
0,0,20,20,20,20,0,0,0,0,0,0,20,0,0,BCC+FCC,CAST,"Machaka, Ronald (2021), “Dataset for High-Entropy Alloys Phases”, Mendeley Data, V2, doi: 10.17632/7fhwrgfh2s.2"
14.2857143,14.2857143,14.2857143,14.2857143,14.2857143,14.2857143,0,0,0,0,0,0,14.2857143,0,0,BCC+FCC,CAST,"Machaka, Ronald (2021), “Dataset for High-Entropy Alloys Phases”, Mendeley Data, V2, doi: 10.17632/7fhwrgfh2s.2"
22.2222222,0,11.1111111,0,0,0,0,22.2222222,0,22.2222222,0,22.2222222,0,0,0,BCC+IM,CAST,"Machaka, Ronald (2021), “Dataset for High-Entropy Alloys Phases”, Mendeley Data, V2, doi: 10.17632/7fhwrgfh2s.2"
22.2222222,0,11.1111111,0,0,0,0,22.2222222,0,22.2222222,0,22.2222222,0,0,0,BCC+IM,CAST,"Machaka, Ronald (2021), “Dataset for High-Entropy Alloys Phases”, Mendeley Data, V2, doi: 10.17632/7fhwrgfh2s.2"
0,24.3724104,24.3724104,0,24.3724104,24.3724104,0,0,0,2.5103583,0,0,0,0,0,FCC+IM,CAST,"Machaka, Ronald (2021), “Dataset for High-Entropy Alloys Phases”, Mendeley Data, V2, doi: 10.17632/7fhwrgfh2s.2"
0,24.0673887,24.0673887,0,24.0673887,24.0673887,0,0,0,3.7304452,0,0,0,0,0,FCC+IM,CAST,"Machaka, Ronald (2021), “Dataset for High-Entropy Alloys Phases”, Mendeley Data, V2, doi: 10.17632/7fhwrgfh2s.2"
0,23.7755587,23.7755587,0,23.7755587,23.7755587,0,0,0,4.8977651,0,0,0,0,0,FCC+IM,CAST,"Machaka, Ronald (2021), “Dataset for High-Entropy Alloys Phases”, Mendeley Data, V2, doi: 10.17632/7fhwrgfh2s.2"
0,23.2072407,23.2072407,0,23.2072407,23.2072407,0,0,0,7.1710374,0,0,0,0,0,FCC+IM,CAST,"Machaka, Ronald (2021), “Dataset for High-Entropy Alloys Phases”, Mendeley Data, V2, doi: 10.17632/7fhwrgfh2s.2"
0,22.6654578,22.6654578,0,22.6654578,22.6654578,0,0,0,9.3381686,0,0,0,0,0,FCC+IM,CAST,"Machaka, Ronald (2021), “Dataset for High-Entropy Alloys Phases”, Mendeley Data, V2, doi: 10.17632/7fhwrgfh2s.2"
19.2307692,19.2307692,19.2307692,0,19.2307692,19.2307692,3.8461538,0,0,0,0,0,0,0,0,BCC+IM,CAST,"Machaka, Ronald (2021), “Dataset for High-Entropy Alloys Phases”, Mendeley Data, V2, doi: 10.17632/7fhwrgfh2s.2"
18.8679245,18.8679245,18.8679245,0,18.8679245,18.8679245,5.6603774,0,0,0,0,0,0,0,0,BCC+IM,CAST,"Machaka, Ronald (2021), “Dataset for High-Entropy Alloys Phases”, Mendeley Data, V2, doi: 10.17632/7fhwrgfh2s.2"
18.5185185,18.5185185,18.5185185,0,18.5185185,18.5185185,7.4074074,0,0,0,0,0,0,0,0,BCC+IM,CAST,"Machaka, Ronald (2021), “Dataset for High-Entropy Alloys Phases”, Mendeley Data, V2, doi: 10.17632/7fhwrgfh2s.2"
18.1818182,18.1818182,18.1818182,0,18.1818182,18.1818182,9.0909091,0,0,0,0,0,0,0,0,BCC+IM,CAST,"Machaka, Ronald (2021), “Dataset for High-Entropy Alloys Phases”, Mendeley Data, V2, doi: 10.17632/7fhwrgfh2s.2"
19.047619,19.047619,19.047619,0,19.047619,19.047619,0,0,0,4.7619048,0,0,0,0,0,BCC+IM,CAST,"Machaka, Ronald (2021), “Dataset for High-Entropy Alloys Phases”, Mendeley Data, V2, doi: 10.17632/7fhwrgfh2s.2"
18.1818182,18.1818182,18.1818182,0,18.1818182,18.1818182,0,0,0,9.0909091,0,0,0,0,0,BCC+IM,CAST,"Machaka, Ronald (2021), “Dataset for High-Entropy Alloys Phases”, Mendeley Data, V2, doi: 10.17632/7fhwrgfh2s.2"
15.3846154,15.3846154,15.3846154,0,15.3846154,15.3846154,0,23.0769231,0,0,0,0,0,0,0,BCC+IM,CAST,"Machaka, Ronald (2021), “Dataset for High-Entropy Alloys Phases”, Mendeley Data, V2, doi: 10.17632/7fhwrgfh2s.2"
0,17.3913043,17.3913043,0,17.3913043,17.3913043,0,0,0,0,0,13.0434783,17.3913043,0,0,FCC+IM,CAST,"Machaka, Ronald (2021), “Dataset for High-Entropy Alloys Phases”, Mendeley Data, V2, doi: 10.17632/7fhwrgfh2s.2"
0,16.6666667,16.6666667,0,16.6666667,16.6666667,0,0,0,0,0,16.6666667,16.6666667,0,0,FCC+IM,CAST,"Machaka, Ronald (2021), “Dataset for High-Entropy Alloys Phases”, Mendeley Data, V2, doi: 10.17632/7fhwrgfh2s.2"
20.8333333,0,20.8333333,0,20.8333333,20.8333333,16.6666667,0,0,0,0,0,0,0,0,BCC+IM,CAST,"Machaka, Ronald (2021), “Dataset for High-Entropy Alloys Phases”, Mendeley Data, V2, doi: 10.17632/7fhwrgfh2s.2"
21.7391304,0,21.7391304,21.7391304,21.7391304,13.0434783,0,0,0,0,0,0,0,0,0,BCC+FCC+IM,CAST,"Machaka, Ronald (2021), “Dataset for High-Entropy Alloys Phases”, Mendeley Data, V2, doi: 10.17632/7fhwrgfh2s.2"
20.8333333,0,20.8333333,20.8333333,20.8333333,16.6666667,0,0,0,0,0,0,0,0,0,BCC+FCC+IM,CAST,"Machaka, Ronald (2021), “Dataset for High-Entropy Alloys Phases”, Mendeley Data, V2, doi: 10.17632/7fhwrgfh2s.2"
20,0,20,20,20,20,0,0,0,0,0,0,0,0,0,BCC+FCC+IM,CAST,"Machaka, Ronald (2021), “Dataset for High-Entropy Alloys Phases”, Mendeley Data, V2, doi: 10.17632/7fhwrgfh2s.2"
19.2307692,0,19.2307692,19.2307692,19.2307692,23.0769231,0,0,0,0,0,0,0,0,0,BCC+FCC+IM,CAST,"Machaka, Ronald (2021), “Dataset for High-Entropy Alloys Phases”, Mendeley Data, V2, doi: 10.17632/7fhwrgfh2s.2"
18.5185185,0,18.5185185,18.5185185,18.5185185,25.9259259,0,0,0,0,0,0,0,0,0,BCC+FCC+IM,CAST,"Machaka, Ronald (2021), “Dataset for High-Entropy Alloys Phases”, Mendeley Data, V2, doi: 10.17632/7fhwrgfh2s.2"
0,0,0,0,0,0,20,20,0,20,0,0,0,20,20,BCC+IM,CAST,"Machaka, Ronald (2021), “Dataset for High-Entropy Alloys Phases”, Mendeley Data, V2, doi: 10.17632/7fhwrgfh2s.2"
0,0,26.3157895,0,26.3157895,0,0,0,10.5263158,0,10.5263158,26.3157895,0,0,0,BCC+IM,CAST,"Machaka, Ronald (2021), “Dataset for High-Entropy Alloys Phases”, Mendeley Data, V2, doi: 10.17632/7fhwrgfh2s.2"
16.6666667,16.6666667,16.6666667,16.6666667,16.6666667,16.6666667,0,0,0,0,0,0,0,0,0,BCC+FCC+IM,CAST,"Machaka, Ronald (2021), “Dataset for High-Entropy Alloys Phases”, Mendeley Data, V2, doi: 10.17632/7fhwrgfh2s.2"
0,0,20,0,0,0,10,20,0,20,10,0,0,0,20,BCC+IM,CAST,"Machaka, Ronald (2021), “Dataset for High-Entropy Alloys Phases”, Mendeley Data, V2, doi: 10.17632/7fhwrgfh2s.2"
20,20,20,0,20,20,0,0,0,0,0,0,0,0,0,BCC+IM,CAST,"Machaka, Ronald (2021), “Dataset for High-Entropy Alloys Phases”, Mendeley Data, V2, doi: 10.17632/7fhwrgfh2s.2"
20,20,20,0,20,20,0,0,0,0,0,0,0,0,0,BCC+FCC+IM,CAST,"Machaka, Ronald (2021), “Dataset for High-Entropy Alloys Phases”, Mendeley Data, V2, doi: 10.17632/7fhwrgfh2s.2"
20,20,20,0,20,20,0,0,0,0,0,0,0,0,0,BCC+IM,CAST,"Machaka, Ronald (2021), “Dataset for High-Entropy Alloys Phases”, Mendeley Data, V2, doi: 10.17632/7fhwrgfh2s.2"
20,20,20,0,20,20,0,0,0,0,0,0,0,0,0,BCC+FCC+IM,CAST,"Machaka, Ronald (2021), “Dataset for High-Entropy Alloys Phases”, Mendeley Data, V2, doi: 10.17632/7fhwrgfh2s.2"
20,20,20,0,20,20,0,0,0,0,0,0,0,0,0,BCC+FCC+IM,CAST,"Machaka, Ronald (2021), “Dataset for High-Entropy Alloys Phases”, Mendeley Data, V2, doi: 10.17632/7fhwrgfh2s.2"
20,20,20,0,20,20,0,0,0,0,0,0,0,0,0,BCC+FCC+IM,CAST,"Machaka, Ronald (2021), “Dataset for High-Entropy Alloys Phases”, Mendeley Data, V2, doi: 10.17632/7fhwrgfh2s.2"
20,20,20,0,20,20,0,0,0,0,0,0,0,0,0,BCC+FCC+IM,CAST,"Machaka, Ronald (2021), “Dataset for High-Entropy Alloys Phases”, Mendeley Data, V2, doi: 10.17632/7fhwrgfh2s.2"
20,20,20,0,20,20,0,0,0,0,0,0,0,0,0,BCC+IM,CAST,"Machaka, Ronald (2021), “Dataset for High-Entropy Alloys Phases”, Mendeley Data, V2, doi: 10.17632/7fhwrgfh2s.2"
0,0,20,0,0,0,20,20,0,20,0,0,0,0,20,BCC+IM,CAST,"Machaka, Ronald (2021), “Dataset for High-Entropy Alloys Phases”, Mendeley Data, V2, doi: 10.17632/7fhwrgfh2s.2"
0,20,20,0,20,20,0,0,0,0,0,0,20,0,0,FCC+IM,CAST,"Machaka, Ronald (2021), “Dataset for High-Entropy Alloys Phases”, Mendeley Data, V2, doi: 10.17632/7fhwrgfh2s.2"
19.2307692,19.2307692,19.2307692,0,19.2307692,19.2307692,0,3.8461538,0,0,0,0,0,0,0,BCC+IM,CAST,"Machaka, Ronald (2021), “Dataset for High-Entropy Alloys Phases”, Mendeley Data, V2, doi: 10.17632/7fhwrgfh2s.2"
18.5185185,18.5185185,18.5185185,0,18.5185185,18.5185185,0,7.4074074,0,0,0,0,0,0,0,BCC+IM,CAST,"Machaka, Ronald (2021), “Dataset for High-Entropy Alloys Phases”, Mendeley Data, V2, doi: 10.17632/7fhwrgfh2s.2"
24.3902439,0,0,0,0,0,0,24.3902439,0,24.3902439,0,24.3902439,0,0,2.4390244,BCC+IM,CAST,"Machaka, Ronald (2021), “Dataset for High-Entropy Alloys Phases”, Mendeley Data, V2, doi: 10.17632/7fhwrgfh2s.2"
23.5294118,0,0,0,0,0,0,23.5294118,0,23.5294118,0,23.5294118,0,0,5.8823529,BCC+IM,CAST,"Machaka, Ronald (2021), “Dataset for High-Entropy Alloys Phases”, Mendeley Data, V2, doi: 10.17632/7fhwrgfh2s.2"
22.2222222,0,0,0,0,0,0,22.2222222,0,22.2222222,0,22.2222222,0,0,11.1111111,BCC+IM,CAST,"Machaka, Ronald (2021), “Dataset for High-Entropy Alloys Phases”, Mendeley Data, V2, doi: 10.17632/7fhwrgfh2s.2"
20,0,0,0,0,0,0,20,0,20,0,20,0,0,20,BCC+IM,CAST,"Machaka, Ronald (2021), “Dataset for High-Entropy Alloys Phases”, Mendeley Data, V2, doi: 10.17632/7fhwrgfh2s.2"
18.1818182,0,0,0,0,0,0,18.1818182,0,18.1818182,0,18.1818182,0,0,27.2727273,BCC+IM,CAST,"Machaka, Ronald (2021), “Dataset for High-Entropy Alloys Phases”, Mendeley Data, V2, doi: 10.17632/7fhwrgfh2s.2"
4.7619048,23.8095238,23.8095238,0,23.8095238,23.8095238,0,0,0,0,0,0,0,0,0,BCC+IM,CAST,"Machaka, Ronald (2021), “Dataset for High-Entropy Alloys Phases”, Mendeley Data, V2, doi: 10.17632/7fhwrgfh2s.2"
30,16.6666667,16.6666667,0,16.6666667,16.6666667,0,3.3333333,0,0,0,0,0,0,0,BCC+IM,CAST,"Machaka, Ronald (2021), “Dataset for High-Entropy Alloys Phases”, Mendeley Data, V2, doi: 10.17632/7fhwrgfh2s.2"
25,16.6666667,16.6666667,0,16.6666667,16.6666667,0,8.3333333,0,0,0,0,0,0,0,BCC+IM,CAST,"Machaka, Ronald (2021), “Dataset for High-Entropy Alloys Phases”, Mendeley Data, V2, doi: 10.17632/7fhwrgfh2s.2"
16.6666667,16.6666667,16.6666667,0,16.6666667,16.6666667,0,16.6666667,0,0,0,0,0,0,0,BCC+IM,CAST,"Machaka, Ronald (2021), “Dataset for High-Entropy Alloys Phases”, Mendeley Data, V2, doi: 10.17632/7fhwrgfh2s.2"
13.3333333,16.6666667,16.6666667,0,16.6666667,16.6666667,0,20,0,0,0,0,0,0,0,BCC+IM,CAST,"Machaka, Ronald (2021), “Dataset for High-Entropy Alloys Phases”, Mendeley Data, V2, doi: 10.17632/7fhwrgfh2s.2"
9.8039216,0,17.6470588,0,19.6078431,49.0196078,0,0,0,0,0,3.9215686,0,0,0,FCC+IM,CAST,"Machaka, Ronald (2021), “Dataset for High-Entropy Alloys Phases”, Mendeley Data, V2, doi: 10.17632/7fhwrgfh2s.2"
7,20,20,0,22,19,0,0,0,0,0,0,12,0,0,BCC+FCC+IM,CAST,"Machaka, Ronald (2021), “Dataset for High-Entropy Alloys Phases”, Mendeley Data, V2, doi: 10.17632/7fhwrgfh2s.2"
0.0526039,0,0,0,0,0,0,42.0831142,0,25.2498685,0,5.2603893,0,0,27.3540242,BCC+IM,CAST,"Machaka, Ronald (2021), “Dataset for High-Entropy Alloys Phases”, Mendeley Data, V2, doi: 10.17632/7fhwrgfh2s.2"
0,10,10,0,50,0,0,0,0,0,0,0,30,0,0,FCC+IM,CAST,"Machaka, Ronald (2021), “Dataset for High-Entropy Alloys Phases”, Mendeley Data, V2, doi: 10.17632/7fhwrgfh2s.2"
10,25,8,0,15,36,0,6,0,0,0,0,0,0,0,FCC+IM,CAST,"Machaka, Ronald (2021), “Dataset for High-Entropy Alloys Phases”, Mendeley Data, V2, doi: 10.17632/7fhwrgfh2s.2"
10,25,8,0,15,36,0,6,0,0,0,0,0,0,0,FCC+IM,CAST,"Machaka, Ronald (2021), “Dataset for High-Entropy Alloys Phases”, Mendeley Data, V2, doi: 10.17632/7fhwrgfh2s.2"
0,0,22.4719101,0,0,0,0,42.4719101,0,22.4719101,0,12.5842697,0,0,0,BCC+IM,CAST,"Machaka, Ronald (2021), “Dataset for High-Entropy Alloys Phases”, Mendeley Data, V2, doi: 10.17632/7fhwrgfh2s.2"
7.5,13.3333333,13.3333333,0,13.3333333,45,0,7.5,0,0,0,0,0,0,0,FCC+IM,CAST,"Machaka, Ronald (2021), “Dataset for High-Entropy Alloys Phases”, Mendeley Data, V2, doi: 10.17632/7fhwrgfh2s.2"
7.5,13.3333333,13.3333333,0,13.3333333,45,0,7.5,0,0,0,0,0,0,0,FCC+IM,CAST,"Machaka, Ronald (2021), “Dataset for High-Entropy Alloys Phases”, Mendeley Data, V2, doi: 10.17632/7fhwrgfh2s.2"
16.5289256,16.5289256,16.5289256,0,16.5289256,33.0578512,0.8264463,0,0,0,0,0,0,0,0,BCC+FCC+IM,CAST,"Machaka, Ronald (2021), “Dataset for High-Entropy Alloys Phases”, Mendeley Data, V2, doi: 10.17632/7fhwrgfh2s.2"
0,23.8095238,23.8095238,0,23.8095238,23.8095238,4.7619048,0,0,0,0,0,0,0,0,FCC+IM,CAST,"Machaka, Ronald (2021), “Dataset for High-Entropy Alloys Phases”, Mendeley Data, V2, doi: 10.17632/7fhwrgfh2s.2"
0,23.8095238,23.8095238,0,23.8095238,23.8095238,4.7619048,0,0,0,0,0,0,0,0,FCC+IM,CAST,"Machaka, Ronald (2021), “Dataset for High-Entropy Alloys Phases”, Mendeley Data, V2, doi: 10.17632/7fhwrgfh2s.2"
0,5,0,5,0,40,0,40,0,0,0,0,0,0,10,BCC+IM,CAST,"Machaka, Ronald (2021), “Dataset for High-Entropy Alloys Phases”, Mendeley Data, V2, doi: 10.17632/7fhwrgfh2s.2"
0,10,0,10,0,30,0,30,0,0,0,0,0,0,20,BCC+IM,CAST,"Machaka, Ronald (2021), “Dataset for High-Entropy Alloys Phases”, Mendeley Data, V2, doi: 10.17632/7fhwrgfh2s.2"
0,16.6666667,0,16.6666667,0,16.6666667,0,25,0,0,0,0,0,0,25,BCC+IM,CAST,"Machaka, Ronald (2021), “Dataset for High-Entropy Alloys Phases”, Mendeley Data, V2, doi: 10.17632/7fhwrgfh2s.2"
0,14.2857143,0,9.5238095,0,28.5714286,0,28.5714286,0,0,0,0,0,9.5238095,9.5238095,BCC+IM,CAST,"Machaka, Ronald (2021), “Dataset for High-Entropy Alloys Phases”, Mendeley Data, V2, doi: 10.17632/7fhwrgfh2s.2"
0,15,0,15,0,20,0,20,0,0,0,0,0,15,15,BCC+IM,CAST,"Machaka, Ronald (2021), “Dataset for High-Entropy Alloys Phases”, Mendeley Data, V2, doi: 10.17632/7fhwrgfh2s.2"
0,16.6666667,0,16.6666667,0,16.6666667,0,16.6666667,0,0,0,0,0,16.6666667,16.6666667,BCC+IM,CAST,"Machaka, Ronald (2021), “Dataset for High-Entropy Alloys Phases”, Mendeley Data, V2, doi: 10.17632/7fhwrgfh2s.2"
0,18.699187,18.699187,18.699187,18.699187,18.699187,0,0,0,6.504065,0,0,0,0,0,FCC+IM,CAST,"Machaka, Ronald (2021), “Dataset for High-Entropy Alloys Phases”, Mendeley Data, V2, doi: 10.17632/7fhwrgfh2s.2"
0,18.0327869,18.0327869,18.0327869,18.0327869,18.0327869,0,0,0,9.8360656,0,0,0,0,0,FCC+IM,CAST,"Machaka, Ronald (2021), “Dataset for High-Entropy Alloys Phases”, Mendeley Data, V2, doi: 10.17632/7fhwrgfh2s.2"
0,17.3553719,17.3553719,17.3553719,17.3553719,17.3553719,0,0,0,13.2231405,0,0,0,0,0,FCC+IM,CAST,"Machaka, Ronald (2021), “Dataset for High-Entropy Alloys Phases”, Mendeley Data, V2, doi: 10.17632/7fhwrgfh2s.2"
11.1111111,0,0,0,0,0,0,22.2222222,0,22.2222222,0,22.2222222,0,0,22.2222222,BCC+IM,CAST,"Machaka, Ronald (2021), “Dataset for High-Entropy Alloys Phases”, Mendeley Data, V2, doi: 10.17632/7fhwrgfh2s.2"
20,0,20,0,20,20,0,0,0,0,0,0,20,0,0,BCC+FCC+IM,CAST,"Machaka, Ronald (2021), “Dataset for High-Entropy Alloys Phases”, Mendeley Data, V2, doi: 10.17632/7fhwrgfh2s.2"
20,0,20,0,20,20,0,0,0,0,0,0,20,0,0,BCC+FCC+IM,CAST,"Machaka, Ronald (2021), “Dataset for High-Entropy Alloys Phases”, Mendeley Data, V2, doi: 10.17632/7fhwrgfh2s.2"
11.1111111,22.2222222,22.2222222,0,22.2222222,22.2222222,0,0,0,0,0,0,0,0,0,BCC+FCC+IM,CAST,"Machaka, Ronald (2021), “Dataset for High-Entropy Alloys Phases”, Mendeley Data, V2, doi: 10.17632/7fhwrgfh2s.2"
11.1111111,22.2222222,22.2222222,0,22.2222222,22.2222222,0,0,0,0,0,0,0,0,0,BCC+FCC+IM,CAST,"Machaka, Ronald (2021), “Dataset for High-Entropy Alloys Phases”, Mendeley Data, V2, doi: 10.17632/7fhwrgfh2s.2"
11.1111111,22.2222222,22.2222222,0,22.2222222,22.2222222,0,0,0,0,0,0,0,0,0,BCC+FCC+IM,CAST,"Machaka, Ronald (2021), “Dataset for High-Entropy Alloys Phases”, Mendeley Data, V2, doi: 10.17632/7fhwrgfh2s.2"
9.0909091,18.1818182,18.1818182,0,18.1818182,18.1818182,0,0,0,0,0,0,18.1818182,0,0,FCC+IM,CAST,"Machaka, Ronald (2021), “Dataset for High-Entropy Alloys Phases”, Mendeley Data, V2, doi: 10.17632/7fhwrgfh2s.2"
0,22.2222222,22.2222222,0,22.2222222,22.2222222,0,0,0,0,0,11.1111111,0,0,0,FCC+IM,CAST,"Machaka, Ronald (2021), “Dataset for High-Entropy Alloys Phases”, Mendeley Data, V2, doi: 10.17632/7fhwrgfh2s.2"
0,21.2765957,21.2765957,0,21.2765957,21.2765957,0,0,0,0,0,14.893617,0,0,0,FCC+IM,CAST,"Machaka, Ronald (2021), “Dataset for High-Entropy Alloys Phases”, Mendeley Data, V2, doi: 10.17632/7fhwrgfh2s.2"
0,20.8333333,20.8333333,0,20.8333333,20.8333333,0,0,0,0,0,16.6666667,0,0,0,FCC+IM,CAST,"Machaka, Ronald (2021), “Dataset for High-Entropy Alloys Phases”, Mendeley Data, V2, doi: 10.17632/7fhwrgfh2s.2"
0,20.4081633,20.4081633,0,20.4081633,20.4081633,0,0,0,0,0,18.3673469,0,0,0,FCC+IM,CAST,"Machaka, Ronald (2021), “Dataset for High-Entropy Alloys Phases”, Mendeley Data, V2, doi: 10.17632/7fhwrgfh2s.2"
0,20,20,0,20,20,0,0,0,0,0,20,0,0,0,FCC+IM,CAST,"Machaka, Ronald (2021), “Dataset for High-Entropy Alloys Phases”, Mendeley Data, V2, doi: 10.17632/7fhwrgfh2s.2"
0,20,20,0,20,20,0,0,0,0,0,0,20,0,0,FCC+IM,CAST,"Machaka, Ronald (2021), “Dataset for High-Entropy Alloys Phases”, Mendeley Data, V2, doi: 10.17632/7fhwrgfh2s.2"
0,20,20,0,20,20,0,0,0,0,0,0,20,0,0,FCC+IM,CAST,"Machaka, Ronald (2021), “Dataset for High-Entropy Alloys Phases”, Mendeley Data, V2, doi: 10.17632/7fhwrgfh2s.2"
0,30,10,0,45,5,0,0,0,0,0,10,0,0,0,BCC+FCC+IM,CAST,"Machaka, Ronald (2021), “Dataset for High-Entropy Alloys Phases”, Mendeley Data, V2, doi: 10.17632/7fhwrgfh2s.2"
0,35,10,0,45,0,0,0,0,0,0,10,0,0,0,BCC+FCC+IM,CAST,"Machaka, Ronald (2021), “Dataset for High-Entropy Alloys Phases”, Mendeley Data, V2, doi: 10.17632/7fhwrgfh2s.2"
14,4,34,0,34,14,0,0,0,0,0,0,0,0,0,BCC+IM,CAST,"Machaka, Ronald (2021), “Dataset for High-Entropy Alloys Phases”, Mendeley Data, V2, doi: 10.17632/7fhwrgfh2s.2"
25,25,25,0,0,25,0,0,0,0,0,0,0,0,0,BCC+IM,CAST,"Machaka, Ronald (2021), “Dataset for High-Entropy Alloys Phases”, Mendeley Data, V2, doi: 10.17632/7fhwrgfh2s.2"
20,20,20,0,20,20,0,0,0,0,0,0,0,0,0,BCC+IM,CAST,"Machaka, Ronald (2021), “Dataset for High-Entropy Alloys Phases”, Mendeley Data, V2, doi: 10.17632/7fhwrgfh2s.2"
0,10,15,0,35,25,0,0,0,0,0,10,5,0,0,FCC+IM,CAST,"Machaka, Ronald (2021), “Dataset for High-Entropy Alloys Phases”, Mendeley Data, V2, doi: 10.17632/7fhwrgfh2s.2"
0,10,15,0,35,25,0,0,0,0,0,10,5,0,0,FCC+IM,CAST,"Machaka, Ronald (2021), “Dataset for High-Entropy Alloys Phases”, Mendeley Data, V2, doi: 10.17632/7fhwrgfh2s.2"
0,10,15,0,35,25,0,0,0,0,0,10,5,0,0,FCC+IM,CAST,"Machaka, Ronald (2021), “Dataset for High-Entropy Alloys Phases”, Mendeley Data, V2, doi: 10.17632/7fhwrgfh2s.2"
0,10,15,0,35,25,0,0,0,0,0,10,5,0,0,FCC+IM,CAST,"Machaka, Ronald (2021), “Dataset for High-Entropy Alloys Phases”, Mendeley Data, V2, doi: 10.17632/7fhwrgfh2s.2"
0,10,15,0,35,25,0,0,0,0,0,10,5,0,0,FCC+IM,CAST,"Machaka, Ronald (2021), “Dataset for High-Entropy Alloys Phases”, Mendeley Data, V2, doi: 10.17632/7fhwrgfh2s.2"
0,17.5,12.5,0,55,10,5,0,0,0,0,0,0,0,0,FCC+IM,CAST,"Machaka, Ronald (2021), “Dataset for High-Entropy Alloys Phases”, Mendeley Data, V2, doi: 10.17632/7fhwrgfh2s.2"
0,18.0904523,12.0603015,0,55.2763819,7.0351759,7.5376884,0,0,0,0,0,0,0,0,FCC+IM,CAST,"Machaka, Ronald (2021), “Dataset for High-Entropy Alloys Phases”, Mendeley Data, V2, doi: 10.17632/7fhwrgfh2s.2"
0,18.0904523,12.0603015,0,55.2763819,7.0351759,7.5376884,0,0,0,0,0,0,0,0,FCC+IM,CAST,"Machaka, Ronald (2021), “Dataset for High-Entropy Alloys Phases”, Mendeley Data, V2, doi: 10.17632/7fhwrgfh2s.2"
25,0,0,0,0,0,12.5,25,0,0,12.5,0,0,0,25,BCC+IM,CAST,"Machaka, Ronald (2021), “Dataset for High-Entropy Alloys Phases”, Mendeley Data, V2, doi: 10.17632/7fhwrgfh2s.2"
0,0,0,0,0,0,0,20,0,20,0,20,0,20,20,BCC+IM,CAST,"Machaka, Ronald (2021), “Dataset for High-Entropy Alloys Phases”, Mendeley Data, V2, doi: 10.17632/7fhwrgfh2s.2"
0,0,0,0,0,0,0,20,0,20,0,20,0,20,20,BCC+IM,CAST,"Machaka, Ronald (2021), “Dataset for High-Entropy Alloys Phases”, Mendeley Data, V2, doi: 10.17632/7fhwrgfh2s.2"
0,0,20,0,0,0,0,20,0,20,0,0,0,20,20,BCC+IM,CAST,"Machaka, Ronald (2021), “Dataset for High-Entropy Alloys Phases”, Mendeley Data, V2, doi: 10.17632/7fhwrgfh2s.2"
0,0,20,0,0,0,0,20,0,20,0,0,0,20,20,BCC+IM,CAST,"Machaka, Ronald (2021), “Dataset for High-Entropy Alloys Phases”, Mendeley Data, V2, doi: 10.17632/7fhwrgfh2s.2"
0,0,20,0,0,0,0,20,0,20,0,0,0,20,20,BCC+IM,CAST,"Machaka, Ronald (2021), “Dataset for High-Entropy Alloys Phases”, Mendeley Data, V2, doi: 10.17632/7fhwrgfh2s.2"
0,0,20,0,0,0,0,20,0,20,0,0,0,20,20,BCC+IM,CAST,"Machaka, Ronald (2021), “Dataset for High-Entropy Alloys Phases”, Mendeley Data, V2, doi: 10.17632/7fhwrgfh2s.2"
0,0,20,0,0,0,0,20,0,20,0,0,0,20,20,BCC+IM,CAST,"Machaka, Ronald (2021), “Dataset for High-Entropy Alloys Phases”, Mendeley Data, V2, doi: 10.17632/7fhwrgfh2s.2"
0,0,20,0,0,0,10,20,0,20,10,0,0,0,20,BCC+IM,CAST,"Machaka, Ronald (2021), “Dataset for High-Entropy Alloys Phases”, Mendeley Data, V2, doi: 10.17632/7fhwrgfh2s.2"
0,0,20,0,0,0,10,20,0,20,10,0,0,0,20,BCC+IM,CAST,"Machaka, Ronald (2021), “Dataset for High-Entropy Alloys Phases”, Mendeley Data, V2, doi: 10.17632/7fhwrgfh2s.2"
0,0,20,0,0,0,10,20,0,20,10,0,0,0,20,BCC+IM,CAST,"Machaka, Ronald (2021), “Dataset for High-Entropy Alloys Phases”, Mendeley Data, V2, doi: 10.17632/7fhwrgfh2s.2"
0,0,20,0,0,0,10,20,0,20,10,0,0,0,20,BCC+IM,CAST,"Machaka, Ronald (2021), “Dataset for High-Entropy Alloys Phases”, Mendeley Data, V2, doi: 10.17632/7fhwrgfh2s.2"
0,0,25,0,0,0,0,25,0,25,0,0,0,0,25,BCC+IM,CAST,"Machaka, Ronald (2021), “Dataset for High-Entropy Alloys Phases”, Mendeley Data, V2, doi: 10.17632/7fhwrgfh2s.2"
0,0,25,0,0,0,0,25,0,25,0,0,0,0,25,BCC+IM,CAST,"Machaka, Ronald (2021), “Dataset for High-Entropy Alloys Phases”, Mendeley Data, V2, doi: 10.17632/7fhwrgfh2s.2"
0,0,25,0,0,0,0,25,0,25,0,0,0,0,25,BCC+IM,CAST,"Machaka, Ronald (2021), “Dataset for High-Entropy Alloys Phases”, Mendeley Data, V2, doi: 10.17632/7fhwrgfh2s.2"
0,0,25,0,0,0,0,25,0,25,0,0,0,0,25,BCC+IM,CAST,"Machaka, Ronald (2021), “Dataset for High-Entropy Alloys Phases”, Mendeley Data, V2, doi: 10.17632/7fhwrgfh2s.2"
0,0,20,0,0,0,0,20,0,20,0,20,0,0,20,BCC+IM,CAST,"Machaka, Ronald (2021), “Dataset for High-Entropy Alloys Phases”, Mendeley Data, V2, doi: 10.17632/7fhwrgfh2s.2"
0,0,20,0,0,0,0,20,0,20,0,20,0,0,20,BCC+IM,CAST,"Machaka, Ronald (2021), “Dataset for High-Entropy Alloys Phases”, Mendeley Data, V2, doi: 10.17632/7fhwrgfh2s.2"
0,0,20,0,0,0,0,20,0,20,0,20,0,0,20,BCC+IM,CAST,"Machaka, Ronald (2021), “Dataset for High-Entropy Alloys Phases”, Mendeley Data, V2, doi: 10.17632/7fhwrgfh2s.2"
0,0,20,0,0,0,0,20,0,20,0,20,0,0,20,BCC+IM,CAST,"Machaka, Ronald (2021), “Dataset for High-Entropy Alloys Phases”, Mendeley Data, V2, doi: 10.17632/7fhwrgfh2s.2"
71.4285714,9.5238095,9.5238095,0,0,9.5238095,0,0,0,0,0,0,0,0,0,FCC+IM,CAST,"Machaka, Ronald (2021), “Dataset for High-Entropy Alloys Phases”, Mendeley Data, V2, doi: 10.17632/7fhwrgfh2s.2"
3,31.3333333,31.3333333,0,0,31.3333333,0,3,0,0,0,0,0,0,0,FCC+IM,CAST,"Machaka, Ronald (2021), “Dataset for High-Entropy Alloys Phases”, Mendeley Data, V2, doi: 10.17632/7fhwrgfh2s.2"
0,25,25,0,25,25,0,0,0,0,0,0,0,0,0,FCC+IM,CAST,"Machaka, Ronald (2021), “Dataset for High-Entropy Alloys Phases”, Mendeley Data, V2, doi: 10.17632/7fhwrgfh2s.2"
4,23.5,23.5,0,23.5,23.5,0,2,0,0,0,0,0,0,0,FCC+IM,CAST,"Machaka, Ronald (2021), “Dataset for High-Entropy Alloys Phases”, Mendeley Data, V2, doi: 10.17632/7fhwrgfh2s.2"
4,23.5,23.5,0,23.5,23.5,0,2,0,0,0,0,0,0,0,FCC+IM,CAST,"Machaka, Ronald (2021), “Dataset for High-Entropy Alloys Phases”, Mendeley Data, V2, doi: 10.17632/7fhwrgfh2s.2"
4,23.5,23.5,0,23.5,23.5,0,2,0,0,0,0,0,0,0,FCC+IM,CAST,"Machaka, Ronald (2021), “Dataset for High-Entropy Alloys Phases”, Mendeley Data, V2, doi: 10.17632/7fhwrgfh2s.2"
9.0909091,18.1818182,18.1818182,18.1818182,18.1818182,18.1818182,0,0,0,0,0,0,0,0,0,FCC+IM,CAST,"Machaka, Ronald (2021), “Dataset for High-Entropy Alloys Phases”, Mendeley Data, V2, doi: 10.17632/7fhwrgfh2s.2"
9.0909091,18.1818182,18.1818182,18.1818182,18.1818182,18.1818182,0,0,0,0,0,0,0,0,0,FCC+IM,CAST,"Machaka, Ronald (2021), “Dataset for High-Entropy Alloys Phases”, Mendeley Data, V2, doi: 10.17632/7fhwrgfh2s.2"
9.0909091,18.1818182,18.1818182,18.1818182,18.1818182,18.1818182,0,0,0,0,0,0,0,0,0,FCC+IM,CAST,"Machaka, Ronald (2021), “Dataset for High-Entropy Alloys Phases”, Mendeley Data, V2, doi: 10.17632/7fhwrgfh2s.2"
9.0909091,18.1818182,18.1818182,18.1818182,18.1818182,18.1818182,0,0,0,0,0,0,0,0,0,FCC+IM,CAST,"Machaka, Ronald (2021), “Dataset for High-Entropy Alloys Phases”, Mendeley Data, V2, doi: 10.17632/7fhwrgfh2s.2"
9.0909091,18.1818182,18.1818182,18.1818182,18.1818182,18.1818182,0,0,0,0,0,0,0,0,0,FCC+IM,CAST,"Machaka, Ronald (2021), “Dataset for High-Entropy Alloys Phases”, Mendeley Data, V2, doi: 10.17632/7fhwrgfh2s.2"
9.0909091,18.1818182,18.1818182,18.1818182,18.1818182,18.1818182,0,0,0,0,0,0,0,0,0,FCC+IM,CAST,"Machaka, Ronald (2021), “Dataset for High-Entropy Alloys Phases”, Mendeley Data, V2, doi: 10.17632/7fhwrgfh2s.2"
9.0909091,18.1818182,18.1818182,18.1818182,18.1818182,18.1818182,0,0,0,0,0,0,0,0,0,FCC+IM,CAST,"Machaka, Ronald (2021), “Dataset for High-Entropy Alloys Phases”, Mendeley Data, V2, doi: 10.17632/7fhwrgfh2s.2"
9.0909091,18.1818182,18.1818182,18.1818182,18.1818182,18.1818182,0,0,0,0,0,0,0,0,0,FCC+IM,CAST,"Machaka, Ronald (2021), “Dataset for High-Entropy Alloys Phases”, Mendeley Data, V2, doi: 10.17632/7fhwrgfh2s.2"
9.0909091,18.1818182,18.1818182,18.1818182,18.1818182,18.1818182,0,0,0,0,0,0,0,0,0,FCC+IM,CAST,"Machaka, Ronald (2021), “Dataset for High-Entropy Alloys Phases”, Mendeley Data, V2, doi: 10.17632/7fhwrgfh2s.2"
9.0909091,18.1818182,18.1818182,18.1818182,18.1818182,18.1818182,0,0,0,0,0,0,0,0,0,FCC+IM,CAST,"Machaka, Ronald (2021), “Dataset for High-Entropy Alloys Phases”, Mendeley Data, V2, doi: 10.17632/7fhwrgfh2s.2"
9.0909091,18.1818182,18.1818182,18.1818182,18.1818182,18.1818182,0,0,0,0,0,0,0,0,0,FCC+IM,CAST,"Machaka, Ronald (2021), “Dataset for High-Entropy Alloys Phases”, Mendeley Data, V2, doi: 10.17632/7fhwrgfh2s.2"
9.0909091,18.1818182,18.1818182,18.1818182,18.1818182,18.1818182,0,0,0,0,0,0,0,0,0,FCC+IM,CAST,"Machaka, Ronald (2021), “Dataset for High-Entropy Alloys Phases”, Mendeley Data, V2, doi: 10.17632/7fhwrgfh2s.2"
9.0909091,18.1818182,18.1818182,18.1818182,18.1818182,18.1818182,0,0,0,0,0,0,0,0,0,FCC+IM,CAST,"Machaka, Ronald (2021), “Dataset for High-Entropy Alloys Phases”, Mendeley Data, V2, doi: 10.17632/7fhwrgfh2s.2"
9.0909091,18.1818182,18.1818182,18.1818182,18.1818182,18.1818182,0,0,0,0,0,0,0,0,0,FCC+IM,CAST,"Machaka, Ronald (2021), “Dataset for High-Entropy Alloys Phases”, Mendeley Data, V2, doi: 10.17632/7fhwrgfh2s.2"
9.0909091,18.1818182,18.1818182,18.1818182,18.1818182,18.1818182,0,0,0,0,0,0,0,0,0,FCC+IM,CAST,"Machaka, Ronald (2021), “Dataset for High-Entropy Alloys Phases”, Mendeley Data, V2, doi: 10.17632/7fhwrgfh2s.2"
0,22.7272727,22.7272727,0,0,0,22.7272727,9.0909091,0,22.7272727,0,0,0,0,0,BCC+IM,CAST,"Machaka, Ronald (2021), “Dataset for High-Entropy Alloys Phases”, Mendeley Data, V2, doi: 10.17632/7fhwrgfh2s.2"
0,22.7272727,22.7272727,0,0,0,22.7272727,9.0909091,0,22.7272727,0,0,0,0,0,BCC+IM,CAST,"Machaka, Ronald (2021), “Dataset for High-Entropy Alloys Phases”, Mendeley Data, V2, doi: 10.17632/7fhwrgfh2s.2"
0,22.7272727,22.7272727,0,0,0,22.7272727,9.0909091,0,22.7272727,0,0,0,0,0,BCC+IM,CAST,"Machaka, Ronald (2021), “Dataset for High-Entropy Alloys Phases”, Mendeley Data, V2, doi: 10.17632/7fhwrgfh2s.2"
0,23.5294118,23.5294118,0,23.5294118,23.5294118,0,0,0,5.8823529,0,0,0,0,0,FCC+IM,CAST,"Machaka, Ronald (2021), “Dataset for High-Entropy Alloys Phases”, Mendeley Data, V2, doi: 10.17632/7fhwrgfh2s.2"
0,23.5294118,23.5294118,0,23.5294118,23.5294118,0,0,0,5.8823529,0,0,0,0,0,FCC+IM,CAST,"Machaka, Ronald (2021), “Dataset for High-Entropy Alloys Phases”, Mendeley Data, V2, doi: 10.17632/7fhwrgfh2s.2"
0,20,20,0,0,0,20,20,0,20,0,0,0,0,0,BCC+IM,CAST,"Machaka, Ronald (2021), “Dataset for High-Entropy Alloys Phases”, Mendeley Data, V2, doi: 10.17632/7fhwrgfh2s.2"
0,23.8095238,23.8095238,0,0,0,23.8095238,4.7619048,0,23.8095238,0,0,0,0,0,BCC+IM,CAST,"Machaka, Ronald (2021), “Dataset for High-Entropy Alloys Phases”, Mendeley Data, V2, doi: 10.17632/7fhwrgfh2s.2"
0,22.2222222,22.2222222,0,0,0,22.2222222,11.1111111,0,22.2222222,0,0,0,0,0,BCC+IM,CAST,"Machaka, Ronald (2021), “Dataset for High-Entropy Alloys Phases”, Mendeley Data, V2, doi: 10.17632/7fhwrgfh2s.2"
0,20,20,0,0,0,20,20,0,20,0,0,0,0,0,BCC+IM,CAST,"Machaka, Ronald (2021), “Dataset for High-Entropy Alloys Phases”, Mendeley Data, V2, doi: 10.17632/7fhwrgfh2s.2"
13,0,0,0,36,18,0,0,0,0,0,0,33,0,0,FCC+IM,CAST,"Machaka, Ronald (2021), “Dataset for High-Entropy Alloys Phases”, Mendeley Data, V2, doi: 10.17632/7fhwrgfh2s.2"
12.745098,0,0,0,35.2941176,17.6470588,0,1.9607843,0,0,0,0,32.3529412,0,0,FCC+IM,CAST,"Machaka, Ronald (2021), “Dataset for High-Entropy Alloys Phases”, Mendeley Data, V2, doi: 10.17632/7fhwrgfh2s.2"
12.745098,0,0,0,35.2941176,17.6470588,0,1.9607843,0,0,0,0,32.3529412,0,0,FCC+IM,CAST,"Machaka, Ronald (2021), “Dataset for High-Entropy Alloys Phases”, Mendeley Data, V2, doi: 10.17632/7fhwrgfh2s.2"
12.5,0,0,0,34.6153846,17.3076923,0,3.8461538,0,0,0,0,31.7307692,0,0,FCC+IM,CAST,"Machaka, Ronald (2021), “Dataset for High-Entropy Alloys Phases”, Mendeley Data, V2, doi: 10.17632/7fhwrgfh2s.2"
12.5,0,0,0,34.6153846,17.3076923,0,3.8461538,0,0,0,0,31.7307692,0,0,FCC+IM,CAST,"Machaka, Ronald (2021), “Dataset for High-Entropy Alloys Phases”, Mendeley Data, V2, doi: 10.17632/7fhwrgfh2s.2"
12.5,0,0,0,34.6153846,17.3076923,0,3.8461538,0,0,0,0,31.7307692,0,0,FCC+IM,CAST,"Machaka, Ronald (2021), “Dataset for High-Entropy Alloys Phases”, Mendeley Data, V2, doi: 10.17632/7fhwrgfh2s.2"
12.745098,0,0,0,35.2941176,17.6470588,0,1.9607843,0,0,0,0,32.3529412,0,0,FCC+IM,CAST,"Machaka, Ronald (2021), “Dataset for High-Entropy Alloys Phases”, Mendeley Data, V2, doi: 10.17632/7fhwrgfh2s.2"
12.745098,0,0,0,35.2941176,17.6470588,0,1.9607843,0,0,0,0,32.3529412,0,0,FCC+IM,CAST,"Machaka, Ronald (2021), “Dataset for High-Entropy Alloys Phases”, Mendeley Data, V2, doi: 10.17632/7fhwrgfh2s.2"
12.745098,0,0,0,35.2941176,17.6470588,0,1.9607843,0,0,0,0,32.3529412,0,0,FCC+IM,CAST,"Machaka, Ronald (2021), “Dataset for High-Entropy Alloys Phases”, Mendeley Data, V2, doi: 10.17632/7fhwrgfh2s.2"
15,0,0,0,30,20,0,0,0,0,0,0,35,0,0,FCC+IM,CAST,"Machaka, Ronald (2021), “Dataset for High-Entropy Alloys Phases”, Mendeley Data, V2, doi: 10.17632/7fhwrgfh2s.2"
14,0,0,0,33,19,0,0,0,0,0,0,34,0,0,FCC+IM,CAST,"Machaka, Ronald (2021), “Dataset for High-Entropy Alloys Phases”, Mendeley Data, V2, doi: 10.17632/7fhwrgfh2s.2"
14,0,0,0,29,19,0,0,0,0,0,0,38,0,0,FCC+IM,CAST,"Machaka, Ronald (2021), “Dataset for High-Entropy Alloys Phases”, Mendeley Data, V2, doi: 10.17632/7fhwrgfh2s.2"
13,0,0,0,36,18,0,0,0,0,0,0,33,0,0,FCC+IM,CAST,"Machaka, Ronald (2021), “Dataset for High-Entropy Alloys Phases”, Mendeley Data, V2, doi: 10.17632/7fhwrgfh2s.2"
13,0,0,0,31,18,0,0,0,0,0,0,38,0,0,FCC+IM,CAST,"Machaka, Ronald (2021), “Dataset for High-Entropy Alloys Phases”, Mendeley Data, V2, doi: 10.17632/7fhwrgfh2s.2"
12,0,0,0,33,17,0,0,0,0,0,0,38,0,0,FCC+IM,CAST,"Machaka, Ronald (2021), “Dataset for High-Entropy Alloys Phases”, Mendeley Data, V2, doi: 10.17632/7fhwrgfh2s.2"
11,0,0,0,34,16,0,0,0,0,0,0,39,0,0,FCC+IM,CAST,"Machaka, Ronald (2021), “Dataset for High-Entropy Alloys Phases”, Mendeley Data, V2, doi: 10.17632/7fhwrgfh2s.2"
13,0,0,0,36,18,0,0,0,0,0,0,33,0,0,FCC+IM,CAST,"Machaka, Ronald (2021), “Dataset for High-Entropy Alloys Phases”, Mendeley Data, V2, doi: 10.17632/7fhwrgfh2s.2"
13,0,0,0,36,18,0,0,0,0,0,0,33,0,0,FCC+IM,CAST,"Machaka, Ronald (2021), “Dataset for High-Entropy Alloys Phases”, Mendeley Data, V2, doi: 10.17632/7fhwrgfh2s.2"
13,0,0,0,36,18,0,0,0,0,0,0,33,0,0,FCC+IM,CAST,"Machaka, Ronald (2021), “Dataset for High-Entropy Alloys Phases”, Mendeley Data, V2, doi: 10.17632/7fhwrgfh2s.2"
13,0,0,0,36,18,0,0,0,0,0,0,33,0,0,FCC+IM,CAST,"Machaka, Ronald (2021), “Dataset for High-Entropy Alloys Phases”, Mendeley Data, V2, doi: 10.17632/7fhwrgfh2s.2"
13,0,0,0,36,18,0,0,0,0,0,0,33,0,0,FCC+IM,CAST,"Machaka, Ronald (2021), “Dataset for High-Entropy Alloys Phases”, Mendeley Data, V2, doi: 10.17632/7fhwrgfh2s.2"
13,0,0,0,36,18,0,0,0,0,0,0,33,0,0,FCC+IM,CAST,"Machaka, Ronald (2021), “Dataset for High-Entropy Alloys Phases”, Mendeley Data, V2, doi: 10.17632/7fhwrgfh2s.2"
13,0,0,0,36,18,0,0,0,0,0,0,33,0,0,FCC+IM,CAST,"Machaka, Ronald (2021), “Dataset for High-Entropy Alloys Phases”, Mendeley Data, V2, doi: 10.17632/7fhwrgfh2s.2"
13,0,0,0,36,18,0,0,0,0,0,0,33,0,0,FCC+IM,CAST,"Machaka, Ronald (2021), “Dataset for High-Entropy Alloys Phases”, Mendeley Data, V2, doi: 10.17632/7fhwrgfh2s.2"
13,0,0,0,36,18,0,0,0,0,0,0,33,0,0,FCC+IM,CAST,"Machaka, Ronald (2021), “Dataset for High-Entropy Alloys Phases”, Mendeley Data, V2, doi: 10.17632/7fhwrgfh2s.2"
6.9767442,23.255814,23.255814,0,23.255814,23.255814,0,0,0,0,0,0,0,0,0,FCC+IM,CAST,"Machaka, Ronald (2021), “Dataset for High-Entropy Alloys Phases”, Mendeley Data, V2, doi: 10.17632/7fhwrgfh2s.2"
6.9767442,23.255814,23.255814,0,23.255814,23.255814,0,0,0,0,0,0,0,0,0,FCC+IM,CAST,"Machaka, Ronald (2021), “Dataset for High-Entropy Alloys Phases”, Mendeley Data, V2, doi: 10.17632/7fhwrgfh2s.2"
6.9767442,23.255814,23.255814,0,23.255814,23.255814,0,0,0,0,0,0,0,0,0,FCC+IM,CAST,"Machaka, Ronald (2021), “Dataset for High-Entropy Alloys Phases”, Mendeley Data, V2, doi: 10.17632/7fhwrgfh2s.2"
6.9767442,23.255814,23.255814,0,23.255814,23.255814,0,0,0,0,0,0,0,0,0,FCC+IM,CAST,"Machaka, Ronald (2021), “Dataset for High-Entropy Alloys Phases”, Mendeley Data, V2, doi: 10.17632/7fhwrgfh2s.2"
0,10,10,0,50,0,0,0,0,0,0,0,30,0,0,FCC+IM,CAST,"Machaka, Ronald (2021), “Dataset for High-Entropy Alloys Phases”, Mendeley Data, V2, doi: 10.17632/7fhwrgfh2s.2"
0,10,10,0,50,0,0,0,0,0,0,0,30,0,0,FCC+IM,CAST,"Machaka, Ronald (2021), “Dataset for High-Entropy Alloys Phases”, Mendeley Data, V2, doi: 10.17632/7fhwrgfh2s.2"
0,20,20,0,34,6,0,0,0,0,0,0,20,0,0,FCC+IM,CAST,"Machaka, Ronald (2021), “Dataset for High-Entropy Alloys Phases”, Mendeley Data, V2, doi: 10.17632/7fhwrgfh2s.2"
0,12.5,12.5,0,50,0,0,0,0,0,0,0,25,0,0,FCC+IM,CAST,"Machaka, Ronald (2021), “Dataset for High-Entropy Alloys Phases”, Mendeley Data, V2, doi: 10.17632/7fhwrgfh2s.2"
0,0,25,0,0,0,0,25,0,25,0,0,0,0,25,BCC+IM,CAST,"Machaka, Ronald (2021), “Dataset for High-Entropy Alloys Phases”, Mendeley Data, V2, doi: 10.17632/7fhwrgfh2s.2"
25,0,0,0,0,0,0,25,0,25,0,25,0,0,0,BCC+IM,CAST,"Machaka, Ronald (2021), “Dataset for High-Entropy Alloys Phases”, Mendeley Data, V2, doi: 10.17632/7fhwrgfh2s.2"
25,0,0,0,0,0,0,25,0,25,0,25,0,0,0,BCC+IM,CAST,"Machaka, Ronald (2021), “Dataset for High-Entropy Alloys Phases”, Mendeley Data, V2, doi: 10.17632/7fhwrgfh2s.2"
20,0,20,0,0,0,0,20,0,20,0,20,0,0,0,BCC+IM,CAST,"Machaka, Ronald (2021), “Dataset for High-Entropy Alloys Phases”, Mendeley Data, V2, doi: 10.17632/7fhwrgfh2s.2"
20,0,20,0,0,0,0,20,0,20,0,20,0,0,0,BCC+IM,CAST,"Machaka, Ronald (2021), “Dataset for High-Entropy Alloys Phases”, Mendeley Data, V2, doi: 10.17632/7fhwrgfh2s.2"
20,0,20,0,0,0,0,20,0,20,0,20,0,0,0,BCC+IM,CAST,"Machaka, Ronald (2021), “Dataset for High-Entropy Alloys Phases”, Mendeley Data, V2, doi: 10.17632/7fhwrgfh2s.2"
20,0,20,0,0,0,0,20,0,20,0,20,0,0,0,BCC+IM,CAST,"Machaka, Ronald (2021), “Dataset for High-Entropy Alloys Phases”, Mendeley Data, V2, doi: 10.17632/7fhwrgfh2s.2"
18,28,0,0,0,0,0,18,0,18,0,18,0,0,0,BCC+IM,CAST,"Machaka, Ronald (2021), “Dataset for High-Entropy Alloys Phases”, Mendeley Data, V2, doi: 10.17632/7fhwrgfh2s.2"
18,28,0,0,0,0,0,18,0,18,0,18,0,0,0,BCC+IM,CAST,"Machaka, Ronald (2021), “Dataset for High-Entropy Alloys Phases”, Mendeley Data, V2, doi: 10.17632/7fhwrgfh2s.2"
18,28,0,0,0,0,0,18,0,18,0,18,0,0,0,BCC+IM,CAST,"Machaka, Ronald (2021), “Dataset for High-Entropy Alloys Phases”, Mendeley Data, V2, doi: 10.17632/7fhwrgfh2s.2"
18,28,0,0,0,0,0,18,0,18,0,18,0,0,0,BCC+IM,CAST,"Machaka, Ronald (2021), “Dataset for High-Entropy Alloys Phases”, Mendeley Data, V2, doi: 10.17632/7fhwrgfh2s.2"
8,17,17,8,17,33,0,0,0,0,0,0,0,0,0,FCC+IM,CAST,"Machaka, Ronald (2021), “Dataset for High-Entropy Alloys Phases”, Mendeley Data, V2, doi: 10.17632/7fhwrgfh2s.2"
8,17,17,8,17,33,0,0,0,0,0,0,0,0,0,FCC+IM,CAST,"Machaka, Ronald (2021), “Dataset for High-Entropy Alloys Phases”, Mendeley Data, V2, doi: 10.17632/7fhwrgfh2s.2"
8,17,17,8,17,33,0,0,0,0,0,0,0,0,0,FCC+IM,CAST,"Machaka, Ronald (2021), “Dataset for High-Entropy Alloys Phases”, Mendeley Data, V2, doi: 10.17632/7fhwrgfh2s.2"
8,17,17,8,17,33,0,0,0,0,0,0,0,0,0,FCC+IM,CAST,"Machaka, Ronald (2021), “Dataset for High-Entropy Alloys Phases”, Mendeley Data, V2, doi: 10.17632/7fhwrgfh2s.2"
10,0,0,0,0,0,0,22.5,0,22.5,0,0,0,22.5,22.5,BCC+IM,CAST,"Machaka, Ronald (2021), “Dataset for High-Entropy Alloys Phases”, Mendeley Data, V2, doi: 10.17632/7fhwrgfh2s.2"
12,0,0,0,0,0,0,22,0,22,0,0,0,22,22,BCC+IM,CAST,"Machaka, Ronald (2021), “Dataset for High-Entropy Alloys Phases”, Mendeley Data, V2, doi: 10.17632/7fhwrgfh2s.2"
10,0,0,0,0,0,0,22.5,0,22.5,0,0,0,22.5,22.5,BCC+IM,CAST,"Machaka, Ronald (2021), “Dataset for High-Entropy Alloys Phases”, Mendeley Data, V2, doi: 10.17632/7fhwrgfh2s.2"
12,0,0,0,0,0,0,22,0,22,0,0,0,22,22,BCC+IM,CAST,"Machaka, Ronald (2021), “Dataset for High-Entropy Alloys Phases”, Mendeley Data, V2, doi: 10.17632/7fhwrgfh2s.2"
3.7037037,18.5185185,18.5185185,3.7037037,18.5185185,37.037037,0,0,0,0,0,0,0,0,0,FCC+IM,CAST,"Machaka, Ronald (2021), “Dataset for High-Entropy Alloys Phases”, Mendeley Data, V2, doi: 10.17632/7fhwrgfh2s.2"
5.6603774,0,18.8679245,18.8679245,18.8679245,37.7358491,0,0,0,0,0,0,0,0,0,FCC+IM,CAST,"Machaka, Ronald (2021), “Dataset for High-Entropy Alloys Phases”, Mendeley Data, V2, doi: 10.17632/7fhwrgfh2s.2"
10,25,8,0,15,36,0,6,0,0,0,0,0,0,0,FCC+IM,CAST,"Machaka, Ronald (2021), “Dataset for High-Entropy Alloys Phases”, Mendeley Data, V2, doi: 10.17632/7fhwrgfh2s.2"
10,25,8,0,15,36,0,6,0,0,0,0,0,0,0,FCC+IM,CAST,"Machaka, Ronald (2021), “Dataset for High-Entropy Alloys Phases”, Mendeley Data, V2, doi: 10.17632/7fhwrgfh2s.2"
10,25,8,0,15,36,0,6,0,0,0,0,0,0,0,FCC+IM,CAST,"Machaka, Ronald (2021), “Dataset for High-Entropy Alloys Phases”, Mendeley Data, V2, doi: 10.17632/7fhwrgfh2s.2"
10,25,8,0,15,36,0,6,0,0,0,0,0,0,0,FCC+IM,CAST,"Machaka, Ronald (2021), “Dataset for High-Entropy Alloys Phases”, Mendeley Data, V2, doi: 10.17632/7fhwrgfh2s.2"
10,25,8,0,15,36,0,6,0,0,0,0,0,0,0,FCC+IM,CAST,"Machaka, Ronald (2021), “Dataset for High-Entropy Alloys Phases”, Mendeley Data, V2, doi: 10.17632/7fhwrgfh2s.2"
10,25,8,0,15,36,0,6,0,0,0,0,0,0,0,FCC+IM,CAST,"Machaka, Ronald (2021), “Dataset for High-Entropy Alloys Phases”, Mendeley Data, V2, doi: 10.17632/7fhwrgfh2s.2"
10,25,8,0,15,36,0,6,0,0,0,0,0,0,0,FCC+IM,CAST,"Machaka, Ronald (2021), “Dataset for High-Entropy Alloys Phases”, Mendeley Data, V2, doi: 10.17632/7fhwrgfh2s.2"
10,25,8,0,15,36,0,6,0,0,0,0,0,0,0,FCC+IM,CAST,"Machaka, Ronald (2021), “Dataset for High-Entropy Alloys Phases”, Mendeley Data, V2, doi: 10.17632/7fhwrgfh2s.2"
10,25,8,0,15,36,0,6,0,0,0,0,0,0,0,FCC+IM,CAST,"Machaka, Ronald (2021), “Dataset for High-Entropy Alloys Phases”, Mendeley Data, V2, doi: 10.17632/7fhwrgfh2s.2"
3.6363636,27.2727273,18.1818182,0,18.1818182,27.2727273,0,5.4545455,0,0,0,0,0,0,0,FCC+IM,CAST,"Machaka, Ronald (2021), “Dataset for High-Entropy Alloys Phases”, Mendeley Data, V2, doi: 10.17632/7fhwrgfh2s.2"
3.6363636,27.2727273,18.1818182,0,18.1818182,27.2727273,0,5.4545455,0,0,0,0,0,0,0,FCC+IM,CAST,"Machaka, Ronald (2021), “Dataset for High-Entropy Alloys Phases”, Mendeley Data, V2, doi: 10.17632/7fhwrgfh2s.2"
3.6363636,27.2727273,18.1818182,0,18.1818182,27.2727273,0,5.4545455,0,0,0,0,0,0,0,FCC+IM,CAST,"Machaka, Ronald (2021), “Dataset for High-Entropy Alloys Phases”, Mendeley Data, V2, doi: 10.17632/7fhwrgfh2s.2"
3.6363636,27.2727273,18.1818182,0,18.1818182,27.2727273,0,5.4545455,0,0,0,0,0,0,0,FCC+IM,CAST,"Machaka, Ronald (2021), “Dataset for High-Entropy Alloys Phases”, Mendeley Data, V2, doi: 10.17632/7fhwrgfh2s.2"
3.6363636,27.2727273,18.1818182,0,18.1818182,27.2727273,0,5.4545455,0,0,0,0,0,0,0,FCC+IM,CAST,"Machaka, Ronald (2021), “Dataset for High-Entropy Alloys Phases”, Mendeley Data, V2, doi: 10.17632/7fhwrgfh2s.2"
3.6363636,27.2727273,18.1818182,0,18.1818182,27.2727273,0,5.4545455,0,0,0,0,0,0,0,FCC+IM,CAST,"Machaka, Ronald (2021), “Dataset for High-Entropy Alloys Phases”, Mendeley Data, V2, doi: 10.17632/7fhwrgfh2s.2"
10,0,20,0,0,0,0,40,0,20,0,10,0,0,0,BCC+IM,CAST,"Machaka, Ronald (2021), “Dataset for High-Entropy Alloys Phases”, Mendeley Data, V2, doi: 10.17632/7fhwrgfh2s.2"
10,0,20,0,0,0,0,40,0,20,0,10,0,0,0,BCC+IM,CAST,"Machaka, Ronald (2021), “Dataset for High-Entropy Alloys Phases”, Mendeley Data, V2, doi: 10.17632/7fhwrgfh2s.2"
10,0,20,0,0,0,0,40,0,20,0,10,0,0,0,BCC+IM,CAST,"Machaka, Ronald (2021), “Dataset for High-Entropy Alloys Phases”, Mendeley Data, V2, doi: 10.17632/7fhwrgfh2s.2"
10,0,20,0,0,0,0,40,0,20,0,10,0,0,0,BCC+IM,CAST,"Machaka, Ronald (2021), “Dataset for High-Entropy Alloys Phases”, Mendeley Data, V2, doi: 10.17632/7fhwrgfh2s.2"
10,0,0,0,0,0,0,30,0,20,16,4,0,0,20,BCC+IM,CAST,"Machaka, Ronald (2021), “Dataset for High-Entropy Alloys Phases”, Mendeley Data, V2, doi: 10.17632/7fhwrgfh2s.2"
10,0,0,0,0,0,0,30,0,20,16,4,0,0,20,BCC+IM,CAST,"Machaka, Ronald (2021), “Dataset for High-Entropy Alloys Phases”, Mendeley Data, V2, doi: 10.17632/7fhwrgfh2s.2"
10,0,0,0,0,0,0,30,0,20,16,4,0,0,20,BCC+IM,CAST,"Machaka, Ronald (2021), “Dataset for High-Entropy Alloys Phases”, Mendeley Data, V2, doi: 10.17632/7fhwrgfh2s.2"
10,0,0,0,0,0,0,30,0,20,16,4,0,0,20,BCC+IM,CAST,"Machaka, Ronald (2021), “Dataset for High-Entropy Alloys Phases”, Mendeley Data, V2, doi: 10.17632/7fhwrgfh2s.2"
10,0,0,0,0,0,0,30,0,20,16,4,0,0,20,BCC+IM,CAST,"Machaka, Ronald (2021), “Dataset for High-Entropy Alloys Phases”, Mendeley Data, V2, doi: 10.17632/7fhwrgfh2s.2"
10,0,0,0,0,0,0,30,0,20,16,4,0,0,20,BCC+IM,CAST,"Machaka, Ronald (2021), “Dataset for High-Entropy Alloys Phases”, Mendeley Data, V2, doi: 10.17632/7fhwrgfh2s.2"
6.9767442,23.255814,23.255814,0,23.255814,23.255814,0,0,0,0,0,0,0,0,0,FCC+IM,CAST,"Machaka, Ronald (2021), “Dataset for High-Entropy Alloys Phases”, Mendeley Data, V2, doi: 10.17632/7fhwrgfh2s.2"
6.9767442,23.255814,23.255814,0,23.255814,23.255814,0,0,0,0,0,0,0,0,0,FCC+IM,CAST,"Machaka, Ronald (2021), “Dataset for High-Entropy Alloys Phases”, Mendeley Data, V2, doi: 10.17632/7fhwrgfh2s.2"
0,20.8333333,20.8333333,0,20.8333333,20.8333333,0,16.6666667,0,0,0,0,0,0,0,FCC+IM,CAST,"Machaka, Ronald (2021), “Dataset for High-Entropy Alloys Phases”, Mendeley Data, V2, doi: 10.17632/7fhwrgfh2s.2"
0,18.1818182,18.1818182,18.1818182,18.1818182,18.1818182,0,9.0909091,0,0,0,0,0,0,0,FCC+IM,CAST,"Machaka, Ronald (2021), “Dataset for High-Entropy Alloys Phases”, Mendeley Data, V2, doi: 10.17632/7fhwrgfh2s.2"
0,20,20,0,20,20,0,20,0,0,0,0,0,0,0,FCC+IM,CAST,"Machaka, Ronald (2021), “Dataset for High-Entropy Alloys Phases”, Mendeley Data, V2, doi: 10.17632/7fhwrgfh2s.2"
14.2857143,14.2857143,14.2857143,14.2857143,14.2857143,14.2857143,0,0,0,0,0,0,14.2857143,0,0,BCC+FCC+IM,CAST,"Machaka, Ronald (2021), “Dataset for High-Entropy Alloys Phases”, Mendeley Data, V2, doi: 10.17632/7fhwrgfh2s.2"
0,0,25,0,25,0,0,0,25,0,0,25,0,0,0,BCC+IM,CAST,"Machaka, Ronald (2021), “Dataset for High-Entropy Alloys Phases”, Mendeley Data, V2, doi: 10.17632/7fhwrgfh2s.2"
0,0,0,0,0,0,16.6666667,16.6666667,0,16.6666667,16.6666667,0,0,16.6666667,16.6666667,BCC+IM,CAST,"Machaka, Ronald (2021), “Dataset for High-Entropy Alloys Phases”, Mendeley Data, V2, doi: 10.17632/7fhwrgfh2s.2"
0,0,0,0,0,0,16.6666667,16.6666667,0,16.6666667,16.6666667,0,0,16.6666667,16.6666667,BCC+IM,CAST,"Machaka, Ronald (2021), “Dataset for High-Entropy Alloys Phases”, Mendeley Data, V2, doi: 10.17632/7fhwrgfh2s.2"
0,0,0,0,0,0,20,20,0,20,0,0,0,20,20,BCC+IM,CAST,"Machaka, Ronald (2021), “Dataset for High-Entropy Alloys Phases”, Mendeley Data, V2, doi: 10.17632/7fhwrgfh2s.2"
0,0,0,0,0,0,16.6666667,16.6666667,0,16.6666667,16.6666667,0,0,16.6666667,16.6666667,BCC+IM,CAST,"Machaka, Ronald (2021), “Dataset for High-Entropy Alloys Phases”, Mendeley Data, V2, doi: 10.17632/7fhwrgfh2s.2"
0,0,0,0,0,0,20,20,0,20,0,0,0,20,20,BCC+IM,CAST,"Machaka, Ronald (2021), “Dataset for High-Entropy Alloys Phases”, Mendeley Data, V2, doi: 10.17632/7fhwrgfh2s.2"
0,0,0,0,0,0,16.6666667,16.6666667,0,16.6666667,16.6666667,0,0,16.6666667,16.6666667,BCC+IM,CAST,"Machaka, Ronald (2021), “Dataset for High-Entropy Alloys Phases”, Mendeley Data, V2, doi: 10.17632/7fhwrgfh2s.2"
0,0,0,0,0,0,20,20,0,20,0,0,0,20,20,BCC+IM,CAST,"Machaka, Ronald (2021), “Dataset for High-Entropy Alloys Phases”, Mendeley Data, V2, doi: 10.17632/7fhwrgfh2s.2"
0,26,18.5,0,18.5,18.5,0,0,0,0,0,0,18.5,0,0,FCC+IM,CAST,"Machaka, Ronald (2021), “Dataset for High-Entropy Alloys Phases”, Mendeley Data, V2, doi: 10.17632/7fhwrgfh2s.2"
0,20,26,0,20,14,0,0,0,0,0,0,20,0,0,BCC+FCC+IM,CAST,"Machaka, Ronald (2021), “Dataset for High-Entropy Alloys Phases”, Mendeley Data, V2, doi: 10.17632/7fhwrgfh2s.2"
0,20,20,0,20,20,0,0,0,0,0,0,20,0,0,FCC+IM,CAST,"Machaka, Ronald (2021), “Dataset for High-Entropy Alloys Phases”, Mendeley Data, V2, doi: 10.17632/7fhwrgfh2s.2"
0,25,25,0,25,25,0,0,0,0,0,0,0,0,0,FCC+IM,CAST,"Machaka, Ronald (2021), “Dataset for High-Entropy Alloys Phases”, Mendeley Data, V2, doi: 10.17632/7fhwrgfh2s.2"
9.8039216,0,17.6470588,0,19.6078431,49.0196078,0,0,0,0,0,3.9215686,0,0,0,FCC+IM,CAST,"Machaka, Ronald (2021), “Dataset for High-Entropy Alloys Phases”, Mendeley Data, V2, doi: 10.17632/7fhwrgfh2s.2"
9.8039216,0,17.6470588,0,19.6078431,49.0196078,0,0,0,0,0,3.9215686,0,0,0,FCC+IM,CAST,"Machaka, Ronald (2021), “Dataset for High-Entropy Alloys Phases”, Mendeley Data, V2, doi: 10.17632/7fhwrgfh2s.2"
18,30,10,0,10,30,0,0,2,0,0,0,0,0,0,FCC+IM,CAST,"Machaka, Ronald (2021), “Dataset for High-Entropy Alloys Phases”, Mendeley Data, V2, doi: 10.17632/7fhwrgfh2s.2"
18,30,10,0,10,30,0,0,2,0,0,0,0,0,0,FCC+IM,CAST,"Machaka, Ronald (2021), “Dataset for High-Entropy Alloys Phases”, Mendeley Data, V2, doi: 10.17632/7fhwrgfh2s.2"
0,23.255814,23.255814,0,23.255814,23.255814,6.9767442,0,0,0,0,0,0,0,0,FCC+IM,CAST,"Machaka, Ronald (2021), “Dataset for High-Entropy Alloys Phases”, Mendeley Data, V2, doi: 10.17632/7fhwrgfh2s.2"
0,23.255814,23.255814,0,23.255814,23.255814,6.9767442,0,0,0,0,0,0,0,0,FCC+IM,CAST,"Machaka, Ronald (2021), “Dataset for High-Entropy Alloys Phases”, Mendeley Data, V2, doi: 10.17632/7fhwrgfh2s.2"
0,23.255814,23.255814,0,23.255814,23.255814,6.9767442,0,0,0,0,0,0,0,0,FCC+IM,CAST,"Machaka, Ronald (2021), “Dataset for High-Entropy Alloys Phases”, Mendeley Data, V2, doi: 10.17632/7fhwrgfh2s.2"
0,20,10,0,45,15,0,0,0,0,0,10,0,0,0,BCC+FCC+IM,CAST,"Machaka, Ronald (2021), “Dataset for High-Entropy Alloys Phases”, Mendeley Data, V2, doi: 10.17632/7fhwrgfh2s.2"
0,30,10,0,45,5,0,0,0,0,0,10,0,0,0,BCC+FCC+IM,CAST,"Machaka, Ronald (2021), “Dataset for High-Entropy Alloys Phases”, Mendeley Data, V2, doi: 10.17632/7fhwrgfh2s.2"
0,35,10,0,45,0,0,0,0,0,0,10,0,0,0,BCC+FCC+IM,CAST,"Machaka, Ronald (2021), “Dataset for High-Entropy Alloys Phases”, Mendeley Data, V2, doi: 10.17632/7fhwrgfh2s.2"
5,0,0,0,0,0,0,40,0,24,0,5,0,0,26,BCC+IM,CAST,"Machaka, Ronald (2021), “Dataset for High-Entropy Alloys Phases”, Mendeley Data, V2, doi: 10.17632/7fhwrgfh2s.2"
16.3934426,16.3934426,16.3934426,0,16.3934426,34.4262295,0,0,0,0,0,0,0,0,0,FCC+IM,CAST,"Machaka, Ronald (2021), “Dataset for High-Entropy Alloys Phases”, Mendeley Data, V2, doi: 10.17632/7fhwrgfh2s.2"
6.9767442,23.255814,23.255814,0,23.255814,23.255814,0,0,0,0,0,0,0,0,0,FCC+IM,CAST,"Machaka, Ronald (2021), “Dataset for High-Entropy Alloys Phases”, Mendeley Data, V2, doi: 10.17632/7fhwrgfh2s.2"
6.9767442,23.255814,23.255814,0,23.255814,23.255814,0,0,0,0,0,0,0,0,0,FCC+IM,CAST,"Machaka, Ronald (2021), “Dataset for High-Entropy Alloys Phases”, Mendeley Data, V2, doi: 10.17632/7fhwrgfh2s.2"
6.9767442,23.255814,23.255814,0,23.255814,23.255814,0,0,0,0,0,0,0,0,0,FCC+IM,CAST,"Machaka, Ronald (2021), “Dataset for High-Entropy Alloys Phases”, Mendeley Data, V2, doi: 10.17632/7fhwrgfh2s.2"
6.9767442,23.255814,23.255814,0,23.255814,23.255814,0,0,0,0,0,0,0,0,0,FCC+IM,CAST,"Machaka, Ronald (2021), “Dataset for High-Entropy Alloys Phases”, Mendeley Data, V2, doi: 10.17632/7fhwrgfh2s.2"
0,0,0,0,0,0,20,20,0,20,0,0,0,20,20,BCC+IM,CAST,"Machaka, Ronald (2021), “Dataset for High-Entropy Alloys Phases”, Mendeley Data, V2, doi: 10.17632/7fhwrgfh2s.2"
13,0,0,0,36,18,0,0,0,0,0,0,33,0,0,FCC+IM,CAST,"Machaka, Ronald (2021), “Dataset for High-Entropy Alloys Phases”, Mendeley Data, V2, doi: 10.17632/7fhwrgfh2s.2"
13,0,0,0,36,18,0,0,0,0,0,0,33,0,0,FCC+IM,CAST,"Machaka, Ronald (2021), “Dataset for High-Entropy Alloys Phases”, Mendeley Data, V2, doi: 10.17632/7fhwrgfh2s.2"
13,0,0,0,36,18,0,0,0,0,0,0,33,0,0,FCC+IM,CAST,"Machaka, Ronald (2021), “Dataset for High-Entropy Alloys Phases”, Mendeley Data, V2, doi: 10.17632/7fhwrgfh2s.2"
21,0,0,0,28,18,0,0,0,0,0,0,33,0,0,FCC+IM,CAST,"Machaka, Ronald (2021), “Dataset for High-Entropy Alloys Phases”, Mendeley Data, V2, doi: 10.17632/7fhwrgfh2s.2"
21,0,0,0,28,18,0,0,0,0,0,0,33,0,0,FCC+IM,CAST,"Machaka, Ronald (2021), “Dataset for High-Entropy Alloys Phases”, Mendeley Data, V2, doi: 10.17632/7fhwrgfh2s.2"
21,0,0,0,28,18,0,0,0,0,0,0,33,0,0,FCC+IM,CAST,"Machaka, Ronald (2021), “Dataset for High-Entropy Alloys Phases”, Mendeley Data, V2, doi: 10.17632/7fhwrgfh2s.2"
21,0,0,0,28,18,0,0,0,0,0,0,33,0,0,FCC+IM,CAST,"Machaka, Ronald (2021), “Dataset for High-Entropy Alloys Phases”, Mendeley Data, V2, doi: 10.17632/7fhwrgfh2s.2"
21,0,0,0,28,18,0,0,0,0,0,0,33,0,0,FCC+IM,CAST,"Machaka, Ronald (2021), “Dataset for High-Entropy Alloys Phases”, Mendeley Data, V2, doi: 10.17632/7fhwrgfh2s.2"
21,0,0,0,28,18,0,0,0,0,0,0,33,0,0,FCC+IM,CAST,"Machaka, Ronald (2021), “Dataset for High-Entropy Alloys Phases”, Mendeley Data, V2, doi: 10.17632/7fhwrgfh2s.2"
21,0,0,0,28,18,0,0,0,0,0,0,33,0,0,FCC+IM,CAST,"Machaka, Ronald (2021), “Dataset for High-Entropy Alloys Phases”, Mendeley Data, V2, doi: 10.17632/7fhwrgfh2s.2"
21,0,0,0,28,18,0,0,0,0,0,0,33,0,0,FCC+IM,CAST,"Machaka, Ronald (2021), “Dataset for High-Entropy Alloys Phases”, Mendeley Data, V2, doi: 10.17632/7fhwrgfh2s.2"
21,0,0,0,28,18,0,0,0,0,0,0,33,0,0,FCC+IM,CAST,"Machaka, Ronald (2021), “Dataset for High-Entropy Alloys Phases”, Mendeley Data, V2, doi: 10.17632/7fhwrgfh2s.2"
21,0,0,0,28,18,0,0,0,0,0,0,33,0,0,FCC+IM,CAST,"Machaka, Ronald (2021), “Dataset for High-Entropy Alloys Phases”, Mendeley Data, V2, doi: 10.17632/7fhwrgfh2s.2"
0,0,20,0,0,0,10,20,0,20,10,0,0,0,20,BCC+IM,CAST,"Machaka, Ronald (2021), “Dataset for High-Entropy Alloys Phases”, Mendeley Data, V2, doi: 10.17632/7fhwrgfh2s.2"
0,0,20,0,0,0,10,20,0,20,10,0,0,0,20,BCC+IM,CAST,"Machaka, Ronald (2021), “Dataset for High-Entropy Alloys Phases”, Mendeley Data, V2, doi: 10.17632/7fhwrgfh2s.2"
0,0,20,0,0,0,10,20,0,20,10,0,0,0,20,BCC+IM,CAST,"Machaka, Ronald (2021), “Dataset for High-Entropy Alloys Phases”, Mendeley Data, V2, doi: 10.17632/7fhwrgfh2s.2"
7,20,20,0,22,19,0,0,0,0,0,0,12,0,0,BCC+FCC+IM,CAST,"Machaka, Ronald (2021), “Dataset for High-Entropy Alloys Phases”, Mendeley Data, V2, doi: 10.17632/7fhwrgfh2s.2"
7,20,20,0,22,19,0,0,0,0,0,0,12,0,0,BCC+FCC+IM,CAST,"Machaka, Ronald (2021), “Dataset for High-Entropy Alloys Phases”, Mendeley Data, V2, doi: 10.17632/7fhwrgfh2s.2"
7,20,20,0,22,19,0,0,0,0,0,0,12,0,0,BCC+FCC+IM,CAST,"Machaka, Ronald (2021), “Dataset for High-Entropy Alloys Phases”, Mendeley Data, V2, doi: 10.17632/7fhwrgfh2s.2"
0,23.8095238,23.8095238,0,23.8095238,23.8095238,0,4.7619048,0,0,0,0,0,0,0,FCC+IM,CAST,"Machaka, Ronald (2021), “Dataset for High-Entropy Alloys Phases”, Mendeley Data, V2, doi: 10.17632/7fhwrgfh2s.2"
0,23.8095238,23.8095238,0,23.8095238,23.8095238,0,4.7619048,0,0,0,0,0,0,0,FCC+IM,CAST,"Machaka, Ronald (2021), “Dataset for High-Entropy Alloys Phases”, Mendeley Data, V2, doi: 10.17632/7fhwrgfh2s.2"
0,23.8095238,23.8095238,0,23.8095238,23.8095238,0,4.7619048,0,0,0,0,0,0,0,FCC+IM,CAST,"Machaka, Ronald (2021), “Dataset for High-Entropy Alloys Phases”, Mendeley Data, V2, doi: 10.17632/7fhwrgfh2s.2"
0,23.8095238,23.8095238,0,23.8095238,23.8095238,0,4.7619048,0,0,0,0,0,0,0,FCC+IM,CAST,"Machaka, Ronald (2021), “Dataset for High-Entropy Alloys Phases”, Mendeley Data, V2, doi: 10.17632/7fhwrgfh2s.2"
0,23.8095238,23.8095238,0,23.8095238,23.8095238,0,4.7619048,0,0,0,0,0,0,0,FCC+IM,CAST,"Machaka, Ronald (2021), “Dataset for High-Entropy Alloys Phases”, Mendeley Data, V2, doi: 10.17632/7fhwrgfh2s.2"
0,23.8095238,23.8095238,0,23.8095238,23.8095238,0,4.7619048,0,0,0,0,0,0,0,FCC+IM,CAST,"Machaka, Ronald (2021), “Dataset for High-Entropy Alloys Phases”, Mendeley Data, V2, doi: 10.17632/7fhwrgfh2s.2"
16.5289256,16.5289256,16.5289256,0,16.5289256,33.0578512,0.8264463,0,0,0,0,0,0,0,0,BCC+FCC+IM,CAST,"Machaka, Ronald (2021), “Dataset for High-Entropy Alloys Phases”, Mendeley Data, V2, doi: 10.17632/7fhwrgfh2s.2"
16.5289256,16.5289256,16.5289256,0,16.5289256,33.0578512,0.8264463,0,0,0,0,0,0,0,0,BCC+FCC+IM,CAST,"Machaka, Ronald (2021), “Dataset for High-Entropy Alloys Phases”, Mendeley Data, V2, doi: 10.17632/7fhwrgfh2s.2"
16.5289256,16.5289256,16.5289256,0,16.5289256,33.0578512,0.8264463,0,0,0,0,0,0,0,0,BCC+FCC+IM,CAST,"Machaka, Ronald (2021), “Dataset for High-Entropy Alloys Phases”, Mendeley Data, V2, doi: 10.17632/7fhwrgfh2s.2"
16.5289256,16.5289256,16.5289256,0,16.5289256,33.0578512,0.8264463,0,0,0,0,0,0,0,0,BCC+FCC+IM,CAST,"Machaka, Ronald (2021), “Dataset for High-Entropy Alloys Phases”, Mendeley Data, V2, doi: 10.17632/7fhwrgfh2s.2"
16.5289256,16.5289256,16.5289256,0,16.5289256,33.0578512,0.8264463,0,0,0,0,0,0,0,0,BCC+FCC+IM,CAST,"Machaka, Ronald (2021), “Dataset for High-Entropy Alloys Phases”, Mendeley Data, V2, doi: 10.17632/7fhwrgfh2s.2"
16.5289256,16.5289256,16.5289256,0,16.5289256,33.0578512,0.8264463,0,0,0,0,0,0,0,0,BCC+FCC+IM,CAST,"Machaka, Ronald (2021), “Dataset for High-Entropy Alloys Phases”, Mendeley Data, V2, doi: 10.17632/7fhwrgfh2s.2"
18.1818182,0,27.2727273,0,0,0,0,18.1818182,0,18.1818182,0,18.1818182,0,0,0,BCC+IM,CAST,"Machaka, Ronald (2021), “Dataset for High-Entropy Alloys Phases”, Mendeley Data, V2, doi: 10.17632/7fhwrgfh2s.2"
18.1818182,0,27.2727273,0,0,0,0,18.1818182,0,18.1818182,0,18.1818182,0,0,0,BCC+IM,CAST,"Machaka, Ronald (2021), “Dataset for High-Entropy Alloys Phases”, Mendeley Data, V2, doi: 10.17632/7fhwrgfh2s.2"
18.1818182,0,27.2727273,0,0,0,0,18.1818182,0,18.1818182,0,18.1818182,0,0,0,BCC+IM,CAST,"Machaka, Ronald (2021), “Dataset for High-Entropy Alloys Phases”, Mendeley Data, V2, doi: 10.17632/7fhwrgfh2s.2"
18.1818182,0,27.2727273,0,0,0,0,18.1818182,0,18.1818182,0,18.1818182,0,0,0,BCC+IM,CAST,"Machaka, Ronald (2021), “Dataset for High-Entropy Alloys Phases”, Mendeley Data, V2, doi: 10.17632/7fhwrgfh2s.2"
7.5,13.3333333,13.3333333,0,13.3333333,45,0,7.5,0,0,0,0,0,0,0,FCC+IM,CAST,"Machaka, Ronald (2021), “Dataset for High-Entropy Alloys Phases”, Mendeley Data, V2, doi: 10.17632/7fhwrgfh2s.2"
7.5,13.3333333,13.3333333,0,13.3333333,45,0,7.5,0,0,0,0,0,0,0,FCC+IM,CAST,"Machaka, Ronald (2021), “Dataset for High-Entropy Alloys Phases”, Mendeley Data, V2, doi: 10.17632/7fhwrgfh2s.2"
7.5,13.3333333,13.3333333,0,13.3333333,45,0,7.5,0,0,0,0,0,0,0,FCC+IM,CAST,"Machaka, Ronald (2021), “Dataset for High-Entropy Alloys Phases”, Mendeley Data, V2, doi: 10.17632/7fhwrgfh2s.2"
7.5,13.3333333,13.3333333,0,13.3333333,45,0,7.5,0,0,0,0,0,0,0,FCC+IM,CAST,"Machaka, Ronald (2021), “Dataset for High-Entropy Alloys Phases”, Mendeley Data, V2, doi: 10.17632/7fhwrgfh2s.2"
7.5,13.3333333,13.3333333,0,13.3333333,45,0,7.5,0,0,0,0,0,0,0,FCC+IM,CAST,"Machaka, Ronald (2021), “Dataset for High-Entropy Alloys Phases”, Mendeley Data, V2, doi: 10.17632/7fhwrgfh2s.2"
14,4,34,0,34,14,0,0,0,0,0,0,0,0,0,BCC+IM,CAST,"Machaka, Ronald (2021), “Dataset for High-Entropy Alloys Phases”, Mendeley Data, V2, doi: 10.17632/7fhwrgfh2s.2"
14,4,34,0,34,14,0,0,0,0,0,0,0,0,0,BCC+IM,CAST,"Machaka, Ronald (2021), “Dataset for High-Entropy Alloys Phases”, Mendeley Data, V2, doi: 10.17632/7fhwrgfh2s.2"
14,4,34,0,34,14,0,0,0,0,0,0,0,0,0,BCC+IM,CAST,"Machaka, Ronald (2021), “Dataset for High-Entropy Alloys Phases”, Mendeley Data, V2, doi: 10.17632/7fhwrgfh2s.2"
14,4,34,0,34,14,0,0,0,0,0,0,0,0,0,BCC+IM,CAST,"Machaka, Ronald (2021), “Dataset for High-Entropy Alloys Phases”, Mendeley Data, V2, doi: 10.17632/7fhwrgfh2s.2"
14,4,34,0,34,14,0,0,0,0,0,0,0,0,0,BCC+IM,CAST,"Machaka, Ronald (2021), “Dataset for High-Entropy Alloys Phases”, Mendeley Data, V2, doi: 10.17632/7fhwrgfh2s.2"
0,23.255814,23.255814,0,23.255814,23.255814,6.9767442,0,0,0,0,0,0,0,0,FCC+IM,CAST,"Machaka, Ronald (2021), “Dataset for High-Entropy Alloys Phases”, Mendeley Data, V2, doi: 10.17632/7fhwrgfh2s.2"
6.9767442,23.255814,23.255814,0,23.255814,23.255814,0,0,0,0,0,0,0,0,0,FCC+IM,CAST,"Machaka, Ronald (2021), “Dataset for High-Entropy Alloys Phases”, Mendeley Data, V2, doi: 10.17632/7fhwrgfh2s.2"
10,21,18,0,36,15,0,0,0,0,0,0,0,0,0,FCC+IM,CAST,"Machaka, Ronald (2021), “Dataset for High-Entropy Alloys Phases”, Mendeley Data, V2, doi: 10.17632/7fhwrgfh2s.2"
10,21,18,0,36,15,0,0,0,0,0,0,0,0,0,FCC+IM,CAST,"Machaka, Ronald (2021), “Dataset for High-Entropy Alloys Phases”, Mendeley Data, V2, doi: 10.17632/7fhwrgfh2s.2"
10,21,18,0,36,15,0,0,0,0,0,0,0,0,0,FCC+IM,CAST,"Machaka, Ronald (2021), “Dataset for High-Entropy Alloys Phases”, Mendeley Data, V2, doi: 10.17632/7fhwrgfh2s.2"
10,21,18,0,36,15,0,0,0,0,0,0,0,0,0,FCC+IM,CAST,"Machaka, Ronald (2021), “Dataset for High-Entropy Alloys Phases”, Mendeley Data, V2, doi: 10.17632/7fhwrgfh2s.2"
10,21,18,0,36,15,0,0,0,0,0,0,0,0,0,FCC+IM,CAST,"Machaka, Ronald (2021), “Dataset for High-Entropy Alloys Phases”, Mendeley Data, V2, doi: 10.17632/7fhwrgfh2s.2"
10,21,18,0,36,15,0,0,0,0,0,0,0,0,0,FCC+IM,CAST,"Machaka, Ronald (2021), “Dataset for High-Entropy Alloys Phases”, Mendeley Data, V2, doi: 10.17632/7fhwrgfh2s.2"
10,21,18,0,36,15,0,0,0,0,0,0,0,0,0,FCC+IM,CAST,"Machaka, Ronald (2021), “Dataset for High-Entropy Alloys Phases”, Mendeley Data, V2, doi: 10.17632/7fhwrgfh2s.2"
10,21,18,0,36,15,0,0,0,0,0,0,0,0,0,FCC+IM,CAST,"Machaka, Ronald (2021), “Dataset for High-Entropy Alloys Phases”, Mendeley Data, V2, doi: 10.17632/7fhwrgfh2s.2"
10,21,18,0,36,15,0,0,0,0,0,0,0,0,0,FCC+IM,CAST,"Machaka, Ronald (2021), “Dataset for High-Entropy Alloys Phases”, Mendeley Data, V2, doi: 10.17632/7fhwrgfh2s.2"
6.9767442,23.255814,23.255814,0,23.255814,23.255814,0,0,0,0,0,0,0,0,0,FCC+IM,CAST,"Machaka, Ronald (2021), “Dataset for High-Entropy Alloys Phases”, Mendeley Data, V2, doi: 10.17632/7fhwrgfh2s.2"
6.9767442,23.255814,23.255814,0,23.255814,23.255814,0,0,0,0,0,0,0,0,0,FCC+IM,CAST,"Machaka, Ronald (2021), “Dataset for High-Entropy Alloys Phases”, Mendeley Data, V2, doi: 10.17632/7fhwrgfh2s.2"
6.9767442,23.255814,23.255814,0,23.255814,23.255814,0,0,0,0,0,0,0,0,0,FCC+IM,CAST,"Machaka, Ronald (2021), “Dataset for High-Entropy Alloys Phases”, Mendeley Data, V2, doi: 10.17632/7fhwrgfh2s.2"
6.9767442,23.255814,23.255814,0,23.255814,23.255814,0,0,0,0,0,0,0,0,0,FCC+IM,CAST,"Machaka, Ronald (2021), “Dataset for High-Entropy Alloys Phases”, Mendeley Data, V2, doi: 10.17632/7fhwrgfh2s.2"
6.9767442,23.255814,23.255814,0,23.255814,23.255814,0,0,0,0,0,0,0,0,0,FCC+IM,CAST,"Machaka, Ronald (2021), “Dataset for High-Entropy Alloys Phases”, Mendeley Data, V2, doi: 10.17632/7fhwrgfh2s.2"
6.9767442,23.255814,23.255814,0,23.255814,23.255814,0,0,0,0,0,0,0,0,0,FCC+IM,CAST,"Machaka, Ronald (2021), “Dataset for High-Entropy Alloys Phases”, Mendeley Data, V2, doi: 10.17632/7fhwrgfh2s.2"
6.9767442,23.255814,23.255814,0,23.255814,23.255814,0,0,0,0,0,0,0,0,0,FCC+IM,CAST,"Machaka, Ronald (2021), “Dataset for High-Entropy Alloys Phases”, Mendeley Data, V2, doi: 10.17632/7fhwrgfh2s.2"
6.9767442,23.255814,23.255814,0,23.255814,23.255814,0,0,0,0,0,0,0,0,0,FCC+IM,CAST,"Machaka, Ronald (2021), “Dataset for High-Entropy Alloys Phases”, Mendeley Data, V2, doi: 10.17632/7fhwrgfh2s.2"
6.9767442,23.255814,23.255814,0,23.255814,23.255814,0,0,0,0,0,0,0,0,0,FCC+IM,CAST,"Machaka, Ronald (2021), “Dataset for High-Entropy Alloys Phases”, Mendeley Data, V2, doi: 10.17632/7fhwrgfh2s.2"
6.9767442,23.255814,23.255814,0,23.255814,23.255814,0,0,0,0,0,0,0,0,0,FCC+IM,CAST,"Machaka, Ronald (2021), “Dataset for High-Entropy Alloys Phases”, Mendeley Data, V2, doi: 10.17632/7fhwrgfh2s.2"
24.3902439,0,0,0,0,0,0,24.3902439,0,24.3902439,0,24.3902439,0,0,2.4390244,BCC+IM,CAST,"Machaka, Ronald (2021), “Dataset for High-Entropy Alloys Phases”, Mendeley Data, V2, doi: 10.17632/7fhwrgfh2s.2"
23.5294118,0,0,0,0,0,0,23.5294118,0,23.5294118,0,23.5294118,0,0,5.8823529,BCC+IM,CAST,"Machaka, Ronald (2021), “Dataset for High-Entropy Alloys Phases”, Mendeley Data, V2, doi: 10.17632/7fhwrgfh2s.2"
22.2222222,0,0,0,0,0,0,22.2222222,0,22.2222222,0,22.2222222,0,0,11.1111111,BCC+IM,CAST,"Machaka, Ronald (2021), “Dataset for High-Entropy Alloys Phases”, Mendeley Data, V2, doi: 10.17632/7fhwrgfh2s.2"
20,0,0,0,0,0,0,20,0,20,0,20,0,0,20,BCC+IM,CAST,"Machaka, Ronald (2021), “Dataset for High-Entropy Alloys Phases”, Mendeley Data, V2, doi: 10.17632/7fhwrgfh2s.2"
18.1818182,0,0,0,0,0,0,18.1818182,0,18.1818182,0,18.1818182,0,0,27.2727273,BCC+IM,CAST,"Machaka, Ronald (2021), “Dataset for High-Entropy Alloys Phases”, Mendeley Data, V2, doi: 10.17632/7fhwrgfh2s.2"
24.3902439,0,0,0,0,0,0,24.3902439,0,24.3902439,0,24.3902439,0,0,2.4390244,BCC+IM,CAST,"Machaka, Ronald (2021), “Dataset for High-Entropy Alloys Phases”, Mendeley Data, V2, doi: 10.17632/7fhwrgfh2s.2"
23.5294118,0,0,0,0,0,0,23.5294118,0,23.5294118,0,23.5294118,0,0,5.8823529,BCC+IM,CAST,"Machaka, Ronald (2021), “Dataset for High-Entropy Alloys Phases”, Mendeley Data, V2, doi: 10.17632/7fhwrgfh2s.2"
22.2222222,0,0,0,0,0,0,22.2222222,0,22.2222222,0,22.2222222,0,0,11.1111111,BCC+IM,CAST,"Machaka, Ronald (2021), “Dataset for High-Entropy Alloys Phases”, Mendeley Data, V2, doi: 10.17632/7fhwrgfh2s.2"
20,0,0,0,0,0,0,20,0,20,0,20,0,0,20,BCC+IM,CAST,"Machaka, Ronald (2021), “Dataset for High-Entropy Alloys Phases”, Mendeley Data, V2, doi: 10.17632/7fhwrgfh2s.2"
18.1818182,0,0,0,0,0,0,18.1818182,0,18.1818182,0,18.1818182,0,0,27.2727273,BCC+IM,CAST,"Machaka, Ronald (2021), “Dataset for High-Entropy Alloys Phases”, Mendeley Data, V2, doi: 10.17632/7fhwrgfh2s.2"
20,20,20,0,20,20,0,0,0,0,0,0,0,0,0,BCC+FCC+IM,CAST,"Machaka, Ronald (2021), “Dataset for High-Entropy Alloys Phases”, Mendeley Data, V2, doi: 10.17632/7fhwrgfh2s.2"
0,0,0,0,0,0,20,20,0,20,20,20,0,0,0,BCC+IM,CAST,"Machaka, Ronald (2021), “Dataset for High-Entropy Alloys Phases”, Mendeley Data, V2, doi: 10.17632/7fhwrgfh2s.2"
0,0,20,20,20,20,0,0,0,0,0,0,20,0,0,FCC+IM,CAST,"Machaka, Ronald (2021), “Dataset for High-Entropy Alloys Phases”, Mendeley Data, V2, doi: 10.17632/7fhwrgfh2s.2"
0,22.2222222,22.2222222,0,22.2222222,22.2222222,0,0,11.1111111,0,0,0,0,0,0,FCC+IM,CAST,"Machaka, Ronald (2021), “Dataset for High-Entropy Alloys Phases”, Mendeley Data, V2, doi: 10.17632/7fhwrgfh2s.2"
20,20,20,0,20,20,0,0,0,0,0,0,0,0,0,BCC+IM,CAST,"Machaka, Ronald (2021), “Dataset for High-Entropy Alloys Phases”, Mendeley Data, V2, doi: 10.17632/7fhwrgfh2s.2"
20,20,20,0,20,20,0,0,0,0,0,0,0,0,0,BCC+FCC+IM,CAST,"Machaka, Ronald (2021), “Dataset for High-Entropy Alloys Phases”, Mendeley Data, V2, doi: 10.17632/7fhwrgfh2s.2"
20,20,20,0,20,20,0,0,0,0,0,0,0,0,0,BCC+FCC+IM,CAST,"Machaka, Ronald (2021), “Dataset for High-Entropy Alloys Phases”, Mendeley Data, V2, doi: 10.17632/7fhwrgfh2s.2"
20,20,20,0,20,20,0,0,0,0,0,0,0,0,0,BCC+FCC+IM,CAST,"Machaka, Ronald (2021), “Dataset for High-Entropy Alloys Phases”, Mendeley Data, V2, doi: 10.17632/7fhwrgfh2s.2"
10,25,8,0,15,36,0,6,0,0,0,0,0,0,0,FCC+IM,CAST,"Machaka, Ronald (2021), “Dataset for High-Entropy Alloys Phases”, Mendeley Data, V2, doi: 10.17632/7fhwrgfh2s.2"
10,25,8,0,15,36,0,6,0,0,0,0,0,0,0,FCC+IM,CAST,"Machaka, Ronald (2021), “Dataset for High-Entropy Alloys Phases”, Mendeley Data, V2, doi: 10.17632/7fhwrgfh2s.2"
10,25,8,0,15,36,0,6,0,0,0,0,0,0,0,FCC+IM,CAST,"Machaka, Ronald (2021), “Dataset for High-Entropy Alloys Phases”, Mendeley Data, V2, doi: 10.17632/7fhwrgfh2s.2"
10,25,8,0,15,36,0,6,0,0,0,0,0,0,0,FCC+IM,CAST,"Machaka, Ronald (2021), “Dataset for High-Entropy Alloys Phases”, Mendeley Data, V2, doi: 10.17632/7fhwrgfh2s.2"
10,25,8,0,15,36,0,6,0,0,0,0,0,0,0,FCC+IM,CAST,"Machaka, Ronald (2021), “Dataset for High-Entropy Alloys Phases”, Mendeley Data, V2, doi: 10.17632/7fhwrgfh2s.2"
10,25,8,0,15,36,0,6,0,0,0,0,0,0,0,FCC+IM,CAST,"Machaka, Ronald (2021), “Dataset for High-Entropy Alloys Phases”, Mendeley Data, V2, doi: 10.17632/7fhwrgfh2s.2"
10,25,8,0,15,36,0,6,0,0,0,0,0,0,0,FCC+IM,CAST,"Machaka, Ronald (2021), “Dataset for High-Entropy Alloys Phases”, Mendeley Data, V2, doi: 10.17632/7fhwrgfh2s.2"
10,25,8,0,15,36,0,6,0,0,0,0,0,0,0,FCC+IM,CAST,"Machaka, Ronald (2021), “Dataset for High-Entropy Alloys Phases”, Mendeley Data, V2, doi: 10.17632/7fhwrgfh2s.2"
9.5,25,8,0,15,36,0,6,0,0,0,0,0,0.5,0,FCC+IM,CAST,"Machaka, Ronald (2021), “Dataset for High-Entropy Alloys Phases”, Mendeley Data, V2, doi: 10.17632/7fhwrgfh2s.2"
9.5,25,8,0,15,36,0,6,0,0,0,0,0,0.5,0,FCC+IM,CAST,"Machaka, Ronald (2021), “Dataset for High-Entropy Alloys Phases”, Mendeley Data, V2, doi: 10.17632/7fhwrgfh2s.2"
9.5,25,8,0,15,36,0,6,0,0,0,0,0,0.5,0,FCC+IM,CAST,"Machaka, Ronald (2021), “Dataset for High-Entropy Alloys Phases”, Mendeley Data, V2, doi: 10.17632/7fhwrgfh2s.2"
9.5,25,8,0,15,36,0,6,0,0,0,0,0,0.5,0,FCC+IM,CAST,"Machaka, Ronald (2021), “Dataset for High-Entropy Alloys Phases”, Mendeley Data, V2, doi: 10.17632/7fhwrgfh2s.2"
9.5,25,8,0,15,36,0,6,0,0,0,0,0,0.5,0,FCC+IM,CAST,"Machaka, Ronald (2021), “Dataset for High-Entropy Alloys Phases”, Mendeley Data, V2, doi: 10.17632/7fhwrgfh2s.2"
20,0,0,0,0,0,0,20,0,20,0,20,0,0,20,BCC+IM,CAST,"Machaka, Ronald (2021), “Dataset for High-Entropy Alloys Phases”, Mendeley Data, V2, doi: 10.17632/7fhwrgfh2s.2"
20,20,20,0,20,20,0,0,0,0,0,0,0,0,0,BCC+IM,CAST,"Machaka, Ronald (2021), “Dataset for High-Entropy Alloys Phases”, Mendeley Data, V2, doi: 10.17632/7fhwrgfh2s.2"
0,20,20,0,20,20,0,0,0,0,0,0,20,0,0,FCC+IM,CAST,"Machaka, Ronald (2021), “Dataset for High-Entropy Alloys Phases”, Mendeley Data, V2, doi: 10.17632/7fhwrgfh2s.2"
18.1818182,18.1818182,18.1818182,0,18.1818182,18.1818182,0,9.0909091,0,0,0,0,0,0,0,BCC+IM,CAST,"Machaka, Ronald (2021), “Dataset for High-Entropy Alloys Phases”, Mendeley Data, V2, doi: 10.17632/7fhwrgfh2s.2"
5,0,15,0,33.5,33.5,0,3,0,0,0,0,10,0,0,BCC+IM,CAST,"Machaka, Ronald (2021), “Dataset for High-Entropy Alloys Phases”, Mendeley Data, V2, doi: 10.17632/7fhwrgfh2s.2"
4,0,15,0,33.5,33.5,0,4,0,0,0,0,10,0,0,BCC+IM,CAST,"Machaka, Ronald (2021), “Dataset for High-Entropy Alloys Phases”, Mendeley Data, V2, doi: 10.17632/7fhwrgfh2s.2"
3,0,15,0,33.5,33.5,0,5,0,0,0,0,10,0,0,BCC+IM,CAST,"Machaka, Ronald (2021), “Dataset for High-Entropy Alloys Phases”, Mendeley Data, V2, doi: 10.17632/7fhwrgfh2s.2"
7,28.6666667,0,0,28.6666667,28.6666667,0,7,0,0,0,0,0,0,0,FCC+IM,CAST,"Machaka, Ronald (2021), “Dataset for High-Entropy Alloys Phases”, Mendeley Data, V2, doi: 10.17632/7fhwrgfh2s.2"
8,28.6666667,0,0,28.6666667,28.6666667,0,6,0,0,0,0,0,0,0,FCC+IM,CAST,"Machaka, Ronald (2021), “Dataset for High-Entropy Alloys Phases”, Mendeley Data, V2, doi: 10.17632/7fhwrgfh2s.2"
14.2857143,14.2857143,14.2857143,14.2857143,14.2857143,0,0,14.2857143,0,0,0,0,14.2857143,0,0,BCC+FCC+IM,CAST,"Machaka, Ronald (2021), “Dataset for High-Entropy Alloys Phases”, Mendeley Data, V2, doi: 10.17632/7fhwrgfh2s.2"
20,20,0,20,20,20,0,0,0,0,0,0,0,0,0,BCC+FCC,AM,"Chao Zhou, Youzhi Zhang, Heyang Xin, Xiaomin Li, Xizhang Chen, Complex multiphase predicting of additive manufactured high entropy alloys based on data augmentation deep learning, Journal of Materials Research and Technology, 28, 2024: 2388-2401. https://doi.org/10.1016/j.jmrt.2023.12.181."
0,23.8095,23.8095,0,23.8095,23.8095,4.7619,0,0,0,0,0,0,0,0,FCC+IM,AM,"Chao Zhou, Youzhi Zhang, Heyang Xin, Xiaomin Li, Xizhang Chen, Complex multiphase predicting of additive manufactured high entropy alloys based on data augmentation deep learning, Journal of Materials Research and Technology, 28, 2024: 2388-2401. https://doi.org/10.1016/j.jmrt.2023.12.181."
25,0,25,0,25,25,0,0,0,0,0,0,0,0,0,BCC+FCC,AM,"Chao Zhou, Youzhi Zhang, Heyang Xin, Xiaomin Li, Xizhang Chen, Complex multiphase predicting of additive manufactured high entropy alloys based on data augmentation deep learning, Journal of Materials Research and Technology, 28, 2024: 2388-2401. https://doi.org/10.1016/j.jmrt.2023.12.181."
22.2222,0,22.2222,0,22.2222,22.2222,0,0,0,0,0,0,11.1111,0,0,BCC+FCC,AM,"Chao Zhou, Youzhi Zhang, Heyang Xin, Xiaomin Li, Xizhang Chen, Complex multiphase predicting of additive manufactured high entropy alloys based on data augmentation deep learning, Journal of Materials Research and Technology, 28, 2024: 2388-2401. https://doi.org/10.1016/j.jmrt.2023.12.181."
20,0,20,0,20,20,0,0,0,0,0,0,20,0,0,BCC+FCC,AM,"Chao Zhou, Youzhi Zhang, Heyang Xin, Xiaomin Li, Xizhang Chen, Complex multiphase predicting of additive manufactured high entropy alloys based on data augmentation deep learning, Journal of Materials Research and Technology, 28, 2024: 2388-2401. https://doi.org/10.1016/j.jmrt.2023.12.181."
0,0,0,0,0,25,0,25,0,25,25,0,0,0,0,BCC+IM,AM,"Chao Zhou, Youzhi Zhang, Heyang Xin, Xiaomin Li, Xizhang Chen, Complex multiphase predicting of additive manufactured high entropy alloys based on data augmentation deep learning, Journal of Materials Research and Technology, 28, 2024: 2388-2401. https://doi.org/10.1016/j.jmrt.2023.12.181."
20,20,20,0,20,20,0,0,0,0,0,0,0,0,0,BCC,AM,"Chao Zhou, Youzhi Zhang, Heyang Xin, Xiaomin Li, Xizhang Chen, Complex multiphase predicting of additive manufactured high entropy alloys based on data augmentation deep learning, Journal of Materials Research and Technology, 28, 2024: 2388-2401. https://doi.org/10.1016/j.jmrt.2023.12.181."
0,20,20,0,20,20,0,0,0,0,0,0,20,0,0,FCC,AM,"Chao Zhou, Youzhi Zhang, Heyang Xin, Xiaomin Li, Xizhang Chen, Complex multiphase predicting of additive manufactured high entropy alloys based on data augmentation deep learning, Journal of Materials Research and Technology, 28, 2024: 2388-2401. https://doi.org/10.1016/j.jmrt.2023.12.181."
0,20,20,0,20,20,0,0,0,0,0,0,20,0,0,FCC,AM,"Chao Zhou, Youzhi Zhang, Heyang Xin, Xiaomin Li, Xizhang Chen, Complex multiphase predicting of additive manufactured high entropy alloys based on data augmentation deep learning, Journal of Materials Research and Technology, 28, 2024: 2388-2401. https://doi.org/10.1016/j.jmrt.2023.12.181."
0,20,20,0,20,20,0,0,0,0,0,0,20,0,0,FCC,AM,"Chao Zhou, Youzhi Zhang, Heyang Xin, Xiaomin Li, Xizhang Chen, Complex multiphase predicting of additive manufactured high entropy alloys based on data augmentation deep learning, Journal of Materials Research and Technology, 28, 2024: 2388-2401. https://doi.org/10.1016/j.jmrt.2023.12.181."
0,20,20,0,20,20,20,0,0,0,0,0,0,0,0,FCC+IM,AM,"Chao Zhou, Youzhi Zhang, Heyang Xin, Xiaomin Li, Xizhang Chen, Complex multiphase predicting of additive manufactured high entropy alloys based on data augmentation deep learning, Journal of Materials Research and Technology, 28, 2024: 2388-2401. https://doi.org/10.1016/j.jmrt.2023.12.181."
0,20,20,0,20,20,20,0,0,0,0,0,0,0,0,FCC+IM,AM,"Chao Zhou, Youzhi Zhang, Heyang Xin, Xiaomin Li, Xizhang Chen, Complex multiphase predicting of additive manufactured high entropy alloys based on data augmentation deep learning, Journal of Materials Research and Technology, 28, 2024: 2388-2401. https://doi.org/10.1016/j.jmrt.2023.12.181."
16.6667,16.6667,16.6667,16.6667,16.6667,16.6667,0,0,0,0,0,0,0,0,0,BCC+FCC,AM,"Chao Zhou, Youzhi Zhang, Heyang Xin, Xiaomin Li, Xizhang Chen, Complex multiphase predicting of additive manufactured high entropy alloys based on data augmentation deep learning, Journal of Materials Research and Technology, 28, 2024: 2388-2401. https://doi.org/10.1016/j.jmrt.2023.12.181."
16.6667,16.6667,16.6667,16.6667,16.6667,16.6667,0,0,0,0,0,0,0,0,0,BCC+FCC,AM,"Chao Zhou, Youzhi Zhang, Heyang Xin, Xiaomin Li, Xizhang Chen, Complex multiphase predicting of additive manufactured high entropy alloys based on data augmentation deep learning, Journal of Materials Research and Technology, 28, 2024: 2388-2401. https://doi.org/10.1016/j.jmrt.2023.12.181."
16.6667,16.6667,16.6667,16.6667,16.6667,16.6667,0,0,0,0,0,0,0,0,0,BCC+FCC,AM,"Chao Zhou, Youzhi Zhang, Heyang Xin, Xiaomin Li, Xizhang Chen, Complex multiphase predicting of additive manufactured high entropy alloys based on data augmentation deep learning, Journal of Materials Research and Technology, 28, 2024: 2388-2401. https://doi.org/10.1016/j.jmrt.2023.12.181."
20,20,20,0,20,20,0,0,0,0,0,0,0,0,0,BCC,AM,"Chao Zhou, Youzhi Zhang, Heyang Xin, Xiaomin Li, Xizhang Chen, Complex multiphase predicting of additive manufactured high entropy alloys based on data augmentation deep learning, Journal of Materials Research and Technology, 28, 2024: 2388-2401. https://doi.org/10.1016/j.jmrt.2023.12.181."
0,20,20,20,20,20,0,0,0,0,0,0,0,0,0,FCC,AM,"Chao Zhou, Youzhi Zhang, Heyang Xin, Xiaomin Li, Xizhang Chen, Complex multiphase predicting of additive manufactured high entropy alloys based on data augmentation deep learning, Journal of Materials Research and Technology, 28, 2024: 2388-2401. https://doi.org/10.1016/j.jmrt.2023.12.181."
20,0,20,0,20,20,0,0,0,0,0,0,20,0,0,BCC,AM,"Chao Zhou, Youzhi Zhang, Heyang Xin, Xiaomin Li, Xizhang Chen, Complex multiphase predicting of additive manufactured high entropy alloys based on data augmentation deep learning, Journal of Materials Research and Technology, 28, 2024: 2388-2401. https://doi.org/10.1016/j.jmrt.2023.12.181."
20,0,20,0,20,20,0,0,0,0,0,0,20,0,0,BCC,AM,"Chao Zhou, Youzhi Zhang, Heyang Xin, Xiaomin Li, Xizhang Chen, Complex multiphase predicting of additive manufactured high entropy alloys based on data augmentation deep learning, Journal of Materials Research and Technology, 28, 2024: 2388-2401. https://doi.org/10.1016/j.jmrt.2023.12.181."
20,0,20,0,20,20,0,0,0,0,0,0,20,0,0,BCC,AM,"Chao Zhou, Youzhi Zhang, Heyang Xin, Xiaomin Li, Xizhang Chen, Complex multiphase predicting of additive manufactured high entropy alloys based on data augmentation deep learning, Journal of Materials Research and Technology, 28, 2024: 2388-2401. https://doi.org/10.1016/j.jmrt.2023.12.181."
20,0,20,0,20,20,0,0,0,0,0,0,20,0,0,BCC,AM,"Chao Zhou, Youzhi Zhang, Heyang Xin, Xiaomin Li, Xizhang Chen, Complex multiphase predicting of additive manufactured high entropy alloys based on data augmentation deep learning, Journal of Materials Research and Technology, 28, 2024: 2388-2401. https://doi.org/10.1016/j.jmrt.2023.12.181."
4.7619,0,23.8095,0,0,0,0,23.8095,0,23.8095,0,23.8095,0,0,0,BCC,AM,"Chao Zhou, Youzhi Zhang, Heyang Xin, Xiaomin Li, Xizhang Chen, Complex multiphase predicting of additive manufactured high entropy alloys based on data augmentation deep learning, Journal of Materials Research and Technology, 28, 2024: 2388-2401. https://doi.org/10.1016/j.jmrt.2023.12.181."
4.7619,0,23.8095,0,0,0,0,23.8095,0,23.8095,0,23.8095,0,0,0,BCC,AM,"Chao Zhou, Youzhi Zhang, Heyang Xin, Xiaomin Li, Xizhang Chen, Complex multiphase predicting of additive manufactured high entropy alloys based on data augmentation deep learning, Journal of Materials Research and Technology, 28, 2024: 2388-2401. https://doi.org/10.1016/j.jmrt.2023.12.181."
16.6667,16.6667,16.6667,0,16.6667,16.6667,0,16.6667,0,0,0,0,0,0,0,BCC+FCC,AM,"Chao Zhou, Youzhi Zhang, Heyang Xin, Xiaomin Li, Xizhang Chen, Complex multiphase predicting of additive manufactured high entropy alloys based on data augmentation deep learning, Journal of Materials Research and Technology, 28, 2024: 2388-2401. https://doi.org/10.1016/j.jmrt.2023.12.181."
16.6667,16.6667,16.6667,0,16.6667,16.6667,0,16.6667,0,0,0,0,0,0,0,BCC+FCC,AM,"Chao Zhou, Youzhi Zhang, Heyang Xin, Xiaomin Li, Xizhang Chen, Complex multiphase predicting of additive manufactured high entropy alloys based on data augmentation deep learning, Journal of Materials Research and Technology, 28, 2024: 2388-2401. https://doi.org/10.1016/j.jmrt.2023.12.181."
16.6667,16.6667,16.6667,0,16.6667,16.6667,0,16.6667,0,0,0,0,0,0,0,BCC+FCC,AM,"Chao Zhou, Youzhi Zhang, Heyang Xin, Xiaomin Li, Xizhang Chen, Complex multiphase predicting of additive manufactured high entropy alloys based on data augmentation deep learning, Journal of Materials Research and Technology, 28, 2024: 2388-2401. https://doi.org/10.1016/j.jmrt.2023.12.181."
0,25,25,0,25,25,0,0,0,0,0,0,0,0,0,FCC,AM,"Chao Zhou, Youzhi Zhang, Heyang Xin, Xiaomin Li, Xizhang Chen, Complex multiphase predicting of additive manufactured high entropy alloys based on data augmentation deep learning, Journal of Materials Research and Technology, 28, 2024: 2388-2401. https://doi.org/10.1016/j.jmrt.2023.12.181."
0,20.4082,20.4082,0,20.4082,20.4082,18.3673,0,0,0,0,0,0,0,0,FCC+IM,AM,"Chao Zhou, Youzhi Zhang, Heyang Xin, Xiaomin Li, Xizhang Chen, Complex multiphase predicting of additive manufactured high entropy alloys based on data augmentation deep learning, Journal of Materials Research and Technology, 28, 2024: 2388-2401. https://doi.org/10.1016/j.jmrt.2023.12.181."
0,21.7391,21.7391,0,21.7391,21.7391,13.0435,0,0,0,0,0,0,0,0,FCC+IM,AM,"Chao Zhou, Youzhi Zhang, Heyang Xin, Xiaomin Li, Xizhang Chen, Complex multiphase predicting of additive manufactured high entropy alloys based on data augmentation deep learning, Journal of Materials Research and Technology, 28, 2024: 2388-2401. https://doi.org/10.1016/j.jmrt.2023.12.181."
0,23.2558,23.2558,0,23.2558,23.2558,6.9767,0,0,0,0,0,0,0,0,FCC+IM,AM,"Chao Zhou, Youzhi Zhang, Heyang Xin, Xiaomin Li, Xizhang Chen, Complex multiphase predicting of additive manufactured high entropy alloys based on data augmentation deep learning, Journal of Materials Research and Technology, 28, 2024: 2388-2401. https://doi.org/10.1016/j.jmrt.2023.12.181."
0,19.2308,19.2308,0,19.2308,19.2308,23.0769,0,0,0,0,0,0,0,0,FCC+IM,AM,"Chao Zhou, Youzhi Zhang, Heyang Xin, Xiaomin Li, Xizhang Chen, Complex multiphase predicting of additive manufactured high entropy alloys based on data augmentation deep learning, Journal of Materials Research and Technology, 28, 2024: 2388-2401. https://doi.org/10.1016/j.jmrt.2023.12.181."
4.7619,19.0476,19.0476,0,19.0476,19.0476,0,0,0,0,0,19.0476,0,0,0,BCC+FCC,AM,"Chao Zhou, Youzhi Zhang, Heyang Xin, Xiaomin Li, Xizhang Chen, Complex multiphase predicting of additive manufactured high entropy alloys based on data augmentation deep learning, Journal of Materials Research and Technology, 28, 2024: 2388-2401. https://doi.org/10.1016/j.jmrt.2023.12.181."
16.6667,0,16.6667,0,0,16.6667,0,16.6667,0,16.6667,0,16.6667,0,0,0,BCC+IM,AM,"Chao Zhou, Youzhi Zhang, Heyang Xin, Xiaomin Li, Xizhang Chen, Complex multiphase predicting of additive manufactured high entropy alloys based on data augmentation deep learning, Journal of Materials Research and Technology, 28, 2024: 2388-2401. https://doi.org/10.1016/j.jmrt.2023.12.181."
6.25,31.25,31.25,0,0,31.25,0,0,0,0,0,0,0,0,0,FCC,AM,"Chao Zhou, Youzhi Zhang, Heyang Xin, Xiaomin Li, Xizhang Chen, Complex multiphase predicting of additive manufactured high entropy alloys based on data augmentation deep learning, Journal of Materials Research and Technology, 28, 2024: 2388-2401. https://doi.org/10.1016/j.jmrt.2023.12.181."
11.7647,29.4118,29.4118,0,0,29.4118,0,0,0,0,0,0,0,0,0,BCC+FCC,AM,"Chao Zhou, Youzhi Zhang, Heyang Xin, Xiaomin Li, Xizhang Chen, Complex multiphase predicting of additive manufactured high entropy alloys based on data augmentation deep learning, Journal of Materials Research and Technology, 28, 2024: 2388-2401. https://doi.org/10.1016/j.jmrt.2023.12.181."
16.6667,27.7778,27.7778,0,0,27.7778,0,0,0,0,0,0,0,0,0,BCC+FCC,AM,"Chao Zhou, Youzhi Zhang, Heyang Xin, Xiaomin Li, Xizhang Chen, Complex multiphase predicting of additive manufactured high entropy alloys based on data augmentation deep learning, Journal of Materials Research and Technology, 28, 2024: 2388-2401. https://doi.org/10.1016/j.jmrt.2023.12.181."
0,20,20,20,20,20,0,0,0,0,0,0,0,0,0,FCC,AM,"Chao Zhou, Youzhi Zhang, Heyang Xin, Xiaomin Li, Xizhang Chen, Complex multiphase predicting of additive manufactured high entropy alloys based on data augmentation deep learning, Journal of Materials Research and Technology, 28, 2024: 2388-2401. https://doi.org/10.1016/j.jmrt.2023.12.181."
0,18.1818,18.1818,18.1818,18.1818,18.1818,0,9.0909,0,0,0,0,0,0,0,FCC+IM,AM,"Chao Zhou, Youzhi Zhang, Heyang Xin, Xiaomin Li, Xizhang Chen, Complex multiphase predicting of additive manufactured high entropy alloys based on data augmentation deep learning, Journal of Materials Research and Technology, 28, 2024: 2388-2401. https://doi.org/10.1016/j.jmrt.2023.12.181."
0,16.6667,16.6667,16.6667,16.6667,16.6667,0,16.6667,0,0,0,0,0,0,0,FCC+IM,AM,"Chao Zhou, Youzhi Zhang, Heyang Xin, Xiaomin Li, Xizhang Chen, Complex multiphase predicting of additive manufactured high entropy alloys based on data augmentation deep learning, Journal of Materials Research and Technology, 28, 2024: 2388-2401. https://doi.org/10.1016/j.jmrt.2023.12.181."
0,15.3846,15.3846,15.3846,15.3846,15.3846,0,23.0769,0,0,0,0,0,0,0,FCC,AM,"Chao Zhou, Youzhi Zhang, Heyang Xin, Xiaomin Li, Xizhang Chen, Complex multiphase predicting of additive manufactured high entropy alloys based on data augmentation deep learning, Journal of Materials Research and Technology, 28, 2024: 2388-2401. https://doi.org/10.1016/j.jmrt.2023.12.181."
20,20,20,0,20,20,0,0,0,0,0,0,0,0,0,BCC,AM,"Chao Zhou, Youzhi Zhang, Heyang Xin, Xiaomin Li, Xizhang Chen, Complex multiphase predicting of additive manufactured high entropy alloys based on data augmentation deep learning, Journal of Materials Research and Technology, 28, 2024: 2388-2401. https://doi.org/10.1016/j.jmrt.2023.12.181."
0,25,25,0,25,25,0,0,0,0,0,0,0,0,0,FCC,AM,"Chao Zhou, Youzhi Zhang, Heyang Xin, Xiaomin Li, Xizhang Chen, Complex multiphase predicting of additive manufactured high entropy alloys based on data augmentation deep learning, Journal of Materials Research and Technology, 28, 2024: 2388-2401. https://doi.org/10.1016/j.jmrt.2023.12.181."
0,23.5294,23.5294,0,23.5294,23.5294,0,0,5.8824,0,0,0,0,0,0,FCC+IM,AM,"Chao Zhou, Youzhi Zhang, Heyang Xin, Xiaomin Li, Xizhang Chen, Complex multiphase predicting of additive manufactured high entropy alloys based on data augmentation deep learning, Journal of Materials Research and Technology, 28, 2024: 2388-2401. https://doi.org/10.1016/j.jmrt.2023.12.181."
0,22.2222,22.2222,0,22.2222,22.2222,0,0,11.1111,0,0,0,0,0,0,FCC+IM,AM,"Chao Zhou, Youzhi Zhang, Heyang Xin, Xiaomin Li, Xizhang Chen, Complex multiphase predicting of additive manufactured high entropy alloys based on data augmentation deep learning, Journal of Materials Research and Technology, 28, 2024: 2388-2401. https://doi.org/10.1016/j.jmrt.2023.12.181."
0,21.0526,21.0526,0,21.0526,21.0526,0,0,15.7895,0,0,0,0,0,0,FCC+IM,AM,"Chao Zhou, Youzhi Zhang, Heyang Xin, Xiaomin Li, Xizhang Chen, Complex multiphase predicting of additive manufactured high entropy alloys based on data augmentation deep learning, Journal of Materials Research and Technology, 28, 2024: 2388-2401. https://doi.org/10.1016/j.jmrt.2023.12.181."
0,20,20,0,20,20,0,0,20,0,0,0,0,0,0,FCC+IM,AM,"Chao Zhou, Youzhi Zhang, Heyang Xin, Xiaomin Li, Xizhang Chen, Complex multiphase predicting of additive manufactured high entropy alloys based on data augmentation deep learning, Journal of Materials Research and Technology, 28, 2024: 2388-2401. https://doi.org/10.1016/j.jmrt.2023.12.181."
0,24.3902,24.3902,0,24.3902,24.3902,0,0,0,2.439,0,0,0,0,0,FCC+IM,AM,"Chao Zhou, Youzhi Zhang, Heyang Xin, Xiaomin Li, Xizhang Chen, Complex multiphase predicting of additive manufactured high entropy alloys based on data augmentation deep learning, Journal of Materials Research and Technology, 28, 2024: 2388-2401. https://doi.org/10.1016/j.jmrt.2023.12.181."
0,23.8095,23.8095,0,23.8095,23.8095,0,0,0,4.7619,0,0,0,0,0,FCC+IM,AM,"Chao Zhou, Youzhi Zhang, Heyang Xin, Xiaomin Li, Xizhang Chen, Complex multiphase predicting of additive manufactured high entropy alloys based on data augmentation deep learning, Journal of Materials Research and Technology, 28, 2024: 2388-2401. https://doi.org/10.1016/j.jmrt.2023.12.181."
0,23.2558,23.2558,0,23.2558,23.2558,0,0,0,6.9767,0,0,0,0,0,FCC+IM,AM,"Chao Zhou, Youzhi Zhang, Heyang Xin, Xiaomin Li, Xizhang Chen, Complex multiphase predicting of additive manufactured high entropy alloys based on data augmentation deep learning, Journal of Materials Research and Technology, 28, 2024: 2388-2401. https://doi.org/10.1016/j.jmrt.2023.12.181."
0,20,20,0,20,20,0,0,0,0,0,0,20,0,0,FCC,AM,"Chao Zhou, Youzhi Zhang, Heyang Xin, Xiaomin Li, Xizhang Chen, Complex multiphase predicting of additive manufactured high entropy alloys based on data augmentation deep learning, Journal of Materials Research and Technology, 28, 2024: 2388-2401. https://doi.org/10.1016/j.jmrt.2023.12.181."
0,18.1818,18.1818,0,18.1818,18.1818,0,9.0909,0,0,0,0,18.1818,0,0,BCC+FCC,AM,"Chao Zhou, Youzhi Zhang, Heyang Xin, Xiaomin Li, Xizhang Chen, Complex multiphase predicting of additive manufactured high entropy alloys based on data augmentation deep learning, Journal of Materials Research and Technology, 28, 2024: 2388-2401. https://doi.org/10.1016/j.jmrt.2023.12.181."
0,17.2414,17.2414,0,17.2414,17.2414,0,13.7931,0,0,0,0,17.2414,0,0,BCC+FCC,AM,"Chao Zhou, Youzhi Zhang, Heyang Xin, Xiaomin Li, Xizhang Chen, Complex multiphase predicting of additive manufactured high entropy alloys based on data augmentation deep learning, Journal of Materials Research and Technology, 28, 2024: 2388-2401. https://doi.org/10.1016/j.jmrt.2023.12.181."
0,16.6667,16.6667,0,16.6667,16.6667,0,16.6667,0,0,0,0,16.6667,0,0,BCC+FCC,AM,"Chao Zhou, Youzhi Zhang, Heyang Xin, Xiaomin Li, Xizhang Chen, Complex multiphase predicting of additive manufactured high entropy alloys based on data augmentation deep learning, Journal of Materials Research and Technology, 28, 2024: 2388-2401. https://doi.org/10.1016/j.jmrt.2023.12.181."
0,19.0476,19.0476,0,19.0476,19.0476,0,4.7619,0,0,0,0,19.0476,0,0,FCC+IM,AM,"Chao Zhou, Youzhi Zhang, Heyang Xin, Xiaomin Li, Xizhang Chen, Complex multiphase predicting of additive manufactured high entropy alloys based on data augmentation deep learning, Journal of Materials Research and Technology, 28, 2024: 2388-2401. https://doi.org/10.1016/j.jmrt.2023.12.181."
0,18.1818,18.1818,0,18.1818,18.1818,0,9.0909,0,0,0,0,18.1818,0,0,BCC+FCC,AM,"Chao Zhou, Youzhi Zhang, Heyang Xin, Xiaomin Li, Xizhang Chen, Complex multiphase predicting of additive manufactured high entropy alloys based on data augmentation deep learning, Journal of Materials Research and Technology, 28, 2024: 2388-2401. https://doi.org/10.1016/j.jmrt.2023.12.181."
0,27.3973,27.3973,0,13.6986,13.6986,2.7397,0,0,15.0685,0,0,0,0,0,FCC+IM,AM,"Chao Zhou, Youzhi Zhang, Heyang Xin, Xiaomin Li, Xizhang Chen, Complex multiphase predicting of additive manufactured high entropy alloys based on data augmentation deep learning, Journal of Materials Research and Technology, 28, 2024: 2388-2401. https://doi.org/10.1016/j.jmrt.2023.12.181."
0,26.455,26.455,0,13.2275,13.2275,2.6455,0,0,17.9894,0,0,0,0,0,FCC+IM,AM,"Chao Zhou, Youzhi Zhang, Heyang Xin, Xiaomin Li, Xizhang Chen, Complex multiphase predicting of additive manufactured high entropy alloys based on data augmentation deep learning, Journal of Materials Research and Technology, 28, 2024: 2388-2401. https://doi.org/10.1016/j.jmrt.2023.12.181."
0,25.641,25.641,0,12.8205,12.8205,2.5641,0,0,20.5128,0,0,0,0,0,FCC+IM,AM,"Chao Zhou, Youzhi Zhang, Heyang Xin, Xiaomin Li, Xizhang Chen, Complex multiphase predicting of additive manufactured high entropy alloys based on data augmentation deep learning, Journal of Materials Research and Technology, 28, 2024: 2388-2401. https://doi.org/10.1016/j.jmrt.2023.12.181."
10,20,20,0,20,20,0,10,0,0,0,0,0,0,0,BCC+FCC,AM,"Chao Zhou, Youzhi Zhang, Heyang Xin, Xiaomin Li, Xizhang Chen, Complex multiphase predicting of additive manufactured high entropy alloys based on data augmentation deep learning, Journal of Materials Research and Technology, 28, 2024: 2388-2401. https://doi.org/10.1016/j.jmrt.2023.12.181."
16,20,20,0,20,20,0,4,0,0,0,0,0,0,0,BCC+FCC,AM,"Chao Zhou, Youzhi Zhang, Heyang Xin, Xiaomin Li, Xizhang Chen, Complex multiphase predicting of additive manufactured high entropy alloys based on data augmentation deep learning, Journal of Materials Research and Technology, 28, 2024: 2388-2401. https://doi.org/10.1016/j.jmrt.2023.12.181."
20,20,20,0,20,20,0,0,0,0,0,0,0,0,0,BCC,AM,"Chao Zhou, Youzhi Zhang, Heyang Xin, Xiaomin Li, Xizhang Chen, Complex multiphase predicting of additive manufactured high entropy alloys based on data augmentation deep learning, Journal of Materials Research and Technology, 28, 2024: 2388-2401. https://doi.org/10.1016/j.jmrt.2023.12.181."
0,20,20,0,20,20,0,0,0,0,0,0,20,0,0,FCC,AM,"Chao Zhou, Youzhi Zhang, Heyang Xin, Xiaomin Li, Xizhang Chen, Complex multiphase predicting of additive manufactured high entropy alloys based on data augmentation deep learning, Journal of Materials Research and Technology, 28, 2024: 2388-2401. https://doi.org/10.1016/j.jmrt.2023.12.181."
0,19.2308,19.2308,0,19.2308,19.2308,0,3.8462,0,0,0,0,19.2308,0,0,BCC+FCC,AM,"Chao Zhou, Youzhi Zhang, Heyang Xin, Xiaomin Li, Xizhang Chen, Complex multiphase predicting of additive manufactured high entropy alloys based on data augmentation deep learning, Journal of Materials Research and Technology, 28, 2024: 2388-2401. https://doi.org/10.1016/j.jmrt.2023.12.181."
0,17.8571,17.8571,0,17.8571,17.8571,0,10.7143,0,0,0,0,17.8571,0,0,FCC+IM,AM,"Chao Zhou, Youzhi Zhang, Heyang Xin, Xiaomin Li, Xizhang Chen, Complex multiphase predicting of additive manufactured high entropy alloys based on data augmentation deep learning, Journal of Materials Research and Technology, 28, 2024: 2388-2401. https://doi.org/10.1016/j.jmrt.2023.12.181."
0,16.6667,16.6667,0,16.6667,16.6667,0,16.6667,0,0,0,0,16.6667,0,0,BCC+FCC,AM,"Chao Zhou, Youzhi Zhang, Heyang Xin, Xiaomin Li, Xizhang Chen, Complex multiphase predicting of additive manufactured high entropy alloys based on data augmentation deep learning, Journal of Materials Research and Technology, 28, 2024: 2388-2401. https://doi.org/10.1016/j.jmrt.2023.12.181."
0,20,20,20,20,20,0,0,0,0,0,0,0,0,0,FCC,AM,"Chao Zhou, Youzhi Zhang, Heyang Xin, Xiaomin Li, Xizhang Chen, Complex multiphase predicting of additive manufactured high entropy alloys based on data augmentation deep learning, Journal of Materials Research and Technology, 28, 2024: 2388-2401. https://doi.org/10.1016/j.jmrt.2023.12.181."
0,20,20,15,20,20,5,0,0,0,0,0,0,0,0,FCC+IM,AM,"Chao Zhou, Youzhi Zhang, Heyang Xin, Xiaomin Li, Xizhang Chen, Complex multiphase predicting of additive manufactured high entropy alloys based on data augmentation deep learning, Journal of Materials Research and Technology, 28, 2024: 2388-2401. https://doi.org/10.1016/j.jmrt.2023.12.181."
0,20,20,10,20,20,10,0,0,0,0,0,0,0,0,FCC+IM,AM,"Chao Zhou, Youzhi Zhang, Heyang Xin, Xiaomin Li, Xizhang Chen, Complex multiphase predicting of additive manufactured high entropy alloys based on data augmentation deep learning, Journal of Materials Research and Technology, 28, 2024: 2388-2401. https://doi.org/10.1016/j.jmrt.2023.12.181."
0,20,20,5,20,20,15,0,0,0,0,0,0,0,0,FCC+IM,AM,"Chao Zhou, Youzhi Zhang, Heyang Xin, Xiaomin Li, Xizhang Chen, Complex multiphase predicting of additive manufactured high entropy alloys based on data augmentation deep learning, Journal of Materials Research and Technology, 28, 2024: 2388-2401. https://doi.org/10.1016/j.jmrt.2023.12.181."
0,20,20,0,20,20,20,0,0,0,0,0,0,0,0,FCC+IM,AM,"Chao Zhou, Youzhi Zhang, Heyang Xin, Xiaomin Li, Xizhang Chen, Complex multiphase predicting of additive manufactured high entropy alloys based on data augmentation deep learning, Journal of Materials Research and Technology, 28, 2024: 2388-2401. https://doi.org/10.1016/j.jmrt.2023.12.181."
11.1111,22.2222,22.2222,0,22.2222,22.2222,0,0,0,0,0,0,0,0,0,BCC+FCC,AM,"Chao Zhou, Youzhi Zhang, Heyang Xin, Xiaomin Li, Xizhang Chen, Complex multiphase predicting of additive manufactured high entropy alloys based on data augmentation deep learning, Journal of Materials Research and Technology, 28, 2024: 2388-2401. https://doi.org/10.1016/j.jmrt.2023.12.181."
11.1111,22.2222,22.2222,0,22.2222,22.2222,0,0,0,0,0,0,0,0,0,BCC+FCC,AM,"Chao Zhou, Youzhi Zhang, Heyang Xin, Xiaomin Li, Xizhang Chen, Complex multiphase predicting of additive manufactured high entropy alloys based on data augmentation deep learning, Journal of Materials Research and Technology, 28, 2024: 2388-2401. https://doi.org/10.1016/j.jmrt.2023.12.181."
11.1111,22.2222,22.2222,0,22.2222,22.2222,0,0,0,0,0,0,0,0,0,BCC+FCC,AM,"Chao Zhou, Youzhi Zhang, Heyang Xin, Xiaomin Li, Xizhang Chen, Complex multiphase predicting of additive manufactured high entropy alloys based on data augmentation deep learning, Journal of Materials Research and Technology, 28, 2024: 2388-2401. https://doi.org/10.1016/j.jmrt.2023.12.181."
0,20,0,20,0,20,0,0,0,10,0,30,0,0,0,FCC+IM,AM,"Chao Zhou, Youzhi Zhang, Heyang Xin, Xiaomin Li, Xizhang Chen, Complex multiphase predicting of additive manufactured high entropy alloys based on data augmentation deep learning, Journal of Materials Research and Technology, 28, 2024: 2388-2401. https://doi.org/10.1016/j.jmrt.2023.12.181."
0,14.2857,14.2857,0,57.1429,0,0,0,0,0,0,0,14.2857,0,0,BCC+FCC,AM,"Chao Zhou, Youzhi Zhang, Heyang Xin, Xiaomin Li, Xizhang Chen, Complex multiphase predicting of additive manufactured high entropy alloys based on data augmentation deep learning, Journal of Materials Research and Technology, 28, 2024: 2388-2401. https://doi.org/10.1016/j.jmrt.2023.12.181."
0,0,22.2222,11.1111,22.2222,22.2222,0,0,0,0,0,0,22.2222,0,0,FCC,AM,"Chao Zhou, Youzhi Zhang, Heyang Xin, Xiaomin Li, Xizhang Chen, Complex multiphase predicting of additive manufactured high entropy alloys based on data augmentation deep learning, Journal of Materials Research and Technology, 28, 2024: 2388-2401. https://doi.org/10.1016/j.jmrt.2023.12.181."
10,0,20,10,20,20,0,0,0,0,0,0,20,0,0,BCC+FCC,AM,"Chao Zhou, Youzhi Zhang, Heyang Xin, Xiaomin Li, Xizhang Chen, Complex multiphase predicting of additive manufactured high entropy alloys based on data augmentation deep learning, Journal of Materials Research and Technology, 28, 2024: 2388-2401. https://doi.org/10.1016/j.jmrt.2023.12.181."
18.1818,0,18.1818,9.0909,18.1818,18.1818,0,0,0,0,0,0,18.1818,0,0,BCC,AM,"Chao Zhou, Youzhi Zhang, Heyang Xin, Xiaomin Li, Xizhang Chen, Complex multiphase predicting of additive manufactured high entropy alloys based on data augmentation deep learning, Journal of Materials Research and Technology, 28, 2024: 2388-2401. https://doi.org/10.1016/j.jmrt.2023.12.181."
14.2857,0,0,0,0,0,28.5714,0,0,28.5714,28.5714,0,0,0,0,BCC+IM,AM,"Chao Zhou, Youzhi Zhang, Heyang Xin, Xiaomin Li, Xizhang Chen, Complex multiphase predicting of additive manufactured high entropy alloys based on data augmentation deep learning, Journal of Materials Research and Technology, 28, 2024: 2388-2401. https://doi.org/10.1016/j.jmrt.2023.12.181."
25,0,0,0,0,0,25,0,0,25,25,0,0,0,0,BCC+IM,AM,"Chao Zhou, Youzhi Zhang, Heyang Xin, Xiaomin Li, Xizhang Chen, Complex multiphase predicting of additive manufactured high entropy alloys based on data augmentation deep learning, Journal of Materials Research and Technology, 28, 2024: 2388-2401. https://doi.org/10.1016/j.jmrt.2023.12.181."
33.3333,0,0,0,0,0,22.2222,0,0,22.2222,22.2222,0,0,0,0,BCC+IM,AM,"Chao Zhou, Youzhi Zhang, Heyang Xin, Xiaomin Li, Xizhang Chen, Complex multiphase predicting of additive manufactured high entropy alloys based on data augmentation deep learning, Journal of Materials Research and Technology, 28, 2024: 2388-2401. https://doi.org/10.1016/j.jmrt.2023.12.181."
0,16.6667,16.6667,0,16.6667,16.6667,0,16.6667,0,16.6667,0,0,0,0,0,BCC+FCC,AM,"Chao Zhou, Youzhi Zhang, Heyang Xin, Xiaomin Li, Xizhang Chen, Complex multiphase predicting of additive manufactured high entropy alloys based on data augmentation deep learning, Journal of Materials Research and Technology, 28, 2024: 2388-2401. https://doi.org/10.1016/j.jmrt.2023.12.181."
25,0,0,0,0,0,0,25,0,25,0,0,0,0,25,BCC+IM,AM,"Chao Zhou, Youzhi Zhang, Heyang Xin, Xiaomin Li, Xizhang Chen, Complex multiphase predicting of additive manufactured high entropy alloys based on data augmentation deep learning, Journal of Materials Research and Technology, 28, 2024: 2388-2401. https://doi.org/10.1016/j.jmrt.2023.12.181."
20,20,0,0,0,0,0,20,0,20,0,0,0,0,20,BCC+FCC+IM,AM,"Chao Zhou, Youzhi Zhang, Heyang Xin, Xiaomin Li, Xizhang Chen, Complex multiphase predicting of additive manufactured high entropy alloys based on data augmentation deep learning, Journal of Materials Research and Technology, 28, 2024: 2388-2401. https://doi.org/10.1016/j.jmrt.2023.12.181."
0,0,24.3902,0,0,24.3902,0,24.3902,0,24.3902,2.439,0,0,0,0,BCC+IM,AM,"Chao Zhou, Youzhi Zhang, Heyang Xin, Xiaomin Li, Xizhang Chen, Complex multiphase predicting of additive manufactured high entropy alloys based on data augmentation deep learning, Journal of Materials Research and Technology, 28, 2024: 2388-2401. https://doi.org/10.1016/j.jmrt.2023.12.181."
0,0,23.2558,0,0,23.2558,0,23.2558,0,23.2558,6.9767,0,0,0,0,BCC+IM,AM,"Chao Zhou, Youzhi Zhang, Heyang Xin, Xiaomin Li, Xizhang Chen, Complex multiphase predicting of additive manufactured high entropy alloys based on data augmentation deep learning, Journal of Materials Research and Technology, 28, 2024: 2388-2401. https://doi.org/10.1016/j.jmrt.2023.12.181."
0,0,22.2222,0,0,22.2222,0,22.2222,0,22.2222,11.1111,0,0,0,0,BCC+IM,AM,"Chao Zhou, Youzhi Zhang, Heyang Xin, Xiaomin Li, Xizhang Chen, Complex multiphase predicting of additive manufactured high entropy alloys based on data augmentation deep learning, Journal of Materials Research and Technology, 28, 2024: 2388-2401. https://doi.org/10.1016/j.jmrt.2023.12.181."
0,0,20,0,0,20,0,20,0,20,20,0,0,0,0,BCC+IM,AM,"Chao Zhou, Youzhi Zhang, Heyang Xin, Xiaomin Li, Xizhang Chen, Complex multiphase predicting of additive manufactured high entropy alloys based on data augmentation deep learning, Journal of Materials Research and Technology, 28, 2024: 2388-2401. https://doi.org/10.1016/j.jmrt.2023.12.181."
5.6604,18.8679,18.8679,0,37.7358,18.8679,0,0,0,0,0,0,0,0,0,FCC,AM,"Chao Zhou, Youzhi Zhang, Heyang Xin, Xiaomin Li, Xizhang Chen, Complex multiphase predicting of additive manufactured high entropy alloys based on data augmentation deep learning, Journal of Materials Research and Technology, 28, 2024: 2388-2401. https://doi.org/10.1016/j.jmrt.2023.12.181."
12.2807,17.5439,17.5439,0,35.0877,17.5439,0,0,0,0,0,0,0,0,0,BCC+FCC,AM,"Chao Zhou, Youzhi Zhang, Heyang Xin, Xiaomin Li, Xizhang Chen, Complex multiphase predicting of additive manufactured high entropy alloys based on data augmentation deep learning, Journal of Materials Research and Technology, 28, 2024: 2388-2401. https://doi.org/10.1016/j.jmrt.2023.12.181."
16.6667,16.6667,16.6667,0,33.3333,16.6667,0,0,0,0,0,0,0,0,0,BCC,AM,"Chao Zhou, Youzhi Zhang, Heyang Xin, Xiaomin Li, Xizhang Chen, Complex multiphase predicting of additive manufactured high entropy alloys based on data augmentation deep learning, Journal of Materials Research and Technology, 28, 2024: 2388-2401. https://doi.org/10.1016/j.jmrt.2023.12.181."
0,0,20,0,20,0,0,20,20,20,0,0,0,0,0,BCC+FCC,AM,"Chao Zhou, Youzhi Zhang, Heyang Xin, Xiaomin Li, Xizhang Chen, Complex multiphase predicting of additive manufactured high entropy alloys based on data augmentation deep learning, Journal of Materials Research and Technology, 28, 2024: 2388-2401. https://doi.org/10.1016/j.jmrt.2023.12.181."
0,16.6667,16.6667,0,16.6667,16.6667,33.3333,0,0,0,0,0,0,0,0,FCC+IM,AM,"Chao Zhou, Youzhi Zhang, Heyang Xin, Xiaomin Li, Xizhang Chen, Complex multiphase predicting of additive manufactured high entropy alloys based on data augmentation deep learning, Journal of Materials Research and Technology, 28, 2024: 2388-2401. https://doi.org/10.1016/j.jmrt.2023.12.181."
0,18.1818,18.1818,0,18.1818,18.1818,27.2727,0,0,0,0,0,0,0,0,FCC+IM,AM,"Chao Zhou, Youzhi Zhang, Heyang Xin, Xiaomin Li, Xizhang Chen, Complex multiphase predicting of additive manufactured high entropy alloys based on data augmentation deep learning, Journal of Materials Research and Technology, 28, 2024: 2388-2401. https://doi.org/10.1016/j.jmrt.2023.12.181."
0,20,20,0,20,20,20,0,0,0,0,0,0,0,0,FCC+IM,AM,"Chao Zhou, Youzhi Zhang, Heyang Xin, Xiaomin Li, Xizhang Chen, Complex multiphase predicting of additive manufactured high entropy alloys based on data augmentation deep learning, Journal of Materials Research and Technology, 28, 2024: 2388-2401. https://doi.org/10.1016/j.jmrt.2023.12.181."
0,16.6667,16.6667,0,16.6667,16.6667,33.3333,0,0,0,0,0,0,0,0,FCC+IM,AM,"Chao Zhou, Youzhi Zhang, Heyang Xin, Xiaomin Li, Xizhang Chen, Complex multiphase predicting of additive manufactured high entropy alloys based on data augmentation deep learning, Journal of Materials Research and Technology, 28, 2024: 2388-2401. https://doi.org/10.1016/j.jmrt.2023.12.181."
0,18.1818,18.1818,0,18.1818,18.1818,27.2727,0,0,0,0,0,0,0,0,FCC+IM,AM,"Chao Zhou, Youzhi Zhang, Heyang Xin, Xiaomin Li, Xizhang Chen, Complex multiphase predicting of additive manufactured high entropy alloys based on data augmentation deep learning, Journal of Materials Research and Technology, 28, 2024: 2388-2401. https://doi.org/10.1016/j.jmrt.2023.12.181."
0,20,20,0,20,20,20,0,0,0,0,0,0,0,0,FCC+IM,AM,"Chao Zhou, Youzhi Zhang, Heyang Xin, Xiaomin Li, Xizhang Chen, Complex multiphase predicting of additive manufactured high entropy alloys based on data augmentation deep learning, Journal of Materials Research and Technology, 28, 2024: 2388-2401. https://doi.org/10.1016/j.jmrt.2023.12.181."
0,16.6667,16.6667,0,16.6667,16.6667,33.3333,0,0,0,0,0,0,0,0,FCC+IM,AM,"Chao Zhou, Youzhi Zhang, Heyang Xin, Xiaomin Li, Xizhang Chen, Complex multiphase predicting of additive manufactured high entropy alloys based on data augmentation deep learning, Journal of Materials Research and Technology, 28, 2024: 2388-2401. https://doi.org/10.1016/j.jmrt.2023.12.181."
0,18.1818,18.1818,0,18.1818,18.1818,27.2727,0,0,0,0,0,0,0,0,FCC+IM,AM,"Chao Zhou, Youzhi Zhang, Heyang Xin, Xiaomin Li, Xizhang Chen, Complex multiphase predicting of additive manufactured high entropy alloys based on data augmentation deep learning, Journal of Materials Research and Technology, 28, 2024: 2388-2401. https://doi.org/10.1016/j.jmrt.2023.12.181."
0,20,20,0,20,20,20,0,0,0,0,0,0,0,0,FCC+IM,AM,"Chao Zhou, Youzhi Zhang, Heyang Xin, Xiaomin Li, Xizhang Chen, Complex multiphase predicting of additive manufactured high entropy alloys based on data augmentation deep learning, Journal of Materials Research and Technology, 28, 2024: 2388-2401. https://doi.org/10.1016/j.jmrt.2023.12.181."
0,20.6186,20.6186,0,20.6186,20.6186,17.5258,0,0,0,0,0,0,0,0,FCC+IM,AM,"Chao Zhou, Youzhi Zhang, Heyang Xin, Xiaomin Li, Xizhang Chen, Complex multiphase predicting of additive manufactured high entropy alloys based on data augmentation deep learning, Journal of Materials Research and Technology, 28, 2024: 2388-2401. https://doi.org/10.1016/j.jmrt.2023.12.181."
0,0,20,0,20,20,0,20,0,20,0,0,0,0,0,FCC+IM,AM,"Chao Zhou, Youzhi Zhang, Heyang Xin, Xiaomin Li, Xizhang Chen, Complex multiphase predicting of additive manufactured high entropy alloys based on data augmentation deep learning, Journal of Materials Research and Technology, 28, 2024: 2388-2401. https://doi.org/10.1016/j.jmrt.2023.12.181."
2.6596,2.6596,0,0,2.6596,2.6596,0,0,0,0,0,0,89.3617,0,0,BCC,AM,"Chao Zhou, Youzhi Zhang, Heyang Xin, Xiaomin Li, Xizhang Chen, Complex multiphase predicting of additive manufactured high entropy alloys based on data augmentation deep learning, Journal of Materials Research and Technology, 28, 2024: 2388-2401. https://doi.org/10.1016/j.jmrt.2023.12.181."
3.7037,3.7037,0,0,3.7037,3.7037,0,0,0,0,0,0,85.1852,0,0,BCC,AM,"Chao Zhou, Youzhi Zhang, Heyang Xin, Xiaomin Li, Xizhang Chen, Complex multiphase predicting of additive manufactured high entropy alloys based on data augmentation deep learning, Journal of Materials Research and Technology, 28, 2024: 2388-2401. https://doi.org/10.1016/j.jmrt.2023.12.181."
4.386,4.386,0,0,4.386,4.386,0,0,0,0,0,0,82.4561,0,0,BCC,AM,"Chao Zhou, Youzhi Zhang, Heyang Xin, Xiaomin Li, Xizhang Chen, Complex multiphase predicting of additive manufactured high entropy alloys based on data augmentation deep learning, Journal of Materials Research and Technology, 28, 2024: 2388-2401. https://doi.org/10.1016/j.jmrt.2023.12.181."
4.9505,4.9505,0,0,4.9505,4.9505,0,0,0,0,0,0,80.198,0,0,BCC+FCC,AM,"Chao Zhou, Youzhi Zhang, Heyang Xin, Xiaomin Li, Xizhang Chen, Complex multiphase predicting of additive manufactured high entropy alloys based on data augmentation deep learning, Journal of Materials Research and Technology, 28, 2024: 2388-2401. https://doi.org/10.1016/j.jmrt.2023.12.181."
5.6497,5.6497,0,0,5.6497,5.6497,0,0,0,0,0,0,77.4011,0,0,BCC+FCC,AM,"Chao Zhou, Youzhi Zhang, Heyang Xin, Xiaomin Li, Xizhang Chen, Complex multiphase predicting of additive manufactured high entropy alloys based on data augmentation deep learning, Journal of Materials Research and Technology, 28, 2024: 2388-2401. https://doi.org/10.1016/j.jmrt.2023.12.181."
6.993,6.993,0,0,6.993,6.993,0,0,0,0,0,0,72.028,0,0,BCC+FCC,AM,"Chao Zhou, Youzhi Zhang, Heyang Xin, Xiaomin Li, Xizhang Chen, Complex multiphase predicting of additive manufactured high entropy alloys based on data augmentation deep learning, Journal of Materials Research and Technology, 28, 2024: 2388-2401. https://doi.org/10.1016/j.jmrt.2023.12.181."
7.8125,7.8125,0,0,7.8125,7.8125,0,0,0,0,0,0,68.75,0,0,BCC+FCC,AM,"Chao Zhou, Youzhi Zhang, Heyang Xin, Xiaomin Li, Xizhang Chen, Complex multiphase predicting of additive manufactured high entropy alloys based on data augmentation deep learning, Journal of Materials Research and Technology, 28, 2024: 2388-2401. https://doi.org/10.1016/j.jmrt.2023.12.181."
8.2645,8.2645,0,0,8.2645,8.2645,0,0,0,0,0,0,66.9421,0,0,BCC+FCC,AM,"Chao Zhou, Youzhi Zhang, Heyang Xin, Xiaomin Li, Xizhang Chen, Complex multiphase predicting of additive manufactured high entropy alloys based on data augmentation deep learning, Journal of Materials Research and Technology, 28, 2024: 2388-2401. https://doi.org/10.1016/j.jmrt.2023.12.181."
8.4746,8.4746,0,0,8.4746,8.4746,0,0,0,0,0,0,66.1017,0,0,BCC+FCC,AM,"Chao Zhou, Youzhi Zhang, Heyang Xin, Xiaomin Li, Xizhang Chen, Complex multiphase predicting of additive manufactured high entropy alloys based on data augmentation deep learning, Journal of Materials Research and Technology, 28, 2024: 2388-2401. https://doi.org/10.1016/j.jmrt.2023.12.181."
9.2593,9.2593,0,0,9.2593,9.2593,0,0,0,0,0,0,62.963,0,0,BCC+FCC,AM,"Chao Zhou, Youzhi Zhang, Heyang Xin, Xiaomin Li, Xizhang Chen, Complex multiphase predicting of additive manufactured high entropy alloys based on data augmentation deep learning, Journal of Materials Research and Technology, 28, 2024: 2388-2401. https://doi.org/10.1016/j.jmrt.2023.12.181."
10.101,10.101,0,0,10.101,10.101,0,0,0,0,0,0,59.596,0,0,FCC,AM,"Chao Zhou, Youzhi Zhang, Heyang Xin, Xiaomin Li, Xizhang Chen, Complex multiphase predicting of additive manufactured high entropy alloys based on data augmentation deep learning, Journal of Materials Research and Technology, 28, 2024: 2388-2401. https://doi.org/10.1016/j.jmrt.2023.12.181."
10.4167,10.4167,0,0,10.4167,10.4167,0,0,0,0,0,0,58.3333,0,0,FCC,AM,"Chao Zhou, Youzhi Zhang, Heyang Xin, Xiaomin Li, Xizhang Chen, Complex multiphase predicting of additive manufactured high entropy alloys based on data augmentation deep learning, Journal of Materials Research and Technology, 28, 2024: 2388-2401. https://doi.org/10.1016/j.jmrt.2023.12.181."
15.1515,15.1515,0,0,15.1515,15.1515,0,0,0,0,0,0,39.3939,0,0,FCC,AM,"Chao Zhou, Youzhi Zhang, Heyang Xin, Xiaomin Li, Xizhang Chen, Complex multiphase predicting of additive manufactured high entropy alloys based on data augmentation deep learning, Journal of Materials Research and Technology, 28, 2024: 2388-2401. https://doi.org/10.1016/j.jmrt.2023.12.181."
17.8571,17.8571,0,0,17.8571,17.8571,0,0,0,0,0,0,28.5714,0,0,FCC,AM,"Chao Zhou, Youzhi Zhang, Heyang Xin, Xiaomin Li, Xizhang Chen, Complex multiphase predicting of additive manufactured high entropy alloys based on data augmentation deep learning, Journal of Materials Research and Technology, 28, 2024: 2388-2401. https://doi.org/10.1016/j.jmrt.2023.12.181."
0,20,40,0,20,20,0,0,0,0,0,0,0,0,0,FCC,AM,"Chao Zhou, Youzhi Zhang, Heyang Xin, Xiaomin Li, Xizhang Chen, Complex multiphase predicting of additive manufactured high entropy alloys based on data augmentation deep learning, Journal of Materials Research and Technology, 28, 2024: 2388-2401. https://doi.org/10.1016/j.jmrt.2023.12.181."
0,19.6078,39.2157,0,19.6078,19.6078,1.9608,0,0,0,0,0,0,0,0,FCC+IM,AM,"Chao Zhou, Youzhi Zhang, Heyang Xin, Xiaomin Li, Xizhang Chen, Complex multiphase predicting of additive manufactured high entropy alloys based on data augmentation deep learning, Journal of Materials Research and Technology, 28, 2024: 2388-2401. https://doi.org/10.1016/j.jmrt.2023.12.181."
0,19.2308,38.4615,0,19.2308,19.2308,3.8462,0,0,0,0,0,0,0,0,FCC+IM,AM,"Chao Zhou, Youzhi Zhang, Heyang Xin, Xiaomin Li, Xizhang Chen, Complex multiphase predicting of additive manufactured high entropy alloys based on data augmentation deep learning, Journal of Materials Research and Technology, 28, 2024: 2388-2401. https://doi.org/10.1016/j.jmrt.2023.12.181."
0,18.8679,37.7358,0,18.8679,18.8679,5.6604,0,0,0,0,0,0,0,0,FCC+IM,AM,"Chao Zhou, Youzhi Zhang, Heyang Xin, Xiaomin Li, Xizhang Chen, Complex multiphase predicting of additive manufactured high entropy alloys based on data augmentation deep learning, Journal of Materials Research and Technology, 28, 2024: 2388-2401. https://doi.org/10.1016/j.jmrt.2023.12.181."
0,18.5185,37.037,0,18.5185,18.5185,7.4074,0,0,0,0,0,0,0,0,FCC+IM,AM,"Chao Zhou, Youzhi Zhang, Heyang Xin, Xiaomin Li, Xizhang Chen, Complex multiphase predicting of additive manufactured high entropy alloys based on data augmentation deep learning, Journal of Materials Research and Technology, 28, 2024: 2388-2401. https://doi.org/10.1016/j.jmrt.2023.12.181."
14.2857,14.2857,14.2857,0,14.2857,0,14.2857,14.2857,0,0,0,14.2857,0,0,0,BCC+FCC,AM,"Chao Zhou, Youzhi Zhang, Heyang Xin, Xiaomin Li, Xizhang Chen, Complex multiphase predicting of additive manufactured high entropy alloys based on data augmentation deep learning, Journal of Materials Research and Technology, 28, 2024: 2388-2401. https://doi.org/10.1016/j.jmrt.2023.12.181."
16.6667,16.6667,16.6667,0,16.6667,16.6667,0,0,0,0,0,0,16.6667,0,0,BCC,AM,"Chao Zhou, Youzhi Zhang, Heyang Xin, Xiaomin Li, Xizhang Chen, Complex multiphase predicting of additive manufactured high entropy alloys based on data augmentation deep learning, Journal of Materials Research and Technology, 28, 2024: 2388-2401. https://doi.org/10.1016/j.jmrt.2023.12.181."
13.0435,21.7391,21.7391,0,21.7391,21.7391,0,0,0,0,0,0,0,0,0,BCC+FCC,AM,"Chao Zhou, Youzhi Zhang, Heyang Xin, Xiaomin Li, Xizhang Chen, Complex multiphase predicting of additive manufactured high entropy alloys based on data augmentation deep learning, Journal of Materials Research and Technology, 28, 2024: 2388-2401. https://doi.org/10.1016/j.jmrt.2023.12.181."
18.1818,18.1818,18.1818,0,18.1818,18.1818,0,9.0909,0,0,0,0,0,0,0,BCC+FCC,AM,"Chao Zhou, Youzhi Zhang, Heyang Xin, Xiaomin Li, Xizhang Chen, Complex multiphase predicting of additive manufactured high entropy alloys based on data augmentation deep learning, Journal of Materials Research and Technology, 28, 2024: 2388-2401. https://doi.org/10.1016/j.jmrt.2023.12.181."
0,11.1111,11.1111,0,11.1111,11.1111,0,0,0,55.5556,0,0,0,0,0,FCC+IM,AM,"Chao Zhou, Youzhi Zhang, Heyang Xin, Xiaomin Li, Xizhang Chen, Complex multiphase predicting of additive manufactured high entropy alloys based on data augmentation deep learning, Journal of Materials Research and Technology, 28, 2024: 2388-2401. https://doi.org/10.1016/j.jmrt.2023.12.181."
0,11.1111,11.1111,0,11.1111,11.1111,0,0,0,55.5556,0,0,0,0,0,FCC+IM,AM,"Chao Zhou, Youzhi Zhang, Heyang Xin, Xiaomin Li, Xizhang Chen, Complex multiphase predicting of additive manufactured high entropy alloys based on data augmentation deep learning, Journal of Materials Research and Technology, 28, 2024: 2388-2401. https://doi.org/10.1016/j.jmrt.2023.12.181."
0,11.1111,11.1111,0,11.1111,11.1111,0,0,0,55.5556,0,0,0,0,0,FCC+IM,AM,"Chao Zhou, Youzhi Zhang, Heyang Xin, Xiaomin Li, Xizhang Chen, Complex multiphase predicting of additive manufactured high entropy alloys based on data augmentation deep learning, Journal of Materials Research and Technology, 28, 2024: 2388-2401. https://doi.org/10.1016/j.jmrt.2023.12.181."
0,11.1111,11.1111,0,11.1111,11.1111,0,0,0,55.5556,0,0,0,0,0,FCC+IM,AM,"Chao Zhou, Youzhi Zhang, Heyang Xin, Xiaomin Li, Xizhang Chen, Complex multiphase predicting of additive manufactured high entropy alloys based on data augmentation deep learning, Journal of Materials Research and Technology, 28, 2024: 2388-2401. https://doi.org/10.1016/j.jmrt.2023.12.181."
21.2766,0,21.2766,0,21.2766,21.2766,0,10.6383,4.2553,0,0,0,0,0,0,BCC,AM,"Chao Zhou, Youzhi Zhang, Heyang Xin, Xiaomin Li, Xizhang Chen, Complex multiphase predicting of additive manufactured high entropy alloys based on data augmentation deep learning, Journal of Materials Research and Technology, 28, 2024: 2388-2401. https://doi.org/10.1016/j.jmrt.2023.12.181."
20,0,20,20,20,20,0,0,0,0,0,0,0,0,0,BCC+FCC,AM,"Chao Zhou, Youzhi Zhang, Heyang Xin, Xiaomin Li, Xizhang Chen, Complex multiphase predicting of additive manufactured high entropy alloys based on data augmentation deep learning, Journal of Materials Research and Technology, 28, 2024: 2388-2401. https://doi.org/10.1016/j.jmrt.2023.12.181."
0,20,20,20,20,20,0,0,0,0,0,0,0,0,0,FCC,AM,"Chao Zhou, Youzhi Zhang, Heyang Xin, Xiaomin Li, Xizhang Chen, Complex multiphase predicting of additive manufactured high entropy alloys based on data augmentation deep learning, Journal of Materials Research and Technology, 28, 2024: 2388-2401. https://doi.org/10.1016/j.jmrt.2023.12.181."
1.9608,19.6078,19.6078,19.6078,19.6078,19.6078,0,0,0,0,0,0,0,0,0,FCC,AM,"Chao Zhou, Youzhi Zhang, Heyang Xin, Xiaomin Li, Xizhang Chen, Complex multiphase predicting of additive manufactured high entropy alloys based on data augmentation deep learning, Journal of Materials Research and Technology, 28, 2024: 2388-2401. https://doi.org/10.1016/j.jmrt.2023.12.181."
5.6604,18.8679,18.8679,18.8679,18.8679,18.8679,0,0,0,0,0,0,0,0,0,FCC,AM,"Chao Zhou, Youzhi Zhang, Heyang Xin, Xiaomin Li, Xizhang Chen, Complex multiphase predicting of additive manufactured high entropy alloys based on data augmentation deep learning, Journal of Materials Research and Technology, 28, 2024: 2388-2401. https://doi.org/10.1016/j.jmrt.2023.12.181."
9.0909,18.1818,18.1818,18.1818,18.1818,18.1818,0,0,0,0,0,0,0,0,0,BCC+FCC,AM,"Chao Zhou, Youzhi Zhang, Heyang Xin, Xiaomin Li, Xizhang Chen, Complex multiphase predicting of additive manufactured high entropy alloys based on data augmentation deep learning, Journal of Materials Research and Technology, 28, 2024: 2388-2401. https://doi.org/10.1016/j.jmrt.2023.12.181."
12.2807,17.5439,17.5439,17.5439,17.5439,17.5439,0,0,0,0,0,0,0,0,0,BCC+FCC,AM,"Chao Zhou, Youzhi Zhang, Heyang Xin, Xiaomin Li, Xizhang Chen, Complex multiphase predicting of additive manufactured high entropy alloys based on data augmentation deep learning, Journal of Materials Research and Technology, 28, 2024: 2388-2401. https://doi.org/10.1016/j.jmrt.2023.12.181."
13.7931,17.2414,17.2414,17.2414,17.2414,17.2414,0,0,0,0,0,0,0,0,0,BCC+FCC,AM,"Chao Zhou, Youzhi Zhang, Heyang Xin, Xiaomin Li, Xizhang Chen, Complex multiphase predicting of additive manufactured high entropy alloys based on data augmentation deep learning, Journal of Materials Research and Technology, 28, 2024: 2388-2401. https://doi.org/10.1016/j.jmrt.2023.12.181."
16.6667,16.6667,16.6667,16.6667,16.6667,16.6667,0,0,0,0,0,0,0,0,0,BCC+FCC,AM,"Chao Zhou, Youzhi Zhang, Heyang Xin, Xiaomin Li, Xizhang Chen, Complex multiphase predicting of additive manufactured high entropy alloys based on data augmentation deep learning, Journal of Materials Research and Technology, 28, 2024: 2388-2401. https://doi.org/10.1016/j.jmrt.2023.12.181."
19.3548,16.129,16.129,16.129,16.129,16.129,0,0,0,0,0,0,0,0,0,BCC+FCC,AM,"Chao Zhou, Youzhi Zhang, Heyang Xin, Xiaomin Li, Xizhang Chen, Complex multiphase predicting of additive manufactured high entropy alloys based on data augmentation deep learning, Journal of Materials Research and Technology, 28, 2024: 2388-2401. https://doi.org/10.1016/j.jmrt.2023.12.181."
23.0769,15.3846,15.3846,15.3846,15.3846,15.3846,0,0,0,0,0,0,0,0,0,BCC+FCC,AM,"Chao Zhou, Youzhi Zhang, Heyang Xin, Xiaomin Li, Xizhang Chen, Complex multiphase predicting of additive manufactured high entropy alloys based on data augmentation deep learning, Journal of Materials Research and Technology, 28, 2024: 2388-2401. https://doi.org/10.1016/j.jmrt.2023.12.181."
26.4706,14.7059,14.7059,14.7059,14.7059,14.7059,0,0,0,0,0,0,0,0,0,BCC+FCC,AM,"Chao Zhou, Youzhi Zhang, Heyang Xin, Xiaomin Li, Xizhang Chen, Complex multiphase predicting of additive manufactured high entropy alloys based on data augmentation deep learning, Journal of Materials Research and Technology, 28, 2024: 2388-2401. https://doi.org/10.1016/j.jmrt.2023.12.181."
0,25,0,0,25,25,0,25,0,0,0,0,0,0,0,FCC,AM,"Chao Zhou, Youzhi Zhang, Heyang Xin, Xiaomin Li, Xizhang Chen, Complex multiphase predicting of additive manufactured high entropy alloys based on data augmentation deep learning, Journal of Materials Research and Technology, 28, 2024: 2388-2401. https://doi.org/10.1016/j.jmrt.2023.12.181."
11.1111,22.2222,0,0,22.2222,22.2222,0,22.2222,0,0,0,0,0,0,0,BCC+FCC,AM,"Chao Zhou, Youzhi Zhang, Heyang Xin, Xiaomin Li, Xizhang Chen, Complex multiphase predicting of additive manufactured high entropy alloys based on data augmentation deep learning, Journal of Materials Research and Technology, 28, 2024: 2388-2401. https://doi.org/10.1016/j.jmrt.2023.12.181."
20,20,0,0,20,20,0,20,0,0,0,0,0,0,0,BCC+FCC,AM,"Chao Zhou, Youzhi Zhang, Heyang Xin, Xiaomin Li, Xizhang Chen, Complex multiphase predicting of additive manufactured high entropy alloys based on data augmentation deep learning, Journal of Materials Research and Technology, 28, 2024: 2388-2401. https://doi.org/10.1016/j.jmrt.2023.12.181."
14.2857,0,14.2857,0,14.2857,0,14.2857,14.2857,14.2857,14.2857,0,0,0,0,0,BCC+IM,AM,"Chao Zhou, Youzhi Zhang, Heyang Xin, Xiaomin Li, Xizhang Chen, Complex multiphase predicting of additive manufactured high entropy alloys based on data augmentation deep learning, Journal of Materials Research and Technology, 28, 2024: 2388-2401. https://doi.org/10.1016/j.jmrt.2023.12.181."
0,0,0,0,0,0,25,25,0,25,0,0,0,0,25,BCC,AM,"Chao Zhou, Youzhi Zhang, Heyang Xin, Xiaomin Li, Xizhang Chen, Complex multiphase predicting of additive manufactured high entropy alloys based on data augmentation deep learning, Journal of Materials Research and Technology, 28, 2024: 2388-2401. https://doi.org/10.1016/j.jmrt.2023.12.181."
20,20,20,0,20,20,0,0,0,0,0,0,0,0,0,BCC,AM,"Chao Zhou, Youzhi Zhang, Heyang Xin, Xiaomin Li, Xizhang Chen, Complex multiphase predicting of additive manufactured high entropy alloys based on data augmentation deep learning, Journal of Materials Research and Technology, 28, 2024: 2388-2401. https://doi.org/10.1016/j.jmrt.2023.12.181."
0,18.018,18.018,0,18.018,18.018,18.018,0,0,9.9099,0,0,0,0,0,FCC+IM,AM,"Chao Zhou, Youzhi Zhang, Heyang Xin, Xiaomin Li, Xizhang Chen, Complex multiphase predicting of additive manufactured high entropy alloys based on data augmentation deep learning, Journal of Materials Research and Technology, 28, 2024: 2388-2401. https://doi.org/10.1016/j.jmrt.2023.12.181."
0,17.6056,17.6056,0,17.6056,17.6056,17.6056,0,0,11.9718,0,0,0,0,0,FCC+IM,AM,"Chao Zhou, Youzhi Zhang, Heyang Xin, Xiaomin Li, Xizhang Chen, Complex multiphase predicting of additive manufactured high entropy alloys based on data augmentation deep learning, Journal of Materials Research and Technology, 28, 2024: 2388-2401. https://doi.org/10.1016/j.jmrt.2023.12.181."
0,17.2414,17.2414,0,17.2414,17.2414,17.2414,0,0,13.7931,0,0,0,0,0,FCC+IM,AM,"Chao Zhou, Youzhi Zhang, Heyang Xin, Xiaomin Li, Xizhang Chen, Complex multiphase predicting of additive manufactured high entropy alloys based on data augmentation deep learning, Journal of Materials Research and Technology, 28, 2024: 2388-2401. https://doi.org/10.1016/j.jmrt.2023.12.181."
9.0909,18.1818,18.1818,0,18.1818,18.1818,0,0,0,0,0,0,18.1818,0,0,FCC,AM,"Chao Zhou, Youzhi Zhang, Heyang Xin, Xiaomin Li, Xizhang Chen, Complex multiphase predicting of additive manufactured high entropy alloys based on data augmentation deep learning, Journal of Materials Research and Technology, 28, 2024: 2388-2401. https://doi.org/10.1016/j.jmrt.2023.12.181."
0,25,25,25,25,0,0,0,0,0,0,0,0,0,0,FCC,AM,"Chao Zhou, Youzhi Zhang, Heyang Xin, Xiaomin Li, Xizhang Chen, Complex multiphase predicting of additive manufactured high entropy alloys based on data augmentation deep learning, Journal of Materials Research and Technology, 28, 2024: 2388-2401. https://doi.org/10.1016/j.jmrt.2023.12.181."
0,25,25,22.5,25,2.5,0,0,0,0,0,0,0,0,0,FCC,AM,"Chao Zhou, Youzhi Zhang, Heyang Xin, Xiaomin Li, Xizhang Chen, Complex multiphase predicting of additive manufactured high entropy alloys based on data augmentation deep learning, Journal of Materials Research and Technology, 28, 2024: 2388-2401. https://doi.org/10.1016/j.jmrt.2023.12.181."
0,25,25,17.5,25,7.5,0,0,0,0,0,0,0,0,0,FCC,AM,"Chao Zhou, Youzhi Zhang, Heyang Xin, Xiaomin Li, Xizhang Chen, Complex multiphase predicting of additive manufactured high entropy alloys based on data augmentation deep learning, Journal of Materials Research and Technology, 28, 2024: 2388-2401. https://doi.org/10.1016/j.jmrt.2023.12.181."
0,25,25,12.5,25,12.5,0,0,0,0,0,0,0,0,0,FCC,AM,"Chao Zhou, Youzhi Zhang, Heyang Xin, Xiaomin Li, Xizhang Chen, Complex multiphase predicting of additive manufactured high entropy alloys based on data augmentation deep learning, Journal of Materials Research and Technology, 28, 2024: 2388-2401. https://doi.org/10.1016/j.jmrt.2023.12.181."
20,0,0,0,0,0,20,20,0,20,0,20,0,0,0,BCC,AM,"Chao Zhou, Youzhi Zhang, Heyang Xin, Xiaomin Li, Xizhang Chen, Complex multiphase predicting of additive manufactured high entropy alloys based on data augmentation deep learning, Journal of Materials Research and Technology, 28, 2024: 2388-2401. https://doi.org/10.1016/j.jmrt.2023.12.181."
15.3846,0,0,0,15.3846,0,7.6923,15.3846,0,15.3846,0,0,30.7692,0,0,BCC,AM,"Chao Zhou, Youzhi Zhang, Heyang Xin, Xiaomin Li, Xizhang Chen, Complex multiphase predicting of additive manufactured high entropy alloys based on data augmentation deep learning, Journal of Materials Research and Technology, 28, 2024: 2388-2401. https://doi.org/10.1016/j.jmrt.2023.12.181."
21.4286,0,0,0,14.2857,0,7.1429,14.2857,0,14.2857,0,0,28.5714,0,0,BCC+FCC,AM,"Chao Zhou, Youzhi Zhang, Heyang Xin, Xiaomin Li, Xizhang Chen, Complex multiphase predicting of additive manufactured high entropy alloys based on data augmentation deep learning, Journal of Materials Research and Technology, 28, 2024: 2388-2401. https://doi.org/10.1016/j.jmrt.2023.12.181."
26.6667,0,0,0,13.3333,0,6.6667,13.3333,0,13.3333,0,0,26.6667,0,0,BCC+FCC,AM,"Chao Zhou, Youzhi Zhang, Heyang Xin, Xiaomin Li, Xizhang Chen, Complex multiphase predicting of additive manufactured high entropy alloys based on data augmentation deep learning, Journal of Materials Research and Technology, 28, 2024: 2388-2401. https://doi.org/10.1016/j.jmrt.2023.12.181."
27.2727,18.1818,18.1818,0,18.1818,18.1818,0,0,0,0,0,0,0,0,0,BCC+FCC,AM,"Chao Zhou, Youzhi Zhang, Heyang Xin, Xiaomin Li, Xizhang Chen, Complex multiphase predicting of additive manufactured high entropy alloys based on data augmentation deep learning, Journal of Materials Research and Technology, 28, 2024: 2388-2401. https://doi.org/10.1016/j.jmrt.2023.12.181."
33.3333,16.6667,16.6667,0,16.6667,16.6667,0,0,0,0,0,0,0,0,0,BCC+FCC,AM,"Chao Zhou, Youzhi Zhang, Heyang Xin, Xiaomin Li, Xizhang Chen, Complex multiphase predicting of additive manufactured high entropy alloys based on data augmentation deep learning, Journal of Materials Research and Technology, 28, 2024: 2388-2401. https://doi.org/10.1016/j.jmrt.2023.12.181."
38.4615,15.3846,15.3846,0,15.3846,15.3846,0,0,0,0,0,0,0,0,0,BCC+FCC,AM,"Chao Zhou, Youzhi Zhang, Heyang Xin, Xiaomin Li, Xizhang Chen, Complex multiphase predicting of additive manufactured high entropy alloys based on data augmentation deep learning, Journal of Materials Research and Technology, 28, 2024: 2388-2401. https://doi.org/10.1016/j.jmrt.2023.12.181."
20,20,20,0,20,20,0,0,0,0,0,0,0,0,0,BCC,AM,"Chao Zhou, Youzhi Zhang, Heyang Xin, Xiaomin Li, Xizhang Chen, Complex multiphase predicting of additive manufactured high entropy alloys based on data augmentation deep learning, Journal of Materials Research and Technology, 28, 2024: 2388-2401. https://doi.org/10.1016/j.jmrt.2023.12.181."
16.6667,0,16.6667,0,16.6667,16.6667,16.6667,0,16.6667,0,0,0,0,0,0,BCC,AM,"Chao Zhou, Youzhi Zhang, Heyang Xin, Xiaomin Li, Xizhang Chen, Complex multiphase predicting of additive manufactured high entropy alloys based on data augmentation deep learning, Journal of Materials Research and Technology, 28, 2024: 2388-2401. https://doi.org/10.1016/j.jmrt.2023.12.181."
16.5289,16.5289,16.5289,16.5289,16.5289,16.5289,0,0,0,0.8264,0,0,0,0,0,BCC+FCC,AM,"Chao Zhou, Youzhi Zhang, Heyang Xin, Xiaomin Li, Xizhang Chen, Complex multiphase predicting of additive manufactured high entropy alloys based on data augmentation deep learning, Journal of Materials Research and Technology, 28, 2024: 2388-2401. https://doi.org/10.1016/j.jmrt.2023.12.181."
16.2602,16.2602,16.2602,16.2602,16.2602,16.2602,0,0,0,2.439,0,0,0,0,0,BCC+FCC,AM,"Chao Zhou, Youzhi Zhang, Heyang Xin, Xiaomin Li, Xizhang Chen, Complex multiphase predicting of additive manufactured high entropy alloys based on data augmentation deep learning, Journal of Materials Research and Technology, 28, 2024: 2388-2401. https://doi.org/10.1016/j.jmrt.2023.12.181."
15.9744,15.9744,15.9744,15.9744,15.9744,15.9744,0,0,0,4.1534,0,0,0,0,0,BCC+FCC,AM,"Chao Zhou, Youzhi Zhang, Heyang Xin, Xiaomin Li, Xizhang Chen, Complex multiphase predicting of additive manufactured high entropy alloys based on data augmentation deep learning, Journal of Materials Research and Technology, 28, 2024: 2388-2401. https://doi.org/10.1016/j.jmrt.2023.12.181."
16.6667,0,16.6667,0,33.3333,33.3333,0,0,0,0,0,0,0,0,0,BCC+FCC,AM,"Chao Zhou, Youzhi Zhang, Heyang Xin, Xiaomin Li, Xizhang Chen, Complex multiphase predicting of additive manufactured high entropy alloys based on data augmentation deep learning, Journal of Materials Research and Technology, 28, 2024: 2388-2401. https://doi.org/10.1016/j.jmrt.2023.12.181."
16.6667,0,16.6667,0,33.3333,33.3333,0,0,0,0,0,0,0,0,0,BCC+FCC,AM,"Chao Zhou, Youzhi Zhang, Heyang Xin, Xiaomin Li, Xizhang Chen, Complex multiphase predicting of additive manufactured high entropy alloys based on data augmentation deep learning, Journal of Materials Research and Technology, 28, 2024: 2388-2401. https://doi.org/10.1016/j.jmrt.2023.12.181."
14.2857,0,14.2857,0,14.2857,0,14.2857,14.2857,14.2857,14.2857,0,0,0,0,0,BCC+IM,AM,"Chao Zhou, Youzhi Zhang, Heyang Xin, Xiaomin Li, Xizhang Chen, Complex multiphase predicting of additive manufactured high entropy alloys based on data augmentation deep learning, Journal of Materials Research and Technology, 28, 2024: 2388-2401. https://doi.org/10.1016/j.jmrt.2023.12.181."
13.3333,0,13.3333,0,20,0,13.3333,13.3333,13.3333,13.3333,0,0,0,0,0,BCC+IM,AM,"Chao Zhou, Youzhi Zhang, Heyang Xin, Xiaomin Li, Xizhang Chen, Complex multiphase predicting of additive manufactured high entropy alloys based on data augmentation deep learning, Journal of Materials Research and Technology, 28, 2024: 2388-2401. https://doi.org/10.1016/j.jmrt.2023.12.181."
12.5,0,12.5,0,18.75,0,12.5,12.5,12.5,18.75,0,0,0,0,0,BCC+IM,AM,"Chao Zhou, Youzhi Zhang, Heyang Xin, Xiaomin Li, Xizhang Chen, Complex multiphase predicting of additive manufactured high entropy alloys based on data augmentation deep learning, Journal of Materials Research and Technology, 28, 2024: 2388-2401. https://doi.org/10.1016/j.jmrt.2023.12.181."
11.7647,0,11.7647,0,23.5294,0,11.7647,11.7647,11.7647,17.6471,0,0,0,0,0,BCC+IM,AM,"Chao Zhou, Youzhi Zhang, Heyang Xin, Xiaomin Li, Xizhang Chen, Complex multiphase predicting of additive manufactured high entropy alloys based on data augmentation deep learning, Journal of Materials Research and Technology, 28, 2024: 2388-2401. https://doi.org/10.1016/j.jmrt.2023.12.181."
11.1111,0,11.1111,0,22.2222,0,11.1111,11.1111,11.1111,22.2222,0,0,0,0,0,BCC+IM,AM,"Chao Zhou, Youzhi Zhang, Heyang Xin, Xiaomin Li, Xizhang Chen, Complex multiphase predicting of additive manufactured high entropy alloys based on data augmentation deep learning, Journal of Materials Research and Technology, 28, 2024: 2388-2401. https://doi.org/10.1016/j.jmrt.2023.12.181."
6.9767,23.2558,23.2558,0,23.2558,23.2558,0,0,0,0,0,0,0,0,0,FCC,AM,"Chao Zhou, Youzhi Zhang, Heyang Xin, Xiaomin Li, Xizhang Chen, Complex multiphase predicting of additive manufactured high entropy alloys based on data augmentation deep learning, Journal of Materials Research and Technology, 28, 2024: 2388-2401. https://doi.org/10.1016/j.jmrt.2023.12.181."
14.8936,21.2766,21.2766,0,21.2766,21.2766,0,0,0,0,0,0,0,0,0,BCC+FCC,AM,"Chao Zhou, Youzhi Zhang, Heyang Xin, Xiaomin Li, Xizhang Chen, Complex multiphase predicting of additive manufactured high entropy alloys based on data augmentation deep learning, Journal of Materials Research and Technology, 28, 2024: 2388-2401. https://doi.org/10.1016/j.jmrt.2023.12.181."
15.0943,18.8679,18.8679,9.434,18.8679,18.8679,0,0,0,0,0,0,0,0,0,BCC+FCC,AM,"Chao Zhou, Youzhi Zhang, Heyang Xin, Xiaomin Li, Xizhang Chen, Complex multiphase predicting of additive manufactured high entropy alloys based on data augmentation deep learning, Journal of Materials Research and Technology, 28, 2024: 2388-2401. https://doi.org/10.1016/j.jmrt.2023.12.181."
18.1818,18.1818,18.1818,0,18.1818,18.1818,0,9.0909,0,0,0,0,0,0,0,BCC+FCC,AM,"Chao Zhou, Youzhi Zhang, Heyang Xin, Xiaomin Li, Xizhang Chen, Complex multiphase predicting of additive manufactured high entropy alloys based on data augmentation deep learning, Journal of Materials Research and Technology, 28, 2024: 2388-2401. https://doi.org/10.1016/j.jmrt.2023.12.181."
55.5556,11.1111,11.1111,0,11.1111,11.1111,0,0,0,0,0,0,0,0,0,FCC,AM,"Chao Zhou, Youzhi Zhang, Heyang Xin, Xiaomin Li, Xizhang Chen, Complex multiphase predicting of additive manufactured high entropy alloys based on data augmentation deep learning, Journal of Materials Research and Technology, 28, 2024: 2388-2401. https://doi.org/10.1016/j.jmrt.2023.12.181."
71.4286,7.1429,7.1429,0,7.1429,7.1429,0,0,0,0,0,0,0,0,0,BCC+FCC,AM,"Chao Zhou, Youzhi Zhang, Heyang Xin, Xiaomin Li, Xizhang Chen, Complex multiphase predicting of additive manufactured high entropy alloys based on data augmentation deep learning, Journal of Materials Research and Technology, 28, 2024: 2388-2401. https://doi.org/10.1016/j.jmrt.2023.12.181."
78.9474,5.2632,5.2632,0,5.2632,5.2632,0,0,0,0,0,0,0,0,0,BCC+FCC,AM,"Chao Zhou, Youzhi Zhang, Heyang Xin, Xiaomin Li, Xizhang Chen, Complex multiphase predicting of additive manufactured high entropy alloys based on data augmentation deep learning, Journal of Materials Research and Technology, 28, 2024: 2388-2401. https://doi.org/10.1016/j.jmrt.2023.12.181."
83.3333,4.1667,4.1667,0,4.1667,4.1667,0,0,0,0,0,0,0,0,0,BCC+FCC,AM,"Chao Zhou, Youzhi Zhang, Heyang Xin, Xiaomin Li, Xizhang Chen, Complex multiphase predicting of additive manufactured high entropy alloys based on data augmentation deep learning, Journal of Materials Research and Technology, 28, 2024: 2388-2401. https://doi.org/10.1016/j.jmrt.2023.12.181."
86.2069,3.4483,3.4483,0,3.4483,3.4483,0,0,0,0,0,0,0,0,0,BCC,AM,"Chao Zhou, Youzhi Zhang, Heyang Xin, Xiaomin Li, Xizhang Chen, Complex multiphase predicting of additive manufactured high entropy alloys based on data augmentation deep learning, Journal of Materials Research and Technology, 28, 2024: 2388-2401. https://doi.org/10.1016/j.jmrt.2023.12.181."
88.2353,2.9412,2.9412,0,2.9412,2.9412,0,0,0,0,0,0,0,0,0,BCC,AM,"Chao Zhou, Youzhi Zhang, Heyang Xin, Xiaomin Li, Xizhang Chen, Complex multiphase predicting of additive manufactured high entropy alloys based on data augmentation deep learning, Journal of Materials Research and Technology, 28, 2024: 2388-2401. https://doi.org/10.1016/j.jmrt.2023.12.181."
0,20,20,0,20,20,0,0,0,0,0,0,20,0,0,FCC,AM,"Chao Zhou, Youzhi Zhang, Heyang Xin, Xiaomin Li, Xizhang Chen, Complex multiphase predicting of additive manufactured high entropy alloys based on data augmentation deep learning, Journal of Materials Research and Technology, 28, 2024: 2388-2401. https://doi.org/10.1016/j.jmrt.2023.12.181."
4.7619,19.0476,19.0476,0,19.0476,19.0476,0,0,0,0,0,0,19.0476,0,0,FCC,AM,"Chao Zhou, Youzhi Zhang, Heyang Xin, Xiaomin Li, Xizhang Chen, Complex multiphase predicting of additive manufactured high entropy alloys based on data augmentation deep learning, Journal of Materials Research and Technology, 28, 2024: 2388-2401. https://doi.org/10.1016/j.jmrt.2023.12.181."
9.0909,18.1818,18.1818,0,18.1818,18.1818,0,0,0,0,0,0,18.1818,0,0,FCC,AM,"Chao Zhou, Youzhi Zhang, Heyang Xin, Xiaomin Li, Xizhang Chen, Complex multiphase predicting of additive manufactured high entropy alloys based on data augmentation deep learning, Journal of Materials Research and Technology, 28, 2024: 2388-2401. https://doi.org/10.1016/j.jmrt.2023.12.181."
13.0435,17.3913,17.3913,0,17.3913,17.3913,0,0,0,0,0,0,17.3913,0,0,BCC+FCC,AM,"Chao Zhou, Youzhi Zhang, Heyang Xin, Xiaomin Li, Xizhang Chen, Complex multiphase predicting of additive manufactured high entropy alloys based on data augmentation deep learning, Journal of Materials Research and Technology, 28, 2024: 2388-2401. https://doi.org/10.1016/j.jmrt.2023.12.181."
0,20,20,0,20,20,0,10,0,10,0,0,0,0,0,BCC+FCC+IM,AM,"Chao Zhou, Youzhi Zhang, Heyang Xin, Xiaomin Li, Xizhang Chen, Complex multiphase predicting of additive manufactured high entropy alloys based on data augmentation deep learning, Journal of Materials Research and Technology, 28, 2024: 2388-2401. https://doi.org/10.1016/j.jmrt.2023.12.181."
0,22.2222,22.2222,0,22.2222,22.2222,0,11.1111,0,0,0,0,0,0,0,FCC+IM,AM,"Chao Zhou, Youzhi Zhang, Heyang Xin, Xiaomin Li, Xizhang Chen, Complex multiphase predicting of additive manufactured high entropy alloys based on data augmentation deep learning, Journal of Materials Research and Technology, 28, 2024: 2388-2401. https://doi.org/10.1016/j.jmrt.2023.12.181."
0,22.2222,22.2222,0,22.2222,22.2222,0,11.1111,0,0,0,0,0,0,0,FCC+IM,AM,"Chao Zhou, Youzhi Zhang, Heyang Xin, Xiaomin Li, Xizhang Chen, Complex multiphase predicting of additive manufactured high entropy alloys based on data augmentation deep learning, Journal of Materials Research and Technology, 28, 2024: 2388-2401. https://doi.org/10.1016/j.jmrt.2023.12.181."
0,22.2222,22.2222,0,22.2222,22.2222,0,11.1111,0,0,0,0,0,0,0,FCC+IM,AM,"Chao Zhou, Youzhi Zhang, Heyang Xin, Xiaomin Li, Xizhang Chen, Complex multiphase predicting of additive manufactured high entropy alloys based on data augmentation deep learning, Journal of Materials Research and Technology, 28, 2024: 2388-2401. https://doi.org/10.1016/j.jmrt.2023.12.181."
0,22.2222,22.2222,0,22.2222,22.2222,0,11.1111,0,0,0,0,0,0,0,FCC+IM,AM,"Chao Zhou, Youzhi Zhang, Heyang Xin, Xiaomin Li, Xizhang Chen, Complex multiphase predicting of additive manufactured high entropy alloys based on data augmentation deep learning, Journal of Materials Research and Technology, 28, 2024: 2388-2401. https://doi.org/10.1016/j.jmrt.2023.12.181."
0,22.2222,22.2222,0,22.2222,22.2222,0,11.1111,0,0,0,0,0,0,0,FCC+IM,AM,"Chao Zhou, Youzhi Zhang, Heyang Xin, Xiaomin Li, Xizhang Chen, Complex multiphase predicting of additive manufactured high entropy alloys based on data augmentation deep learning, Journal of Materials Research and Technology, 28, 2024: 2388-2401. https://doi.org/10.1016/j.jmrt.2023.12.181."
0,18.1818,18.1818,0,18.1818,36.3636,0,0,0,0,0,9.0909,0,0,0,BCC+FCC+IM,AM,"Chao Zhou, Youzhi Zhang, Heyang Xin, Xiaomin Li, Xizhang Chen, Complex multiphase predicting of additive manufactured high entropy alloys based on data augmentation deep learning, Journal of Materials Research and Technology, 28, 2024: 2388-2401. https://doi.org/10.1016/j.jmrt.2023.12.181."
0,16.6667,16.6667,0,16.6667,33.3333,0,8.3333,0,0,0,8.3333,0,0,0,BCC+FCC+IM,AM,"Chao Zhou, Youzhi Zhang, Heyang Xin, Xiaomin Li, Xizhang Chen, Complex multiphase predicting of additive manufactured high entropy alloys based on data augmentation deep learning, Journal of Materials Research and Technology, 28, 2024: 2388-2401. https://doi.org/10.1016/j.jmrt.2023.12.181."
0,16,16,0,16,32,0,12,0,0,0,8,0,0,0,BCC+FCC+IM,AM,"Chao Zhou, Youzhi Zhang, Heyang Xin, Xiaomin Li, Xizhang Chen, Complex multiphase predicting of additive manufactured high entropy alloys based on data augmentation deep learning, Journal of Materials Research and Technology, 28, 2024: 2388-2401. https://doi.org/10.1016/j.jmrt.2023.12.181."
0,15.3846,15.3846,0,15.3846,30.7692,0,15.3846,0,0,0,7.6923,0,0,0,BCC+FCC+IM,AM,"Chao Zhou, Youzhi Zhang, Heyang Xin, Xiaomin Li, Xizhang Chen, Complex multiphase predicting of additive manufactured high entropy alloys based on data augmentation deep learning, Journal of Materials Research and Technology, 28, 2024: 2388-2401. https://doi.org/10.1016/j.jmrt.2023.12.181."
0,14.8148,14.8148,0,14.8148,29.6296,0,18.5185,0,0,0,7.4074,0,0,0,BCC+FCC+IM,AM,"Chao Zhou, Youzhi Zhang, Heyang Xin, Xiaomin Li, Xizhang Chen, Complex multiphase predicting of additive manufactured high entropy alloys based on data augmentation deep learning, Journal of Materials Research and Technology, 28, 2024: 2388-2401. https://doi.org/10.1016/j.jmrt.2023.12.181."
0,15.3846,38.4615,0,15.3846,30.7692,0,0,0,0,0,0,0,0,0,BCC,AM,"Chao Zhou, Youzhi Zhang, Heyang Xin, Xiaomin Li, Xizhang Chen, Complex multiphase predicting of additive manufactured high entropy alloys based on data augmentation deep learning, Journal of Materials Research and Technology, 28, 2024: 2388-2401. https://doi.org/10.1016/j.jmrt.2023.12.181."
0,14.2857,35.7143,0,14.2857,28.5714,0,7.1429,0,0,0,0,0,0,0,BCC+FCC,AM,"Chao Zhou, Youzhi Zhang, Heyang Xin, Xiaomin Li, Xizhang Chen, Complex multiphase predicting of additive manufactured high entropy alloys based on data augmentation deep learning, Journal of Materials Research and Technology, 28, 2024: 2388-2401. https://doi.org/10.1016/j.jmrt.2023.12.181."
0,13.3333,33.3333,0,13.3333,26.6667,0,13.3333,0,0,0,0,0,0,0,BCC+FCC,AM,"Chao Zhou, Youzhi Zhang, Heyang Xin, Xiaomin Li, Xizhang Chen, Complex multiphase predicting of additive manufactured high entropy alloys based on data augmentation deep learning, Journal of Materials Research and Technology, 28, 2024: 2388-2401. https://doi.org/10.1016/j.jmrt.2023.12.181."
0,12.5,31.25,0,12.5,25,0,18.75,0,0,0,0,0,0,0,BCC+FCC,AM,"Chao Zhou, Youzhi Zhang, Heyang Xin, Xiaomin Li, Xizhang Chen, Complex multiphase predicting of additive manufactured high entropy alloys based on data augmentation deep learning, Journal of Materials Research and Technology, 28, 2024: 2388-2401. https://doi.org/10.1016/j.jmrt.2023.12.181."
0,20,20,0,20,20,0,20,0,0,0,0,0,0,0,FCC+IM,AM,"Chao Zhou, Youzhi Zhang, Heyang Xin, Xiaomin Li, Xizhang Chen, Complex multiphase predicting of additive manufactured high entropy alloys based on data augmentation deep learning, Journal of Materials Research and Technology, 28, 2024: 2388-2401. https://doi.org/10.1016/j.jmrt.2023.12.181."
9.0909,18.1818,18.1818,0,18.1818,18.1818,0,18.1818,0,0,0,0,0,0,0,BCC+IM,AM,"Chao Zhou, Youzhi Zhang, Heyang Xin, Xiaomin Li, Xizhang Chen, Complex multiphase predicting of additive manufactured high entropy alloys based on data augmentation deep learning, Journal of Materials Research and Technology, 28, 2024: 2388-2401. https://doi.org/10.1016/j.jmrt.2023.12.181."
16.6667,16.6667,16.6667,0,16.6667,16.6667,0,16.6667,0,0,0,0,0,0,0,BCC+FCC,AM,"Chao Zhou, Youzhi Zhang, Heyang Xin, Xiaomin Li, Xizhang Chen, Complex multiphase predicting of additive manufactured high entropy alloys based on data augmentation deep learning, Journal of Materials Research and Technology, 28, 2024: 2388-2401. https://doi.org/10.1016/j.jmrt.2023.12.181."
23.0769,15.3846,15.3846,0,15.3846,15.3846,0,15.3846,0,0,0,0,0,0,0,BCC+IM,AM,"Chao Zhou, Youzhi Zhang, Heyang Xin, Xiaomin Li, Xizhang Chen, Complex multiphase predicting of additive manufactured high entropy alloys based on data augmentation deep learning, Journal of Materials Research and Technology, 28, 2024: 2388-2401. https://doi.org/10.1016/j.jmrt.2023.12.181."
28.5714,14.2857,14.2857,0,14.2857,14.2857,0,14.2857,0,0,0,0,0,0,0,BCC+IM,AM,"Chao Zhou, Youzhi Zhang, Heyang Xin, Xiaomin Li, Xizhang Chen, Complex multiphase predicting of additive manufactured high entropy alloys based on data augmentation deep learning, Journal of Materials Research and Technology, 28, 2024: 2388-2401. https://doi.org/10.1016/j.jmrt.2023.12.181."
20,20,20,0,20,20,0,0,0,0,0,0,0,0,0,BCC,AM,"Chao Zhou, Youzhi Zhang, Heyang Xin, Xiaomin Li, Xizhang Chen, Complex multiphase predicting of additive manufactured high entropy alloys based on data augmentation deep learning, Journal of Materials Research and Technology, 28, 2024: 2388-2401. https://doi.org/10.1016/j.jmrt.2023.12.181."
19.0476,19.0476,19.0476,0,19.0476,19.0476,4.7619,0,0,0,0,0,0,0,0,BCC,AM,"Chao Zhou, Youzhi Zhang, Heyang Xin, Xiaomin Li, Xizhang Chen, Complex multiphase predicting of additive manufactured high entropy alloys based on data augmentation deep learning, Journal of Materials Research and Technology, 28, 2024: 2388-2401. https://doi.org/10.1016/j.jmrt.2023.12.181."
18.1818,18.1818,18.1818,0,18.1818,18.1818,9.0909,0,0,0,0,0,0,0,0,BCC,AM,"Chao Zhou, Youzhi Zhang, Heyang Xin, Xiaomin Li, Xizhang Chen, Complex multiphase predicting of additive manufactured high entropy alloys based on data augmentation deep learning, Journal of Materials Research and Technology, 28, 2024: 2388-2401. https://doi.org/10.1016/j.jmrt.2023.12.181."
17.3913,17.3913,17.3913,0,17.3913,17.3913,13.0435,0,0,0,0,0,0,0,0,BCC+IM,AM,"Chao Zhou, Youzhi Zhang, Heyang Xin, Xiaomin Li, Xizhang Chen, Complex multiphase predicting of additive manufactured high entropy alloys based on data augmentation deep learning, Journal of Materials Research and Technology, 28, 2024: 2388-2401. https://doi.org/10.1016/j.jmrt.2023.12.181."
16.6667,16.6667,16.6667,0,16.6667,16.6667,16.6667,0,0,0,0,0,0,0,0,BCC+IM,AM,"Chao Zhou, Youzhi Zhang, Heyang Xin, Xiaomin Li, Xizhang Chen, Complex multiphase predicting of additive manufactured high entropy alloys based on data augmentation deep learning, Journal of Materials Research and Technology, 28, 2024: 2388-2401. https://doi.org/10.1016/j.jmrt.2023.12.181."
18.1818,18.1818,18.1818,0,27.2727,18.1818,0,0,0,0,0,0,0,0,0,BCC,AM,"Chao Zhou, Youzhi Zhang, Heyang Xin, Xiaomin Li, Xizhang Chen, Complex multiphase predicting of additive manufactured high entropy alloys based on data augmentation deep learning, Journal of Materials Research and Technology, 28, 2024: 2388-2401. https://doi.org/10.1016/j.jmrt.2023.12.181."
15.3846,15.3846,15.3846,0,38.4615,15.3846,0,0,0,0,0,0,0,0,0,BCC,AM,"Chao Zhou, Youzhi Zhang, Heyang Xin, Xiaomin Li, Xizhang Chen, Complex multiphase predicting of additive manufactured high entropy alloys based on data augmentation deep learning, Journal of Materials Research and Technology, 28, 2024: 2388-2401. https://doi.org/10.1016/j.jmrt.2023.12.181."
0,20,20,20,20,20,0,0,0,0,0,0,0,0,0,FCC,AM,"Chao Zhou, Youzhi Zhang, Heyang Xin, Xiaomin Li, Xizhang Chen, Complex multiphase predicting of additive manufactured high entropy alloys based on data augmentation deep learning, Journal of Materials Research and Technology, 28, 2024: 2388-2401. https://doi.org/10.1016/j.jmrt.2023.12.181."
0,19.2308,19.2308,19.2308,19.2308,19.2308,0,3.8462,0,0,0,0,0,0,0,FCC+IM,AM,"Chao Zhou, Youzhi Zhang, Heyang Xin, Xiaomin Li, Xizhang Chen, Complex multiphase predicting of additive manufactured high entropy alloys based on data augmentation deep learning, Journal of Materials Research and Technology, 28, 2024: 2388-2401. https://doi.org/10.1016/j.jmrt.2023.12.181."
0,18.1818,18.1818,18.1818,18.1818,18.1818,0,9.0909,0,0,0,0,0,0,0,FCC+IM,AM,"Chao Zhou, Youzhi Zhang, Heyang Xin, Xiaomin Li, Xizhang Chen, Complex multiphase predicting of additive manufactured high entropy alloys based on data augmentation deep learning, Journal of Materials Research and Technology, 28, 2024: 2388-2401. https://doi.org/10.1016/j.jmrt.2023.12.181."
0,17.2414,17.2414,17.2414,17.2414,17.2414,0,13.7931,0,0,0,0,0,0,0,FCC+IM,AM,"Chao Zhou, Youzhi Zhang, Heyang Xin, Xiaomin Li, Xizhang Chen, Complex multiphase predicting of additive manufactured high entropy alloys based on data augmentation deep learning, Journal of Materials Research and Technology, 28, 2024: 2388-2401. https://doi.org/10.1016/j.jmrt.2023.12.181."
15.0943,18.8679,18.8679,9.434,18.8679,18.8679,0,0,0,0,0,0,0,0,0,BCC+FCC,AM,"Chao Zhou, Youzhi Zhang, Heyang Xin, Xiaomin Li, Xizhang Chen, Complex multiphase predicting of additive manufactured high entropy alloys based on data augmentation deep learning, Journal of Materials Research and Technology, 28, 2024: 2388-2401. https://doi.org/10.1016/j.jmrt.2023.12.181."
16.6667,20.8333,20.8333,0,20.8333,20.8333,0,0,0,0,0,0,0,0,0,BCC,AM,"Chao Zhou, Youzhi Zhang, Heyang Xin, Xiaomin Li, Xizhang Chen, Complex multiphase predicting of additive manufactured high entropy alloys based on data augmentation deep learning, Journal of Materials Research and Technology, 28, 2024: 2388-2401. https://doi.org/10.1016/j.jmrt.2023.12.181."
15.8416,19.802,19.802,4.9505,19.802,19.802,0,0,0,0,0,0,0,0,0,BCC+FCC,AM,"Chao Zhou, Youzhi Zhang, Heyang Xin, Xiaomin Li, Xizhang Chen, Complex multiphase predicting of additive manufactured high entropy alloys based on data augmentation deep learning, Journal of Materials Research and Technology, 28, 2024: 2388-2401. https://doi.org/10.1016/j.jmrt.2023.12.181."
15.0943,18.8679,18.8679,9.434,18.8679,18.8679,0,0,0,0,0,0,0,0,0,BCC+FCC,AM,"Chao Zhou, Youzhi Zhang, Heyang Xin, Xiaomin Li, Xizhang Chen, Complex multiphase predicting of additive manufactured high entropy alloys based on data augmentation deep learning, Journal of Materials Research and Technology, 28, 2024: 2388-2401. https://doi.org/10.1016/j.jmrt.2023.12.181."
14.4144,18.018,18.018,13.5135,18.018,18.018,0,0,0,0,0,0,0,0,0,BCC+FCC,AM,"Chao Zhou, Youzhi Zhang, Heyang Xin, Xiaomin Li, Xizhang Chen, Complex multiphase predicting of additive manufactured high entropy alloys based on data augmentation deep learning, Journal of Materials Research and Technology, 28, 2024: 2388-2401. https://doi.org/10.1016/j.jmrt.2023.12.181."
13.7931,17.2414,17.2414,17.2414,17.2414,17.2414,0,0,0,0,0,0,0,0,0,BCC+FCC,AM,"Chao Zhou, Youzhi Zhang, Heyang Xin, Xiaomin Li, Xizhang Chen, Complex multiphase predicting of additive manufactured high entropy alloys based on data augmentation deep learning, Journal of Materials Research and Technology, 28, 2024: 2388-2401. https://doi.org/10.1016/j.jmrt.2023.12.181."
0,28.5714,14.2857,0,0,28.5714,0,14.2857,0,14.2857,0,0,0,0,0,BCC+FCC,AM,"Chao Zhou, Youzhi Zhang, Heyang Xin, Xiaomin Li, Xizhang Chen, Complex multiphase predicting of additive manufactured high entropy alloys based on data augmentation deep learning, Journal of Materials Research and Technology, 28, 2024: 2388-2401. https://doi.org/10.1016/j.jmrt.2023.12.181."
0,26.6667,13.3333,0,6.6667,26.6667,0,13.3333,0,13.3333,0,0,0,0,0,BCC+FCC,AM,"Chao Zhou, Youzhi Zhang, Heyang Xin, Xiaomin Li, Xizhang Chen, Complex multiphase predicting of additive manufactured high entropy alloys based on data augmentation deep learning, Journal of Materials Research and Technology, 28, 2024: 2388-2401. https://doi.org/10.1016/j.jmrt.2023.12.181."
0,25,12.5,0,12.5,25,0,12.5,0,12.5,0,0,0,0,0,BCC+FCC,AM,"Chao Zhou, Youzhi Zhang, Heyang Xin, Xiaomin Li, Xizhang Chen, Complex multiphase predicting of additive manufactured high entropy alloys based on data augmentation deep learning, Journal of Materials Research and Technology, 28, 2024: 2388-2401. https://doi.org/10.1016/j.jmrt.2023.12.181."
0,22.2222,11.1111,0,22.2222,22.2222,0,11.1111,0,11.1111,0,0,0,0,0,BCC+FCC,AM,"Chao Zhou, Youzhi Zhang, Heyang Xin, Xiaomin Li, Xizhang Chen, Complex multiphase predicting of additive manufactured high entropy alloys based on data augmentation deep learning, Journal of Materials Research and Technology, 28, 2024: 2388-2401. https://doi.org/10.1016/j.jmrt.2023.12.181."
0,20,20,0,20,20,20,0,0,0,0,0,0,0,0,FCC+IM,AM,"Chao Zhou, Youzhi Zhang, Heyang Xin, Xiaomin Li, Xizhang Chen, Complex multiphase predicting of additive manufactured high entropy alloys based on data augmentation deep learning, Journal of Materials Research and Technology, 28, 2024: 2388-2401. https://doi.org/10.1016/j.jmrt.2023.12.181."
6.9767,23.2558,23.2558,0,23.2558,23.2558,0,0,0,0,0,0,0,0,0,FCC,AM,"Chao Zhou, Youzhi Zhang, Heyang Xin, Xiaomin Li, Xizhang Chen, Complex multiphase predicting of additive manufactured high entropy alloys based on data augmentation deep learning, Journal of Materials Research and Technology, 28, 2024: 2388-2401. https://doi.org/10.1016/j.jmrt.2023.12.181."
20,20,20,0,20,20,0,0,0,0,0,0,0,0,0,BCC,AM,"Chao Zhou, Youzhi Zhang, Heyang Xin, Xiaomin Li, Xizhang Chen, Complex multiphase predicting of additive manufactured high entropy alloys based on data augmentation deep learning, Journal of Materials Research and Technology, 28, 2024: 2388-2401. https://doi.org/10.1016/j.jmrt.2023.12.181."
6.9767,23.2558,23.2558,0,23.2558,23.2558,0,0,0,0,0,0,0,0,0,FCC,AM,"Chao Zhou, Youzhi Zhang, Heyang Xin, Xiaomin Li, Xizhang Chen, Complex multiphase predicting of additive manufactured high entropy alloys based on data augmentation deep learning, Journal of Materials Research and Technology, 28, 2024: 2388-2401. https://doi.org/10.1016/j.jmrt.2023.12.181."
14.8936,21.2766,21.2766,0,21.2766,21.2766,0,0,0,0,0,0,0,0,0,BCC+FCC,AM,"Chao Zhou, Youzhi Zhang, Heyang Xin, Xiaomin Li, Xizhang Chen, Complex multiphase predicting of additive manufactured high entropy alloys based on data augmentation deep learning, Journal of Materials Research and Technology, 28, 2024: 2388-2401. https://doi.org/10.1016/j.jmrt.2023.12.181."
14.2857,0,14.2857,0,21.4286,0,14.2857,14.2857,0,21.4286,0,0,0,0,0,BCC+IM,AM,"Chao Zhou, Youzhi Zhang, Heyang Xin, Xiaomin Li, Xizhang Chen, Complex multiphase predicting of additive manufactured high entropy alloys based on data augmentation deep learning, Journal of Materials Research and Technology, 28, 2024: 2388-2401. https://doi.org/10.1016/j.jmrt.2023.12.181."
13.3333,0,13.3333,0,20,0,13.3333,13.3333,0,26.6667,0,0,0,0,0,BCC+IM,AM,"Chao Zhou, Youzhi Zhang, Heyang Xin, Xiaomin Li, Xizhang Chen, Complex multiphase predicting of additive manufactured high entropy alloys based on data augmentation deep learning, Journal of Materials Research and Technology, 28, 2024: 2388-2401. https://doi.org/10.1016/j.jmrt.2023.12.181."
12.5,0,12.5,0,18.75,0,12.5,12.5,0,31.25,0,0,0,0,0,BCC+IM,AM,"Chao Zhou, Youzhi Zhang, Heyang Xin, Xiaomin Li, Xizhang Chen, Complex multiphase predicting of additive manufactured high entropy alloys based on data augmentation deep learning, Journal of Materials Research and Technology, 28, 2024: 2388-2401. https://doi.org/10.1016/j.jmrt.2023.12.181."
11.7647,0,11.7647,0,17.6471,0,11.7647,11.7647,0,35.2941,0,0,0,0,0,BCC+IM,AM,"Chao Zhou, Youzhi Zhang, Heyang Xin, Xiaomin Li, Xizhang Chen, Complex multiphase predicting of additive manufactured high entropy alloys based on data augmentation deep learning, Journal of Materials Research and Technology, 28, 2024: 2388-2401. https://doi.org/10.1016/j.jmrt.2023.12.181."
0,20,20,0,0,20,0,0,20,20,0,0,0,0,0,BCC+FCC,AM,"Chao Zhou, Youzhi Zhang, Heyang Xin, Xiaomin Li, Xizhang Chen, Complex multiphase predicting of additive manufactured high entropy alloys based on data augmentation deep learning, Journal of Materials Research and Technology, 28, 2024: 2388-2401. https://doi.org/10.1016/j.jmrt.2023.12.181."
6.9444,13.8889,13.8889,0,37.5,13.8889,13.8889,0,0,0,0,0,0,0,0,BCC,AM,"Chao Zhou, Youzhi Zhang, Heyang Xin, Xiaomin Li, Xizhang Chen, Complex multiphase predicting of additive manufactured high entropy alloys based on data augmentation deep learning, Journal of Materials Research and Technology, 28, 2024: 2388-2401. https://doi.org/10.1016/j.jmrt.2023.12.181."
12.987,12.987,12.987,0,35.0649,12.987,12.987,0,0,0,0,0,0,0,0,BCC+IM,AM,"Chao Zhou, Youzhi Zhang, Heyang Xin, Xiaomin Li, Xizhang Chen, Complex multiphase predicting of additive manufactured high entropy alloys based on data augmentation deep learning, Journal of Materials Research and Technology, 28, 2024: 2388-2401. https://doi.org/10.1016/j.jmrt.2023.12.181."
18.2927,12.1951,12.1951,0,32.9268,12.1951,12.1951,0,0,0,0,0,0,0,0,BCC+IM,AM,"Chao Zhou, Youzhi Zhang, Heyang Xin, Xiaomin Li, Xizhang Chen, Complex multiphase predicting of additive manufactured high entropy alloys based on data augmentation deep learning, Journal of Materials Research and Technology, 28, 2024: 2388-2401. https://doi.org/10.1016/j.jmrt.2023.12.181."
22.9885,11.4943,11.4943,0,31.0345,11.4943,11.4943,0,0,0,0,0,0,0,0,BCC+IM,AM,"Chao Zhou, Youzhi Zhang, Heyang Xin, Xiaomin Li, Xizhang Chen, Complex multiphase predicting of additive manufactured high entropy alloys based on data augmentation deep learning, Journal of Materials Research and Technology, 28, 2024: 2388-2401. https://doi.org/10.1016/j.jmrt.2023.12.181."
0,21.0526,21.0526,0,21.0526,21.0526,0,10.5263,0,5.2632,0,0,0,0,0,BCC+FCC+IM,AM,"Chao Zhou, Youzhi Zhang, Heyang Xin, Xiaomin Li, Xizhang Chen, Complex multiphase predicting of additive manufactured high entropy alloys based on data augmentation deep learning, Journal of Materials Research and Technology, 28, 2024: 2388-2401. https://doi.org/10.1016/j.jmrt.2023.12.181."
0,20,20,0,20,20,0,10,0,10,0,0,0,0,0,BCC+FCC+IM,AM,"Chao Zhou, Youzhi Zhang, Heyang Xin, Xiaomin Li, Xizhang Chen, Complex multiphase predicting of additive manufactured high entropy alloys based on data augmentation deep learning, Journal of Materials Research and Technology, 28, 2024: 2388-2401. https://doi.org/10.1016/j.jmrt.2023.12.181."
0,19.0476,19.0476,0,19.0476,19.0476,0,9.5238,0,14.2857,0,0,0,0,0,BCC+FCC+IM,AM,"Chao Zhou, Youzhi Zhang, Heyang Xin, Xiaomin Li, Xizhang Chen, Complex multiphase predicting of additive manufactured high entropy alloys based on data augmentation deep learning, Journal of Materials Research and Technology, 28, 2024: 2388-2401. https://doi.org/10.1016/j.jmrt.2023.12.181."
0,18.1818,18.1818,0,18.1818,18.1818,0,9.0909,0,18.1818,0,0,0,0,0,BCC+FCC+IM,AM,"Chao Zhou, Youzhi Zhang, Heyang Xin, Xiaomin Li, Xizhang Chen, Complex multiphase predicting of additive manufactured high entropy alloys based on data augmentation deep learning, Journal of Materials Research and Technology, 28, 2024: 2388-2401. https://doi.org/10.1016/j.jmrt.2023.12.181."
16.6667,16.6667,16.6667,0,16.6667,16.6667,0,16.6667,0,0,0,0,0,0,0,BCC+FCC,AM,"Chao Zhou, Youzhi Zhang, Heyang Xin, Xiaomin Li, Xizhang Chen, Complex multiphase predicting of additive manufactured high entropy alloys based on data augmentation deep learning, Journal of Materials Research and Technology, 28, 2024: 2388-2401. https://doi.org/10.1016/j.jmrt.2023.12.181."
16.6667,16.6667,16.6667,0,16.6667,16.6667,0,16.6667,0,0,0,0,0,0,0,BCC+FCC,AM,"Chao Zhou, Youzhi Zhang, Heyang Xin, Xiaomin Li, Xizhang Chen, Complex multiphase predicting of additive manufactured high entropy alloys based on data augmentation deep learning, Journal of Materials Research and Technology, 28, 2024: 2388-2401. https://doi.org/10.1016/j.jmrt.2023.12.181."
16.6667,0,16.6667,0,16.6667,33.3333,0,0,16.6667,0,0,0,0,0,0,BCC+IM,AM,"Chao Zhou, Youzhi Zhang, Heyang Xin, Xiaomin Li, Xizhang Chen, Complex multiphase predicting of additive manufactured high entropy alloys based on data augmentation deep learning, Journal of Materials Research and Technology, 28, 2024: 2388-2401. https://doi.org/10.1016/j.jmrt.2023.12.181."
15.3846,0,15.3846,0,15.3846,30.7692,0,0,15.3846,7.6923,0,0,0,0,0,BCC+IM,AM,"Chao Zhou, Youzhi Zhang, Heyang Xin, Xiaomin Li, Xizhang Chen, Complex multiphase predicting of additive manufactured high entropy alloys based on data augmentation deep learning, Journal of Materials Research and Technology, 28, 2024: 2388-2401. https://doi.org/10.1016/j.jmrt.2023.12.181."
14.2857,0,14.2857,0,14.2857,28.5714,0,0,14.2857,14.2857,0,0,0,0,0,BCC+IM,AM,"Chao Zhou, Youzhi Zhang, Heyang Xin, Xiaomin Li, Xizhang Chen, Complex multiphase predicting of additive manufactured high entropy alloys based on data augmentation deep learning, Journal of Materials Research and Technology, 28, 2024: 2388-2401. https://doi.org/10.1016/j.jmrt.2023.12.181."
13.3333,0,13.3333,0,13.3333,26.6667,0,0,13.3333,20,0,0,0,0,0,BCC+IM,AM,"Chao Zhou, Youzhi Zhang, Heyang Xin, Xiaomin Li, Xizhang Chen, Complex multiphase predicting of additive manufactured high entropy alloys based on data augmentation deep learning, Journal of Materials Research and Technology, 28, 2024: 2388-2401. https://doi.org/10.1016/j.jmrt.2023.12.181."
12.5,0,12.5,0,12.5,25,0,0,12.5,25,0,0,0,0,0,BCC+IM,AM,"Chao Zhou, Youzhi Zhang, Heyang Xin, Xiaomin Li, Xizhang Chen, Complex multiphase predicting of additive manufactured high entropy alloys based on data augmentation deep learning, Journal of Materials Research and Technology, 28, 2024: 2388-2401. https://doi.org/10.1016/j.jmrt.2023.12.181."
23.2558,0,23.2558,0,23.2558,0,23.2558,0,0,0,0,6.9767,0,0,0,BCC,AM,"Chao Zhou, Youzhi Zhang, Heyang Xin, Xiaomin Li, Xizhang Chen, Complex multiphase predicting of additive manufactured high entropy alloys based on data augmentation deep learning, Journal of Materials Research and Technology, 28, 2024: 2388-2401. https://doi.org/10.1016/j.jmrt.2023.12.181."
8.7108,0,8.7108,0,8.7108,0,8.7108,0,0,0,0,65.1568,0,0,0,BCC,AM,"Chao Zhou, Youzhi Zhang, Heyang Xin, Xiaomin Li, Xizhang Chen, Complex multiphase predicting of additive manufactured high entropy alloys based on data augmentation deep learning, Journal of Materials Research and Technology, 28, 2024: 2388-2401. https://doi.org/10.1016/j.jmrt.2023.12.181."
6.9156,0,6.9156,0,6.9156,0,6.9156,0,0,0,0,72.3375,0,0,0,BCC,AM,"Chao Zhou, Youzhi Zhang, Heyang Xin, Xiaomin Li, Xizhang Chen, Complex multiphase predicting of additive manufactured high entropy alloys based on data augmentation deep learning, Journal of Materials Research and Technology, 28, 2024: 2388-2401. https://doi.org/10.1016/j.jmrt.2023.12.181."
5.0505,0,5.0505,0,5.0505,0,5.0505,0,0,0,0,79.798,0,0,0,BCC,AM,"Chao Zhou, Youzhi Zhang, Heyang Xin, Xiaomin Li, Xizhang Chen, Complex multiphase predicting of additive manufactured high entropy alloys based on data augmentation deep learning, Journal of Materials Research and Technology, 28, 2024: 2388-2401. https://doi.org/10.1016/j.jmrt.2023.12.181."
4.4504,0,4.4504,0,4.4504,0,4.4504,0,0,0,0,82.1985,0,0,0,BCC,AM,"Chao Zhou, Youzhi Zhang, Heyang Xin, Xiaomin Li, Xizhang Chen, Complex multiphase predicting of additive manufactured high entropy alloys based on data augmentation deep learning, Journal of Materials Research and Technology, 28, 2024: 2388-2401. https://doi.org/10.1016/j.jmrt.2023.12.181."
16.6667,16.6667,16.6667,16.6667,16.6667,16.6667,0,0,0,0,0,0,0,0,0,BCC+FCC,AM,"Chao Zhou, Youzhi Zhang, Heyang Xin, Xiaomin Li, Xizhang Chen, Complex multiphase predicting of additive manufactured high entropy alloys based on data augmentation deep learning, Journal of Materials Research and Technology, 28, 2024: 2388-2401. https://doi.org/10.1016/j.jmrt.2023.12.181."
16.6667,16.6667,16.6667,0,16.6667,16.6667,0,16.6667,0,0,0,0,0,0,0,BCC+FCC,AM,"Chao Zhou, Youzhi Zhang, Heyang Xin, Xiaomin Li, Xizhang Chen, Complex multiphase predicting of additive manufactured high entropy alloys based on data augmentation deep learning, Journal of Materials Research and Technology, 28, 2024: 2388-2401. https://doi.org/10.1016/j.jmrt.2023.12.181."
0,0,0,0,0,0,33.3333,0,0,33.3333,33.3333,0,0,0,0,BCC,AM,"Chao Zhou, Youzhi Zhang, Heyang Xin, Xiaomin Li, Xizhang Chen, Complex multiphase predicting of additive manufactured high entropy alloys based on data augmentation deep learning, Journal of Materials Research and Technology, 28, 2024: 2388-2401. https://doi.org/10.1016/j.jmrt.2023.12.181."
0,0,0,0,0,0,31.6456,0,5.0633,31.6456,31.6456,0,0,0,0,BCC,AM,"Chao Zhou, Youzhi Zhang, Heyang Xin, Xiaomin Li, Xizhang Chen, Complex multiphase predicting of additive manufactured high entropy alloys based on data augmentation deep learning, Journal of Materials Research and Technology, 28, 2024: 2388-2401. https://doi.org/10.1016/j.jmrt.2023.12.181."
0,0,0,0,0,0,30.03,0,9.9099,30.03,30.03,0,0,0,0,BCC,AM,"Chao Zhou, Youzhi Zhang, Heyang Xin, Xiaomin Li, Xizhang Chen, Complex multiphase predicting of additive manufactured high entropy alloys based on data augmentation deep learning, Journal of Materials Research and Technology, 28, 2024: 2388-2401. https://doi.org/10.1016/j.jmrt.2023.12.181."
0,0,0,0,0,0,28.3286,0,15.0142,28.3286,28.3286,0,0,0,0,BCC,AM,"Chao Zhou, Youzhi Zhang, Heyang Xin, Xiaomin Li, Xizhang Chen, Complex multiphase predicting of additive manufactured high entropy alloys based on data augmentation deep learning, Journal of Materials Research and Technology, 28, 2024: 2388-2401. https://doi.org/10.1016/j.jmrt.2023.12.181."
17.3913,17.3913,17.3913,0,17.3913,17.3913,13.0435,0,0,0,0,0,0,0,0,BCC+IM,AM,"Chao Zhou, Youzhi Zhang, Heyang Xin, Xiaomin Li, Xizhang Chen, Complex multiphase predicting of additive manufactured high entropy alloys based on data augmentation deep learning, Journal of Materials Research and Technology, 28, 2024: 2388-2401. https://doi.org/10.1016/j.jmrt.2023.12.181."
16.6667,16.6667,16.6667,0,16.6667,16.6667,16.6667,0,0,0,0,0,0,0,0,BCC+IM,AM,"Chao Zhou, Youzhi Zhang, Heyang Xin, Xiaomin Li, Xizhang Chen, Complex multiphase predicting of additive manufactured high entropy alloys based on data augmentation deep learning, Journal of Materials Research and Technology, 28, 2024: 2388-2401. https://doi.org/10.1016/j.jmrt.2023.12.181."
16,16,16,0,16,16,20,0,0,0,0,0,0,0,0,BCC+IM,AM,"Chao Zhou, Youzhi Zhang, Heyang Xin, Xiaomin Li, Xizhang Chen, Complex multiphase predicting of additive manufactured high entropy alloys based on data augmentation deep learning, Journal of Materials Research and Technology, 28, 2024: 2388-2401. https://doi.org/10.1016/j.jmrt.2023.12.181."
15.3846,15.3846,15.3846,0,15.3846,15.3846,23.0769,0,0,0,0,0,0,0,0,BCC+IM,AM,"Chao Zhou, Youzhi Zhang, Heyang Xin, Xiaomin Li, Xizhang Chen, Complex multiphase predicting of additive manufactured high entropy alloys based on data augmentation deep learning, Journal of Materials Research and Technology, 28, 2024: 2388-2401. https://doi.org/10.1016/j.jmrt.2023.12.181."
20,20,20,0,20,20,0,0,0,0,0,0,0,0,0,BCC,AM,"Chao Zhou, Youzhi Zhang, Heyang Xin, Xiaomin Li, Xizhang Chen, Complex multiphase predicting of additive manufactured high entropy alloys based on data augmentation deep learning, Journal of Materials Research and Technology, 28, 2024: 2388-2401. https://doi.org/10.1016/j.jmrt.2023.12.181."
19.0476,19.0476,19.0476,0,19.0476,19.0476,0,0,0,4.7619,0,0,0,0,0,BCC+IM,AM,"Chao Zhou, Youzhi Zhang, Heyang Xin, Xiaomin Li, Xizhang Chen, Complex multiphase predicting of additive manufactured high entropy alloys based on data augmentation deep learning, Journal of Materials Research and Technology, 28, 2024: 2388-2401. https://doi.org/10.1016/j.jmrt.2023.12.181."
18.1818,18.1818,18.1818,0,18.1818,18.1818,0,0,0,9.0909,0,0,0,0,0,BCC+IM,AM,"Chao Zhou, Youzhi Zhang, Heyang Xin, Xiaomin Li, Xizhang Chen, Complex multiphase predicting of additive manufactured high entropy alloys based on data augmentation deep learning, Journal of Materials Research and Technology, 28, 2024: 2388-2401. https://doi.org/10.1016/j.jmrt.2023.12.181."
17.3913,17.3913,17.3913,0,17.3913,17.3913,0,0,0,13.0435,0,0,0,0,0,BCC+IM,AM,"Chao Zhou, Youzhi Zhang, Heyang Xin, Xiaomin Li, Xizhang Chen, Complex multiphase predicting of additive manufactured high entropy alloys based on data augmentation deep learning, Journal of Materials Research and Technology, 28, 2024: 2388-2401. https://doi.org/10.1016/j.jmrt.2023.12.181."
16.6667,16.6667,16.6667,0,16.6667,16.6667,0,0,0,16.6667,0,0,0,0,0,BCC+IM,AM,"Chao Zhou, Youzhi Zhang, Heyang Xin, Xiaomin Li, Xizhang Chen, Complex multiphase predicting of additive manufactured high entropy alloys based on data augmentation deep learning, Journal of Materials Research and Technology, 28, 2024: 2388-2401. https://doi.org/10.1016/j.jmrt.2023.12.181."
0,0,0,0,0,0,0,20,0,20,20,0,0,20,20,BCC,AM,"Chao Zhou, Youzhi Zhang, Heyang Xin, Xiaomin Li, Xizhang Chen, Complex multiphase predicting of additive manufactured high entropy alloys based on data augmentation deep learning, Journal of Materials Research and Technology, 28, 2024: 2388-2401. https://doi.org/10.1016/j.jmrt.2023.12.181."
9.0909,18.1818,18.1818,18.1818,18.1818,18.1818,0,0,0,0,0,0,0,0,0,FCC,AM,"Chao Zhou, Youzhi Zhang, Heyang Xin, Xiaomin Li, Xizhang Chen, Complex multiphase predicting of additive manufactured high entropy alloys based on data augmentation deep learning, Journal of Materials Research and Technology, 28, 2024: 2388-2401. https://doi.org/10.1016/j.jmrt.2023.12.181."
14.2857,0,14.2857,0,14.2857,0,14.2857,14.2857,14.2857,14.2857,0,0,0,0,0,BCC+IM,AM,"Chao Zhou, Youzhi Zhang, Heyang Xin, Xiaomin Li, Xizhang Chen, Complex multiphase predicting of additive manufactured high entropy alloys based on data augmentation deep learning, Journal of Materials Research and Technology, 28, 2024: 2388-2401. https://doi.org/10.1016/j.jmrt.2023.12.181."
14.2857,0,14.2857,0,14.2857,0,14.2857,14.2857,14.2857,14.2857,0,0,0,0,0,BCC+IM,AM,"Chao Zhou, Youzhi Zhang, Heyang Xin, Xiaomin Li, Xizhang Chen, Complex multiphase predicting of additive manufactured high entropy alloys based on data augmentation deep learning, Journal of Materials Research and Technology, 28, 2024: 2388-2401. https://doi.org/10.1016/j.jmrt.2023.12.181."
14.2857,0,14.2857,0,14.2857,0,14.2857,14.2857,14.2857,14.2857,0,0,0,0,0,BCC+IM,AM,"Chao Zhou, Youzhi Zhang, Heyang Xin, Xiaomin Li, Xizhang Chen, Complex multiphase predicting of additive manufactured high entropy alloys based on data augmentation deep learning, Journal of Materials Research and Technology, 28, 2024: 2388-2401. https://doi.org/10.1016/j.jmrt.2023.12.181."
0,22.4719,22.4719,0,22.4719,22.4719,0,0,0,10.1124,0,0,0,0,0,FCC+IM,AM,"Chao Zhou, Youzhi Zhang, Heyang Xin, Xiaomin Li, Xizhang Chen, Complex multiphase predicting of additive manufactured high entropy alloys based on data augmentation deep learning, Journal of Materials Research and Technology, 28, 2024: 2388-2401. https://doi.org/10.1016/j.jmrt.2023.12.181."
0,22.2222,22.2222,0,22.2222,22.2222,0,0,0,11.1111,0,0,0,0,0,FCC+IM,AM,"Chao Zhou, Youzhi Zhang, Heyang Xin, Xiaomin Li, Xizhang Chen, Complex multiphase predicting of additive manufactured high entropy alloys based on data augmentation deep learning, Journal of Materials Research and Technology, 28, 2024: 2388-2401. https://doi.org/10.1016/j.jmrt.2023.12.181."
0,21.0526,21.0526,0,21.0526,21.0526,0,0,0,15.7895,0,0,0,0,0,FCC+IM,AM,"Chao Zhou, Youzhi Zhang, Heyang Xin, Xiaomin Li, Xizhang Chen, Complex multiphase predicting of additive manufactured high entropy alloys based on data augmentation deep learning, Journal of Materials Research and Technology, 28, 2024: 2388-2401. https://doi.org/10.1016/j.jmrt.2023.12.181."
0,20,20,0,20,20,0,0,0,20,0,0,0,0,0,FCC+IM,AM,"Chao Zhou, Youzhi Zhang, Heyang Xin, Xiaomin Li, Xizhang Chen, Complex multiphase predicting of additive manufactured high entropy alloys based on data augmentation deep learning, Journal of Materials Research and Technology, 28, 2024: 2388-2401. https://doi.org/10.1016/j.jmrt.2023.12.181."
9.6154,19.2308,19.2308,13.4615,19.2308,19.2308,0,0,0,0,0,0,0,0,0,BCC+FCC,AM,"Chao Zhou, Youzhi Zhang, Heyang Xin, Xiaomin Li, Xizhang Chen, Complex multiphase predicting of additive manufactured high entropy alloys based on data augmentation deep learning, Journal of Materials Research and Technology, 28, 2024: 2388-2401. https://doi.org/10.1016/j.jmrt.2023.12.181."
9.6154,19.2308,19.2308,13.4615,19.2308,19.2308,0,0,0,0,0,0,0,0,0,BCC+FCC,AM,"Chao Zhou, Youzhi Zhang, Heyang Xin, Xiaomin Li, Xizhang Chen, Complex multiphase predicting of additive manufactured high entropy alloys based on data augmentation deep learning, Journal of Materials Research and Technology, 28, 2024: 2388-2401. https://doi.org/10.1016/j.jmrt.2023.12.181."
9.6154,19.2308,19.2308,13.4615,19.2308,19.2308,0,0,0,0,0,0,0,0,0,BCC+FCC,AM,"Chao Zhou, Youzhi Zhang, Heyang Xin, Xiaomin Li, Xizhang Chen, Complex multiphase predicting of additive manufactured high entropy alloys based on data augmentation deep learning, Journal of Materials Research and Technology, 28, 2024: 2388-2401. https://doi.org/10.1016/j.jmrt.2023.12.181."
9.6154,19.2308,19.2308,13.4615,19.2308,19.2308,0,0,0,0,0,0,0,0,0,BCC+FCC,AM,"Chao Zhou, Youzhi Zhang, Heyang Xin, Xiaomin Li, Xizhang Chen, Complex multiphase predicting of additive manufactured high entropy alloys based on data augmentation deep learning, Journal of Materials Research and Technology, 28, 2024: 2388-2401. https://doi.org/10.1016/j.jmrt.2023.12.181."
0,0,20,0,0,0,20,0,20,0,20,0,0,0,20,BCC+IM,AM,"Chao Zhou, Youzhi Zhang, Heyang Xin, Xiaomin Li, Xizhang Chen, Complex multiphase predicting of additive manufactured high entropy alloys based on data augmentation deep learning, Journal of Materials Research and Technology, 28, 2024: 2388-2401. https://doi.org/10.1016/j.jmrt.2023.12.181."
0,0,20,0,0,0,20,0,20,0,20,0,0,0,20,BCC+IM,AM,"Chao Zhou, Youzhi Zhang, Heyang Xin, Xiaomin Li, Xizhang Chen, Complex multiphase predicting of additive manufactured high entropy alloys based on data augmentation deep learning, Journal of Materials Research and Technology, 28, 2024: 2388-2401. https://doi.org/10.1016/j.jmrt.2023.12.181."
0,0,20,0,0,0,20,0,20,0,20,0,0,0,20,BCC+IM,AM,"Chao Zhou, Youzhi Zhang, Heyang Xin, Xiaomin Li, Xizhang Chen, Complex multiphase predicting of additive manufactured high entropy alloys based on data augmentation deep learning, Journal of Materials Research and Technology, 28, 2024: 2388-2401. https://doi.org/10.1016/j.jmrt.2023.12.181."
0,0,20,0,0,0,20,0,20,0,20,0,0,0,20,BCC+IM,AM,"Chao Zhou, Youzhi Zhang, Heyang Xin, Xiaomin Li, Xizhang Chen, Complex multiphase predicting of additive manufactured high entropy alloys based on data augmentation deep learning, Journal of Materials Research and Technology, 28, 2024: 2388-2401. https://doi.org/10.1016/j.jmrt.2023.12.181."
0,0,20,0,0,0,20,0,20,0,20,0,0,0,20,BCC+IM,AM,"Chao Zhou, Youzhi Zhang, Heyang Xin, Xiaomin Li, Xizhang Chen, Complex multiphase predicting of additive manufactured high entropy alloys based on data augmentation deep learning, Journal of Materials Research and Technology, 28, 2024: 2388-2401. https://doi.org/10.1016/j.jmrt.2023.12.181."
0,0,20,0,0,0,20,0,20,0,20,0,0,0,20,BCC+IM,AM,"Chao Zhou, Youzhi Zhang, Heyang Xin, Xiaomin Li, Xizhang Chen, Complex multiphase predicting of additive manufactured high entropy alloys based on data augmentation deep learning, Journal of Materials Research and Technology, 28, 2024: 2388-2401. https://doi.org/10.1016/j.jmrt.2023.12.181."
0,0,20,0,0,0,20,0,20,0,20,0,0,0,20,BCC+IM,AM,"Chao Zhou, Youzhi Zhang, Heyang Xin, Xiaomin Li, Xizhang Chen, Complex multiphase predicting of additive manufactured high entropy alloys based on data augmentation deep learning, Journal of Materials Research and Technology, 28, 2024: 2388-2401. https://doi.org/10.1016/j.jmrt.2023.12.181."
0,0,20,0,0,0,20,0,20,0,20,0,0,0,20,BCC+IM,AM,"Chao Zhou, Youzhi Zhang, Heyang Xin, Xiaomin Li, Xizhang Chen, Complex multiphase predicting of additive manufactured high entropy alloys based on data augmentation deep learning, Journal of Materials Research and Technology, 28, 2024: 2388-2401. https://doi.org/10.1016/j.jmrt.2023.12.181."
0,20,40,0,20,20,0,0,0,0,0,0,0,0,0,FCC,AM,"Chao Zhou, Youzhi Zhang, Heyang Xin, Xiaomin Li, Xizhang Chen, Complex multiphase predicting of additive manufactured high entropy alloys based on data augmentation deep learning, Journal of Materials Research and Technology, 28, 2024: 2388-2401. https://doi.org/10.1016/j.jmrt.2023.12.181."
0,18.1818,36.3636,0,18.1818,18.1818,0,9.0909,0,0,0,0,0,0,0,FCC+IM,AM,"Chao Zhou, Youzhi Zhang, Heyang Xin, Xiaomin Li, Xizhang Chen, Complex multiphase predicting of additive manufactured high entropy alloys based on data augmentation deep learning, Journal of Materials Research and Technology, 28, 2024: 2388-2401. https://doi.org/10.1016/j.jmrt.2023.12.181."
0,16.6667,33.3333,0,16.6667,16.6667,0,16.6667,0,0,0,0,0,0,0,FCC+IM,AM,"Chao Zhou, Youzhi Zhang, Heyang Xin, Xiaomin Li, Xizhang Chen, Complex multiphase predicting of additive manufactured high entropy alloys based on data augmentation deep learning, Journal of Materials Research and Technology, 28, 2024: 2388-2401. https://doi.org/10.1016/j.jmrt.2023.12.181."
28.5714,14.2857,14.2857,14.2857,14.2857,14.2857,0,0,0,0,0,0,0,0,0,BCC,AM,"Chao Zhou, Youzhi Zhang, Heyang Xin, Xiaomin Li, Xizhang Chen, Complex multiphase predicting of additive manufactured high entropy alloys based on data augmentation deep learning, Journal of Materials Research and Technology, 28, 2024: 2388-2401. https://doi.org/10.1016/j.jmrt.2023.12.181."
26.6667,13.3333,13.3333,13.3333,13.3333,13.3333,0,6.6667,0,0,0,0,0,0,0,BCC,AM,"Chao Zhou, Youzhi Zhang, Heyang Xin, Xiaomin Li, Xizhang Chen, Complex multiphase predicting of additive manufactured high entropy alloys based on data augmentation deep learning, Journal of Materials Research and Technology, 28, 2024: 2388-2401. https://doi.org/10.1016/j.jmrt.2023.12.181."
25,12.5,12.5,12.5,12.5,12.5,0,12.5,0,0,0,0,0,0,0,BCC,AM,"Chao Zhou, Youzhi Zhang, Heyang Xin, Xiaomin Li, Xizhang Chen, Complex multiphase predicting of additive manufactured high entropy alloys based on data augmentation deep learning, Journal of Materials Research and Technology, 28, 2024: 2388-2401. https://doi.org/10.1016/j.jmrt.2023.12.181."
23.5294,11.7647,11.7647,11.7647,11.7647,11.7647,0,17.6471,0,0,0,0,0,0,0,BCC,AM,"Chao Zhou, Youzhi Zhang, Heyang Xin, Xiaomin Li, Xizhang Chen, Complex multiphase predicting of additive manufactured high entropy alloys based on data augmentation deep learning, Journal of Materials Research and Technology, 28, 2024: 2388-2401. https://doi.org/10.1016/j.jmrt.2023.12.181."
0,20,20,0,0,20,0,20,0,0,0,20,0,0,0,BCC+IM,AM,"Chao Zhou, Youzhi Zhang, Heyang Xin, Xiaomin Li, Xizhang Chen, Complex multiphase predicting of additive manufactured high entropy alloys based on data augmentation deep learning, Journal of Materials Research and Technology, 28, 2024: 2388-2401. https://doi.org/10.1016/j.jmrt.2023.12.181."
18.1818,18.1818,18.1818,0,18.1818,18.1818,0,9.0909,0,0,0,0,0,0,0,BCC+FCC,AM,"Chao Zhou, Youzhi Zhang, Heyang Xin, Xiaomin Li, Xizhang Chen, Complex multiphase predicting of additive manufactured high entropy alloys based on data augmentation deep learning, Journal of Materials Research and Technology, 28, 2024: 2388-2401. https://doi.org/10.1016/j.jmrt.2023.12.181."
25,16.6667,16.6667,0,16.6667,16.6667,0,8.3333,0,0,0,0,0,0,0,BCC,AM,"Chao Zhou, Youzhi Zhang, Heyang Xin, Xiaomin Li, Xizhang Chen, Complex multiphase predicting of additive manufactured high entropy alloys based on data augmentation deep learning, Journal of Materials Research and Technology, 28, 2024: 2388-2401. https://doi.org/10.1016/j.jmrt.2023.12.181."
30.7692,15.3846,15.3846,0,15.3846,15.3846,0,7.6923,0,0,0,0,0,0,0,BCC+IM,AM,"Chao Zhou, Youzhi Zhang, Heyang Xin, Xiaomin Li, Xizhang Chen, Complex multiphase predicting of additive manufactured high entropy alloys based on data augmentation deep learning, Journal of Materials Research and Technology, 28, 2024: 2388-2401. https://doi.org/10.1016/j.jmrt.2023.12.181."
35.7143,14.2857,14.2857,0,14.2857,14.2857,0,7.1429,0,0,0,0,0,0,0,BCC+IM,AM,"Chao Zhou, Youzhi Zhang, Heyang Xin, Xiaomin Li, Xizhang Chen, Complex multiphase predicting of additive manufactured high entropy alloys based on data augmentation deep learning, Journal of Materials Research and Technology, 28, 2024: 2388-2401. https://doi.org/10.1016/j.jmrt.2023.12.181."
16.6667,16.6667,16.6667,16.6667,16.6667,16.6667,0,0,0,0,0,0,0,0,0,BCC+FCC,AM,"Chao Zhou, Youzhi Zhang, Heyang Xin, Xiaomin Li, Xizhang Chen, Complex multiphase predicting of additive manufactured high entropy alloys based on data augmentation deep learning, Journal of Materials Research and Technology, 28, 2024: 2388-2401. https://doi.org/10.1016/j.jmrt.2023.12.181."
0,0,20,0,20,0,20,20,20,0,0,0,0,0,0,BCC,AM,"Chao Zhou, Youzhi Zhang, Heyang Xin, Xiaomin Li, Xizhang Chen, Complex multiphase predicting of additive manufactured high entropy alloys based on data augmentation deep learning, Journal of Materials Research and Technology, 28, 2024: 2388-2401. https://doi.org/10.1016/j.jmrt.2023.12.181."
0,27.027,27.027,0,16.2162,27.027,0,2.7027,0,0,0,0,0,0,0,BCC+FCC+IM,AM,"Chao Zhou, Youzhi Zhang, Heyang Xin, Xiaomin Li, Xizhang Chen, Complex multiphase predicting of additive manufactured high entropy alloys based on data augmentation deep learning, Journal of Materials Research and Technology, 28, 2024: 2388-2401. https://doi.org/10.1016/j.jmrt.2023.12.181."
0,18.1818,18.1818,0,18.1818,18.1818,0,18.1818,0,0,0,9.0909,0,0,0,BCC+FCC+IM,AM,"Chao Zhou, Youzhi Zhang, Heyang Xin, Xiaomin Li, Xizhang Chen, Complex multiphase predicting of additive manufactured high entropy alloys based on data augmentation deep learning, Journal of Materials Research and Technology, 28, 2024: 2388-2401. https://doi.org/10.1016/j.jmrt.2023.12.181."
0,16.6667,16.6667,0,16.6667,16.6667,0,16.6667,0,0,0,16.6667,0,0,0,BCC+FCC+IM,AM,"Chao Zhou, Youzhi Zhang, Heyang Xin, Xiaomin Li, Xizhang Chen, Complex multiphase predicting of additive manufactured high entropy alloys based on data augmentation deep learning, Journal of Materials Research and Technology, 28, 2024: 2388-2401. https://doi.org/10.1016/j.jmrt.2023.12.181."
18.1818,18.1818,18.1818,18.1818,18.1818,9.0909,0,0,0,0,0,0,0,0,0,BCC+FCC,AM,"Chao Zhou, Youzhi Zhang, Heyang Xin, Xiaomin Li, Xizhang Chen, Complex multiphase predicting of additive manufactured high entropy alloys based on data augmentation deep learning, Journal of Materials Research and Technology, 28, 2024: 2388-2401. https://doi.org/10.1016/j.jmrt.2023.12.181."
16.6667,16.6667,16.6667,16.6667,16.6667,16.6667,0,0,0,0,0,0,0,0,0,BCC+FCC,AM,"Chao Zhou, Youzhi Zhang, Heyang Xin, Xiaomin Li, Xizhang Chen, Complex multiphase predicting of additive manufactured high entropy alloys based on data augmentation deep learning, Journal of Materials Research and Technology, 28, 2024: 2388-2401. https://doi.org/10.1016/j.jmrt.2023.12.181."
15.3846,15.3846,15.3846,15.3846,15.3846,23.0769,0,0,0,0,0,0,0,0,0,BCC+FCC,AM,"Chao Zhou, Youzhi Zhang, Heyang Xin, Xiaomin Li, Xizhang Chen, Complex multiphase predicting of additive manufactured high entropy alloys based on data augmentation deep learning, Journal of Materials Research and Technology, 28, 2024: 2388-2401. https://doi.org/10.1016/j.jmrt.2023.12.181."
6.25,25,0,18.75,25,25,0,0,0,0,0,0,0,0,0,FCC,AM,"Chao Zhou, Youzhi Zhang, Heyang Xin, Xiaomin Li, Xizhang Chen, Complex multiphase predicting of additive manufactured high entropy alloys based on data augmentation deep learning, Journal of Materials Research and Technology, 28, 2024: 2388-2401. https://doi.org/10.1016/j.jmrt.2023.12.181."
12.5,25,0,12.5,25,25,0,0,0,0,0,0,0,0,0,FCC,AM,"Chao Zhou, Youzhi Zhang, Heyang Xin, Xiaomin Li, Xizhang Chen, Complex multiphase predicting of additive manufactured high entropy alloys based on data augmentation deep learning, Journal of Materials Research and Technology, 28, 2024: 2388-2401. https://doi.org/10.1016/j.jmrt.2023.12.181."
18.75,25,0,6.25,25,25,0,0,0,0,0,0,0,0,0,BCC+FCC,AM,"Chao Zhou, Youzhi Zhang, Heyang Xin, Xiaomin Li, Xizhang Chen, Complex multiphase predicting of additive manufactured high entropy alloys based on data augmentation deep learning, Journal of Materials Research and Technology, 28, 2024: 2388-2401. https://doi.org/10.1016/j.jmrt.2023.12.181."
0,0,0,0,0,0,20,20,20,20,0,0,0,0,20,BCC+IM,AM,"Chao Zhou, Youzhi Zhang, Heyang Xin, Xiaomin Li, Xizhang Chen, Complex multiphase predicting of additive manufactured high entropy alloys based on data augmentation deep learning, Journal of Materials Research and Technology, 28, 2024: 2388-2401. https://doi.org/10.1016/j.jmrt.2023.12.181."
7.4074,0,18.5185,18.5185,18.5185,37.037,0,0,0,0,0,0,0,0,0,BCC+FCC,AM,"Chao Zhou, Youzhi Zhang, Heyang Xin, Xiaomin Li, Xizhang Chen, Complex multiphase predicting of additive manufactured high entropy alloys based on data augmentation deep learning, Journal of Materials Research and Technology, 28, 2024: 2388-2401. https://doi.org/10.1016/j.jmrt.2023.12.181."
12.2807,0,17.5439,17.5439,17.5439,35.0877,0,0,0,0,0,0,0,0,0,BCC+FCC,AM,"Chao Zhou, Youzhi Zhang, Heyang Xin, Xiaomin Li, Xizhang Chen, Complex multiphase predicting of additive manufactured high entropy alloys based on data augmentation deep learning, Journal of Materials Research and Technology, 28, 2024: 2388-2401. https://doi.org/10.1016/j.jmrt.2023.12.181."
16.6667,0,16.6667,16.6667,16.6667,33.3333,0,0,0,0,0,0,0,0,0,BCC+FCC,AM,"Chao Zhou, Youzhi Zhang, Heyang Xin, Xiaomin Li, Xizhang Chen, Complex multiphase predicting of additive manufactured high entropy alloys based on data augmentation deep learning, Journal of Materials Research and Technology, 28, 2024: 2388-2401. https://doi.org/10.1016/j.jmrt.2023.12.181."
20.6349,0,15.873,15.873,15.873,31.746,0,0,0,0,0,0,0,0,0,BCC+FCC,AM,"Chao Zhou, Youzhi Zhang, Heyang Xin, Xiaomin Li, Xizhang Chen, Complex multiphase predicting of additive manufactured high entropy alloys based on data augmentation deep learning, Journal of Materials Research and Technology, 28, 2024: 2388-2401. https://doi.org/10.1016/j.jmrt.2023.12.181."
23.0769,0,15.3846,15.3846,15.3846,30.7692,0,0,0,0,0,0,0,0,0,BCC+FCC,AM,"Chao Zhou, Youzhi Zhang, Heyang Xin, Xiaomin Li, Xizhang Chen, Complex multiphase predicting of additive manufactured high entropy alloys based on data augmentation deep learning, Journal of Materials Research and Technology, 28, 2024: 2388-2401. https://doi.org/10.1016/j.jmrt.2023.12.181."
36.3636,0,18.1818,0,18.1818,18.1818,9.0909,0,0,0,0,0,0,0,0,BCC,AM,"Chao Zhou, Youzhi Zhang, Heyang Xin, Xiaomin Li, Xizhang Chen, Complex multiphase predicting of additive manufactured high entropy alloys based on data augmentation deep learning, Journal of Materials Research and Technology, 28, 2024: 2388-2401. https://doi.org/10.1016/j.jmrt.2023.12.181."
33.3333,0,16.6667,0,16.6667,16.6667,16.6667,0,0,0,0,0,0,0,0,BCC,AM,"Chao Zhou, Youzhi Zhang, Heyang Xin, Xiaomin Li, Xizhang Chen, Complex multiphase predicting of additive manufactured high entropy alloys based on data augmentation deep learning, Journal of Materials Research and Technology, 28, 2024: 2388-2401. https://doi.org/10.1016/j.jmrt.2023.12.181."
30.7692,0,15.3846,0,15.3846,15.3846,23.0769,0,0,0,0,0,0,0,0,BCC,AM,"Chao Zhou, Youzhi Zhang, Heyang Xin, Xiaomin Li, Xizhang Chen, Complex multiphase predicting of additive manufactured high entropy alloys based on data augmentation deep learning, Journal of Materials Research and Technology, 28, 2024: 2388-2401. https://doi.org/10.1016/j.jmrt.2023.12.181."
28.5714,0,14.2857,0,14.2857,14.2857,28.5714,0,0,0,0,0,0,0,0,BCC,AM,"Chao Zhou, Youzhi Zhang, Heyang Xin, Xiaomin Li, Xizhang Chen, Complex multiphase predicting of additive manufactured high entropy alloys based on data augmentation deep learning, Journal of Materials Research and Technology, 28, 2024: 2388-2401. https://doi.org/10.1016/j.jmrt.2023.12.181."
0,22.2222,22.2222,11.1111,22.2222,22.2222,0,0,0,0,0,0,0,0,0,FCC,AM,"Chao Zhou, Youzhi Zhang, Heyang Xin, Xiaomin Li, Xizhang Chen, Complex multiphase predicting of additive manufactured high entropy alloys based on data augmentation deep learning, Journal of Materials Research and Technology, 28, 2024: 2388-2401. https://doi.org/10.1016/j.jmrt.2023.12.181."
0,20,20,20,20,20,0,0,0,0,0,0,0,0,0,FCC,AM,"Chao Zhou, Youzhi Zhang, Heyang Xin, Xiaomin Li, Xizhang Chen, Complex multiphase predicting of additive manufactured high entropy alloys based on data augmentation deep learning, Journal of Materials Research and Technology, 28, 2024: 2388-2401. https://doi.org/10.1016/j.jmrt.2023.12.181."
9.0909,18.1818,18.1818,0,18.1818,18.1818,0,0,0,0,0,0,18.1818,0,0,FCC,AM,"Chao Zhou, Youzhi Zhang, Heyang Xin, Xiaomin Li, Xizhang Chen, Complex multiphase predicting of additive manufactured high entropy alloys based on data augmentation deep learning, Journal of Materials Research and Technology, 28, 2024: 2388-2401. https://doi.org/10.1016/j.jmrt.2023.12.181."
16.6667,16.6667,16.6667,0,16.6667,16.6667,0,0,0,0,0,0,16.6667,0,0,BCC,AM,"Chao Zhou, Youzhi Zhang, Heyang Xin, Xiaomin Li, Xizhang Chen, Complex multiphase predicting of additive manufactured high entropy alloys based on data augmentation deep learning, Journal of Materials Research and Technology, 28, 2024: 2388-2401. https://doi.org/10.1016/j.jmrt.2023.12.181."
23.0769,15.3846,15.3846,0,15.3846,15.3846,0,0,0,0,0,0,15.3846,0,0,BCC,AM,"Chao Zhou, Youzhi Zhang, Heyang Xin, Xiaomin Li, Xizhang Chen, Complex multiphase predicting of additive manufactured high entropy alloys based on data augmentation deep learning, Journal of Materials Research and Technology, 28, 2024: 2388-2401. https://doi.org/10.1016/j.jmrt.2023.12.181."
11.1111,22.2222,22.2222,0,22.2222,22.2222,0,0,0,0,0,0,0,0,0,BCC+FCC,AM,"Chao Zhou, Youzhi Zhang, Heyang Xin, Xiaomin Li, Xizhang Chen, Complex multiphase predicting of additive manufactured high entropy alloys based on data augmentation deep learning, Journal of Materials Research and Technology, 28, 2024: 2388-2401. https://doi.org/10.1016/j.jmrt.2023.12.181."
10.6383,21.2766,21.2766,0,21.2766,21.2766,0,0,0,4.2553,0,0,0,0,0,FCC+IM,AM,"Chao Zhou, Youzhi Zhang, Heyang Xin, Xiaomin Li, Xizhang Chen, Complex multiphase predicting of additive manufactured high entropy alloys based on data augmentation deep learning, Journal of Materials Research and Technology, 28, 2024: 2388-2401. https://doi.org/10.1016/j.jmrt.2023.12.181."
10.2041,20.4082,20.4082,0,20.4082,20.4082,0,0,0,8.1633,0,0,0,0,0,FCC+IM,AM,"Chao Zhou, Youzhi Zhang, Heyang Xin, Xiaomin Li, Xizhang Chen, Complex multiphase predicting of additive manufactured high entropy alloys based on data augmentation deep learning, Journal of Materials Research and Technology, 28, 2024: 2388-2401. https://doi.org/10.1016/j.jmrt.2023.12.181."
9.8039,19.6078,19.6078,0,19.6078,19.6078,0,0,0,11.7647,0,0,0,0,0,FCC+IM,AM,"Chao Zhou, Youzhi Zhang, Heyang Xin, Xiaomin Li, Xizhang Chen, Complex multiphase predicting of additive manufactured high entropy alloys based on data augmentation deep learning, Journal of Materials Research and Technology, 28, 2024: 2388-2401. https://doi.org/10.1016/j.jmrt.2023.12.181."
9.434,18.8679,18.8679,0,18.8679,18.8679,0,0,0,15.0943,0,0,0,0,0,FCC+IM,AM,"Chao Zhou, Youzhi Zhang, Heyang Xin, Xiaomin Li, Xizhang Chen, Complex multiphase predicting of additive manufactured high entropy alloys based on data augmentation deep learning, Journal of Materials Research and Technology, 28, 2024: 2388-2401. https://doi.org/10.1016/j.jmrt.2023.12.181."
9.0909,18.1818,18.1818,0,18.1818,18.1818,0,0,0,18.1818,0,0,0,0,0,FCC+IM,AM,"Chao Zhou, Youzhi Zhang, Heyang Xin, Xiaomin Li, Xizhang Chen, Complex multiphase predicting of additive manufactured high entropy alloys based on data augmentation deep learning, Journal of Materials Research and Technology, 28, 2024: 2388-2401. https://doi.org/10.1016/j.jmrt.2023.12.181."
25,0,16.6667,0,16.6667,16.6667,0,8.3333,16.6667,0,0,0,0,0,0,BCC+IM,AM,"Chao Zhou, Youzhi Zhang, Heyang Xin, Xiaomin Li, Xizhang Chen, Complex multiphase predicting of additive manufactured high entropy alloys based on data augmentation deep learning, Journal of Materials Research and Technology, 28, 2024: 2388-2401. https://doi.org/10.1016/j.jmrt.2023.12.181."
0,15.3846,15.3846,0,15.3846,30.7692,0,0,0,0,0,7.6923,15.3846,0,0,FCC,AM,"Chao Zhou, Youzhi Zhang, Heyang Xin, Xiaomin Li, Xizhang Chen, Complex multiphase predicting of additive manufactured high entropy alloys based on data augmentation deep learning, Journal of Materials Research and Technology, 28, 2024: 2388-2401. https://doi.org/10.1016/j.jmrt.2023.12.181."
0,14.4928,14.4928,0,14.4928,28.9855,0,0,0,5.7971,0,7.2464,14.4928,0,0,FCC+IM,AM,"Chao Zhou, Youzhi Zhang, Heyang Xin, Xiaomin Li, Xizhang Chen, Complex multiphase predicting of additive manufactured high entropy alloys based on data augmentation deep learning, Journal of Materials Research and Technology, 28, 2024: 2388-2401. https://doi.org/10.1016/j.jmrt.2023.12.181."
0,14.0845,14.0845,0,14.0845,28.169,0,0,0,8.4507,0,7.0423,14.0845,0,0,FCC+IM,AM,"Chao Zhou, Youzhi Zhang, Heyang Xin, Xiaomin Li, Xizhang Chen, Complex multiphase predicting of additive manufactured high entropy alloys based on data augmentation deep learning, Journal of Materials Research and Technology, 28, 2024: 2388-2401. https://doi.org/10.1016/j.jmrt.2023.12.181."
0,13.6986,13.6986,0,13.6986,27.3973,0,0,0,10.9589,0,6.8493,13.6986,0,0,FCC+IM,AM,"Chao Zhou, Youzhi Zhang, Heyang Xin, Xiaomin Li, Xizhang Chen, Complex multiphase predicting of additive manufactured high entropy alloys based on data augmentation deep learning, Journal of Materials Research and Technology, 28, 2024: 2388-2401. https://doi.org/10.1016/j.jmrt.2023.12.181."
0,13.3333,13.3333,0,13.3333,26.6667,0,0,0,13.3333,0,6.6667,13.3333,0,0,FCC+IM,AM,"Chao Zhou, Youzhi Zhang, Heyang Xin, Xiaomin Li, Xizhang Chen, Complex multiphase predicting of additive manufactured high entropy alloys based on data augmentation deep learning, Journal of Materials Research and Technology, 28, 2024: 2388-2401. https://doi.org/10.1016/j.jmrt.2023.12.181."
0,12.987,12.987,0,12.987,25.974,0,0,0,15.5844,0,6.4935,12.987,0,0,FCC+IM,AM,"Chao Zhou, Youzhi Zhang, Heyang Xin, Xiaomin Li, Xizhang Chen, Complex multiphase predicting of additive manufactured high entropy alloys based on data augmentation deep learning, Journal of Materials Research and Technology, 28, 2024: 2388-2401. https://doi.org/10.1016/j.jmrt.2023.12.181."
0,20.4082,20.4082,0,20.4082,20.4082,18.3673,0,0,0,0,0,0,0,0,FCC+IM,AM,"Chao Zhou, Youzhi Zhang, Heyang Xin, Xiaomin Li, Xizhang Chen, Complex multiphase predicting of additive manufactured high entropy alloys based on data augmentation deep learning, Journal of Materials Research and Technology, 28, 2024: 2388-2401. https://doi.org/10.1016/j.jmrt.2023.12.181."
0,21.7391,21.7391,0,21.7391,21.7391,13.0435,0,0,0,0,0,0,0,0,FCC+IM,AM,"Chao Zhou, Youzhi Zhang, Heyang Xin, Xiaomin Li, Xizhang Chen, Complex multiphase predicting of additive manufactured high entropy alloys based on data augmentation deep learning, Journal of Materials Research and Technology, 28, 2024: 2388-2401. https://doi.org/10.1016/j.jmrt.2023.12.181."
0,23.2558,23.2558,0,23.2558,23.2558,6.9767,0,0,0,0,0,0,0,0,FCC+IM,AM,"Chao Zhou, Youzhi Zhang, Heyang Xin, Xiaomin Li, Xizhang Chen, Complex multiphase predicting of additive manufactured high entropy alloys based on data augmentation deep learning, Journal of Materials Research and Technology, 28, 2024: 2388-2401. https://doi.org/10.1016/j.jmrt.2023.12.181."
4.7619,19.0476,19.0476,0,19.0476,19.0476,0,0,0,0,0,19.0476,0,0,0,BCC+FCC,AM,"Chao Zhou, Youzhi Zhang, Heyang Xin, Xiaomin Li, Xizhang Chen, Complex multiphase predicting of additive manufactured high entropy alloys based on data augmentation deep learning, Journal of Materials Research and Technology, 28, 2024: 2388-2401. https://doi.org/10.1016/j.jmrt.2023.12.181."
