Pm.5,Ω,e/a.1,EWF.2,G,ad-e/n.4,ad-G.1,δ-e/n.2,δ-ρ.1,
1,8.5509,1.5,4.688,56.86,0.0487,23.056,0.1745,0.2358,BCC+FCC
1,14.6107,1.55,4.7055,56.515,0.0473,23.194,0.1716,0.2356,BCC+FCC
1,123.9665,1.55,4.6905,63.235,0.0515,30.759,0.1798,0.2382,BCC+FCC
1,83.0516,1.55,4.652,56.3,0.0545,23.28,0.1883,0.2853,BCC+FCC
1,16.3635,1.65,4.702,48.89,0.0448,13.122,0.1694,0.2822,BCC+FCC
1,5.7823,1.65,4.672,62.33,0.0527,31.302,0.1846,0.2858,BCC+FCC
1,5.6742,1.7,4.651,55.05,0.0556,23.78,0.193,0.328,BCC+FCC
1,4.1943,1.75,4.6685,54.705,0.0538,23.918,0.1884,0.3278,BCC+FCC
1,3.923,1.8,4.701,47.64,0.0486,13.372,0.1778,0.3264,BCC+FCC
1,2.7387,1.8,4.6785,57.72,0.0517,28.39,0.1823,0.3274,BCC+FCC
1,2.2696,1.8,4.671,61.08,0.0501,32.052,0.1784,0.3268,BCC+FCC
1,1.6049,2,4.877,66.955,0.0447,27.2595,0.159,0.2835,BCC+FCC
1,1.7835,1.75,4.7145,74.78,0.0478,34.302,0.17,0.2845,BCC+FCC
1,1.7389,1.85,4.772,69.51,0.0487,32.47,0.1681,0.2854,BCC+FCC
1,1.7587,1.8,4.7395,71.075,0.0481,34.035,0.168,0.2851,BCC+FCC
1,1.6915,1.95,4.8295,64.24,0.0458,29.584,0.1603,0.2844,BCC+FCC
1,1.4009,1.95,4.7835,71.665,0.053,29.492,0.1807,0.3279,BCC+FCC
1,1.3165,2.1,4.866,62.69,0.0461,26.77,0.1639,0.3263,BCC+FCC
1,1.5336,1.85,4.696,68.375,0.0473,35.2525,0.1695,0.3257,BCC+FCC
1,1.2823,2.15,4.8835,56.845,0.0412,24.214,0.1539,0.3249,BCC+FCC
1,1.4776,1.95,4.7535,63.105,0.0487,31.726,0.169,0.3272,BCC+FCC
1,1.4755,1.85,4.6885,66.235,0.046,35.482,0.165,0.3254,BCC+FCC
1,1.1967,2.1,4.7975,63.695,0.0524,28.895,0.1798,0.3667,BCC+FCC
1,1.0784,2.2,4.855,58.425,0.0474,25.4275,0.1687,0.3659,BCC+FCC
1,1.2996,2,4.71,60.405,0.0488,31.6065,0.172,0.365,BCC+FCC
1,0.942,2.25,4.819,57.865,0.0521,25.9315,0.1803,0.4035,BCC+FCC
1,1.0605,2.2,4.7715,55.15,0.0517,25.895,0.1791,0.4031,BCC+FCC
1,1.0586,2.2,4.764,53.01,0.0507,24.374,0.1764,0.4029,BCC+FCC
1,1.7023,1.8,4.542,67.03,0.0368,33.229,0.1704,0.2892,BCC+FCC
1,1.6276,1.8,4.612,66.08,0.0433,33.894,0.1723,0.2914,BCC+FCC
3,2.3747,1.7,4.6415,58.695,0.0317,18.244,0.117,0.1651,FCC
4,5.1344,1.85,4.694,57.66,0.0252,19.072,0.1047,0.1645,FCC
3,4.0498,1.8,4.7015,55.95,0.0261,17.885,0.1081,0.1644,FCC
3,3.4812,1.75,4.709,54.24,0.027,16.356,0.1101,0.1642,FCC
3,8.9655,1.9,4.7115,57.315,0.0231,19.348,0.099,0.1643,FCC
4,5.7027,1.85,4.719,55.605,0.0243,18.1265,0.1034,0.1642,FCC
4,7.1617,1.85,4.6405,57.445,0.032,19.244,0.1294,0.2272,FCC
3,16.2286,1.9,4.658,57.1,0.0297,19.52,0.1245,0.227,FCC
3,42.8762,1.95,4.6755,56.755,0.0274,19.796,0.1189,0.2267,FCC
2,26.1355,1.9,4.683,55.045,0.0294,18.5185,0.1238,0.2272,FCC
2,7.5824,2,4.6395,56.195,0.0306,20.244,0.1351,0.2766,FCC
2,4.3155,2.05,4.657,55.85,0.0281,20.52,0.1284,0.2764,FCC
4,6.4701,2,4.6645,54.14,0.0312,19.152,0.135,0.2772,FCC
2,3.9719,2.05,4.682,53.795,0.0289,19.3935,0.1287,0.277,FCC
3,4.1699,2.05,4.849,71.345,0.0245,16.5925,0.0943,0.1645,FCC
4,4.2716,2.05,4.8165,71.26,0.0244,16.55,0.0938,0.1647,FCC
4,4.2556,2.05,4.874,69.29,0.0233,18.454,0.0928,0.164,FCC
3,4.3653,2.05,4.8415,69.205,0.0236,18.403,0.0926,0.1644,FCC
4,4.2894,2.05,4.899,67.235,0.0218,19.9045,0.0911,0.1634,FCC
2,4.4102,2.05,4.8665,67.15,0.0225,19.845,0.0912,0.1639,FCC
3,4.5128,2.05,4.834,67.065,0.0226,19.7855,0.0907,0.1643,FCC
2,4.4079,2.05,4.8915,65.095,0.0211,20.876,0.0897,0.1633,FCC
4,4.5203,2.05,4.859,65.01,0.0216,20.808,0.0895,0.1638,FCC
2,4.1924,2.05,4.949,63.125,0.0186,21.5725,0.0873,0.1614,FCC
2,4.3558,2.05,4.9165,63.04,0.0195,21.496,0.088,0.1624,FCC
3,4.4839,2.05,4.884,62.955,0.0204,21.4195,0.0881,0.1632,FCC
3,4.5829,2.05,4.8515,62.87,0.0208,21.343,0.0875,0.1637,FCC
4,2.565,2.1,4.813,70.785,0.0297,17.4325,0.1161,0.2275,FCC
4,2.6471,2.1,4.7805,70.7,0.0288,17.39,0.115,0.2271,FCC
3,2.6983,2.1,4.8055,68.645,0.0286,19.187,0.1144,0.2273,FCC
3,2.7758,2.1,4.773,68.56,0.0276,19.136,0.1129,0.227,FCC
4,2.7965,2.1,4.798,66.505,0.0276,20.5135,0.1124,0.2272,FCC
3,2.579,2.1,4.888,64.62,0.0272,21.616,0.1132,0.2271,FCC
3,2.7848,2.1,4.823,64.45,0.0272,21.48,0.1118,0.2273,FCC
2,2.8605,2.1,4.7905,64.365,0.0265,21.412,0.1103,0.2271,FCC
4,2.5085,2.1,4.913,62.565,0.0259,22.1885,0.112,0.2266,FCC
1,2.6376,2.1,4.8805,62.48,0.0265,22.112,0.1118,0.227,FCC
4,2.7428,2.1,4.848,62.395,0.0266,22.0355,0.1111,0.2271,FCC
1,2.8265,2.1,4.8155,62.31,0.0263,21.959,0.1098,0.2271,FCC
4,2.5484,2.1,4.9055,60.425,0.0253,22.265,0.1107,0.2265,FCC
3,2.6699,2.1,4.873,60.34,0.0258,22.18,0.1102,0.2269,FCC
1,2.7648,2.1,4.8405,60.255,0.0258,22.095,0.1092,0.227,FCC
2,2.8338,2.1,4.808,60.17,0.0253,22.01,0.1076,0.227,FCC
1,2.8732,2.1,4.7755,60.085,0.0243,21.925,0.1054,0.2268,FCC
4,2.8722,2.1,4.743,60,0.0229,21.84,0.1024,0.2264,FCC
3,1.865,2.15,4.777,70.225,0.0339,18.2725,0.1337,0.2778,FCC
4,1.9335,2.15,4.7445,70.14,0.0322,18.23,0.1319,0.277,FCC
3,2.0019,2.15,4.7945,66.03,0.0329,21.301,0.1315,0.278,FCC
4,2.0741,2.15,4.762,65.945,0.0315,21.2415,0.1296,0.2775,FCC
4,2.1338,2.15,4.7295,65.86,0.0296,21.182,0.1273,0.2767,FCC
2,2.0685,2.15,4.787,63.89,0.0318,22.152,0.1295,0.2779,FCC
4,2.1839,2.15,4.722,63.72,0.0283,22.016,0.1246,0.2765,FCC
4,2.1218,2.15,4.732,57.385,0.0267,22.0435,0.1193,0.2769,FCC
1,1.2157,2.25,4.73,67.05,0.0404,21.59,0.161,0.3614,BCC+FCC
1,1.2362,2.25,4.805,60.885,0.043,24.0365,0.1613,0.3638,BCC+FCC
1,1.3878,2.25,4.74,60.715,0.0392,23.8835,0.1569,0.362,BCC+FCC
1,1.1878,2.25,4.83,58.83,0.0433,24.03,0.1611,0.3643,BCC+FCC
1,1.109,2.25,4.855,56.775,0.0434,23.6125,0.1609,0.3646,BCC+FCC
1,1.2451,2.25,4.8075,52.41,0.0408,21.213,0.1555,0.3639,BCC+FCC
1,1.0597,2.3,4.769,60.325,0.0466,24.6525,0.1731,0.401,BCC+FCC
1,0.9311,2.25,4.628,46.165,0.0485,17.6675,0.1869,0.3892,BCC+FCC
1,1.8685,2.05,4.554,59.13,0.0447,17.896,0.1695,0.2024,BCC+FCC
1,1.8072,2.05,4.579,57.075,0.0456,17.0975,0.1721,0.2054,BCC+FCC
1,1.7312,2.05,4.604,55.02,0.0465,15.888,0.1746,0.2081,BCC+FCC
1,1.8744,2.05,4.614,56.6,0.0424,17.43,0.1637,0.2021,BCC+FCC
4,3.9048,2.05,4.449,69.44,0.0203,15.64,0.0835,0.1618,FCC
1,0.9049,2.15,4.8775,51.99,0.05,21.847,0.1922,0.3199,BCC+FCC
1,0.7997,2.2,4.849,53.57,0.0556,23.704,0.2044,0.3607,BCC+FCC
1,0.8214,2.2,4.834,49.29,0.0542,20.346,0.201,0.3604,BCC+FCC
1,0.8293,2.25,4.8465,53.865,0.0522,23.468,0.1894,0.3822,BCC+FCC
1,1.247,2.1,4.833,54.02,0.0511,17.508,0.1847,0.2583,BCC+FCC
1,1.1552,2.15,4.8395,55.125,0.0509,19.6525,0.1829,0.2987,BCC+FCC
1,1.1126,2.2,4.881,55.755,0.0442,21.956,0.1647,0.3299,BCC+FCC
1,1.7808,2.05,4.7015,67.98,0.0352,17.668,0.121,0.1734,FCC
1,1.8403,2.05,4.754,68.24,0.0341,17.824,0.1192,0.1724,FCC
4,1.8984,2.05,4.679,61.56,0.0323,20.164,0.1134,0.1729,FCC
1,2.7113,1.6,4.5305,69.25,0.044,23.375,0.1675,0.2302,BCC+FCC
1,3.4137,1.55,4.523,74.26,0.0438,25.188,0.1772,0.2307,BCC+FCC
1,3.4867,1.5,4.523,75.91,0.0472,26.508,0.1835,0.2317,BCC+FCC
1,3.7784,1.6,4.527,64.925,0.0505,24.8175,0.1835,0.2805,BCC+FCC
1,3.9697,1.5,4.527,68.225,0.0551,28.4475,0.1976,0.2825,BCC+FCC
1,7.8263,1.6,4.5045,75.005,0.0478,27.594,0.186,0.2769,BCC+FCC
1,6.733,1.8,4.5085,60.72,0.0454,22.002,0.177,0.3204,BCC+FCC
1,22.8195,1.8,4.4935,67.44,0.0438,25.366,0.1794,0.3177,BCC+FCC
1,11.6705,1.7,4.501,67.38,0.0495,27.32,0.1917,0.3204,BCC+FCC
1,50.6456,1.75,4.486,72.45,0.0457,27.36,0.1811,0.3155,BCC+FCC
1,33.9586,1.85,4.4975,58.105,0.0481,22.016,0.1885,0.3599,BCC+FCC
1,5.8421,1.9,4.4675,69.895,0.0435,27.126,0.1742,0.3501,BCC+FCC
1,8.7011,1.6,4.7905,69.93,0.0469,23.987,0.1643,0.2342,BCC+FCC
1,3.6062,1.7,4.7795,65.665,0.0484,23.795,0.1696,0.2828,BCC+FCC
1,3.275,1.7,4.7645,72.385,0.0564,25.498,0.1861,0.2858,BCC+FCC
1,5.8297,1.6,4.7145,68.795,0.0579,26.925,0.1899,0.2859,BCC+FCC
1,2.2628,1.8,4.7535,68.12,0.0576,25.978,0.1907,0.3283,BCC+FCC
1,1.8584,1.9,4.6945,82.5,0.045,16.49,0.1672,0.28,BCC+FCC
1,1.8114,1.85,4.6945,84.15,0.0473,18.21,0.1724,0.2807,BCC+FCC
1,1.946,1.85,4.662,84.065,0.0451,18.261,0.1676,0.2786,BCC+FCC
1,1.823,1.75,4.662,87.365,0.0475,21.708,0.1757,0.2796,BCC+FCC
1,1.6384,1.9,4.651,81.45,0.0475,20.9,0.1757,0.3205,BCC+FCC
1,1.5122,2.1,4.6075,73.8,0.0433,22.3,0.1658,0.3556,BCC+FCC
1,1.2334,2.2,4.629,69.62,0.0465,24.252,0.175,0.3939,BCC+FCC
1,1.626,1.75,4.602,86.84,0.044,22.128,0.1759,0.2795,BCC+FCC
4,2.7349,2.05,4.742,70.915,0.0385,17.2375,0.1432,0.2782,FCC
1,7.4613,1.9,4.6995,65.615,0.0421,20.082,0.1506,0.2789,BCC+FCC
1,8.8706,1.85,4.707,63.905,0.0429,20.3745,0.1517,0.2792,BCC+FCC
1,16.1966,1.85,4.6745,63.82,0.0431,20.298,0.1527,0.2789,BCC+FCC
1,12.6514,1.75,4.6245,60.23,0.0451,19.653,0.1565,0.279,BCC+FCC
1,3.8762,2,4.6485,64.625,0.0432,21.1,0.1626,0.3217,BCC+FCC
1,1.3672,2.2,4.7125,67.395,0.043,21.107,0.1665,0.3616,BCC+FCC
1,1.1534,2.25,4.7015,64.78,0.0464,23.096,0.178,0.3991,BCC+FCC
1,0.9806,2.25,4.664,66.11,0.0461,22.736,0.1846,0.3743,BCC+FCC
1,1.6229,2.05,4.634,71.495,0.0459,15.027,0.1829,0.2017,BCC+FCC
4,2.8848,2.05,4.5315,78.26,0.0246,5.062,0.1095,0.1652,FCC
1,0.6782,2.4,4.238,44.73,0.0273,20.996,0.1485,0.4186,BCC+FCC
4,1.9217,1.6,4.6775,60.905,0.0301,19.776,0.1076,0.0664,FCC
4,1.8119,1.55,4.685,59.195,0.0316,18.9135,0.108,0.0652,FCC
4,2.0456,1.6,4.7025,58.85,0.0292,19.155,0.1054,0.0648,FCC
4,1.9245,1.55,4.71,57.14,0.0305,17.916,0.1055,0.063,FCC
2,2.343,1.65,4.72,58.505,0.0264,19.3965,0.1022,0.0644,FCC
4,2.7504,1.7,4.7375,58.16,0.0234,19.638,0.0984,0.064,FCC
4,2.4459,1.65,4.745,56.45,0.0257,18.33,0.1001,0.0623,FCC
4,42.8216,1.75,4.95,69.325,0.0266,24.6525,0.1147,0.0702,FCC
4,99.461,1.8,4.975,65.62,0.0224,23.84,0.0977,0.0584,FCC
4,6.6512,1.85,4.8025,80.88,0.0298,12.144,0.1124,0.0783,FCC
4,6.2342,1.8,4.77,82.445,0.0309,13.275,0.1208,0.0821,FCC
3,6.7718,1.85,4.8275,78.825,0.0297,15.37,0.112,0.0783,FCC
3,7.1179,1.85,4.795,78.74,0.0286,15.336,0.1102,0.0779,FCC
4,5.5541,1.8,4.86,80.56,0.0338,16.064,0.1244,0.0836,FCC
3,5.9058,1.8,4.8275,80.475,0.0329,16.03,0.1229,0.0834,FCC
3,6.2662,1.8,4.795,80.39,0.0315,15.996,0.1208,0.0828,FCC
3,5.5942,1.75,4.795,82.04,0.0344,16.926,0.1303,0.0873,FCC
4,5.9841,1.75,4.7625,81.955,0.0322,16.895,0.1273,0.086,FCC
3,7.839,1.9,4.885,75.205,0.0258,17.4025,0.0991,0.0711,FCC
4,8.1308,1.9,4.8525,75.12,0.0259,17.36,0.0986,0.072,FCC
3,6.471,1.85,4.885,76.855,0.0296,18.2275,0.1123,0.0774,FCC
4,7.5229,1.85,4.7875,76.6,0.0274,18.1,0.1077,0.0776,FCC
4,5.8562,1.8,4.8525,78.42,0.0328,19.01,0.1225,0.0833,FCC
4,6.2226,1.8,4.82,78.335,0.0318,18.9675,0.1207,0.0831,FCC
2,5.4898,1.75,4.82,79.985,0.035,19.7925,0.1304,0.0878,FCC
4,5.8784,1.75,4.7875,79.9,0.0332,19.75,0.1277,0.087,FCC
4,10.5753,1.95,4.8775,71.415,0.0212,18.609,0.0819,0.0639,FCC
4,10.7888,1.95,4.845,71.33,0.0215,18.558,0.0814,0.0651,FCC
2,7.9345,1.9,4.91,73.15,0.0245,19.65,0.0977,0.0695,FCC
4,8.2335,1.9,4.8775,73.065,0.025,19.599,0.0975,0.0709,FCC
2,8.543,1.9,4.845,72.98,0.0249,19.548,0.0966,0.0717,FCC
4,8.8793,1.9,4.8125,72.895,0.0244,19.497,0.095,0.072,FCC
3,6.41,1.85,4.91,74.8,0.0286,20.64,0.1113,0.0761,FCC
1,6.772,1.85,4.8775,74.715,0.0287,20.589,0.1106,0.0771,FCC
4,7.124,1.85,4.845,74.63,0.0284,20.538,0.1094,0.0776,FCC
4,7.4834,1.85,4.8125,74.545,0.0275,20.487,0.1075,0.0777,FCC
2,5.3191,1.8,4.91,76.45,0.0326,21.63,0.1231,0.0821,FCC
4,5.728,1.8,4.8775,76.365,0.0325,21.579,0.1221,0.0828,FCC
1,6.1101,1.8,4.845,76.28,0.0318,21.528,0.1205,0.083,FCC
3,6.4867,1.8,4.8125,76.195,0.0307,21.477,0.1184,0.0828,FCC
4,4.4306,1.75,4.91,78.1,0.0367,22.62,0.1336,0.0875,FCC
2,4.8998,1.75,4.8775,78.015,0.0362,22.569,0.1323,0.088,FCC
2,5.3151,1.75,4.845,77.93,0.0353,22.518,0.1304,0.088,FCC
2,5.7111,1.75,4.8125,77.845,0.0339,22.467,0.128,0.0875,FCC
2,6.106,1.75,4.78,77.76,0.032,22.416,0.1249,0.0866,FCC
4,5.3439,1.65,4.7475,80.975,0.0368,24.345,0.1363,0.0928,FCC
3,10.9167,1.95,4.9025,69.36,0.0198,20.272,0.0801,0.0619,FCC
2,11.0948,1.95,4.87,69.275,0.0204,20.2125,0.08,0.0636,FCC
3,7.939,1.9,4.935,71.095,0.023,21.4865,0.0962,0.0675,FCC
2,8.2606,1.9,4.9025,71.01,0.0238,21.427,0.0962,0.0693,FCC
2,8.5727,1.9,4.87,70.925,0.0241,21.3675,0.0956,0.0706,FCC
3,8.8958,1.9,4.8375,70.84,0.024,21.308,0.0944,0.0714,FCC
4,6.6518,1.85,4.9025,72.66,0.0279,22.582,0.1097,0.0759,FCC
3,7.0227,1.85,4.87,72.575,0.0279,22.5225,0.1087,0.0769,FCC
4,7.3828,1.85,4.8375,72.49,0.0274,22.463,0.1072,0.0773,FCC
3,7.7475,1.85,4.805,72.405,0.0265,22.4035,0.105,0.0773,FCC
2,5.0256,1.8,4.935,74.395,0.0317,23.7965,0.1222,0.0808,FCC
2,5.5101,1.8,4.9025,74.31,0.0319,23.737,0.1214,0.0819,FCC
2,5.926,1.8,4.87,74.225,0.0316,23.6775,0.1201,0.0825,FCC
1,6.3135,1.8,4.8375,74.14,0.0309,23.618,0.1183,0.0827,FCC
4,6.6922,1.8,4.805,74.055,0.0296,23.5585,0.1158,0.0825,FCC
4,7.0714,1.8,4.7725,73.97,0.0279,23.499,0.1126,0.0817,FCC
3,4.5857,1.75,4.9025,75.96,0.0359,24.892,0.1319,0.0873,FCC
1,5.0616,1.75,4.87,75.875,0.0354,24.8325,0.1303,0.0877,FCC
2,5.4813,1.75,4.8375,75.79,0.0344,24.773,0.1281,0.0877,FCC
3,5.878,1.75,4.805,75.705,0.0328,24.7135,0.1253,0.0872,FCC
3,11.0853,1.95,4.96,67.39,0.0178,21.592,0.0773,0.0563,FCC
4,11.5522,1.95,4.8625,67.135,0.0196,21.388,0.0779,0.0634,FCC
3,7.8248,1.9,4.96,69.04,0.0212,22.912,0.0945,0.0649,FCC
1,8.1997,1.9,4.9275,68.955,0.0224,22.844,0.0948,0.0673,FCC
4,8.531,1.9,4.895,68.87,0.0231,22.776,0.0945,0.0691,FCC
2,5.9293,1.85,4.96,70.69,0.0258,24.232,0.1088,0.0724,FCC
3,6.4309,1.85,4.9275,70.605,0.0267,24.164,0.1087,0.0743,FCC
4,7.2186,1.85,4.8625,70.435,0.0271,24.028,0.1067,0.0766,FCC
3,2.657,1.9,4.94,65.88,0.0357,23.58,0.1438,0.1091,FCC
1,3.9214,1.75,4.545,82.525,0.0357,16.2575,0.1346,0.0928,FCC
1,3.025,1.9,4.68,73.81,0.0361,16.705,0.1221,0.0896,FCC
1,3.0786,1.9,4.7325,74.07,0.0358,16.835,0.1216,0.0881,FCC
4,2.7884,1.95,4.6525,69.845,0.0334,17.667,0.1124,0.087,FCC
1,2.9805,1.95,4.7575,70.365,0.032,17.979,0.1103,0.0828,FCC
1,3.1564,1.9,4.6725,71.67,0.035,18.762,0.1193,0.0892,FCC
4,4.2848,1.8,4.8075,71.145,0.0256,15.687,0.0816,0.0575,FCC
4,2.0396,1.65,4.7,65.675,0.0299,17.9175,0.0922,0.0598,FCC
4,4.2749,1.8,4.8,69.005,0.0253,17.2635,0.0813,0.0572,FCC
4,3.8865,1.8,4.7675,68.92,0.0259,17.204,0.0838,0.0591,FCC
4,3.949,1.75,4.84,67.38,0.0235,18.134,0.0769,0.0515,FCC
3,3.642,1.75,4.8075,67.295,0.0252,18.066,0.0809,0.0548,FCC
4,3.2705,1.7,4.815,65.585,0.0244,18.5265,0.0791,0.0516,FCC
4,2.7816,1.65,4.79,63.79,0.0253,18.56,0.0811,0.0517,FCC
4,2.2468,1.65,4.725,63.62,0.0286,18.39,0.0891,0.0576,FCC
3,1.8822,1.6,4.7,61.825,0.0297,18.0475,0.0913,0.0577,FCC
4,11.0218,1.9,4.875,70.54,0.0218,16.704,0.0717,0.0542,FCC
2,5.8799,1.85,4.8175,68.66,0.0235,17.712,0.0777,0.0568,FCC
2,4.9432,1.8,4.8575,67.035,0.0228,18.548,0.0747,0.0512,FCC
2,4.5756,1.8,4.825,66.95,0.024,18.48,0.0782,0.0545,FCC
4,4.1839,1.8,4.7925,66.865,0.0247,18.412,0.081,0.057,FCC
4,4.1937,1.75,4.865,65.325,0.022,18.9825,0.0728,0.0472,FCC
3,3.893,1.75,4.8325,65.24,0.0238,18.906,0.0773,0.0513,FCC
4,3.5717,1.75,4.8,65.155,0.0251,18.8295,0.081,0.0546,FCC
4,3.2394,1.75,4.7675,65.07,0.026,18.753,0.084,0.0571,FCC
4,2.3071,1.7,4.71,63.19,0.0276,18.65,0.0893,0.0591,FCC
4,2.7095,1.65,4.7825,61.65,0.0258,18.545,0.0818,0.0515,FCC
4,2.4306,1.65,4.75,61.565,0.0274,18.4515,0.0858,0.0548,FCC
4,33.7395,1.95,4.8275,70.025,0.0198,17.085,0.0697,0.0581,FCC
2,11.304,1.9,4.9,68.485,0.0205,18.2795,0.0683,0.0508,FCC
2,9.6673,1.9,4.835,68.315,0.0213,18.1605,0.0731,0.0564,FCC
3,6.6795,1.85,4.875,66.69,0.0216,18.962,0.0717,0.0509,FCC
3,6.1987,1.85,4.8425,66.605,0.0224,18.894,0.0747,0.0541,FCC
2,5.6665,1.85,4.81,66.52,0.0226,18.826,0.077,0.0566,FCC
1,4.0287,1.8,4.785,64.725,0.0239,19.1325,0.0805,0.0567,FCC
2,3.7807,1.75,4.825,63.1,0.0239,19.25,0.0775,0.0511,FCC
4,3.447,1.75,4.7925,63.015,0.0248,19.165,0.0809,0.0543,FCC
2,3.1004,1.75,4.76,62.93,0.0253,19.08,0.0836,0.0568,FCC
4,3.0963,1.7,4.8,61.305,0.025,18.8555,0.08,0.0512,FCC
4,2.79,1.7,4.7675,61.22,0.026,18.762,0.0836,0.0545,FCC
3,2.1381,1.7,4.7025,61.05,0.0267,18.575,0.0889,0.0588,FCC
4,2.299,1.65,4.7425,59.425,0.0272,18,0.0861,0.0546,FCC
4,1.9898,1.65,4.71,59.34,0.0279,17.898,0.0892,0.0571,FCC
2,42.6432,1.95,4.9175,68.14,0.0188,18.728,0.0638,0.0505,FCC
3,39.2846,1.95,4.885,68.055,0.0189,18.6685,0.066,0.0536,FCC
3,33.9721,1.95,4.8525,67.97,0.0185,18.609,0.0673,0.056,FCC
3,10.7875,1.9,4.8925,66.345,0.02,19.376,0.0678,0.0506,FCC
2,10.011,1.9,4.86,66.26,0.0202,19.308,0.0702,0.0538,FCC
3,9.0952,1.9,4.8275,66.175,0.02,19.24,0.0719,0.0562,FCC
3,6.4325,1.85,4.8675,64.55,0.0212,19.665,0.0714,0.0507,FCC
4,5.9318,1.85,4.835,64.465,0.0216,19.5885,0.0741,0.0539,FCC
4,5.3834,1.85,4.8025,64.38,0.0214,19.512,0.076,0.0563,FCC
4,5.2966,1.8,4.9075,62.925,0.02,19.765,0.0665,0.0416,FCC
2,4.6366,1.8,4.8425,62.755,0.0224,19.595,0.0747,0.0508,FCC
4,4.2389,1.8,4.81,62.67,0.0229,19.51,0.0776,0.054,FCC
4,3.8166,1.8,4.7775,62.585,0.0229,19.425,0.0798,0.0564,FCC
3,3.6205,1.75,4.8175,60.96,0.0236,19.166,0.0776,0.0509,FCC
2,2.9083,1.75,4.7525,60.79,0.0243,18.979,0.0831,0.0566,FCC
4,2.619,1.7,4.76,59.08,0.0256,18.276,0.0836,0.0542,FCC
2,2.2741,1.7,4.7275,58.995,0.0258,18.174,0.0862,0.0567,FCC
3,2.1129,1.65,4.735,57.285,0.0269,17.1205,0.0862,0.0543,FCC
2,36.4079,1.95,4.91,66,0.0179,19.79,0.0628,0.0503,FCC
4,11.1072,1.9,4.95,64.375,0.018,20.1975,0.0604,0.0413,FCC
3,10.1823,1.9,4.885,64.205,0.0192,20.0445,0.0671,0.0504,FCC
3,9.3766,1.9,4.8525,64.12,0.0191,19.968,0.0692,0.0535,FCC
4,8.4501,1.9,4.82,64.035,0.0185,19.8915,0.0705,0.0559,FCC
4,7.0735,1.85,4.9575,62.665,0.0176,20.195,0.0589,0.0347,FCC
4,6.5685,1.85,4.8925,62.495,0.0201,20.025,0.0678,0.0465,FCC
2,6.1216,1.85,4.86,62.41,0.0205,19.94,0.071,0.0505,FCC
4,5.6028,1.85,4.8275,62.325,0.0205,19.855,0.0733,0.0536,FCC
4,4.4039,1.8,4.835,60.615,0.0219,19.4765,0.0744,0.0506,FCC
2,3.9904,1.8,4.8025,60.53,0.022,19.383,0.077,0.0538,FCC
3,3.5468,1.8,4.77,60.445,0.0216,19.2895,0.0789,0.0562,FCC
3,3.0663,1.8,4.7375,60.36,0.0207,19.196,0.0801,0.0579,FCC
3,3.4154,1.75,4.81,58.82,0.0232,18.654,0.0775,0.0507,FCC
3,3.0502,1.75,4.7775,58.735,0.0234,18.552,0.0803,0.0539,FCC
3,2.6527,1.75,4.745,58.65,0.0231,18.45,0.0825,0.0563,FCC
4,2.3911,1.7,4.7525,56.94,0.0249,17.362,0.0834,0.054,FCC
4,2.2171,1.65,4.76,55.23,0.0259,15.932,0.0829,0.0509,FCC
3,31.8952,1.95,4.9675,64.03,0.0165,20.577,0.0561,0.041,FCC
3,19.8655,1.95,4.805,63.605,0.017,20.1945,0.0633,0.0571,FCC
3,10.5847,1.9,4.975,62.32,0.0167,20.54,0.0558,0.0345,FCC
4,10.1616,1.9,4.91,62.15,0.0182,20.37,0.0637,0.0462,FCC
3,7.7388,1.9,4.8125,61.895,0.0174,20.115,0.0689,0.0556,FCC
4,6.7961,1.85,4.95,60.525,0.0178,20.0675,0.0593,0.0346,FCC
3,6.5876,1.85,4.9175,60.44,0.0189,19.974,0.0639,0.0412,FCC
3,6.2224,1.85,4.885,60.355,0.0195,19.8805,0.0675,0.0463,FCC
3,5.2149,1.85,4.82,60.185,0.0193,19.6935,0.0723,0.0534,FCC
3,3.6869,1.8,4.795,58.39,0.0208,18.828,0.0763,0.0535,FCC
4,3.2047,1.8,4.7625,58.305,0.0201,18.726,0.0778,0.0559,FCC
4,3.5191,1.75,4.835,56.765,0.0222,17.8245,0.074,0.0465,FCC
3,2.4854,1.7,4.7775,54.885,0.024,16.139,0.0803,0.0506,FCC
4,1.6573,1.55,4.665,61.71,0.0369,20.052,0.1613,0.0708,FCC
4,1.8942,1.6,4.6825,61.365,0.0351,20.328,0.1592,0.0706,FCC
4,1.7784,1.55,4.69,59.655,0.0358,19.5115,0.1597,0.0678,FCC
3,2.0117,1.6,4.7075,59.31,0.0336,19.753,0.1578,0.0676,FCC
4,4.0143,1.7,4.6865,56,0.0309,17.85,0.1354,0.1199,FCC
1,5.0124,1.75,4.687,49.835,0.0442,15.8325,0.1959,0.1905,BCC+FCC
4,9.4932,1.8,4.7215,55.31,0.0272,18.333,0.1282,0.1193,FCC
4,4.4674,1.7,4.7025,56.545,0.0326,17.4685,0.1663,0.0555,FCC
4,12.6799,1.8,4.7125,57.91,0.0291,18.872,0.1602,0.0564,FCC
4,3.0355,1.65,4.69,56.58,0.0385,16.204,0.2024,0.2034,FCC
4,3.7393,1.7,4.7075,56.235,0.0369,16.4455,0.2007,0.2035,FCC
4,5.1763,1.75,4.6925,55.405,0.0323,15.657,0.1377,0.1031,FCC
3,3.3186,1.75,4.7025,56.985,0.0269,17.1605,0.1142,0.0838,FCC
4,2.8956,1.7,4.71,55.275,0.0274,15.735,0.1162,0.0832,FCC
3,3.5552,1.75,4.7275,54.93,0.0256,15.942,0.1127,0.0829,FCC
4,22.8876,1.9,4.545,64.7,0.0245,18.06,0.0953,0.0742,FCC
4,3.0241,1.75,4.6475,60.27,0.0261,18.407,0.0973,0.0666,FCC
4,2.5542,1.75,4.6675,60.445,0.0245,18.5995,0.0919,0.0632,FCC
2,4.8465,1.85,4.6575,61.635,0.0225,19.165,0.0865,0.0659,FCC
4,26.2607,1.8,4.545,58.875,0.0331,17.5625,0.1175,0.0827,FCC
3,3.8133,1.8,4.665,59.925,0.024,18.7175,0.0919,0.0661,FCC
4,8.2138,1.9,4.675,61.29,0.0202,19.51,0.0783,0.0653,FCC
3,5.2768,1.85,4.6825,59.58,0.0219,19.028,0.0855,0.0656,FCC
4,4.1948,1.85,4.7025,59.755,0.0204,19.2205,0.08,0.0621,FCC
2,3.3467,1.8,4.71,58.045,0.0213,18.414,0.0849,0.0615,FCC
3,5.3239,1.9,4.955,59.16,0.0257,19.232,0.1255,0.0964,FCC
1,4.4674,1.9,4.7025,69.23,0.0333,15.918,0.113,0.0809,FCC
1,6.6748,1.85,4.6775,67.435,0.0341,16.8545,0.1163,0.0811,FCC
1,7.2249,1.85,4.73,67.695,0.0315,17.0365,0.1112,0.0773,FCC
1,11.7898,1.8,4.6525,65.64,0.0349,17.432,0.1193,0.0812,FCC
1,4.6695,1.9,4.6425,66.83,0.034,17.121,0.1149,0.0835,FCC
1,4.8585,1.9,4.695,67.09,0.0325,17.303,0.1117,0.0807,FCC
1,5.2327,1.9,4.7475,67.35,0.0301,17.485,0.1072,0.0769,FCC
1,7.5475,1.85,4.67,65.295,0.0332,17.846,0.115,0.0808,FCC
1,8.1786,1.85,4.7225,65.555,0.0308,18.054,0.1103,0.0771,FCC
1,211.6293,1.75,4.5675,61.445,0.0367,17.595,0.1253,0.0839,FCC
1,4.2599,1.95,4.8175,67.265,0.0259,18.1155,0.0972,0.0719,FCC
1,5.0368,1.9,4.635,64.69,0.0331,18.052,0.113,0.0832,FCC
1,6.3975,1.9,4.7925,65.47,0.0265,18.676,0.1005,0.072,FCC
1,10.914,1.85,4.7675,63.675,0.0274,18.8775,0.1036,0.0721,FCC
4,5.3899,1.9,4.6275,62.55,0.0321,18.555,0.1109,0.0828,FCC
1,6.9068,1.9,4.785,63.33,0.0259,19.257,0.0995,0.0718,FCC
1,9.7439,1.85,4.655,61.015,0.0316,18.545,0.1122,0.0803,FCC
1,12.6134,1.85,4.76,61.535,0.0264,19.065,0.1027,0.0719,FCC
3,11.2274,1.85,4.6475,58.875,0.0307,18.2525,0.1105,0.08,FCC
4,9.3902,1.95,4.865,76.07,0.0298,14.268,0.1442,0.0702,FCC
3,8.0557,1.9,4.8625,76.04,0.0387,17.82,0.1927,0.0775,FCC
2,9.8588,1.95,4.89,74.015,0.029,16.8075,0.1433,0.0673,FCC
4,8.1668,1.9,4.8875,73.985,0.0389,20.151,0.1922,0.0739,FCC
2,10.271,1.95,4.915,71.96,0.028,18.936,0.1422,0.0639,FCC
4,10.4184,1.95,4.8825,71.875,0.0282,18.885,0.1422,0.0672,FCC
4,8.7591,1.9,4.8225,73.815,0.0362,20.049,0.1903,0.0804,FCC
4,7.8927,1.9,4.945,72.015,0.0391,22.1305,0.192,0.0651,FCC
4,10.7536,1.95,4.9075,69.82,0.0273,20.594,0.1413,0.0638,FCC
4,3.0209,2,4.8265,73.105,0.0282,14.792,0.1218,0.12,FCC
4,3.1044,2,4.8515,71.05,0.0275,17.035,0.1208,0.1197,FCC
3,3.1934,2,4.819,70.965,0.0271,16.9925,0.1203,0.1198,FCC
3,3.1425,2,4.8765,68.995,0.0265,18.867,0.1197,0.1191,FCC
4,3.3229,2,4.8115,68.825,0.026,18.765,0.1187,0.1196,FCC
4,2.0331,2,4.828,63.86,0.0331,22.188,0.1547,0.1588,FCC
2,3.2483,2,4.869,66.855,0.0257,20.2285,0.1184,0.119,FCC
4,3.4104,2,4.804,66.685,0.025,20.1095,0.1168,0.1194,FCC
4,3.0947,2,4.9265,64.885,0.0238,21.298,0.1171,0.1172,FCC
4,3.2187,2,4.894,64.8,0.0246,21.23,0.1173,0.1182,FCC
3,3.3195,2,4.8615,64.715,0.0248,21.162,0.117,0.1188,FCC
2,3.0051,2,4.9515,62.83,0.0221,21.897,0.1156,0.1158,FCC
3,3.2656,2,4.8865,62.66,0.0238,21.744,0.116,0.118,FCC
3,3.4144,2,4.8215,62.49,0.0237,21.591,0.1143,0.1189,FCC
4,2.1377,1.9,4.79,74.03,0.0409,13.312,0.2148,0.0569,FCC
4,2.2818,1.9,4.7825,71.89,0.0397,15.605,0.2137,0.0565,FCC
4,2.3246,1.9,4.8075,69.835,0.0406,17.521,0.2134,0.0548,FCC
3,3.6099,1.95,4.8175,71.855,0.0304,15.6575,0.157,0.0572,FCC
4,3.679,1.95,4.8425,69.8,0.0301,17.57,0.1563,0.0554,FCC
2,3.5955,1.95,4.9,67.83,0.0295,19.131,0.1555,0.0499,FCC
4,2.3934,1.9,4.825,65.64,0.0403,20.052,0.2119,0.0522,FCC
4,3.7046,1.95,4.8675,67.745,0.0295,19.0715,0.1555,0.0529,FCC
3,3.7933,1.95,4.835,67.66,0.0291,19.012,0.1551,0.0551,FCC
3,3.6883,1.95,4.8925,65.69,0.0287,20.162,0.1546,0.0497,FCC
4,2.0467,1.9,4.94,61.7,0.0417,21.16,0.2115,0.0347,FCC
4,2.1828,1.9,4.9075,61.615,0.0416,21.075,0.2115,0.0408,FCC
3,3.4782,1.95,4.95,63.72,0.0269,20.918,0.1533,0.0409,FCC
3,3.6283,1.95,4.9175,63.635,0.0277,20.8415,0.1536,0.0457,FCC
3,3.7442,1.95,4.885,63.55,0.028,20.765,0.1536,0.0495,FCC
3,3.8304,1.95,4.8525,63.465,0.0279,20.6885,0.1532,0.0524,FCC
3,3.73,2,4.8975,69.23,0.0332,17.311,0.1906,0.2006,FCC
3,3.8448,2,4.865,69.145,0.033,17.2515,0.1907,0.2036,FCC
2,3.6959,2,4.9225,67.175,0.0323,18.7425,0.1896,0.1975,FCC
3,3.8277,2,4.89,67.09,0.0325,18.683,0.1899,0.2007,FCC
3,3.9334,2,4.8575,67.005,0.0322,18.6235,0.1899,0.2037,FCC
4,4.0147,2,4.825,66.92,0.0314,18.564,0.1896,0.2066,FCC
2,3.7654,2,4.915,65.035,0.0317,19.708,0.189,0.1976,FCC
3,3.8873,2,4.8825,64.95,0.0318,19.64,0.1892,0.2008,FCC
4,2.4613,2,4.755,75.385,0.0353,11.144,0.148,0.1173,FCC
4,2.5859,2,4.78,73.33,0.0359,13.615,0.1478,0.1182,FCC
4,2.7029,2,4.7475,73.245,0.034,13.5725,0.146,0.1169,FCC
4,3.2725,2,4.79,74.91,0.0313,11.904,0.1277,0.103,FCC
3,2.6422,2,4.805,71.275,0.0361,15.675,0.1475,0.1188,FCC
4,2.768,2,4.7725,71.19,0.0347,15.624,0.146,0.1179,FCC
4,3.5195,2,4.7825,72.77,0.0302,14.285,0.1259,0.1028,FCC
3,2.6497,2,4.83,69.22,0.0362,17.324,0.1471,0.1191,FCC
3,2.7844,2,4.7975,69.135,0.0351,17.2645,0.1458,0.1185,FCC
4,3.4422,2,4.84,70.8,0.0307,16.34,0.1264,0.1032,FCC
3,2.542,2,4.7225,67.385,0.0359,17.788,0.1586,0.129,FCC
3,2.9084,2,4.765,69.05,0.0335,17.205,0.144,0.1176,FCC
4,2.6419,2,4.69,67.3,0.0349,17.72,0.1554,0.127,FCC
4,2.118,2,4.845,65.585,0.0418,18.8665,0.1647,0.133,FCC
4,2.7614,2,4.8225,67.08,0.0352,18.494,0.1455,0.1188,FCC
3,3.4466,2,4.865,68.745,0.0301,17.9415,0.1255,0.1028,FCC
3,2.5114,2,4.7475,65.33,0.0368,18.637,0.159,0.1303,FCC
4,3.5975,2,4.8325,68.66,0.0298,17.882,0.1248,0.103,FCC
4,5.2751,2,4.875,70.325,0.0242,17.005,0.0997,0.083,FCC
4,2.6149,2,4.715,65.245,0.0354,18.5605,0.1561,0.1287,FCC
3,3.0112,2,4.7575,66.91,0.0323,18.358,0.1418,0.1173,FCC
4,5.4295,2,4.8425,70.24,0.0244,16.954,0.0995,0.0837,FCC
4,3.1148,2,4.725,66.825,0.0301,18.29,0.1392,0.116,FCC
4,2.5418,2,4.88,65.11,0.0354,19.389,0.1459,0.1188,FCC
2,3.4042,2,4.89,66.69,0.0291,19.132,0.1245,0.1021,FCC
2,3.5687,2,4.8575,66.605,0.0292,19.064,0.1241,0.1026,FCC
3,5.3309,2,4.9,68.27,0.0228,18.559,0.0982,0.0817,FCC
4,2.9681,2,4.7825,64.855,0.0329,19.1595,0.1419,0.118,FCC
3,3.7148,2,4.825,66.52,0.0288,18.996,0.1231,0.1027,FCC
4,5.4948,2,4.8675,68.185,0.0233,18.4995,0.0983,0.0828,FCC
3,5.6463,2,4.835,68.1,0.0234,18.44,0.0977,0.0835,FCC
2,2.4238,2,4.905,63.055,0.0347,19.805,0.1452,0.1182,FCC
2,2.6065,2,4.8725,62.97,0.0347,19.72,0.1446,0.1186,FCC
4,3.3131,2,4.915,64.635,0.0279,19.9115,0.1234,0.1011,FCC
2,2.7618,2,4.84,62.885,0.0343,19.635,0.1434,0.1186,FCC
2,3.4973,2,4.8825,64.55,0.0284,19.835,0.1232,0.1019,FCC
2,5.3245,2,4.925,66.215,0.0211,19.702,0.0966,0.08,FCC
2,3.6558,2,4.85,64.465,0.0284,19.7585,0.1225,0.1024,FCC
3,5.5047,2,4.8925,66.13,0.0221,19.634,0.0969,0.0815,FCC
3,3.0076,2,4.775,62.715,0.0319,19.465,0.1397,0.1177,FCC
3,5.6638,2,4.86,66.045,0.0225,19.566,0.0966,0.0826,FCC
4,3.0954,2,4.7425,62.63,0.0299,19.38,0.137,0.1167,FCC
4,5.8066,2,4.8275,65.96,0.0225,19.498,0.0957,0.0832,FCC
2,2.469,2,4.8975,60.915,0.0341,19.7165,0.1439,0.118,FCC
3,2.6461,2,4.865,60.83,0.034,19.623,0.143,0.1184,FCC
4,3.5574,2,4.875,62.41,0.0277,20.11,0.1217,0.1017,FCC
4,5.4558,2,4.9175,64.075,0.0205,20.3575,0.0953,0.0798,FCC
4,2.9131,2,4.8,60.66,0.0323,19.436,0.1398,0.1181,FCC
4,5.6295,2,4.885,63.99,0.0214,20.281,0.0954,0.0813,FCC
4,3.0053,2,4.7675,60.575,0.0308,19.3425,0.1374,0.1174,FCC
3,3.8266,2,4.81,62.24,0.0269,19.94,0.1191,0.1022,FCC
2,4.6215,2,4.6525,79.165,0.0278,4.459,0.0962,0.0739,FCC
4,5.6216,2,4.515,78.56,0.0216,4.208,0.0908,0.0691,FCC
4,5.2999,2,4.5675,78.82,0.0241,4.334,0.0929,0.0711,FCC
1,4.1863,2,4.71,77.195,0.0292,7.359,0.0977,0.0758,FCC
3,5.7669,2,4.4875,76.245,0.0213,7.169,0.0886,0.07,FCC
4,7.2816,2,4.455,76.16,0.0193,7.152,0.0808,0.0649,FCC
3,6.0017,2,4.56,76.68,0.0224,7.256,0.0888,0.0705,FCC
4,5.8475,2,4.6125,76.94,0.0242,7.308,0.0898,0.0713,FCC
4,5.2704,2,4.5125,74.19,0.0224,10.137,0.0902,0.0734,FCC
4,5.0476,2,4.565,74.45,0.0246,10.215,0.0929,0.0749,FCC
4,5.6982,2,4.585,74.625,0.0237,10.2675,0.0896,0.0729,FCC
4,8.7951,2,4.815,75.84,0.0228,10.632,0.0754,0.0634,FCC
4,3.0299,2,4.705,68.455,0.0296,16.833,0.1003,0.0803,FCC
4,4.8936,2,4.7125,68.72,0.0256,16.992,0.0896,0.0748,FCC
3,10.1259,2,4.8575,69.59,0.0193,17.514,0.0697,0.0601,FCC
4,8.5737,2,4.7725,69.245,0.0211,17.307,0.0745,0.0658,FCC
3,10.5141,2,4.825,69.505,0.0197,17.463,0.0694,0.0615,FCC
4,3.1327,2,4.6975,66.315,0.0287,18.1405,0.0977,0.08,FCC
4,3.3211,2,4.75,66.575,0.0274,18.3225,0.0955,0.077,FCC
1,3.5963,2,4.8025,66.835,0.0254,18.5045,0.0918,0.073,FCC
4,4.0865,2,4.77,66.75,0.0256,18.445,0.0908,0.074,FCC
4,9.9896,2,4.915,67.62,0.0177,19.054,0.0665,0.0552,FCC
3,10.3003,2,4.8825,67.535,0.0177,18.9945,0.0675,0.0579,FCC
3,10.6592,2,4.85,67.45,0.0184,18.935,0.0676,0.0599,FCC
4,8.9936,2,4.765,67.105,0.02,18.6935,0.0715,0.0654,FCC
4,11.0938,2,4.8175,67.365,0.0187,18.8755,0.0669,0.0612,FCC
4,8.7031,2,4.68,66.76,0.019,18.452,0.07,0.0676,FCC
4,9.6862,2,4.7325,67.02,0.0191,18.634,0.0687,0.0654,FCC
3,11.6354,2,4.785,67.28,0.0185,18.816,0.0653,0.062,FCC
4,10.4047,2,4.9075,65.48,0.0163,20.064,0.065,0.055,FCC
3,8.7309,2,4.79,65.05,0.0194,19.72,0.0706,0.0646,FCC
2,11.1394,2,4.8425,65.31,0.0176,19.928,0.0653,0.0596,FCC
3,11.6162,2,4.81,65.225,0.0178,19.86,0.0641,0.0609,FCC
3,10.0541,2,4.725,64.88,0.018,19.584,0.0647,0.065,FCC
2,12.2062,2,4.7775,65.14,0.0174,19.792,0.0619,0.0616,FCC
4,2.4257,2,4.8375,70.865,0.0324,17.3125,0.1715,0.0766,FCC
1,1.3734,2,4.621,55.3,0.0443,23.23,0.1928,0.2097,BCC+FCC
4,2.8067,2,4.615,60.62,0.0336,18.442,0.1423,0.1242,FCC
1,1.1824,2,4.8245,60.595,0.0487,23.3055,0.1935,0.1943,BCC+FCC
1,1.1671,2,4.8695,58.715,0.0468,23.445,0.1909,0.1932,BCC+FCC
1,2.2921,2,4.755,69.275,0.035,16.375,0.1246,0.098,FCC
4,2.3022,2,4.6425,66.615,0.0352,17.4005,0.1241,0.1007,FCC
4,2.3354,2,4.695,66.875,0.0351,17.5825,0.124,0.0996,FCC
1,2.3904,2,4.7475,67.135,0.0342,17.7645,0.1227,0.0978,FCC
1,2.2139,2,4.7575,65.73,0.0382,18.364,0.1404,0.1126,FCC
4,2.4015,2,4.6875,64.735,0.0341,18.518,0.1216,0.0993,FCC
4,2.4653,2,4.74,64.995,0.0333,18.726,0.1207,0.0976,FCC
2,2.5145,2,4.7325,62.855,0.0325,19.2595,0.1185,0.0973,FCC
1,2.096,1.4,4.44,73.37,0.0502,20.856,0.1693,0.0937,BCC+FCC
1,2.0334,1.4,4.46,73.545,0.0491,20.996,0.1666,0.0922,BCC+FCC
1,1.9336,1.35,4.48,75.37,0.0503,22.456,0.172,0.0941,BCC+FCC
1,6.9884,1.5,4.555,77.13,0.0512,17.898,0.1655,0.0971,BCC+FCC
1,2.8975,1.45,4.425,74.815,0.0511,19.2605,0.1712,0.0964,BCC+FCC
4,4.6595,1.95,4.575,82.61,0.0275,3.543,0.1073,0.0757,FCC
3,5.4362,1.95,4.5425,82.525,0.0241,3.535,0.1027,0.0719,FCC
4,7.9913,1.9,4.4575,83.83,0.0237,6.134,0.1003,0.0655,FCC
4,8.4351,1.85,4.4775,85.655,0.0253,8.6535,0.1063,0.0673,FCC
4,4.8996,1.9,4.745,74.02,0.0405,12.58,0.1568,0.119,FCC
4,6.4955,1.95,4.6675,79.595,0.0319,4.027,0.1048,0.0759,FCC
4,11.5311,1.95,4.55,79.165,0.0273,3.8855,0.1022,0.0719,FCC
3,15.5693,1.75,4.1575,48.48,0.0416,16.496,0.7828,0.2339,BCC
4,4.6868,1.95,4.6325,83.33,0.0331,4.037,0.1581,0.0897,FCC
4,5.3305,1.95,4.6,83.245,0.0301,4.0455,0.1554,0.0889,FCC
1,2.0484,2,4.5255,75.055,0.035,10.351,0.1621,0.1551,FCC
4,2.6658,2,4.5865,78.225,0.0287,5.605,0.1338,0.1218,FCC
4,2.9805,1.95,4.585,79.115,0.0316,4.359,0.1679,0.0704,FCC
1,2.9412,2,4.5625,80.34,0.0367,2.528,0.2038,0.2306,FCC
4,3.5217,2,4.4775,79.995,0.0339,2.486,0.1993,0.2353,FCC
1,2.6807,2,4.5875,77.885,0.0346,5.597,0.1417,0.1074,FCC
3,3.405,2,4.6175,79.64,0.0305,3.794,0.1202,0.0912,FCC
4,3.3479,2,4.5,76.225,0.0325,7.8975,0.1424,0.1078,FCC
3,7.6505,1.5,4.388,79.43,0.0363,30.989,0.3501,0.3463,BCC
2,15.1403,1.65,4.1625,36.06,0.0447,11.788,0.4547,0.3675,BCC
3,14.3525,1.6,4.1825,36.65,0.0414,11.82,0.4275,0.3656,BCC
3,16.163,1.65,4.184,35.76,0.0435,11.998,0.4347,0.3909,BCC
4,26.6032,1.5,4.1945,42.56,0.038,16.228,0.4047,0.3079,BCC
3,7.4033,1.45,4.415,80.55,0.0419,41.18,0.2993,0.4046,BCC
3,174.9789,1.55,4.195,43.89,0.0468,10.986,0.4722,0.2897,BCC
3,48.9561,1.95,4.109,24.21,0.0411,4.234,0.4199,0.4395,BCC
3,48,1.95,4.1015,24.695,0.0427,4.4035,0.4426,0.4454,BCC
3,50.026,1.95,4.1305,23.91,0.0428,3.875,0.3991,0.4402,BCC
3,49.1814,1.95,4.123,24.395,0.0446,4.123,0.4225,0.4536,BCC
3,23.8028,1.9,4.1505,24.5,0.0403,4.76,0.3692,0.4135,BCC
3,50.7672,1.95,4.152,23.61,0.0437,3.456,0.3738,0.4298,BCC
4,48.3501,1.95,4.137,24.58,0.0473,4.012,0.4216,0.4676,BCC
2,33.0511,2,4.066,29.17,0.0373,8.09,0.492,0.4367,BCC
4,77.3932,2,4.085,25.91,0.0381,6.353,0.4527,0.4648,BCC
4,73.6964,2,4.0775,26.395,0.0392,6.304,0.4742,0.4583,BCC
4,68.7392,2,4.07,26.88,0.0403,6.158,0.4954,0.449,BCC
2,35.5302,2,4.1025,27.9,0.0378,8.94,0.4443,0.4859,BCC
3,35.269,2,4.095,28.385,0.0389,8.692,0.466,0.4766,BCC
4,33.027,2,4.08,29.355,0.0414,7.949,0.5083,0.4514,BCC
3,25.0091,2,4.1125,30.375,0.0386,11.6175,0.4577,0.4921,BCC
2,80.5664,2,4.1065,25.61,0.042,6.194,0.4388,0.4822,BCC
4,71.2328,2,4.0915,26.58,0.0446,6.156,0.483,0.4728,BCC
3,65.0492,2,4.084,27.065,0.046,5.9915,0.5046,0.4636,BCC
3,36.4518,2,4.124,27.6,0.0416,8.98,0.4304,0.5067,BCC
3,83.836,2,4.128,25.31,0.0445,5.975,0.4193,0.495,BCC
4,79.4718,2,4.1205,25.795,0.0461,6.083,0.4423,0.4964,BCC
3,77.4479,1.6,4.1525,43.495,0.0444,13.272,0.5094,0.3175,BCC
4,15.0176,1.75,4.145,46.25,0.0399,14.44,0.534,0.2945,BCC
3,16.6068,1.75,4.1625,48.24,0.0395,14.934,0.526,0.2996,BCC
4,121.0185,1.75,4.195,37.5,0.0428,14.32,0.3917,0.3855,BCC
2,37.5467,1.75,4.1925,38.46,0.0373,15.088,0.3974,0.4214,BCC
4,99.4811,1.75,4.205,39.975,0.0436,14.2625,0.4072,0.4238,BCC
2,79.8746,1.7,4.1975,36.1,0.0415,13.2,0.369,0.309,BCC
3,74.3761,1.7,4.2075,38.575,0.0423,13.2825,0.385,0.3787,BCC
4,56.8797,1.65,4.21,37.175,0.041,12.3025,0.3621,0.3045,BCC
4,63.2311,1.65,4.22,39.65,0.0418,12.03,0.3782,0.3715,BCC
2,33.6945,1.65,4.2175,40.61,0.0364,12.606,0.3854,0.4044,BCC
4,25.22,1.6,4.21,36.735,0.0347,11.9945,0.347,0.2972,BCC
3,50.7054,1.6,4.2225,38.25,0.0404,11.19,0.355,0.2996,BCC
3,29.5777,1.6,4.22,39.21,0.0353,11.766,0.3633,0.3617,BCC
2,653.822,1.75,4.16,33.52,0.0435,11.98,0.4086,0.2785,BCC
3,268.202,1.75,4.1525,34.005,0.0446,11.495,0.4321,0.3063,BCC
3,27.4383,2,4.0675,34.005,0.045,13.377,0.5664,0.4006,BCC
1,2.2351,1.45,4.574,69.75,0.0468,24.95,0.1652,0.1745,BCC+FCC
4,3.118,1.7,4.634,62.055,0.0333,20.8005,0.1272,0.1675,FCC
1,3.4307,1.6,4.5555,67.195,0.0447,24.205,0.1671,0.2313,BCC+FCC
1,3.1261,1.55,4.563,65.485,0.0476,24.3135,0.1702,0.2324,BCC+FCC
1,3.1961,1.65,4.588,60.13,0.0418,20.396,0.1507,0.2296,BCC+FCC
1,3.7557,1.55,4.588,63.43,0.0475,24.356,0.1694,0.233,BCC+FCC
1,4.3574,1.55,4.5805,66.79,0.0477,26.439,0.1746,0.2336,BCC+FCC
1,3.9129,1.5,4.588,65.08,0.0504,26.336,0.1778,0.2346,BCC+FCC
1,4.1917,1.6,4.613,59.725,0.044,21.8425,0.1594,0.2317,BCC+FCC
1,8.4227,1.65,4.5905,68.155,0.0415,26.545,0.1653,0.232,BCC+FCC
1,5.2445,1.55,4.6055,64.735,0.0481,26.612,0.1742,0.2344,BCC+FCC
1,5.0144,1.6,4.638,57.67,0.0432,20.898,0.1582,0.2319,BCC+FCC
1,11.0831,1.65,4.6155,66.1,0.0426,27.06,0.1654,0.233,BCC+FCC
1,7.8258,1.6,4.623,64.39,0.0458,26.888,0.1701,0.2341,BCC+FCC
1,8.2871,1.55,4.623,66.04,0.0487,28.868,0.1776,0.2356,BCC+FCC
2,16.5054,1.85,4.633,60.805,0.0323,21.9255,0.1351,0.2282,FCC
1,9.1312,1.65,4.648,60.685,0.0431,24.4705,0.1615,0.233,BCC+FCC
1,6.5969,1.55,4.663,57.265,0.0458,22.0175,0.1666,0.2339,BCC+FCC
1,10.1026,1.6,4.648,62.335,0.0462,26.6155,0.1698,0.2347,BCC+FCC
1,6.8959,1.5,4.663,58.915,0.0495,24.4925,0.1755,0.2358,BCC+FCC
1,10.3837,1.55,4.6805,58.57,0.0479,24.665,0.1724,0.2356,BCC+FCC
1,34.0186,1.6,4.6655,63.64,0.0473,29.002,0.1728,0.2361,BCC+FCC
1,46.1396,1.6,4.658,67,0.0476,31.4,0.1738,0.2365,BCC+FCC
4,9.0163,1.95,4.668,60.115,0.0272,22.5465,0.1224,0.2277,FCC
1,18.064,1.65,4.698,56.575,0.0426,22.3625,0.1603,0.2335,BCC+FCC
1,6.5319,1.75,4.537,64.64,0.0417,23.46,0.1678,0.2778,BCC+FCC
1,7.5951,1.65,4.537,67.94,0.0459,26.76,0.1818,0.2796,BCC+FCC
1,11.991,1.65,4.5295,71.3,0.0465,27.72,0.1816,0.2784,BCC+FCC
1,6.9189,1.6,4.577,60.815,0.0514,24.3795,0.1825,0.2824,BCC+FCC
1,8.3579,1.6,4.5695,64.175,0.0511,27.06,0.1865,0.2824,BCC+FCC
1,21.0809,1.65,4.5545,69.245,0.0475,28.755,0.1823,0.2801,BCC+FCC
1,9.054,1.65,4.602,57.11,0.0483,21.234,0.1735,0.2816,BCC+FCC
1,36.8162,1.75,4.5795,63.89,0.0422,25.749,0.17,0.2797,BCC+FCC
1,16.0542,1.7,4.587,62.18,0.046,25.356,0.175,0.281,BCC+FCC
1,49.4363,1.7,4.5795,65.54,0.0452,27.564,0.1767,0.2807,BCC+FCC
1,18.1228,1.65,4.587,63.83,0.0486,27.336,0.1821,0.2821,BCC+FCC
1,65.9638,1.65,4.5795,67.19,0.0485,29.379,0.1829,0.2816,BCC+FCC
1,27.1695,1.6,4.572,72.2,0.0499,32.4,0.186,0.2811,BCC+FCC
1,156.3401,1.8,4.6045,60.185,0.0409,23.652,0.1627,0.2796,BCC+FCC
1,34.5293,1.7,4.612,60.125,0.0468,24.8625,0.1748,0.2819,BCC+FCC
1,16.6026,1.6,4.627,56.705,0.0512,22.2975,0.1811,0.2835,BCC+FCC
1,15.9403,1.65,4.597,68.495,0.0492,31.5045,0.1822,0.2821,BCC+FCC
1,14.7598,1.6,4.597,70.145,0.0512,33.3195,0.1872,0.2828,BCC+FCC
1,5.1974,1.65,4.582,75.215,0.0447,33.3135,0.1704,0.2787,BCC+FCC
1,7.8951,1.6,4.5895,73.505,0.0486,34.395,0.1821,0.2812,BCC+FCC
1,44.7736,1.8,4.6295,58.13,0.0416,22.959,0.1625,0.2804,BCC+FCC
1,155.2001,1.75,4.637,56.42,0.0441,21.648,0.1666,0.2812,BCC+FCC
1,42.0448,1.7,4.6445,54.71,0.0459,19.995,0.1695,0.2818,BCC+FCC
1,290.1958,1.7,4.637,58.07,0.0473,23.958,0.1745,0.2825,BCC+FCC
1,25.1775,1.7,4.6295,61.43,0.0474,27.249,0.1772,0.2828,BCC+FCC
1,84.8893,1.65,4.637,59.72,0.0505,26.268,0.1819,0.2839,BCC+FCC
1,7.4013,1.75,4.6145,66.5,0.0449,30,0.1698,0.2809,BCC+FCC
1,11.6974,1.7,4.622,64.79,0.0477,29.868,0.1775,0.2826,BCC+FCC
1,21.1857,1.65,4.6295,63.08,0.0506,29.394,0.1837,0.2839,BCC+FCC
1,7.039,1.7,4.6145,68.15,0.0472,31.815,0.175,0.2817,BCC+FCC
1,4.7125,1.7,4.607,71.51,0.0453,33.09,0.1692,0.2803,BCC+FCC
3,4.8984,2,4.632,59.555,0.0293,23.0505,0.1363,0.2767,FCC
1,1095.399,1.7,4.677,49.295,0.042,12.9615,0.1611,0.2805,BCC+FCC
1,80.4548,1.7,4.6695,52.655,0.0454,18.138,0.1687,0.282,BCC+FCC
1,16.3967,1.75,4.6545,57.725,0.0452,24.165,0.1701,0.2823,BCC+FCC
1,21.2221,1.65,4.662,57.665,0.051,25.1175,0.1817,0.2845,BCC+FCC
1,4.3383,1.75,4.632,67.805,0.0451,32.1255,0.1668,0.2814,BCC+FCC
1,4.1248,1.7,4.632,69.455,0.0466,33.9405,0.1711,0.2821,BCC+FCC
4,4.4925,2,4.657,57.5,0.0307,22.5,0.1368,0.2776,FCC
1,21.6678,1.8,4.687,50.66,0.0401,15.636,0.1564,0.2802,BCC+FCC
1,12.4314,1.8,4.6795,54.02,0.0423,20.34,0.1619,0.2814,BCC+FCC
1,9.4808,1.7,4.6795,57.32,0.0492,25.29,0.1773,0.2842,BCC+FCC
1,4.0362,1.8,4.657,64.1,0.044,30.42,0.1633,0.282,BCC+FCC
1,7.0254,1.85,4.697,53.675,0.0404,20.5125,0.1573,0.2812,BCC+FCC
1,5.0857,1.85,4.6895,57.035,0.0411,24.579,0.1594,0.2819,BCC+FCC
1,2.8433,1.85,4.6745,63.755,0.0422,30.696,0.1547,0.2817,BCC+FCC
1,3.3276,1.75,4.682,63.695,0.0474,32.2635,0.1698,0.2841,BCC+FCC
1,17.5439,1.85,4.526,60.375,0.0424,22.3125,0.1725,0.3201,BCC+FCC
1,142.7937,1.85,4.5185,63.735,0.0411,24.365,0.1739,0.319,BCC+FCC
1,13.4708,1.75,4.5335,60.315,0.0485,23.548,0.184,0.3225,BCC+FCC
1,508.895,1.8,4.5185,65.385,0.0447,26.015,0.18,0.3196,BCC+FCC
1,21.5142,1.75,4.566,54.9,0.0495,19.26,0.1791,0.3237,BCC+FCC
1,11.8207,1.7,4.536,69.99,0.0496,31.31,0.1883,0.3204,BCC+FCC
1,31.7282,1.8,4.576,57.915,0.0469,23.1095,0.1795,0.3233,BCC+FCC
1,18.044,1.7,4.616,52.44,0.0524,18.224,0.1857,0.3261,BCC+FCC
1,7.3462,1.85,4.586,60.93,0.0449,26.356,0.1751,0.3224,BCC+FCC
1,7.1362,1.8,4.586,62.58,0.0479,28.336,0.1809,0.3231,BCC+FCC
1,4.7546,1.95,4.6035,58.935,0.0399,24.652,0.1624,0.3213,BCC+FCC
1,10.2973,1.75,4.6335,52.095,0.0505,18.362,0.1825,0.3259,BCC+FCC
1,9.491,1.7,4.641,50.385,0.052,15.9345,0.1849,0.3265,BCC+FCC
1,4.7087,1.9,4.6035,60.585,0.0432,26.632,0.1684,0.3221,BCC+FCC
1,7.5515,1.8,4.6185,57.165,0.0483,24.501,0.1816,0.325,BCC+FCC
1,8.8954,1.75,4.626,55.455,0.0515,22.9225,0.1863,0.3262,BCC+FCC
1,9.3847,1.7,4.6335,53.745,0.054,21.002,0.19,0.3271,BCC+FCC
1,7.1489,1.75,4.6185,58.815,0.0517,26.811,0.1879,0.326,BCC+FCC
1,5.2571,1.7,4.611,63.825,0.0534,32.1725,0.1921,0.3259,BCC+FCC
1,3.8971,1.8,4.6285,61.83,0.0494,30.269,0.1802,0.3249,BCC+FCC
1,3.1002,1.8,4.621,65.19,0.0475,32.848,0.175,0.3236,BCC+FCC
1,5.2559,1.8,4.676,49.695,0.0488,16.1415,0.1784,0.3261,BCC+FCC
1,4.2862,1.85,4.661,54.765,0.0475,23.2675,0.1765,0.3257,BCC+FCC
1,3.3459,1.8,4.6535,59.775,0.0505,29.535,0.1813,0.3263,BCC+FCC
1,2.5462,1.85,4.671,59.43,0.0484,29.742,0.1739,0.326,BCC+FCC
1,20.6494,1.85,4.515,59.41,0.0484,24.272,0.1902,0.3601,BCC+FCC
1,5.1705,1.95,4.4925,66.19,0.0431,26.741,0.1723,0.353,BCC+FCC
1,20.1934,1.8,4.515,61.06,0.0517,26.252,0.1961,0.3606,BCC+FCC
1,4.6261,1.95,4.5175,64.135,0.0441,27.265,0.1739,0.3554,BCC+FCC
1,6.2888,1.85,4.525,64.075,0.049,28.8825,0.1877,0.3582,BCC+FCC
1,3.5556,1.9,4.51,69.145,0.0434,30.0905,0.1696,0.3523,BCC+FCC
1,7.7641,1.9,4.565,53.65,0.0478,20.01,0.1839,0.3623,BCC+FCC
1,4.081,2,4.5425,60.43,0.0427,25.563,0.1705,0.3573,BCC+FCC
1,5.2276,1.95,4.55,58.72,0.0452,24.824,0.1786,0.3595,BCC+FCC
1,3.2269,2,4.535,63.79,0.0423,27.61,0.165,0.355,BCC+FCC
1,4.168,1.9,4.5425,63.73,0.047,29.193,0.1799,0.3578,BCC+FCC
1,3.2868,1.9,4.535,67.09,0.0446,30.91,0.1722,0.355,BCC+FCC
1,4.5009,1.95,4.575,56.665,0.0461,23.9845,0.1794,0.3611,BCC+FCC
1,4.4927,1.9,4.575,58.315,0.049,26.1295,0.1849,0.3616,BCC+FCC
1,5.2177,1.85,4.5825,56.605,0.0519,24.837,0.1916,0.3634,BCC+FCC
1,3.031,1.95,4.56,63.385,0.0449,29.5035,0.171,0.3574,BCC+FCC
1,4.4325,1.85,4.575,59.965,0.0513,28.2745,0.19,0.3621,BCC+FCC
1,2.7661,2.05,4.585,58.03,0.042,25.376,0.1639,0.3588,BCC+FCC
1,4.6325,1.85,4.615,51.19,0.0526,18.724,0.1906,0.3652,BCC+FCC
1,3.3464,1.95,4.5925,57.97,0.0472,26.371,0.178,0.3613,BCC+FCC
1,3.8764,1.9,4.6,56.26,0.05,25.044,0.1857,0.3631,BCC+FCC
1,3.3049,1.9,4.5925,59.62,0.0493,28.516,0.1829,0.3617,BCC+FCC
1,2.1209,2.1,4.6025,57.685,0.0404,25.652,0.155,0.3585,BCC+FCC
1,2.0052,2.1,4.6275,55.63,0.0413,24.709,0.1568,0.3601,BCC+FCC
1,2.7203,2,4.6425,52.21,0.0463,21.245,0.1744,0.3634,BCC+FCC
1,2.6679,1.95,4.6425,53.86,0.0492,23.72,0.1801,0.3642,BCC+FCC
1,2.3104,1.95,4.635,57.22,0.0483,27.768,0.1764,0.3631,BCC+FCC
1,1.9412,1.95,4.6275,60.58,0.0462,31.144,0.1692,0.3614,BCC+FCC
1,2.2041,1.9,4.635,58.87,0.0498,30.078,0.1806,0.3636,BCC+FCC
1,1.8794,2.1,4.6525,53.575,0.0422,23.355,0.1584,0.3616,BCC+FCC
1,2.1825,2.05,4.66,51.865,0.0447,21.4175,0.1676,0.3631,BCC+FCC
1,2.4269,2,4.6675,50.155,0.0472,19.138,0.1751,0.3645,BCC+FCC
1,3.6676,2.05,4.4815,61.925,0.0442,26.175,0.1762,0.3885,BCC+FCC
1,4.7605,2,4.489,60.215,0.0471,25.7565,0.1857,0.3915,BCC+FCC
1,3.4875,2,4.5065,61.52,0.0469,27.882,0.1819,0.391,BCC+FCC
1,2.1724,2.05,4.5165,64.535,0.042,30.165,0.1616,0.387,BCC+FCC
1,2.0371,2.1,4.5415,60.83,0.0427,28.503,0.1621,0.3901,BCC+FCC
1,1.8929,2.15,4.5665,57.125,0.0426,26.1,0.1613,0.3927,BCC+FCC
1,2.281,2.05,4.574,57.065,0.0471,27.0045,0.1768,0.3954,BCC+FCC
1,2.0916,2.1,4.599,53.36,0.0465,23.484,0.1743,0.3971,BCC+FCC
1,2.0975,2.05,4.599,55.01,0.0483,25.794,0.1786,0.3974,BCC+FCC
1,1.7482,2.1,4.649,49.25,0.0485,19.5,0.177,0.4003,BCC+FCC
1,9.4319,1.6,4.7755,71.15,0.051,25.775,0.1735,0.2362,BCC+FCC
1,10.6161,1.65,4.793,65.305,0.0446,25.4955,0.1623,0.2339,BCC+FCC
1,5.3919,1.7,4.8105,70.46,0.0482,26.534,0.1683,0.2359,BCC+FCC
1,8.0393,1.65,4.7855,68.665,0.0489,27.055,0.1704,0.236,BCC+FCC
1,14.8118,1.6,4.7605,66.87,0.0495,27.217,0.1725,0.236,BCC+FCC
1,39.2031,1.5,4.703,66.64,0.0542,28.898,0.1833,0.2378,BCC+FCC
1,11.133,1.45,4.678,64.845,0.0549,28.4985,0.1853,0.2379,BCC+FCC
1,34.3732,1.6,4.7605,61.37,0.0445,24.671,0.1637,0.2338,BCC+FCC
1,79.8588,1.6,4.753,59.23,0.044,23.772,0.1633,0.2337,BCC+FCC
1,11.7797,1.5,4.6955,59,0.0494,24.62,0.1751,0.2359,BCC+FCC
1,20.4448,1.65,4.7705,58.885,0.0428,23.979,0.1609,0.2336,BCC+FCC
1,12.2376,1.65,4.763,62.245,0.0467,27.1885,0.1679,0.2356,BCC+FCC
1,5.9994,1.65,4.733,64.685,0.0488,31.7405,0.171,0.2379,BCC+FCC
1,4.3796,1.7,4.772,63.525,0.0478,23.9675,0.1696,0.2827,BCC+FCC
1,3.0567,1.75,4.782,72.04,0.0547,25.912,0.1832,0.2856,BCC+FCC
1,3.8846,1.7,4.757,70.245,0.0555,26.7705,0.1853,0.2856,BCC+FCC
1,2.6512,1.75,4.7745,75.4,0.0566,25.79,0.1877,0.2864,BCC+FCC
1,4.537,1.65,4.7245,71.81,0.0584,28.179,0.1927,0.2865,BCC+FCC
1,3.0809,1.8,4.807,68.335,0.0502,25.7415,0.174,0.2842,BCC+FCC
1,9.3114,1.6,4.707,61.155,0.0529,24.8215,0.1814,0.2844,BCC+FCC
1,4.3656,1.7,4.7495,68.105,0.0547,27.615,0.1845,0.2855,BCC+FCC
1,18.005,1.55,4.6745,62.72,0.057,26.856,0.1906,0.2857,BCC+FCC
1,3.7751,1.7,4.742,71.465,0.0565,28.5585,0.189,0.2863,BCC+FCC
1,7.8099,1.6,4.692,67.875,0.0583,29.4425,0.1939,0.2864,BCC+FCC
1,4.5363,1.75,4.782,61.04,0.046,23.988,0.1675,0.2825,BCC+FCC
1,7.4652,1.65,4.7245,60.81,0.0515,25.063,0.1793,0.2842,BCC+FCC
1,2.3459,1.85,4.817,71.35,0.0515,26.74,0.176,0.2852,BCC+FCC
1,2.9134,1.8,4.792,69.555,0.0523,27.5295,0.1786,0.2852,BCC+FCC
1,4.8178,1.7,4.742,65.965,0.0539,28.0315,0.1835,0.2854,BCC+FCC
1,2.704,1.9,4.8495,64.285,0.0438,25.175,0.1612,0.2822,BCC+FCC
1,3.2684,1.85,4.8245,62.49,0.0443,24.899,0.1633,0.2823,BCC+FCC
1,3.9913,1.8,4.7995,60.695,0.0449,24.264,0.1653,0.2823,BCC+FCC
1,2.3576,1.9,4.842,67.645,0.0475,26.5005,0.1675,0.2838,BCC+FCC
1,2.8882,1.85,4.817,65.85,0.0482,26.74,0.17,0.2839,BCC+FCC
1,1.991,1.9,4.8345,71.005,0.0499,27.154,0.1716,0.285,BCC+FCC
1,2.0668,1.85,4.802,72.57,0.0519,28.406,0.1768,0.2858,BCC+FCC
1,2.6081,1.8,4.777,70.775,0.0528,29.3175,0.1801,0.2858,BCC+FCC
1,3.0322,1.85,4.8095,63.71,0.0474,26.931,0.1689,0.2838,BCC+FCC
1,3.7832,1.8,4.7845,61.915,0.0481,26.418,0.1714,0.2838,BCC+FCC
1,10.185,1.65,4.7095,56.53,0.0501,22.725,0.178,0.284,BCC+FCC
2,21.9984,1.6,4.6845,54.735,0.0508,20.776,0.18,0.284,BCC+FCC
1,2.8679,1.75,4.737,70.2,0.0528,31.78,0.1818,0.286,BCC+FCC
1,3.1518,1.85,4.802,61.57,0.0467,26.694,0.1677,0.2837,BCC+FCC
1,5.185,1.75,4.752,57.98,0.0481,24.522,0.1728,0.2838,BCC+FCC
1,7.2965,1.7,4.727,56.185,0.0487,22.8975,0.1751,0.2838,BCC+FCC
1,3.3672,1.8,4.7695,63.135,0.0498,28.572,0.1744,0.2848,BCC+FCC
1,2.2743,1.8,4.7545,69.855,0.0508,32.125,0.1754,0.2857,BCC+FCC
1,3.1105,1.7,4.697,69.625,0.0515,34.1275,0.1809,0.2855,BCC+FCC
1,2.4251,1.7,4.6895,72.985,0.049,35.255,0.1755,0.2846,BCC+FCC
1,4.7576,1.8,4.777,54.275,0.0431,20.7225,0.1633,0.282,BCC+FCC
1,4.5556,1.75,4.737,59.2,0.0498,26.92,0.1758,0.2848,BCC+FCC
1,3.1166,1.9,4.8195,55.725,0.0414,22.745,0.1574,0.2819,BCC+FCC
1,5.6916,1.75,4.737,53.7,0.0466,21.19,0.1706,0.2835,BCC+FCC
1,2.1912,1.9,4.8045,62.445,0.0466,29.124,0.1641,0.2844,BCC+FCC
1,2.2957,1.75,4.707,67.14,0.048,34.758,0.1695,0.285,BCC+FCC
1,2.3334,1.85,4.7785,64.415,0.053,25.045,0.1815,0.3272,BCC+FCC
1,3.133,1.75,4.7285,60.825,0.0543,24.16,0.185,0.3273,BCC+FCC
1,3.1592,1.75,4.721,64.185,0.0576,26.5035,0.1919,0.3282,BCC+FCC
1,3.0011,1.8,4.746,60.48,0.0529,24.436,0.1828,0.3271,BCC+FCC
1,3.5157,1.75,4.721,58.685,0.0536,23.4205,0.1846,0.3272,BCC+FCC
1,4.1588,1.7,4.696,56.89,0.0543,22.046,0.1862,0.3272,BCC+FCC
1,2.0639,1.9,4.7885,67.43,0.0544,26.737,0.1844,0.3279,BCC+FCC
1,4.351,1.7,4.6885,60.25,0.0575,25.455,0.1932,0.3281,BCC+FCC
1,2.04,1.95,4.8135,63.725,0.0502,25.735,0.1759,0.3268,BCC+FCC
1,2.3827,1.9,4.7885,61.93,0.0509,25.403,0.1781,0.3269,BCC+FCC
1,3.8693,1.75,4.7135,56.545,0.0529,22.253,0.1841,0.3271,BCC+FCC
1,4.6548,1.7,4.6885,54.75,0.0535,20.485,0.1858,0.3271,BCC+FCC
1,2.9109,1.8,4.7235,65.06,0.0567,28.846,0.1919,0.3283,BCC+FCC
1,4.6861,1.7,4.6735,61.47,0.0585,27.731,0.1971,0.3285,BCC+FCC
1,2.5934,1.8,4.716,68.42,0.057,30.43,0.1936,0.3283,BCC+FCC
1,2.8389,1.75,4.6835,69.985,0.0571,31.995,0.1967,0.3279,BCC+FCC
1,1.9758,2,4.8385,60.02,0.0452,23.992,0.1664,0.3254,BCC+FCC
1,2.9636,1.85,4.756,57.995,0.0508,23.9035,0.1794,0.3268,BCC+FCC
1,1.6249,2,4.8235,66.74,0.0512,27.496,0.1762,0.3275,BCC+FCC
1,3.3646,1.8,4.7235,59.56,0.0543,25.938,0.187,0.3278,BCC+FCC
1,1.7891,1.9,4.7585,69.87,0.054,30.313,0.1846,0.328,BCC+FCC
1,2.2035,1.85,4.7335,68.075,0.055,30.775,0.1882,0.3281,BCC+FCC
1,1.7742,2.05,4.856,59.675,0.0441,24.3025,0.1632,0.3253,BCC+FCC
1,3.1194,1.85,4.7485,55.855,0.0501,22.667,0.1785,0.3267,BCC+FCC
1,4.5193,1.75,4.6985,52.265,0.0514,18.634,0.1828,0.3268,BCC+FCC
1,2.03,1.95,4.791,62.805,0.0511,27.7455,0.1776,0.3274,BCC+FCC
1,2.4248,1.9,4.766,61.01,0.0519,27.142,0.1805,0.3275,BCC+FCC
1,2.9107,1.85,4.741,59.215,0.0527,26.1795,0.1832,0.3276,BCC+FCC
1,3.5457,1.8,4.716,57.42,0.0534,24.858,0.1858,0.3276,BCC+FCC
1,4.4386,1.75,4.691,55.625,0.0542,23.1775,0.1883,0.3277,BCC+FCC
1,1.7682,1.95,4.7835,66.165,0.0521,29.555,0.1791,0.3278,BCC+FCC
1,3.2224,1.8,4.7085,60.78,0.0548,28.214,0.1888,0.328,BCC+FCC
1,2.7369,1.9,4.766,55.51,0.0487,22.874,0.1751,0.3266,BCC+FCC
1,3.9014,1.8,4.716,51.92,0.0501,18.772,0.1799,0.3267,BCC+FCC
1,4.7832,1.75,4.691,50.125,0.0507,16.1825,0.182,0.3267,BCC+FCC
1,2.0866,1.95,4.7835,60.665,0.0503,27.418,0.1759,0.3273,BCC+FCC
1,3.0094,1.85,4.7335,57.075,0.0518,25.065,0.1818,0.3274,BCC+FCC
1,2.0716,1.75,4.646,70.285,0.0472,36.6635,0.1759,0.3244,BCC+FCC
1,2.7168,1.85,4.7185,58.295,0.052,27.463,0.1819,0.3276,BCC+FCC
1,1.9498,1.85,4.7035,65.015,0.0502,33.328,0.177,0.3269,BCC+FCC
1,1.6052,2.1,4.8585,55.05,0.0417,22.835,0.1569,0.325,BCC+FCC
1,2.222,2,4.8085,51.46,0.0428,19,0.1625,0.325,BCC+FCC
1,1.6995,2.05,4.826,56.615,0.0453,24.8695,0.1636,0.3262,BCC+FCC
1,3.3571,1.85,4.726,49.435,0.048,16.3895,0.1753,0.3264,BCC+FCC
1,3.066,1.85,4.7185,52.795,0.0502,21.552,0.1787,0.3272,BCC+FCC
1,1.5074,2.05,4.795,62.82,0.054,26.64,0.1851,0.367,BCC+FCC
1,1.7024,2,4.755,62.245,0.0551,28.2495,0.1887,0.367,BCC+FCC
1,1.5119,2.1,4.8125,56.975,0.0495,24.11,0.1759,0.3661,BCC+FCC
1,2.5297,1.9,4.705,53.155,0.0547,21.2825,0.1902,0.3669,BCC+FCC
1,2.4268,1.9,4.6975,56.515,0.056,25.401,0.193,0.367,BCC+FCC
1,1.5554,2.1,4.805,54.835,0.0488,22.9855,0.1746,0.366,BCC+FCC
1,2.2505,1.95,4.7225,52.81,0.0531,21.455,0.1863,0.3667,BCC+FCC
1,1.518,2.05,4.765,59.76,0.0523,28.142,0.1812,0.3666,BCC+FCC
1,1.7978,2,4.74,57.965,0.0532,27.0545,0.1847,0.3667,BCC+FCC
1,2.4772,1.9,4.69,54.375,0.055,23.8025,0.1913,0.3668,BCC+FCC
1,1.4547,2.1,4.79,56.055,0.0499,25.2615,0.1753,0.3663,BCC+FCC
1,2.1226,1.95,4.7075,54.03,0.0532,23.975,0.1861,0.3666,BCC+FCC
1,2.4755,1.9,4.6825,52.235,0.0541,21.776,0.1894,0.3667,BCC+FCC
1,1.6015,2,4.725,59.185,0.0518,29.3305,0.1807,0.3661,BCC+FCC
1,2.0883,1.95,4.7,51.89,0.0522,21.914,0.1839,0.3664,BCC+FCC
1,31.9783,1.5,4.7155,52.86,0.047,18.492,0.1816,0.2028,BCC+FCC
1,3.7189,1.7,4.686,47.69,0.0535,13.362,0.197,0.303,BCC+FCC
1,6.6327,1.7,4.6955,53.07,0.0527,18.429,0.189,0.2485,BCC+FCC
1,9.935,1.65,4.667,49.365,0.0523,13.0805,0.1879,0.2892,BCC+FCC
1,2.1939,1.75,4.6295,65.95,0.0477,33.985,0.1809,0.2908,BCC+FCC
1,2.3094,1.7,4.6395,69.18,0.0464,36.256,0.1745,0.2869,BCC+FCC
1,2.0551,1.8,4.6545,62.245,0.0493,31.353,0.1812,0.2924,BCC+FCC
1,3.6335,1.8,4.666,48.115,0.0547,13.4555,0.1938,0.3319,BCC+FCC
1,1.9343,1.8,4.6285,64.915,0.0471,34.7095,0.1778,0.3275,BCC+FCC
1,3.0183,1.85,4.6835,47.77,0.0531,13.559,0.1897,0.3317,BCC+FCC
1,6.4076,1.5,4.464,71.715,0.0501,25.1635,0.1781,0.1791,BCC+FCC
1,6.6809,1.5,4.5165,66.475,0.0512,24.9725,0.1743,0.1796,BCC+FCC
1,13.8809,1.55,4.5265,69.49,0.048,26.76,0.1709,0.1795,BCC+FCC
1,8.4677,1.5,4.599,66.075,0.0498,27.79,0.1724,0.1802,BCC+FCC
1,4.1961,1.4,4.654,63.005,0.0501,27.247,0.1736,0.1793,BCC+FCC
1,11.0872,1.55,4.624,62.37,0.0468,25.541,0.1643,0.1785,BCC+FCC
1,16.8771,1.55,4.6165,65.73,0.0477,28.066,0.1675,0.1799,BCC+FCC
1,27.6918,1.5,4.5305,72.58,0.0517,30.97,0.1886,0.2367,BCC+FCC
1,24.4728,1.55,4.578,58.795,0.0516,22.473,0.1766,0.2363,BCC+FCC
1,43.2873,1.55,4.563,65.515,0.0529,28.238,0.1839,0.2375,BCC+FCC
1,8.7589,1.45,4.6105,65.805,0.0562,30.4365,0.191,0.2388,BCC+FCC
1,11.9059,1.55,4.5405,75.595,0.0451,31.8455,0.1758,0.2347,BCC+FCC
1,3695.5358,1.6,4.5955,58.45,0.0498,22.68,0.1731,0.2361,BCC+FCC
1,20.6395,1.55,4.623,56.915,0.0494,21.4925,0.1728,0.2357,BCC+FCC
1,28.2372,1.6,4.5805,65.17,0.0506,28.514,0.1786,0.2372,BCC+FCC
1,15.7986,1.55,4.668,55.035,0.0466,20.136,0.1687,0.2348,BCC+FCC
1,10.3062,1.65,4.552,61.25,0.0538,26.325,0.1881,0.2845,BCC+FCC
1,7.0204,1.65,4.537,67.97,0.0497,30.927,0.1854,0.2828,BCC+FCC
1,6.0147,1.6,4.5495,73.155,0.0468,34.045,0.1827,0.2814,BCC+FCC
1,10.7584,1.65,4.612,52.65,0.0506,17.44,0.1777,0.2837,BCC+FCC
1,6.605,1.65,4.582,66.09,0.0512,31.428,0.1856,0.2842,BCC+FCC
1,5.059,1.65,4.5745,69.45,0.0482,33.245,0.181,0.2829,BCC+FCC
1,12.5858,1.65,4.6495,54.13,0.051,20.498,0.1799,0.2843,BCC+FCC
1,4.399,1.7,4.5995,65.745,0.0487,31.704,0.1782,0.2838,BCC+FCC
1,6.2652,1.65,4.627,64.21,0.0522,31.553,0.1853,0.2851,BCC+FCC
1,8.7421,1.7,4.6745,50.425,0.0466,15.5725,0.1709,0.2829,BCC+FCC
1,7.9685,1.7,4.667,53.785,0.0494,20.636,0.1763,0.2841,BCC+FCC
1,3.9052,1.75,4.6245,62.04,0.0484,29.422,0.1744,0.2843,BCC+FCC
1,5.3347,1.7,4.652,60.505,0.051,28.747,0.1803,0.2851,BCC+FCC
1,5.5905,1.75,4.6845,53.44,0.0477,20.774,0.1721,0.2839,BCC+FCC
1,3.5111,1.8,4.6495,58.335,0.0473,26.399,0.1696,0.2842,BCC+FCC
1,4.6642,1.75,4.677,56.8,0.049,25.2,0.1743,0.2846,BCC+FCC
1,3.7837,1.75,4.6695,60.16,0.049,28.954,0.174,0.2849,BCC+FCC
1,2.3653,1.8,4.6345,65.055,0.0437,32.256,0.1605,0.2832,BCC+FCC
1,4.663,1.7,4.546,65.53,0.0517,31.876,0.1927,0.3245,BCC+FCC
1,2.8691,1.75,4.556,68.545,0.0445,34.0595,0.1763,0.322,BCC+FCC
1,3.948,1.8,4.656,49.52,0.0506,15.844,0.1809,0.3267,BCC+FCC
1,2.5007,1.8,4.626,62.96,0.0484,32.428,0.1773,0.3255,BCC+FCC
1,1.8411,1.85,4.5825,65.76,0.0434,35.342,0.171,0.3594,BCC+FCC
1,1.6256,1.95,4.6325,58.35,0.0467,30.04,0.1716,0.3633,BCC+FCC
4,3.8758,1.95,4.7665,78.67,0.0305,12.601,0.1195,0.1692,FCC
4,3.7205,1.9,4.7665,80.32,0.0331,13.096,0.1294,0.1714,FCC
4,3.8938,1.9,4.734,80.235,0.0309,13.0705,0.1267,0.1704,FCC
3,4.0116,2,4.824,75.05,0.0286,14.98,0.109,0.1675,FCC
4,3.8196,1.95,4.824,76.7,0.0318,15.64,0.1207,0.17,FCC
4,3.9817,1.95,4.7915,76.615,0.0307,15.606,0.1192,0.1696,FCC
3,4.1385,1.95,4.759,76.53,0.0292,15.572,0.1172,0.169,FCC
3,4.0939,2,4.849,72.995,0.028,17.4175,0.1081,0.1673,FCC
4,4.236,2,4.8165,72.91,0.0276,17.375,0.1072,0.1673,FCC
4,4.3695,2,4.784,72.825,0.0267,17.3325,0.1057,0.167,FCC
4,3.8539,1.95,4.849,74.645,0.0314,18.2425,0.12,0.17,FCC
3,4.1882,1.95,4.784,74.475,0.0296,18.1575,0.117,0.1694,FCC
3,3.5933,1.9,4.849,76.295,0.0349,19.0675,0.1307,0.1725,FCC
3,3.9776,1.9,4.784,76.125,0.0324,18.9825,0.127,0.1717,FCC
4,4.1577,1.9,4.7515,76.04,0.0305,18.94,0.1243,0.171,FCC
3,4.3312,1.9,4.719,75.955,0.028,18.8975,0.121,0.1699,FCC
4,3.9612,1.85,4.7515,77.69,0.0331,19.765,0.133,0.173,FCC
4,4.1572,1.85,4.719,77.605,0.0306,19.7225,0.1294,0.1718,FCC
3,4.1217,2,4.874,70.94,0.0271,19.444,0.107,0.1669,FCC
4,4.2737,2,4.8415,70.855,0.027,19.393,0.1064,0.1672,FCC
4,4.4129,2,4.809,70.77,0.0265,19.342,0.1052,0.1671,FCC
3,4.5409,2,4.7765,70.685,0.0255,19.291,0.1033,0.1669,FCC
1,3.8342,1.95,4.874,72.59,0.0308,20.434,0.1192,0.1697,FCC
3,4.0183,1.95,4.8415,72.505,0.0305,20.383,0.1183,0.1698,FCC
1,4.1884,1.95,4.809,72.42,0.0297,20.332,0.1168,0.1697,FCC
2,4.4949,1.95,4.744,72.25,0.0266,20.23,0.1118,0.1686,FCC
4,3.5309,1.9,4.874,74.24,0.0346,21.424,0.1301,0.1724,FCC
4,3.7445,1.9,4.8415,74.155,0.034,21.373,0.1288,0.1724,FCC
4,3.9412,1.9,4.809,74.07,0.0328,21.322,0.127,0.1721,FCC
3,4.1258,1.9,4.7765,73.985,0.0312,21.271,0.1246,0.1715,FCC
4,3.8979,1.85,4.7765,75.635,0.0341,22.261,0.1335,0.1737,FCC
4,4.0949,1.85,4.744,75.55,0.0318,22.21,0.1301,0.1728,FCC
4,3.8861,1.8,4.744,77.2,0.0353,23.2,0.1378,0.1747,FCC
2,4.098,2,4.899,68.885,0.0259,21.0595,0.1057,0.1664,FCC
2,4.264,2,4.8665,68.8,0.0262,21,0.1054,0.1668,FCC
3,4.4115,2,4.834,68.715,0.0261,20.9405,0.1045,0.167,FCC
4,4.5433,2,4.8015,68.63,0.0254,20.881,0.1029,0.167,FCC
4,4.6584,2,4.769,68.545,0.0243,20.8215,0.1007,0.1667,FCC
4,3.7612,1.95,4.899,70.535,0.0299,22.2145,0.1183,0.1693,FCC
1,3.9638,1.95,4.8665,70.45,0.03,22.155,0.1176,0.1696,FCC
2,4.1448,1.95,4.834,70.365,0.0295,22.0955,0.1164,0.1697,FCC
2,4.3091,1.95,4.8015,70.28,0.0286,22.036,0.1145,0.1695,FCC
4,4.4577,1.95,4.769,70.195,0.0272,21.9765,0.112,0.1691,FCC
2,3.6494,1.9,4.8665,72.1,0.0337,23.31,0.1284,0.1723,FCC
3,3.861,1.9,4.834,72.015,0.033,23.2505,0.1268,0.1722,FCC
3,4.0532,1.9,4.8015,71.93,0.0318,23.191,0.1247,0.1719,FCC
1,4.0198,2,4.924,66.83,0.0245,22.264,0.1044,0.1656,FCC
3,4.2074,2,4.8915,66.745,0.0252,22.196,0.1043,0.1663,FCC
2,4.3676,2,4.859,66.66,0.0254,22.128,0.1036,0.1667,FCC
3,4.506,2,4.8265,66.575,0.0251,22.06,0.1024,0.1669,FCC
3,4.6231,2,4.794,66.49,0.0244,21.992,0.1005,0.1668,FCC
2,3.8603,1.95,4.8915,68.395,0.0292,23.516,0.1168,0.1692,FCC
1,4.0585,1.95,4.859,68.31,0.0291,23.448,0.1158,0.1695,FCC
1,4.2322,1.95,4.8265,68.225,0.0286,23.38,0.1142,0.1695,FCC
2,4.3843,1.95,4.794,68.14,0.0275,23.312,0.112,0.1693,FCC
4,4.5117,1.95,4.7615,68.055,0.026,23.244,0.1092,0.1689,FCC
1,3.4995,1.9,4.8915,70.045,0.0333,24.836,0.1279,0.172,FCC
3,3.736,1.9,4.859,69.96,0.0329,24.768,0.1265,0.1721,FCC
4,3.9415,1.9,4.8265,69.875,0.032,24.7,0.1247,0.1721,FCC
2,4.1231,1.9,4.794,69.79,0.0307,24.632,0.1222,0.1717,FCC
4,4.2804,1.9,4.7615,69.705,0.0289,24.564,0.119,0.1711,FCC
4,3.8763,2,4.949,64.775,0.0228,23.0575,0.1029,0.1647,FCC
3,4.0991,2,4.9165,64.69,0.0239,22.981,0.103,0.1655,FCC
3,4.2799,2,4.884,64.605,0.0245,22.9045,0.1027,0.1662,FCC
3,4.4298,2,4.8515,64.52,0.0246,22.828,0.1017,0.1666,FCC
3,4.5521,2,4.819,64.435,0.0242,22.7515,0.1001,0.1667,FCC
4,3.9263,1.95,4.884,66.255,0.0285,24.3895,0.1151,0.1691,FCC
4,4.1161,1.95,4.8515,66.17,0.0283,24.313,0.1138,0.1693,FCC
4,4.4053,1.95,4.7865,66,0.0265,24.16,0.1094,0.1691,FCC
2,3.5589,1.9,4.884,67.905,0.0325,25.8745,0.1261,0.1718,FCC
3,2.7023,2.05,4.7555,74.405,0.0314,15.842,0.1259,0.2284,FCC
4,2.6639,2.05,4.813,72.435,0.0329,18.2575,0.1271,0.2294,FCC
3,2.9769,2,4.7155,73.83,0.0302,18.955,0.1299,0.2288,FCC
4,2.6785,2.05,4.838,70.38,0.0326,20.228,0.1265,0.2295,FCC
3,2.794,2.05,4.8055,70.295,0.0318,20.177,0.1253,0.2292,FCC
2,2.8977,2.05,4.773,70.21,0.0305,20.126,0.1235,0.2288,FCC
2,2.6542,2.05,4.863,68.325,0.0321,21.7875,0.1258,0.2294,FCC
4,3.0708,2.05,4.733,67.985,0.0274,21.5495,0.1184,0.2279,FCC
3,3.0688,2,4.733,69.635,0.03,22.7045,0.1275,0.2295,FCC
4,2.8539,2.05,4.823,66.1,0.0307,22.8,0.123,0.2292,FCC
2,2.9579,2.05,4.7905,66.015,0.0297,22.732,0.1211,0.2289,FCC
2,3.044,2.05,4.758,65.93,0.0281,22.664,0.1186,0.2284,FCC
3,3.0193,2,4.758,67.58,0.031,23.984,0.128,0.2301,FCC
4,2.6502,2.05,4.8805,64.13,0.0306,23.597,0.1235,0.2291,FCC
4,2.8986,2.05,4.8155,63.96,0.0297,23.444,0.1209,0.2291,FCC
2,2.9904,2.05,4.783,63.875,0.0286,23.3675,0.1187,0.2288,FCC
2,3.0577,2.05,4.7505,63.79,0.0269,23.291,0.1159,0.2283,FCC
4,3.0905,2.05,4.718,63.705,0.0248,23.2145,0.1123,0.2275,FCC
4,2.811,2.05,4.8405,61.905,0.0296,23.745,0.1206,0.2291,FCC
1,1.9081,1.85,4.7195,82.095,0.0484,20.2165,0.1736,0.2824,BCC+FCC
1,1.9866,1.8,4.687,83.66,0.0478,21.588,0.1737,0.2811,BCC+FCC
1,1.9711,2,4.777,75.175,0.0425,20.7475,0.1589,0.2817,BCC+FCC
1,2.0485,1.95,4.7445,76.74,0.0439,21.53,0.163,0.2818,BCC+FCC
1,1.9824,1.9,4.7445,78.39,0.047,22.355,0.1691,0.2828,BCC+FCC
1,2.0554,1.85,4.712,79.955,0.0474,23.1375,0.1705,0.2821,BCC+FCC
1,2.2085,1.85,4.6795,79.87,0.0451,23.095,0.1656,0.2802,BCC+FCC
1,1.7548,1.9,4.802,76.42,0.05,24.972,0.1729,0.285,BCC+FCC
1,1.7854,1.95,4.827,72.715,0.0476,25.9805,0.1665,0.2843,BCC+FCC
1,1.9598,1.95,4.7945,72.63,0.0457,25.921,0.1641,0.2836,BCC+FCC
1,2.1386,1.8,4.697,77.325,0.0467,29.2075,0.1681,0.2824,BCC+FCC
1,1.9682,2,4.8195,68.925,0.0432,26.18,0.1572,0.2828,BCC+FCC
1,1.9943,1.8,4.722,75.27,0.048,31.256,0.1699,0.284,BCC+FCC
1,2.0409,1.75,4.6895,76.835,0.0463,32.508,0.1677,0.2828,BCC+FCC
1,1.9583,1.9,4.772,67.86,0.0462,30.82,0.1625,0.2843,BCC+FCC
1,1.7595,1.95,4.701,75.69,0.0484,25.654,0.1746,0.3238,BCC+FCC
1,1.6122,2.15,4.791,67.205,0.0413,23.2435,0.1563,0.3238,BCC+FCC
1,1.6956,2.05,4.7585,70.42,0.046,25.494,0.1681,0.325,BCC+FCC
1,1.6421,2,4.7585,72.07,0.0492,26.649,0.1742,0.3259,BCC+FCC
1,1.7725,2,4.726,71.985,0.0472,26.5895,0.1706,0.3245,BCC+FCC
1,1.6786,1.85,4.6935,76.85,0.0498,29.995,0.1796,0.3246,BCC+FCC
1,1.5847,2.15,4.816,65.15,0.0418,24.28,0.1563,0.3243,BCC+FCC
1,1.6408,2.05,4.7835,68.365,0.0469,26.852,0.1687,0.3259,BCC+FCC
1,1.7642,2.05,4.751,68.28,0.0452,26.784,0.1656,0.3248,BCC+FCC
1,1.8394,1.9,4.686,73.06,0.0477,30.608,0.172,0.3239,BCC+FCC
1,1.6398,2.15,4.8085,63.01,0.0409,24.829,0.1544,0.3242,BCC+FCC
1,1.4793,2.1,4.841,64.745,0.0458,26.3905,0.164,0.326,BCC+FCC
1,1.7353,2.1,4.776,64.575,0.0424,26.2375,0.1596,0.3246,BCC+FCC
1,1.5487,2.05,4.8085,66.31,0.0478,27.799,0.1691,0.3266,BCC+FCC
1,1.8719,1.9,4.6785,70.92,0.0465,31.948,0.168,0.3236,BCC+FCC
1,1.5687,2.15,4.8335,60.955,0.0412,25.035,0.1543,0.3246,BCC+FCC
1,1.7687,2.1,4.7685,62.435,0.0416,26.515,0.1571,0.3245,BCC+FCC
1,1.6907,1.95,4.736,67.3,0.0486,31.38,0.1709,0.3262,BCC+FCC
1,1.8429,2.05,4.7285,61.86,0.0427,28.086,0.157,0.3243,BCC+FCC
1,1.6547,2,4.761,63.595,0.0474,29.9945,0.1669,0.3264,BCC+FCC
1,1.479,2.15,4.851,56.76,0.0406,24.112,0.1524,0.3247,BCC+FCC
1,1.3195,2.2,4.73,68.7,0.0436,22.58,0.168,0.3622,BCC+FCC
1,1.4598,2.2,4.665,68.53,0.0406,22.478,0.1615,0.359,BCC+FCC
1,1.5129,2.15,4.665,70.18,0.0438,23.468,0.1672,0.3595,BCC+FCC
1,1.586,2.15,4.6325,70.095,0.042,23.417,0.1627,0.3575,BCC+FCC
1,1.6179,2.15,4.6575,68.04,0.0429,24.948,0.1641,0.3593,BCC+FCC
1,1.5453,2.1,4.69,69.775,0.0474,26.1625,0.1737,0.3617,BCC+FCC
1,1.6378,2.1,4.6575,69.69,0.0454,26.103,0.1691,0.3597,BCC+FCC
1,1.5726,2.2,4.6825,64.335,0.0407,24.748,0.1595,0.3603,BCC+FCC
1,1.6134,2.15,4.6825,65.985,0.0438,26.068,0.1653,0.3609,BCC+FCC
1,1.6888,2.15,4.65,65.9,0.0421,26,0.1608,0.3591,BCC+FCC
1,1.5205,2.1,4.715,67.72,0.0484,27.456,0.1748,0.3632,BCC+FCC
1,1.4145,2,4.715,71.02,0.0523,30.096,0.1845,0.3643,BCC+FCC
1,1.6632,2.15,4.675,63.845,0.043,26.7005,0.1622,0.3607,BCC+FCC
1,1.5378,2.05,4.7075,67.23,0.0496,29.747,0.1768,0.3635,BCC+FCC
1,1.5179,2.2,4.7325,60.225,0.0422,25.425,0.1612,0.3627,BCC+FCC
1,1.3069,2.15,4.7975,62.045,0.0491,27.245,0.1736,0.3657,BCC+FCC
1,1.4291,2.15,4.765,61.96,0.0473,27.16,0.1707,0.3647,BCC+FCC
1,1.6884,2.15,4.6675,61.705,0.0422,26.905,0.1588,0.3605,BCC+FCC
1,1.505,2.1,4.7325,63.525,0.0485,28.725,0.173,0.3643,BCC+FCC
1,1.6094,2.1,4.7,63.44,0.0465,28.64,0.1687,0.3627,BCC+FCC
1,1.7644,2.1,4.635,63.27,0.0425,28.47,0.1578,0.359,BCC+FCC
1,1.4426,2.05,4.7325,65.175,0.0507,30.375,0.1781,0.365,BCC+FCC
1,1.7616,2.05,4.635,64.92,0.044,30.12,0.1618,0.3593,BCC+FCC
1,1.5005,2,4.7,66.74,0.0499,31.94,0.1777,0.3638,BCC+FCC
1,1.4608,2.2,4.7575,58.17,0.043,25.147,0.1619,0.3637,BCC+FCC
1,1.4559,2.15,4.7575,59.82,0.0465,26.962,0.1682,0.3646,BCC+FCC
1,1.6949,2.1,4.66,61.215,0.0436,28.4965,0.1599,0.3608,BCC+FCC
1,1.6146,2.15,4.685,57.51,0.0422,26.132,0.1568,0.3617,BCC+FCC
1,1.6376,2.05,4.6525,60.725,0.0441,29.99,0.1597,0.361,BCC+FCC
1,1.5285,2.15,4.71,55.455,0.0431,25.1715,0.1582,0.363,BCC+FCC
1,1.5593,2.1,4.6775,57.02,0.0436,27.206,0.1578,0.3621,BCC+FCC
1,1.4498,2,4.6775,60.32,0.0464,31.496,0.1656,0.3631,BCC+FCC
1,1.2066,2.25,4.6865,66,0.0467,24.64,0.1753,0.3977,BCC+FCC
1,1.335,2.25,4.6215,65.83,0.0433,24.521,0.1669,0.3935,BCC+FCC
1,1.2393,2.2,4.6865,67.65,0.0495,25.795,0.1807,0.3981,BCC+FCC
1,1.3307,2.2,4.679,65.51,0.0485,26.808,0.1778,0.3978,BCC+FCC
1,1.4103,2.2,4.6465,65.425,0.0465,26.74,0.1732,0.3957,BCC+FCC
1,1.603,2.1,4.5815,68.555,0.0446,29.244,0.1681,0.3904,BCC+FCC
1,1.6779,2.1,4.549,68.47,0.0421,29.176,0.16,0.3871,BCC+FCC
1,1.2085,2.25,4.7365,61.89,0.0485,26.061,0.1769,0.4005,BCC+FCC
1,1.3091,2.2,4.704,63.455,0.0495,27.4695,0.1789,0.3995,BCC+FCC
1,1.3951,2.2,4.6715,63.37,0.0476,27.393,0.1746,0.3976,BCC+FCC
1,1.5714,2.1,4.6065,66.5,0.0459,30.21,0.1708,0.3931,BCC+FCC
1,1.6497,2.1,4.574,66.415,0.0434,30.1335,0.1632,0.3901,BCC+FCC
1,1.2573,2.25,4.729,59.75,0.0477,26.07,0.1744,0.4003,BCC+FCC
1,1.3356,2.25,4.6965,59.665,0.046,25.985,0.1707,0.3988,BCC+FCC
1,1.4395,2.15,4.664,62.88,0.0484,29.2,0.1757,0.3977,BCC+FCC
1,1.5908,2.15,4.599,62.71,0.044,29.03,0.1632,0.3928,BCC+FCC
1,1.2029,2.25,4.754,57.695,0.0486,25.7445,0.1751,0.4015,BCC+FCC
1,1.2941,2.2,4.7215,59.26,0.0496,27.466,0.1771,0.4007,BCC+FCC
1,1.5153,2.2,4.624,59.005,0.0437,27.1855,0.1619,0.395,BCC+FCC
1,1.533,2.15,4.624,60.655,0.0451,29.0005,0.1657,0.3951,BCC+FCC
1,1.3938,2.2,4.6815,57.035,0.0467,26.682,0.1694,0.3988,BCC+FCC
1,1.4552,2.2,4.649,56.95,0.0447,26.58,0.164,0.3969,BCC+FCC
1,1.3795,2.15,4.6815,58.685,0.0485,28.662,0.1738,0.3992,BCC+FCC
1,1.2137,2.2,4.739,55.065,0.0497,25.7845,0.1753,0.4018,BCC+FCC
1,1.3802,2.2,4.674,54.895,0.0457,25.5635,0.1658,0.3986,BCC+FCC
1,1.4175,2.2,4.6415,54.81,0.0438,25.453,0.1599,0.3967,BCC+FCC
1,1.2732,2.15,4.7065,56.63,0.0496,27.819,0.1755,0.4008,BCC+FCC
1,1.2046,2.2,4.7315,52.925,0.0487,24.255,0.1723,0.4016,BCC+FCC
1,1.7584,1.85,4.5275,69.625,0.0448,30.75,0.1855,0.2758,BCC+FCC
1,1.5108,1.95,4.6025,60.16,0.0484,29.106,0.1924,0.2855,BCC+FCC
1,1.8212,1.9,4.611,64.72,0.0443,29.98,0.1748,0.2681,BCC+FCC
1,1.3204,2.05,4.6275,54.805,0.0466,24.656,0.1889,0.287,BCC+FCC
1,2.0064,1.8,4.6695,66.82,0.0436,33.012,0.1637,0.2541,BCC+FCC
1,1.5043,1.9,4.625,61.7,0.0475,32.34,0.1854,0.313,BCC+FCC
1,1.6399,1.75,4.6335,69.56,0.0435,37.146,0.1709,0.2973,BCC+FCC
1,1.1259,2.1,4.6415,50.135,0.0505,22.119,0.1975,0.3301,BCC+FCC
1,1.3815,2.05,4.65,54.695,0.046,25.3635,0.1798,0.314,BCC+FCC
1,1.418,1.95,4.65,57.995,0.0484,29.6535,0.1859,0.315,BCC+FCC
1,1.3978,1.9,4.65,59.645,0.0488,31.7985,0.1882,0.3153,BCC+FCC
1,1.5678,1.8,4.6585,65.855,0.0455,35.616,0.1726,0.2993,BCC+FCC
1,1.6004,2.05,4.5115,65.95,0.0409,30.305,0.1601,0.3614,BCC+FCC
1,1.5617,2.05,4.5365,63.895,0.0422,30.805,0.1641,0.3648,BCC+FCC
1,1.4759,2.1,4.5615,60.19,0.0434,29.079,0.1661,0.3681,BCC+FCC
1,1.4196,2.1,4.5865,58.135,0.0445,28.592,0.1692,0.3708,BCC+FCC
1,1.2644,2.2,4.6115,52.78,0.0432,23.404,0.166,0.3729,BCC+FCC
1,1.2568,2.15,4.6365,52.375,0.0457,24.075,0.1717,0.3751,BCC+FCC
1,2.194,2,4.529,62.835,0.0447,20.0985,0.1687,0.199,BCC+FCC
1,2.504,1.95,4.539,66.065,0.0427,22.035,0.1619,0.1944,BCC+FCC
1,2.123,2,4.554,60.78,0.0457,19.876,0.1719,0.2026,BCC+FCC
1,2.0943,2,4.614,58.25,0.0444,19.575,0.1675,0.2029,BCC+FCC
1,2.4358,1.9,4.538,68.33,0.0424,26.37,0.1617,0.2418,BCC+FCC
1,2.1384,1.95,4.553,63.045,0.0453,24.664,0.1718,0.2488,BCC+FCC
1,2.3275,1.9,4.563,66.275,0.0437,26.9025,0.1655,0.2451,BCC+FCC
1,2.5256,1.8,4.573,71.155,0.0417,30.145,0.16,0.2413,BCC+FCC
1,2.2262,1.95,4.623,62.095,0.043,25.424,0.16,0.2455,BCC+FCC
1,1.7392,2,4.628,55.23,0.0489,19.735,0.1795,0.257,BCC+FCC
1,1.7519,1.95,4.628,56.88,0.0492,22.21,0.1817,0.2575,BCC+FCC
1,2.2063,1.8,4.658,66.57,0.0443,31.744,0.1615,0.2444,BCC+FCC
1,2.088,1.75,4.658,68.22,0.0445,33.724,0.1639,0.245,BCC+FCC
1,2.02,1.85,4.517,67.435,0.038,31.052,0.1673,0.2857,BCC+FCC
1,1.987,1.85,4.552,66.96,0.0412,31.432,0.169,0.288,BCC+FCC
1,2.123,1.85,4.562,68.54,0.0416,31.464,0.1637,0.2854,BCC+FCC
1,1.8736,1.8,4.622,67.66,0.0434,34.172,0.1655,0.2879,BCC+FCC
1,1.3458,2.05,4.625,55.425,0.0471,26.2375,0.1742,0.3675,BCC+FCC
1,1.9334,1.95,4.6055,65.795,0.042,27.1755,0.1923,0.2302,BCC+FCC
1,1.4727,2.1,4.6195,57.825,0.0417,24.6075,0.1935,0.2783,BCC+FCC
1,1.5546,2.05,4.6195,59.475,0.0441,26.4225,0.1974,0.2791,BCC+FCC
1,1.1968,2,4.871,62.1,0.0529,27.36,0.1963,0.2778,BCC+FCC
1,1.5184,1.95,4.8795,66.66,0.0482,27.584,0.1762,0.2573,BCC+FCC
1,1.1333,2.05,4.896,58.395,0.0491,25.4545,0.1893,0.2765,BCC+FCC
1,1.5503,1.95,4.872,64.52,0.0474,28.07,0.1746,0.2572,BCC+FCC
1,1.3589,1.95,4.811,67.665,0.0542,29.6085,0.1911,0.3041,BCC+FCC
1,1.2625,2.05,4.8685,62.395,0.0495,27.065,0.1807,0.3027,BCC+FCC
1,1.3311,2,4.836,63.96,0.0519,28.63,0.1855,0.3036,BCC+FCC
1,1.1059,2.05,4.8125,55.12,0.0547,25.916,0.2004,0.3212,BCC+FCC
1,1.1002,2.1,4.8325,61.835,0.054,27.625,0.1916,0.3445,BCC+FCC
1,1.17,2.05,4.8,63.4,0.0553,29.19,0.1951,0.3446,BCC+FCC
1,1.1961,2.05,4.7925,61.26,0.0544,29.136,0.1928,0.3445,BCC+FCC
1,1.1465,2.1,4.8175,57.555,0.0523,26.776,0.1877,0.3442,BCC+FCC
1,1.1521,2.1,4.81,55.415,0.0515,25.7095,0.1855,0.3441,BCC+FCC
1,1.4514,2.05,4.858,61.53,0.0502,22.633,0.1802,0.253,BCC+FCC
1,1.4823,2.05,4.8505,59.39,0.0495,22.178,0.1785,0.2529,BCC+FCC
1,1.5888,2,4.818,60.955,0.0518,24.056,0.1828,0.2538,BCC+FCC
1,1.8353,1.9,4.7955,65.75,0.051,28.225,0.1779,0.249,BCC+FCC
1,1.6011,2,4.8105,58.815,0.0509,23.3295,0.1806,0.2537,BCC+FCC
1,1.7836,1.95,4.8205,62.045,0.0488,26.314,0.1726,0.2482,BCC+FCC
1,1.8458,1.75,4.602,74.065,0.043,34.175,0.1804,0.2889,BCC+FCC
1,1.4036,2.05,4.832,64.2,0.0525,25.26,0.1832,0.2948,BCC+FCC
1,1.5355,2,4.842,67.43,0.0504,26.737,0.1751,0.2898,BCC+FCC
1,1.7073,1.85,4.702,70.46,0.052,31.52,0.1878,0.2931,BCC+FCC
1,1.7742,1.8,4.627,70.36,0.0464,33.466,0.1838,0.2921,BCC+FCC
1,1.7777,1.8,4.712,73.69,0.0505,32.371,0.181,0.289,BCC+FCC
1,1.442,2.05,4.8245,62.06,0.0517,25.286,0.1813,0.2946,BCC+FCC
1,1.5227,2,4.792,63.625,0.0531,27.0075,0.1846,0.2949,BCC+FCC
1,1.8163,1.75,4.6295,71.45,0.0437,35.615,0.1723,0.2884,BCC+FCC
1,1.8358,1.75,4.672,73.115,0.0464,35.125,0.1729,0.2871,BCC+FCC
1,1.6089,1.95,4.752,63.05,0.0523,28.64,0.1832,0.2946,BCC+FCC
1,1.4766,2.05,4.8095,57.78,0.05,24.054,0.177,0.2943,BCC+FCC
1,1.5567,2.05,4.852,59.445,0.0456,25.264,0.1643,0.2885,BCC+FCC
1,1.4299,2,4.692,56.015,0.0534,22.9825,0.1922,0.3018,BCC+FCC
1,1.5419,1.95,4.702,59.245,0.0518,26.893,0.1856,0.2978,BCC+FCC
1,1.666,1.95,4.787,62.575,0.0492,29.02,0.1716,0.2899,BCC+FCC
1,1.7268,1.8,4.6895,67.27,0.0466,34.654,0.1684,0.2882,BCC+FCC
1,1.428,2,4.766,66.295,0.0537,29.425,0.1856,0.3319,BCC+FCC
1,1.2909,2.1,4.781,59.36,0.0542,25.332,0.1886,0.3361,BCC+FCC
1,1.5126,1.95,4.726,65.72,0.0519,31.382,0.1827,0.3309,BCC+FCC
1,1.5631,1.9,4.6935,67.285,0.0501,33.1035,0.1807,0.3296,BCC+FCC
1,1.3796,2.05,4.741,58.785,0.0533,26.4805,0.187,0.3355,BCC+FCC
1,1.5641,1.85,4.6535,66.71,0.0458,35.102,0.1713,0.3274,BCC+FCC
1,1.3723,2.05,4.7335,56.645,0.0523,25.323,0.1839,0.3353,BCC+FCC
1,1.5,1.9,4.6785,63.005,0.0475,32.9165,0.172,0.3291,BCC+FCC
1,1.1196,2.2,4.805,54.62,0.0513,23.136,0.1798,0.3704,BCC+FCC
1,2.2326,1.8,4.6805,77.85,0.0455,24.71,0.1624,0.2367,BCC+FCC
1,2.1994,1.85,4.7055,74.145,0.045,25.8615,0.1582,0.2367,BCC+FCC
1,2.4035,1.7,4.6605,79.1,0.0434,29.55,0.1607,0.2361,BCC+FCC
1,2.2972,1.8,4.7105,71.69,0.0441,30.401,0.1558,0.237,BCC+FCC
1,1.5621,1.85,4.712,81.83,0.0516,20.698,0.18,0.2847,BCC+FCC
1,1.748,1.75,4.692,83.08,0.0497,25.208,0.18,0.2838,BCC+FCC
1,1.6287,1.95,4.762,74.42,0.0497,23.772,0.1701,0.2848,BCC+FCC
1,1.9167,1.75,4.677,78.8,0.0468,30.32,0.1721,0.2832,BCC+FCC
1,1.9137,1.85,4.682,73.27,0.0464,29.656,0.1668,0.2838,BCC+FCC
1,1.9904,1.8,4.6495,74.835,0.0442,30.908,0.1646,0.2825,BCC+FCC
1,1.9565,1.75,4.6695,76.66,0.0454,32.368,0.1678,0.283,BCC+FCC
1,1.871,1.9,4.707,69.565,0.0463,29.6085,0.1637,0.2842,BCC+FCC
1,1.9376,1.85,4.6745,71.13,0.0451,31.017,0.163,0.2835,BCC+FCC
1,1.9987,1.8,4.642,72.695,0.0427,32.4255,0.16,0.2823,BCC+FCC
1,1.9191,1.8,4.6945,72.955,0.0464,32.6595,0.1666,0.284,BCC+FCC
1,1.7347,2,4.817,64.555,0.0447,27.515,0.1575,0.2838,BCC+FCC
1,1.7885,1.95,4.7845,66.12,0.0464,29.08,0.1616,0.2845,BCC+FCC
1,1.9304,1.85,4.667,68.99,0.0437,31.95,0.1589,0.2833,BCC+FCC
1,1.9084,1.8,4.687,70.815,0.0451,33.775,0.1624,0.2838,BCC+FCC
1,1.7489,2,4.8095,62.415,0.0439,27.5765,0.1552,0.2836,BCC+FCC
1,1.8174,1.95,4.7245,63.72,0.0443,29.012,0.1563,0.284,BCC+FCC
1,1.8599,1.9,4.692,65.285,0.0439,30.7335,0.1565,0.2838,BCC+FCC
1,1.8534,1.85,4.712,67.11,0.0454,32.741,0.1604,0.2844,BCC+FCC
1,1.4048,1.85,4.6885,80.955,0.0519,25.053,0.1873,0.3252,BCC+FCC
1,1.3788,1.95,4.746,75.685,0.0535,25.651,0.1838,0.3273,BCC+FCC
1,1.5178,1.85,4.681,78.815,0.0504,27.6105,0.1837,0.3249,BCC+FCC
1,1.4453,2,4.7185,71.72,0.0508,26.404,0.177,0.3266,BCC+FCC
1,1.3938,2,4.771,71.98,0.0524,26.586,0.1789,0.3275,BCC+FCC
1,1.6622,1.9,4.646,72.71,0.0464,30.328,0.1726,0.3241,BCC+FCC
1,1.6934,1.9,4.6385,70.57,0.0449,31.633,0.1684,0.3238,BCC+FCC
1,1.6857,1.85,4.6585,72.395,0.0461,33.2755,0.1715,0.3242,BCC+FCC
1,1.6964,1.9,4.631,68.43,0.0435,32.51,0.1638,0.3236,BCC+FCC
1,1.6459,1.85,4.6435,68.115,0.0433,34.9665,0.1619,0.3237,BCC+FCC
1,1.5734,1.95,4.701,62.845,0.0464,31.414,0.1645,0.3261,BCC+FCC
1,1.2481,2.1,4.7525,65.575,0.0524,28.2575,0.1807,0.3661,BCC+FCC
1,1.3208,2.1,4.6925,63.175,0.0494,28.375,0.1752,0.3648,BCC+FCC
1,1.5253,1.9,4.615,69.695,0.0435,34.895,0.1694,0.3596,BCC+FCC
1,1.1536,2.2,4.8025,58.165,0.048,25.1415,0.1691,0.3658,BCC+FCC
1,1.2409,2.15,4.77,59.73,0.0497,26.863,0.173,0.366,BCC+FCC
1,1.3123,2.1,4.7375,61.295,0.0502,28.5845,0.1753,0.3657,BCC+FCC
1,1.3541,2.05,4.69,58.58,0.0473,29.234,0.1685,0.3646,BCC+FCC
1,1.0763,2.1,4.8795,58.505,0.0516,25.3555,0.2129,0.2849,BCC+FCC
1,1.0903,2.1,4.872,56.365,0.051,24.598,0.2117,0.2848,BCC+FCC
1,2.1258,1.7,4.648,71.275,0.0416,35.2525,0.1563,0.2406,BCC+FCC
1,1.6233,1.85,4.601,66.45,0.0412,34.79,0.1611,0.3246,BCC+FCC
4,9.8904,1.85,4.739,70.5,0.0317,16.42,0.1111,0.1654,FCC
4,6.9727,2,4.8065,73.745,0.0275,13.768,0.1009,0.165,FCC
3,90.5937,1.9,4.789,70.24,0.0293,16.954,0.1065,0.165,FCC
4,31.9383,1.9,4.7565,70.155,0.0295,16.903,0.1075,0.1652,FCC
4,17.4614,1.85,4.7965,68.53,0.0299,18.051,0.1075,0.1646,FCC
3,12.3328,1.85,4.764,68.445,0.0304,17.9915,0.1092,0.165,FCC
4,8.4522,1.8,4.7715,66.735,0.0309,18.738,0.1098,0.1647,FCC
4,6.7417,1.8,4.739,66.65,0.0315,18.67,0.1117,0.1651,FCC
4,4.1966,1.7,4.7215,63.145,0.0329,19.035,0.1139,0.1648,FCC
3,18.1489,1.95,4.8065,69.895,0.0272,17.437,0.1027,0.1648,FCC
4,24.8774,1.95,4.774,69.81,0.0275,17.386,0.1031,0.1649,FCC
4,61.5666,1.9,4.8465,68.27,0.0275,18.559,0.1028,0.1638,FCC
4,945.591,1.9,4.814,68.185,0.028,18.4995,0.1045,0.1644,FCC
3,50.9695,1.9,4.7815,68.1,0.0281,18.44,0.1058,0.1649,FCC
4,24.9769,1.9,4.749,68.015,0.0285,18.3805,0.1065,0.165,FCC
4,15.3471,1.85,4.789,66.39,0.0291,19.152,0.1071,0.1645,FCC
2,11.206,1.85,4.7565,66.305,0.0293,19.084,0.1086,0.1649,FCC
3,6.3592,1.8,4.7315,64.51,0.0306,19.369,0.1112,0.165,FCC
4,5.1835,1.8,4.699,64.425,0.0305,19.2925,0.1124,0.1652,FCC
4,6.5432,1.75,4.7715,62.885,0.0305,19.465,0.1095,0.164,FCC
4,4.4092,1.75,4.7065,62.715,0.0318,19.295,0.1137,0.165,FCC
4,3.3132,1.7,4.6815,60.92,0.033,18.862,0.1159,0.1651,FCC
3,7.1538,2,4.8565,69.635,0.0249,17.971,0.0977,0.1642,FCC
2,13.644,1.95,4.864,67.925,0.0256,19.0075,0.0997,0.1637,FCC
2,21.6506,1.95,4.799,67.755,0.0263,18.8885,0.1016,0.1647,FCC
2,126.6046,1.9,4.839,66.13,0.0268,19.634,0.1024,0.1637,FCC
4,105.8066,1.9,4.8065,66.045,0.027,19.566,0.1039,0.1643,FCC
3,20.2465,1.9,4.7415,65.875,0.0274,19.43,0.1053,0.1649,FCC
4,32.2736,1.85,4.8465,64.42,0.027,19.978,0.1028,0.1629,FCC
2,19.3816,1.85,4.814,64.335,0.0279,19.9015,0.1049,0.1638,FCC
3,13.5198,1.85,4.7815,64.25,0.0282,19.825,0.1066,0.1644,FCC
4,7.8356,1.85,4.7165,64.08,0.0284,19.672,0.1086,0.1649,FCC
4,28.0348,1.8,4.8865,62.795,0.0247,20.065,0.0986,0.1606,FCC
3,9.2491,1.8,4.789,62.54,0.029,19.81,0.1073,0.1638,FCC
2,7.317,1.8,4.7565,62.455,0.0294,19.725,0.1092,0.1644,FCC
2,5.9048,1.8,4.724,62.37,0.0294,19.64,0.1106,0.1648,FCC
4,4.7995,1.8,4.6915,62.285,0.0294,19.555,0.1116,0.165,FCC
4,9.7324,1.75,4.829,60.915,0.0275,19.5465,0.1038,0.1619,FCC
4,7.5824,1.75,4.7965,60.83,0.029,19.453,0.1069,0.163,FCC
4,6.0999,1.75,4.764,60.745,0.0301,19.3595,0.1095,0.1639,FCC
3,4.9906,1.75,4.7315,60.66,0.0306,19.266,0.1116,0.1645,FCC
3,4.1054,1.75,4.699,60.575,0.0307,19.1725,0.1132,0.1649,FCC
2,3.3509,1.75,4.6665,60.49,0.0304,19.079,0.1144,0.1651,FCC
4,7.1104,2,4.8815,67.58,0.0234,19.456,0.0958,0.1635,FCC
2,7.6283,2,4.849,67.495,0.0241,19.3965,0.0965,0.1641,FCC
4,8.2232,2,4.8165,67.41,0.0245,19.337,0.0966,0.1645,FCC
4,8.9387,2,4.784,67.325,0.0243,19.2775,0.0962,0.1646,FCC
3,12.8101,1.95,4.889,65.87,0.0244,20.116,0.0974,0.1628,FCC
3,19.2147,1.95,4.824,65.7,0.0249,19.98,0.0999,0.1642,FCC
3,26.3105,1.95,4.7915,65.615,0.0253,19.912,0.1004,0.1645,FCC
2,44.1749,1.95,4.759,65.53,0.0253,19.844,0.1002,0.1646,FCC
2,61.3106,1.9,4.864,64.075,0.0255,20.3575,0.1001,0.1628,FCC
2,55.7505,1.9,4.799,63.905,0.0257,20.2045,0.1031,0.1642,FCC
2,26.6584,1.9,4.7665,63.82,0.0262,20.128,0.1038,0.1646,FCC
3,16.7191,1.9,4.734,63.735,0.0263,20.0515,0.104,0.1647,FCC
2,16.4898,1.85,4.8065,62.195,0.027,20.155,0.1045,0.1637,FCC
1,11.9125,1.85,4.774,62.11,0.027,20.07,0.106,0.1643,FCC
4,9.0503,1.85,4.7415,62.025,0.0271,19.985,0.107,0.1647,FCC
2,7.0431,1.85,4.709,61.94,0.0273,19.9,0.1074,0.1648,FCC
4,8.4003,1.8,4.7815,60.4,0.0283,19.67,0.107,0.1637,FCC
3,6.6915,1.8,4.749,60.315,0.0283,19.5765,0.1087,0.1643,FCC
4,5.3944,1.8,4.7165,60.23,0.028,19.483,0.1099,0.1647,FCC
2,4.3335,1.8,4.684,60.145,0.0283,19.3895,0.1106,0.1649,FCC
1,7.5,2,4.874,65.44,0.0225,20.462,0.0948,0.1634,FCC
3,8.0622,2,4.8415,65.355,0.0233,20.394,0.0952,0.164,FCC
4,8.7164,2,4.809,65.27,0.0235,20.326,0.095,0.1643,FCC
4,11.9586,1.95,4.914,63.815,0.0231,20.8135,0.0951,0.1616,FCC
2,14.1285,1.95,4.8815,63.73,0.0234,20.737,0.0969,0.1627,FCC
4,17.2557,1.95,4.849,63.645,0.0233,20.6605,0.0981,0.1635,FCC
4,22.4304,1.95,4.8165,63.56,0.024,20.584,0.0988,0.164,FCC
3,33.1514,1.95,4.784,63.475,0.0244,20.5075,0.099,0.1644,FCC
3,70.8768,1.95,4.7515,63.39,0.0243,20.431,0.0985,0.1645,FCC
3,37.232,1.9,4.7915,61.765,0.0248,20.415,0.1022,0.1641,FCC
1,20.9948,1.9,4.759,61.68,0.0253,20.33,0.1026,0.1645,FCC
3,20.5567,1.85,4.8315,60.14,0.0259,20.074,0.1023,0.1628,FCC
3,14.1455,1.85,4.799,60.055,0.026,19.9805,0.104,0.1636,FCC
2,10.4649,1.85,4.7665,59.97,0.0256,19.887,0.1052,0.1642,FCC
3,8.0145,1.85,4.734,59.885,0.0262,19.7935,0.1059,0.1645,FCC
3,9.6597,1.8,4.8065,58.345,0.0271,19.204,0.1047,0.1628,FCC
4,7.5678,1.8,4.774,58.26,0.0273,19.102,0.1066,0.1636,FCC
4,7.3076,2,4.899,63.385,0.021,21.1165,0.0929,0.1625,FCC
4,7.8488,2,4.8665,63.3,0.0218,21.04,0.0936,0.1633,FCC
1,8.4544,2,4.834,63.215,0.0224,20.9635,0.0937,0.1639,FCC
3,9.1656,2,4.8015,63.13,0.0226,20.887,0.0932,0.1642,FCC
3,12.9896,1.95,4.9065,61.675,0.0223,21.015,0.0946,0.1616,FCC
3,15.591,1.95,4.874,61.59,0.0223,20.93,0.0961,0.1626,FCC
4,19.5545,1.95,4.8415,61.505,0.0225,20.845,0.0971,0.1634,FCC
2,26.737,1.95,4.809,61.42,0.0232,20.76,0.0975,0.1639,FCC
1,44.7576,1.95,4.7765,61.335,0.0234,20.675,0.0974,0.1643,FCC
3,58.6922,1.9,4.8815,59.88,0.0235,20.478,0.0974,0.1616,FCC
1,1724.5353,1.9,4.849,59.795,0.0236,20.3845,0.0991,0.1626,FCC
2,58.7098,1.9,4.8165,59.71,0.0232,20.291,0.1004,0.1634,FCC
4,27.3088,1.9,4.784,59.625,0.024,20.1975,0.1011,0.164,FCC
4,16.8564,1.9,4.7515,59.54,0.0243,20.104,0.1012,0.1643,FCC
3,11.4537,1.9,4.719,59.455,0.0242,20.0105,0.1008,0.1644,FCC
4,17.0438,1.85,4.824,58,0.0249,19.48,0.1019,0.1627,FCC
1,12.1614,1.85,4.7915,57.915,0.0247,19.378,0.1034,0.1635,FCC
1,9.1213,1.85,4.759,57.83,0.0248,19.276,0.1043,0.164,FCC
3,8.5623,1.8,4.799,56.205,0.0263,18.2165,0.1044,0.1627,FCC
3,5.3308,1.8,4.734,56.035,0.0255,17.9955,0.1073,0.1641,FCC
4,6.5049,2,4.9565,61.415,0.0199,21.445,0.0892,0.1603,FCC
3,7.0441,2,4.924,61.33,0.0199,21.36,0.0908,0.1615,FCC
2,7.5806,2,4.8915,61.245,0.0201,21.275,0.0918,0.1625,FCC
1,8.1526,2,4.859,61.16,0.0211,21.19,0.0922,0.1632,FCC
4,8.7963,2,4.8265,61.075,0.0216,21.105,0.092,0.1637,FCC
2,14.0982,1.95,4.899,59.535,0.0213,20.7885,0.094,0.1615,FCC
3,17.2627,1.95,4.8665,59.45,0.0209,20.695,0.0952,0.1625,FCC
3,22.4295,1.95,4.834,59.365,0.0218,20.6015,0.0959,0.1633,FCC
4,33.0506,1.95,4.8015,59.28,0.0224,20.508,0.0961,0.1638,FCC
2,70.3675,1.95,4.769,59.195,0.0225,20.4145,0.0956,0.1641,FCC
2,106.3153,1.9,4.874,57.74,0.0226,19.858,0.0969,0.1615,FCC
3,129.667,1.9,4.8415,57.655,0.0223,19.756,0.0984,0.1625,FCC
3,37.8541,1.9,4.809,57.57,0.0224,19.654,0.0994,0.1633,FCC
4,20.9117,1.9,4.7765,57.485,0.0231,19.552,0.0998,0.1639,FCC
1,13.5357,1.9,4.744,57.4,0.0234,19.45,0.0997,0.1642,FCC
3,14.2668,1.85,4.8165,55.86,0.0238,18.458,0.1013,0.1626,FCC
1,10.4094,1.85,4.784,55.775,0.0231,18.3475,0.1026,0.1634,FCC
2,7.814,1.85,4.7515,55.69,0.0239,18.237,0.1033,0.1639,FCC
4,5.3561,2,4.7455,71.39,0.0334,16.355,0.1253,0.2276,FCC
3,3.5359,2.05,4.7955,71.13,0.0318,16.915,0.1211,0.2277,FCC
3,3.7532,2.05,4.763,71.045,0.0311,16.8725,0.1205,0.2274,FCC
4,4.8217,2,4.803,69.42,0.0328,18.272,0.1241,0.2279,FCC
4,5.352,2,4.7705,69.335,0.0328,18.221,0.1242,0.2277,FCC
4,16.5823,1.9,4.753,65.83,0.0346,19.824,0.1292,0.228,FCC
4,32.1381,1.9,4.7205,65.745,0.0348,19.756,0.1299,0.2279,FCC
4,12.7932,1.85,4.663,63.865,0.0356,19.9085,0.1328,0.2276,FCC
2,3.7987,2.05,4.788,68.99,0.0307,18.704,0.1197,0.2275,FCC
4,4.0287,2.05,4.7555,68.905,0.0299,18.653,0.1188,0.2272,FCC
2,5.2446,2,4.7955,67.28,0.0319,19.676,0.1231,0.2277,FCC
4,5.839,2,4.763,67.195,0.0317,19.6165,0.123,0.2276,FCC
3,7.2005,1.95,4.803,65.57,0.0323,20.306,0.1253,0.2277,FCC
4,8.6677,1.95,4.7705,65.485,0.0327,20.238,0.1259,0.2278,FCC
4,14.8601,1.95,4.7055,65.315,0.0322,20.102,0.1258,0.2273,FCC
3,54.5871,1.9,4.713,63.605,0.0337,20.3645,0.1289,0.2277,FCC
3,78.0644,1.9,4.6805,63.52,0.0333,20.288,0.1289,0.2274,FCC
3,18.8514,1.85,4.688,61.81,0.0347,20.2,0.1316,0.2278,FCC
4,10.7414,1.85,4.6555,61.725,0.0344,20.115,0.1318,0.2275,FCC
4,12.3113,1.8,4.6955,60.1,0.0354,19.77,0.1333,0.228,FCC
4,7.9343,1.8,4.663,60.015,0.0357,19.6765,0.1341,0.2279,FCC
2,3.5617,2.05,4.8455,67.02,0.0299,20.184,0.1188,0.2275,FCC
2,6.2843,2,4.7555,65.055,0.0306,20.584,0.1216,0.2275,FCC
4,5.7278,1.95,4.8605,63.6,0.0303,21.05,0.1224,0.227,FCC
4,12.4751,1.95,4.7305,63.26,0.0316,20.744,0.1248,0.2275,FCC
4,17.9715,1.95,4.698,63.175,0.031,20.6675,0.1243,0.2272,FCC
2,3.7268,2.05,4.838,64.88,0.0291,21.134,0.1176,0.2274,FCC
4,4.1875,2.05,4.773,64.71,0.0286,20.998,0.1164,0.2273,FCC
4,4.427,2.05,4.7405,64.625,0.0276,20.93,0.1149,0.2269,FCC
4,4.8602,2,4.8455,63.17,0.0293,21.353,0.1204,0.2272,FCC
2,5.3742,2,4.813,63.085,0.0299,21.2765,0.1207,0.2275,FCC
2,5.9696,2,4.7805,63,0.03,21.2,0.1206,0.2275,FCC
1,6.6934,2,4.748,62.915,0.0296,21.1235,0.1201,0.2273,FCC
3,7.6225,2,4.7155,62.83,0.0287,21.047,0.1189,0.227,FCC
4,10.7431,1.95,4.7555,61.205,0.0308,20.975,0.1238,0.2276,FCC
3,14.3456,1.95,4.723,61.12,0.0306,20.89,0.1235,0.2274,FCC
2,22.373,1.95,4.6905,61.035,0.0298,20.805,0.1227,0.227,FCC
2,24.1246,1.9,4.6655,59.24,0.0309,20.204,0.1261,0.2271,FCC
3,3.3857,2.05,4.8955,62.91,0.027,21.809,0.1161,0.2267,FCC
3,3.6267,2.05,4.863,62.825,0.0279,21.7325,0.1164,0.2271,FCC
3,3.8584,2.05,4.8305,62.74,0.0283,21.656,0.1163,0.2273,FCC
2,4.0871,2.05,4.798,62.655,0.0281,21.5795,0.1157,0.2273,FCC
4,4.3165,2.05,4.7655,62.57,0.0275,21.503,0.1145,0.2271,FCC
1,4.5466,2.05,4.733,62.485,0.0264,21.4265,0.1127,0.2268,FCC
4,4.6031,2,4.8705,61.115,0.0276,21.575,0.1188,0.2268,FCC
3,5.0932,2,4.838,61.03,0.0286,21.49,0.1194,0.2272,FCC
4,5.6392,2,4.8055,60.945,0.029,21.405,0.1196,0.2274,FCC
1,6.2773,2,4.773,60.86,0.029,21.32,0.1192,0.2274,FCC
2,7.0604,2,4.7405,60.775,0.0285,21.235,0.1184,0.2272,FCC
4,11.9411,1.95,4.748,59.065,0.0299,20.7015,0.1225,0.2274,FCC
3,16.6736,1.95,4.7155,58.98,0.0295,20.608,0.122,0.2273,FCC
1,29.4433,1.95,4.683,58.895,0.0286,20.5145,0.1209,0.2269,FCC
4,24.4972,1.9,4.7555,57.355,0.0306,19.826,0.1254,0.2275,FCC
3,84.6373,1.9,4.723,57.27,0.0308,19.724,0.1256,0.2275,FCC
4,48.4448,1.9,4.6905,57.185,0.0305,19.622,0.1253,0.2273,FCC
2,3.4852,2.05,4.888,60.77,0.0264,21.92,0.1151,0.2266,FCC
3,3.7258,2.05,4.8555,60.685,0.0272,21.835,0.1152,0.227,FCC
4,3.9551,2.05,4.823,60.6,0.0274,21.75,0.1148,0.2272,FCC
2,4.1777,2.05,4.7905,60.515,0.0272,21.665,0.1139,0.2272,FCC
1,4.3937,2.05,4.758,60.43,0.0264,21.58,0.1124,0.227,FCC
3,4.5951,2.05,4.7255,60.345,0.0252,21.495,0.1103,0.2266,FCC
3,5.2929,2,4.8305,58.89,0.0278,21.199,0.1184,0.2271,FCC
1,5.866,2,4.798,58.805,0.0282,21.1055,0.1183,0.2273,FCC
3,6.5385,2,4.7655,58.72,0.0281,21.012,0.1176,0.2273,FCC
2,7.3634,2,4.733,58.635,0.0274,20.9185,0.1165,0.2271,FCC
4,8.4132,2,4.7005,58.55,0.0263,20.825,0.1148,0.2267,FCC
4,8.2789,1.95,4.8055,57.095,0.0285,20.204,0.1213,0.2271,FCC
3,10.1833,1.95,4.773,57.01,0.029,20.102,0.1215,0.2273,FCC
3,13.2966,1.95,4.7405,56.925,0.0289,20,0.1211,0.2273,FCC
1,19.7115,1.95,4.708,56.84,0.0284,19.898,0.1203,0.2271,FCC
2,17.1684,1.9,4.7805,55.3,0.0292,18.85,0.1241,0.2271,FCC
3,1232.611,1.9,4.7155,55.13,0.0298,18.629,0.1244,0.2274,FCC
4,427.2002,1.85,4.7555,53.505,0.0298,17.137,0.1266,0.2272,FCC
4,3.2958,2.05,4.913,58.715,0.0247,21.6965,0.1136,0.226,FCC
4,3.5556,2.05,4.8805,58.63,0.0259,21.603,0.114,0.2266,FCC
4,3.7918,2.05,4.848,58.545,0.0265,21.5095,0.1138,0.2269,FCC
4,4.0125,2.05,4.8155,58.46,0.0266,21.416,0.1131,0.2271,FCC
1,4.2186,2.05,4.783,58.375,0.0262,21.3225,0.1119,0.2271,FCC
3,4.4025,2.05,4.7505,58.29,0.0253,21.229,0.1101,0.2269,FCC
2,5.4535,2,4.823,56.75,0.0271,20.48,0.1172,0.227,FCC
2,6.0435,2,4.7905,56.665,0.0274,20.378,0.1168,0.2271,FCC
4,6.7296,2,4.758,56.58,0.0271,20.276,0.1159,0.2271,FCC
3,7.5428,2,4.7255,56.495,0.0263,20.174,0.1144,0.2269,FCC
4,8.8025,1.95,4.798,54.955,0.0278,19.0915,0.1203,0.227,FCC
4,11.0038,1.95,4.7655,54.87,0.0281,18.981,0.1202,0.2272,FCC
2,14.8201,1.95,4.733,54.785,0.028,18.8705,0.1196,0.2272,FCC
4,20.6478,1.9,4.773,53.16,0.0285,17.344,0.1232,0.2271,FCC
2,53.4987,1.9,4.7405,53.075,0.0289,17.225,0.1233,0.2272,FCC
1,25.6281,1.85,4.667,61.68,0.0421,20.5,0.1521,0.2788,BCC+FCC
1,37.2493,1.8,4.6745,59.97,0.0428,20.057,0.1532,0.2791,BCC+FCC
1,34.782,1.75,4.682,58.26,0.0431,19.272,0.1535,0.2793,BCC+FCC
3,2.5679,2.1,4.752,68.43,0.035,19.488,0.1372,0.2778,FCC
4,3.8083,2.05,4.6945,66.55,0.0347,20.285,0.1393,0.2772,FCC
2,5.841,2,4.6695,64.755,0.0359,20.774,0.1426,0.2772,FCC
4,8.2201,1.95,4.677,63.045,0.0383,20.9805,0.1464,0.278,FCC
4,271.3125,1.9,4.6195,61.165,0.0383,20.675,0.1487,0.2774,FCC
1,132.1085,1.8,4.667,57.83,0.0419,19.446,0.1528,0.279,BCC+FCC
1,8.4284,1.75,4.6095,55.95,0.043,18.055,0.1556,0.2788,BCC+FCC
2,4.079,2.05,4.687,64.41,0.0333,21.188,0.1374,0.277,FCC
4,6.425,2,4.662,62.615,0.0346,21.2835,0.141,0.2771,FCC
4,14.0458,1.95,4.637,60.82,0.0358,21.02,0.1442,0.2772,FCC
4,2.7091,2.1,4.7695,64.235,0.0339,21.738,0.135,0.2781,FCC
4,2.857,2.1,4.737,64.15,0.0326,21.67,0.1335,0.2775,FCC
2,3.0014,2.1,4.7045,64.065,0.0308,21.602,0.1315,0.2768,FCC
4,3.9356,2.05,4.712,62.355,0.0337,21.7395,0.1371,0.2776,FCC
3,5.8622,2,4.687,60.56,0.0348,21.45,0.1405,0.2777,FCC
2,6.971,2,4.6545,60.475,0.0333,21.365,0.1391,0.2769,FCC
4,2.8037,2.1,4.762,62.095,0.0328,22.1955,0.1332,0.2779,FCC
4,2.9464,2.1,4.7295,62.01,0.0314,22.119,0.1315,0.2774,FCC
2,3.0801,2.1,4.697,61.925,0.0295,22.0425,0.1291,0.2766,FCC
4,4.0921,2.05,4.7045,60.215,0.0325,21.795,0.1353,0.2774,FCC
4,4.4509,2.05,4.672,60.13,0.0307,21.71,0.1333,0.2767,FCC
1,7.4442,2,4.647,58.335,0.032,21.0185,0.1372,0.2768,FCC
4,12.4205,1.95,4.6545,56.625,0.0347,20.07,0.1422,0.2776,FCC
2,2.7237,2.1,4.787,60.04,0.0327,22.31,0.1328,0.2782,FCC
1,3.1062,2.1,4.6895,59.785,0.0282,22.055,0.1265,0.2764,FCC
4,3.8763,2.05,4.7295,58.16,0.0327,21.516,0.135,0.2779,FCC
4,4.191,2.05,4.697,58.075,0.0313,21.4225,0.1332,0.2773,FCC
2,4.5113,2.05,4.6645,57.99,0.0294,21.329,0.1309,0.2765,FCC
4,2.8922,2.1,4.747,57.815,0.0306,21.8265,0.1292,0.2777,FCC
3,2.9973,2.1,4.7145,57.73,0.029,21.733,0.1268,0.2771,FCC
2,3.0563,2.1,4.682,57.645,0.0269,21.6395,0.1237,0.2763,FCC
2,2.8718,2.1,4.7395,55.675,0.0296,21,0.1269,0.2775,FCC
4,3.6696,2.05,4.747,53.965,0.0317,19.6145,0.1328,0.278,FCC
4,3.901,2.05,4.7145,53.88,0.0306,19.504,0.131,0.2776,FCC
1,1.814,2.15,4.7485,67.955,0.04,20.323,0.1534,0.3222,BCC+FCC
1,3.2728,2.05,4.666,64.28,0.0406,21.514,0.1583,0.3215,BCC+FCC
1,3.8494,2,4.6735,62.57,0.0433,21.673,0.162,0.3224,BCC+FCC
1,2.4935,2.1,4.716,64.02,0.0399,21.996,0.1549,0.3221,BCC+FCC
1,2.3205,2.05,4.7885,62.48,0.0431,22.282,0.1591,0.3238,BCC+FCC
1,2.584,2.05,4.756,62.395,0.0429,22.2055,0.1591,0.3235,BCC+FCC
1,3.1972,2.05,4.691,62.225,0.041,22.0525,0.1579,0.3222,BCC+FCC
1,2.0731,2.1,4.806,62.135,0.0415,22.6615,0.1558,0.3236,BCC+FCC
1,2.2607,2.1,4.7735,62.05,0.0411,22.585,0.1554,0.3233,BCC+FCC
1,1.8704,2.15,4.816,59.65,0.0391,23.04,0.1506,0.3234,BCC+FCC
1,1.5975,2.2,4.73,63.2,0.0427,23.15,0.1646,0.3624,BCC+FCC
1,1.6973,2.2,4.6975,63.115,0.0404,23.082,0.1625,0.3613,BCC+FCC
1,1.689,2.2,4.7225,61.06,0.0415,23.504,0.1627,0.3622,BCC+FCC
4,3.0264,1.7,4.639,62.515,0.0387,21.3065,0.1731,0.1716,FCC
2,15.6121,1.8,4.643,57.15,0.0344,19.48,0.1501,0.1954,FCC
4,9.789,1.75,4.6505,55.44,0.0362,18.242,0.1529,0.1959,FCC
1,2.1677,1.95,4.6285,54.405,0.0423,21.676,0.1922,0.2422,BCC+FCC
3,86.8901,1.85,4.6605,56.805,0.0321,19.756,0.1458,0.1952,FCC
1,6.9793,1.8,4.6595,52.185,0.0411,17.589,0.1806,0.2225,BCC+FCC
4,27.4085,1.8,4.668,55.095,0.0342,18.4835,0.1493,0.1957,FCC
1,8.6797,1.75,4.667,50.475,0.0431,15.5125,0.1834,0.2231,BCC+FCC
1,9.9142,1.7,4.6745,48.765,0.0443,13.094,0.1853,0.2235,BCC+FCC
4,10.5766,1.9,4.678,56.46,0.0298,20.032,0.1408,0.1949,FCC
4,28.8456,1.85,4.6855,54.75,0.0321,18.725,0.1452,0.1955,FCC
1,5.7363,1.8,4.6845,50.13,0.0412,15.685,0.1801,0.2229,BCC+FCC
1,6.6412,1.75,4.692,48.42,0.0427,13.232,0.1826,0.2233,BCC+FCC
2,8.738,1.9,4.703,54.405,0.03,18.9665,0.1405,0.1952,FCC
4,17.3442,1.85,4.7105,52.695,0.0318,17.283,0.1445,0.1956,FCC
1,5.8662,1.7,4.5545,57.625,0.0455,19.1,0.1752,0.2511,BCC+FCC
1,10.2953,1.75,4.572,57.28,0.043,19.376,0.1721,0.2508,BCC+FCC
1,8.7329,1.7,4.5795,55.57,0.0452,18.151,0.1742,0.2517,BCC+FCC
1,3.9566,1.9,4.591,55.39,0.0402,20.888,0.1881,0.2703,BCC+FCC
1,42.4405,1.7,4.6295,51.46,0.0438,15.02,0.1721,0.2523,BCC+FCC
1,2.1368,1.95,4.6,52.135,0.0484,20.5555,0.207,0.2893,BCC+FCC
1,24.3962,1.8,4.6395,52.825,0.0405,17.205,0.1672,0.2517,BCC+FCC
1,3.2499,1.9,4.641,51.28,0.0423,18.132,0.1883,0.2724,BCC+FCC
1,3.6644,1.85,4.6485,49.57,0.0453,15.965,0.1924,0.2734,BCC+FCC
1,1.455,2.05,4.635,51.445,0.0461,21.0385,0.1944,0.2886,BCC+FCC
1,1.7519,1.95,4.675,45.97,0.0504,14.611,0.2085,0.2931,BCC+FCC
1,2.667,1.9,4.691,47.17,0.044,13.784,0.1882,0.2738,BCC+FCC
1,1.9465,2.05,4.59,54.14,0.043,21.888,0.1855,0.3119,BCC+FCC
1,5.1283,1.9,4.621,51.92,0.0421,17.748,0.1767,0.298,BCC+FCC
1,1.4586,2.1,4.6575,49.685,0.0431,19.089,0.1806,0.3146,BCC+FCC
1,1.6734,2.05,4.665,47.975,0.0449,16.7625,0.188,0.3161,BCC+FCC
1,1.408,2.15,4.5715,53.235,0.0451,22.612,0.1847,0.3489,BCC+FCC
1,1.3959,2.2,4.619,49.42,0.0433,19.248,0.1726,0.3747,BCC+FCC
3,9.0858,1.75,4.6415,58.04,0.0374,18.768,0.1813,0.1643,FCC
4,19.2216,1.85,4.6765,57.35,0.0328,19.32,0.1736,0.1639,FCC
4,6.7586,1.9,4.694,57.005,0.0305,19.596,0.1689,0.1636,FCC
4,14.2639,1.85,4.7015,55.295,0.0333,18.3435,0.1733,0.1637,FCC
3,4.0153,1.95,4.658,56.445,0.0337,20.044,0.1802,0.2261,FCC
2,5.7692,1.9,4.6655,54.735,0.0367,18.7355,0.1852,0.2266,FCC
3,3.7403,1.95,4.683,54.39,0.0344,18.977,0.1804,0.2264,FCC
3,20.801,1.9,4.674,58.75,0.0355,19.235,0.2065,0.2677,FCC
4,7.0521,1.95,4.6915,58.405,0.0332,19.5455,0.2027,0.2678,FCC
4,133.9339,1.85,4.7065,54.985,0.0386,17.3205,0.2088,0.2635,FCC
4,6.6901,1.8,4.6665,56.425,0.0322,17.5525,0.1336,0.1754,FCC
1,3.2686,1.95,4.629,53.18,0.0467,14.16,0.1833,0.2068,BCC+FCC
4,5.0016,1.95,4.649,56.34,0.0343,17.612,0.1551,0.1917,FCC
4,163.5624,1.85,4.674,54.5,0.0351,16.2,0.1494,0.185,FCC
2,12.7062,1.85,4.684,56.08,0.0301,17.794,0.1291,0.1752,FCC
4,26.6571,1.8,4.6815,52.79,0.0369,14.355,0.1531,0.1855,FCC
4,4.5431,1.95,4.674,54.285,0.0348,16.329,0.1556,0.1927,FCC
3,6.5497,1.95,4.684,55.865,0.0303,17.9445,0.1383,0.1839,FCC
4,12.1185,1.9,4.6915,54.155,0.033,16.407,0.1443,0.1847,FCC
4,17.0332,1.85,4.709,54.025,0.0297,16.485,0.1284,0.1752,FCC
4,79.2148,1.8,4.7065,50.735,0.0364,12.306,0.1524,0.1855,FCC
1,5.2797,1.7,4.603,54.845,0.0427,15.993,0.1595,0.236,BCC+FCC
3,14.5977,1.85,4.6055,57.92,0.0363,18.864,0.1504,0.2343,FCC
1,2.3779,2.05,4.5955,55.91,0.0428,17.913,0.1693,0.2492,BCC+FCC
3,11.1563,1.95,4.6405,57.23,0.0312,19.416,0.1398,0.2338,FCC
2,31.6502,1.9,4.648,55.52,0.0342,18.186,0.1452,0.2347,FCC
1,5.4828,2,4.658,56.885,0.0287,19.692,0.1333,0.2335,FCC
2,9.0923,1.95,4.6655,55.175,0.0319,18.4275,0.1398,0.2344,FCC
2,18.1123,1.9,4.673,53.465,0.0344,16.821,0.1448,0.2351,FCC
3,2.7939,2.05,4.6655,54.96,0.0323,18.578,0.1436,0.2402,FCC
4,4.9965,2,4.683,54.83,0.0296,18.669,0.1336,0.2342,FCC
4,12.6305,1.9,4.698,51.41,0.0343,15.045,0.1443,0.2354,FCC
4,24.0135,1.85,4.7055,49.7,0.0356,12.74,0.1478,0.2356,FCC
4,6.4041,1.85,4.649,59.54,0.0272,19.414,0.11,0.1657,FCC
2,12.6978,1.9,4.6665,59.195,0.0249,19.7245,0.104,0.1655,FCC
4,7.4206,1.85,4.674,57.485,0.0267,18.862,0.1091,0.1658,FCC
2,133.386,1.95,4.684,58.85,0.0226,20.035,0.0969,0.1652,FCC
3,16.231,1.9,4.6915,57.14,0.0246,19.138,0.1033,0.1656,FCC
2,7.853,2,4.648,58.29,0.0259,20.539,0.1155,0.2268,FCC
4,4.2918,2.05,4.6655,57.945,0.0234,20.8495,0.1074,0.2266,FCC
1,1.5799,1.85,4.846,53.635,0.0516,20.6955,0.2073,0.2485,BCC+FCC
1,1.508,1.95,4.8685,55.725,0.0472,21.98,0.1903,0.2751,BCC+FCC
1,1.7401,1.9,4.836,51.79,0.0472,18.846,0.1915,0.2751,BCC+FCC
1,1.7787,1.9,4.8285,49.65,0.0467,16.775,0.191,0.275,BCC+FCC
1,1.4283,2,4.871,51.1,0.0453,19.26,0.1862,0.2748,BCC+FCC
1,1.8835,1.85,4.8135,57.055,0.0461,20.916,0.1794,0.3004,BCC+FCC
1,0.9008,2.1,4.834,53.62,0.0604,23.664,0.2224,0.3387,BCC+FCC
1,1.641,2,4.866,56.02,0.0433,21.744,0.1738,0.3001,BCC+FCC
1,1.3347,2.1,4.8935,53.19,0.041,21.007,0.1671,0.2997,BCC+FCC
1,1.5497,2.05,4.8685,51.395,0.0414,19.083,0.1695,0.2998,BCC+FCC
1,0.9325,2.15,4.8315,53.915,0.057,23.428,0.2084,0.3609,BCC+FCC
1,0.9574,2.15,4.824,51.775,0.0563,21.9975,0.2071,0.3608,BCC+FCC
1,1.118,2.15,4.865,54.77,0.048,22.744,0.1817,0.343,BCC+FCC
1,0.9726,2.15,4.8165,49.635,0.0556,20.139,0.2056,0.3606,BCC+FCC
1,1.1541,2.15,4.85,50.49,0.0468,19.626,0.1791,0.3428,BCC+FCC
1,1.3199,2.1,4.825,48.695,0.0474,17.2525,0.1818,0.3428,BCC+FCC
1,2.386,1.9,4.8315,59.895,0.0507,18.644,0.1871,0.2052,BCC+FCC
4,3.0638,1.95,4.9115,56.46,0.0323,18.718,0.1444,0.184,FCC
1,2.1029,1.95,4.8305,58.86,0.0497,19.472,0.1833,0.252,BCC+FCC
1,2.201,1.95,4.823,56.72,0.0491,18.536,0.1824,0.2519,BCC+FCC
1,1.6511,2.05,4.858,56.03,0.0468,19.019,0.1755,0.2516,BCC+FCC
1,1.9569,2,4.822,55.685,0.0481,19.2605,0.1786,0.2929,BCC+FCC
1,2.3313,1.95,4.7895,51.75,0.048,15.725,0.1799,0.2928,BCC+FCC
1,2.3884,1.95,4.782,49.61,0.0474,13.494,0.179,0.2927,BCC+FCC
1,1.6804,2.05,4.782,49.395,0.0515,13.6735,0.1873,0.2986,BCC+FCC
1,1.6036,2.05,4.786,55.125,0.0541,19.6525,0.1916,0.3361,BCC+FCC
1,1.6653,2.05,4.7785,52.985,0.0534,18.129,0.1905,0.3359,BCC+FCC
1,2.4254,2,4.669,64.045,0.0351,19.346,0.1229,0.1733,FCC
1,4.309,1.9,4.664,58.575,0.0348,19.0425,0.1265,0.1723,FCC
4,4.0774,2,4.829,75.51,0.0345,15.164,0.1596,0.1709,FCC
3,4.2121,2,4.7965,75.425,0.0332,15.13,0.1586,0.1714,FCC
3,4.3059,2,4.8215,73.37,0.0335,17.605,0.1582,0.1708,FCC
3,4.4396,2,4.789,73.285,0.032,17.5625,0.157,0.1713,FCC
3,4.1933,2,4.879,71.4,0.034,19.72,0.1583,0.169,FCC
3,4.3463,2,4.8465,71.315,0.0335,19.669,0.1577,0.17,FCC
2,4.4862,2,4.814,71.23,0.0324,19.618,0.1567,0.1707,FCC
1,4.1711,2,4.904,69.345,0.0334,21.3815,0.1576,0.1679,FCC
4,4.3387,2,4.8715,69.26,0.0332,21.322,0.1572,0.169,FCC
2,4.4871,2,4.839,69.175,0.0325,21.2625,0.1564,0.1699,FCC
4,4.734,2,4.774,69.005,0.0296,21.1435,0.1534,0.171,FCC
4,4.0935,2,4.929,67.29,0.0325,22.632,0.1567,0.1665,FCC
1,4.2831,2,4.8965,67.205,0.0327,22.564,0.1565,0.1678,FCC
4,4.4447,2,4.864,67.12,0.0324,22.496,0.1559,0.1689,FCC
2,4.5838,2,4.8315,67.035,0.0316,22.428,0.1548,0.1698,FCC
2,4.1749,2,4.9215,65.15,0.0319,23.395,0.1557,0.1665,FCC
3,4.3576,2,4.889,65.065,0.032,23.3185,0.1553,0.1678,FCC
4,2.2363,2.05,4.8405,68.435,0.0321,19.651,0.1379,0.1959,FCC
4,2.316,2.05,4.808,68.35,0.0313,19.6,0.137,0.1957,FCC
3,2.3942,2.05,4.8005,66.21,0.0303,20.897,0.1353,0.1955,FCC
4,2.1973,2.05,4.8905,64.325,0.0307,21.97,0.1363,0.1955,FCC
4,2.2956,2.05,4.858,64.24,0.0307,21.902,0.1358,0.1957,FCC
4,2.3777,2.05,4.8255,64.155,0.0302,21.834,0.1349,0.1956,FCC
2,2.444,2.05,4.793,64.07,0.0292,21.766,0.1335,0.1953,FCC
3,2.2442,2.05,4.883,62.185,0.0299,22.4365,0.135,0.1954,FCC
4,2.3363,2.05,4.8505,62.1,0.0298,22.36,0.1343,0.1955,FCC
3,2.4098,2.05,4.818,62.015,0.0292,22.2835,0.1332,0.1955,FCC
3,2.4638,2.05,4.7855,61.93,0.0281,22.207,0.1315,0.1952,FCC
1,2.1641,2.05,4.908,60.13,0.029,22.56,0.1342,0.1949,FCC
2,2.2697,2.05,4.8755,60.045,0.0292,22.475,0.1337,0.1953,FCC
4,2.3527,2.05,4.843,59.96,0.029,22.39,0.1327,0.1954,FCC
2,2.4135,2.05,4.8105,59.875,0.0283,22.305,0.1313,0.1953,FCC
1,1.1916,2.1,4.6975,63.94,0.0486,23.848,0.2033,0.2897,BCC+FCC
1,1.3313,2.1,4.796,64.965,0.0435,22.8555,0.183,0.2735,BCC+FCC
1,1.2697,2.1,4.7,55.465,0.0474,23.9415,0.1968,0.2905,BCC+FCC
1,1.1388,2.1,4.7825,51.44,0.0499,21.722,0.2013,0.2939,BCC+FCC
1,1.2094,2.1,4.7175,51.27,0.0475,21.501,0.1952,0.2916,BCC+FCC
1,1.2081,2.1,4.685,51.185,0.0462,21.3905,0.1913,0.29,BCC+FCC
1,1.0103,2.15,4.744,59.355,0.0553,25.5495,0.2154,0.3345,BCC+FCC
1,1.1992,2.15,4.7525,62.265,0.0468,24.272,0.1918,0.3168,BCC+FCC
1,1.1371,2.15,4.6715,57.045,0.0516,25.135,0.2066,0.3307,BCC+FCC
1,1.0771,2.15,4.835,58.24,0.0497,24.62,0.1939,0.3193,BCC+FCC
1,1.3801,2.15,4.8435,61.15,0.0415,23.745,0.1659,0.2996,BCC+FCC
1,1.1494,2.15,4.664,54.905,0.0509,24.4455,0.2038,0.3305,BCC+FCC
1,1.2387,2.15,4.7625,55.93,0.0462,23.863,0.1881,0.3174,BCC+FCC
1,0.9796,2.15,4.779,50.965,0.0554,22.2245,0.2124,0.3364,BCC+FCC
1,1.1896,2.15,4.7875,53.875,0.0468,22.95,0.1885,0.3182,BCC+FCC
1,1.0395,2.15,4.845,51.905,0.0488,21.7365,0.1907,0.3195,BCC+FCC
1,1.2524,2.15,4.886,54.9,0.0405,22.47,0.1638,0.2997,BCC+FCC
1,1.1882,2.15,4.78,51.735,0.0462,21.5155,0.1865,0.3181,BCC+FCC
1,0.8963,2.2,4.652,51.52,0.0607,24.664,0.2329,0.3829,BCC+FCC
1,1.1338,2.2,4.7015,57.425,0.0496,24.925,0.1962,0.3552,BCC+FCC
1,1.1356,2.2,4.8325,58.535,0.0465,24.325,0.1782,0.3422,BCC+FCC
1,1.3464,2.2,4.735,58.28,0.0419,24.07,0.1718,0.3396,BCC+FCC
1,0.9223,2.2,4.8165,53.485,0.0541,23.602,0.2026,0.3599,BCC+FCC
1,1.0655,2.2,4.8575,56.48,0.0468,23.878,0.178,0.3426,BCC+FCC
1,1.1646,2.2,4.825,56.395,0.0457,23.7845,0.1766,0.3421,BCC+FCC
1,1.1196,2.2,4.719,53.23,0.0497,23.296,0.1945,0.3564,BCC+FCC
1,1.3996,2.2,4.695,56.055,0.0401,23.4105,0.1659,0.3381,BCC+FCC
1,1.1818,2.2,4.8175,54.255,0.0448,22.816,0.1748,0.3419,BCC+FCC
1,1.3157,2.2,4.7525,54.085,0.0419,22.612,0.17,0.3403,BCC+FCC
1,0.9388,2.2,4.8015,49.205,0.0527,20.227,0.1988,0.3596,BCC+FCC
1,1.0113,2.2,4.769,49.12,0.0512,20.108,0.1961,0.3586,BCC+FCC
1,1.3328,2.2,4.7125,51.86,0.0401,21.088,0.164,0.3391,BCC+FCC
1,1.0686,2.25,4.689,64.055,0.0469,23.8685,0.1854,0.3759,BCC+FCC
1,1.1928,2.25,4.649,61.83,0.0447,24.454,0.1792,0.3738,BCC+FCC
1,1.0256,2.25,4.7715,60.03,0.0499,24.977,0.189,0.38,BCC+FCC
1,1.0922,2.25,4.739,59.945,0.0484,24.9005,0.1866,0.3787,BCC+FCC
1,1.1504,2.25,4.7065,59.86,0.0469,24.824,0.1837,0.3772,BCC+FCC
1,1.2727,2.25,4.609,59.605,0.0425,24.5945,0.1715,0.3714,BCC+FCC
1,1.0694,2.25,4.764,57.89,0.0492,24.8,0.1871,0.3798,BCC+FCC
1,1.134,2.25,4.7315,57.805,0.0477,24.715,0.1844,0.3785,BCC+FCC
1,1.2346,2.25,4.6665,57.635,0.0447,24.545,0.1774,0.3753,BCC+FCC
1,1.2686,2.25,4.634,57.55,0.0432,24.46,0.173,0.3733,BCC+FCC
1,1.2865,2.25,4.6015,57.465,0.0418,24.375,0.1679,0.3711,BCC+FCC
1,0.9373,2.25,4.8215,55.92,0.0515,24.382,0.1894,0.3816,BCC+FCC
1,1.2652,2.25,4.594,55.325,0.041,23.7275,0.164,0.3709,BCC+FCC
1,1.1741,2.25,4.7165,53.525,0.0463,23.06,0.1794,0.3781,BCC+FCC
1,1.2161,2.25,4.684,53.44,0.0448,22.958,0.1756,0.3766,BCC+FCC
1,1.241,2.25,4.6515,53.355,0.0433,22.856,0.1711,0.3748,BCC+FCC
1,1.0593,2.25,4.774,51.555,0.0485,21.8115,0.1832,0.3804,BCC+FCC
1,1.1709,2.25,4.709,51.385,0.0455,21.5905,0.1767,0.3779,BCC+FCC
1,1.2002,2.25,4.6765,51.3,0.0441,21.48,0.1725,0.3764,BCC+FCC
1,0.9792,2.25,4.799,49.5,0.0493,20.05,0.1837,0.3812,BCC+FCC
1,1.0574,2.25,4.7665,49.415,0.0478,19.931,0.1809,0.3802,BCC+FCC
1,1.1483,2.25,4.7015,49.245,0.0448,19.693,0.1738,0.3777,BCC+FCC
4,2.3636,2,4.789,73.435,0.0355,14.264,0.1722,0.1644,FCC
4,2.4425,2,4.814,71.38,0.0357,16.54,0.1717,0.1642,FCC
4,2.4788,2,4.839,69.325,0.0357,18.405,0.1711,0.1638,FCC
3,2.6325,2,4.774,69.155,0.0331,18.303,0.1693,0.1641,FCC
4,2.4797,2,4.864,67.27,0.0354,19.859,0.1705,0.1632,FCC
3,2.7119,2,4.7665,67.015,0.0319,19.6805,0.1677,0.1639,FCC
3,2.4474,2,4.889,65.215,0.0348,20.902,0.1698,0.1624,FCC
2,2.5512,2,4.8565,65.13,0.0345,20.834,0.1694,0.1631,FCC
3,2.6373,2,4.824,65.045,0.0338,20.766,0.1687,0.1635,FCC
3,2.706,2,4.7915,64.96,0.0325,20.698,0.1676,0.1638,FCC
4,2.3808,2,4.914,63.16,0.0341,21.534,0.1689,0.1613,FCC
2,2.5002,2,4.8815,63.075,0.0341,21.4575,0.1688,0.1623,FCC
1,2.5973,2,4.849,62.99,0.0337,21.381,0.1682,0.163,FCC
3,2.7292,2,4.784,62.82,0.0314,21.228,0.1659,0.1636,FCC
2,2.2744,2,4.939,61.105,0.033,21.755,0.168,0.1601,FCC
1,2.417,2,4.9065,61.02,0.0335,21.67,0.168,0.1613,FCC
2,2.5293,2,4.874,60.935,0.0334,21.585,0.1677,0.1622,FCC
3,2.6165,2,4.8415,60.85,0.0329,21.5,0.1669,0.1628,FCC
1,2.6794,2,4.809,60.765,0.0319,21.415,0.1658,0.1633,FCC
4,2.7142,2,4.7765,60.68,0.0303,21.33,0.1642,0.1635,FCC
3,2.1561,2.05,4.723,64.315,0.0337,21.302,0.1774,0.2263,FCC
3,2.1383,2.05,4.748,62.26,0.0345,21.844,0.1777,0.2266,FCC
4,2.1698,2.05,4.7155,62.175,0.0334,21.7675,0.1753,0.2261,FCC
3,2.137,2.05,4.7405,60.12,0.0338,21.89,0.1757,0.2264,FCC
4,2.1446,2.05,4.708,60.035,0.033,21.805,0.1731,0.2259,FCC
4,2.5888,2.05,4.779,72.695,0.0369,14.3975,0.2041,0.2676,FCC
4,2.7245,2.05,4.7965,68.5,0.0365,17.98,0.2026,0.2656,FCC
4,2.7831,2.05,4.789,66.36,0.0354,19.292,0.2014,0.2657,FCC
3,2.8353,2.05,4.7565,66.275,0.0334,19.2325,0.2002,0.2677,FCC
4,2.8077,2.05,4.7815,64.22,0.0343,20.176,0.2001,0.2657,FCC
3,2.8394,2.05,4.749,64.135,0.0322,20.108,0.1987,0.2678,FCC
1,1.676,2.05,4.6915,69.525,0.0481,16.7575,0.1875,0.2062,BCC+FCC
1,1.7103,2.05,4.7165,67.47,0.0489,18.026,0.1882,0.2079,BCC+FCC
1,1.8082,2.05,4.684,67.385,0.0474,17.958,0.1849,0.2059,BCC+FCC
1,1.9821,2.05,4.619,67.215,0.0445,17.822,0.1767,0.201,BCC+FCC
4,2.0801,2.05,4.6615,68.88,0.0403,17.256,0.168,0.1969,FCC
4,2.4879,2.05,4.7465,72.21,0.0334,15.125,0.1415,0.184,FCC
4,2.9224,2.05,4.789,73.875,0.0307,13.56,0.1224,0.1753,FCC
3,2.4402,2.05,4.804,70.24,0.0354,17.124,0.1429,0.1854,FCC
3,2.6398,2.05,4.739,70.07,0.0321,17.022,0.1393,0.1838,FCC
2,2.447,2.05,4.829,68.185,0.0354,18.6695,0.1425,0.1856,FCC
4,2.5595,2.05,4.7965,68.1,0.0343,18.61,0.1412,0.1852,FCC
3,3.0663,2.05,4.839,69.765,0.0299,17.789,0.1209,0.1755,FCC
4,2.7514,2.05,4.7315,67.93,0.0308,18.491,0.137,0.1836,FCC
3,3.2781,2.05,4.774,69.595,0.0283,17.687,0.1185,0.1749,FCC
3,3.0697,2.05,4.864,67.71,0.0292,19.287,0.12,0.1753,FCC
4,2.649,2.05,4.789,65.96,0.0333,19.668,0.1393,0.185,FCC
3,3.2978,2.05,4.799,67.54,0.0283,19.168,0.1181,0.1752,FCC
1,2.086,2.05,4.5965,60.795,0.0423,18.8045,0.1657,0.2,BCC+FCC
4,2.3541,2.05,4.879,64.075,0.0345,20.5275,0.1412,0.1855,FCC
4,3.0331,2.05,4.889,65.655,0.0282,20.374,0.119,0.1749,FCC
1,1.9409,2.05,4.6865,58.91,0.046,18.582,0.1775,0.2068,BCC+FCC
4,2.6076,2.05,4.814,63.905,0.0335,20.3745,0.1391,0.1853,FCC
1,2.0035,2.05,4.654,58.825,0.0446,18.48,0.173,0.2048,BCC+FCC
4,3.282,2.05,4.824,65.485,0.028,20.238,0.1176,0.1752,FCC
4,2.252,2.05,4.904,62.02,0.0337,20.84,0.1405,0.1851,FCC
3,2.9549,2.05,4.914,63.6,0.0269,21.05,0.1178,0.1743,FCC
1,3.106,2.05,4.8815,63.515,0.0275,20.9735,0.1176,0.1748,FCC
4,2.6483,2.05,4.8065,61.765,0.0325,20.585,0.1371,0.1851,FCC
2,3.2331,2.05,4.849,63.43,0.0275,20.897,0.1169,0.175,FCC
4,2.4305,2.05,4.699,59.93,0.0334,19.753,0.1463,0.1915,FCC
3,2.8058,2.05,4.7415,61.595,0.0292,20.415,0.1323,0.1839,FCC
4,3.4234,2.05,4.784,63.26,0.0262,20.744,0.1138,0.1748,FCC
2,2.2891,2.05,4.8965,59.88,0.0331,20.648,0.1392,0.185,FCC
3,2.828,2.05,4.939,61.545,0.0254,21.315,0.1166,0.1735,FCC
2,2.4391,2.05,4.864,59.795,0.0331,20.5545,0.1383,0.1852,FCC
4,3.0063,2.05,4.9065,61.46,0.0263,21.23,0.1166,0.1742,FCC
1,1.6949,2.05,4.6615,53.05,0.0491,14.395,0.1826,0.2129,BCC+FCC
4,2.5615,2.05,4.8315,59.71,0.0326,20.461,0.1369,0.1852,FCC
4,3.1504,2.05,4.874,61.375,0.0267,21.145,0.1161,0.1746,FCC
4,2.6597,2.05,4.799,59.625,0.0315,20.3675,0.135,0.1849,FCC
4,3.2672,2.05,4.8415,61.29,0.0267,21.06,0.1151,0.1749,FCC
3,3.3582,2.05,4.809,61.205,0.0261,20.975,0.1135,0.1749,FCC
4,2.7698,2.05,4.734,59.455,0.0281,20.1805,0.1295,0.1837,FCC
3,3.4196,2.05,4.7765,61.12,0.0251,20.89,0.1113,0.1747,FCC
1,1.5638,2.1,4.6905,68.49,0.0472,18.103,0.184,0.2524,BCC+FCC
4,2.0528,2.1,4.753,73.315,0.0341,14.456,0.1388,0.2344,FCC
4,2.0402,2.1,4.703,69.51,0.0342,17.806,0.1522,0.24,FCC
2,2.2322,2.1,4.7455,71.175,0.0328,16.6775,0.1368,0.2342,FCC
4,2.2849,2.1,4.7705,69.12,0.0333,18.522,0.1366,0.2349,FCC
1,1.7421,2.1,4.7005,62.155,0.0465,20.195,0.1797,0.2535,BCC+FCC
4,2.3852,2.1,4.763,66.98,0.0321,19.896,0.1346,0.2347,FCC
1,1.5806,2.1,4.833,61.935,0.0459,20.925,0.1732,0.2511,BCC+FCC
1,1.8001,2.1,4.768,61.765,0.0425,20.755,0.1692,0.2496,BCC+FCC
4,2.2839,2.1,4.8205,65.01,0.0336,20.978,0.136,0.2355,FCC
4,2.1311,2.1,4.7455,63.26,0.0355,20.914,0.1506,0.2417,FCC
4,2.3763,2.1,4.788,64.925,0.0325,20.91,0.1345,0.2351,FCC
3,2.4553,2.1,4.7555,64.84,0.031,20.842,0.1324,0.2345,FCC
4,2.5192,2.1,4.723,64.755,0.0289,20.774,0.1297,0.2337,FCC
1,1.6238,2.1,4.8255,59.795,0.0451,20.7245,0.1715,0.2509,BCC+FCC
4,2.1211,2.1,4.878,63.04,0.0336,21.666,0.1364,0.2356,FCC
4,2.3407,2.1,4.813,62.87,0.0326,21.513,0.1342,0.2354,FCC
3,2.426,2.1,4.7805,62.785,0.0315,21.4365,0.1324,0.235,FCC
3,2.4946,2.1,4.748,62.7,0.0298,21.36,0.13,0.2344,FCC
4,2.2524,2.1,4.673,60.95,0.0318,20.89,0.1409,0.2392,FCC
4,2.5425,2.1,4.7155,62.615,0.0276,21.2835,0.1269,0.2335,FCC
1,1.6516,2.1,4.818,57.655,0.0443,20.096,0.1696,0.2508,BCC+FCC
2,2.0296,2.1,4.903,60.985,0.0327,21.875,0.1356,0.2354,FCC
4,2.1665,2.1,4.8705,60.9,0.0328,21.79,0.135,0.2355,FCC
2,2.2797,2.1,4.838,60.815,0.0325,21.705,0.1339,0.2355,FCC
2,2.3732,2.1,4.8055,60.73,0.0317,21.62,0.1323,0.2353,FCC
2,2.4476,2.1,4.773,60.645,0.0304,21.535,0.1301,0.2348,FCC
4,2.4995,2.1,4.7405,60.56,0.0286,21.45,0.1273,0.2342,FCC
4,2.1918,2.1,4.863,58.76,0.0321,21.486,0.1334,0.2354,FCC
2,2.3792,2.1,4.798,58.59,0.0307,21.299,0.1301,0.2351,FCC
4,2.4366,2.1,4.7655,58.505,0.0293,21.2055,0.1276,0.2347,FCC
4,2.1311,2.1,4.6905,56.755,0.0318,19.966,0.1387,0.2401,FCC
2,2.4617,2.1,4.733,58.42,0.0274,21.112,0.1245,0.234,FCC
1,1.4561,2.15,4.6895,67.455,0.0463,19.4485,0.1805,0.2929,BCC+FCC
1,1.5064,2.15,4.732,69.12,0.0417,18.692,0.169,0.2891,BCC+FCC
1,1.5199,2.15,4.807,62.955,0.0446,21.7595,0.1693,0.2916,BCC+FCC
1,1.6184,2.15,4.6995,61.12,0.0456,21.23,0.1761,0.2939,BCC+FCC
1,1.4647,2.15,4.832,60.9,0.045,21.96,0.1692,0.292,BCC+FCC
1,1.5717,2.15,4.7995,60.815,0.0436,21.875,0.1675,0.2914,BCC+FCC
1,1.6948,2.15,4.7595,58.59,0.0409,21.469,0.1631,0.2904,BCC+FCC
1,1.6036,2.15,4.6095,55.09,0.0456,18.657,0.172,0.2942,BCC+FCC
1,1.4044,2.15,4.8495,56.705,0.0445,21.026,0.1674,0.2922,BCC+FCC
1,1.5375,2.15,4.8095,54.48,0.0425,19.764,0.1637,0.2916,BCC+FCC
1,1.2788,2.2,4.7035,62.785,0.0515,21.7765,0.1907,0.3358,BCC+FCC
1,1.4809,2.2,4.631,60.475,0.0472,21.705,0.1796,0.3315,BCC+FCC
1,1.3113,2.2,4.721,58.59,0.0516,21.639,0.189,0.337,BCC+FCC
1,1.3498,2.2,4.7635,60.255,0.0476,22.435,0.1786,0.3335,BCC+FCC
1,1.5632,2.2,4.741,61.75,0.0398,22.745,0.161,0.3271,BCC+FCC
1,1.297,2.2,4.7885,58.2,0.0484,22.16,0.1789,0.3343,BCC+FCC
1,1.4184,2.2,4.681,56.365,0.049,20.788,0.1824,0.3351,BCC+FCC
1,1.2791,2.2,4.7385,54.395,0.0516,19.8235,0.1873,0.3381,BCC+FCC
1,1.488,2.2,4.716,55.89,0.0447,21.168,0.1707,0.3319,BCC+FCC
1,1.4956,2.2,4.7835,55.5,0.0409,21.65,0.1594,0.3285,BCC+FCC
1,1.2787,2.2,4.7235,50.115,0.05,16.2025,0.1819,0.3377,BCC+FCC
1,2.7865,2.05,4.589,76.29,0.0294,8.298,0.1146,0.1687,FCC
1,3.0191,2.05,4.609,76.465,0.0285,8.333,0.1118,0.1679,FCC
1,3.2732,2.05,4.5765,76.38,0.0255,8.316,0.1079,0.1662,FCC
1,2.3076,2.05,4.679,74.405,0.0345,11.3215,0.1204,0.1718,FCC
1,2.7854,2.05,4.5615,73.975,0.0289,11.1925,0.1138,0.1692,FCC
1,3.0726,2.05,4.529,73.89,0.0262,11.167,0.109,0.1673,FCC
1,3.0422,2.05,4.634,74.41,0.0295,11.323,0.1121,0.169,FCC
1,2.035,2.05,4.6765,70.035,0.0351,15.9375,0.1211,0.1732,FCC
1,2.4292,2.05,4.749,70.47,0.0328,16.155,0.1161,0.1712,FCC
1,2.5604,2.05,4.6115,69.865,0.0314,15.8525,0.1153,0.1715,FCC
1,2.6032,2.05,4.664,70.125,0.0321,15.9825,0.1155,0.1714,FCC
1,2.8215,2.05,4.5265,69.52,0.0277,15.68,0.1083,0.1694,FCC
1,2.8242,2.05,4.579,69.78,0.0288,15.81,0.1112,0.1702,FCC
1,2.8526,2.05,4.6315,70.04,0.0302,15.94,0.1124,0.1705,FCC
1,3.0011,2.05,4.7365,70.56,0.0305,16.2,0.1109,0.1697,FCC
4,3.3847,2.05,4.5665,69.87,0.0248,15.855,0.1038,0.1679,FCC
1,2.7071,2.05,4.6565,67.985,0.0309,17.671,0.1128,0.1712,FCC
1,3.1274,2.05,4.729,68.42,0.0294,17.932,0.1086,0.1696,FCC
1,3.2156,2.05,4.5915,67.815,0.0263,17.569,0.1049,0.1691,FCC
4,3.2691,2.05,4.644,68.075,0.0276,17.725,0.1063,0.1693,FCC
1,3.518,2.05,4.6115,67.99,0.0252,17.674,0.1022,0.1682,FCC
2,4.3939,2.05,4.7565,68.86,0.024,18.196,0.0947,0.1656,FCC
1,2.132,2.05,4.609,65.495,0.0325,18.6865,0.1153,0.173,FCC
1,2.7817,2.05,4.649,65.845,0.0297,18.9315,0.1098,0.171,FCC
1,2.9913,2.05,4.754,66.365,0.0293,19.2955,0.1082,0.1696,FCC
1,2.9665,2.05,4.564,65.5,0.0263,18.69,0.1033,0.1697,FCC
1,3.2236,2.05,4.7215,66.28,0.0284,19.236,0.1062,0.1694,FCC
4,4.3735,2.05,4.7815,66.805,0.0238,19.6035,0.0941,0.1657,FCC
3,4.5138,2.05,4.749,66.72,0.0228,19.544,0.092,0.1654,FCC
2,4.3156,2.05,4.8065,64.75,0.0233,20.6,0.0934,0.1655,FCC
3,4.5741,2.05,4.7415,64.58,0.0216,20.464,0.089,0.1652,FCC
4,3.6279,2.05,4.929,62.95,0.0204,21.415,0.0931,0.1631,FCC
3,4.4807,2.05,4.7665,62.525,0.0216,21.0325,0.0888,0.1653,FCC
4,4.5564,2.05,4.734,62.44,0.0204,20.956,0.0857,0.165,FCC
1,2.3284,2.1,4.5905,71.71,0.0296,14.764,0.124,0.2279,FCC
1,2.2874,2.1,4.458,68.875,0.0275,16.4775,0.1135,0.225,FCC
1,2.1821,2.1,4.5355,67.08,0.0304,18.248,0.1206,0.2284,FCC
1,2.2011,2.1,4.588,67.34,0.0312,18.404,0.1237,0.2295,FCC
1,2.3638,2.1,4.5555,67.255,0.0292,18.353,0.1188,0.228,FCC
1,2.5378,2.1,4.5755,67.43,0.0278,18.458,0.1169,0.2275,FCC
4,2.6525,2.1,4.4905,67.085,0.0253,18.251,0.1059,0.2242,FCC
4,2.6813,2.1,4.543,67.345,0.026,18.407,0.1113,0.2258,FCC
1,1.9208,2.1,4.6455,65.37,0.0347,19.719,0.1284,0.2315,FCC
1,2.4035,2.1,4.548,65.115,0.0283,19.5405,0.1147,0.2277,FCC
1,2.4847,2.1,4.653,65.635,0.0298,19.9045,0.1199,0.2292,FCC
1,1.9144,2.1,4.5855,62.97,0.0327,20.296,0.1233,0.2309,FCC
1,1.8107,2.15,4.4745,68.575,0.0312,17.4475,0.1289,0.2734,FCC
1,2.0376,2.15,4.5145,68.925,0.0301,17.6225,0.1268,0.2731,FCC
1,1.9979,2.15,4.487,66.61,0.0297,19.086,0.1233,0.273,FCC
1,1.3911,2.15,4.7095,54.29,0.0411,22.108,0.1967,0.2809,BCC+FCC
1,1.8176,2.05,4.5905,57.325,0.0441,19.34,0.1739,0.2169,BCC+FCC
1,1.6312,2.05,4.592,55.995,0.0466,20.404,0.1855,0.2329,BCC+FCC
1,1.6654,2.05,4.6055,53.69,0.0488,16.686,0.1861,0.2247,BCC+FCC
1,1.6856,2.05,4.6405,53.215,0.0456,16.971,0.178,0.2213,BCC+FCC
1,1.2618,2.15,4.605,50.29,0.0494,18.726,0.191,0.3192,BCC+FCC
1,1.3402,2.15,4.6285,49.565,0.048,16.068,0.1819,0.3089,BCC+FCC
1,1.4036,2.15,4.6385,51.145,0.0437,18.213,0.1711,0.3045,BCC+FCC
1,1.0851,2.2,4.629,47.2,0.0494,17.42,0.19,0.3562,BCC+FCC
1,1.2096,2.05,4.635,50.63,0.0487,21.259,0.2016,0.2624,BCC+FCC
1,1.0748,2.1,4.624,48.015,0.0517,19.741,0.2081,0.3061,BCC+FCC
1,1.2375,2.1,4.6325,50.925,0.0453,21.0525,0.1875,0.2885,BCC+FCC
1,1.2734,2.15,4.63,51.22,0.0419,20.846,0.1723,0.313,BCC+FCC
4,1.7432,2.1,4.403,58.275,0.0332,18.1025,0.1516,0.2432,FCC
4,1.8908,2.1,4.413,59.855,0.0309,18.845,0.1426,0.2393,FCC
1,1.1638,2.1,4.842,54.83,0.0543,19.859,0.1982,0.2735,BCC+FCC
1,1.1757,2.1,4.8345,52.69,0.0536,18.306,0.1964,0.2733,BCC+FCC
1,0.9769,2.2,4.84,52.76,0.0524,21.308,0.1913,0.3482,BCC+FCC
1,0.9856,2.2,4.8325,50.62,0.0517,19.548,0.1895,0.348,BCC+FCC
1,1.1283,2.1,4.8235,56.31,0.048,23.161,0.1855,0.2761,BCC+FCC
1,1.0885,2.1,4.876,56.57,0.0469,23.447,0.1844,0.2756,BCC+FCC
1,0.9962,2.1,4.775,51.175,0.054,21.3775,0.2068,0.2959,BCC+FCC
1,1.1035,2.1,4.8685,54.43,0.0463,22.496,0.1831,0.2755,BCC+FCC
1,0.9863,2.15,4.825,51.73,0.0508,21.509,0.1927,0.3201,BCC+FCC
1,1.4412,2.1,4.823,55.425,0.0467,18.9225,0.1719,0.2519,BCC+FCC
1,3.8072,1.5,4.639,73.77,0.0479,22.986,0.1638,0.1754,BCC+FCC
1,2.8586,1.45,4.614,71.975,0.049,24.0175,0.166,0.1755,BCC+FCC
1,2.9453,1.4,4.614,73.625,0.0519,25.5025,0.1748,0.1776,BCC+FCC
4,5.0725,1.95,4.7205,75.095,0.0364,14.738,0.1367,0.2289,FCC
1,4.9758,1.65,4.6355,64.495,0.0441,20.815,0.1508,0.2303,BCC+FCC
1,16.0619,1.8,4.703,73.24,0.0426,19.184,0.1526,0.2314,BCC+FCC
1,16.0384,1.75,4.743,71.615,0.0443,20.6405,0.1544,0.2322,BCC+FCC
1,23.8455,1.7,4.7505,69.905,0.0446,21.704,0.1553,0.2324,BCC+FCC
1,11.574,1.7,4.653,69.65,0.0448,21.5,0.1575,0.2315,BCC+FCC
1,9.1672,1.65,4.6605,67.94,0.0463,22.196,0.1592,0.2321,BCC+FCC
1,4.5343,1.65,4.5955,67.77,0.0451,22.043,0.1599,0.2309,BCC+FCC
1,6.8351,1.75,4.768,75.06,0.0469,20.276,0.1619,0.2341,BCC+FCC
1,651.7938,1.7,4.678,73.095,0.0466,21.6765,0.1642,0.2331,BCC+FCC
1,36.6135,1.65,4.6855,71.385,0.0484,22.888,0.1665,0.2338,BCC+FCC
1,8.4642,1.65,4.6205,71.215,0.0465,22.752,0.1663,0.2324,BCC+FCC
1,19.0663,1.55,4.7005,67.965,0.0499,24.285,0.1687,0.2345,BCC+FCC
1,4.4605,1.55,4.603,67.71,0.0499,24.03,0.171,0.2334,BCC+FCC
1,7.9649,1.7,4.7355,76.625,0.0496,21.215,0.1706,0.2354,BCC+FCC
1,11.251,1.7,4.703,76.54,0.0484,21.164,0.17,0.2347,BCC+FCC
1,18.8178,1.7,4.6705,76.455,0.0466,21.113,0.169,0.2337,BCC+FCC
1,59.2906,1.7,4.638,76.37,0.0444,21.062,0.1676,0.2326,BCC+FCC
1,7.0736,1.65,4.7755,75,0.0514,23.01,0.1728,0.2362,BCC+FCC
1,18.5999,1.65,4.7105,74.83,0.0506,22.891,0.173,0.2354,BCC+FCC
1,37.6559,1.65,4.6455,74.66,0.0479,22.772,0.1719,0.2338,BCC+FCC
1,33.4458,1.6,4.718,73.12,0.0521,24.276,0.1752,0.236,BCC+FCC
1,67.5434,1.6,4.6855,73.035,0.0516,24.208,0.1753,0.2355,BCC+FCC
1,9.4037,1.6,4.6205,72.865,0.0491,24.072,0.1745,0.2339,BCC+FCC
1,57.2424,1.55,4.7255,71.41,0.0529,25.319,0.1765,0.2363,BCC+FCC
1,7.4681,1.55,4.628,71.155,0.0517,25.0895,0.1774,0.2349,BCC+FCC
1,5.448,1.7,4.728,79.985,0.0501,19.9625,0.175,0.2361,BCC+FCC
1,12.3954,1.7,4.6305,79.73,0.0432,19.835,0.169,0.2322,BCC+FCC
1,38.3087,1.65,4.638,78.02,0.0467,22.052,0.1748,0.2339,BCC+FCC
1,14.8888,1.6,4.7105,76.48,0.0538,24.046,0.1812,0.2371,BCC+FCC
1,40.4427,1.6,4.678,76.395,0.0524,23.9865,0.1805,0.2363,BCC+FCC
1,9.3146,1.6,4.5805,76.14,0.0452,23.808,0.1761,0.2324,BCC+FCC
1,10.2198,1.55,4.6205,74.515,0.0517,25.392,0.1822,0.2353,BCC+FCC
1,6.6908,1.55,4.588,74.43,0.0494,25.324,0.1809,0.234,BCC+FCC
1,4.7742,1.55,4.5555,74.345,0.0466,25.256,0.1793,0.2325,BCC+FCC
1,8.0681,1.65,4.663,81.465,0.0485,20.7025,0.1781,0.235,BCC+FCC
1,9.8541,1.55,4.5805,77.79,0.0483,24.963,0.1826,0.2335,BCC+FCC
1,6.4062,1.55,4.548,77.705,0.0463,24.9035,0.1799,0.2316,BCC+FCC
4,2.4485,2.05,4.702,74.19,0.0366,16.186,0.1466,0.2777,FCC
1,3.9214,1.95,4.717,70.77,0.0425,19.512,0.1553,0.2797,BCC+FCC
1,7.4444,1.9,4.6595,68.89,0.0423,20.543,0.1575,0.279,BCC+FCC
1,4.3468,1.85,4.7645,67.435,0.0451,21.538,0.1591,0.281,BCC+FCC
1,19.0537,1.85,4.6345,67.095,0.0435,21.266,0.1602,0.279,BCC+FCC
1,8.2847,1.8,4.707,65.555,0.0463,21.8595,0.1618,0.2808,BCC+FCC
1,5.7033,1.75,4.747,63.93,0.0456,22.06,0.1611,0.2811,BCC+FCC
1,8.5596,1.75,4.7145,63.845,0.0467,21.975,0.1625,0.2811,BCC+FCC
1,16.1844,1.75,4.682,63.76,0.0472,21.89,0.1637,0.2809,BCC+FCC
1,20.2065,1.75,4.617,63.59,0.0469,21.72,0.165,0.2799,BCC+FCC
1,4.9943,1.7,4.7545,62.22,0.0446,21.842,0.1605,0.281,BCC+FCC
1,3.3588,1.9,4.7495,72.505,0.0465,20.553,0.1646,0.2817,BCC+FCC
1,3.8416,1.9,4.717,72.42,0.0453,20.502,0.164,0.281,BCC+FCC
1,3.8074,1.85,4.757,70.795,0.048,21.8765,0.1671,0.2823,BCC+FCC
1,7.0715,1.85,4.6595,70.54,0.0449,21.698,0.1659,0.2802,BCC+FCC
1,9.4588,1.8,4.667,68.83,0.0476,22.654,0.1692,0.2812,BCC+FCC
1,4.0757,1.75,4.772,67.375,0.049,23.4975,0.1695,0.2828,BCC+FCC
1,5.4069,1.75,4.7395,67.29,0.0496,23.421,0.1705,0.2827,BCC+FCC
1,10.4842,1.7,4.5845,65.155,0.0486,23.285,0.1737,0.2804,BCC+FCC
1,3.4235,1.9,4.677,75.695,0.0425,19.6275,0.1656,0.28,BCC+FCC
1,5.0717,1.85,4.652,73.9,0.0439,21.39,0.1691,0.2801,BCC+FCC
1,3.5831,1.8,4.757,72.445,0.0515,23.0315,0.1758,0.2838,BCC+FCC
1,4.774,1.75,4.732,70.65,0.0524,24.11,0.1779,0.2838,BCC+FCC
1,6.2241,1.75,4.6995,70.565,0.0517,24.042,0.1778,0.2832,BCC+FCC
1,38.266,1.75,4.602,70.31,0.0465,23.838,0.1753,0.2803,BCC+FCC
1,6.8609,1.7,4.707,68.855,0.0533,24.8295,0.18,0.2839,BCC+FCC
1,10.6326,1.7,4.6745,68.77,0.0527,24.753,0.1801,0.2833,BCC+FCC
1,8.413,1.7,4.5445,68.43,0.0453,24.447,0.1768,0.2789,BCC+FCC
1,5.8588,1.6,4.5595,65.01,0.0524,24.911,0.1841,0.2817,BCC+FCC
1,2.2473,1.9,4.7345,79.225,0.0464,18.2,0.1714,0.2823,BCC+FCC
1,2.4435,1.9,4.702,79.14,0.0446,18.166,0.1688,0.2809,BCC+FCC
1,2.6679,1.85,4.742,77.515,0.05,20.5375,0.1766,0.2835,BCC+FCC
1,3.0436,1.8,4.7495,75.805,0.0528,22.533,0.1807,0.2844,BCC+FCC
1,4.8993,1.8,4.652,75.55,0.0462,22.38,0.176,0.2811,BCC+FCC
1,6.3249,1.75,4.6595,73.84,0.0501,24.008,0.181,0.2825,BCC+FCC
1,4.366,1.7,4.732,72.3,0.0558,25.43,0.1861,0.2853,BCC+FCC
1,12.6003,1.7,4.6345,72.045,0.0513,25.226,0.1839,0.2826,BCC+FCC
1,67.838,1.7,4.5695,71.875,0.046,25.09,0.1805,0.2797,BCC+FCC
1,26.752,1.55,4.657,66.915,0.0585,27.0065,0.1921,0.2855,BCC+FCC
1,2.8703,1.8,4.7095,79.08,0.0507,21.32,0.1814,0.2834,BCC+FCC
1,3.9484,1.75,4.6845,77.285,0.0516,23.421,0.1847,0.2835,BCC+FCC
1,102.4475,1.7,4.5295,75.15,0.0446,24.925,0.1767,0.2763,BCC+FCC
1,11.4575,1.65,4.6345,73.695,0.0539,26.546,0.1907,0.2837,BCC+FCC
1,6.214,1.5,4.5595,68.31,0.0576,28.541,0.1987,0.2839,BCC+FCC
1,3.562,1.75,4.6445,80.56,0.0493,22.06,0.1812,0.281,BCC+FCC
1,4.0987,1.75,4.612,80.475,0.0471,22.0175,0.1771,0.2789,BCC+FCC
1,9.9378,1.7,4.5545,78.595,0.0458,24.207,0.1773,0.2766,BCC+FCC
1,16.5137,1.6,4.537,75.09,0.0501,27.662,0.1896,0.2792,BCC+FCC
1,9.6905,1.65,4.5545,80.245,0.0474,25.197,0.1817,0.277,BCC+FCC
1,3.2737,1.7,4.572,85.4,0.0432,23.28,0.1682,0.274,BCC+FCC
1,4.5786,1.65,4.5795,83.69,0.0472,24.648,0.1805,0.2772,BCC+FCC
1,2.1157,2.05,4.731,69.95,0.0452,20.83,0.1662,0.3236,BCC+FCC
1,2.5137,2.05,4.666,69.78,0.041,20.728,0.1631,0.3214,BCC+FCC
1,3.8728,2,4.6085,67.9,0.0396,21.66,0.1645,0.3201,BCC+FCC
1,6.2313,1.95,4.5835,66.105,0.041,22.284,0.1679,0.3202,BCC+FCC
1,3.9002,1.85,4.696,62.94,0.051,22.88,0.1762,0.3252,BCC+FCC
1,5.0311,1.85,4.6635,62.855,0.0505,22.795,0.1765,0.3246,BCC+FCC
1,6.9604,1.85,4.631,62.77,0.0496,22.71,0.1764,0.3239,BCC+FCC
1,30.4699,1.85,4.5335,62.515,0.0439,22.455,0.1741,0.3203,BCC+FCC
1,13.4313,1.8,4.606,60.975,0.0507,22.2825,0.1787,0.3239,BCC+FCC
1,4.6126,1.75,4.6785,59.435,0.0524,21.802,0.1789,0.3257,BCC+FCC
1,13.3291,1.75,4.6135,59.265,0.0525,21.598,0.1804,0.3248,BCC+FCC
1,13.7997,1.75,4.5485,59.095,0.0507,21.394,0.1807,0.3231,BCC+FCC
1,1.9695,2.05,4.691,73.225,0.0421,20.2025,0.1667,0.3222,BCC+FCC
1,3.0084,1.95,4.6735,69.72,0.0472,22.934,0.1754,0.3236,BCC+FCC
1,3.9306,1.95,4.6085,69.55,0.042,22.815,0.1714,0.3208,BCC+FCC
1,3.6973,1.85,4.6885,66.3,0.0527,24.34,0.1825,0.3258,BCC+FCC
1,4.5772,1.85,4.656,66.215,0.0514,24.2635,0.182,0.3249,BCC+FCC
1,7.0377,1.75,4.6385,62.71,0.0547,24.191,0.1868,0.3259,BCC+FCC
1,4.3818,1.7,4.6785,61.085,0.0562,23.782,0.1878,0.3271,BCC+FCC
1,1.8259,2,4.7235,74.96,0.0476,21.07,0.1758,0.3244,BCC+FCC
1,2.3138,1.95,4.6985,73.165,0.0485,22.759,0.1792,0.3245,BCC+FCC
1,2.5554,1.95,4.666,73.08,0.0466,22.708,0.1769,0.3231,BCC+FCC
1,2.2842,1.9,4.7385,71.54,0.0539,24.208,0.1852,0.3268,BCC+FCC
1,2.6078,1.9,4.706,71.455,0.0521,24.1485,0.184,0.3258,BCC+FCC
1,2.9695,1.9,4.6735,71.37,0.0497,24.089,0.1824,0.3246,BCC+FCC
1,2.8179,1.85,4.7135,69.745,0.0549,25.196,0.1878,0.3268,BCC+FCC
1,4.4339,1.8,4.656,67.865,0.0543,25.7485,0.1894,0.3259,BCC+FCC
1,5.7421,1.8,4.6235,67.78,0.0522,25.672,0.1883,0.3247,BCC+FCC
1,8.0431,1.8,4.591,67.695,0.0496,25.5955,0.1867,0.3233,BCC+FCC
1,3.564,1.75,4.696,66.24,0.0579,26.18,0.1927,0.3277,BCC+FCC
1,4.6745,1.75,4.6635,66.155,0.0569,26.095,0.1925,0.327,BCC+FCC
1,55.5261,1.75,4.5335,65.815,0.048,25.755,0.1879,0.3218,BCC+FCC
1,6.1546,1.65,4.646,62.65,0.0597,25.66,0.1966,0.3279,BCC+FCC
1,1.9518,1.95,4.691,76.525,0.049,21.8525,0.1792,0.3237,BCC+FCC
1,2.8028,1.9,4.6335,74.645,0.0479,23.647,0.1798,0.322,BCC+FCC
1,2.8922,1.85,4.6735,73.02,0.0528,25.244,0.1889,0.3254,BCC+FCC
1,3.3356,1.85,4.641,72.935,0.0508,25.1845,0.1865,0.3239,BCC+FCC
1,3.1941,1.8,4.681,71.31,0.0561,26.448,0.1936,0.3268,BCC+FCC
1,3.3457,1.75,4.6885,69.6,0.0591,27.31,0.1974,0.328,BCC+FCC
1,12.9659,1.75,4.5585,69.26,0.0506,27.004,0.1908,0.3223,BCC+FCC
1,21.5269,1.7,4.566,67.55,0.0534,27.49,0.1961,0.3242,BCC+FCC
1,25.2284,1.65,4.541,65.755,0.0546,27.5405,0.199,0.3243,BCC+FCC
1,2.1722,1.85,4.6985,76.465,0.0548,24.739,0.1915,0.3261,BCC+FCC
1,2.3655,1.8,4.706,74.755,0.058,26.4585,0.1971,0.3276,BCC+FCC
1,4.5532,1.8,4.576,74.415,0.0491,26.2205,0.1855,0.3205,BCC+FCC
1,2.4492,1.85,4.5935,79.57,0.0461,23.375,0.1753,0.318,BCC+FCC
1,1.5863,2.15,4.68,68.96,0.0435,22.046,0.1712,0.361,BCC+FCC
1,2.3456,2.1,4.59,66.995,0.0412,22.8365,0.1691,0.3576,BCC+FCC
1,13.737,1.9,4.5225,59.9,0.0466,22.91,0.1856,0.3598,BCC+FCC
1,8.0333,1.85,4.5625,58.275,0.0529,22.22,0.1907,0.3629,BCC+FCC
1,18.9629,1.85,4.53,58.19,0.0507,22.118,0.1898,0.3615,BCC+FCC
1,1.6297,2.1,4.68,70.61,0.0471,23.036,0.1775,0.3616,BCC+FCC
1,1.9856,2.1,4.5825,70.355,0.0419,22.883,0.1662,0.3556,BCC+FCC
1,1.6844,2.05,4.72,68.985,0.0519,24.2295,0.1854,0.3646,BCC+FCC
1,3.8077,2,4.5325,66.765,0.0435,24.622,0.1754,0.3558,BCC+FCC
1,2.4568,1.95,4.67,65.395,0.0541,25.3355,0.1911,0.3647,BCC+FCC
1,3.9646,1.95,4.5725,65.14,0.0477,25.106,0.1856,0.3602,BCC+FCC
1,1.5013,2.05,4.7125,72.345,0.0521,24.077,0.1863,0.3639,BCC+FCC
1,1.9029,2.05,4.615,72.09,0.0462,23.924,0.1757,0.3581,BCC+FCC
1,1.8431,2,4.6875,70.55,0.053,25.325,0.1897,0.364,BCC+FCC
1,2.0393,2,4.655,70.465,0.051,25.2655,0.1871,0.3623,BCC+FCC
1,3.0216,2,4.525,70.125,0.0431,25.0275,0.1708,0.3532,BCC+FCC
1,9.4024,1.85,4.515,64.91,0.0498,26.66,0.1921,0.3586,BCC+FCC
1,3.5213,1.9,4.4925,73.34,0.0433,27.278,0.1716,0.3496,BCC+FCC
1,2.0192,2.1,4.579,66.03,0.0482,25.844,0.1841,0.3941,BCC+FCC
1,3.4632,1.5,4.533,70.605,0.0478,25.1845,0.1912,0.2,BCC+FCC
1,3.1003,1.45,4.5405,68.895,0.0517,25.805,0.1948,0.2018,BCC+FCC
1,7.8934,1.65,4.5145,68.05,0.0446,24.695,0.1908,0.2504,BCC+FCC
1,6.1075,1.6,4.522,66.34,0.0484,25.06,0.1954,0.2523,BCC+FCC
1,58.8226,1.7,4.5035,65.435,0.0495,25.965,0.2007,0.2957,BCC+FCC
1,12.6713,1.75,4.4885,70.505,0.0467,26.394,0.1916,0.2909,BCC+FCC
1,53.1094,1.65,4.5035,67.085,0.0524,27.615,0.2062,0.2962,BCC+FCC
1,3.0979,1.45,4.524,76.945,0.048,25.266,0.187,0.1813,BCC+FCC
1,2.9695,1.65,4.528,62.66,0.0464,20.256,0.1714,0.2358,BCC+FCC
1,36.9306,1.65,4.4905,79.46,0.0421,22.656,0.1701,0.2283,BCC+FCC
1,9.914,1.55,4.498,79.4,0.0467,25.83,0.1847,0.232,BCC+FCC
1,8.0808,1.75,4.502,65.115,0.0434,22.985,0.1831,0.2816,BCC+FCC
1,68.6959,1.65,4.487,75.135,0.0477,27.438,0.1884,0.278,BCC+FCC
1,3.1748,1.55,4.4615,71.165,0.0452,20.902,0.1649,0.1735,BCC+FCC
1,3.4839,1.5,4.4415,72.64,0.0482,22.082,0.1747,0.1757,BCC+FCC
1,3.2185,1.5,4.4615,72.815,0.0472,22.222,0.1725,0.1751,BCC+FCC
1,3.4626,1.45,4.429,70.755,0.0533,22.9195,0.1814,0.1784,BCC+FCC
1,3.8086,1.5,4.434,76,0.0463,21.9,0.1754,0.1747,BCC+FCC
1,3.0498,1.5,4.494,76.525,0.0427,22.2675,0.17,0.1732,BCC+FCC
1,2.7215,1.45,4.5015,74.815,0.0473,23.822,0.1752,0.1754,BCC+FCC
1,2.4983,1.4,4.509,73.105,0.0512,25.0345,0.1793,0.1771,BCC+FCC
1,3.7558,1.45,4.414,77.475,0.0485,22.9325,0.1827,0.1763,BCC+FCC
1,3.6662,1.45,4.434,77.65,0.0482,23.055,0.1813,0.1759,BCC+FCC
1,2.7922,1.45,4.514,78.35,0.0442,23.58,0.1747,0.1741,BCC+FCC
1,2.721,1.4,4.5015,76.465,0.0493,25.142,0.1821,0.1769,BCC+FCC
1,3.8349,1.45,4.4665,81.36,0.0451,23.254,0.1764,0.1733,BCC+FCC
1,3.6078,1.45,4.4865,81.535,0.0447,23.0755,0.1752,0.173,BCC+FCC
1,3.3155,1.45,4.5065,81.71,0.0441,22.953,0.1739,0.1726,BCC+FCC
1,3.8077,1.65,4.4905,67.25,0.0439,21.575,0.1647,0.23,BCC+FCC
1,4.3813,1.55,4.478,67.015,0.0508,23.335,0.1788,0.2333,BCC+FCC
1,4.1183,1.55,4.4905,70.55,0.048,24.545,0.1797,0.2324,BCC+FCC
1,3.7571,1.5,4.498,68.84,0.052,25.16,0.1839,0.2341,BCC+FCC
1,4.1509,1.55,4.503,74.085,0.0454,25.048,0.1791,0.2311,BCC+FCC
1,3.5803,1.5,4.5105,72.375,0.049,26.1875,0.1845,0.2331,BCC+FCC
1,4.7823,1.5,4.483,75.56,0.0493,26.228,0.1867,0.2322,BCC+FCC
1,3.5805,1.45,4.5105,74.025,0.0516,27.6725,0.1909,0.2341,BCC+FCC
1,8.6409,1.55,4.468,80.63,0.0433,24.144,0.1747,0.2272,BCC+FCC
1,9.7922,1.75,4.4845,69.88,0.0406,23.494,0.1707,0.2754,BCC+FCC
1,5.6892,1.65,4.4995,66.46,0.0477,24.59,0.182,0.2794,BCC+FCC
1,48.2328,1.7,4.457,74.715,0.043,24.6205,0.1743,0.2738,BCC+FCC
1,14.7701,1.65,4.4645,73.005,0.0466,25.994,0.1833,0.2766,BCC+FCC
1,7.3071,1.6,4.492,71.47,0.0494,27.183,0.1892,0.2789,BCC+FCC
1,28.1505,1.7,4.4495,78.075,0.0403,23.91,0.1671,0.2706,BCC+FCC
1,24.0227,1.65,4.477,76.54,0.0445,25.898,0.178,0.2741,BCC+FCC
1,7.2401,1.55,4.492,73.12,0.0517,28.668,0.1946,0.2795,BCC+FCC
1,158.5651,1.8,4.4735,67.265,0.0448,25.2085,0.1808,0.3178,BCC+FCC
1,23.0592,1.8,4.466,70.625,0.044,25.9,0.1775,0.3153,BCC+FCC
1,14.6354,1.65,4.4885,65.495,0.0537,27.2545,0.199,0.3227,BCC+FCC
1,5.534,1.9,4.4475,69.72,0.0429,26.986,0.1744,0.3497,BCC+FCC
1,8.8471,1.75,4.455,71.31,0.0475,30.659,0.1923,0.3526,BCC+FCC
1,2.7941,1.75,4.7695,62.435,0.0508,21.8185,0.1789,0.2882,BCC+FCC
1,5.4262,1.7,4.699,76.975,0.0489,16.6475,0.1603,0.1782,BCC+FCC
1,8.9928,1.65,4.6215,74.92,0.0508,18.382,0.1655,0.1789,BCC+FCC
1,17.1544,1.6,4.649,73.385,0.0507,20.0695,0.1648,0.1784,BCC+FCC
1,4.4689,1.7,4.6915,80.335,0.0505,15.958,0.1658,0.1798,BCC+FCC
1,7.3717,1.65,4.614,78.28,0.0514,17.44,0.1702,0.1799,BCC+FCC
1,24.6661,1.6,4.5365,76.225,0.0519,19.165,0.174,0.1796,BCC+FCC
1,37.5786,1.55,4.7215,75.47,0.0507,21.529,0.167,0.1786,BCC+FCC
1,8.7395,1.5,4.4865,72.635,0.0543,22.078,0.1799,0.1798,BCC+FCC
1,26.2626,1.5,4.644,73.415,0.0534,22.702,0.1727,0.1797,BCC+FCC
1,8.3606,1.45,4.5665,71.36,0.0555,23.464,0.178,0.1803,BCC+FCC
1,16.7862,1.55,4.7665,79.09,0.0519,20.993,0.1709,0.1798,BCC+FCC
1,3.7067,1.75,4.7155,71.175,0.0493,20.3325,0.1642,0.2352,BCC+FCC
1,4.6765,1.7,4.6905,69.38,0.05,21.284,0.1661,0.2353,BCC+FCC
1,4.718,1.7,4.743,69.64,0.0475,21.492,0.1616,0.2343,BCC+FCC
1,2.7717,1.8,4.6805,76.07,0.0515,18.005,0.1707,0.2367,BCC+FCC
1,6.1022,1.65,4.658,70.945,0.0536,22.536,0.1756,0.2368,BCC+FCC
1,9.2803,1.6,4.633,69.15,0.0545,23.285,0.1776,0.2369,BCC+FCC
1,27.2391,1.55,4.5555,67.095,0.0565,23.415,0.1828,0.2371,BCC+FCC
1,602.0142,1.55,4.4955,70.195,0.0565,24.2255,0.1891,0.2369,BCC+FCC
1,2.6262,1.75,4.693,81.255,0.0532,18.1785,0.1784,0.2379,BCC+FCC
1,4.53,1.65,4.6955,77.925,0.0558,21.995,0.1837,0.2385,BCC+FCC
1,2.1811,1.75,4.6855,84.615,0.0519,17.931,0.1785,0.2377,BCC+FCC
1,3.8278,1.7,4.6745,65.145,0.054,23.275,0.1788,0.2843,BCC+FCC
1,4.6591,1.65,4.6495,63.35,0.0548,23.085,0.1805,0.2843,BCC+FCC
1,4.9943,1.65,4.642,66.71,0.0575,24.84,0.1878,0.2853,BCC+FCC
1,6.8009,1.6,4.617,64.915,0.0584,24.8065,0.1897,0.2854,BCC+FCC
1,3.9352,1.7,4.607,71.605,0.0575,24.874,0.1918,0.2852,BCC+FCC
1,1.7441,1.85,4.6745,80.35,0.0528,19.355,0.1826,0.2844,BCC+FCC
1,1.3406,2.05,4.6885,72.695,0.0434,18.578,0.1863,0.2701,BCC+FCC
1,1.7137,1.9,4.591,77.39,0.0461,20.456,0.1868,0.2643,BCC+FCC
1,1.8338,1.85,4.5585,78.955,0.0448,21.082,0.1829,0.2609,BCC+FCC
1,1.125,2.1,4.71,70.165,0.0497,21.6625,0.1986,0.3153,BCC+FCC
1,1.5972,2,4.6535,76.205,0.0448,19.392,0.1779,0.2951,BCC+FCC
1,1.8272,1.85,4.5885,80.985,0.045,21.304,0.178,0.2904,BCC+FCC
1,1.2335,2.15,4.675,70.375,0.0448,21.1775,0.1806,0.3368,BCC+FCC
1,1.2902,2.1,4.675,72.025,0.0478,22.0025,0.1859,0.3373,BCC+FCC
1,1.2374,2.05,4.7075,73.76,0.0522,22.87,0.1945,0.3398,BCC+FCC
1,1.3178,2.05,4.675,73.675,0.0502,22.8275,0.1907,0.3378,BCC+FCC
1,1.03,2.2,4.6965,67.845,0.0508,23.777,0.1932,0.3766,BCC+FCC
1,1.088,2.2,4.664,67.76,0.049,23.726,0.1898,0.3746,BCC+FCC
1,1.64,2.05,4.708,73.86,0.0456,16.12,0.1787,0.2478,BCC+FCC
1,1.8012,2,4.6755,75.425,0.0472,16.9025,0.1809,0.2468,BCC+FCC
1,1.8633,2,4.718,77.09,0.0433,15.016,0.1706,0.2428,BCC+FCC
1,1.881,1.95,4.718,78.74,0.0468,15.676,0.1767,0.2439,BCC+FCC
1,2.0662,1.95,4.6105,76.905,0.0457,17.6425,0.1763,0.2424,BCC+FCC
1,2.1117,1.95,4.653,78.57,0.0434,15.608,0.1692,0.2399,BCC+FCC
1,2.1764,1.95,4.578,76.82,0.0438,17.6,0.1703,0.2393,BCC+FCC
1,2.1066,1.9,4.6105,78.555,0.0472,18.4675,0.18,0.2427,BCC+FCC
1,2.455,1.85,4.503,78.37,0.0416,21.222,0.1665,0.2343,BCC+FCC
1,2.4185,1.85,4.588,81.7,0.0432,17,0.1665,0.2354,BCC+FCC
1,2.4598,1.8,4.5455,81.685,0.0428,20.1435,0.17,0.2355,BCC+FCC
1,1.5136,2.1,4.707,72.825,0.0447,17.6725,0.175,0.2888,BCC+FCC
1,1.5923,2.1,4.6745,72.74,0.0432,17.63,0.1718,0.2871,BCC+FCC
1,1.7055,2,4.717,77.705,0.0459,17.332,0.1731,0.2853,BCC+FCC
1,1.692,1.95,4.717,79.355,0.0489,17.992,0.1788,0.2861,BCC+FCC
1,1.9179,1.95,4.6095,77.52,0.0464,20.02,0.1767,0.2838,BCC+FCC
1,1.8553,1.9,4.557,75.925,0.0471,24.4275,0.189,0.2864,BCC+FCC
1,2.0392,1.9,4.6195,80.75,0.0446,18.55,0.1695,0.2801,BCC+FCC
1,1.9194,1.85,4.6095,80.82,0.0477,21.67,0.1828,0.2841,BCC+FCC
1,2.0638,1.85,4.577,80.735,0.045,21.6275,0.1754,0.2807,BCC+FCC
1,1.8883,1.8,4.6095,82.47,0.0474,22.786,0.185,0.284,BCC+FCC
1,1.8404,1.8,4.652,84.135,0.0489,21.2555,0.1826,0.2834,BCC+FCC
1,1.4576,2.15,4.6735,71.705,0.0423,19.1825,0.1681,0.3244,BCC+FCC
1,1.6312,2.05,4.641,74.92,0.0461,20.79,0.1746,0.3234,BCC+FCC
1,1.5378,2,4.6735,76.655,0.0501,21.6575,0.1838,0.326,BCC+FCC
1,3.1527,2,4.5315,79.91,0.0279,6.217,0.118,0.1667,FCC
1,3.2525,1.95,4.5315,81.56,0.0308,7.408,0.1255,0.168,FCC
1,2.4173,1.8,4.613,86.155,0.0425,17.007,0.161,0.2317,BCC+FCC
1,2.1344,1.8,4.718,86.675,0.0468,16.695,0.1681,0.2351,BCC+FCC
1,2.3238,1.75,4.613,87.805,0.0434,18.6865,0.1654,0.2324,BCC+FCC
1,2.2336,1.75,4.6855,88.24,0.0466,18.382,0.1693,0.2342,BCC+FCC
1,2.4438,1.75,4.653,88.155,0.0441,18.4415,0.1642,0.232,BCC+FCC
1,2.0292,1.7,4.6655,89.715,0.0476,19.828,0.1746,0.2353,BCC+FCC
1,2.3084,1.7,4.633,89.63,0.0446,19.896,0.1689,0.2328,BCC+FCC
1,1.7077,1.9,4.687,82.235,0.0485,16.9045,0.1737,0.2824,BCC+FCC
1,1.7743,1.9,4.707,82.41,0.0479,16.677,0.1724,0.2821,BCC+FCC
1,1.695,1.85,4.6345,83.625,0.0471,18.525,0.1749,0.2813,BCC+FCC
1,1.9961,1.85,4.622,83.715,0.0448,18.471,0.1688,0.2788,BCC+FCC
1,2.1789,1.85,4.5895,83.63,0.042,18.522,0.1627,0.2763,BCC+FCC
1,1.707,1.8,4.6545,85.45,0.0483,20.335,0.1784,0.2817,BCC+FCC
1,2.0514,1.8,4.5695,85.105,0.0412,20.5765,0.1659,0.2764,BCC+FCC
1,1.9695,1.8,4.642,85.54,0.0461,20.272,0.1724,0.2792,BCC+FCC
1,2.0841,1.75,4.6095,87.105,0.0436,21.916,0.1691,0.2768,BCC+FCC
1,1.7431,2,4.631,77.975,0.0445,19.51,0.1678,0.3198,BCC+FCC
1,1.8556,2,4.5985,77.89,0.0423,19.476,0.1623,0.3174,BCC+FCC
1,1.3781,1.95,4.676,79.62,0.0511,20.492,0.1827,0.3246,BCC+FCC
1,1.6429,1.9,4.611,81.1,0.0462,21.38,0.1764,0.3204,BCC+FCC
1,1.2893,2.1,4.685,73.88,0.05,22.34,0.1807,0.3622,BCC+FCC
1,0.7988,2.35,4.2665,52.45,0.0324,27.345,0.1536,0.4361,BCC+FCC
1,0.9987,2.25,4.3265,56.275,0.0306,31.5525,0.1556,0.436,BCC+FCC
1,0.7955,2.35,4.258,46.555,0.0252,23.186,0.1435,0.4163,BCC+FCC
1,0.7716,2.35,4.2695,43.82,0.0252,21.956,0.1463,0.4094,BCC+FCC
1,1.6531,1.95,4.706,67.33,0.0474,21.028,0.2053,0.245,BCC+FCC
1,3.0483,1.85,4.7295,66.82,0.0465,20.274,0.184,0.2234,BCC+FCC
1,5.6121,1.75,4.6795,63.23,0.0485,20.947,0.1878,0.2235,BCC+FCC
1,19.3085,1.7,4.622,61.35,0.0489,20.66,0.19,0.223,BCC+FCC
1,1.2303,2.05,4.6875,66.425,0.0503,22.295,0.2106,0.2902,BCC+FCC
1,1.4286,2.05,4.7285,69.42,0.0439,19.48,0.1876,0.2721,BCC+FCC
1,1.3889,2,4.695,64.715,0.0521,23.0105,0.2154,0.2919,BCC+FCC
1,1.6437,2,4.736,67.71,0.0472,20.666,0.1914,0.2733,BCC+FCC
1,2.7464,1.95,4.752,68.91,0.0428,18.986,0.1648,0.2522,BCC+FCC
1,2.1613,1.95,4.6785,65.83,0.0464,21.391,0.193,0.2723,BCC+FCC
1,1.9409,1.9,4.751,64.29,0.0516,22.012,0.1964,0.2749,BCC+FCC
1,4.8826,1.85,4.702,65.32,0.0448,20.436,0.1691,0.2523,BCC+FCC
1,5.5614,1.75,4.717,61.9,0.0461,20.62,0.1706,0.2529,BCC+FCC
1,1.2171,2.1,4.7175,66.805,0.0479,21.933,0.1983,0.3162,BCC+FCC
1,1.998,2,4.741,66.295,0.0471,21.1265,0.1783,0.2994,BCC+FCC
1,2.6421,2,4.6435,66.04,0.042,20.948,0.1759,0.2965,BCC+FCC
1,2.7111,1.95,4.6835,64.415,0.047,21.522,0.1803,0.2987,BCC+FCC
1,3.0728,1.95,4.651,64.33,0.0454,21.454,0.1797,0.2977,BCC+FCC
1,2.1637,1.85,4.7635,61.165,0.0497,21.695,0.1824,0.3007,BCC+FCC
1,9.1893,1.85,4.5685,60.655,0.046,21.185,0.184,0.2967,BCC+FCC
1,2.4367,1.8,4.7385,59.37,0.0504,21.107,0.1838,0.3007,BCC+FCC
1,2.9675,1.8,4.706,59.285,0.0511,21.0135,0.185,0.3006,BCC+FCC
1,1.3648,2.15,4.6825,67.015,0.0429,21.469,0.181,0.338,BCC+FCC
1,1.4514,2.1,4.7225,65.39,0.0486,22.303,0.1873,0.3406,BCC+FCC
1,1.5608,2.1,4.69,65.305,0.0464,22.2435,0.186,0.3394,BCC+FCC
1,1.671,2.1,4.6575,65.22,0.0437,22.184,0.1842,0.338,BCC+FCC
1,1.7828,2.1,4.625,65.135,0.0423,22.1245,0.182,0.3364,BCC+FCC
1,2.0405,2.05,4.6325,63.425,0.045,22.54,0.1873,0.3381,BCC+FCC
1,2.0244,2,4.6725,61.8,0.0508,22.69,0.1924,0.3408,BCC+FCC
1,1.2431,2.2,4.639,64.315,0.0468,23.3605,0.1885,0.3744,BCC+FCC
1,2.0805,2,4.7165,71.535,0.0454,15.311,0.1818,0.2012,BCC+FCC
3,4.4233,1.95,4.7115,72.9,0.0385,14.09,0.1516,0.1846,FCC
4,5.3487,1.9,4.7515,71.275,0.0416,15.675,0.1551,0.1861,FCC
1,4.5083,1.85,4.749,67.985,0.0481,17.578,0.1755,0.1959,BCC+FCC
1,9.4555,1.8,4.6915,66.105,0.0486,17.9545,0.1778,0.1954,BCC+FCC
1,2.6471,2,4.733,70.37,0.0436,16.942,0.1662,0.2428,BCC+FCC
4,3.3026,2,4.743,71.95,0.0391,15.685,0.1478,0.2355,FCC
1,6.2699,1.9,4.6505,66.695,0.0444,18.616,0.1708,0.242,BCC+FCC
1,6.1095,1.85,4.6905,65.07,0.0478,19.093,0.1738,0.2437,BCC+FCC
1,3.9984,1.8,4.763,63.53,0.0482,19.33,0.1734,0.2447,BCC+FCC
1,9.0526,1.75,4.618,62.975,0.0447,19.035,0.1599,0.2359,BCC+FCC
1,1.7229,2.1,4.7145,69.465,0.0442,18.209,0.1743,0.2894,BCC+FCC
1,2.3247,2.05,4.732,69.335,0.043,18.391,0.1621,0.2846,BCC+FCC
1,2.4926,2,4.697,65.96,0.0486,19.838,0.1814,0.2907,BCC+FCC
1,6.7504,1.85,4.6645,62.24,0.0481,20.11,0.1718,0.2856,BCC+FCC
1,40.1876,1.8,4.607,60.36,0.0485,19.536,0.1741,0.285,BCC+FCC
1,6.6831,1.75,4.6795,58.82,0.0496,18.994,0.1736,0.2865,BCC+FCC
1,1.6079,2.1,4.711,65.14,0.0513,20.992,0.1902,0.3332,BCC+FCC
1,2.9527,1.9,4.686,59.71,0.0529,20.631,0.1849,0.3298,BCC+FCC
1,2.8293,1.85,4.6935,58,0.0538,19.82,0.1861,0.3304,BCC+FCC
1,5.6451,1.95,4.599,75.1,0.035,10.15,0.1257,0.1696,FCC
1,2.3834,2.05,4.5605,74.02,0.0351,11.636,0.137,0.229,FCC
1,1.5578,2.05,4.678,71.83,0.0442,15.695,0.1855,0.2152,BCC+FCC
1,1.2373,2.1,4.6785,69.465,0.0458,19.2425,0.1937,0.2745,BCC+FCC
1,1.1327,2.2,4.665,67.145,0.047,21.287,0.1881,0.3404,BCC+FCC
1,1.1796,2.2,4.6325,67.06,0.0456,21.236,0.1844,0.3383,BCC+FCC
1,1.0532,2.1,4.6925,68.045,0.051,21.1925,0.2089,0.2904,BCC+FCC
1,1.2455,2.1,4.701,70.955,0.0424,17.882,0.1846,0.2711,BCC+FCC
1,1.3008,2.1,4.6685,70.87,0.0411,17.848,0.1821,0.2695,BCC+FCC
1,2.4141,2.05,4.5115,75.1,0.0344,9.63,0.1448,0.1807,FCC
1,2.5018,2.05,4.5315,75.275,0.0336,9.6825,0.1435,0.1804,FCC
4,2.9103,2.05,4.489,76.595,0.0279,7.409,0.1233,0.1707,FCC
4,2.7175,2.05,4.499,75.19,0.0317,9.657,0.1382,0.1775,FCC
1,1.8166,2.05,4.509,75.165,0.0369,10.153,0.1898,0.1703,FCC
3,14.5356,1.75,4.148,42.485,0.0394,13.3075,0.5039,0.347,BCC
3,14.473,1.75,4.183,46.465,0.0384,15.8445,0.4877,0.3577,BCC
3,14.8387,1.65,4.192,41.375,0.0403,11.09,0.4589,0.3937,BCC
4,14.9175,1.75,4.1415,41.815,0.0335,13.6425,0.4582,0.3536,BCC
4,14.7305,1.75,4.134,42.3,0.0345,13.4,0.4772,0.3307,BCC
3,15.0965,1.75,4.1515,44.29,0.034,14.886,0.4691,0.3369,BCC
4,3.7121,1.7,4.75,70.915,0.0306,17.9105,0.1038,0.0669,FCC
4,17.7949,1.8,4.76,77.78,0.0303,13.572,0.1101,0.0736,FCC
4,18.4583,1.85,4.85,74.245,0.026,15.5425,0.0931,0.0649,FCC
4,13.0981,1.85,4.785,74.075,0.0264,15.4575,0.0949,0.0671,FCC
4,6.5897,1.75,4.865,70.825,0.0261,18.5375,0.094,0.0607,FCC
4,6.0081,1.75,4.8325,70.74,0.0274,18.478,0.0967,0.0632,FCC
4,4.9379,1.7,4.84,69.03,0.027,19.454,0.0962,0.0608,FCC
4,3.6414,1.7,4.7425,68.775,0.0297,19.25,0.1033,0.0667,FCC
4,2.8777,1.65,4.7175,66.98,0.0309,19.782,0.1059,0.0668,FCC
4,23.3483,1.85,4.8425,77.605,0.0287,14.192,0.1055,0.0727,FCC
4,29.108,1.85,4.81,77.52,0.0286,14.158,0.1053,0.0731,FCC
4,15.9877,1.8,4.7525,75.64,0.0291,16.24,0.1085,0.0732,FCC
4,13.0442,1.75,4.8575,74.185,0.0296,18.201,0.1097,0.0705,FCC
3,9.4827,1.75,4.7925,74.015,0.0304,18.099,0.1119,0.073,FCC
4,8.3864,1.7,4.865,72.475,0.0296,19.6925,0.1101,0.0686,FCC
4,5.8693,1.65,4.84,70.68,0.0305,20.774,0.1121,0.0687,FCC
4,2.0928,1.5,4.6675,65.04,0.036,21.584,0.1243,0.0736,FCC
4,14.8177,1.8,4.8425,79.255,0.0321,14.852,0.1182,0.0786,FCC
4,17.494,1.8,4.81,79.17,0.0318,14.818,0.1176,0.0788,FCC
4,504.5365,1.75,4.85,77.545,0.0328,17.1925,0.1212,0.0781,FCC
3,40.8532,1.75,4.785,77.375,0.0328,17.1075,0.1211,0.0789,FCC
4,15.4101,1.7,4.825,75.75,0.0336,19.14,0.1239,0.0782,FCC
4,8.3235,1.7,4.7275,75.495,0.0331,18.987,0.1238,0.0788,FCC
4,5.8191,1.65,4.735,73.785,0.0348,20.6095,0.1274,0.0792,FCC
4,48.4054,1.7,4.7525,78.94,0.0349,17.89,0.1308,0.0835,FCC
2,66.3356,1.9,4.8675,73.9,0.0237,16.06,0.0888,0.0645,FCC
4,537.5389,1.9,4.8025,73.73,0.0243,15.975,0.0893,0.0666,FCC
2,17.001,1.85,4.8425,72.105,0.0249,17.643,0.0923,0.0647,FCC
3,14.4001,1.85,4.81,72.02,0.0251,17.592,0.0932,0.066,FCC
4,12.1394,1.85,4.7775,71.935,0.0253,17.541,0.0934,0.0667,FCC
2,9.8424,1.8,4.8825,70.48,0.025,18.986,0.0915,0.0604,FCC
2,8.8901,1.8,4.85,70.395,0.0258,18.9265,0.0938,0.0629,FCC
3,7.9487,1.8,4.8175,70.31,0.0261,18.867,0.0955,0.0648,FCC
3,7.0454,1.8,4.785,70.225,0.026,18.8075,0.0966,0.0661,FCC
3,6.4291,1.75,4.8575,68.685,0.026,19.868,0.094,0.0605,FCC
3,5.8436,1.75,4.825,68.6,0.0269,19.8,0.0965,0.063,FCC
4,5.2641,1.75,4.7925,68.515,0.0273,19.732,0.0984,0.0649,FCC
2,4.7002,1.75,4.76,68.43,0.0273,19.664,0.0998,0.0663,FCC
4,5.2638,1.7,4.865,66.975,0.0255,20.4675,0.0931,0.0574,FCC
3,4.8213,1.7,4.8325,66.89,0.027,20.391,0.0963,0.0606,FCC
4,4.3746,1.7,4.8,66.805,0.028,20.3145,0.099,0.0631,FCC
3,3.9343,1.7,4.7675,66.72,0.0285,20.238,0.1011,0.065,FCC
4,3.5031,1.7,4.735,66.635,0.0286,20.1615,0.1027,0.0664,FCC
3,3.112,1.65,4.7425,64.925,0.0298,20.385,0.1036,0.0652,FCC
4,2.3701,1.65,4.6775,64.755,0.0296,20.215,0.1068,0.0673,FCC
3,2.8638,1.6,4.75,63.215,0.0302,20.2665,0.1034,0.0633,FCC
4,2.5289,1.6,4.7175,63.13,0.031,20.173,0.1059,0.0653,FCC
4,2.1879,1.6,4.685,63.045,0.0312,20.0795,0.108,0.0667,FCC
2,22.9202,1.85,4.8675,75.55,0.0274,16.885,0.104,0.0715,FCC
3,27.8201,1.85,4.835,75.465,0.0277,16.8425,0.1041,0.0724,FCC
4,36.5831,1.85,4.8025,75.38,0.0275,16.8,0.1036,0.0728,FCC
4,51.1235,1.8,4.875,73.84,0.0276,18.684,0.1064,0.0702,FCC
2,33.7577,1.8,4.8425,73.755,0.0282,18.633,0.1073,0.0716,FCC
4,24.3139,1.8,4.81,73.67,0.0286,18.582,0.1076,0.0726,FCC
4,14.2842,1.8,4.745,73.5,0.0279,18.48,0.1067,0.0729,FCC
4,14.3206,1.75,4.8825,72.13,0.0282,20.141,0.1076,0.0683,FCC
3,8.9373,1.75,4.785,71.875,0.0295,19.9625,0.1109,0.0727,FCC
4,7.6395,1.75,4.7525,71.79,0.0295,19.903,0.111,0.0731,FCC
4,8.049,1.7,4.8575,70.335,0.0292,21.188,0.1099,0.0684,FCC
4,6.3006,1.7,4.7925,70.165,0.0299,21.052,0.113,0.0719,FCC
3,5.536,1.7,4.76,70.08,0.0304,20.984,0.1139,0.0728,FCC
4,5.6733,1.65,4.8325,68.54,0.0302,21.876,0.112,0.0685,FCC
4,5.0786,1.65,4.8,68.455,0.0309,21.7995,0.114,0.0705,FCC
4,4.5176,1.65,4.7675,68.37,0.0311,21.723,0.1156,0.072,FCC
2,3.989,1.65,4.735,68.285,0.0313,21.6465,0.1167,0.073,FCC
4,3.9319,1.6,4.775,66.66,0.032,22.12,0.1162,0.0706,FCC
4,3.0681,1.6,4.71,66.49,0.0322,21.95,0.1193,0.0731,FCC
4,2.4204,1.55,4.685,64.695,0.0336,21.8945,0.1217,0.0732,FCC
4,2.6192,1.5,4.725,63.07,0.0342,21.684,0.1201,0.0708,FCC
4,14.3952,1.8,4.8675,77.2,0.0312,17.71,0.1171,0.0777,FCC
2,20.2468,1.8,4.8025,77.03,0.0307,17.625,0.1159,0.0785,FCC
2,26.0572,1.8,4.77,76.945,0.0297,17.5825,0.1145,0.0781,FCC
3,140.1978,1.75,4.875,75.49,0.0313,19.674,0.1198,0.0768,FCC
3,209.446,1.75,4.8425,75.405,0.032,19.623,0.1202,0.0779,FCC
4,56.8741,1.75,4.81,75.32,0.0321,19.572,0.1201,0.0785,FCC
4,20.9744,1.75,4.745,75.15,0.0308,19.47,0.1185,0.0783,FCC
3,23.287,1.7,4.8825,73.78,0.0313,21.296,0.1213,0.0753,FCC
2,17.6996,1.7,4.85,73.695,0.032,21.2365,0.1224,0.0769,FCC
4,13.9995,1.7,4.8175,73.61,0.0327,21.177,0.1231,0.078,FCC
3,11.3431,1.7,4.785,73.525,0.033,21.1175,0.1233,0.0786,FCC
3,9.324,1.7,4.7525,73.44,0.0327,21.058,0.123,0.0788,FCC
3,10.0788,1.65,4.8575,71.985,0.0323,22.508,0.1236,0.0754,FCC
3,8.6375,1.65,4.825,71.9,0.0327,22.44,0.1249,0.077,FCC
4,7.4261,1.65,4.7925,71.815,0.0335,22.372,0.1257,0.0781,FCC
2,6.3934,1.65,4.76,71.73,0.0338,22.304,0.1262,0.0787,FCC
4,5.4959,1.65,4.7275,71.645,0.0337,22.236,0.1262,0.0789,FCC
4,5.7714,1.6,4.8,70.105,0.0338,23.2845,0.1272,0.0771,FCC
4,5.0698,1.6,4.7675,70.02,0.0343,23.208,0.1282,0.0782,FCC
2,3.8449,1.6,4.7025,69.85,0.0347,23.055,0.1291,0.0791,FCC
4,3.34,1.55,4.71,68.14,0.0356,23.6,0.1315,0.079,FCC
2,2.603,1.5,4.685,66.345,0.0365,23.7095,0.1338,0.0791,FCC
3,10.6006,1.75,4.8675,78.85,0.0349,18.535,0.1286,0.0834,FCC
4,17.5566,1.75,4.77,78.595,0.0326,18.4075,0.125,0.083,FCC
2,56.383,1.7,4.8425,77.055,0.0357,20.613,0.1316,0.0835,FCC
3,315.1648,1.7,4.81,76.97,0.0355,20.562,0.1312,0.0839,FCC
3,81.9992,1.7,4.7775,76.885,0.0349,20.511,0.1303,0.0837,FCC
2,29.2184,1.65,4.85,75.345,0.036,22.3915,0.1342,0.0828,FCC
2,14.6312,1.65,4.785,75.175,0.0364,22.2725,0.1343,0.084,FCC
4,10.4475,1.6,4.825,73.55,0.0367,23.76,0.1366,0.083,FCC
3,7.2869,1.6,4.76,73.38,0.0373,23.624,0.1372,0.0841,FCC
4,6.1502,1.6,4.7275,73.295,0.0369,23.556,0.1368,0.084,FCC
4,78.9173,1.65,4.745,78.45,0.0366,21.45,0.1383,0.0876,FCC
4,30.9866,1.65,4.7125,78.365,0.0346,21.399,0.1361,0.0863,FCC
3,13.9319,1.6,4.7525,76.74,0.039,23.368,0.1434,0.0886,FCC
4,8.2541,1.6,4.6875,76.57,0.0359,23.249,0.1401,0.0865,FCC
2,67.843,1.9,4.8925,71.845,0.0225,18.177,0.0867,0.0625,FCC
3,102.5886,1.9,4.86,71.76,0.0228,18.126,0.0876,0.0643,FCC
3,291.0301,1.9,4.8275,71.675,0.0233,18.075,0.0878,0.0655,FCC
4,21.0262,1.85,4.9,70.135,0.0234,19.4345,0.0884,0.0601,FCC
2,18.1904,1.85,4.8675,70.05,0.0237,19.375,0.0901,0.0626,FCC
1,15.5571,1.85,4.835,69.965,0.0236,19.3155,0.0913,0.0644,FCC
3,13.203,1.85,4.8025,69.88,0.0242,19.256,0.0919,0.0657,FCC
3,11.1329,1.85,4.77,69.795,0.0243,19.1965,0.0918,0.0664,FCC
3,9.4054,1.8,4.875,68.34,0.0245,20.282,0.0913,0.0602,FCC
2,8.4727,1.8,4.8425,68.255,0.025,20.214,0.0932,0.0627,FCC
2,7.5522,1.8,4.81,68.17,0.0249,20.146,0.0947,0.0645,FCC
2,6.6662,1.8,4.7775,68.085,0.0251,20.078,0.0955,0.0658,FCC
4,6.1947,1.75,4.85,66.545,0.0256,20.7705,0.0939,0.0603,FCC
4,5.6102,1.75,4.8175,66.46,0.0262,20.694,0.0961,0.0628,FCC
1,5.0303,1.75,4.785,66.375,0.0262,20.6175,0.0978,0.0647,FCC
4,4.4619,1.75,4.7525,66.29,0.026,20.541,0.0989,0.066,FCC
4,5.0903,1.7,4.8575,64.835,0.0256,20.985,0.0934,0.0572,FCC
3,4.1961,1.7,4.7925,64.665,0.0274,20.815,0.0988,0.0629,FCC
3,3.7493,1.7,4.76,64.58,0.0276,20.73,0.1006,0.0648,FCC
3,3.3048,1.7,4.7275,64.495,0.0272,20.645,0.102,0.0661,FCC
4,4.0876,1.65,4.8325,63.04,0.0266,20.764,0.0954,0.0573,FCC
3,2.9401,1.65,4.735,62.785,0.0289,20.4835,0.1033,0.0649,FCC
3,2.5474,1.65,4.7025,62.7,0.0287,20.39,0.1049,0.0662,FCC
4,2.7046,1.6,4.7425,61.075,0.0298,19.98,0.1034,0.0631,FCC
4,2.3472,1.6,4.71,60.99,0.0302,19.878,0.1057,0.065,FCC
2,26.6686,1.85,4.86,73.41,0.0266,19.116,0.1028,0.0713,FCC
4,48.2493,1.85,4.795,73.24,0.0264,19.014,0.1018,0.0725,FCC
2,62.1936,1.8,4.9,71.785,0.0263,20.5895,0.1045,0.068,FCC
4,39.6288,1.8,4.8675,71.7,0.0266,20.53,0.1056,0.07,FCC
1,28.0074,1.8,4.835,71.615,0.0274,20.4705,0.1062,0.0714,FCC
3,20.92,1.8,4.8025,71.53,0.0277,20.411,0.1063,0.0723,FCC
3,16.1391,1.8,4.77,71.445,0.0274,20.3515,0.1058,0.0727,FCC
3,15.4343,1.75,4.9075,70.075,0.0268,21.67,0.1053,0.0656,FCC
3,13.2513,1.75,4.875,69.99,0.0274,21.602,0.1071,0.0681,FCC
2,11.3605,1.75,4.8425,69.905,0.0275,21.534,0.1085,0.0701,FCC
3,9.7346,1.75,4.81,69.82,0.0281,21.466,0.1093,0.0715,FCC
2,8.3297,1.75,4.7775,69.735,0.0285,21.398,0.1097,0.0724,FCC
3,7.1014,1.75,4.745,69.65,0.0284,21.33,0.1095,0.0728,FCC
3,7.6438,1.7,4.85,68.195,0.0285,22.2555,0.1096,0.0682,FCC
2,6.7727,1.7,4.8175,68.11,0.0288,22.179,0.1112,0.0702,FCC
1,5.9653,1.7,4.785,68.025,0.0289,22.1025,0.1123,0.0716,FCC
4,5.2177,1.7,4.7525,67.94,0.0294,22.026,0.1129,0.0726,FCC
3,4.2816,1.65,4.76,66.23,0.0299,22.38,0.115,0.0717,FCC
3,3.7487,1.65,4.7275,66.145,0.0303,22.295,0.1158,0.0727,FCC
2,3.2224,1.65,4.695,66.06,0.0304,22.21,0.1162,0.0731,FCC
4,3.2883,1.6,4.735,64.435,0.0312,22.2985,0.1175,0.0719,FCC
1,2.8433,1.6,4.7025,64.35,0.0312,22.205,0.1186,0.0728,FCC
4,2.9908,1.55,4.7425,62.725,0.0324,21.96,0.1181,0.0705,FCC
4,13.8584,1.8,4.8925,75.145,0.03,20.157,0.1159,0.0765,FCC
2,16.0023,1.8,4.86,75.06,0.0303,20.106,0.1158,0.0775,FCC
1,18.9775,1.8,4.8275,74.975,0.0302,20.055,0.1152,0.0781,FCC
4,23.6123,1.8,4.795,74.89,0.0296,20.004,0.114,0.0781,FCC
3,83.1471,1.75,4.9,73.435,0.0296,21.7445,0.1182,0.075,FCC
1,1753.7167,1.75,4.8675,73.35,0.0306,21.685,0.1189,0.0766,FCC
2,86.8112,1.75,4.835,73.265,0.0311,21.6255,0.119,0.0776,FCC
2,40.4708,1.75,4.8025,73.18,0.0311,21.566,0.1187,0.0782,FCC
4,25.3258,1.75,4.77,73.095,0.0306,21.5065,0.1179,0.0783,FCC
4,20.1895,1.7,4.875,71.64,0.0303,22.922,0.1208,0.0751,FCC
4,15.7715,1.7,4.8425,71.555,0.0313,22.854,0.1216,0.0767,FCC
1,12.6716,1.7,4.81,71.47,0.0319,22.786,0.1221,0.0777,FCC
4,10.3553,1.7,4.7775,71.385,0.032,22.718,0.122,0.0783,FCC
3,8.538,1.7,4.745,71.3,0.0316,22.65,0.1215,0.0784,FCC
4,7.0486,1.7,4.7125,71.215,0.0307,22.582,0.1204,0.0781,FCC
2,6.951,1.65,4.785,69.675,0.0327,23.5875,0.1249,0.0779,FCC
2,5.9737,1.65,4.7525,69.59,0.0329,23.511,0.1251,0.0785,FCC
3,5.1043,1.65,4.72,69.505,0.0326,23.4345,0.1248,0.0786,FCC
1,3.5444,1.6,4.695,67.71,0.0336,23.86,0.128,0.0787,FCC
2,11.5714,1.75,4.86,76.71,0.0341,21.096,0.1272,0.0832,FCC
1,13.4853,1.75,4.8275,76.625,0.0337,21.045,0.1263,0.0834,FCC
4,16.136,1.75,4.795,76.54,0.0328,20.994,0.1248,0.0833,FCC
4,25.3864,1.7,4.9,75.085,0.034,22.8995,0.1303,0.0813,FCC
2,40.7069,1.7,4.8675,75,0.0347,22.84,0.1306,0.0825,FCC
3,97.5485,1.7,4.835,74.915,0.0349,22.7805,0.1304,0.0833,FCC
3,222.9127,1.7,4.8025,74.83,0.0346,22.721,0.1297,0.0836,FCC
1,49.2573,1.7,4.77,74.745,0.0338,22.6615,0.1286,0.0834,FCC
4,26.3963,1.7,4.7375,74.66,0.0325,22.602,0.1269,0.0828,FCC
3,23.8422,1.65,4.8425,73.205,0.0353,24.174,0.1333,0.0826,FCC
3,17.0326,1.65,4.81,73.12,0.0356,24.106,0.1334,0.0834,FCC
4,12.9654,1.65,4.7775,73.035,0.0355,24.038,0.133,0.0837,FCC
1,10.2061,1.65,4.745,72.95,0.0348,23.97,0.1321,0.0836,FCC
4,4.7234,1.6,4.6875,71.07,0.0347,24.843,0.1344,0.0831,FCC
4,3.282,1.5,4.7025,67.65,0.0381,25.835,0.1415,0.0841,FCC
4,10.5081,1.7,4.8275,78.275,0.0371,22.035,0.1362,0.0884,FCC
4,12.4097,1.7,4.795,78.19,0.036,21.984,0.1344,0.088,FCC
3,15.1111,1.7,4.7625,78.105,0.0343,21.933,0.1321,0.0871,FCC
3,19.4943,1.7,4.73,78.02,0.0321,21.882,0.1291,0.0858,FCC
4,305.0502,1.65,4.77,76.395,0.037,23.8165,0.1382,0.0881,FCC
3,45.7678,1.65,4.7375,76.31,0.0354,23.757,0.1362,0.0873,FCC
3,9.3608,1.6,4.7125,74.515,0.0365,25.222,0.14,0.0875,FCC
2,71.1324,1.9,4.9175,69.79,0.0214,19.883,0.0844,0.0598,FCC
2,101.0816,1.9,4.885,69.705,0.0212,19.8235,0.0856,0.0622,FCC
3,223.7025,1.9,4.8525,69.62,0.022,19.764,0.0862,0.064,FCC
4,420.2138,1.9,4.82,69.535,0.0224,19.7045,0.0861,0.0653,FCC
2,19.0721,1.85,4.8925,67.995,0.0226,20.696,0.0878,0.0599,FCC
2,16.5238,1.85,4.86,67.91,0.0225,20.628,0.0892,0.0623,FCC
2,14.1485,1.85,4.8275,67.825,0.0228,20.56,0.0901,0.0642,FCC
2,8.8997,1.8,4.8675,66.2,0.0238,21.15,0.0908,0.06,FCC
4,7.9905,1.8,4.835,66.115,0.0239,21.0735,0.0925,0.0625,FCC
3,7.0919,1.8,4.8025,66.03,0.0236,20.997,0.0937,0.0643,FCC
4,6.4695,1.75,4.875,64.49,0.0243,21.33,0.0911,0.057,FCC
2,5.9027,1.75,4.8425,64.405,0.025,21.245,0.0936,0.0601,FCC
1,5.3209,1.75,4.81,64.32,0.0252,21.16,0.0956,0.0626,FCC
3,4.7395,1.75,4.7775,64.235,0.0249,21.075,0.097,0.0644,FCC
1,4.422,1.7,4.8175,62.61,0.0262,20.981,0.0962,0.0602,FCC
3,3.9682,1.7,4.785,62.525,0.0265,20.8875,0.0984,0.0627,FCC
1,3.5103,1.7,4.7525,62.44,0.0263,20.794,0.1,0.0645,FCC
3,3.0389,1.7,4.72,62.355,0.0259,20.7005,0.1011,0.0658,FCC
3,3.1148,1.65,4.76,60.73,0.0279,20.256,0.101,0.0628,FCC
4,2.7077,1.65,4.7275,60.645,0.0278,20.154,0.1028,0.0647,FCC
2,21.8596,1.85,4.9175,71.44,0.0242,21.038,0.1007,0.0678,FCC
4,25.6054,1.85,4.885,71.355,0.0252,20.9785,0.1013,0.0697,FCC
2,31.4818,1.85,4.8525,71.27,0.0258,20.919,0.1014,0.071,FCC
3,42.3944,1.85,4.82,71.185,0.0258,20.8595,0.1008,0.0719,FCC
3,46.1382,1.8,4.8925,69.645,0.0252,22.016,0.1038,0.0679,FCC
2,31.9975,1.8,4.86,69.56,0.0259,21.948,0.1046,0.0698,FCC
3,23.625,1.8,4.8275,69.475,0.0265,21.88,0.105,0.0711,FCC
1,18.0852,1.8,4.795,69.39,0.0267,21.812,0.1048,0.072,FCC
3,14.134,1.8,4.7625,69.305,0.0264,21.744,0.104,0.0723,FCC
2,14.13,1.75,4.9,67.935,0.0261,22.7115,0.105,0.0655,FCC
2,12.1937,1.75,4.8675,67.85,0.0264,22.635,0.1066,0.068,FCC
3,10.4845,1.75,4.835,67.765,0.0265,22.5585,0.1077,0.0699,FCC
2,8.9893,1.75,4.8025,67.68,0.0273,22.482,0.1083,0.0713,FCC
1,7.6744,1.75,4.77,67.595,0.0276,22.4055,0.1084,0.0721,FCC
4,6.3583,1.7,4.81,65.97,0.0275,22.81,0.1105,0.07,FCC
1,5.5763,1.7,4.7775,65.885,0.0281,22.725,0.1114,0.0714,FCC
2,4.8384,1.7,4.745,65.8,0.0285,22.64,0.1118,0.0723,FCC
4,3.9916,1.65,4.7525,64.09,0.0289,22.609,0.1142,0.0715,FCC
1,3.4395,1.65,4.72,64.005,0.0294,22.5155,0.1149,0.0724,FCC
1,3.4864,1.6,4.76,62.38,0.0302,22.236,0.1156,0.0702,FCC
4,3.0228,1.6,4.7275,62.295,0.0298,22.134,0.1169,0.0716,FCC
1,13.1891,1.8,4.9175,73.09,0.0285,22.193,0.1145,0.0748,FCC
2,15.1829,1.8,4.885,73.005,0.0292,22.1335,0.1146,0.0762,FCC
2,17.7872,1.8,4.8525,72.92,0.0295,22.074,0.1143,0.0772,FCC
3,21.593,1.8,4.82,72.835,0.0293,22.0145,0.1134,0.0778,FCC
4,28.0054,1.8,4.7875,72.75,0.0285,21.955,0.1119,0.0778,FCC
3,58.6943,1.75,4.925,71.38,0.0279,23.404,0.1165,0.0729,FCC
4,178.0737,1.75,4.8925,71.295,0.029,23.336,0.1174,0.0749,FCC
1,166.1717,1.75,4.86,71.21,0.0299,23.268,0.1178,0.0763,FCC
1,54.0675,1.75,4.8275,71.125,0.0303,23.2,0.1177,0.0774,FCC
1,30.9303,1.75,4.795,71.04,0.0302,23.132,0.1172,0.0779,FCC
1,20.7753,1.75,4.7625,70.955,0.0295,23.064,0.116,0.078,FCC
4,14.0543,1.7,4.835,69.415,0.0306,24.0435,0.1207,0.0765,FCC
4,11.4179,1.7,4.8025,69.33,0.0311,23.967,0.1209,0.0775,FCC
2,9.3743,1.7,4.77,69.245,0.0311,23.8905,0.1206,0.078,FCC
2,7.7166,1.7,4.7375,69.16,0.0305,23.814,0.1198,0.0781,FCC
4,5.4985,1.65,4.745,67.45,0.0319,24.29,0.1239,0.0782,FCC
3,3.7897,1.6,4.72,65.655,0.0328,24.3305,0.1269,0.0783,FCC
2,10.8294,1.75,4.885,74.655,0.0333,23.2885,0.1264,0.0822,FCC
2,12.5763,1.75,4.8525,74.57,0.0333,23.229,0.1257,0.0829,FCC
4,14.8496,1.75,4.82,74.485,0.0327,23.1695,0.1244,0.0832,FCC
2,18.1534,1.75,4.7875,74.4,0.0317,23.11,0.1227,0.083,FCC
4,23.7015,1.75,4.755,74.315,0.0302,23.0505,0.1203,0.0823,FCC
2,57.8656,1.7,4.86,72.86,0.034,24.588,0.1294,0.0823,FCC
1,356.2539,1.7,4.8275,72.775,0.034,24.52,0.129,0.083,FCC
4,80.8289,1.7,4.795,72.69,0.0336,24.452,0.1281,0.0833,FCC
1,34.4898,1.7,4.7625,72.605,0.0327,24.384,0.1267,0.0831,FCC
4,9.073,1.65,4.7375,70.81,0.0337,25.299,0.1304,0.0833,FCC
4,11.3872,1.7,4.82,76.135,0.0362,24.3245,0.1343,0.0881,FCC
2,13.6323,1.7,4.7875,76.05,0.0349,24.265,0.1322,0.0877,FCC
4,16.9868,1.7,4.755,75.965,0.0331,24.2055,0.1296,0.0868,FCC
4,43.7025,1.65,4.8275,74.425,0.0378,25.84,0.1392,0.0882,FCC
2,173.873,1.65,4.795,74.34,0.0371,25.772,0.1379,0.0882,FCC
3,82.219,1.65,4.7625,74.255,0.0359,25.704,0.1362,0.0878,FCC
2,31.3456,1.65,4.73,74.17,0.0342,25.636,0.1339,0.0869,FCC
1,104.0289,1.9,4.91,67.65,0.0202,21.11,0.0835,0.0596,FCC
2,199.6886,1.9,4.8775,67.565,0.0205,21.042,0.0844,0.062,FCC
2,1046.1156,1.9,4.845,67.48,0.0212,20.974,0.0846,0.0638,FCC
2,117.4936,1.9,4.8125,67.395,0.0214,20.906,0.0842,0.065,FCC
1,19.5509,1.85,4.9175,65.94,0.0214,21.606,0.0852,0.0567,FCC
1,17.2355,1.85,4.885,65.855,0.0215,21.5295,0.087,0.0597,FCC
3,14.934,1.85,4.8525,65.77,0.0211,21.453,0.0882,0.0621,FCC
2,12.7769,1.85,4.82,65.685,0.022,21.3765,0.0888,0.0639,FCC
2,9.2003,1.8,4.8925,64.145,0.0226,21.675,0.0882,0.0568,FCC
2,8.342,1.8,4.86,64.06,0.0228,21.59,0.0903,0.0598,FCC
2,7.4561,1.8,4.8275,63.975,0.0226,21.505,0.0917,0.0622,FCC
4,6.5754,1.8,4.795,63.89,0.0227,21.42,0.0926,0.064,FCC
2,5.7096,1.8,4.7625,63.805,0.0232,21.335,0.0928,0.0652,FCC
4,6.6382,1.75,4.9,62.435,0.0231,21.4785,0.0881,0.053,FCC
1,6.125,1.75,4.8675,62.35,0.0239,21.385,0.091,0.0568,FCC
3,5.5621,1.75,4.835,62.265,0.0242,21.2915,0.0932,0.0599,FCC
2,4.9806,1.75,4.8025,62.18,0.024,21.198,0.0949,0.0623,FCC
2,4.3912,1.75,4.77,62.095,0.0235,21.1045,0.0961,0.0642,FCC
4,3.7848,1.75,4.7375,62.01,0.0241,21.011,0.0966,0.0654,FCC
4,4.6005,1.7,4.8425,60.555,0.0251,20.736,0.0935,0.0569,FCC
2,4.1534,1.7,4.81,60.47,0.0255,20.634,0.0959,0.06,FCC
1,3.6902,1.7,4.7775,60.385,0.0254,20.532,0.0979,0.0625,FCC
1,3.2062,1.7,4.745,60.3,0.0249,20.43,0.0993,0.0643,FCC
4,3.2639,1.65,4.785,58.675,0.0268,19.6175,0.0985,0.0601,FCC
2,21.1559,1.85,4.9425,69.385,0.0228,22.498,0.0988,0.0652,FCC
1,24.5658,1.85,4.91,69.3,0.0236,22.43,0.0997,0.0676,FCC
2,29.5751,1.85,4.8775,69.215,0.0245,22.362,0.1,0.0694,FCC
1,38.1532,1.85,4.845,69.13,0.0249,22.294,0.0998,0.0708,FCC
1,56.884,1.85,4.8125,69.045,0.0249,22.226,0.0989,0.0716,FCC
4,89.2708,1.8,4.95,67.675,0.0237,23.1675,0.1001,0.0622,FCC
2,53.053,1.8,4.9175,67.59,0.024,23.091,0.1018,0.0652,FCC
2,36.1963,1.8,4.885,67.505,0.0241,23.0145,0.1029,0.0677,FCC
2,26.452,1.8,4.8525,67.42,0.0252,22.938,0.1035,0.0695,FCC
2,20.1058,1.8,4.82,67.335,0.0257,22.8615,0.1036,0.0709,FCC
4,15.633,1.8,4.7875,67.25,0.0257,22.785,0.1031,0.0717,FCC
3,12.2813,1.8,4.755,67.165,0.0253,22.7085,0.102,0.072,FCC
4,14.7105,1.75,4.925,65.88,0.0248,23.41,0.1027,0.0623,FCC
3,12.8827,1.75,4.8925,65.795,0.0252,23.325,0.1045,0.0653,FCC
1,11.1551,1.75,4.86,65.71,0.0252,23.24,0.1059,0.0678,FCC
2,9.6011,1.75,4.8275,65.625,0.0258,23.155,0.1068,0.0696,FCC
3,8.2159,1.75,4.795,65.54,0.0265,23.07,0.1071,0.071,FCC
4,6.97,1.75,4.7625,65.455,0.0266,22.985,0.1069,0.0718,FCC
3,5.816,1.75,4.73,65.37,0.0263,22.9,0.1062,0.0722,FCC
4,8.3143,1.7,4.9,64.085,0.026,23.2935,0.105,0.0624,FCC
2,6.6988,1.7,4.835,63.915,0.0265,23.1065,0.1086,0.0679,FCC
1,5.8997,1.7,4.8025,63.83,0.0265,23.013,0.1098,0.0698,FCC
1,5.1336,1.7,4.77,63.745,0.0273,22.9195,0.1104,0.0711,FCC
2,14.2711,1.8,4.91,70.95,0.0279,23.75,0.1134,0.0746,FCC
2,16.6237,1.8,4.8775,70.865,0.0285,23.682,0.1133,0.076,FCC
2,19.839,1.8,4.845,70.78,0.0287,23.614,0.1126,0.077,FCC
3,24.8466,1.8,4.8125,70.695,0.0283,23.546,0.1115,0.0775,FCC
3,34.235,1.8,4.78,70.61,0.0275,23.478,0.1097,0.0775,FCC
4,1170.88,1.75,4.885,69.155,0.0285,24.4995,0.1165,0.0747,FCC
1,77.8122,1.75,4.8525,69.07,0.0292,24.423,0.1166,0.0761,FCC
2,38.5278,1.75,4.82,68.985,0.0295,24.3465,0.1163,0.0771,FCC
2,24.5194,1.75,4.7875,68.9,0.0292,24.27,0.1154,0.0776,FCC
3,17.1805,1.75,4.755,68.815,0.0285,24.1935,0.114,0.0776,FCC
4,10.2205,1.7,4.795,67.19,0.0302,24.72,0.1197,0.0772,FCC
2,9.9429,1.75,4.91,72.6,0.0322,25.07,0.1254,0.0809,FCC
2,11.622,1.75,4.8775,72.515,0.0326,25.002,0.1249,0.082,FCC
1,13.6363,1.75,4.845,72.43,0.0324,24.934,0.1239,0.0826,FCC
3,16.3655,1.75,4.8125,72.345,0.0318,24.866,0.1224,0.0829,FCC
4,99.8763,1.7,4.8525,70.72,0.0332,25.908,0.1282,0.0821,FCC
3,12.2995,1.7,4.8125,73.995,0.0352,26.186,0.1322,0.0878,FCC
4,14.9703,1.7,4.78,73.91,0.0338,26.118,0.1298,0.0873,FCC
2,86.9361,1.9,4.9675,65.68,0.0191,22.062,0.0792,0.0527,FCC
1,112.5587,1.9,4.935,65.595,0.0192,21.9855,0.0811,0.0564,FCC
2,197.6537,1.9,4.9025,65.51,0.0188,21.909,0.0823,0.0594,FCC
3,12114.6863,1.9,4.87,65.425,0.0197,21.8325,0.0829,0.0618,FCC
2,148.4291,1.9,4.8375,65.34,0.0203,21.756,0.0828,0.0635,FCC
1,19.5045,1.85,4.9425,63.885,0.0203,22.105,0.0825,0.0527,FCC
3,17.6087,1.85,4.91,63.8,0.0205,22.02,0.0846,0.0565,FCC
1,15.5029,1.85,4.8775,63.715,0.0202,21.935,0.0861,0.0595,FCC
3,13.4099,1.85,4.845,63.63,0.0204,21.85,0.087,0.0619,FCC
1,11.4319,1.85,4.8125,63.545,0.0211,21.765,0.0872,0.0636,FCC
2,9.3261,1.8,4.9175,62.09,0.0215,21.789,0.0854,0.0528,FCC
3,8.578,1.8,4.885,62.005,0.0218,21.6955,0.0878,0.0566,FCC
4,7.7407,1.8,4.8525,61.92,0.0217,21.602,0.0895,0.0596,FCC
2,6.8733,1.8,4.82,61.835,0.0211,21.5085,0.0907,0.062,FCC
2,6.2476,1.75,4.8925,60.295,0.0227,21.114,0.0881,0.0529,FCC
3,5.1752,1.75,4.8275,60.125,0.0231,20.91,0.0927,0.0597,FCC
1,4.5867,1.75,4.795,60.04,0.0226,20.808,0.0941,0.0621,FCC
3,3.9698,1.75,4.7625,59.955,0.0227,20.706,0.095,0.0639,FCC
2,3.8374,1.7,4.8025,58.33,0.0245,19.859,0.0956,0.0598,FCC
3,3.3486,1.7,4.77,58.245,0.0241,19.7485,0.0972,0.0622,FCC
3,20.1641,1.85,4.9675,67.33,0.0217,23.547,0.0968,0.062,FCC
3,23.4538,1.85,4.935,67.245,0.0217,23.4705,0.0979,0.065,FCC
2,27.8655,1.85,4.9025,67.16,0.023,23.394,0.0985,0.0674,FCC
2,34.8568,1.85,4.87,67.075,0.0238,23.3175,0.0985,0.0692,FCC
4,40.356,1.8,4.91,65.45,0.0228,23.67,0.1011,0.0651,FCC
3,29.3015,1.8,4.8775,65.365,0.0235,23.585,0.1019,0.0675,FCC
4,17.1539,1.8,4.8125,65.195,0.0249,23.415,0.102,0.0706,FCC
4,11.6869,1.75,4.885,63.655,0.0241,23.5105,0.104,0.0652,FCC
4,10.134,1.75,4.8525,63.57,0.0241,23.417,0.1051,0.0676,FCC
4,8.7083,1.75,4.82,63.485,0.0251,23.3235,0.1057,0.0694,FCC
1,13.1747,1.8,4.935,68.895,0.0263,24.9555,0.112,0.0725,FCC
4,15.4206,1.8,4.9025,68.81,0.0273,24.879,0.1122,0.0744,FCC
1,4.1811,1.55,4.5605,64.955,0.0463,23.145,0.1922,0.1617,BCC+FCC
4,5.9681,1.7,4.679,59.36,0.0331,21.012,0.1437,0.1233,FCC
4,3.628,1.6,4.66,60.595,0.0385,20.024,0.1789,0.0653,FCC
4,8.6943,1.75,4.7175,59.25,0.0375,19.86,0.2047,0.2102,FCC
4,4.4929,1.65,4.675,57.4,0.0376,17.76,0.1514,0.1075,FCC
3,3.1849,1.65,4.685,58.98,0.0322,19.064,0.13,0.0894,FCC
4,23.3152,1.75,4.675,57.185,0.039,17.889,0.162,0.1214,FCC
4,8.8711,1.75,4.685,58.765,0.0341,19.2145,0.1439,0.1066,FCC
4,6.228,1.7,4.6925,57.055,0.0358,17.967,0.1477,0.1071,FCC
2,3.995,1.7,4.7025,58.635,0.0304,19.3055,0.1263,0.089,FCC
3,3.4289,1.65,4.71,56.925,0.0309,18.045,0.1287,0.0886,FCC
3,30.5567,1.8,4.6925,56.84,0.037,18.096,0.1569,0.121,FCC
1,2.5734,1.45,4.465,69.665,0.0482,20.8185,0.1604,0.0919,BCC+FCC
4,3.7616,1.7,4.635,67.51,0.0292,21.639,0.1155,0.0748,FCC
2,5.4863,1.7,4.6275,70.87,0.0286,22.306,0.1197,0.0779,FCC
4,10.5063,1.7,4.62,74.23,0.0267,22.301,0.1205,0.0795,FCC
4,3.5883,1.75,4.66,63.805,0.0263,20.645,0.1025,0.0696,FCC
2,5.3423,1.75,4.6525,67.165,0.0267,22.0185,0.1091,0.0742,FCC
1,4.0871,1.7,4.66,65.455,0.0292,22.295,0.1149,0.0752,FCC
2,10.3937,1.75,4.645,70.525,0.0258,22.72,0.112,0.0772,FCC
4,416.8541,1.75,4.6375,73.885,0.025,22.7495,0.111,0.0787,FCC
2,4.9495,1.8,4.6775,63.46,0.024,20.99,0.0961,0.069,FCC
2,3.8534,1.75,4.685,61.75,0.0256,20.725,0.1014,0.0693,FCC
2,9.6595,1.8,4.67,66.82,0.0242,22.398,0.1015,0.0736,FCC
2,5.8438,1.75,4.6775,65.11,0.0269,22.64,0.1087,0.0747,FCC
4,4.4075,1.7,4.685,63.4,0.0288,22.54,0.1141,0.0752,FCC
2,947.4563,1.8,4.6625,70.18,0.0231,23.134,0.1028,0.0765,FCC
2,12.1123,1.75,4.67,68.47,0.0268,23.883,0.1124,0.0784,FCC
4,108.2005,1.9,4.6675,64.65,0.0203,21.135,0.0835,0.0702,FCC
2,8.3906,1.85,4.695,63.115,0.0217,21.335,0.0886,0.0685,FCC
1,5.3288,1.8,4.7025,61.405,0.0236,21.0355,0.0953,0.0688,FCC
2,4.1046,1.75,4.71,59.695,0.0248,20.394,0.1002,0.0685,FCC
2,10.9366,1.8,4.695,64.765,0.0246,22.985,0.1015,0.0741,FCC
2,6.356,1.75,4.7025,63.055,0.0268,22.8505,0.1082,0.0747,FCC
4,14.2315,1.75,4.695,66.415,0.0274,24.635,0.1126,0.0792,FCC
4,12.2242,1.6,4.8625,65.335,0.0339,22.3385,0.1354,0.0891,FCC
4,25.8257,1.6,4.855,68.695,0.0378,23.895,0.1474,0.0963,FCC
4,12.0086,1.75,4.895,63.555,0.0339,20.8105,0.1436,0.1039,FCC
3,15.3464,1.7,4.8975,70.145,0.0358,23.7505,0.1432,0.096,FCC
4,175.5654,1.65,4.8725,68.35,0.0363,24.24,0.1453,0.0961,FCC
3,7.6555,1.8,4.9125,63.21,0.0321,21.121,0.1415,0.1037,FCC
1,8.1577,1.75,4.915,69.8,0.0349,24.13,0.1403,0.0958,FCC
2,5.3132,1.85,4.93,62.865,0.031,21.4315,0.139,0.1035,FCC
1,8.2693,1.8,4.905,61.07,0.0314,20.834,0.1411,0.1036,FCC
4,16.1623,1.75,4.88,59.275,0.0321,19.8775,0.1431,0.1037,FCC
4,3.8154,1.9,4.9475,62.52,0.0303,21.742,0.136,0.1033,FCC
4,19.265,1.75,4.8725,57.135,0.0313,18.769,0.1427,0.1035,FCC
1,5.6943,1.85,4.7225,71.055,0.0353,17.013,0.121,0.0836,FCC
1,4.1654,1.9,4.74,70.71,0.0336,17.496,0.1161,0.0832,FCC
1,10.7483,1.8,4.69,67.12,0.0352,19.306,0.1229,0.0835,FCC
1,4.4099,1.9,4.7325,68.57,0.0328,19.029,0.1143,0.083,FCC
1,6.5493,1.85,4.655,66.515,0.0349,19.512,0.1205,0.0856,FCC
1,6.7665,1.85,4.7075,66.775,0.0336,19.72,0.118,0.0831,FCC
1,4.4414,1.9,4.6725,66.17,0.033,19.926,0.1141,0.0852,FCC
1,37.067,1.5,4.698,50.74,0.0484,15.478,0.1923,0.1661,BCC+FCC
1,9.0339,1.6,4.688,51.93,0.0486,17.728,0.1907,0.1671,BCC+FCC
2,6.9364,1.85,4.865,79.37,0.0367,15.588,0.1625,0.0834,FCC
4,8.2413,1.9,4.89,75.665,0.0328,17.6325,0.153,0.0747,FCC
3,8.5345,1.9,4.8575,75.58,0.0323,17.59,0.1525,0.077,FCC
3,6.97,1.85,4.89,77.315,0.0365,18.4575,0.162,0.0814,FCC
2,7.3196,1.85,4.8575,77.23,0.0358,18.415,0.1611,0.0833,FCC
4,7.6797,1.85,4.825,77.145,0.0345,18.3725,0.1599,0.0847,FCC
1,8.3488,1.9,4.915,73.61,0.032,19.926,0.1522,0.0719,FCC
4,8.6475,1.9,4.8825,73.525,0.0319,19.875,0.1518,0.0746,FCC
3,8.9593,1.9,4.85,73.44,0.0313,19.824,0.1511,0.0768,FCC
4,9.3006,1.9,4.8175,73.355,0.0303,19.773,0.1499,0.0785,FCC
1,6.9165,1.85,4.915,75.26,0.0361,20.916,0.1613,0.079,FCC
1,7.2872,1.85,4.8825,75.175,0.0357,20.865,0.1607,0.0813,FCC
2,7.6517,1.85,4.85,75.09,0.0348,20.814,0.1596,0.0831,FCC
4,8.028,1.85,4.8175,75.005,0.0334,20.763,0.1581,0.0845,FCC
4,8.3672,1.9,4.94,71.555,0.031,21.8085,0.1512,0.0685,FCC
3,8.9996,1.9,4.875,71.385,0.0311,21.6895,0.1505,0.0745,FCC
1,6.7597,1.85,4.94,73.205,0.0354,22.9635,0.1606,0.0761,FCC
1,7.1739,1.85,4.9075,73.12,0.0354,22.904,0.1601,0.0789,FCC
3,7.5555,1.85,4.875,73.035,0.0349,22.8445,0.1593,0.0811,FCC
3,7.9304,1.85,4.8425,72.95,0.0339,22.785,0.158,0.0829,FCC
4,8.315,1.85,4.81,72.865,0.0324,22.7255,0.1563,0.0843,FCC
4,8.2692,1.9,4.965,69.5,0.0298,23.28,0.1502,0.0646,FCC
4,6.4533,1.85,4.965,71.15,0.0344,24.6,0.1597,0.0728,FCC
4,6.9607,1.85,4.9325,71.065,0.0348,24.532,0.1595,0.076,FCC
4,3.1749,1.9,4.769,78.375,0.0327,13.1025,0.1412,0.1256,FCC
4,3.114,1.9,4.8265,76.405,0.0345,16.112,0.1424,0.1268,FCC
2,3.2002,1.95,4.8515,72.7,0.0309,17.86,0.1319,0.1234,FCC
4,3.321,1.95,4.819,72.615,0.0303,17.8175,0.1311,0.1233,FCC
4,3.5377,1.9,4.754,74.095,0.0301,18.5575,0.1369,0.125,FCC
4,3.3333,1.95,4.844,70.56,0.03,19.806,0.1304,0.1232,FCC
4,3.5526,1.95,4.779,70.39,0.0279,19.704,0.1277,0.1226,FCC
3,3.0991,1.9,4.8765,72.295,0.034,20.847,0.1413,0.1266,FCC
4,3.2569,1.9,4.844,72.21,0.0334,20.796,0.1403,0.1266,FCC
4,3.4005,1.9,4.8115,72.125,0.0324,20.745,0.1389,0.1263,FCC
4,3.2988,1.85,4.8115,73.775,0.0355,21.735,0.1476,0.1295,FCC
3,3.164,1.95,4.9015,68.59,0.0293,21.443,0.1301,0.1223,FCC
1,3.3071,1.95,4.869,68.505,0.0294,21.3835,0.1297,0.1228,FCC
4,3.4321,1.95,4.8365,68.42,0.029,21.324,0.1288,0.123,FCC
3,3.5402,1.95,4.804,68.335,0.0281,21.2645,0.1274,0.1228,FCC
3,3.0252,1.9,4.9015,70.24,0.0334,22.598,0.1405,0.1261,FCC
4,3.199,1.9,4.869,70.155,0.0332,22.5385,0.1398,0.1264,FCC
3,3.3528,1.9,4.8365,70.07,0.0325,22.479,0.1386,0.1264,FCC
2,3.4897,1.9,4.804,69.985,0.0313,22.4195,0.1369,0.1261,FCC
4,3.6095,1.9,4.7715,69.9,0.0296,22.36,0.1347,0.1255,FCC
1,3.0817,1.95,4.9265,66.535,0.0281,22.618,0.129,0.1214,FCC
3,3.2429,1.95,4.894,66.45,0.0286,22.55,0.1288,0.1221,FCC
2,3.3797,1.95,4.8615,66.365,0.0286,22.482,0.1282,0.1226,FCC
4,3.4954,1.95,4.829,66.28,0.0281,22.414,0.1271,0.1228,FCC
3,3.5893,1.95,4.7965,66.195,0.0271,22.346,0.1254,0.1226,FCC
4,2.9025,1.9,4.9265,68.185,0.0325,23.938,0.1397,0.1253,FCC
3,3.1009,1.9,4.894,68.1,0.0326,23.87,0.1392,0.1259,FCC
3,3.2697,1.9,4.8615,68.015,0.0323,23.802,0.1382,0.1262,FCC
1,3.1381,1.95,4.919,64.395,0.0275,23.3055,0.1279,0.1212,FCC
2,3.2923,1.95,4.8865,64.31,0.0279,23.229,0.1275,0.122,FCC
4,3.4189,1.95,4.854,64.225,0.0277,23.1525,0.1266,0.1224,FCC
1,3.1492,1.9,4.8865,65.96,0.0319,24.714,0.1377,0.1258,FCC
4,3.5247,1.9,4.825,75.645,0.0346,14.028,0.1668,0.0651,FCC
4,3.6398,1.9,4.7925,75.56,0.0333,13.994,0.166,0.0656,FCC
4,3.452,1.85,4.825,77.295,0.0378,14.688,0.1749,0.0716,FCC
3,3.5906,1.9,4.85,73.59,0.0345,16.525,0.1662,0.0636,FCC
4,3.8267,1.9,4.785,73.42,0.0321,16.44,0.1645,0.0653,FCC
3,3.7747,1.85,4.785,75.07,0.035,17.265,0.1722,0.0715,FCC
3,3.6071,1.9,4.875,71.535,0.0341,18.611,0.1655,0.0617,FCC
4,3.7418,1.9,4.8425,71.45,0.0336,18.56,0.165,0.0634,FCC
4,3.8612,1.9,4.81,71.365,0.0325,18.509,0.1642,0.0644,FCC
4,3.4569,1.85,4.875,73.185,0.0379,19.601,0.1739,0.0691,FCC
4,3.6231,1.85,4.8425,73.1,0.037,19.55,0.1732,0.0703,FCC
4,3.7735,1.85,4.81,73.015,0.0357,19.499,0.172,0.071,FCC
3,3.5773,1.9,4.9,69.48,0.0335,20.286,0.1647,0.0592,FCC
3,3.7261,1.9,4.8675,69.395,0.0333,20.2265,0.1644,0.0615,FCC
2,3.855,1.9,4.835,69.31,0.0326,20.167,0.1638,0.0631,FCC
4,3.9654,1.9,4.8025,69.225,0.0314,20.1075,0.1627,0.0641,FCC
4,4.0558,1.9,4.77,69.14,0.0297,20.048,0.1612,0.0646,FCC
3,3.3857,1.85,4.9,71.13,0.0375,21.441,0.1733,0.0672,FCC
1,3.5699,1.85,4.8675,71.045,0.0371,21.3815,0.1727,0.0689,FCC
4,3.7317,1.85,4.835,70.96,0.0361,21.322,0.1718,0.0701,FCC
3,3.56,1.8,4.835,72.61,0.0395,22.477,0.1792,0.0763,FCC
2,3.7331,1.8,4.8025,72.525,0.0378,22.4175,0.1776,0.0766,FCC
4,3.4986,1.9,4.925,67.425,0.0326,21.55,0.1638,0.0562,FCC
1,3.6681,1.9,4.8925,67.34,0.0328,21.482,0.1637,0.059,FCC
3,3.8101,1.9,4.86,67.255,0.0325,21.414,0.1633,0.0612,FCC
4,3.9288,1.9,4.8275,67.17,0.0317,21.346,0.1624,0.0628,FCC
3,3.2594,1.85,4.925,69.075,0.0369,22.87,0.1726,0.0647,FCC
2,3.4716,1.85,4.8925,68.99,0.0368,22.802,0.1722,0.0669,FCC
1,3.6506,1.85,4.86,68.905,0.0362,22.734,0.1714,0.0686,FCC
2,3.8042,1.85,4.8275,68.82,0.0351,22.666,0.1703,0.0698,FCC
3,3.9343,1.85,4.795,68.735,0.0335,22.598,0.1687,0.0704,FCC
4,4.0375,1.85,4.7625,68.65,0.0314,22.53,0.1666,0.0705,FCC
3,3.6298,1.8,4.8275,70.47,0.0386,23.986,0.1776,0.076,FCC
2,3.7915,1.8,4.795,70.385,0.0367,23.918,0.1757,0.0763,FCC
4,3.3622,1.9,4.95,65.37,0.0315,22.403,0.1629,0.0524,FCC
4,3.5639,1.9,4.9175,65.285,0.032,22.3265,0.1629,0.056,FCC
2,3.7258,1.9,4.885,65.2,0.0321,22.25,0.1626,0.0588,FCC
3,3.8568,1.9,4.8525,65.115,0.0316,22.1735,0.162,0.061,FCC
1,3.0586,1.85,4.95,67.02,0.0361,23.888,0.1718,0.0617,FCC
1,3.3209,1.85,4.9175,66.935,0.0363,23.8115,0.1716,0.0645,FCC
3,3.5272,1.85,4.885,66.85,0.0361,23.735,0.171,0.0667,FCC
3,3.697,1.85,4.8525,66.765,0.0354,23.6585,0.17,0.0684,FCC
4,3.944,1.85,4.7875,66.595,0.0324,23.5055,0.1668,0.0701,FCC
2,3.7318,1.95,4.8725,72.935,0.0376,16.651,0.1992,0.2073,FCC
3,3.9996,1.95,4.8075,72.765,0.0354,16.549,0.1984,0.2128,FCC
4,3.7005,1.95,4.8975,70.88,0.0372,18.466,0.1985,0.2044,FCC
2,3.8563,1.95,4.865,70.795,0.0368,18.4065,0.1984,0.2074,FCC
3,3.9921,1.95,4.8325,70.71,0.0358,18.347,0.198,0.2102,FCC
4,4.1096,1.95,4.8,70.625,0.0344,18.2875,0.1972,0.2128,FCC
4,3.6188,1.95,4.9225,68.825,0.0366,19.8975,0.1977,0.2015,FCC
3,4.0705,1.95,4.825,68.57,0.0349,19.719,0.1969,0.2103,FCC
3,4.1725,1.95,4.7925,68.485,0.0333,19.6595,0.1959,0.2129,FCC
2,3.4775,1.95,4.9475,66.77,0.0358,21.096,0.1968,0.1984,FCC
2,3.6874,1.95,4.915,66.685,0.036,21.028,0.197,0.2016,FCC
4,3.9948,1.95,4.85,66.515,0.0351,20.892,0.1964,0.2076,FCC
4,4.1039,1.95,4.8175,66.43,0.0339,20.824,0.1957,0.2104,FCC
4,3.2767,1.9,4.765,80.265,0.0365,10.0595,0.1466,0.1092,FCC
3,3.0459,1.95,4.715,74.81,0.034,14.355,0.1515,0.118,FCC
4,2.9485,1.9,4.7475,76.545,0.0392,15.2225,0.1614,0.1225,FCC
3,3.3938,1.9,4.79,78.21,0.0371,13.224,0.1465,0.1102,FCC
4,3.5778,1.9,4.7575,78.125,0.0352,13.19,0.1445,0.1089,FCC
4,4.2407,1.85,4.8,81.44,0.0355,11.362,0.1363,0.0978,FCC
4,4.7266,1.85,4.735,81.27,0.0314,11.311,0.1317,0.095,FCC
4,2.6272,1.95,4.73,71.175,0.0407,17.7425,0.1677,0.1317,FCC
4,2.9385,1.95,4.7725,72.84,0.0376,16.614,0.1542,0.1209,FCC
4,3.498,1.95,4.815,74.505,0.0343,15.1525,0.1372,0.1071,FCC
4,3.8259,1.95,4.75,74.335,0.0312,15.0675,0.1337,0.1053,FCC
4,3.6241,1.9,4.7825,76.07,0.0359,15.935,0.1446,0.1099,FCC
3,4.8215,1.9,4.7925,77.65,0.0314,13.95,0.1246,0.0935,FCC
3,3.5131,1.95,4.84,72.45,0.0342,17.33,0.1367,0.1073,FCC
3,3.0813,1.95,4.765,70.7,0.0364,18.36,0.1521,0.1206,FCC
4,4.9838,1.95,4.85,74.03,0.0288,15.865,0.1141,0.0891,FCC
4,3.8553,1.95,4.775,72.28,0.0319,17.228,0.1337,0.1061,FCC
4,5.1811,1.95,4.8175,73.945,0.0283,15.8225,0.1132,0.0892,FCC
3,4.0164,1.95,4.7425,72.195,0.0299,17.177,0.1313,0.1049,FCC
4,5.3777,1.95,4.785,73.86,0.0273,15.78,0.1117,0.0888,FCC
4,5.0987,1.9,4.785,75.51,0.0302,16.605,0.1225,0.0931,FCC
4,5.3313,1.9,4.7525,75.425,0.0285,16.5625,0.1201,0.0921,FCC
3,4.2893,1.85,4.85,77.33,0.0357,17.515,0.1356,0.0983,FCC
4,5.0626,1.85,4.7525,77.075,0.0311,17.3875,0.1294,0.0959,FCC
2,3.4783,1.95,4.865,70.395,0.0338,19.0965,0.1361,0.107,FCC
2,5.0215,1.95,4.875,71.975,0.0279,17.995,0.1131,0.0884,FCC
4,5.2274,1.95,4.8425,71.89,0.0278,17.944,0.1124,0.0889,FCC
3,5.4272,1.95,4.81,71.805,0.0272,17.893,0.1112,0.0889,FCC
4,3.3382,1.9,4.865,72.045,0.0376,20.2515,0.1456,0.111,FCC
4,3.5555,1.9,4.8325,71.96,0.0367,20.192,0.1443,0.1108,FCC
2,4.6148,1.9,4.875,73.625,0.0317,18.985,0.1247,0.0934,FCC
4,3.7589,1.9,4.8,71.875,0.0354,20.1325,0.1425,0.1102,FCC
2,4.8574,1.9,4.8425,73.54,0.0313,18.934,0.1237,0.0936,FCC
3,5.0918,1.9,4.81,73.455,0.0304,18.883,0.1222,0.0934,FCC
2,4.2123,1.85,4.875,75.275,0.0354,19.975,0.1351,0.0981,FCC
3,4.4878,1.85,4.8425,75.19,0.0348,19.924,0.1339,0.0981,FCC
3,4.7512,1.85,4.81,75.105,0.0336,19.873,0.132,0.0977,FCC
3,5.0102,1.85,4.7775,75.02,0.0319,19.822,0.1297,0.0968,FCC
4,4.7045,1.8,4.7775,76.67,0.0348,20.812,0.1382,0.1006,FCC
4,3.395,1.95,4.89,68.34,0.0331,20.452,0.1353,0.1065,FCC
1,4.9985,1.95,4.9,69.92,0.0268,19.714,0.1119,0.0874,FCC
1,5.2182,1.95,4.8675,69.835,0.0271,19.6545,0.1115,0.0882,FCC
4,3.9502,1.95,4.7925,68.085,0.0311,20.248,0.1314,0.1063,FCC
2,5.424,1.95,4.835,69.75,0.0269,19.595,0.1106,0.0886,FCC
3,5.6212,1.95,4.8025,69.665,0.0262,19.5355,0.1091,0.0886,FCC
3,3.2116,1.9,4.89,69.99,0.0372,21.772,0.1451,0.1107,FCC
1,4.5282,1.9,4.9,71.57,0.0309,20.869,0.1239,0.0926,FCC
1,4.7901,1.9,4.8675,71.485,0.0308,20.8095,0.1231,0.0932,FCC
4,3.868,1.9,4.7925,69.735,0.0343,21.568,0.1403,0.1099,FCC
4,5.2672,1.9,4.8025,71.315,0.0293,20.6905,0.1201,0.0932,FCC
3,4.0664,1.85,4.9,73.22,0.0349,22.024,0.1345,0.0975,FCC
4,4.37,1.85,4.8675,73.135,0.0346,21.9645,0.1335,0.0978,FCC
2,4.6474,1.85,4.835,73.05,0.0338,21.905,0.1319,0.0978,FCC
4,4.9108,1.85,4.8025,72.965,0.0325,21.8455,0.1298,0.0974,FCC
4,5.1661,1.85,4.77,72.88,0.0307,21.786,0.1271,0.0965,FCC
3,4.5664,1.8,4.8025,74.615,0.0357,23.0005,0.1385,0.1013,FCC
1,3.2575,1.95,4.915,66.285,0.0322,21.3965,0.1345,0.1057,FCC
1,3.4865,1.95,4.8825,66.2,0.0324,21.32,0.1339,0.1063,FCC
3,4.9111,1.95,4.925,67.865,0.0255,21.022,0.1106,0.0859,FCC
3,3.6854,1.95,4.85,66.115,0.0321,21.2435,0.1329,0.1066,FCC
1,5.1536,1.95,4.8925,67.78,0.0261,20.954,0.1105,0.0872,FCC
4,3.8623,1.95,4.8175,66.03,0.0313,21.167,0.1313,0.1065,FCC
4,5.371,1.95,4.86,67.695,0.0263,20.886,0.1098,0.088,FCC
4,3.2892,1.95,4.7425,64.28,0.0328,21.03,0.1448,0.1197,FCC
4,4.0197,1.95,4.785,65.945,0.0301,21.0905,0.1292,0.1061,FCC
4,5.5716,1.95,4.8275,67.61,0.0259,20.818,0.1086,0.0884,FCC
4,4.1545,1.95,4.7525,65.86,0.0283,21.014,0.1264,0.1052,FCC
2,3.0154,1.9,4.915,67.935,0.0366,22.8815,0.1445,0.1101,FCC
4,3.2983,1.9,4.8825,67.85,0.0365,22.805,0.1436,0.1105,FCC
3,4.3703,1.9,4.925,69.515,0.0298,22.342,0.1229,0.0915,FCC
3,3.5363,1.9,4.85,67.765,0.0359,22.7285,0.1422,0.1106,FCC
1,4.6652,1.9,4.8925,69.43,0.0301,22.274,0.1224,0.0924,FCC
4,4.9261,1.9,4.86,69.345,0.03,22.206,0.1214,0.093,FCC
3,3.9378,1.9,4.785,67.595,0.0332,22.5755,0.138,0.1096,FCC
4,5.1662,1.9,4.8275,69.26,0.0294,22.138,0.1198,0.0931,FCC
4,4.1072,1.9,4.7525,67.51,0.0312,22.499,0.1349,0.1086,FCC
1,3.8305,1.85,4.925,71.165,0.0341,23.662,0.1338,0.0966,FCC
3,4.1881,1.85,4.8925,71.08,0.0342,23.594,0.133,0.0973,FCC
4,4.4918,1.85,4.86,70.995,0.0338,23.526,0.1316,0.0976,FCC
3,4.7667,1.85,4.8275,70.91,0.0329,23.458,0.1298,0.0975,FCC
3,5.0231,1.85,4.795,70.825,0.0314,23.39,0.1273,0.0971,FCC
1,3.0467,1.95,4.94,64.23,0.0311,21.93,0.1336,0.1046,FCC
1,3.3237,1.95,4.9075,64.145,0.0316,21.845,0.1332,0.1055,FCC
1,3.548,1.95,4.875,64.06,0.0317,21.76,0.1324,0.1061,FCC
3,5.0279,1.95,4.9175,65.725,0.0249,21.8425,0.1094,0.0858,FCC
4,3.0389,1.95,4.8,62.31,0.0358,21.251,0.1481,0.1214,FCC
4,3.739,1.95,4.8425,63.975,0.0313,21.675,0.131,0.1064,FCC
1,5.2666,1.95,4.885,65.64,0.0254,21.766,0.1089,0.087,FCC
4,3.1696,1.95,4.7675,62.225,0.034,21.1575,0.1454,0.1206,FCC
3,3.9031,1.95,4.81,63.89,0.0304,21.59,0.1292,0.1063,FCC
3,5.6635,1.95,4.82,65.47,0.025,21.613,0.1064,0.0881,FCC
4,4.1141,1.9,4.95,67.46,0.0285,23.404,0.1218,0.0899,FCC
3,4.4722,1.9,4.9175,67.375,0.0292,23.3275,0.1215,0.0913,FCC
2,4.7646,1.9,4.885,67.29,0.0294,23.251,0.1208,0.0922,FCC
1,5.0198,1.9,4.8525,67.205,0.0292,23.1745,0.1195,0.0927,FCC
3,5.4524,1.9,4.7875,67.035,0.0272,23.0215,0.1151,0.0926,FCC
2,3.9189,1.85,4.9175,69.025,0.0335,24.8125,0.1324,0.0964,FCC
1,4.2754,1.85,4.885,68.94,0.0335,24.736,0.1313,0.0971,FCC
4,4.5748,1.85,4.8525,68.855,0.0329,24.6595,0.1297,0.0974,FCC
1,4.8094,1.95,4.6,80.555,0.0288,5.5485,0.1079,0.0782,FCC
1,4.7367,1.95,4.6525,80.815,0.0301,5.449,0.108,0.0785,FCC
2,5.3369,1.95,4.62,80.73,0.0278,5.398,0.1048,0.0763,FCC
4,7.3969,1.95,4.4825,80.125,0.022,5.46,0.0942,0.0678,FCC
4,6.5392,1.95,4.535,80.385,0.0224,5.4295,0.0985,0.0713,FCC
1,5.5336,1.9,4.495,81.685,0.028,7.169,0.1112,0.0773,FCC
4,5.5194,1.9,4.5675,82.12,0.0278,7.016,0.113,0.0788,FCC
4,5.2357,1.9,4.62,82.38,0.0298,6.916,0.1149,0.0803,FCC
4,6.5363,1.9,4.535,82.035,0.0258,6.959,0.1076,0.0748,FCC
4,6.0022,1.9,4.5875,82.295,0.0267,6.8935,0.1107,0.0772,FCC
4,8.0342,1.9,4.5025,81.95,0.0238,6.885,0.101,0.0698,FCC
4,6.2152,1.9,4.765,83.25,0.0296,6.25,0.1072,0.0756,FCC
1,4.6404,1.85,4.6,83.855,0.0332,9.1935,0.126,0.0855,FCC
4,5.4165,1.85,4.5675,83.77,0.0309,9.219,0.1212,0.0821,FCC
4,7.528,1.85,4.4825,83.425,0.027,9.3225,0.1099,0.0737,FCC
4,7.9703,1.85,4.5025,83.6,0.0265,9.27,0.1087,0.0727,FCC
4,6.8699,1.85,4.555,83.86,0.0276,9.192,0.1139,0.0767,FCC
1,6.4929,1.75,4.555,87.16,0.0325,13.67,0.1276,0.0824,FCC
1,3.6696,1.95,4.69,78.67,0.0335,8.056,0.1137,0.0831,FCC
1,4.2144,1.95,4.71,78.845,0.0321,8.1115,0.1101,0.0808,FCC
4,4.703,1.95,4.6775,78.76,0.0307,8.052,0.108,0.0797,FCC
1,5.3675,1.95,4.5925,78.415,0.0272,7.852,0.1045,0.0776,FCC
3,5.271,1.95,4.645,78.675,0.0287,7.9925,0.1051,0.0781,FCC
4,5.9651,1.95,4.6125,78.59,0.0262,7.933,0.1015,0.0758,FCC
2,7.4371,1.95,4.5275,78.245,0.0215,7.716,0.0938,0.0706,FCC
1,4.1117,1.9,4.605,79.975,0.0332,9.2975,0.1207,0.0858,FCC
4,4.7848,1.9,4.5725,79.89,0.0304,9.221,0.1163,0.0831,FCC
4,4.608,1.9,4.625,80.15,0.0321,9.24,0.1181,0.0841,FCC
1,4.5464,1.9,4.6775,80.41,0.0333,9.207,0.1185,0.0841,FCC
1,5.6435,1.9,4.54,79.805,0.0282,9.1445,0.1111,0.0796,FCC
2,5.2969,1.9,4.5925,80.065,0.0292,9.172,0.114,0.0815,FCC
1,5.1257,1.9,4.645,80.325,0.031,9.1475,0.1154,0.0823,FCC
1,5.0898,1.9,4.6975,80.585,0.032,9.071,0.1155,0.0821,FCC
2,6.1797,1.9,4.56,79.98,0.0268,9.104,0.1091,0.0782,FCC
3,5.8265,1.9,4.6125,80.24,0.0283,9.088,0.1116,0.0798,FCC
4,7.4012,1.9,4.5275,79.895,0.0249,9.036,0.103,0.0741,FCC
4,6.9359,1.9,4.7575,81.11,0.0283,8.453,0.1049,0.0752,FCC
1,6.0523,1.85,4.56,81.63,0.0299,10.489,0.1172,0.0815,FCC
1,5.4005,1.85,4.665,82.15,0.0322,10.335,0.1221,0.0844,FCC
4,7.2882,1.85,4.5275,81.545,0.0276,10.383,0.1109,0.0772,FCC
1,5.4045,1.8,4.6125,83.54,0.0337,12.384,0.1282,0.0868,FCC
1,5.8166,1.8,4.6325,83.715,0.0324,12.314,0.1263,0.0854,FCC
1,6.7583,1.7,4.5275,86.495,0.0325,16.803,0.1288,0.0849,FCC
1,4.5366,1.95,4.5975,76.185,0.0295,10.7355,0.108,0.0815,FCC
1,5.1075,1.95,4.67,76.62,0.0294,10.866,0.1053,0.0793,FCC
2,5.8662,1.95,4.585,76.275,0.0257,10.7625,0.1007,0.0771,FCC
2,5.7413,1.95,4.6375,76.535,0.0273,10.8405,0.102,0.0776,FCC
1,3.8225,1.9,4.6825,78.18,0.0352,11.442,0.1216,0.0872,FCC
1,4.4639,1.9,4.5975,77.835,0.0318,11.2305,0.1173,0.0853,FCC
1,5.2149,1.9,4.565,77.75,0.0294,11.205,0.1125,0.0825,FCC
1,4.9251,1.9,4.67,78.27,0.032,11.496,0.1158,0.0837,FCC
4,7.0947,1.9,4.7825,79.055,0.0283,11.702,0.1044,0.0756,FCC
3,7.5602,1.9,4.75,78.97,0.027,11.668,0.1024,0.0748,FCC
1,6.6366,1.85,4.5525,79.49,0.0288,12.621,0.1128,0.0809,FCC
1,5.4037,1.8,4.5125,80.79,0.0316,14.349,0.122,0.0861,FCC
1,5.9472,1.8,4.5325,80.965,0.0315,14.245,0.1211,0.0851,FCC
1,7.4293,1.8,4.5,80.88,0.0288,14.16,0.1134,0.0803,FCC
1,5.8778,1.8,4.605,81.4,0.0327,14,0.1245,0.0863,FCC
1,6.3214,1.8,4.625,81.575,0.0315,13.82,0.1227,0.0849,FCC
1,7.2776,1.75,4.5,82.53,0.0298,16.119,0.1189,0.0827,FCC
1,6.0049,1.75,4.625,83.225,0.0343,15.6375,0.1299,0.0881,FCC
4,7.0676,1.7,4.5,84.18,0.0303,18.192,0.1235,0.0848,FCC
4,7.7436,1.7,4.62,85.23,0.0304,17.562,0.1202,0.0796,FCC
1,6.7556,1.65,4.5,85.83,0.0302,20.069,0.1273,0.0867,FCC
1,5.6044,1.65,4.5525,86.09,0.0346,19.887,0.1361,0.0914,FCC
1,3.746,1.95,4.7075,74.475,0.0325,13.63,0.1111,0.0832,FCC
1,4.222,1.95,4.6225,74.13,0.0305,13.492,0.1086,0.0831,FCC
1,4.3724,1.95,4.7275,74.65,0.031,13.7,0.1075,0.0808,FCC
1,3.5432,1.9,4.6025,75.605,0.0344,14.082,0.1205,0.0889,FCC
1,4.6671,1.9,4.695,76.215,0.0326,14.326,0.116,0.0847,FCC
2,5.2628,1.9,4.6625,76.13,0.0306,14.292,0.1128,0.0833,FCC
1,6.2121,1.9,4.5775,75.785,0.0269,14.154,0.1062,0.0804,FCC
2,5.9656,1.9,4.63,76.045,0.0282,14.258,0.1088,0.0813,FCC
4,8.3019,1.9,4.4925,75.44,0.0238,14.016,0.0939,0.074,FCC
1,6.8433,1.9,4.5975,75.96,0.0253,14.224,0.1039,0.0788,FCC
4,8.1207,1.9,4.7425,76.83,0.0257,14.572,0.0997,0.0744,FCC
1,4.0308,1.85,4.57,77.17,0.0343,14.708,0.1236,0.0899,FCC
1,4.892,1.85,4.5375,77.085,0.0315,14.674,0.1177,0.0867,FCC
1,4.605,1.85,4.59,77.345,0.0333,14.778,0.1219,0.0884,FCC
1,4.4471,1.85,4.6425,77.605,0.0345,14.882,0.1244,0.0891,FCC
1,5.4667,1.85,4.5575,77.26,0.0309,14.744,0.1162,0.0853,FCC
1,4.9581,1.85,4.715,78.04,0.0341,15.072,0.1229,0.087,FCC
1,4.6679,1.8,4.5375,78.735,0.0331,15.922,0.1243,0.0896,FCC
1,5.2609,1.8,4.5575,78.91,0.0329,16.041,0.1231,0.0884,FCC
1,5.8024,1.8,4.5775,79.085,0.0324,16.125,0.1218,0.0871,FCC
1,6.9707,1.8,4.545,79,0.0299,16.04,0.1151,0.0833,FCC
4,7.9733,1.75,4.4925,80.39,0.0284,17.669,0.1129,0.082,FCC
1,6.4404,1.7,4.545,82.3,0.0326,19.5,0.1263,0.0885,FCC
4,7.3608,1.7,4.645,83.175,0.0313,18.8,0.1223,0.0832,FCC
1,3.2938,1.95,4.6275,71.9,0.0327,15.75,0.112,0.0862,FCC
1,3.6167,1.95,4.785,72.68,0.0311,16.14,0.1083,0.0804,FCC
1,3.8717,1.95,4.595,71.815,0.0305,15.7075,0.1079,0.0846,FCC
1,4.5267,1.95,4.5625,71.73,0.0278,15.665,0.103,0.0823,FCC
1,4.4591,1.95,4.615,71.99,0.0292,15.795,0.1052,0.0826,FCC
4,5.1437,1.95,4.5825,71.905,0.0266,15.7525,0.1005,0.0805,FCC
3,5.7917,1.95,4.655,72.34,0.0267,15.97,0.099,0.0785,FCC
4,9.3034,1.95,4.7675,73.125,0.023,16.3625,0.0861,0.0692,FCC
1,3.699,1.9,4.6475,73.725,0.0342,16.6625,0.1188,0.0884,FCC
1,3.7247,1.9,4.7,73.985,0.0346,16.7925,0.1192,0.0875,FCC
1,4.332,1.9,4.615,73.64,0.0318,16.62,0.1147,0.0867,FCC
1,4.359,1.9,4.72,74.16,0.0331,16.88,0.1161,0.0853,FCC
1,5.3139,1.9,4.53,73.295,0.0282,16.4475,0.1055,0.0829,FCC
1,5.0304,1.9,4.74,74.335,0.0315,16.9675,0.1128,0.0829,FCC
2,5.563,1.9,4.655,73.99,0.0293,16.795,0.1096,0.0829,FCC
4,6.322,1.9,4.6225,73.905,0.0267,16.7525,0.1051,0.0809,FCC
4,7.5749,1.9,4.8,74.86,0.027,17.23,0.1016,0.0752,FCC
4,8.6249,1.9,4.735,74.69,0.0243,17.145,0.0968,0.074,FCC
1,4.8686,1.85,4.5825,75.205,0.0322,17.4025,0.1179,0.0879,FCC
1,5.2795,1.85,4.655,75.64,0.0319,17.62,0.1188,0.0869,FCC
2,8.279,1.85,4.7025,76.255,0.0246,17.9275,0.1042,0.0772,FCC
1,5.7373,1.8,4.6225,77.205,0.0327,18.4025,0.122,0.0883,FCC
4,8.2416,1.75,4.6375,79.385,0.0275,19.631,0.1107,0.0794,FCC
1,3.4329,1.95,4.62,69.76,0.0315,17.616,0.1087,0.0858,FCC
1,4.3032,1.95,4.745,70.455,0.0298,18.033,0.1047,0.0803,FCC
4,4.8297,1.95,4.7125,70.37,0.0288,17.982,0.1024,0.0801,FCC
4,6.0829,1.95,4.595,69.94,0.0241,17.724,0.0935,0.0782,FCC
3,9.278,1.95,4.7925,71.07,0.0227,18.402,0.0854,0.069,FCC
1,4.7105,1.9,4.765,72.28,0.0316,19.128,0.1126,0.083,FCC
4,7.0422,1.9,4.8575,72.89,0.0268,19.494,0.1021,0.0741,FCC
4,6.8925,1.9,4.5625,71.505,0.025,18.663,0.0969,0.0794,FCC
4,8.4667,1.9,4.76,72.635,0.0247,19.341,0.0968,0.0745,FCC
2,8.644,1.85,4.695,74.115,0.0232,20.229,0.1005,0.0768,FCC
4,7.7974,1.8,4.695,75.765,0.0257,21.219,0.1101,0.081,FCC
4,7.1186,1.75,4.695,77.415,0.0297,22.209,0.1185,0.0849,FCC
4,8.7418,1.95,4.85,69.1,0.0222,20.09,0.0857,0.0673,FCC
2,9.7083,1.95,4.785,68.93,0.0217,19.971,0.0827,0.0686,FCC
2,10.3049,1.95,4.7525,68.845,0.0206,19.9115,0.08,0.0685,FCC
3,8.263,1.9,4.785,70.58,0.0248,21.126,0.0966,0.0746,FCC
4,8.8022,1.9,4.7525,70.495,0.0235,21.0665,0.0937,0.0741,FCC
4,9.2372,1.9,4.6675,70.15,0.0205,20.825,0.0883,0.0739,FCC
2,9.4074,1.9,4.72,70.41,0.0217,21.007,0.0899,0.0732,FCC
2,7.7186,1.85,4.7525,72.145,0.0264,22.2215,0.1053,0.0793,FCC
4,8.2717,1.85,4.72,72.06,0.0243,22.162,0.1013,0.0781,FCC
3,8.8512,1.85,4.6875,71.975,0.0217,22.1025,0.0964,0.0763,FCC
3,7.7267,1.95,4.94,67.215,0.0189,21.452,0.0838,0.061,FCC
4,8.6167,1.95,4.875,67.045,0.021,21.316,0.0843,0.0656,FCC
4,9.0575,1.95,4.8425,66.96,0.0214,21.248,0.0835,0.067,FCC
1,9.533,1.95,4.81,66.875,0.0212,21.18,0.082,0.0679,FCC
3,10.0643,1.95,4.7775,66.79,0.0206,21.112,0.0796,0.0683,FCC
4,10.6657,1.95,4.745,66.705,0.0195,21.044,0.0764,0.0681,FCC
3,6.0653,1.9,4.94,68.865,0.0234,22.772,0.0998,0.0689,FCC
3,6.6114,1.9,4.9075,68.78,0.0245,22.704,0.0998,0.071,FCC
3,7.0888,1.9,4.875,68.695,0.0251,22.636,0.0993,0.0725,FCC
3,7.5474,1.9,4.8425,68.61,0.0251,22.568,0.0981,0.0736,FCC
2,8.0145,1.9,4.81,68.525,0.0247,22.5,0.0963,0.0742,FCC
2,8.5083,1.9,4.7775,68.44,0.0238,22.432,0.0937,0.0742,FCC
2,9.0366,1.9,4.745,68.355,0.0223,22.364,0.0903,0.0738,FCC
1,2.626,1.7,4.476,75.3,0.0423,27.78,0.1882,0.1929,BCC+FCC
1,2.479,1.85,4.5345,69.15,0.0405,25.255,0.1752,0.1795,BCC+FCC
1,1.6153,1.95,4.596,59.005,0.0458,25.445,0.1947,0.2082,BCC+FCC
1,2.08,1.9,4.6095,61.335,0.0419,26.065,0.1788,0.1871,BCC+FCC
1,2.2092,1.75,4.6095,66.285,0.045,31.015,0.1879,0.1898,BCC+FCC
1,1.9704,1.9,4.6345,59.28,0.0428,25.898,0.1806,0.1892,BCC+FCC
4,4.6517,1.7,4.595,77.28,0.0371,22.058,0.1698,0.077,FCC
1,1.3413,1.95,4.837,60.28,0.0501,25.01,0.1966,0.1952,BCC+FCC
1,1.3581,1.95,4.8295,58.14,0.0494,24.644,0.1951,0.195,BCC+FCC
1,3.7532,1.8,4.4575,78.105,0.033,16.0865,0.1565,0.1167,FCC
1,4.9449,1.65,4.4975,86.39,0.0322,19.677,0.1445,0.0996,FCC
1,4.2585,1.75,4.47,77.79,0.0328,19.584,0.1535,0.1167,FCC
1,2.628,1.95,4.67,70.58,0.0379,17.158,0.1331,0.1029,FCC
1,2.871,1.95,4.82,69.22,0.0346,19.224,0.1276,0.0976,FCC
4,7.4161,1.8,4.805,74.965,0.0344,15.2125,0.1529,0.0707,FCC
4,5.401,1.75,4.8125,73.255,0.0347,16.953,0.1537,0.0679,FCC
4,4.0379,1.7,4.7875,71.46,0.0357,18.292,0.1554,0.068,FCC
4,3.6511,1.7,4.755,71.375,0.0361,18.2325,0.1567,0.0709,FCC
4,18.0861,1.85,4.855,74.705,0.0322,15.7725,0.1495,0.0677,FCC
4,15.3731,1.85,4.8225,74.62,0.0325,15.73,0.1501,0.0705,FCC
2,8.9989,1.8,4.8625,72.995,0.0323,17.487,0.1504,0.0643,FCC
4,8.1093,1.8,4.83,72.91,0.033,17.436,0.1515,0.0677,FCC
3,6.4021,1.75,4.87,71.285,0.0325,18.8595,0.1505,0.0603,FCC
3,5.8688,1.75,4.8375,71.2,0.0333,18.8,0.1521,0.0644,FCC
4,5.3307,1.75,4.805,71.115,0.0338,18.7405,0.1534,0.0678,FCC
4,4.7974,1.7,4.845,69.49,0.0334,19.822,0.1519,0.0603,FCC
2,3.5861,1.7,4.7475,69.235,0.0352,19.618,0.1563,0.0707,FCC
4,2.8322,1.65,4.7225,67.44,0.0361,20.196,0.1582,0.0708,FCC
4,65.7769,1.9,4.8725,74.36,0.0306,16.29,0.1467,0.0675,FCC
3,16.7137,1.85,4.8475,72.565,0.0314,17.919,0.1489,0.0676,FCC
4,12.0732,1.85,4.7825,72.395,0.0312,17.817,0.1494,0.0726,FCC
4,9.5735,1.8,4.8875,70.94,0.0309,19.308,0.1488,0.0602,FCC
4,7.8162,1.8,4.8225,70.77,0.0322,19.189,0.151,0.0676,FCC
3,6.9584,1.8,4.79,70.685,0.0325,19.1295,0.1517,0.0704,FCC
4,6.1375,1.8,4.7575,70.6,0.0322,19.07,0.1519,0.0726,FCC
4,5.7185,1.75,4.83,69.06,0.0323,20.168,0.1519,0.0643,FCC
3,5.1742,1.75,4.7975,68.975,0.033,20.1,0.153,0.0677,FCC
4,4.6378,1.75,4.765,68.89,0.0333,20.032,0.1538,0.0705,FCC
4,5.0948,1.7,4.87,67.435,0.0319,20.8815,0.15,0.0554,FCC
3,4.6932,1.7,4.8375,67.35,0.0329,20.805,0.1519,0.0603,FCC
3,4.2793,1.7,4.805,67.265,0.0334,20.7285,0.1536,0.0644,FCC
3,3.8649,1.7,4.7725,67.18,0.0337,20.652,0.1549,0.0678,FCC
4,3.454,1.7,4.74,67.095,0.0342,20.5755,0.1559,0.0706,FCC
4,4.1005,1.65,4.845,65.64,0.0328,21.1,0.1512,0.0554,FCC
4,3.7556,1.65,4.8125,65.555,0.0339,21.015,0.1534,0.0603,FCC
4,3.4052,1.65,4.78,65.47,0.0345,20.93,0.1552,0.0644,FCC
3,3.0552,1.65,4.7475,65.385,0.0346,20.845,0.1567,0.0678,FCC
2,2.7043,1.65,4.715,65.3,0.0351,20.76,0.1578,0.0706,FCC
4,3.1127,1.6,4.7875,63.76,0.0349,20.866,0.1547,0.0604,FCC
4,27.5157,1.85,4.87,74.33,0.0405,19.668,0.1954,0.074,FCC
1,67.7307,1.9,4.8975,72.305,0.0294,18.453,0.1454,0.064,FCC
3,100.7816,1.9,4.865,72.22,0.0298,18.402,0.1458,0.0674,FCC
4,263.838,1.9,4.8325,72.135,0.0297,18.351,0.1458,0.0701,FCC
4,260.9216,1.9,4.8,72.05,0.0292,18.3,0.1454,0.0723,FCC
3,17.8092,1.85,4.8725,70.51,0.03,19.697,0.1476,0.0641,FCC
1,15.3373,1.85,4.84,70.425,0.0306,19.6375,0.1482,0.0674,FCC
2,13.0906,1.85,4.8075,70.34,0.0306,19.578,0.1484,0.0702,FCC
4,9.171,1.8,4.88,68.8,0.0299,20.65,0.1485,0.0601,FCC
1,8.3065,1.8,4.8475,68.715,0.0307,20.582,0.1497,0.0642,FCC
3,6.5934,1.8,4.7825,68.545,0.0315,20.446,0.1509,0.0703,FCC
3,6.0431,1.75,4.855,67.005,0.031,21.1845,0.1503,0.0602,FCC
4,5.4994,1.75,4.8225,66.92,0.0314,21.108,0.1516,0.0642,FCC
4,4.9516,1.75,4.79,66.835,0.0321,21.0315,0.1526,0.0676,FCC
4,4.4081,1.75,4.7575,66.75,0.0324,20.955,0.1532,0.0703,FCC
4,4.9374,1.7,4.8625,65.295,0.0315,21.445,0.1501,0.0554,FCC
2,4.5307,1.7,4.83,65.21,0.0321,21.36,0.1519,0.0602,FCC
2,4.1111,1.7,4.7975,65.125,0.0322,21.275,0.1534,0.0643,FCC
2,3.6881,1.7,4.765,65.04,0.0329,21.19,0.1545,0.0676,FCC
4,3.2622,1.7,4.7325,64.955,0.0333,21.105,0.1553,0.0704,FCC
4,3.9619,1.65,4.8375,63.5,0.0325,21.27,0.1514,0.0554,FCC
2,3.2536,1.65,4.7725,63.33,0.0334,21.083,0.1551,0.0643,FCC
1,2.8901,1.65,4.74,63.245,0.0337,20.9895,0.1564,0.0677,FCC
2,2.5127,1.65,4.7075,63.16,0.0342,20.896,0.1573,0.0705,FCC
3,71.4768,1.9,4.9225,70.25,0.0279,20.205,0.1441,0.06,FCC
1,100.41,1.9,4.89,70.165,0.0287,20.1455,0.1447,0.0639,FCC
3,212.917,1.9,4.8575,70.08,0.029,20.086,0.1449,0.0672,FCC
3,509.7658,1.9,4.825,69.995,0.0288,20.0265,0.1447,0.0699,FCC
4,20.9051,1.85,4.93,68.54,0.0275,21.132,0.1451,0.0552,FCC
2,18.5939,1.85,4.8975,68.455,0.0284,21.064,0.1462,0.06,FCC
3,16.2289,1.85,4.865,68.37,0.0293,20.996,0.147,0.064,FCC
2,13.9821,1.85,4.8325,68.285,0.0297,20.928,0.1474,0.0673,FCC
3,11.9248,1.85,4.8,68.2,0.0297,20.86,0.1474,0.07,FCC
3,10.1867,1.8,4.9375,66.83,0.0281,21.717,0.1452,0.0495,FCC
4,9.5024,1.8,4.905,66.745,0.0286,21.6405,0.1469,0.0553,FCC
2,8.6975,1.8,4.8725,66.66,0.029,21.564,0.1482,0.0601,FCC
4,7.8487,1.8,4.84,66.575,0.03,21.4875,0.1492,0.0641,FCC
3,6.9968,1.8,4.8075,66.49,0.0305,21.411,0.1498,0.0674,FCC
4,6.1609,1.8,4.775,66.405,0.0306,21.3345,0.15,0.0701,FCC
2,6.29,1.75,4.88,64.95,0.0297,21.79,0.1485,0.0553,FCC
4,5.769,1.75,4.8475,64.865,0.0298,21.705,0.15,0.0601,FCC
4,5.2239,1.75,4.815,64.78,0.0307,21.62,0.1512,0.0641,FCC
2,4.6715,1.75,4.7825,64.695,0.0313,21.535,0.152,0.0674,FCC
4,4.1156,1.75,4.75,64.61,0.0314,21.45,0.1524,0.0702,FCC
3,4.3197,1.7,4.8225,63.07,0.0311,21.487,0.1518,0.0602,FCC
4,3.8935,1.7,4.79,62.985,0.0313,21.3935,0.1531,0.0642,FCC
1,3.4573,1.7,4.7575,62.9,0.0321,21.3,0.154,0.0675,FCC
4,3.0029,1.7,4.725,62.815,0.0323,21.2065,0.1547,0.0703,FCC
3,3.0539,1.65,4.765,61.19,0.0322,20.808,0.1548,0.0642,FCC
4,2.6648,1.65,4.7325,61.105,0.0329,20.706,0.156,0.0676,FCC
4,77.8524,1.9,4.9475,68.195,0.0261,21.546,0.1427,0.0552,FCC
4,104.3773,1.9,4.915,68.11,0.0273,21.478,0.1435,0.0599,FCC
4,195.3143,1.9,4.8825,68.025,0.028,21.41,0.1438,0.0638,FCC
4,1490.0092,1.9,4.85,67.94,0.0281,21.342,0.1438,0.0671,FCC
4,132.1932,1.85,4.79,69.88,0.0361,22.894,0.1916,0.0804,FCC
4,20.7951,1.85,4.955,66.485,0.0262,22.0965,0.1434,0.0495,FCC
1,18.9813,1.85,4.9225,66.4,0.0265,22.02,0.1447,0.0552,FCC
3,16.8623,1.85,4.89,66.315,0.0278,21.9435,0.1457,0.0599,FCC
1,14.7073,1.85,4.8575,66.23,0.0286,21.867,0.1463,0.0639,FCC
4,12.6529,1.85,4.825,66.145,0.0289,21.7905,0.1465,0.0672,FCC
4,9.6447,1.8,4.93,64.69,0.0273,22.22,0.1451,0.0495,FCC
1,8.9613,1.8,4.8975,64.605,0.0275,22.135,0.1466,0.0552,FCC
4,8.1694,1.8,4.865,64.52,0.0284,22.05,0.1478,0.06,FCC
1,7.3365,1.8,4.8325,64.435,0.0293,21.965,0.1485,0.064,FCC
2,6.4967,1.8,4.8,64.35,0.0297,21.88,0.149,0.0672,FCC
3,5.6616,1.8,4.7675,64.265,0.0296,21.795,0.149,0.0699,FCC
4,5.9672,1.75,4.8725,62.81,0.0287,21.891,0.1484,0.0553,FCC
3,5.4454,1.75,4.84,62.725,0.0289,21.7975,0.1497,0.06,FCC
2,4.8971,1.75,4.8075,62.64,0.03,21.704,0.1507,0.064,FCC
2,4.4797,1.7,4.8475,61.015,0.0299,21.288,0.15,0.0553,FCC
2,4.0638,1.7,4.815,60.93,0.0298,21.186,0.1515,0.0601,FCC
2,88.7416,1.9,4.9725,66.14,0.0241,22.476,0.1412,0.0494,FCC
2,114.1483,1.9,4.94,66.055,0.0256,22.3995,0.1421,0.0551,FCC
1,197.3672,1.9,4.9075,65.97,0.0267,22.323,0.1427,0.0598,FCC
4,18.8608,1.85,4.9475,64.345,0.0251,22.565,0.1431,0.0494,FCC
3,17.1604,1.85,4.915,64.26,0.0261,22.48,0.1443,0.0552,FCC
4,15.2129,1.85,4.8825,64.175,0.0272,22.395,0.145,0.0599,FCC
3,9.0524,1.8,4.9225,62.55,0.0263,22.295,0.145,0.0495,FCC
3,8.3739,1.8,4.89,62.465,0.0265,22.2015,0.1463,0.0552,FCC
4,6.0658,1.75,4.8975,60.755,0.0275,21.666,0.1467,0.0495,FCC
4,5.5998,1.75,4.865,60.67,0.0274,21.564,0.1482,0.0552,FCC
4,5.0748,1.75,4.8325,60.585,0.0283,21.462,0.1493,0.06,FCC
4,14.2642,1.85,4.799,72.085,0.033,15.4825,0.1315,0.1205,FCC
1,4.1725,1.75,4.6995,62.59,0.0492,21.651,0.2009,0.191,BCC+FCC
1,6.6562,1.75,4.6345,62.42,0.0462,21.498,0.2005,0.1891,BCC+FCC
4,4.5639,1.95,4.809,73.45,0.0302,14.24,0.1262,0.1203,FCC
4,12.878,1.85,4.824,70.03,0.0316,17.418,0.1299,0.1199,FCC
1,3.9833,1.8,4.6845,62.16,0.0456,21.954,0.1978,0.1899,BCC+FCC
1,4.6714,1.75,4.692,60.45,0.0481,21.73,0.2002,0.1908,BCC+FCC
4,8.5148,1.7,4.749,64.645,0.0346,19.3905,0.1357,0.1201,FCC
1,23.7916,1.7,4.602,58.485,0.0462,20.8835,0.2017,0.189,BCC+FCC
3,4.6519,1.95,4.834,71.395,0.0293,16.5175,0.125,0.12,FCC
3,7.1269,1.9,4.8415,69.685,0.0297,17.901,0.1271,0.1196,FCC
3,8.1072,1.9,4.809,69.6,0.0302,17.85,0.1277,0.1201,FCC
3,44.6722,1.85,4.7515,67.72,0.0312,18.764,0.1308,0.1203,FCC
3,21.5183,1.8,4.8565,66.265,0.0302,19.642,0.1282,0.1179,FCC
4,17.7535,1.8,4.7265,65.925,0.0322,19.37,0.1334,0.1204,FCC
4,123.0933,1.75,4.8315,64.47,0.0311,19.923,0.1299,0.118,FCC
3,7.4459,1.75,4.7015,64.13,0.0332,19.617,0.1358,0.1205,FCC
4,16.8557,1.7,4.8065,62.675,0.032,19.845,0.1314,0.118,FCC
3,10.7845,1.7,4.774,62.59,0.0331,19.76,0.1337,0.1191,FCC
1,8.0386,1.7,4.6595,56.515,0.048,20.328,0.2014,0.1907,BCC+FCC
4,9.184,1.65,4.7815,60.88,0.0329,19.408,0.1329,0.1181,FCC
4,3.8106,1.6,4.6915,58.915,0.036,18.408,0.139,0.1201,FCC
3,4.6645,1.95,4.859,69.34,0.0281,18.384,0.1237,0.1194,FCC
3,4.9651,1.95,4.8265,69.255,0.0283,18.333,0.1239,0.1198,FCC
4,5.2889,1.95,4.794,69.17,0.0281,18.282,0.1237,0.1199,FCC
3,6.8908,1.9,4.8665,67.63,0.0281,19.391,0.1254,0.1187,FCC
4,3.7354,1.9,4.7605,64.465,0.036,21.292,0.1623,0.159,FCC
3,8.9214,1.9,4.8015,67.46,0.0292,19.272,0.1268,0.1199,FCC
4,10.4932,1.9,4.769,67.375,0.0291,19.2125,0.1268,0.12,FCC
4,10.5223,1.85,4.874,65.92,0.0287,20.056,0.1262,0.1177,FCC
2,13.3428,1.85,4.8415,65.835,0.0292,19.988,0.1277,0.1188,FCC
4,18.2368,1.85,4.809,65.75,0.0297,19.92,0.1288,0.1195,FCC
3,29.4214,1.85,4.7765,65.665,0.0301,19.852,0.1295,0.12,FCC
4,85.5585,1.85,4.744,65.58,0.0301,19.784,0.1298,0.1201,FCC
4,28.0811,1.8,4.849,64.125,0.0297,20.3025,0.1281,0.1178,FCC
3,83.8826,1.8,4.8165,64.04,0.0303,20.226,0.1298,0.1189,FCC
2,78.9981,1.8,4.784,63.955,0.0304,20.1495,0.1311,0.1196,FCC
2,25.6175,1.8,4.7515,63.87,0.031,20.073,0.132,0.1201,FCC
4,118.8717,1.75,4.8565,62.415,0.0296,20.275,0.1276,0.1165,FCC
3,52.6086,1.75,4.824,62.33,0.0307,20.19,0.1299,0.1179,FCC
1,4.5557,1.75,4.7095,56.255,0.047,20.706,0.1987,0.1911,BCC+FCC
4,21.1579,1.75,4.7915,62.245,0.0314,20.105,0.1318,0.1189,FCC
1,5.5645,1.75,4.677,56.17,0.0459,20.604,0.1985,0.1904,BCC+FCC
2,12.9084,1.75,4.759,62.16,0.0316,20.02,0.1333,0.1197,FCC
4,9.0122,1.75,4.7265,62.075,0.0319,19.935,0.1344,0.1201,FCC
4,6.6772,1.75,4.694,61.99,0.0321,19.85,0.1351,0.1203,FCC
1,4.0339,1.7,4.7495,54.63,0.0483,19.489,0.1998,0.1917,BCC+FCC
1,4.9909,1.7,4.717,54.545,0.0484,19.3785,0.2004,0.1915,BCC+FCC
4,14.079,1.7,4.799,60.535,0.0317,19.7185,0.1316,0.1179,FCC
4,7.0166,1.7,4.734,60.365,0.0328,19.5315,0.1353,0.1198,FCC
3,5.3841,1.7,4.7015,60.28,0.0328,19.438,0.1366,0.1202,FCC
3,4.1822,1.7,4.669,60.195,0.0331,19.3445,0.1375,0.1204,FCC
4,6.1053,1.65,4.7415,58.655,0.0336,18.786,0.1353,0.1191,FCC
3,4.6173,1.95,4.884,67.285,0.0267,19.8395,0.1223,0.1185,FCC
2,4.9177,1.95,4.8515,67.2,0.0273,19.78,0.1227,0.1192,FCC
2,7.413,1.9,4.859,65.49,0.0273,20.402,0.1248,0.1186,FCC
2,8.4208,1.9,4.8265,65.405,0.028,20.334,0.1255,0.1193,FCC
2,9.7467,1.9,4.794,65.32,0.0283,20.266,0.1258,0.1197,FCC
3,11.6417,1.9,4.7615,65.235,0.028,20.198,0.1255,0.1198,FCC
3,9.499,1.85,4.899,63.865,0.0273,20.7585,0.1242,0.1163,FCC
2,15.3431,1.85,4.834,63.695,0.028,20.6055,0.1272,0.1187,FCC
3,22.1695,1.85,4.8015,63.61,0.0288,20.529,0.1281,0.1194,FCC
3,41.6674,1.85,4.769,63.525,0.0292,20.4525,0.1286,0.1198,FCC
4,597.4187,1.8,4.809,61.9,0.0292,20.45,0.1295,0.1187,FCC
2,42.7354,1.8,4.7765,61.815,0.0296,20.365,0.1306,0.1195,FCC
1,19.6652,1.8,4.744,61.73,0.0301,20.28,0.1313,0.1199,FCC
4,33.2874,1.75,4.8165,60.19,0.0301,20.029,0.1298,0.1177,FCC
3,11.0534,1.75,4.7515,60.02,0.0304,19.842,0.1328,0.1195,FCC
4,7.9042,1.75,4.719,59.935,0.0309,19.7485,0.1337,0.12,FCC
3,5.8643,1.75,4.6865,59.85,0.031,19.655,0.1342,0.1201,FCC
1,4.3011,1.7,4.742,52.49,0.0476,17.916,0.1994,0.1915,BCC+FCC
4,11.9323,1.7,4.7915,58.395,0.0313,19.164,0.1316,0.1178,FCC
3,4.7882,1.7,4.694,58.14,0.0318,18.858,0.1361,0.12,FCC
2,4.5159,1.95,4.909,65.23,0.025,20.884,0.1207,0.1174,FCC
2,4.8205,1.95,4.8765,65.145,0.0259,20.816,0.1214,0.1184,FCC
4,5.1303,1.95,4.844,65.06,0.0264,20.748,0.1216,0.1191,FCC
4,5.8055,1.95,4.779,64.89,0.026,20.612,0.1206,0.1195,FCC
3,6.2418,1.9,4.9165,63.52,0.0255,21.138,0.1219,0.1162,FCC
4,7.0101,1.9,4.884,63.435,0.0256,21.0615,0.1232,0.1174,FCC
1,7.9158,1.9,4.8515,63.35,0.0266,20.985,0.1241,0.1184,FCC
3,9.0551,1.9,4.819,63.265,0.0272,20.9085,0.1246,0.1191,FCC
3,10.5975,1.9,4.7865,63.18,0.0273,20.832,0.1246,0.1195,FCC
3,10.4247,1.85,4.8915,61.725,0.0266,20.965,0.124,0.1162,FCC
1,13.1751,1.85,4.859,61.64,0.0269,20.88,0.1255,0.1175,FCC
3,17.8098,1.85,4.8265,61.555,0.0273,20.795,0.1266,0.1185,FCC
4,27.9248,1.85,4.794,61.47,0.028,20.71,0.1273,0.1192,FCC
4,25.5975,1.8,4.8665,59.93,0.0278,20.433,0.126,0.1163,FCC
2,64.366,1.8,4.834,59.845,0.0281,20.3395,0.1277,0.1176,FCC
3,114.5144,1.8,4.8015,59.76,0.0279,20.246,0.129,0.1186,FCC
4,28.6963,1.8,4.769,59.675,0.0288,20.1525,0.1299,0.1193,FCC
4,15.5649,1.8,4.7365,59.59,0.0291,20.059,0.1304,0.1197,FCC
2,9.4505,1.75,4.744,57.88,0.0295,19.236,0.1323,0.1194,FCC
3,6.8178,1.75,4.7115,57.795,0.03,19.134,0.133,0.1198,FCC
1,4.5342,1.7,4.7345,50.35,0.0469,15.915,0.1989,0.1914,BCC+FCC
4,5.481,1.7,4.719,56.085,0.0303,17.9605,0.1345,0.1194,FCC
4,4.359,1.95,4.934,63.175,0.0233,21.5175,0.119,0.116,FCC
2,4.6758,1.95,4.9015,63.09,0.0244,21.441,0.1199,0.1173,FCC
1,4.9859,1.95,4.869,63.005,0.0252,21.3645,0.1204,0.1182,FCC
3,5.3005,1.95,4.8365,62.92,0.0256,21.288,0.1204,0.1189,FCC
2,5.628,1.95,4.804,62.835,0.0255,21.2115,0.1199,0.1192,FCC
3,6.5688,1.9,4.909,61.38,0.0245,21.31,0.1214,0.1161,FCC
1,7.4015,1.9,4.8765,61.295,0.0249,21.225,0.1226,0.1173,FCC
3,8.4007,1.9,4.844,61.21,0.0259,21.14,0.1232,0.1183,FCC
1,9.6861,1.9,4.8115,61.125,0.0264,21.055,0.1235,0.119,FCC
4,11.4803,1.9,4.779,61.04,0.0264,20.97,0.1232,0.1193,FCC
3,14.28,1.9,4.7465,60.955,0.0259,20.885,0.1225,0.1193,FCC
3,11.4266,1.85,4.884,59.585,0.0257,20.7435,0.1237,0.1161,FCC
2,14.8088,1.85,4.8515,59.5,0.0256,20.65,0.125,0.1174,FCC
2,21.0408,1.85,4.819,59.415,0.0266,20.5565,0.1259,0.1184,FCC
1,37.6195,1.85,4.7865,59.33,0.0272,20.463,0.1264,0.119,FCC
3,274.1821,1.85,4.754,59.245,0.0273,20.3695,0.1264,0.1194,FCC
3,33.8943,1.8,4.859,57.79,0.0269,19.818,0.1258,0.1162,FCC
1,181.4448,1.8,4.8265,57.705,0.0269,19.716,0.1273,0.1174,FCC
4,50.6603,1.8,4.794,57.62,0.0272,19.614,0.1284,0.1184,FCC
4,20.9786,1.8,4.7615,57.535,0.0279,19.512,0.1291,0.1191,FCC
3,12.4068,1.8,4.729,57.45,0.0282,19.41,0.1293,0.1195,FCC
4,18.3888,1.75,4.8015,55.91,0.0282,18.423,0.1294,0.1175,FCC
3,11.5144,1.75,4.769,55.825,0.0279,18.3125,0.1307,0.1185,FCC
2,7.982,1.75,4.7365,55.74,0.0287,18.202,0.1316,0.1192,FCC
4,6.2974,1.7,4.744,54.03,0.0293,16.652,0.1329,0.1186,FCC
2,4.4803,1.95,4.9265,61.035,0.0225,21.655,0.1184,0.1159,FCC
4,4.7994,1.95,4.894,60.95,0.0238,21.57,0.119,0.1171,FCC
1,5.11,1.95,4.8615,60.865,0.0245,21.485,0.1193,0.1181,FCC
4,5.4213,1.95,4.829,60.78,0.0248,21.4,0.119,0.1187,FCC
4,5.7375,1.95,4.7965,60.695,0.0245,21.315,0.1182,0.119,FCC
1,6.8669,1.9,4.9015,59.24,0.0232,21.054,0.1209,0.1159,FCC
1,7.7658,1.9,4.869,59.155,0.0243,20.9605,0.1218,0.1172,FCC
4,8.8631,1.9,4.8365,59.07,0.0252,20.867,0.1223,0.1182,FCC
4,10.3064,1.9,4.804,58.985,0.0256,20.7735,0.1223,0.1188,FCC
3,12.3842,1.9,4.7715,58.9,0.0254,20.68,0.1218,0.1191,FCC
4,9.9178,1.85,4.909,57.53,0.0246,20.196,0.1217,0.1144,FCC
3,12.5361,1.85,4.8765,57.445,0.0246,20.094,0.1233,0.116,FCC
1,16.7863,1.85,4.844,57.36,0.0249,19.992,0.1244,0.1173,FCC
4,25.6211,1.85,4.8115,57.275,0.0258,19.89,0.1251,0.1182,FCC
2,58.6552,1.85,4.779,57.19,0.0263,19.788,0.1253,0.1189,FCC
4,126.8825,1.85,4.7465,57.105,0.0263,19.686,0.1251,0.1192,FCC
3,50.3089,1.8,4.8515,55.65,0.0259,18.775,0.1255,0.1161,FCC
4,199.1998,1.8,4.819,55.565,0.0255,18.6645,0.1268,0.1173,FCC
2,31.3034,1.8,4.7865,55.48,0.0265,18.554,0.1277,0.1183,FCC
2,15.8495,1.8,4.754,55.395,0.0271,18.4435,0.1282,0.119,FCC
4,3.1529,1.85,4.765,72.235,0.042,15.0875,0.217,0.057,FCC
4,27.6283,1.8,4.8225,70.92,0.0352,16.172,0.1644,0.0542,FCC
3,5.6256,1.9,4.8325,72.285,0.0329,15.1825,0.1606,0.0561,FCC
4,9.8624,1.85,4.84,70.575,0.0336,16.655,0.1622,0.0539,FCC
3,13.9953,1.85,4.775,70.405,0.0335,16.553,0.163,0.0579,FCC
4,22.6377,1.8,4.8475,68.865,0.0336,17.7855,0.1629,0.0509,FCC
4,38.1235,1.8,4.815,68.78,0.0344,17.726,0.164,0.054,FCC
4,23.616,1.75,4.79,66.985,0.0352,18.438,0.1658,0.0541,FCC
4,15.0906,1.75,4.7575,66.9,0.0356,18.37,0.1667,0.0565,FCC
3,10.766,1.75,4.725,66.815,0.0354,18.302,0.1673,0.0582,FCC
4,7.2415,1.7,4.7325,65.105,0.0364,18.7145,0.1685,0.0566,FCC
4,5.7859,1.7,4.7,65.02,0.0364,18.638,0.1693,0.0583,FCC
4,3.197,1.85,4.815,68.125,0.0431,18.5775,0.216,0.0529,FCC
2,5.6603,1.9,4.8575,70.23,0.032,17.138,0.1596,0.0535,FCC
4,6.4363,1.9,4.7925,70.06,0.0314,17.036,0.1596,0.0574,FCC
4,9.4837,1.85,4.865,68.52,0.0322,18.234,0.1609,0.0506,FCC
4,10.9564,1.85,4.8325,68.435,0.0328,18.1745,0.1616,0.0536,FCC
3,19.164,1.8,4.8725,66.81,0.032,18.988,0.1614,0.0468,FCC
2,28.6497,1.8,4.84,66.725,0.0329,18.92,0.1627,0.0507,FCC
2,538.4447,1.8,4.775,66.555,0.0337,18.784,0.1642,0.0561,FCC
3,121.7653,1.75,4.8475,65.015,0.033,19.3235,0.1629,0.0469,FCC
2,34.2547,1.75,4.815,64.93,0.0336,19.247,0.1643,0.0508,FCC
4,19.3868,1.75,4.7825,64.845,0.0343,19.1705,0.1654,0.0539,FCC
3,13.1227,1.75,4.75,64.76,0.0346,19.094,0.1662,0.0562,FCC
4,6.6566,1.65,4.765,61.34,0.0355,18.824,0.1674,0.051,FCC
4,3.165,1.6,4.675,59.375,0.0373,17.87,0.1716,0.0566,FCC
3,5.6242,1.9,4.8825,68.175,0.0308,18.6825,0.1584,0.0503,FCC
2,5.9897,1.9,4.85,68.09,0.0312,18.623,0.1588,0.0533,FCC
2,6.3829,1.9,4.8175,68.005,0.031,18.5635,0.1588,0.0555,FCC
4,6.8209,1.9,4.785,67.92,0.0303,18.504,0.1585,0.0571,FCC
2,10.3578,1.85,4.8575,66.38,0.0315,19.334,0.1604,0.0504,FCC
3,12.1061,1.85,4.825,66.295,0.0319,19.266,0.161,0.0534,FCC
2,14.6518,1.85,4.7925,66.21,0.0319,19.198,0.1612,0.0557,FCC
2,16.5038,1.8,4.8975,64.755,0.0306,19.7795,0.1598,0.0416,FCC
4,22.9975,1.8,4.865,64.67,0.0311,19.703,0.1612,0.0466,FCC
4,120.9097,1.8,4.8,64.5,0.0327,19.55,0.1631,0.0535,FCC
4,89.4288,1.8,4.7675,64.415,0.0328,19.4735,0.1635,0.0558,FCC
2,315.7451,1.75,4.8725,62.96,0.0316,19.73,0.1612,0.0417,FCC
4,58.2461,1.75,4.84,62.875,0.032,19.645,0.1628,0.0467,FCC
2,25.9787,1.75,4.8075,62.79,0.0328,19.56,0.1641,0.0506,FCC
3,16.224,1.75,4.775,62.705,0.0335,19.475,0.165,0.0537,FCC
4,11.4115,1.75,4.7425,62.62,0.0336,19.39,0.1656,0.0559,FCC
4,8.4697,1.75,4.71,62.535,0.0333,19.305,0.1659,0.0576,FCC
2,13.4308,1.7,4.815,61.08,0.0331,19.228,0.1643,0.0468,FCC
4,9.8988,1.7,4.7825,60.995,0.0335,19.1345,0.1657,0.0507,FCC
2,7.6431,1.7,4.75,60.91,0.0343,19.041,0.1668,0.0538,FCC
3,6.0329,1.7,4.7175,60.825,0.0345,18.9475,0.1676,0.0561,FCC
4,4.9232,1.65,4.725,59.115,0.035,18.248,0.1685,0.0539,FCC
4,3.9707,1.65,4.6925,59.03,0.0354,18.146,0.1695,0.0562,FCC
2,5.5238,1.9,4.9075,66.12,0.0294,19.816,0.1572,0.0462,FCC
4,5.8921,1.9,4.875,66.035,0.0301,19.748,0.1577,0.0501,FCC
4,6.2753,1.9,4.8425,65.95,0.0303,19.68,0.158,0.053,FCC
3,7.1513,1.9,4.7775,65.78,0.0292,19.544,0.1572,0.0568,FCC
4,8.5397,1.85,4.915,64.41,0.0287,20.159,0.158,0.0414,FCC
3,9.7406,1.85,4.8825,64.325,0.03,20.0825,0.1591,0.0463,FCC
4,11.2592,1.85,4.85,64.24,0.0308,20.006,0.1599,0.0502,FCC
2,13.3494,1.85,4.8175,64.155,0.0311,19.9295,0.1603,0.0531,FCC
2,55.9099,1.8,4.825,62.445,0.0315,19.905,0.1618,0.0503,FCC
2,1609.5751,1.8,4.7925,62.36,0.0319,19.82,0.1624,0.0533,FCC
2,47.5918,1.8,4.76,62.275,0.0318,19.735,0.1627,0.0555,FCC
2,174.8739,1.75,4.865,60.82,0.0307,19.632,0.1612,0.0416,FCC
4,20.6237,1.75,4.8,60.65,0.0321,19.445,0.1637,0.0504,FCC
1,13.7037,1.75,4.7675,60.565,0.0327,19.3515,0.1645,0.0534,FCC
4,9.87,1.75,4.735,60.48,0.0327,19.258,0.1649,0.0557,FCC
4,7.3363,1.75,4.7025,60.395,0.0322,19.1645,0.165,0.0572,FCC
3,11.6751,1.7,4.8075,58.94,0.032,18.728,0.1642,0.0466,FCC
2,8.7835,1.7,4.775,58.855,0.0328,18.626,0.1655,0.0505,FCC
4,6.8246,1.7,4.7425,58.77,0.0334,18.524,0.1664,0.0535,FCC
4,4.4036,1.65,4.7175,56.975,0.0342,17.3375,0.1682,0.0537,FCC
2,5.7377,1.9,4.9,63.98,0.0288,20.462,0.1566,0.046,FCC
3,6.1181,1.9,4.8675,63.895,0.0294,20.3855,0.157,0.0498,FCC
2,6.5145,1.9,4.835,63.81,0.0295,20.309,0.157,0.0528,FCC
3,6.9417,1.9,4.8025,63.725,0.0291,20.2325,0.1566,0.0549,FCC
4,9.0933,1.85,4.9075,62.27,0.0282,20.42,0.1577,0.0413,FCC
2,10.445,1.85,4.875,62.185,0.0294,20.335,0.1586,0.0461,FCC
2,12.2054,1.85,4.8425,62.1,0.0301,20.25,0.1592,0.05,FCC
3,14.7285,1.85,4.81,62.015,0.0303,20.165,0.1594,0.0529,FCC
2,18.8446,1.85,4.7775,61.93,0.03,20.08,0.1593,0.0551,FCC
3,27.1822,1.85,4.745,61.845,0.0292,19.995,0.1587,0.0566,FCC
2,22.419,1.8,4.8825,60.475,0.0287,19.9425,0.1594,0.0413,FCC
3,36.565,1.8,4.85,60.39,0.03,19.849,0.1605,0.0462,FCC
1,105.9535,1.8,4.8175,60.305,0.0307,19.7555,0.1613,0.0501,FCC
3,100.408,1.8,4.785,60.22,0.031,19.662,0.1617,0.053,FCC
4,11.5159,1.75,4.71,58.03,0.0404,18.946,0.2168,0.0543,FCC
1,31.3392,1.8,4.7525,60.135,0.0309,19.5685,0.1618,0.0552,FCC
4,17.1564,1.8,4.72,60.05,0.0302,19.475,0.1614,0.0567,FCC
3,67.3216,1.75,4.8575,58.68,0.0296,19.106,0.1611,0.0414,FCC
2,16.7681,1.75,4.7925,58.51,0.0314,18.902,0.1633,0.0502,FCC
3,11.581,1.75,4.76,58.425,0.0318,18.8,0.1639,0.0531,FCC
4,8.4086,1.75,4.7275,58.34,0.0317,18.698,0.1641,0.0554,FCC
3,7.7222,1.7,4.7675,56.715,0.0321,17.6895,0.1651,0.0503,FCC
3,5.9741,1.7,4.735,56.63,0.0326,17.579,0.1659,0.0533,FCC
3,5.1097,1.9,4.9575,62.01,0.0259,20.85,0.1544,0.0347,FCC
2,5.5218,1.9,4.925,61.925,0.0273,20.765,0.1553,0.041,FCC
4,5.9107,1.9,4.8925,61.84,0.0282,20.68,0.1559,0.0458,FCC
3,6.2982,1.9,4.86,61.755,0.0287,20.595,0.1561,0.0496,FCC
3,6.6994,1.9,4.8275,61.67,0.0287,20.51,0.1559,0.0525,FCC
4,9.6362,1.85,4.9,60.13,0.0277,20.253,0.1573,0.0411,FCC
2,11.1608,1.85,4.8675,60.045,0.0288,20.1595,0.1581,0.0459,FCC
2,13.2122,1.85,4.835,59.96,0.0294,20.066,0.1585,0.0497,FCC
3,16.295,1.85,4.8025,59.875,0.0294,19.9725,0.1585,0.0526,FCC
2,5.6715,1.8,4.7275,57.685,0.0383,19.222,0.2133,0.0539,FCC
3,21.7392,1.85,4.77,59.79,0.029,19.879,0.1581,0.0548,FCC
4,18.274,1.8,4.9075,58.42,0.0273,19.484,0.1579,0.0348,FCC
1,51.7017,1.8,4.8425,58.25,0.0294,19.28,0.1601,0.0461,FCC
1,1669.4512,1.8,4.81,58.165,0.03,19.178,0.1607,0.0498,FCC
3,49.4067,1.8,4.7775,58.08,0.0302,19.076,0.1609,0.0528,FCC
4,40.7009,1.75,4.85,56.54,0.0286,18.152,0.1609,0.0413,FCC
4,21.1865,1.75,4.8175,56.455,0.0299,18.0415,0.162,0.0462,FCC
2,13.7604,1.75,4.785,56.37,0.0307,17.931,0.1627,0.05,FCC
4,9.6771,1.75,4.7525,56.285,0.031,17.8205,0.1631,0.0529,FCC
4,10.4512,1.9,4.8375,71.975,0.0371,14.695,0.196,0.2032,FCC
4,12.3162,1.9,4.805,71.89,0.037,14.644,0.1966,0.2062,FCC
4,61.3312,1.85,4.7475,70.01,0.0374,15.787,0.1988,0.2089,FCC
4,5.9112,1.95,4.855,71.63,0.0355,15.178,0.1939,0.2034,FCC
3,10.0232,1.9,4.8625,69.92,0.036,16.414,0.1948,0.2003,FCC
4,11.6505,1.9,4.83,69.835,0.0362,16.3545,0.1956,0.2033,FCC
4,20.8574,1.85,4.87,68.21,0.0357,17.397,0.195,0.197,FCC
4,74.4981,1.85,4.805,68.04,0.037,17.278,0.1972,0.2033,FCC
4,110.3733,1.8,4.8775,66.5,0.0355,18.12,0.1947,0.1936,FCC
3,12.8315,1.8,4.7475,66.16,0.0378,17.848,0.1995,0.2062,FCC
3,5.8703,1.95,4.88,69.575,0.0346,16.8625,0.1929,0.2004,FCC
3,9.5352,1.9,4.8875,67.865,0.0346,17.8455,0.1936,0.1972,FCC
3,12.9271,1.9,4.8225,67.695,0.0354,17.7265,0.1951,0.2034,FCC
4,20.8073,1.9,4.7575,67.525,0.0343,17.6075,0.1955,0.2091,FCC
4,44.4153,1.85,4.83,65.985,0.0359,18.398,0.196,0.2003,FCC
2,209.8683,1.85,4.7975,65.9,0.0362,18.33,0.1968,0.2034,FCC
4,50.8175,1.8,4.8375,64.275,0.0357,18.7275,0.1962,0.1971,FCC
4,15.7433,1.8,4.7725,64.105,0.037,18.5745,0.1984,0.2034,FCC
3,9.8328,1.75,4.78,62.395,0.0373,18.545,0.1988,0.2003,FCC
3,7.6266,1.75,4.7475,62.31,0.0377,18.46,0.1998,0.2033,FCC
3,4.0025,1.7,4.69,60.43,0.0386,17.893,0.2022,0.2062,FCC
4,6.1555,1.95,4.8725,67.435,0.0339,18.2345,0.1924,0.2005,FCC
4,7.5262,1.95,4.775,67.18,0.0322,18.056,0.1924,0.2093,FCC
3,8.989,1.9,4.9125,65.81,0.033,18.948,0.1923,0.1939,FCC
3,11.9749,1.9,4.8475,65.64,0.0345,18.812,0.1941,0.2005,FCC
2,14.3288,1.9,4.815,65.555,0.0346,18.744,0.1946,0.2035,FCC
4,31.8227,1.85,4.855,63.93,0.0346,19.107,0.1948,0.1972,FCC
2,249.5488,1.85,4.79,63.76,0.0354,18.954,0.1963,0.2035,FCC
4,118.8666,1.8,4.8625,62.22,0.0339,19.06,0.1948,0.1938,FCC
3,34.7629,1.8,4.83,62.135,0.0351,18.975,0.1961,0.1972,FCC
2,19.7875,1.8,4.7975,62.05,0.0359,18.89,0.1972,0.2004,FCC
3,13.3836,1.8,4.765,61.965,0.0361,18.805,0.198,0.2035,FCC
3,9.7318,1.8,4.7325,61.88,0.0359,18.72,0.1985,0.2064,FCC
4,11.5542,1.75,4.805,60.34,0.0357,18.484,0.1974,0.1972,FCC
3,6.82,1.75,4.74,60.17,0.0369,18.297,0.1995,0.2034,FCC
3,5.5861,1.95,4.93,65.465,0.0321,19.362,0.1906,0.1941,FCC
2,5.9909,1.95,4.8975,65.38,0.0329,19.294,0.1914,0.1975,FCC
1,6.3983,1.95,4.865,65.295,0.0332,19.226,0.1918,0.2006,FCC
4,6.8271,1.95,4.8325,65.21,0.033,19.158,0.192,0.2037,FCC
2,7.2948,1.95,4.8,65.125,0.0323,19.09,0.1918,0.2066,FCC
4,7.8197,1.95,4.7675,65.04,0.0311,19.022,0.1913,0.2093,FCC
2,9.5918,1.9,4.905,63.67,0.0325,19.563,0.1921,0.1941,FCC
2,11.0733,1.9,4.8725,63.585,0.0334,19.4865,0.193,0.1974,FCC
3,15.9138,1.9,4.8075,63.415,0.0337,19.3335,0.1939,0.2036,FCC
3,20.7821,1.9,4.775,63.33,0.0332,19.257,0.194,0.2065,FCC
3,42.4157,1.85,4.8475,61.79,0.034,19.32,0.1945,0.1974,FCC
1,169.112,1.85,4.815,61.705,0.0345,19.235,0.1953,0.2006,FCC
4,75.3648,1.85,4.7825,61.62,0.0345,19.15,0.1958,0.2036,FCC
4,28.545,1.85,4.75,61.535,0.0341,19.065,0.196,0.2065,FCC
4,57.4175,1.8,4.855,60.08,0.0334,18.888,0.1948,0.194,FCC
2,25.971,1.8,4.8225,59.995,0.0345,18.7945,0.196,0.1973,FCC
2,16.2423,1.8,4.79,59.91,0.0352,18.701,0.1969,0.2005,FCC
1,11.3663,1.8,4.7575,59.825,0.0353,18.6075,0.1975,0.2036,FCC
2,8.3158,1.8,4.725,59.74,0.035,18.514,0.1979,0.2065,FCC
3,10.07,1.75,4.7975,58.2,0.0351,17.91,0.1973,0.1973,FCC
4,7.7021,1.75,4.765,58.115,0.0358,17.808,0.1984,0.2005,FCC
3,5.7628,1.95,4.9225,63.325,0.0316,19.9425,0.1902,0.1943,FCC
2,6.1773,1.95,4.89,63.24,0.0323,19.866,0.1909,0.1976,FCC
3,6.5944,1.95,4.8575,63.155,0.0324,19.7895,0.1912,0.2008,FCC
3,10.1891,1.9,4.8975,61.53,0.032,19.75,0.1918,0.1942,FCC
2,11.8728,1.9,4.865,61.445,0.0328,19.665,0.1926,0.1975,FCC
2,14.1842,1.9,4.8325,61.36,0.0331,19.58,0.1931,0.2007,FCC
2,17.7593,1.9,4.8,61.275,0.0329,19.495,0.1932,0.2037,FCC
4,24.3917,1.9,4.7675,61.19,0.0322,19.41,0.1931,0.2066,FCC
4,63.9386,1.85,4.84,59.65,0.0334,19.105,0.1942,0.1975,FCC
3,347.9584,1.85,4.8075,59.565,0.0338,19.0115,0.1948,0.2007,FCC
3,42.5112,1.85,4.775,59.48,0.0337,18.918,0.1952,0.2037,FCC
4,20.8225,1.85,4.7425,59.395,0.0331,18.8245,0.1952,0.2066,FCC
4,37.0035,1.8,4.8475,57.94,0.0329,18.288,0.1947,0.1941,FCC
4,20.2692,1.8,4.815,57.855,0.0339,18.186,0.1957,0.1974,FCC
4,13.4214,1.8,4.7825,57.77,0.0344,18.084,0.1965,0.2006,FCC
4,8.7168,1.75,4.79,56.06,0.0345,16.908,0.1972,0.1974,FCC
4,3.0892,1.95,4.72,72.01,0.0406,14.476,0.1684,0.1301,FCC
3,3.6015,1.95,4.7625,73.675,0.0382,13.0975,0.1526,0.1186,FCC
4,3.8916,1.95,4.73,73.59,0.0366,13.055,0.1514,0.1174,FCC
3,5.1153,1.9,4.77,71.965,0.0403,14.709,0.156,0.1195,FCC
4,7.4019,1.85,4.7775,70.255,0.0417,15.9785,0.1585,0.1201,FCC
4,12.571,1.85,4.7125,70.085,0.0404,15.8595,0.1582,0.1188,FCC
4,37.619,1.85,4.755,71.75,0.0363,14.84,0.1384,0.1042,FCC
4,41.2938,1.8,4.7625,70.04,0.0371,16.088,0.1401,0.1043,FCC
4,3.6782,1.95,4.7875,71.62,0.0382,15.192,0.1521,0.1191,FCC
3,3.971,1.95,4.755,71.535,0.037,15.141,0.1511,0.1183,FCC
3,5.0493,1.9,4.795,69.91,0.0398,16.427,0.1552,0.1197,FCC
4,16.9023,1.85,4.8125,69.78,0.0349,16.596,0.1364,0.1037,FCC
4,25.7413,1.85,4.8225,71.36,0.0296,15.556,0.1114,0.084,FCC
4,113.5654,1.85,4.715,69.525,0.0347,16.4175,0.1373,0.1034,FCC
4,13.1263,1.85,4.7575,71.19,0.0303,15.454,0.1136,0.0852,FCC
4,9.784,1.75,4.73,66.105,0.0371,17.7845,0.1417,0.1042,FCC
4,5.0603,1.7,4.78,66.06,0.0314,18.004,0.1156,0.083,FCC
4,4.352,1.7,4.7475,65.975,0.0326,17.9275,0.118,0.0843,FCC
4,3.7497,1.7,4.715,65.89,0.0333,17.851,0.1199,0.0852,FCC
4,3.9461,1.65,4.755,64.265,0.0323,18.085,0.1173,0.0831,FCC
3,4.2749,1.95,4.7475,69.395,0.0358,16.7565,0.1494,0.118,FCC
4,5.6927,1.95,4.79,71.06,0.0322,15.806,0.1304,0.1034,FCC
4,10.3558,1.95,4.8325,72.725,0.0272,14.5225,0.1059,0.0844,FCC
4,4.6212,1.95,4.715,69.31,0.0339,16.697,0.1477,0.1168,FCC
3,6.1914,1.95,4.7575,70.975,0.0313,15.755,0.1295,0.1029,FCC
3,8.291,1.9,4.83,69.435,0.0333,17.0445,0.1334,0.1034,FCC
4,6.2841,1.9,4.755,67.685,0.0381,17.598,0.1536,0.119,FCC
3,9.726,1.9,4.7975,69.35,0.0335,16.985,0.1337,0.1037,FCC
4,7.2741,1.9,4.7225,67.6,0.0369,17.53,0.1526,0.1181,FCC
4,84.4851,1.9,4.8075,70.93,0.028,15.988,0.1091,0.0845,FCC
3,376.8054,1.9,4.775,70.845,0.0282,15.937,0.1095,0.0848,FCC
3,37.4886,1.85,4.7725,67.555,0.0344,17.754,0.1363,0.1038,FCC
3,21.9589,1.85,4.815,69.22,0.0287,17.154,0.1109,0.0838,FCC
3,15.7894,1.85,4.7825,69.135,0.0289,17.0945,0.112,0.0846,FCC
4,51.4751,1.85,4.7075,67.385,0.0335,17.618,0.1361,0.1032,FCC
4,11.9903,1.85,4.75,69.05,0.0292,17.035,0.1126,0.085,FCC
3,11.0965,1.8,4.8225,67.51,0.0292,17.978,0.1116,0.0826,FCC
3,9.0195,1.8,4.79,67.425,0.0298,17.91,0.1134,0.0839,FCC
3,7.4492,1.8,4.7575,67.34,0.0299,17.842,0.1147,0.0847,FCC
4,6.206,1.8,4.725,67.255,0.0302,17.774,0.1156,0.0851,FCC
3,6.7719,1.75,4.7975,65.715,0.0302,18.3835,0.1137,0.0827,FCC
4,4.8939,1.75,4.7325,65.545,0.0312,18.2305,0.1173,0.0848,FCC
4,4.1668,1.75,4.7,65.46,0.0312,18.154,0.1183,0.0852,FCC
4,13.0221,1.7,4.795,62.425,0.0353,18.1875,0.1389,0.1021,FCC
2,5.7155,1.7,4.805,64.005,0.0298,18.515,0.1131,0.0811,FCC
4,4.8956,1.7,4.7725,63.92,0.0312,18.43,0.1157,0.0828,FCC
4,5.4924,1.7,4.6975,62.17,0.037,17.907,0.1433,0.1041,FCC
4,4.2073,1.7,4.74,63.835,0.032,18.345,0.1179,0.0841,FCC
3,4.435,1.65,4.78,62.21,0.0307,18.211,0.1147,0.0812,FCC
3,3.8174,1.65,4.7475,62.125,0.0322,18.1175,0.1175,0.0829,FCC
4,3.6042,1.6,4.755,60.415,0.0316,17.548,0.1162,0.0812,FCC
3,5.2033,1.95,4.8475,69.09,0.0317,17.493,0.1297,0.1031,FCC
3,5.6286,1.95,4.815,69.005,0.0316,17.4335,0.1296,0.1033,FCC
4,10.3567,1.95,4.8575,70.67,0.0258,16.522,0.1044,0.0834,FCC
4,4.5303,1.95,4.74,67.255,0.0346,17.944,0.1476,0.1177,FCC
3,6.1028,1.95,4.7825,68.92,0.0311,17.374,0.1289,0.1032,FCC
4,6.6526,1.95,4.75,68.835,0.0301,17.3145,0.1278,0.1026,FCC
4,5.249,1.9,4.8125,65.715,0.0383,18.5535,0.1533,0.1195,FCC
4,7.8645,1.9,4.855,67.38,0.0319,18.304,0.132,0.1026,FCC
2,33.8277,1.9,4.865,68.96,0.0263,17.662,0.1063,0.0823,FCC
4,57.6214,1.9,4.8325,68.875,0.0266,17.6025,0.1074,0.0835,FCC
4,246.3909,1.9,4.8,68.79,0.0271,17.543,0.108,0.0842,FCC
2,12.6495,1.85,4.8625,65.67,0.0318,18.773,0.1333,0.1018,FCC
2,46.5905,1.85,4.8725,67.25,0.0268,18.46,0.1071,0.0807,FCC
2,26.4812,1.85,4.7975,65.5,0.0332,18.62,0.1351,0.1033,FCC
2,27.4768,1.85,4.84,67.165,0.0274,18.392,0.1089,0.0823,FCC
3,60.001,1.85,4.765,65.415,0.0334,18.5435,0.1354,0.1035,FCC
3,173.794,1.85,4.7325,65.33,0.0331,18.467,0.1352,0.1034,FCC
3,22.8537,1.8,4.87,63.96,0.032,18.9,0.1336,0.1005,FCC
3,50.8979,1.8,4.8375,63.875,0.0328,18.815,0.1353,0.1018,FCC
2,16.488,1.8,4.88,65.54,0.0265,18.916,0.1068,0.0786,FCC
4,244.9078,1.8,4.805,63.79,0.0332,18.73,0.1366,0.1028,FCC
4,12.8051,1.8,4.8475,65.455,0.0278,18.8395,0.1093,0.0808,FCC
4,35.0998,1.8,4.7725,63.705,0.034,18.645,0.1375,0.1034,FCC
2,10.2826,1.8,4.815,65.37,0.0285,18.763,0.1113,0.0824,FCC
3,18.3454,1.8,4.74,63.62,0.0343,18.56,0.138,0.1037,FCC
3,12.0134,1.8,4.7075,63.535,0.0341,18.475,0.1381,0.1035,FCC
4,6.9815,1.8,4.75,65.2,0.0289,18.61,0.114,0.0845,FCC
2,5.8119,1.8,4.7175,65.115,0.0291,18.5335,0.1146,0.0848,FCC
4,11.1118,1.75,4.8875,63.83,0.0256,19.03,0.1055,0.0761,FCC
4,9.1089,1.75,4.855,63.745,0.0274,18.945,0.1087,0.0787,FCC
2,15.8577,1.75,4.78,61.995,0.0342,18.4045,0.1386,0.1029,FCC
3,7.6021,1.75,4.8225,63.66,0.0288,18.86,0.1114,0.0808,FCC
2,10.8117,1.75,4.7475,61.91,0.0348,18.311,0.1397,0.1035,FCC
4,6.4159,1.75,4.79,63.575,0.0296,18.775,0.1136,0.0825,FCC
3,8.0026,1.75,4.715,61.825,0.0352,18.2175,0.1404,0.1038,FCC
4,5.4468,1.75,4.7575,63.49,0.03,18.69,0.1153,0.0838,FCC
4,4.6282,1.75,4.725,63.405,0.0299,18.605,0.1167,0.0846,FCC
4,6.3789,1.7,4.83,61.95,0.0283,18.615,0.1104,0.0788,FCC
3,8.2666,1.7,4.755,60.2,0.0353,17.72,0.1406,0.103,FCC
2,5.4404,1.7,4.7975,61.865,0.0298,18.5215,0.1132,0.0809,FCC
2,6.369,1.7,4.7225,60.115,0.0355,17.618,0.1418,0.1036,FCC
4,4.6611,1.7,4.765,61.78,0.0308,18.428,0.1156,0.0826,FCC
4,5.0405,1.7,4.69,60.03,0.0361,17.516,0.1427,0.1039,FCC
2,3.9941,1.7,4.7325,61.695,0.0312,18.3345,0.1176,0.0839,FCC
4,4.2235,1.65,4.7725,60.07,0.0308,17.824,0.115,0.081,FCC
4,3.0976,1.65,4.7075,59.9,0.0325,17.62,0.1197,0.084,FCC
4,2.6078,1.65,4.675,59.815,0.0326,17.518,0.1214,0.0848,FCC
1,5.0843,1.95,4.8725,67.035,0.0305,18.718,0.1286,0.1024,FCC
2,5.5039,1.95,4.84,66.95,0.0308,18.65,0.1286,0.1029,FCC
4,10.2581,1.95,4.8825,68.615,0.0242,18.1105,0.1026,0.082,FCC
4,3.6718,1.95,4.7225,63.535,0.0379,18.645,0.1627,0.1305,FCC
4,4.398,1.95,4.765,65.2,0.035,18.78,0.1474,0.1184,FCC
4,5.9578,1.95,4.8075,66.865,0.0307,18.582,0.1282,0.1031,FCC
4,4.7395,1.95,4.7325,65.115,0.0334,18.7035,0.1456,0.1174,FCC
3,12.5414,1.95,4.8175,68.445,0.0253,17.9915,0.1033,0.0839,FCC
3,8.5262,1.9,4.8475,65.24,0.0312,19.076,0.1312,0.1024,FCC
3,29.4248,1.9,4.89,66.905,0.025,18.874,0.1042,0.0804,FCC
4,6.3511,1.9,4.7725,63.49,0.037,18.86,0.1517,0.119,FCC
3,9.9912,1.9,4.815,65.155,0.0316,18.9995,0.1315,0.103,FCC
4,44.5485,1.9,4.8575,66.82,0.0252,18.806,0.1056,0.0821,FCC
4,99.5087,1.9,4.825,66.735,0.0257,18.738,0.1065,0.0832,FCC
4,15.2744,1.9,4.75,64.985,0.031,18.8465,0.1307,0.103,FCC
2,275.6201,1.9,4.7925,66.65,0.0261,18.67,0.1069,0.084,FCC
4,7.6769,1.85,4.8125,61.865,0.0381,18.6915,0.1548,0.1192,FCC
3,69.5241,1.85,4.8975,65.195,0.0254,19.2955,0.1047,0.0784,FCC
4,9.5382,1.85,4.78,61.78,0.0383,18.598,0.1549,0.1193,FCC
3,20.5036,1.85,4.8225,63.445,0.0318,19.075,0.1337,0.1025,FCC
2,35.134,1.85,4.865,65.11,0.0261,19.219,0.1068,0.0805,FCC
2,35.3716,1.85,4.79,63.36,0.0324,18.99,0.1342,0.1031,FCC
4,145.3765,1.85,4.7575,63.275,0.0325,18.905,0.1343,0.1033,FCC
3,16.466,1.85,4.8,64.94,0.0265,19.066,0.1095,0.0833,FCC
3,12.4921,1.85,4.7675,64.855,0.027,18.9895,0.1101,0.0841,FCC
4,29.8885,1.8,4.8625,61.82,0.0313,18.902,0.1335,0.1004,FCC
4,19.4035,1.8,4.905,63.485,0.025,19.375,0.1041,0.0759,FCC
3,14.723,1.8,4.8725,63.4,0.0264,19.29,0.1068,0.0785,FCC
2,70.7509,1.8,4.7975,61.65,0.0325,18.715,0.136,0.1026,FCC
3,25.6142,1.8,4.765,61.565,0.0332,18.6215,0.1367,0.1032,FCC
4,9.4585,1.8,4.8075,63.23,0.0276,19.12,0.1109,0.0823,FCC
4,15.12,1.8,4.7325,61.48,0.0333,18.528,0.137,0.1034,FCC
3,7.7886,1.8,4.775,63.145,0.0275,19.035,0.1123,0.0835,FCC
4,10.318,1.8,4.7,61.395,0.033,18.4345,0.1369,0.1033,FCC
3,6.4568,1.8,4.7425,63.06,0.0279,18.95,0.1131,0.0842,FCC
4,21.6197,1.75,4.805,59.94,0.0329,18.098,0.1369,0.1018,FCC
2,8.4639,1.75,4.8475,61.605,0.0274,18.9255,0.1088,0.0786,FCC
3,7.1046,1.75,4.815,61.52,0.0284,18.832,0.1113,0.0807,FCC
4,9.4965,1.75,4.74,59.77,0.0339,17.894,0.1391,0.1033,FCC
4,5.0913,1.75,4.75,61.35,0.0289,18.645,0.1149,0.0836,FCC
3,5.9891,1.7,4.8225,59.81,0.0284,18.202,0.1107,0.0787,FCC
3,5.7489,1.7,4.715,57.975,0.0347,16.8075,0.1413,0.1034,FCC
4,4.3736,1.7,4.7575,59.64,0.0301,17.998,0.1155,0.0824,FCC
3,3.7227,1.7,4.725,59.555,0.0302,17.896,0.1173,0.0837,FCC
4,3.1242,1.7,4.6925,59.47,0.0298,17.794,0.1186,0.0845,FCC
4,3.3028,1.95,4.8875,63.4,0.0358,19.46,0.149,0.1184,FCC
4,4.9037,1.95,4.8975,64.98,0.0291,19.532,0.1273,0.1013,FCC
2,3.9228,1.95,4.8225,63.23,0.0359,19.29,0.1482,0.1189,FCC
3,5.326,1.95,4.865,64.895,0.0298,19.4555,0.1275,0.1022,FCC
3,10.0699,1.95,4.9075,66.56,0.0228,19.288,0.1008,0.0802,FCC
2,5.7665,1.95,4.8325,64.81,0.03,19.379,0.1273,0.1027,FCC
4,11.0152,1.95,4.875,66.475,0.0235,19.22,0.1016,0.0818,FCC
3,4.5548,1.95,4.7575,63.06,0.0339,19.12,0.1456,0.1181,FCC
2,6.2459,1.95,4.8,64.725,0.0297,19.3025,0.1266,0.1028,FCC
4,12.1756,1.95,4.8425,66.39,0.0241,19.152,0.102,0.0829,FCC
3,13.6964,1.95,4.81,66.305,0.0243,19.084,0.1018,0.0836,FCC
4,5.2593,1.95,4.6925,62.89,0.03,18.95,0.1409,0.1158,FCC
2,4.5868,1.9,4.8625,61.605,0.0364,19.0955,0.1514,0.1185,FCC
4,7.9062,1.9,4.8725,63.185,0.0296,19.505,0.1299,0.1014,FCC
3,25.9807,1.9,4.915,64.85,0.0238,19.675,0.102,0.0782,FCC
4,5.8936,1.9,4.7975,61.435,0.0366,18.9085,0.1511,0.119,FCC
4,9.1907,1.9,4.84,63.1,0.0304,19.42,0.1303,0.1023,FCC
3,36.5903,1.9,4.8825,64.765,0.024,19.5985,0.1037,0.0803,FCC
4,10.8913,1.9,4.8075,63.015,0.0308,19.335,0.1304,0.1028,FCC
3,64.2042,1.9,4.85,64.68,0.0241,19.522,0.1048,0.0819,FCC
4,7.7963,1.9,4.7325,61.265,0.0349,18.7215,0.149,0.1182,FCC
2,360.3912,1.9,4.8175,64.595,0.0249,19.4455,0.1054,0.083,FCC
3,86.5279,1.9,4.785,64.51,0.0252,19.369,0.1055,0.0837,FCC
4,9.5354,1.85,4.9125,61.56,0.0289,19.306,0.1297,0.0986,FCC
3,12.3014,1.85,4.88,61.475,0.0294,19.2125,0.1312,0.1002,FCC
4,8.3254,1.85,4.805,59.725,0.0374,18.27,0.1539,0.119,FCC
3,16.6132,1.85,4.8475,61.39,0.0302,19.119,0.1323,0.1015,FCC
3,46.7889,1.85,4.89,63.055,0.0249,19.635,0.1045,0.0783,FCC
4,10.528,1.85,4.7725,59.64,0.0374,18.168,0.1538,0.1191,FCC
1,25.1412,1.85,4.815,61.305,0.0311,19.0255,0.133,0.1024,FCC
4,27.9169,1.85,4.8575,62.97,0.0253,19.55,0.1064,0.0804,FCC
2,52.6977,1.85,4.7825,61.22,0.0315,18.932,0.1332,0.1029,FCC
2,19.3305,1.85,4.825,62.885,0.0252,19.465,0.1077,0.082,FCC
2,319.9203,1.85,4.75,61.135,0.0315,18.8385,0.1331,0.1031,FCC
4,14.3465,1.85,4.7925,62.8,0.0257,19.38,0.1086,0.0831,FCC
3,36.1654,1.85,4.7175,61.05,0.031,18.745,0.1325,0.1029,FCC
3,8.641,1.85,4.7275,62.63,0.026,19.21,0.1088,0.0841,FCC
4,20.6082,1.8,4.8875,59.765,0.0299,18.578,0.1315,0.0986,FCC
3,4107.0319,1.8,4.8225,59.595,0.0307,18.374,0.1345,0.1015,FCC
3,13.1571,1.8,4.865,61.26,0.026,19.236,0.1068,0.0784,FCC
4,39.9756,1.8,4.7475,57.845,0.0382,17.0685,0.1564,0.1192,FCC
3,10.5642,1.8,4.8325,61.175,0.0265,19.1425,0.1088,0.0804,FCC
2,19.8054,1.8,4.7575,59.425,0.0323,18.17,0.1359,0.103,FCC
4,8.6357,1.8,4.8,61.09,0.0265,19.049,0.1104,0.0821,FCC
3,12.5733,1.8,4.725,59.34,0.0324,18.068,0.136,0.1032,FCC
3,7.1233,1.8,4.7675,61.005,0.0265,18.9555,0.1115,0.0832,FCC
4,9.3466,1.75,4.8725,59.55,0.026,18.58,0.1062,0.0759,FCC
4,17.2687,1.75,4.7975,57.8,0.0318,17.27,0.1366,0.1016,FCC
3,6.5774,1.75,4.8075,59.38,0.0277,18.376,0.1111,0.0805,FCC
2,8.2913,1.75,4.7325,57.63,0.0331,17.049,0.1384,0.1031,FCC
3,5.5578,1.75,4.775,59.295,0.0278,18.274,0.1129,0.0822,FCC
2,4.6828,1.75,4.7425,59.21,0.0275,18.172,0.1143,0.0833,FCC
4,8.6716,1.7,4.7725,56.005,0.033,15.807,0.1386,0.1017,FCC
4,8.5283,1.7,4.6975,54.255,0.0397,13.7925,0.161,0.1194,FCC
2,6.566,1.7,4.74,55.92,0.0331,15.688,0.1398,0.1026,FCC
4,5.0883,1.7,4.7075,55.835,0.0339,15.569,0.1407,0.1032,FCC
4,4.037,1.7,4.75,57.5,0.0292,17.14,0.1153,0.0822,FCC
4,3.4104,1.95,4.88,61.26,0.0352,19.406,0.148,0.1183,FCC
3,4.6544,1.95,4.9225,62.925,0.0274,19.935,0.1259,0.0999,FCC
4,3.7281,1.95,4.8475,61.175,0.0354,19.3125,0.1475,0.1187,FCC
3,5.0944,1.95,4.89,62.84,0.0285,19.85,0.1263,0.1011,FCC
4,9.7858,1.95,4.9325,64.505,0.0217,20.0545,0.0988,0.078,FCC
2,5.5316,1.95,4.8575,62.755,0.0291,19.765,0.1264,0.102,FCC
4,10.698,1.95,4.9,64.42,0.0217,19.978,0.0999,0.08,FCC
2,11.7672,1.95,4.8675,64.335,0.0227,19.9015,0.1005,0.0816,FCC
3,6.4876,1.95,4.7925,62.585,0.0288,19.595,0.125,0.1026,FCC
2,13.1118,1.95,4.835,64.25,0.0233,19.825,0.1006,0.0827,FCC
4,7.0496,1.95,4.76,62.5,0.0279,19.51,0.1235,0.1024,FCC
4,17.6063,1.95,4.77,64.08,0.0229,19.672,0.0989,0.0836,FCC
2,4.1714,1.9,4.8875,59.55,0.035,18.75,0.1503,0.1176,FCC
3,4.7842,1.9,4.855,59.465,0.0358,18.648,0.1505,0.1184,FCC
2,7.2532,1.9,4.8975,61.13,0.0278,19.523,0.1284,0.1,FCC
4,5.4313,1.9,4.8225,59.38,0.036,18.546,0.1503,0.1188,FCC
4,8.4161,1.9,4.865,61.045,0.029,19.4295,0.1291,0.1012,FCC
2,31.0314,1.9,4.9075,62.71,0.0229,19.98,0.1016,0.0781,FCC
3,6.1699,1.9,4.79,59.295,0.0358,18.444,0.1497,0.1188,FCC
2,9.8656,1.9,4.8325,60.96,0.0297,19.336,0.1293,0.1021,FCC
4,47.9659,1.9,4.875,62.625,0.0228,19.895,0.103,0.0801,FCC
3,7.0679,1.9,4.7575,59.21,0.0351,18.342,0.1487,0.1186,FCC
3,11.849,1.9,4.8,60.875,0.0299,19.2425,0.1291,0.1026,FCC
3,115.0496,1.9,4.8425,62.54,0.0234,19.81,0.1038,0.0817,FCC
3,8.232,1.9,4.725,59.125,0.0339,18.24,0.1472,0.118,FCC
2,14.8935,1.9,4.7675,60.79,0.0297,19.149,0.1285,0.1027,FCC
1,210.5349,1.9,4.81,62.455,0.0241,19.725,0.1042,0.0828,FCC
2,49.7839,1.9,4.7775,62.37,0.0242,19.64,0.104,0.0835,FCC
4,34.9397,1.9,4.7025,60.62,0.0276,18.962,0.1256,0.1018,FCC
4,26.1462,1.9,4.745,62.285,0.0239,19.555,0.1032,0.0837,FCC
4,641.8452,1.85,4.9475,61.085,0.0226,19.7335,0.0994,0.0727,FCC
2,13.7548,1.85,4.8725,59.335,0.0283,18.752,0.1307,0.1001,FCC
4,8.9998,1.85,4.7975,57.585,0.0367,17.4205,0.153,0.1188,FCC
2,19.3561,1.85,4.84,59.25,0.0296,18.65,0.1316,0.1013,FCC
4,34.8316,1.85,4.8825,60.915,0.0241,19.5465,0.1042,0.0782,FCC
4,11.629,1.85,4.765,57.5,0.0366,17.31,0.1526,0.1189,FCC
4,32.2838,1.85,4.8075,59.165,0.0304,18.548,0.1321,0.1022,FCC
1,22.8438,1.85,4.85,60.83,0.0242,19.453,0.1058,0.0802,FCC
2,105.0806,1.85,4.775,59.08,0.0307,18.446,0.1321,0.1027,FCC
1,16.4868,1.85,4.8175,60.745,0.0241,19.3595,0.1069,0.0818,FCC
3,72.2395,1.85,4.7425,58.995,0.0305,18.344,0.1317,0.1028,FCC
1,12.4796,1.85,4.785,60.66,0.0248,19.266,0.1075,0.0829,FCC
4,24.4987,1.85,4.71,58.91,0.0299,18.242,0.1309,0.1026,FCC
3,72.3887,1.8,4.8475,57.54,0.0294,17.622,0.1329,0.1001,FCC
4,14.7948,1.8,4.89,59.205,0.0247,18.856,0.1043,0.0757,FCC
4,23.1068,1.8,4.7725,55.79,0.0374,15.936,0.1554,0.1189,FCC
2,95.6319,1.8,4.815,57.455,0.0301,17.5115,0.134,0.1014,FCC
3,11.7449,1.8,4.8575,59.12,0.0253,18.754,0.1066,0.0782,FCC
4,74.8132,1.8,4.74,55.705,0.0374,15.817,0.1553,0.119,FCC
4,27.9831,1.8,4.7825,57.37,0.0311,17.401,0.1347,0.1023,FCC
1,9.525,1.8,4.825,59.035,0.0255,18.652,0.1084,0.0803,FCC
2,52.7849,1.8,4.7075,55.62,0.0369,15.698,0.1548,0.1188,FCC
2,15.7444,1.8,4.75,57.285,0.0315,17.2905,0.1349,0.1028,FCC
4,7.8129,1.8,4.7925,58.95,0.0251,18.55,0.1098,0.0819,FCC
3,10.406,1.8,4.7175,57.2,0.0314,17.18,0.1348,0.1029,FCC
2,6.4247,1.8,4.76,58.865,0.0256,18.448,0.1106,0.083,FCC
2,5.2344,1.8,4.7275,58.78,0.026,18.346,0.111,0.0837,FCC
3,23.8434,1.75,4.8225,55.745,0.0306,16.133,0.1349,0.1002,FCC
4,7.1485,1.75,4.8325,57.325,0.0266,17.6025,0.1088,0.0783,FCC
3,16.4349,1.75,4.715,53.91,0.0381,13.965,0.1578,0.1191,FCC
4,9.7393,1.75,4.7575,55.575,0.0317,15.895,0.1371,0.1023,FCC
4,6.0244,1.75,4.8,57.24,0.0268,17.492,0.1109,0.0804,FCC
3,7.1328,1.75,4.725,55.49,0.0323,15.776,0.1376,0.1029,FCC
4,5.0654,1.75,4.7675,57.155,0.0266,17.3815,0.1124,0.082,FCC
4,4.2077,1.75,4.735,57.07,0.0264,17.271,0.1135,0.0831,FCC
4,10.7482,1.7,4.7225,52.2,0.0387,11.89,0.16,0.1191,FCC
3,4.3108,1.95,4.9475,60.87,0.0254,19.927,0.1244,0.0982,FCC
3,3.4904,1.95,4.8725,59.12,0.0346,18.924,0.1468,0.1181,FCC
3,4.7995,1.95,4.915,60.785,0.0269,19.8335,0.125,0.0998,FCC
4,9.3791,1.95,4.9575,62.45,0.0205,20.41,0.0966,0.0754,FCC
3,3.8077,1.95,4.84,59.035,0.0347,18.822,0.1462,0.1185,FCC
3,5.2497,1.95,4.8825,60.7,0.0279,19.74,0.1253,0.101,FCC
3,10.2975,1.95,4.925,62.365,0.0205,20.325,0.098,0.0779,FCC
3,5.6973,1.95,4.85,60.615,0.0283,19.6465,0.1251,0.1018,FCC
2,11.3084,1.95,4.8925,62.28,0.0211,20.24,0.0989,0.0799,FCC
3,4.4105,1.95,4.775,58.865,0.0332,18.618,0.1435,0.1182,FCC
3,6.1646,1.95,4.8175,60.53,0.0283,19.553,0.1243,0.1023,FCC
2,12.5187,1.95,4.86,62.195,0.022,20.155,0.0992,0.0814,FCC
3,14.0795,1.95,4.8275,62.11,0.0225,20.07,0.0989,0.0825,FCC
4,16.2595,1.95,4.795,62.025,0.0224,19.985,0.0981,0.0831,FCC
3,6.5266,1.9,4.9225,59.075,0.0258,19.13,0.1268,0.0983,FCC
3,20.2685,1.9,4.965,60.74,0.0212,20.044,0.0971,0.0725,FCC
4,7.6366,1.9,4.89,58.99,0.0273,19.028,0.1277,0.0999,FCC
4,26.7023,1.9,4.9325,60.655,0.0217,19.9505,0.0993,0.0755,FCC
2,5.6274,1.9,4.815,57.24,0.0353,17.662,0.1491,0.1186,FCC
1,8.9163,1.9,4.8575,58.905,0.0284,18.926,0.1281,0.1011,FCC
3,38.3279,1.9,4.9,60.57,0.0218,19.857,0.101,0.078,FCC
4,6.4033,1.9,4.7825,57.155,0.035,17.5515,0.1483,0.1186,FCC
1,10.5538,1.9,4.825,58.82,0.029,18.824,0.1282,0.1019,FCC
2,69.7953,1.9,4.8675,60.485,0.0216,19.7635,0.1021,0.08,FCC
4,7.3491,1.9,4.75,57.07,0.0341,17.441,0.147,0.1183,FCC
2,643.5146,1.9,4.835,60.4,0.0227,19.67,0.1027,0.0815,FCC
3,16.6596,1.9,4.76,58.65,0.0287,18.62,0.1268,0.1025,FCC
3,77.8525,1.9,4.8025,60.315,0.0232,19.5765,0.1028,0.0826,FCC
4,6.2709,1.85,4.855,55.615,0.035,16.381,0.1518,0.1176,FCC
4,11.4173,1.85,4.8975,57.28,0.027,17.974,0.129,0.0984,FCC
4,115.7298,1.85,4.94,58.945,0.0223,19.234,0.0995,0.0726,FCC
2,15.4775,1.85,4.865,57.195,0.0278,17.8635,0.1301,0.0999,FCC
3,9.7029,1.85,4.79,55.445,0.036,16.143,0.1519,0.1187,FCC
1,23.0648,1.85,4.8325,57.11,0.029,17.753,0.1308,0.1011,FCC
4,27.2982,1.85,4.875,58.775,0.0231,19.03,0.1037,0.078,FCC
2,45.304,1.85,4.8,57.025,0.0297,17.6425,0.1311,0.102,FCC
1,19.0001,1.85,4.8425,58.69,0.0228,18.928,0.1051,0.08,FCC
2,1898.7238,1.85,4.7675,56.94,0.0299,17.532,0.1309,0.1025,FCC
1,14.0923,1.85,4.81,58.605,0.0234,18.826,0.106,0.0816,FCC
4,10.777,1.85,4.7775,58.52,0.024,18.724,0.1063,0.0827,FCC
3,8.303,1.85,4.745,58.435,0.0242,18.622,0.1062,0.0833,FCC
3,15.9162,1.8,4.7975,53.735,0.0363,14.3925,0.1545,0.1184,FCC
4,264.0438,1.8,4.84,55.4,0.0282,16.34,0.1324,0.1,FCC
2,46.7778,1.8,4.8075,55.315,0.0295,16.221,0.1333,0.1012,FCC
3,1240.707,1.8,4.7325,53.565,0.0365,14.1375,0.1541,0.1188,FCC
2,20.6797,1.8,4.775,55.23,0.0303,16.102,0.1338,0.1021,FCC
2,8.5216,1.8,4.8175,56.895,0.0242,17.7335,0.1079,0.0801,FCC
3,12.5927,1.8,4.7425,55.145,0.0307,15.983,0.1339,0.1026,FCC
1,6.9779,1.8,4.785,56.81,0.024,17.623,0.109,0.0817,FCC
3,5.6682,1.8,4.7525,56.725,0.0248,17.5125,0.1096,0.0828,FCC
4,486.0247,1.75,4.7725,51.94,0.0369,12.164,0.1567,0.1184,FCC
3,18.208,1.75,4.815,53.605,0.0294,14.4575,0.1345,0.1001,FCC
4,7.6974,1.75,4.8575,55.27,0.0254,16.418,0.1064,0.0757,FCC
4,5.44,1.75,4.7925,55.1,0.0257,16.18,0.1105,0.0802,FCC
3,4.5124,1.75,4.76,55.015,0.0251,16.061,0.1118,0.0818,FCC
4,4.6332,1.7,4.8,53.39,0.0271,14.395,0.1108,0.0783,FCC
1,6.3929,1.95,4.5875,77.02,0.0314,6.634,0.1086,0.0784,FCC
1,6.3447,1.95,4.64,77.28,0.0318,6.686,0.1069,0.0779,FCC
1,9.888,1.9,4.595,75.31,0.0343,9.093,0.1149,0.0803,FCC
1,29.7546,1.9,4.5825,75.4,0.0316,9.12,0.1095,0.0765,FCC
1,27.4368,1.9,4.635,75.66,0.0318,9.198,0.107,0.0757,FCC
1,521.5041,1.9,4.55,75.315,0.0296,9.0945,0.1074,0.0744,FCC
1,5.8991,1.95,4.6125,74.965,0.0318,9.6795,0.1084,0.0797,FCC
1,9.2383,1.95,4.6,75.055,0.0288,9.7065,0.1023,0.0759,FCC
2,9.2523,1.95,4.6525,75.315,0.0293,9.7845,0.1007,0.0751,FCC
1,12.0373,1.95,4.62,75.23,0.0277,9.759,0.0986,0.0736,FCC
1,12.16,1.9,4.5875,73.17,0.033,11.728,0.1128,0.0799,FCC
1,11.897,1.9,4.64,73.43,0.0328,11.832,0.1103,0.0786,FCC
1,32.7325,1.9,4.5025,72.825,0.03,11.59,0.1111,0.0777,FCC
1,43.8866,1.9,4.6275,73.52,0.0305,11.868,0.1051,0.0753,FCC
1,94.4604,1.85,4.615,71.635,0.034,13.5475,0.114,0.0788,FCC
1,45.3976,1.85,4.635,71.81,0.0326,13.635,0.1099,0.0763,FCC
1,4.674,1.95,4.7225,73.255,0.0317,12.452,0.1063,0.0787,FCC
1,5.5469,1.95,4.69,73.17,0.0314,12.418,0.1055,0.0786,FCC
1,8.4169,1.95,4.5725,72.74,0.0285,12.246,0.1029,0.0775,FCC
1,8.4596,1.95,4.6775,73.26,0.0292,12.454,0.1,0.0756,FCC
1,7.0957,1.9,4.5925,70.94,0.0344,13.89,0.116,0.0829,FCC
1,96.814,1.9,4.62,71.38,0.0292,14.11,0.1029,0.0749,FCC
4,32.1224,1.9,4.535,71.035,0.0265,13.9375,0.1016,0.0734,FCC
1,18.2307,1.85,4.5225,69.15,0.0312,15.18,0.1128,0.0779,FCC
1,14.8374,1.8,4.635,67.96,0.0329,16.532,0.1121,0.0764,FCC
1,7.3011,1.95,4.5975,70.685,0.0292,14.4525,0.1031,0.0789,FCC
1,5.9905,1.9,4.67,69.145,0.0333,15.867,0.1127,0.0812,FCC
1,12.4261,1.9,4.71,69.495,0.03,16.077,0.1039,0.0757,FCC
1,18.6793,1.9,4.6775,69.41,0.0298,16.026,0.1034,0.0758,FCC
1,37.7607,1.9,4.645,69.325,0.0291,15.975,0.1023,0.0754,FCC
4,106.1894,1.9,4.56,68.98,0.0273,15.768,0.1018,0.0752,FCC
1,536.2578,1.9,4.6125,69.24,0.0279,15.924,0.1006,0.0744,FCC
3,12.9796,1.9,4.7575,70.11,0.0237,16.446,0.0829,0.0633,FCC
1,10.3332,1.85,4.645,67.35,0.0342,16.795,0.1162,0.0813,FCC
1,21.0957,1.85,4.56,67.005,0.0343,16.5535,0.118,0.0827,FCC
1,31.3401,1.8,4.6725,65.815,0.0331,17.572,0.1148,0.0783,FCC
1,16.9854,1.8,4.555,65.385,0.0341,17.228,0.1183,0.0806,FCC
1,21.9606,1.8,4.66,65.905,0.0318,17.644,0.1107,0.0759,FCC
1,12.3215,1.8,4.6275,65.82,0.0318,17.576,0.1108,0.0761,FCC
4,4.3208,1.8,4.7075,66.52,0.0257,18.136,0.0907,0.0637,FCC
1,35.338,1.75,4.595,63.76,0.036,17.574,0.1224,0.0816,FCC
1,15.1674,1.75,4.6675,64.195,0.0322,17.9655,0.1128,0.0754,FCC
1,4.1558,1.95,4.635,68.54,0.0323,16.194,0.1091,0.0829,FCC
1,6.3705,1.95,4.6225,68.63,0.0296,16.248,0.1031,0.0797,FCC
1,7.0071,1.95,4.7275,69.15,0.0281,16.56,0.0983,0.0752,FCC
2,8.0341,1.95,4.59,68.545,0.0279,16.197,0.1,0.0784,FCC
4,8.4318,1.95,4.695,69.065,0.0277,16.509,0.0971,0.0753,FCC
4,10.3084,1.95,4.61,68.72,0.0266,16.302,0.0965,0.0762,FCC
4,13.9369,1.95,4.63,68.895,0.0254,16.407,0.0926,0.0738,FCC
4,25.651,1.95,4.545,68.55,0.022,16.2,0.0881,0.0721,FCC
1,6.4727,1.9,4.61,66.745,0.0333,17.0615,0.1135,0.0831,FCC
4,10.3318,1.9,4.735,67.44,0.0289,17.548,0.1026,0.0748,FCC
1,13.4414,1.9,4.5975,66.835,0.0307,17.1245,0.1079,0.0799,FCC
1,13.3315,1.9,4.65,67.095,0.0302,17.3065,0.1058,0.0781,FCC
1,14.4647,1.9,4.7025,67.355,0.029,17.4885,0.1023,0.0754,FCC
1,67.1348,1.9,4.6375,67.185,0.0279,17.3695,0.1001,0.075,FCC
4,14.17,1.9,4.6975,67.71,0.0237,17.737,0.0861,0.0665,FCC
4,25.5314,1.85,4.605,65.125,0.0328,17.71,0.1138,0.0808,FCC
1,29.5936,1.85,4.71,65.645,0.0296,18.126,0.106,0.0749,FCC
4,482.0862,1.85,4.5725,65.04,0.0318,17.642,0.1123,0.0801,FCC
4,35.9385,1.85,4.645,65.475,0.0297,17.99,0.1056,0.0756,FCC
4,6.0589,1.85,4.725,66.175,0.0236,18.55,0.0855,0.0632,FCC
1,61.8264,1.8,4.6125,63.415,0.0341,17.9535,0.1181,0.0812,FCC
1,99.8745,1.8,4.7175,63.935,0.0298,18.4215,0.1083,0.074,FCC
1,40.6621,1.8,4.685,63.85,0.0304,18.345,0.1092,0.075,FCC
1,16.8165,1.8,4.6525,63.765,0.0308,18.2685,0.1095,0.0756,FCC
4,9.1282,1.8,4.5675,63.42,0.0315,17.958,0.1126,0.0779,FCC
4,5.3608,1.8,4.765,64.55,0.025,18.975,0.0871,0.0609,FCC
4,4.6822,1.8,4.7325,64.465,0.0247,18.8985,0.0886,0.0624,FCC
1,20.8437,1.75,4.5875,61.62,0.035,17.77,0.1213,0.0813,FCC
1,9.7981,1.75,4.555,61.535,0.0348,17.685,0.121,0.0811,FCC
1,12.29,1.75,4.66,62.055,0.0312,18.205,0.1121,0.0752,FCC
1,8.1516,1.75,4.6275,61.97,0.0317,18.12,0.1127,0.0758,FCC
1,4.4012,1.95,4.6275,66.4,0.0312,17.51,0.1066,0.0826,FCC
1,5.2982,1.95,4.785,67.18,0.0268,18.056,0.0975,0.0734,FCC
1,6.312,1.95,4.7525,67.095,0.0273,17.9965,0.0972,0.0744,FCC
1,6.8548,1.95,4.615,66.49,0.0284,17.573,0.1002,0.0794,FCC
2,7.5335,1.95,4.72,67.01,0.0272,17.937,0.0963,0.0749,FCC
4,8.7961,1.95,4.5825,66.405,0.0265,17.5135,0.0967,0.078,FCC
4,8.7551,1.95,4.635,66.665,0.027,17.6955,0.0965,0.077,FCC
2,9.1749,1.95,4.6875,66.925,0.0266,17.8775,0.0948,0.075,FCC
4,46.4631,1.95,4.7475,67.45,0.0221,18.245,0.08,0.0659,FCC
2,553.445,1.95,4.8,67.71,0.0206,18.427,0.0747,0.0617,FCC
3,139.3038,1.95,4.715,67.365,0.0214,18.1855,0.0784,0.0659,FCC
3,118.4853,1.95,4.7675,67.625,0.0205,18.3675,0.0741,0.0625,FCC
1,7.1138,1.9,4.6025,64.605,0.0322,17.984,0.1112,0.0827,FCC
1,10.475,1.9,4.675,65.04,0.0297,18.332,0.105,0.0779,FCC
2,11.6264,1.9,4.7275,65.3,0.028,18.54,0.1012,0.0745,FCC
1,17.0896,1.9,4.695,65.215,0.0281,18.472,0.1006,0.0751,FCC
4,345.1069,1.9,4.5775,64.785,0.0265,18.128,0.0989,0.076,FCC
4,24.2383,1.9,4.755,65.74,0.0231,18.892,0.0854,0.0655,FCC
3,12.9407,1.9,4.775,65.915,0.0214,19.032,0.0794,0.0618,FCC
2,10.5584,1.9,4.7425,65.83,0.0215,18.964,0.0793,0.0627,FCC
1,15.6782,1.85,4.6825,63.33,0.0306,18.567,0.1094,0.0777,FCC
1,18.6173,1.85,4.735,63.59,0.0282,18.801,0.1044,0.0736,FCC
1,41.267,1.85,4.5975,62.985,0.0317,18.2565,0.1118,0.0805,FCC
1,45.5703,1.85,4.7025,63.505,0.0288,18.7245,0.1048,0.0747,FCC
1,110.1239,1.85,4.67,63.42,0.029,18.648,0.1046,0.0752,FCC
3,5.7686,1.85,4.665,63.775,0.0237,18.9675,0.0887,0.0663,FCC
4,5.568,1.85,4.7175,64.035,0.0225,19.2015,0.0839,0.0628,FCC
1,550.9943,1.8,4.6575,61.535,0.0314,18.375,0.1127,0.0778,FCC
1,20.0624,1.8,4.5725,61.19,0.0327,18.03,0.1158,0.0806,FCC
1,25.3285,1.8,4.625,61.45,0.0315,18.29,0.1126,0.0782,FCC
1,25.9372,1.8,4.6775,61.71,0.0296,18.55,0.1081,0.0748,FCC
4,5.0221,1.8,4.7575,62.41,0.0238,19.25,0.0864,0.0607,FCC
4,4.3463,1.8,4.725,62.325,0.0232,19.165,0.0875,0.0621,FCC
3,3.6875,1.8,4.6925,62.24,0.0235,19.08,0.0881,0.063,FCC
4,3.1637,1.75,4.7,60.53,0.0247,18.693,0.0911,0.0623,FCC
2,4.7767,1.95,4.6725,64.52,0.0296,18.606,0.1026,0.0801,FCC
1,5.5905,1.95,4.7775,65.04,0.0261,19.022,0.096,0.0732,FCC
1,6.6939,1.95,4.745,64.955,0.0264,18.954,0.0954,0.0741,FCC
3,82.4591,1.95,4.8575,65.74,0.0186,19.582,0.0723,0.058,FCC
3,224.494,1.95,4.825,65.655,0.0192,19.514,0.0728,0.06,FCC
2,209.2223,1.95,4.7925,65.57,0.0196,19.446,0.0726,0.0614,FCC
4,213.847,1.95,4.655,64.965,0.0203,18.962,0.0772,0.0678,FCC
2,666.4231,1.95,4.7075,65.225,0.0203,19.17,0.0753,0.0656,FCC
4,13.162,1.9,4.72,63.16,0.0272,19.104,0.0995,0.0743,FCC
4,17.2475,1.9,4.8325,63.945,0.0201,19.8105,0.0766,0.0581,FCC
2,14.0876,1.9,4.8,63.86,0.02,19.734,0.0775,0.0601,FCC
4,14.006,1.9,4.715,63.515,0.022,19.4235,0.0828,0.0657,FCC
4,11.5077,1.9,4.7675,63.775,0.0205,19.6575,0.0777,0.0615,FCC
4,10.2691,1.9,4.6825,63.43,0.0214,19.347,0.0812,0.0657,FCC
4,9.3541,1.9,4.735,63.69,0.0205,19.581,0.0771,0.0623,FCC
1,18.9544,1.85,4.6225,60.93,0.0313,18.46,0.1112,0.0804,FCC
1,19.6398,1.85,4.675,61.19,0.0298,18.72,0.1079,0.0774,FCC
1,23.7836,1.85,4.7275,61.45,0.0274,18.98,0.1033,0.0734,FCC
4,101.0202,1.85,4.695,61.365,0.028,18.895,0.1034,0.0744,FCC
4,9.3434,1.85,4.84,62.235,0.0216,19.765,0.0786,0.0556,FCC
3,8.124,1.85,4.8075,62.15,0.0215,19.68,0.0804,0.0582,FCC
4,6.3373,1.85,4.69,61.72,0.023,19.25,0.0876,0.0659,FCC
4,5.9723,1.85,4.7425,61.98,0.0214,19.51,0.0822,0.0617,FCC
1,4.9921,1.85,4.71,61.895,0.0215,19.425,0.0821,0.0625,FCC
1,70.3658,1.8,4.65,59.395,0.0306,18.1345,0.1114,0.0775,FCC
1,57.3682,1.8,4.7025,59.655,0.0281,18.4205,0.1066,0.0735,FCC
4,18.5148,1.8,4.67,59.57,0.0288,18.327,0.1069,0.0745,FCC
3,5.3351,1.8,4.7825,60.355,0.0229,19.1905,0.0839,0.0584,FCC
2,4.6287,1.8,4.75,60.27,0.0224,19.097,0.0854,0.0604,FCC
3,51.7767,1.95,4.915,63.77,0.018,20.343,0.0681,0.0518,FCC
4,73.8518,1.95,4.8825,63.685,0.0177,20.2665,0.0698,0.0551,FCC
4,30.3442,1.95,4.7975,63.34,0.0202,19.956,0.0773,0.0636,FCC
4,576.7095,1.95,4.8175,63.515,0.0184,20.1135,0.0709,0.0597,FCC
2,167.3913,1.95,4.7325,63.17,0.0199,19.803,0.0746,0.0652,FCC
2,83.7998,1.95,4.785,63.43,0.0186,20.037,0.0702,0.0611,FCC
3,88.2957,1.95,4.7,63.085,0.0191,19.7265,0.072,0.0652,FCC
3,22.5029,1.9,4.89,61.975,0.0193,20.195,0.072,0.0519,FCC
3,18.4833,1.9,4.8575,61.89,0.0192,20.11,0.074,0.0552,FCC
4,23.6337,1.9,4.7725,61.545,0.021,19.765,0.082,0.0638,FCC
4,15.165,1.9,4.825,61.805,0.0185,20.025,0.0753,0.0579,FCC
2,12.4189,1.9,4.7925,61.72,0.0192,19.94,0.0758,0.0599,FCC
3,11.6453,1.9,4.7075,61.375,0.0209,19.595,0.0804,0.0654,FCC
4,10.1105,1.9,4.76,61.635,0.0195,19.855,0.0756,0.0612,FCC
3,8.1045,1.9,4.7275,61.55,0.0194,19.77,0.0747,0.062,FCC
3,9.7975,1.85,4.865,60.18,0.0206,19.688,0.0756,0.052,FCC
3,7.4231,1.85,4.8,60.01,0.0201,19.501,0.0794,0.058,FCC
3,6.9253,1.85,4.715,59.665,0.0221,19.1215,0.0863,0.065,FCC
4,6.3473,1.85,4.7675,59.925,0.0199,19.4075,0.0803,0.06,FCC
4,5.3188,1.85,4.735,59.84,0.0204,19.314,0.0805,0.0614,FCC
4,5.2308,1.8,4.7225,57.955,0.0225,18.306,0.0903,0.064,FCC
3,4.884,1.8,4.775,58.215,0.0217,18.618,0.0831,0.0581,FCC
3,3.5405,1.75,4.665,64.265,0.0316,21.105,0.1551,0.0773,FCC
4,4.8844,1.8,4.6825,63.92,0.0293,21.45,0.1507,0.077,FCC
4,9.6267,1.75,4.669,56.13,0.0349,17.759,0.1538,0.1338,FCC
4,8.5054,1.85,4.694,53.86,0.0357,16.584,0.1629,0.1454,FCC
1,2.3532,1.9,4.586,55.99,0.0466,22.609,0.2069,0.2105,BCC+FCC
4,9.5027,1.8,4.6515,59.245,0.0297,19.6795,0.1335,0.1211,FCC
3,39.1331,1.85,4.669,58.9,0.0274,19.99,0.1284,0.1208,FCC
3,15.6297,1.9,4.6865,58.555,0.0251,20.3005,0.1225,0.1204,FCC
3,16.2179,1.8,4.7015,55.135,0.0289,18.1055,0.1319,0.1211,FCC
1,4.0218,1.75,4.692,47.605,0.046,13.208,0.1978,0.1919,BCC+FCC
3,12.1111,1.8,4.6925,54.75,0.039,16.05,0.1923,0.1017,FCC
1,16.4105,1.8,4.6675,59.79,0.0304,19.189,0.1634,0.0613,FCC
4,8.2554,1.75,4.675,58.08,0.0327,18.386,0.1669,0.0608,FCC
2,34.1916,1.85,4.685,59.445,0.0281,19.4995,0.1588,0.0607,FCC
3,22.7149,1.8,4.6925,57.735,0.0306,18.662,0.163,0.0603,FCC
4,6.8236,1.8,4.615,61.05,0.0322,18.055,0.1384,0.1034,FCC
4,3.5076,1.75,4.6325,60.92,0.0302,18.172,0.1208,0.0869,FCC
4,7.0081,1.95,4.5175,63.25,0.0298,17.975,0.1268,0.1049,FCC
4,4.7183,1.95,4.5975,60.965,0.0348,18.1315,0.1514,0.1248,FCC
1,15.1584,1.85,4.6325,60.705,0.0296,18.3655,0.1327,0.1029,FCC
3,4.7462,1.8,4.65,60.575,0.0279,18.4825,0.1159,0.0864,FCC
3,3.8651,1.75,4.6575,58.865,0.0295,17.758,0.1198,0.0869,FCC
4,5.7081,1.95,4.6325,60.49,0.0289,18.559,0.1367,0.1148,FCC
3,45.4546,1.9,4.65,60.36,0.0271,18.676,0.1262,0.1024,FCC
2,7.5459,1.85,4.6675,60.23,0.0256,18.793,0.1101,0.086,FCC
4,9.8284,1.8,4.665,56.94,0.0324,16.842,0.1375,0.1046,FCC
3,8.0591,1.95,4.6675,60.015,0.0246,18.9865,0.1186,0.1019,FCC
3,8.606,1.85,4.6925,58.175,0.0254,18.31,0.1095,0.086,FCC
3,5.821,1.8,4.7,56.465,0.0267,17.1745,0.114,0.0861,FCC
1,2.7584,1.65,4.7695,52.83,0.0494,17.702,0.2023,0.1926,BCC+FCC
1,1.4156,1.95,4.807,60.94,0.0501,22.926,0.1972,0.1945,BCC+FCC
1,1.8487,1.85,4.8095,57.61,0.0497,21.991,0.1993,0.1937,BCC+FCC
1,1.7703,1.9,4.7595,52.725,0.0486,19.7725,0.196,0.1941,BCC+FCC
1,4.6054,1.9,4.6975,63.545,0.0357,18.5005,0.1299,0.098,FCC
1,5.3705,1.9,4.795,61.925,0.0306,19.195,0.1217,0.0919,FCC
1,15.6216,1.8,4.745,58.335,0.0317,17.812,0.1272,0.092,FCC
1,3.5598,1.95,4.7075,61.06,0.0333,19.02,0.1226,0.0974,FCC
3,3.2544,1.95,4.8815,71.105,0.0372,20.133,0.1759,0.126,FCC
1,3.2161,1.95,4.9065,69.05,0.0368,21.765,0.1752,0.1245,FCC
3,3.1337,1.95,4.9315,66.995,0.0362,22.986,0.1745,0.1228,FCC
4,3.2966,1.95,4.899,66.91,0.0361,22.918,0.1742,0.1244,FCC
4,3.648,1.9,4.88,71.995,0.0411,18.887,0.2036,0.0639,FCC
4,3.7826,1.9,4.8475,71.91,0.04,18.836,0.2031,0.0671,FCC
4,3.8969,1.9,4.84,69.77,0.039,20.489,0.2019,0.0669,FCC
4,3.541,1.9,4.93,67.885,0.0406,21.918,0.2023,0.0554,FCC
3,3.8533,1.9,4.865,67.715,0.0394,21.782,0.2016,0.0637,FCC
1,3.9005,1.9,4.8575,65.575,0.0386,22.5875,0.2004,0.0636,FCC
4,4.9253,1.95,4.83,76.545,0.0353,13.508,0.1638,0.0953,FCC
4,5.2266,1.95,4.8225,74.405,0.0342,16.0525,0.1624,0.0951,FCC
4,5.0717,1.95,4.88,72.435,0.0349,18.271,0.1626,0.0921,FCC
3,5.4744,1.95,4.815,72.265,0.0331,18.169,0.161,0.0949,FCC
2,5.0511,1.95,4.905,70.38,0.0343,20.036,0.1619,0.0899,FCC
3,5.2702,1.95,4.8725,70.295,0.0341,19.9765,0.1614,0.0919,FCC
3,5.6694,1.95,4.8075,70.125,0.0321,19.8575,0.1594,0.0948,FCC
3,5.2079,1.95,4.8975,68.24,0.0336,21.322,0.1608,0.0898,FCC
3,5.4245,1.95,4.865,68.155,0.0332,21.254,0.1602,0.0918,FCC
3,5.6232,1.95,4.8325,68.07,0.0324,21.186,0.1591,0.0934,FCC
4,5.8066,1.95,4.8,67.985,0.031,21.118,0.1576,0.0946,FCC
4,4.8001,1.95,4.955,66.27,0.0324,22.333,0.1601,0.0846,FCC
4,5.0836,1.95,4.9225,66.185,0.0329,22.2565,0.16,0.0874,FCC
2,5.3221,1.95,4.89,66.1,0.0329,22.18,0.1596,0.0897,FCC
3,5.5309,1.95,4.8575,66.015,0.0324,22.1035,0.1588,0.0917,FCC
4,5.7155,1.95,4.825,65.93,0.0314,22.027,0.1575,0.0932,FCC
1,3.8983,1.95,4.67,81.185,0.038,5.9895,0.1626,0.0922,FCC
1,5.3163,1.95,4.5525,80.755,0.0324,5.964,0.1564,0.0924,FCC
1,4.9271,1.95,4.6575,81.275,0.0344,5.725,0.1583,0.0898,FCC
1,5.8346,1.95,4.5725,80.93,0.0311,5.811,0.1547,0.0905,FCC
1,3.8258,1.95,4.695,79.13,0.0389,8.424,0.1626,0.0917,FCC
1,4.2493,1.95,4.74,77.25,0.0379,11.055,0.1598,0.0881,FCC
1,5.9886,1.95,4.6425,76.995,0.0316,10.9785,0.1539,0.0892,FCC
1,4.5432,1.95,4.7325,75.11,0.0369,13.884,0.1582,0.0879,FCC
1,5.0427,1.95,4.6475,74.765,0.0341,13.746,0.1564,0.0914,FCC
1,5.7606,1.95,4.615,74.68,0.032,13.712,0.1534,0.0912,FCC
1,4.8028,1.95,4.725,72.97,0.0358,16.285,0.1564,0.0877,FCC
4,9.3349,1.95,4.7725,73.585,0.0284,16.5925,0.1442,0.0771,FCC
4,9.3208,1.95,4.7975,71.53,0.0286,18.678,0.1439,0.0754,FCC
4,9.8655,1.95,4.765,71.445,0.0272,18.627,0.1423,0.0769,FCC
4,7.9767,1.95,4.92,69.73,0.0288,20.531,0.1447,0.0646,FCC
3,8.3869,1.95,4.8875,69.645,0.0292,20.4715,0.1447,0.0681,FCC
2,8.8023,1.95,4.855,69.56,0.0292,20.412,0.1443,0.071,FCC
2,9.2486,1.95,4.8225,69.475,0.0286,20.3525,0.1435,0.0734,FCC
4,9.7489,1.95,4.79,69.39,0.0275,20.293,0.1421,0.0752,FCC
4,10.327,1.95,4.7575,69.305,0.026,20.2335,0.1403,0.0766,FCC
4,7.7986,1.95,4.945,67.675,0.0274,21.82,0.1436,0.0603,FCC
3,8.2557,1.95,4.9125,67.59,0.0282,21.752,0.1438,0.0645,FCC
3,8.684,1.95,4.88,67.505,0.0285,21.684,0.1436,0.068,FCC
4,9.1187,1.95,4.8475,67.42,0.0283,21.616,0.1429,0.0709,FCC
3,9.5846,1.95,4.815,67.335,0.0276,21.548,0.1418,0.0732,FCC
4,2.0954,1.95,4.7915,73.14,0.0379,14.736,0.1885,0.1195,FCC
3,2.1852,1.95,4.8415,69.03,0.0386,18.818,0.1876,0.1188,FCC
4,2.2645,1.95,4.809,68.945,0.0373,18.767,0.1869,0.1191,FCC
4,2.3318,1.95,4.7765,68.86,0.0355,18.716,0.1858,0.119,FCC
2,2.267,1.95,4.834,66.89,0.0376,20.183,0.1865,0.1186,FCC
2,2.1442,1.95,4.8915,64.92,0.0383,21.256,0.1864,0.117,FCC
1,2.242,1.95,4.859,64.835,0.0377,21.188,0.186,0.1179,FCC
2,2.3238,1.95,4.8265,64.75,0.0367,21.12,0.1853,0.1184,FCC
3,2.3896,1.95,4.794,64.665,0.0352,21.052,0.1841,0.1187,FCC
4,2.0789,1.95,4.9165,62.865,0.0377,21.8585,0.1857,0.1157,FCC
1,2.1904,1.95,4.884,62.78,0.0376,21.782,0.1855,0.1168,FCC
3,2.282,1.95,4.8515,62.695,0.0369,21.7055,0.1849,0.1177,FCC
2,2.3552,1.95,4.819,62.61,0.0357,21.629,0.1839,0.1182,FCC
2,1.979,1.95,4.9415,60.81,0.0369,22.05,0.1849,0.1141,FCC
2,2.1106,1.95,4.909,60.725,0.0371,21.965,0.1848,0.1156,FCC
3,2.2156,1.95,4.8765,60.64,0.0368,21.88,0.1844,0.1167,FCC
2,2.2983,1.95,4.844,60.555,0.0361,21.795,0.1836,0.1175,FCC
4,2.1641,2,4.7815,72,0.0376,15.61,0.1621,0.1456,FCC
4,2.2554,2,4.749,71.915,0.0356,15.5675,0.1604,0.1444,FCC
4,2.4845,2,4.7915,73.58,0.0331,14.032,0.1439,0.1336,FCC
4,2.3021,2,4.774,69.86,0.0365,17.486,0.1603,0.1453,FCC
4,2.6523,2,4.784,71.44,0.0319,16.28,0.1422,0.1333,FCC
3,2.5893,2,4.8415,69.47,0.0329,18.202,0.1427,0.1339,FCC
4,2.6902,2,4.809,69.385,0.0321,18.151,0.1418,0.1337,FCC
3,2.7883,2,4.8015,67.245,0.031,19.5515,0.1402,0.1335,FCC
4,2.8707,2,4.769,67.16,0.0296,19.492,0.1385,0.1329,FCC
3,2.5415,2,4.8915,65.36,0.0316,20.728,0.1412,0.1333,FCC
3,2.6621,2,4.859,65.275,0.0315,20.66,0.1407,0.1336,FCC
1,2.4654,2,4.9165,63.305,0.0306,21.3745,0.1402,0.1326,FCC
3,2.6011,2,4.884,63.22,0.0309,21.298,0.14,0.1331,FCC
3,2.7155,2,4.8515,63.135,0.0307,21.2215,0.1392,0.1334,FCC
4,2.8108,2,4.819,63.05,0.03,21.145,0.138,0.1334,FCC
4,2.8858,2,4.7865,62.965,0.0288,21.0685,0.1363,0.133,FCC
2,2.3487,2,4.9415,61.25,0.0293,21.61,0.1392,0.1317,FCC
1,2.5072,2,4.909,61.165,0.03,21.525,0.1391,0.1325,FCC
4,2.6363,2,4.8765,61.08,0.0302,21.44,0.1386,0.133,FCC
1,2.7413,2,4.844,60.995,0.0299,21.355,0.1376,0.1332,FCC
1,2.2789,2,4.498,72.74,0.0346,13.122,0.16,0.155,FCC
1,1.5691,2,4.687,70.96,0.0418,17.354,0.1895,0.1885,BCC+FCC
1,2.7724,2,4.564,73.68,0.0311,11.694,0.1359,0.1253,FCC
1,2.6403,2,4.669,74.2,0.0337,11.85,0.1372,0.1266,FCC
1,1.6011,2,4.692,68.73,0.0442,19.295,0.1915,0.1905,BCC+FCC
1,1.5179,2,4.7445,68.99,0.044,19.425,0.1917,0.1911,BCC+FCC
1,3.0735,2,4.5315,73.595,0.0291,11.6685,0.1316,0.1228,FCC
1,2.8117,2,4.689,74.375,0.0325,11.9025,0.1344,0.1253,FCC
1,1.607,2,4.712,68.905,0.0424,19.3825,0.1898,0.1898,BCC+FCC
1,2.5112,2,4.5105,70.775,0.0331,15.57,0.1554,0.1543,FCC
1,2.4561,2,4.569,71.45,0.0337,14.13,0.1387,0.1281,FCC
1,1.4743,2,4.7495,66.76,0.0466,20.946,0.1937,0.1928,BCC+FCC
1,2.2575,2,4.4955,68.37,0.0349,17.405,0.1589,0.1577,FCC
1,2.6719,2,4.589,71.625,0.0322,14.2,0.1366,0.1271,FCC
1,2.6209,2,4.6415,71.885,0.0337,14.304,0.1375,0.1276,FCC
1,1.5856,2,4.717,66.675,0.0449,20.895,0.1918,0.1917,BCC+FCC
1,1.512,2,4.7695,66.935,0.0451,21.051,0.1917,0.192,BCC+FCC
1,2.8719,2,4.609,71.8,0.0311,14.27,0.1344,0.126,FCC
1,2.7939,2,4.714,72.32,0.033,14.478,0.1343,0.126,FCC
1,1.6962,2,4.7045,66.765,0.0418,20.949,0.1878,0.1896,BCC+FCC
1,2.2946,2,4.594,69.395,0.0349,16.2075,0.1394,0.1296,FCC
1,2.5819,2,4.5615,69.31,0.0326,16.165,0.1356,0.1278,FCC
1,1.6532,2,4.7095,64.535,0.0442,22.0245,0.1899,0.1914,BCC+FCC
1,3.2195,2,4.4965,69.14,0.0282,16.08,0.1255,0.1228,FCC
1,3.0141,2,4.6015,69.66,0.0297,16.34,0.1315,0.1257,FCC
1,2.9403,2,4.7065,70.18,0.0318,16.6,0.1322,0.1257,FCC
1,1.675,2,4.7295,64.71,0.0425,22.147,0.1882,0.1907,BCC+FCC
1,1.8384,2,4.6645,64.54,0.04,22.028,0.1828,0.1877,BCC+FCC
1,1.4737,2,4.767,62.565,0.0466,22.862,0.1921,0.1933,BCC+FCC
1,2.8606,2,4.6265,67.605,0.0311,18.033,0.1322,0.127,FCC
1,1.6322,2,4.7545,62.655,0.0431,22.934,0.1884,0.1916,BCC+FCC
1,3.1886,2,4.5415,67.26,0.0283,17.826,0.1255,0.1242,FCC
1,3.0732,2,4.6465,67.78,0.0298,18.138,0.1298,0.1257,FCC
1,2.1991,2,4.769,65.98,0.0347,19.616,0.1363,0.1281,FCC
1,1.4582,2,4.812,60.685,0.0456,23.3865,0.1901,0.1928,BCC+FCC
1,2.9292,2,4.619,65.465,0.0297,19.2555,0.1292,0.1267,FCC
1,1.7503,2,4.7145,60.43,0.0413,23.157,0.184,0.1902,BCC+FCC
1,1.8204,2,4.682,60.345,0.04,23.0805,0.1811,0.1888,BCC+FCC
1,1.4634,2,4.6935,57.61,0.0474,24.05,0.2037,0.214,BCC+FCC
4,3.5808,2,4.7515,66.425,0.0252,19.9275,0.1186,0.1207,FCC
1,1.4011,2,4.7845,58.37,0.0466,23.1,0.1905,0.1936,BCC+FCC
4,3.6127,2,4.744,64.285,0.0241,20.818,0.1162,0.1204,FCC
1,1.5964,2,4.7645,56.32,0.0425,22.642,0.1848,0.1918,BCC+FCC
4,3.5313,2,4.769,62.23,0.0243,21.357,0.1161,0.1206,FCC
3,3.581,2,4.7365,62.145,0.0229,21.2805,0.1135,0.1202,FCC
4,2.3386,1.95,4.78,72.89,0.0406,14.275,0.1916,0.1026,FCC
4,2.104,1.9,4.7475,72.365,0.0452,14.8925,0.2267,0.0829,FCC
4,2.7237,1.95,4.79,74.47,0.0361,12.608,0.1761,0.0839,FCC
4,2.4882,1.95,4.7725,70.75,0.0394,16.24,0.1901,0.1023,FCC
4,2.8535,1.95,4.84,70.36,0.0365,16.956,0.1751,0.0826,FCC
4,2.6018,1.95,4.765,68.61,0.0383,17.777,0.1885,0.1021,FCC
4,3.0495,1.95,4.775,70.19,0.0337,16.854,0.1733,0.0833,FCC
4,2.3615,1.95,4.855,66.725,0.0421,19.09,0.1906,0.1017,FCC
4,2.8537,1.95,4.865,68.305,0.0363,18.5135,0.1745,0.0813,FCC
3,2.5894,1.95,4.79,66.555,0.0392,18.954,0.1885,0.1021,FCC
3,2.9676,1.95,4.8325,68.22,0.0355,18.454,0.174,0.0823,FCC
4,3.1507,1.95,4.7675,68.05,0.0326,18.335,0.1717,0.083,FCC
4,2.2979,1.95,4.88,64.67,0.0421,19.873,0.1901,0.1007,FCC
4,2.8163,1.95,4.89,66.25,0.0358,19.66,0.1738,0.0797,FCC
4,2.9424,1.95,4.8575,66.165,0.0354,19.592,0.1734,0.0811,FCC
4,3.1405,1.95,4.7925,65.995,0.0332,19.456,0.1715,0.0826,FCC
4,2.7398,1.95,4.915,64.195,0.0351,20.3955,0.173,0.0776,FCC
2,2.8829,1.95,4.8825,64.11,0.0351,20.319,0.1728,0.0795,FCC
4,3.1006,1.95,4.8175,63.94,0.0336,20.166,0.1713,0.0819,FCC
4,2.7415,1.95,4.7425,62.19,0.036,19.82,0.183,0.1012,FCC
3,2.6179,1.95,4.94,62.14,0.0341,20.72,0.1721,0.0752,FCC
4,2.5021,1.95,4.8325,60.305,0.0396,19.9255,0.1867,0.1011,FCC
3,2.5987,1.95,4.8,60.22,0.0381,19.832,0.1852,0.1014,FCC
1,2.746,1.95,4.6225,76.97,0.0364,7.244,0.1727,0.0761,FCC
1,3.0208,1.95,4.59,76.885,0.0341,7.227,0.1702,0.0743,FCC
1,3.3271,1.95,4.5575,76.8,0.0324,7.21,0.1673,0.0719,FCC
1,3.4635,1.95,4.53,74.485,0.0327,10.1555,0.1661,0.0733,FCC
1,3.3043,1.95,4.5825,74.745,0.0333,10.2335,0.1679,0.0738,FCC
4,3.6022,1.95,4.7725,73.735,0.0318,13.264,0.1604,0.0622,FCC
4,3.8915,1.95,4.5875,70.64,0.0302,15.05,0.1611,0.0706,FCC
2,3.4458,1.95,4.645,68.67,0.0325,16.892,0.1647,0.0732,FCC
4,3.6714,1.95,4.8225,69.625,0.0318,17.465,0.1593,0.0596,FCC
1,2.5096,1.95,4.82,67.13,0.0372,18.641,0.1679,0.0676,FCC
1,2.7203,1.95,4.6825,66.525,0.0374,18.2175,0.1692,0.0765,FCC
4,3.7878,1.95,4.815,67.485,0.0308,18.8895,0.1581,0.0593,FCC
4,3.7276,1.95,4.84,65.43,0.0305,19.954,0.1575,0.0572,FCC
4,3.9842,1.95,4.775,65.26,0.0287,19.818,0.1555,0.0602,FCC
2,4.077,1.95,4.7425,65.175,0.027,19.75,0.1539,0.0608,FCC
3,3.2405,1.95,4.93,63.545,0.0291,20.7605,0.1567,0.0473,FCC
2,3.6295,1.95,4.865,63.375,0.03,20.6075,0.1568,0.0545,FCC
4,3.7784,1.95,4.8325,63.29,0.0297,20.531,0.1562,0.057,FCC
3,3.9019,1.95,4.8,63.205,0.0289,20.4545,0.1552,0.0587,FCC
4,4.0478,1.95,4.735,63.035,0.0259,20.3015,0.1519,0.0604,FCC
4,3.0478,2,4.805,71.675,0.0383,14.945,0.2071,0.2209,FCC
4,3.0572,2,4.83,69.62,0.0387,16.634,0.2066,0.2184,FCC
4,3.0306,2,4.855,67.565,0.0389,18.0655,0.2061,0.2158,FCC
4,3.1433,2,4.8225,67.48,0.0378,18.006,0.2056,0.2185,FCC
4,2.8204,2,4.9125,65.595,0.0391,19.206,0.2055,0.2102,FCC
4,3.0932,2,4.8475,65.425,0.0381,19.07,0.2052,0.2159,FCC
4,3.2768,2,4.7825,65.255,0.0351,18.934,0.2035,0.2211,FCC
3,2.6946,2,4.9375,63.54,0.0384,19.876,0.2047,0.2073,FCC
4,3.1246,2,4.84,63.285,0.0372,19.6465,0.2041,0.216,FCC
3,3.2125,2,4.8075,63.2,0.0359,19.57,0.2033,0.2186,FCC
3,3.2704,2,4.775,63.115,0.034,19.4935,0.2021,0.2211,FCC
1,3.2892,2,4.6325,76.405,0.0369,7.9315,0.2026,0.2253,FCC
4,4.3681,2,4.4425,75.54,0.0321,7.672,0.1947,0.2367,FCC
4,3.4717,2,4.6525,76.58,0.0349,7.984,0.2007,0.2236,FCC
4,3.9001,2,4.5675,76.235,0.0339,7.8805,0.1982,0.2291,FCC
1,3.4724,2,4.5975,71.95,0.0369,12.905,0.2007,0.227,FCC
1,3.08,2,4.5075,75.31,0.0337,8.573,0.1378,0.1057,FCC
1,2.8818,2,4.5175,73.905,0.0369,10.552,0.1516,0.1167,FCC
1,2.7838,2,4.6125,75.83,0.0362,8.729,0.1422,0.1095,FCC
4,2.9791,2,4.6325,76.005,0.035,8.7815,0.14,0.1083,FCC
1,3.7489,2,4.495,75.4,0.0306,8.6,0.1311,0.101,FCC
4,4.1675,2,4.5575,77.24,0.0268,6.418,0.116,0.0893,FCC
4,3.6289,2,4.5675,75.835,0.0303,8.7305,0.1328,0.1029,FCC
3,3.9905,2,4.61,77.5,0.0289,6.47,0.1173,0.0908,FCC
2,4.033,2,4.535,75.75,0.0286,8.705,0.1281,0.0994,FCC
1,2.7712,2,4.5425,71.85,0.0381,12.875,0.153,0.1197,FCC
1,3.0472,2,4.605,73.69,0.0347,11.416,0.1395,0.1091,FCC
1,3.607,2,4.52,73.345,0.0318,11.278,0.1326,0.1043,FCC
1,3.6519,2,4.615,75.27,0.0311,9.511,0.1205,0.0942,FCC
1,3.6049,2,4.6675,75.53,0.0321,9.589,0.1204,0.0943,FCC
4,4.2937,2,4.53,74.925,0.027,9.4075,0.1145,0.0901,FCC
2,3.5898,2,4.5925,73.78,0.0312,11.452,0.1337,0.1054,FCC
4,3.9766,2,4.635,75.445,0.03,9.5635,0.1177,0.0926,FCC
2,4.611,2,4.55,75.1,0.0254,9.46,0.1123,0.0888,FCC
4,4.4033,2,4.6025,75.36,0.0274,9.538,0.1142,0.0903,FCC
4,6.9593,2,4.4125,74.495,0.0217,9.2785,0.0946,0.0768,FCC
1,2.8083,2,4.705,73.385,0.0353,12.244,0.1255,0.0979,FCC
1,3.1721,2,4.62,73.04,0.0333,12.106,0.1235,0.0973,FCC
1,3.1564,2,4.6725,73.3,0.034,12.21,0.1234,0.097,FCC
1,3.6373,2,4.565,71.465,0.0318,13.6325,0.1323,0.1061,FCC
4,4.7494,2,4.595,73.22,0.0258,12.178,0.1109,0.0899,FCC
4,3.2093,2,4.6875,70.845,0.0314,15.417,0.1436,0.1162,FCC
4,5.0092,2,4.7725,74.175,0.027,12.56,0.1058,0.0868,FCC
1,2.9845,2,4.6975,71.245,0.0343,14.4725,0.1233,0.0976,FCC
1,3.3659,2,4.6125,70.9,0.032,14.3,0.1206,0.0969,FCC
4,3.519,2,4.4525,65.82,0.0333,16.536,0.1453,0.121,FCC
1,3.3352,2,4.6425,69.67,0.0336,15.662,0.1351,0.1091,FCC
1,3.7354,2,4.685,71.335,0.0314,14.5175,0.1179,0.0948,FCC
1,3.2734,2,4.695,69.93,0.0345,15.818,0.1356,0.1092,FCC
1,3.6679,2,4.61,69.585,0.0312,15.611,0.1314,0.1071,FCC
4,4.854,2,4.83,72.205,0.027,14.9525,0.1057,0.0866,FCC
3,5.0852,2,4.7975,72.12,0.0267,14.91,0.105,0.0868,FCC
3,3.9865,2,4.7225,70.37,0.0286,16.082,0.1249,0.1031,FCC
4,5.3225,2,4.765,72.035,0.0258,14.8675,0.1037,0.0865,FCC
1,2.7533,2,4.7225,69.19,0.0343,16.324,0.1231,0.0979,FCC
1,3.3123,2,4.5625,67.095,0.033,16.7865,0.1317,0.109,FCC
4,3.9817,2,4.5725,68.675,0.0281,16.015,0.113,0.0944,FCC
3,5.1001,2,4.8225,70.065,0.026,16.849,0.1041,0.0864,FCC
3,5.3376,2,4.79,69.98,0.0256,16.798,0.103,0.0865,FCC
4,3.0387,2,4.63,64.9,0.0348,18.25,0.1497,0.125,FCC
4,4.1332,2,4.715,68.23,0.0273,17.581,0.1223,0.1028,FCC
4,5.5806,2,4.7575,69.895,0.0246,16.747,0.1013,0.0862,FCC
4,5.0609,2,4.8475,68.01,0.0251,18.377,0.103,0.0856,FCC
4,3.2184,2,4.73,64.595,0.0325,18.9255,0.1419,0.1184,FCC
2,5.3015,2,4.815,67.925,0.0251,18.3175,0.1022,0.0861,FCC
4,2.9467,2,4.655,62.845,0.0355,18.645,0.151,0.1272,FCC
3,4.0622,2,4.74,66.175,0.028,18.72,0.1225,0.1036,FCC
3,5.5404,2,4.7825,67.84,0.0245,18.258,0.1008,0.0862,FCC
4,4.367,2,4.655,65.83,0.0246,18.444,0.1183,0.1023,FCC
2,4.2257,2,4.7075,66.09,0.026,18.652,0.1195,0.1025,FCC
3,5.7812,2,4.75,67.755,0.0235,18.1985,0.0988,0.0858,FCC
1,2.8902,2,4.655,64.65,0.0326,18.45,0.1186,0.0986,FCC
1,2.9465,2,4.7075,64.91,0.0324,18.658,0.1186,0.0973,FCC
4,4.9686,2,4.8725,65.955,0.024,19.494,0.1018,0.0845,FCC
4,3.7833,2,4.7975,64.205,0.0295,19.5245,0.1245,0.1045,FCC
4,2.835,2,4.68,60.79,0.0361,18.629,0.1521,0.1291,FCC
3,3.96,2,4.765,64.12,0.0284,19.448,0.1225,0.1041,FCC
3,5.4563,2,4.8075,65.785,0.0241,19.358,0.1002,0.0859,FCC
4,5.3959,2,4.67,65.18,0.0231,18.874,0.0995,0.0887,FCC
2,4.1189,2,4.7325,64.035,0.0268,19.3715,0.1199,0.1033,FCC
3,4.2491,2,4.7,63.95,0.0247,19.295,0.1165,0.1021,FCC
3,5.9131,2,4.7425,65.615,0.0223,19.222,0.0959,0.0855,FCC
3,4.514,2,4.93,63.985,0.0214,20.2765,0.1001,0.0812,FCC
3,4.8183,2,4.8975,63.9,0.0226,20.2,0.1005,0.0829,FCC
4,4.1682,2,4.6925,61.81,0.0234,19.51,0.1133,0.1018,FCC
1,2.4701,2,4.5425,71.355,0.0351,14.462,0.1809,0.0868,FCC
1,2.7149,2,4.5825,71.705,0.0325,14.602,0.1778,0.0836,FCC
1,2.5123,2,4.5875,69.475,0.0348,16.6175,0.1799,0.0873,FCC
1,1.7752,2,4.5845,57.105,0.0456,21.6055,0.1902,0.1958,BCC+FCC
1,1.7111,2,4.6095,55.05,0.0464,20.81,0.1921,0.1983,BCC+FCC
1,1.6559,2,4.6445,54.575,0.0423,21.19,0.1829,0.1936,BCC+FCC
3,15.0892,1.65,4.1865,41.645,0.0455,10.982,0.631,0.3002,BCC
3,14.7357,1.65,4.204,43.635,0.0449,12.7325,0.6231,0.3089,BCC
4,14.4337,1.8,4.155,43.185,0.0384,15.549,0.6702,0.2869,BCC
3,14.1704,1.8,4.1475,43.67,0.0388,15.258,0.692,0.2583,BCC
3,14.4047,1.8,4.165,45.66,0.0384,16.408,0.6838,0.2631,BCC
4,14.2332,1.75,4.1475,39.31,0.0385,12.92,0.6389,0.3085,BCC
4,14.2179,1.75,4.14,39.795,0.0398,12.435,0.6605,0.2848,BCC
3,14.1304,1.75,4.18,40.33,0.0341,14.777,0.5879,0.3605,BCC
3,14.9601,1.75,4.1575,41.785,0.0393,13.6575,0.6524,0.2931,BCC
3,14.7003,1.75,4.15,42.27,0.0403,13.415,0.6741,0.2664,BCC
3,14.9968,1.75,4.1825,43.29,0.0374,15.486,0.6229,0.3248,BCC
4,14.9675,1.75,4.1675,44.26,0.0398,14.904,0.666,0.2729,BCC
2,14.6773,1.75,4.185,46.25,0.0394,15.995,0.6579,0.2782,BCC
3,14.2875,1.7,4.1575,37.425,0.0364,12.005,0.5993,0.3257,BCC
3,14.93,1.7,4.175,39.415,0.0359,12.9835,0.5913,0.3382,BCC
2,15.2316,1.7,4.1675,39.9,0.0379,12.45,0.6128,0.3178,BCC
3,15.0753,1.65,4.1775,38.015,0.0359,11.7235,0.573,0.3314,BCC
4,15.3796,1.65,4.17,38.5,0.0377,11.19,0.5946,0.3136,BCC
3,15.452,1.65,4.1625,38.985,0.0396,10.6565,0.6162,0.2935,BCC
3,14.5741,1.65,4.2025,39.52,0.0336,13.026,0.5435,0.3623,BCC
4,15.1823,1.65,4.195,40.005,0.0354,12.444,0.5651,0.3452,BCC
4,15.5889,1.65,4.1875,40.49,0.0372,11.871,0.5867,0.3261,BCC
4,15.7531,1.65,4.18,40.975,0.039,11.3375,0.6082,0.3052,BCC
3,15.5603,1.65,4.1725,41.46,0.041,11.056,0.6298,0.2821,BCC
3,15.1582,1.65,4.205,42.48,0.0366,13.31,0.5787,0.3368,BCC
4,15.4042,1.65,4.1975,42.965,0.0384,13.0675,0.6003,0.315,BCC
2,15.2907,1.65,4.19,43.45,0.0404,12.825,0.6219,0.2912,BCC
3,15.1937,1.6,4.1975,38.605,0.0348,11.324,0.5466,0.3358,BCC
4,14.7078,1.6,4.215,40.595,0.0342,11.806,0.5386,0.351,BCC
3,15.4549,1.6,4.2,41.565,0.0382,11.014,0.5819,0.3138,BCC
3,14.2461,1.6,4.225,43.07,0.0356,13.015,0.5524,0.3451,BCC
1,11.2411,1.9,4.55,80.815,0.029,5.0405,0.1127,0.076,FCC
4,72.9046,1.85,4.525,79.02,0.0306,6.956,0.1178,0.0762,FCC
4,15.5751,1.8,4.5175,84.03,0.0308,9.141,0.1257,0.0788,FCC
1,4.7717,1.5,4.53,73.685,0.0494,18.4695,0.1593,0.0935,BCC+FCC
1,2.7575,1.45,4.4725,71.805,0.0495,19.604,0.1615,0.0922,BCC+FCC
1,2.4143,1.45,4.5125,72.155,0.047,19.884,0.1552,0.0886,BCC+FCC
1,2.9802,1.45,4.445,74.99,0.05,19.383,0.1689,0.095,BCC+FCC
1,4.7678,1.45,4.6025,75.77,0.0502,19.929,0.162,0.0946,BCC+FCC
1,2.901,1.45,4.465,75.165,0.0489,19.5055,0.1664,0.0935,BCC+FCC
1,2.7734,1.45,4.485,75.34,0.0478,19.628,0.1638,0.092,BCC+FCC
1,3.1592,1.4,4.525,73.715,0.052,21.132,0.1675,0.0957,BCC+FCC
1,2.2827,1.4,4.5325,73.98,0.0483,21.344,0.1613,0.0907,BCC+FCC
1,2.887,1.35,4.545,75.54,0.0535,22.592,0.1731,0.0977,BCC+FCC
1,2.7244,1.35,4.565,75.715,0.0522,22.732,0.1702,0.0959,BCC+FCC
3,128.9972,1.6,4.565,87.62,0.0399,16.128,0.1525,0.0895,BCC+FCC
1,4.4628,1.9,4.6125,84.805,0.0372,6.859,0.167,0.0959,FCC
1,5.1617,1.9,4.58,84.72,0.0352,6.876,0.1638,0.0948,FCC
1,6.4874,1.85,4.5675,86.46,0.035,9.332,0.1644,0.095,FCC
1,3.1237,1.9,4.514,81.09,0.0341,7.942,0.1467,0.1242,FCC
1,1.9126,1.9,4.597,76.145,0.0443,15.8535,0.1924,0.184,BCC+FCC
1,2.0004,1.85,4.597,77.795,0.0463,16.3485,0.1965,0.1847,BCC+FCC
4,3.9167,1.9,4.5,80.42,0.0325,5.384,0.1682,0.0692,FCC
4,3.5848,1.9,4.5525,80.68,0.0335,5.298,0.171,0.0716,FCC
1,3.6316,1.85,4.5325,82.155,0.0368,6.9915,0.1776,0.077,FCC
1,4.1175,1.85,4.5,82.07,0.0346,6.938,0.1731,0.0727,FCC
1,3.2575,1.95,4.555,79.45,0.0356,6.78,0.1448,0.1066,FCC
1,3.3863,1.95,4.5975,81.115,0.0335,4.9905,0.1316,0.0958,FCC
4,4.2697,1.95,4.4275,77.44,0.0317,8.262,0.1416,0.104,FCC
1,3.6926,1.95,4.5225,79.365,0.0334,6.712,0.1399,0.1028,FCC
4,3.405,1.95,4.575,79.625,0.0345,6.7575,0.1431,0.1058,FCC
1,3.7316,1.95,4.5,77.875,0.0346,8.3925,0.1477,0.1092,FCC
1,4.372,1.95,4.5325,80.945,0.0287,4.8715,0.1231,0.0891,FCC
4,4.064,1.95,4.585,81.205,0.0293,4.733,0.1256,0.0916,FCC
4,5.0749,1.95,4.5,80.86,0.0268,4.812,0.1175,0.0846,FCC
1,4.5826,1.95,4.5525,81.12,0.0273,4.682,0.1212,0.088,FCC
1,4.4423,1.9,4.49,80.93,0.033,7.964,0.1397,0.0998,FCC
4,4.4979,1.9,4.5325,82.595,0.0316,6.6835,0.1303,0.0916,FCC
1,3.9556,1.9,4.5425,81.19,0.035,7.853,0.1447,0.104,FCC
2,4.5095,1.9,4.51,81.105,0.0328,7.7935,0.1389,0.0994,FCC
1,4.6974,1.9,4.5525,82.77,0.0305,6.561,0.1287,0.0906,FCC
1,4.0456,1.85,4.48,81,0.0363,11.13,0.1564,0.1115,FCC
1,4.3069,1.85,4.5125,84.07,0.0342,9.129,0.1377,0.0946,FCC
1,3.907,1.85,4.5225,82.665,0.037,9.818,0.1509,0.1063,FCC
1,4.5778,1.85,4.49,82.58,0.0343,9.824,0.1444,0.1012,FCC
1,5.3713,1.85,4.5,84.16,0.0314,9.102,0.1304,0.0889,FCC
4,4.7319,1.85,4.5525,84.42,0.0332,9.024,0.1354,0.093,FCC
4,5.5043,1.85,4.52,84.335,0.031,9.0495,0.1294,0.0882,FCC
1,4.66,1.8,4.49,84.23,0.035,12.108,0.1485,0.1025,FCC
1,4.6935,1.75,4.49,85.88,0.0351,14.31,0.152,0.1035,FCC
1,5.4265,1.75,4.5,87.46,0.0337,13.52,0.1402,0.0923,FCC
1,2.8729,1.95,4.5125,79.915,0.0384,6.2105,0.2149,0.1562,FCC
1,2.4396,1.95,4.5725,79.69,0.0366,6.854,0.1877,0.0856,FCC
1,2.7812,1.9,4.54,81.255,0.0376,7.793,0.1898,0.0848,FCC
2,16.6593,1.55,4.1465,41.96,0.0413,12.682,0.5067,0.2945,BCC
4,19.0972,1.55,4.164,43.95,0.0407,14.6,0.4986,0.3078,BCC
4,513.7901,1.8,4.078,31.82,0.0372,11.052,0.5089,0.3586,BCC
3,73.0556,1.75,4.098,32.41,0.037,11.685,0.484,0.3547,BCC
4,66.4682,1.75,4.0905,32.895,0.0385,11.4425,0.5054,0.3486,BCC
3,26.0859,1.65,4.123,34.56,0.0385,11.918,0.4762,0.3351,BCC
4,225.8809,1.8,4.107,31.035,0.0393,11.366,0.4732,0.3814,BCC
3,605.7663,1.8,4.092,32.005,0.0424,10.978,0.5168,0.3746,BCC
3,117.7892,1.75,4.1485,31.325,0.0391,12.2275,0.4254,0.377,BCC
4,135.4916,1.8,4.15,30.435,0.0425,11.606,0.4297,0.3981,BCC
4,27.1757,1.65,4.14,46.09,0.0432,16.426,0.5643,0.2842,BCC
3,26.0717,1.55,4.1625,45.28,0.0424,14.53,0.5232,0.2929,BCC
4,52.4193,1.75,4.11,34.1,0.0385,14,0.4814,0.3272,BCC
4,58.8142,1.75,4.1025,34.585,0.0401,13.6605,0.5035,0.3294,BCC
3,76.6235,1.75,4.0875,35.555,0.0432,12.9815,0.547,0.3204,BCC
3,29.6525,1.75,4.13,35.13,0.0425,14.756,0.4732,0.3212,BCC
4,32.4872,1.75,4.1225,35.615,0.0443,14.368,0.4956,0.3297,BCC
4,36.0011,1.65,4.1,36.19,0.0382,12.148,0.5124,0.2954,BCC
3,151.2069,1.65,4.135,36.25,0.0384,13.465,0.4713,0.3096,BCC
2,119.4093,1.65,4.1275,36.735,0.0404,13.0285,0.4935,0.3102,BCC
4,89.9893,1.65,4.1625,36.795,0.0402,14.285,0.4384,0.2916,BCC
3,114.4418,1.65,4.155,37.28,0.0411,13.8,0.4613,0.3058,BCC
4,155.2071,1.65,4.1475,37.765,0.0428,13.315,0.4839,0.3123,BCC
4,51.9741,1.6,4.1325,38.295,0.0425,11.905,0.5104,0.2954,BCC
4,42.9682,1.55,4.1525,38.885,0.0399,11.5365,0.4831,0.2897,BCC
3,38.2634,1.55,4.145,39.37,0.0423,11.003,0.5052,0.2842,BCC
3,104.6883,1.55,4.165,40.4,0.0431,10.82,0.4943,0.2926,BCC
1,6.9416,1.9,4.62,81.445,0.0383,5.4815,0.1659,0.0925,FCC
1,11.0316,1.9,4.6075,81.535,0.0345,5.2155,0.1617,0.0899,FCC
1,86.6035,1.7,4.6155,64.095,0.0472,19.6555,0.1919,0.1689,BCC+FCC
1,1.7685,1.95,4.6895,71.48,0.0413,16.872,0.1926,0.1882,BCC+FCC
1,7.3204,1.9,4.5165,74.46,0.0326,10.548,0.1448,0.1231,FCC
1,2.1454,1.85,4.717,67.97,0.0513,19.602,0.2028,0.1928,BCC+FCC
1,3.4728,1.75,4.687,64.555,0.0517,21.004,0.2042,0.1921,BCC+FCC
1,29.1511,1.65,4.593,63.615,0.0478,19.4835,0.1829,0.162,BCC+FCC
1,4.2633,1.6,4.5555,61.91,0.0468,19.41,0.1822,0.1601,BCC+FCC
4,3.9123,1.85,4.745,73.58,0.0452,13.24,0.1988,0.1034,FCC
1,4.5915,1.95,4.51,75.83,0.0349,8.039,0.1446,0.1055,FCC
1,4.1765,1.95,4.5625,76.09,0.0361,8.117,0.146,0.1076,FCC
1,4.9872,1.95,4.53,76.005,0.0336,8.0915,0.1427,0.1046,FCC
1,4.539,1.95,4.5825,76.265,0.0351,8.1695,0.1438,0.1065,FCC
1,5.3748,1.95,4.55,76.18,0.0319,8.144,0.1407,0.1036,FCC
1,6.5827,1.95,4.5175,76.095,0.0302,8.1185,0.1369,0.1002,FCC
1,41.7544,1.9,4.535,75.965,0.0307,8.3395,0.1264,0.089,FCC
1,3.5921,1.95,4.52,76.555,0.0383,7.651,0.2153,0.1527,FCC
1,3.1322,1.95,4.5275,76.07,0.0355,8.524,0.1868,0.084,FCC
1,3.2992,1.95,4.5475,76.245,0.0338,8.559,0.1851,0.0825,FCC
1,3.9753,1.9,4.535,74.36,0.0384,10.888,0.192,0.0871,FCC
4,27.1875,1.7,4.0975,34.37,0.0394,12.918,0.6792,0.2919,BCC
2,56.7457,1.65,4.1175,34.96,0.039,13.178,0.6509,0.2895,BCC
2,67.0534,1.65,4.11,35.445,0.0405,12.8385,0.6732,0.28,BCC
4,1576.0303,1.6,4.13,36.035,0.0397,12.932,0.6449,0.2781,BCC
4,62.4508,1.55,4.1425,37.11,0.0402,12.471,0.6388,0.2661,BCC
3,51.7805,1.55,4.135,37.595,0.0422,12.0345,0.661,0.255,BCC
3,38.6111,1.5,4.1625,37.7,0.0382,12.28,0.6106,0.2619,BCC
4,29.9628,1.5,4.1475,38.67,0.0427,11.31,0.6549,0.2417,BCC
3,160.9591,1.75,4.22,31.16,0.0474,13.178,0.4943,0.4467,BCC
4,17.6145,1.95,4.064,32.475,0.0401,12.47,0.7511,0.3744,BCC
3,17.8946,1.95,4.093,31.69,0.0431,12.784,0.6989,0.4233,BCC
4,19.8499,1.95,4.078,32.66,0.0446,12.396,0.7446,0.3899,BCC
2,30.9727,1.9,4.0625,33.365,0.0368,12.8875,0.7489,0.3469,BCC
4,20.019,1.85,4.055,29.49,0.0358,8.064,0.7138,0.3396,BCC
2,35.5202,1.85,4.0725,31.48,0.0351,11.03,0.7057,0.3568,BCC
4,133.8337,1.85,4.075,34.44,0.038,13.016,0.7431,0.335,BCC
4,44.1667,1.8,4.075,30.08,0.0345,8.93,0.6855,0.3407,BCC
2,48.8971,1.8,4.0675,30.565,0.0368,8.6875,0.708,0.3284,BCC
3,163.3521,1.8,4.0925,32.07,0.0342,11.638,0.6775,0.3598,BCC
4,239.3501,1.8,4.085,32.555,0.0361,11.347,0.6999,0.3456,BCC
4,463.8103,1.8,4.0775,33.04,0.0382,11.056,0.7226,0.3292,BCC
3,121.9103,1.8,4.1025,34.545,0.0354,13.6085,0.6919,0.3601,BCC
2,99.5484,1.8,4.095,35.03,0.0375,13.269,0.7145,0.3424,BCC
2,82.4256,1.8,4.0875,35.515,0.0392,12.9295,0.7373,0.3229,BCC
3,41.9802,1.8,4.0975,37.99,0.04,14.308,0.7521,0.3108,BCC
4,1848.8812,1.75,4.095,30.67,0.035,9.678,0.6574,0.34,BCC
3,746.0932,1.75,4.0875,31.155,0.0361,9.387,0.6796,0.3298,BCC
3,297.2942,1.75,4.08,31.64,0.0378,9.096,0.7021,0.317,BCC
2,84.3362,1.75,4.1125,32.66,0.0347,12.128,0.6495,0.3613,BCC
4,65.9348,1.75,4.0975,33.63,0.0371,11.449,0.6941,0.3342,BCC
2,57.9674,1.75,4.09,34.115,0.0393,11.1095,0.7167,0.3173,BCC
3,44.2422,1.75,4.1225,35.135,0.0355,13.792,0.6638,0.365,BCC
4,41.4965,1.75,4.115,35.62,0.0366,13.404,0.6861,0.3488,BCC
4,38.487,1.75,4.1075,36.105,0.0386,13.016,0.7086,0.3306,BCC
2,35.2917,1.75,4.1,36.59,0.0404,12.628,0.7314,0.3104,BCC
3,32.2901,1.75,4.1325,37.61,0.0362,14.961,0.6781,0.3611,BCC
3,30.6733,1.75,4.125,38.095,0.038,14.5245,0.7006,0.3418,BCC
2,28.7604,1.75,4.1175,38.58,0.0399,14.088,0.7232,0.3208,BCC
3,26.5881,1.75,4.11,39.065,0.0413,13.6515,0.7462,0.2978,BCC
3,26.6177,1.75,4.1425,40.085,0.0373,15.635,0.6925,0.3514,BCC
2,23.7212,1.75,4.1275,41.055,0.0408,14.665,0.738,0.3059,BCC
3,20.5383,1.75,4.1375,43.53,0.0414,15.719,0.7528,0.2864,BCC
4,18.5926,1.75,4.13,44.015,0.042,15.3795,0.7761,0.2578,BCC
3,19.8976,1.75,4.155,45.52,0.0409,16.684,0.7445,0.2916,BCC
3,18.1164,1.75,4.165,47.995,0.0413,16.884,0.7594,0.2663,BCC
4,47.4313,1.7,4.1,32.23,0.0375,9.629,0.6738,0.3187,BCC
3,43.0455,1.7,4.0925,32.715,0.0389,9.2895,0.6962,0.3052,BCC
2,35.8154,1.7,4.125,33.735,0.0358,12.112,0.6437,0.3507,BCC
4,34.0923,1.7,4.1175,34.22,0.0371,11.724,0.6658,0.3378,BCC
4,29.7454,1.7,4.1025,35.19,0.0404,10.948,0.7108,0.305,BCC
4,28.1274,1.7,4.135,36.21,0.0367,13.421,0.6579,0.3539,BCC
2,29.736,1.65,4.135,31.85,0.0341,10.82,0.6016,0.3315,BCC
4,27.9437,1.65,4.12,32.82,0.0372,10.044,0.6456,0.3186,BCC
3,25.0583,1.65,4.1525,33.84,0.0336,12.754,0.5938,0.3588,BCC
3,22.3246,1.65,4.1225,35.78,0.0398,11.008,0.6823,0.3106,BCC
4,20.8945,1.65,4.115,36.265,0.0415,10.5715,0.7048,0.2923,BCC
4,22.242,1.65,4.155,36.8,0.0363,13.32,0.63,0.3578,BCC
4,21.6971,1.65,4.1475,37.285,0.0378,12.835,0.6521,0.3426,BCC
4,20.8505,1.65,4.14,37.77,0.0394,12.35,0.6743,0.3253,BCC
3,18.3166,1.65,4.125,38.74,0.0429,11.38,0.7195,0.2844,BCC
4,20.0271,1.65,4.1575,39.76,0.0389,13.294,0.6664,0.3378,BCC
4,17.8971,1.65,4.1425,40.73,0.0423,12.227,0.7114,0.295,BCC
2,18.9132,1.65,4.1675,42.235,0.04,13.939,0.6808,0.3271,BCC
3,17.8381,1.65,4.16,42.72,0.0417,13.648,0.7033,0.304,BCC
3,21.0959,1.6,4.155,32.44,0.0326,11.214,0.5737,0.323,BCC
3,18.6101,1.6,4.1425,36.37,0.0392,10.95,0.654,0.3148,BCC
4,17.0648,1.55,4.1675,33.515,0.0325,11.005,0.5678,0.3136,BCC
3,17.0874,1.55,4.16,34,0.0345,10.52,0.5897,0.3116,BCC
3,16.1753,1.55,4.1725,39.435,0.0393,11.018,0.6402,0.3192,BCC
3,14.8105,1.55,4.175,42.395,0.0427,11.1725,0.6769,0.2917,BCC
4,24.5016,1.75,4.1175,30.74,0.0469,9.632,0.6236,0.3218,BCC
2,124.6724,1.65,4.1375,30.89,0.0388,9.668,0.5906,0.2956,BCC
1,3.0378,1.95,4.5915,80.335,0.0383,6.871,0.1828,0.1354,FCC
1,2.4352,2,4.5565,76.47,0.0348,7.974,0.1526,0.1337,FCC
1,2.6807,2,4.524,76.385,0.0328,7.957,0.1484,0.1306,FCC
1,2.6839,1.95,4.555,77.36,0.0384,6.372,0.1836,0.0909,FCC
4,3.2868,1.95,4.49,77.19,0.0344,6.338,0.1759,0.084,FCC
4,3.0392,1.95,4.5,75.785,0.0382,8.6455,0.1868,0.0977,FCC
3,411.1648,1.65,4.144,41.71,0.0446,12.196,0.6017,0.295,BCC
3,184.5074,1.65,4.1615,43.7,0.044,13.94,0.5938,0.3053,BCC
3,18.7934,1.8,4.0765,31.06,0.0371,9.06,0.5746,0.3284,BCC
4,25.6943,1.75,4.104,31.165,0.0353,10.001,0.527,0.3283,BCC
2,26.9185,1.75,4.0965,31.65,0.0368,9.71,0.5486,0.3249,BCC
2,28.0468,1.75,4.089,32.135,0.0384,9.419,0.5701,0.3177,BCC
4,45.8747,1.7,4.1015,33.21,0.0395,9.563,0.5656,0.3067,BCC
2,57.8022,1.65,4.144,32.345,0.0324,11.044,0.4736,0.3042,BCC
4,71.1596,1.65,4.129,33.315,0.0364,10.268,0.5175,0.3088,BCC
4,362.3857,1.6,4.1265,35.36,0.041,9.206,0.5561,0.2836,BCC
2,14.1231,1.85,4.078,30.17,0.0413,8.412,0.5819,0.3553,BCC
3,17.6748,1.8,4.113,29.79,0.0376,9.695,0.5116,0.352,BCC
2,19.195,1.8,4.098,30.76,0.0407,9.21,0.5552,0.3515,BCC
3,25.2206,1.75,4.1255,30.865,0.0378,10.181,0.5064,0.3437,BCC
3,26.5664,1.75,4.118,31.35,0.0395,9.89,0.5283,0.345,BCC
4,27.8174,1.75,4.1105,31.835,0.0413,9.599,0.5501,0.3417,BCC
2,28.9584,1.75,4.103,32.32,0.0431,9.308,0.5719,0.3348,BCC
3,45.6551,1.7,4.1155,33.395,0.0437,9.4335,0.5667,0.3241,BCC
4,48.8152,1.65,4.1655,32.045,0.0329,11.284,0.4508,0.3089,BCC
2,53.9112,1.65,4.158,32.53,0.0351,10.896,0.4734,0.3212,BCC
4,59.4772,1.65,4.1505,33.015,0.0374,10.508,0.4957,0.3263,BCC
2,65.8292,1.65,4.143,33.5,0.0396,10.12,0.5177,0.326,BCC
4,73.3898,1.65,4.1355,33.985,0.0418,9.732,0.5397,0.3214,BCC
3,82.7797,1.65,4.128,34.47,0.044,9.344,0.5615,0.3132,BCC
3,14.3539,1.85,4.0995,29.87,0.0446,8.532,0.5594,0.3769,BCC
3,17.3372,1.8,4.1345,29.49,0.0396,9.845,0.4877,0.3596,BCC
2,19.0797,1.8,4.1195,30.46,0.0431,9.36,0.5319,0.37,BCC
3,19.7817,1.8,4.112,30.945,0.0449,9.1175,0.5539,0.3676,BCC
3,20.352,1.8,4.1045,31.43,0.0467,8.875,0.5757,0.3615,BCC
4,24.1064,1.75,4.147,30.565,0.039,10.361,0.4819,0.3526,BCC
2,25.5523,1.75,4.1395,31.05,0.041,10.07,0.5042,0.3597,BCC
2,26.893,1.75,4.132,31.535,0.043,9.779,0.5263,0.3612,BCC
4,28.1221,1.75,4.1245,32.02,0.045,9.488,0.5483,0.3581,BCC
2,29.2013,1.75,4.117,32.505,0.047,9.197,0.5702,0.3514,BCC
3,41.9037,1.7,4.137,33.095,0.0448,9.6435,0.5426,0.3484,BCC
3,40.9667,1.65,4.187,31.745,0.0349,11.524,0.4244,0.3031,BCC
4,45.4192,1.65,4.1795,32.23,0.0358,11.136,0.4475,0.3254,BCC
3,50.0082,1.65,4.172,32.715,0.0371,10.748,0.4703,0.3377,BCC
4,54.9549,1.65,4.1645,33.2,0.0395,10.36,0.4927,0.3429,BCC
3,18.6024,1.8,4.141,30.16,0.0442,9.51,0.5055,0.3832,BCC
2,19.4025,1.8,4.1335,30.645,0.0462,9.2675,0.5277,0.3856,BCC
2,22.5771,1.75,4.1685,30.265,0.0407,10.541,0.4545,0.3531,BCC
2,24.1235,1.75,4.161,30.75,0.0418,10.25,0.4771,0.3681,BCC
3,25.5415,1.75,4.1535,31.235,0.0433,9.959,0.4995,0.3754,BCC
4,26.8367,1.75,4.146,31.72,0.0456,9.668,0.5217,0.3769,BCC
3,42.169,1.65,4.1935,32.415,0.0396,10.988,0.4419,0.3413,BCC
4,50.5641,1.65,4.1785,33.385,0.0418,10.212,0.4873,0.359,BCC
2,17.8384,1.8,4.1625,29.86,0.0459,9.66,0.4766,0.3898,BCC
2,18.7344,1.8,4.155,30.345,0.0472,9.4175,0.499,0.3983,BCC
3,18.7751,1.75,4.1975,29.48,0.0412,11.012,0.4005,0.2987,BCC
4,40.0089,1.75,4.085,34.425,0.0356,11.5125,0.5771,0.3099,BCC
3,56.2744,1.75,4.1025,36.415,0.0349,13.388,0.5691,0.3273,BCC
2,93.7743,1.75,4.105,39.375,0.0377,13.9925,0.603,0.303,BCC
4,140.9529,1.75,4.115,41.85,0.0383,14.865,0.6159,0.2901,BCC
3,344.6335,1.65,4.1275,38.565,0.0368,12.175,0.5615,0.3033,BCC
3,288.6736,1.65,4.145,40.555,0.0361,13.0395,0.5535,0.3182,BCC
3,382.2388,1.65,4.1475,43.515,0.0395,14.0325,0.5878,0.2874,BCC
4,17.691,1.75,4.11,32.01,0.0361,11.283,0.5228,0.3129,BCC
4,14.1896,1.75,4.13,33.04,0.0403,12.248,0.5122,0.3085,BCC
3,35.0819,1.65,4.1275,34.645,0.0383,10.7295,0.5343,0.2937,BCC
3,23.2169,1.65,4.1475,35.675,0.0409,11.225,0.5224,0.2971,BCC
2,15.2392,1.65,4.1825,35.735,0.0435,12.5815,0.458,0.2589,BCC
4,7.1722,1.45,4.4055,82.955,0.0298,42.586,0.3054,0.401,BCC
3,7.5627,1.5,4.403,83.825,0.0356,35.23,0.3428,0.3582,BCC
3,11.427,1.5,4.383,71.46,0.0379,31.344,0.3474,0.3998,BCC
4,10.9392,1.5,4.3805,72.42,0.0386,30.768,0.3621,0.3965,BCC
4,10.9095,1.5,4.3965,76.92,0.0396,32.746,0.3525,0.3826,BCC
3,10.0714,1.45,4.3965,76.48,0.0363,33.054,0.3464,0.3693,BCC
4,12.9679,1.5,4.4165,79.13,0.0412,35.656,0.2954,0.3595,BCC
4,9.0926,1.5,4.4065,82.97,0.0398,32.584,0.3788,0.3624,BCC
3,11.4432,1.45,4.4165,78.69,0.039,36.008,0.2975,0.3475,BCC
3,9.1928,1.35,4.4165,77.81,0.0316,36.712,0.2909,0.3224,BCC
3,15.545,1.65,4.1505,42.93,0.0389,15.928,0.4508,0.3153,BCC
4,14.2756,1.6,4.153,41.53,0.0389,13.731,0.4381,0.3113,BCC
3,15.9172,1.6,4.1705,43.52,0.0383,15.692,0.4297,0.3238,BCC
3,14.6062,1.55,4.173,42.12,0.0378,13.554,0.4158,0.3175,BCC
2,16.7892,1.55,4.1905,44.11,0.0371,15.456,0.4072,0.3312,BCC
4,15.8062,1.65,4.1545,40.64,0.0419,14.274,0.4609,0.3403,BCC
3,14.1651,1.6,4.157,39.24,0.0412,12.734,0.4454,0.3305,BCC
4,15.8105,1.6,4.1745,41.23,0.0405,13.821,0.437,0.3461,BCC
2,14.1729,1.55,4.177,39.83,0.0391,12.33,0.4206,0.3333,BCC
2,16.2863,1.55,4.1945,41.82,0.0383,13.644,0.412,0.3506,BCC
2,15.8318,1.65,4.1585,38.35,0.0439,13.26,0.4613,0.3583,BCC
3,17.2253,1.65,4.176,40.34,0.0432,14.544,0.453,0.3734,BCC
4,18.8681,1.65,4.1935,42.33,0.0424,16.168,0.4446,0.3862,BCC
4,15.5272,1.55,4.1985,39.53,0.0385,12.63,0.4087,0.3616,BCC
2,17.0526,1.65,4.18,38.05,0.0439,13.5,0.4464,0.387,BCC
3,8.3844,1.5,4.3855,81.57,0.0379,33.704,0.3602,0.3338,BCC
2,24.9248,1.6,4.158,39.61,0.0451,11.51,0.4852,0.3122,BCC
3,24.2337,1.55,4.178,40.2,0.0418,11.01,0.4579,0.3105,BCC
4,40.9763,1.55,4.198,41.23,0.0418,10.848,0.4486,0.3196,BCC
3,30.916,1.65,4.1595,38.72,0.0475,12.162,0.4906,0.3402,BCC
2,18.4628,1.6,4.1595,38.28,0.0437,11.678,0.466,0.3267,BCC
3,17.9975,1.55,4.1795,38.87,0.0406,11.37,0.439,0.3251,BCC
3,20.3375,1.6,4.181,37.98,0.0427,11.948,0.4463,0.352,BCC
4,32.1833,1.6,4.201,39.01,0.0433,12.11,0.4368,0.3598,BCC
3,19.9465,1.55,4.201,38.57,0.0386,11.67,0.418,0.3478,BCC
4,32.0324,1.55,4.221,39.6,0.0409,11.67,0.4072,0.3522,BCC
4,25.7746,1.65,4.204,36.79,0.0444,12.588,0.4248,0.3976,BCC
4,44.1657,1.5,4.193,43.89,0.0392,16.563,0.4289,0.2928,BCC
3,27.0183,1.75,4.117,33.055,0.035,12.2825,0.4189,0.3626,BCC
4,18.0438,1.65,4.1495,34.72,0.0343,12.726,0.391,0.3478,BCC
4,17.38,1.65,4.142,35.205,0.0366,12.3865,0.4134,0.343,BCC
3,16.4155,1.65,4.1345,35.69,0.0388,12.047,0.4352,0.3347,BCC
4,16.0135,1.6,4.162,35.795,0.0346,12.504,0.3877,0.3382,BCC
4,15.2498,1.6,4.1545,36.28,0.037,12.116,0.4103,0.3327,BCC
4,14.1229,1.6,4.147,36.765,0.0394,11.728,0.4323,0.3239,BCC
2,46.7373,1.8,4.126,31.68,0.0368,12.028,0.4145,0.3906,BCC
3,44.0382,1.8,4.1185,32.165,0.0386,11.834,0.4367,0.3878,BCC
4,29.8984,1.75,4.146,32.27,0.0352,12.675,0.3879,0.381,BCC
4,29.0345,1.75,4.1385,32.755,0.0372,12.4325,0.4108,0.3819,BCC
3,27.7723,1.75,4.131,33.24,0.0392,12.19,0.4332,0.3785,BCC
4,26.1389,1.75,4.1235,33.725,0.0412,11.9475,0.455,0.3716,BCC
4,21.2546,1.7,4.1435,34.315,0.0395,12.331,0.4294,0.369,BCC
4,18.6645,1.65,4.1635,34.905,0.0372,12.5965,0.4029,0.364,BCC
2,16.3082,1.65,4.1485,35.875,0.0421,11.9175,0.4477,0.3513,BCC
2,386.7899,1.85,4.1425,29.82,0.0369,11.644,0.3814,0.4026,BCC
3,264.8349,1.85,4.135,30.305,0.0386,11.4985,0.4048,0.4114,BCC
3,150.3444,1.85,4.12,31.275,0.0422,11.2075,0.45,0.4121,BCC
3,54.7108,1.8,4.1625,30.41,0.0345,12.536,0.3522,0.3808,BCC
4,53.1559,1.8,4.155,30.895,0.0365,12.342,0.3766,0.3962,BCC
4,50.7342,1.8,4.1475,31.38,0.0385,12.148,0.4003,0.4039,BCC
2,47.6831,1.8,4.14,31.865,0.0405,11.954,0.4233,0.4058,BCC
4,40.2947,1.8,4.125,32.835,0.0445,11.566,0.4679,0.397,BCC
4,31.844,1.75,4.1675,31.97,0.0359,12.825,0.3717,0.3895,BCC
3,30.9893,1.75,4.16,32.455,0.0381,12.5825,0.3956,0.3962,BCC
3,27.9548,1.75,4.145,33.425,0.0425,12.0975,0.4414,0.3941,BCC
3,25.83,1.75,4.1375,33.91,0.0448,11.855,0.4636,0.3874,BCC
3,23.652,1.7,4.1725,33.53,0.0375,12.802,0.3907,0.3883,BCC
4,22.6609,1.7,4.165,34.015,0.0399,12.511,0.4141,0.3886,BCC
4,21.2882,1.7,4.1575,34.5,0.0424,12.22,0.4369,0.3848,BCC
2,19.8758,1.65,4.185,34.605,0.0367,12.8065,0.3858,0.3801,BCC
3,18.8916,1.65,4.1775,35.09,0.0393,12.467,0.4093,0.3797,BCC
2,404.1936,1.85,4.1565,30.005,0.0398,11.5885,0.3857,0.4171,BCC
3,256.5962,1.85,4.149,30.49,0.0418,11.443,0.4093,0.426,BCC
4,182.3798,1.85,4.1415,30.975,0.0438,11.2975,0.4324,0.4289,BCC
3,43.3118,1.8,4.1465,32.535,0.0455,11.686,0.4501,0.4183,BCC
4,32.9254,1.75,4.1815,32.155,0.0378,12.7325,0.3748,0.4043,BCC
3,29.7551,1.75,4.1665,33.125,0.0426,12.2475,0.4222,0.4124,BCC
4,27.5014,1.75,4.159,33.61,0.0451,12.005,0.4451,0.4093,BCC
2,24.7457,1.75,4.1515,34.095,0.0475,11.7625,0.4675,0.4028,BCC
4,24.0227,1.7,4.1865,33.715,0.0391,12.691,0.3934,0.4034,BCC
4,22.6094,1.7,4.179,34.2,0.0417,12.4,0.4169,0.4039,BCC
3,20.0527,1.65,4.199,34.79,0.0378,12.677,0.3878,0.3954,BCC
3,50.7304,1.9,4.1655,28.63,0.0414,10.955,0.3675,0.4179,BCC
4,2132.6656,1.85,4.1855,29.22,0.0387,11.84,0.336,0.3843,BCC
2,63.272,1.8,4.198,30.295,0.0378,12.582,0.3296,0.382,BCC
4,60.128,1.8,4.1905,30.78,0.0396,12.388,0.3554,0.4092,BCC
3,46.5633,1.8,4.168,32.235,0.0453,11.806,0.4277,0.4355,BCC
4,34.8578,1.75,4.203,31.855,0.0387,12.8825,0.3491,0.4043,BCC
3,31.5794,1.75,4.188,32.825,0.0423,12.3975,0.3984,0.4259,BCC
3,29.181,1.75,4.1805,33.31,0.0441,12.155,0.422,0.4273,BCC
2,45.5381,1.9,4.187,28.33,0.0414,11.008,0.3397,0.3987,BCC
4,61.2571,1.8,4.2045,30.965,0.0414,12.314,0.3521,0.4231,BCC
3,55.8625,1.8,4.197,31.45,0.0434,12.12,0.3772,0.4394,BCC
4,44.3736,1.8,4.182,32.42,0.0474,11.732,0.425,0.45,BCC
4,33.4578,1.75,4.2095,32.525,0.0424,12.5475,0.3707,0.4332,BCC
3,32.2988,1.55,4.182,41.485,0.0381,16.443,0.4084,0.3189,BCC
4,15.8642,1.95,4.187,28.77,0.0452,11.712,0.3547,0.401,BCC
3,8.6221,1.45,4.3775,74.905,0.0382,32.607,0.3709,0.3815,BCC
3,7.6635,1.45,4.395,78.34,0.0385,38.412,0.35,0.4088,BCC
3,6.5822,1.4,4.4075,83.255,0.0327,42.346,0.3398,0.4004,BCC
3,9.3404,1.5,4.395,78.515,0.0424,34.9595,0.3579,0.3969,BCC
4,8.4886,1.45,4.3925,79.035,0.0381,34.5955,0.3678,0.3761,BCC
3,8.1553,1.45,4.39,79.995,0.0365,33.9235,0.3747,0.363,BCC
4,8.1757,1.4,4.395,77.635,0.0354,35.5755,0.3442,0.37,BCC
3,8.0123,1.5,4.405,84.83,0.0402,37.756,0.3835,0.3918,BCC
4,7.8715,1.45,4.41,82.47,0.0375,39.644,0.346,0.4038,BCC
3,7.7684,1.45,4.4075,83.43,0.0375,38.876,0.3605,0.3932,BCC
3,7.5655,1.45,4.405,84.39,0.036,38.108,0.3676,0.3777,BCC
3,9.4561,1.45,4.415,80.285,0.0416,38.062,0.3018,0.3713,BCC
3,8.4766,1.45,4.4075,83.165,0.0378,35.758,0.3645,0.3706,BCC
3,10.6341,1.5,4.3775,77.705,0.0444,40.126,0.346,0.35,BCC
3,6.2728,1.35,4.415,83.51,0.0292,46.161,0.2955,0.401,BCC
3,8.133,1.5,4.395,79.35,0.0383,43.245,0.2956,0.3509,BCC
2,29.1548,1.65,4.165,47.58,0.0422,16.684,0.5071,0.2962,BCC
4,47.2735,1.6,4.1875,47.21,0.0446,15.023,0.499,0.3178,BCC
4,32.4641,1.6,4.185,48.17,0.0412,16.271,0.483,0.3061,BCC
2,32.9344,1.55,4.1725,43.82,0.0434,12.34,0.4884,0.2892,BCC
2,42.0235,1.55,4.19,45.81,0.0426,13.674,0.4803,0.3081,BCC
3,113.6097,1.55,4.21,46.84,0.0426,13.362,0.4727,0.3258,BCC
4,59.7967,1.55,4.2075,47.8,0.0418,14.61,0.4721,0.324,BCC
3,530.6073,1.55,4.2275,48.83,0.0418,13.996,0.4647,0.3432,BCC
3,13.2494,1.5,4.395,79.43,0.0436,35.416,0.3395,0.3382,BCC
4,12.1092,1.5,4.3925,80.39,0.0419,34.648,0.3646,0.3476,BCC
3,57.064,1.65,4.235,43.78,0.042,16.116,0.375,0.3718,BCC
3,9.9075,1.5,4.38,77.695,0.0397,32.2035,0.3786,0.3628,BCC
3,9.3411,1.5,4.3775,78.655,0.0388,31.5315,0.3858,0.3523,BCC
3,9.3005,1.45,4.38,77.255,0.0361,32.5115,0.3637,0.3486,BCC
3,10.4756,1.55,4.3875,78.83,0.0412,35.896,0.3472,0.3689,BCC
3,11.7384,1.5,4.4025,78.945,0.0421,35.804,0.313,0.3433,BCC
4,10.0445,1.5,4.3875,78.39,0.0367,36.248,0.3434,0.356,BCC
3,10.9337,1.5,4.4,79.905,0.0405,35.036,0.3391,0.3587,BCC
3,10.1944,1.5,4.3975,80.865,0.0379,34.268,0.3601,0.3623,BCC
3,9.4783,1.45,4.3975,80.425,0.0361,34.62,0.352,0.3485,BCC
3,55.3455,1.65,4.1375,39.195,0.0419,12.805,0.4841,0.2996,BCC
3,47.1445,1.65,4.13,39.68,0.0441,12.32,0.506,0.2906,BCC
3,217.8062,1.65,4.1575,40.225,0.0437,12.7425,0.4778,0.3078,BCC
2,58.9093,1.65,4.2,39.8,0.0428,14.22,0.3922,0.2739,BCC
3,73.8085,1.65,4.1925,40.285,0.0441,13.638,0.4161,0.2953,BCC
4,136.6846,1.65,4.1775,41.255,0.0468,12.567,0.4623,0.3114,BCC
4,91.2647,1.6,4.17,41.3,0.0426,11.68,0.4721,0.2974,BCC
3,89.0581,1.6,4.2125,40.875,0.0421,12.9525,0.3853,0.2679,BCC
3,586.9078,1.6,4.1825,42.815,0.0475,11.631,0.4786,0.3003,BCC
3,111.3331,1.55,4.1975,41.405,0.0385,11.6275,0.4203,0.2866,BCC
2,84.1303,1.55,4.19,41.89,0.0396,11.385,0.4435,0.2892,BCC
3,64.8379,1.55,4.1825,42.375,0.0414,11.1425,0.4662,0.2867,BCC
4,85.4226,1.55,4.2325,41.465,0.0401,12.441,0.3533,0.2289,BCC
4,121.909,1.55,4.225,41.95,0.0415,12.15,0.3784,0.2614,BCC
4,43.7725,1.55,4.245,42.98,0.0441,12.224,0.3534,0.2316,BCC
4,16.4732,1.6,4.153,41.795,0.0373,14.251,0.4275,0.3377,BCC
3,23.5196,1.6,4.1555,40.835,0.0412,12.735,0.4647,0.3456,BCC
3,47.6614,1.6,4.1755,41.865,0.0428,13.1205,0.4715,0.3636,BCC
4,326.8932,1.6,4.1955,42.895,0.0428,13.512,0.4648,0.3792,BCC
3,27.3004,1.6,4.177,40.535,0.0414,13.035,0.4515,0.3768,BCC
3,44.0883,1.8,4.107,35.205,0.0356,14.5375,0.4454,0.4023,BCC
4,29.0629,1.75,4.1195,36.28,0.0366,14.482,0.4436,0.3918,BCC
4,32.0151,1.75,4.141,35.98,0.0389,14.662,0.439,0.4207,BCC
3,29.4078,1.75,4.1335,36.465,0.0409,14.371,0.4606,0.4071,BCC
2,16.1639,1.8,4.129,43.37,0.0442,14.171,0.5611,0.319,BCC
3,17.1098,1.8,4.1465,45.36,0.0438,15.152,0.5531,0.3248,BCC
3,20.5371,1.8,4.1815,49.34,0.0429,15.92,0.537,0.3333,BCC
3,15.3563,1.75,4.1315,41.97,0.0448,12.438,0.5453,0.3228,BCC
3,17.9075,1.75,4.1665,45.95,0.0438,14.68,0.5292,0.3368,BCC
3,14.1473,1.75,4.164,46.91,0.0371,15.832,0.4914,0.3137,BCC
3,20.0323,1.75,4.184,47.94,0.0433,15.204,0.5212,0.3421,BCC
3,14.8058,1.65,4.1865,46.1,0.0379,14.18,0.4577,0.333,BCC
3,12.7157,1.75,4.133,40.64,0.0427,12.54,0.5179,0.3366,BCC
4,18.4509,1.75,4.1705,43.66,0.047,13.968,0.5246,0.3689,BCC
3,17.9006,1.75,4.203,48.6,0.0406,16.53,0.4855,0.3594,BCC
3,26.943,1.65,4.213,43.88,0.045,11.894,0.4754,0.3971,BCC
2,14.7789,1.65,4.1905,43.81,0.0407,13.254,0.4626,0.364,BCC
3,25.5367,1.65,4.228,46.83,0.0426,13.976,0.4641,0.3952,BCC
4,16.079,1.6,4.2105,44.4,0.039,12.9,0.4378,0.3728,BCC
4,14.7463,1.75,4.172,42.33,0.0451,14.142,0.5022,0.3817,BCC
4,20.4741,1.65,4.2145,42.55,0.0436,12.09,0.4598,0.4097,BCC
3,16.3318,1.65,4.212,43.51,0.0417,13.434,0.4512,0.3995,BCC
4,18.8457,1.65,4.2295,45.5,0.041,14.6,0.4428,0.4077,BCC
3,14.1902,1.65,4.1985,39.23,0.0429,11.337,0.4503,0.4097,BCC
3,15.7651,1.65,4.216,41.22,0.0422,12.02,0.442,0.4221,BCC
3,1006.4588,1.8,4.1965,36.61,0.0461,14.939,0.391,0.4068,BCC
3,58.4188,1.8,4.194,37.57,0.0415,15.803,0.4003,0.4443,BCC
3,47.3924,1.75,4.1965,36.17,0.0402,14.543,0.3783,0.3981,BCC
3,46.1106,1.75,4.2065,38.645,0.041,14.866,0.394,0.4362,BCC
3,38.4643,1.7,4.199,34.77,0.0388,13.283,0.3556,0.3224,BCC
2,73.5279,1.65,4.224,37.36,0.0431,12.062,0.3535,0.3203,BCC
4,21.6997,1.65,4.209,36.805,0.0329,13.394,0.3526,0.3821,BCC
4,36.4782,1.65,4.2215,38.32,0.0391,12.734,0.3652,0.3844,BCC
4,46.2926,1.6,4.244,41.87,0.0393,11.381,0.3746,0.4108,BCC
2,131.594,1.8,4.2005,34.32,0.0468,13.98,0.3656,0.3457,BCC
3,32.9428,1.8,4.1955,36.24,0.0388,15.9,0.385,0.4565,BCC
3,61.9285,1.75,4.2005,33.88,0.042,13.54,0.356,0.3409,BCC
3,28.6722,1.75,4.198,34.84,0.0375,14.5,0.3631,0.4106,BCC
2,55.0064,1.75,4.2105,36.355,0.0429,14.3395,0.3723,0.4127,BCC
4,29.1048,1.75,4.208,37.315,0.0383,15.2035,0.379,0.4484,BCC
3,22.4622,1.65,4.213,34.515,0.0356,12.6835,0.3336,0.3314,BCC
4,24.7531,1.65,4.223,36.99,0.0364,13.172,0.3503,0.3971,BCC
4,42.5695,1.65,4.2355,38.505,0.0416,12.4935,0.3584,0.3994,BCC
2,27.8053,1.65,4.233,39.465,0.0372,13.1655,0.3665,0.4319,BCC
2,39.1817,1.8,4.1995,33.95,0.0411,14.675,0.3656,0.4311,BCC
2,32.5184,1.75,4.202,32.55,0.0395,13.135,0.3424,0.3533,BCC
4,70.584,1.75,4.2145,34.065,0.0437,13.355,0.3476,0.3552,BCC
2,19.7897,1.75,4.1995,33.51,0.0348,14.191,0.3456,0.4228,BCC
4,50.3314,1.7,4.227,35.14,0.043,12.876,0.3401,0.352,BCC
4,27.6344,1.65,4.237,37.175,0.0391,12.95,0.3453,0.4118,BCC
2,49.9767,1.8,4.2035,31.66,0.0422,12.992,0.3427,0.3698,BCC
4,24.3392,1.8,4.201,32.62,0.0386,14.144,0.3501,0.4431,BCC
3,35.6119,1.75,4.216,32.735,0.0414,12.9685,0.3355,0.3673,BCC
4,78.8925,1.75,4.2285,34.25,0.0447,13.17,0.3372,0.3691,BCC
4,21.5003,1.75,4.2135,33.695,0.0379,14.0245,0.3436,0.437,BCC
2,34.8456,1.75,4.226,35.21,0.0425,14.13,0.3523,0.4391,BCC
4,22.2488,1.75,4.2235,36.17,0.0389,15.09,0.36,0.4749,BCC
4,16.6922,1.8,4.2025,31.29,0.0361,13.347,0.3324,0.4549,BCC
3,26.1362,1.8,4.215,32.805,0.041,13.996,0.3458,0.457,BCC
2,23.864,1.75,4.2375,36.355,0.0413,14.905,0.3555,0.4891,BCC
2,147.3078,1.9,4.2065,29.88,0.0458,12.172,0.339,0.3982,BCC
2,140.6576,1.85,4.219,30.955,0.0448,12.5415,0.3313,0.3975,BCC
3,17.702,1.8,4.2065,29,0.0376,10.94,0.3129,0.3929,BCC
4,29.1694,1.8,4.219,30.515,0.0413,11.9695,0.3217,0.3945,BCC
4,27.2528,1.8,4.239,35.465,0.0438,15.2315,0.3557,0.511,BCC
4,17.0292,1.75,4.239,35.025,0.039,14.7475,0.3404,0.501,BCC
4,18.5359,1.8,4.2305,31.66,0.0404,13.088,0.3252,0.4823,BCC
2,17.0379,1.75,4.243,32.735,0.0395,13.172,0.318,0.4766,BCC
3,156.7919,1.9,4.2345,30.25,0.0446,11.95,0.3139,0.4222,BCC
2,21.094,1.95,4.0645,30.06,0.0343,8.912,0.4663,0.4115,BCC
4,17.7805,1.95,4.0745,32.535,0.0349,11.826,0.4774,0.4066,BCC
2,16.3857,1.9,4.077,31.135,0.0354,9.586,0.4657,0.4009,BCC
3,14.9125,1.9,4.087,33.61,0.0362,12.145,0.477,0.3956,BCC
4,14.6712,1.85,4.0795,29.735,0.0353,7.346,0.453,0.3891,BCC
4,11.6347,1.75,4.1295,33.39,0.0345,10.997,0.4204,0.3978,BCC
4,11.7429,1.75,4.1395,35.865,0.0358,12.588,0.433,0.3975,BCC
4,28.6736,1.95,4.076,27.285,0.0347,6.9735,0.4569,0.4343,BCC
2,22.1025,1.95,4.086,29.76,0.0363,9.002,0.4695,0.4404,BCC
2,21.6255,1.95,4.0785,30.245,0.0384,8.8565,0.49,0.4265,BCC
3,18.6673,1.95,4.096,32.235,0.0377,11.946,0.4819,0.4385,BCC
3,19.4125,1.9,4.0885,28.36,0.0363,7.28,0.4543,0.4248,BCC
4,17.1796,1.9,4.0985,30.835,0.0373,9.706,0.4671,0.4304,BCC
3,16.7619,1.9,4.091,31.32,0.0395,9.512,0.4878,0.4161,BCC
4,14.577,1.9,4.1185,35.785,0.0401,14.389,0.492,0.4199,BCC
4,15.4311,1.85,4.116,28.465,0.0344,8.2715,0.4079,0.4283,BCC
4,14.5031,1.85,4.111,31.91,0.0386,10.195,0.4644,0.4202,BCC
3,14.2736,1.85,4.136,33.415,0.0366,13.011,0.4347,0.4481,BCC
4,13.2884,1.8,4.121,30.025,0.0368,8.3375,0.4268,0.414,BCC
3,12.4563,1.8,4.1335,35.46,0.0411,12.348,0.4745,0.4068,BCC
4,11.9993,1.75,4.1535,36.05,0.0403,12.44,0.4503,0.4127,BCC
3,11.898,1.75,4.1635,38.525,0.0417,13.5175,0.4633,0.406,BCC
3,29.6923,1.95,4.105,26.5,0.0378,7.12,0.4269,0.4598,BCC
3,29.6836,1.95,4.0975,26.985,0.0391,7.012,0.449,0.4561,BCC
4,29.2097,1.95,4.09,27.47,0.0404,6.807,0.4707,0.449,BCC
4,28.3017,1.95,4.0825,27.955,0.0418,6.505,0.4921,0.4393,BCC
3,22.7332,1.95,4.1225,28.49,0.0374,9.707,0.4184,0.4839,BCC
4,22.9985,1.95,4.115,28.975,0.0387,9.4,0.4407,0.4768,BCC
3,22.4867,1.95,4.1,29.945,0.0414,8.9465,0.484,0.4551,BCC
4,21.7408,1.95,4.0925,30.43,0.0427,8.801,0.5051,0.4413,BCC
4,19.4527,1.95,4.1325,30.965,0.0383,12.454,0.4322,0.4943,BCC
4,19.5679,1.95,4.125,31.45,0.0397,12.26,0.4542,0.4824,BCC
3,19.3884,1.95,4.1175,31.935,0.041,12.066,0.4758,0.4686,BCC
3,18.925,1.95,4.11,32.42,0.0423,11.872,0.497,0.4531,BCC
2,19.8039,1.9,4.125,27.09,0.0368,7.887,0.4002,0.4519,BCC
3,20.0998,1.9,4.1175,27.575,0.0383,7.72,0.423,0.4515,BCC
2,19.7973,1.9,4.1025,28.545,0.0414,7.095,0.4671,0.4397,BCC
3,19.2177,1.9,4.095,29.03,0.043,6.637,0.4886,0.4295,BCC
3,16.8147,1.9,4.105,31.505,0.0441,9.438,0.5018,0.431,BCC
3,16.4998,1.9,4.145,32.04,0.039,12.93,0.4284,0.4849,BCC
3,16.5248,1.9,4.1375,32.525,0.0405,12.6875,0.4505,0.4726,BCC
3,16.3013,1.9,4.13,33.01,0.0421,12.445,0.4722,0.4585,BCC
4,15.0819,1.9,4.115,33.98,0.0452,11.96,0.5148,0.4257,BCC
2,15.641,1.85,4.115,29.62,0.0422,7.392,0.4633,0.4302,BCC
3,15.1054,1.85,4.1075,30.105,0.044,7.198,0.485,0.4197,BCC
3,14.9029,1.85,4.155,30.155,0.0363,11.0725,0.3872,0.4712,BCC
4,14.6644,1.85,4.125,32.095,0.0435,10.1025,0.4768,0.4351,BCC
3,14.7411,1.85,4.1575,33.115,0.0394,13.191,0.4244,0.4753,BCC
3,14.377,1.85,4.1425,34.085,0.0429,12.609,0.4686,0.4483,BCC
3,12.3269,1.75,4.1625,30.315,0.0364,9.271,0.387,0.4281,BCC
3,12.0884,1.75,4.1475,31.285,0.0408,8.689,0.433,0.4198,BCC
3,12.4757,1.75,4.165,33.275,0.0402,11.0775,0.4246,0.4393,BCC
4,30.3277,1.95,4.1265,26.2,0.0407,7.02,0.4113,0.4737,BCC
4,30.4611,1.95,4.119,26.685,0.0422,6.9905,0.4342,0.4742,BCC
3,30.0726,1.95,4.1115,27.17,0.0438,6.864,0.4566,0.4705,BCC
4,29.21,1.95,4.104,27.655,0.0453,6.6405,0.4787,0.4636,BCC
2,23.5085,1.95,4.1365,28.675,0.0418,9.5775,0.4258,0.4982,BCC
4,23.5331,1.95,4.129,29.16,0.0433,9.252,0.4483,0.4912,BCC
2,23.1833,1.95,4.1215,29.645,0.0449,9.0365,0.4705,0.4815,BCC
3,22.4809,1.95,4.114,30.13,0.0464,8.891,0.4923,0.4696,BCC
4,19.9566,1.95,4.139,31.635,0.0444,12.186,0.4623,0.4967,BCC
3,18.8399,1.95,4.124,32.605,0.0475,11.798,0.5059,0.4676,BCC
2,20.049,1.9,4.1465,26.79,0.0387,7.846,0.3829,0.4613,BCC
4,20.5014,1.9,4.139,27.275,0.0405,7.7575,0.4065,0.4662,BCC
2,20.6027,1.9,4.1315,27.76,0.0422,7.572,0.4295,0.466,BCC
2,17.4105,1.9,4.1265,31.205,0.047,9.558,0.488,0.4598,BCC
4,15.4458,1.85,4.1665,27.38,0.036,8.672,0.3531,0.4442,BCC
4,16.0481,1.85,4.159,27.865,0.038,8.5245,0.3777,0.4546,BCC
4,16.3417,1.85,4.1515,28.35,0.04,8.28,0.4015,0.4586,BCC
4,16.3629,1.85,4.144,28.835,0.042,7.9385,0.4247,0.4576,BCC
3,15.4582,1.85,4.169,30.34,0.0395,10.98,0.3928,0.4855,BCC
3,12.4741,1.75,4.169,30.985,0.041,8.869,0.4147,0.4405,BCC
2,30.6607,1.95,4.148,25.9,0.0423,6.86,0.3904,0.4817,BCC
3,31.0025,1.95,4.1405,26.385,0.044,6.909,0.414,0.4878,BCC
2,30.7385,1.95,4.133,26.87,0.0458,6.861,0.4371,0.4884,BCC
4,29.944,1.95,4.1255,27.355,0.0476,6.716,0.4597,0.4849,BCC
4,23.7202,1.95,4.143,29.345,0.0471,9.1265,0.4515,0.5054,BCC
4,20.6825,1.9,4.1605,26.975,0.0414,7.735,0.3848,0.4753,BCC
3,20.935,1.9,4.153,27.46,0.0433,7.628,0.4086,0.4804,BCC
3,15.1268,1.85,4.188,27.08,0.0376,8.63,0.3284,0.4382,BCC
2,16.0286,1.85,4.1805,27.565,0.0391,8.561,0.3543,0.4579,BCC
4,16.5036,1.85,4.173,28.05,0.0407,8.395,0.3791,0.4687,BCC
3,16.6452,1.85,4.1655,28.535,0.0424,8.132,0.4031,0.4728,BCC
3,14.2307,1.8,4.1855,29.125,0.0399,8.84,0.3732,0.4618,BCC
3,14.2695,1.8,4.178,29.61,0.0415,8.545,0.3974,0.4651,BCC
3,14.2006,1.8,4.1955,31.6,0.041,11.3,0.3887,0.4915,BCC
4,14.1758,1.8,4.2055,34.075,0.0423,13.3175,0.404,0.5052,BCC
3,31.1931,1.95,4.1545,26.57,0.0467,6.798,0.4132,0.5017,BCC
3,16.7598,1.85,4.187,28.235,0.0432,8.2655,0.3771,0.4826,BCC
2,14.2569,1.8,4.217,31.3,0.0418,11.48,0.3619,0.5071,BCC
3,14.296,1.8,4.2095,31.785,0.0436,11.189,0.3866,0.5056,BCC
4,89.3353,1.8,4.1615,32.63,0.0468,12.023,0.4077,0.2985,BCC
4,65.5928,1.75,4.1615,32.19,0.0408,11.539,0.3956,0.2928,BCC
3,61.3692,1.75,4.154,32.675,0.0419,11.1025,0.4194,0.3203,BCC
3,830.9726,1.75,4.1815,33.22,0.0448,12.28,0.3766,0.2484,BCC
4,922.3786,1.75,4.174,33.705,0.0462,11.795,0.4009,0.2949,BCC
4,40.704,1.7,4.174,33.265,0.0403,11.355,0.3892,0.2886,BCC
4,66.9009,1.65,4.2065,35.37,0.0435,11.276,0.3623,0.2457,BCC
3,251.5788,1.8,4.1555,31.785,0.0457,10.972,0.42,0.3415,BCC
4,75.002,1.8,4.183,32.33,0.0473,12.293,0.3742,0.2642,BCC
3,20.8666,1.75,4.143,29.83,0.034,9.649,0.387,0.3316,BCC
4,33.8808,1.75,4.163,30.86,0.0382,10.832,0.3808,0.3065,BCC
4,33.8242,1.75,4.1555,31.345,0.0393,10.444,0.4049,0.3338,BCC
3,33.1151,1.75,4.148,31.83,0.0404,10.056,0.4284,0.3497,BCC
2,79.0559,1.75,4.183,31.89,0.0424,11.809,0.3649,0.2626,BCC
3,73.2387,1.75,4.1755,32.375,0.0437,11.3725,0.3896,0.3086,BCC
4,66.7317,1.75,4.168,32.86,0.045,10.936,0.4135,0.3361,BCC
3,22.5265,1.65,4.188,33.01,0.0371,10.73,0.3683,0.2982,BCC
3,20.0761,1.65,4.158,34.95,0.0428,8.79,0.4626,0.3413,BCC
4,29.6327,1.8,4.1445,28.94,0.0372,9.164,0.394,0.3523,BCC
4,58.4211,1.8,4.157,30.455,0.0432,10.0915,0.4072,0.3544,BCC
4,54.8822,1.8,4.1495,30.94,0.0445,9.752,0.4307,0.3719,BCC
3,50.8808,1.8,4.142,31.425,0.0459,9.4125,0.4537,0.381,BCC
2,7110.1149,1.8,4.1845,31,0.0449,11.6,0.3637,0.2774,BCC
4,488.9973,1.8,4.177,31.485,0.0465,11.212,0.3884,0.3268,BCC
3,14.6039,1.75,4.107,30.925,0.042,6.985,0.4786,0.3615,BCC
4,22.4536,1.75,4.157,30.015,0.0366,9.5195,0.3884,0.347,BCC
2,36.4178,1.75,4.1845,30.56,0.0399,11.072,0.3515,0.2762,BCC
3,36.7619,1.75,4.177,31.045,0.0412,10.684,0.3766,0.3218,BCC
3,36.1406,1.75,4.1695,31.53,0.0425,10.296,0.4009,0.3492,BCC
3,34.8705,1.75,4.162,32.015,0.0439,9.908,0.4245,0.3652,BCC
2,88.2892,1.75,4.197,32.075,0.0442,11.6425,0.3565,0.278,BCC
4,616.5192,1.75,4.2095,33.59,0.0473,11.91,0.3555,0.2797,BCC
3,18.947,1.7,4.1695,31.09,0.036,9.768,0.3826,0.3414,BCC
2,376.2023,1.9,4.126,27.46,0.0435,7.952,0.428,0.3967,BCC
3,53.6582,1.85,4.146,28.05,0.0414,8.66,0.3986,0.3718,BCC
3,19.2321,1.8,4.146,27.61,0.0353,8.132,0.3747,0.365,BCC
2,31.1027,1.8,4.166,28.64,0.0394,9.368,0.3682,0.3375,BCC
3,31.3615,1.8,4.1585,29.125,0.0407,8.9975,0.3926,0.3671,BCC
3,30.1374,1.8,4.1435,30.095,0.0436,8.363,0.4396,0.3938,BCC
4,15.9876,1.75,4.1585,28.685,0.0344,8.5135,0.3694,0.36,BCC
3,23.7106,1.75,4.171,30.2,0.04,9.39,0.3865,0.3621,BCC
2,56.24,1.95,4.1275,26.57,0.0473,7.211,0.4309,0.4165,BCC
3,638.3004,1.9,4.1475,27.16,0.045,7.978,0.4012,0.39,BCC
4,27.432,1.85,4.1325,27.69,0.0426,7.049,0.4289,0.4136,BCC
3,55.7791,1.85,4.16,28.235,0.0442,8.512,0.3949,0.386,BCC
2,53.0623,1.85,4.1525,28.72,0.0458,8.182,0.4187,0.4054,BCC
3,32.7936,1.8,4.18,28.825,0.0419,9.22,0.3638,0.3517,BCC
3,32.6255,1.8,4.1725,29.31,0.0434,8.834,0.3885,0.3816,BCC
2,31.8244,1.8,4.165,29.795,0.045,8.543,0.4124,0.3993,BCC
3,16.305,1.75,4.18,28.385,0.0362,8.692,0.3449,0.3472,BCC
4,24.6653,1.75,4.1925,29.9,0.0411,9.6,0.3571,0.3491,BCC
4,24.6381,1.75,4.185,30.385,0.0427,9.2605,0.382,0.3768,BCC
3,23.1911,1.75,4.17,31.355,0.0458,8.5815,0.4296,0.4013,BCC
2,553.0341,1.9,4.1615,27.345,0.0471,7.8485,0.3954,0.4037,BCC
2,33.3938,1.8,4.1865,29.495,0.0453,8.723,0.382,0.3957,BCC
3,16.044,1.75,4.164,30.51,0.045,7.234,0.4392,0.4163,BCC
3,15.4881,1.75,4.178,30.695,0.0477,7.123,0.4346,0.4311,BCC
4,44.7503,2,4.0765,32.19,0.0413,12.695,0.5261,0.4252,BCC
4,54.3623,2,4.0615,33.16,0.0431,12.21,0.569,0.3993,BCC
3,139.3556,2,4.078,30.86,0.0385,11.456,0.5047,0.4376,BCC
2,236.6004,2,4.063,31.83,0.0408,11.068,0.5471,0.4119,BCC
3,45.4564,2,4.098,31.89,0.0458,12.845,0.5068,0.4496,BCC
4,50.3205,2,4.0905,32.375,0.0469,12.6025,0.5287,0.4401,BCC
4,40.9302,2,4.0605,32.79,0.0357,12.604,0.5151,0.4049,BCC
3,127.3714,2,4.0805,33.82,0.0402,13.8,0.5391,0.4245,BCC
3,105.9598,2,4.073,34.305,0.0421,13.5575,0.5601,0.4075,BCC
3,43.4265,2,4.082,28.57,0.0435,8.757,0.4969,0.4403,BCC
3,90.1731,2,4.0645,30.5,0.0391,9.66,0.5217,0.4244,BCC
3,130.4412,2,4.0995,30.56,0.0431,11.576,0.4888,0.4618,BCC
4,162.6897,2,4.092,31.045,0.0443,11.382,0.5107,0.4523,BCC
4,218.2133,2,4.0845,31.53,0.0454,11.188,0.5323,0.4406,BCC
2,341.6107,2,4.077,32.015,0.0465,10.994,0.5538,0.4269,BCC
3,45.9629,2,4.0895,32.005,0.0362,12.918,0.4928,0.4521,BCC
2,44.0754,2,4.082,32.49,0.0384,12.724,0.5136,0.4367,BCC
4,41.6497,2,4.0745,32.975,0.0402,12.53,0.5342,0.4199,BCC
3,148.299,2,4.0835,27.24,0.0408,7.688,0.4764,0.4526,BCC
2,181.4005,2,4.076,27.725,0.0419,7.4575,0.4981,0.446,BCC
2,238.3874,2,4.0685,28.21,0.043,7.13,0.5195,0.4367,BCC
4,43.2826,2,4.1035,28.27,0.0469,8.924,0.4762,0.4581,BCC
4,97.6142,2,4.086,30.2,0.0427,9.75,0.5114,0.4528,BCC
4,118.9019,2,4.121,30.26,0.0466,11.696,0.4681,0.4829,BCC
3,48.9802,2,4.111,31.705,0.0413,13.038,0.4818,0.4802,BCC
3,46.9697,2,4.1035,32.19,0.0424,12.844,0.5034,0.4666,BCC
3,41.3036,2,4.0885,33.16,0.0447,12.456,0.5459,0.4347,BCC
3,139.5953,2,4.105,26.94,0.0445,7.692,0.4588,0.4702,BCC
4,171.864,2,4.0975,27.425,0.0458,7.54,0.481,0.4671,BCC
3,49.7499,2,4.125,31.89,0.0463,12.964,0.4868,0.4945,BCC
4,42.2465,1.65,4.1475,45.855,0.0411,16.5725,0.5071,0.3112,BCC
4,35.9895,1.6,4.15,44.455,0.0408,14.808,0.4916,0.3094,BCC
2,117.3294,1.6,4.19,46.515,0.0449,14.661,0.4964,0.3519,BCC
3,804.4471,1.65,4.155,41.45,0.0396,14.09,0.4702,0.3578,BCC
4,259.4761,1.65,4.1475,41.935,0.0418,13.896,0.4921,0.3447,BCC
4,144.3037,1.65,4.14,42.42,0.044,13.702,0.5139,0.3293,BCC
2,58.1882,1.65,4.1825,41.995,0.0389,14.6625,0.4425,0.3787,BCC
3,84.4557,1.65,4.1675,42.965,0.0438,14.1775,0.4877,0.3605,BCC
3,89.4823,1.6,4.1875,43.555,0.0403,13.8825,0.4596,0.3608,BCC
3,322.9681,1.95,4.075,33.08,0.0365,13.052,0.5154,0.4001,BCC
3,672.1486,1.95,4.0675,33.565,0.0374,12.761,0.5366,0.3876,BCC
2,183.3568,1.95,4.105,36.585,0.0448,15.532,0.5319,0.4189,BCC
2,56.0414,1.95,4.095,38.03,0.0383,16.296,0.5416,0.3971,BCC
3,46.3536,1.95,4.08,39,0.0417,15.52,0.5835,0.3578,BCC
3,67.6663,1.9,4.08,34.64,0.0391,12.762,0.5329,0.377,BCC
4,875.1184,1.9,4.1075,35.185,0.0445,13.852,0.5129,0.4031,BCC
3,352.7823,1.9,4.0925,36.155,0.0472,13.076,0.5565,0.3796,BCC
3,169.8767,1.9,4.125,37.175,0.0441,15.4525,0.5049,0.4214,BCC
4,80.6367,1.9,4.135,39.65,0.0451,16.17,0.5189,0.4224,BCC
3,684.5781,1.85,4.1175,33.3,0.0421,12.56,0.4714,0.3788,BCC
2,119.254,1.85,4.135,35.29,0.0417,14.349,0.4632,0.4071,BCC
4,102.0152,1.85,4.1275,35.775,0.0432,13.9125,0.4856,0.4017,BCC
4,87.6837,1.85,4.12,36.26,0.0448,13.476,0.5077,0.3933,BCC
3,33.2852,1.85,4.1175,37.22,0.0388,14.532,0.4996,0.3957,BCC
3,31.9363,1.85,4.11,37.705,0.0401,14.0955,0.521,0.3806,BCC
2,28.1942,1.85,4.095,38.675,0.0432,13.2225,0.5634,0.345,BCC
4,75.2883,1.85,4.1525,37.28,0.0412,15.74,0.4551,0.4307,BCC
3,63.7015,1.85,4.1375,38.25,0.0443,14.77,0.4997,0.4114,BCC
3,30.5097,1.85,4.135,39.21,0.0384,15.73,0.4914,0.4094,BCC
3,28.3107,1.85,4.12,40.18,0.041,14.76,0.5342,0.3748,BCC
3,54.4247,1.85,4.155,40.24,0.0439,15.666,0.4917,0.4268,BCC
3,33.8546,1.8,4.1175,32.86,0.0359,12.032,0.4459,0.3677,BCC
2,3123.0808,1.8,4.15,35.405,0.0459,12.895,0.4533,0.3702,BCC
2,527.7114,1.8,4.1425,35.89,0.0471,12.41,0.476,0.3727,BCC
2,29.8057,1.8,4.135,34.85,0.0355,13.865,0.4376,0.3957,BCC
4,29.6826,1.8,4.1275,35.335,0.037,13.4285,0.4599,0.3897,BCC
4,29.0903,1.8,4.12,35.82,0.0386,12.992,0.4818,0.3807,BCC
4,28.1047,1.8,4.1125,36.305,0.0401,12.5555,0.5035,0.3691,BCC
4,57.7258,1.8,4.155,35.88,0.0395,14.34,0.435,0.4004,BCC
4,54.984,1.8,4.1475,36.365,0.0413,13.855,0.4578,0.3981,BCC
4,51.5536,1.8,4.14,36.85,0.0431,13.37,0.4803,0.3922,BCC
4,172.1904,1.8,4.16,37.88,0.0467,13.542,0.468,0.4006,BCC
3,18.0564,1.8,4.1025,37.75,0.0364,13.175,0.4999,0.3495,BCC
4,27.7244,1.8,4.145,37.325,0.0366,14.815,0.4516,0.4101,BCC
2,27.4809,1.8,4.1375,37.81,0.0381,14.33,0.4737,0.3987,BCC
2,26.8126,1.8,4.13,38.295,0.0397,13.845,0.4954,0.3851,BCC
4,25.779,1.8,4.1225,38.78,0.0412,13.36,0.517,0.3696,BCC
3,24.4107,1.8,4.115,39.265,0.0428,12.875,0.5383,0.3523,BCC
4,22.7047,1.8,4.1075,39.75,0.0444,12.39,0.5596,0.3331,BCC
4,49.2566,1.8,4.1725,37.87,0.039,15.473,0.4267,0.4273,BCC
2,48.3841,1.8,4.165,38.355,0.0408,14.9395,0.4496,0.4214,BCC
2,46.4009,1.8,4.1575,38.84,0.0426,14.406,0.4722,0.4126,BCC
3,43.776,1.8,4.15,39.325,0.0443,13.8725,0.4945,0.4013,BCC
4,40.7404,1.8,4.1425,39.81,0.0461,13.339,0.5165,0.3878,BCC
4,18.0387,1.8,4.12,39.74,0.0358,14.32,0.4918,0.3606,BCC
3,17.3996,1.8,4.1125,40.225,0.0374,13.835,0.512,0.3404,BCC
2,16.4768,1.8,4.105,40.71,0.0386,13.35,0.532,0.3184,BCC
2,26.7189,1.8,4.1625,39.315,0.0361,15.8035,0.4433,0.4273,BCC
3,26.8141,1.8,4.155,39.8,0.0377,15.27,0.4655,0.414,BCC
2,26.4061,1.8,4.1475,40.285,0.0392,14.7365,0.4873,0.3988,BCC
2,25.5854,1.8,4.14,40.77,0.0408,14.203,0.5089,0.3819,BCC
2,22.8469,1.8,4.125,41.74,0.0439,13.392,0.5516,0.3432,BCC
3,42.7113,1.8,4.1675,41.315,0.0438,14.548,0.4864,0.4165,BCC
3,40.1785,1.8,4.16,41.8,0.0456,14.16,0.5085,0.4014,BCC
4,16.9188,1.8,4.1225,42.7,0.0381,14.64,0.5239,0.3263,BCC
3,26.7408,1.8,4.165,42.275,0.0388,15.7,0.4792,0.4104,BCC
3,43.9277,1.8,4.185,43.305,0.0433,15.5355,0.4784,0.4295,BCC
3,17.6653,1.8,4.14,44.69,0.0376,15.688,0.5159,0.3329,BCC
2,27.4081,1.8,4.175,44.75,0.0399,16.155,0.4927,0.4011,BCC
4,25.0063,1.8,4.16,45.72,0.043,15.282,0.5356,0.359,BCC
3,23.0431,1.8,4.1525,46.205,0.0446,14.8455,0.5567,0.3358,BCC
4,17.5949,1.8,4.15,47.165,0.038,15.9015,0.5277,0.3129,BCC
3,25.3606,1.75,4.1375,33.45,0.0343,12.325,0.4186,0.3573,BCC
2,25.4236,1.75,4.13,33.935,0.0361,11.8885,0.4414,0.3588,BCC
4,25.069,1.75,4.1225,34.42,0.0379,11.452,0.4637,0.3558,BCC
4,45.209,1.75,4.1575,34.48,0.0378,12.94,0.4144,0.3523,BCC
4,43.9445,1.75,4.15,34.965,0.0393,12.455,0.4377,0.3598,BCC
4,41.9448,1.75,4.1425,35.45,0.0413,11.97,0.4604,0.3614,BCC
4,174.2161,1.75,4.1775,35.51,0.0432,13.349,0.4002,0.3394,BCC
2,134.009,1.75,4.17,35.995,0.0443,12.8155,0.4239,0.3547,BCC
3,107.3659,1.75,4.1625,36.48,0.0454,12.282,0.447,0.3622,BCC
4,73.432,1.75,4.1475,37.45,0.0476,11.215,0.4923,0.3611,BCC
3,16.8993,1.75,4.1125,35.865,0.0339,12.0715,0.4643,0.3557,BCC
4,16.4895,1.75,4.105,36.35,0.0361,11.635,0.4852,0.3412,BCC
4,15.8421,1.75,4.0975,36.835,0.0382,11.1985,0.5058,0.3246,BCC
2,24.2033,1.75,4.155,35.44,0.0338,13.9,0.4101,0.3895,BCC
4,24.5834,1.75,4.1475,35.925,0.0356,13.415,0.433,0.3865,BCC
2,24.4905,1.75,4.14,36.41,0.0374,12.93,0.4554,0.38,BCC
3,24.0086,1.75,4.1325,36.895,0.0391,12.445,0.4775,0.3705,BCC
2,23.1856,1.75,4.125,37.38,0.0409,11.96,0.4993,0.3584,BCC
3,22.0444,1.75,4.1175,37.865,0.0427,11.475,0.5209,0.344,BCC
4,20.5776,1.75,4.11,38.35,0.0445,10.99,0.5423,0.3275,BCC
3,40.7367,1.75,4.1675,36.955,0.0387,13.6795,0.4294,0.3919,BCC
4,39.593,1.75,4.16,37.44,0.0407,13.146,0.4523,0.389,BCC
4,35.5592,1.75,4.145,38.41,0.0447,12.079,0.4971,0.3731,BCC
3,32.9643,1.75,4.1375,38.895,0.0467,11.5455,0.5192,0.3611,BCC
3,106.4064,1.75,4.1875,37.985,0.044,13.738,0.4156,0.3928,BCC
3,78.5452,1.75,4.1725,38.955,0.0462,12.574,0.4618,0.3915,BCC
3,67.6762,1.75,4.165,39.44,0.0473,11.992,0.4844,0.3851,BCC
3,16.2191,1.75,4.115,38.825,0.0375,12.435,0.4976,0.3378,BCC
2,24.4101,1.75,4.1575,38.4,0.0368,14.01,0.4471,0.4002,BCC
3,23.4857,1.75,4.1425,39.37,0.0404,12.943,0.4912,0.3744,BCC
2,22.4815,1.75,4.135,39.855,0.0422,12.4095,0.5128,0.3584,BCC
4,19.3606,1.75,4.12,40.825,0.0457,11.3425,0.5556,0.3209,BCC
2,39.515,1.75,4.185,38.945,0.0381,14.506,0.421,0.4185,BCC
2,39.1554,1.75,4.1775,39.43,0.0401,13.924,0.4441,0.412,BCC
4,37.8512,1.75,4.17,39.915,0.0421,13.342,0.4667,0.4027,BCC
3,90.1095,1.75,4.1975,40.46,0.0447,13.632,0.4307,0.4209,BCC
3,17.273,1.75,4.14,40.33,0.0347,13.807,0.4688,0.368,BCC
2,16.7898,1.75,4.1325,40.815,0.0369,13.2735,0.4895,0.349,BCC
4,14.89,1.75,4.1175,41.785,0.0399,12.549,0.5301,0.3056,BCC
3,24.1987,1.75,4.1825,39.905,0.0345,15.274,0.416,0.4289,BCC
4,24.8218,1.75,4.175,40.39,0.0363,14.692,0.4388,0.4173,BCC
3,24.3108,1.75,4.16,41.36,0.0399,13.658,0.4831,0.388,BCC
4,20.3802,1.75,4.1375,42.815,0.0452,12.6395,0.5476,0.3311,BCC
2,40.3266,1.75,4.195,41.42,0.0395,14.464,0.4358,0.4314,BCC
3,39.5574,1.75,4.1875,41.905,0.0415,14.076,0.4586,0.4198,BCC
2,37.8651,1.75,4.18,42.39,0.0435,13.688,0.4811,0.4061,BCC
4,35.5759,1.75,4.1725,42.875,0.0455,13.3,0.5032,0.3906,BCC
2,32.817,1.75,4.165,43.36,0.0475,12.912,0.5252,0.3734,BCC
3,17.6262,1.75,4.15,42.805,0.0362,14.5665,0.4813,0.3584,BCC
3,16.8999,1.75,4.1425,43.29,0.038,14.227,0.5018,0.3369,BCC
4,15.7879,1.75,4.135,43.775,0.0394,13.8875,0.5221,0.3136,BCC
3,26.0837,1.75,4.185,42.865,0.0376,15.228,0.4528,0.4165,BCC
4,25.7922,1.75,4.1775,43.35,0.0394,14.84,0.4749,0.3995,BCC
4,23.7103,1.75,4.1625,44.32,0.0429,14.064,0.5182,0.3612,BCC
3,21.9316,1.75,4.155,44.805,0.0447,13.676,0.5396,0.3397,BCC
4,36.4513,1.75,4.1825,45.35,0.047,13.695,0.5173,0.3838,BCC
4,28.1967,1.75,4.195,45.34,0.0388,15.624,0.4667,0.4094,BCC
3,26.1979,1.75,4.18,46.31,0.0424,14.751,0.5102,0.3692,BCC
3,24.2922,1.75,4.1725,46.795,0.0442,14.3145,0.5316,0.347,BCC
3,21.3466,1.75,4.1875,49.745,0.0379,15.515,0.4978,0.3304,BCC
3,32.273,1.7,4.155,36.525,0.0405,11.3525,0.4548,0.3523,BCC
4,75.9415,1.7,4.19,36.585,0.0426,12.618,0.3936,0.3335,BCC
3,21.9528,1.7,4.16,37,0.0355,12.75,0.4282,0.3772,BCC
3,21.2806,1.7,4.145,37.97,0.0395,11.683,0.473,0.36,BCC
3,20.4344,1.7,4.1375,38.455,0.0415,11.1495,0.4949,0.3475,BCC
3,34.098,1.7,4.1875,37.545,0.0371,13.386,0.4,0.3825,BCC
2,31.8657,1.7,4.165,39,0.0421,11.64,0.4693,0.3727,BCC
2,70.8276,1.7,4.2,39.06,0.0434,12.652,0.4091,0.3849,BCC
2,22.7743,1.7,4.17,39.475,0.0369,12.99,0.4425,0.3901,BCC
4,22.3998,1.7,4.1625,39.96,0.0389,12.408,0.4648,0.3779,BCC
4,35.409,1.7,4.19,40.505,0.0392,12.6935,0.4384,0.4025,BCC
4,34.1626,1.7,4.1825,40.99,0.0415,12.063,0.4612,0.3927,BCC
4,32.323,1.7,4.175,41.475,0.0437,11.6575,0.4837,0.3805,BCC
4,16.6392,1.7,4.1525,41.405,0.0359,12.777,0.4661,0.3566,BCC
3,15.9816,1.7,4.145,41.89,0.038,12.486,0.487,0.3371,BCC
4,24.0442,1.7,4.18,41.95,0.0383,13.245,0.4566,0.393,BCC
4,23.3688,1.7,4.1725,42.435,0.0403,12.9055,0.4787,0.377,BCC
4,22.2489,1.7,4.165,42.92,0.0423,12.566,0.5005,0.3593,BCC
2,36.2627,1.7,4.1925,43.465,0.043,12.828,0.4756,0.3956,BCC
4,19.3617,1.65,4.1625,35.6,0.0335,11.49,0.4088,0.3404,BCC
3,28.9936,1.65,4.19,36.145,0.036,12.266,0.3785,0.3249,BCC
3,29.3134,1.65,4.1825,36.63,0.0369,11.684,0.4026,0.3375,BCC
3,28.8278,1.65,4.175,37.115,0.0378,11.102,0.4261,0.343,BCC
4,56.2132,1.65,4.2025,37.66,0.0421,11.672,0.3869,0.3273,BCC
3,52.5146,1.65,4.195,38.145,0.0432,11.0415,0.4109,0.34,BCC
3,14.3364,1.65,4.1675,36.075,0.0282,12.8875,0.369,0.3693,BCC
4,20.637,1.65,4.1725,38.075,0.0351,11.87,0.4234,0.3676,BCC
2,20.3646,1.65,4.165,38.56,0.0373,11.288,0.4461,0.3599,BCC
4,31.385,1.65,4.1925,39.105,0.0375,11.7135,0.4178,0.3744,BCC
2,30.4958,1.65,4.185,39.59,0.0389,11.083,0.441,0.3702,BCC
3,55.9906,1.65,4.205,40.62,0.044,10.672,0.4261,0.3769,BCC
3,14.8172,1.65,4.185,38.065,0.0276,13.802,0.3599,0.3952,BCC
2,22.2704,1.65,4.19,40.065,0.0345,12.3855,0.4149,0.3902,BCC
3,34.5291,1.65,4.2025,41.58,0.0382,11.584,0.4327,0.3927,BCC
3,33.02,1.65,4.195,42.065,0.0406,11.2445,0.4556,0.3825,BCC
2,72.1863,1.65,4.2225,42.61,0.0436,11.592,0.4179,0.4027,BCC
2,16.9089,1.65,4.1725,41.995,0.035,12.423,0.4419,0.3632,BCC
2,24.6884,1.65,4.2,42.54,0.036,12.832,0.4294,0.3968,BCC
4,24.2485,1.65,4.1925,43.025,0.0383,12.4925,0.452,0.3823,BCC
3,23.2544,1.65,4.185,43.51,0.0405,12.153,0.4742,0.3659,BCC
4,39.6289,1.65,4.2125,44.055,0.0399,12.356,0.4474,0.3993,BCC
3,18.2456,1.65,4.1825,44.47,0.0365,13.401,0.455,0.3554,BCC
4,28.2221,1.65,4.21,45.015,0.0376,13.508,0.4437,0.3951,BCC
3,27.1383,1.6,4.2025,37.22,0.0356,11.364,0.3722,0.3183,BCC
4,37.2009,1.6,4.2225,42.17,0.0368,11.171,0.4034,0.3909,BCC
3,47.7859,1.6,4.2325,44.645,0.0375,11.884,0.4185,0.4017,BCC
4,12.188,1.9,4.789,75.74,0.0328,13.876,0.1185,0.1679,FCC
4,5.7421,1.9,4.7815,79.1,0.0342,12.04,0.1266,0.1701,FCC
4,12.051,1.85,4.7565,77.305,0.0353,14.502,0.1299,0.1702,FCC
4,15.5396,1.85,4.724,77.22,0.0342,14.468,0.1291,0.1696,FCC
4,14.381,1.9,4.7815,73.6,0.0317,16.34,0.1174,0.1678,FCC
4,175.6154,1.85,4.7565,71.805,0.0327,17.893,0.1204,0.1678,FCC
4,37.0016,1.85,4.724,71.72,0.0324,17.842,0.1205,0.1676,FCC
4,6.3683,1.9,4.774,76.96,0.033,15.054,0.1249,0.1699,FCC
4,14.9069,1.8,4.7165,76.73,0.0355,17.905,0.1371,0.1716,FCC
4,7.0293,1.95,4.799,73.255,0.0296,16.8575,0.1127,0.1675,FCC
3,7.6549,1.95,4.7665,73.17,0.029,16.815,0.1119,0.1673,FCC
4,13.3975,1.9,4.8065,71.545,0.0307,18.427,0.1161,0.1676,FCC
3,42.5467,1.85,4.814,69.835,0.0311,19.6545,0.1183,0.1674,FCC
4,199.3627,1.85,4.7815,69.75,0.0316,19.595,0.1191,0.1676,FCC
3,68.023,1.85,4.749,69.665,0.0316,19.5355,0.1193,0.1677,FCC
3,27.5447,1.85,4.7165,69.58,0.0312,19.476,0.1191,0.1675,FCC
2,27.155,1.8,4.789,68.04,0.032,20.472,0.1209,0.1674,FCC
4,14.6834,1.75,4.7965,66.33,0.0326,21.007,0.1216,0.167,FCC
3,10.6037,1.75,4.764,66.245,0.0331,20.9305,0.1232,0.1675,FCC
3,8.1347,1.75,4.7315,66.16,0.0334,20.854,0.1244,0.1678,FCC
4,6.4437,1.75,4.699,66.075,0.0336,20.7775,0.1251,0.1678,FCC
3,8.3927,1.7,4.7715,64.535,0.0336,21.115,0.1236,0.167,FCC
3,5.3504,1.7,4.7065,64.365,0.0344,20.945,0.1267,0.1678,FCC
4,3.5618,1.7,4.6415,64.195,0.0345,20.775,0.1282,0.1677,FCC
4,7.611,1.9,4.734,74.735,0.0304,17.5975,0.1214,0.1691,FCC
4,23.6694,1.85,4.709,72.94,0.0316,19.264,0.1254,0.1692,FCC
3,15.606,1.8,4.8465,71.57,0.0341,20.869,0.1298,0.1698,FCC
4,39.895,1.8,4.7815,71.4,0.0351,20.75,0.1309,0.1703,FCC
4,206.4445,1.8,4.749,71.315,0.0348,20.6905,0.1308,0.1702,FCC
4,59.6634,1.8,4.7165,71.23,0.0341,20.631,0.1302,0.1699,FCC
3,25.9381,1.75,4.7565,69.605,0.0359,21.724,0.1335,0.1704,FCC
2,10.9665,1.75,4.6915,69.435,0.0352,21.588,0.1334,0.17,FCC
3,9.9752,1.7,4.7315,67.81,0.0368,22.339,0.1361,0.1705,FCC
3,7.6096,1.7,4.699,67.725,0.0368,22.2625,0.1364,0.1704,FCC
4,10.3582,1.65,4.7715,66.185,0.0368,22.765,0.1361,0.17,FCC
1,6.1538,1.65,4.7065,66.015,0.0377,22.595,0.1384,0.1705,FCC
3,6.9446,1.85,4.734,76.385,0.033,18.4225,0.1312,0.1713,FCC
4,17.6807,1.8,4.709,74.59,0.0342,20.254,0.1351,0.1714,FCC
4,9.5312,1.7,4.659,71,0.0367,22.84,0.1423,0.1716,FCC
2,7.5561,1.95,4.7915,71.115,0.0286,18.859,0.1111,0.1674,FCC
2,12.4631,1.9,4.8315,69.49,0.0294,20.103,0.1147,0.1672,FCC
2,15.228,1.9,4.799,69.405,0.0298,20.0435,0.115,0.1674,FCC
4,19.8021,1.9,4.7665,69.32,0.0296,19.984,0.1147,0.1674,FCC
4,30.7091,1.85,4.839,67.78,0.0296,20.954,0.1166,0.1668,FCC
2,67.2624,1.85,4.8065,67.695,0.0302,20.886,0.1176,0.1672,FCC
4,268.7955,1.85,4.774,67.61,0.0306,20.818,0.1181,0.1675,FCC
3,21.611,1.85,4.709,67.44,0.03,20.682,0.1176,0.1673,FCC
4,41.7182,1.8,4.814,65.985,0.0308,21.3865,0.119,0.1668,FCC
3,14.4206,1.8,4.749,65.815,0.0315,21.2335,0.121,0.1676,FCC
4,7.9139,1.8,4.684,65.645,0.0311,21.0805,0.121,0.1674,FCC
4,34.8447,1.75,4.854,64.36,0.0301,21.63,0.1173,0.1652,FCC
3,19.0111,1.75,4.8215,64.275,0.0312,21.545,0.1195,0.1661,FCC
4,9.5769,1.75,4.7565,64.105,0.032,21.375,0.1227,0.1674,FCC
4,7.4407,1.75,4.724,64.02,0.0324,21.29,0.1237,0.1676,FCC
4,22.4794,1.7,4.8615,62.65,0.0292,21.455,0.1162,0.1641,FCC
4,10.0053,1.7,4.7965,62.48,0.0322,21.268,0.1214,0.1662,FCC
3,7.686,1.7,4.764,62.395,0.033,21.1745,0.1234,0.1669,FCC
3,6.1147,1.7,4.7315,62.31,0.0332,21.081,0.125,0.1674,FCC
2,4.0051,1.7,4.6665,62.14,0.0336,20.894,0.1269,0.1677,FCC
4,3.5995,1.65,4.674,60.43,0.0343,20.326,0.1285,0.1678,FCC
4,5.7377,1.9,4.8565,72.935,0.0324,19.951,0.1239,0.1699,FCC
2,6.23,1.9,4.824,72.85,0.0323,19.9,0.1235,0.17,FCC
4,7.4177,1.9,4.759,72.68,0.0307,19.798,0.1212,0.1695,FCC
2,8.1937,1.9,4.7265,72.595,0.0291,19.747,0.1192,0.1689,FCC
2,8.5569,1.85,4.864,71.225,0.0327,21.3175,0.1266,0.1696,FCC
3,11.8969,1.85,4.799,71.055,0.0332,21.1985,0.1267,0.1701,FCC
2,14.7426,1.85,4.7665,70.97,0.0327,21.139,0.1261,0.17,FCC
2,19.6214,1.85,4.734,70.885,0.0318,21.0795,0.125,0.1696,FCC
3,30.4105,1.85,4.7015,70.8,0.0303,21.02,0.1234,0.169,FCC
3,13.4619,1.8,4.8715,69.515,0.0324,22.342,0.1281,0.1691,FCC
3,18.3356,1.8,4.839,69.43,0.0334,22.274,0.1291,0.1697,FCC
4,62.632,1.8,4.774,69.26,0.0341,22.138,0.1298,0.1702,FCC
2,224.1784,1.8,4.7415,69.175,0.0337,22.07,0.1294,0.1701,FCC
4,37.504,1.8,4.709,69.09,0.0329,22.002,0.1286,0.1697,FCC
4,19.3337,1.8,4.6765,69.005,0.0315,21.934,0.1273,0.1691,FCC
3,487.0604,1.75,4.814,67.635,0.034,22.8715,0.1315,0.1697,FCC
2,40.7169,1.75,4.7815,67.55,0.0348,22.795,0.1323,0.1701,FCC
1,13.4881,1.75,4.7165,67.38,0.0347,22.642,0.1325,0.1701,FCC
2,9.6613,1.75,4.684,67.295,0.034,22.5655,0.132,0.1698,FCC
4,7.2023,1.75,4.6515,67.21,0.0328,22.489,0.1309,0.1692,FCC
4,8.9545,1.7,4.724,65.67,0.0359,22.94,0.1352,0.1703,FCC
4,6.8997,1.7,4.6915,65.585,0.0357,22.855,0.1354,0.1702,FCC
4,5.4041,1.7,4.659,65.5,0.0351,22.77,0.1351,0.1699,FCC
3,9.2762,1.65,4.764,64.045,0.0359,22.9895,0.1358,0.1699,FCC
4,5.1203,1.85,4.8565,74.585,0.0362,20.941,0.1348,0.1726,FCC
4,5.6043,1.85,4.824,74.5,0.0358,20.89,0.1341,0.1726,FCC
4,6.1306,1.85,4.7915,74.415,0.0349,20.839,0.1329,0.1723,FCC
3,8.3391,1.8,4.8315,72.79,0.0369,22.413,0.1378,0.1727,FCC
3,9.8443,1.8,4.799,72.705,0.0367,22.3535,0.1373,0.1727,FCC
3,11.9345,1.8,4.7665,72.62,0.0359,22.294,0.1364,0.1724,FCC
2,15.1892,1.8,4.734,72.535,0.0347,22.2345,0.1349,0.1719,FCC
3,94.0232,1.75,4.709,70.74,0.0358,23.322,0.1385,0.172,FCC
4,11.6209,1.7,4.684,68.945,0.0369,24.0505,0.1418,0.1721,FCC
4,7.6329,1.8,4.694,75.81,0.0316,21.676,0.1343,0.1719,FCC
3,16.7363,1.75,4.7015,74.1,0.0355,23.33,0.1416,0.1732,FCC
4,6.3379,1.95,4.8815,69.23,0.0273,20.611,0.1102,0.1666,FCC
3,6.8391,1.95,4.849,69.145,0.0278,20.5515,0.1105,0.167,FCC
3,7.3958,1.95,4.8165,69.06,0.0279,20.492,0.1102,0.1672,FCC
4,8.0417,1.95,4.784,68.975,0.0275,20.4325,0.1093,0.1672,FCC
3,8.8248,1.95,4.7515,68.89,0.0266,20.373,0.1079,0.1669,FCC
3,9.9025,1.9,4.889,67.52,0.0272,21.436,0.1122,0.1659,FCC
1,11.5704,1.9,4.8565,67.435,0.0279,21.368,0.1132,0.1666,FCC
4,13.8564,1.9,4.824,67.35,0.0286,21.3,0.1137,0.1671,FCC
3,17.3539,1.9,4.7915,67.265,0.0288,21.232,0.1137,0.1673,FCC
3,23.6474,1.9,4.759,67.18,0.0285,21.164,0.1132,0.1673,FCC
4,24.0033,1.85,4.864,65.725,0.0284,21.8425,0.1148,0.166,FCC
3,41.1204,1.85,4.8315,65.64,0.0286,21.766,0.116,0.1667,FCC
3,154.5606,1.85,4.799,65.555,0.0294,21.6895,0.1167,0.1671,FCC
4,29.8324,1.85,4.734,65.385,0.0295,21.5365,0.1167,0.1674,FCC
4,17.3885,1.85,4.7015,65.3,0.0288,21.46,0.116,0.1671,FCC
4,117.8401,1.8,4.8715,64.015,0.0288,21.975,0.1153,0.1651,FCC
2,30.3427,1.8,4.8065,63.845,0.0296,21.805,0.1185,0.1667,FCC
2,18.0634,1.8,4.774,63.76,0.0302,21.72,0.1195,0.1672,FCC
4,12.4833,1.8,4.7415,63.675,0.0306,21.635,0.12,0.1674,FCC
4,9.2126,1.8,4.709,63.59,0.0305,21.55,0.12,0.1674,FCC
3,6.9812,1.8,4.6765,63.505,0.0299,21.465,0.1196,0.1672,FCC
2,8.5968,1.75,4.749,61.965,0.0309,21.3915,0.1221,0.1672,FCC
2,6.7222,1.75,4.7165,61.88,0.0315,21.298,0.1228,0.1675,FCC
1,5.309,1.75,4.684,61.795,0.0315,21.2045,0.1231,0.1675,FCC
4,4.4744,1.7,4.6915,60.085,0.0324,20.602,0.1255,0.1676,FCC
2,5.5682,1.9,4.8815,70.88,0.0313,21.766,0.1228,0.1695,FCC
2,6.0574,1.9,4.849,70.795,0.0316,21.7065,0.1226,0.1698,FCC
3,6.584,1.9,4.8165,70.71,0.0314,21.647,0.1219,0.1699,FCC
3,7.1772,1.9,4.784,70.625,0.0307,21.5875,0.1208,0.1697,FCC
3,7.8744,1.9,4.7515,70.54,0.0295,21.528,0.119,0.1693,FCC
3,7.9645,1.85,4.889,69.17,0.0311,22.756,0.1251,0.169,FCC
1,9.2599,1.85,4.8565,69.085,0.032,22.688,0.1257,0.1695,FCC
3,10.9046,1.85,4.824,69,0.0324,22.62,0.1257,0.1699,FCC
2,13.1979,1.85,4.7915,68.915,0.0323,22.552,0.1254,0.17,FCC
4,42.0258,1.85,4.694,68.66,0.029,22.348,0.1211,0.1688,FCC
4,21.829,1.8,4.8315,67.29,0.0326,23.251,0.1283,0.1696,FCC
2,37.4355,1.8,4.799,67.205,0.0331,23.1745,0.1287,0.1699,FCC
3,141.9724,1.8,4.7665,67.12,0.0332,23.098,0.1285,0.17,FCC
3,71.4488,1.8,4.734,67.035,0.0327,23.0215,0.128,0.1699,FCC
1,26.7335,1.8,4.7015,66.95,0.0317,22.945,0.1269,0.1695,FCC
2,29.1749,1.75,4.774,65.41,0.0339,23.37,0.1314,0.17,FCC
3,8.394,1.75,4.6765,65.155,0.0328,23.115,0.1304,0.1696,FCC
2,10.6214,1.7,4.749,63.615,0.0347,23.2065,0.134,0.17,FCC
2,6.4689,1.85,4.784,72.275,0.0338,22.7425,0.1309,0.1722,FCC
2,7.1132,1.85,4.7515,72.19,0.0324,22.683,0.1289,0.1716,FCC
4,7.8834,1.85,4.719,72.105,0.0304,22.6235,0.1262,0.1708,FCC
3,13.2842,1.8,4.759,70.48,0.0348,23.804,0.1346,0.1723,FCC
3,17.4645,1.8,4.7265,70.395,0.0335,23.736,0.1329,0.1717,FCC
2,7.2013,1.8,4.719,73.755,0.033,23.7785,0.1348,0.1729,FCC
3,6.1495,1.95,4.9065,67.175,0.0256,21.85,0.1087,0.1658,FCC
4,6.6501,1.95,4.874,67.09,0.0266,21.782,0.1091,0.1664,FCC
2,7.1846,1.95,4.8415,67.005,0.027,21.714,0.1091,0.1669,FCC
1,7.7837,1.95,4.809,66.92,0.027,21.646,0.1085,0.1671,FCC
3,8.4857,1.95,4.7765,66.835,0.0264,21.578,0.1073,0.167,FCC
4,9.3445,1.95,4.744,66.75,0.0254,21.51,0.1056,0.1668,FCC
4,9.1897,1.9,4.914,65.465,0.026,22.2985,0.1103,0.1649,FCC
1,10.6971,1.9,4.8815,65.38,0.0262,22.222,0.1115,0.1658,FCC
3,12.6409,1.9,4.849,65.295,0.0272,22.1455,0.1123,0.1665,FCC
1,15.4183,1.9,4.8165,65.21,0.0278,22.069,0.1125,0.1669,FCC
4,19.9441,1.9,4.784,65.125,0.0279,21.9925,0.1122,0.1672,FCC
3,29.0706,1.9,4.7515,65.04,0.0274,21.916,0.1114,0.1671,FCC
3,58.9939,1.9,4.719,64.955,0.0265,21.8395,0.11,0.1668,FCC
4,19.493,1.85,4.889,63.67,0.0271,22.32,0.1128,0.165,FCC
3,29.6088,1.85,4.8565,63.585,0.0273,22.235,0.1142,0.1659,FCC
4,61.4544,1.85,4.824,63.5,0.0279,22.15,0.1152,0.1665,FCC
2,495.3283,1.85,4.7915,63.415,0.0286,22.065,0.1157,0.167,FCC
3,45.7184,1.85,4.759,63.33,0.0287,21.98,0.1157,0.1672,FCC
4,22.5731,1.85,4.7265,63.245,0.0284,21.895,0.1152,0.1672,FCC
4,15.1394,1.8,4.7665,61.62,0.0293,21.702,0.1186,0.1671,FCC
3,10.7785,1.8,4.734,61.535,0.0296,21.6085,0.1189,0.1673,FCC
1,8.0002,1.8,4.7015,61.45,0.0294,21.515,0.1187,0.1673,FCC
3,5.961,1.75,4.709,59.74,0.0305,20.878,0.1219,0.1674,FCC
3,5.3237,1.9,4.9065,68.825,0.0299,23.17,0.1215,0.1688,FCC
1,5.8253,1.9,4.874,68.74,0.0306,23.102,0.1216,0.1694,FCC
4,6.3404,1.9,4.8415,68.655,0.0308,23.034,0.1212,0.1697,FCC
2,6.899,1.9,4.809,68.57,0.0304,22.966,0.1202,0.1697,FCC
4,7.5326,1.9,4.7765,68.485,0.0296,22.898,0.1187,0.1696,FCC
3,8.2814,1.9,4.744,68.4,0.0283,22.83,0.1167,0.1692,FCC
3,14.6526,1.85,4.784,66.775,0.0313,23.4775,0.1238,0.1698,FCC
2,29.2303,1.85,4.719,66.605,0.0294,23.3245,0.121,0.1692,FCC
4,17.5846,1.8,4.8565,65.235,0.031,23.885,0.1269,0.1689,FCC
4,26.6503,1.8,4.824,65.15,0.0319,23.8,0.1275,0.1695,FCC
3,6.765,1.85,4.7765,70.135,0.0328,24.218,0.1289,0.172,FCC
4,7.4472,1.85,4.744,70.05,0.0312,24.15,0.1265,0.1714,FCC
4,14.8109,1.8,4.7515,68.34,0.0338,24.886,0.1327,0.1721,FCC
4,5.8803,1.95,4.9315,65.12,0.0237,22.678,0.1069,0.1648,FCC
1,6.399,1.95,4.899,65.035,0.025,22.6015,0.1077,0.1657,FCC
3,6.9246,1.95,4.8665,64.95,0.0258,22.525,0.1079,0.1663,FCC
4,7.4898,1.95,4.834,64.865,0.0262,22.4485,0.1075,0.1668,FCC
2,8.1272,1.95,4.8015,64.78,0.026,22.372,0.1067,0.1669,FCC
2,8.8768,1.95,4.769,64.695,0.0254,22.2955,0.1052,0.1669,FCC
3,9.8093,1.9,4.9065,63.325,0.0249,22.665,0.1097,0.1649,FCC
2,11.5189,1.9,4.874,63.24,0.0256,22.58,0.1107,0.1657,FCC
2,13.8016,1.9,4.8415,63.155,0.0265,22.495,0.1112,0.1664,FCC
1,17.2276,1.9,4.809,63.07,0.0269,22.41,0.1112,0.1668,FCC
1,23.2775,1.9,4.7765,62.985,0.0269,22.325,0.1106,0.167,FCC
4,37.6836,1.9,4.744,62.9,0.0264,22.24,0.1095,0.167,FCC
2,127.9416,1.9,4.7115,62.815,0.0253,22.155,0.1077,0.1667,FCC
4,22.8718,1.85,4.8815,61.53,0.0261,22.293,0.1123,0.1649,FCC
4,38.3648,1.85,4.849,61.445,0.0261,22.1995,0.1135,0.1658,FCC
4,31.101,1.85,4.7515,61.19,0.0278,21.919,0.1142,0.1671,FCC
2,17.4998,1.85,4.719,61.105,0.0274,21.8255,0.1135,0.167,FCC
3,9.1973,1.8,4.7265,59.395,0.0287,21.154,0.1176,0.1671,FCC
2,6.585,1.9,4.834,66.515,0.0299,23.9335,0.1196,0.1695,FCC
4,7.1704,1.9,4.8015,66.43,0.0295,23.857,0.1183,0.1696,FCC
4,22.5249,1.85,4.744,64.55,0.0295,23.89,0.1207,0.1695,FCC
4,38.526,1.85,4.7115,64.465,0.0282,23.805,0.1187,0.169,FCC
4,84.8796,1.8,4.7515,62.84,0.0312,23.734,0.1257,0.1697,FCC
2,6.0732,1.95,4.924,62.98,0.0232,23.01,0.1061,0.1647,FCC
1,6.6107,1.95,4.8915,62.895,0.0244,22.925,0.1065,0.1656,FCC
2,7.1578,1.95,4.859,62.81,0.0251,22.84,0.1065,0.1662,FCC
2,7.7475,1.95,4.8265,62.725,0.0253,22.755,0.1058,0.1666,FCC
4,8.4118,1.95,4.794,62.64,0.0251,22.67,0.1046,0.1668,FCC
3,12.3801,1.9,4.8665,61.1,0.025,22.51,0.1097,0.1656,FCC
4,15.0865,1.9,4.834,61.015,0.0258,22.4165,0.11,0.1663,FCC
2,19.3978,1.9,4.8015,60.93,0.0261,22.323,0.1097,0.1667,FCC
3,27.8741,1.9,4.769,60.845,0.0259,22.2295,0.1088,0.1669,FCC
3,2835.7031,1.85,4.809,59.22,0.0265,21.634,0.1132,0.1663,FCC
4,48.312,1.85,4.7765,59.135,0.0269,21.532,0.1132,0.1667,FCC
2,6.7846,1.9,4.8265,64.375,0.0291,24.405,0.1178,0.1694,FCC
4,7.3854,1.9,4.794,64.29,0.0285,24.32,0.1163,0.1694,FCC
2,5.4515,1.85,4.859,66.11,0.0332,26.14,0.1297,0.1719,FCC
1,41.3948,1.7,4.743,67.765,0.0438,22.7285,0.155,0.2322,BCC+FCC
1,18.5618,1.7,4.678,67.595,0.0442,22.5755,0.1564,0.2319,BCC+FCC
1,7.0189,1.7,4.613,67.425,0.0426,22.4225,0.1564,0.2307,BCC+FCC
1,5.3834,1.6,4.628,64.005,0.0462,22.6855,0.1606,0.232,BCC+FCC
1,11.255,1.75,4.728,72.835,0.0454,22.1845,0.161,0.2335,BCC+FCC
1,39.1799,1.75,4.663,72.665,0.0427,22.0655,0.1595,0.2321,BCC+FCC
1,7.3424,1.7,4.8005,71.295,0.0462,23.506,0.1622,0.2342,BCC+FCC
1,25.1371,1.65,4.743,69.415,0.0476,24.2135,0.1649,0.2342,BCC+FCC
1,15.0968,1.55,4.693,65.825,0.0491,24.6875,0.1685,0.2343,BCC+FCC
1,7.278,1.7,4.7605,74.57,0.0494,23.399,0.17,0.2357,BCC+FCC
1,773.4904,1.65,4.6705,72.605,0.0483,24.554,0.1714,0.2346,BCC+FCC
1,81.0928,1.6,4.7105,70.98,0.0512,25.622,0.1744,0.2359,BCC+FCC
1,8.5789,1.6,4.613,70.725,0.0478,25.3925,0.1732,0.2337,BCC+FCC
1,6.1667,1.5,4.628,67.305,0.0525,26.3155,0.1788,0.2355,BCC+FCC
1,97.011,1.65,4.6305,75.88,0.0453,24.316,0.1729,0.2336,BCC+FCC
1,37.0965,1.65,4.598,75.795,0.0431,24.2565,0.1705,0.2321,BCC+FCC
1,25.7632,1.5,4.6855,70.835,0.0555,27.845,0.1849,0.2377,BCC+FCC
1,11.5145,1.5,4.653,70.75,0.0547,27.76,0.1848,0.2371,BCC+FCC
1,5.1654,1.5,4.588,70.58,0.0516,27.59,0.1835,0.2352,BCC+FCC
3,3.5834,2,4.7955,72.78,0.0349,17.74,0.1321,0.2296,FCC
3,8.6574,1.9,4.7455,69.19,0.0369,20.323,0.1381,0.2297,FCC
4,70.6535,1.85,4.6555,67.225,0.0362,20.94,0.1401,0.2287,FCC
4,70.0285,1.8,4.728,65.685,0.0389,21.5465,0.1428,0.23,FCC
4,52.4732,1.8,4.6955,65.6,0.0389,21.47,0.1433,0.2298,FCC
4,7.2883,1.9,4.673,72.38,0.0343,20.048,0.1408,0.2292,FCC
3,19.7342,1.85,4.648,70.585,0.0356,21.2995,0.1445,0.2293,FCC
1,25.9449,1.75,4.663,67.165,0.0413,22.8785,0.153,0.2312,BCC+FCC
1,14.9143,1.7,4.6705,65.455,0.0431,23.155,0.1557,0.2317,BCC+FCC
1,6.2884,1.7,4.6055,65.285,0.0413,22.985,0.1552,0.2305,BCC+FCC
1,11.6619,1.65,4.678,63.745,0.0442,23.0895,0.1574,0.2321,BCC+FCC
1,9.5889,1.75,4.753,70.78,0.045,23.784,0.1602,0.2338,BCC+FCC
1,82.6422,1.75,4.6555,70.525,0.0414,23.58,0.1579,0.2319,BCC+FCC
1,22.8169,1.7,4.728,68.985,0.0459,24.5165,0.1626,0.2338,BCC+FCC
1,38.8807,1.7,4.663,68.815,0.0442,24.3635,0.1619,0.2328,BCC+FCC
1,15.5198,1.65,4.768,67.36,0.0462,25.06,0.1636,0.2341,BCC+FCC
1,41.3785,1.65,4.7355,67.275,0.0467,24.975,0.1644,0.2341,BCC+FCC
1,10.4221,1.65,4.638,67.02,0.0453,24.72,0.1646,0.2329,BCC+FCC
1,6.9501,1.65,4.6055,66.935,0.0439,24.635,0.1639,0.2321,BCC+FCC
1,13.7632,1.6,4.678,65.395,0.0476,24.9045,0.1669,0.234,BCC+FCC
1,5.8256,1.6,4.613,65.225,0.0464,24.7175,0.1671,0.233,BCC+FCC
1,30.2233,1.55,4.718,63.77,0.0475,24.764,0.167,0.2342,BCC+FCC
1,3.829,1.8,4.803,76.02,0.0467,22.232,0.1636,0.2354,BCC+FCC
1,18.7445,1.65,4.6305,70.38,0.0452,25.772,0.1689,0.2334,BCC+FCC
1,26.1956,1.6,4.7355,68.925,0.0505,26.625,0.1735,0.236,BCC+FCC
1,352.9766,1.6,4.703,68.84,0.0502,26.54,0.1736,0.2357,BCC+FCC
1,11.6716,1.6,4.638,68.67,0.0482,26.37,0.1728,0.2345,BCC+FCC
1,57.4264,1.55,4.7105,67.13,0.0512,26.813,0.1755,0.2361,BCC+FCC
1,15.9695,1.55,4.678,67.045,0.0511,26.7195,0.1758,0.2358,BCC+FCC
1,5.877,1.7,4.7455,75.79,0.0496,24.943,0.1733,0.2366,BCC+FCC
1,32.2312,1.65,4.6555,73.825,0.0466,26.22,0.1731,0.2347,BCC+FCC
1,31.5892,1.6,4.6955,72.2,0.0516,27.41,0.1788,0.2368,BCC+FCC
1,22.0622,1.6,4.6305,72.03,0.0478,27.257,0.1762,0.2348,BCC+FCC
3,4.0878,2,4.7555,70.555,0.0328,19.643,0.1294,0.229,FCC
3,5.6743,1.95,4.763,68.845,0.0349,20.7715,0.1338,0.2295,FCC
3,6.3843,1.95,4.7305,68.76,0.0339,20.712,0.133,0.2291,FCC
4,6.6684,1.9,4.803,67.22,0.0361,21.626,0.1368,0.2298,FCC
4,7.9363,1.9,4.7705,67.135,0.0362,21.558,0.1371,0.2298,FCC
4,9.7578,1.9,4.738,67.05,0.0359,21.49,0.1369,0.2296,FCC
2,12.721,1.9,4.7055,66.965,0.035,21.422,0.1363,0.2291,FCC
3,18.6543,1.9,4.673,66.88,0.0337,21.354,0.1352,0.2285,FCC
4,11.1708,1.85,4.778,65.425,0.0368,22.0025,0.1392,0.2299,FCC
4,16.1031,1.85,4.7455,65.34,0.0371,21.926,0.1397,0.2299,FCC
2,29.2259,1.85,4.713,65.255,0.0369,21.8495,0.1397,0.2296,FCC
3,206.4365,1.85,4.6805,65.17,0.0361,21.773,0.1394,0.2292,FCC
4,36.6092,1.85,4.648,65.085,0.0349,21.6965,0.1386,0.2286,FCC
4,14.5586,1.8,4.6555,63.375,0.0373,21.765,0.1423,0.2293,FCC
3,8.9823,1.8,4.623,63.29,0.0361,21.68,0.1417,0.2286,FCC
3,4.5818,1.95,4.6905,72.035,0.0315,20.531,0.1344,0.2289,FCC
4,6.02,1.9,4.7305,70.41,0.0368,21.867,0.1425,0.2308,FCC
2,8.0088,1.9,4.6655,70.24,0.0329,21.748,0.1386,0.229,FCC
3,15.3449,1.85,4.673,68.53,0.0363,22.674,0.1444,0.2301,FCC
2,26.0441,1.85,4.6405,68.445,0.0342,22.606,0.1425,0.2291,FCC
3,79.0771,1.8,4.648,66.735,0.0375,23.1815,0.1478,0.2302,FCC
1,60.7492,1.75,4.688,65.11,0.041,23.5,0.1522,0.2315,BCC+FCC
1,6.5896,1.65,4.638,61.52,0.043,22.754,0.1571,0.2317,BCC+FCC
4,9.0161,1.85,4.633,71.805,0.0325,22.8435,0.1435,0.229,FCC
1,9.8396,1.8,4.7055,70.265,0.0408,24.062,0.1545,0.2325,BCC+FCC
1,16.4564,1.75,4.713,68.555,0.0432,24.8195,0.1586,0.2332,BCC+FCC
1,9.9359,1.7,4.7855,67.015,0.0448,25.405,0.1612,0.234,BCC+FCC
1,32.9169,1.7,4.7205,66.845,0.0449,25.235,0.1616,0.2337,BCC+FCC
1,272.01,1.7,4.688,66.76,0.0442,25.15,0.1613,0.2333,BCC+FCC
1,25.3173,1.7,4.6555,66.675,0.043,25.065,0.1606,0.2326,BCC+FCC
1,12.5941,1.7,4.623,66.59,0.0413,24.98,0.1594,0.2318,BCC+FCC
1,102.2539,1.65,4.728,65.135,0.0459,25.3085,0.1638,0.234,BCC+FCC
1,14.5663,1.65,4.663,64.965,0.0452,25.1215,0.1639,0.2334,BCC+FCC
1,11.2635,1.6,4.6705,63.255,0.0467,24.836,0.1662,0.2338,BCC+FCC
1,7.1527,1.7,4.778,70.375,0.0481,26.4575,0.1682,0.2358,BCC+FCC
1,9.5421,1.7,4.7455,70.29,0.0475,26.381,0.1678,0.2354,BCC+FCC
1,12.5072,1.65,4.753,68.58,0.0489,26.97,0.1706,0.2358,BCC+FCC
1,23.2787,1.65,4.7205,68.495,0.0484,26.885,0.1703,0.2355,BCC+FCC
1,135.8713,1.65,4.688,68.41,0.0474,26.8,0.1697,0.235,BCC+FCC
1,43.8863,1.6,4.728,66.785,0.0496,27.1235,0.1728,0.2359,BCC+FCC
1,6.8554,1.5,4.6455,63.11,0.051,26.243,0.1771,0.2357,BCC+FCC
1,19.5416,1.65,4.6805,71.77,0.0477,27.713,0.1731,0.2356,BCC+FCC
1,56.9883,1.65,4.648,71.685,0.0453,27.6365,0.1711,0.2345,BCC+FCC
1,16.3098,1.6,4.623,69.89,0.0465,28.28,0.1745,0.2346,BCC+FCC
2,4.0377,2,4.7805,68.5,0.0328,21.22,0.129,0.2293,FCC
4,4.3029,2,4.748,68.415,0.0316,21.1605,0.1275,0.2288,FCC
3,4.5855,2,4.7155,68.33,0.03,21.101,0.1255,0.2281,FCC
4,5.435,1.95,4.788,66.79,0.0344,21.972,0.133,0.2296,FCC
2,6.074,1.95,4.7555,66.705,0.0338,21.904,0.1324,0.2294,FCC
2,6.8646,1.95,4.723,66.62,0.0327,21.836,0.1312,0.2289,FCC
3,7.9003,1.95,4.6905,66.535,0.0312,21.768,0.1295,0.2282,FCC
2,10.9457,1.9,4.7305,64.91,0.0348,22.229,0.1356,0.2294,FCC
2,23.639,1.9,4.6655,64.74,0.0324,22.076,0.1334,0.2283,FCC
4,44.4767,1.85,4.7055,63.115,0.0358,22.195,0.1386,0.2295,FCC
2,23.9315,1.85,4.6405,62.945,0.0336,22.025,0.1369,0.2284,FCC
2,4.4793,1.95,4.7155,69.98,0.0326,22.256,0.1346,0.2297,FCC
3,4.8019,1.95,4.683,69.895,0.0301,22.1965,0.1317,0.2287,FCC
3,7.3964,1.9,4.6905,68.185,0.0338,23.088,0.1387,0.2298,FCC
3,8.6965,1.9,4.658,68.1,0.0314,23.02,0.1361,0.2288,FCC
2,18.475,1.85,4.6655,66.39,0.035,23.561,0.1425,0.2299,FCC
1,17.7146,1.7,4.688,61.26,0.0414,23.132,0.1538,0.2318,BCC+FCC
1,28.9996,1.65,4.753,63.08,0.0448,25.316,0.1626,0.2339,BCC+FCC
1,23.0267,1.65,4.688,62.91,0.0448,25.112,0.1631,0.2336,BCC+FCC
1,59.8436,1.6,4.728,61.285,0.0454,24.5605,0.1646,0.234,BCC+FCC
1,9.2741,1.6,4.663,61.115,0.0457,24.3395,0.1654,0.2337,BCC+FCC
1,8.2629,1.55,4.6705,59.405,0.0466,23.327,0.1672,0.234,BCC+FCC
1,9.8705,1.75,4.698,69.775,0.0425,26.6075,0.1606,0.2339,BCC+FCC
1,15.1296,1.65,4.7455,66.44,0.048,27.434,0.1696,0.2357,BCC+FCC
1,126.2623,1.6,4.7205,64.645,0.0488,27.194,0.1719,0.2358,BCC+FCC
1,13.2121,1.6,4.6555,64.475,0.0473,26.99,0.1711,0.2349,BCC+FCC
1,19.6565,1.55,4.6955,62.85,0.0496,26.595,0.1741,0.2358,BCC+FCC
3,3.6919,2,4.838,66.53,0.0328,22.454,0.1291,0.2295,FCC
3,4.2047,2,4.773,66.36,0.0317,22.318,0.1272,0.2291,FCC
1,4.7552,2,4.708,66.19,0.0286,22.182,0.123,0.228,FCC
2,5.7447,1.95,4.7805,64.65,0.0334,22.685,0.1317,0.2295,FCC
2,6.4386,1.95,4.748,64.565,0.0327,22.6085,0.1308,0.2292,FCC
4,8.4634,1.95,4.683,64.395,0.0299,22.4555,0.1273,0.2281,FCC
4,17.4043,1.9,4.6905,62.685,0.0327,22.455,0.133,0.2288,FCC
4,31.8897,1.9,4.658,62.6,0.0311,22.37,0.1314,0.2281,FCC
3,4.6412,1.95,4.708,67.84,0.0312,23.502,0.1321,0.2295,FCC
3,7.8783,1.9,4.683,66.045,0.0325,23.9405,0.1364,0.2296,FCC
1,25.6624,1.7,4.738,62.65,0.0434,25.49,0.1598,0.2337,BCC+FCC
1,217.7672,1.7,4.7055,62.565,0.043,25.388,0.1595,0.2334,BCC+FCC
1,31.5494,1.7,4.673,62.48,0.0421,25.286,0.1587,0.233,BCC+FCC
1,48.9389,1.65,4.7455,60.94,0.0441,24.802,0.162,0.2338,BCC+FCC
1,30.0389,1.6,4.7205,59.145,0.0447,23.653,0.164,0.2338,BCC+FCC
1,61.035,1.65,4.7055,64.215,0.0465,27.368,0.1679,0.2352,BCC+FCC
1,20.1397,1.6,4.6805,62.42,0.0474,26.726,0.1706,0.2353,BCC+FCC
1,16.6687,1.65,4.698,67.575,0.0474,29.3725,0.1714,0.2362,BCC+FCC
1,24.0804,1.55,4.6805,64.07,0.0508,28.871,0.1785,0.237,BCC+FCC
1,8.8471,1.65,4.6905,70.935,0.0477,30.705,0.1723,0.2366,BCC+FCC
1,28.9502,1.6,4.6655,69.14,0.0486,31.094,0.176,0.2367,BCC+FCC
1,4.5941,2,4.733,64.135,0.0292,22.9115,0.1231,0.2285,FCC
3,7.6993,1.95,4.708,62.34,0.0304,22.8,0.1273,0.2286,FCC
2,8.444,1.9,4.7805,60.8,0.0336,22.61,0.1339,0.2295,FCC
3,4.7404,1.95,4.7005,65.7,0.0299,24.32,0.1294,0.2294,FCC
3,8.2701,1.9,4.6755,63.905,0.0312,24.365,0.1339,0.2294,FCC
1,19.2875,1.6,4.713,57.005,0.044,22.3175,0.1634,0.2337,BCC+FCC
1,24.778,1.65,4.7305,62.16,0.0464,27.078,0.1674,0.2354,BCC+FCC
4,4.6507,2,4.7255,61.995,0.0281,23.145,0.1206,0.2283,FCC
2,4.8556,2,4.693,61.91,0.026,23.06,0.1175,0.2276,FCC
2,7.9861,1.95,4.7005,60.2,0.0292,22.64,0.125,0.2284,FCC
1,107.4168,1.65,4.7305,56.66,0.0426,22.49,0.1604,0.2336,BCC+FCC
1,13.6197,1.65,4.7155,63.38,0.0471,29.354,0.1696,0.2365,BCC+FCC
3,4.2094,2,4.783,60.025,0.0297,23.1375,0.1228,0.229,FCC
4,4.4302,2,4.7505,59.94,0.0285,23.044,0.1207,0.2287,FCC
4,4.6081,2,4.718,59.855,0.0269,22.9505,0.1179,0.2282,FCC
4,12.3662,1.9,4.733,56.435,0.0314,21.0155,0.1303,0.2292,FCC
1,6.5549,1.85,4.7245,65.21,0.0445,22.239,0.1593,0.2806,BCC+FCC
1,8.8563,1.85,4.692,65.125,0.0442,22.1625,0.1595,0.2802,BCC+FCC
1,13.618,1.85,4.6595,65.04,0.0435,22.086,0.1594,0.2797,BCC+FCC
1,10.5675,1.8,4.6995,63.415,0.0454,22.235,0.1613,0.2807,BCC+FCC
1,9.9839,1.8,4.5695,63.075,0.0418,21.895,0.161,0.278,BCC+FCC
1,7.8783,1.75,4.577,61.365,0.0447,21.5915,0.1642,0.279,BCC+FCC
1,10.144,1.7,4.7145,59.995,0.0458,21.354,0.1625,0.281,BCC+FCC
1,24.3082,1.7,4.682,59.91,0.0466,21.252,0.1639,0.281,BCC+FCC
1,13.2968,1.7,4.617,59.74,0.0472,21.048,0.1659,0.2804,BCC+FCC
1,3.2549,1.95,4.7345,72.075,0.043,20.985,0.1597,0.2808,BCC+FCC
1,3.3982,1.9,4.7745,70.45,0.0462,22.325,0.1639,0.2821,BCC+FCC
1,5.3319,1.85,4.717,68.57,0.0464,23.136,0.1661,0.2816,BCC+FCC
1,3.8721,1.8,4.7895,67.03,0.0476,23.877,0.1675,0.2826,BCC+FCC
1,12.0879,1.8,4.6595,66.69,0.0464,23.571,0.1681,0.281,BCC+FCC
1,23.6295,1.8,4.627,66.605,0.0448,23.4945,0.1674,0.2801,BCC+FCC
1,11.7201,1.75,4.5695,64.725,0.0441,23.545,0.1691,0.2791,BCC+FCC
1,6.3617,1.7,4.7395,63.44,0.0489,23.874,0.1709,0.2827,BCC+FCC
1,2.4239,1.95,4.7595,75.52,0.0448,20.23,0.1644,0.282,BCC+FCC
1,2.8515,1.9,4.767,73.81,0.0476,22.026,0.1689,0.2829,BCC+FCC
1,3.5123,1.9,4.702,73.64,0.0438,21.924,0.1658,0.281,BCC+FCC
1,3.2222,1.85,4.7745,72.1,0.0497,23.48,0.1724,0.2836,BCC+FCC
1,4.9759,1.85,4.677,71.845,0.045,23.3015,0.1691,0.2811,BCC+FCC
1,5.9147,1.85,4.6445,71.76,0.0424,23.242,0.1671,0.2799,BCC+FCC
1,4.1678,1.8,4.7495,70.305,0.0505,24.524,0.1748,0.2836,BCC+FCC
1,5.9257,1.7,4.732,66.8,0.0526,25.62,0.179,0.2841,BCC+FCC
1,8.6537,1.65,4.707,65.005,0.0533,25.5955,0.1809,0.2842,BCC+FCC
1,9.9131,1.65,4.577,64.665,0.0499,25.2215,0.1805,0.2815,BCC+FCC
1,18.7571,1.6,4.617,63.04,0.0536,25.008,0.1835,0.2833,BCC+FCC
1,8.597,1.6,4.5845,62.955,0.0526,24.906,0.1834,0.2825,BCC+FCC
1,2.7688,1.9,4.6945,77,0.0438,20.97,0.1664,0.2807,BCC+FCC
1,2.9939,1.9,4.662,76.915,0.042,20.9275,0.1629,0.2791,BCC+FCC
1,2.7115,1.85,4.767,75.46,0.0508,23.016,0.1765,0.2842,BCC+FCC
1,4.2943,1.85,4.637,75.12,0.0428,22.812,0.1671,0.2792,BCC+FCC
1,3.5035,1.8,4.742,73.665,0.0518,24.5755,0.1793,0.2843,BCC+FCC
1,4.0766,1.8,4.7095,73.58,0.0499,24.516,0.178,0.2834,BCC+FCC
1,5.6977,1.8,4.6445,73.41,0.0453,24.397,0.1739,0.2809,BCC+FCC
1,5.8602,1.75,4.6845,71.785,0.051,25.708,0.1809,0.2834,BCC+FCC
1,17.8654,1.75,4.587,71.53,0.0444,25.504,0.1749,0.2794,BCC+FCC
1,17.2006,1.7,4.627,69.905,0.05,26.4645,0.1824,0.2824,BCC+FCC
1,7.62,1.65,4.6995,68.365,0.0558,27.185,0.1874,0.2852,BCC+FCC
1,30.7704,1.65,4.6345,68.195,0.0532,27.015,0.1863,0.2836,BCC+FCC
1,2.9392,1.85,4.662,78.565,0.0449,21.7525,0.1687,0.2799,BCC+FCC
1,2.8929,1.8,4.7345,77.025,0.0517,23.955,0.1816,0.2844,BCC+FCC
1,3.2561,1.75,4.742,75.315,0.0549,25.7305,0.1865,0.2855,BCC+FCC
1,4.5581,1.75,4.677,75.145,0.0506,25.6115,0.1827,0.2833,BCC+FCC
1,6.7654,1.75,4.612,74.975,0.0467,25.4925,0.1771,0.2801,BCC+FCC
1,4.3559,1.7,4.717,73.52,0.0559,27.096,0.1892,0.2856,BCC+FCC
1,7.1156,1.7,4.652,73.35,0.0515,26.96,0.186,0.2834,BCC+FCC
1,6.3087,1.65,4.692,71.725,0.0569,28.1025,0.1919,0.2857,BCC+FCC
1,40.4878,1.55,4.642,68.135,0.0589,29.0385,0.1967,0.2858,BCC+FCC
1,31.5884,1.55,4.6095,68.05,0.0572,28.945,0.196,0.2849,BCC+FCC
1,2.3466,1.8,4.727,80.385,0.0517,22.6625,0.1815,0.2841,BCC+FCC
1,2.863,1.8,4.662,80.215,0.0472,22.5775,0.1739,0.2806,BCC+FCC
1,3.1104,1.75,4.702,78.59,0.0527,24.894,0.1852,0.2842,BCC+FCC
1,4.0666,1.75,4.637,78.42,0.0482,24.792,0.1783,0.2807,BCC+FCC
1,4.6928,1.75,4.6045,78.335,0.046,24.741,0.174,0.2786,BCC+FCC
1,8.5554,1.7,4.5795,76.54,0.047,26.588,0.1786,0.2787,BCC+FCC
1,9.3291,1.65,4.6195,74.915,0.0524,28.212,0.1896,0.2828,BCC+FCC
1,15.2941,1.65,4.587,74.83,0.0502,28.144,0.1865,0.2809,BCC+FCC
1,4.5672,1.7,4.6045,79.985,0.0476,25.731,0.1784,0.2791,BCC+FCC
1,5.4063,1.7,4.572,79.9,0.0451,25.68,0.173,0.2766,BCC+FCC
1,3.866,1.95,4.767,66.66,0.0418,22.298,0.1538,0.2804,BCC+FCC
1,5.8283,1.85,4.7495,63.155,0.0434,22.665,0.1581,0.2807,BCC+FCC
1,13.1798,1.8,4.692,61.275,0.0444,22.1825,0.1607,0.2806,BCC+FCC
1,8.4059,1.75,4.732,59.65,0.0442,21.63,0.1608,0.2809,BCC+FCC
1,28.3915,1.7,4.642,57.685,0.0462,20.3105,0.1647,0.2807,BCC+FCC
1,2.4911,2,4.7845,71.815,0.0423,21.519,0.1563,0.2813,BCC+FCC
1,4.249,1.9,4.7345,68.225,0.0443,23.55,0.1622,0.2814,BCC+FCC
1,4.8867,1.9,4.702,68.14,0.043,23.482,0.1612,0.2807,BCC+FCC
1,7.4903,1.85,4.677,66.345,0.0441,23.9505,0.1641,0.2808,BCC+FCC
1,5.5469,1.75,4.757,63.095,0.0475,24.1845,0.1689,0.2826,BCC+FCC
1,656.8871,1.75,4.627,62.755,0.0463,23.8105,0.1695,0.2809,BCC+FCC
1,12.3258,1.7,4.6995,61.215,0.0487,23.508,0.1714,0.2825,BCC+FCC
1,55.0519,1.7,4.6345,61.045,0.0483,23.304,0.1722,0.2817,BCC+FCC
1,13.8964,1.7,4.602,60.96,0.0474,23.202,0.172,0.281,BCC+FCC
1,3.5281,1.85,4.767,69.96,0.0487,24.938,0.1712,0.2834,BCC+FCC
1,4.0605,1.85,4.7345,69.875,0.0475,24.87,0.1703,0.2828,BCC+FCC
1,9.3334,1.8,4.6445,67.91,0.0449,25.359,0.1705,0.281,BCC+FCC
1,13.939,1.8,4.612,67.825,0.0423,25.2825,0.1686,0.2798,BCC+FCC
1,6.4363,1.75,4.717,66.37,0.0505,25.88,0.1762,0.2835,BCC+FCC
1,114.927,1.75,4.587,66.03,0.0437,25.54,0.1719,0.2799,BCC+FCC
1,3.6952,1.85,4.6945,73.15,0.0454,24.905,0.1707,0.282,BCC+FCC
1,3.8379,1.8,4.7345,71.525,0.0507,26.19,0.1779,0.2841,BCC+FCC
1,4.4754,1.8,4.702,71.44,0.0487,26.122,0.1763,0.2832,BCC+FCC
1,7.9324,1.8,4.6045,71.185,0.0428,25.918,0.1686,0.2791,BCC+FCC
1,5.8699,1.7,4.717,68.02,0.0539,27.53,0.1841,0.285,BCC+FCC
1,8.0126,1.7,4.6845,67.935,0.0527,27.445,0.1834,0.2843,BCC+FCC
1,7.6281,1.75,4.6045,72.835,0.0457,27.238,0.1744,0.2799,BCC+FCC
1,22.3337,1.7,4.5795,71.04,0.0466,28.176,0.1785,0.28,BCC+FCC
1,15.2414,1.5,4.6095,64.2,0.0589,28.78,0.1979,0.2858,BCC+FCC
1,4.823,1.65,4.597,79.495,0.0473,29.3465,0.1787,0.2792,BCC+FCC
1,4.1648,1.95,4.7595,64.52,0.0408,22.998,0.1527,0.2803,BCC+FCC
1,6.9804,1.9,4.702,62.64,0.0411,22.84,0.155,0.2799,BCC+FCC
1,24.298,1.85,4.6445,60.76,0.0411,22.306,0.1571,0.2793,BCC+FCC
1,9.8224,1.8,4.717,59.22,0.0434,21.804,0.1595,0.2807,BCC+FCC
1,16.8037,1.8,4.6845,59.135,0.0435,21.702,0.16,0.2804,BCC+FCC
1,19.3768,1.75,4.692,57.425,0.0442,20.6625,0.1615,0.2807,BCC+FCC
1,334.6475,1.75,4.6595,57.34,0.0444,20.552,0.1621,0.2805,BCC+FCC
1,611.1102,1.7,4.667,55.63,0.0449,19.162,0.1633,0.2808,BCC+FCC
1,2.6434,2,4.777,69.675,0.0413,23.1625,0.1546,0.2811,BCC+FCC
1,2.8036,1.95,4.817,68.05,0.044,24.1,0.1596,0.2821,BCC+FCC
1,3.5084,1.9,4.792,66.255,0.0448,24.5595,0.1621,0.2822,BCC+FCC
1,8.4168,1.85,4.6695,64.205,0.0429,24.405,0.1627,0.2806,BCC+FCC
1,4.7482,1.8,4.7745,62.75,0.0462,24.495,0.1664,0.2824,BCC+FCC
1,6.2263,1.75,4.7495,60.955,0.0468,23.886,0.1684,0.2825,BCC+FCC
1,14.4246,1.65,4.6995,57.365,0.0482,21.591,0.1719,0.2826,BCC+FCC
1,4.3693,1.85,4.727,67.735,0.0464,25.8915,0.1688,0.2826,BCC+FCC
1,6.1805,1.8,4.702,65.94,0.0474,26.14,0.1717,0.2827,BCC+FCC
1,7.2236,1.75,4.7095,64.23,0.0495,26.123,0.1751,0.2834,BCC+FCC
1,7.8401,1.7,4.717,62.52,0.0509,25.764,0.1776,0.2839,BCC+FCC
1,103.4087,1.7,4.6195,62.265,0.048,25.458,0.1762,0.282,BCC+FCC
1,35.9737,1.65,4.627,60.555,0.0504,24.7315,0.1795,0.2829,BCC+FCC
1,43.3949,1.6,4.667,58.93,0.0524,23.782,0.1816,0.284,BCC+FCC
1,2.6809,1.9,4.7445,72.89,0.0456,25.413,0.1674,0.2828,BCC+FCC
1,3.9331,1.85,4.687,71.01,0.0446,26.468,0.1684,0.2818,BCC+FCC
1,4.8274,1.8,4.6945,69.3,0.0475,27.3,0.1744,0.283,BCC+FCC
1,5.7156,1.8,4.662,69.215,0.0454,27.2235,0.1721,0.2819,BCC+FCC
1,9.9829,1.75,4.637,67.42,0.0462,27.62,0.1756,0.2819,BCC+FCC
1,10.8315,1.65,4.6845,64.085,0.0539,27.642,0.1854,0.2849,BCC+FCC
1,22.3224,1.65,4.652,64,0.0526,27.54,0.1847,0.2842,BCC+FCC
1,48.0885,1.6,4.627,62.205,0.0536,26.8765,0.1872,0.2843,BCC+FCC
1,34.5043,1.55,4.6345,60.495,0.0557,25.973,0.1899,0.285,BCC+FCC
1,2.9364,1.8,4.752,72.83,0.0518,27.924,0.1799,0.2851,BCC+FCC
1,3.7806,1.8,4.687,72.66,0.0479,27.788,0.1746,0.2828,BCC+FCC
1,8.4551,1.75,4.597,70.695,0.0448,28.5555,0.1716,0.2796,BCC+FCC
1,6.8499,1.7,4.6695,69.155,0.0516,29.355,0.1843,0.2842,BCC+FCC
1,294.6051,1.6,4.6195,65.565,0.0537,29.418,0.1904,0.2844,BCC+FCC
1,3.5985,1.75,4.687,74.31,0.0505,29.108,0.1803,0.2837,BCC+FCC
1,6.3429,1.7,4.6295,72.43,0.0493,30.117,0.1808,0.2822,BCC+FCC
1,5.1314,1.65,4.5895,77.355,0.046,31.544,0.1746,0.279,BCC+FCC
1,3.9072,1.95,4.7845,62.465,0.0402,23.355,0.1519,0.2804,BCC+FCC
1,4.4303,1.95,4.752,62.38,0.0399,23.27,0.1515,0.2801,BCC+FCC
1,3.6597,1.9,4.8245,60.84,0.04,23.084,0.1535,0.2805,BCC+FCC
1,5.6149,1.85,4.767,58.96,0.0414,22.182,0.1563,0.2806,BCC+FCC
1,5518.9609,1.8,4.6445,56.91,0.042,20.683,0.1591,0.2799,BCC+FCC
1,65.6829,1.75,4.652,55.2,0.0434,19.25,0.1614,0.2804,BCC+FCC
1,10.5866,1.7,4.7245,53.66,0.0427,17.73,0.1606,0.2806,BCC+FCC
1,54.6352,1.7,4.6595,53.49,0.0441,17.475,0.1629,0.2807,BCC+FCC
1,8.8761,1.8,4.702,60.44,0.0451,23.958,0.1657,0.2818,BCC+FCC
1,275.7313,1.7,4.652,56.85,0.0469,21.56,0.1704,0.2819,BCC+FCC
1,2.772,1.9,4.8095,67.56,0.0469,26.424,0.1668,0.2835,BCC+FCC
1,3.4696,1.9,4.7445,67.39,0.0444,26.271,0.164,0.2824,BCC+FCC
1,3.8447,1.9,4.712,67.305,0.0423,26.1945,0.1619,0.2816,BCC+FCC
1,5.4077,1.85,4.687,65.51,0.0435,26.4,0.1654,0.2816,BCC+FCC
1,4.4535,1.8,4.7595,63.97,0.0485,26.527,0.1721,0.2837,BCC+FCC
1,5.4272,1.8,4.727,63.885,0.0477,26.4335,0.1714,0.2832,BCC+FCC
1,8.7295,1.8,4.662,63.715,0.0446,26.2465,0.1687,0.2817,BCC+FCC
1,8.9697,1.7,4.7095,60.38,0.0501,25.194,0.1768,0.2838,BCC+FCC
1,2.5641,1.9,4.7695,70.835,0.0466,27.018,0.1678,0.2836,BCC+FCC
1,3.0273,1.9,4.7045,70.665,0.043,26.882,0.1618,0.2815,BCC+FCC
1,2.9193,1.85,4.777,69.125,0.0494,27.8325,0.1731,0.2845,BCC+FCC
1,3.7411,1.8,4.752,67.33,0.0503,28.22,0.1762,0.2846,BCC+FCC
1,5.1433,1.8,4.687,67.16,0.0463,28.05,0.1724,0.2828,BCC+FCC
1,4.9998,1.75,4.727,65.535,0.0511,28.2485,0.179,0.2846,BCC+FCC
1,35.0847,1.65,4.6445,61.86,0.0515,27.118,0.1833,0.284,BCC+FCC
1,4.0781,1.75,4.7195,68.895,0.0517,29.785,0.1813,0.285,BCC+FCC
1,4.8546,1.75,4.687,68.81,0.0498,29.7,0.1789,0.284,BCC+FCC
1,7.5381,1.7,4.662,67.015,0.0507,29.8765,0.1824,0.2841,BCC+FCC
1,2.7931,1.8,4.7045,73.965,0.0485,29.522,0.1733,0.2834,BCC+FCC
1,3.2892,1.75,4.712,72.255,0.0517,30.6495,0.1811,0.2849,BCC+FCC
1,4.5201,1.7,4.687,70.46,0.0527,31.35,0.1849,0.285,BCC+FCC
1,5.504,1.7,4.6545,70.375,0.0504,31.265,0.1817,0.2836,BCC+FCC
1,6.9372,1.65,4.662,68.665,0.0537,31.6915,0.1885,0.2851,BCC+FCC
1,2.6204,1.75,4.7045,75.615,0.0503,30.842,0.1782,0.2843,BCC+FCC
1,2.7527,1.7,4.672,77.18,0.0489,32.094,0.1773,0.2832,BCC+FCC
1,3.4132,1.7,4.607,77.01,0.0434,31.958,0.1642,0.2785,BCC+FCC
3,3.3826,2.05,4.6645,63.49,0.0294,23.451,0.1345,0.2768,FCC
1,4.597,1.9,4.7845,58.615,0.04,22.458,0.1534,0.2805,BCC+FCC
1,11.1535,1.85,4.6945,56.65,0.0407,21.035,0.1558,0.2801,BCC+FCC
1,8.6905,1.8,4.7345,55.025,0.0414,19.695,0.1577,0.2806,BCC+FCC
1,8.4882,1.75,4.742,53.315,0.0411,17.9025,0.1587,0.2805,BCC+FCC
1,2.2299,2,4.8595,65.65,0.0421,25.395,0.155,0.282,BCC+FCC
1,3.4059,1.95,4.7695,63.685,0.0415,25.265,0.1559,0.2815,BCC+FCC
1,3.9075,1.9,4.777,61.975,0.0431,25.0225,0.1598,0.2819,BCC+FCC
1,7.2266,1.8,4.727,58.385,0.0447,23.2905,0.165,0.282,BCC+FCC
1,24.807,1.75,4.6695,56.505,0.045,21.767,0.1671,0.2817,BCC+FCC
1,33.5903,1.7,4.677,54.795,0.0462,20.1225,0.1695,0.2821,BCC+FCC
1,2.8899,1.9,4.802,65.42,0.0461,27,0.1653,0.2834,BCC+FCC
1,3.6408,1.85,4.777,63.625,0.0469,26.8375,0.1682,0.2835,BCC+FCC
1,5.8017,1.8,4.7195,61.745,0.0467,26.214,0.17,0.2831,BCC+FCC
1,24.4245,1.65,4.677,56.445,0.05,22.5975,0.1781,0.2837,BCC+FCC
1,2.3999,1.9,4.7945,68.78,0.0475,28.212,0.168,0.2843,BCC+FCC
1,2.6516,1.9,4.762,68.695,0.0456,28.1355,0.1656,0.2835,BCC+FCC
1,5.3317,1.75,4.7195,63.395,0.0502,28.194,0.1775,0.2845,BCC+FCC
1,3.0049,1.85,4.697,70.175,0.0451,29.4675,0.1649,0.2823,BCC+FCC
1,4.1043,1.8,4.672,68.38,0.046,29.96,0.1693,0.2824,BCC+FCC
1,2.585,1.8,4.7295,71.91,0.0496,31.029,0.1744,0.2847,BCC+FCC
1,2.8701,1.8,4.697,71.825,0.0474,30.9525,0.1702,0.2832,BCC+FCC
1,3.9056,1.75,4.672,70.03,0.0484,31.61,0.1747,0.2833,BCC+FCC
1,4.2179,1.7,4.6395,71.595,0.0478,33.175,0.1748,0.2824,BCC+FCC
1,2.8114,1.7,4.6645,75.04,0.0476,33.846,0.1734,0.2829,BCC+FCC
3,3.3725,2.05,4.657,61.35,0.0286,23.62,0.1314,0.2766,FCC
1,6.7797,1.8,4.7595,52.97,0.0399,18.075,0.1565,0.2804,BCC+FCC
1,17.0284,1.8,4.6945,52.8,0.0409,17.82,0.1574,0.2804,BCC+FCC
1,2.5286,2,4.8195,63.425,0.0408,25.695,0.1525,0.2817,BCC+FCC
1,3.1811,1.95,4.7945,61.63,0.0415,25.333,0.1556,0.2817,BCC+FCC
1,4.4856,1.85,4.777,58.125,0.0434,23.6425,0.1618,0.2821,BCC+FCC
1,11.2536,1.8,4.687,56.16,0.0432,21.974,0.1633,0.2815,BCC+FCC
1,2.3832,1.95,4.8195,65.075,0.0445,27.345,0.1606,0.2832,BCC+FCC
1,2.6214,1.95,4.787,64.99,0.0431,27.26,0.1587,0.2827,BCC+FCC
1,7.0674,1.75,4.7195,57.895,0.0476,24.403,0.1723,0.2835,BCC+FCC
1,11.9576,1.7,4.6945,56.1,0.0484,22.77,0.1748,0.2835,BCC+FCC
1,2.4629,1.9,4.787,66.64,0.0466,28.91,0.1659,0.2841,BCC+FCC
1,2.7125,1.9,4.7545,66.555,0.0448,28.825,0.1632,0.2833,BCC+FCC
1,5.6152,1.8,4.672,62.88,0.0446,28.266,0.168,0.2825,BCC+FCC
1,2.8072,1.85,4.722,68.12,0.0461,30.39,0.1659,0.2834,BCC+FCC
1,3.7321,1.8,4.697,66.325,0.047,30.4975,0.1702,0.2835,BCC+FCC
1,2.8069,1.7,4.657,72.9,0.0463,35.17,0.1693,0.2827,BCC+FCC
1,2.9167,1.95,4.8195,59.575,0.0413,24.99,0.1551,0.2819,BCC+FCC
1,5.6644,1.85,4.737,55.9,0.0423,22.3,0.16,0.2817,BCC+FCC
1,6.3185,1.8,4.7445,54.19,0.0433,20.595,0.1632,0.282,BCC+FCC
1,4.5126,1.85,4.7295,59.26,0.0439,25.808,0.1636,0.2827,BCC+FCC
1,5.2022,1.85,4.697,59.175,0.0422,25.6975,0.1616,0.282,BCC+FCC
1,2.5014,1.9,4.7795,64.5,0.0457,29.18,0.1637,0.284,BCC+FCC
1,2.7432,1.9,4.747,64.415,0.044,29.0865,0.1607,0.2831,BCC+FCC
1,3.9488,1.85,4.6895,62.535,0.043,28.542,0.1615,0.2822,BCC+FCC
1,4.1828,1.8,4.7295,60.91,0.0474,27.953,0.1709,0.2841,BCC+FCC
1,4.8871,1.8,4.697,60.825,0.0455,27.8425,0.1685,0.2833,BCC+FCC
1,4.5237,1.75,4.697,62.475,0.0489,29.9875,0.1749,0.2845,BCC+FCC
1,3.2944,1.95,4.7795,57.35,0.0399,24.015,0.1523,0.2815,BCC+FCC
1,3.7189,1.9,4.787,55.64,0.0413,22.626,0.1567,0.2818,BCC+FCC
1,2.4509,1.95,4.8045,60.795,0.0428,27.144,0.1568,0.283,BCC+FCC
1,3.086,1.9,4.7795,59,0.0436,26.16,0.1603,0.283,BCC+FCC
1,3.4348,1.9,4.747,58.915,0.0421,26.0495,0.1581,0.2825,BCC+FCC
1,3.9585,1.85,4.7545,57.205,0.0444,24.817,0.1636,0.2831,BCC+FCC
1,4.2144,1.8,4.722,58.77,0.0464,27.008,0.1688,0.284,BCC+FCC
1,2.5628,1.85,4.7395,63.925,0.0462,30.9,0.164,0.2842,BCC+FCC
1,2.6279,2.05,4.691,67.725,0.042,22.2275,0.1631,0.3224,BCC+FCC
1,7.5358,1.95,4.576,63.965,0.0395,22.9285,0.166,0.32,BCC+FCC
1,4.6076,1.85,4.6885,60.8,0.05,22.78,0.1756,0.3251,BCC+FCC
1,4.4793,1.8,4.696,59.09,0.0508,22.078,0.1769,0.3256,BCC+FCC
1,20.5049,1.8,4.5985,58.835,0.0495,21.772,0.1778,0.3238,BCC+FCC
1,3.0378,1.95,4.6985,67.665,0.048,24.222,0.1753,0.3246,BCC+FCC
1,3.4329,1.95,4.666,67.58,0.0458,24.154,0.1737,0.3235,BCC+FCC
1,4.5184,1.95,4.601,67.41,0.0413,24.018,0.1692,0.3206,BCC+FCC
1,2.4612,1.9,4.771,66.125,0.0522,24.8725,0.1797,0.3268,BCC+FCC
1,10.8186,1.9,4.5435,65.53,0.0405,24.337,0.1701,0.3189,BCC+FCC
1,3.5327,1.85,4.7135,64.245,0.0526,24.875,0.1818,0.3263,BCC+FCC
1,4.2586,1.75,4.696,60.74,0.0546,24.058,0.1856,0.3269,BCC+FCC
1,5.335,1.7,4.671,58.945,0.0554,23.0685,0.1874,0.327,BCC+FCC
1,8.4215,1.7,4.6385,58.86,0.0552,22.958,0.1879,0.3265,BCC+FCC
1,80.6821,1.7,4.5735,58.69,0.0535,22.737,0.188,0.3249,BCC+FCC
1,2.2683,1.9,4.7635,69.485,0.0543,25.678,0.1848,0.3274,BCC+FCC
1,4.134,1.8,4.681,65.81,0.0548,26.44,0.189,0.3267,BCC+FCC
1,13.5299,1.75,4.591,63.845,0.0521,26.1295,0.1896,0.3246,BCC+FCC
1,49.711,1.75,4.5585,63.76,0.0495,26.036,0.188,0.3232,BCC+FCC
1,5.4945,1.7,4.6635,62.305,0.0578,25.936,0.1939,0.3277,BCC+FCC
1,1802.8855,1.7,4.566,62.05,0.0533,25.63,0.1922,0.3247,BCC+FCC
1,1.8426,1.95,4.7485,74.555,0.052,24.283,0.1826,0.3264,BCC+FCC
1,2.0201,1.9,4.756,72.845,0.055,25.8115,0.1878,0.3276,BCC+FCC
1,2.8464,1.9,4.6585,72.59,0.0489,25.633,0.1806,0.3236,BCC+FCC
1,3.165,1.9,4.626,72.505,0.047,25.5735,0.1772,0.3218,BCC+FCC
1,2.4709,1.85,4.731,71.05,0.056,26.93,0.1908,0.3277,BCC+FCC
1,3.2941,1.85,4.666,70.88,0.0518,26.794,0.1869,0.3252,BCC+FCC
1,4.4438,1.8,4.641,69.085,0.0527,27.5365,0.1902,0.3253,BCC+FCC
1,5.5078,1.8,4.6085,69,0.0507,27.46,0.1879,0.3238,BCC+FCC
1,230.9451,1.65,4.566,63.7,0.0559,27.61,0.199,0.3256,BCC+FCC
1,2.1496,1.9,4.6835,76.035,0.0505,25.171,0.182,0.3241,BCC+FCC
1,3.1132,1.85,4.626,74.155,0.0493,26.7285,0.1823,0.3223,BCC+FCC
1,4.3631,1.8,4.601,72.36,0.0503,27.978,0.1865,0.3224,BCC+FCC
1,5.2521,1.8,4.5685,72.275,0.048,27.91,0.1825,0.3202,BCC+FCC
1,9.3079,1.7,4.5835,68.855,0.0545,29.485,0.197,0.3245,BCC+FCC
1,3.0344,1.8,4.626,75.805,0.051,27.8835,0.187,0.3228,BCC+FCC
1,1.9431,2.1,4.7735,67.55,0.0434,22.795,0.1614,0.324,BCC+FCC
1,2.0801,2.1,4.741,67.465,0.0417,22.7355,0.1598,0.3232,BCC+FCC
1,2.1909,2.05,4.781,65.84,0.0455,23.452,0.1653,0.3247,BCC+FCC
1,2.8076,1.95,4.7635,62.335,0.0477,23.655,0.1704,0.3253,BCC+FCC
1,3.7438,1.95,4.6985,62.165,0.0464,23.485,0.1699,0.3242,BCC+FCC
1,6.5255,1.95,4.601,61.91,0.0408,23.23,0.1661,0.3212,BCC+FCC
1,4.9196,1.9,4.6735,60.37,0.0474,22.997,0.1724,0.3243,BCC+FCC
1,8.534,1.9,4.6085,60.2,0.0444,22.81,0.1707,0.3225,BCC+FCC
1,13.8217,1.9,4.576,60.115,0.0421,22.7165,0.1693,0.3213,BCC+FCC
1,5.0923,1.8,4.6885,56.95,0.05,21.165,0.1764,0.3254,BCC+FCC
1,11.8562,1.8,4.6235,56.78,0.0494,20.944,0.177,0.3244,BCC+FCC
1,36.4212,1.8,4.591,56.695,0.0484,20.8335,0.1768,0.3236,BCC+FCC
1,4.5713,1.75,4.696,55.24,0.0502,19.736,0.1773,0.3257,BCC+FCC
1,11.3531,1.75,4.631,55.07,0.0508,19.498,0.1788,0.3251,BCC+FCC
1,2.0887,2.05,4.741,69.115,0.0446,23.8905,0.1672,0.3243,BCC+FCC
1,2.24,2.05,4.7085,69.03,0.0422,23.831,0.1648,0.3231,BCC+FCC
1,2.1488,2,4.781,67.49,0.049,24.772,0.1733,0.326,BCC+FCC
1,2.3764,2,4.7485,67.405,0.0476,24.704,0.1721,0.3253,BCC+FCC
1,2.8552,2,4.6835,67.235,0.0433,24.568,0.1685,0.3232,BCC+FCC
1,3.2993,1.95,4.691,65.525,0.0468,25.0225,0.1737,0.3244,BCC+FCC
1,4.9433,1.95,4.5935,65.27,0.0406,24.793,0.1668,0.3204,BCC+FCC
1,4.3223,1.9,4.666,63.73,0.0479,25.05,0.1766,0.3245,BCC+FCC
1,5.1868,1.9,4.6335,63.645,0.0458,24.965,0.1751,0.3234,BCC+FCC
1,4.791,1.85,4.6735,62.02,0.0506,24.812,0.1804,0.3255,BCC+FCC
1,8.258,1.85,4.6085,61.85,0.047,24.625,0.1782,0.3234,BCC+FCC
1,10.0384,1.8,4.616,60.14,0.0501,24.028,0.1821,0.3246,BCC+FCC
1,2.2235,2,4.7085,70.68,0.0459,24.986,0.1714,0.324,BCC+FCC
1,2.306,1.95,4.7485,69.055,0.0507,26.024,0.1794,0.3264,BCC+FCC
1,3.2246,1.9,4.691,67.175,0.0497,26.5075,0.1807,0.3254,BCC+FCC
1,5.8669,1.9,4.561,66.835,0.0423,26.2015,0.1693,0.3191,BCC+FCC
1,4.2021,1.85,4.666,65.38,0.0508,26.7,0.1837,0.3255,BCC+FCC
1,12.3667,1.8,4.576,63.415,0.0473,26.3465,0.1831,0.3229,BCC+FCC
1,9.4829,1.75,4.616,61.79,0.053,26.008,0.1894,0.3257,BCC+FCC
1,6.3676,1.7,4.656,60.165,0.0569,25.3445,0.1931,0.3275,BCC+FCC
1,1.988,1.95,4.741,72.415,0.051,26.2005,0.1804,0.3262,BCC+FCC
1,2.7582,1.9,4.6835,70.535,0.05,27.208,0.1813,0.3249,BCC+FCC
1,2.6864,1.85,4.7235,68.91,0.0549,28.069,0.1891,0.3275,BCC+FCC
1,4.9107,1.8,4.6335,66.945,0.0517,28.265,0.1883,0.3251,BCC+FCC
1,6.1584,1.8,4.601,66.86,0.0498,28.18,0.1857,0.3236,BCC+FCC
1,8.1998,1.8,4.5685,66.775,0.0478,28.095,0.1826,0.3218,BCC+FCC
1,7.6197,1.75,4.6085,65.15,0.0526,28.255,0.1915,0.3252,BCC+FCC
1,5.9757,1.7,4.6485,63.525,0.0579,28.09,0.1974,0.3277,BCC+FCC
1,2.5108,1.9,4.6435,73.81,0.0472,27.177,0.1746,0.322,BCC+FCC
1,2.3425,1.85,4.716,72.27,0.0549,28.596,0.1899,0.3272,BCC+FCC
1,3.4448,1.8,4.6585,70.39,0.0536,29.401,0.1906,0.3258,BCC+FCC
1,4.7665,1.8,4.5935,70.22,0.0492,29.248,0.1837,0.3222,BCC+FCC
1,5.7634,1.8,4.561,70.135,0.047,29.1715,0.1794,0.32,BCC+FCC
1,11.2991,1.7,4.576,66.715,0.0534,29.9765,0.1949,0.3243,BCC+FCC
1,2.4498,1.85,4.6435,75.46,0.0487,28.332,0.179,0.3224,BCC+FCC
1,3.8818,1.75,4.626,71.955,0.0534,30.8095,0.1924,0.3247,BCC+FCC
1,2.0585,2.1,4.766,65.41,0.0423,23.798,0.1597,0.3239,BCC+FCC
1,2.1155,2.05,4.806,63.785,0.0453,24.1465,0.1647,0.3251,BCC+FCC
1,3.002,2.05,4.676,63.445,0.0394,23.8405,0.1592,0.3221,BCC+FCC
1,3.9882,2,4.651,61.65,0.0406,23.66,0.1627,0.3221,BCC+FCC
1,4.0319,1.95,4.691,60.025,0.0453,23.3075,0.1686,0.3241,BCC+FCC
1,4.7418,1.95,4.6585,59.94,0.0438,23.214,0.1675,0.3232,BCC+FCC
1,13.0446,1.85,4.6085,56.35,0.0461,21.075,0.1731,0.3234,BCC+FCC
1,4.2469,1.8,4.7135,54.895,0.0488,19.943,0.1753,0.3256,BCC+FCC
1,8.3411,1.8,4.6485,54.725,0.049,19.705,0.1762,0.3249,BCC+FCC
1,2.2833,2,4.7735,65.35,0.048,25.555,0.1719,0.3258,BCC+FCC
1,4.6686,1.9,4.6585,61.59,0.0467,25.029,0.1751,0.3243,BCC+FCC
1,4.236,1.85,4.6985,59.965,0.0507,24.508,0.1798,0.326,BCC+FCC
1,5.2457,1.85,4.666,59.88,0.0495,24.406,0.1791,0.3253,BCC+FCC
1,12.1501,1.8,4.6085,58,0.0489,23.22,0.1808,0.3245,BCC+FCC
1,5.3906,1.75,4.681,56.46,0.0529,22.134,0.1844,0.3267,BCC+FCC
1,7.8685,1.75,4.6485,56.375,0.0525,22.015,0.1844,0.3262,BCC+FCC
1,13.9764,1.75,4.616,56.29,0.0515,21.896,0.1841,0.3254,BCC+FCC
1,1.9918,2,4.766,68.71,0.0487,26.438,0.1743,0.3261,BCC+FCC
1,2.1693,2,4.7335,68.625,0.0468,26.37,0.1719,0.3251,BCC+FCC
1,2.1791,1.95,4.7735,67,0.0515,27.04,0.1793,0.3271,BCC+FCC
1,2.9831,1.95,4.676,66.745,0.0459,26.8105,0.1729,0.3239,BCC+FCC
1,6.501,1.8,4.6335,61.445,0.0507,26.284,0.1851,0.3254,BCC+FCC
1,2.0996,1.95,4.7335,70.275,0.0501,27.69,0.1781,0.326,BCC+FCC
1,2.9142,1.9,4.676,68.395,0.049,28.2955,0.1789,0.3247,BCC+FCC
1,10.6235,1.7,4.6085,61.3,0.0547,27.51,0.1946,0.3264,BCC+FCC
1,2.8116,1.85,4.676,70.045,0.0516,29.7805,0.1844,0.3255,BCC+FCC
1,3.5225,1.85,4.611,69.875,0.0471,29.6275,0.1761,0.3218,BCC+FCC
1,3.1361,1.8,4.6835,68.335,0.0548,30.345,0.1912,0.3271,BCC+FCC
1,4.2986,1.8,4.6185,68.165,0.0504,30.175,0.1848,0.3239,BCC+FCC
1,5.1145,1.75,4.626,66.455,0.0536,30.3805,0.1919,0.3257,BCC+FCC
1,6.5434,1.75,4.5935,66.37,0.0514,30.287,0.1888,0.324,BCC+FCC
1,2.5647,1.85,4.636,73.32,0.0475,30.126,0.1754,0.3221,BCC+FCC
1,3.0408,1.8,4.6435,71.61,0.0511,31.189,0.1853,0.3243,BCC+FCC
1,1.8471,2.1,4.8235,63.44,0.0437,24.526,0.1607,0.3249,BCC+FCC
1,2.1481,2.1,4.7585,63.27,0.0413,24.373,0.1579,0.3237,BCC+FCC
1,2.222,2.05,4.7985,61.645,0.0444,24.345,0.1635,0.3249,BCC+FCC
1,2.7486,1.95,4.781,58.14,0.0461,23.008,0.1687,0.3253,BCC+FCC
1,6.3726,1.85,4.666,54.38,0.0472,19.912,0.1731,0.3247,BCC+FCC
1,9.7261,1.8,4.641,52.585,0.048,17.9275,0.1753,0.3248,BCC+FCC
1,1.9697,2.05,4.791,65.005,0.0462,25.9345,0.1673,0.3256,BCC+FCC
1,2.1362,2.05,4.7585,64.92,0.0444,25.858,0.1654,0.3249,BCC+FCC
1,2.1424,2,4.7985,63.295,0.0482,25.995,0.1716,0.3263,BCC+FCC
1,2.3921,2,4.766,63.21,0.0471,25.91,0.1704,0.3257,BCC+FCC
1,2.8808,2,4.701,63.04,0.0433,25.74,0.1666,0.324,BCC+FCC
1,7.4451,1.85,4.626,57.655,0.0466,23.4615,0.1765,0.3242,BCC+FCC
1,1.8831,2,4.791,66.655,0.0496,27.4195,0.1745,0.3268,BCC+FCC
1,2.2567,2,4.726,66.485,0.046,27.2665,0.1696,0.3249,BCC+FCC
1,2.5564,1.95,4.7335,64.775,0.0486,27.475,0.1757,0.326,BCC+FCC
1,3.4001,1.95,4.636,64.52,0.0433,27.22,0.167,0.3222,BCC+FCC
1,7.1279,1.8,4.626,59.305,0.0495,25.6065,0.1834,0.3252,BCC+FCC
1,1.9774,1.95,4.7585,68.22,0.0511,28.828,0.1787,0.327,BCC+FCC
1,2.3768,1.95,4.6935,68.05,0.0472,28.675,0.1721,0.3244,BCC+FCC
1,3.0333,1.9,4.6685,66.255,0.0481,28.955,0.1763,0.3245,BCC+FCC
1,3.3503,1.9,4.636,66.17,0.0461,28.87,0.1725,0.3229,BCC+FCC
1,4.6285,1.8,4.651,62.75,0.0518,28.54,0.1866,0.3261,BCC+FCC
1,3.2696,1.85,4.636,67.82,0.0483,30.52,0.1775,0.3235,BCC+FCC
1,2.1767,1.85,4.6935,71.35,0.0513,31.645,0.1821,0.3259,BCC+FCC
1,2.2878,1.8,4.661,72.915,0.0497,33.0535,0.181,0.3245,BCC+FCC
1,1.7397,2.1,4.8485,61.385,0.0434,24.775,0.1602,0.3251,BCC+FCC
1,2.5287,2.05,4.7585,59.42,0.0426,24.022,0.161,0.3243,BCC+FCC
1,2.7663,2,4.766,57.71,0.0444,23.182,0.1649,0.3249,BCC+FCC
1,2.8783,1.95,4.7735,56,0.0454,22,0.1678,0.3252,BCC+FCC
1,3.8631,1.95,4.7085,55.83,0.0444,21.779,0.1668,0.3244,BCC+FCC
1,1.8518,2.05,4.816,62.95,0.0466,26.34,0.1672,0.3261,BCC+FCC
1,2.3563,2.05,4.7185,62.695,0.0415,26.085,0.1606,0.3237,BCC+FCC
1,2.6592,1.95,4.766,59.36,0.0481,25.162,0.173,0.3262,BCC+FCC
1,3.0219,1.95,4.7335,59.275,0.047,25.06,0.1718,0.3256,BCC+FCC
1,4.3972,1.9,4.676,57.395,0.0464,23.8135,0.1733,0.3249,BCC+FCC
1,3.9132,1.85,4.716,55.77,0.0497,22.548,0.1782,0.3263,BCC+FCC
1,4.8176,1.85,4.6835,55.685,0.0488,22.429,0.1774,0.3258,BCC+FCC
1,4.9306,1.8,4.691,53.975,0.0505,20.7025,0.1806,0.3264,BCC+FCC
1,6.6069,1.8,4.6585,53.89,0.0497,20.575,0.18,0.3258,BCC+FCC
1,2.3189,2,4.7185,64.345,0.0451,27.735,0.1671,0.3247,BCC+FCC
1,2.4829,2,4.686,64.26,0.0434,27.65,0.1635,0.3234,BCC+FCC
1,3.1836,1.95,4.661,62.465,0.0442,27.3715,0.1678,0.3235,BCC+FCC
1,3.2911,1.9,4.701,60.84,0.0485,26.938,0.1771,0.326,BCC+FCC
1,5.7777,1.8,4.651,57.25,0.0505,24.62,0.1834,0.3261,BCC+FCC
1,3.1221,1.85,4.701,62.49,0.0519,28.918,0.1836,0.327,BCC+FCC
1,4.841,1.8,4.6435,60.61,0.0509,27.993,0.1845,0.3259,BCC+FCC
1,3.3233,1.85,4.6285,65.68,0.0472,30.908,0.1743,0.3233,BCC+FCC
1,2.8459,1.8,4.661,67.415,0.0512,32.8165,0.1835,0.3257,BCC+FCC
1,3.7529,1.75,4.636,65.62,0.0523,32.674,0.1879,0.3258,BCC+FCC
1,2.3264,1.8,4.6535,70.775,0.0484,34.165,0.1771,0.3242,BCC+FCC
1,1.9667,2.1,4.8085,59.16,0.042,24.426,0.1576,0.3246,BCC+FCC
1,2.1192,2.1,4.776,59.075,0.0408,24.3325,0.156,0.3241,BCC+FCC
1,2.3715,2.05,4.7835,57.365,0.0428,23.458,0.1607,0.3247,BCC+FCC
1,2.5917,2.05,4.751,57.28,0.0417,23.356,0.1593,0.3242,BCC+FCC
1,2.5239,2,4.791,55.655,0.044,22.2415,0.1643,0.3251,BCC+FCC
1,4.6394,1.95,4.6685,53.605,0.0421,20.207,0.1641,0.3236,BCC+FCC
1,2.391,2.05,4.711,60.555,0.0408,25.9605,0.1581,0.3236,BCC+FCC
1,2.425,1.95,4.751,60.58,0.0486,27.316,0.174,0.3266,BCC+FCC
1,2.9576,1.95,4.686,60.41,0.0451,27.112,0.1686,0.3246,BCC+FCC
1,4.7338,1.8,4.676,55.195,0.0513,23.2225,0.1833,0.3268,BCC+FCC
1,3.1292,1.9,4.6535,61.975,0.0462,28.99,0.1706,0.3241,BCC+FCC
1,4.1084,1.8,4.6685,58.555,0.0519,27.137,0.1849,0.3269,BCC+FCC
1,2.7112,1.85,4.686,63.71,0.0506,31.072,0.1799,0.3264,BCC+FCC
1,2.5806,2,4.7835,53.515,0.0433,20.771,0.1631,0.325,BCC+FCC
1,3.5419,1.95,4.726,51.635,0.0435,18.5725,0.1651,0.3247,BCC+FCC
1,1.9328,2.05,4.801,58.67,0.0449,25.714,0.1636,0.3258,BCC+FCC
1,2.5742,2,4.7435,56.79,0.0442,24.407,0.165,0.3253,BCC+FCC
1,2.8009,2,4.711,56.705,0.0422,24.2965,0.1626,0.3245,BCC+FCC
1,3.003,2,4.6785,56.62,0.0408,24.186,0.1596,0.3235,BCC+FCC
1,2.9475,1.95,4.6785,58.27,0.0443,26.331,0.166,0.3244,BCC+FCC
1,3.392,1.9,4.686,56.56,0.0468,25.034,0.173,0.3256,BCC+FCC
1,2.0965,1.95,4.736,61.8,0.0483,29.47,0.1712,0.3265,BCC+FCC
1,2.5828,1.9,4.711,60.005,0.0492,28.5865,0.1753,0.3266,BCC+FCC
1,2.2138,1.85,4.671,64.93,0.0477,33.226,0.1716,0.3252,BCC+FCC
1,1.8457,2.1,4.826,54.965,0.0413,22.7245,0.1557,0.3248,BCC+FCC
1,2.2032,2.05,4.801,53.17,0.0419,20.978,0.1588,0.3248,BCC+FCC
1,2.6094,2,4.776,51.375,0.0426,18.8725,0.1618,0.3249,BCC+FCC
1,2.9253,2,4.7435,51.29,0.0419,18.745,0.1606,0.3245,BCC+FCC
1,2.2476,2.05,4.7285,56.36,0.0409,24.538,0.1561,0.3242,BCC+FCC
1,2.5735,2,4.736,54.65,0.0433,23.05,0.1629,0.3251,BCC+FCC
1,2.0212,2,4.761,58.095,0.0461,26.7935,0.1659,0.3262,BCC+FCC
1,2.1886,2,4.7285,58.01,0.0444,26.683,0.1626,0.3253,BCC+FCC
1,2.4553,1.95,4.736,56.3,0.0469,25.36,0.1697,0.3263,BCC+FCC
1,2.5479,1.9,4.7035,57.865,0.0482,27.551,0.1727,0.3264,BCC+FCC
1,1.7979,2.15,4.6725,66.82,0.0428,23.404,0.169,0.3608,BCC+FCC
1,1.9095,2.15,4.64,66.735,0.0413,23.3445,0.1658,0.3591,BCC+FCC
1,1.7377,2.1,4.745,65.28,0.0497,24.124,0.1783,0.3646,BCC+FCC
1,2.0724,2.1,4.68,65.11,0.0455,23.988,0.175,0.3623,BCC+FCC
1,2.2502,2.1,4.6475,65.025,0.0434,23.92,0.1727,0.3609,BCC+FCC
1,2.2978,2.05,4.6875,63.4,0.0489,24.23,0.1798,0.3636,BCC+FCC
1,2.8531,2.05,4.6225,63.23,0.0441,24.077,0.1762,0.361,BCC+FCC
1,4.2355,1.95,4.605,59.725,0.0491,23.4075,0.1842,0.3626,BCC+FCC
1,1.7112,2.1,4.705,68.555,0.048,24.6185,0.1781,0.363,BCC+FCC
1,1.8396,2.1,4.6725,68.47,0.0463,24.559,0.1751,0.3614,BCC+FCC
1,1.7256,2.05,4.745,66.93,0.0529,25.444,0.1854,0.3655,BCC+FCC
1,1.9109,2.05,4.7125,66.845,0.0507,25.376,0.1837,0.3644,BCC+FCC
1,2.0985,2.05,4.68,66.76,0.0488,25.308,0.1816,0.3631,BCC+FCC
1,2.3026,2,4.6875,65.05,0.0518,25.715,0.1868,0.3645,BCC+FCC
1,2.9015,2,4.6225,64.88,0.0478,25.562,0.1825,0.3616,BCC+FCC
1,2.425,1.95,4.695,63.34,0.0549,25.78,0.1909,0.3657,BCC+FCC
1,3.8098,1.95,4.5975,63.085,0.0486,25.525,0.1859,0.3617,BCC+FCC
1,5.7128,1.95,4.5325,62.915,0.0451,25.355,0.1804,0.3579,BCC+FCC
1,5.4094,1.9,4.5725,61.29,0.0494,25.129,0.1892,0.3618,BCC+FCC
1,9.2409,1.85,4.5475,59.495,0.0503,24.374,0.1922,0.3619,BCC+FCC
1,1.6997,2.05,4.705,70.205,0.0512,25.7735,0.184,0.3637,BCC+FCC
1,2.0817,2,4.68,68.41,0.0521,26.628,0.1876,0.3638,BCC+FCC
1,3.3667,2,4.5175,67.985,0.0422,26.288,0.167,0.3529,BCC+FCC
1,4.5946,1.9,4.565,64.65,0.0499,27.09,0.1891,0.3604,BCC+FCC
1,7.426,1.85,4.54,62.855,0.0508,26.8505,0.1927,0.3605,BCC+FCC
1,1.8198,2,4.6725,71.77,0.0516,26.869,0.186,0.3625,BCC+FCC
1,2.5147,1.95,4.615,69.89,0.0503,27.812,0.1862,0.3605,BCC+FCC
1,3.0926,1.95,4.55,69.72,0.0459,27.676,0.1767,0.3557,BCC+FCC
1,4.473,1.9,4.525,67.925,0.0469,28.3025,0.1817,0.3558,BCC+FCC
1,2.2317,2.05,4.7125,61.345,0.0496,24.475,0.1796,0.3645,BCC+FCC
1,2.4831,2.05,4.68,61.26,0.0478,24.39,0.1782,0.3635,BCC+FCC
1,4.9228,2,4.5575,59.21,0.0426,23.531,0.1751,0.3592,BCC+FCC
1,4.6951,1.95,4.5975,57.585,0.0478,22.772,0.1826,0.3624,BCC+FCC
1,6.03,1.95,4.565,57.5,0.0452,22.67,0.1809,0.361,BCC+FCC
1,6.988,1.9,4.5725,55.79,0.0491,21.467,0.1855,0.3625,BCC+FCC
1,1.8372,2.1,4.6975,66.415,0.0472,25.722,0.1758,0.3628,BCC+FCC
1,2.226,2.1,4.6,66.16,0.042,25.518,0.1643,0.3573,BCC+FCC
1,2.2543,2.05,4.6725,64.62,0.0479,26.018,0.1794,0.3629,BCC+FCC
1,2.4599,2.05,4.64,64.535,0.0462,25.9415,0.1765,0.3613,BCC+FCC
1,2.2679,1.95,4.72,61.285,0.0554,25.8135,0.1906,0.3665,BCC+FCC
1,2.6328,1.95,4.6875,61.2,0.0538,25.72,0.1895,0.3655,BCC+FCC
1,3.5313,1.95,4.6225,61.03,0.0495,25.533,0.1862,0.3631,BCC+FCC
1,6.0717,1.9,4.565,59.15,0.0485,24.65,0.1873,0.3616,BCC+FCC
1,2.2633,2.05,4.6,67.81,0.0443,26.838,0.1691,0.3576,BCC+FCC
1,3.2329,2,4.5425,65.93,0.0432,27.197,0.1689,0.3553,BCC+FCC
1,1.7803,2,4.6975,69.715,0.0527,28.362,0.187,0.3641,BCC+FCC
1,3.2713,1.95,4.5425,67.58,0.0448,28.682,0.1729,0.3554,BCC+FCC
1,3.5361,1.9,4.5825,65.955,0.0503,29.085,0.1876,0.3604,BCC+FCC
1,1.6198,2.1,4.795,61.17,0.0503,24.99,0.1776,0.3658,BCC+FCC
1,3.2422,2,4.6475,57.325,0.0477,23.15,0.1796,0.3634,BCC+FCC
1,1.4919,2.1,4.7875,64.53,0.0517,26.627,0.1808,0.3661,BCC+FCC
1,1.9306,2.1,4.69,64.275,0.0463,26.3975,0.1733,0.3626,BCC+FCC
1,1.7651,2.05,4.7625,62.735,0.0526,26.555,0.1837,0.3662,BCC+FCC
1,2.5805,2.05,4.6325,62.395,0.0454,26.215,0.174,0.3611,BCC+FCC
1,3.0151,2.05,4.5675,62.225,0.0419,26.045,0.1658,0.3572,BCC+FCC
1,4.4277,1.95,4.5825,58.805,0.0469,24.926,0.1817,0.3613,BCC+FCC
1,4.1137,1.9,4.6225,57.18,0.0517,23.964,0.1894,0.3643,BCC+FCC
1,5.5433,1.85,4.5975,55.385,0.0528,22.439,0.1922,0.3644,BCC+FCC
1,1.5926,2.05,4.755,66.095,0.0532,28.0355,0.1851,0.366,BCC+FCC
1,2.9159,1.95,4.64,62.335,0.051,27.6585,0.1867,0.3634,BCC+FCC
1,4.4151,1.9,4.5825,60.455,0.05,26.906,0.1874,0.3618,BCC+FCC
1,2.0403,2,4.6575,67.49,0.0494,29.291,0.18,0.362,BCC+FCC
1,2.297,1.95,4.665,65.78,0.0526,29.6,0.1883,0.3639,BCC+FCC
1,3.0773,1.95,4.5675,65.525,0.046,29.345,0.1748,0.3577,BCC+FCC
1,3.2505,1.9,4.6075,63.9,0.0514,29.38,0.1887,0.3622,BCC+FCC
1,1.4473,2.15,4.8125,60.825,0.0487,25.335,0.1735,0.3656,BCC+FCC
1,1.8548,2.15,4.715,60.57,0.0436,25.08,0.1676,0.363,BCC+FCC
1,1.9708,2.15,4.6825,60.485,0.0421,24.995,0.1646,0.3617,BCC+FCC
1,1.6991,2.1,4.7875,59.03,0.0494,24.713,0.1763,0.3657,BCC+FCC
1,1.8914,2.1,4.755,58.945,0.0482,24.6195,0.175,0.365,BCC+FCC
1,2.0723,2.1,4.7225,58.86,0.0465,24.526,0.1734,0.3641,BCC+FCC
1,2.43,2.1,4.6575,58.69,0.0428,24.339,0.1686,0.3618,BCC+FCC
1,2.9729,2,4.6725,55.27,0.0485,22.171,0.1795,0.3643,BCC+FCC
1,2.3276,2.1,4.585,61.88,0.0403,26.39,0.157,0.3568,BCC+FCC
1,2.8533,2.05,4.5925,60.17,0.0428,25.967,0.1672,0.359,BCC+FCC
1,2.7417,2,4.665,58.63,0.0488,25.406,0.1812,0.364,BCC+FCC
1,3.0578,2,4.6325,58.545,0.0471,25.304,0.1786,0.3626,BCC+FCC
1,3.4007,2,4.6,58.46,0.0453,25.202,0.1754,0.361,BCC+FCC
1,4.346,1.9,4.615,55.04,0.0505,22.646,0.1877,0.3641,BCC+FCC
1,1.9844,2.05,4.6825,63.785,0.0483,28.295,0.1763,0.363,BCC+FCC
1,2.1282,2.05,4.65,63.7,0.0463,28.21,0.1721,0.3613,BCC+FCC
1,3.3992,1.95,4.6,60.11,0.0481,27.182,0.1809,0.3615,BCC+FCC
1,3.3214,1.9,4.64,58.485,0.053,26.3505,0.1907,0.3648,BCC+FCC
1,2.3836,2,4.585,65.18,0.0439,29.69,0.1654,0.3573,BCC+FCC
1,2.1267,1.95,4.69,63.725,0.0538,29.8775,0.1892,0.3653,BCC+FCC
1,2.3714,1.95,4.585,66.83,0.0448,31.34,0.1687,0.3574,BCC+FCC
1,1.5005,2.15,4.805,58.685,0.0478,25.0235,0.1719,0.3655,BCC+FCC
1,2.1036,2.15,4.6425,58.26,0.0399,24.556,0.1581,0.36,BCC+FCC
1,2.3081,2.1,4.6825,56.635,0.0435,23.702,0.1691,0.3629,BCC+FCC
1,2.6282,2.1,4.6175,56.465,0.0406,23.498,0.1626,0.3601,BCC+FCC
1,2.5495,2.05,4.69,54.925,0.0464,22.4125,0.1748,0.364,BCC+FCC
1,1.7709,2.1,4.74,60.165,0.0481,26.6515,0.1745,0.3648,BCC+FCC
1,2.0384,2.1,4.675,59.995,0.0447,26.4645,0.1679,0.3622,BCC+FCC
1,2.237,2.1,4.61,59.825,0.0412,26.2775,0.1588,0.3587,BCC+FCC
1,2.2377,2,4.7225,56.66,0.0516,24.668,0.1834,0.3659,BCC+FCC
1,2.6298,1.95,4.6975,54.865,0.0525,23.091,0.1864,0.366,BCC+FCC
1,1.7102,2.05,4.74,61.815,0.0513,28.4665,0.1806,0.3657,BCC+FCC
1,1.8777,2.05,4.7075,61.73,0.0493,28.373,0.1773,0.3644,BCC+FCC
1,2.4873,2,4.65,59.85,0.0483,27.56,0.1777,0.3629,BCC+FCC
1,1.803,2,4.7075,63.38,0.0517,30.188,0.1825,0.3651,BCC+FCC
1,2.258,2,4.61,63.125,0.045,29.9075,0.1676,0.3594,BCC+FCC
1,1.9243,2.15,4.7,56.29,0.0422,23.978,0.1627,0.3626,BCC+FCC
1,1.8051,2.1,4.7725,54.75,0.0478,22.875,0.1733,0.3654,BCC+FCC
1,2.3319,2.1,4.675,54.495,0.0428,22.5435,0.1667,0.3627,BCC+FCC
1,2.4713,2.1,4.6425,54.41,0.0413,22.433,0.1635,0.3614,BCC+FCC
1,1.8025,2.1,4.7325,58.025,0.0473,26.06,0.1722,0.3646,BCC+FCC
1,1.9352,2.1,4.7,57.94,0.0456,25.958,0.1689,0.3634,BCC+FCC
1,2.0485,2.1,4.6675,57.855,0.0438,25.856,0.165,0.362,BCC+FCC
1,2.1324,2.1,4.635,57.77,0.0421,25.754,0.1603,0.3604,BCC+FCC
1,2.1539,2.05,4.7075,56.23,0.0481,24.799,0.176,0.3647,BCC+FCC
1,2.3404,2.05,4.675,56.145,0.0463,24.6885,0.173,0.3635,BCC+FCC
1,2.5043,2.05,4.6425,56.06,0.0446,24.578,0.1694,0.3621,BCC+FCC
1,2.6884,1.95,4.69,52.725,0.0515,21.3275,0.1848,0.3659,BCC+FCC
1,1.9019,2.05,4.7,59.59,0.0484,27.938,0.1745,0.3642,BCC+FCC
1,2.4873,2,4.6425,57.71,0.0473,26.723,0.1748,0.3627,BCC+FCC
1,2.4773,1.95,4.6825,56.085,0.0521,25.489,0.1856,0.3657,BCC+FCC
1,2.7813,1.95,4.65,56,0.0502,25.37,0.1826,0.3643,BCC+FCC
1,2.2064,1.95,4.675,59.445,0.0516,28.9785,0.1839,0.3649,BCC+FCC
1,1.9039,1.95,4.6675,62.805,0.0498,31.796,0.1791,0.3637,BCC+FCC
1,1.5617,2.15,4.79,54.405,0.0462,23.1165,0.1684,0.3652,BCC+FCC
1,1.9307,2.1,4.6925,55.8,0.0447,24.93,0.1661,0.3632,BCC+FCC
1,2.319,2.05,4.6675,54.005,0.0455,23.267,0.1704,0.3633,BCC+FCC
1,1.8981,2.05,4.6925,57.45,0.0474,27.075,0.1715,0.364,BCC+FCC
1,2.2774,2,4.6675,55.655,0.0483,25.577,0.1759,0.3641,BCC+FCC
1,1.7013,2.15,4.75,52.18,0.0437,21.402,0.1639,0.3643,BCC+FCC
1,1.8037,2.15,4.7175,52.095,0.0422,21.283,0.1608,0.3634,BCC+FCC
1,1.5255,2.2,4.6615,64.205,0.0475,25.074,0.1793,0.3978,BCC+FCC
1,2.5166,2.1,4.579,60.53,0.0473,24.78,0.1838,0.396,BCC+FCC
1,1.6783,2.15,4.629,65.77,0.0484,26.326,0.181,0.3961,BCC+FCC
1,1.669,2.15,4.654,63.715,0.0494,27.0135,0.1821,0.3979,BCC+FCC
1,1.7881,2.15,4.6215,63.63,0.0474,26.937,0.1779,0.3958,BCC+FCC
1,1.9361,2.1,4.589,65.195,0.0471,28.3455,0.1772,0.3935,BCC+FCC
1,2.4392,2.05,4.564,63.4,0.0481,28.34,0.1822,0.3936,BCC+FCC
1,1.709,2.2,4.6465,59.925,0.0459,25.555,0.174,0.3973,BCC+FCC
1,2.7947,2.1,4.564,56.25,0.0457,23.67,0.1787,0.3955,BCC+FCC
1,1.7458,2.15,4.6465,61.575,0.0484,27.205,0.1792,0.3977,BCC+FCC
1,2.2985,2.1,4.589,59.695,0.0474,26.5645,0.1794,0.3957,BCC+FCC
1,2.0025,2.1,4.5815,63.055,0.046,28.685,0.1733,0.3932,BCC+FCC
1,1.6574,2.2,4.6715,57.87,0.0467,25.247,0.175,0.3989,BCC+FCC
1,1.5505,2.15,4.704,59.605,0.0514,27.1555,0.184,0.401,BCC+FCC
1,1.6882,2.2,4.664,55.73,0.0459,24.426,0.1722,0.3987,BCC+FCC
1,1.7104,2.15,4.664,57.38,0.0485,26.406,0.1774,0.3991,BCC+FCC
1,1.8966,2.15,4.599,57.21,0.0446,26.202,0.1675,0.3951,BCC+FCC
1,2.1894,2.1,4.6065,55.5,0.0474,24.97,0.1776,0.3973,BCC+FCC
1,1.8896,2.15,4.664,51.88,0.0476,21.412,0.1772,0.4001,BCC+FCC
1,2.0067,2.15,4.6315,51.795,0.0459,21.293,0.1737,0.3985,BCC+FCC
1,1.5948,2.2,4.6815,51.535,0.046,21.619,0.1704,0.3998,BCC+FCC
1,1.5994,2.15,4.6815,53.185,0.0486,23.929,0.1756,0.4004,BCC+FCC
1,3.3615,1.6,4.5655,61.89,0.0446,20.949,0.1702,0.1977,BCC+FCC
1,4.0518,1.6,4.558,65.25,0.0443,22.85,0.1761,0.1983,BCC+FCC
1,4.2985,1.55,4.558,66.9,0.0466,24.5,0.1838,0.1999,BCC+FCC
1,48.3194,1.7,4.567,60.345,0.0443,22.3395,0.1928,0.2219,BCC+FCC
1,4.5962,1.65,4.583,61.545,0.0421,21.2595,0.1671,0.1974,BCC+FCC
1,4.1526,1.6,4.5905,59.835,0.0442,20.632,0.1692,0.1982,BCC+FCC
1,50.8676,1.7,4.5595,63.705,0.0435,24.395,0.195,0.2214,BCC+FCC
1,5.0351,1.6,4.583,63.195,0.0447,23.0745,0.1755,0.1992,BCC+FCC
1,4.5089,1.55,4.5905,61.485,0.0471,22.612,0.178,0.2001,BCC+FCC
1,9.5154,1.6,4.568,69.915,0.0426,25.9435,0.1817,0.1993,BCC+FCC
1,20.3096,1.7,4.5845,61.65,0.0442,24.465,0.1951,0.2228,BCC+FCC
1,5.5827,1.55,4.6155,59.43,0.0467,22.049,0.177,0.2006,BCC+FCC
1,6.7024,1.55,4.608,62.79,0.0477,24.868,0.1829,0.2017,BCC+FCC
1,5.8891,1.5,4.6155,61.08,0.0499,24.194,0.1854,0.2025,BCC+FCC
1,10.2065,1.65,4.6255,60.795,0.0425,23.164,0.1713,0.1996,BCC+FCC
1,7.067,1.55,4.6405,57.375,0.0461,21.075,0.176,0.2008,BCC+FCC
1,5.8771,1.75,4.5945,64.665,0.0446,26.735,0.1894,0.2217,BCC+FCC
1,9.3147,1.75,4.6345,55.89,0.0436,21.227,0.1883,0.2235,BCC+FCC
1,12.7398,1.7,4.642,54.18,0.0463,19.692,0.1917,0.2244,BCC+FCC
1,10.79,1.6,4.658,57.03,0.0443,21.282,0.1733,0.2006,BCC+FCC
1,9.3748,1.55,4.6655,55.32,0.0452,19.69,0.175,0.2009,BCC+FCC
1,7.0123,1.7,4.627,60.9,0.0476,26.38,0.1964,0.225,BCC+FCC
1,18.4294,1.55,4.6505,62.04,0.0489,26.822,0.1862,0.2039,BCC+FCC
1,3.295,1.8,4.6435,52.635,0.0494,20.619,0.2092,0.2465,BCC+FCC
1,9.0103,1.7,4.667,52.125,0.0465,17.9875,0.1912,0.2249,BCC+FCC
1,16.0924,1.6,4.683,54.975,0.0436,19.8625,0.1724,0.2007,BCC+FCC
1,18.6223,1.55,4.683,56.625,0.0474,22.3375,0.1809,0.2028,BCC+FCC
1,6.0151,1.75,4.6845,51.78,0.0447,18.16,0.1877,0.2247,BCC+FCC
1,7.0299,1.6,4.6995,50.01,0.0515,16.047,0.2003,0.2274,BCC+FCC
1,224.5867,1.6,4.7005,56.28,0.0457,22.51,0.1777,0.2026,BCC+FCC
1,1.8152,1.95,4.671,53.655,0.0453,22.7915,0.1917,0.2443,BCC+FCC
1,2.6695,1.8,4.6935,48.525,0.0507,16.49,0.2095,0.2482,BCC+FCC
1,3.0885,1.8,4.687,58.155,0.0456,26.2415,0.1855,0.2255,BCC+FCC
1,10.4203,1.75,4.5235,63.145,0.048,24.955,0.2043,0.2691,BCC+FCC
1,7.3645,1.6,4.5545,60.925,0.0507,23.06,0.1913,0.2538,BCC+FCC
1,26.97,1.7,4.532,67.705,0.0432,25.0745,0.1855,0.25,BCC+FCC
1,12.7027,1.65,4.5395,65.995,0.0454,25.405,0.1909,0.252,BCC+FCC
1,59.4126,1.7,4.5245,71.065,0.0441,25.722,0.1842,0.2484,BCC+FCC
1,28.3652,1.65,4.532,69.355,0.0466,26.5595,0.1913,0.2508,BCC+FCC
1,13.1165,1.6,4.5395,67.645,0.0491,27.055,0.1971,0.2529,BCC+FCC
1,12.5636,1.7,4.517,74.425,0.0437,25.6975,0.18,0.246,BCC+FCC
1,10.261,1.65,4.5795,57.22,0.0481,20.296,0.1827,0.2532,BCC+FCC
1,3.0196,1.85,4.525,61.6,0.0514,26.5,0.2128,0.2841,BCC+FCC
1,2.6598,1.9,4.55,57.895,0.05,24.5445,0.21,0.2862,BCC+FCC
1,4.8652,1.85,4.566,59.095,0.0438,23.4645,0.1938,0.2698,BCC+FCC
1,23.7842,1.7,4.597,56.875,0.0458,20.5375,0.1796,0.2529,BCC+FCC
1,4.0179,1.85,4.5585,62.455,0.0452,25.645,0.1923,0.2683,BCC+FCC
1,45.5349,1.75,4.582,61.945,0.0419,24.1995,0.1796,0.2519,BCC+FCC
1,32.0531,1.6,4.597,60.175,0.0515,24.8275,0.1947,0.2557,BCC+FCC
1,2.1471,1.95,4.5675,57.55,0.0486,24.855,0.2032,0.2857,BCC+FCC
1,1.9115,1.95,4.56,60.91,0.0481,27.19,0.197,0.2832,BCC+FCC
1,2.2886,1.9,4.5675,59.2,0.0506,26.67,0.2069,0.2861,BCC+FCC
1,4.5485,1.8,4.591,58.69,0.0481,24.848,0.1999,0.2721,BCC+FCC
1,4.6872,1.75,4.591,60.34,0.0512,26.828,0.2051,0.273,BCC+FCC
1,10.6888,1.75,4.5995,63.25,0.0434,26.325,0.1808,0.2527,BCC+FCC
1,42.5626,1.65,4.6145,59.83,0.0492,25.069,0.1908,0.2554,BCC+FCC
1,6.842,1.75,4.592,66.61,0.0443,28.09,0.1793,0.2518,BCC+FCC
1,10.5079,1.7,4.5995,64.9,0.0468,28.14,0.1866,0.2537,BCC+FCC
1,17.9684,1.65,4.607,63.19,0.0493,27.848,0.1926,0.2554,BCC+FCC
1,2.6414,1.7,4.5685,72.07,0.046,33.473,0.189,0.2664,BCC+FCC
1,3.8996,1.85,4.616,54.985,0.0451,21.8605,0.1945,0.2725,BCC+FCC
1,21.8526,1.75,4.6395,54.475,0.0436,19.515,0.1756,0.2533,BCC+FCC
1,4.0497,1.8,4.616,56.635,0.0489,24.0055,0.2004,0.2735,BCC+FCC
1,8.6149,1.8,4.6245,59.545,0.0406,24.164,0.1746,0.2527,BCC+FCC
1,12.8801,1.75,4.632,57.835,0.0441,23.1655,0.1795,0.2538,BCC+FCC
1,28.6195,1.65,4.647,54.415,0.0489,20.1425,0.1862,0.2555,BCC+FCC
1,2.3614,1.9,4.5935,63.415,0.0446,27.985,0.1812,0.2681,BCC+FCC
1,8.4548,1.75,4.6245,61.195,0.0441,26.144,0.1812,0.2539,BCC+FCC
1,2.6563,1.9,4.626,58,0.0454,25.4,0.1876,0.2715,BCC+FCC
1,7.1034,1.8,4.6495,57.49,0.0418,23.407,0.1748,0.2536,BCC+FCC
1,2.0523,1.9,4.65,49.675,0.0531,19.2125,0.2133,0.293,BCC+FCC
1,7.6442,1.8,4.682,52.075,0.0417,18.0125,0.1713,0.2534,BCC+FCC
1,2.4913,1.9,4.651,55.945,0.0461,24.4885,0.1886,0.2729,BCC+FCC
1,2.8802,1.85,4.6585,54.235,0.0483,22.959,0.1954,0.2744,BCC+FCC
1,3.2263,1.8,4.666,52.525,0.0504,21.0875,0.201,0.2757,BCC+FCC
1,5.9907,1.8,4.6745,55.435,0.0427,22.239,0.1748,0.2543,BCC+FCC
1,7.3774,1.75,4.682,53.725,0.0452,20.4875,0.1791,0.255,BCC+FCC
1,3.5742,1.75,4.6595,63.805,0.047,30.656,0.1794,0.2555,BCC+FCC
1,1.7351,1.95,4.6675,49.33,0.0517,19.385,0.2075,0.2927,BCC+FCC
1,6.1723,1.8,4.707,50.02,0.0416,15.892,0.1708,0.2537,BCC+FCC
1,2.3215,1.9,4.676,53.89,0.0469,23.166,0.1894,0.2741,BCC+FCC
1,5.9296,1.75,4.707,51.67,0.0454,18.532,0.1787,0.2554,BCC+FCC
1,2.0179,1.9,4.6685,57.25,0.0473,26.875,0.1861,0.2735,BCC+FCC
1,2.8049,1.75,4.691,52.12,0.0548,21.652,0.207,0.2777,BCC+FCC
1,4.9186,1.75,4.6995,55.03,0.0468,23.135,0.1818,0.2563,BCC+FCC
1,3.0421,1.7,4.6845,63.4,0.0501,32.47,0.1853,0.2578,BCC+FCC
1,9.2479,1.8,4.5135,66.8,0.0454,26.07,0.1881,0.293,BCC+FCC
1,46.8294,1.65,4.5285,65.03,0.0535,28.023,0.2067,0.2981,BCC+FCC
1,10.8613,1.8,4.546,61.385,0.0453,24.7035,0.19,0.2965,BCC+FCC
1,11.0958,1.75,4.546,63.035,0.0488,26.5185,0.1958,0.2971,BCC+FCC
1,17.0474,1.7,4.5535,61.325,0.0513,26.04,0.2013,0.299,BCC+FCC
1,3.4943,1.85,4.555,58.13,0.0516,25.296,0.208,0.3136,BCC+FCC
1,8.2154,1.8,4.571,59.33,0.0461,24.336,0.1903,0.2979,BCC+FCC
1,8.3151,1.75,4.571,60.98,0.0496,26.316,0.1963,0.2987,BCC+FCC
1,6.3625,1.75,4.5635,64.34,0.0498,28.644,0.195,0.2974,BCC+FCC
1,3.7305,1.8,4.5485,69.41,0.0454,29.799,0.1804,0.2927,BCC+FCC
1,5.3179,1.85,4.5885,58.985,0.0447,24.612,0.1849,0.2976,BCC+FCC
1,8.6227,1.7,4.611,53.855,0.0531,20.4225,0.1986,0.3015,BCC+FCC
1,4.2827,1.85,4.581,62.345,0.0455,27.1395,0.1833,0.2965,BCC+FCC
1,4.3271,1.8,4.581,63.995,0.0479,28.9545,0.1881,0.297,BCC+FCC
1,3.457,1.75,4.5735,69.005,0.0474,32.295,0.1858,0.2953,BCC+FCC
1,4.5583,1.9,4.6135,55.28,0.0414,21.654,0.179,0.2979,BCC+FCC
1,5.4183,1.85,4.621,53.57,0.045,20.058,0.1839,0.2991,BCC+FCC
1,4.652,1.85,4.6135,56.93,0.0455,23.799,0.1854,0.2989,BCC+FCC
1,3.1554,1.9,4.5985,62,0.0439,27.45,0.1759,0.2961,BCC+FCC
1,2.0456,2,4.615,53.735,0.0467,22.7355,0.1914,0.3141,BCC+FCC
1,4.0429,1.9,4.6385,53.225,0.0427,20.265,0.1792,0.2989,BCC+FCC
1,2.1346,1.95,4.615,55.385,0.0493,24.8805,0.1959,0.3147,BCC+FCC
1,4.8998,1.7,4.661,49.745,0.0536,16.1265,0.1976,0.3027,BCC+FCC
1,3.5134,1.85,4.631,58.235,0.0473,26.1855,0.1852,0.2995,BCC+FCC
1,4.0794,1.8,4.6385,56.525,0.0498,24.885,0.1918,0.3009,BCC+FCC
1,2.4261,1.9,4.616,63.305,0.0443,29.5755,0.1716,0.2963,BCC+FCC
1,2.9467,1.85,4.6235,61.595,0.0471,29.124,0.1819,0.2984,BCC+FCC
1,2.9176,1.8,4.6235,63.245,0.0488,31.104,0.1861,0.2991,BCC+FCC
1,2.8513,1.75,4.6235,64.895,0.05,33.084,0.1898,0.2996,BCC+FCC
1,2.224,1.7,4.616,69.905,0.0462,36.8355,0.1829,0.2978,BCC+FCC
1,1.6768,2.05,4.6325,53.39,0.0453,22.977,0.1841,0.3138,BCC+FCC
1,1.9323,2,4.64,51.68,0.0475,21.192,0.1924,0.3156,BCC+FCC
1,2.1516,1.95,4.6475,49.97,0.0496,19.065,0.1993,0.3172,BCC+FCC
1,3.5965,1.9,4.6635,51.17,0.0437,18.465,0.1793,0.2996,BCC+FCC
1,3.9621,1.85,4.671,49.46,0.0463,16.116,0.1836,0.3005,BCC+FCC
1,2.0014,1.95,4.64,53.33,0.0501,23.502,0.1971,0.3164,BCC+FCC
1,2.2106,1.9,4.6475,51.62,0.0527,21.54,0.2044,0.3181,BCC+FCC
1,3.9344,1.8,4.671,51.11,0.0498,18.756,0.1906,0.3018,BCC+FCC
1,4.0283,1.75,4.6785,49.4,0.052,16.23,0.1942,0.3025,BCC+FCC
1,2.2814,1.9,4.641,61.25,0.0453,29.4,0.1735,0.2981,BCC+FCC
1,2.7072,1.85,4.6485,59.54,0.0481,28.572,0.1833,0.3,BCC+FCC
1,2.2562,1.85,4.641,62.9,0.0468,31.38,0.1774,0.2987,BCC+FCC
1,3.4151,1.8,4.7035,45.695,0.048,11.424,0.1863,0.3014,BCC+FCC
1,1.6544,2,4.6575,52.985,0.0485,23.709,0.1898,0.316,BCC+FCC
1,1.8602,1.95,4.665,51.275,0.051,21.7125,0.1982,0.3178,BCC+FCC
1,2.5114,1.9,4.6735,55.835,0.0466,25.299,0.1794,0.3004,BCC+FCC
1,3.0736,1.8,4.6885,52.415,0.0516,21.534,0.1924,0.3028,BCC+FCC
1,2.0748,1.85,4.666,60.845,0.0479,30.9585,0.1793,0.3004,BCC+FCC
1,5.2422,1.85,4.5025,64.185,0.0489,27.215,0.1965,0.3332,BCC+FCC
1,2.9538,1.95,4.5125,65.55,0.0442,27.445,0.1786,0.3298,BCC+FCC
1,2.7132,2,4.5375,61.845,0.0434,26.255,0.1767,0.3322,BCC+FCC
1,2.4613,2.05,4.5625,58.14,0.0418,24.324,0.1737,0.334,BCC+FCC
1,3.0846,1.95,4.57,58.08,0.0468,25.336,0.1872,0.3367,BCC+FCC
1,3.5848,1.9,4.5775,56.37,0.0493,24.191,0.1946,0.3387,BCC+FCC
1,2.6624,1.95,4.5625,61.44,0.0462,27.954,0.1824,0.3346,BCC+FCC
1,2.239,1.95,4.555,64.8,0.0444,29.9,0.174,0.3319,BCC+FCC
1,1.8696,2.1,4.605,55.74,0.0411,23.908,0.167,0.3355,BCC+FCC
1,2.2205,2.05,4.6125,54.03,0.0433,22.529,0.1762,0.3375,BCC+FCC
1,1.9525,2.05,4.605,57.39,0.0436,25.888,0.1715,0.336,BCC+FCC
1,2.3339,1.95,4.6125,57.33,0.0483,26.819,0.1857,0.3386,BCC+FCC
1,2.3534,2,4.645,50.265,0.0462,18.9175,0.1843,0.3404,BCC+FCC
1,2.1603,1.95,4.6375,55.275,0.0493,25.635,0.1871,0.3402,BCC+FCC
1,2.1345,1.9,4.6375,56.925,0.051,27.945,0.1913,0.3408,BCC+FCC
1,1.7006,2.1,4.655,51.63,0.0427,21.222,0.1699,0.3386,BCC+FCC
1,1.9516,2.05,4.6625,49.92,0.0448,19.09,0.1781,0.3401,BCC+FCC
1,2.2848,1.95,4.6775,46.5,0.0491,14.12,0.1903,0.3424,BCC+FCC
1,1.7512,2.05,4.655,53.28,0.0454,23.532,0.1748,0.3393,BCC+FCC
1,1.9887,2,4.6625,51.57,0.0479,21.565,0.1835,0.3409,BCC+FCC
1,2.1198,1.9,4.67,51.51,0.0532,21.896,0.196,0.3432,BCC+FCC
1,2.0027,2.05,4.494,64.645,0.0431,28.4405,0.1717,0.3625,BCC+FCC
1,1.7216,2.15,4.544,57.235,0.043,25.1385,0.1714,0.3688,BCC+FCC
1,2.0293,2.05,4.5765,55.12,0.0484,25.066,0.1878,0.3738,BCC+FCC
1,1.6026,2.15,4.594,53.125,0.0448,23.1625,0.1754,0.3733,BCC+FCC
1,1.6712,2.1,4.594,54.775,0.0466,25.3075,0.1791,0.3735,BCC+FCC
1,1.9032,2.05,4.6015,53.065,0.0494,23.661,0.1894,0.3758,BCC+FCC
1,1.5268,2.15,4.619,51.07,0.0457,21.558,0.1771,0.3751,BCC+FCC
1,1.7253,2.1,4.6265,49.36,0.0482,19.37,0.1863,0.3771,BCC+FCC
4,59.8091,1.75,4.659,59.345,0.038,21.024,0.1851,0.1667,FCC
4,7.375,1.8,4.669,62.36,0.0367,23.826,0.1822,0.1683,FCC
1,2.807,1.5,4.564,66.52,0.0482,23.382,0.1742,0.1818,BCC+FCC
1,9.0185,1.65,4.524,73.43,0.0427,22.884,0.1757,0.1831,BCC+FCC
1,4.6316,1.55,4.5415,74.95,0.043,24.36,0.1752,0.1796,BCC+FCC
1,4.1419,1.6,4.574,67.885,0.0425,23.515,0.1668,0.1801,BCC+FCC
1,5.4358,1.6,4.5965,60.89,0.0475,21.027,0.1788,0.1893,BCC+FCC
1,3.7793,1.5,4.614,62.41,0.0479,23.263,0.1726,0.183,BCC+FCC
1,3.8837,1.45,4.614,64.06,0.0511,25.408,0.181,0.1851,BCC+FCC
1,4.829,1.55,4.6315,62.065,0.0459,23.5045,0.1694,0.1827,BCC+FCC
1,4.3414,1.5,4.639,60.355,0.0474,22.587,0.1717,0.1833,BCC+FCC
1,5.018,1.5,4.6315,63.715,0.0491,25.6495,0.1776,0.1848,BCC+FCC
1,4.4454,1.45,4.639,62.005,0.0509,24.897,0.1802,0.1855,BCC+FCC
1,10.4899,1.65,4.639,58.49,0.0456,20.406,0.1746,0.1896,BCC+FCC
1,2.9778,1.95,4.5965,58.595,0.046,19.3335,0.177,0.2034,BCC+FCC
1,14.5054,1.65,4.664,56.435,0.0457,19.1325,0.1741,0.1901,BCC+FCC
1,6.0347,1.8,4.624,63.345,0.0442,24.424,0.172,0.1945,BCC+FCC
2,14.7408,1.85,4.6665,57.86,0.0355,19.848,0.1526,0.1862,FCC
1,3.2787,1.9,4.6315,59.77,0.0448,21.811,0.1715,0.2,BCC+FCC
1,3.0413,1.9,4.6565,57.715,0.0457,20.871,0.1731,0.2018,BCC+FCC
1,9.2646,1.75,4.689,54.165,0.0474,17.534,0.1812,0.1984,BCC+FCC
1,4.7563,1.8,4.674,59.235,0.046,23.259,0.1743,0.1975,BCC+FCC
1,4.2656,1.7,4.5455,62.315,0.0437,20.5665,0.1678,0.2355,BCC+FCC
1,4.3855,1.55,4.553,63.905,0.0517,23.976,0.1868,0.2394,BCC+FCC
1,23.7509,1.75,4.5055,72.525,0.0435,23.97,0.1753,0.2352,BCC+FCC
1,8.4147,1.65,4.5305,70.685,0.0443,25.0965,0.1794,0.2354,BCC+FCC
1,16.0324,1.65,4.523,74.045,0.0444,25.446,0.1773,0.2337,BCC+FCC
1,9.1297,1.7,4.498,77.535,0.0425,24.9545,0.1699,0.2319,BCC+FCC
1,5.38,1.7,4.5705,60.26,0.044,20.292,0.1672,0.2363,BCC+FCC
1,4.8455,1.65,4.578,58.55,0.0463,19.365,0.1698,0.2372,BCC+FCC
1,26.0851,1.7,4.5455,65.4,0.0473,24.39,0.1877,0.2421,BCC+FCC
1,11.0542,1.7,4.5555,66.98,0.0415,24.42,0.1736,0.2361,BCC+FCC
1,7.6969,1.65,4.563,65.27,0.0455,24.507,0.1789,0.2377,BCC+FCC
1,7.4224,1.8,4.523,72.18,0.0417,24.384,0.1661,0.2347,BCC+FCC
1,15.3654,1.75,4.5305,70.47,0.0446,25.333,0.177,0.2378,BCC+FCC
1,3.2111,1.95,4.5205,65.375,0.0438,22.725,0.1702,0.2424,BCC+FCC
1,30.9312,1.8,4.563,63.405,0.0424,22.8855,0.1758,0.2408,BCC+FCC
1,9.5034,1.7,4.588,61.565,0.044,22.548,0.1714,0.2375,BCC+FCC
1,111.5285,1.7,4.5705,63.345,0.0482,24.424,0.1881,0.2437,BCC+FCC
1,16.5268,1.7,4.5805,64.925,0.0428,24.8175,0.1738,0.2374,BCC+FCC
1,7.0502,1.55,4.603,59.795,0.0522,22.923,0.1856,0.241,BCC+FCC
1,18.1739,1.65,4.5805,66.575,0.0461,26.6325,0.1804,0.2386,BCC+FCC
1,6.3863,1.9,4.5705,59.83,0.0433,20.636,0.1771,0.2453,BCC+FCC
1,4.6725,1.9,4.563,63.19,0.0437,23.079,0.1732,0.2436,BCC+FCC
1,17.6085,1.8,4.588,61.35,0.0431,22.72,0.1764,0.2423,BCC+FCC
1,13.4506,1.7,4.613,59.51,0.0446,21.993,0.171,0.2383,BCC+FCC
1,9.1794,1.8,4.5805,64.71,0.0441,25.011,0.1748,0.2413,BCC+FCC
1,104.9706,1.75,4.598,64.58,0.0409,25.128,0.1682,0.2371,BCC+FCC
1,11.0716,1.6,4.6205,59.45,0.0501,23.13,0.1822,0.2407,BCC+FCC
1,68.3549,1.7,4.598,66.23,0.0445,26.943,0.1745,0.2382,BCC+FCC
1,14.1947,1.7,4.5905,69.59,0.0446,28.41,0.1722,0.2373,BCC+FCC
1,4.0774,1.75,4.5655,73.08,0.0427,29.062,0.1643,0.2376,BCC+FCC
1,4.2851,1.9,4.588,61.135,0.0446,22.892,0.1747,0.2457,BCC+FCC
1,15.0882,1.65,4.6455,55.745,0.0467,19.4775,0.1736,0.2395,BCC+FCC
1,30.4796,1.75,4.623,62.525,0.0416,25.08,0.1686,0.2383,BCC+FCC
1,3.7726,1.85,4.5905,67.725,0.0419,26.975,0.1605,0.2392,BCC+FCC
1,5.2538,1.8,4.598,66.015,0.0448,27.1365,0.1718,0.2417,BCC+FCC
1,11.3548,1.75,4.6155,65.885,0.0429,27.2535,0.1678,0.2379,BCC+FCC
1,25.9488,1.7,4.623,64.175,0.0454,27.06,0.1751,0.2395,BCC+FCC
1,31.8445,1.6,4.638,60.755,0.0512,25.647,0.1856,0.242,BCC+FCC
1,10.2926,1.65,4.6155,69.185,0.0479,30.8835,0.1785,0.2399,BCC+FCC
1,3.0372,1.95,4.6055,60.79,0.043,23.168,0.1661,0.2453,BCC+FCC
1,23.5301,1.6,4.678,51.98,0.047,15.456,0.1747,0.24,BCC+FCC
1,4.7538,1.85,4.623,62.31,0.0434,25.252,0.1684,0.2426,BCC+FCC
1,13.1743,1.7,4.6455,57.18,0.0509,22.06,0.1889,0.2472,BCC+FCC
1,118.3125,1.65,4.663,57.05,0.0484,22.125,0.178,0.241,BCC+FCC
1,3.5265,1.85,4.6155,65.67,0.0429,27.447,0.1627,0.2413,BCC+FCC
1,6.3813,1.75,4.6305,62.25,0.0486,26.675,0.1821,0.2455,BCC+FCC
1,4.6434,1.75,4.623,65.61,0.0476,29.212,0.1777,0.2444,BCC+FCC
1,14.3712,1.65,4.648,63.77,0.0496,28.911,0.1817,0.2419,BCC+FCC
1,5.5454,1.7,4.633,68.84,0.0458,31.194,0.1704,0.2395,BCC+FCC
4,5.6582,1.95,4.658,58.535,0.0313,21.672,0.1414,0.235,FCC
1,27.3372,1.75,4.6805,55.055,0.0431,19.8225,0.1661,0.2391,BCC+FCC
1,84.1832,1.7,4.688,53.345,0.0447,17.862,0.1695,0.2396,BCC+FCC
1,3.6004,1.85,4.638,58.675,0.0488,23.595,0.1821,0.25,BCC+FCC
1,7.98,1.8,4.6655,60.125,0.041,24.8625,0.163,0.2389,BCC+FCC
1,7.2744,1.75,4.663,56.835,0.0493,22.2325,0.1838,0.2469,BCC+FCC
1,11.2543,1.7,4.673,60.065,0.0472,26.061,0.1759,0.2415,BCC+FCC
1,18.0496,1.65,4.6805,58.355,0.05,24.7725,0.181,0.2424,BCC+FCC
1,5.079,1.75,4.658,65.135,0.0449,29.592,0.167,0.24,BCC+FCC
1,7.061,1.7,4.6655,63.425,0.0477,29.1525,0.1754,0.2416,BCC+FCC
1,4.5567,1.85,4.678,49.9,0.0486,12.78,0.1855,0.2517,BCC+FCC
1,2.668,1.95,4.6555,56.68,0.0448,21.492,0.1695,0.2487,BCC+FCC
1,4.9888,1.85,4.6805,54.84,0.0441,19.93,0.1718,0.2453,BCC+FCC
1,7.4196,1.75,4.6955,51.42,0.0489,15.624,0.182,0.2469,BCC+FCC
1,3.0234,1.85,4.6655,61.56,0.045,27.158,0.1664,0.2448,BCC+FCC
1,3.7738,1.8,4.673,59.85,0.0478,26.19,0.176,0.2465,BCC+FCC
1,5.8079,1.7,4.6905,61.37,0.0487,28.578,0.1761,0.2426,BCC+FCC
1,2.7953,1.75,4.6655,64.86,0.0478,31.448,0.1745,0.2466,BCC+FCC
1,28.5333,1.8,4.5195,64.77,0.0421,23.33,0.1776,0.2813,BCC+FCC
1,8.1566,1.85,4.4945,68.26,0.0447,24.464,0.1791,0.2809,BCC+FCC
1,32.1912,1.75,4.5195,66.42,0.0455,24.98,0.1836,0.2819,BCC+FCC
1,14.2884,1.7,4.527,64.71,0.048,25.011,0.1896,0.284,BCC+FCC
1,14.7809,1.65,4.527,66.36,0.0513,26.826,0.1956,0.2847,BCC+FCC
1,12.842,1.7,4.5045,74.79,0.0454,27.852,0.1794,0.2775,BCC+FCC
1,4.7071,1.9,4.512,67.915,0.0428,24.8435,0.17,0.2804,BCC+FCC
1,9.6248,1.8,4.5295,69.435,0.0437,26.4715,0.1735,0.2796,BCC+FCC
1,20.8524,1.75,4.537,67.725,0.0466,26.975,0.1825,0.2821,BCC+FCC
1,276.7737,1.7,4.5445,66.015,0.0495,27.1365,0.1899,0.2843,BCC+FCC
1,9.8407,1.65,4.5295,74.385,0.0473,30.9265,0.1848,0.2803,BCC+FCC
1,5.8618,1.9,4.5445,62.5,0.0444,23.7,0.1777,0.2852,BCC+FCC
1,7.9232,1.85,4.5545,65.73,0.0423,25.67,0.17,0.2812,BCC+FCC
1,13.6888,1.8,4.562,64.02,0.0448,25.632,0.178,0.2833,BCC+FCC
1,13.398,1.75,4.562,65.67,0.0476,27.447,0.1835,0.284,BCC+FCC
1,29.2388,1.7,4.5695,63.96,0.0505,27.232,0.1905,0.286,BCC+FCC
1,5.2382,1.7,4.547,74.04,0.0447,31.306,0.1747,0.2799,BCC+FCC
1,4.0174,1.9,4.562,63.805,0.0449,25.8255,0.174,0.2853,BCC+FCC
1,5.2739,1.85,4.5695,62.095,0.0478,25.424,0.1837,0.2877,BCC+FCC
1,57.0655,1.65,4.6095,56.835,0.0543,22.2325,0.194,0.2889,BCC+FCC
1,4.075,1.85,4.562,65.455,0.0464,27.6405,0.1778,0.2856,BCC+FCC
1,4.0316,1.7,4.562,70.405,0.0473,33.0855,0.1861,0.2862,BCC+FCC
1,5.7923,1.85,4.602,56.68,0.0487,21.492,0.1871,0.2906,BCC+FCC
1,11.5677,1.8,4.6195,56.55,0.0461,21.57,0.1785,0.2864,BCC+FCC
1,20.0549,1.7,4.6345,53.13,0.0514,17.948,0.1862,0.2883,BCC+FCC
1,3.6993,1.9,4.587,61.75,0.0459,25.7,0.1757,0.2873,BCC+FCC
1,4.6571,1.85,4.5945,60.04,0.0488,24.922,0.1849,0.2895,BCC+FCC
1,10.9914,1.75,4.6195,58.2,0.0491,23.88,0.1852,0.2875,BCC+FCC
1,7.75,1.75,4.612,61.56,0.0497,27.158,0.1852,0.2871,BCC+FCC
1,10.4195,1.7,4.6195,59.85,0.0525,26.19,0.1914,0.2886,BCC+FCC
1,2.929,1.8,4.5795,68.41,0.0451,31.581,0.173,0.2856,BCC+FCC
1,4.2,1.75,4.597,68.28,0.0469,31.698,0.1764,0.2844,BCC+FCC
1,2.7615,1.7,4.5795,71.71,0.0435,35.211,0.1758,0.2857,BCC+FCC
1,6.7426,1.85,4.637,56.205,0.0438,21.777,0.1734,0.2862,BCC+FCC
1,10.3322,1.75,4.652,52.785,0.0495,18.086,0.1826,0.2881,BCC+FCC
1,11.1338,1.7,4.6595,51.075,0.0513,15.7275,0.1857,0.2887,BCC+FCC
1,2.4884,1.95,4.5945,59.825,0.0472,25.0725,0.1773,0.2913,BCC+FCC
1,3.3956,1.9,4.612,59.695,0.0469,25.1635,0.1773,0.2892,BCC+FCC
1,6.5379,1.8,4.637,57.855,0.0475,24.087,0.1798,0.2873,BCC+FCC
1,3.3821,1.85,4.612,61.345,0.0487,27.3085,0.1815,0.2898,BCC+FCC
1,7.6285,1.7,4.6445,57.795,0.0536,25.0525,0.1917,0.2896,BCC+FCC
1,3.5526,1.7,4.622,67.875,0.0489,34,0.1819,0.2869,BCC+FCC
1,2.2902,2,4.6195,56.12,0.0471,21.828,0.176,0.2929,BCC+FCC
1,2.5406,2,4.6295,57.7,0.043,23.26,0.1643,0.2881,BCC+FCC
1,3.6829,1.9,4.6445,54.28,0.048,20.21,0.1816,0.2915,BCC+FCC
1,6.6941,1.8,4.6695,52.44,0.0477,18.224,0.1784,0.2879,BCC+FCC
1,7.3872,1.75,4.677,50.73,0.0497,15.831,0.1822,0.2885,BCC+FCC
1,3.6313,1.9,4.647,59.22,0.0434,25.496,0.1659,0.2855,BCC+FCC
1,2.5556,1.9,4.6295,61,0.0466,27.55,0.1725,0.2894,BCC+FCC
1,2.857,1.9,4.6395,62.58,0.0431,28.336,0.161,0.2846,BCC+FCC
1,4.9272,1.9,4.687,50.445,0.0424,15.722,0.1664,0.2863,BCC+FCC
1,5.6264,1.85,4.6945,48.735,0.0443,13.246,0.1705,0.2869,BCC+FCC
1,5.9565,1.8,4.702,47.025,0.0455,10.6475,0.1737,0.2873,BCC+FCC
1,3.353,1.95,4.672,55.515,0.041,22.191,0.161,0.2856,BCC+FCC
1,3.1739,1.85,4.6695,53.875,0.0518,20.95,0.1879,0.2937,BCC+FCC
1,3.9398,1.85,4.6795,55.455,0.0468,22.9225,0.1744,0.2879,BCC+FCC
1,4.5224,1.8,4.687,53.745,0.0493,21.002,0.1805,0.2889,BCC+FCC
1,2.71,1.85,4.662,57.235,0.051,25.3325,0.1846,0.293,BCC+FCC
1,3.2289,2,4.526,61.595,0.045,24.5145,0.1758,0.3236,BCC+FCC
1,6.5015,1.85,4.551,61.405,0.0488,25.976,0.1874,0.3253,BCC+FCC
1,4.4073,1.85,4.5685,62.71,0.0489,28.232,0.1848,0.3253,BCC+FCC
1,2.3325,2.05,4.5685,59.195,0.0442,24.444,0.1684,0.3256,BCC+FCC
1,3.9149,1.95,4.5935,57.355,0.0454,23.5015,0.1763,0.326,BCC+FCC
1,5.4483,1.85,4.6085,53.935,0.0504,20.3825,0.1894,0.3292,BCC+FCC
1,3.9036,1.85,4.5935,60.655,0.05,27.7915,0.1862,0.3272,BCC+FCC
1,2.2118,2.05,4.5935,57.14,0.0452,23.652,0.1706,0.3277,BCC+FCC
1,2.4523,2,4.6035,60.37,0.0433,26.804,0.1631,0.3242,BCC+FCC
1,2.977,1.95,4.611,58.66,0.0461,25.888,0.1738,0.3263,BCC+FCC
1,2.3728,1.85,4.6035,65.32,0.0459,32.744,0.1727,0.3251,BCC+FCC
1,2.2688,1.8,4.6035,66.97,0.0456,34.724,0.1748,0.3252,BCC+FCC
1,3.1736,1.95,4.6435,53.245,0.0472,20.7275,0.178,0.3287,BCC+FCC
1,3.5471,1.9,4.651,51.535,0.0497,18.586,0.1845,0.33,BCC+FCC
1,3.7636,1.85,4.6585,49.825,0.0523,16.11,0.1897,0.3311,BCC+FCC
1,2.3018,2,4.6285,58.315,0.0443,26.1295,0.1651,0.326,BCC+FCC
1,2.6754,1.9,4.636,58.255,0.0491,27.147,0.1798,0.3285,BCC+FCC
1,1.9402,2.05,4.6435,53.03,0.0473,20.835,0.1744,0.3314,BCC+FCC
1,2.8332,1.95,4.6685,51.19,0.0481,18.724,0.1787,0.3297,BCC+FCC
1,4.5558,1.9,4.4825,66.26,0.0473,28.44,0.1865,0.3554,BCC+FCC
1,2.486,1.95,4.5175,67.22,0.0425,30.78,0.1666,0.354,BCC+FCC
1,1.988,2.05,4.65,50.285,0.0493,19.086,0.1805,0.3676,BCC+FCC
1,3.9848,1.55,4.4865,69.11,0.046,22.129,0.1646,0.1748,BCC+FCC
1,2.7653,1.55,4.5465,69.635,0.0427,22.6015,0.1563,0.1723,BCC+FCC
1,4.0191,1.5,4.4865,70.76,0.0483,23.614,0.1724,0.1766,BCC+FCC
1,3.7201,1.45,4.494,69.05,0.0517,24.25,0.1763,0.1781,BCC+FCC
1,3.3616,1.45,4.514,69.225,0.0505,24.425,0.1737,0.1772,BCC+FCC
1,2.9633,1.45,4.5465,72.935,0.0473,25.5715,0.1727,0.176,BCC+FCC
1,4.4934,1.5,4.5115,77.83,0.0436,23.871,0.1703,0.1741,BCC+FCC
1,3.7614,1.45,4.519,76.12,0.0468,25.556,0.1769,0.1764,BCC+FCC
1,4.1286,1.4,4.479,77.42,0.051,26.596,0.1862,0.1788,BCC+FCC
1,4.7207,1.4,4.4715,80.78,0.0477,27.048,0.1835,0.1771,BCC+FCC
1,4.5982,1.4,4.4915,80.955,0.0479,26.945,0.1825,0.1768,BCC+FCC
1,4.6991,1.6,4.5115,65.405,0.044,21.295,0.1557,0.1739,BCC+FCC
1,4.232,1.55,4.5315,67.23,0.0454,23.12,0.1615,0.175,BCC+FCC
1,4.5307,1.5,4.519,65.345,0.0492,23.0395,0.1676,0.177,BCC+FCC
1,6.4975,1.5,4.4965,75.425,0.0465,25.69,0.1741,0.1771,BCC+FCC
1,5.5088,1.5,4.544,63.29,0.0491,23.068,0.1668,0.1775,BCC+FCC
1,3.9729,1.5,4.584,63.64,0.046,23.488,0.1607,0.1754,BCC+FCC
1,3.5125,1.4,4.604,67.115,0.0509,27.658,0.1751,0.1788,BCC+FCC
1,6.4207,1.5,4.5615,73.72,0.0459,27.658,0.1715,0.1776,BCC+FCC
1,5.1418,1.45,4.569,72.01,0.0494,28.59,0.1774,0.1793,BCC+FCC
1,3.9158,1.4,4.629,65.06,0.0506,27.658,0.1744,0.1791,BCC+FCC
1,5.2016,1.45,4.614,70.13,0.0491,29.683,0.1753,0.1795,BCC+FCC
1,14.0849,1.5,4.559,74.85,0.0468,29.365,0.1724,0.1793,BCC+FCC
1,11.9634,1.55,4.5915,67.785,0.0467,27.7935,0.1674,0.1791,BCC+FCC
1,9.5309,1.5,4.6115,69.61,0.0482,29.801,0.1723,0.1801,BCC+FCC
4,14.2857,1.85,4.6415,62.9,0.0276,21.55,0.116,0.1675,FCC
4,8.9488,1.95,4.6315,64.09,0.0226,21.751,0.1025,0.1671,FCC
1,83.6199,1.9,4.659,62.555,0.025,21.895,0.1087,0.1672,FCC
4,18.952,1.85,4.6665,60.845,0.0278,21.5395,0.1157,0.1679,FCC
3,9.4919,1.9,4.6515,65.915,0.0238,23.3935,0.1097,0.1682,FCC
2,9.376,1.95,4.6765,62.21,0.0225,22.24,0.1002,0.1669,FCC
2,38.6208,1.9,4.684,60.5,0.0255,21.85,0.1088,0.1676,FCC
3,27.36,1.85,4.6915,58.79,0.0278,21.118,0.1153,0.1681,FCC
1,3.6988,1.7,4.5355,63.72,0.0412,20.73,0.1526,0.229,BCC+FCC
1,4.9792,1.65,4.528,68.73,0.042,23.597,0.1654,0.2304,BCC+FCC
1,4.3101,1.6,4.5355,67.02,0.0458,24.03,0.1697,0.2319,BCC+FCC
1,7.6531,1.6,4.488,70.03,0.0462,24.767,0.1767,0.2325,BCC+FCC
1,5.3675,1.55,4.528,72.03,0.0464,26.567,0.1794,0.2327,BCC+FCC
1,4.0846,1.45,4.543,68.61,0.0541,27.751,0.1885,0.2359,BCC+FCC
1,5.7894,1.7,4.553,65.025,0.0407,22.725,0.1572,0.2302,BCC+FCC
1,4.9981,1.65,4.5605,63.315,0.0437,22.6165,0.1609,0.2313,BCC+FCC
1,7.9721,1.6,4.528,61.255,0.0488,21.746,0.1697,0.2337,BCC+FCC
1,6.2453,1.65,4.553,66.675,0.043,24.375,0.1653,0.2316,BCC+FCC
1,6.1723,1.55,4.548,63.08,0.0503,23.936,0.1752,0.2345,BCC+FCC
1,4.9889,1.5,4.568,64.905,0.0518,26.126,0.1805,0.2353,BCC+FCC
1,5.0043,1.45,4.568,66.555,0.0547,28.106,0.1881,0.2368,BCC+FCC
1,7.2843,1.7,4.578,62.97,0.0412,22.927,0.1568,0.231,BCC+FCC
1,10.8205,1.7,4.5705,66.33,0.0403,24.72,0.1602,0.2313,BCC+FCC
1,13.3467,1.6,4.5455,62.56,0.0494,24.002,0.1741,0.235,BCC+FCC
1,8.9921,1.6,4.5655,62.735,0.048,24.212,0.1715,0.2343,BCC+FCC
1,8.1922,1.55,4.573,61.025,0.0503,23.5325,0.1745,0.2351,BCC+FCC
1,6.0167,1.55,4.593,61.2,0.0487,23.76,0.1716,0.2343,BCC+FCC
1,11.8041,1.65,4.5705,67.98,0.0426,26.37,0.1675,0.2326,BCC+FCC
1,8.4398,1.6,4.578,66.27,0.0464,26.557,0.1727,0.234,BCC+FCC
1,9.2813,1.55,4.5655,64.385,0.0509,26.192,0.1792,0.2358,BCC+FCC
1,6.9476,1.55,4.5855,64.56,0.0495,26.402,0.1768,0.2351,BCC+FCC
1,6.1944,1.5,4.593,62.85,0.0519,25.905,0.1799,0.236,BCC+FCC
1,27.2537,1.65,4.563,71.34,0.0427,27.326,0.1672,0.232,BCC+FCC
1,12.9988,1.55,4.5705,71.28,0.0486,29.67,0.1803,0.2349,BCC+FCC
1,374.0992,1.55,4.523,74.29,0.0474,29.981,0.1802,0.2344,BCC+FCC
1,17.9869,1.5,4.5505,72.755,0.0515,31.145,0.1874,0.2363,BCC+FCC
1,11.9453,1.65,4.5905,59.03,0.045,21.629,0.1625,0.2332,BCC+FCC
1,11.1053,1.6,4.598,57.32,0.0465,20.408,0.1649,0.2337,BCC+FCC
1,7.6859,1.55,4.618,59.145,0.0483,22.963,0.1707,0.2346,BCC+FCC
1,58.5529,1.7,4.588,67.635,0.0404,26.715,0.1615,0.2322,BCC+FCC
1,544.6791,1.65,4.5555,65.575,0.0464,26.4825,0.1717,0.2348,BCC+FCC
1,11.352,1.6,4.603,64.215,0.0472,26.678,0.1725,0.2348,BCC+FCC
1,7.9179,1.5,4.618,60.795,0.0517,25.273,0.1792,0.2364,BCC+FCC
1,26.807,1.7,4.608,58.685,0.0429,21.8705,0.1587,0.233,BCC+FCC
1,11.6647,1.6,4.6355,58.8,0.0464,23.17,0.1675,0.2344,BCC+FCC
1,16.9044,1.6,4.628,62.16,0.0478,26.388,0.1723,0.2355,BCC+FCC
1,12.5401,1.55,4.6355,60.45,0.0499,25.48,0.1758,0.2362,BCC+FCC
1,27.2197,1.65,4.593,67.055,0.046,28.8005,0.1703,0.2352,BCC+FCC
1,75.3512,1.65,4.613,67.23,0.0448,28.993,0.1686,0.2347,BCC+FCC
1,40.8684,1.6,4.6205,65.52,0.0478,28.934,0.1748,0.236,BCC+FCC
1,9.5755,1.65,4.5655,70.24,0.0451,30.01,0.1689,0.235,BCC+FCC
1,11.9493,1.65,4.5855,70.415,0.0449,30.185,0.1679,0.2346,BCC+FCC
1,42.0359,1.55,4.613,70.53,0.05,32.623,0.1804,0.2371,BCC+FCC
1,26.0129,1.65,4.653,58.455,0.0446,23.377,0.1638,0.2342,BCC+FCC
1,237.8637,1.65,4.6455,61.815,0.0457,26.6295,0.1677,0.2352,BCC+FCC
1,9.6071,1.7,4.6105,66.71,0.044,29.111,0.1634,0.2349,BCC+FCC
1,299.0757,1.6,4.6455,63.465,0.0489,28.7745,0.1749,0.2368,BCC+FCC
1,6.1853,1.7,4.603,70.07,0.0426,30.53,0.1594,0.2343,BCC+FCC
1,21.5539,1.6,4.638,66.825,0.0488,31.19,0.1754,0.2371,BCC+FCC
1,6.4347,1.65,4.623,71.895,0.0441,32.355,0.1634,0.2349,BCC+FCC
1,104.7422,1.65,4.678,56.4,0.0444,22.1,0.1632,0.2344,BCC+FCC
1,11.944,1.7,4.5045,62.58,0.0477,22.928,0.1769,0.2801,BCC+FCC
1,7.7806,1.7,4.5245,62.755,0.0466,23.1205,0.1745,0.2796,BCC+FCC
1,16.9311,1.75,4.5095,67.825,0.0415,24.5925,0.1712,0.2772,BCC+FCC
1,10.5124,1.7,4.517,66.115,0.0447,24.935,0.1771,0.2791,BCC+FCC
1,11.2406,1.6,4.517,69.415,0.0506,28.235,0.1897,0.2807,BCC+FCC
1,25.9382,1.5,4.4895,75.9,0.0511,31.86,0.1978,0.2799,BCC+FCC
1,21.6055,1.65,4.537,58.815,0.0513,21.7795,0.1799,0.2822,BCC+FCC
1,47.7022,1.7,4.5345,67.42,0.0457,26.93,0.178,0.2796,BCC+FCC
1,81.5913,1.65,4.502,65.36,0.0513,26.676,0.1875,0.282,BCC+FCC
1,11.4362,1.55,4.557,62.29,0.0557,26.297,0.1925,0.2841,BCC+FCC
1,43.4507,1.7,4.527,70.78,0.0453,27.942,0.1761,0.2782,BCC+FCC
1,18.7673,1.65,4.582,56.935,0.0498,20.989,0.1764,0.2823,BCC+FCC
1,61.6831,1.65,4.547,63.48,0.0512,26.916,0.186,0.283,BCC+FCC
1,13.6751,1.7,4.532,68.55,0.0469,28.75,0.1783,0.2802,BCC+FCC
1,19.5524,1.7,4.552,68.725,0.0464,28.925,0.1772,0.28,BCC+FCC
1,13.3642,1.65,4.532,70.2,0.0484,30.4,0.1832,0.2808,BCC+FCC
1,18.6855,1.65,4.552,70.375,0.0484,30.575,0.1822,0.2806,BCC+FCC
1,28.2042,1.75,4.5845,61.66,0.0447,25.422,0.1722,0.2812,BCC+FCC
1,305.9742,1.65,4.5995,58.24,0.0509,23.506,0.181,0.2834,BCC+FCC
1,7.0022,1.75,4.5495,68.205,0.0446,29.095,0.1706,0.2798,BCC+FCC
1,12.6146,1.7,4.577,66.67,0.0476,29.497,0.1781,0.2816,BCC+FCC
1,5.0738,1.75,4.542,71.565,0.042,30.0285,0.1639,0.2779,BCC+FCC
1,9.2072,1.65,4.557,68.145,0.0498,31.1195,0.1844,0.2826,BCC+FCC
1,9.9866,1.75,4.5895,59.43,0.0473,24.649,0.1745,0.2827,BCC+FCC
1,6.9038,1.8,4.5945,64.675,0.0431,27.9925,0.1655,0.2804,BCC+FCC
1,7.2546,1.7,4.582,64.44,0.0494,29.448,0.1803,0.2833,BCC+FCC
1,4.4236,1.75,4.567,69.51,0.0434,31.09,0.166,0.28,BCC+FCC
1,4.4873,1.85,4.612,64.33,0.0412,28.303,0.1576,0.2801,BCC+FCC
1,4.0128,1.8,4.592,65.805,0.0436,29.9255,0.1637,0.2812,BCC+FCC
1,4.3572,1.8,4.612,65.98,0.0434,30.118,0.1628,0.2809,BCC+FCC
1,4.1867,1.75,4.612,67.63,0.0451,31.933,0.1675,0.2817,BCC+FCC
1,5.2502,1.7,4.6195,65.92,0.0486,31.914,0.1772,0.2835,BCC+FCC
1,8.3117,1.8,4.6595,53.845,0.0439,20.0775,0.1646,0.2821,BCC+FCC
1,6.4671,1.8,4.652,57.205,0.0447,24.127,0.1672,0.2827,BCC+FCC
1,6.005,1.75,4.652,58.855,0.048,26.437,0.174,0.2839,BCC+FCC
1,2.9764,1.8,4.6295,67.285,0.0428,32.2435,0.1579,0.2813,BCC+FCC
1,4.5221,1.85,4.6695,56.86,0.0427,24.334,0.1614,0.2824,BCC+FCC
1,2.8136,1.85,4.6545,63.58,0.0425,30.486,0.1555,0.282,BCC+FCC
1,34.0394,1.7,4.521,58.43,0.0532,22.399,0.19,0.3243,BCC+FCC
1,32.3401,1.8,4.4985,65.21,0.0458,25.84,0.1816,0.3197,BCC+FCC
1,16.5213,1.75,4.4785,66.685,0.0489,27.315,0.1882,0.3202,BCC+FCC
1,47.7,1.75,4.5385,58.085,0.0507,22.6405,0.1861,0.324,BCC+FCC
1,54.3375,1.7,4.546,56.375,0.0537,21.325,0.1895,0.3252,BCC+FCC
1,15.4986,1.8,4.5235,63.155,0.0469,26.0605,0.1822,0.3214,BCC+FCC
1,42.6182,1.7,4.5385,59.735,0.0533,24.7855,0.193,0.3249,BCC+FCC
1,15.06,1.7,4.5235,66.455,0.0517,29.6905,0.193,0.3225,BCC+FCC
1,9.6041,1.65,4.516,71.465,0.0498,32.785,0.1928,0.3206,BCC+FCC
1,16.0981,1.75,4.5635,56.03,0.0514,21.532,0.1858,0.325,BCC+FCC
1,10.2878,1.8,4.5485,61.1,0.0479,25.87,0.1828,0.323,BCC+FCC
1,8.8046,1.75,4.581,57.335,0.052,24.049,0.1884,0.3257,BCC+FCC
1,4.9156,1.85,4.5585,64.115,0.0454,28.4965,0.1738,0.3213,BCC+FCC
1,3.7028,1.75,4.551,70.775,0.0443,33.475,0.1739,0.3197,BCC+FCC
1,6.7439,1.8,4.606,53.63,0.0499,20.185,0.1815,0.3256,BCC+FCC
1,3.4775,1.85,4.576,65.42,0.0447,30.622,0.1696,0.3214,BCC+FCC
1,4.1841,1.8,4.5835,63.71,0.0483,30.382,0.1798,0.3236,BCC+FCC
1,5.1929,1.8,4.631,51.575,0.0504,18.22,0.1812,0.3262,BCC+FCC
1,3.7542,1.85,4.596,56.47,0.0493,24.218,0.1795,0.3255,BCC+FCC
1,2.9777,1.8,4.601,65.015,0.047,32.638,0.1754,0.3237,BCC+FCC
1,4.1297,1.85,4.6485,51.23,0.0485,18.358,0.1769,0.326,BCC+FCC
1,3.4054,1.9,4.6335,56.3,0.0463,24.67,0.1716,0.3249,BCC+FCC
1,3.7407,1.85,4.641,54.59,0.0491,23.005,0.1784,0.3261,BCC+FCC
1,2.886,1.9,4.626,59.66,0.0456,28.138,0.1685,0.3242,BCC+FCC
1,3.2567,1.85,4.6335,57.95,0.0489,26.98,0.1773,0.3258,BCC+FCC
1,2.2724,1.85,4.6185,64.67,0.0445,32.914,0.1655,0.3234,BCC+FCC
1,2.2452,1.95,4.6435,59.315,0.0436,28.3795,0.1598,0.3239,BCC+FCC
1,5.5023,1.9,4.505,62.25,0.0474,26.875,0.184,0.3579,BCC+FCC
1,6.7097,1.85,4.5125,60.54,0.0506,26.318,0.1918,0.3603,BCC+FCC
1,4.4496,1.9,4.4975,65.61,0.0454,28.74,0.1786,0.3553,BCC+FCC
1,4.6923,1.9,4.53,60.195,0.0485,26.594,0.1852,0.3599,BCC+FCC
1,3.1861,1.8,4.515,70.215,0.0431,34.035,0.1765,0.3544,BCC+FCC
1,3.7647,1.75,4.5225,68.505,0.0475,34.4455,0.19,0.3577,BCC+FCC
1,3.0744,1.75,4.515,71.865,0.0421,35.685,0.1778,0.354,BCC+FCC
1,2.4517,1.75,4.8445,60.68,0.0475,23.398,0.1896,0.2256,BCC+FCC
1,20.9626,1.5,4.7455,61.42,0.0494,24.636,0.1829,0.2032,BCC+FCC
1,2.9713,1.7,4.8045,60.105,0.0522,24.736,0.1984,0.2278,BCC+FCC
1,3.1285,1.7,4.797,57.965,0.0516,23.9245,0.1978,0.2277,BCC+FCC
1,16.4341,1.55,4.7555,58.935,0.0476,23.949,0.1807,0.203,BCC+FCC
1,26.7369,1.45,4.698,58.705,0.0529,24.7675,0.1915,0.2053,BCC+FCC
1,3.3122,1.7,4.797,52.465,0.0465,18.4975,0.1903,0.2254,BCC+FCC
1,1.9934,1.85,4.8645,61.21,0.0494,26.051,0.191,0.2274,BCC+FCC
1,2.5512,1.8,4.8395,53.915,0.0452,20.701,0.1864,0.2252,BCC+FCC
1,2.1735,1.75,4.7735,49.125,0.0556,16.76,0.2154,0.2501,BCC+FCC
1,3.3685,1.7,4.782,53.685,0.0504,21.0175,0.1964,0.2275,BCC+FCC
1,34.1805,1.55,4.7405,54.655,0.0464,20.808,0.1797,0.2027,BCC+FCC
1,1.9521,1.8,4.791,48.78,0.0544,16.898,0.2125,0.2499,BCC+FCC
1,2.884,1.75,4.7995,53.34,0.0493,21.19,0.1935,0.2273,BCC+FCC
1,2.9389,1.7,4.792,68.385,0.0551,25.6865,0.1929,0.2583,BCC+FCC
1,4.171,1.65,4.767,55.59,0.0456,19.696,0.1769,0.2542,BCC+FCC
1,2.6473,1.8,4.8345,64.335,0.0486,25.125,0.1812,0.2562,BCC+FCC
1,3.1118,1.75,4.8095,62.54,0.0491,24.854,0.183,0.2563,BCC+FCC
1,4.3325,1.65,4.752,62.31,0.0543,26.102,0.1936,0.2581,BCC+FCC
1,5.5158,1.6,4.727,60.515,0.055,25.2695,0.1954,0.2581,BCC+FCC
1,1.6626,1.9,4.8435,59.43,0.0526,24.523,0.1991,0.277,BCC+FCC
1,2.3421,1.75,4.7685,54.045,0.0542,20.623,0.2044,0.2771,BCC+FCC
1,4.5764,1.65,4.7595,53.45,0.0449,18.005,0.177,0.2542,BCC+FCC
1,1.5948,1.9,4.836,62.79,0.0557,26.67,0.204,0.2782,BCC+FCC
1,2.5714,1.8,4.8195,65.555,0.0516,27.035,0.1866,0.2578,BCC+FCC
1,8.6657,1.55,4.6945,56.58,0.0549,22.7,0.1966,0.2581,BCC+FCC
1,2.3006,1.9,4.877,60.285,0.0418,23.7535,0.1687,0.2539,BCC+FCC
1,1.9508,1.85,4.811,55.495,0.0525,22.5235,0.2003,0.2769,BCC+FCC
1,1.9012,1.85,4.8035,58.855,0.0556,25.736,0.2052,0.2782,BCC+FCC
1,3.2448,1.75,4.787,61.62,0.0515,26.654,0.1879,0.2577,BCC+FCC
1,1.7809,1.9,4.8285,55.15,0.0514,22.765,0.1975,0.2767,BCC+FCC
1,3.6765,1.75,4.787,56.12,0.0474,22.508,0.1813,0.256,BCC+FCC
1,5.6207,1.65,4.737,52.53,0.0485,18.528,0.185,0.2561,BCC+FCC
1,2.3084,1.85,4.8295,63.07,0.0495,27.507,0.1818,0.2575,BCC+FCC
1,3.3747,1.75,4.7795,59.48,0.0508,25.994,0.1869,0.2576,BCC+FCC
1,4.1845,1.7,4.7545,57.685,0.0515,24.699,0.1892,0.2576,BCC+FCC
1,1.7575,2,4.912,59.595,0.0399,24.3745,0.163,0.2536,BCC+FCC
1,1.5963,1.95,4.846,54.805,0.0502,23.0065,0.1943,0.2766,BCC+FCC
1,1.8166,1.9,4.821,53.01,0.0508,21.244,0.1966,0.2766,BCC+FCC
1,2.0494,1.85,4.796,51.215,0.0513,19.1225,0.1987,0.2767,BCC+FCC
1,2.271,1.8,4.7635,52.78,0.0549,21.47,0.2052,0.278,BCC+FCC
1,4.6935,1.7,4.7545,52.185,0.0473,18.666,0.1826,0.2559,BCC+FCC
1,2.0301,1.85,4.8145,64.29,0.0506,29.539,0.1826,0.2584,BCC+FCC
1,1.4998,1.9,4.7725,47.875,0.0583,17.26,0.2195,0.297,BCC+FCC
1,2.0667,1.85,4.7885,49.075,0.0507,16.78,0.1978,0.2766,BCC+FCC
1,2.3112,1.8,4.7635,47.28,0.0513,13.916,0.1999,0.2766,BCC+FCC
1,1.4996,1.95,4.831,56.025,0.0522,25.2825,0.1959,0.2776,BCC+FCC
1,2.2667,1.9,4.847,57.225,0.0445,24.4425,0.1725,0.2556,BCC+FCC
1,2.2778,1.8,4.756,50.64,0.0542,19.284,0.204,0.2778,BCC+FCC
1,3.2279,1.8,4.797,53.635,0.0456,21.0425,0.1774,0.2557,BCC+FCC
1,2.3874,1.85,4.8145,58.79,0.0481,26.477,0.179,0.2572,BCC+FCC
1,2.8867,1.8,4.7895,56.995,0.0487,25.113,0.1818,0.2573,BCC+FCC
1,4.4319,1.7,4.7395,53.405,0.0501,21.308,0.187,0.2574,BCC+FCC
1,2.0245,1.85,4.806,60.415,0.0512,23.6365,0.1881,0.3021,BCC+FCC
1,2.5076,1.75,4.756,56.825,0.0523,21.5925,0.1912,0.3022,BCC+FCC
1,3.4203,1.65,4.6985,56.595,0.0577,22.223,0.2019,0.3037,BCC+FCC
1,3.0369,1.7,4.716,61.75,0.0599,26.55,0.2063,0.3045,BCC+FCC
1,3.6051,1.65,4.691,59.955,0.0607,25.6615,0.2083,0.3046,BCC+FCC
1,2.1708,1.85,4.7985,58.275,0.0506,23.07,0.1877,0.3021,BCC+FCC
1,2.7071,1.75,4.7485,54.685,0.0517,20.239,0.1909,0.3021,BCC+FCC
1,3.0051,1.7,4.7235,52.89,0.0523,18.285,0.1924,0.3022,BCC+FCC
1,1.3569,1.95,4.8,62.23,0.0604,27.23,0.2148,0.3221,BCC+FCC
1,1.871,1.9,4.816,63.43,0.0536,26.03,0.1921,0.3033,BCC+FCC
1,2.1464,1.85,4.791,61.635,0.0543,25.6685,0.1942,0.3033,BCC+FCC
1,3.7372,1.65,4.691,54.455,0.057,20.6325,0.2015,0.3036,BCC+FCC
1,1.2933,2,4.825,58.525,0.057,25.3375,0.208,0.3214,BCC+FCC
1,1.6191,1.9,4.775,54.935,0.0584,22.9155,0.2124,0.3215,BCC+FCC
1,2.0359,1.9,4.816,57.93,0.0494,23.346,0.1854,0.3019,BCC+FCC
1,1.4174,1.95,4.7925,60.09,0.0596,27.059,0.2134,0.322,BCC+FCC
1,1.9665,1.9,4.8085,61.29,0.0529,25.979,0.1911,0.3032,BCC+FCC
1,1.5438,1.95,4.826,66.445,0.0544,27.8205,0.1921,0.3039,BCC+FCC
1,2.1334,1.85,4.776,62.855,0.0559,27.7005,0.1975,0.304,BCC+FCC
1,2.4933,1.8,4.751,61.06,0.0567,27.102,0.2,0.3041,BCC+FCC
1,2.9301,1.75,4.726,59.265,0.0575,26.1445,0.2023,0.3042,BCC+FCC
1,2.6978,1.8,4.7585,52.2,0.05,18.63,0.1885,0.3019,BCC+FCC
1,1.2733,2,4.81,59.745,0.058,27.3695,0.2092,0.3217,BCC+FCC
1,2.7083,1.8,4.751,55.56,0.0535,22.844,0.1945,0.3032,BCC+FCC
1,1.8896,1.9,4.7935,62.51,0.0543,28.011,0.1934,0.3038,BCC+FCC
1,2.0123,1.85,4.761,64.075,0.056,29.7325,0.1978,0.3043,BCC+FCC
1,1.5415,1.95,4.785,52.45,0.0563,21.58,0.2081,0.3212,BCC+FCC
1,1.9286,1.95,4.826,55.445,0.0477,22.5585,0.1817,0.3016,BCC+FCC
1,3.1425,1.75,4.726,48.265,0.0499,13.6105,0.1897,0.3018,BCC+FCC
1,1.8165,1.95,4.8185,58.805,0.0508,25.776,0.1863,0.3029,BCC+FCC
1,2.4235,1.85,4.7685,55.215,0.0522,23.051,0.1913,0.303,BCC+FCC
1,3.2385,1.75,4.7185,51.625,0.0535,18.89,0.1958,0.3031,BCC+FCC
1,1.6401,1.95,4.811,62.165,0.0527,28.3215,0.1887,0.3036,BCC+FCC
1,1.9375,1.9,4.786,60.37,0.0535,27.654,0.1918,0.3037,BCC+FCC
1,2.2706,1.85,4.761,58.575,0.0542,26.6275,0.1946,0.3038,BCC+FCC
1,2.6646,1.8,4.736,56.78,0.055,25.242,0.1974,0.3038,BCC+FCC
1,1.2225,2.05,4.8275,53.9,0.0542,23.64,0.2016,0.3209,BCC+FCC
1,1.394,2,4.8025,52.105,0.0549,21.787,0.2043,0.321,BCC+FCC
1,1.9,1.85,4.7275,46.72,0.0569,14.364,0.2116,0.3212,BCC+FCC
1,2.5333,1.85,4.7685,49.715,0.0482,16.524,0.1852,0.3016,BCC+FCC
1,1.3203,2,4.795,55.465,0.0563,25.6745,0.2057,0.3214,BCC+FCC
1,1.6652,1.95,4.8035,60.025,0.0519,27.93,0.1869,0.3035,BCC+FCC
1,1.9664,1.9,4.7785,58.23,0.0526,26.869,0.19,0.3036,BCC+FCC
1,1.5936,2,4.8285,56.32,0.0487,25.076,0.1804,0.3026,BCC+FCC
1,1.5128,1.95,4.7625,51.53,0.0562,22.095,0.2069,0.3213,BCC+FCC
1,1.6733,1.95,4.796,57.885,0.051,27.1105,0.1849,0.3033,BCC+FCC
1,1.9731,1.9,4.771,56.09,0.0518,25.656,0.1882,0.3034,BCC+FCC
1,1.7981,1.85,4.731,61.015,0.0524,31.1795,0.189,0.3035,BCC+FCC
1,1.494,2,4.79,60.385,0.0564,26.7935,0.199,0.3448,BCC+FCC
1,1.7042,1.95,4.765,58.59,0.0572,25.948,0.2016,0.3449,BCC+FCC
1,1.4193,2.05,4.815,56.68,0.0529,24.346,0.192,0.3441,BCC+FCC
1,1.6043,2,4.79,54.885,0.0536,22.9505,0.1944,0.3442,BCC+FCC
1,1.5445,2,4.7825,58.245,0.0555,26.224,0.1975,0.3447,BCC+FCC
1,1.3673,2.05,4.8,57.9,0.0539,26.5,0.1929,0.3445,BCC+FCC
1,1.5799,2,4.775,56.105,0.0547,25.2265,0.1959,0.3445,BCC+FCC
1,1.5992,2,4.7675,53.965,0.0539,23.801,0.1942,0.3444,BCC+FCC
1,1.2988,2.1,4.8175,52.055,0.0501,21.817,0.1848,0.3437,BCC+FCC
1,1.6735,2,4.7675,48.465,0.0514,17.024,0.1906,0.3438,BCC+FCC
1,2.0234,1.9,4.71,48.235,0.0546,16.7495,0.1984,0.3444,BCC+FCC
1,8.4305,1.45,4.704,62.175,0.0511,25.135,0.1797,0.186,BCC+FCC
1,7.0359,1.45,4.6965,60.035,0.0504,24.1025,0.1791,0.1858,BCC+FCC
4,5.4863,1.85,4.9115,62.175,0.0314,22.0525,0.1365,0.1759,FCC
1,3.8476,1.75,4.808,69.37,0.0512,24.603,0.178,0.2421,BCC+FCC
1,4.9982,1.7,4.783,67.575,0.0519,25.015,0.18,0.2422,BCC+FCC
1,10.5775,1.6,4.733,63.985,0.0532,24.762,0.1837,0.2423,BCC+FCC
1,21.9507,1.55,4.708,62.19,0.0539,24.097,0.1853,0.2424,BCC+FCC
1,2.9866,1.85,4.823,62.435,0.0484,21.8185,0.1772,0.2462,BCC+FCC
1,3.5945,1.8,4.798,60.64,0.0489,21.178,0.179,0.2463,BCC+FCC
1,5.5396,1.7,4.7755,65.435,0.0511,25.3785,0.1793,0.2421,BCC+FCC
1,2.6496,1.9,4.8405,62.09,0.0472,22.129,0.1746,0.2461,BCC+FCC
1,4.7826,1.75,4.7655,56.705,0.0489,19.027,0.1803,0.2462,BCC+FCC
1,3.5046,1.8,4.818,66.885,0.0491,25.705,0.174,0.2418,BCC+FCC
2,137.271,1.55,4.693,57.91,0.0524,22.035,0.1845,0.2421,BCC+FCC
1,2.3108,1.95,4.858,61.745,0.0461,22.4395,0.1715,0.2459,BCC+FCC
1,4.1117,1.8,4.783,56.36,0.0477,19.234,0.1779,0.2461,BCC+FCC
1,2.7745,1.9,4.868,64.975,0.0436,24.485,0.1623,0.2398,BCC+FCC
1,7.8522,1.7,4.768,57.795,0.0458,21.503,0.1708,0.24,BCC+FCC
1,2.1568,1.9,4.818,66.67,0.0521,25.92,0.1821,0.2487,BCC+FCC
1,2.3288,1.9,4.8605,68.335,0.047,25.7415,0.1676,0.2416,BCC+FCC
1,2.9197,1.85,4.8355,66.54,0.0477,26.05,0.1704,0.2417,BCC+FCC
1,10.417,1.65,4.7355,59.36,0.0504,23.694,0.1799,0.2419,BCC+FCC
1,2.1039,1.95,4.843,62.965,0.0486,24.4715,0.1749,0.2474,BCC+FCC
1,2.5767,1.9,4.818,61.17,0.0493,23.884,0.1777,0.2474,BCC+FCC
1,3.4529,1.8,4.7605,60.94,0.0528,24.972,0.1864,0.2487,BCC+FCC
1,4.4689,1.75,4.7355,59.145,0.0536,23.823,0.1892,0.2488,BCC+FCC
1,6.1656,1.7,4.7105,57.35,0.0544,22.315,0.1918,0.2488,BCC+FCC
1,7.2294,1.7,4.753,59.015,0.049,23.901,0.1767,0.2417,BCC+FCC
1,2.4923,1.85,4.8205,67.76,0.0491,27.96,0.172,0.2429,BCC+FCC
1,3.1834,1.8,4.7955,65.965,0.0499,28.0315,0.1752,0.2429,BCC+FCC
1,4.1626,1.75,4.7705,64.17,0.0507,27.744,0.1782,0.243,BCC+FCC
1,2.0213,2,4.868,59.26,0.0443,22.282,0.1667,0.2456,BCC+FCC
1,2.2377,1.95,4.8005,55.8,0.0508,19.57,0.1845,0.253,BCC+FCC
1,3.6356,1.85,4.793,53.875,0.046,17.7925,0.1742,0.2458,BCC+FCC
1,2.1502,1.95,4.8355,60.825,0.0479,24.16,0.1733,0.2472,BCC+FCC
1,3.2526,1.85,4.7855,57.235,0.0492,21.839,0.179,0.2474,BCC+FCC
1,3.9896,1.8,4.7955,60.465,0.047,25.3045,0.1704,0.2415,BCC+FCC
1,6.5259,1.7,4.703,55.21,0.0535,20.586,0.1905,0.2487,BCC+FCC
1,7.834,1.7,4.7455,56.875,0.0483,22.5525,0.1757,0.2416,BCC+FCC
1,2.5444,1.85,4.813,65.62,0.0483,28.342,0.1701,0.2427,BCC+FCC
1,1.8795,2,4.818,55.455,0.0495,19.777,0.1799,0.2528,BCC+FCC
1,2.0155,1.95,4.7855,57.02,0.0517,21.968,0.1842,0.2537,BCC+FCC
1,2.4548,1.9,4.7605,55.225,0.0525,20.2475,0.1876,0.2538,BCC+FCC
1,4.7297,1.75,4.7205,54.865,0.0519,20.724,0.1861,0.2484,BCC+FCC
1,5.5569,1.75,4.763,56.53,0.0469,22.725,0.1718,0.2414,BCC+FCC
1,3.3114,1.8,4.7805,61.685,0.0482,27.5805,0.1715,0.2426,BCC+FCC
1,3.6343,1.7,4.7155,64.815,0.0503,31.6495,0.1776,0.2438,BCC+FCC
1,3.3117,1.75,4.762,60.295,0.0502,21.454,0.1788,0.2881,BCC+FCC
1,5.8062,1.65,4.697,57.925,0.0552,21.425,0.19,0.2896,BCC+FCC
1,3.4781,1.8,4.772,57.81,0.0485,20.903,0.1768,0.2879,BCC+FCC
1,4.0973,1.75,4.747,56.015,0.049,19.441,0.1784,0.288,BCC+FCC
1,5.133,1.7,4.7145,57.58,0.0538,21.632,0.1879,0.2895,BCC+FCC
1,4.9876,1.7,4.707,60.94,0.0568,24.972,0.1939,0.2905,BCC+FCC
1,4.4655,1.75,4.7395,53.875,0.0484,17.7925,0.1781,0.2879,BCC+FCC
1,2.119,1.95,4.832,64.415,0.0498,25.045,0.1763,0.2891,BCC+FCC
1,3.6293,1.8,4.757,59.03,0.0518,23.179,0.1833,0.2892,BCC+FCC
1,4.4618,1.75,4.732,57.235,0.0524,21.839,0.1853,0.2893,BCC+FCC
1,5.6723,1.7,4.707,55.44,0.0531,20.14,0.1873,0.2894,BCC+FCC
1,1.7966,1.95,4.782,66.11,0.0559,26.48,0.1924,0.2954,BCC+FCC
1,1.8652,1.95,4.8245,67.775,0.052,26.3575,0.18,0.29,BCC+FCC
1,3.1804,1.8,4.707,60.725,0.0585,25.1225,0.2015,0.2956,BCC+FCC
1,2.9733,1.8,4.742,65.75,0.0557,28.225,0.1911,0.2908,BCC+FCC
1,1.9135,2,4.8145,59.045,0.0513,22.454,0.1835,0.2941,BCC+FCC
1,2.0526,2,4.857,60.71,0.0451,23.371,0.1674,0.2875,BCC+FCC
1,2.4188,1.95,4.832,58.915,0.0456,22.558,0.1697,0.2876,BCC+FCC
1,3.3527,1.85,4.782,55.325,0.0467,19.855,0.1739,0.2877,BCC+FCC
1,4.8257,1.75,4.732,51.735,0.0478,15.716,0.1777,0.2878,BCC+FCC
1,1.7439,2,4.807,62.405,0.0533,24.9755,0.1864,0.2948,BCC+FCC
1,3.841,1.8,4.7495,56.89,0.0511,22.046,0.1824,0.2891,BCC+FCC
1,2.709,1.85,4.7245,60.38,0.0567,25.364,0.1969,0.2953,BCC+FCC
1,3.3197,1.8,4.6995,58.585,0.0576,24.159,0.1999,0.2954,BCC+FCC
1,3.5118,1.8,4.742,60.25,0.0535,25.455,0.1869,0.2901,BCC+FCC
1,2.0322,1.9,4.7845,67.2,0.0529,28.52,0.1828,0.2905,BCC+FCC
1,2.5008,1.85,4.7595,65.405,0.0538,28.5355,0.1861,0.2905,BCC+FCC
1,2.4632,1.7,4.612,71.795,0.0467,35.3045,0.1845,0.2888,BCC+FCC
1,4.2152,1.8,4.7495,51.39,0.0467,15.854,0.1753,0.2876,BCC+FCC
1,2.0436,1.95,4.732,56.805,0.0568,22.097,0.199,0.2997,BCC+FCC
1,3.044,1.85,4.7245,54.88,0.0548,20.42,0.1934,0.2949,BCC+FCC
1,4.0264,1.8,4.742,54.75,0.0503,20.485,0.1814,0.289,BCC+FCC
1,6.7862,1.7,4.692,51.16,0.0517,15.872,0.1859,0.2891,BCC+FCC
1,2.2152,1.9,4.6995,58.37,0.0571,24.288,0.2012,0.2993,BCC+FCC
1,2.2973,1.9,4.742,60.035,0.0548,25.6055,0.1917,0.2951,BCC+FCC
1,2.9485,1.85,4.7595,59.905,0.0519,25.6965,0.1827,0.2899,BCC+FCC
1,3.6503,1.8,4.7345,58.11,0.0527,24.444,0.1855,0.29,BCC+FCC
1,2.1752,1.85,4.7445,66.625,0.0525,30.5675,0.183,0.2903,BCC+FCC
1,5.4681,1.75,4.717,47.455,0.0466,10.5235,0.1766,0.2876,BCC+FCC
1,1.7373,2,4.7495,56.46,0.055,22.304,0.1933,0.2994,BCC+FCC
1,2.3268,1.95,4.8095,57.995,0.0476,23.9035,0.1724,0.2887,BCC+FCC
1,2.2264,1.9,4.692,56.23,0.0561,22.875,0.1987,0.2991,BCC+FCC
1,3.7487,1.8,4.727,55.97,0.0519,23.005,0.184,0.2898,BCC+FCC
1,4.8351,1.75,4.702,54.175,0.0526,21,0.1869,0.2899,BCC+FCC
1,2.1115,1.9,4.7695,62.92,0.051,28.744,0.1782,0.2901,BCC+FCC
1,2.1948,1.85,4.737,64.485,0.0515,30.622,0.1802,0.2901,BCC+FCC
1,2.2737,1.8,4.7045,66.05,0.0508,32.5,0.1804,0.2897,BCC+FCC
1,2.2072,2,4.8345,54.29,0.0433,20.476,0.164,0.2872,BCC+FCC
1,2.3811,1.95,4.767,50.83,0.0499,16.078,0.1821,0.2937,BCC+FCC
1,2.0603,1.95,4.717,52.525,0.0549,18.53,0.1946,0.2993,BCC+FCC
1,2.1861,1.95,4.7595,54.19,0.0516,20.765,0.184,0.2944,BCC+FCC
1,2.8314,1.9,4.777,54.06,0.0476,20.83,0.1738,0.2886,BCC+FCC
1,2.0274,1.9,4.7685,61.185,0.0553,22.9435,0.19,0.3319,BCC+FCC
1,2.2918,1.85,4.7435,59.39,0.0559,22.178,0.1918,0.332,BCC+FCC
1,2.7137,1.85,4.7285,55.11,0.0545,19.984,0.1906,0.3317,BCC+FCC
1,3.0964,1.8,4.7035,53.315,0.0552,18.0725,0.1925,0.3318,BCC+FCC
1,2.3381,1.9,4.746,60.265,0.0565,24.608,0.1938,0.3324,BCC+FCC
1,2.2004,1.95,4.771,56.56,0.0524,21.778,0.1857,0.3315,BCC+FCC
1,2.111,1.95,4.7635,59.92,0.0548,24.884,0.19,0.3322,BCC+FCC
1,1.9452,1.95,4.756,63.28,0.0559,27.318,0.1922,0.3324,BCC+FCC
1,2.5603,1.9,4.731,55.985,0.0548,22.589,0.1913,0.3321,BCC+FCC
1,2.0112,1.95,4.7485,61.14,0.055,27.038,0.1903,0.3322,BCC+FCC
1,1.7767,2.05,4.806,55.87,0.0497,22.261,0.1784,0.3311,BCC+FCC
1,2.7166,1.9,4.731,50.485,0.0517,16.216,0.186,0.3313,BCC+FCC
1,1.5789,2.05,4.756,57.565,0.0551,24.2045,0.1922,0.3362,BCC+FCC
1,2.2494,1.95,4.7485,55.64,0.0532,22.796,0.1871,0.3319,BCC+FCC
1,2.6333,1.9,4.7235,53.845,0.054,20.9375,0.1899,0.332,BCC+FCC
1,1.7253,2,4.766,60.795,0.0531,27.314,0.1847,0.332,BCC+FCC
1,1.5451,2.1,4.8235,55.525,0.0483,22.5025,0.174,0.331,BCC+FCC
1,1.8099,2.05,4.7985,53.73,0.049,20.812,0.177,0.331,BCC+FCC
1,1.6537,2.05,4.791,57.09,0.0508,24.537,0.179,0.3316,BCC+FCC
1,2.2836,1.95,4.741,53.5,0.0523,21.11,0.1854,0.3318,BCC+FCC
1,3.1387,1.85,4.691,49.91,0.0539,16.247,0.1912,0.3319,BCC+FCC
1,1.9018,1.9,4.6935,61.785,0.0518,30.6405,0.1842,0.3308,BCC+FCC
1,1.958,1.85,4.661,63.35,0.05,32.675,0.1821,0.3295,BCC+FCC
1,1.5592,2.1,4.816,53.385,0.0476,21.019,0.1723,0.3308,BCC+FCC
1,2.2862,1.95,4.7335,51.36,0.0515,18.996,0.1836,0.3316,BCC+FCC
1,1.7449,2,4.751,56.515,0.0512,25.401,0.1799,0.3317,BCC+FCC
1,1.3078,2.15,4.795,57.105,0.0537,24.006,0.187,0.3708,BCC+FCC
1,1.7701,2.05,4.7375,51.375,0.0544,19.0425,0.1913,0.3708,BCC+FCC
1,1.4588,2.1,4.74,52.25,0.0524,21.735,0.184,0.3702,BCC+FCC
1,50.0014,1.6,4.5965,67.625,0.0488,20.7925,0.1601,0.1771,BCC+FCC
1,31.3935,1.55,4.5715,65.83,0.0497,21.03,0.1622,0.1772,BCC+FCC
1,53.2338,1.55,4.6165,69.45,0.0506,22.435,0.1662,0.1783,BCC+FCC
1,16.5232,1.5,4.644,67.915,0.0495,23.115,0.1641,0.1774,BCC+FCC
1,17.6835,1.5,4.6965,68.175,0.0469,23.375,0.1591,0.1759,BCC+FCC
1,5.304,1.7,4.684,78.195,0.0494,18.0255,0.1644,0.1796,BCC+FCC
1,15.9448,1.6,4.6865,74.865,0.0506,21.7955,0.1676,0.1793,BCC+FCC
1,10.4416,1.5,4.5315,70.755,0.0536,23.6095,0.1771,0.18,BCC+FCC
1,4.0454,1.7,4.729,81.815,0.05,17.4505,0.1667,0.1806,BCC+FCC
1,10.4844,1.6,4.679,78.225,0.052,21.1225,0.1726,0.1808,BCC+FCC
1,18.5309,1.55,4.564,63.69,0.0488,21.219,0.1616,0.177,BCC+FCC
1,36.1488,1.55,4.6615,67.57,0.0479,23.46,0.1617,0.1772,BCC+FCC
1,9.3883,1.65,4.7565,74.78,0.0475,22.426,0.1613,0.1782,BCC+FCC
1,16.3437,1.5,4.6815,69.395,0.0499,25.285,0.1678,0.1784,BCC+FCC
1,10.5241,1.5,4.5615,70.095,0.0516,26.675,0.1764,0.1805,BCC+FCC
1,5.488,1.65,4.6815,79.1,0.0487,23.29,0.1676,0.1811,BCC+FCC
1,22.8079,1.5,4.6065,73.715,0.052,27.6535,0.1781,0.1814,BCC+FCC
1,3.9985,1.65,4.674,82.46,0.0471,22.798,0.1661,0.1811,BCC+FCC
1,11.0251,1.5,4.6065,68.215,0.0508,27.5765,0.174,0.1804,BCC+FCC
1,5.9506,1.65,4.674,76.96,0.0475,25.332,0.1652,0.1808,BCC+FCC
1,68.8248,1.55,4.624,73.37,0.0497,28.033,0.1728,0.181,BCC+FCC
1,16.0243,1.5,4.599,71.575,0.0508,28.845,0.1762,0.1811,BCC+FCC
1,6.9726,1.6,4.6415,78.525,0.047,26.585,0.1676,0.181,BCC+FCC
1,15.3794,1.55,4.6315,64.51,0.0477,25.912,0.1656,0.1787,BCC+FCC
1,26.665,1.55,4.624,67.87,0.0488,27.887,0.1693,0.1801,BCC+FCC
1,42.5978,1.55,4.6765,68.13,0.0486,28.173,0.1683,0.1798,BCC+FCC
1,10.7926,1.5,4.6515,66.335,0.0495,28.102,0.1711,0.1799,BCC+FCC
1,6.7827,1.6,4.6865,76.645,0.0478,28.736,0.1672,0.1815,BCC+FCC
1,22.1551,1.55,4.609,74.59,0.0469,29.821,0.1691,0.1808,BCC+FCC
1,33.3299,1.6,4.694,67.785,0.0468,28.4835,0.1637,0.1795,BCC+FCC
1,12.8096,1.6,4.6865,71.145,0.0473,29.795,0.1654,0.1807,BCC+FCC
1,4.3756,1.75,4.708,69.035,0.0484,21.698,0.1635,0.2351,BCC+FCC
1,11.2787,1.6,4.6855,63.91,0.0481,22.581,0.1646,0.2343,BCC+FCC
1,3.1994,1.8,4.673,73.93,0.0505,20.288,0.1693,0.2366,BCC+FCC
1,5.3127,1.7,4.6755,70.6,0.0518,22.95,0.1725,0.2366,BCC+FCC
1,5.2495,1.7,4.728,70.86,0.0504,23.158,0.1695,0.2361,BCC+FCC
1,5.2813,1.7,4.7805,71.12,0.0482,23.366,0.1657,0.2352,BCC+FCC
1,7.5388,1.65,4.6505,68.805,0.0527,23.6645,0.1748,0.2366,BCC+FCC
1,24.0496,1.55,4.7055,65.735,0.0502,24.5885,0.1708,0.2353,BCC+FCC
1,3.469,1.75,4.7455,76.015,0.0518,21.539,0.173,0.2373,BCC+FCC
1,2.9188,1.75,4.738,79.375,0.0528,20.6225,0.1764,0.2381,BCC+FCC
1,3.703,1.7,4.7655,77.84,0.0536,22.634,0.1782,0.2382,BCC+FCC
1,4.9252,1.75,4.7005,66.895,0.0476,22.6355,0.1628,0.235,BCC+FCC
1,15.0993,1.6,4.678,61.77,0.0474,22.364,0.1644,0.2342,BCC+FCC
1,4.5049,1.75,4.798,70.775,0.0468,23.78,0.1631,0.235,BCC+FCC
1,9.0172,1.65,4.643,66.665,0.0517,24.365,0.1739,0.2365,BCC+FCC
1,57.6236,1.55,4.6455,63.335,0.0519,24.242,0.1748,0.2361,BCC+FCC
1,5.1275,1.7,4.713,72.08,0.0518,24.824,0.1744,0.2372,BCC+FCC
1,5.0335,1.7,4.7655,72.34,0.0507,25.032,0.1721,0.2368,BCC+FCC
1,23.9601,1.6,4.618,59.37,0.0491,21.381,0.1684,0.235,BCC+FCC
1,21.6369,1.6,4.6705,59.63,0.0467,21.719,0.1641,0.2341,BCC+FCC
1,3.7596,1.8,4.7105,69.91,0.0481,23.778,0.1649,0.2361,BCC+FCC
1,3.7982,1.8,4.8155,70.43,0.0454,24.194,0.1601,0.2349,BCC+FCC
1,4.9073,1.75,4.6855,68.115,0.049,24.4235,0.1677,0.2362,BCC+FCC
1,10.304,1.65,4.7405,65.045,0.0474,25.2095,0.1666,0.235,BCC+FCC
1,21.2083,1.6,4.663,62.99,0.0503,24.518,0.1722,0.2359,BCC+FCC
1,20.3566,1.6,4.7155,63.25,0.0481,24.83,0.1684,0.2351,BCC+FCC
1,441.0567,1.55,4.6905,61.455,0.0488,24.0915,0.1702,0.2351,BCC+FCC
1,3.73,1.7,4.6905,76.66,0.0511,26.242,0.1766,0.2381,BCC+FCC
1,3.1351,1.7,4.6305,79.76,0.0464,25.694,0.1706,0.2362,BCC+FCC
1,4.0211,1.8,4.7555,68.03,0.0463,25.037,0.1617,0.2355,BCC+FCC
1,7.5005,1.7,4.7055,64.44,0.0479,25.234,0.1669,0.2357,BCC+FCC
1,12.3579,1.65,4.6805,62.645,0.0487,24.794,0.1692,0.2357,BCC+FCC
1,42.2886,1.55,4.6305,59.055,0.0502,22.837,0.1736,0.2358,BCC+FCC
1,23.3746,1.6,4.648,64.21,0.0516,26.672,0.1771,0.2371,BCC+FCC
1,5.3567,1.65,4.7105,72.985,0.0522,29.4965,0.1789,0.2385,BCC+FCC
1,5.6176,1.6,4.5655,77.39,0.0436,30.452,0.1703,0.2346,BCC+FCC
1,19.3026,1.65,4.628,56.885,0.0467,20.489,0.1649,0.2347,BCC+FCC
1,8.3706,1.7,4.698,62.3,0.047,25.07,0.1658,0.2355,BCC+FCC
1,8.4564,1.7,4.7505,62.56,0.0453,25.382,0.163,0.2347,BCC+FCC
1,65.0643,1.6,4.7005,58.97,0.0467,23.408,0.1673,0.2348,BCC+FCC
1,26.6635,1.55,4.6755,57.175,0.0473,21.8825,0.1693,0.2349,BCC+FCC
1,6.7263,1.7,4.6905,65.66,0.0489,27.266,0.1702,0.2368,BCC+FCC
1,29.5621,1.6,4.693,62.33,0.0498,26.609,0.1738,0.2365,BCC+FCC
1,7.8203,1.65,4.7105,67.485,0.0507,29.2735,0.1752,0.2376,BCC+FCC
1,19.4694,1.6,4.633,65.43,0.0515,28.826,0.1788,0.2376,BCC+FCC
1,6.7513,1.65,4.598,70.325,0.0478,30.095,0.1733,0.2368,BCC+FCC
1,6.1639,1.65,4.6505,70.585,0.0498,30.355,0.1756,0.2377,BCC+FCC
1,11.5665,1.6,4.6255,68.79,0.051,30.709,0.1794,0.2378,BCC+FCC
1,9.9567,1.6,4.678,69.05,0.0521,30.995,0.1802,0.2384,BCC+FCC
1,4.9703,1.65,4.5905,73.685,0.0449,30.8165,0.1684,0.2358,BCC+FCC
1,4.5931,1.65,4.643,73.945,0.0479,31.0505,0.1727,0.2373,BCC+FCC
1,7.5459,1.6,4.618,72.15,0.0492,31.92,0.1773,0.2374,BCC+FCC
1,3.201,1.65,4.688,77.565,0.0481,31.282,0.1717,0.2378,BCC+FCC
1,9.4515,1.7,4.743,60.42,0.0446,24.816,0.1621,0.2346,BCC+FCC
1,7.5766,1.7,4.6305,63.26,0.0477,26.912,0.1687,0.2366,BCC+FCC
1,3.8365,1.75,4.753,68.935,0.048,29.395,0.1669,0.2373,BCC+FCC
1,5.8488,1.7,4.623,66.62,0.0472,29.012,0.1686,0.2368,BCC+FCC
1,5.5832,1.7,4.6755,66.88,0.0484,29.298,0.17,0.2373,BCC+FCC
1,8.5812,1.65,4.703,65.345,0.0498,29.414,0.1736,0.2375,BCC+FCC
1,3.2048,1.75,4.6405,71.775,0.0441,29.7875,0.1604,0.2363,BCC+FCC
1,6.0688,1.65,4.6955,68.705,0.05,31.3055,0.1746,0.2381,BCC+FCC
1,3.2613,1.65,4.6805,75.425,0.0468,33.0725,0.1681,0.2376,BCC+FCC
1,13.573,1.7,4.6905,54.66,0.0425,19.49,0.1576,0.2336,BCC+FCC
1,10.4532,1.7,4.683,58.02,0.0454,23.458,0.1633,0.2353,BCC+FCC
1,5.1888,1.75,4.648,62.915,0.0457,27.188,0.1629,0.2363,BCC+FCC
1,2.9441,1.8,4.7705,68.59,0.0461,29.74,0.1609,0.2371,BCC+FCC
1,6.3365,1.65,4.688,66.565,0.049,31.568,0.1722,0.2379,BCC+FCC
1,3.1459,1.7,4.7055,71.72,0.0467,32.87,0.1651,0.2378,BCC+FCC
1,5.2542,1.75,4.693,61.035,0.0452,26.9955,0.1612,0.2362,BCC+FCC
1,2.97,1.8,4.763,66.45,0.0452,30.205,0.1584,0.2369,BCC+FCC
1,4.0007,1.75,4.738,64.655,0.0461,29.966,0.1624,0.237,BCC+FCC
1,5.7737,1.7,4.713,62.86,0.047,29.368,0.1662,0.2371,BCC+FCC
1,2.2451,1.9,4.7145,69.925,0.0512,21.9575,0.1724,0.2842,BCC+FCC
1,2.6541,1.85,4.6895,68.13,0.0521,22.784,0.1749,0.2842,BCC+FCC
1,2.4631,1.85,4.7345,71.75,0.053,23.235,0.1777,0.2849,BCC+FCC
1,2.9788,1.8,4.7095,69.955,0.0539,24.244,0.1802,0.285,BCC+FCC
1,6.0789,1.65,4.6345,64.57,0.0565,25.117,0.187,0.2852,BCC+FCC
1,5.7999,1.65,4.687,64.83,0.0551,25.403,0.1839,0.285,BCC+FCC
1,8.7666,1.6,4.6095,62.775,0.0574,24.69,0.189,0.2852,BCC+FCC
1,1.9164,1.85,4.7195,78.47,0.0533,21.799,0.1817,0.2853,BCC+FCC
1,2.3955,1.8,4.6945,76.675,0.0545,23.745,0.1853,0.2854,BCC+FCC
1,3.7003,1.7,4.697,73.345,0.0575,26.956,0.1914,0.2862,BCC+FCC
1,3.4618,1.8,4.7095,64.455,0.0508,23.965,0.1737,0.2839,BCC+FCC
1,4.1917,1.75,4.6845,62.66,0.0516,23.706,0.1758,0.284,BCC+FCC
1,5.3344,1.7,4.607,60.605,0.0538,22.776,0.1809,0.2843,BCC+FCC
1,5.1964,1.7,4.6595,60.865,0.0523,23.088,0.1778,0.284,BCC+FCC
1,2.2245,1.9,4.752,71.405,0.0511,23.6835,0.1736,0.2847,BCC+FCC
1,3.2165,1.8,4.7545,68.075,0.052,25.5075,0.1769,0.2847,BCC+FCC
1,3.9735,1.75,4.7295,66.28,0.0527,25.79,0.1792,0.2847,BCC+FCC
1,7.7494,1.65,4.5745,62.17,0.0561,24.654,0.1883,0.2849,BCC+FCC
1,11.1347,1.6,4.602,60.635,0.0565,24.1455,0.1883,0.2851,BCC+FCC
1,3.8766,1.75,4.617,69.12,0.054,26.448,0.1855,0.2847,BCC+FCC
1,10.0558,1.6,4.647,64.255,0.0574,27.156,0.1913,0.2858,BCC+FCC
1,1.9935,1.85,4.7645,76.59,0.0534,24.384,0.1804,0.2858,BCC+FCC
1,4.0967,1.7,4.6895,71.205,0.0564,28.3245,0.1899,0.286,BCC+FCC
1,2.5565,1.7,4.6145,81.025,0.047,27.65,0.1797,0.2817,BCC+FCC
1,2.6148,1.9,4.752,65.905,0.0484,24.2445,0.1679,0.2837,BCC+FCC
1,2.6181,1.9,4.8045,66.165,0.0468,24.4785,0.1653,0.2832,BCC+FCC
1,3.1176,1.85,4.727,64.11,0.0492,24.31,0.1704,0.2837,BCC+FCC
1,4.664,1.75,4.6245,60.26,0.0519,23.052,0.1776,0.2841,BCC+FCC
1,4.6074,1.75,4.7295,60.78,0.0488,23.676,0.1717,0.2833,BCC+FCC
2,5.796,1.7,4.7045,58.985,0.0494,22.6905,0.1735,0.2834,BCC+FCC
1,7.8465,1.65,4.627,56.93,0.0523,20.982,0.1791,0.284,BCC+FCC
1,7.6404,1.65,4.6795,57.19,0.0501,21.346,0.1753,0.2834,BCC+FCC
1,1.952,1.95,4.7695,71.06,0.0493,24.132,0.1689,0.2845,BCC+FCC
1,2.8711,1.85,4.7195,67.47,0.0511,25.653,0.175,0.2846,BCC+FCC
1,5.8152,1.7,4.6445,62.085,0.0537,25.242,0.1829,0.2848,BCC+FCC
1,2.5528,1.85,4.712,70.83,0.0517,26.324,0.1772,0.285,BCC+FCC
1,5.1306,1.7,4.6895,65.705,0.0546,27.7455,0.1854,0.2855,BCC+FCC
1,46.5823,1.55,4.6145,60.32,0.0573,25.728,0.1925,0.2857,BCC+FCC
1,4.7333,1.7,4.6295,68.805,0.0543,29.005,0.1879,0.2851,BCC+FCC
1,4.4555,1.7,4.682,69.065,0.0553,29.265,0.1882,0.2858,BCC+FCC
1,7.9204,1.65,4.552,66.75,0.0537,28.895,0.1904,0.2842,BCC+FCC
1,4.0171,1.7,4.622,72.165,0.0526,29.8785,0.1869,0.2845,BCC+FCC
1,2.889,1.7,4.5545,78.625,0.0406,29.615,0.1681,0.2787,BCC+FCC
1,2.5036,1.7,4.6595,79.145,0.0496,29.906,0.1815,0.2836,BCC+FCC
1,4.1231,1.65,4.5295,76.83,0.0421,31.124,0.1744,0.2788,BCC+FCC
1,3.3102,1.85,4.7195,61.97,0.0484,24.327,0.1693,0.2836,BCC+FCC
1,6.4907,1.7,4.697,56.845,0.0487,21.553,0.173,0.2833,BCC+FCC
1,9.2299,1.65,4.6195,54.79,0.0515,19.425,0.1784,0.2838,BCC+FCC
1,3.0296,1.85,4.712,65.33,0.0501,26.22,0.1734,0.2845,BCC+FCC
2,4.6902,1.75,4.7145,62,0.0511,25.83,0.1772,0.2845,BCC+FCC
1,6.2441,1.7,4.6895,60.205,0.0519,24.9665,0.1796,0.2845,BCC+FCC
1,9.7791,1.65,4.612,58.15,0.0537,23.38,0.1842,0.2847,BCC+FCC
1,9.157,1.65,4.6645,58.41,0.0526,23.744,0.1818,0.2846,BCC+FCC
1,2.1171,1.9,4.782,70.745,0.0501,26.946,0.172,0.285,BCC+FCC
1,2.6785,1.85,4.7045,68.69,0.0506,27.441,0.1752,0.2848,BCC+FCC
1,4.47,1.75,4.602,64.84,0.0516,27.484,0.1815,0.2843,BCC+FCC
1,2.8956,1.8,4.672,70.255,0.0509,28.8495,0.1784,0.2848,BCC+FCC
1,5.4574,1.7,4.5695,66.405,0.0512,29.2055,0.1843,0.2839,BCC+FCC
1,3.9804,1.7,4.667,70.285,0.0535,31.175,0.1864,0.2855,BCC+FCC
1,2.7334,1.75,4.5795,74.92,0.0429,30.286,0.1682,0.2808,BCC+FCC
1,3.4791,1.7,4.607,73.385,0.0483,31.6665,0.1795,0.283,BCC+FCC
1,4.9865,1.65,4.582,71.59,0.0496,32.48,0.1844,0.2831,BCC+FCC
1,2.6026,1.7,4.652,77.005,0.0481,31.954,0.1777,0.2834,BCC+FCC
1,5.3328,1.6,4.602,73.415,0.0508,34.305,0.1878,0.2836,BCC+FCC
1,2.4068,1.95,4.762,63.42,0.046,25,0.1625,0.2834,BCC+FCC
1,3.5086,1.85,4.7645,60.09,0.046,24.228,0.1658,0.283,BCC+FCC
1,7.2499,1.7,4.6895,54.705,0.048,19.9875,0.1724,0.2831,BCC+FCC
1,2.1216,1.95,4.7545,66.78,0.0474,26.412,0.1651,0.2842,BCC+FCC
1,7.0809,1.7,4.6295,57.805,0.0518,23.587,0.1804,0.2845,BCC+FCC
1,4.541,1.75,4.647,62.96,0.0515,27.672,0.18,0.2848,BCC+FCC
1,4.4057,1.75,4.6995,63.22,0.0519,27.984,0.1798,0.2851,BCC+FCC
1,3.0844,1.8,4.612,67.855,0.0475,29.435,0.1729,0.2834,BCC+FCC
1,2.8997,1.8,4.717,68.375,0.0512,29.955,0.1775,0.2853,BCC+FCC
1,3.0113,1.9,4.782,59.745,0.0446,24.504,0.1621,0.2828,BCC+FCC
1,3.2538,1.85,4.7495,61.31,0.0479,26.382,0.1693,0.2841,BCC+FCC
1,4.101,1.8,4.672,59.255,0.0491,25.1115,0.1732,0.2842,BCC+FCC
1,7.5265,1.7,4.6745,55.925,0.0502,22.5075,0.1775,0.2843,BCC+FCC
1,2.2929,1.9,4.7145,66.205,0.0475,28.475,0.1666,0.2844,BCC+FCC
1,2.8493,1.85,4.6895,64.41,0.0485,28.391,0.1706,0.2845,BCC+FCC
1,6.478,1.7,4.667,59.285,0.0518,26.349,0.1811,0.285,BCC+FCC
1,3.061,1.8,4.657,65.975,0.0485,30.1125,0.1729,0.2844,BCC+FCC
1,3.2959,1.75,4.6245,67.54,0.0475,31.834,0.1734,0.2837,BCC+FCC
1,3.1736,1.75,4.677,67.8,0.05,32.12,0.177,0.285,BCC+FCC
1,2.6609,1.75,4.617,70.9,0.0441,33.17,0.1661,0.2824,BCC+FCC
1,2.5563,1.75,4.6695,71.16,0.0476,33.43,0.172,0.2841,BCC+FCC
1,2.1075,2,4.8245,61.195,0.0426,25.5445,0.1549,0.2826,BCC+FCC
1,3.0952,1.9,4.7745,57.605,0.0439,23.6565,0.1609,0.2827,BCC+FCC
1,4.7545,1.8,4.7245,54.015,0.0452,20.3325,0.1662,0.2828,BCC+FCC
1,2.2009,1.95,4.792,62.76,0.0455,27.266,0.1611,0.2838,BCC+FCC
1,4.1973,1.8,4.6645,57.115,0.0482,24.001,0.1714,0.2841,BCC+FCC
1,5.5806,1.75,4.692,55.58,0.0486,22.68,0.1736,0.2841,BCC+FCC
1,2.8835,1.85,4.682,62.27,0.0474,28.224,0.1681,0.2843,BCC+FCC
1,2.4235,1.85,4.6745,65.63,0.0462,30.423,0.1652,0.2841,BCC+FCC
1,3.9201,1.75,4.677,62.3,0.05,29.76,0.1765,0.285,BCC+FCC
1,3.3801,1.85,4.7345,57.03,0.0462,24.572,0.1659,0.2838,BCC+FCC
1,2.3838,1.85,4.667,63.49,0.045,30.378,0.1618,0.2839,BCC+FCC
1,2.8497,1.8,4.701,62.36,0.0556,24.496,0.1867,0.3275,BCC+FCC
1,2.076,1.9,4.691,69.05,0.0559,25.33,0.1882,0.3275,BCC+FCC
1,2.2095,1.85,4.711,70.875,0.0575,26.79,0.1928,0.3281,BCC+FCC
1,2.0037,1.95,4.7685,65.605,0.0524,25.0945,0.1793,0.3272,BCC+FCC
1,1.9009,1.95,4.7085,68.705,0.0538,25.744,0.1835,0.3273,BCC+FCC
1,2.5946,1.85,4.711,65.375,0.0559,26.695,0.1885,0.3279,BCC+FCC
1,1.8548,2,4.7335,65,0.0513,25.24,0.1766,0.3269,BCC+FCC
1,2.7742,1.85,4.7035,63.235,0.0549,26.8385,0.1872,0.3277,BCC+FCC
1,3.4333,1.8,4.626,61.18,0.0557,25.966,0.1908,0.3273,BCC+FCC
1,3.3351,1.8,4.6785,61.44,0.0558,26.278,0.1898,0.3278,BCC+FCC
1,4.0949,1.75,4.6535,59.645,0.0567,25.3585,0.1923,0.3279,BCC+FCC
1,2.1814,1.9,4.6685,68.13,0.053,28.057,0.1849,0.3268,BCC+FCC
1,2.6392,1.85,4.6435,66.335,0.0541,28.345,0.1886,0.3269,BCC+FCC
1,2.2095,1.8,4.596,74.62,0.0461,31.166,0.1792,0.3224,BCC+FCC
1,2.0832,1.8,4.6485,74.88,0.0503,31.374,0.1851,0.3248,BCC+FCC
1,1.6245,2.05,4.8035,64.915,0.0492,25.8535,0.1712,0.3268,BCC+FCC
1,1.9409,2,4.726,62.86,0.0504,25.56,0.1749,0.3268,BCC+FCC
1,1.921,2,4.7785,63.12,0.05,25.82,0.1741,0.3269,BCC+FCC
1,1.7637,2,4.7185,66.22,0.0507,27.028,0.1759,0.3269,BCC+FCC
1,1.7273,2,4.771,66.48,0.0513,27.262,0.1765,0.3274,BCC+FCC
1,2.987,1.85,4.6435,60.835,0.0537,26.242,0.1861,0.3271,BCC+FCC
1,2.9259,1.85,4.696,61.095,0.054,26.554,0.1857,0.3276,BCC+FCC
1,4.405,1.75,4.646,57.505,0.0557,24.287,0.1911,0.3277,BCC+FCC
1,1.8269,1.95,4.7385,68.045,0.0523,28.6705,0.1803,0.3274,BCC+FCC
1,2.1307,1.85,4.621,70.915,0.0477,31.2535,0.1781,0.3242,BCC+FCC
1,1.6854,2.05,4.796,62.775,0.0484,26.165,0.1695,0.3267,BCC+FCC
1,2.3356,1.95,4.746,59.185,0.0499,24.952,0.1755,0.3268,BCC+FCC
1,3.8429,1.8,4.671,53.8,0.0523,20.44,0.1832,0.327,BCC+FCC
1,1.8186,2,4.711,64.08,0.0496,27.47,0.1735,0.3267,BCC+FCC
1,1.7869,2,4.7635,64.34,0.0503,27.73,0.1745,0.3272,BCC+FCC
1,1.8846,1.95,4.731,65.905,0.0512,29.295,0.1779,0.3272,BCC+FCC
1,2.8427,1.85,4.6285,62.055,0.0518,28.396,0.1839,0.3265,BCC+FCC
1,2.1677,1.85,4.6135,68.775,0.0463,32.165,0.1741,0.3239,BCC+FCC
1,2.8074,1.75,4.6085,68.805,0.0488,34.3455,0.1828,0.3244,BCC+FCC
1,3.3353,1.85,4.6885,53.455,0.0507,20.6125,0.1795,0.3268,BCC+FCC
1,1.8544,2,4.7035,61.94,0.0485,27.484,0.171,0.3265,BCC+FCC
1,1.829,2,4.756,62.2,0.0494,27.77,0.1724,0.327,BCC+FCC
1,2.6086,1.9,4.706,58.61,0.0512,26.083,0.1793,0.3272,BCC+FCC
1,1.9222,1.95,4.7235,63.765,0.0502,29.4915,0.1753,0.3271,BCC+FCC
1,2.3713,1.9,4.646,61.71,0.0495,28.672,0.1771,0.3262,BCC+FCC
1,2.0819,2,4.756,56.7,0.0475,24.29,0.1692,0.3265,BCC+FCC
1,1.923,1.95,4.7085,59.485,0.048,28.6005,0.1696,0.3267,BCC+FCC
1,2.3095,1.9,4.6835,57.69,0.049,27.306,0.174,0.3268,BCC+FCC
1,1.9698,1.9,4.676,61.05,0.0475,30.635,0.1698,0.3262,BCC+FCC
1,1.5338,2.05,4.7275,63.78,0.0534,28.29,0.1845,0.3662,BCC+FCC
1,2.0479,1.8,4.565,71.605,0.0423,36.115,0.1743,0.3569,BCC+FCC
1,1.862,2,4.695,59.845,0.0533,27.554,0.1858,0.3661,BCC+FCC
1,1.5288,2.1,4.7375,55.795,0.0496,24.9235,0.1745,0.3659,BCC+FCC
3,1.2172,1.75,4.6155,59.535,0.0852,31.452,0.367,0.2507,IM
2,1.6599,1.7,4.489,57.105,0.1151,31.4575,0.5843,0.2705,IM
3,1.7292,1.75,4.568,58.115,0.1045,31.8725,0.507,0.3036,IM
1,22.0267,1.55,4.698,52.99,0.053,18.453,0.1962,0.2118,BCC+FCC
1,10.552,1.6,4.7155,52.645,0.0517,18.5565,0.1931,0.2116,BCC+FCC
1,50.1737,1.55,4.6505,52.915,0.0479,17.334,0.1801,0.203,BCC+FCC
1,8.2153,1.6,4.6455,62.65,0.051,28.995,0.1873,0.2066,BCC+FCC
1,4.3926,1.65,4.697,49.49,0.0521,15.853,0.1999,0.2282,BCC+FCC
1,5.8087,1.7,4.6505,57.12,0.0472,23.478,0.1767,0.2047,BCC+FCC
1,15.3193,1.6,4.7055,54.05,0.0473,20.53,0.1798,0.2037,BCC+FCC
1,3.9935,1.65,4.6555,65.665,0.0476,31.768,0.1786,0.2063,BCC+FCC
1,2.9436,1.65,4.542,74.05,0.0398,33.545,0.1725,0.2511,BCC+FCC
1,4.054,1.75,4.6745,47.96,0.0465,12.662,0.1791,0.2557,BCC+FCC
1,2.6251,1.75,4.686,45.225,0.0534,11.45,0.2041,0.2771,BCC+FCC
1,4.573,1.7,4.687,53.145,0.0509,20.892,0.1883,0.2578,BCC+FCC
1,2.3382,1.75,4.637,64.76,0.0459,32.492,0.1763,0.2567,BCC+FCC
1,2.8576,1.7,4.6645,63.225,0.0501,32.2425,0.1861,0.2582,BCC+FCC
1,3.421,1.75,4.6135,51.105,0.055,18.058,0.199,0.3031,BCC+FCC
1,2.1755,1.75,4.576,67.905,0.0436,34.6355,0.1798,0.2974,BCC+FCC
1,1.8893,1.85,4.626,60.495,0.0467,30.5035,0.1799,0.3008,BCC+FCC
1,18.3014,1.65,4.6305,53.34,0.0499,17.164,0.1785,0.2415,BCC+FCC
1,104.3592,1.6,4.658,51.805,0.0489,15.1585,0.1777,0.2409,BCC+FCC
1,4.6816,1.6,4.613,71.965,0.0471,34.6315,0.1784,0.2414,BCC+FCC
1,9.5669,1.65,4.622,51.245,0.0547,15.3265,0.1914,0.2896,BCC+FCC
1,2.8653,1.7,4.5495,72.94,0.04,34.26,0.1663,0.2819,BCC+FCC
1,5.3808,1.75,4.612,52.435,0.0528,17.526,0.1872,0.2893,BCC+FCC
1,3.0468,1.75,4.627,63.995,0.049,31.7035,0.1806,0.2883,BCC+FCC
1,3.8414,1.8,4.667,53.57,0.051,20.722,0.1824,0.2895,BCC+FCC
1,2.304,1.8,4.6445,63.65,0.0465,31.945,0.1713,0.2879,BCC+FCC
1,3.0023,1.85,4.631,53.01,0.0539,20.946,0.1919,0.3313,BCC+FCC
1,2.0298,1.85,4.6085,63.09,0.0459,32.337,0.1752,0.3273,BCC+FCC
3,4.4695,1.95,4.814,72.88,0.0356,20.608,0.1648,0.1735,FCC
3,4.425,1.95,4.839,70.825,0.036,22.4175,0.1646,0.1729,FCC
3,4.599,1.95,4.8065,70.74,0.0345,22.358,0.1631,0.1734,FCC
4,4.1309,1.95,4.8965,68.855,0.0367,23.884,0.1652,0.171,FCC
4,4.2033,1.95,4.889,66.715,0.036,24.8035,0.1639,0.171,FCC
3,2.6103,2,4.768,67.775,0.0318,21.9925,0.1425,0.197,FCC
4,2.7077,2,4.728,65.55,0.0283,22.95,0.1375,0.1959,FCC
4,2.6618,2,4.753,63.495,0.0294,23.6155,0.1379,0.1966,FCC
1,1.5177,2,4.7135,72.29,0.0476,21.605,0.1925,0.2724,BCC+FCC
1,1.5392,2,4.7635,68.18,0.0491,25.106,0.1936,0.2749,BCC+FCC
1,1.8602,2,4.8045,71.175,0.043,22.415,0.1691,0.2546,BCC+FCC
1,1.6208,2,4.731,68.095,0.0477,25.0465,0.1909,0.2736,BCC+FCC
1,1.7268,1.95,4.6985,69.66,0.0489,26.142,0.1924,0.2728,BCC+FCC
1,1.9766,1.9,4.601,71.055,0.0452,27.1185,0.181,0.2663,BCC+FCC
1,1.5582,2.05,4.756,64.39,0.0447,24.852,0.1857,0.2736,BCC+FCC
1,1.4032,2.05,4.6825,61.31,0.0502,26.189,0.2031,0.2899,BCC+FCC
1,1.5075,2,4.7885,66.125,0.0499,26.24,0.194,0.2759,BCC+FCC
1,1.7845,1.95,4.8295,70.77,0.0471,25.209,0.1763,0.2567,BCC+FCC
1,1.962,1.85,4.626,70.65,0.0472,29.86,0.1862,0.2691,BCC+FCC
1,2.0183,1.85,4.5935,70.565,0.045,29.792,0.1791,0.2662,BCC+FCC
1,2.0372,1.8,4.5935,72.215,0.0452,31.112,0.1811,0.2663,BCC+FCC
1,1.4456,2.05,4.8135,62.42,0.0467,25.478,0.1881,0.2753,BCC+FCC
1,1.3757,2.05,4.7075,59.255,0.051,26.225,0.2041,0.2915,BCC+FCC
1,1.4536,2.05,4.61,59,0.0466,25.97,0.1907,0.2852,BCC+FCC
1,1.5505,2,4.781,63.985,0.0492,26.8865,0.192,0.2757,BCC+FCC
1,1.7296,1.95,4.716,65.465,0.049,28.2185,0.1908,0.2741,BCC+FCC
1,1.8872,1.9,4.651,66.945,0.0473,29.5505,0.1852,0.2708,BCC+FCC
1,1.9517,1.85,4.6185,68.51,0.0462,30.959,0.1818,0.2687,BCC+FCC
1,1.2735,2.05,4.871,60.45,0.0489,25.71,0.1896,0.2763,BCC+FCC
1,1.3341,2.05,4.7325,57.2,0.0518,25.85,0.205,0.2929,BCC+FCC
1,1.3834,2.05,4.7,57.115,0.0503,25.7565,0.2014,0.2913,BCC+FCC
1,1.3673,2,4.8385,62.015,0.0515,27.275,0.1946,0.2773,BCC+FCC
1,1.4832,2,4.806,61.93,0.05,27.19,0.1924,0.2765,BCC+FCC
1,1.8686,1.85,4.6435,66.455,0.0473,31.715,0.1843,0.2711,BCC+FCC
1,1.4932,2.05,4.7985,58.14,0.0454,25.174,0.1843,0.275,BCC+FCC
1,1.7796,1.9,4.6685,62.75,0.0473,30.245,0.1834,0.2725,BCC+FCC
1,1.2711,2.05,4.75,53.005,0.0518,23.7565,0.2035,0.2939,BCC+FCC
1,1.2692,2.1,4.7025,68.025,0.049,23.355,0.1964,0.3151,BCC+FCC
1,1.5018,2.05,4.605,69.42,0.0467,24.192,0.1888,0.3089,BCC+FCC
1,1.3549,2.1,4.695,65.885,0.0482,24.6195,0.194,0.3148,BCC+FCC
1,1.406,2.05,4.695,67.535,0.051,25.7745,0.1989,0.3155,BCC+FCC
1,1.6206,1.95,4.736,73.83,0.0511,25.128,0.189,0.3009,BCC+FCC
1,1.4649,2.1,4.655,63.66,0.046,25.388,0.1875,0.3127,BCC+FCC
1,1.2258,2.05,4.785,65.65,0.0554,26.98,0.2056,0.3199,BCC+FCC
1,1.529,2.05,4.7935,68.56,0.0472,24.782,0.1806,0.3012,BCC+FCC
1,1.4673,2.05,4.6875,65.395,0.0502,26.776,0.1962,0.3152,BCC+FCC
1,1.7111,2.05,4.7285,68.39,0.0442,24.663,0.1754,0.2989,BCC+FCC
1,1.5048,2,4.7935,70.21,0.051,25.937,0.1869,0.3023,BCC+FCC
1,1.6323,2,4.6225,66.875,0.0483,27.96,0.1905,0.3111,BCC+FCC
1,1.9061,1.95,4.6635,71.52,0.0462,26.854,0.1775,0.297,BCC+FCC
1,1.9864,1.85,4.631,74.735,0.0464,29.1045,0.1787,0.2954,BCC+FCC
1,1.954,1.8,4.631,76.385,0.0466,30.2595,0.1812,0.2956,BCC+FCC
1,1.7164,1.75,4.59,75.04,0.0445,34.492,0.1919,0.3076,BCC+FCC
1,1.3358,2.1,4.745,61.775,0.0498,26.0175,0.1954,0.3175,BCC+FCC
1,1.5785,2.1,4.786,64.77,0.043,24.566,0.1719,0.2998,BCC+FCC
1,1.7692,2.05,4.721,66.25,0.0435,25.75,0.1728,0.2987,BCC+FCC
1,1.4525,2,4.7125,64.99,0.0533,28.911,0.2017,0.3175,BCC+FCC
1,1.8653,2,4.6885,67.815,0.0449,27.002,0.1743,0.298,BCC+FCC
1,1.6866,1.95,4.615,66.385,0.0483,30.1665,0.1895,0.311,BCC+FCC
1,1.9905,1.8,4.6235,74.245,0.0453,32.146,0.1765,0.2953,BCC+FCC
1,1.4376,2.1,4.8435,62.8,0.0452,25.23,0.1736,0.301,BCC+FCC
1,1.149,2.1,4.729,56.725,0.0564,26.4475,0.2156,0.3348,BCC+FCC
1,1.4257,2.1,4.705,59.55,0.0476,25.93,0.1898,0.3159,BCC+FCC
1,1.408,2.05,4.8435,64.45,0.049,26.715,0.1808,0.3024,BCC+FCC
1,1.5711,2.05,4.64,61.03,0.0468,27.41,0.1852,0.3127,BCC+FCC
1,1.5517,1.95,4.7785,67.58,0.0522,29.532,0.1881,0.303,BCC+FCC
1,1.6862,1.95,4.746,67.495,0.0502,29.4555,0.1846,0.3017,BCC+FCC
1,1.7548,1.9,4.7135,69.06,0.0501,30.864,0.1849,0.301,BCC+FCC
1,1.8202,1.85,4.681,70.625,0.0489,32.2725,0.1832,0.2996,BCC+FCC
1,1.9336,1.85,4.6485,70.54,0.0465,32.196,0.1768,0.2973,BCC+FCC
1,1.9813,1.8,4.616,72.105,0.044,33.6045,0.1714,0.295,BCC+FCC
1,1.9236,1.75,4.616,73.755,0.0434,35.0895,0.1729,0.295,BCC+FCC
1,1.1443,2.1,4.8275,57.75,0.0528,25.865,0.1986,0.3204,BCC+FCC
1,1.2624,2.1,4.624,54.33,0.0504,25.206,0.1992,0.3283,BCC+FCC
1,1.5672,2.05,4.8035,62.225,0.0465,26.895,0.1768,0.3016,BCC+FCC
1,1.4134,2.05,4.73,59.145,0.0512,27.3995,0.1956,0.318,BCC+FCC
1,1.5449,2.05,4.6325,58.89,0.046,27.119,0.1816,0.3124,BCC+FCC
1,1.8142,1.95,4.706,65.27,0.0473,29.94,0.1772,0.3,BCC+FCC
1,1.8945,1.95,4.6735,65.185,0.0453,29.855,0.172,0.2982,BCC+FCC
1,1.8712,1.9,4.6735,66.835,0.0468,31.505,0.1759,0.2988,BCC+FCC
1,1.7379,1.8,4.6735,70.135,0.0481,34.805,0.182,0.2998,BCC+FCC
1,1.8547,1.8,4.641,70.05,0.0454,34.72,0.1746,0.2974,BCC+FCC
1,1.4296,2.1,4.6575,55.185,0.0447,24.522,0.1794,0.3137,BCC+FCC
1,1.4672,2.05,4.8285,60.17,0.0473,26.817,0.1771,0.3021,BCC+FCC
1,1.68,2.05,4.7635,60,0.0443,26.63,0.1718,0.3005,BCC+FCC
1,1.7541,2.05,4.731,59.915,0.0429,26.5365,0.1682,0.2994,BCC+FCC
1,1.5356,2,4.796,61.735,0.0493,28.5385,0.1808,0.3026,BCC+FCC
1,1.5935,1.95,4.7635,63.3,0.0503,30.26,0.1828,0.3027,BCC+FCC
1,1.7843,1.85,4.666,66.345,0.0466,33.6095,0.1749,0.2991,BCC+FCC
1,1.6992,1.8,4.666,67.995,0.0468,35.4245,0.1775,0.2996,BCC+FCC
1,1.2545,2.1,4.78,53.385,0.0499,23.6605,0.1922,0.3192,BCC+FCC
1,1.3617,2.1,4.715,53.215,0.0469,23.4395,0.1853,0.3168,BCC+FCC
1,1.3341,2.05,4.7475,54.95,0.0512,25.695,0.1939,0.319,BCC+FCC
1,1.5382,2,4.7885,59.595,0.0485,28.104,0.1784,0.3025,BCC+FCC
1,1.7277,2,4.7235,59.425,0.0451,27.9,0.1706,0.3002,BCC+FCC
1,1.4272,1.95,4.6825,58.08,0.0507,29.764,0.1922,0.3171,BCC+FCC
1,1.7547,1.95,4.691,60.99,0.0454,29.778,0.1701,0.2996,BCC+FCC
1,1.6211,1.9,4.7235,62.725,0.0491,31.86,0.1797,0.302,BCC+FCC
1,1.7117,1.9,4.691,62.64,0.0469,31.758,0.174,0.3003,BCC+FCC
1,1.6326,1.85,4.691,64.29,0.0478,33.738,0.1773,0.3009,BCC+FCC
1,1.2991,2.1,4.7325,70.055,0.0504,23.983,0.19,0.3406,BCC+FCC
1,1.4488,2.1,4.6675,69.885,0.0469,23.881,0.1831,0.3371,BCC+FCC
1,1.3065,2.1,4.7575,68,0.0513,25.51,0.1905,0.3419,BCC+FCC
1,1.4868,2.05,4.6925,69.48,0.0503,26.546,0.189,0.3393,BCC+FCC
1,1.4797,2,4.6925,71.13,0.0522,27.701,0.1935,0.3398,BCC+FCC
1,1.244,2.15,4.6765,61.13,0.0514,26.557,0.1998,0.3541,BCC+FCC
1,1.4258,2.15,4.7175,64.125,0.0456,25.17,0.1796,0.3395,BCC+FCC
1,1.2796,2.1,4.7825,65.945,0.0522,26.626,0.191,0.3429,BCC+FCC
1,1.4604,2.1,4.7175,65.775,0.0487,26.49,0.1851,0.3402,BCC+FCC
1,1.5364,2.1,4.685,65.69,0.047,26.422,0.1813,0.3385,BCC+FCC
1,1.6337,2.05,4.6525,67.255,0.0474,27.674,0.1813,0.337,BCC+FCC
1,1.7031,2.05,4.62,67.17,0.0454,27.606,0.1758,0.3347,BCC+FCC
1,1.3269,2.15,4.775,62.155,0.0478,25.7695,0.1829,0.3418,BCC+FCC
1,1.2773,2.15,4.669,58.99,0.0506,26.49,0.1969,0.3538,BCC+FCC
1,1.2203,2.1,4.8075,63.89,0.0531,27.331,0.1913,0.3438,BCC+FCC
1,1.4137,2.05,4.7425,65.37,0.0523,28.663,0.1912,0.3423,BCC+FCC
1,1.5124,2.05,4.71,65.285,0.0504,28.5865,0.1873,0.3407,BCC+FCC
1,1.6715,2.05,4.645,65.115,0.0464,28.4335,0.1777,0.3367,BCC+FCC
1,1.7284,2.05,4.6125,65.03,0.0444,28.357,0.1718,0.3344,BCC+FCC
1,1.3676,2,4.7425,67.02,0.0545,30.148,0.1959,0.343,BCC+FCC
1,1.4892,2,4.71,66.935,0.0523,30.0715,0.1918,0.3412,BCC+FCC
1,1.5617,1.95,4.6775,68.5,0.0511,31.48,0.1905,0.3397,BCC+FCC
1,1.1712,2.15,4.8325,60.185,0.0502,25.975,0.1851,0.3434,BCC+FCC
1,1.5513,2.15,4.67,59.76,0.0427,25.55,0.1703,0.3375,BCC+FCC
1,1.3378,2.1,4.6615,58.5,0.0515,27.81,0.1976,0.3539,BCC+FCC
1,1.5386,2.1,4.7025,61.495,0.0471,27.285,0.1796,0.3398,BCC+FCC
1,1.6022,2.1,4.67,61.41,0.0453,27.2,0.1751,0.3381,BCC+FCC
1,1.5431,2.05,4.7025,63.145,0.0494,28.935,0.1843,0.3404,BCC+FCC
1,1.6215,2.05,4.67,63.06,0.0474,28.85,0.1795,0.3386,BCC+FCC
1,1.2508,2.15,4.6865,54.795,0.0507,25.174,0.1952,0.3553,BCC+FCC
1,1.2873,2.1,4.7925,59.61,0.0514,27.321,0.1872,0.3435,BCC+FCC
1,1.48,2.1,4.7275,59.44,0.048,27.134,0.1807,0.3411,BCC+FCC
1,1.5544,2.05,4.695,61.005,0.0485,28.8555,0.1811,0.3402,BCC+FCC
1,1.6198,2.05,4.6625,60.92,0.0465,28.762,0.1759,0.3384,BCC+FCC
1,1.4767,1.95,4.695,64.305,0.0512,32.4855,0.1888,0.3413,BCC+FCC
1,1.4561,2.15,4.72,55.65,0.0442,24.49,0.1725,0.3401,BCC+FCC
1,1.4808,2.1,4.72,57.3,0.0471,26.47,0.1778,0.3409,BCC+FCC
1,1.3877,2.15,4.745,53.595,0.045,23.3435,0.1735,0.3411,BCC+FCC
1,1.4772,2,4.68,58.375,0.048,29.5575,0.1777,0.3403,BCC+FCC
1,1.1651,2.2,4.689,65.705,0.0499,25.0235,0.1907,0.3764,BCC+FCC
1,1.3557,2.2,4.6165,63.395,0.0456,25.706,0.1793,0.3718,BCC+FCC
1,1.397,2.2,4.584,63.31,0.0439,25.638,0.1739,0.3692,BCC+FCC
1,1.4709,2.15,4.584,64.96,0.0455,26.958,0.1774,0.3692,BCC+FCC
1,1.4316,2.2,4.5765,61.17,0.0431,26.003,0.1699,0.369,BCC+FCC
1,1.4649,2.15,4.609,62.905,0.0465,27.5645,0.1795,0.3717,BCC+FCC
1,1.5081,2.15,4.5765,62.82,0.0446,27.488,0.1732,0.3689,BCC+FCC
1,1.5265,2.15,4.544,62.735,0.0426,27.4115,0.1659,0.3659,BCC+FCC
1,1.4269,2.2,4.569,59.03,0.0422,25.94,0.1656,0.3687,BCC+FCC
1,1.3773,2.15,4.6665,60.935,0.0495,27.845,0.1866,0.3761,BCC+FCC
1,1.5219,2.1,4.6015,62.415,0.0466,29.325,0.1786,0.3714,BCC+FCC
1,1.2372,2.2,4.724,57.315,0.0501,25.9165,0.1874,0.379,BCC+FCC
1,1.3909,2.2,4.6265,57.06,0.0449,25.636,0.1739,0.3734,BCC+FCC
1,1.4698,2.15,4.594,58.625,0.0446,27.3575,0.1713,0.3711,BCC+FCC
1,1.0874,2.2,4.7815,55.345,0.0527,25.244,0.1912,0.3814,BCC+FCC
1,1.179,2.2,4.749,55.26,0.0509,25.142,0.1882,0.3802,BCC+FCC
1,1.3638,2.2,4.619,54.92,0.044,24.734,0.1701,0.3731,BCC+FCC
1,1.2643,2.15,4.7165,56.825,0.0516,27.02,0.1894,0.3794,BCC+FCC
1,1.3379,2.15,4.684,56.74,0.0496,26.918,0.1849,0.3776,BCC+FCC
1,1.3145,2.2,4.644,52.865,0.0449,23.5145,0.172,0.375,BCC+FCC
1,1.2641,2.15,4.709,54.685,0.0506,25.8805,0.1863,0.3792,BCC+FCC
1,1.3259,2.15,4.6765,54.6,0.0487,25.77,0.1815,0.3774,BCC+FCC
1,1.0982,2.2,4.7665,51.065,0.051,22.241,0.1865,0.3811,BCC+FCC
1,1.2304,2.2,4.7015,50.895,0.0476,22.003,0.1787,0.3784,BCC+FCC
1,1.2119,2.25,4.608,52.305,0.0468,23.9065,0.1773,0.4084,BCC+FCC
1,1.1589,2.25,4.633,50.25,0.0478,22.22,0.1795,0.4106,BCC+FCC
4,2.5168,1.95,4.789,75.085,0.0383,14.924,0.1798,0.167,FCC
3,2.6079,1.95,4.7565,75,0.0362,14.89,0.1785,0.1667,FCC
4,2.7503,1.9,4.724,76.565,0.0372,15.516,0.1833,0.1684,FCC
4,2.6758,1.95,4.8315,68.835,0.0382,20.9545,0.1778,0.1665,FCC
4,2.9416,1.95,4.734,68.58,0.0323,20.776,0.173,0.1662,FCC
4,2.6302,1.95,4.8565,66.78,0.0383,22.154,0.1774,0.166,FCC
4,2.743,1.95,4.824,66.695,0.0372,22.086,0.1764,0.1664,FCC
4,2.8389,1.95,4.7915,66.61,0.0356,22.018,0.175,0.1665,FCC
4,2.9733,1.95,4.7265,66.44,0.0318,21.882,0.1709,0.166,FCC
4,2.5524,1.95,4.8815,64.725,0.0382,22.9425,0.177,0.1654,FCC
2,2.6786,1.95,4.849,64.64,0.0375,22.866,0.1761,0.1659,FCC
4,2.7835,1.95,4.8165,64.555,0.0363,22.7895,0.1749,0.1663,FCC
2,2.928,1.95,4.7515,64.385,0.0324,22.6365,0.1712,0.1662,FCC
4,2.9553,1.95,4.719,64.3,0.0314,22.56,0.1686,0.1658,FCC
4,3.0045,1.9,4.719,65.95,0.0358,24.045,0.1748,0.1681,FCC
2,2.2495,1.95,4.939,62.755,0.0376,23.405,0.1766,0.1635,FCC
2,2.4375,1.95,4.9065,62.67,0.0378,23.32,0.1764,0.1645,FCC
1,2.584,1.95,4.874,62.585,0.0375,23.235,0.1757,0.1653,FCC
2,2.7018,1.95,4.8415,62.5,0.0366,23.15,0.1747,0.1658,FCC
3,2.8605,1.95,4.7765,62.33,0.0335,22.98,0.1714,0.1662,FCC
4,2.8916,1.95,4.744,62.245,0.0318,22.895,0.1691,0.166,FCC
4,2.6791,2,4.754,76.4,0.0387,12.65,0.2109,0.2723,FCC
1,2.2295,2,4.6365,72.585,0.0429,16.631,0.1723,0.1958,BCC+FCC
3,2.9273,1.95,4.764,79.23,0.0359,11.819,0.1421,0.179,FCC
1,2.4612,1.95,4.604,74.15,0.0438,17.57,0.172,0.1937,BCC+FCC
4,2.7711,2,4.714,73.775,0.0335,15.9075,0.1472,0.1846,FCC
4,3.1774,2,4.7565,75.44,0.032,14.186,0.1309,0.1768,FCC
3,3.1175,2,4.814,73.47,0.0336,16.705,0.1323,0.1779,FCC
4,3.2493,2,4.7815,73.385,0.0324,16.6625,0.1308,0.1774,FCC
3,2.923,2,4.7065,71.635,0.032,17.961,0.1446,0.1844,FCC
3,3.3738,2,4.749,73.3,0.0306,16.62,0.1287,0.1766,FCC
3,3.2179,1.95,4.7815,75.035,0.0353,17.4875,0.14,0.1795,FCC
1,2.2418,2,4.6365,64.67,0.0469,20.64,0.1791,0.2039,BCC+FCC
3,3.2716,2,4.8065,71.33,0.0325,18.728,0.1305,0.1777,FCC
1,2.3299,2,4.604,64.585,0.0451,20.555,0.1735,0.201,BCC+FCC
3,3.402,2,4.774,71.245,0.0312,18.677,0.1287,0.1772,FCC
1,2.5515,1.95,4.6465,67.9,0.0447,22.07,0.1718,0.1984,BCC+FCC
1,2.6582,1.95,4.614,67.815,0.043,21.9935,0.1662,0.1957,BCC+FCC
4,3.512,1.95,4.7415,72.81,0.0319,19.616,0.1351,0.1784,FCC
1,2.1776,2,4.6615,62.615,0.0478,20.8065,0.1808,0.2061,BCC+FCC
4,3.2533,2,4.8315,69.275,0.0324,20.3825,0.13,0.1778,FCC
1,2.2665,2,4.629,62.53,0.046,20.713,0.1755,0.2035,BCC+FCC
3,3.3907,2,4.799,69.19,0.0315,20.323,0.1285,0.1775,FCC
4,3.516,2,4.7665,69.105,0.03,20.2635,0.1264,0.177,FCC
4,3.4779,1.95,4.7665,70.755,0.0329,21.4185,0.1354,0.1791,FCC
4,3.6165,1.95,4.734,70.67,0.0306,21.359,0.1324,0.1782,FCC
2,3.0316,2,4.889,67.305,0.0322,21.694,0.1303,0.1776,FCC
1,2.1844,2,4.654,60.475,0.0469,20.46,0.1773,0.2057,BCC+FCC
4,3.3447,2,4.824,67.135,0.0315,21.558,0.1282,0.1777,FCC
3,3.5903,2,4.759,66.965,0.0288,21.422,0.1239,0.1768,FCC
3,3.6846,2,4.7265,66.88,0.0267,21.354,0.1209,0.1759,FCC
4,3.2533,1.95,4.824,68.785,0.035,22.878,0.1377,0.18,FCC
3,3.4109,1.95,4.7915,68.7,0.0336,22.81,0.1356,0.1796,FCC
3,2.9143,2,4.914,65.25,0.0312,22.535,0.1294,0.1771,FCC
1,1.9899,2,4.7115,58.505,0.0496,19.9065,0.1836,0.2096,BCC+FCC
1,3.1039,2,4.8815,65.165,0.0315,22.4585,0.1288,0.1775,FCC
1,3.2651,2,4.849,65.08,0.0313,22.382,0.1278,0.1776,FCC
2,3.4046,2,4.8165,64.995,0.0305,22.3055,0.1262,0.1775,FCC
2,3.5239,2,4.784,64.91,0.0293,22.229,0.124,0.1772,FCC
1,2.4504,1.95,4.6565,61.565,0.044,22.718,0.1662,0.1998,BCC+FCC
1,2.7344,2,4.939,63.195,0.03,22.965,0.1284,0.1764,FCC
4,2.9658,2,4.9065,63.11,0.0306,22.88,0.128,0.177,FCC
1,3.1499,2,4.874,63.025,0.0308,22.795,0.1272,0.1773,FCC
2,3.3029,2,4.8415,62.94,0.0304,22.71,0.1259,0.1775,FCC
4,3.4298,2,4.809,62.855,0.0296,22.625,0.124,0.1773,FCC
4,3.5292,2,4.7765,62.77,0.0283,22.54,0.1215,0.177,FCC
3,3.5918,2,4.744,62.685,0.0264,22.455,0.1184,0.1764,FCC
1,1.8906,2.05,4.6255,69.97,0.0468,19.139,0.181,0.2487,BCC+FCC
1,1.9511,2.05,4.668,71.635,0.0434,18.131,0.1728,0.2457,BCC+FCC
4,2.2041,2.05,4.753,74.965,0.0367,15.116,0.1475,0.2359,FCC
1,2.2329,2,4.603,73.115,0.0429,19.019,0.1685,0.2416,BCC+FCC
1,2.059,1.95,4.668,74.935,0.0487,20.111,0.1829,0.2473,BCC+FCC
1,2.1232,1.95,4.7105,76.6,0.046,18.44,0.1742,0.2436,BCC+FCC
1,2.2759,1.95,4.5605,73.1,0.0457,21.33,0.1759,0.243,BCC+FCC
1,2.387,1.95,4.528,73.015,0.0434,21.2705,0.168,0.2392,BCC+FCC
1,2.4188,1.95,4.5705,74.68,0.0428,19.958,0.1661,0.239,BCC+FCC
1,2.3902,1.9,4.6455,78.08,0.0448,19.18,0.1707,0.2403,BCC+FCC
1,2.5257,1.9,4.613,77.995,0.0428,19.1375,0.1651,0.2377,BCC+FCC
1,2.7104,1.8,4.5805,81.21,0.0427,20.745,0.1647,0.2352,BCC+FCC
1,1.7139,2.05,4.7155,68.085,0.0511,20.588,0.1902,0.2549,BCC+FCC
1,1.8893,2.05,4.7255,69.665,0.0457,19.8755,0.1769,0.249,BCC+FCC
1,1.9901,2.05,4.693,69.58,0.0442,19.816,0.1737,0.2474,BCC+FCC
1,2.0222,2,4.768,72.98,0.0449,19.888,0.1715,0.2451,BCC+FCC
1,2.196,1.95,4.6605,72.795,0.0478,22.0665,0.1796,0.247,BCC+FCC
1,2.2791,1.95,4.5855,71.045,0.0468,22.956,0.1785,0.2461,BCC+FCC
1,2.4791,1.95,4.5205,70.875,0.0424,22.82,0.1625,0.2388,BCC+FCC
1,2.3531,1.9,4.7455,77.775,0.0448,19.9775,0.1668,0.2398,BCC+FCC
1,1.88,2.05,4.7505,67.61,0.0464,21.158,0.1775,0.2501,BCC+FCC
1,1.9064,2.05,4.6755,65.86,0.0486,21.354,0.1837,0.2528,BCC+FCC
1,1.9873,2.05,4.718,67.525,0.045,21.09,0.1745,0.2488,BCC+FCC
1,2.0865,2.05,4.6855,67.44,0.0435,21.022,0.171,0.2471,BCC+FCC
4,2.6071,2.05,4.7055,70.6,0.0315,19.41,0.1401,0.2344,FCC
1,1.9016,2,4.7505,69.26,0.0499,22.478,0.1834,0.2513,BCC+FCC
1,2.1341,2,4.7605,70.84,0.0442,21.648,0.1693,0.2449,BCC+FCC
1,2.2743,2,4.578,67.255,0.0448,22.6095,0.1712,0.2456,BCC+FCC
1,2.337,2,4.5455,67.17,0.0429,22.533,0.1638,0.2423,BCC+FCC
1,2.1121,1.95,4.7605,72.49,0.0478,22.803,0.1756,0.2462,BCC+FCC
1,2.2533,1.95,4.728,72.405,0.046,22.7435,0.1724,0.2448,BCC+FCC
1,2.3226,1.9,4.7705,75.72,0.0457,22.482,0.1675,0.2408,BCC+FCC
1,2.3019,1.9,4.653,72.305,0.0484,24.914,0.1801,0.2473,BCC+FCC
1,2.442,1.9,4.6205,72.22,0.0462,24.846,0.1741,0.2447,BCC+FCC
1,2.5147,1.9,4.663,73.885,0.0449,23.7795,0.1688,0.242,BCC+FCC
1,2.5135,1.9,4.5455,70.47,0.0436,25.503,0.1675,0.2422,BCC+FCC
1,1.8395,2.05,4.7755,65.555,0.0472,22.0295,0.1779,0.2511,BCC+FCC
1,1.8668,2.05,4.7005,63.805,0.0495,21.845,0.1849,0.2544,BCC+FCC
1,1.9546,2.05,4.743,65.47,0.0457,21.953,0.1752,0.2499,BCC+FCC
4,2.6118,2.05,4.7305,68.545,0.0328,20.9915,0.1406,0.2354,FCC
1,1.8394,2,4.7755,67.205,0.0508,23.5145,0.184,0.2524,BCC+FCC
1,1.9043,2,4.7005,65.455,0.0518,23.495,0.1896,0.2553,BCC+FCC
1,2.0894,2,4.7855,68.785,0.0449,23.048,0.1697,0.2457,BCC+FCC
1,2.2198,2,4.753,68.7,0.0434,22.98,0.167,0.2447,BCC+FCC
1,2.133,2,4.6355,65.285,0.0478,23.325,0.1797,0.2509,BCC+FCC
1,2.2253,2,4.603,65.2,0.0459,23.24,0.1736,0.2482,BCC+FCC
1,2.1974,1.95,4.753,70.35,0.0469,24.3,0.1732,0.246,BCC+FCC
1,2.2356,1.95,4.678,68.6,0.0479,24.77,0.1778,0.2486,BCC+FCC
1,2.3369,1.95,4.7205,70.265,0.0452,24.232,0.1696,0.2446,BCC+FCC
1,2.4629,1.95,4.613,68.43,0.0439,24.617,0.1664,0.2439,BCC+FCC
1,2.5378,1.95,4.5805,68.345,0.0419,24.5405,0.1594,0.2411,BCC+FCC
1,2.3676,1.9,4.6455,70.165,0.0473,26.1785,0.1763,0.247,BCC+FCC
1,2.4249,1.9,4.5705,68.415,0.0449,26.455,0.171,0.2455,BCC+FCC
1,2.5922,1.9,4.5805,69.995,0.0429,26.0255,0.1622,0.2414,BCC+FCC
1,1.6203,2.05,4.833,63.585,0.0497,22.575,0.1802,0.2526,BCC+FCC
1,2.0005,2.05,4.6605,61.58,0.0469,21.738,0.1774,0.2522,BCC+FCC
1,1.8965,2,4.768,65.065,0.05,24.055,0.1817,0.2522,BCC+FCC
1,2.0118,2,4.8105,66.73,0.0459,24.037,0.17,0.2464,BCC+FCC
1,1.9487,2,4.693,63.315,0.0508,23.6465,0.1865,0.2551,BCC+FCC
1,2.1552,2,4.628,63.145,0.0469,23.4595,0.1758,0.2506,BCC+FCC
1,1.9342,1.95,4.8105,68.38,0.0496,25.522,0.1766,0.2479,BCC+FCC
1,2.0658,1.95,4.853,70.045,0.0454,25.006,0.1632,0.2412,BCC+FCC
1,2.0091,1.95,4.7355,66.63,0.0509,25.62,0.1836,0.252,BCC+FCC
1,2.2597,1.95,4.7455,68.21,0.0461,25.369,0.1705,0.2458,BCC+FCC
1,2.1967,1.95,4.628,64.795,0.0481,25.2745,0.1791,0.2511,BCC+FCC
1,2.4592,1.95,4.6055,66.29,0.043,25.28,0.162,0.2436,BCC+FCC
1,2.4829,1.8,4.6055,71.24,0.0444,30.23,0.1694,0.2446,BCC+FCC
1,1.8113,2.05,4.793,61.36,0.0473,22.446,0.1762,0.2517,BCC+FCC
1,1.9494,2.05,4.8355,63.025,0.043,22.965,0.1627,0.2452,BCC+FCC
1,1.9281,2.05,4.6855,59.525,0.0478,21.39,0.1789,0.254,BCC+FCC
1,2.0393,2.05,4.728,61.19,0.0443,22.259,0.1701,0.2495,BCC+FCC
1,2.0645,2,4.728,62.84,0.0474,24.074,0.1756,0.2507,BCC+FCC
1,1.982,1.95,4.803,66.24,0.0487,26.18,0.1744,0.2477,BCC+FCC
1,2.1537,1.95,4.7705,66.155,0.047,26.095,0.1714,0.2467,BCC+FCC
1,2.0141,1.95,4.6105,61.075,0.0491,24.3675,0.1835,0.2552,BCC+FCC
1,2.1771,1.95,4.6955,64.405,0.0479,25.7955,0.176,0.2501,BCC+FCC
1,2.2985,1.95,4.738,66.07,0.0453,26.01,0.1677,0.2455,BCC+FCC
1,2.1875,1.9,4.6205,64.305,0.0474,27.126,0.1771,0.2512,BCC+FCC
1,2.3626,1.85,4.6305,67.535,0.0458,29.2385,0.1705,0.2469,BCC+FCC
1,2.5832,1.85,4.6405,69.115,0.0434,29.055,0.1605,0.2419,BCC+FCC
1,2.3151,1.8,4.6305,69.185,0.0459,31.0535,0.1727,0.2473,BCC+FCC
1,2.5392,1.8,4.6405,70.765,0.0442,30.705,0.1635,0.2425,BCC+FCC
1,1.6936,2.05,4.818,59.305,0.048,22.076,0.1765,0.2523,BCC+FCC
1,1.9839,2.05,4.828,60.885,0.0421,22.8735,0.1609,0.2451,BCC+FCC
1,1.8066,2,4.7855,60.87,0.05,23.954,0.18,0.2529,BCC+FCC
1,1.9623,2,4.678,59.035,0.0489,22.6655,0.1797,0.2545,BCC+FCC
1,2.0312,2,4.6455,58.95,0.047,22.555,0.1739,0.2524,BCC+FCC
1,1.9013,1.95,4.753,62.435,0.0509,25.832,0.1818,0.253,BCC+FCC
1,2.2506,1.95,4.6555,62.18,0.045,25.526,0.1667,0.2478,BCC+FCC
1,2.2527,1.9,4.7305,65.58,0.047,28.038,0.1699,0.2465,BCC+FCC
1,2.3183,1.85,4.698,67.145,0.0468,29.7595,0.1692,0.2459,BCC+FCC
1,1.7069,2.05,4.8105,57.165,0.0473,21.1845,0.1744,0.2522,BCC+FCC
1,1.8494,2.05,4.853,58.83,0.0425,22.456,0.1609,0.2453,BCC+FCC
1,1.8426,2.05,4.778,57.08,0.0458,21.074,0.1716,0.2514,BCC+FCC
1,1.9475,2.05,4.7455,56.995,0.0444,20.9635,0.1682,0.2504,BCC+FCC
1,1.803,1.95,4.703,58.63,0.0515,23.962,0.1853,0.2571,BCC+FCC
1,1.8986,1.95,4.7455,60.295,0.05,25.2535,0.1788,0.2528,BCC+FCC
1,2.0207,1.95,4.788,61.96,0.0471,26.212,0.1695,0.2474,BCC+FCC
1,2.0345,1.95,4.713,60.21,0.048,25.143,0.1742,0.2513,BCC+FCC
1,1.967,1.9,4.713,61.86,0.0497,27.288,0.1783,0.2523,BCC+FCC
1,2.0822,1.9,4.7555,63.525,0.048,28.09,0.1712,0.2476,BCC+FCC
1,1.712,2.1,4.6995,70.685,0.044,19.631,0.1726,0.2886,BCC+FCC
1,1.9958,2,4.6345,73.815,0.046,21.509,0.1746,0.2859,BCC+FCC
1,2.0767,2,4.5595,72.065,0.0449,22.6755,0.1726,0.2839,BCC+FCC
1,1.8889,1.95,4.667,75.55,0.0498,22.55,0.1839,0.2887,BCC+FCC
1,2.133,1.95,4.602,75.38,0.0454,22.448,0.1726,0.2835,BCC+FCC
1,2.1467,1.9,4.6445,78.695,0.0458,21.5575,0.1714,0.2824,BCC+FCC
1,2.2907,1.9,4.527,75.28,0.0424,24.926,0.1674,0.2795,BCC+FCC
1,1.6869,2.1,4.682,66.965,0.0485,21.762,0.1832,0.2934,BCC+FCC
1,1.7742,2.1,4.6495,66.88,0.0468,21.694,0.179,0.2914,BCC+FCC
1,1.8326,2.1,4.692,68.545,0.0433,21.1615,0.17,0.2884,BCC+FCC
1,1.9504,2.05,4.7345,71.86,0.0425,21.286,0.165,0.2854,BCC+FCC
1,1.6411,2,4.757,72.015,0.0529,23.5905,0.1879,0.2932,BCC+FCC
1,1.8641,2,4.6495,70.18,0.0505,24.334,0.1874,0.2923,BCC+FCC
1,2.01,2,4.6595,71.76,0.047,23.412,0.1762,0.2879,BCC+FCC
1,1.9115,1.95,4.7345,75.16,0.049,23.266,0.177,0.2873,BCC+FCC
1,2.1713,1.95,4.6695,74.99,0.045,23.164,0.1686,0.2838,BCC+FCC
1,2.4025,1.85,4.6045,78.12,0.0433,25.042,0.1641,0.2797,BCC+FCC
1,1.8316,2.1,4.717,66.49,0.044,22.332,0.1708,0.2897,BCC+FCC
1,1.6286,2.05,4.782,68.31,0.0508,23.788,0.1826,0.2933,BCC+FCC
1,1.7027,2.05,4.707,66.56,0.0519,24.054,0.1892,0.2957,BCC+FCC
1,1.7299,2,4.7495,69.875,0.052,25.04,0.1855,0.293,BCC+FCC
1,1.7828,2,4.792,71.54,0.0486,24.208,0.1747,0.2886,BCC+FCC
1,1.8273,1.95,4.717,71.44,0.0521,26.292,0.1867,0.2922,BCC+FCC
1,1.9691,1.95,4.6845,71.355,0.0499,26.224,0.1821,0.2903,BCC+FCC
1,2.1441,1.95,4.6945,72.935,0.0461,25.1845,0.1701,0.2855,BCC+FCC
1,2.1913,1.85,4.6195,74.485,0.0465,28.728,0.1763,0.2861,BCC+FCC
1,1.9661,1.8,4.6095,74.555,0.0463,31.2495,0.1857,0.2895,BCC+FCC
1,2.1386,1.8,4.6195,76.135,0.0461,30.048,0.1783,0.2862,BCC+FCC
1,2.2984,1.8,4.6295,77.715,0.045,28.5305,0.1696,0.2825,BCC+FCC
1,1.7303,2.1,4.6995,62.77,0.0486,22.88,0.1814,0.2947,BCC+FCC
1,1.8957,2.1,4.7095,64.35,0.0433,23.015,0.1682,0.2895,BCC+FCC
1,1.7618,2.05,4.6995,64.42,0.051,24.53,0.1863,0.2955,BCC+FCC
1,1.8681,2.05,4.667,64.335,0.049,24.445,0.1817,0.2935,BCC+FCC
1,2.0197,2.05,4.752,67.665,0.0425,24.222,0.1631,0.2862,BCC+FCC
1,1.7009,2,4.817,69.485,0.0495,25.678,0.175,0.2893,BCC+FCC
1,1.8596,2,4.7845,69.4,0.0478,25.61,0.1725,0.2884,BCC+FCC
1,2.1194,2,4.7195,69.23,0.0443,25.474,0.1658,0.286,BCC+FCC
1,2.1556,1.95,4.6445,69.13,0.0466,27.317,0.1729,0.2879,BCC+FCC
1,2.1347,1.9,4.6445,70.78,0.0475,28.802,0.1763,0.2883,BCC+FCC
1,2.1016,1.85,4.687,74.095,0.0484,29.366,0.1754,0.2866,BCC+FCC
1,2.0078,1.8,4.602,72.415,0.0448,32.525,0.1802,0.2891,BCC+FCC
1,2.1845,1.8,4.612,73.995,0.0447,31.6955,0.1731,0.2859,BCC+FCC
1,2.271,1.75,4.622,77.225,0.0434,31.87,0.1667,0.2824,BCC+FCC
1,1.4998,2.1,4.832,62.55,0.0488,23.61,0.1765,0.2934,BCC+FCC
1,1.855,2.1,4.8095,64.045,0.0417,23.6905,0.1586,0.2865,BCC+FCC
1,1.937,2.1,4.702,62.21,0.0426,23.27,0.1654,0.2893,BCC+FCC
1,1.6813,2.05,4.842,65.78,0.0467,25.252,0.168,0.2884,BCC+FCC
1,1.9616,2.05,4.777,65.61,0.0433,25.099,0.1636,0.287,BCC+FCC
1,2.1373,2.05,4.637,63.69,0.0422,24.75,0.1609,0.2865,BCC+FCC
1,1.6968,2,4.767,65.68,0.052,26.74,0.1838,0.294,BCC+FCC
1,1.9722,2,4.702,65.51,0.0481,26.57,0.1758,0.291,BCC+FCC
1,2.1685,2,4.712,67.09,0.0435,26.431,0.1628,0.2858,BCC+FCC
1,2.1722,2,4.637,65.34,0.0441,26.4,0.1651,0.2871,BCC+FCC
1,1.8306,1.95,4.777,68.91,0.0501,28.069,0.1761,0.2894,BCC+FCC
1,2.0684,1.95,4.6695,67.075,0.0477,28.135,0.1749,0.2898,BCC+FCC
1,2.1419,1.85,4.6795,71.955,0.0472,30.8095,0.1715,0.2863,BCC+FCC
1,2.0978,1.75,4.647,75.17,0.0449,33.703,0.1699,0.2849,BCC+FCC
1,1.6329,2.1,4.867,62.075,0.043,24.085,0.1601,0.2872,BCC+FCC
1,1.7828,2.1,4.6845,58.49,0.0469,22.218,0.1754,0.2943,BCC+FCC
1,1.5802,2.05,4.7495,60.31,0.053,24.402,0.1885,0.2982,BCC+FCC
1,1.8972,2.05,4.727,61.805,0.0465,25.0055,0.172,0.2915,BCC+FCC
1,1.9934,2.05,4.6945,61.72,0.0448,24.912,0.1677,0.29,BCC+FCC
1,1.7304,2,4.7595,63.54,0.0511,26.914,0.1811,0.2938,BCC+FCC
1,1.8743,2,4.727,63.455,0.0491,26.8205,0.1772,0.2924,BCC+FCC
1,1.9924,2,4.6945,63.37,0.0471,26.727,0.1725,0.2908,BCC+FCC
1,2.0836,2,4.737,65.035,0.0444,27.045,0.1639,0.2869,BCC+FCC
1,1.8682,1.95,4.7695,66.77,0.0491,28.78,0.1734,0.2892,BCC+FCC
1,2.1565,1.95,4.6295,64.85,0.0445,28.355,0.1643,0.2873,BCC+FCC
1,2.2198,1.9,4.672,68.165,0.0449,30.175,0.1636,0.2854,BCC+FCC
1,1.9884,1.85,4.7045,69.9,0.0484,31.91,0.1735,0.2881,BCC+FCC
1,2.089,1.85,4.6295,68.15,0.0453,31.985,0.1695,0.288,BCC+FCC
1,1.6944,2.1,4.7845,58.185,0.0456,22.802,0.1702,0.2924,BCC+FCC
1,1.7719,2.1,4.677,56.35,0.0461,21.245,0.172,0.2941,BCC+FCC
1,1.8815,2.1,4.7195,58.015,0.0427,22.598,0.1634,0.2903,BCC+FCC
1,1.5388,2.05,4.6995,56.505,0.0536,22.107,0.1924,0.3014,BCC+FCC
1,1.7162,2.05,4.7095,58.085,0.0501,23.5005,0.1814,0.2965,BCC+FCC
1,1.9014,2.05,4.7945,61.415,0.0433,25.5265,0.1617,0.2875,BCC+FCC
1,1.7462,2,4.752,61.4,0.0501,26.66,0.1783,0.2936,BCC+FCC
1,1.8814,2,4.7195,61.315,0.0482,26.558,0.174,0.2922,BCC+FCC
1,1.8165,1.95,4.7195,62.965,0.05,28.538,0.1785,0.2931,BCC+FCC
1,1.9379,1.9,4.7295,66.195,0.0483,30.7845,0.1711,0.2887,BCC+FCC
1,2.0837,1.9,4.697,66.11,0.046,30.691,0.1657,0.2871,BCC+FCC
1,2.1105,1.85,4.6645,67.675,0.0448,32.4125,0.1628,0.2858,BCC+FCC
1,1.576,2.1,4.8095,56.13,0.0464,21.909,0.1706,0.293,BCC+FCC
1,1.6019,2.1,4.7345,54.38,0.0487,20.082,0.1779,0.2969,BCC+FCC
1,1.6987,2.1,4.777,56.045,0.0449,21.7985,0.1678,0.2922,BCC+FCC
1,1.6073,2.05,4.6595,54.28,0.0503,20.38,0.183,0.2991,BCC+FCC
1,1.697,2.05,4.702,55.945,0.0492,22.273,0.1781,0.2963,BCC+FCC
1,1.9076,2.05,4.787,59.275,0.0426,25.06,0.1593,0.2874,BCC+FCC
1,2.07,2,4.722,60.755,0.0427,26.836,0.1576,0.2865,BCC+FCC
1,1.9025,1.95,4.6795,60.74,0.0468,27.902,0.1691,0.2911,BCC+FCC
1,2.0137,1.95,4.722,62.405,0.0453,28.816,0.1629,0.2875,BCC+FCC
1,1.9267,1.85,4.6895,65.62,0.0461,32.674,0.1653,0.2876,BCC+FCC
1,1.5721,2.15,4.6985,69.65,0.043,21.08,0.1689,0.3259,BCC+FCC
1,1.5058,2.1,4.6885,69.72,0.0511,23.104,0.1875,0.331,BCC+FCC
1,1.5208,2.1,4.731,71.385,0.0481,22.121,0.178,0.3282,BCC+FCC
1,1.6156,2.1,4.6985,71.3,0.0464,22.07,0.1748,0.3266,BCC+FCC
1,1.8371,2,4.6335,74.43,0.0468,23.948,0.1753,0.3234,BCC+FCC
1,1.8404,2.05,4.6585,70.725,0.0462,24.7575,0.1727,0.3251,BCC+FCC
1,1.7199,2,4.691,72.46,0.0502,25.972,0.182,0.3276,BCC+FCC
1,1.4618,2.15,4.7385,63.96,0.0503,23.784,0.184,0.3333,BCC+FCC
1,1.4965,2.1,4.781,67.275,0.0499,25.03,0.179,0.3304,BCC+FCC
1,1.8087,2.1,4.6835,67.02,0.0447,24.826,0.1691,0.3262,BCC+FCC
1,1.8938,2.1,4.651,66.935,0.043,24.758,0.1645,0.3243,BCC+FCC
1,1.8183,2.05,4.6835,68.67,0.0472,26.146,0.1742,0.3268,BCC+FCC
1,1.9186,2.05,4.651,68.585,0.0452,26.078,0.1692,0.3248,BCC+FCC
1,1.9176,2,4.651,70.235,0.0469,27.398,0.1734,0.3252,BCC+FCC
1,1.4562,2.15,4.806,63.57,0.0472,24.383,0.1726,0.3301,BCC+FCC
1,1.3982,2.1,4.7635,63.555,0.0541,25.735,0.1902,0.3353,BCC+FCC
1,1.5597,2.1,4.7735,65.135,0.0491,25.7915,0.1768,0.3302,BCC+FCC
1,1.4898,2.05,4.731,65.12,0.0543,27.3,0.1917,0.3345,BCC+FCC
1,1.5864,2,4.741,68.35,0.0525,28.685,0.1845,0.3306,BCC+FCC
1,1.8129,1.95,4.676,69.83,0.0493,30.017,0.1791,0.3276,BCC+FCC
1,1.5048,2.15,4.7985,61.43,0.0463,24.56,0.1707,0.3299,BCC+FCC
1,1.7017,2.15,4.7335,61.26,0.0431,24.39,0.1651,0.3279,BCC+FCC
1,1.5644,2.1,4.7235,61.33,0.0512,25.603,0.1841,0.3336,BCC+FCC
1,1.7581,2.1,4.6585,61.16,0.0473,25.416,0.1748,0.33,BCC+FCC
1,1.6591,2.05,4.691,62.895,0.051,27.3245,0.1841,0.3325,BCC+FCC
1,1.6921,2.05,4.7335,64.56,0.0493,27.69,0.1766,0.3297,BCC+FCC
1,1.905,2.05,4.6685,64.39,0.0453,27.52,0.1673,0.3263,BCC+FCC
1,1.7706,2,4.701,66.125,0.0492,29.255,0.1769,0.3288,BCC+FCC
1,1.8885,2,4.6685,66.04,0.047,29.17,0.1715,0.3269,BCC+FCC
1,1.9118,1.9,4.636,69.255,0.046,32.385,0.1712,0.3252,BCC+FCC
1,1.5769,2.15,4.716,57.54,0.0478,23.148,0.1761,0.3327,BCC+FCC
1,1.6402,2.15,4.7585,59.205,0.0439,24.2155,0.1658,0.3289,BCC+FCC
1,1.7253,2.15,4.726,59.12,0.0424,24.122,0.1624,0.3277,BCC+FCC
1,1.5085,2.1,4.791,60.94,0.0491,26.124,0.1751,0.3309,BCC+FCC
1,1.5867,2.1,4.716,59.19,0.0503,25.128,0.1811,0.3334,BCC+FCC
1,1.6365,2.1,4.7585,60.855,0.0474,26.0305,0.172,0.3299,BCC+FCC
1,1.6878,2.1,4.6085,57.355,0.0473,23.6715,0.175,0.3312,BCC+FCC
1,1.8334,2.05,4.6185,60.585,0.0455,26.802,0.1681,0.3279,BCC+FCC
1,1.9582,2.05,4.6285,62.165,0.0424,27.4715,0.1573,0.3241,BCC+FCC
1,1.6536,2,4.726,64.07,0.0504,29.567,0.1784,0.3302,BCC+FCC
1,1.7874,2,4.6935,63.985,0.0482,29.4735,0.1734,0.3285,BCC+FCC
1,1.5574,2.15,4.7835,57.15,0.0447,23.63,0.1663,0.3296,BCC+FCC
1,1.6422,2.15,4.676,55.315,0.0452,21.9695,0.1685,0.3309,BCC+FCC
1,1.7276,2.15,4.7185,56.98,0.0417,23.426,0.1596,0.3276,BCC+FCC
1,1.478,2.1,4.741,57.135,0.0513,24.3355,0.1823,0.3347,BCC+FCC
1,1.5274,2.1,4.7835,58.8,0.0483,25.61,0.1727,0.3307,BCC+FCC
1,1.5901,2.1,4.7085,57.05,0.0493,24.225,0.178,0.3332,BCC+FCC
1,1.6735,2.1,4.676,56.965,0.0473,24.1145,0.1729,0.3315,BCC+FCC
1,1.7237,2.1,4.6435,56.88,0.0454,24.004,0.1671,0.3296,BCC+FCC
1,1.8165,2.1,4.686,58.545,0.0431,25.304,0.1606,0.327,BCC+FCC
1,1.736,2.05,4.6435,58.53,0.0467,26.149,0.1706,0.33,BCC+FCC
1,1.8694,2.05,4.6535,60.11,0.0434,27.182,0.1595,0.3259,BCC+FCC
1,1.5303,2.1,4.776,56.66,0.0474,24.668,0.1701,0.3306,BCC+FCC
1,1.5706,2.1,4.701,54.91,0.0484,22.894,0.1746,0.333,BCC+FCC
1,1.6433,2.1,4.7435,56.575,0.0457,24.5575,0.1664,0.3295,BCC+FCC
1,1.6291,2.1,4.6685,54.825,0.0464,22.775,0.1691,0.3313,BCC+FCC
1,1.7236,2.1,4.711,56.49,0.044,24.447,0.162,0.3282,BCC+FCC
1,1.6216,2.05,4.6685,56.475,0.0478,25.085,0.1729,0.3318,BCC+FCC
1,1.6369,2,4.711,59.79,0.0482,28.737,0.1715,0.3298,BCC+FCC
1,1.3554,2.2,4.6875,67.035,0.0476,23.2945,0.1789,0.3649,BCC+FCC
1,1.3908,2.15,4.6875,68.685,0.0503,24.4495,0.1841,0.3654,BCC+FCC
1,1.3707,2.2,4.7125,64.98,0.0485,24.314,0.1798,0.3664,BCC+FCC
1,1.5239,2.2,4.6475,64.81,0.045,24.178,0.172,0.3627,BCC+FCC
1,1.4621,2.15,4.705,64.49,0.0503,26.331,0.1824,0.3668,BCC+FCC
1,1.639,2.15,4.64,64.32,0.0464,26.178,0.1732,0.3628,BCC+FCC
1,1.7613,2.05,4.565,65.87,0.0455,29.17,0.1748,0.3599,BCC+FCC
1,1.4105,2.15,4.73,62.435,0.0514,26.685,0.1834,0.3682,BCC+FCC
1,1.6784,2.15,4.6325,62.18,0.0454,26.43,0.1695,0.3625,BCC+FCC
1,1.4994,2.1,4.6975,64,0.0514,28.25,0.1841,0.367,BCC+FCC
1,1.6257,2.15,4.6575,60.125,0.0465,26.3475,0.1713,0.3644,BCC+FCC
1,1.5314,2.1,4.69,61.86,0.0503,28.256,0.1808,0.3668,BCC+FCC
1,1.4597,2.2,4.715,56.505,0.0469,23.976,0.1725,0.3671,BCC+FCC
1,1.6315,2.1,4.65,59.635,0.047,27.732,0.1714,0.3645,BCC+FCC
1,1.5892,2.15,4.6425,55.845,0.0446,24.7285,0.1635,0.364,BCC+FCC
1,1.5973,2.1,4.6425,57.495,0.0459,26.8735,0.1672,0.3643,BCC+FCC
1,1.3732,2.2,4.7325,52.31,0.047,21.324,0.1707,0.3681,BCC+FCC
1,1.3178,2.15,4.69,52.295,0.0511,21.5425,0.1825,0.3715,BCC+FCC
1,1.4904,2.1,4.6675,55.44,0.0471,25.706,0.1695,0.3661,BCC+FCC
1,2.9675,2,4.589,77.94,0.0315,8.628,0.1236,0.1704,FCC
1,3.5027,2,4.5765,78.03,0.0273,8.661,0.117,0.1679,FCC
4,4.0244,2,4.4915,77.685,0.025,8.577,0.1076,0.1637,FCC
2,3.8369,2,4.544,77.945,0.0256,8.629,0.112,0.1658,FCC
1,3.7175,1.95,4.524,79.42,0.0298,9.776,0.1214,0.1677,FCC
1,3.5638,1.95,4.5765,79.68,0.0308,9.816,0.1251,0.1695,FCC
1,4.2466,1.9,4.4915,80.985,0.0295,11.028,0.1209,0.1659,FCC
1,4.2781,1.85,4.4915,82.635,0.0309,12.9155,0.1262,0.1668,FCC
1,2.8299,1.75,4.734,87.06,0.0453,16.464,0.1598,0.1792,BCC+FCC
1,2.9593,2,4.5615,75.625,0.0315,11.6875,0.1224,0.1709,FCC
1,2.9273,2,4.614,75.885,0.0329,11.7655,0.1243,0.1717,FCC
1,3.4127,2,4.4765,75.28,0.0278,11.584,0.1126,0.167,FCC
1,3.2933,2,4.529,75.54,0.0293,11.662,0.1173,0.1689,FCC
1,3.2237,2,4.5815,75.8,0.03,11.74,0.1203,0.1702,FCC
1,3.1955,2,4.634,76.06,0.0318,11.818,0.1218,0.1709,FCC
1,3.0834,1.95,4.509,77.015,0.0323,12.1045,0.1259,0.1708,FCC
1,3.5142,1.95,4.4765,76.93,0.0296,12.079,0.1192,0.1681,FCC
1,3.7817,1.95,4.4965,77.105,0.0293,12.1315,0.1181,0.1677,FCC
1,3.7576,1.95,4.6215,77.8,0.0301,12.34,0.1242,0.1704,FCC
1,4.262,1.95,4.5365,77.455,0.0278,12.2365,0.1155,0.1668,FCC
1,3.5455,1.9,4.4765,78.58,0.0308,13.038,0.1249,0.1692,FCC
1,3.2262,1.9,4.5815,79.1,0.0357,13.39,0.1352,0.1733,FCC
1,4.4131,1.8,4.464,81.97,0.0293,16.511,0.1249,0.1673,FCC
1,4.0144,1.8,4.5165,82.23,0.0332,16.426,0.1337,0.1706,FCC
1,2.8257,2,4.639,73.83,0.0341,14.492,0.1248,0.1728,FCC
1,3.1559,2,4.7115,74.265,0.0334,14.666,0.1219,0.1717,FCC
1,3.4269,2,4.574,73.66,0.029,14.424,0.1166,0.1699,FCC
1,3.7026,2,4.594,73.835,0.0274,14.494,0.1144,0.1691,FCC
4,4.2288,2,4.739,74.705,0.0278,14.842,0.1097,0.1678,FCC
1,3.2769,1.95,4.5015,74.875,0.031,14.91,0.1214,0.1704,FCC
1,3.1166,1.95,4.6065,75.395,0.0343,15.118,0.1293,0.1733,FCC
1,3.5658,1.95,4.5215,75.05,0.0306,14.98,0.1202,0.1699,FCC
1,3.4004,1.95,4.6265,75.57,0.0328,15.188,0.1272,0.1725,FCC
1,3.8402,1.95,4.5415,75.225,0.0298,15.05,0.1188,0.1694,FCC
1,4.0989,1.95,4.5615,75.4,0.0288,15.12,0.1172,0.1688,FCC
1,3.9897,1.95,4.614,75.66,0.0293,15.224,0.1207,0.1701,FCC
1,4.5129,1.95,4.529,75.315,0.0269,15.086,0.1107,0.1665,FCC
1,3.2629,1.9,4.5015,76.525,0.0324,15.57,0.1273,0.1717,FCC
1,3.1356,1.9,4.554,76.785,0.0351,15.674,0.1328,0.1736,FCC
1,4.097,1.9,4.5615,77.05,0.0315,15.78,0.1242,0.1703,FCC
1,4.3228,1.9,4.5815,77.225,0.0306,15.85,0.1229,0.1697,FCC
1,4.0472,1.85,4.489,78.265,0.0306,16.4515,0.1241,0.1695,FCC
1,3.9863,1.8,4.489,79.915,0.031,18.2665,0.1283,0.1704,FCC
1,2.9669,2,4.579,71.43,0.0316,16.635,0.1199,0.172,FCC
1,2.9975,2,4.684,71.95,0.0336,16.895,0.1224,0.1726,FCC
1,3.2661,2,4.599,71.605,0.03,16.7225,0.1177,0.1712,FCC
1,3.2743,2,4.6515,71.865,0.0315,16.8525,0.1193,0.1716,FCC
1,3.5821,2,4.6715,72.04,0.0303,16.94,0.1165,0.1707,FCC
4,3.8727,2,4.5865,71.695,0.0265,16.7675,0.1106,0.1689,FCC
4,4.2065,2,4.554,71.61,0.0248,16.725,0.1048,0.167,FCC
4,4.4413,2,4.7315,72.565,0.0265,17.2025,0.1072,0.1676,FCC
1,3.4201,1.95,4.494,72.735,0.0297,17.2875,0.1165,0.1701,FCC
1,3.6206,1.95,4.5665,73.17,0.031,17.505,0.1205,0.1712,FCC
1,3.5634,1.95,4.619,73.43,0.0318,17.635,0.1238,0.1722,FCC
1,3.4088,1.9,4.494,74.385,0.0309,18.1125,0.1223,0.1713,FCC
1,3.5898,1.9,4.5665,74.82,0.0333,18.33,0.1273,0.1727,FCC
1,3.6857,2,4.6115,69.64,0.0275,18.664,0.1118,0.1701,FCC
1,3.9873,2,4.579,69.555,0.0257,18.613,0.1064,0.1686,FCC
1,3.9903,2,4.6315,69.815,0.0264,18.769,0.1093,0.1693,FCC
2,4.6023,2,4.724,70.425,0.0252,19.135,0.1043,0.1674,FCC
1,3.4263,1.95,4.539,70.855,0.0306,19.393,0.1176,0.1715,FCC
1,3.381,1.95,4.5915,71.115,0.0321,19.549,0.122,0.1727,FCC
1,4.0222,1.95,4.579,71.205,0.0289,19.603,0.1146,0.1703,FCC
1,3.2031,2,4.669,67.67,0.0312,20.209,0.1167,0.1722,FCC
2,4.7066,2,4.7165,68.285,0.0239,20.6395,0.1012,0.1672,FCC
4,4.7673,1.9,4.6515,71.415,0.0259,22.8305,0.111,0.1688,FCC
4,4.6055,2,4.7415,66.23,0.0245,21.784,0.1015,0.1677,FCC
4,4.7386,2,4.709,66.145,0.0226,21.716,0.0978,0.167,FCC
2,4.4761,2,4.7665,64.175,0.0248,22.5175,0.1015,0.1679,FCC
4,4.6019,2,4.734,64.09,0.0233,22.441,0.0983,0.1675,FCC
4,4.6613,2,4.7015,64.005,0.0213,22.3645,0.0941,0.1668,FCC
1,2.5438,2.05,4.513,75.155,0.0308,12.6665,0.1269,0.2259,FCC
1,2.2162,1.8,4.743,84.62,0.048,17.928,0.1689,0.2364,BCC+FCC
1,2.3776,2.05,4.4655,72.665,0.0305,15.146,0.1246,0.226,FCC
1,2.4846,2.05,4.5905,73.36,0.0329,15.424,0.1319,0.2291,FCC
1,2.7762,1.95,4.433,75.88,0.0289,16.432,0.1258,0.2243,FCC
1,2.3158,1.85,4.768,80.915,0.0461,18.7375,0.1632,0.2361,BCC+FCC
1,2.6336,1.85,4.683,80.57,0.043,18.822,0.1577,0.234,BCC+FCC
1,2.6178,1.8,4.703,82.395,0.0447,19.746,0.1621,0.2346,BCC+FCC
1,2.6139,2.05,4.583,71.22,0.032,17.65,0.1284,0.2289,FCC
1,2.5064,2,4.5105,72.435,0.0332,18.2575,0.1316,0.2287,FCC
1,2.7552,2,4.478,72.35,0.0305,18.215,0.1243,0.2262,FCC
1,2.5806,1.9,4.7605,77.125,0.0417,20.6025,0.1538,0.2345,BCC+FCC
1,2.5192,2.05,4.5555,68.905,0.0321,19.343,0.1261,0.2291,FCC
1,2.643,1.8,4.7205,78.2,0.0447,24.94,0.1602,0.2357,BCC+FCC
1,2.5357,1.85,4.718,72.18,0.0432,27.664,0.1537,0.2359,BCC+FCC
1,2.619,1.8,4.6855,73.745,0.0429,28.916,0.1542,0.2358,BCC+FCC
1,2.0281,2,4.6795,76.795,0.0424,17.918,0.1592,0.2804,BCC+FCC
1,1.9603,2,4.732,77.055,0.0428,18.022,0.1606,0.2814,BCC+FCC
1,1.7358,1.9,4.712,80.18,0.0498,19.708,0.1747,0.2838,BCC+FCC
1,2.1112,1.9,4.647,80.01,0.0448,19.606,0.1661,0.2802,BCC+FCC
1,1.9157,1.85,4.627,81.485,0.0457,20.8395,0.1713,0.281,BCC+FCC
1,1.8311,1.85,4.6795,81.745,0.0489,20.6715,0.1757,0.2829,BCC+FCC
1,1.7326,1.85,4.732,82.005,0.0513,20.453,0.1788,0.2843,BCC+FCC
1,1.8135,1.8,4.6995,83.57,0.0502,21.651,0.1794,0.2834,BCC+FCC
1,2.0036,2.05,4.757,73.35,0.041,19.835,0.1536,0.2811,BCC+FCC
1,2.1082,2,4.7245,74.915,0.0419,20.6175,0.1581,0.2812,BCC+FCC
1,1.7784,1.95,4.737,76.475,0.0485,21.3975,0.1695,0.2839,BCC+FCC
1,1.8709,1.9,4.7045,78.04,0.0486,22.188,0.1718,0.2836,BCC+FCC
1,2.3171,1.9,4.6595,78.045,0.0435,22.187,0.1617,0.2798,BCC+FCC
1,1.8714,1.85,4.7245,79.865,0.0501,23.279,0.1759,0.2841,BCC+FCC
1,1.8631,2.05,4.762,71.12,0.0433,21.792,0.1561,0.2823,BCC+FCC
1,1.9679,2,4.7295,72.685,0.0445,22.731,0.1606,0.2826,BCC+FCC
1,2.0785,2,4.7495,72.86,0.0428,22.836,0.1587,0.2821,BCC+FCC
1,2.0703,1.95,4.697,74.25,0.0452,23.67,0.1633,0.2824,BCC+FCC
1,2.1697,1.95,4.717,74.425,0.0443,23.775,0.1619,0.282,BCC+FCC
1,2.3208,1.95,4.6845,74.34,0.0423,23.724,0.1578,0.2805,BCC+FCC
1,1.8992,1.9,4.7495,76.16,0.0491,24.816,0.1714,0.2844,BCC+FCC
1,1.925,2.05,4.807,69.24,0.0423,23.548,0.1537,0.2822,BCC+FCC
1,2.252,1.95,4.7095,72.285,0.0433,25.6795,0.1589,0.2818,BCC+FCC
1,2.1467,1.85,4.657,75.325,0.045,27.8075,0.165,0.2821,BCC+FCC
1,1.9923,2.05,4.7995,67.1,0.0414,24.72,0.1517,0.282,BCC+FCC
1,1.9004,2,4.7995,68.75,0.0448,26.04,0.1594,0.2835,BCC+FCC
1,2.1513,1.95,4.7345,70.23,0.0444,27.224,0.1599,0.2829,BCC+FCC
1,2.1042,1.9,4.682,71.62,0.045,28.336,0.1622,0.2829,BCC+FCC
1,2.0384,1.9,4.7345,71.88,0.047,28.544,0.1657,0.284,BCC+FCC
1,2.0536,1.95,4.707,67.915,0.0442,28.1235,0.1583,0.2832,BCC+FCC
1,2.0128,1.95,4.7595,68.175,0.0454,28.3575,0.1608,0.2838,BCC+FCC
1,1.9765,2,4.7845,64.47,0.043,27.43,0.1548,0.2832,BCC+FCC
1,2.1417,2,4.752,64.385,0.0412,27.345,0.1515,0.2824,BCC+FCC
1,2.2502,1.9,4.687,67.515,0.0426,30.475,0.1539,0.2821,BCC+FCC
1,1.9252,2.05,4.8095,60.765,0.0401,25.7615,0.1476,0.2821,BCC+FCC
1,2.0744,1.85,4.6795,67.025,0.0429,32.6475,0.1542,0.2828,BCC+FCC
1,1.721,2.1,4.6885,72.705,0.0423,20.6325,0.1621,0.3222,BCC+FCC
1,1.413,2.05,4.681,74.09,0.0492,21.325,0.1746,0.325,BCC+FCC
1,1.6042,2.05,4.721,74.44,0.0473,21.5,0.1716,0.3244,BCC+FCC
1,1.945,2.05,4.6235,74.185,0.0414,21.3725,0.1594,0.3192,BCC+FCC
1,1.6479,1.95,4.6885,77.655,0.0498,23.1075,0.1787,0.3242,BCC+FCC
1,1.5641,1.9,4.6885,79.305,0.0511,24.063,0.1832,0.3247,BCC+FCC
1,1.6236,2.1,4.746,70.735,0.0449,22.681,0.1657,0.3246,BCC+FCC
1,1.7368,2.1,4.7135,70.65,0.0432,22.63,0.1628,0.3234,BCC+FCC
1,1.5223,2,4.746,74.035,0.0512,24.661,0.1783,0.3265,BCC+FCC
1,1.6788,2,4.7135,73.95,0.049,24.61,0.1748,0.325,BCC+FCC
1,1.8187,2,4.681,73.865,0.0468,24.559,0.1707,0.3234,BCC+FCC
1,2.0728,2,4.616,73.695,0.0423,24.457,0.1603,0.3193,BCC+FCC
1,1.4761,2.1,4.751,68.505,0.0476,24.1535,0.168,0.3259,BCC+FCC
1,1.5882,2.1,4.771,68.68,0.046,24.276,0.166,0.3255,BCC+FCC
1,1.826,2.1,4.706,68.51,0.0424,24.157,0.1602,0.3232,BCC+FCC
1,1.8115,2.05,4.706,70.16,0.0454,25.312,0.1663,0.3241,BCC+FCC
1,1.6633,2,4.686,71.635,0.0483,26.3445,0.173,0.3251,BCC+FCC
1,2.0351,2,4.641,71.64,0.0435,26.348,0.1622,0.3212,BCC+FCC
1,1.513,2.1,4.796,66.625,0.0469,25.46,0.1662,0.3261,BCC+FCC
1,1.7463,2.05,4.731,68.105,0.0465,26.644,0.1672,0.3252,BCC+FCC
1,1.994,2.05,4.666,67.935,0.0425,26.508,0.1589,0.3223,BCC+FCC
1,1.6737,2,4.731,69.755,0.0491,27.964,0.173,0.3261,BCC+FCC
1,1.9055,1.9,4.6135,72.625,0.0434,30.26,0.1658,0.3218,BCC+FCC
1,1.8251,1.9,4.666,72.885,0.0472,30.468,0.1724,0.324,BCC+FCC
1,1.9021,1.85,4.6335,74.45,0.0446,31.72,0.1688,0.3221,BCC+FCC
1,1.828,2.1,4.7235,64.315,0.0424,26.0035,0.1583,0.3241,BCC+FCC
1,2.0292,2.05,4.6585,65.795,0.0416,27.3355,0.1553,0.3221,BCC+FCC
1,1.8736,2,4.691,67.53,0.0458,28.897,0.1655,0.3244,BCC+FCC
1,1.7909,1.95,4.691,69.18,0.0475,30.382,0.1702,0.3251,BCC+FCC
1,1.9548,1.95,4.651,66.955,0.0438,31.035,0.1603,0.323,BCC+FCC
1,1.7562,2.1,4.741,60.12,0.0425,26.172,0.1563,0.3248,BCC+FCC
1,1.9309,2.05,4.676,61.6,0.0416,27.8,0.1533,0.3232,BCC+FCC
1,1.7535,2,4.7085,63.335,0.0459,29.7085,0.1636,0.3255,BCC+FCC
1,1.8007,1.95,4.676,64.9,0.0451,31.43,0.1625,0.3247,BCC+FCC
1,1.8268,1.9,4.6435,66.465,0.0432,33.1515,0.1592,0.3233,BCC+FCC
1,1.6275,2.1,4.766,58.065,0.0434,25.678,0.157,0.3255,BCC+FCC
1,1.7509,1.95,4.58,76.435,0.0437,27.221,0.1715,0.355,BCC+FCC
1,1.8044,1.9,4.5725,75.945,0.0418,30.4815,0.168,0.3544,BCC+FCC
1,1.5118,2.1,4.695,67.545,0.049,27.316,0.176,0.3634,BCC+FCC
1,1.7243,2.05,4.63,69.025,0.0459,28.5,0.1704,0.3598,BCC+FCC
1,1.3784,2.15,4.7,63.665,0.0485,26.5385,0.173,0.3643,BCC+FCC
1,1.4751,2.15,4.72,63.84,0.0476,26.696,0.1716,0.364,BCC+FCC
1,1.4325,2.1,4.72,65.49,0.0501,28.181,0.1771,0.3647,BCC+FCC
2,1.5653,2.1,4.6875,65.405,0.0479,28.1045,0.1729,0.3631,BCC+FCC
1,1.5447,2.05,4.68,64.915,0.0484,30.115,0.1741,0.3635,BCC+FCC
1,1.4159,2.15,4.7375,59.645,0.0477,26.7695,0.1697,0.3649,BCC+FCC
1,1.4923,2.1,4.705,61.21,0.048,28.491,0.1711,0.3643,BCC+FCC
1,1.5806,2,4.6325,62.2,0.0441,31.76,0.163,0.3613,BCC+FCC
1,1.4755,2.1,4.69,56.93,0.0459,27.089,0.1642,0.3639,BCC+FCC
1,1.4007,2.2,4.6515,63.195,0.0478,27.2355,0.1755,0.3976,BCC+FCC
1,1.3737,2.2,4.669,59,0.0479,27.18,0.1737,0.3991,BCC+FCC
1,1.8428,2,4.7205,60.205,0.0434,26.1055,0.1982,0.2345,BCC+FCC
1,1.6257,2.05,4.692,61.785,0.0478,26.825,0.2084,0.2825,BCC+FCC
1,1.5045,2.05,4.7495,59.815,0.0501,26.7965,0.2121,0.2845,BCC+FCC
1,1.5683,2.05,4.717,59.73,0.0486,26.703,0.2092,0.2835,BCC+FCC
1,1.3436,2.1,4.807,56.195,0.0485,24.394,0.209,0.2843,BCC+FCC
1,1.4183,2.1,4.7745,56.11,0.0473,24.292,0.2071,0.2838,BCC+FCC
1,1.4734,2.1,4.742,56.025,0.046,24.19,0.2048,0.2831,BCC+FCC
2,1.6109,1.75,4.473,66.335,0.0966,38.912,0.5281,0.3274,IM
3,1.5509,1.8,4.468,64.225,0.0973,36.38,0.5145,0.3325,IM
4,1.4866,1.8,4.463,63.765,0.0944,35.828,0.4979,0.3403,IM
2,1.5225,1.85,4.488,64.265,0.0827,32.9315,0.4313,0.3367,IM
2,1.5793,1.85,4.528,63.59,0.0977,34.508,0.4875,0.3137,IM
4,1.642,1.8,4.528,65.24,0.0954,36.488,0.4867,0.317,IM
3,1.5721,1.85,4.523,63.13,0.0936,33.956,0.4699,0.3212,IM
2,1.6085,1.8,4.523,64.78,0.0916,35.936,0.4695,0.3244,IM
2,1.5246,1.85,4.518,62.67,0.0887,33.404,0.4519,0.3281,IM
2,1.7385,1.8,4.588,66.255,0.0935,36.596,0.4579,0.3,IM
4,1.6917,1.85,4.583,64.145,0.0918,34.064,0.4398,0.3037,IM
4,1.6196,1.9,4.578,62.035,0.0891,31.532,0.4203,0.3069,IM
3,1.598,1.9,4.573,61.575,0.0828,30.98,0.4007,0.3125,IM
2,1.5262,1.9,4.603,59.98,0.0902,31.024,0.422,0.3043,IM
3,1.5735,1.9,4.467,65.085,0.0926,34.9535,0.4819,0.3643,IM
3,1.4939,1.9,4.492,63.03,0.0936,34.956,0.485,0.3616,IM
1,2.3178,1.95,4.5405,64.735,0.0449,23.365,0.1739,0.2114,BCC+FCC
1,2.5356,1.9,4.5505,67.965,0.0429,24.7885,0.1673,0.207,BCC+FCC
1,1.7697,1.95,4.5785,61.6,0.0474,26.5,0.1906,0.2415,BCC+FCC
1,1.5624,2,4.6285,55.84,0.0476,23.828,0.1921,0.2461,BCC+FCC
1,1.989,2,4.6505,56.445,0.0433,20.8385,0.1707,0.2161,BCC+FCC
1,2.0778,1.95,4.6505,58.095,0.0455,22.9835,0.1746,0.217,BCC+FCC
1,2.0486,1.95,4.4745,61.085,0.043,24.1905,0.1862,0.2597,BCC+FCC
1,2.0353,1.9,4.486,62.985,0.0431,28.012,0.1914,0.2702,BCC+FCC
1,2.1057,1.95,4.5295,63.77,0.0458,25.857,0.1793,0.2592,BCC+FCC
1,2.0038,1.9,4.551,67.25,0.0446,28.875,0.1774,0.2664,BCC+FCC
1,2.333,1.8,4.5395,70.3,0.042,31,0.1734,0.2552,BCC+FCC
1,1.8392,1.95,4.556,60.385,0.0489,26.792,0.1935,0.2761,BCC+FCC
1,1.9233,1.9,4.566,63.615,0.0472,29.2965,0.1878,0.2729,BCC+FCC
1,1.9699,1.8,4.566,66.915,0.045,32.9265,0.1883,0.2723,BCC+FCC
1,2.2869,1.8,4.5745,69.825,0.0433,31.475,0.1718,0.2557,BCC+FCC
1,2.175,1.75,4.5645,69.895,0.0417,33.5445,0.1772,0.2586,BCC+FCC
1,1.7301,2,4.591,58.26,0.0482,25.192,0.1878,0.2758,BCC+FCC
1,2.1396,1.9,4.5995,64.47,0.0449,28.527,0.1722,0.2583,BCC+FCC
1,1.8805,1.8,4.601,66.44,0.0463,33.354,0.1864,0.2725,BCC+FCC
1,1.7878,1.7,4.601,69.74,0.0435,36.984,0.1868,0.2723,BCC+FCC
1,1.6052,2.05,4.626,56.135,0.0441,23.592,0.1774,0.2734,BCC+FCC
1,1.9043,1.95,4.6145,59.185,0.0479,25.5205,0.1816,0.2648,BCC+FCC
1,1.7428,1.95,4.626,59.435,0.0473,27.552,0.1839,0.2744,BCC+FCC
1,2.0306,1.9,4.6245,62.415,0.0461,28.468,0.1751,0.2608,BCC+FCC
1,1.7724,1.85,4.626,62.735,0.0482,31.512,0.1883,0.275,BCC+FCC
1,1.6562,2,4.6295,53.9,0.0508,20.4,0.1906,0.2712,BCC+FCC
1,1.6182,2,4.651,55.73,0.0469,24.639,0.183,0.2759,BCC+FCC
1,1.7895,1.95,4.6395,57.13,0.049,24.522,0.1843,0.2672,BCC+FCC
1,1.9514,1.8,4.6595,65.24,0.046,32.808,0.1736,0.2592,BCC+FCC
1,1.4939,2.1,4.565,57.63,0.0455,24.783,0.1797,0.311,BCC+FCC
1,1.8142,2.05,4.5635,60.61,0.0443,25.401,0.1705,0.2986,BCC+FCC
1,1.4559,2.1,4.59,55.575,0.0464,24.04,0.1822,0.3135,BCC+FCC
1,1.6812,2.05,4.6135,56.5,0.0463,24.1,0.1759,0.3035,BCC+FCC
1,1.8075,1.95,4.6235,61.38,0.0453,29.296,0.1718,0.3001,BCC+FCC
1,1.6715,2.05,4.6485,56.025,0.0437,24.4325,0.1677,0.3011,BCC+FCC
1,1.6203,2,4.6385,56.095,0.0483,25.143,0.1812,0.306,BCC+FCC
1,1.7456,2.05,4.5375,63.28,0.0429,28.12,0.166,0.3315,BCC+FCC
1,1.4691,2.15,4.5775,54.29,0.0465,22.347,0.1768,0.3402,BCC+FCC
1,1.5036,2.15,4.5875,55.87,0.0432,23.804,0.1671,0.3369,BCC+FCC
1,1.6282,2.05,4.5875,59.17,0.0452,27.764,0.1725,0.3371,BCC+FCC
1,1.3356,2.15,4.6015,52.85,0.0474,23.79,0.1787,0.3761,BCC+FCC
1,1.93,1.85,4.485,69.56,0.0457,28.372,0.1931,0.2443,BCC+FCC
1,2.0236,1.8,4.485,71.21,0.0446,29.527,0.1927,0.2435,BCC+FCC
1,2.2339,1.8,4.5185,72.065,0.0431,28.4155,0.1809,0.2307,BCC+FCC
1,2.0928,1.85,4.5435,68.36,0.0441,28.618,0.1831,0.2344,BCC+FCC
1,1.9502,1.9,4.5685,64.655,0.0444,28.0795,0.184,0.2373,BCC+FCC
1,2.1578,1.75,4.5485,69.43,0.0437,32.377,0.1875,0.2374,BCC+FCC
1,1.9283,1.85,4.5935,64.25,0.0462,30.1,0.1889,0.2403,BCC+FCC
1,1.3444,2,4.635,52.28,0.0505,23.404,0.2049,0.263,BCC+FCC
1,1.6546,1.95,4.6435,56.84,0.046,25.978,0.1876,0.2436,BCC+FCC
1,2.0802,1.8,4.652,64.7,0.0447,31.27,0.176,0.2245,BCC+FCC
1,1.7753,2,4.4875,64.325,0.0428,26.51,0.1808,0.2761,BCC+FCC
1,1.7849,1.8,4.5575,66.99,0.045,33.96,0.1918,0.2821,BCC+FCC
1,1.9491,1.95,4.571,62.72,0.0418,27.98,0.1717,0.2677,BCC+FCC
1,1.9908,1.85,4.571,66.02,0.0426,31.28,0.1761,0.2683,BCC+FCC
1,1.8591,1.7,4.591,71.145,0.0422,36.405,0.1799,0.2687,BCC+FCC
1,1.8625,1.9,4.596,62.315,0.0435,29.7665,0.177,0.2704,BCC+FCC
1,1.6999,2,4.641,57.135,0.0428,25.742,0.1726,0.2711,BCC+FCC
1,1.9803,1.75,4.6495,68.295,0.0433,34.6345,0.1664,0.255,BCC+FCC
1,2.0183,1.85,4.485,71.22,0.0385,31.436,0.168,0.2995,BCC+FCC
1,1.6894,2.05,4.53,62.74,0.0416,26.886,0.17,0.3048,BCC+FCC
1,1.348,2.1,4.5465,56.125,0.0468,25.7875,0.1905,0.3229,BCC+FCC
1,1.5538,2.1,4.555,59.035,0.0414,25.415,0.1699,0.3074,BCC+FCC
1,1.7825,1.85,4.535,67.11,0.0413,33.49,0.177,0.3068,BCC+FCC
1,2.1286,1.85,4.5435,70.02,0.0388,31.728,0.1589,0.2915,BCC+FCC
1,1.4532,2.05,4.63,54.52,0.0457,25.136,0.18,0.3142,BCC+FCC
1,1.7551,1.9,4.6385,62.38,0.0439,31.446,0.1674,0.2985,BCC+FCC
1,1.6824,1.85,4.6385,64.03,0.0441,33.426,0.17,0.2989,BCC+FCC
1,1.712,1.95,4.5775,63.875,0.0424,32.0125,0.167,0.3339,BCC+FCC
4,1.4999,1.85,4.4915,63.88,0.0995,34.846,0.5031,0.3623,IM
2,1.5922,1.7,4.474,62.38,0.0895,31.796,0.4605,0.2918,IM
1,2.2561,1.8,4.638,66.395,0.0431,31.534,0.1611,0.2445,BCC+FCC
1,2.3856,1.75,4.648,69.625,0.0417,33.4375,0.1538,0.2399,BCC+FCC
1,2.2421,1.9,4.577,66.24,0.0413,29.884,0.1581,0.2849,BCC+FCC
1,2.078,1.9,4.602,64.185,0.0426,30.002,0.1616,0.2874,BCC+FCC
1,2.0805,1.9,4.637,63.71,0.0421,30.382,0.1548,0.2851,BCC+FCC
3,1.2816,1.9,4.523,59.13,0.0729,31.096,0.3753,0.3135,IM
4,1.3109,1.85,4.6205,63.385,0.0995,34.262,0.4844,0.3117,IM
1,1.4575,2,4.8695,63.43,0.0504,26.03,0.1844,0.2629,BCC+FCC
1,1.3526,2.05,4.852,58.06,0.052,23.242,0.1906,0.2682,BCC+FCC
1,1.3934,2.05,4.8945,59.725,0.0464,24.2575,0.177,0.2614,BCC+FCC
1,1.4871,2,4.862,61.29,0.0497,25.979,0.1828,0.2628,BCC+FCC
1,1.1923,2.05,4.846,54.59,0.0538,23.157,0.2004,0.2827,BCC+FCC
1,1.4133,2.05,4.887,57.585,0.0458,23.622,0.1756,0.2613,BCC+FCC
1,1.0581,2.1,4.8175,56.17,0.0585,24.754,0.2114,0.3259,BCC+FCC
1,1.2959,2.05,4.826,60.73,0.054,26.483,0.1932,0.3083,BCC+FCC
1,1.074,2.1,4.81,54.03,0.0576,23.549,0.2095,0.3258,BCC+FCC
1,1.2277,2.1,4.851,57.025,0.0511,24.07,0.1871,0.3075,BCC+FCC
1,1.3166,2.05,4.8185,58.59,0.0532,25.948,0.1912,0.3081,BCC+FCC
1,2.0696,1.85,4.7405,72.285,0.0475,25.1495,0.1728,0.2057,BCC+FCC
1,2.1833,1.8,4.708,73.85,0.0475,26.245,0.1749,0.206,BCC+FCC
1,1.1567,2,4.8535,59.98,0.0543,25.83,0.2065,0.2504,BCC+FCC
1,2.0864,1.65,4.6145,73.67,0.0437,34.483,0.1842,0.2245,BCC+FCC
1,1.2385,2,4.7935,57.58,0.0535,25.148,0.2049,0.2503,BCC+FCC
1,1.4983,1.95,4.8545,62.4,0.0488,26.54,0.1859,0.2279,BCC+FCC
1,2.2622,1.75,4.713,71.395,0.0466,30.7255,0.1724,0.2063,BCC+FCC
1,2.339,1.7,4.6805,72.96,0.0451,32.134,0.171,0.2058,BCC+FCC
1,2.186,1.8,4.738,67.69,0.046,30.12,0.1688,0.206,BCC+FCC
1,1.8612,1.75,4.6645,66.26,0.0468,32.986,0.1855,0.2279,BCC+FCC
1,1.7953,1.75,4.6745,80.96,0.0504,24.822,0.1914,0.2568,BCC+FCC
1,1.8607,1.8,4.692,75.115,0.0499,28.2505,0.1858,0.2576,BCC+FCC
1,1.5917,1.95,4.8345,68.54,0.0495,26.462,0.1785,0.2579,BCC+FCC
1,1.8878,1.85,4.6645,71.15,0.0472,28.55,0.1789,0.2568,BCC+FCC
1,1.8203,1.85,4.717,71.41,0.0499,28.758,0.1828,0.2581,BCC+FCC
1,2.0008,1.75,4.652,74.54,0.0461,31.262,0.1799,0.256,BCC+FCC
1,1.2553,2.05,4.7985,60.015,0.0512,25.275,0.192,0.2772,BCC+FCC
1,1.4893,2.05,4.8395,63.01,0.044,24.299,0.1659,0.2556,BCC+FCC
1,1.2082,2.05,4.851,60.275,0.0508,25.535,0.1917,0.277,BCC+FCC
1,1.7065,1.9,4.7945,67.965,0.0503,28.7585,0.1805,0.2585,BCC+FCC
1,1.7738,1.85,4.762,69.53,0.0508,30.167,0.1828,0.2587,BCC+FCC
1,1.8395,1.8,4.7295,71.095,0.0502,31.5755,0.1833,0.2585,BCC+FCC
1,2.0109,1.75,4.6445,72.4,0.0447,32.75,0.1755,0.2557,BCC+FCC
1,2.0752,1.7,4.612,73.965,0.0415,34.1585,0.1698,0.2537,BCC+FCC
1,1.2761,2.05,4.791,57.875,0.0504,24.8825,0.1902,0.277,BCC+FCC
1,1.232,2.05,4.8435,58.135,0.0501,25.1685,0.1902,0.2769,BCC+FCC
1,1.285,2.05,4.7835,55.735,0.0495,24.062,0.1882,0.2769,BCC+FCC
1,1.539,2.05,4.8245,58.73,0.0425,24.113,0.1626,0.2553,BCC+FCC
1,1.5175,2.05,4.877,58.99,0.0411,24.399,0.1615,0.2546,BCC+FCC
1,1.5258,1.9,4.686,60.43,0.0498,29.696,0.1915,0.2766,BCC+FCC
1,1.8816,1.8,4.662,66.555,0.0446,32.7205,0.1706,0.2566,BCC+FCC
1,1.5518,1.8,4.6735,63.82,0.0491,33.764,0.1916,0.2758,BCC+FCC
1,1.827,1.8,4.7145,66.815,0.0479,33.0065,0.1764,0.258,BCC+FCC
1,1.1184,2.05,4.79,63.42,0.0574,27.498,0.2075,0.3213,BCC+FCC
1,1.433,1.95,4.766,69.545,0.054,28.386,0.1919,0.3036,BCC+FCC
1,1.5823,1.9,4.681,70.85,0.0507,29.43,0.1895,0.3016,BCC+FCC
1,1.6691,1.85,4.6485,72.415,0.0483,30.682,0.1874,0.3001,BCC+FCC
1,1.7296,1.75,4.636,75.805,0.0461,33.394,0.1856,0.2981,BCC+FCC
1,1.0632,2.1,4.815,59.715,0.0552,26.095,0.2021,0.321,BCC+FCC
1,1.3239,2.05,4.8235,64.275,0.0508,26.5575,0.1828,0.303,BCC+FCC
1,1.477,1.95,4.7585,67.405,0.0529,29.3745,0.1894,0.3034,BCC+FCC
1,1.2977,2.1,4.796,60.31,0.048,24.98,0.1763,0.3022,BCC+FCC
1,1.09,2.1,4.8075,57.575,0.0544,25.6725,0.2003,0.3209,BCC+FCC
1,1.1797,2.05,4.775,59.14,0.0555,27.394,0.2034,0.321,BCC+FCC
1,1.5707,1.9,4.7185,66.83,0.0512,31.5,0.1871,0.3027,BCC+FCC
1,1.6315,1.85,4.686,68.395,0.0495,33.065,0.1855,0.3016,BCC+FCC
1,1.1458,2.1,4.7475,55.175,0.0528,24.51,0.1972,0.3202,BCC+FCC
1,1.3192,2.1,4.7885,58.17,0.0472,24.617,0.1744,0.302,BCC+FCC
1,1.381,2.05,4.8085,59.995,0.0491,26.6245,0.179,0.3027,BCC+FCC
1,1.5673,1.95,4.691,62.865,0.0485,29.7815,0.1803,0.302,BCC+FCC
1,1.5185,1.95,4.7435,63.125,0.0508,30.0675,0.1839,0.3031,BCC+FCC
1,1.5864,1.9,4.651,62.29,0.0455,31.338,0.1743,0.3007,BCC+FCC
1,1.1002,2.15,4.8125,60.01,0.052,25.8,0.1871,0.3439,BCC+FCC
1,1.1902,2.1,4.78,61.575,0.0535,27.365,0.191,0.3441,BCC+FCC
1,1.1286,2.15,4.805,57.87,0.0512,25.407,0.1853,0.3438,BCC+FCC
1,1.2165,2.1,4.7725,59.435,0.0526,27.1285,0.1887,0.3439,BCC+FCC
1,1.3402,2,4.6925,58.285,0.0498,29.4405,0.1838,0.3423,BCC+FCC
1,1.0364,2.2,4.7465,50.89,0.0518,21.996,0.1878,0.3814,BCC+FCC
1,3.2277,1.8,4.459,78.16,0.0301,19.178,0.1396,0.177,FCC
1,1.8968,1.95,4.788,71.75,0.0483,23.235,0.1676,0.2424,BCC+FCC
1,2.2648,1.7,4.678,79.835,0.0473,29.078,0.1755,0.2417,BCC+FCC
1,2.4886,1.7,4.618,77.435,0.0414,30.918,0.1632,0.2391,BCC+FCC
1,1.779,2,4.8155,64.5,0.0485,24.44,0.1722,0.2476,BCC+FCC
1,2.2968,1.8,4.6755,72.165,0.0457,29.8785,0.1666,0.2419,BCC+FCC
1,2.3049,1.7,4.6205,73.89,0.0424,33.83,0.1669,0.2435,BCC+FCC
1,2.0134,1.95,4.818,65.59,0.0456,26.48,0.1616,0.2418,BCC+FCC
1,2.0673,1.85,4.7105,67.055,0.0489,29.6605,0.1753,0.248,BCC+FCC
1,2.1953,1.75,4.6455,70.185,0.0444,33.1035,0.1685,0.2454,BCC+FCC
1,1.6166,2.05,4.7905,56.99,0.049,20.957,0.1762,0.2529,BCC+FCC
1,1.8233,1.95,4.7255,60.12,0.0503,25.026,0.1798,0.2533,BCC+FCC
1,2.1443,1.85,4.7455,66.58,0.0467,30.088,0.1644,0.2429,BCC+FCC
1,2.2049,1.75,4.6805,69.71,0.0444,33.531,0.1615,0.242,BCC+FCC
1,2.0117,1.75,4.6345,77.135,0.0447,31.798,0.1744,0.2851,BCC+FCC
1,1.4069,2.1,4.812,62.375,0.0506,23.435,0.1786,0.294,BCC+FCC
1,1.601,2.05,4.7695,65.345,0.0485,24.8605,0.17,0.289,BCC+FCC
1,2.0511,1.75,4.5845,73.33,0.0403,34.39,0.1668,0.2853,BCC+FCC
1,2.0372,1.75,4.627,74.995,0.0432,33.5455,0.1692,0.2848,BCC+FCC
1,1.6401,2.05,4.762,63.205,0.0475,25.215,0.1678,0.2889,BCC+FCC
1,1.7648,1.95,4.7495,66.595,0.0499,28.605,0.1748,0.2896,BCC+FCC
1,1.9077,1.9,4.6645,67.9,0.0465,29.91,0.1705,0.2878,BCC+FCC
1,1.9881,1.85,4.632,69.465,0.044,31.475,0.1672,0.2863,BCC+FCC
1,1.8903,1.85,4.642,68.06,0.0466,31.886,0.1768,0.2906,BCC+FCC
1,1.6354,2.05,4.807,61.325,0.0468,25.4275,0.1663,0.2888,BCC+FCC
1,1.7392,1.95,4.6995,62.79,0.0499,28.328,0.1791,0.2933,BCC+FCC
1,1.7828,1.95,4.742,64.455,0.0488,28.8705,0.1718,0.2895,BCC+FCC
1,1.857,1.85,4.6345,65.92,0.0451,32.084,0.172,0.2903,BCC+FCC
1,1.5793,2.05,4.757,57.52,0.0494,23.716,0.1753,0.2939,BCC+FCC
1,1.6486,2.05,4.7995,59.185,0.046,24.952,0.1641,0.2887,BCC+FCC
1,1.7204,2,4.767,60.75,0.0474,26.83,0.1673,0.2892,BCC+FCC
1,1.7215,1.95,4.692,60.65,0.0487,27.785,0.1754,0.2931,BCC+FCC
1,1.7626,1.9,4.6595,62.215,0.0467,29.8195,0.1724,0.2919,BCC+FCC
1,1.8254,1.9,4.702,63.88,0.047,30.586,0.1681,0.2888,BCC+FCC
1,1.8655,1.8,4.5485,72.77,0.0372,34.95,0.1643,0.3211,BCC+FCC
1,1.3811,2.1,4.7785,62.905,0.0514,26.035,0.179,0.3315,BCC+FCC
1,1.5127,2.05,4.6935,64.21,0.0501,27.34,0.1787,0.3302,BCC+FCC
1,1.6195,1.95,4.681,67.6,0.05,30.73,0.1814,0.3295,BCC+FCC
1,1.7765,1.85,4.5735,69.065,0.041,34.1115,0.1698,0.3249,BCC+FCC
1,1.7619,1.85,4.616,70.73,0.044,33.86,0.1725,0.3253,BCC+FCC
1,1.3386,2.15,4.796,57.06,0.0481,23.522,0.1708,0.3309,BCC+FCC
1,1.6269,1.95,4.666,63.32,0.0474,31.034,0.1735,0.329,BCC+FCC
1,1.3076,2.15,4.746,53.255,0.0505,20.577,0.1794,0.3352,BCC+FCC
3,1.7046,1.7,4.467,63.13,0.091,39.639,0.5362,0.3306,IM
2,1.5507,1.7,4.4955,63.525,0.0965,38.4425,0.5221,0.311,IM
3,1.4886,1.7,4.493,57.07,0.0972,31.475,0.5331,0.3142,IM
3,1.7313,1.8,4.489,63.725,0.1061,31.2175,0.6494,0.3242,IM
4,1.624,1.8,4.4665,61.275,0.1091,31.72,0.6404,0.3255,IM
2,1.727,1.8,4.484,63.265,0.1086,30.7115,0.6345,0.3376,IM
4,1.6473,1.75,4.479,63.545,0.1068,34.444,0.5987,0.3231,IM
2,1.5809,1.75,4.474,63.085,0.1068,33.892,0.583,0.3349,IM
2,1.6552,1.7,4.494,64.855,0.0955,37.5115,0.517,0.296,IM
3,1.8618,1.7,4.514,65.885,0.086,36.7905,0.4706,0.3007,IM
2,1.5729,1.7,4.489,64.395,0.0928,36.9135,0.5007,0.3044,IM
2,1.6832,1.75,4.539,62.18,0.0894,34.152,0.4753,0.2944,IM
2,1.7196,1.85,4.463,59.325,0.0823,31.2675,0.4833,0.3555,IM
2,1.8512,1.85,4.483,60.355,0.0733,30.7525,0.4364,0.3551,IM
2,1.9574,1.8,4.498,64.045,0.077,34.873,0.4498,0.3439,IM
3,1.6357,1.75,4.463,64.755,0.0926,38.5015,0.5265,0.3376,IM
3,1.5811,1.85,4.498,58.85,0.0869,31.505,0.4895,0.3434,IM
3,1.7205,1.85,4.518,59.88,0.0773,30.99,0.4426,0.3441,IM
4,1.5693,1.85,4.493,58.39,0.0842,30.815,0.4738,0.35,IM
3,1.6052,1.8,4.503,61.62,0.0853,34.488,0.4716,0.3436,IM
2,1.4555,1.85,4.533,58.375,0.0915,31.7425,0.4932,0.3308,IM
2,1.7027,1.8,4.468,61.09,0.0683,35.726,0.3918,0.2961,IM
3,1.3396,1.85,4.4755,55.41,0.0755,32.305,0.4173,0.2869,IM
2,1.4866,1.7,4.489,62.855,0.0986,38.9115,0.5259,0.295,IM
2,1.3827,1.7,4.4915,61.91,0.0941,38.653,0.4915,0.2964,IM
3,1.2182,1.8,4.4805,57.645,0.0933,35.953,0.4924,0.3395,IM
3,1.5132,1.75,4.5655,64.81,0.0943,39.383,0.4864,0.3106,IM
1,0.7708,2.35,4.293,46.08,0.0312,23.184,0.1663,0.4389,BCC+FCC
3,7.2301,1.95,4.779,75.77,0.0355,14.578,0.1629,0.1715,FCC
4,6.7103,1.95,4.8365,73.8,0.0362,17.13,0.1627,0.1702,FCC
4,7.2616,1.95,4.804,73.715,0.0355,17.0875,0.1623,0.1709,FCC
4,7.913,1.95,4.7715,73.63,0.0343,17.045,0.1616,0.1714,FCC
4,14.4963,1.9,4.8115,72.005,0.0371,18.703,0.165,0.1702,FCC
4,26.0802,1.9,4.7465,71.835,0.0354,18.601,0.1643,0.1715,FCC
3,23.7968,1.85,4.7215,70.04,0.0365,19.798,0.167,0.1715,FCC
4,4.9799,1.75,4.6715,66.45,0.0388,21.115,0.1718,0.1717,FCC
2,6.6687,1.95,4.8615,71.745,0.0356,19.237,0.1618,0.1692,FCC
2,7.2013,1.95,4.829,71.66,0.0353,19.186,0.1616,0.1701,FCC
3,7.8134,1.95,4.7965,71.575,0.0345,19.135,0.1611,0.1708,FCC
2,8.5482,1.95,4.764,71.49,0.0331,19.084,0.1601,0.1713,FCC
4,16.6012,1.9,4.804,69.865,0.0362,20.3655,0.1641,0.1701,FCC
3,22.0168,1.9,4.7715,69.78,0.0355,20.306,0.1638,0.1709,FCC
3,33.904,1.9,4.739,69.695,0.0342,20.2465,0.163,0.1714,FCC
4,33.6055,1.85,4.7465,67.985,0.0365,21.118,0.1663,0.1709,FCC
4,19.2958,1.85,4.714,67.9,0.0354,21.05,0.1658,0.1714,FCC
4,13.0367,1.8,4.754,66.275,0.038,21.6475,0.1686,0.1702,FCC
4,9.7438,1.8,4.7215,66.19,0.0375,21.571,0.1687,0.171,FCC
3,7.5254,1.8,4.689,66.105,0.0365,21.4945,0.1684,0.1715,FCC
2,4.5478,1.75,4.664,64.31,0.0376,21.58,0.1708,0.1715,FCC
3,6.5507,1.95,4.8865,69.69,0.0348,20.933,0.1608,0.168,FCC
2,7.071,1.95,4.854,69.605,0.0348,20.8735,0.1608,0.1691,FCC
4,7.6503,1.95,4.8215,69.52,0.0343,20.814,0.1605,0.17,FCC
4,8.3247,1.95,4.789,69.435,0.0334,20.7545,0.1597,0.1707,FCC
4,9.1454,1.95,4.7565,69.35,0.0319,20.695,0.1585,0.1712,FCC
2,10.5861,1.9,4.894,67.98,0.0348,21.804,0.1624,0.1666,FCC
4,15.0313,1.9,4.829,67.81,0.0356,21.668,0.1632,0.1691,FCC
2,19.1044,1.9,4.7965,67.725,0.0352,21.6,0.1631,0.17,FCC
1,26.7839,1.9,4.764,67.64,0.0344,21.532,0.1625,0.1708,FCC
4,53.3546,1.85,4.7715,65.93,0.0361,22.027,0.1655,0.1701,FCC
2,25.4235,1.85,4.739,65.845,0.0354,21.9505,0.1652,0.1708,FCC
1,8.6656,1.8,4.714,64.05,0.0364,22.01,0.1677,0.1709,FCC
2,5.0882,1.75,4.689,62.255,0.0374,21.7105,0.1701,0.1709,FCC
4,6.3592,1.95,4.9115,67.635,0.0336,22.218,0.1598,0.1666,FCC
1,6.8787,1.95,4.879,67.55,0.034,22.15,0.16,0.1679,FCC
3,7.4347,1.95,4.8465,67.465,0.034,22.082,0.1598,0.169,FCC
4,8.0601,1.95,4.814,67.38,0.0334,22.014,0.1592,0.1699,FCC
1,8.7955,1.95,4.7815,67.295,0.0323,21.946,0.1582,0.1706,FCC
4,9.8131,1.9,4.919,65.925,0.0332,22.7125,0.1612,0.1651,FCC
2,11.4782,1.9,4.8865,65.84,0.0342,22.636,0.1619,0.1666,FCC
2,13.6621,1.9,4.854,65.755,0.0347,22.5595,0.1623,0.1679,FCC
3,16.8555,1.9,4.8215,65.67,0.0347,22.483,0.1623,0.1691,FCC
2,22.2482,1.9,4.789,65.585,0.0343,22.4065,0.1619,0.17,FCC
3,33.8902,1.9,4.7565,65.5,0.0333,22.33,0.1612,0.1707,FCC
2,35.7197,1.85,4.764,63.79,0.0352,22.44,0.1645,0.17,FCC
3,19.9607,1.85,4.7315,63.705,0.0343,22.355,0.164,0.1707,FCC
4,33.7355,1.8,4.8365,62.25,0.0353,22.395,0.1657,0.1667,FCC
2,9.9983,1.8,4.739,61.995,0.0361,22.1145,0.1669,0.17,FCC
4,7.5788,1.8,4.7065,61.91,0.0353,22.021,0.1666,0.1708,FCC
2,6.6222,1.95,4.904,65.495,0.033,23.0155,0.159,0.1665,FCC
1,7.1688,1.95,4.8715,65.41,0.0333,22.939,0.159,0.1678,FCC
3,7.7583,1.95,4.839,65.325,0.0331,22.8625,0.1586,0.1689,FCC
2,8.4257,1.95,4.8065,65.24,0.0324,22.786,0.1579,0.1698,FCC
4,10.1831,1.95,4.7415,65.07,0.0296,22.633,0.155,0.171,FCC
4,10.5091,1.9,4.9115,63.785,0.0327,23.125,0.1607,0.165,FCC
4,12.4146,1.9,4.879,63.7,0.0336,23.04,0.1612,0.1666,FCC
4,15.0113,1.9,4.8465,63.615,0.034,22.955,0.1614,0.1679,FCC
2,19.0235,1.9,4.814,63.53,0.0339,22.87,0.1613,0.169,FCC
3,26.4623,1.9,4.7815,63.445,0.0333,22.785,0.1607,0.1699,FCC
4,46.2356,1.9,4.749,63.36,0.0322,22.7,0.1597,0.1706,FCC
4,26.1041,1.85,4.7565,61.65,0.0342,22.425,0.1634,0.1699,FCC
2,6.8469,1.95,4.8965,63.355,0.0324,23.385,0.1582,0.1665,FCC
2,7.4171,1.95,4.864,63.27,0.0326,23.3,0.158,0.1678,FCC
4,8.7326,1.95,4.799,63.1,0.0315,23.13,0.1564,0.1697,FCC
2,16.54,1.9,4.839,61.475,0.0333,22.9225,0.1605,0.1678,FCC
1,2.2941,1.9,4.6735,63.395,0.0473,22.576,0.2065,0.2449,BCC+FCC
1,3.3519,1.8,4.762,63.055,0.0469,21.4795,0.1843,0.224,BCC+FCC
1,19.5455,1.75,4.607,60.92,0.0453,20.92,0.1873,0.2218,BCC+FCC
1,31.3049,1.7,4.582,59.125,0.0465,20.3075,0.1894,0.2219,BCC+FCC
1,1.888,1.95,4.7235,63.135,0.0473,23.058,0.2038,0.2458,BCC+FCC
1,2.2734,1.9,4.6985,61.34,0.0484,23.026,0.2064,0.2459,BCC+FCC
4,7.0043,1.9,4.7155,67.16,0.0358,19.492,0.1481,0.1958,FCC
1,3.8728,1.85,4.7145,62.54,0.0444,21.706,0.1824,0.2231,BCC+FCC
1,8.9857,1.8,4.6245,60.575,0.0427,21.265,0.1839,0.2215,BCC+FCC
4,2.9199,2,4.823,68.78,0.0339,19.168,0.1421,0.1961,FCC
1,1.8637,1.95,4.7485,61.08,0.0482,23.482,0.2037,0.2466,BCC+FCC
4,3.6365,1.95,4.8305,67.07,0.0347,20.119,0.1445,0.1961,FCC
3,4.7184,1.95,4.733,66.815,0.0335,19.9405,0.144,0.1955,FCC
4,6.5432,1.9,4.7405,65.105,0.0354,20.524,0.1473,0.196,FCC
4,7.7886,1.9,4.708,65.02,0.0346,20.456,0.1469,0.1956,FCC
1,3.234,1.85,4.772,60.57,0.0445,21.95,0.1815,0.2237,BCC+FCC
1,2.6402,1.85,4.6985,57.49,0.0502,22.289,0.2084,0.2468,BCC+FCC
3,9.1467,1.85,4.748,63.395,0.0366,20.7655,0.1495,0.1963,FCC
4,19.8627,1.85,4.683,63.225,0.0357,20.6125,0.1497,0.1957,FCC
4,8.9463,1.8,4.788,61.77,0.0364,20.75,0.1497,0.1961,FCC
1,9.2572,1.75,4.657,56.81,0.0453,20.092,0.1858,0.2231,BCC+FCC
1,15.9129,1.75,4.6245,56.725,0.0442,19.99,0.1857,0.2224,BCC+FCC
1,6.8118,1.65,4.7045,53.475,0.0469,17.325,0.1873,0.224,BCC+FCC
2,2.9035,2,4.848,66.725,0.0331,20.5675,0.1411,0.196,FCC
2,3.0731,2,4.8155,66.64,0.033,20.508,0.1409,0.196,FCC
3,3.4068,2,4.7505,66.47,0.0312,20.389,0.1392,0.1953,FCC
3,3.8553,1.95,4.823,64.93,0.0339,21.074,0.1437,0.196,FCC
1,2.0604,1.95,4.7085,58.855,0.0452,23.325,0.2008,0.2454,BCC+FCC
3,4.573,1.95,4.758,64.76,0.0333,20.938,0.1433,0.1958,FCC
4,5.0082,1.95,4.7255,64.675,0.0323,20.87,0.1425,0.1954,FCC
4,4.1506,1.9,4.863,63.305,0.033,21.3745,0.1444,0.1954,FCC
1,2.3027,1.9,4.716,57.145,0.0482,22.5995,0.2049,0.2465,BCC+FCC
4,5.3137,1.9,4.798,63.135,0.0347,21.2215,0.1461,0.1961,FCC
1,2.4873,1.9,4.6835,57.06,0.046,22.506,0.2036,0.2455,BCC+FCC
3,6.0908,1.9,4.7655,63.05,0.0347,21.145,0.1463,0.1961,FCC
4,7.1152,1.9,4.733,62.965,0.0343,21.0685,0.1462,0.1959,FCC
3,8.5793,1.9,4.7005,62.88,0.0334,20.992,0.1456,0.1954,FCC
1,3.0353,1.85,4.797,58.515,0.0436,21.7065,0.1805,0.2236,BCC+FCC
1,3.8785,1.85,4.732,58.345,0.0432,21.5195,0.1808,0.2233,BCC+FCC
3,8.0199,1.85,4.773,61.34,0.0354,21.01,0.1483,0.1961,FCC
3,14.7101,1.85,4.708,61.17,0.0353,20.84,0.1488,0.196,FCC
2,26.6909,1.85,4.6755,61.085,0.0345,20.755,0.1485,0.1955,FCC
3,23.2691,1.8,4.6505,59.29,0.0356,20.159,0.1512,0.1956,FCC
2,2.8484,2,4.873,64.67,0.032,21.556,0.14,0.1957,FCC
2,3.0246,2,4.8405,64.585,0.0323,21.488,0.14,0.1958,FCC
3,3.3604,2,4.7755,64.415,0.0313,21.352,0.1387,0.1956,FCC
4,3.4011,1.95,4.8805,62.96,0.0319,21.754,0.1419,0.1953,FCC
2,3.7143,1.95,4.848,62.875,0.0327,21.6775,0.1425,0.1957,FCC
4,4.0419,1.95,4.8155,62.79,0.033,21.601,0.1427,0.1959,FCC
2,4.3968,1.95,4.783,62.705,0.0329,21.5245,0.1425,0.1959,FCC
1,4.7931,1.95,4.7505,62.62,0.0323,21.448,0.1419,0.1957,FCC
2,5.2484,1.95,4.718,62.535,0.0311,21.3715,0.1409,0.1952,FCC
1,2.3656,1.9,4.7085,55.005,0.0471,21.706,0.2035,0.2464,BCC+FCC
4,5.6525,1.9,4.7905,60.995,0.0338,21.355,0.1453,0.196,FCC
1,2.5401,1.9,4.676,54.92,0.0452,21.604,0.2021,0.2453,BCC+FCC
2,6.5132,1.9,4.758,60.91,0.0338,21.27,0.1453,0.196,FCC
3,7.6728,1.9,4.7255,60.825,0.0332,21.185,0.1449,0.1957,FCC
2,9.3823,1.9,4.693,60.74,0.0322,21.1,0.1441,0.1953,FCC
1,2.3301,1.85,4.7485,53.38,0.051,20.364,0.2075,0.2479,BCC+FCC
1,4.0648,1.85,4.7245,56.205,0.0422,20.746,0.1798,0.2231,BCC+FCC
4,8.8293,1.85,4.7655,59.2,0.0346,20.75,0.1476,0.196,FCC
4,17.7438,1.85,4.7005,59.03,0.0342,20.563,0.1477,0.1958,FCC
2,40.3941,1.85,4.668,58.945,0.0333,20.4695,0.1472,0.1954,FCC
1,5.4487,1.8,4.6995,54.41,0.0431,19.303,0.1821,0.2232,BCC+FCC
4,18.8327,1.8,4.7405,57.405,0.0354,19.786,0.1498,0.1961,FCC
1,6.7687,1.8,4.667,54.325,0.0422,19.1925,0.1818,0.2227,BCC+FCC
3,55.1898,1.8,4.6755,57.235,0.0352,19.582,0.1504,0.1959,FCC
1,8.871,1.65,4.6895,49.195,0.0455,13.092,0.1868,0.2238,BCC+FCC
4,2.7566,2,4.898,62.615,0.0307,22.1335,0.1388,0.1952,FCC
2,2.9432,2,4.8655,62.53,0.0313,22.057,0.1391,0.1955,FCC
2,3.1181,2,4.833,62.445,0.0314,21.9805,0.1388,0.1957,FCC
2,3.2848,2,4.8005,62.36,0.0311,21.904,0.1382,0.1957,FCC
3,3.444,2,4.768,62.275,0.0302,21.8275,0.1371,0.1954,FCC
4,3.5931,2,4.7355,62.19,0.0288,21.751,0.1354,0.1949,FCC
4,3.2167,1.95,4.9055,60.905,0.0301,21.955,0.1404,0.1946,FCC
4,3.5374,1.95,4.873,60.82,0.0313,21.87,0.1412,0.1952,FCC
2,3.8595,1.95,4.8405,60.735,0.032,21.785,0.1417,0.1956,FCC
1,4.1968,1.95,4.808,60.65,0.0322,21.7,0.1417,0.1958,FCC
3,4.5617,1.95,4.7755,60.565,0.0319,21.615,0.1413,0.1957,FCC
1,4.9667,1.95,4.743,60.48,0.0312,21.53,0.1404,0.1955,FCC
1,1.7003,1.9,4.831,53.205,0.0507,20.8265,0.2051,0.2483,BCC+FCC
1,1.888,1.9,4.7985,53.12,0.0503,20.716,0.2049,0.2481,BCC+FCC
1,2.0629,1.9,4.766,53.035,0.0494,20.6055,0.2043,0.2476,BCC+FCC
4,4.6103,1.9,4.848,59.025,0.0318,21.2475,0.1435,0.1953,FCC
4,5.225,1.9,4.8155,58.94,0.0327,21.154,0.1441,0.1956,FCC
1,8.2047,1.9,4.718,58.685,0.0322,20.8735,0.1436,0.1956,FCC
3,10.1611,1.9,4.6855,58.6,0.031,20.78,0.1425,0.1951,FCC
1,1.9166,1.85,4.806,51.41,0.0513,18.904,0.207,0.2484,BCC+FCC
1,4.2065,1.85,4.717,54.065,0.0413,19.5445,0.1788,0.223,BCC+FCC
1,22.1341,1.85,4.693,56.89,0.0332,19.858,0.1465,0.1956,FCC
2,181.8583,1.8,4.7005,55.18,0.0346,18.594,0.1494,0.1959,FCC
4,3.0129,2,4.858,60.39,0.0306,22.13,0.138,0.1954,FCC
4,3.1831,2,4.8255,60.305,0.0306,22.045,0.1375,0.1956,FCC
1,1.7534,2,4.711,54.23,0.0434,22.156,0.1921,0.2447,BCC+FCC
2,3.3413,2,4.793,60.22,0.0301,21.96,0.1366,0.1955,FCC
2,3.4855,2,4.7605,60.135,0.0291,21.875,0.1352,0.1953,FCC
2,3.6067,2,4.728,60.05,0.0276,21.79,0.1333,0.1948,FCC
1,1.5248,1.95,4.8485,52.86,0.0496,21.068,0.2022,0.2481,BCC+FCC
4,3.3213,1.95,4.898,58.765,0.0296,21.6515,0.1399,0.1945,FCC
1,1.9189,1.95,4.751,52.605,0.0461,20.7365,0.1993,0.2468,BCC+FCC
3,3.9751,1.95,4.833,58.595,0.0313,21.4645,0.1407,0.1955,FCC
4,4.3165,1.95,4.8005,58.51,0.0314,21.371,0.1405,0.1957,FCC
4,4.682,1.95,4.768,58.425,0.031,21.2775,0.1399,0.1956,FCC
4,5.0779,1.95,4.7355,58.34,0.0301,21.184,0.1388,0.1953,FCC
1,5.4944,1.95,4.703,58.255,0.0287,21.0905,0.1372,0.1948,FCC
1,2.3752,1.9,4.6935,50.725,0.0452,18.635,0.2005,0.246,BCC+FCC
4,7.2582,1.9,4.743,56.63,0.0319,20.236,0.1429,0.1957,FCC
2,8.661,1.9,4.7105,56.545,0.0311,20.134,0.1421,0.1954,FCC
1,4.2751,1.85,4.7095,51.925,0.0403,17.915,0.1776,0.2228,BCC+FCC
4,10.6422,1.85,4.7505,54.92,0.0329,18.946,0.1459,0.1958,FCC
4,15.2968,1.85,4.718,54.835,0.0328,18.8355,0.1458,0.1957,FCC
1,2.8776,2,4.883,58.335,0.0295,21.8685,0.137,0.195,FCC
2,3.0558,2,4.8505,58.25,0.0299,21.775,0.1367,0.1953,FCC
4,3.2162,2,4.818,58.165,0.0298,21.6815,0.1361,0.1955,FCC
3,3.3579,2,4.7855,58.08,0.0292,21.588,0.1349,0.1954,FCC
4,3.4728,2,4.753,57.995,0.028,21.4945,0.1332,0.1951,FCC
4,3.5355,2,4.7205,57.91,0.0264,21.401,0.131,0.1946,FCC
1,1.5409,1.95,4.841,50.72,0.049,19.318,0.2012,0.248,BCC+FCC
1,1.6847,1.95,4.8085,50.635,0.0482,19.199,0.2004,0.2477,BCC+FCC
2,3.7297,1.95,4.858,56.54,0.0301,20.818,0.1396,0.195,FCC
1,1.9738,1.95,4.711,50.38,0.0443,18.842,0.1958,0.2457,BCC+FCC
4,4.393,1.95,4.793,56.37,0.0305,20.614,0.1392,0.1955,FCC
3,5.087,1.95,4.728,56.2,0.029,20.41,0.137,0.1952,FCC
1,1.9269,1.9,4.7835,48.84,0.0489,16.84,0.2028,0.2478,BCC+FCC
4,6.462,1.9,4.768,54.575,0.0313,19.1875,0.1421,0.1956,FCC
1,7.511,1.9,4.7355,54.49,0.0309,19.077,0.1415,0.1955,FCC
1,3.0514,1.85,4.7995,50.04,0.0406,16.24,0.1775,0.2231,BCC+FCC
1,1.3174,2.05,4.7125,64.37,0.0509,23.459,0.2109,0.2916,BCC+FCC
1,1.5398,2.05,4.7535,67.365,0.0449,21.149,0.1875,0.273,BCC+FCC
1,1.6234,2.05,4.721,67.28,0.0426,21.098,0.186,0.2719,BCC+FCC
1,1.5623,2,4.6875,62.575,0.0515,23.73,0.2138,0.2917,BCC+FCC
1,2.1206,2,4.6635,65.4,0.0412,21.78,0.1873,0.2707,BCC+FCC
1,2.0667,1.95,4.736,63.86,0.0487,22.358,0.1934,0.2741,BCC+FCC
1,3.1653,1.95,4.7445,66.77,0.0418,20.339,0.164,0.2521,BCC+FCC
1,3.1666,1.9,4.7845,65.145,0.0429,20.986,0.1654,0.2527,BCC+FCC
1,4.1575,1.9,4.7195,64.975,0.0428,20.85,0.1663,0.2521,BCC+FCC
1,3.4675,1.9,4.6135,61.81,0.0438,22.169,0.1931,0.2709,BCC+FCC
1,5.8583,1.9,4.6545,64.805,0.0406,20.714,0.1657,0.2508,BCC+FCC
1,4.7156,1.85,4.727,63.265,0.044,21.0785,0.168,0.2526,BCC+FCC
1,5.814,1.85,4.6945,63.18,0.0438,21.002,0.1684,0.2522,BCC+FCC
1,16.2501,1.8,4.637,61.3,0.0442,20.71,0.1708,0.2517,BCC+FCC
1,6.8262,1.75,4.7095,59.76,0.0453,20.416,0.1705,0.2528,BCC+FCC
1,14.2037,1.75,4.5795,59.42,0.0443,20.042,0.173,0.251,BCC+FCC
1,52.0309,1.7,4.6195,57.795,0.0468,19.304,0.1742,0.2524,BCC+FCC
1,1.3361,2.05,4.7375,62.315,0.0516,24.212,0.2111,0.2928,BCC+FCC
1,1.4096,2.05,4.705,62.23,0.0503,24.144,0.2091,0.2914,BCC+FCC
1,1.7425,2.05,4.7135,65.14,0.0413,22.288,0.1843,0.2717,BCC+FCC
1,1.5672,2,4.7125,60.52,0.0521,24.098,0.2139,0.2929,BCC+FCC
1,2.0054,2,4.721,63.43,0.0448,22.704,0.1888,0.2729,BCC+FCC
1,1.8214,1.95,4.6875,58.725,0.0527,23.625,0.2165,0.293,BCC+FCC
1,2.2293,1.95,4.7285,61.72,0.0476,22.778,0.1923,0.2739,BCC+FCC
1,2.8635,1.95,4.631,61.465,0.0411,22.5485,0.1886,0.2706,BCC+FCC
1,2.3959,1.9,4.736,60.01,0.0497,22.51,0.1949,0.2746,BCC+FCC
1,3.7554,1.9,4.606,59.67,0.0424,22.17,0.1916,0.2707,BCC+FCC
1,33.4063,1.75,4.6045,57.365,0.0441,19.478,0.1721,0.2516,BCC+FCC
1,24.4658,1.7,4.612,55.655,0.0457,18.2615,0.1737,0.2522,BCC+FCC
1,1.4033,2.05,4.73,60.175,0.051,24.4775,0.2094,0.2926,BCC+FCC
1,1.7451,2.05,4.7385,63.085,0.0425,23.118,0.1844,0.2727,BCC+FCC
1,1.7117,2,4.811,61.545,0.0479,23.3105,0.19,0.2749,BCC+FCC
1,1.9837,1.95,4.786,59.75,0.0487,22.94,0.1921,0.2749,BCC+FCC
1,4.3015,1.9,4.737,60.78,0.0412,21.57,0.1645,0.2522,BCC+FCC
1,4.9975,1.9,4.7045,60.695,0.0406,21.485,0.1644,0.2518,BCC+FCC
1,5.9429,1.9,4.672,60.61,0.0396,21.4,0.1639,0.2512,BCC+FCC
1,3.0076,1.85,4.7035,56.075,0.0496,21.02,0.1961,0.2746,BCC+FCC
1,5.8309,1.85,4.712,58.985,0.0421,20.9435,0.1667,0.2523,BCC+FCC
1,10.3022,1.85,4.647,58.815,0.0407,20.7565,0.1665,0.2513,BCC+FCC
1,1.199,2.05,4.82,58.29,0.0545,24.57,0.2125,0.2955,BCC+FCC
1,1.3759,2.05,4.755,58.12,0.0516,24.4,0.2096,0.2937,BCC+FCC
1,1.7222,2.05,4.7635,61.03,0.0435,23.537,0.1843,0.2734,BCC+FCC
1,1.6212,2.05,4.625,57.78,0.0467,24.06,0.1988,0.2874,BCC+FCC
1,1.646,2,4.836,59.49,0.0476,23.37,0.1893,0.2751,BCC+FCC
1,1.4901,2,4.7625,56.41,0.0536,23.601,0.2138,0.2947,BCC+FCC
1,1.5969,2,4.73,56.325,0.0522,23.5075,0.2124,0.2937,BCC+FCC
1,1.8343,1.95,4.705,54.53,0.0527,22.256,0.2151,0.2938,BCC+FCC
1,2.6538,1.95,4.681,57.355,0.0436,22.2405,0.1886,0.2727,BCC+FCC
1,2.8623,1.95,4.6485,57.27,0.0411,22.147,0.1869,0.2715,BCC+FCC
1,6.3692,1.85,4.7045,56.845,0.0411,20.234,0.1659,0.2522,BCC+FCC
1,8.2825,1.85,4.672,56.76,0.0405,20.132,0.1658,0.2518,BCC+FCC
1,1.2478,2.05,4.7065,52.985,0.0579,23.492,0.2276,0.3107,BCC+FCC
1,1.4111,2.05,4.7475,55.98,0.051,23.818,0.2079,0.2935,BCC+FCC
1,1.5425,2.05,4.6825,55.81,0.0486,23.631,0.203,0.2908,BCC+FCC
1,1.7065,2,4.8285,57.35,0.0469,22.925,0.1884,0.2749,BCC+FCC
1,1.8504,2,4.796,57.265,0.0462,22.8315,0.1879,0.2746,BCC+FCC
1,2.2373,2,4.6985,57.01,0.0413,22.551,0.184,0.2724,BCC+FCC
1,1.7601,1.95,4.836,55.64,0.0476,21.878,0.1906,0.2752,BCC+FCC
1,1.6013,1.95,4.7625,52.56,0.0552,21.108,0.216,0.2955,BCC+FCC
1,1.9588,1.95,4.8035,55.555,0.0476,21.776,0.1906,0.275,BCC+FCC
1,2.1469,1.95,4.771,55.47,0.047,21.674,0.1902,0.2747,BCC+FCC
1,2.3335,1.95,4.7385,55.385,0.046,21.572,0.1895,0.2741,BCC+FCC
1,2.0013,1.95,4.665,52.305,0.0509,20.7765,0.2118,0.2924,BCC+FCC
1,2.5224,1.95,4.706,55.3,0.0444,21.47,0.1885,0.2734,BCC+FCC
1,2.7512,1.9,4.7135,53.59,0.0468,20.047,0.192,0.2742,BCC+FCC
1,3.037,1.9,4.681,53.505,0.0454,19.9365,0.1911,0.2735,BCC+FCC
1,7.8885,1.8,4.7045,52.995,0.0412,17.443,0.167,0.2523,BCC+FCC
1,1.5057,2.05,4.846,57.005,0.0455,23.2355,0.185,0.2748,BCC+FCC
1,1.4309,2.05,4.74,53.84,0.0504,22.808,0.2061,0.2933,BCC+FCC
1,1.7121,2.05,4.781,56.835,0.0432,23.0485,0.1827,0.2738,BCC+FCC
1,1.7968,2.05,4.7485,56.75,0.0413,22.955,0.1809,0.2731,BCC+FCC
1,1.5923,2,4.8535,55.295,0.0465,22.154,0.1877,0.275,BCC+FCC
1,1.7517,2,4.821,55.21,0.0462,22.052,0.1874,0.2748,BCC+FCC
1,2.0243,2,4.756,55.04,0.0441,21.848,0.1855,0.2739,BCC+FCC
1,1.736,2,4.6825,51.96,0.0498,21.018,0.2069,0.2921,BCC+FCC
1,2.011,1.95,4.796,53.415,0.0469,20.5095,0.1897,0.2749,BCC+FCC
1,1.8899,1.95,4.69,50.25,0.0515,19.09,0.212,0.2935,BCC+FCC
1,2.7174,1.95,4.666,53.075,0.0412,20.0675,0.1853,0.2723,BCC+FCC
1,2.296,1.9,4.771,51.62,0.0475,18.608,0.1918,0.2749,BCC+FCC
1,3.0667,1.9,4.6735,51.365,0.0443,18.251,0.1898,0.2733,BCC+FCC
1,1.1962,2.05,4.724,48.79,0.058,20.136,0.2262,0.3118,BCC+FCC
1,1.4639,2,4.7725,50.075,0.0529,19.535,0.211,0.2951,BCC+FCC
1,1.7811,2,4.8135,53.07,0.0455,20.751,0.1862,0.2747,BCC+FCC
1,1.9179,2,4.781,52.985,0.0446,20.6405,0.1853,0.2743,BCC+FCC
1,1.7065,2,4.675,49.82,0.0492,19.178,0.2048,0.2919,BCC+FCC
1,2.2241,1.95,4.756,51.19,0.0453,18.696,0.1879,0.2744,BCC+FCC
1,2.9777,1.85,4.706,47.6,0.0469,13.73,0.1928,0.2745,BCC+FCC
1,1.1796,2.05,4.7165,46.65,0.0573,17.83,0.224,0.3116,BCC+FCC
1,1.6418,2,4.8385,51.015,0.0453,19.141,0.1858,0.2748,BCC+FCC
1,1.8657,1.95,4.8135,49.22,0.0459,16.82,0.1881,0.2748,BCC+FCC
1,2.55,1.9,4.7235,47.255,0.0453,13.886,0.1892,0.2743,BCC+FCC
1,2.346,1.85,4.7635,45.63,0.047,11.936,0.1923,0.2749,BCC+FCC
1,2.6422,1.85,4.731,45.545,0.0468,11.834,0.1922,0.2747,BCC+FCC
1,1.8952,2.05,4.7585,65.95,0.045,21.575,0.1749,0.2992,BCC+FCC
1,1.6376,2.05,4.685,62.87,0.0478,23.376,0.1995,0.3161,BCC+FCC
1,2.037,2.05,4.726,65.865,0.0436,21.5155,0.174,0.2984,BCC+FCC
1,1.7416,2.05,4.6525,62.785,0.0466,23.308,0.1976,0.3146,BCC+FCC
1,2.2791,2,4.7335,64.155,0.046,22.004,0.1773,0.2992,BCC+FCC
1,2.496,2,4.701,64.07,0.0447,21.936,0.1767,0.2985,BCC+FCC
1,3.1039,1.95,4.676,62.275,0.0458,21.9975,0.1792,0.2985,BCC+FCC
1,3.5277,1.95,4.6435,62.19,0.0441,21.921,0.1785,0.2976,BCC+FCC
1,2.113,1.85,4.7885,59.11,0.048,21.511,0.1809,0.3006,BCC+FCC
1,2.9571,1.85,4.7235,58.94,0.0495,21.324,0.183,0.3004,BCC+FCC
1,7.4527,1.85,4.5935,58.6,0.0465,20.95,0.1835,0.2977,BCC+FCC
1,2.8363,1.8,4.731,57.23,0.0497,20.436,0.1836,0.3006,BCC+FCC
1,1.3143,2.1,4.7675,62.695,0.0498,23.926,0.1983,0.3182,BCC+FCC
1,1.6927,2.1,4.776,65.605,0.0429,22.0235,0.1709,0.299,BCC+FCC
1,1.4727,2.1,4.7025,62.525,0.0467,23.79,0.1947,0.3158,BCC+FCC
1,1.9154,2,4.685,59.02,0.0498,23.33,0.2023,0.3172,BCC+FCC
1,2.6979,2,4.6935,61.93,0.0435,22.377,0.1754,0.2983,BCC+FCC
1,2.1169,1.95,4.7985,60.475,0.0469,22.385,0.1784,0.3004,BCC+FCC
1,2.3832,1.95,4.766,60.39,0.0471,22.3,0.1788,0.3002,BCC+FCC
1,2.671,1.95,4.7335,60.305,0.0468,22.215,0.1789,0.2997,BCC+FCC
1,3.2526,1.85,4.716,56.8,0.0487,20.61,0.1826,0.3003,BCC+FCC
1,6.1762,1.85,4.6185,56.545,0.0468,20.304,0.1829,0.2985,BCC+FCC
1,8.7948,1.85,4.586,56.46,0.0452,20.202,0.1824,0.2975,BCC+FCC
1,3.8513,1.8,4.691,55.005,0.0494,19.2265,0.1843,0.3003,BCC+FCC
1,6.606,1.8,4.626,54.835,0.0489,19.0055,0.1852,0.2994,BCC+FCC
1,1.4665,2.1,4.7275,60.47,0.0473,24.153,0.195,0.3169,BCC+FCC
1,2.0141,2.05,4.776,61.755,0.044,22.9095,0.1732,0.2995,BCC+FCC
1,2.1779,2,4.7835,60.045,0.0455,22.645,0.1759,0.3,BCC+FCC
1,1.8602,2,4.71,56.965,0.0508,22.9315,0.2022,0.3182,BCC+FCC
1,2.2328,1.9,4.7985,56.625,0.0463,21.09,0.179,0.3004,BCC+FCC
1,2.9737,1.9,4.7335,56.455,0.047,20.886,0.1801,0.3001,BCC+FCC
1,3.4296,1.9,4.701,56.37,0.0467,20.784,0.1802,0.2997,BCC+FCC
1,4.7592,1.9,4.636,56.2,0.0445,20.58,0.1794,0.2983,BCC+FCC
1,5.8595,1.9,4.6035,56.115,0.0427,20.478,0.1784,0.2973,BCC+FCC
1,2.4969,1.85,4.7735,54.83,0.0468,19.689,0.1806,0.3004,BCC+FCC
1,5.2446,1.85,4.6435,54.49,0.0468,19.247,0.1823,0.2991,BCC+FCC
1,1.0017,2.1,4.809,55.675,0.0597,24.6025,0.2224,0.338,BCC+FCC
1,1.2542,2.1,4.8175,58.585,0.0513,24.275,0.198,0.3195,BCC+FCC
1,1.3708,2.1,4.6465,55.25,0.0523,24.135,0.2105,0.3308,BCC+FCC
1,1.9708,2.05,4.63,56.365,0.0448,22.9615,0.1913,0.3139,BCC+FCC
1,2.5014,2,4.7435,57.82,0.044,22.162,0.1745,0.2994,BCC+FCC
1,2.6717,1.95,4.751,56.11,0.0454,21.162,0.1773,0.2999,BCC+FCC
1,2.9905,1.95,4.7185,56.025,0.0449,21.06,0.177,0.2995,BCC+FCC
1,3.3528,1.95,4.686,55.94,0.0438,20.958,0.1764,0.2989,BCC+FCC
1,1.184,2.1,4.8425,56.53,0.0516,23.833,0.1977,0.3199,BCC+FCC
1,1.2765,2.1,4.704,53.28,0.0545,23.256,0.2145,0.3342,BCC+FCC
1,1.5495,2.1,4.7125,56.19,0.0461,23.459,0.1911,0.3165,BCC+FCC
1,1.6126,2.1,4.68,56.105,0.0449,23.3655,0.1883,0.3152,BCC+FCC
1,1.6602,2.1,4.6475,56.02,0.0436,23.272,0.1851,0.3136,BCC+FCC
1,1.459,2.05,4.679,51.485,0.0552,21.5205,0.2178,0.3343,BCC+FCC
1,1.9674,2.05,4.6225,54.225,0.0442,21.99,0.189,0.3137,BCC+FCC
1,1.9237,2,4.8335,55.935,0.044,21.642,0.1742,0.3001,BCC+FCC
1,1.9733,2,4.695,52.685,0.0486,20.6805,0.1993,0.3178,BCC+FCC
1,2.5869,2,4.736,55.68,0.043,21.336,0.1733,0.2993,BCC+FCC
1,2.7772,1.95,4.7435,53.97,0.0446,19.951,0.1763,0.2998,BCC+FCC
1,3.9271,1.85,4.6935,50.38,0.0462,15.9,0.1807,0.2999,BCC+FCC
1,4.7588,1.85,4.661,50.295,0.0457,15.7725,0.1807,0.2995,BCC+FCC
1,1.0571,2.1,4.794,51.395,0.0582,22.0935,0.2194,0.3377,BCC+FCC
1,1.4847,2.1,4.876,57.385,0.0423,23.0635,0.1688,0.2999,BCC+FCC
1,1.2237,2.1,4.729,51.225,0.0553,21.8725,0.2151,0.3354,BCC+FCC
1,1.3321,2.1,4.664,51.055,0.0523,21.6515,0.2089,0.3323,BCC+FCC
1,1.5622,2.1,4.705,54.05,0.0455,22.47,0.1889,0.3163,BCC+FCC
1,1.6117,2.1,4.6725,53.965,0.0443,22.368,0.1859,0.315,BCC+FCC
1,1.3877,2.05,4.704,49.43,0.0559,19.752,0.2182,0.3355,BCC+FCC
1,2.0678,2.05,4.786,55.42,0.0422,21.714,0.1702,0.2996,BCC+FCC
1,1.4617,2.05,4.6715,49.345,0.0545,19.633,0.2157,0.334,BCC+FCC
1,2.2173,2.05,4.7535,55.335,0.0412,21.612,0.1691,0.2991,BCC+FCC
1,1.5129,2.05,4.639,49.26,0.053,19.514,0.2126,0.3324,BCC+FCC
1,1.8224,2.05,4.68,52.255,0.0461,20.8115,0.1924,0.3164,BCC+FCC
1,2.2108,2,4.7935,53.71,0.0434,20.303,0.1733,0.2999,BCC+FCC
1,2.644,2,4.7285,53.54,0.0421,20.082,0.172,0.2991,BCC+FCC
1,2.8613,2,4.696,53.455,0.0406,19.9715,0.1707,0.2985,BCC+FCC
1,3.5241,1.95,4.671,51.66,0.0416,18.074,0.1736,0.2986,BCC+FCC
1,3.3811,1.9,4.711,50.035,0.0445,16.0725,0.1777,0.2997,BCC+FCC
1,3.8826,1.9,4.6785,49.95,0.0438,15.945,0.1772,0.2993,BCC+FCC
1,1.0694,2.1,4.7865,49.255,0.0575,20.197,0.2178,0.3375,BCC+FCC
1,1.2352,2.1,4.8275,52.25,0.0502,21.495,0.1951,0.3196,BCC+FCC
1,1.2247,2.1,4.7215,49.085,0.0546,19.959,0.213,0.3352,BCC+FCC
1,1.4284,2.1,4.7625,52.08,0.0474,21.274,0.1918,0.3183,BCC+FCC
1,1.3016,2.1,4.6565,48.915,0.0516,19.721,0.2063,0.332,BCC+FCC
1,1.4073,2.05,4.8025,50.455,0.0509,19.477,0.1977,0.3197,BCC+FCC
1,1.5346,2.05,4.77,50.37,0.0496,19.358,0.1965,0.3191,BCC+FCC
1,1.9422,2.05,4.811,53.365,0.042,20.5445,0.1697,0.2997,BCC+FCC
1,2.097,2.05,4.7785,53.28,0.0414,20.434,0.1688,0.2994,BCC+FCC
1,1.7924,2.05,4.6725,50.115,0.0455,19.001,0.1903,0.3162,BCC+FCC
1,1.8603,2,4.7125,48.49,0.0487,16.845,0.1977,0.3184,BCC+FCC
1,1.9669,2,4.68,48.405,0.0473,16.7175,0.1959,0.3175,BCC+FCC
1,1.0704,2.1,4.779,47.115,0.0568,17.891,0.216,0.3374,BCC+FCC
1,1.4798,2.1,4.7225,49.855,0.0456,19.327,0.1873,0.3172,BCC+FCC
1,1.5076,2.1,4.69,49.77,0.0443,19.208,0.1842,0.316,BCC+FCC
1,1.5332,2.05,4.7625,48.23,0.0487,17.145,0.1949,0.319,BCC+FCC
1,1.6271,2.05,4.73,48.145,0.0474,17.0175,0.1931,0.3182,BCC+FCC
1,2.3274,1.95,4.786,47.72,0.0427,14.022,0.1739,0.2999,BCC+FCC
1,1.3815,2.15,4.74,65.045,0.0463,22.7515,0.183,0.3404,BCC+FCC
1,1.4649,2.15,4.7075,64.96,0.0439,22.692,0.1812,0.3392,BCC+FCC
1,1.6193,2.15,4.6425,64.79,0.0411,22.573,0.1762,0.3361,BCC+FCC
1,2.1149,2.05,4.6575,61.37,0.0463,22.993,0.1873,0.3393,BCC+FCC
1,2.3018,2.05,4.625,61.285,0.0436,22.9165,0.1856,0.3379,BCC+FCC
1,1.2703,2.15,4.6915,59.91,0.0517,24.769,0.2043,0.3557,BCC+FCC
1,1.5201,2.1,4.7725,61.28,0.0496,23.602,0.1867,0.3421,BCC+FCC
1,1.8897,2.1,4.675,61.025,0.0438,23.3725,0.1826,0.3391,BCC+FCC
1,2.2682,2.05,4.65,59.23,0.045,22.95,0.1857,0.3391,BCC+FCC
1,1.2568,2.15,4.7165,57.855,0.0525,24.665,0.2047,0.357,BCC+FCC
1,1.6475,2.15,4.6925,60.68,0.0424,23.752,0.1772,0.3388,BCC+FCC
1,1.4477,2.15,4.619,57.6,0.0481,24.41,0.1955,0.3517,BCC+FCC
1,1.6078,2.1,4.765,59.14,0.0486,23.55,0.1854,0.3419,BCC+FCC
1,2.1961,2.05,4.675,57.175,0.0461,22.5725,0.1857,0.3402,BCC+FCC
1,1.438,2.15,4.7825,58.795,0.0468,23.895,0.1812,0.3417,BCC+FCC
1,1.2989,2.15,4.709,55.715,0.0518,24.0565,0.2027,0.3569,BCC+FCC
1,1.5334,2.15,4.75,58.71,0.045,23.81,0.1796,0.3409,BCC+FCC
1,1.4243,2.15,4.644,55.545,0.0488,23.8695,0.1965,0.3535,BCC+FCC
1,1.6997,2.15,4.685,58.54,0.0418,23.64,0.175,0.3386,BCC+FCC
1,1.5417,2.1,4.79,57.085,0.0489,23.1635,0.1851,0.3425,BCC+FCC
1,2.1488,2.1,4.6275,56.66,0.0411,22.696,0.1758,0.3372,BCC+FCC
1,2.1004,2.05,4.7,55.12,0.047,21.784,0.1856,0.341,BCC+FCC
1,1.2534,2.15,4.734,53.66,0.0526,23.122,0.2032,0.358,BCC+FCC
1,1.482,2.15,4.775,56.655,0.0459,23.3805,0.1796,0.3416,BCC+FCC
1,1.4449,2.1,4.815,55.03,0.0489,22.366,0.1846,0.3428,BCC+FCC
1,1.0959,2.15,4.7915,51.69,0.0548,21.887,0.2055,0.36,BCC+FCC
1,1.41,2.15,4.8,54.6,0.0464,22.54,0.1796,0.3421,BCC+FCC
1,1.3348,2.15,4.694,51.435,0.0504,21.5555,0.1983,0.3565,BCC+FCC
1,2.0204,2.05,4.7175,50.925,0.0467,18.855,0.1839,0.3416,BCC+FCC
1,1.3121,2.15,4.825,52.545,0.0468,21.2885,0.1794,0.3425,BCC+FCC
1,1.4285,2.15,4.7925,52.46,0.0456,21.178,0.1779,0.342,BCC+FCC
1,1.602,2.15,4.7275,52.29,0.0425,20.957,0.1737,0.3404,BCC+FCC
1,1.69,2.15,4.6625,52.12,0.04,20.736,0.1674,0.338,BCC+FCC
1,1.4386,2.1,4.694,47.585,0.0518,17.2975,0.2024,0.3577,BCC+FCC
1,1.8705,2.1,4.7025,50.495,0.043,18.943,0.1772,0.3405,BCC+FCC
1,1.3214,2.15,4.8175,50.405,0.046,19.507,0.1779,0.3424,BCC+FCC
1,1.8285,2.1,4.695,48.355,0.0424,16.7425,0.1751,0.3403,BCC+FCC
1,1.4635,2.2,4.599,62.09,0.0446,23.972,0.1824,0.372,BCC+FCC
1,1.4177,2.2,4.6565,60.12,0.0468,24.368,0.1868,0.3758,BCC+FCC
1,1.4067,2.2,4.6815,58.065,0.0476,24.285,0.1874,0.3773,BCC+FCC
1,1.5419,2.2,4.6165,57.895,0.0446,24.115,0.1806,0.3737,BCC+FCC
1,1.2909,2.2,4.739,56.095,0.0498,23.8845,0.1904,0.3799,BCC+FCC
1,1.3746,2.2,4.7065,56.01,0.0484,23.791,0.188,0.3786,BCC+FCC
1,1.4497,2.2,4.674,55.925,0.0469,23.6975,0.1851,0.3771,BCC+FCC
1,1.5665,2.2,4.609,55.755,0.0439,23.5105,0.1776,0.3734,BCC+FCC
1,1.3246,2.2,4.7315,53.955,0.0491,22.886,0.1884,0.3797,BCC+FCC
1,1.404,2.2,4.699,53.87,0.0476,22.784,0.1857,0.3784,BCC+FCC
1,1.5252,2.2,4.634,53.7,0.0447,22.58,0.1788,0.3752,BCC+FCC
1,1.7856,2.15,4.609,51.905,0.0453,20.8865,0.183,0.3753,BCC+FCC
1,1.2661,2.2,4.749,49.76,0.0492,19.724,0.1867,0.3805,BCC+FCC
1,1.4045,2.2,4.684,49.59,0.0462,19.486,0.1808,0.378,BCC+FCC
1,1.2599,2.2,4.7415,47.62,0.0485,17.45,0.1846,0.3803,BCC+FCC
4,4.7923,1.9,4.7465,71.985,0.0389,15.4625,0.1783,0.1647,FCC
4,3.4795,1.95,4.764,71.64,0.0366,15.98,0.1748,0.1645,FCC
4,3.5234,1.95,4.789,69.585,0.0367,17.871,0.1742,0.1643,FCC
3,3.7075,1.95,4.7815,67.445,0.0356,19.2915,0.1731,0.1641,FCC
3,12.7486,1.85,4.699,63.77,0.0364,20.013,0.1775,0.1643,FCC
4,3.2634,1.95,4.8715,65.56,0.0362,20.488,0.1728,0.1625,FCC
4,3.8524,1.95,4.774,65.305,0.0345,20.284,0.1718,0.164,FCC
3,6.5062,1.9,4.7165,63.425,0.0341,20.3925,0.1736,0.1641,FCC
3,14.6106,1.85,4.6915,61.63,0.0352,20.21,0.1763,0.1642,FCC
4,64.7134,1.8,4.699,59.92,0.0375,19.762,0.1793,0.1642,FCC
3,62.891,1.8,4.6665,59.835,0.0363,19.6685,0.1789,0.1643,FCC
3,3.3761,1.95,4.864,63.42,0.0355,21.078,0.172,0.1624,FCC
3,3.5765,1.95,4.8315,63.335,0.0353,21.0015,0.1719,0.1631,FCC
2,3.7694,1.95,4.799,63.25,0.0346,20.925,0.1714,0.1636,FCC
2,3.9566,1.95,4.7665,63.165,0.0335,20.8485,0.1705,0.1639,FCC
3,4.1359,1.95,4.734,63.08,0.0318,20.772,0.1692,0.1639,FCC
3,5.5549,1.9,4.774,61.455,0.0355,20.725,0.1739,0.1637,FCC
4,6.7916,1.9,4.709,61.285,0.0329,20.555,0.1722,0.1639,FCC
4,9.5711,1.85,4.749,59.66,0.0364,20.166,0.1763,0.1637,FCC
2,307.5589,1.8,4.6915,57.78,0.0365,19.146,0.1783,0.1641,FCC
3,3.2503,1.95,4.889,61.365,0.0346,21.325,0.1711,0.1614,FCC
3,3.4607,1.95,4.8565,61.28,0.0348,21.24,0.1711,0.1623,FCC
4,3.6569,1.95,4.824,61.195,0.0345,21.155,0.1708,0.163,FCC
1,3.8417,1.95,4.7915,61.11,0.0337,21.07,0.1701,0.1635,FCC
4,4.0136,1.95,4.759,61.025,0.0324,20.985,0.169,0.1637,FCC
3,4.1634,1.95,4.7265,60.94,0.0306,20.9,0.1675,0.1637,FCC
4,3.9674,1.9,4.8965,59.655,0.0344,20.8505,0.1726,0.1603,FCC
1,5.7387,1.9,4.7665,59.315,0.0346,20.4765,0.1728,0.1635,FCC
4,6.3089,1.9,4.734,59.23,0.0334,20.383,0.1719,0.1638,FCC
4,6.9603,1.9,4.7015,59.145,0.0317,20.2895,0.1706,0.1638,FCC
4,10.3145,1.85,4.7415,57.52,0.0355,19.524,0.1753,0.1636,FCC
3,13.3464,1.85,4.709,57.435,0.0344,19.422,0.1746,0.1638,FCC
4,45.955,1.8,4.7165,55.725,0.0364,18.2125,0.1776,0.1637,FCC
4,3.3104,1.95,4.8815,59.225,0.034,21.0675,0.1703,0.1613,FCC
4,3.5151,1.95,4.849,59.14,0.0341,20.974,0.1702,0.1622,FCC
2,3.7015,1.95,4.8165,59.055,0.0337,20.8805,0.1696,0.1629,FCC
4,3.8691,1.95,4.784,58.97,0.0327,20.787,0.1687,0.1633,FCC
2,4.0095,1.95,4.7515,58.885,0.0313,20.6935,0.1674,0.1636,FCC
3,4.0942,1.95,4.719,58.8,0.0294,20.6,0.1656,0.1635,FCC
4,3.6447,1.9,4.9215,57.6,0.0327,20.31,0.1714,0.1589,FCC
4,4.9114,1.9,4.824,57.345,0.0347,20.004,0.1725,0.1623,FCC
2,5.3626,1.9,4.7915,57.26,0.0344,19.902,0.1722,0.1629,FCC
2,5.8545,1.9,4.759,57.175,0.0336,19.8,0.1715,0.1634,FCC
3,6.3829,1.9,4.7265,57.09,0.0323,19.698,0.1704,0.1636,FCC
4,5.569,1.85,4.864,55.72,0.0343,18.896,0.1739,0.1602,FCC
2,8.9308,1.85,4.7665,55.465,0.0352,18.5645,0.1746,0.163,FCC
4,11.0152,1.85,4.734,55.38,0.0345,18.454,0.1741,0.1635,FCC
4,2.9052,2,4.7055,64.66,0.0357,20.888,0.1826,0.2265,FCC
3,4.0443,1.95,4.6805,62.865,0.0369,21.0085,0.1856,0.2266,FCC
4,2.8584,2,4.7305,62.605,0.0368,21.4645,0.1826,0.2268,FCC
4,2.9737,2,4.698,62.52,0.0344,21.388,0.1808,0.2263,FCC
2,4.167,1.95,4.673,60.725,0.0356,21.115,0.1839,0.2264,FCC
4,2.9016,2,4.723,60.465,0.0356,21.545,0.1809,0.2266,FCC
2,2.994,2,4.6905,60.38,0.0337,21.46,0.1788,0.2262,FCC
4,4.2034,1.95,4.6655,58.585,0.0343,20.7935,0.1821,0.2262,FCC
4,2.8097,2,4.748,58.41,0.0366,21.291,0.1809,0.2268,FCC
2,2.8998,2,4.7155,58.325,0.0345,21.1975,0.179,0.2265,FCC
2,2.9453,2,4.683,58.24,0.0334,21.104,0.1767,0.226,FCC
3,3.954,1.95,4.6905,56.53,0.0356,20.146,0.1822,0.2266,FCC
2,2.8326,2,4.708,56.185,0.0337,20.422,0.1771,0.2263,FCC
4,3.8291,2,4.754,70.9,0.038,15.86,0.2063,0.2676,FCC
4,4.0242,2,4.7465,68.76,0.0369,17.446,0.2053,0.2676,FCC
4,3.9704,2,4.7715,66.705,0.0375,18.8435,0.2049,0.2656,FCC
4,3.8829,2,4.7965,64.65,0.0379,19.83,0.2044,0.2634,FCC
4,1005.0897,1.85,4.689,59.18,0.0394,19.018,0.2103,0.2656,FCC
3,4.3007,2,4.724,62.34,0.0333,20.176,0.2014,0.2678,FCC
4,7.2472,1.95,4.699,60.545,0.0344,19.885,0.204,0.2678,FCC
4,10.7743,1.9,4.739,58.92,0.0387,19.422,0.2077,0.2635,FCC
4,14.0902,1.9,4.7065,58.835,0.0373,19.3285,0.2072,0.2657,FCC
3,4.2322,2,4.7165,60.2,0.0321,20.23,0.1999,0.2678,FCC
4,5.5413,1.95,4.789,58.66,0.0379,19.826,0.205,0.2612,FCC
4,6.6306,1.95,4.724,58.49,0.0353,19.639,0.2038,0.2657,FCC
4,11.5469,1.9,4.7315,56.78,0.0377,18.706,0.2068,0.2635,FCC
3,3.3725,2,4.729,72.555,0.036,14.6075,0.1469,0.1843,FCC
3,4.1871,2,4.7715,74.22,0.033,13.008,0.1274,0.1756,FCC
4,4.1632,1.95,4.769,70.93,0.0395,16.158,0.1516,0.1859,FCC
4,4.6236,1.95,4.7365,70.845,0.0386,16.107,0.1511,0.1853,FCC
3,5.1778,1.95,4.704,70.76,0.0372,16.056,0.1501,0.1844,FCC
1,3.9076,1.9,4.6915,65.89,0.0487,18.191,0.1875,0.2025,BCC+FCC
4,9.9729,1.9,4.7865,70.8,0.0355,16.34,0.1328,0.1761,FCC
1,4.4296,1.85,4.774,65.93,0.0474,18.487,0.1745,0.1961,BCC+FCC
3,3.2283,2,4.7865,70.585,0.0375,16.641,0.1475,0.1856,FCC
3,3.4475,2,4.754,70.5,0.0363,16.59,0.1466,0.185,FCC
3,4.3188,2,4.7965,72.165,0.0325,15.3625,0.1265,0.1757,FCC
4,3.6785,2,4.7215,70.415,0.0346,16.539,0.1451,0.1841,FCC
4,4.6164,2,4.764,72.08,0.0318,15.32,0.1259,0.1754,FCC
4,4.5878,1.95,4.7615,68.79,0.0385,17.713,0.1504,0.1857,FCC
4,6.2565,1.95,4.804,70.455,0.0336,16.823,0.1294,0.1759,FCC
4,5.1071,1.95,4.729,68.705,0.0374,17.6535,0.1497,0.1851,FCC
4,7.0807,1.95,4.7715,70.37,0.0335,16.772,0.1296,0.1758,FCC
4,5.7432,1.95,4.6965,68.62,0.0359,17.594,0.1485,0.1842,FCC
1,2.8896,1.9,4.7815,64.005,0.0516,18.855,0.1885,0.2049,BCC+FCC
4,25.0694,1.9,4.714,68.49,0.034,17.763,0.1323,0.1756,FCC
4,22.73,1.85,4.7865,66.95,0.0348,18.65,0.1335,0.1759,FCC
4,112.6651,1.85,4.7215,66.78,0.0355,18.514,0.135,0.176,FCC
3,26.4303,1.85,4.689,66.695,0.0351,18.446,0.1352,0.1756,FCC
4,67.9772,1.8,4.794,65.24,0.0351,19.076,0.134,0.1756,FCC
3,3.4489,2,4.779,68.445,0.0364,18.1615,0.1461,0.1854,FCC
2,4.972,2,4.7565,69.94,0.0306,17.204,0.1243,0.1752,FCC
3,6.1006,1.95,4.829,68.4,0.0324,18.39,0.1281,0.1757,FCC
4,4.9543,1.95,4.754,66.65,0.0374,18.84,0.1491,0.1855,FCC
4,5.5305,1.95,4.7215,66.565,0.0362,18.772,0.1482,0.1849,FCC
4,7.8116,1.95,4.764,68.23,0.0324,18.271,0.1283,0.1757,FCC
1,3.539,1.9,4.7415,61.78,0.0498,18.768,0.1869,0.2041,BCC+FCC
2,8.5957,1.9,4.8365,66.69,0.0324,19.132,0.1297,0.1754,FCC
3,10.5529,1.9,4.804,66.605,0.0332,19.064,0.1306,0.1757,FCC
3,13.6241,1.9,4.7715,66.52,0.0336,18.996,0.1312,0.1758,FCC
4,19.4009,1.9,4.739,66.435,0.0334,18.928,0.1313,0.1757,FCC
3,35.0865,1.9,4.7065,66.35,0.0328,18.86,0.131,0.1754,FCC
3,17.4308,1.85,4.8115,64.895,0.0334,19.4555,0.1318,0.1754,FCC
3,30.8117,1.85,4.779,64.81,0.034,19.379,0.133,0.1758,FCC
3,20.2074,1.85,4.6815,64.555,0.0339,19.1495,0.134,0.1755,FCC
2,323.958,1.8,4.7865,63.1,0.0344,19.42,0.1338,0.1755,FCC
2,17.6107,1.8,4.7215,62.93,0.0353,19.25,0.1361,0.176,FCC
3,11.0746,1.8,4.689,62.845,0.0354,19.165,0.1367,0.1759,FCC
4,6.1404,1.75,4.664,61.05,0.0364,18.745,0.1392,0.176,FCC
4,4.6724,1.75,4.6315,60.965,0.0362,18.6515,0.1396,0.1756,FCC
4,4.1147,1.7,4.639,59.255,0.0374,17.966,0.1415,0.176,FCC
2,4.3235,2,4.8465,68.055,0.0308,18.8385,0.1244,0.1755,FCC
4,3.6297,2,4.7715,66.305,0.0353,19.254,0.1445,0.1853,FCC
2,4.932,2,4.7815,67.885,0.0304,18.7195,0.1236,0.1754,FCC
2,5.2736,2,4.749,67.8,0.0294,18.66,0.1225,0.175,FCC
1,3.2039,1.95,4.7265,61.35,0.0463,18.985,0.1815,0.2029,BCC+FCC
2,5.8737,1.95,4.854,66.345,0.0309,19.546,0.1267,0.1752,FCC
2,6.5772,1.95,4.8215,66.26,0.0316,19.478,0.1272,0.1755,FCC
2,7.4298,1.95,4.789,66.175,0.0317,19.41,0.1273,0.1756,FCC
4,10.0372,1.95,4.724,66.005,0.0305,19.274,0.1261,0.1751,FCC
4,5.2856,1.9,4.819,62.97,0.0379,19.72,0.151,0.1859,FCC
1,4.2868,1.9,4.7015,59.555,0.0473,18.236,0.1844,0.203,BCC+FCC
3,9.5304,1.9,4.829,64.55,0.0316,19.835,0.1291,0.1753,FCC
4,11.9143,1.9,4.7965,64.465,0.0323,19.7585,0.1299,0.1756,FCC
4,8.8008,1.9,4.7215,62.715,0.0373,19.465,0.1507,0.1854,FCC
4,24.3505,1.9,4.7315,64.295,0.0324,19.6055,0.1301,0.1756,FCC
4,56.5018,1.9,4.699,64.21,0.0316,19.529,0.1296,0.1752,FCC
4,31.7599,1.85,4.7065,62.5,0.0334,19.51,0.1331,0.1756,FCC
3,10.3781,1.75,4.7215,59.08,0.0347,18.446,0.1368,0.1758,FCC
3,5.4694,1.75,4.6565,58.91,0.0354,18.242,0.1384,0.1758,FCC
4,6.3508,1.7,4.6965,57.285,0.0359,17.2905,0.1389,0.1758,FCC
2,4.2388,2,4.8715,66,0.0295,19.96,0.1232,0.175,FCC
4,3.5426,2,4.7965,64.25,0.0353,19.995,0.1441,0.1855,FCC
2,4.5363,2,4.839,65.915,0.03,19.892,0.1232,0.1753,FCC
3,5.1694,2,4.774,65.745,0.0293,19.756,0.1219,0.1753,FCC
3,5.5244,2,4.7415,65.66,0.0282,19.688,0.1205,0.1748,FCC
2,5.5897,1.95,4.879,64.29,0.0292,20.291,0.1251,0.1746,FCC
2,7.0269,1.95,4.814,64.12,0.0307,20.138,0.1262,0.1754,FCC
4,5.5697,1.95,4.739,62.37,0.0353,19.81,0.1462,0.1852,FCC
3,9.237,1.95,4.749,63.95,0.0303,19.985,0.1255,0.1753,FCC
4,7.8418,1.9,4.7465,60.66,0.0371,19.436,0.15,0.1857,FCC
3,13.46,1.9,4.789,62.325,0.0315,20.025,0.129,0.1755,FCC
3,18.7844,1.9,4.7565,62.24,0.0316,19.94,0.1291,0.1756,FCC
3,12.7012,1.9,4.6815,60.49,0.035,19.249,0.1481,0.1846,FCC
3,32.1809,1.9,4.724,62.155,0.0313,19.855,0.1288,0.1754,FCC
4,145.8997,1.9,4.6915,62.07,0.0304,19.77,0.128,0.175,FCC
4,27.6329,1.85,4.7965,60.615,0.0315,19.6465,0.1309,0.1752,FCC
4,16.5801,1.85,4.7215,58.865,0.038,18.618,0.1527,0.1857,FCC
3,88.2785,1.85,4.764,60.53,0.0323,19.553,0.1316,0.1755,FCC
4,66.8455,1.85,4.7315,60.445,0.0325,19.4595,0.132,0.1756,FCC
4,22.7569,1.85,4.699,60.36,0.0323,19.366,0.1319,0.1755,FCC
1,4.4085,2,4.864,63.86,0.0288,20.594,0.1221,0.1749,FCC
4,3.6531,2,4.789,62.11,0.0343,20.24,0.1425,0.1853,FCC
1,4.7136,2,4.8315,63.775,0.0291,20.5175,0.1219,0.1752,FCC
3,5.028,2,4.799,63.69,0.0289,20.441,0.1213,0.1753,FCC
2,5.3604,2,4.7665,63.605,0.0282,20.3645,0.1201,0.1751,FCC
3,5.2467,1.95,4.904,62.235,0.0276,20.625,0.1235,0.1737,FCC
3,4.7165,1.95,4.7965,60.4,0.0358,19.84,0.1465,0.1856,FCC
3,6.6064,1.95,4.839,62.065,0.0295,20.455,0.125,0.175,FCC
4,7.4528,1.95,4.8065,61.98,0.0299,20.37,0.1251,0.1753,FCC
4,5.8165,1.95,4.7315,60.23,0.0342,19.653,0.1445,0.185,FCC
3,8.5167,1.95,4.774,61.895,0.0298,20.285,0.1247,0.1753,FCC
4,6.5304,1.95,4.699,60.145,0.0327,19.5595,0.1427,0.1843,FCC
3,9.9496,1.95,4.7415,61.81,0.0292,20.2,0.1238,0.1752,FCC
4,7.4164,1.95,4.6665,60.06,0.0306,19.466,0.1405,0.1834,FCC
3,12.0615,1.95,4.709,61.725,0.0281,20.115,0.1224,0.1747,FCC
1,3.1207,1.9,4.784,55.53,0.0491,16.432,0.1848,0.2046,BCC+FCC
1,3.5852,1.9,4.7515,55.445,0.0483,16.313,0.184,0.2042,BCC+FCC
4,7.7169,1.9,4.879,60.44,0.0287,20.144,0.1257,0.1738,FCC
4,11.6056,1.9,4.814,60.27,0.0302,19.957,0.1277,0.175,FCC
3,8.4385,1.9,4.739,58.52,0.0361,18.894,0.1487,0.1855,FCC
3,15.2876,1.9,4.7815,60.185,0.0307,19.8635,0.128,0.1753,FCC
2,22.7086,1.9,4.749,60.1,0.0307,19.77,0.1279,0.1754,FCC
4,14.3718,1.9,4.674,58.35,0.0338,18.69,0.1463,0.1844,FCC
3,47.3646,1.9,4.7165,60.015,0.0302,19.6765,0.1273,0.1752,FCC
3,212.2215,1.9,4.684,59.93,0.0293,19.583,0.1262,0.1748,FCC
4,52.8098,1.85,4.6815,56.64,0.0362,17.572,0.1509,0.1852,FCC
3,37.2757,1.85,4.724,58.305,0.0316,18.896,0.1309,0.1755,FCC
3,17.1139,1.85,4.6915,58.22,0.0312,18.794,0.1306,0.1753,FCC
3,15.7769,1.8,4.7315,56.595,0.0322,17.7735,0.1333,0.1755,FCC
4,9.9906,1.8,4.699,56.51,0.0325,17.663,0.1337,0.1755,FCC
4,7.6219,1.75,4.7065,54.8,0.033,16.19,0.1357,0.1755,FCC
4,3.0199,2,4.879,60.225,0.0342,20.3375,0.1433,0.1852,FCC
4,3.9092,2,4.9215,61.89,0.0263,20.97,0.1203,0.1736,FCC
2,4.235,2,4.889,61.805,0.0275,20.885,0.1208,0.1743,FCC
3,3.5035,2,4.814,60.055,0.0342,20.1505,0.142,0.1854,FCC
2,4.5453,2,4.8565,61.72,0.0281,20.8,0.1209,0.1748,FCC
1,4.8536,2,4.824,61.635,0.0283,20.715,0.1205,0.1751,FCC
3,3.9477,2,4.749,59.885,0.0321,19.9635,0.1389,0.1847,FCC
2,5.1688,2,4.7915,61.55,0.028,20.63,0.1195,0.1751,FCC
3,3.4399,2,4.674,58.135,0.0338,18.862,0.1508,0.1916,FCC
2,5.496,2,4.759,61.465,0.0272,20.545,0.1181,0.1749,FCC
4,4.3226,2,4.684,59.715,0.0281,19.7765,0.1336,0.183,FCC
4,3.9643,1.95,4.854,58.43,0.0348,19.476,0.1459,0.1852,FCC
4,6.1638,1.95,4.864,60.01,0.028,20.361,0.1236,0.1744,FCC
3,5.4001,1.95,4.7565,58.175,0.0343,19.17,0.1441,0.1853,FCC
3,7.8523,1.95,4.799,59.84,0.0291,20.174,0.1238,0.1751,FCC
2,6.0034,1.95,4.724,58.09,0.0331,19.068,0.1426,0.1848,FCC
2,9.0291,1.95,4.7665,59.755,0.0289,20.0805,0.1232,0.1752,FCC
3,6.707,1.95,4.6915,58.005,0.0315,18.966,0.1406,0.1841,FCC
3,13.1005,1.95,4.7015,59.585,0.027,19.8935,0.1203,0.1746,FCC
3,8.2549,1.9,4.8715,58.3,0.0276,19.58,0.1253,0.1737,FCC
2,10.0997,1.9,4.839,58.215,0.0286,19.478,0.1263,0.1744,FCC
2,17.5454,1.9,4.774,58.045,0.0298,19.274,0.1269,0.1752,FCC
3,11.5162,1.9,4.699,56.295,0.0341,17.8135,0.1461,0.1849,FCC
2,28.602,1.9,4.7415,57.96,0.0297,19.172,0.1265,0.1753,FCC
3,93.5288,1.9,4.709,57.875,0.0291,19.07,0.1257,0.1751,FCC
3,95.5244,1.85,4.749,56.25,0.0306,18.015,0.1298,0.1753,FCC
4,24.7568,1.85,4.7165,56.165,0.0306,17.9045,0.1297,0.1753,FCC
3,12.5505,1.8,4.724,54.455,0.0314,16.397,0.1325,0.1753,FCC
2,2.7987,2,4.904,58.17,0.033,19.854,0.1423,0.1846,FCC
4,3.6383,2,4.9465,59.835,0.0243,20.8585,0.1187,0.1726,FCC
4,3.0787,2,4.8715,58.085,0.0336,19.752,0.1421,0.1851,FCC
3,4.0084,2,4.914,59.75,0.0258,20.765,0.1195,0.1735,FCC
3,3.3248,2,4.839,58,0.0337,19.65,0.1415,0.1853,FCC
3,4.3361,2,4.8815,59.665,0.0269,20.6715,0.1198,0.1742,FCC
1,4.6463,2,4.849,59.58,0.0274,20.578,0.1196,0.1747,FCC
4,3.1442,2,4.7315,56.165,0.036,18.0745,0.1545,0.1936,FCC
2,3.764,2,4.774,57.83,0.0324,19.446,0.1388,0.185,FCC
3,4.9511,2,4.8165,59.495,0.0275,20.4845,0.1189,0.1749,FCC
2,3.9562,2,4.7415,57.745,0.031,19.344,0.1368,0.1845,FCC
3,5.2555,2,4.784,59.41,0.027,20.391,0.1176,0.175,FCC
4,5.5562,2,4.7515,59.325,0.0261,20.2975,0.1158,0.1747,FCC
4,4.9988,1.95,4.9215,58.04,0.0252,19.958,0.1212,0.1727,FCC
3,5.6864,1.95,4.889,57.955,0.0263,19.856,0.1222,0.1736,FCC
1,2.8755,1.95,4.6865,51.21,0.0489,12.286,0.1875,0.2098,BCC+FCC
4,4.5174,1.95,4.814,56.205,0.0344,18.3865,0.1445,0.1853,FCC
3,6.4059,1.95,4.8565,57.87,0.0274,19.754,0.1227,0.1743,FCC
4,7.2233,1.95,4.824,57.785,0.0281,19.652,0.1228,0.1747,FCC
4,5.5142,1.95,4.749,56.035,0.0333,18.1655,0.1424,0.1851,FCC
2,8.2141,1.95,4.7915,57.7,0.0282,19.55,0.1224,0.175,FCC
4,6.086,1.95,4.7165,55.95,0.032,18.055,0.1406,0.1846,FCC
1,9.495,1.95,4.759,57.615,0.0279,19.448,0.1215,0.175,FCC
2,7.2157,1.9,4.8965,56.245,0.0264,18.6985,0.1235,0.1727,FCC
3,10.918,1.9,4.8315,56.075,0.028,18.4775,0.1255,0.1743,FCC
4,14.2068,1.9,4.799,55.99,0.0287,18.367,0.1258,0.1748,FCC
4,9.5532,1.9,4.724,54.24,0.0342,16.526,0.1458,0.1852,FCC
2,20.4816,1.9,4.7665,55.905,0.029,18.2565,0.1256,0.1751,FCC
3,38.9142,1.9,4.734,55.82,0.0288,18.146,0.125,0.1751,FCC
2,31.3389,1.85,4.8065,54.28,0.0285,16.842,0.128,0.1744,FCC
4,16.8717,1.85,4.7315,52.53,0.0357,14.655,0.1497,0.1855,FCC
2,176.8633,1.85,4.774,54.195,0.0294,16.723,0.1286,0.1749,FCC
4,43.3234,1.85,4.7415,54.11,0.0298,16.604,0.1287,0.1751,FCC
4,38.8831,1.8,4.739,50.82,0.0364,12.442,0.1525,0.1855,FCC
1,1.917,2.05,4.698,66.78,0.0493,18.854,0.1904,0.2543,BCC+FCC
3,2.9256,2.05,4.728,71.52,0.0353,16.16,0.1423,0.2345,FCC
1,2.7782,2,4.758,68.315,0.0438,18.5005,0.1657,0.2434,BCC+FCC
1,3.0315,2,4.6505,66.48,0.0422,18.874,0.1774,0.2468,BCC+FCC
1,3.2715,1.95,4.6905,64.855,0.0481,19.3295,0.1838,0.2495,BCC+FCC
1,4.1714,1.9,4.7405,64.81,0.0464,19.549,0.1707,0.2441,BCC+FCC
1,10.439,1.85,4.6505,62.845,0.0458,19.335,0.1728,0.2429,BCC+FCC
1,4.7554,1.8,4.7555,61.39,0.0474,19.289,0.1732,0.2446,BCC+FCC
1,2.3521,2.05,4.7755,67.97,0.0417,18.949,0.1615,0.2431,BCC+FCC
4,4.6252,2,4.6955,67.585,0.0353,18.9395,0.144,0.2344,FCC
1,3.1711,1.95,4.7155,62.8,0.0487,19.72,0.1835,0.2503,BCC+FCC
1,3.5618,1.95,4.683,62.715,0.0469,19.635,0.1824,0.2493,BCC+FCC
1,3.3915,1.9,4.798,62.84,0.0454,20.02,0.1693,0.2444,BCC+FCC
1,6.4684,1.85,4.708,60.875,0.0463,19.4125,0.1721,0.244,BCC+FCC
1,7.1607,1.8,4.7155,59.165,0.0472,18.718,0.1737,0.2444,BCC+FCC
1,10.3888,1.8,4.683,59.08,0.0472,18.616,0.1742,0.244,BCC+FCC
1,11.3747,1.75,4.6905,57.37,0.048,17.571,0.1755,0.2444,BCC+FCC
1,2.1683,2.05,4.683,62.5,0.0479,19.85,0.1861,0.2538,BCC+FCC
4,2.8281,2.05,4.8105,67.495,0.0364,19.5665,0.1422,0.2359,FCC
4,3.1892,2.05,4.7455,67.325,0.0344,19.4475,0.1402,0.2349,FCC
4,3.3746,2.05,4.713,67.24,0.0327,19.388,0.1385,0.2342,FCC
1,2.9174,2,4.7005,62.37,0.0446,19.98,0.1777,0.2491,BCC+FCC
4,4.9741,2,4.688,65.445,0.034,19.946,0.1422,0.2342,FCC
1,4.3068,1.95,4.643,60.49,0.0433,19.419,0.179,0.2479,BCC+FCC
1,2.1075,2.05,4.708,60.445,0.0487,19.7995,0.1866,0.2551,BCC+FCC
4,2.9724,2.05,4.803,65.355,0.0354,20.564,0.1409,0.2357,FCC
4,3.1554,2.05,4.7705,65.27,0.0346,20.496,0.1399,0.2354,FCC
4,3.3389,2.05,4.738,65.185,0.0333,20.428,0.1384,0.2348,FCC
3,3.5245,2.05,4.7055,65.1,0.0314,20.36,0.1363,0.234,FCC
4,4.3386,2,4.7455,63.475,0.0356,20.6775,0.1431,0.2354,FCC
1,2.4927,1.95,4.798,58.775,0.0496,19.37,0.1832,0.2518,BCC+FCC
1,2.83,1.95,4.7655,58.69,0.0491,19.268,0.1827,0.2514,BCC+FCC
1,4.0069,1.95,4.668,58.435,0.0445,18.962,0.1791,0.249,BCC+FCC
3,7.6681,1.95,4.688,61.595,0.0355,20.415,0.1452,0.2349,FCC
4,46.1128,1.9,4.6305,59.715,0.0351,19.7765,0.1472,0.2342,FCC
3,4.1467,2,4.7705,61.42,0.0354,20.93,0.1425,0.2357,FCC
4,4.9838,2,4.7055,61.25,0.0332,20.76,0.1401,0.2347,FCC
4,5.504,2,4.673,61.165,0.0313,20.675,0.1381,0.2339,FCC
3,6.8867,1.95,4.713,59.54,0.0355,20.274,0.1447,0.2353,FCC
4,8.292,1.95,4.6805,59.455,0.0343,20.1805,0.1436,0.2348,FCC
4,10.5003,1.95,4.648,59.37,0.0326,20.087,0.1419,0.234,FCC
4,2.7954,2.05,4.853,61.245,0.0342,21.445,0.1393,0.2357,FCC
1,2.1946,2.05,4.693,56.165,0.0473,18.2445,0.1819,0.2547,BCC+FCC
4,3.1732,2.05,4.788,61.075,0.0335,21.275,0.1377,0.2355,FCC
4,3.3507,2.05,4.7555,60.99,0.0325,21.19,0.1362,0.2351,FCC
3,3.5204,2.05,4.723,60.905,0.0309,21.105,0.1342,0.2344,FCC
4,3.6752,2.05,4.6905,60.82,0.0288,21.02,0.1315,0.2336,FCC
4,3.5915,2,4.828,59.45,0.0349,20.865,0.1421,0.2357,FCC
1,3.8121,1.95,4.6855,54.24,0.0444,16.696,0.1774,0.2496,BCC+FCC
2,5.3837,1.95,4.7705,57.57,0.0357,19.824,0.1446,0.2358,FCC
4,6.2109,1.95,4.738,57.485,0.0353,19.722,0.1441,0.2356,FCC
2,8.8625,1.95,4.673,57.315,0.0331,19.518,0.1417,0.2346,FCC
4,2.8608,2.05,4.8455,59.105,0.0335,21.1755,0.1381,0.2356,FCC
3,3.228,2.05,4.7805,58.935,0.0326,20.9885,0.136,0.2353,FCC
2,3.5377,2.05,4.7155,58.765,0.0297,20.8015,0.1318,0.2343,FCC
4,3.64,2.05,4.683,58.68,0.0275,20.708,0.1288,0.2334,FCC
1,2.9894,2,4.703,53.895,0.0424,16.903,0.1721,0.2494,BCC+FCC
3,4.7942,2,4.723,57.055,0.0324,19.896,0.1379,0.235,FCC
2,5.2046,2,4.6905,56.97,0.0308,19.794,0.1359,0.2343,FCC
3,7.6386,1.95,4.698,55.26,0.0334,18.538,0.1415,0.235,FCC
1,2.0607,2.05,4.7105,51.97,0.0473,15.105,0.1802,0.2556,BCC+FCC
1,3.3844,2.05,4.7405,56.71,0.0303,20.172,0.1319,0.2347,FCC
3,3.4766,2.05,4.708,56.625,0.0285,20.07,0.1292,0.2341,FCC
3,4.4555,2,4.748,55,0.0325,18.89,0.1377,0.2352,FCC
4,4.8013,2,4.7155,54.915,0.0313,18.7795,0.1359,0.2348,FCC
2,6.6656,1.95,4.723,53.205,0.0334,17.147,0.1411,0.2353,FCC
1,2.1068,2.1,4.5995,65.49,0.044,19.892,0.1773,0.289,BCC+FCC
1,2.2759,2.05,4.7145,65.615,0.0463,20.252,0.1773,0.2905,BCC+FCC
1,2.8379,2,4.6895,63.82,0.0474,20.468,0.1801,0.2905,BCC+FCC
1,3.1516,1.95,4.697,62.11,0.05,20.41,0.1835,0.2916,BCC+FCC
1,4.7174,1.95,4.6745,63.605,0.044,20.5345,0.1662,0.2846,BCC+FCC
1,4.6401,1.85,4.722,60.27,0.0472,20.127,0.17,0.2862,BCC+FCC
1,6.0054,1.85,4.6895,60.185,0.0473,20.0335,0.1707,0.2859,BCC+FCC
1,2.0729,2.05,4.772,63.645,0.0483,21.0005,0.178,0.292,BCC+FCC
1,2.4463,2.05,4.782,65.225,0.0428,20.89,0.1609,0.2855,BCC+FCC
1,2.8836,2.05,4.717,65.055,0.0406,20.754,0.1592,0.2843,BCC+FCC
1,3.0747,2,4.682,61.68,0.0462,20.67,0.1786,0.2904,BCC+FCC
1,4.4288,1.95,4.6995,61.55,0.044,20.8,0.1656,0.2851,BCC+FCC
1,10.0832,1.85,4.6495,57.96,0.046,19.342,0.1703,0.2853,BCC+FCC
1,7.0768,1.8,4.6895,56.335,0.0471,18.2955,0.1714,0.2862,BCC+FCC
1,1.8592,2.1,4.7145,61.55,0.0485,20.97,0.1852,0.2957,BCC+FCC
1,2.3878,2.05,4.807,63.17,0.0424,21.523,0.1601,0.2858,BCC+FCC
1,2.6036,2.05,4.7745,63.085,0.0419,21.4465,0.1597,0.2854,BCC+FCC
1,2.6466,2,4.7395,59.71,0.0482,20.631,0.1794,0.2919,BCC+FCC
1,2.9403,2,4.707,59.625,0.0469,20.5375,0.1784,0.2912,BCC+FCC
1,3.0953,1.95,4.7895,59.665,0.0437,20.8415,0.1645,0.2861,BCC+FCC
1,3.5617,1.95,4.757,59.58,0.044,20.748,0.1648,0.2859,BCC+FCC
1,3.7284,1.9,4.7645,57.87,0.0444,19.924,0.1665,0.2861,BCC+FCC
1,4.4677,1.9,4.732,57.785,0.0447,19.822,0.167,0.2859,BCC+FCC
1,8.1997,1.8,4.682,54.195,0.0463,16.893,0.1709,0.2861,BCC+FCC
1,2.0547,2.1,4.8245,62.825,0.0408,21.9025,0.1563,0.2856,BCC+FCC
1,2.3007,2.05,4.757,59.365,0.0464,20.9415,0.1753,0.2917,BCC+FCC
1,2.492,2,4.7645,57.655,0.0482,20.096,0.1789,0.2924,BCC+FCC
1,3.8941,1.95,4.6745,55.69,0.0468,18.577,0.1798,0.2911,BCC+FCC
1,6.4395,1.85,4.6995,53.85,0.0447,17.1,0.1684,0.2859,BCC+FCC
1,1.9782,2.1,4.6995,57.27,0.047,20.064,0.1808,0.2953,BCC+FCC
1,2.1888,2.1,4.6345,57.1,0.0441,19.86,0.1737,0.2921,BCC+FCC
1,1.9635,2.05,4.8145,57.395,0.0473,20.474,0.1759,0.2926,BCC+FCC
1,2.1783,2.05,4.782,57.31,0.0466,20.372,0.175,0.2922,BCC+FCC
1,2.3004,2,4.7895,55.6,0.048,19.15,0.1783,0.2926,BCC+FCC
1,2.0027,2.1,4.692,55.13,0.0463,18.969,0.1784,0.2951,BCC+FCC
1,2.1005,2.1,4.6595,55.045,0.0448,18.8585,0.1748,0.2936,BCC+FCC
1,2.3716,2,4.782,53.46,0.0473,17.674,0.1772,0.2925,BCC+FCC
1,2.0353,2.1,4.7595,54.74,0.0426,19.412,0.167,0.2912,BCC+FCC
1,2.2729,2.05,4.767,53.03,0.0449,17.762,0.1721,0.2919,BCC+FCC
1,2.7116,2,4.742,51.235,0.0457,15.6425,0.175,0.2919,BCC+FCC
1,1.7756,2.1,4.742,51.02,0.0478,15.75,0.1797,0.297,BCC+FCC
1,2.2848,2.05,4.7595,50.89,0.0441,15.815,0.1704,0.2917,BCC+FCC
1,2.7362,2,4.696,61.075,0.0493,21.445,0.1797,0.3288,BCC+FCC
1,3.3084,1.85,4.686,55.86,0.0529,18.798,0.1857,0.3303,BCC+FCC
1,1.9161,2.15,4.6985,64.15,0.041,21.84,0.1665,0.3264,BCC+FCC
1,2.9779,2,4.6885,58.935,0.0482,21.1585,0.1785,0.3287,BCC+FCC
1,3.1268,1.9,4.7035,55.515,0.0513,19.0395,0.1833,0.3301,BCC+FCC
1,1.6643,2.15,4.7885,62.265,0.0456,22.5185,0.17,0.3291,BCC+FCC
1,1.7338,2.1,4.7535,58.89,0.0519,21.539,0.1885,0.3347,BCC+FCC
1,2.0176,2.05,4.7285,57.095,0.0528,20.544,0.1912,0.3348,BCC+FCC
1,3.3628,1.95,4.6885,55.085,0.0492,19.1705,0.1804,0.3294,BCC+FCC
1,3.3775,1.9,4.696,53.375,0.0505,17.555,0.1826,0.33,BCC+FCC
1,1.6066,2.15,4.8135,60.21,0.0458,22.65,0.1697,0.3296,BCC+FCC
1,1.4479,2.15,4.796,56.49,0.0508,21.198,0.184,0.3352,BCC+FCC
1,1.5133,2.15,4.8385,58.155,0.0457,22.3705,0.1693,0.3299,BCC+FCC
1,1.6468,2.15,4.6885,54.655,0.0515,19.4715,0.1904,0.3369,BCC+FCC
1,3.7511,2,4.544,74.32,0.0319,10.606,0.1223,0.1696,FCC
1,3.6953,2,4.5965,74.58,0.0333,10.684,0.1225,0.1702,FCC
4,5.5182,2,4.5515,74.585,0.0271,10.6855,0.1134,0.1664,FCC
1,5.3319,1.95,4.7015,71.25,0.0346,15.165,0.1218,0.1702,FCC
1,7.3125,1.95,4.459,70.125,0.0296,14.6025,0.1228,0.1683,FCC
1,6.2906,1.95,4.564,70.645,0.0332,14.8625,0.1244,0.1701,FCC
1,3.9318,2,4.509,69.865,0.0298,15.1625,0.1183,0.1698,FCC
1,3.8555,2,4.5615,70.125,0.0316,15.2925,0.1198,0.1706,FCC
1,5.0242,2,4.654,70.735,0.0302,15.5975,0.1136,0.1689,FCC
1,5.725,2,4.569,70.39,0.0268,15.425,0.1107,0.1675,FCC
1,4.8262,1.95,4.5165,68.155,0.034,16.393,0.1272,0.1715,FCC
1,4.6966,1.95,4.569,68.415,0.0352,16.549,0.1273,0.1719,FCC
1,5.7762,1.95,4.5365,68.33,0.0329,16.498,0.1246,0.1707,FCC
1,5.6321,1.95,4.589,68.59,0.0339,16.654,0.1244,0.171,FCC
1,5.8361,1.95,4.694,69.11,0.0336,16.966,0.1204,0.1701,FCC
1,8.3143,1.95,4.4515,67.985,0.0285,16.291,0.1192,0.1679,FCC
1,6.9927,1.95,4.5565,68.505,0.0318,16.603,0.1219,0.1698,FCC
1,9.2147,1.95,4.524,68.42,0.0292,16.552,0.1187,0.1684,FCC
1,8.5457,1.95,4.629,68.94,0.0314,16.864,0.1179,0.169,FCC
4,18.3692,1.95,4.7215,69.55,0.0286,17.23,0.1075,0.1661,FCC
1,2.7662,2,4.704,68.5,0.0354,17.29,0.1235,0.1725,FCC
1,3.0902,2,4.5665,67.895,0.0339,16.927,0.1229,0.1725,FCC
1,3.8477,2,4.744,68.85,0.0321,17.5,0.116,0.17,FCC
1,4.6544,2,4.574,68.16,0.0291,17.086,0.1141,0.1695,FCC
4,5.3063,2,4.594,68.335,0.0279,17.191,0.1112,0.1686,FCC
1,5.3565,2,4.6465,68.595,0.0289,17.347,0.1111,0.1687,FCC
4,6.4124,2,4.804,69.375,0.0271,17.815,0.103,0.166,FCC
4,6.9907,2,4.7715,69.29,0.0269,17.764,0.1026,0.166,FCC
1,5.1361,1.95,4.6665,66.795,0.034,18.2165,0.1224,0.1711,FCC
1,5.371,1.95,4.719,67.055,0.0329,18.3985,0.1195,0.1701,FCC
1,6.3201,1.95,4.6865,66.97,0.0325,18.339,0.1187,0.1699,FCC
1,7.7013,1.95,4.549,66.365,0.0304,17.9155,0.1191,0.1696,FCC
1,7.7907,1.9,4.6415,65,0.035,18.73,0.1259,0.1712,FCC
1,12.5055,1.9,4.504,64.395,0.0328,18.246,0.1265,0.1706,FCC
1,10.6622,1.9,4.609,64.915,0.034,18.662,0.1248,0.1706,FCC
1,3.2536,2,4.6115,66.015,0.0334,18.3605,0.1205,0.1723,FCC
1,3.7265,2,4.5265,65.67,0.0298,18.119,0.1157,0.1709,FCC
4,4.3138,2,4.494,65.585,0.0276,18.0595,0.1106,0.1692,FCC
4,4.924,2,4.514,65.76,0.0262,18.182,0.1084,0.1685,FCC
1,4.8772,2,4.5665,66.02,0.0276,18.364,0.1108,0.1692,FCC
1,5.0261,2,4.6715,66.54,0.0292,18.728,0.111,0.1692,FCC
4,8.2075,2,4.7315,67.065,0.0251,19.0955,0.0995,0.1657,FCC
1,4.4285,1.95,4.5865,64.22,0.0345,18.796,0.125,0.1724,FCC
1,5.3682,1.95,4.6065,64.395,0.0331,18.936,0.122,0.1714,FCC
1,5.7319,1.95,4.7115,64.915,0.032,19.352,0.118,0.1699,FCC
1,6.7522,1.95,4.5215,64.05,0.0301,18.66,0.1187,0.1702,FCC
4,18.5476,1.95,4.739,65.355,0.0268,19.704,0.1048,0.166,FCC
4,28.0235,1.95,4.7065,65.27,0.0262,19.636,0.1039,0.1658,FCC
1,6.5978,1.9,4.6665,62.945,0.0345,19.3405,0.1252,0.1713,FCC
3,21.9418,1.9,4.6815,63.475,0.0273,19.8175,0.1079,0.1658,FCC
1,3.3315,2,4.794,64.74,0.0303,19.902,0.114,0.1694,FCC
1,3.3144,2,4.5515,63.615,0.0313,19.002,0.1166,0.172,FCC
1,3.9054,2,4.624,64.05,0.0308,19.35,0.1149,0.1711,FCC
1,4.0228,2,4.6765,64.31,0.0309,19.558,0.1143,0.1706,FCC
1,4.21,2,4.729,64.57,0.0301,19.766,0.1124,0.1697,FCC
3,7.1556,2,4.789,65.095,0.0252,20.186,0.0998,0.1657,FCC
3,7.842,2,4.7565,65.01,0.0248,20.118,0.0988,0.1657,FCC
2,8.6856,2,4.724,64.925,0.0239,20.05,0.0971,0.1655,FCC
1,4.6357,1.95,4.579,62.08,0.0333,19.252,0.1225,0.1722,FCC
1,4.7095,1.95,4.6315,62.34,0.0334,19.486,0.1218,0.1719,FCC
1,6.0724,1.95,4.704,62.775,0.031,19.8775,0.1163,0.1698,FCC
1,7.2493,1.95,4.6715,62.69,0.0303,19.801,0.115,0.1695,FCC
4,15.8837,1.95,4.764,63.3,0.0261,20.35,0.1037,0.1658,FCC
2,37.4109,1.95,4.699,63.13,0.025,20.197,0.1018,0.1656,FCC
2,16.8831,1.9,4.674,61.335,0.0261,19.985,0.1061,0.1657,FCC
1,13.2663,1.85,4.6865,59.27,0.0328,19.117,0.1234,0.1699,FCC
1,16.006,1.8,4.694,57.56,0.0329,18.262,0.1258,0.1697,FCC
1,3.4274,2,4.5965,61.735,0.031,19.6315,0.1147,0.1719,FCC
3,7.4656,2,4.7815,62.955,0.0242,20.7295,0.0979,0.1656,FCC
4,8.1967,2,4.749,62.87,0.0237,20.653,0.0966,0.1656,FCC
4,9.0942,2,4.7165,62.785,0.0227,20.5765,0.0945,0.1653,FCC
1,4.8908,1.95,4.624,60.2,0.0323,19.54,0.1196,0.1717,FCC
4,13.8533,1.95,4.789,61.245,0.025,20.585,0.1025,0.1654,FCC
3,18.0174,1.95,4.7565,61.16,0.0251,20.5,0.1021,0.1656,FCC
1,8.1823,1.9,4.704,58.925,0.0312,19.4275,0.119,0.1697,FCC
4,56.8357,1.9,4.7315,59.365,0.026,19.9115,0.1059,0.1657,FCC
1,15.6701,1.85,4.679,57.13,0.032,18.436,0.1222,0.1697,FCC
4,10.9176,1.85,4.7065,57.57,0.0269,18.964,0.1094,0.1658,FCC
1,3.0091,2,4.6215,59.68,0.0318,19.71,0.1152,0.1725,FCC
4,6.506,2,4.839,60.985,0.023,21.015,0.0974,0.1648,FCC
3,7.0757,2,4.8065,60.9,0.0234,20.93,0.0969,0.1652,FCC
4,7.7195,2,4.774,60.815,0.0233,20.845,0.0958,0.1654,FCC
2,8.4722,2,4.7415,60.73,0.0226,20.76,0.0941,0.1654,FCC
2,9.3609,2,4.709,60.645,0.0215,20.675,0.0916,0.1651,FCC
4,10.1689,1.95,4.8465,59.275,0.0227,20.5025,0.1006,0.1641,FCC
2,20.6922,1.95,4.749,59.02,0.0241,20.222,0.1002,0.1655,FCC
4,33.9009,1.95,4.7165,58.935,0.0236,20.1285,0.0989,0.1655,FCC
4,57.7129,1.9,4.789,57.395,0.0244,19.444,0.1045,0.1649,FCC
3,216.6965,1.9,4.7565,57.31,0.0249,19.342,0.1047,0.1653,FCC
4,33.8993,1.9,4.724,57.225,0.025,19.24,0.1043,0.1656,FCC
4,13.3154,1.85,4.7315,55.515,0.0257,18.0095,0.1081,0.1654,FCC
1,2.7567,2.05,4.5005,71.62,0.0324,14.038,0.1324,0.2275,FCC
1,2.9348,2.05,4.5455,69.74,0.032,16.22,0.1313,0.2286,FCC
1,3.517,2.05,4.5855,70.09,0.0301,16.395,0.1267,0.2275,FCC
1,2.5282,2.05,4.498,67.25,0.0336,17.66,0.1318,0.2292,FCC
1,3.104,2.05,4.538,67.6,0.0311,17.87,0.1281,0.2283,FCC
1,3.7276,2.05,4.578,67.95,0.0285,18.08,0.1237,0.2273,FCC
1,3.855,2,4.4405,65.37,0.0322,18.339,0.1324,0.2274,FCC
1,3.2658,2.05,4.6355,65.98,0.0323,19.456,0.1274,0.2295,FCC
1,3.9161,2,4.4855,63.49,0.0324,19.332,0.1319,0.2287,FCC
1,4.4445,2,4.558,63.925,0.0324,19.68,0.1315,0.2291,FCC
1,2.6565,2.05,4.483,62.97,0.0312,19.606,0.1242,0.2287,FCC
1,2.9629,2.05,4.503,63.145,0.0303,19.746,0.1226,0.2283,FCC
1,3.324,2.05,4.5755,63.58,0.0296,20.094,0.1235,0.2288,FCC
1,3.3751,2.05,4.628,63.84,0.031,20.302,0.1248,0.2293,FCC
1,3.663,2.05,4.5955,63.755,0.0285,20.234,0.1212,0.2282,FCC
2,2.5342,1.75,4.609,61.69,0.1024,30.747,0.4501,0.2421,IM
3,2.0083,1.75,4.468,62.13,0.1088,34.659,0.5684,0.3073,IM
3,1.889,1.8,4.463,60.02,0.1097,31.916,0.551,0.3132,IM
4,2.3205,1.75,4.498,64.74,0.1049,34.508,0.5199,0.3051,IM
4,2.1691,1.8,4.493,62.63,0.1037,31.976,0.5013,0.3099,IM
3,2.4097,1.75,4.5005,60.92,0.1069,31.286,0.5085,0.3065,IM
4,1.8983,1.8,4.5155,64.395,0.1028,34.784,0.5127,0.3053,IM
3,1.7464,1.8,4.488,57.965,0.1109,31.001,0.5528,0.3097,IM
2,1.7592,1.8,4.5405,62.34,0.104,34.512,0.5149,0.302,IM
4,1.6895,1.85,4.5355,60.23,0.1029,31.769,0.4968,0.307,IM
2,1.9094,1.8,4.5955,62.895,0.0992,34.1235,0.4671,0.2935,IM
2,1.8492,1.85,4.5905,60.785,0.0976,31.3805,0.4473,0.2974,IM
2,1.7751,1.85,4.4795,63.835,0.0982,35.232,0.5106,0.3541,IM
2,1.6753,1.9,4.4745,61.725,0.0978,32.7,0.4943,0.3583,IM
3,1.5817,1.9,4.4995,59.67,0.0988,32.161,0.4966,0.3555,IM
2,2.7843,1.85,4.6195,67.555,0.082,33.6505,0.361,0.3191,IM
2,1.527,1.8,4.5005,57.595,0.0975,33.6135,0.4613,0.2738,IM
3,2.8768,1.75,4.6255,61.06,0.0884,31.188,0.3673,0.2562,IM
2,2.0308,1.85,4.5795,66.03,0.0835,35.023,0.3748,0.309,IM
3,2.4596,1.75,4.592,66.43,0.0885,37.376,0.4043,0.3104,IM
1,5.7913,1.85,4.592,56.425,0.0413,20.06,0.1916,0.2268,BCC+FCC
1,2.5061,2,4.573,57.67,0.0455,19.064,0.183,0.2173,BCC+FCC
1,25.5281,1.75,4.6305,52.28,0.0462,14.61,0.1878,0.2131,BCC+FCC
1,3.359,1.95,4.6155,55.485,0.0429,18.2105,0.1815,0.2158,BCC+FCC
1,3.6301,1.9,4.6345,54.025,0.0409,19.2325,0.1867,0.2277,BCC+FCC
1,4.4562,1.85,4.642,52.315,0.043,17.511,0.1919,0.229,BCC+FCC
4,4.3964,1.95,4.6605,56.59,0.0309,19.928,0.1529,0.2024,FCC
1,3.3323,1.9,4.6595,51.97,0.0414,17.718,0.187,0.2287,BCC+FCC
4,6.3545,1.9,4.668,54.88,0.0344,18.634,0.1589,0.2035,FCC
1,2.8981,1.95,4.6655,51.375,0.0442,15.0625,0.1831,0.2186,BCC+FCC
1,2.363,1.95,4.667,50.045,0.0469,15.7275,0.1948,0.2353,BCC+FCC
1,2.5694,1.95,4.677,51.625,0.0405,17.925,0.1816,0.2284,BCC+FCC
4,4.0697,1.95,4.6855,54.535,0.0321,18.8755,0.1532,0.2032,FCC
1,3.4851,1.9,4.673,49.665,0.046,12.8045,0.1893,0.22,BCC+FCC
1,15.2228,1.75,4.537,57.755,0.0464,18.996,0.189,0.2564,BCC+FCC
1,11.8709,1.7,4.5445,56.045,0.0496,17.8185,0.1918,0.2577,BCC+FCC
1,45.3413,1.75,4.562,55.7,0.047,18.06,0.1885,0.2574,BCC+FCC
1,6.0183,1.9,4.5545,57.195,0.0436,19.444,0.1897,0.2598,BCC+FCC
1,25.5444,1.8,4.5795,55.355,0.0445,18.3015,0.1849,0.2572,BCC+FCC
1,9.7385,1.85,4.597,55.01,0.042,18.543,0.1807,0.2569,BCC+FCC
1,18.4768,1.75,4.612,51.59,0.0475,14.955,0.1874,0.2589,BCC+FCC
1,3.4305,1.95,4.622,52.74,0.0437,17.256,0.185,0.2624,BCC+FCC
1,2.6495,2,4.6395,52.395,0.0426,17.463,0.1788,0.2621,BCC+FCC
1,5.1984,1.85,4.672,48.845,0.0437,13.1675,0.1799,0.259,BCC+FCC
1,1.9108,2.05,4.647,50.47,0.0468,15.515,0.1844,0.2674,BCC+FCC
1,2.0134,2,4.666,49.01,0.0459,16.334,0.1914,0.2778,BCC+FCC
1,2.5515,1.85,4.6885,43.88,0.0519,9.836,0.2063,0.281,BCC+FCC
1,4.5331,1.75,4.712,43.37,0.0454,7.217,0.184,0.2598,BCC+FCC
1,2.4755,2.05,4.5535,55.945,0.045,20.444,0.1845,0.3014,BCC+FCC
1,1.4693,2.1,4.6475,48.105,0.0484,16.877,0.1925,0.3193,BCC+FCC
1,2.773,1.9,4.686,44.175,0.0487,9.6,0.1913,0.3058,BCC+FCC
1,4.7226,1.65,4.5255,59.89,0.0445,18.749,0.1675,0.1976,BCC+FCC
1,8.8011,1.65,4.5755,55.78,0.0434,17.304,0.1654,0.1985,BCC+FCC
1,2.4396,1.95,4.5835,56.285,0.043,22.3435,0.1926,0.2409,BCC+FCC
1,10.5068,1.7,4.6295,50.645,0.0466,15.0775,0.1891,0.2242,BCC+FCC
1,5.7673,1.7,4.6345,48.415,0.0479,12.534,0.191,0.2254,BCC+FCC
1,7.4386,1.7,4.6545,48.59,0.0461,12.814,0.1882,0.2244,BCC+FCC
1,7.0311,1.65,4.662,46.88,0.0467,10.372,0.1896,0.2247,BCC+FCC
1,1.8456,2,4.626,53.885,0.0424,21.742,0.1869,0.2422,BCC+FCC
1,5.1455,1.65,4.687,44.825,0.0455,8.965,0.1884,0.2245,BCC+FCC
1,17.2352,1.7,4.5595,55.395,0.0466,17.9235,0.1772,0.2524,BCC+FCC
1,35.7397,1.7,4.6095,51.285,0.0455,14.7575,0.1752,0.2532,BCC+FCC
1,1.6808,2.05,4.565,55.38,0.0451,23.158,0.1923,0.285,BCC+FCC
1,2.5973,1.9,4.671,46.995,0.0456,13.574,0.1903,0.2744,BCC+FCC
2,8.4635,1.85,4.6665,55.77,0.0373,18.011,0.1888,0.1745,FCC
2,4.8307,1.9,4.684,55.425,0.0352,18.2525,0.1841,0.1742,FCC
4,6.3497,1.9,4.674,56.83,0.0319,19.386,0.1711,0.1649,FCC
1,12.9883,1.95,4.649,59.325,0.0265,19.6075,0.121,0.1748,FCC
3,85.5844,1.9,4.6565,57.615,0.0294,18.758,0.1275,0.1757,FCC
4,4.1568,2,4.6565,57.4,0.0283,18.93,0.1329,0.1836,FCC
2,10.7804,1.95,4.674,57.27,0.0271,19.034,0.1211,0.1754,FCC
4,54.5429,1.85,4.689,53.85,0.0313,16.24,0.1319,0.1764,FCC
3,1.5785,1.75,4.589,58.695,0.1199,30.903,0.5584,0.2464,IM
3,1.8841,1.7,4.588,63.66,0.1178,31.832,0.5226,0.2955,IM
2,1.7717,1.75,4.588,62.855,0.1105,34.4915,0.5304,0.2945,IM
2,1.5761,1.8,4.6155,60.83,0.112,31.859,0.5131,0.2962,IM
3,2.0603,1.7,4.563,61.06,0.1115,33.534,0.5335,0.2944,IM
2,1.5832,1.8,4.608,58.69,0.1108,30.906,0.5112,0.2964,IM
3,1.5486,1.8,4.5695,62.755,0.1109,32.556,0.5226,0.3454,IM
1,1.4372,2.05,4.867,56.84,0.05,21.088,0.1891,0.2672,BCC+FCC
1,1.5347,2.05,4.902,56.365,0.0425,21.468,0.1721,0.2596,BCC+FCC
1,1.7999,2,4.877,54.57,0.043,20.041,0.1744,0.2596,BCC+FCC
1,2.7095,1.85,4.802,49.185,0.0443,13.6775,0.1804,0.2598,BCC+FCC
1,1.1294,2.1,4.8175,50.67,0.0565,19.518,0.2089,0.3255,BCC+FCC
1,1.3219,2.1,4.8585,53.665,0.0484,20.6745,0.1842,0.3065,BCC+FCC
1,1.1371,2.1,4.81,48.53,0.0558,17.472,0.2073,0.3254,BCC+FCC
1,1.3376,2.1,4.851,51.525,0.0478,19.005,0.1829,0.3064,BCC+FCC
1,1.9453,1.95,4.776,46.14,0.0495,11.958,0.1903,0.3066,BCC+FCC
1,2.6619,1.65,4.712,57.49,0.0512,19.528,0.1926,0.2262,BCC+FCC
1,2.552,1.7,4.782,57.405,0.0468,20.116,0.1865,0.2247,BCC+FCC
1,2.4408,1.8,4.7645,56.455,0.0477,20.356,0.1878,0.2257,BCC+FCC
1,3.468,1.65,4.6895,51.07,0.0494,15.025,0.1924,0.2259,BCC+FCC
1,3.4075,1.7,4.6995,48.585,0.0476,12.806,0.1903,0.2256,BCC+FCC
1,1.2527,2,4.8535,54.48,0.0511,22.456,0.2023,0.249,BCC+FCC
1,1.2683,2,4.846,52.34,0.0505,21.082,0.2011,0.2488,BCC+FCC
1,2.3951,1.75,4.716,48.285,0.0519,13.446,0.2005,0.2762,BCC+FCC
1,1.5495,2,4.7735,52.72,0.0494,20.296,0.191,0.2762,BCC+FCC
1,1.7007,1.95,4.801,51.185,0.0485,18.689,0.1916,0.2758,BCC+FCC
1,1.3324,2.05,4.8435,52.635,0.0468,20.8755,0.1858,0.2756,BCC+FCC
1,1.7169,1.95,4.7935,49.045,0.0479,16.5575,0.1906,0.2757,BCC+FCC
1,1.9089,1.9,4.7685,47.25,0.0485,13.88,0.1929,0.2757,BCC+FCC
1,2.1001,1.85,4.7435,45.455,0.049,11.726,0.195,0.2758,BCC+FCC
3,1.5222,1.8,4.5785,57.075,0.0965,33.3125,0.4845,0.3423,IM
3,2.2621,1.7,4.589,62.56,0.1152,31.878,0.5617,0.2937,IM
3,2.4097,1.7,4.573,60.91,0.1097,32.214,0.5258,0.3218,IM
3,2.2427,1.75,4.4865,60.69,0.09,31.505,0.5167,0.2995,IM
3,2.3287,1.8,4.4705,61.16,0.0776,31.27,0.4637,0.35,IM
2,2.2201,1.75,4.4655,63.82,0.0873,35.928,0.5229,0.3344,IM
2,2.4755,1.75,4.4855,64.85,0.0806,35.31,0.477,0.3379,IM
4,2.1263,1.8,4.5055,60.685,0.0822,31.5075,0.4692,0.3384,IM
2,1.7446,1.8,4.5205,59.18,0.0959,32.26,0.5187,0.3228,IM
2,2.0597,1.75,4.5555,63.9,0.0911,35.88,0.4866,0.3129,IM
2,2.3861,1.75,4.473,63.87,0.0681,35.898,0.4068,0.3084,IM
3,1.6276,1.7,4.5765,57.125,0.1098,33.2875,0.5201,0.2522,IM
2,1.5391,1.75,4.5305,60.87,0.1011,37.698,0.5419,0.3074,IM
3,1.8036,1.7,4.578,57.465,0.1036,33.1175,0.4786,0.2873,IM
3,1.9284,1.7,4.5705,57.95,0.1056,32.875,0.4963,0.2956,IM
1,3.5629,2,4.509,78.055,0.034,8.6895,0.1625,0.1772,FCC
1,3.6513,2,4.5815,78.49,0.0343,8.983,0.164,0.1766,FCC
1,4.3566,2,4.5415,76.265,0.0317,11.8795,0.1569,0.1753,FCC
1,3.8371,2,4.474,73.6,0.0319,14.4,0.1561,0.1774,FCC
1,3.5858,2,4.579,74.12,0.0354,14.608,0.1636,0.178,FCC
1,3.9561,2,4.5465,74.035,0.0335,14.574,0.1594,0.1771,FCC
1,3.8609,2,4.599,74.295,0.0343,14.678,0.1621,0.177,FCC
2,1.2171,1.9,4.563,59.5,0.11,32.62,0.5474,0.3062,IM
2,1.4052,1.85,4.598,64.22,0.1052,35.264,0.5162,0.2985,IM
4,1.4944,1.85,4.5655,64.135,0.103,35.162,0.5108,0.302,IM
2,1.3888,1.9,4.593,62.11,0.104,32.732,0.4977,0.3036,IM
3,1.2848,1.9,4.618,60.055,0.105,32.2315,0.4994,0.3003,IM
3,1.3587,1.9,4.5855,59.97,0.103,32.121,0.495,0.3038,IM
2,1.6047,1.85,4.6205,64.69,0.0981,34.718,0.4634,0.2935,IM
2,1.5695,1.9,4.6155,62.58,0.0966,32.186,0.4439,0.2975,IM
2,1.3634,1.85,4.5705,64.25,0.0921,36.795,0.4342,0.2726,IM
1,1.8266,2.05,4.7205,65.58,0.0449,20.124,0.1844,0.2181,BCC+FCC
4,2.0974,2.05,4.773,68.825,0.0358,18.935,0.1561,0.204,FCC
1,1.8942,2.05,4.563,59.94,0.0478,19.574,0.1855,0.2194,BCC+FCC
1,1.7559,2.05,4.607,60.275,0.048,21.565,0.1929,0.2336,BCC+FCC
1,1.7738,2.05,4.6495,61.94,0.0445,22.026,0.1866,0.2306,BCC+FCC
1,1.8093,2.05,4.688,57.58,0.0485,19.646,0.1893,0.224,BCC+FCC
1,1.7111,2.05,4.6995,57.83,0.0457,21.813,0.1888,0.234,BCC+FCC
1,1.7976,2.05,4.6805,55.44,0.0478,18.582,0.1863,0.2237,BCC+FCC
1,1.8241,2.05,4.648,55.355,0.0463,18.4715,0.1815,0.2216,BCC+FCC
1,1.64,2.05,4.6495,54.025,0.0488,19.4025,0.1929,0.2377,BCC+FCC
1,1.8655,2.05,4.7155,54.965,0.0431,18.9145,0.1751,0.2184,BCC+FCC
1,1.3993,2.1,4.686,63.69,0.0515,22.392,0.2042,0.281,BCC+FCC
1,1.6319,2.1,4.652,64.935,0.0475,20.728,0.1894,0.2648,BCC+FCC
1,1.3134,2.1,4.786,63.385,0.049,23.098,0.1973,0.2797,BCC+FCC
1,1.6394,2.1,4.7945,66.295,0.0416,21.1265,0.1704,0.2586,BCC+FCC
1,1.4616,2.1,4.6785,61.55,0.0507,22.795,0.2016,0.2807,BCC+FCC
1,1.4833,2.1,4.8095,62.66,0.0475,22.084,0.1857,0.2659,BCC+FCC
1,1.6259,2.1,4.8195,64.24,0.0421,22.072,0.1702,0.2591,BCC+FCC
1,1.5027,2.1,4.671,59.41,0.05,22.77,0.1989,0.2805,BCC+FCC
1,1.74,2.1,4.637,60.655,0.0461,21.355,0.1833,0.2643,BCC+FCC
1,1.5834,2.1,4.606,59.24,0.0471,22.6,0.1898,0.2759,BCC+FCC
1,1.2428,2.1,4.836,59.275,0.0505,23.585,0.1974,0.2811,BCC+FCC
1,1.5317,2.1,4.802,60.52,0.0466,22.17,0.1839,0.2657,BCC+FCC
1,1.6197,2.1,4.7695,60.435,0.0451,22.085,0.1818,0.2648,BCC+FCC
1,1.6963,2.1,4.737,60.35,0.0439,22,0.1791,0.2637,BCC+FCC
1,1.7615,2.1,4.7045,60.265,0.0427,21.915,0.176,0.2623,BCC+FCC
1,1.3078,2.1,4.817,56.885,0.0535,20.882,0.198,0.2729,BCC+FCC
1,1.3471,2.1,4.8595,58.55,0.0487,22.015,0.1855,0.2668,BCC+FCC
1,1.5243,2.1,4.8695,60.13,0.0424,22.73,0.1696,0.2596,BCC+FCC
1,1.4262,2.1,4.721,55.3,0.0516,21.64,0.201,0.2836,BCC+FCC
1,1.4293,2.1,4.7635,56.965,0.0472,22.9315,0.1916,0.2792,BCC+FCC
1,1.3009,2.1,4.69,53.885,0.0526,22.602,0.2081,0.2955,BCC+FCC
1,1.2931,2.1,4.821,54.995,0.0491,22.224,0.1941,0.2808,BCC+FCC
1,1.5975,2.1,4.712,54.49,0.0484,19.417,0.1871,0.2692,BCC+FCC
1,1.427,2.1,4.7135,53.16,0.0509,20.348,0.1984,0.2834,BCC+FCC
1,1.6611,2.1,4.7545,56.155,0.0439,20.956,0.1774,0.2645,BCC+FCC
1,1.6663,2.1,4.647,54.32,0.0454,19.196,0.1782,0.2656,BCC+FCC
1,1.0545,2.1,4.805,49.945,0.0571,19.783,0.216,0.3007,BCC+FCC
1,1.3879,2.1,4.8445,54.27,0.0473,20.081,0.1823,0.2665,BCC+FCC
1,1.5869,2.1,4.7795,54.1,0.0446,19.86,0.1779,0.2652,BCC+FCC
1,1.407,2.1,4.706,51.02,0.0501,18.628,0.1956,0.2831,BCC+FCC
1,1.4591,2.15,4.626,65.955,0.0458,21.0585,0.1848,0.302,BCC+FCC
1,1.367,2.15,4.716,64.07,0.0495,22.106,0.1929,0.3077,BCC+FCC
1,1.2046,2.15,4.7175,62.74,0.052,23.702,0.2041,0.3205,BCC+FCC
1,1.4337,2.15,4.7085,61.93,0.0488,22.547,0.1906,0.3074,BCC+FCC
1,1.364,2.15,4.645,60.43,0.0483,23.857,0.1945,0.3165,BCC+FCC
1,1.4005,2.15,4.6125,60.345,0.0468,23.7805,0.19,0.3141,BCC+FCC
1,1.2423,2.15,4.7985,60.045,0.0525,22.815,0.1962,0.3111,BCC+FCC
1,1.3325,2.15,4.766,59.96,0.051,22.73,0.194,0.31,BCC+FCC
1,1.4809,2.15,4.701,59.79,0.0481,22.56,0.1881,0.3072,BCC+FCC
1,1.3026,2.15,4.7025,58.46,0.0506,23.89,0.1994,0.3201,BCC+FCC
1,1.353,2.15,4.67,58.375,0.0491,23.805,0.1957,0.3183,BCC+FCC
1,1.1305,2.15,4.7925,56.575,0.0543,23.6225,0.2056,0.324,BCC+FCC
1,1.3005,2.15,4.8335,59.57,0.0474,23.29,0.182,0.3059,BCC+FCC
1,1.4457,2.15,4.726,57.735,0.0489,22.2385,0.1889,0.3085,BCC+FCC
1,1.3267,2.15,4.695,56.32,0.0499,23.342,0.1968,0.3199,BCC+FCC
1,1.5468,2.15,4.586,55.815,0.047,20.718,0.1816,0.3047,BCC+FCC
1,1.206,2.15,4.816,55.85,0.0526,21.71,0.1946,0.3117,BCC+FCC
1,1.3094,2.15,4.7835,55.765,0.0511,21.608,0.1924,0.3108,BCC+FCC
1,1.2269,2.15,4.7525,54.35,0.0521,22.57,0.201,0.3227,BCC+FCC
1,1.4216,2.15,4.7935,57.345,0.0448,22.7595,0.1784,0.305,BCC+FCC
1,1.4639,2.15,4.7185,55.595,0.0481,21.404,0.1864,0.3083,BCC+FCC
1,1.3337,2.15,4.6875,54.18,0.0491,22.366,0.1941,0.3197,BCC+FCC
1,1.3242,2.15,4.776,53.625,0.0504,20.3625,0.1902,0.3106,BCC+FCC
1,1.2383,2.15,4.7025,50.545,0.0546,19.083,0.2063,0.3257,BCC+FCC
1,1.2338,2.15,4.745,52.21,0.0514,21.183,0.1986,0.3225,BCC+FCC
1,1.4374,2.15,4.786,55.205,0.0442,21.886,0.1764,0.3049,BCC+FCC
1,1.2314,2.15,4.801,51.57,0.0512,18.808,0.1907,0.3114,BCC+FCC
1,1.2598,2.15,4.8435,53.235,0.0463,20.8055,0.1786,0.306,BCC+FCC
1,1.166,2.15,4.77,50.155,0.0522,19.487,0.1994,0.3235,BCC+FCC
1,1.2659,2.15,4.705,49.985,0.0492,19.249,0.1924,0.3209,BCC+FCC
1,1.279,2.15,4.6725,49.9,0.0477,19.13,0.188,0.3192,BCC+FCC
1,1.1691,2.2,4.7725,61.065,0.0508,23.8385,0.1925,0.3461,BCC+FCC
1,1.2884,2.2,4.7325,58.84,0.0486,23.68,0.1879,0.3447,BCC+FCC
1,1.4035,2.2,4.6675,58.67,0.0457,23.51,0.1809,0.3414,BCC+FCC
1,1.1705,2.2,4.79,56.87,0.0509,23.357,0.1909,0.3468,BCC+FCC
1,1.3763,2.2,4.6925,56.615,0.0464,23.0765,0.182,0.343,BCC+FCC
1,1.3837,2.2,4.685,54.475,0.0457,22.13,0.1791,0.3427,BCC+FCC
1,1.1165,2.2,4.8075,52.675,0.0509,21.1975,0.1893,0.3474,BCC+FCC
1,1.3336,2.2,4.71,52.42,0.0465,20.866,0.1802,0.3441,BCC+FCC
1,1.3696,2.2,4.6775,52.335,0.045,20.7555,0.1761,0.3425,BCC+FCC
1,1.2076,2.2,4.7675,50.45,0.0487,19.31,0.1845,0.3464,BCC+FCC
1,2.1966,2.05,4.548,73.295,0.033,12.6985,0.1453,0.1949,FCC
1,2.3589,2.05,4.5405,71.155,0.0321,15.132,0.142,0.1946,FCC
1,2.3953,2.05,4.613,71.59,0.0309,15.306,0.1426,0.1955,FCC
1,2.5362,2.05,4.5805,71.505,0.0294,15.272,0.1388,0.1937,FCC
1,2.3022,2.05,4.5655,69.1,0.0331,17.18,0.1432,0.1963,FCC
1,2.2352,2.05,4.6705,69.62,0.0346,17.44,0.1462,0.198,FCC
1,1.4587,2.05,4.7135,64.325,0.0455,22.9975,0.1961,0.2447,BCC+FCC
1,1.5709,2.05,4.6485,64.155,0.043,22.8785,0.19,0.2412,BCC+FCC
1,2.2448,2.05,4.538,66.785,0.0331,18.661,0.1413,0.1966,FCC
1,1.4443,2.05,4.7385,62.27,0.0461,23.746,0.1965,0.2458,BCC+FCC
1,2.503,2.05,4.578,67.135,0.031,18.871,0.1382,0.1955,FCC
1,1.5087,2.05,4.706,62.185,0.0449,23.678,0.1939,0.2444,BCC+FCC
1,1.3789,2.05,4.6325,59.105,0.0501,24.7945,0.2094,0.2612,BCC+FCC
1,1.5639,2.05,4.6735,62.1,0.0437,23.61,0.1909,0.2428,BCC+FCC
1,1.4084,2.05,4.6,59.02,0.0486,24.718,0.2049,0.2587,BCC+FCC
1,1.3846,2.05,4.625,56.965,0.0494,24.525,0.2064,0.2609,BCC+FCC
1,1.5859,2.05,4.666,59.96,0.0431,23.854,0.1883,0.2426,BCC+FCC
1,1.2627,2.05,4.715,55.08,0.0531,24.108,0.2151,0.2666,BCC+FCC
1,1.5002,2.05,4.7235,57.99,0.045,23.84,0.1923,0.2454,BCC+FCC
1,1.5499,2.05,4.691,57.905,0.0437,23.755,0.1892,0.244,BCC+FCC
1,1.3503,2.05,4.761,55.845,0.0485,23.2395,0.1969,0.248,BCC+FCC
1,1.0527,2.05,4.7975,51.055,0.0561,21.8115,0.2191,0.2699,BCC+FCC
1,1.1369,2.05,4.765,50.97,0.0546,21.701,0.2166,0.2689,BCC+FCC
1,1.3018,2.05,4.806,53.965,0.0475,22.528,0.1955,0.2479,BCC+FCC
1,1.2506,2.05,4.68,50.625,0.052,21.2525,0.211,0.2665,BCC+FCC
1,1.2,2.05,4.7325,50.885,0.0532,21.5905,0.2136,0.2676,BCC+FCC
1,1.3798,2.05,4.7735,53.88,0.0462,22.426,0.1933,0.2471,BCC+FCC
1,1.4394,2.05,4.741,53.795,0.045,22.324,0.1906,0.2462,BCC+FCC
1,1.7695,2.1,4.4845,70.42,0.0348,15.958,0.1521,0.2464,FCC
1,1.3691,2.1,4.6125,63.595,0.0466,23.6065,0.1972,0.2857,BCC+FCC
1,1.8419,2.1,4.4495,65.965,0.0322,19.289,0.1443,0.2459,FCC
1,1.3762,2.1,4.776,64.79,0.0451,22.733,0.1851,0.2741,BCC+FCC
1,1.9476,2.1,4.4695,66.14,0.0325,19.394,0.1438,0.2458,FCC
1,1.2678,2.1,4.7025,61.71,0.0503,24.418,0.2053,0.2914,BCC+FCC
1,1.2369,2.1,4.7075,59.48,0.0521,24.542,0.2072,0.2931,BCC+FCC
1,1.3501,2.1,4.801,62.735,0.0459,23.528,0.1851,0.2747,BCC+FCC
1,1.3623,2.1,4.6625,59.485,0.0481,24.5465,0.1995,0.2895,BCC+FCC
1,1.4329,2.1,4.5975,59.315,0.0452,24.3935,0.1909,0.2851,BCC+FCC
1,1.301,2.1,4.826,60.68,0.0465,23.912,0.185,0.2752,BCC+FCC
1,1.267,2.1,4.7,57.34,0.0513,24.31,0.2049,0.2929,BCC+FCC
1,1.3798,2.1,4.655,57.345,0.0474,24.315,0.1968,0.2892,BCC+FCC
1,1.2669,2.1,4.7985,58.365,0.0474,23.625,0.1855,0.2758,BCC+FCC
1,1.23,2.1,4.745,55.46,0.0512,23.936,0.2043,0.2937,BCC+FCC
1,1.4999,2.1,4.7535,58.37,0.0425,23.63,0.1795,0.2736,BCC+FCC
1,1.2082,2.1,4.6065,52.21,0.0516,23.252,0.2097,0.3042,BCC+FCC
1,1.2874,2.1,4.791,56.225,0.0466,23.0675,0.1838,0.2756,BCC+FCC
1,1.2148,2.1,4.7175,53.145,0.0513,22.664,0.2034,0.2939,BCC+FCC
1,1.2376,2.1,4.7375,53.32,0.0504,22.874,0.2021,0.2935,BCC+FCC
1,1.5511,2.1,4.6935,55.97,0.0421,22.787,0.1759,0.2729,BCC+FCC
1,1.3976,2.1,4.751,54,0.0443,21.98,0.1796,0.2747,BCC+FCC
1,1.4755,2.1,4.7185,53.915,0.0429,21.878,0.1767,0.2738,BCC+FCC
1,1.2304,2.1,4.73,51.18,0.0497,21.384,0.1998,0.2933,BCC+FCC
1,1.3484,2.15,4.6925,59.865,0.0462,24.2985,0.1884,0.3156,BCC+FCC
1,1.2924,2.15,4.6975,57.635,0.0481,24.015,0.1905,0.3172,BCC+FCC
1,1.374,2.15,4.685,57.725,0.0455,24.105,0.1859,0.3154,BCC+FCC
1,1.4202,2.15,4.6525,57.64,0.044,24.02,0.182,0.3137,BCC+FCC
1,1.4079,2.15,4.816,58.835,0.0425,23.505,0.1669,0.3001,BCC+FCC
1,1.503,2.15,4.7835,58.75,0.0411,23.42,0.1651,0.2996,BCC+FCC
1,1.1145,2.15,4.8,53.785,0.05,22.842,0.1925,0.3196,BCC+FCC
1,1.4301,2.15,4.8085,56.695,0.0416,22.9945,0.1651,0.3,BCC+FCC
1,1.4387,2.15,4.801,54.555,0.0408,22.056,0.1632,0.2999,BCC+FCC
1,1.3114,2.15,4.695,51.39,0.0448,21.067,0.1814,0.3162,BCC+FCC
1,1.3268,2.15,4.6625,51.305,0.0433,20.9565,0.1772,0.3148,BCC+FCC
1,1.0812,2.2,4.7165,48.86,0.0505,19.744,0.194,0.3577,BCC+FCC
4,2.0602,2,4.754,73.91,0.039,13.504,0.1881,0.1748,FCC
4,2.1524,2,4.779,71.855,0.04,15.8275,0.188,0.1751,FCC
4,2.2316,2,4.7465,71.77,0.0377,15.785,0.1866,0.1746,FCC
4,2.3574,2,4.739,69.63,0.0364,17.638,0.1849,0.1744,FCC
3,2.3766,2,4.764,67.575,0.0376,19.1225,0.1849,0.1747,FCC
4,2.4438,2,4.7565,65.435,0.0364,20.128,0.1832,0.1746,FCC
4,2.3636,2,4.8065,61.325,0.0382,21.025,0.1832,0.1746,FCC
3,2.436,2,4.774,61.24,0.0364,20.94,0.1815,0.1745,FCC
3,2.4867,2,4.7415,61.155,0.0349,20.855,0.1794,0.1742,FCC
1,2.3006,2,4.5265,74.01,0.0374,11.133,0.1787,0.1684,FCC
1,2.6054,2,4.5115,69.73,0.0352,15.715,0.1728,0.1678,FCC
1,2.5633,2,4.6615,68.37,0.0366,17.832,0.1761,0.1685,FCC
1,2.3594,2,4.509,65.36,0.0355,18.522,0.1719,0.1697,FCC
4,2.5534,2,4.4765,65.275,0.0331,18.4625,0.1668,0.1679,FCC
1,2.6581,2,4.6015,65.97,0.0357,18.949,0.1725,0.1685,FCC
1,2.349,2.05,4.559,74.535,0.0344,10.4105,0.1362,0.178,FCC
1,2.5291,2.05,4.579,74.71,0.0329,10.463,0.1342,0.1774,FCC
4,2.9206,2.05,4.5665,74.8,0.0294,10.49,0.128,0.1748,FCC
4,3.321,2.05,4.4815,74.455,0.027,10.3865,0.1188,0.1703,FCC
1,2.4923,2.05,4.414,65.82,0.0357,16.706,0.1639,0.1934,FCC
1,2.5778,2.05,4.4665,69.065,0.0353,15.469,0.151,0.1868,FCC
1,2.6117,2.05,4.499,72.135,0.0319,12.864,0.1294,0.1761,FCC
1,2.5446,2.05,4.5515,72.395,0.0333,12.968,0.1329,0.1777,FCC
1,2.5022,2.05,4.604,72.655,0.0342,13.072,0.1349,0.1788,FCC
1,2.5901,2.05,4.5815,71.165,0.0357,14.6025,0.146,0.1845,FCC
1,2.9365,2.05,4.4965,70.82,0.0323,14.43,0.1369,0.18,FCC
1,2.9892,2.05,4.539,72.485,0.03,13.004,0.1263,0.1751,FCC
1,2.7054,2.05,4.6015,71.34,0.0344,14.69,0.1443,0.184,FCC
4,3.4231,2.05,4.454,72.14,0.0266,12.866,0.1151,0.1702,FCC
1,3.1545,2.05,4.559,72.66,0.0286,13.074,0.1245,0.1745,FCC
1,2.2826,2.05,4.4715,66.835,0.0363,16.7745,0.1537,0.1897,FCC
1,2.5646,2.05,4.439,66.75,0.0333,16.715,0.1465,0.1864,FCC
1,2.5075,2.05,4.4815,68.415,0.0339,16.029,0.1406,0.1831,FCC
1,2.6954,2.05,4.544,70.255,0.0322,15.0975,0.1293,0.1774,FCC
1,2.8262,2.05,4.5215,68.765,0.0334,16.239,0.1388,0.1824,FCC
1,2.6572,2.05,4.6265,69.285,0.0353,16.551,0.1452,0.1855,FCC
1,2.8359,2.05,4.669,70.95,0.033,15.445,0.1306,0.1783,FCC
4,3.0768,2.05,4.489,68.68,0.0312,16.188,0.1324,0.1797,FCC
1,3.0851,2.05,4.584,70.605,0.0295,15.2725,0.1256,0.1762,FCC
1,3.1791,2.05,4.509,68.855,0.0308,16.293,0.1316,0.1794,FCC
1,3.2554,2.05,4.604,70.78,0.0277,15.36,0.1235,0.1755,FCC
1,2.3264,2.05,4.5065,66.36,0.0353,17.392,0.1426,0.1853,FCC
1,2.3007,2.05,4.6015,68.285,0.0356,16.901,0.1348,0.1806,FCC
1,2.5184,2.05,4.484,64.87,0.0354,17.846,0.1489,0.1892,FCC
1,2.8642,2.05,4.484,67.855,0.0295,16.643,0.1207,0.1754,FCC
1,2.688,2.05,4.5465,66.71,0.0346,17.637,0.1404,0.1844,FCC
1,2.7569,2.05,4.6415,68.635,0.033,17.111,0.1303,0.1789,FCC
1,2.5745,2.05,4.6515,67.23,0.0362,18.001,0.146,0.1868,FCC
4,2.92,2.05,4.514,66.625,0.0324,17.5775,0.1346,0.1821,FCC
1,2.8341,2.05,4.5665,66.885,0.0338,17.7595,0.1391,0.1839,FCC
1,2.9803,2.05,4.609,68.55,0.0304,17.06,0.1266,0.1776,FCC
1,2.9661,2.05,4.6615,68.81,0.0317,17.216,0.1279,0.1781,FCC
4,3.0458,2.05,4.534,66.8,0.0318,17.7,0.1335,0.1817,FCC
1,2.9552,2.05,4.5865,67.06,0.0327,17.882,0.1377,0.1834,FCC
1,3.4466,2.05,4.544,68.38,0.0269,16.958,0.1166,0.1739,FCC
4,3.4343,2.05,4.7215,69.335,0.028,17.531,0.1196,0.1753,FCC
1,2.3848,2.05,4.6465,66.405,0.0354,18.3735,0.1332,0.1807,FCC
1,1.8552,2.05,4.7815,62.71,0.0469,19.63,0.1773,0.2043,BCC+FCC
1,2.629,2.05,4.6665,66.58,0.034,18.496,0.1308,0.1798,FCC
1,2.6533,2.05,4.719,66.84,0.0344,18.678,0.1309,0.1796,FCC
4,2.9028,2.05,4.4765,65.715,0.0283,17.8905,0.1158,0.1751,FCC
1,2.7473,2.05,4.539,64.57,0.0335,18.556,0.1365,0.1841,FCC
1,3.0687,2.05,4.6015,66.41,0.0295,18.377,0.1232,0.1773,FCC
1,3.2868,2.05,4.569,66.325,0.0278,18.3175,0.1181,0.1756,FCC
1,1.7383,2.05,4.8065,60.655,0.0478,19.6005,0.1774,0.2049,BCC+FCC
1,2.4446,2.05,4.639,64.265,0.0342,19.262,0.1303,0.1805,FCC
1,1.9336,2.05,4.699,58.82,0.0484,18.474,0.1827,0.2091,BCC+FCC
3,3.5999,2.05,4.7065,65.055,0.0254,19.894,0.1141,0.1749,FCC
3,3.5172,2.05,4.6915,60.775,0.0228,20.545,0.1076,0.1744,FCC
1,2.0739,2.1,4.403,66.19,0.0324,17.443,0.1506,0.2369,FCC
1,2.061,2.1,4.413,64.785,0.0347,17.948,0.1606,0.2409,FCC
1,1.9315,2.1,4.488,69.52,0.0346,15.85,0.1406,0.2333,FCC
1,2.3104,2.1,4.433,67.945,0.032,16.867,0.1397,0.2328,FCC
1,2.2655,2.1,4.443,66.54,0.0348,17.688,0.1513,0.2373,FCC
1,2.1835,2.1,4.5805,70.13,0.0349,16.155,0.1417,0.2344,FCC
1,2.4051,2.1,4.453,68.12,0.0325,16.972,0.1395,0.2329,FCC
1,2.077,2.1,4.438,65.715,0.0328,18.0605,0.1426,0.2355,FCC
1,2.0008,2.1,4.533,67.64,0.0356,17.634,0.1411,0.2349,FCC
1,2.3556,2.1,4.468,67.47,0.0307,17.532,0.1287,0.2304,FCC
1,2.3208,2.1,4.5205,67.73,0.0327,17.688,0.1344,0.2325,FCC
1,2.2704,2.1,4.6255,68.25,0.0344,18,0.1408,0.2353,FCC
1,2.4148,2.1,4.593,68.165,0.0327,17.949,0.1367,0.2337,FCC
1,2.5981,2.1,4.508,67.82,0.03,17.742,0.127,0.23,FCC
1,2.351,2.1,4.4705,63.925,0.0326,19.16,0.1372,0.2351,FCC
1,1.7617,2.1,4.683,53.505,0.0459,16.787,0.1732,0.2546,BCC+FCC
1,1.4333,2.15,4.812,60.725,0.0468,21.785,0.1715,0.2927,BCC+FCC
1,1.4714,2.15,4.8045,58.585,0.046,21.4635,0.1698,0.2926,BCC+FCC
1,2.186,2.05,4.494,70.885,0.035,15.394,0.1842,0.1696,FCC
2,1.9331,1.7,4.581,64.665,0.0804,34.568,0.3834,0.2949,IM
2,1.7483,1.75,4.601,60.5,0.0814,31.58,0.3718,0.2913,IM
2,1.8552,1.75,4.4735,64.155,0.0848,39.196,0.5221,0.3348,IM
3,1.8445,1.8,4.4985,64.655,0.0895,36.2605,0.4688,0.3313,IM
2,1.6935,1.85,4.472,62.845,0.0972,33.6695,0.4966,0.3191,IM
2,1.6891,1.75,4.4985,62.1,0.0864,38.9,0.5272,0.3317,IM
4,1.554,1.85,4.4885,57.88,0.0948,33.414,0.5051,0.3402,IM
3,1.5645,1.85,4.51,57.58,0.0892,33.624,0.4636,0.3543,IM
3,1.7371,1.8,4.5235,62.6,0.0909,36.22,0.4725,0.3288,IM
3,1.506,1.9,4.492,58.68,0.0988,30.916,0.4835,0.3201,IM
3,1.6038,1.8,4.582,61.4,0.0967,35.17,0.4731,0.299,IM
3,1.7242,1.85,4.607,61.9,0.0901,32.56,0.4045,0.2901,IM
3,1.6244,1.85,4.466,62.34,0.091,36.428,0.5077,0.3598,IM
2,1.7345,1.85,4.496,64.95,0.089,35.995,0.4627,0.3526,IM
2,1.5723,1.9,4.4695,63.14,0.0963,33.404,0.4901,0.3406,IM
3,1.6412,1.85,4.521,62.895,0.0903,35.984,0.4663,0.3502,IM
2,1.5595,1.9,4.516,60.785,0.0905,33.452,0.4514,0.3529,IM
3,1.4206,1.9,4.5195,59.03,0.0986,32.609,0.4957,0.3348,IM
2,1.5698,1.9,4.5495,61.64,0.0925,32.768,0.4465,0.3275,IM
3,1.5276,1.85,4.5795,61.695,0.095,34.9635,0.4662,0.3215,IM
2,1.5277,1.85,4.4765,59.73,0.0734,38.516,0.4009,0.3486,IM
2,2.0758,1.75,4.567,64.71,0.073,32.853,0.3701,0.3121,IM
2,1.7374,1.65,4.474,58.53,0.0995,30.662,0.5672,0.2525,IM
3,1.6251,1.7,4.509,58.495,0.1043,30.683,0.5531,0.2516,IM
2,1.8481,1.7,4.468,66.23,0.0917,37.536,0.5459,0.3019,IM
2,1.7726,1.75,4.478,62.6,0.0961,32,0.499,0.3022,IM
2,1.6946,1.7,4.493,64.175,0.0932,37.4475,0.551,0.2984,IM
3,1.5761,1.75,4.473,57.935,0.0987,31.019,0.5473,0.3061,IM
4,1.6534,1.75,4.488,62.065,0.0978,34.7045,0.5412,0.3037,IM
2,1.7526,1.7,4.508,62.655,0.0948,34.2915,0.5148,0.2956,IM
2,1.5824,1.8,4.483,59.955,0.1007,31.9615,0.5288,0.3086,IM
2,1.6795,1.75,4.503,60.545,0.0973,31.5485,0.5027,0.2994,IM
3,1.7908,1.75,4.518,64.675,0.0963,34.56,0.4965,0.298,IM
3,1.7063,1.8,4.513,62.565,0.0971,32.028,0.4822,0.3016,IM
2,1.5434,1.8,4.523,62.03,0.1009,34.729,0.526,0.303,IM
2,1.3874,1.85,4.543,57.865,0.1031,31.061,0.5134,0.3047,IM
2,1.5071,1.8,4.563,58.455,0.0994,30.707,0.4878,0.2959,IM
2,1.601,1.8,4.578,62.585,0.0983,34.3405,0.4816,0.2943,IM
2,1.5551,1.85,4.573,60.475,0.0971,31.5975,0.4644,0.2982,IM
2,1.7726,1.75,4.5645,64.775,0.0828,34.48,0.4013,0.3022,IM
2,1.7724,1.8,4.5995,64.74,0.082,34.508,0.3828,0.3022,IM
2,1.6898,1.85,4.4705,64.245,0.1005,32.9095,0.6187,0.3584,IM
3,1.6367,1.9,4.4655,62.135,0.1059,30.5885,0.608,0.3667,IM
4,1.6971,1.85,4.483,64.865,0.1026,33.5915,0.5817,0.3514,IM
3,1.5562,1.85,4.508,62.81,0.104,33.572,0.5855,0.3473,IM
3,1.5184,1.9,4.503,60.7,0.1073,31.04,0.572,0.3549,IM
2,1.5083,1.9,4.5155,61.32,0.1049,31.784,0.5307,0.3389,IM
2,1.6726,1.9,4.5455,63.93,0.0993,31.453,0.4822,0.339,IM
2,1.5764,1.85,4.563,63.365,0.1042,33.128,0.5433,0.3489,IM
3,1.625,1.85,4.5755,63.985,0.1012,33.872,0.5016,0.3298,IM
3,1.5787,1.9,4.5705,61.875,0.1003,31.34,0.4844,0.3356,IM
2,1.8943,1.85,4.484,61.87,0.0913,30.621,0.4898,0.2968,IM
4,1.661,1.9,4.483,60.835,0.0918,31.3455,0.4886,0.3335,IM
2,1.5462,1.85,4.492,64.02,0.0902,37.556,0.5127,0.3594,IM
2,1.5132,1.9,4.487,61.91,0.0921,34.813,0.5012,0.3638,IM
2,1.7027,1.9,4.507,62.94,0.0835,34.092,0.4545,0.3665,IM
3,1.8107,1.85,4.4745,66.125,0.0695,37.62,0.3903,0.3383,IM
3,1.668,1.85,4.464,63.825,0.1066,32.4375,0.532,0.27,IM
3,1.5723,1.9,4.488,61.59,0.0978,32.108,0.4858,0.3141,IM
2,1.3375,1.85,4.5805,60.54,0.0946,35.772,0.4521,0.291,IM
2,1.2958,1.9,4.5755,58.43,0.0934,33.029,0.435,0.2907,IM
3,1.513,1.9,4.487,64.575,0.0901,36.3325,0.4604,0.3525,IM
2,1.9557,1.8,4.6435,66.125,0.0715,36.2525,0.3442,0.3209,IM
3,1.5425,1.75,4.5935,64.88,0.0939,38.956,0.5024,0.3198,IM
3,1.3963,1.8,4.621,62.855,0.0991,36.526,0.4942,0.3205,IM
3,1.3417,1.85,4.611,61.01,0.0965,35.783,0.4837,0.3422,IM
3,2.6849,1.9,4.713,73.305,0.0845,38.876,0.3855,0.4413,IM
3,2.8201,1.9,4.7555,74.97,0.0887,38.367,0.3861,0.4282,IM
2,2.6135,1.85,4.758,73.305,0.0856,36.5355,0.3633,0.3679,IM
3,1.5159,1.7,4.573,62.825,0.1002,34.5125,0.5321,0.2891,IM
3,1.2404,1.85,4.6155,60.175,0.1086,32.3175,0.5272,0.2975,IM
2,1.2641,1.85,4.594,61.58,0.1192,32.086,0.5936,0.2752,IM
3,1.5454,1.85,4.554,64.74,0.0935,30.968,0.5125,0.3004,IM
3,1.3513,1.85,4.569,63.235,0.1075,32.172,0.5581,0.2789,IM
2,1.5091,1.85,4.5815,62.125,0.0982,30.9525,0.5091,0.2867,IM
2,1.6439,1.85,4.6015,63.155,0.0909,30.2315,0.4625,0.2894,IM
3,1.5683,1.8,4.5965,65.815,0.1016,34.158,0.5237,0.2704,IM
2,1.7039,1.85,4.483,64.065,0.0855,33.6445,0.5091,0.3484,IM
2,1.3893,1.9,4.4905,61.01,0.0966,31.733,0.5513,0.344,IM
3,1.5273,1.9,4.503,59.9,0.0875,30.18,0.501,0.3495,IM
3,1.7332,1.85,4.538,64.62,0.0823,33.256,0.4683,0.3384,IM
2,1.4263,1.9,4.5455,61.565,0.0931,31.3445,0.5075,0.337,IM
3,1.6286,1.85,4.5805,66.285,0.0886,33.782,0.4755,0.3262,IM
2,1.5928,1.85,4.5105,61.45,0.0897,33.3,0.5099,0.336,IM
4,1.3528,1.9,4.5805,61.09,0.0985,31.677,0.5076,0.3241,IM
3,1.628,1.85,4.5655,62.005,0.086,32.967,0.4673,0.3265,IM
3,1.6896,1.8,4.5805,65.695,0.0901,36.5535,0.4815,0.313,IM
2,1.3537,1.9,4.573,58.95,0.0973,30.75,0.5044,0.3242,IM
3,1.5309,1.85,4.6005,61.53,0.0918,33.252,0.4689,0.314,IM
3,1.4752,1.9,4.572,63.11,0.0878,34.313,0.4702,0.3613,IM
4,1.3852,1.85,4.5765,60.66,0.0845,31.978,0.4343,0.2489,IM
2,1.399,1.85,4.569,58.52,0.083,31.008,0.4298,0.2488,IM
3,1.6439,1.85,4.498,66.255,0.066,33.806,0.4,0.3094,IM
4,1.8563,1.8,4.498,65.665,0.0671,36.5745,0.398,0.3084,IM
3,1.635,1.85,4.5255,63.64,0.0696,33.942,0.403,0.3036,IM
3,1.2469,1.9,4.5755,59.625,0.0846,32.7025,0.433,0.2901,IM
3,1.2566,1.9,4.568,57.485,0.0833,31.629,0.4286,0.29,IM
1,1.2692,2.05,4.877,57.605,0.0479,22.5155,0.1881,0.2325,BCC+FCC
1,1.3375,2.05,4.817,55.205,0.0482,21.356,0.1875,0.233,BCC+FCC
1,1.3426,2.1,4.8295,59.78,0.0462,22.38,0.1746,0.2612,BCC+FCC
1,1.3358,2.1,4.8745,57.9,0.0442,22.25,0.1718,0.2605,BCC+FCC
3,1.5377,1.7,4.5245,57.69,0.0905,33.005,0.5209,0.3176,IM
3,1.5017,1.75,4.526,56.8,0.0881,33.45,0.5064,0.3435,IM
4,1.7831,1.8,4.527,58.715,0.0819,32.4925,0.4687,0.331,IM
2,1.6748,1.8,4.5285,57.385,0.0824,33.1575,0.4733,0.3448,IM
4,1.6584,1.85,4.4695,58.455,0.0831,32.6225,0.5015,0.3623,IM
2,1.7857,1.85,4.4895,59.485,0.0764,32.1075,0.4553,0.3635,IM
4,1.5026,1.85,4.5045,57.98,0.0889,32.86,0.5094,0.35,IM
2,1.6895,1.8,4.5395,62.7,0.0845,36.6,0.4765,0.3399,IM
2,1.7117,1.85,4.4785,57.175,0.0643,33.2625,0.3849,0.3349,IM
2,1.7346,1.8,4.52,65.035,0.0649,41.0655,0.3817,0.3695,IM
2,1.6655,1.85,4.584,64.97,0.1132,33.934,0.6082,0.3412,IM
2,2.4358,1.6,4.469,64.695,0.0774,35.403,0.5046,0.2766,IM
3,1.7329,1.8,4.468,59.345,0.0861,32.1775,0.5159,0.3368,IM
2,1.7293,1.75,4.468,58.905,0.0878,32.3975,0.5341,0.3244,IM
2,1.6761,1.7,4.468,58.465,0.0886,32.6175,0.552,0.3117,IM
2,1.9365,1.75,4.503,64.065,0.0817,35.781,0.4827,0.3264,IM
3,1.7353,1.7,4.483,62.595,0.0878,36.663,0.546,0.3091,IM
2,1.9127,1.7,4.503,63.625,0.0839,36.045,0.501,0.3144,IM
2,1.7144,1.8,4.523,59.9,0.0849,31.9,0.4781,0.3271,IM
2,1.5778,1.8,4.558,59.425,0.0901,32.1375,0.4831,0.3147,IM
3,1.4898,1.7,4.4705,55.98,0.0861,33.86,0.5382,0.3067,IM
2,1.912,1.8,4.5715,64.81,0.0984,30.732,0.5389,0.3439,IM
4,1.7377,1.85,4.5205,61.3,0.0879,31.98,0.4988,0.3636,IM
4,1.5788,1.85,4.498,61.23,0.099,32.809,0.5839,0.358,IM
3,1.5999,1.85,4.5555,60.825,0.0931,32.265,0.5035,0.3504,IM
2,1.7566,1.85,4.5755,61.855,0.0842,31.647,0.4569,0.3579,IM
4,1.6115,1.8,4.5765,61.365,0.0924,32.7145,0.4887,0.3502,IM
2,1.6492,1.85,4.548,61.27,0.0879,32.888,0.4606,0.3186,IM
2,1.5271,1.85,4.4705,57.3,0.0827,33.2,0.4847,0.3384,IM
2,1.456,1.85,4.5255,57.855,0.0813,32.9225,0.447,0.3177,IM
2,1.5315,1.85,4.518,58.34,0.0837,32.68,0.4665,0.3305,IM
1,2.8494,1.85,4.722,70.18,0.0474,20.338,0.1895,0.2243,BCC+FCC
1,5.2205,1.8,4.632,68.215,0.0445,21.2505,0.1903,0.2221,BCC+FCC
1,5.196,1.75,4.672,66.59,0.0496,22.042,0.194,0.2244,BCC+FCC
1,9.462,1.75,4.607,66.42,0.0458,21.906,0.1928,0.2222,BCC+FCC
1,111.0603,1.75,4.648,69.415,0.0423,19.6905,0.1643,0.1976,BCC+FCC
1,1024.0142,1.7,4.688,67.79,0.0448,20.602,0.1659,0.1988,BCC+FCC
1,49.7159,1.7,4.582,64.625,0.0472,22.2025,0.1953,0.2223,BCC+FCC
1,8.453,1.65,4.6305,65.91,0.0455,20.959,0.1685,0.1985,BCC+FCC
1,7.4501,1.6,4.638,64.2,0.0468,21.11,0.1695,0.199,BCC+FCC
1,3.645,1.6,4.573,64.03,0.0459,20.94,0.1709,0.1979,BCC+FCC
1,2.7201,1.85,4.682,73.455,0.0443,19.6875,0.1913,0.2232,BCC+FCC
1,6.4122,1.7,4.778,71.405,0.047,21.0835,0.1719,0.2013,BCC+FCC
1,12.7804,1.7,4.713,71.235,0.0469,20.9645,0.173,0.2008,BCC+FCC
1,24.765,1.7,4.6155,70.98,0.0431,20.786,0.1722,0.1983,BCC+FCC
1,10.3012,1.65,4.753,69.61,0.0478,22.058,0.1735,0.2014,BCC+FCC
1,4.4278,1.6,4.5655,67.39,0.0458,22.291,0.1772,0.1985,BCC+FCC
1,15.51,1.55,4.6705,65.935,0.0499,22.845,0.1778,0.2014,BCC+FCC
1,3.9748,1.55,4.573,65.68,0.0485,22.59,0.1796,0.1997,BCC+FCC
1,3.3465,1.8,4.617,74.935,0.0453,20.4275,0.1922,0.2205,BCC+FCC
1,11.4649,1.7,4.673,74.51,0.0463,20.536,0.1782,0.201,BCC+FCC
1,31.3511,1.65,4.6155,72.63,0.0454,21.941,0.1798,0.1999,BCC+FCC
1,4.7147,1.55,4.5655,69.04,0.0481,23.776,0.185,0.2001,BCC+FCC
1,473.2516,1.5,4.703,67.67,0.0531,24.58,0.1858,0.2037,BCC+FCC
1,10.6807,1.65,4.673,76.16,0.0488,21.526,0.1855,0.2027,BCC+FCC
1,2.2051,1.95,4.6385,69.105,0.0445,21.503,0.1932,0.2703,BCC+FCC
1,2.8873,1.9,4.752,70.56,0.046,19.976,0.1735,0.2538,BCC+FCC
1,2.3461,1.9,4.6785,67.48,0.049,22.546,0.1998,0.2734,BCC+FCC
1,3.2202,1.9,4.7195,70.475,0.0449,19.925,0.1732,0.2531,BCC+FCC
1,3.2299,1.85,4.7595,68.85,0.0475,21.105,0.1756,0.2543,BCC+FCC
1,2.5931,1.85,4.686,65.77,0.0523,23.196,0.2032,0.2747,BCC+FCC
1,4.3426,1.85,4.6945,68.68,0.046,20.986,0.1756,0.2532,BCC+FCC
1,6.4087,1.85,4.6295,68.51,0.0425,20.867,0.1742,0.2512,BCC+FCC
1,3.4526,1.8,4.767,67.14,0.0483,21.892,0.1769,0.2547,BCC+FCC
1,5.03,1.8,4.702,66.97,0.048,21.756,0.1779,0.2539,BCC+FCC
1,75.5441,1.75,4.5795,64.92,0.0452,21.878,0.1795,0.2514,BCC+FCC
1,3.2874,1.7,4.782,63.72,0.0477,22.44,0.1773,0.2547,BCC+FCC
1,8.0527,1.7,4.6845,63.465,0.0502,22.185,0.1811,0.2545,BCC+FCC
1,13.9707,1.7,4.652,63.38,0.05,22.1,0.1818,0.2541,BCC+FCC
1,7.7838,1.65,4.692,61.755,0.0506,21.9205,0.1816,0.2548,BCC+FCC
1,1.6173,1.95,4.7285,72.72,0.0505,21.13,0.2004,0.2743,BCC+FCC
1,2.1175,1.95,4.737,75.63,0.0435,17.352,0.1741,0.2534,BCC+FCC
1,2.7452,1.9,4.712,73.835,0.0447,19.2875,0.1771,0.2535,BCC+FCC
1,2.8864,1.85,4.752,72.21,0.0492,20.966,0.1817,0.2553,BCC+FCC
1,4.1581,1.85,4.6545,71.955,0.0435,20.813,0.1786,0.2523,BCC+FCC
1,2.6593,1.8,4.686,67.42,0.0552,24.516,0.2099,0.2759,BCC+FCC
1,3.7001,1.8,4.727,70.415,0.0502,22.2005,0.184,0.2554,BCC+FCC
1,4.9609,1.75,4.702,68.62,0.0512,23.076,0.1861,0.2555,BCC+FCC
1,7.268,1.7,4.677,66.825,0.0522,23.5925,0.1882,0.2556,BCC+FCC
1,7.7474,1.65,4.6845,65.115,0.0536,23.835,0.1897,0.2562,BCC+FCC
1,31.1741,1.65,4.587,64.86,0.0508,23.58,0.19,0.2539,BCC+FCC
1,2.0011,1.9,4.631,74.115,0.0488,21.8275,0.1971,0.2695,BCC+FCC
1,3.3191,1.85,4.647,75.315,0.0434,20.0275,0.1797,0.2518,BCC+FCC
1,12.7577,1.75,4.5645,71.64,0.0433,23.058,0.1842,0.2501,BCC+FCC
1,4.8203,1.7,4.702,70.27,0.0544,24.396,0.1939,0.257,BCC+FCC
1,2.2733,1.85,4.7045,78.845,0.0478,18.638,0.1849,0.2543,BCC+FCC
1,4.8363,1.75,4.622,75.17,0.0476,22.742,0.1892,0.2528,BCC+FCC
1,5.8131,1.75,4.5895,75.085,0.0459,22.691,0.1863,0.2508,BCC+FCC
1,8.3907,1.7,4.597,73.375,0.0484,24.2725,0.1926,0.2529,BCC+FCC
1,28.27,1.7,4.532,73.205,0.0449,24.1535,0.1869,0.2487,BCC+FCC
1,12.7015,1.65,4.6045,71.665,0.0509,25.512,0.1978,0.2547,BCC+FCC
1,2.2347,2,4.6685,69.485,0.0429,21.141,0.1799,0.2974,BCC+FCC
1,2.1183,1.95,4.741,67.945,0.0502,22.2815,0.1862,0.3007,BCC+FCC
1,2.5809,1.95,4.676,67.775,0.0468,22.1625,0.1845,0.2987,BCC+FCC
1,2.5456,1.9,4.716,66.15,0.0512,22.91,0.1885,0.3007,BCC+FCC
1,3.0968,1.85,4.691,64.355,0.0522,23.1795,0.1907,0.3008,BCC+FCC
1,3.6462,1.85,4.6585,64.27,0.051,23.103,0.1904,0.3,BCC+FCC
1,2.7091,1.95,4.6035,70.965,0.0433,22.029,0.181,0.2947,BCC+FCC
1,3.7221,1.9,4.5785,69.17,0.0439,23.139,0.1847,0.2948,BCC+FCC
1,2.5581,1.85,4.716,67.8,0.0544,24.23,0.196,0.302,BCC+FCC
1,2.9206,1.85,4.6835,67.715,0.0527,24.162,0.1952,0.301,BCC+FCC
1,3.1095,1.8,4.691,66.005,0.0554,24.6645,0.1982,0.302,BCC+FCC
1,12.1312,1.8,4.5285,65.58,0.0453,24.282,0.1917,0.295,BCC+FCC
1,21.8869,1.75,4.536,63.87,0.0477,24.4,0.1967,0.297,BCC+FCC
1,2.3297,1.9,4.6685,72.785,0.0498,23.121,0.1924,0.2991,BCC+FCC
1,2.6448,1.85,4.676,71.075,0.0523,24.4725,0.1977,0.3007,BCC+FCC
1,22.415,1.7,4.536,65.52,0.0512,26.05,0.2029,0.2977,BCC+FCC
1,2.5587,1.85,4.636,74.35,0.0509,24.06,0.1949,0.2979,BCC+FCC
1,3.44,1.85,4.5385,74.095,0.0449,23.907,0.1823,0.2906,BCC+FCC
1,3.5149,1.8,4.5385,75.745,0.0464,24.897,0.1861,0.2907,BCC+FCC
1,1.4911,2.1,4.6825,68.665,0.0469,22.459,0.1872,0.3387,BCC+FCC
1,1.6641,2.1,4.6175,68.495,0.0439,22.357,0.1811,0.3349,BCC+FCC
1,1.5567,2.05,4.7225,67.04,0.0515,23.458,0.1942,0.3415,BCC+FCC
1,2.432,2,4.6,64.99,0.0468,23.792,0.1915,0.3371,BCC+FCC
1,1.5418,2.05,4.6825,70.315,0.0503,23.449,0.1929,0.3393,BCC+FCC
1,1.6439,2.05,4.65,70.23,0.0486,23.398,0.1898,0.3374,BCC+FCC
1,1.7272,2,4.69,68.605,0.0528,24.5535,0.1987,0.341,BCC+FCC
1,1.5193,2.15,4.574,65.795,0.0463,24.3965,0.1858,0.3699,BCC+FCC
1,1.8861,2.1,4.549,64,0.0471,24.81,0.1902,0.3701,BCC+FCC
1,2.4332,1.95,4.684,73.1,0.0472,16.25,0.1859,0.2008,BCC+FCC
4,3.0047,1.95,4.6615,74.595,0.0396,14.6775,0.169,0.1915,FCC
4,3.9561,1.95,4.7465,77.925,0.0358,10.7375,0.1383,0.1773,FCC
4,5.9005,1.9,4.754,76.215,0.0382,13.116,0.1421,0.1781,FCC
1,5.3443,1.85,4.6765,71.175,0.0464,17.7425,0.1796,0.195,BCC+FCC
4,9.2555,1.85,4.7615,74.505,0.0398,15.1525,0.1449,0.1786,FCC
1,7.1269,1.8,4.684,69.465,0.0494,18.762,0.1832,0.1963,BCC+FCC
1,4.058,1.85,4.744,76.285,0.0456,15.7825,0.1694,0.1894,BCC+FCC
1,4.6411,1.85,4.6365,74.45,0.0441,17.32,0.179,0.1929,BCC+FCC
1,7.8738,1.7,4.7665,71.155,0.0506,20.374,0.1769,0.1913,BCC+FCC
1,38.4275,1.7,4.6365,70.815,0.0473,20.102,0.1766,0.1886,BCC+FCC
1,40.3026,1.65,4.709,69.275,0.0514,21.0675,0.1793,0.1911,BCC+FCC
1,17.0498,1.65,4.644,69.105,0.05,20.9145,0.1795,0.1898,BCC+FCC
1,9.6786,1.65,4.6115,69.02,0.0486,20.838,0.1791,0.1887,BCC+FCC
1,5.7902,1.65,4.6215,70.6,0.0445,20.19,0.1618,0.1798,BCC+FCC
1,4.4922,1.55,4.6365,67.18,0.048,21.43,0.1654,0.1813,BCC+FCC
1,3.5405,1.55,4.604,67.095,0.0477,21.345,0.1661,0.1808,BCC+FCC
1,6.4878,1.8,4.5715,75.93,0.0441,18.208,0.1775,0.1889,BCC+FCC
1,12.6112,1.65,4.6465,74.045,0.0459,20.2715,0.1678,0.1817,BCC+FCC
1,6.3358,1.6,4.6215,72.25,0.0471,21.51,0.1704,0.1818,BCC+FCC
1,5.3339,1.55,4.629,70.54,0.0495,22.466,0.173,0.1828,BCC+FCC
1,9.1751,1.5,4.7015,69,0.0508,23.25,0.1729,0.1841,BCC+FCC
1,4.7931,1.5,4.6365,68.83,0.0512,23.08,0.1747,0.1835,BCC+FCC
1,2.9796,1.5,4.5715,68.66,0.0495,22.91,0.1752,0.182,BCC+FCC
1,14.45,1.6,4.6465,75.695,0.0485,21.4265,0.1758,0.1836,BCC+FCC
1,9.1742,1.6,4.614,75.61,0.0463,21.367,0.1746,0.1822,BCC+FCC
1,6.7769,1.55,4.6215,73.9,0.0497,22.83,0.1784,0.1837,BCC+FCC
1,2.0373,2,4.7155,72.15,0.0478,17.75,0.1847,0.2495,BCC+FCC
1,2.3152,2,4.7255,73.73,0.0433,16.315,0.1697,0.2431,BCC+FCC
1,3.71,1.9,4.708,70.225,0.0476,19.1475,0.1768,0.2443,BCC+FCC
1,4.2571,1.9,4.7505,71.89,0.044,18.114,0.16,0.2378,BCC+FCC
1,5.7798,1.9,4.6855,71.72,0.0417,18.012,0.1589,0.2364,BCC+FCC
1,8.5346,1.85,4.618,68.26,0.0447,19.868,0.1773,0.2421,BCC+FCC
1,11.0215,1.85,4.6605,69.925,0.0429,19.1975,0.1617,0.2365,BCC+FCC
1,10.9745,1.8,4.7005,68.3,0.046,20.16,0.1646,0.2379,BCC+FCC
1,38.4096,1.75,4.6755,66.505,0.047,20.6445,0.1667,0.238,BCC+FCC
1,87.3292,1.7,4.683,64.795,0.048,20.855,0.1679,0.2385,BCC+FCC
1,6.841,1.7,4.5855,64.54,0.0466,20.6,0.1693,0.2367,BCC+FCC
1,4.6942,1.7,4.553,64.455,0.0451,20.515,0.169,0.2357,BCC+FCC
1,6.0962,1.65,4.593,62.83,0.0487,20.443,0.1712,0.2376,BCC+FCC
1,3.7053,1.85,4.708,71.875,0.0505,20.3025,0.1843,0.2457,BCC+FCC
1,4.138,1.85,4.7505,73.54,0.0472,19.104,0.1688,0.2395,BCC+FCC
1,4.2682,1.85,4.6755,71.79,0.0484,20.243,0.1829,0.2445,BCC+FCC
1,4.9865,1.85,4.643,71.705,0.0457,20.1835,0.1811,0.2431,BCC+FCC
1,9.9736,1.75,4.7005,69.95,0.0492,21.48,0.1735,0.2396,BCC+FCC
1,12.4997,1.7,4.708,68.24,0.0506,22.206,0.1753,0.2402,BCC+FCC
1,9.6789,1.7,4.578,67.9,0.0461,21.9,0.1745,0.2369,BCC+FCC
1,6.2074,1.7,4.5455,67.815,0.0437,21.8235,0.1733,0.2355,BCC+FCC
1,13.9267,1.65,4.7155,66.53,0.0513,22.59,0.1763,0.2405,BCC+FCC
1,13.0192,1.65,4.618,66.275,0.0504,22.335,0.1778,0.2391,BCC+FCC
1,5.1476,1.65,4.553,66.105,0.0474,22.165,0.1771,0.237,BCC+FCC
1,2.551,1.9,4.693,76.945,0.0476,17.9225,0.1805,0.244,BCC+FCC
1,2.9878,1.9,4.628,76.775,0.0441,17.8375,0.1737,0.24,BCC+FCC
1,4.1577,1.85,4.678,76.73,0.0431,18.075,0.1696,0.2378,BCC+FCC
1,6.6072,1.8,4.653,74.935,0.0444,19.941,0.1729,0.2379,BCC+FCC
1,7.1201,1.75,4.693,73.31,0.05,21.567,0.1787,0.2403,BCC+FCC
1,9.1059,1.7,4.7005,71.6,0.0524,22.8,0.1817,0.2412,BCC+FCC
1,34.0432,1.7,4.6355,71.43,0.0493,22.664,0.1804,0.2394,BCC+FCC
1,17.7305,1.7,4.5705,71.26,0.0443,22.528,0.1775,0.2365,BCC+FCC
1,11.0144,1.65,4.708,69.89,0.0541,23.691,0.1839,0.2419,BCC+FCC
1,2.6352,1.85,4.7355,80.26,0.0472,16.544,0.1752,0.2403,BCC+FCC
1,3.0099,1.85,4.628,78.425,0.0467,18.6625,0.1787,0.2407,BCC+FCC
1,3.1267,1.85,4.6705,80.09,0.0437,16.476,0.1694,0.2372,BCC+FCC
1,3.2482,1.85,4.553,76.675,0.0459,20.465,0.1793,0.2397,BCC+FCC
1,4.6287,1.8,4.6455,78.295,0.0445,18.8575,0.1734,0.2373,BCC+FCC
1,5.2426,1.75,4.6855,76.67,0.0495,20.982,0.1817,0.2405,BCC+FCC
1,8.0727,1.75,4.6205,76.5,0.0453,20.88,0.1772,0.2374,BCC+FCC
1,297.2047,1.7,4.563,74.62,0.0444,22.484,0.178,0.2355,BCC+FCC
1,20.8801,1.7,4.5305,74.535,0.0426,22.4245,0.1748,0.2333,BCC+FCC
1,4.5278,1.75,4.6455,79.945,0.0476,19.6825,0.1793,0.2382,BCC+FCC
1,6.2264,1.7,4.538,79.76,0.0461,22.576,0.1812,0.2359,BCC+FCC
1,22.9277,1.6,4.5305,77.835,0.0476,24.7345,0.1852,0.2346,BCC+FCC
1,2.0737,2.05,4.7245,72.695,0.0427,17.8675,0.1657,0.2848,BCC+FCC
1,2.4573,2,4.732,70.985,0.0459,19.381,0.1702,0.2859,BCC+FCC
1,3.041,2,4.592,69.065,0.0431,20.1455,0.1765,0.2854,BCC+FCC
1,2.6357,1.95,4.697,67.61,0.0515,21.158,0.1887,0.2918,BCC+FCC
1,2.805,1.95,4.7395,69.275,0.0483,20.5525,0.1736,0.2867,BCC+FCC
1,3.5607,1.95,4.6745,69.105,0.0452,20.4335,0.1719,0.2849,BCC+FCC
1,4.061,1.95,4.642,69.02,0.0429,20.374,0.1704,0.2837,BCC+FCC
1,12.7941,1.85,4.592,65.43,0.0455,21.487,0.1764,0.2839,BCC+FCC
1,3.9544,1.8,4.7295,64.06,0.0518,21.93,0.1796,0.2879,BCC+FCC
1,3.7557,1.75,4.737,62.35,0.0519,21.725,0.1802,0.2882,BCC+FCC
1,32.275,1.75,4.607,62.01,0.0514,21.351,0.1825,0.2862,BCC+FCC
1,11.008,1.75,4.542,61.84,0.0482,21.164,0.1817,0.2841,BCC+FCC
1,4.5345,1.7,4.712,60.555,0.0526,21.076,0.1817,0.2882,BCC+FCC
1,9.311,1.7,4.5495,60.13,0.0513,20.566,0.1846,0.2853,BCC+FCC
1,1.8903,2,4.7145,72.765,0.0506,20.189,0.1874,0.2914,BCC+FCC
1,2.7145,1.95,4.6995,72.55,0.0465,20.32,0.1761,0.2859,BCC+FCC
1,2.9851,1.95,4.667,72.465,0.0438,20.269,0.1741,0.2846,BCC+FCC
1,3.5045,1.95,4.5595,70.63,0.0444,21.241,0.178,0.2835,BCC+FCC
1,4.1015,1.9,4.642,70.67,0.0452,21.529,0.1774,0.2847,BCC+FCC
1,5.0033,1.85,4.6495,68.96,0.049,22.498,0.1821,0.2861,BCC+FCC
1,3.7648,1.8,4.722,67.42,0.0543,23.278,0.1865,0.2889,BCC+FCC
1,4.641,1.8,4.6895,67.335,0.0535,23.2015,0.1863,0.2882,BCC+FCC
1,12.3177,1.8,4.592,67.08,0.0478,22.972,0.1836,0.2849,BCC+FCC
1,4.8847,1.75,4.697,65.625,0.0552,23.495,0.1885,0.289,BCC+FCC
1,9.7742,1.75,4.632,65.455,0.0532,23.325,0.1881,0.2874,BCC+FCC
1,542.5415,1.75,4.567,65.285,0.0492,23.155,0.1864,0.285,BCC+FCC
1,6.2699,1.65,4.6795,62.12,0.0571,22.954,0.1916,0.2896,BCC+FCC
1,2.2241,1.95,4.6495,74.245,0.0498,21.077,0.1867,0.2885,BCC+FCC
1,2.635,1.95,4.627,75.74,0.0433,19.39,0.17,0.2817,BCC+FCC
1,2.6941,1.9,4.6995,74.2,0.0492,21.31,0.1829,0.287,BCC+FCC
1,3.2285,1.9,4.592,72.365,0.0487,22.4555,0.187,0.2864,BCC+FCC
1,4.1579,1.9,4.5695,73.86,0.0423,21.106,0.1704,0.2796,BCC+FCC
1,2.2495,1.9,4.692,77.56,0.0498,20.3,0.1828,0.2862,BCC+FCC
1,2.6485,1.9,4.627,77.39,0.0459,20.215,0.1752,0.2823,BCC+FCC
1,3.2966,1.85,4.6345,75.68,0.0487,22.198,0.1834,0.2845,BCC+FCC
1,3.7036,1.85,4.602,75.595,0.0467,22.147,0.1797,0.2824,BCC+FCC
1,7.2756,1.8,4.5445,73.715,0.0457,23.6605,0.1799,0.2802,BCC+FCC
1,10.0572,1.8,4.512,73.63,0.0437,23.601,0.1753,0.2775,BCC+FCC
1,12.0761,1.75,4.552,72.005,0.0485,24.934,0.1878,0.2827,BCC+FCC
1,2.637,1.85,4.627,79.04,0.0479,21.04,0.1799,0.2828,BCC+FCC
1,4.6714,1.75,4.6095,75.535,0.0521,24.9345,0.1925,0.2853,BCC+FCC
1,5.7053,1.75,4.577,75.45,0.0499,24.875,0.1888,0.283,BCC+FCC
1,2.917,1.8,4.552,78.94,0.0462,23.894,0.1816,0.2809,BCC+FCC
1,2.8631,1.8,4.5945,80.605,0.0468,21.8225,0.1786,0.2805,BCC+FCC
1,3.2184,1.8,4.5195,78.855,0.0435,23.843,0.1738,0.2772,BCC+FCC
1,4.1987,1.75,4.5695,78.81,0.0479,24.076,0.1838,0.2807,BCC+FCC
1,2.5424,1.75,4.627,82.34,0.0501,22.942,0.1878,0.2835,BCC+FCC
1,2.8278,1.75,4.5945,82.255,0.0474,22.9495,0.1819,0.2807,BCC+FCC
1,3.2527,1.75,4.5195,80.505,0.0428,24.833,0.1752,0.2768,BCC+FCC
1,4.1606,1.7,4.5695,80.46,0.0486,25.066,0.1873,0.2808,BCC+FCC
1,4.9227,1.65,4.537,82.025,0.0458,26.215,0.1835,0.2776,BCC+FCC
1,2.0886,2.05,4.6885,68.285,0.0474,21.6695,0.1806,0.3277,BCC+FCC
1,2.1805,1.95,4.736,64.95,0.0546,22.865,0.1889,0.3309,BCC+FCC
1,2.8683,1.95,4.671,64.78,0.0519,22.712,0.1877,0.3291,BCC+FCC
1,3.31,1.95,4.6385,64.695,0.0498,22.6355,0.1865,0.3279,BCC+FCC
1,4.4188,1.9,4.6135,62.9,0.0511,22.58,0.1892,0.328,BCC+FCC
1,3.0523,1.85,4.686,61.36,0.0564,22.446,0.193,0.331,BCC+FCC
1,1.8507,2.05,4.681,71.645,0.048,21.587,0.1811,0.3269,BCC+FCC
1,1.9848,2.05,4.6485,71.56,0.0462,21.536,0.178,0.3251,BCC+FCC
1,2.121,2.05,4.616,71.475,0.0445,21.485,0.1742,0.3231,BCC+FCC
1,2.968,1.95,4.631,68.055,0.0495,23.584,0.1881,0.3271,BCC+FCC
1,1.8599,2,4.681,73.295,0.051,22.577,0.1868,0.3276,BCC+FCC
1,2.5763,1.95,4.6235,71.415,0.0499,23.8605,0.1873,0.3258,BCC+FCC
1,4.0058,1.95,4.519,78.025,0.0324,7.9725,0.1301,0.1696,FCC
1,4.8945,1.9,4.4865,79.59,0.0328,9.381,0.1328,0.1686,FCC
1,9.8248,1.65,4.5515,71.48,0.0454,18.736,0.1555,0.1742,BCC+FCC
1,52.0616,1.6,4.5715,69.68,0.0496,19.714,0.1612,0.1769,BCC+FCC
1,130.8129,1.6,4.624,69.94,0.0481,19.922,0.1572,0.1761,BCC+FCC
1,16.3127,1.6,4.5915,69.855,0.0481,19.854,0.1579,0.1758,BCC+FCC
1,5.7939,1.6,4.5265,69.685,0.0466,19.718,0.1581,0.1743,BCC+FCC
1,4.1991,1.6,4.494,69.6,0.0452,19.65,0.1576,0.1732,BCC+FCC
1,4.7963,1.6,4.5465,69.86,0.0454,19.858,0.1549,0.1734,BCC+FCC
1,3.653,1.6,4.514,69.775,0.0441,19.79,0.1546,0.1723,BCC+FCC
1,8.4148,1.55,4.5665,68.06,0.0491,20.494,0.1599,0.1758,BCC+FCC
1,6.2062,1.55,4.5865,68.235,0.0476,20.6515,0.1564,0.1747,BCC+FCC
1,7.8488,1.7,4.6665,76.89,0.0483,16.605,0.16,0.1778,BCC+FCC
1,18.8073,1.65,4.589,74.835,0.0497,18.331,0.165,0.1781,BCC+FCC
1,15.3739,1.6,4.5315,72.955,0.0493,19.7685,0.1669,0.1771,BCC+FCC
1,32.7429,1.6,4.689,73.735,0.0474,20.3145,0.1581,0.176,BCC+FCC
1,8.3058,1.6,4.499,72.87,0.0472,19.709,0.1657,0.1757,BCC+FCC
1,12.6857,1.6,4.604,73.39,0.048,20.073,0.1618,0.1762,BCC+FCC
1,8.8595,1.6,4.624,73.565,0.0466,20.1955,0.1587,0.1752,BCC+FCC
1,5.1431,1.6,4.6115,73.655,0.0443,20.2585,0.1553,0.1734,BCC+FCC
1,13.2724,1.55,4.539,71.245,0.0519,20.966,0.1701,0.1783,BCC+FCC
1,18.0868,1.55,4.5915,71.505,0.0513,21.174,0.1672,0.178,BCC+FCC
1,9.1433,1.55,4.559,71.42,0.0505,21.106,0.1672,0.1773,BCC+FCC
1,6.9638,1.55,4.579,71.595,0.0491,21.246,0.1642,0.1763,BCC+FCC
1,4.5137,1.55,4.619,71.945,0.0464,21.526,0.1577,0.1742,BCC+FCC
1,3.6237,1.55,4.5865,71.86,0.0455,21.458,0.1578,0.1735,BCC+FCC
1,8.6856,1.5,4.5665,69.71,0.0523,21.979,0.1693,0.1781,BCC+FCC
1,7.0507,1.5,4.639,70.145,0.0491,22.3705,0.1619,0.1762,BCC+FCC
1,5.152,1.5,4.6065,70.06,0.0492,22.294,0.1627,0.1759,BCC+FCC
1,2.7079,1.5,4.5615,70.065,0.0467,22.2985,0.1602,0.1736,BCC+FCC
1,10.7269,1.65,4.634,78.455,0.0501,17.5695,0.1676,0.179,BCC+FCC
1,9.8435,1.65,4.6865,78.715,0.0499,17.732,0.1658,0.1789,BCC+FCC
1,20.3951,1.65,4.6015,78.37,0.0482,17.493,0.1663,0.1779,BCC+FCC
1,258.7085,1.65,4.6415,78.72,0.0457,17.664,0.1613,0.1762,BCC+FCC
1,138.1584,1.6,4.5565,76.4,0.0506,19.27,0.1718,0.1788,BCC+FCC
1,149.4076,1.6,4.629,76.835,0.0498,19.531,0.1678,0.1782,BCC+FCC
1,523.2847,1.6,4.734,77.355,0.0483,19.843,0.1622,0.1772,BCC+FCC
1,10.3526,1.55,4.479,74.345,0.0507,20.7415,0.1754,0.1781,BCC+FCC
1,24.3242,1.55,4.584,74.865,0.0523,21.1055,0.1731,0.1792,BCC+FCC
1,13.83,1.55,4.604,75.04,0.0509,21.228,0.1704,0.1783,BCC+FCC
1,16.916,1.55,4.709,75.56,0.0492,21.592,0.1642,0.1773,BCC+FCC
1,6.9579,1.55,4.519,74.695,0.0484,20.9865,0.171,0.1767,BCC+FCC
1,5.0697,1.55,4.559,75.045,0.0462,21.2315,0.166,0.1751,BCC+FCC
1,3.9225,1.55,4.5265,74.96,0.0438,21.172,0.1647,0.1736,BCC+FCC
1,13.0682,1.5,4.7165,73.85,0.0497,23.05,0.1654,0.1775,BCC+FCC
1,4.3981,1.5,4.494,72.9,0.0498,22.29,0.1739,0.1768,BCC+FCC
1,4.5589,1.45,4.4815,71.015,0.0543,23.1535,0.1801,0.1791,BCC+FCC
1,4.0752,1.45,4.5015,71.19,0.0531,23.311,0.1775,0.1783,BCC+FCC
1,5.5748,1.45,4.659,71.97,0.0509,24.013,0.1681,0.1774,BCC+FCC
1,3.6298,1.45,4.5215,71.365,0.0518,23.4685,0.1748,0.1775,BCC+FCC
1,5.0886,1.7,4.724,84.045,0.048,15.2275,0.1644,0.179,BCC+FCC
1,6.1584,1.7,4.6915,83.96,0.0458,15.27,0.1626,0.1778,BCC+FCC
1,5.8273,1.7,4.744,84.22,0.0466,15.14,0.162,0.178,BCC+FCC
1,14.0936,1.6,4.654,80.28,0.0516,18.984,0.1729,0.1801,BCC+FCC
1,85.6723,1.6,4.569,79.935,0.0481,18.9015,0.1716,0.1781,BCC+FCC
1,21.0475,1.6,4.7265,80.715,0.0501,18.789,0.1686,0.179,BCC+FCC
1,10.9601,1.5,4.5515,76.43,0.0532,22.201,0.1797,0.1799,BCC+FCC
1,20.5831,1.5,4.709,77.21,0.0526,22.747,0.1733,0.1796,BCC+FCC
1,8.6107,1.5,4.5715,76.605,0.052,22.3235,0.1774,0.1791,BCC+FCC
1,4.4711,1.5,4.5065,76.435,0.0468,22.2045,0.1742,0.1759,BCC+FCC
1,3.5469,1.45,4.534,74.9,0.0499,23.89,0.1766,0.177,BCC+FCC
1,4.4307,1.4,4.6265,73.535,0.0541,25.4215,0.1776,0.1793,BCC+FCC
1,81.1956,1.55,4.6415,82.02,0.0509,20.078,0.1764,0.1799,BCC+FCC
1,21.0737,1.55,4.5565,81.675,0.047,20.1525,0.1736,0.177,BCC+FCC
1,15.6313,1.5,4.6165,80.225,0.0521,22.01,0.1795,0.18,BCC+FCC
1,7.5279,1.5,4.5315,79.88,0.0482,21.922,0.1773,0.1772,BCC+FCC
1,9.4027,1.5,4.584,80.14,0.0495,21.942,0.1777,0.1784,BCC+FCC
1,5.3726,1.5,4.499,79.795,0.0457,21.8455,0.1744,0.1749,BCC+FCC
1,7.6866,1.5,4.604,80.315,0.0484,21.8505,0.1756,0.1777,BCC+FCC
1,5.7043,1.5,4.5715,80.23,0.0455,21.791,0.1736,0.176,BCC+FCC
1,5.9559,1.45,4.539,78.17,0.052,23.47,0.1829,0.1792,BCC+FCC
1,4.6014,1.45,4.579,78.52,0.0497,23.716,0.1787,0.1779,BCC+FCC
1,3.1765,1.4,4.554,76.725,0.0511,25.35,0.1816,0.178,BCC+FCC
1,3.5952,1.65,4.664,88.795,0.0483,17.9935,0.1708,0.1801,BCC+FCC
1,12.0092,1.6,4.594,87.005,0.0438,19.2465,0.1659,0.1752,BCC+FCC
1,88.4009,1.55,4.569,85.21,0.045,20.503,0.1704,0.1754,BCC+FCC
1,4.8772,1.45,4.519,81.62,0.0472,23.174,0.1787,0.1757,BCC+FCC
1,18.9729,1.55,4.5615,88.57,0.0428,20.744,0.1658,0.1734,BCC+FCC
1,22.0218,1.5,4.5815,86.77,0.0496,22.184,0.1809,0.1795,BCC+FCC
1,110.6001,1.5,4.569,86.86,0.0467,22.112,0.1756,0.1765,BCC+FCC
1,10.5195,1.5,4.504,86.69,0.0413,22.248,0.1655,0.1703,BCC+FCC
1,50.4459,1.7,4.6205,65.94,0.0461,20.396,0.1563,0.232,BCC+FCC
1,8.1785,1.7,4.608,66.03,0.0444,20.477,0.1534,0.2307,BCC+FCC
1,9.9448,1.65,4.693,64.4,0.0448,20.72,0.1541,0.2324,BCC+FCC
1,13.3073,1.65,4.648,64.405,0.0452,20.725,0.1534,0.2314,BCC+FCC
1,3.6052,1.85,4.7005,74.595,0.0468,17.2675,0.1596,0.2343,BCC+FCC
1,4.2505,1.85,4.7205,74.77,0.0453,17.355,0.1566,0.2335,BCC+FCC
1,9.857,1.75,4.618,70.92,0.0479,20.154,0.1643,0.2338,BCC+FCC
1,45.2704,1.75,4.6055,71.01,0.0452,20.217,0.1609,0.2322,BCC+FCC
1,77.1601,1.75,4.6255,71.185,0.0439,20.3395,0.158,0.2315,BCC+FCC
1,6.8768,1.7,4.658,69.295,0.0502,21.216,0.1667,0.235,BCC+FCC
1,7.0773,1.7,4.763,69.815,0.0455,21.632,0.1578,0.2333,BCC+FCC
1,10.608,1.7,4.678,69.47,0.0485,21.356,0.1634,0.2341,BCC+FCC
1,25.2019,1.7,4.633,69.475,0.0462,21.36,0.1607,0.2323,BCC+FCC
1,7.3209,1.7,4.568,69.305,0.0436,21.224,0.16,0.2306,BCC+FCC
1,5.0981,1.7,4.5355,69.22,0.0415,21.156,0.1591,0.2294,BCC+FCC
1,14.3497,1.65,4.528,66.98,0.0529,21.332,0.175,0.2354,BCC+FCC
1,24.1439,1.65,4.7055,67.935,0.0472,22.1915,0.1608,0.2334,BCC+FCC
1,103.5007,1.65,4.6205,67.59,0.0493,21.881,0.1659,0.2338,BCC+FCC
1,16.1857,1.65,4.588,67.505,0.0487,21.8045,0.1662,0.2332,BCC+FCC
1,7.1658,1.65,4.503,67.16,0.0471,21.494,0.1683,0.2319,BCC+FCC
1,22.3745,1.6,4.608,65.705,0.052,22.025,0.1706,0.2351,BCC+FCC
1,9.3429,1.6,4.4905,65.275,0.0513,21.595,0.1742,0.2338,BCC+FCC
1,4.065,1.6,4.5505,65.8,0.0476,22.12,0.1654,0.2318,BCC+FCC
1,3.0946,1.85,4.693,77.955,0.0474,15.882,0.164,0.2351,BCC+FCC
1,10.0953,1.75,4.6305,74.455,0.0465,19.913,0.1662,0.2336,BCC+FCC
1,14.303,1.75,4.6505,74.63,0.0453,20.018,0.1636,0.2329,BCC+FCC
1,12.9751,1.7,4.6905,73.005,0.049,21.6135,0.1674,0.2346,BCC+FCC
1,61.5064,1.7,4.553,72.4,0.0468,21.19,0.1702,0.233,BCC+FCC
1,33.6132,1.7,4.6055,72.66,0.0478,21.372,0.1691,0.2337,BCC+FCC
1,10.0002,1.65,4.6255,70.86,0.053,22.468,0.1756,0.2362,BCC+FCC
1,32.3145,1.65,4.5405,70.515,0.0515,22.192,0.1769,0.235,BCC+FCC
1,13.3977,1.65,4.6005,71.04,0.0477,22.612,0.1691,0.2331,BCC+FCC
1,37.37,1.6,4.548,68.805,0.0544,22.9745,0.1803,0.2362,BCC+FCC
1,13.9015,1.6,4.5355,68.895,0.0515,23.0555,0.177,0.2345,BCC+FCC
1,7.4707,1.6,4.503,68.81,0.0494,22.979,0.1761,0.2332,BCC+FCC
1,6.8997,1.55,4.5105,67.1,0.0527,23.42,0.1795,0.2346,BCC+FCC
1,4.3044,1.55,4.5505,67.45,0.0502,23.77,0.174,0.2333,BCC+FCC
1,2.9763,1.85,4.7255,81.665,0.0442,14.362,0.1617,0.2341,BCC+FCC
1,3.6656,1.8,4.733,79.955,0.0475,16.8775,0.1668,0.2352,BCC+FCC
1,5.0755,1.8,4.543,79.09,0.0418,16.772,0.1617,0.2306,BCC+FCC
1,3.7386,1.75,4.7205,78.07,0.0516,19.019,0.1734,0.2368,BCC+FCC
1,4.5292,1.75,4.688,77.985,0.05,18.9625,0.1723,0.236,BCC+FCC
1,5.5307,1.75,4.6555,77.9,0.0479,18.92,0.1707,0.2349,BCC+FCC
1,5.2534,1.75,4.708,78.16,0.0486,19.066,0.1698,0.2353,BCC+FCC
1,6.9443,1.75,4.623,77.815,0.0453,18.8775,0.1686,0.2336,BCC+FCC
1,11.2196,1.75,4.6105,77.905,0.0412,18.9225,0.1642,0.2315,BCC+FCC
1,5.1381,1.7,4.6955,76.275,0.0526,21.005,0.1761,0.2369,BCC+FCC
1,243.0849,1.7,4.5855,76.11,0.0427,20.906,0.1678,0.2316,BCC+FCC
1,7.7958,1.65,4.6705,74.48,0.0536,22.646,0.1786,0.237,BCC+FCC
1,14.778,1.65,4.5855,74.135,0.0516,22.4045,0.1791,0.2357,BCC+FCC
1,27.4858,1.65,4.6055,74.31,0.0504,22.527,0.1768,0.2351,BCC+FCC
1,167.0026,1.65,4.6255,74.485,0.0491,22.6495,0.1744,0.2345,BCC+FCC
1,18.6371,1.65,4.5405,74.14,0.0451,22.408,0.1733,0.2322,BCC+FCC
1,29.6203,1.6,4.5405,72.165,0.0541,23.512,0.1842,0.2363,BCC+FCC
1,41.7357,1.6,4.508,72.08,0.0515,23.444,0.1826,0.2348,BCC+FCC
1,11.9751,1.6,4.4755,71.995,0.0487,23.376,0.1806,0.2331,BCC+FCC
1,30.2613,1.6,4.5805,72.515,0.0516,23.792,0.1795,0.2352,BCC+FCC
1,8.619,1.6,4.568,72.605,0.0482,23.864,0.176,0.2333,BCC+FCC
1,5.8018,1.6,4.5355,72.52,0.0456,23.796,0.1745,0.2318,BCC+FCC
1,9.8954,1.55,4.483,70.285,0.0529,24.3065,0.1856,0.235,BCC+FCC
1,7.5703,1.55,4.503,70.46,0.0517,24.464,0.1834,0.2345,BCC+FCC
1,3.167,1.8,4.6205,82.795,0.0447,16.0955,0.1656,0.2332,BCC+FCC
1,3.0913,1.75,4.713,81.43,0.0518,17.958,0.1764,0.2373,BCC+FCC
1,3.8334,1.75,4.628,81.085,0.0482,18.0595,0.1733,0.2351,BCC+FCC
1,4.5556,1.75,4.5955,81,0.0458,18,0.17,0.2333,BCC+FCC
1,4.239,1.75,4.648,81.26,0.0472,17.856,0.1716,0.2346,BCC+FCC
1,3.9769,1.75,4.7005,81.52,0.048,17.666,0.1723,0.2355,BCC+FCC
1,4.2092,1.7,4.688,79.635,0.0529,20.1145,0.1795,0.2374,BCC+FCC
1,7.4595,1.7,4.5705,79.205,0.0469,19.934,0.1741,0.2334,BCC+FCC
1,6.6074,1.7,4.623,79.465,0.0482,19.9955,0.1753,0.2347,BCC+FCC
1,6.0262,1.7,4.6755,79.725,0.0493,20.005,0.1756,0.2356,BCC+FCC
1,10.6781,1.7,4.538,79.12,0.0444,19.866,0.1705,0.2313,BCC+FCC
1,13.7292,1.65,4.598,77.67,0.0492,21.842,0.1788,0.2348,BCC+FCC
1,25.3002,1.65,4.4805,77.24,0.0431,21.584,0.1709,0.2291,BCC+FCC
1,17.0818,1.6,4.468,75.355,0.0473,23.2585,0.1801,0.2318,BCC+FCC
1,12.5849,1.6,4.488,75.53,0.0466,23.381,0.1787,0.2316,BCC+FCC
1,33.348,1.6,4.593,76.05,0.0492,23.745,0.1801,0.2345,BCC+FCC
1,9.8415,1.6,4.508,75.705,0.0457,23.5035,0.1771,0.2313,BCC+FCC
1,7.8838,1.6,4.528,75.88,0.0445,23.626,0.1755,0.231,BCC+FCC
1,16.43,1.55,4.6005,74.34,0.0529,25.252,0.1845,0.2359,BCC+FCC
1,7.2622,1.5,4.5755,72.545,0.0542,26.3405,0.1872,0.236,BCC+FCC
1,5.0334,1.5,4.543,72.46,0.0518,26.264,0.186,0.2347,BCC+FCC
1,6.3865,1.45,4.583,70.835,0.0571,27.155,0.1902,0.2372,BCC+FCC
1,3.2523,1.75,4.6405,84.62,0.0462,17.928,0.1698,0.2338,BCC+FCC
1,3.3852,1.75,4.6605,84.795,0.0456,17.823,0.1686,0.2334,BCC+FCC
1,6.2498,1.65,4.623,81.115,0.0509,21.1505,0.1815,0.2359,BCC+FCC
1,8.3986,1.65,4.5905,81.03,0.0484,21.091,0.1783,0.234,BCC+FCC
1,12.5255,1.65,4.558,80.945,0.0459,21.0315,0.1746,0.2319,BCC+FCC
1,9.8324,1.65,4.6105,81.205,0.0476,20.893,0.1769,0.2337,BCC+FCC
1,112.9719,1.6,4.513,78.975,0.0474,22.9175,0.1801,0.2322,BCC+FCC
1,67.458,1.6,4.5855,79.41,0.0486,23.027,0.1807,0.2338,BCC+FCC
1,9.2113,1.5,4.568,75.905,0.0528,26.504,0.1898,0.2357,BCC+FCC
1,4.1537,1.65,4.5955,84.3,0.049,21.14,0.1805,0.235,BCC+FCC
1,4.9466,1.65,4.6355,84.65,0.0488,20.895,0.1783,0.2345,BCC+FCC
1,7.1824,1.65,4.5505,84.305,0.0436,21.1365,0.1699,0.2299,BCC+FCC
1,18.5698,1.6,4.5055,82.335,0.0444,22.6885,0.1756,0.2301,BCC+FCC
1,128.439,1.6,4.473,82.25,0.0415,22.67,0.1699,0.227,BCC+FCC
1,13.6751,1.55,4.5205,80.89,0.0461,24.063,0.1788,0.23,BCC+FCC
1,6.484,1.6,4.5305,85.78,0.0434,22.976,0.1741,0.2304,BCC+FCC
1,7.0027,1.6,4.5505,85.955,0.0443,22.836,0.1738,0.2304,BCC+FCC
1,7.3887,1.6,4.5705,86.13,0.045,22.696,0.1734,0.2303,BCC+FCC
1,13.4707,1.5,4.5205,82.54,0.0474,25.634,0.1833,0.2306,BCC+FCC
1,2.7446,2,4.722,72.39,0.0427,17.975,0.1555,0.2802,BCC+FCC
1,4.4275,1.85,4.712,67.175,0.0471,21.33,0.1633,0.2815,BCC+FCC
1,8.4246,1.8,4.6545,65.295,0.0478,21.6255,0.1658,0.2811,BCC+FCC
1,14.3682,1.8,4.622,65.21,0.0472,21.549,0.1659,0.2805,BCC+FCC
1,5.753,1.75,4.6945,63.67,0.0485,21.8,0.1661,0.2819,BCC+FCC
1,8.6231,1.75,4.662,63.585,0.0489,21.715,0.1671,0.2816,BCC+FCC
1,2.195,2,4.6945,75.575,0.0437,16.74,0.1614,0.281,BCC+FCC
1,2.7294,1.95,4.722,74.04,0.0456,18.8,0.1638,0.2815,BCC+FCC
1,3.359,1.95,4.657,73.87,0.0413,18.715,0.1605,0.2794,BCC+FCC
1,2.3785,1.9,4.6895,71.98,0.0511,20.238,0.1729,0.2836,BCC+FCC
1,3.1492,1.9,4.677,72.07,0.0481,20.292,0.1693,0.2822,BCC+FCC
1,4.9549,1.85,4.6195,70.19,0.0474,21.453,0.171,0.2812,BCC+FCC
1,4.7866,1.85,4.672,70.45,0.0478,21.635,0.1695,0.2817,BCC+FCC
1,5.9236,1.85,4.6395,70.365,0.0462,21.5755,0.1685,0.2807,BCC+FCC
1,7.0844,1.8,4.647,68.655,0.0489,22.514,0.172,0.2818,BCC+FCC
1,8.3757,1.75,4.602,66.685,0.0514,22.8765,0.1772,0.2824,BCC+FCC
1,7.9194,1.75,4.6545,66.945,0.051,23.1105,0.1746,0.2826,BCC+FCC
1,8.0126,1.7,4.662,65.235,0.0524,23.365,0.1763,0.2832,BCC+FCC
1,1006.7453,1.7,4.5445,64.805,0.0511,22.935,0.1791,0.2815,BCC+FCC
1,7.1824,1.65,4.6695,63.525,0.053,23.2775,0.1773,0.2836,BCC+FCC
1,13.5781,1.65,4.637,63.44,0.0532,23.184,0.1781,0.2832,BCC+FCC
1,19.4904,1.65,4.572,63.27,0.0523,22.997,0.1789,0.282,BCC+FCC
1,2.166,1.95,4.6945,77.225,0.0463,17.4,0.1685,0.2821,BCC+FCC
1,2.4906,1.95,4.682,77.315,0.0427,17.436,0.164,0.2803,BCC+FCC
1,2.969,1.85,4.7295,73.98,0.0512,21.438,0.1756,0.2837,BCC+FCC
1,3.5627,1.85,4.6445,73.635,0.0488,21.231,0.1753,0.2823,BCC+FCC
1,3.9728,1.75,4.712,70.475,0.054,23.97,0.1808,0.2845,BCC+FCC
1,5.2119,1.7,4.687,68.68,0.0549,24.672,0.1829,0.2846,BCC+FCC
1,56.2716,1.7,4.537,68.165,0.0501,24.2085,0.1827,0.2812,BCC+FCC
1,219.3812,1.65,4.5445,66.455,0.0537,24.585,0.1867,0.2826,BCC+FCC
1,10.0964,1.65,4.532,66.545,0.0503,24.675,0.1833,0.2809,BCC+FCC
1,2.5751,1.9,4.6295,78.705,0.045,18.133,0.1686,0.2799,BCC+FCC
1,2.6765,1.9,4.6495,78.88,0.0441,18.15,0.1672,0.2796,BCC+FCC
1,2.3204,1.85,4.702,77.165,0.0528,20.3625,0.1808,0.2845,BCC+FCC
1,3.2585,1.85,4.657,77.17,0.0469,20.365,0.1743,0.2814,BCC+FCC
1,4.1975,1.85,4.592,77,0.043,20.28,0.1677,0.2778,BCC+FCC
1,3.446,1.8,4.6445,75.285,0.0514,22.221,0.182,0.2833,BCC+FCC
1,5.4983,1.8,4.5995,75.29,0.0458,22.224,0.1752,0.2798,BCC+FCC
1,8.0563,1.8,4.5145,74.945,0.0425,22.017,0.1694,0.2759,BCC+FCC
1,3.562,1.75,4.7045,73.835,0.0554,24.0045,0.1857,0.2851,BCC+FCC
1,5.4645,1.7,4.5745,71.52,0.0551,24.806,0.1902,0.2839,BCC+FCC
1,5.0439,1.7,4.627,71.78,0.0561,25.014,0.1896,0.2847,BCC+FCC
1,6.9614,1.7,4.5945,71.695,0.0538,24.946,0.1882,0.2835,BCC+FCC
1,18.3288,1.65,4.517,69.64,0.0536,25.536,0.1914,0.2824,BCC+FCC
1,10.5349,1.6,4.532,68.195,0.0526,26.325,0.1903,0.2819,BCC+FCC
1,24.0126,1.55,4.572,66.57,0.058,26.627,0.1946,0.2845,BCC+FCC
1,2.1418,1.85,4.7145,80.7,0.0511,19.06,0.1796,0.2837,BCC+FCC
1,2.802,1.85,4.597,80.27,0.0447,19.072,0.1695,0.2785,BCC+FCC
1,3.9085,1.8,4.572,78.475,0.0458,21.1125,0.1742,0.2786,BCC+FCC
1,3.2735,1.75,4.6445,76.935,0.0543,23.211,0.1883,0.2843,BCC+FCC
1,4.3997,1.75,4.632,77.025,0.0509,23.265,0.184,0.2824,BCC+FCC
1,5.3549,1.75,4.5995,76.94,0.0486,23.214,0.1811,0.2806,BCC+FCC
1,9.7747,1.7,4.502,74.71,0.0483,24.617,0.1841,0.2789,BCC+FCC
1,83.6323,1.7,4.5095,74.975,0.0452,24.8025,0.1779,0.2764,BCC+FCC
1,56.8809,1.65,4.477,72.915,0.0495,25.922,0.1882,0.2791,BCC+FCC
1,2.2588,1.8,4.6095,81.83,0.0485,20.424,0.1798,0.2814,BCC+FCC
1,3.0767,1.8,4.5645,81.835,0.0433,20.145,0.1684,0.2764,BCC+FCC
1,2.8348,1.8,4.617,82.095,0.0462,19.9955,0.1733,0.2789,BCC+FCC
1,4.2309,1.75,4.5195,79.865,0.0439,22.272,0.1742,0.2765,BCC+FCC
1,3.8311,1.75,4.572,80.125,0.0472,22.2675,0.1789,0.2791,BCC+FCC
1,4.5336,1.75,4.5395,80.04,0.0445,22.208,0.1738,0.2765,BCC+FCC
1,4.7671,1.75,4.5595,80.215,0.0448,22.109,0.1732,0.2765,BCC+FCC
1,5.9302,1.7,4.547,78.33,0.0484,24.114,0.1835,0.2792,BCC+FCC
1,9.0408,1.7,4.5345,78.42,0.0459,24.144,0.1781,0.2767,BCC+FCC
1,14.5234,1.7,4.502,78.335,0.0434,24.0845,0.1729,0.2739,BCC+FCC
1,48.7745,1.6,4.5495,75,0.0531,27.59,0.194,0.2815,BCC+FCC
1,30.6089,1.6,4.517,74.915,0.0506,27.522,0.1908,0.2794,BCC+FCC
1,2.4756,1.75,4.577,83.395,0.0458,21.7735,0.1784,0.2794,BCC+FCC
1,2.87,1.75,4.5445,83.31,0.0426,21.833,0.172,0.2766,BCC+FCC
1,3.3587,1.7,4.6245,82.035,0.0513,23.308,0.1871,0.2818,BCC+FCC
1,5.473,1.7,4.507,81.605,0.0421,23.3455,0.1711,0.2738,BCC+FCC
1,10.6998,1.65,4.462,79.635,0.0423,25.3215,0.177,0.2737,BCC+FCC
1,16.2132,1.6,4.542,78.36,0.051,27.208,0.1915,0.2797,BCC+FCC
1,2.7466,1.7,4.5445,84.96,0.0421,23.632,0.1748,0.2767,BCC+FCC
1,2.5172,1.7,4.597,85.22,0.0469,23.424,0.1816,0.2797,BCC+FCC
1,2.6974,1.95,4.6935,66.27,0.0501,22.416,0.1748,0.3251,BCC+FCC
1,1.7099,2,4.6835,74.61,0.0505,20.895,0.1794,0.325,BCC+FCC
1,1.9809,2,4.671,74.7,0.0472,20.94,0.1749,0.3232,BCC+FCC
1,2.013,1.95,4.711,73.075,0.0523,22.705,0.1832,0.3261,BCC+FCC
1,1.643,1.95,4.6835,76.26,0.053,21.72,0.1853,0.3258,BCC+FCC
1,1.7655,1.95,4.7035,76.435,0.0521,21.8075,0.1838,0.3255,BCC+FCC
1,1.9507,1.95,4.671,76.35,0.0499,21.765,0.1806,0.3239,BCC+FCC
1,2.935,1.9,4.561,74.21,0.0467,23.386,0.1783,0.3201,BCC+FCC
1,2.3452,1.85,4.686,72.93,0.0564,25.181,0.1927,0.3271,BCC+FCC
1,3.6932,1.85,4.5885,72.675,0.0497,25.0025,0.1851,0.3223,BCC+FCC
1,6.7851,1.85,4.491,72.42,0.043,24.824,0.1726,0.3152,BCC+FCC
1,5.3575,1.8,4.5635,70.88,0.0507,26.104,0.1889,0.3224,BCC+FCC
1,1.8911,1.9,4.671,78,0.0521,22.59,0.1859,0.3245,BCC+FCC
1,2.0971,1.9,4.6385,77.915,0.0496,22.5475,0.1819,0.3225,BCC+FCC
1,2.3902,1.85,4.646,76.205,0.0532,24.583,0.1899,0.3246,BCC+FCC
1,2.7114,1.85,4.6135,76.12,0.0507,24.532,0.1863,0.3227,BCC+FCC
1,4.0173,1.85,4.516,75.865,0.0433,24.379,0.1714,0.3151,BCC+FCC
1,3.6278,1.8,4.5885,74.325,0.0518,26.1575,0.1903,0.3228,BCC+FCC
1,6.8743,1.8,4.491,74.07,0.0444,25.979,0.1767,0.3152,BCC+FCC
1,8.7093,1.75,4.4785,72.185,0.0478,27.148,0.1873,0.3181,BCC+FCC
1,7.0783,1.75,4.531,72.445,0.0505,27.356,0.1907,0.3207,BCC+FCC
1,1.9117,1.85,4.6185,79.39,0.0504,23.563,0.1871,0.323,BCC+FCC
1,1.7946,1.85,4.671,79.65,0.0536,23.58,0.1908,0.3251,BCC+FCC
1,2.5058,1.85,4.5735,79.395,0.0455,23.427,0.1755,0.3179,BCC+FCC
1,10.8854,1.7,4.4985,74.01,0.0491,28.608,0.1907,0.3183,BCC+FCC
1,1.503,2.1,4.6925,70.52,0.0503,22.982,0.182,0.3634,BCC+FCC
1,7.3126,1.85,4.495,64.735,0.0505,26.485,0.1934,0.3586,BCC+FCC
1,3.1239,1.9,4.505,73.25,0.0448,27.215,0.1784,0.3526,BCC+FCC
1,3.5579,1.9,4.4725,73.165,0.0421,27.1555,0.1713,0.3492,BCC+FCC
1,3.278,1.6,4.5205,63.77,0.0459,20.68,0.1741,0.1977,BCC+FCC
1,7.2001,1.6,4.478,73.675,0.0437,22.6725,0.184,0.1963,BCC+FCC
1,5.5909,1.55,4.4855,71.965,0.0465,23.942,0.1902,0.1988,BCC+FCC
1,4.8893,1.55,4.5055,72.14,0.045,24.082,0.1885,0.1984,BCC+FCC
1,14.9532,1.65,4.4745,76.01,0.0451,23.836,0.1932,0.2129,BCC+FCC
1,7.511,1.7,4.502,62.865,0.0454,21.585,0.1837,0.2506,BCC+FCC
1,6.5742,1.65,4.5095,61.155,0.049,21.2605,0.1868,0.2521,BCC+FCC
1,32.8087,1.7,4.467,69.41,0.0448,23.708,0.188,0.2485,BCC+FCC
1,10.9142,1.65,4.4945,67.875,0.0463,24.5375,0.1926,0.2507,BCC+FCC
1,84.7925,1.7,4.4595,72.77,0.044,23.849,0.1851,0.2461,BCC+FCC
1,1539.8687,1.7,4.4795,72.945,0.0437,23.9715,0.1842,0.2461,BCC+FCC
1,2.7287,1.5,4.519,68.4,0.0491,22.65,0.1776,0.1816,BCC+FCC
1,2.7969,1.45,4.519,70.05,0.0514,24.3,0.1852,0.1833,BCC+FCC
1,3.8181,1.65,4.508,62.485,0.0475,20.0635,0.1742,0.2364,BCC+FCC
1,59.0082,1.7,4.4705,77.635,0.0405,21.561,0.1666,0.228,BCC+FCC
1,12.523,1.65,4.478,75.925,0.0437,23.3975,0.177,0.2313,BCC+FCC
1,5.306,1.75,4.4355,79.545,0.0371,22.3415,0.1558,0.2256,BCC+FCC
1,12.9168,1.65,4.453,81.065,0.0396,23.6655,0.1678,0.2275,BCC+FCC
1,5.9143,1.85,4.442,73.5,0.0406,23.25,0.1677,0.2737,BCC+FCC
1,4.9151,1.6,4.6755,63.93,0.0501,20.84,0.1762,0.2026,BCC+FCC
1,6.6366,1.65,4.483,68.045,0.0548,20.806,0.1925,0.2045,BCC+FCC
1,4.5128,1.65,4.6405,68.825,0.0548,21.43,0.1866,0.2052,BCC+FCC
1,5.9615,1.6,4.6155,67.03,0.0557,21.967,0.1886,0.2053,BCC+FCC
1,5.4461,1.6,4.668,67.29,0.054,22.201,0.185,0.2047,BCC+FCC
1,4.9105,1.6,4.773,67.81,0.0484,22.669,0.1758,0.2023,BCC+FCC
1,7.3568,1.55,4.643,65.495,0.0548,22.405,0.1866,0.2048,BCC+FCC
1,5.0997,1.6,4.713,70.91,0.0552,23.098,0.1887,0.2057,BCC+FCC
1,6.4413,1.55,4.7405,69.375,0.0537,24.0775,0.1865,0.2048,BCC+FCC
1,99.0122,1.5,4.714,68.91,0.0518,23.16,0.1751,0.1853,BCC+FCC
4,1.8846,2,4.7305,76.725,0.0377,12.7775,0.1656,0.2041,FCC
1,1.4975,2.05,4.7095,72.53,0.0481,18.115,0.1906,0.2628,BCC+FCC
1,1.3723,2.05,4.6785,71.115,0.0491,20.0675,0.1989,0.2752,BCC+FCC
1,1.6496,2.05,4.602,70.695,0.0482,19.277,0.1909,0.2608,BCC+FCC
1,1.8304,2,4.5695,72.26,0.0479,20.216,0.1888,0.2577,BCC+FCC
1,1.7625,1.95,4.687,77.325,0.0474,17.77,0.1854,0.2571,BCC+FCC
1,2.1931,1.9,4.5045,75.39,0.044,22.094,0.1773,0.2491,BCC+FCC
1,2.0873,1.9,4.5895,78.72,0.044,18.328,0.1752,0.25,BCC+FCC
1,2.2373,1.85,4.4945,75.46,0.0431,24.692,0.1828,0.2502,BCC+FCC
1,1.3719,2.1,4.666,69.83,0.0508,20.828,0.1963,0.305,BCC+FCC
1,1.3549,2.1,4.7085,71.495,0.0472,19.6675,0.1872,0.3023,BCC+FCC
1,1.484,2.05,4.676,73.06,0.0487,20.45,0.1893,0.3011,BCC+FCC
1,1.8307,1.9,4.6595,78.26,0.0473,15.95,0.1904,0.2231,BCC+FCC
1,2.1598,1.85,4.7005,82.905,0.0451,12.874,0.1742,0.2021,BCC+FCC
1,2.3298,1.85,4.668,82.82,0.0432,12.938,0.1708,0.2002,BCC+FCC
1,2.2665,1.85,4.562,79.655,0.0427,16.6475,0.1804,0.2156,BCC+FCC
1,2.1744,1.85,4.582,79.83,0.0431,16.552,0.1801,0.2156,BCC+FCC
1,2.3038,1.8,4.668,84.47,0.0456,15.015,0.1762,0.2013,BCC+FCC
1,2.6937,1.8,4.603,84.3,0.0412,15.1,0.1668,0.1964,BCC+FCC
1,2.4797,1.8,4.5295,81.22,0.041,17.43,0.1765,0.2121,BCC+FCC
1,2.2521,1.75,4.668,86.12,0.0475,17.028,0.1811,0.2024,BCC+FCC
1,2.4658,1.75,4.6355,86.035,0.045,17.079,0.1764,0.1999,BCC+FCC
1,2.6858,1.75,4.603,85.95,0.0426,17.13,0.1709,0.1971,BCC+FCC
1,2.4108,1.7,4.6355,87.685,0.0461,18.7705,0.1805,0.2007,BCC+FCC
1,1.3753,2.05,4.681,72.43,0.0475,18.472,0.1922,0.2724,BCC+FCC
1,1.4444,1.95,4.701,75.905,0.0522,19.862,0.2013,0.2738,BCC+FCC
1,1.5406,1.95,4.6685,75.82,0.0502,19.828,0.1978,0.2718,BCC+FCC
1,1.9597,1.95,4.5185,75.305,0.0415,19.622,0.1774,0.2605,BCC+FCC
1,1.8877,1.9,4.657,80.205,0.0467,16.3325,0.1802,0.253,BCC+FCC
1,2.0282,1.9,4.6245,80.12,0.0445,16.29,0.1759,0.2509,BCC+FCC
1,2.0308,1.9,4.5185,76.955,0.042,20.282,0.1799,0.2604,BCC+FCC
1,1.8601,1.9,4.571,77.215,0.0454,20.386,0.1869,0.2641,BCC+FCC
1,2.0171,1.85,4.6445,81.945,0.0461,17.0305,0.1796,0.2513,BCC+FCC
1,2.1517,1.85,4.612,81.86,0.0439,16.99,0.1743,0.2488,BCC+FCC
1,1.9943,1.8,4.6245,83.42,0.047,18.648,0.1841,0.252,BCC+FCC
1,1.9194,1.8,4.571,80.515,0.0461,21.9575,0.1918,0.2641,BCC+FCC
1,2.1495,1.8,4.612,83.51,0.045,18.594,0.178,0.2492,BCC+FCC
1,1.9392,1.75,4.6245,85.07,0.0473,20.601,0.1875,0.2524,BCC+FCC
1,2.2985,1.75,4.5795,85.075,0.0429,20.5975,0.1743,0.2463,BCC+FCC
1,1.5027,2.1,4.666,72.815,0.0413,18.036,0.172,0.2959,BCC+FCC
1,1.4768,2.05,4.6985,74.55,0.0463,18.73,0.1811,0.2984,BCC+FCC
1,1.6448,2.05,4.6335,74.38,0.0429,18.662,0.174,0.2946,BCC+FCC
1,1.4812,1.95,4.6985,77.85,0.0516,20.05,0.1918,0.2998,BCC+FCC
1,1.6887,1.9,4.6135,79.155,0.0478,20.803,0.1877,0.2959,BCC+FCC
1,1.5775,1.9,4.666,79.415,0.0509,20.8175,0.1922,0.2983,BCC+FCC
1,1.9411,1.85,4.5285,80.46,0.0409,21.832,0.1766,0.2896,BCC+FCC
1,1.968,1.85,4.5485,80.635,0.0422,21.691,0.1773,0.2899,BCC+FCC
1,1.7282,2.05,4.505,72.985,0.0405,22.4825,0.1685,0.3263,BCC+FCC
1,2.512,2,4.4915,76.575,0.0365,10.0725,0.1512,0.1819,FCC
1,2.923,2,4.479,76.665,0.0339,10.0995,0.1443,0.1785,FCC
1,3.2072,2,4.489,78.245,0.0304,7.886,0.1297,0.1717,FCC
1,2.9287,1.95,4.4065,74.895,0.0344,14.5675,0.1609,0.185,FCC
1,3.1469,1.95,4.499,78.49,0.0354,10.892,0.1484,0.179,FCC
1,3.4369,1.9,4.489,81.545,0.0337,10.5485,0.1404,0.1733,FCC
1,3.5756,1.85,4.4265,81.355,0.0308,13.855,0.1467,0.1755,FCC
1,2.5906,1.8,4.699,85.885,0.0459,14.3075,0.1674,0.1845,BCC+FCC
1,1.9398,2.05,4.623,73.515,0.0435,15.9475,0.1729,0.2441,BCC+FCC
1,2.0756,1.9,4.688,81.62,0.047,14.416,0.1718,0.2396,BCC+FCC
1,2.2821,1.9,4.6755,81.71,0.044,14.159,0.1666,0.2374,BCC+FCC
1,2.4151,1.85,4.623,83.1,0.0442,15.76,0.1681,0.2363,BCC+FCC
1,2.2478,1.85,4.6755,83.36,0.0464,15.57,0.172,0.2383,BCC+FCC
1,2.4233,1.85,4.643,83.275,0.0442,15.6125,0.1673,0.2361,BCC+FCC
1,2.5822,1.8,4.6105,84.84,0.0432,17.796,0.1659,0.2341,BCC+FCC
1,2.9039,1.8,4.493,81.425,0.0386,20.245,0.1586,0.2305,BCC+FCC
1,2.7856,1.8,4.578,84.755,0.0408,17.847,0.1592,0.231,BCC+FCC
1,1.9415,2.05,4.5895,74.045,0.0431,18.2825,0.1692,0.2833,BCC+FCC
1,2.296,1.95,4.5245,77.175,0.0409,19.8475,0.1624,0.2772,BCC+FCC
1,2.3161,1.9,4.547,80.315,0.0408,18.839,0.1629,0.277,BCC+FCC
1,2.0895,1.8,4.5995,83.875,0.0449,21.4375,0.176,0.2804,BCC+FCC
1,1.5864,2.05,4.6535,74.83,0.0485,20.745,0.1801,0.3256,BCC+FCC
1,1.955,1.9,4.556,79.525,0.0428,23.245,0.1716,0.3175,BCC+FCC
1,1.9307,1.85,4.556,81.175,0.0423,24.235,0.1731,0.3172,BCC+FCC
1,3.1297,1.8,4.412,77.805,0.0371,21.3425,0.1594,0.2029,BCC+FCC
1,0.9126,2.35,4.2665,49.465,0.0283,24.0615,0.1464,0.4233,BCC+FCC
1,0.8182,2.35,4.268,48.135,0.0296,25.082,0.1556,0.4275,BCC+FCC
1,0.8433,2.35,4.2895,43.995,0.0262,22.1835,0.1568,0.4144,BCC+FCC
1,0.9035,2.35,4.2765,51.045,0.0316,25.914,0.1544,0.4318,BCC+FCC
1,1.0037,2.3,4.2865,51.29,0.0264,26.347,0.1425,0.4214,BCC+FCC
4,3.9266,1.75,4.4075,79.99,0.0443,38.419,0.2454,0.4015,BCC
3,5.6272,1.75,4.4045,84.02,0.0474,38.122,0.2731,0.4665,BCC
1,5.7059,1.95,4.5115,78.575,0.0352,8.41,0.1689,0.1767,FCC
3,2.3958,1.7,4.4695,63.275,0.1105,31.8,0.526,0.3514,IM
4,1.9853,1.95,4.738,72.925,0.0432,15.08,0.2037,0.1953,FCC
1,2.6757,1.95,4.703,69.99,0.0441,17.304,0.1819,0.2117,BCC+FCC
1,2.2243,1.9,4.7445,67.035,0.0505,20.1645,0.1979,0.231,BCC+FCC
1,2.6984,1.9,4.6795,66.865,0.047,20.0455,0.1966,0.229,BCC+FCC
1,3.7206,1.85,4.718,66.57,0.0495,19.106,0.1882,0.2139,BCC+FCC
1,4.1019,1.85,4.7605,68.235,0.0449,18.6045,0.1708,0.2059,BCC+FCC
1,3.4641,1.8,4.758,64.945,0.0513,19.5705,0.1895,0.215,BCC+FCC
1,15.0398,1.8,4.5955,64.52,0.0457,19.188,0.1889,0.2107,BCC+FCC
1,15.3745,1.75,4.678,64.56,0.0466,19.484,0.1751,0.2057,BCC+FCC
1,10.0172,1.7,4.718,62.935,0.047,19.585,0.1748,0.2062,BCC+FCC
1,20.2819,1.7,4.6855,62.85,0.0475,19.5,0.176,0.2061,BCC+FCC
1,551.3967,1.7,4.653,62.765,0.0476,19.415,0.1769,0.2057,BCC+FCC
1,17.9651,1.7,4.6205,62.68,0.0471,19.33,0.1775,0.2052,BCC+FCC
1,97.0033,1.65,4.6605,61.055,0.0484,19.0805,0.1775,0.2062,BCC+FCC
1,1.5908,2.05,4.6535,67.67,0.0464,20.382,0.1972,0.2746,BCC+FCC
1,2.1273,2,4.7345,69.04,0.0454,18.804,0.1792,0.2584,BCC+FCC
1,2.9487,1.95,4.677,67.16,0.0448,19.662,0.1809,0.2575,BCC+FCC
1,3.2814,1.95,4.6445,67.075,0.0425,19.6025,0.1797,0.2562,BCC+FCC
1,2.9906,1.9,4.717,65.535,0.0488,20.348,0.1844,0.2593,BCC+FCC
1,4.0304,1.75,4.707,60.32,0.052,20.082,0.1888,0.2605,BCC+FCC
1,2.9127,1.7,4.747,58.695,0.0507,19.434,0.1874,0.2607,BCC+FCC
1,94.6618,1.7,4.5845,58.27,0.0521,18.924,0.1925,0.2589,BCC+FCC
1,2.0802,1.95,4.707,69.975,0.0461,17.9475,0.1845,0.2241,BCC+FCC
1,2.6651,1.7,4.712,61.34,0.0523,20.65,0.1928,0.2263,BCC+FCC
1,2.5165,1.7,4.7645,61.6,0.0491,20.91,0.188,0.2252,BCC+FCC
1,3.9153,1.7,4.6995,61.43,0.0511,20.74,0.1908,0.2252,BCC+FCC
1,2.8173,1.65,4.7395,59.805,0.0497,20.3655,0.1891,0.2252,BCC+FCC
1,8.7907,1.65,4.5655,62.115,0.0465,19.025,0.1677,0.1985,BCC+FCC
1,6.0841,1.65,4.5855,62.29,0.0451,19.2,0.1643,0.1975,BCC+FCC
1,1.5906,2.05,4.676,69.16,0.0429,19.35,0.1879,0.2712,BCC+FCC
1,2.746,1.95,4.6795,68.475,0.0448,18.725,0.1705,0.253,BCC+FCC
1,2.0063,1.95,4.691,65.74,0.0497,21.328,0.1962,0.2739,BCC+FCC
1,3.1132,1.85,4.6945,65.055,0.0483,20.224,0.175,0.2543,BCC+FCC
1,5.3152,1.85,4.6495,65.06,0.0456,20.228,0.1724,0.2525,BCC+FCC
1,2.9961,1.8,4.7545,63.605,0.0463,20.6945,0.1714,0.2538,BCC+FCC
1,9.0033,1.75,4.632,61.555,0.0484,20.275,0.1761,0.2532,BCC+FCC
1,18.1031,1.75,4.5995,61.47,0.0478,20.19,0.1766,0.2526,BCC+FCC
1,14.4564,1.75,4.5345,61.3,0.0453,20.02,0.1766,0.2508,BCC+FCC
4,2.3756,1.95,4.694,72.59,0.0438,14.555,0.205,0.1837,FCC
4,2.5339,1.95,4.7365,74.255,0.0416,12.952,0.1922,0.1751,FCC
4,3.5885,1.9,4.7115,72.46,0.0428,14.75,0.1947,0.1752,FCC
4,4.4275,2,4.5165,75.06,0.0293,9.878,0.1322,0.173,FCC
3,1.6191,1.7,4.51,56.635,0.1127,30.7455,0.5444,0.3575,IM
3,1.5669,1.7,4.5725,59.33,0.1117,31.246,0.4959,0.3465,IM
3,1.2244,1.8,4.574,60.79,0.0934,36.369,0.4511,0.3462,IM
4,1.5091,1.7,4.606,63.19,0.1053,34.209,0.4451,0.3074,IM
3,2.0207,1.6,4.477,61.31,0.1044,31.523,0.5655,0.3398,IM
3,1.6885,1.6,4.5655,62.1,0.1129,33.08,0.4864,0.2673,IM
3,1.5037,1.65,4.5795,64.83,0.0988,32.733,0.4828,0.303,IM
3,1.586,1.8,4.513,62.93,0.0853,32.416,0.4534,0.2967,IM
3,1.2251,1.75,4.5905,61.765,0.1179,31.4415,0.505,0.3037,IM
3,1.2761,1.75,4.583,62.25,0.1201,31.005,0.5216,0.3086,IM
2,1.3523,1.7,4.5655,59.97,0.119,30.734,0.507,0.3037,IM
3,1.2489,1.8,4.602,62.245,0.1114,31.0095,0.4741,0.3428,IM
1,3.1559,2,4.5465,78.965,0.0381,8.3655,0.1765,0.1845,FCC
1,1.6547,2.05,4.617,71.645,0.0421,16.088,0.1839,0.2242,BCC+FCC
2,1.51,1.85,4.482,61.565,0.0706,33.508,0.4308,0.2943,IM
3,1.8823,1.6,4.469,64.995,0.0847,30.764,0.5476,0.2789,IM
2,1.7104,1.75,4.468,64.84,0.0828,30.888,0.5108,0.3399,IM
3,7.8298,1.75,4.397,81.865,0.0465,40.128,0.2961,0.5024,BCC
4,7.0166,1.75,4.371,70.785,0.0421,33.192,0.2679,0.4077,BCC
3,4.0709,1.75,4.3815,70.19,0.0445,37.457,0.3513,0.5002,BCC
3,4.1074,1.75,4.4185,81.6,0.0472,41.22,0.279,0.4885,BCC
4,14.6253,1.75,4.153,39.04,0.0346,13.26,0.4509,0.4004,BCC
4,14.7894,1.75,4.1455,39.525,0.0369,12.775,0.4716,0.3818,BCC
3,14.6494,1.75,4.138,40.01,0.0386,12.29,0.492,0.3617,BCC
2,15.4336,1.75,4.163,41.515,0.0362,13.7925,0.4634,0.3904,BCC
2,15.3862,1.75,4.1555,42,0.038,13.55,0.4838,0.3694,BCC
4,15.5594,1.75,4.173,43.99,0.0374,15.066,0.4756,0.3759,BCC
3,15.6994,1.7,4.1655,40.115,0.0358,12.2835,0.4486,0.3894,BCC
3,15.7825,1.65,4.168,38.715,0.0353,11.0235,0.433,0.3837,BCC
3,15.6057,1.65,4.1955,43.18,0.0362,12.96,0.4376,0.3878,BCC
2,14.266,1.75,4.1885,38.925,0.0406,13.375,0.4529,0.4471,BCC
3,14.3254,1.75,4.181,39.41,0.0428,12.89,0.4749,0.4303,BCC
4,25.2429,1.85,4.8225,80.12,0.0355,11.226,0.1582,0.0794,FCC
4,24.1716,1.8,4.7975,78.325,0.0365,13.79,0.1607,0.0795,FCC
4,24.9215,1.85,4.8475,78.065,0.0351,14.376,0.1574,0.0774,FCC
3,30.9879,1.85,4.815,77.98,0.0345,14.342,0.1571,0.0792,FCC
4,28.5211,1.8,4.8225,76.27,0.036,16.555,0.1598,0.0774,FCC
3,16.4736,1.8,4.7575,76.1,0.0345,16.47,0.1593,0.0807,FCC
4,13.0648,1.75,4.8625,74.645,0.0362,18.477,0.1607,0.0724,FCC
4,8.4094,1.7,4.87,72.935,0.036,20.0145,0.1612,0.069,FCC
4,6.6847,1.7,4.805,72.765,0.0375,19.8955,0.1635,0.0753,FCC
3,5.923,1.7,4.7725,72.68,0.0378,19.836,0.1641,0.0776,FCC
3,4.2701,1.65,4.7475,70.885,0.0386,20.938,0.1661,0.0777,FCC
4,3.7822,1.65,4.715,70.8,0.0385,20.87,0.1666,0.0796,FCC
2,29.6818,1.85,4.84,75.925,0.0341,17.0725,0.1564,0.0772,FCC
3,38.9253,1.85,4.8075,75.84,0.0334,17.03,0.1559,0.079,FCC
3,48.2547,1.8,4.88,74.3,0.0348,18.96,0.1583,0.0722,FCC
2,33.2547,1.8,4.8475,74.215,0.0352,18.909,0.1588,0.075,FCC
3,24.5131,1.8,4.815,74.13,0.035,18.858,0.1589,0.0773,FCC
4,18.7966,1.8,4.7825,74.045,0.0344,18.807,0.1586,0.0791,FCC
4,12.287,1.75,4.855,72.505,0.0355,20.4035,0.1603,0.0723,FCC
3,8.0914,1.7,4.8625,70.795,0.0351,21.556,0.161,0.0689,FCC
3,5.6729,1.7,4.765,70.54,0.0368,21.352,0.1635,0.0775,FCC
3,5.7226,1.65,4.8375,69,0.0361,22.29,0.1626,0.069,FCC
4,3.5947,1.65,4.7075,68.66,0.0374,21.984,0.1659,0.0794,FCC
2,2.7353,1.6,4.6825,66.865,0.0384,22.325,0.168,0.0795,FCC
4,15.7276,1.8,4.8725,77.66,0.0381,17.94,0.1656,0.0816,FCC
3,18.297,1.8,4.84,77.575,0.0376,17.8975,0.1652,0.0835,FCC
3,21.56,1.75,4.75,75.61,0.0362,19.746,0.1662,0.0861,FCC
4,9.6427,1.7,4.7575,73.9,0.0386,21.38,0.1698,0.0852,FCC
4,24.038,1.85,4.8975,73.955,0.0334,19.443,0.1555,0.072,FCC
2,28.5253,1.85,4.865,73.87,0.0336,19.392,0.1556,0.0748,FCC
2,36.0258,1.85,4.8325,73.785,0.0332,19.341,0.1553,0.0771,FCC
3,51.3617,1.85,4.8,73.7,0.0323,19.29,0.1545,0.0788,FCC
4,56.8925,1.8,4.905,72.245,0.0333,20.9115,0.1571,0.0688,FCC
2,38.38,1.8,4.8725,72.16,0.0341,20.852,0.1577,0.0721,FCC
1,27.9318,1.8,4.84,72.075,0.0343,20.7925,0.158,0.0749,FCC
3,21.2368,1.8,4.8075,71.99,0.0341,20.733,0.1579,0.0771,FCC
3,9.9049,1.75,4.815,70.28,0.0351,21.834,0.1602,0.0749,FCC
2,6.8735,1.7,4.8225,68.57,0.0354,22.593,0.1617,0.0722,FCC
3,6.0909,1.7,4.79,68.485,0.0359,22.5165,0.1624,0.075,FCC
2,5.3578,1.7,4.7575,68.4,0.0359,22.44,0.1627,0.0773,FCC
3,3.8551,1.65,4.7325,66.605,0.0367,22.755,0.1649,0.0774,FCC
3,3.3338,1.65,4.7,66.52,0.0363,22.67,0.165,0.0792,FCC
4,2.9302,1.6,4.7075,64.81,0.0376,22.711,0.1669,0.0775,FCC
4,20.7209,1.8,4.8325,75.435,0.0367,20.331,0.164,0.0833,FCC
3,25.7877,1.8,4.8,75.35,0.0355,20.28,0.163,0.0848,FCC
4,25.6992,1.75,4.775,73.555,0.0365,21.8285,0.1659,0.0849,FCC
2,10.6463,1.7,4.7825,71.845,0.0384,23.086,0.1691,0.0835,FCC
4,8.861,1.7,4.75,71.76,0.0375,23.018,0.1686,0.085,FCC
2,23.5014,1.85,4.9225,71.9,0.0322,21.36,0.1544,0.0687,FCC
4,27.4695,1.85,4.89,71.815,0.0327,21.3005,0.1546,0.0719,FCC
3,33.7183,1.85,4.8575,71.73,0.0327,21.241,0.1545,0.0747,FCC
3,45.3356,1.85,4.825,71.645,0.0322,21.1815,0.154,0.0769,FCC
3,66.0687,1.8,4.93,70.19,0.0316,22.452,0.1557,0.0648,FCC
2,43.7845,1.8,4.8975,70.105,0.0328,22.384,0.1565,0.0687,FCC
1,31.5165,1.8,4.865,70.02,0.0334,22.316,0.157,0.072,FCC
2,23.7803,1.8,4.8325,69.935,0.0335,22.248,0.1571,0.0747,FCC
4,18.4661,1.8,4.8,69.85,0.0331,22.18,0.1568,0.077,FCC
1,12.2397,1.75,4.8725,68.31,0.0333,23.049,0.1585,0.0687,FCC
4,9.1751,1.75,4.8075,68.14,0.0343,22.896,0.1594,0.0748,FCC
4,6.7221,1.75,4.7425,67.97,0.0333,22.743,0.1589,0.0788,FCC
4,4.2714,1.7,4.7175,66.175,0.0343,23.015,0.1616,0.0789,FCC
4,3.549,1.65,4.725,64.465,0.0358,23.0215,0.1641,0.0772,FCC
2,14.481,1.8,4.9225,73.55,0.0365,22.515,0.1638,0.0763,FCC
4,16.6282,1.8,4.89,73.465,0.0367,22.4555,0.1638,0.079,FCC
3,19.4572,1.8,4.8575,73.38,0.0365,22.396,0.1634,0.0813,FCC
3,23.62,1.8,4.825,73.295,0.0357,22.3365,0.1626,0.0832,FCC
3,30.6761,1.8,4.7925,73.21,0.0344,22.277,0.1614,0.0846,FCC
2,21.3064,1.75,4.7675,71.415,0.0354,23.432,0.1644,0.0847,FCC
1,22.8375,1.85,4.9475,69.845,0.0307,22.866,0.1532,0.0647,FCC
3,26.4489,1.85,4.915,69.76,0.0316,22.798,0.1536,0.0686,FCC
4,31.7892,1.85,4.8825,69.675,0.032,22.73,0.1537,0.0718,FCC
4,40.9689,1.85,4.85,69.59,0.0319,22.662,0.1534,0.0745,FCC
2,61.0483,1.85,4.8175,69.505,0.0313,22.594,0.1526,0.0767,FCC
3,142.1366,1.85,4.785,69.42,0.0302,22.526,0.1515,0.0784,FCC
2,49.1384,1.8,4.9225,68.05,0.0312,23.505,0.1552,0.0647,FCC
4,35.1435,1.8,4.89,67.965,0.0322,23.4285,0.1559,0.0686,FCC
3,26.3745,1.8,4.8575,67.88,0.0327,23.352,0.1561,0.0719,FCC
4,12.8637,1.75,4.8975,66.255,0.0316,23.785,0.1572,0.0648,FCC
4,13.5847,1.8,4.9475,71.495,0.0353,24.186,0.1628,0.0729,FCC
3,15.6835,1.8,4.915,71.41,0.0359,24.118,0.163,0.0762,FCC
1,18.2331,1.8,4.8825,71.325,0.036,24.05,0.1628,0.0789,FCC
2,25.3661,1.85,4.94,67.705,0.0302,23.8845,0.1525,0.0647,FCC
4,37.5862,1.85,4.875,67.535,0.0313,23.7315,0.1526,0.0717,FCC
3,38.542,1.8,4.915,65.91,0.0307,24.13,0.1547,0.0647,FCC
1,28.9061,1.8,4.8825,65.825,0.0316,24.045,0.1551,0.0685,FCC
4,5.3237,1.9,4.769,72.875,0.0314,17.2575,0.135,0.1232,FCC
3,7.5851,1.85,4.809,71.25,0.0336,18.84,0.1388,0.1237,FCC
3,8.7456,1.85,4.7765,71.165,0.0333,18.789,0.1387,0.1237,FCC
3,10.3569,1.85,4.744,71.08,0.0325,18.738,0.1382,0.1233,FCC
4,17.0142,1.8,4.784,69.455,0.0345,19.9785,0.1414,0.1238,FCC
4,26.831,1.8,4.7515,69.37,0.0343,19.919,0.1415,0.1238,FCC
4,69.143,1.8,4.719,69.285,0.0336,19.8595,0.1412,0.1234,FCC
4,24.6448,1.75,4.824,67.83,0.0343,20.894,0.1419,0.123,FCC
4,116.1689,1.75,4.759,67.66,0.0354,20.758,0.1438,0.1239,FCC
4,15.5289,1.75,4.694,67.49,0.0348,20.622,0.1441,0.1235,FCC
3,23.0237,1.7,4.7665,65.95,0.0358,21.255,0.1451,0.1237,FCC
2,9.8042,1.65,4.7415,64.155,0.0367,21.325,0.147,0.1238,FCC
3,7.989,1.8,4.7765,72.815,0.0365,19.779,0.1485,0.127,FCC
3,9.3915,1.8,4.744,72.73,0.0354,19.728,0.1477,0.1265,FCC
4,585.0751,1.65,4.799,67.685,0.0388,22.8165,0.1546,0.1269,FCC
1,9.9989,1.5,4.6505,59.22,0.05,22.366,0.1929,0.1651,BCC+FCC
2,4.5918,1.9,4.859,70.99,0.0319,19.374,0.1351,0.1232,FCC
3,5.2724,1.9,4.794,70.82,0.0313,19.272,0.1344,0.1234,FCC
3,5.6625,1.9,4.7615,70.735,0.0302,19.221,0.1333,0.123,FCC
3,6.4168,1.85,4.8665,69.28,0.0321,20.546,0.1372,0.1227,FCC
2,7.2416,1.85,4.834,69.195,0.0326,20.4865,0.1377,0.1233,FCC
4,9.0293,1.8,4.874,67.57,0.0319,21.376,0.1383,0.1219,FCC
3,36.9961,1.8,4.744,67.23,0.0333,21.104,0.1404,0.1236,FCC
4,263.1511,1.8,4.7115,67.145,0.0325,21.036,0.1399,0.1232,FCC
3,18.5402,1.75,4.849,65.775,0.0329,21.7875,0.1402,0.122,FCC
4,33.2434,1.75,4.8165,65.69,0.0334,21.711,0.1415,0.1229,FCC
2,166.3053,1.75,4.784,65.605,0.0342,21.6345,0.1425,0.1235,FCC
4,52.144,1.75,4.7515,65.52,0.0345,21.558,0.143,0.1237,FCC
4,17.0797,1.7,4.889,64.15,0.0316,22.01,0.138,0.1194,FCC
2,38.6574,1.7,4.7915,63.895,0.0343,21.755,0.1435,0.1229,FCC
3,18.3217,1.7,4.759,63.81,0.035,21.67,0.1446,0.1235,FCC
4,11.6742,1.7,4.7265,63.725,0.0354,21.585,0.1454,0.1238,FCC
4,6.1387,1.7,4.6615,63.555,0.0347,21.415,0.1457,0.1234,FCC
4,20.8332,1.65,4.799,62.185,0.0349,21.5335,0.1437,0.1221,FCC
2,12.4528,1.65,4.7665,62.1,0.0354,21.44,0.1453,0.123,FCC
4,4.9741,1.65,4.669,61.845,0.0363,21.1595,0.1481,0.1239,FCC
4,6.5934,1.8,4.834,70.845,0.0364,21.6415,0.148,0.1269,FCC
3,7.5251,1.8,4.8015,70.76,0.0362,21.582,0.1478,0.127,FCC
3,11.9498,1.75,4.809,69.05,0.0372,22.56,0.1505,0.127,FCC
3,16.1142,1.75,4.7765,68.965,0.037,22.492,0.1505,0.1271,FCC
3,59.5216,1.75,4.7115,68.795,0.0353,22.356,0.1493,0.1263,FCC
4,21.6048,1.7,4.8165,67.34,0.0374,23.196,0.1522,0.1267,FCC
4,239.527,1.7,4.7515,67.17,0.0379,23.043,0.153,0.1272,FCC
4,32.0474,1.7,4.719,67.085,0.0374,22.9665,0.1528,0.127,FCC
4,16.376,1.7,4.6865,67,0.0364,22.89,0.1523,0.1264,FCC
2,4.498,1.9,4.884,68.935,0.0307,20.9945,0.1339,0.1225,FCC
4,4.8268,1.9,4.8515,68.85,0.031,20.935,0.134,0.123,FCC
1,5.1701,1.9,4.819,68.765,0.0309,20.8755,0.1337,0.1233,FCC
3,5.9504,1.9,4.754,68.595,0.029,20.7565,0.1315,0.1227,FCC
2,6.0897,1.85,4.8915,67.225,0.0304,21.79,0.1357,0.1218,FCC
1,6.8595,1.85,4.859,67.14,0.0314,21.722,0.1365,0.1226,FCC
1,7.777,1.85,4.8265,67.055,0.0318,21.654,0.1368,0.1231,FCC
3,8.9416,1.85,4.794,66.97,0.0317,21.586,0.1367,0.1233,FCC
3,10.5309,1.85,4.7615,66.885,0.0312,21.518,0.1361,0.1232,FCC
4,12.9179,1.85,4.729,66.8,0.0302,21.45,0.1351,0.1228,FCC
3,8.1479,1.8,4.899,65.515,0.0305,22.2435,0.1366,0.1207,FCC
2,9.9344,1.8,4.8665,65.43,0.031,22.167,0.1379,0.1218,FCC
4,12.4927,1.8,4.834,65.345,0.032,22.0905,0.1388,0.1227,FCC
4,16.7288,1.8,4.8015,65.26,0.0326,22.014,0.1394,0.1232,FCC
3,25.6147,1.8,4.769,65.175,0.0326,21.9375,0.1395,0.1234,FCC
2,58.6356,1.8,4.7365,65.09,0.0322,21.861,0.1392,0.1234,FCC
3,22.8187,1.75,4.8415,63.635,0.0319,22.185,0.1399,0.1219,FCC
1,234.3574,1.75,4.7765,63.465,0.0334,22.015,0.1418,0.1233,FCC
1,16.9355,1.75,4.7115,63.295,0.0332,21.845,0.1421,0.1235,FCC
4,10.0249,1.7,4.719,61.585,0.0344,21.5635,0.1446,0.1236,FCC
2,7.2046,1.7,4.6865,61.5,0.0342,21.47,0.1448,0.1236,FCC
2,5.7355,1.65,4.694,59.79,0.0353,20.838,0.1469,0.1237,FCC
2,4.2087,1.85,4.884,70.585,0.0347,22.1495,0.1445,0.1263,FCC
2,4.9191,1.85,4.819,70.415,0.0343,22.0305,0.1435,0.1267,FCC
3,5.3039,1.85,4.7865,70.33,0.0334,21.971,0.1424,0.1264,FCC
4,8.0898,1.8,4.794,68.62,0.0352,22.906,0.1465,0.1268,FCC
3,9.4633,1.8,4.7615,68.535,0.0344,22.838,0.1457,0.1265,FCC
4,11.4337,1.8,4.729,68.45,0.033,22.77,0.1444,0.126,FCC
4,33.1187,1.75,4.7365,66.74,0.0354,23.346,0.1488,0.1267,FCC
4,27.7584,1.7,4.809,65.2,0.0367,23.75,0.1516,0.1265,FCC
2,23.0817,1.7,4.7115,64.945,0.0364,23.495,0.1516,0.1268,FCC
3,4.3502,1.9,4.909,66.88,0.0293,22.204,0.1327,0.1216,FCC
1,4.6863,1.9,4.8765,66.795,0.03,22.136,0.133,0.1224,FCC
2,5.0254,1.9,4.844,66.71,0.0302,22.068,0.1328,0.1229,FCC
1,5.38,1.9,4.8115,66.625,0.0299,22,0.1322,0.1231,FCC
4,5.7025,1.85,4.9165,65.17,0.0285,22.623,0.1342,0.1205,FCC
1,6.441,1.85,4.884,65.085,0.0298,22.5465,0.1351,0.1216,FCC
1,7.2797,1.85,4.8515,65,0.0306,22.47,0.1356,0.1224,FCC
3,8.2977,1.85,4.819,64.915,0.031,22.3935,0.1357,0.1229,FCC
4,9.6194,1.85,4.7865,64.83,0.0308,22.317,0.1354,0.1231,FCC
3,11.4805,1.85,4.754,64.745,0.0301,22.2405,0.1346,0.123,FCC
4,14.0308,1.8,4.8265,63.205,0.0313,22.445,0.1381,0.1225,FCC
4,19.6424,1.8,4.794,63.12,0.0317,22.36,0.1384,0.123,FCC
2,33.6041,1.8,4.7615,63.035,0.0317,22.275,0.1383,0.1232,FCC
3,145.5695,1.8,4.729,62.95,0.0311,22.19,0.1378,0.1231,FCC
4,23.6422,1.75,4.7365,61.24,0.0326,21.874,0.1411,0.1233,FCC
3,8.5265,1.7,4.7115,59.445,0.0335,21.114,0.1437,0.1234,FCC
4,5.1123,1.85,4.8115,68.275,0.0334,23.32,0.142,0.1265,FCC
2,5.5082,1.85,4.779,68.19,0.0323,23.252,0.1406,0.1262,FCC
3,8.6434,1.8,4.7865,66.48,0.0343,23.802,0.1452,0.1266,FCC
3,10.2141,1.8,4.754,66.395,0.0333,23.7255,0.1441,0.1263,FCC
4,23.0694,1.75,4.7615,64.685,0.0351,23.925,0.1481,0.1267,FCC
4,4.1424,1.9,4.934,64.825,0.0276,23.0025,0.1313,0.1204,FCC
4,4.498,1.9,4.9015,64.74,0.0287,22.926,0.1318,0.1214,FCC
1,4.8407,1.9,4.869,64.655,0.0293,22.8495,0.1319,0.1222,FCC
2,5.186,1.9,4.8365,64.57,0.0294,22.773,0.1315,0.1227,FCC
4,5.545,1.9,4.804,64.485,0.029,22.6965,0.1306,0.1229,FCC
2,6.7669,1.85,4.8765,62.945,0.0292,22.875,0.1344,0.1215,FCC
3,12.472,1.85,4.7465,62.605,0.0291,22.535,0.1329,0.1228,FCC
2,23.6292,1.8,4.7865,60.98,0.0309,22.278,0.1374,0.1229,FCC
4,49.0951,1.8,4.754,60.895,0.0307,22.1845,0.1371,0.123,FCC
4,37.7976,1.75,4.7615,59.185,0.0317,21.492,0.1401,0.1229,FCC
3,5.6603,1.85,4.7715,66.05,0.0312,24.105,0.1387,0.126,FCC
4,10.9646,1.8,4.7465,64.255,0.0322,24.185,0.1423,0.1261,FCC
1,4.6134,1.9,4.894,62.6,0.0281,23.22,0.1308,0.1213,FCC
2,4.9583,1.9,4.8615,62.515,0.0286,23.135,0.1306,0.1221,FCC
2,5.3028,1.9,4.829,62.43,0.0285,23.05,0.13,0.1225,FCC
4,5.6543,1.9,4.7965,62.345,0.028,22.965,0.1289,0.1227,FCC
4,7.0647,1.85,4.869,60.805,0.0286,22.7755,0.1335,0.1214,FCC
4,9.2829,1.85,4.804,60.635,0.0293,22.5885,0.1332,0.1226,FCC
4,10.9577,1.85,4.7715,60.55,0.0289,22.495,0.1324,0.1228,FCC
3,4.6273,1.85,4.8615,64.165,0.0326,24.785,0.1409,0.1258,FCC
4,5.4736,1.85,4.8325,73.935,0.0363,16.0075,0.1696,0.064,FCC
4,5.8719,1.85,4.8,73.85,0.0356,15.965,0.1694,0.0652,FCC
4,6.319,1.85,4.7675,73.765,0.0344,15.9225,0.1688,0.0658,FCC
4,14.9118,1.8,4.7425,71.97,0.0355,17.492,0.1714,0.066,FCC
4,63.7705,1.75,4.7175,70.175,0.0366,18.7025,0.1739,0.0661,FCC
4,6.8178,1.75,4.7025,76.895,0.0356,17.4875,0.1803,0.0761,FCC
4,6.754,1.85,4.76,71.625,0.0332,17.975,0.1674,0.0654,FCC
4,8.361,1.8,4.865,70.17,0.0363,19.389,0.1704,0.0599,FCC
4,9.5892,1.8,4.8325,70.085,0.0365,19.3295,0.1709,0.0622,FCC
4,61.7587,1.75,4.775,68.205,0.0372,20.104,0.1732,0.064,FCC
4,28.8233,1.7,4.88,66.75,0.0357,20.885,0.1714,0.0533,FCC
3,18.9569,1.7,4.75,66.41,0.0381,20.579,0.1753,0.0642,FCC
4,120.2727,1.65,4.8875,65.04,0.0355,21.12,0.1709,0.0487,FCC
4,10.9146,1.65,4.7575,64.7,0.0389,20.78,0.1765,0.0625,FCC
4,27.1124,1.6,4.8625,63.245,0.0363,20.9195,0.172,0.0488,FCC
4,5.4663,1.8,4.825,73.445,0.0389,19.067,0.177,0.0707,FCC
4,16.2457,1.65,4.7175,67.975,0.0407,21.9875,0.1836,0.0719,FCC
3,5.3476,1.85,4.8825,69.825,0.0349,19.8375,0.1678,0.0596,FCC
2,5.7393,1.85,4.85,69.74,0.0349,19.778,0.1679,0.0618,FCC
3,6.1557,1.85,4.8175,69.655,0.0344,19.7185,0.1676,0.0635,FCC
3,6.6145,1.85,4.785,69.57,0.0335,19.659,0.167,0.0646,FCC
4,7.1371,1.85,4.7525,69.485,0.032,19.5995,0.166,0.0651,FCC
4,7.912,1.8,4.89,68.115,0.0349,20.722,0.1692,0.0567,FCC
3,10.4443,1.8,4.825,67.945,0.0357,20.586,0.1701,0.062,FCC
4,16.0288,1.75,4.865,66.32,0.0355,21.188,0.171,0.0568,FCC
3,137.6565,1.75,4.7675,66.065,0.0362,20.9585,0.1724,0.0638,FCC
2,223.6373,1.7,4.84,64.525,0.036,21.295,0.1726,0.0569,FCC
2,15.7729,1.7,4.7425,64.27,0.0371,21.04,0.1745,0.0639,FCC
2,10.9768,1.7,4.71,64.185,0.0365,20.955,0.1745,0.065,FCC
4,5.7646,1.65,4.685,62.39,0.0375,20.669,0.1767,0.0652,FCC
4,5.3242,1.8,4.85,71.39,0.0387,20.933,0.1763,0.0692,FCC
3,5.7522,1.8,4.8175,71.305,0.0379,20.8735,0.1758,0.0705,FCC
4,6.2171,1.8,4.785,71.22,0.0367,20.814,0.1749,0.0712,FCC
4,10.625,1.75,4.7925,69.51,0.0388,21.838,0.1783,0.0706,FCC
3,685.0705,1.7,4.735,67.63,0.0387,22.367,0.1802,0.0715,FCC
2,5.1879,1.85,4.9075,67.77,0.0338,21.136,0.1667,0.0565,FCC
1,5.5867,1.85,4.875,67.685,0.0342,21.068,0.167,0.0594,FCC
3,5.9955,1.85,4.8425,67.6,0.0341,21,0.1669,0.0616,FCC
4,6.4317,1.85,4.81,67.515,0.0335,20.932,0.1665,0.0632,FCC
3,7.3952,1.8,4.915,66.06,0.0333,21.644,0.1679,0.0529,FCC
1,8.4464,1.8,4.8825,65.975,0.0343,21.5675,0.1687,0.0565,FCC
4,9.7034,1.8,4.85,65.89,0.0348,21.491,0.1692,0.0595,FCC
3,11.3308,1.8,4.8175,65.805,0.0349,21.4145,0.1693,0.0617,FCC
3,13.6329,1.8,4.785,65.72,0.0344,21.338,0.169,0.0634,FCC
4,17.2996,1.8,4.7525,65.635,0.0334,21.2615,0.1684,0.0644,FCC
3,13.7582,1.75,4.89,64.265,0.0338,21.725,0.1696,0.053,FCC
2,18.4393,1.75,4.8575,64.18,0.0349,21.64,0.1706,0.0566,FCC
3,56.1801,1.75,4.7925,64.01,0.0356,21.47,0.1715,0.0618,FCC
4,540.2287,1.75,4.76,63.925,0.0353,21.385,0.1715,0.0635,FCC
3,60.4734,1.7,4.865,62.47,0.0342,21.447,0.1712,0.053,FCC
4,219.1549,1.7,4.8325,62.385,0.0354,21.3535,0.1723,0.0567,FCC
3,38.0978,1.7,4.8,62.3,0.0362,21.26,0.1731,0.0597,FCC
3,20.1881,1.7,4.7675,62.215,0.0364,21.1665,0.1736,0.062,FCC
2,4.6998,1.8,4.9075,69.42,0.0381,22.456,0.1756,0.065,FCC
2,5.1262,1.8,4.875,69.335,0.0382,22.388,0.1756,0.0673,FCC
3,5.5521,1.8,4.8425,69.25,0.0378,22.32,0.1753,0.069,FCC
3,5.9982,1.8,4.81,69.165,0.037,22.252,0.1745,0.0702,FCC
4,6.4834,1.8,4.7775,69.08,0.0356,22.184,0.1734,0.0709,FCC
2,6.2879,1.75,4.915,67.71,0.0379,23.129,0.1771,0.0622,FCC
3,14.239,1.75,4.7525,67.285,0.0366,22.7465,0.1763,0.071,FCC
2,75.2107,1.7,4.76,65.575,0.0387,23.035,0.1796,0.0705,FCC
3,118.5519,1.7,4.7275,65.49,0.0376,22.95,0.179,0.0712,FCC
1,4.9569,1.85,4.9325,65.715,0.0324,22.0235,0.1656,0.0527,FCC
3,5.3777,1.85,4.9,65.63,0.0332,21.947,0.166,0.0563,FCC
2,5.7886,1.85,4.8675,65.545,0.0335,21.8705,0.1661,0.0591,FCC
2,6.2104,1.85,4.835,65.46,0.0332,21.794,0.1659,0.0613,FCC
1,6.6598,1.85,4.8025,65.375,0.0325,21.7175,0.1652,0.0629,FCC
4,7.1521,1.85,4.77,65.29,0.0313,21.641,0.1642,0.064,FCC
4,6.7774,1.8,4.94,64.005,0.0315,22.155,0.1666,0.0482,FCC
3,7.8151,1.8,4.9075,63.92,0.0328,22.07,0.1675,0.0527,FCC
1,8.969,1.8,4.875,63.835,0.0337,21.985,0.1681,0.0564,FCC
1,10.3807,1.8,4.8425,63.75,0.0341,21.9,0.1684,0.0593,FCC
2,12.2631,1.8,4.81,63.665,0.034,21.815,0.1683,0.0615,FCC
4,15.0399,1.8,4.7775,63.58,0.0334,21.73,0.1679,0.0631,FCC
4,19.7757,1.8,4.745,63.495,0.0323,21.645,0.1671,0.0641,FCC
4,11.7659,1.75,4.915,62.21,0.0318,21.851,0.1682,0.0483,FCC
3,21.5139,1.75,4.85,62.04,0.0343,21.664,0.1701,0.0565,FCC
2,35.443,1.75,4.8175,61.955,0.0348,21.5705,0.1705,0.0594,FCC
4,108.9516,1.75,4.785,61.87,0.0348,21.477,0.1707,0.0616,FCC
4,86.3274,1.75,4.7525,61.785,0.0343,21.3835,0.1704,0.0632,FCC
2,28.15,1.75,4.72,61.7,0.0333,21.29,0.1698,0.0643,FCC
4,16.2675,1.7,4.76,60.075,0.0356,20.78,0.1729,0.0617,FCC
4,11.0182,1.7,4.7275,59.99,0.0352,20.678,0.1728,0.0634,FCC
4,7.381,1.65,4.735,58.28,0.0364,19.724,0.1749,0.0618,FCC
2,4.8662,1.8,4.9,67.28,0.0375,23.432,0.1748,0.0648,FCC
3,5.304,1.8,4.8675,67.195,0.0375,23.3555,0.1746,0.0671,FCC
3,5.7418,1.8,4.835,67.11,0.037,23.279,0.1741,0.0688,FCC
3,6.1996,1.8,4.8025,67.025,0.036,23.2025,0.1732,0.0699,FCC
4,7.2366,1.8,4.7375,66.855,0.0325,23.0495,0.17,0.0707,FCC
4,6.6152,1.75,4.9075,65.57,0.0375,23.72,0.1766,0.062,FCC
2,4.6277,1.85,4.9575,63.66,0.0308,22.5,0.1644,0.048,FCC
4,5.1023,1.85,4.925,63.575,0.0319,22.415,0.165,0.0525,FCC
1,5.5314,1.85,4.8925,63.49,0.0326,22.33,0.1653,0.0561,FCC
3,5.9498,1.85,4.86,63.405,0.0327,22.245,0.1652,0.0589,FCC
1,6.3772,1.85,4.8275,63.32,0.0324,22.16,0.1647,0.0611,FCC
2,6.8269,1.85,4.795,63.235,0.0316,22.075,0.1638,0.0627,FCC
3,7.3046,1.85,4.7625,63.15,0.0303,21.99,0.1625,0.0636,FCC
4,7.0974,1.8,4.9325,61.865,0.0311,22.1615,0.1662,0.0481,FCC
4,8.214,1.8,4.9,61.78,0.0324,22.068,0.167,0.0526,FCC
3,9.48,1.8,4.8675,61.695,0.0331,21.9745,0.1674,0.0562,FCC
4,11.0662,1.8,4.835,61.61,0.0334,21.881,0.1675,0.059,FCC
2,13.25,1.8,4.8025,61.525,0.0332,21.7875,0.1673,0.0612,FCC
3,16.6297,1.8,4.77,61.44,0.0325,21.694,0.1666,0.0628,FCC
4,17.3702,1.75,4.875,59.985,0.0328,21.362,0.1689,0.0527,FCC
3,49.7717,1.75,4.81,59.815,0.0341,21.158,0.1698,0.0591,FCC
4,22964.1585,1.75,4.7775,59.73,0.034,21.056,0.1697,0.0613,FCC
4,44.2082,1.75,4.745,59.645,0.0334,20.954,0.1693,0.0629,FCC
4,4.5205,1.8,4.925,65.225,0.0365,24.065,0.174,0.0618,FCC
4,4.9993,1.8,4.8925,65.14,0.0369,23.98,0.1739,0.0646,FCC
1,5.4444,1.8,4.86,65.055,0.0368,23.895,0.1736,0.0668,FCC
4,6.9169,1.75,4.9,63.43,0.037,23.883,0.176,0.0619,FCC
4,6.6008,1.9,4.765,75.165,0.0371,13.8225,0.2022,0.2151,FCC
4,6.4162,1.9,4.815,71.055,0.0377,17.8985,0.2011,0.2101,FCC
4,7.4786,1.9,4.75,70.885,0.0347,17.7795,0.2,0.2153,FCC
4,5.809,1.9,4.8725,69.085,0.0379,19.3895,0.2004,0.2044,FCC
3,6.2438,1.9,4.84,69,0.0376,19.33,0.2004,0.2073,FCC
2,6.7116,1.9,4.8075,68.915,0.0367,19.2705,0.2002,0.2102,FCC
4,7.233,1.9,4.775,68.83,0.0354,19.211,0.1996,0.2128,FCC
4,5.1455,1.9,4.93,67.115,0.0367,20.682,0.1989,0.1982,FCC
3,5.5885,1.9,4.8975,67.03,0.0372,20.614,0.1995,0.2014,FCC
4,7.4953,1.9,4.7675,66.69,0.0343,20.342,0.1984,0.2129,FCC
3,8.1714,1.85,4.905,65.32,0.0371,21.048,0.2005,0.1981,FCC
4,9.4111,1.85,4.8725,65.235,0.0377,20.9715,0.2012,0.2014,FCC
4,10.9464,1.85,4.84,65.15,0.0379,20.895,0.2015,0.2045,FCC
4,13.0263,1.85,4.8075,65.065,0.0375,20.8185,0.2016,0.2074,FCC
4,16.1649,1.85,4.775,64.98,0.0366,20.742,0.2014,0.2102,FCC
3,12.4187,1.8,4.9125,63.61,0.0363,21.14,0.2009,0.1947,FCC
4,16.4228,1.8,4.88,63.525,0.0376,21.055,0.2019,0.1981,FCC
4,40.338,1.8,4.815,63.355,0.0385,20.885,0.2033,0.2044,FCC
3,68.6793,1.8,4.75,63.185,0.0375,20.715,0.2035,0.2102,FCC
4,24.1935,1.8,4.71,66.46,0.0363,22.074,0.2064,0.2188,FCC
1,5.2996,1.9,4.9225,64.975,0.0362,21.4275,0.1985,0.1983,FCC
1,5.7524,1.9,4.89,64.89,0.0366,21.351,0.1989,0.2015,FCC
4,6.1972,1.9,4.8575,64.805,0.0365,21.2745,0.1989,0.2046,FCC
2,6.6556,1.9,4.825,64.72,0.0359,21.198,0.1987,0.2075,FCC
4,7.1435,1.9,4.7925,64.635,0.0348,21.1215,0.1981,0.2103,FCC
4,7.6697,1.9,4.76,64.55,0.0332,21.045,0.1972,0.213,FCC
2,7.4105,1.85,4.93,63.265,0.0356,21.485,0.1993,0.1949,FCC
2,8.6021,1.85,4.8975,63.18,0.0366,21.4,0.2001,0.1983,FCC
2,9.969,1.85,4.865,63.095,0.0371,21.315,0.2006,0.2015,FCC
3,11.706,1.85,4.8325,63.01,0.0372,21.23,0.2009,0.2046,FCC
4,14.1435,1.85,4.8,62.925,0.0367,21.145,0.2008,0.2075,FCC
3,25.6157,1.85,4.735,62.755,0.0342,20.975,0.1997,0.2129,FCC
2,13.6642,1.8,4.905,61.47,0.036,21.107,0.2007,0.1948,FCC
4,18.648,1.8,4.8725,61.385,0.0371,21.0135,0.2017,0.1982,FCC
4,28.3465,1.8,4.84,61.3,0.0377,20.92,0.2023,0.2014,FCC
2,59.7948,1.8,4.8075,61.215,0.0378,20.8265,0.2027,0.2045,FCC
4,39.0625,1.8,4.7425,61.045,0.0366,20.6395,0.2026,0.2103,FCC
4,4.103,1.9,4.73,75.24,0.0392,13.88,0.1595,0.1203,FCC
4,5.6115,1.9,4.74,76.82,0.0351,11.978,0.1414,0.1061,FCC
4,16.03,1.8,4.7325,74.895,0.0342,14.2275,0.1271,0.0902,FCC
4,5.2086,1.9,4.7975,74.85,0.0364,14.635,0.1419,0.1075,FCC
4,4.4981,1.9,4.7225,73.1,0.0378,16.08,0.1577,0.1199,FCC
4,6.2297,1.9,4.7325,74.68,0.0338,14.55,0.1396,0.1058,FCC
4,7.8226,1.85,4.8075,78.08,0.0346,13.432,0.131,0.0944,FCC
4,8.7216,1.85,4.775,77.995,0.0337,13.398,0.1302,0.0939,FCC
4,22.0518,1.8,4.7825,76.285,0.0356,15.6125,0.1341,0.0946,FCC
4,34.7434,1.8,4.75,76.2,0.0348,15.57,0.1335,0.0941,FCC
4,5.6364,1.9,4.79,72.71,0.0353,16.796,0.1405,0.1073,FCC
4,8.9381,1.9,4.8325,74.375,0.0306,15.3475,0.1188,0.0895,FCC
4,9.9077,1.9,4.8,74.29,0.0304,15.305,0.1185,0.0896,FCC
4,21.267,1.85,4.84,72.665,0.0312,17.029,0.1214,0.0891,FCC
3,51.7272,1.8,4.815,70.87,0.0319,18.309,0.124,0.0892,FCC
2,27.1406,1.8,4.7825,70.785,0.0324,18.2495,0.1247,0.0897,FCC
3,17.8609,1.8,4.75,70.7,0.0324,18.19,0.1249,0.0899,FCC
3,12.3792,1.75,4.79,69.075,0.0327,19.23,0.1264,0.0893,FCC
3,7.836,1.75,4.725,68.905,0.0334,19.094,0.1278,0.09,FCC
4,202.1133,1.7,4.82,65.87,0.0378,20.12,0.1488,0.1067,FCC
4,10.812,1.7,4.83,67.45,0.0324,19.945,0.1253,0.087,FCC
3,8.6807,1.7,4.7975,67.365,0.0334,19.8685,0.1272,0.0884,FCC
3,5.9591,1.7,4.7325,67.195,0.0342,19.7155,0.1298,0.09,FCC
4,5.0183,1.65,4.74,65.485,0.0349,19.995,0.1308,0.0895,FCC
3,7.7495,1.85,4.8325,76.025,0.0341,16.1725,0.1302,0.0943,FCC
3,19.3233,1.8,4.8075,74.23,0.035,17.968,0.1332,0.0944,FCC
2,27.6625,1.8,4.775,74.145,0.0346,17.917,0.1328,0.0943,FCC
4,50.7004,1.8,4.7425,74.06,0.0336,17.866,0.1319,0.0938,FCC
3,814.2536,1.75,4.815,72.52,0.0357,19.464,0.1357,0.0942,FCC
4,58.6956,1.75,4.7825,72.435,0.0359,19.4045,0.136,0.0945,FCC
4,27.4314,1.75,4.75,72.35,0.0356,19.345,0.1358,0.0944,FCC
4,17.3395,1.75,4.7175,72.265,0.0347,19.2855,0.1352,0.0939,FCC
3,9.4325,1.7,4.725,70.555,0.0365,20.414,0.1387,0.0945,FCC
3,14.2311,1.65,4.83,69.1,0.0359,21.43,0.1378,0.0926,FCC
4,8.469,1.65,4.765,68.93,0.0372,21.277,0.1403,0.0944,FCC
3,8.8283,1.9,4.8575,72.32,0.0295,17.512,0.1176,0.0888,FCC
4,10.8652,1.9,4.7925,72.15,0.0293,17.41,0.1169,0.0893,FCC
4,7.2178,1.85,4.855,69.03,0.0359,19.624,0.143,0.1071,FCC
3,19.1476,1.85,4.865,70.61,0.0296,18.817,0.1199,0.0879,FCC
3,25.6325,1.85,4.8325,70.525,0.0303,18.7575,0.1205,0.0889,FCC
4,95.236,1.85,4.7675,70.355,0.0303,18.6385,0.1204,0.0895,FCC
4,13.7059,1.8,4.83,67.235,0.0366,20.1815,0.1453,0.1072,FCC
3,190.1265,1.8,4.8725,68.9,0.03,19.78,0.1211,0.0867,FCC
3,19.2499,1.8,4.7975,67.15,0.037,20.105,0.1457,0.1076,FCC
3,95.9173,1.8,4.84,68.815,0.0303,19.712,0.1224,0.088,FCC
4,32.3047,1.8,4.765,67.065,0.0369,20.0285,0.1456,0.1076,FCC
2,37.1497,1.8,4.8075,68.73,0.0311,19.644,0.1233,0.089,FCC
4,108.7856,1.8,4.7325,66.98,0.0363,19.952,0.1452,0.1073,FCC
3,22.3459,1.8,4.775,68.645,0.0314,19.576,0.1237,0.0895,FCC
2,32.0948,1.75,4.88,67.19,0.03,20.401,0.1213,0.085,FCC
4,74.4585,1.75,4.805,65.44,0.0372,20.38,0.1475,0.1073,FCC
3,94.0578,1.75,4.7725,65.355,0.0377,20.295,0.1481,0.1077,FCC
3,11.2585,1.75,4.7825,66.935,0.0319,20.1715,0.1258,0.0891,FCC
2,8.949,1.75,4.75,66.85,0.0323,20.095,0.1265,0.0896,FCC
2,12.6499,1.7,4.855,65.395,0.0309,20.595,0.1231,0.0851,FCC
3,8.0873,1.7,4.79,65.225,0.0325,20.425,0.1269,0.0882,FCC
3,9.8695,1.7,4.715,63.475,0.0386,20.0325,0.1507,0.1078,FCC
3,6.691,1.7,4.7575,65.14,0.0327,20.34,0.1282,0.0892,FCC
4,9.8745,1.65,4.8625,63.685,0.0301,20.5235,0.1221,0.0829,FCC
4,3.6027,1.6,4.7075,61.55,0.0351,19.6,0.1325,0.0894,FCC
4,7.5759,1.85,4.8575,73.97,0.0333,18.502,0.1292,0.0938,FCC
4,12.2091,1.85,4.7275,73.63,0.0297,18.298,0.1245,0.0923,FCC
2,13.6159,1.8,4.865,72.26,0.0336,19.972,0.1319,0.0932,FCC
2,17.1337,1.8,4.8325,72.175,0.0341,19.9125,0.1321,0.0939,FCC
3,23.0843,1.8,4.8,72.09,0.034,19.853,0.132,0.0941,FCC
3,36.0395,1.8,4.7675,72.005,0.0335,19.7935,0.1313,0.094,FCC
4,93.6597,1.75,4.84,70.465,0.0343,21.032,0.1343,0.0933,FCC
3,144.583,1.75,4.8075,70.38,0.0348,20.964,0.1348,0.094,FCC
3,22.1319,1.75,4.7425,70.21,0.0345,20.828,0.1345,0.0941,FCC
3,14.8606,1.75,4.71,70.125,0.0336,20.76,0.1337,0.0936,FCC
3,36.9204,1.7,4.8475,68.755,0.0341,21.8095,0.1356,0.0923,FCC
4,14.6913,1.7,4.7825,68.585,0.0356,21.6565,0.1374,0.0941,FCC
3,11.009,1.7,4.75,68.5,0.0358,21.58,0.1377,0.0944,FCC
3,17.5968,1.65,4.855,67.045,0.0343,22.245,0.1359,0.0909,FCC
4,12.6681,1.65,4.8225,66.96,0.0351,22.16,0.1375,0.0924,FCC
2,9.7729,1.65,4.79,66.875,0.0356,22.075,0.1388,0.0935,FCC
2,7.8272,1.65,4.7575,66.79,0.0364,21.99,0.1397,0.0942,FCC
4,6.3999,1.65,4.725,66.705,0.0367,21.905,0.1402,0.0945,FCC
2,7.7382,1.6,4.7975,65.165,0.0361,22.1515,0.1394,0.0925,FCC
4,6.366,1.6,4.765,65.08,0.0365,22.058,0.1408,0.0936,FCC
4,4.4487,1.6,4.7,64.91,0.0376,21.871,0.1426,0.0946,FCC
4,3.7069,1.6,4.6675,64.825,0.0375,21.7775,0.143,0.0945,FCC
4,6.6028,1.8,4.8575,75.62,0.037,19.492,0.1397,0.0984,FCC
4,8.207,1.8,4.7925,75.45,0.0357,19.39,0.1378,0.0981,FCC
2,16.7343,1.75,4.8,73.74,0.0375,21.008,0.1421,0.0986,FCC
3,39.3407,1.75,4.735,73.57,0.0353,20.889,0.1397,0.0975,FCC
2,19.8973,1.7,4.8725,72.2,0.0376,22.42,0.1446,0.0973,FCC
3,33.4682,1.7,4.84,72.115,0.0383,22.352,0.1451,0.0982,FCC
4,95.106,1.7,4.8075,72.03,0.0386,22.284,0.1453,0.0986,FCC
3,33.8941,1.7,4.7425,71.86,0.0377,22.148,0.1443,0.0984,FCC
3,19.3097,1.7,4.71,71.775,0.0364,22.08,0.1432,0.0976,FCC
4,34.1435,1.65,4.815,70.32,0.039,23.218,0.1475,0.0983,FCC
4,10.0106,1.65,4.7175,70.065,0.0387,22.9885,0.1473,0.0985,FCC
3,7.7613,1.65,4.685,69.98,0.0376,22.912,0.1465,0.0978,FCC
3,16.2148,1.6,4.8225,68.61,0.0387,23.81,0.1487,0.0975,FCC
2,11.662,1.6,4.79,68.525,0.0397,23.725,0.1496,0.0984,FCC
3,7.0643,1.55,4.765,66.73,0.0403,23.873,0.1517,0.0985,FCC
4,4.9022,1.9,4.8725,68.685,0.0345,20.038,0.1394,0.1068,FCC
2,5.3485,1.9,4.84,68.6,0.0346,19.97,0.1391,0.1071,FCC
1,9.486,1.9,4.85,70.18,0.0287,19.206,0.1164,0.0885,FCC
3,10.5174,1.9,4.8175,70.095,0.0287,19.1465,0.1161,0.089,FCC
4,6.717,1.85,4.88,66.975,0.0345,20.6375,0.1418,0.1062,FCC
3,17.2987,1.85,4.89,68.555,0.0279,20.194,0.1182,0.0865,FCC
3,9.0604,1.85,4.815,66.805,0.0354,20.4845,0.142,0.1072,FCC
4,22.3093,1.85,4.8575,68.47,0.0289,20.126,0.1191,0.0878,FCC
2,31.6383,1.85,4.825,68.385,0.0295,20.058,0.1195,0.0886,FCC
4,56.6177,1.85,4.7925,68.3,0.0296,19.99,0.1194,0.0891,FCC
3,399.089,1.85,4.76,68.215,0.0292,19.922,0.1189,0.0892,FCC
4,11.7578,1.8,4.855,65.18,0.0351,20.81,0.144,0.1063,FCC
1,75.6764,1.8,4.8975,66.845,0.0286,20.7805,0.1191,0.0848,FCC
3,464.6947,1.8,4.865,66.76,0.029,20.704,0.1206,0.0865,FCC
2,23.4386,1.8,4.79,65.01,0.0361,20.64,0.1447,0.1073,FCC
4,55.6676,1.8,4.8325,66.675,0.0295,20.6275,0.1217,0.0879,FCC
4,28.714,1.8,4.8,66.59,0.0303,20.551,0.1224,0.0888,FCC
4,13.463,1.8,4.735,66.42,0.0302,20.398,0.1223,0.0893,FCC
4,25.6758,1.75,4.8725,65.05,0.0295,20.94,0.1212,0.0849,FCC
4,17.4994,1.75,4.84,64.965,0.0301,20.855,0.1229,0.0866,FCC
3,13.0464,1.75,4.8075,64.88,0.0302,20.77,0.1242,0.0879,FCC
4,10.1888,1.75,4.775,64.795,0.031,20.685,0.1251,0.0889,FCC
3,8.1609,1.75,4.7425,64.71,0.0314,20.6,0.1255,0.0894,FCC
4,14.8179,1.7,4.88,63.34,0.0294,20.834,0.1208,0.0828,FCC
3,7.4702,1.7,4.7825,63.085,0.0315,20.5535,0.1265,0.088,FCC
4,8.6703,1.7,4.7075,61.335,0.0377,19.772,0.1498,0.1076,FCC
2,6.197,1.7,4.75,63,0.0318,20.46,0.1276,0.089,FCC
4,5.1611,1.7,4.7175,62.915,0.0323,20.3665,0.1283,0.0895,FCC
4,4.3916,1.65,4.725,61.205,0.0326,19.876,0.1299,0.0891,FCC
4,3.3069,1.6,4.7,59.41,0.0338,18.933,0.1321,0.0892,FCC
4,9.602,1.8,4.7825,68.37,0.0385,21.893,0.1508,0.111,FCC
4,19.7829,1.8,4.825,70.035,0.0332,21.378,0.131,0.0936,FCC
4,28.1779,1.8,4.7925,69.95,0.0331,21.31,0.1306,0.0939,FCC
4,50.8005,1.8,4.76,69.865,0.0324,21.242,0.1297,0.0937,FCC
2,26.2795,1.75,4.8975,68.495,0.0317,22.2655,0.1318,0.0906,FCC
3,375.5289,1.75,4.8325,68.325,0.0336,22.1125,0.1336,0.0931,FCC
3,29.4198,1.75,4.7675,68.155,0.034,21.9595,0.1337,0.094,FCC
3,18.2618,1.75,4.735,68.07,0.0334,21.883,0.1331,0.0939,FCC
2,62.7995,1.7,4.8725,66.7,0.0327,22.59,0.1338,0.0907,FCC
2,28.084,1.7,4.84,66.615,0.0332,22.505,0.1351,0.0921,FCC
2,17.906,1.7,4.8075,66.53,0.0342,22.42,0.136,0.0932,FCC
3,12.9039,1.7,4.775,66.445,0.0348,22.335,0.1365,0.0939,FCC
2,9.8567,1.7,4.7425,66.36,0.0348,22.25,0.1366,0.0941,FCC
4,7.7513,1.7,4.71,66.275,0.0344,22.165,0.1362,0.094,FCC
4,11.292,1.65,4.815,64.82,0.0341,22.462,0.1372,0.0922,FCC
2,8.8742,1.65,4.7825,64.735,0.0349,22.3685,0.1383,0.0933,FCC
4,7.1676,1.65,4.75,64.65,0.0356,22.275,0.139,0.094,FCC
2,5.8655,1.65,4.7175,64.565,0.0357,22.1815,0.1393,0.0942,FCC
2,7.022,1.8,4.85,73.48,0.0362,21.516,0.1384,0.0982,FCC
3,7.8329,1.8,4.8175,73.395,0.0356,21.4565,0.1374,0.0982,FCC
3,8.79,1.8,4.785,73.31,0.0346,21.397,0.1359,0.0978,FCC
3,9.9896,1.8,4.7525,73.225,0.033,21.3375,0.1338,0.097,FCC
1,9.5213,1.75,4.89,71.855,0.0364,22.834,0.1416,0.0971,FCC
4,11.6804,1.75,4.8575,71.77,0.0369,22.766,0.1417,0.0979,FCC
3,28.8881,1.75,4.76,71.515,0.0356,22.562,0.1395,0.0979,FCC
3,55.7743,1.7,4.7675,69.805,0.0374,23.4445,0.1437,0.0984,FCC
4,25.553,1.7,4.735,69.72,0.0366,23.368,0.1428,0.0981,FCC
2,8.8957,1.65,4.71,67.925,0.0376,23.815,0.146,0.0982,FCC
4,8.879,1.75,4.7525,74.875,0.0359,22.4925,0.1424,0.1007,FCC
4,4.667,1.9,4.8975,66.63,0.0334,21.017,0.1384,0.1059,FCC
2,5.1238,1.9,4.865,66.545,0.0338,20.9405,0.1383,0.1066,FCC
2,8.3469,1.9,4.9075,68.21,0.0266,20.608,0.1147,0.0862,FCC
3,9.172,1.9,4.875,68.125,0.0275,20.54,0.1151,0.0875,FCC
3,6.0925,1.9,4.8,66.375,0.0332,20.7875,0.1368,0.1069,FCC
3,11.2993,1.9,4.81,67.955,0.0278,20.404,0.1145,0.0888,FCC
3,12.8383,1.9,4.7775,67.87,0.0272,20.336,0.1133,0.0888,FCC
2,6.1348,1.85,4.905,64.92,0.0329,21.24,0.1404,0.105,FCC
2,7.1473,1.85,4.8725,64.835,0.0339,21.155,0.141,0.106,FCC
4,15.592,1.85,4.915,66.5,0.0266,21.16,0.1164,0.0846,FCC
1,8.3095,1.85,4.84,64.75,0.0345,21.07,0.1411,0.1067,FCC
2,19.6464,1.85,4.8825,66.415,0.0272,21.0835,0.1175,0.0863,FCC
4,26.3855,1.85,4.85,66.33,0.0282,21.007,0.1182,0.0876,FCC
3,11.8001,1.85,4.775,64.58,0.0341,20.9,0.1401,0.107,FCC
4,14.9361,1.85,4.7425,64.495,0.0331,20.815,0.1389,0.1066,FCC
3,46.4995,1.8,4.9225,64.79,0.0271,21.37,0.117,0.0825,FCC
2,169.9409,1.8,4.89,64.705,0.0278,21.285,0.1188,0.0847,FCC
2,18.2854,1.8,4.815,62.955,0.0351,20.8405,0.1437,0.1068,FCC
2,104.1593,1.8,4.8575,64.62,0.0279,21.2,0.1201,0.0864,FCC
4,29.6393,1.8,4.7825,62.87,0.0353,20.747,0.1436,0.1071,FCC
3,38.7759,1.8,4.825,64.535,0.0288,21.115,0.121,0.0877,FCC
3,82.2988,1.8,4.75,62.785,0.035,20.6535,0.1432,0.1071,FCC
3,23.0757,1.8,4.7925,64.45,0.0294,21.03,0.1214,0.0885,FCC
4,154.5305,1.75,4.79,61.16,0.0358,20.252,0.1461,0.1069,FCC
3,15.1891,1.75,4.8325,62.825,0.0291,20.9575,0.1225,0.0865,FCC
2,31.6946,1.75,4.7575,61.075,0.0361,20.15,0.1463,0.1072,FCC
1,11.5993,1.75,4.8,62.74,0.0295,20.864,0.1236,0.0878,FCC
3,17.004,1.75,4.725,60.99,0.0358,20.048,0.1461,0.1072,FCC
4,9.1617,1.75,4.7675,62.655,0.0302,20.7705,0.1242,0.0886,FCC
3,10.3026,1.7,4.7325,59.28,0.0369,19.194,0.1488,0.1073,FCC
4,6.8366,1.7,4.775,60.945,0.0302,20.254,0.126,0.0878,FCC
3,7.5191,1.7,4.7,59.195,0.0367,19.0835,0.1488,0.1073,FCC
4,5.6626,1.7,4.7425,60.86,0.031,20.152,0.1269,0.0887,FCC
2,4.666,1.7,4.71,60.775,0.0313,20.05,0.1273,0.0892,FCC
3,3.9882,1.65,4.7175,59.065,0.0318,19.1745,0.1294,0.0889,FCC
4,3.5791,1.6,4.725,57.355,0.0328,17.957,0.1304,0.088,FCC
4,4.2385,1.85,4.8975,68.28,0.0377,22.502,0.1485,0.1103,FCC
1,6.9699,1.85,4.9075,69.86,0.0309,21.928,0.127,0.0917,FCC
4,7.7335,1.85,4.875,69.775,0.0315,21.86,0.127,0.0927,FCC
4,8.5727,1.85,4.8425,69.69,0.0316,21.792,0.1266,0.0933,FCC
2,11.0683,1.8,4.915,68.15,0.0303,22.645,0.129,0.0904,FCC
3,13.6204,1.8,4.8825,68.065,0.0315,22.5685,0.1297,0.0918,FCC
2,8.679,1.8,4.8075,66.315,0.0383,22.635,0.1503,0.111,FCC
4,17.1998,1.8,4.85,67.98,0.0322,22.492,0.13,0.0928,FCC
2,23.1339,1.8,4.8175,67.895,0.0324,22.4155,0.1298,0.0934,FCC
3,12.928,1.8,4.7425,66.145,0.0363,22.465,0.1478,0.1102,FCC
4,33.3445,1.75,4.89,66.355,0.0307,22.935,0.1313,0.0905,FCC
4,82.3139,1.75,4.8575,66.27,0.032,22.85,0.1322,0.0919,FCC
4,185.4115,1.75,4.825,66.185,0.0329,22.765,0.1327,0.0929,FCC
2,42.3076,1.75,4.7925,66.1,0.0332,22.68,0.1328,0.0935,FCC
2,23.0394,1.75,4.76,66.015,0.033,22.595,0.1324,0.0938,FCC
4,15.2158,1.75,4.7275,65.93,0.0323,22.51,0.1315,0.0936,FCC
4,15.277,1.7,4.8,64.39,0.0335,22.679,0.1353,0.093,FCC
2,11.3296,1.7,4.7675,64.305,0.034,22.5855,0.1356,0.0936,FCC
3,8.7532,1.7,4.735,64.22,0.0339,22.492,0.1354,0.0939,FCC
4,5.8673,1.8,4.9075,71.51,0.0353,23.248,0.138,0.0968,FCC
1,6.6259,1.8,4.875,71.425,0.0356,23.18,0.1376,0.0976,FCC
1,7.4107,1.8,4.8425,71.34,0.0354,23.112,0.1369,0.0979,FCC
4,8.2929,1.8,4.81,71.255,0.0347,23.044,0.1356,0.0979,FCC
4,12.8597,1.75,4.85,69.63,0.0362,23.977,0.1406,0.0977,FCC
3,22.8266,1.75,4.785,69.46,0.0356,23.824,0.1391,0.098,FCC
4,37.679,1.75,4.7525,69.375,0.0345,23.7475,0.1376,0.0976,FCC
3,20.0551,1.7,4.7275,67.58,0.0355,24.16,0.1411,0.0978,FCC
4,9.4507,1.75,4.745,72.735,0.0347,24.228,0.1399,0.1004,FCC
1,4.346,1.9,4.9225,64.575,0.032,21.585,0.1373,0.1048,FCC
4,4.8408,1.9,4.89,64.49,0.0328,21.5,0.1374,0.1058,FCC
4,7.9648,1.9,4.9325,66.155,0.0248,21.5395,0.1131,0.0844,FCC
1,5.3128,1.9,4.8575,64.405,0.0331,21.415,0.137,0.1064,FCC
4,8.7881,1.9,4.9,66.07,0.026,21.463,0.1138,0.086,FCC
4,5.7969,1.9,4.825,64.32,0.0329,21.33,0.1363,0.1067,FCC
4,9.69,1.9,4.8675,65.985,0.0268,21.3865,0.1139,0.0873,FCC
4,6.3178,1.9,4.7925,64.235,0.0322,21.245,0.135,0.1066,FCC
4,10.7515,1.9,4.835,65.9,0.027,21.31,0.1136,0.0881,FCC
4,6.8998,1.9,4.76,64.15,0.0311,21.16,0.1332,0.1062,FCC
2,12.0847,1.9,4.8025,65.815,0.0268,21.2335,0.1127,0.0885,FCC
4,13.8803,1.9,4.77,65.73,0.0261,21.157,0.1112,0.0885,FCC
4,6.4648,1.85,4.8975,62.78,0.0324,21.338,0.1397,0.1049,FCC
3,13.8869,1.85,4.94,64.445,0.0254,21.715,0.1145,0.0823,FCC
2,7.5614,1.85,4.865,62.695,0.0333,21.2445,0.1401,0.1059,FCC
1,17.3524,1.85,4.9075,64.36,0.0255,21.63,0.1158,0.0844,FCC
4,22.5244,1.85,4.875,64.275,0.0266,21.545,0.1167,0.0861,FCC
2,32.045,1.85,4.8425,64.19,0.0274,21.46,0.1171,0.0874,FCC
4,12.8974,1.85,4.7675,62.44,0.0331,20.964,0.1385,0.1068,FCC
3,57.4919,1.85,4.81,64.105,0.0278,21.375,0.117,0.0882,FCC
3,423.9748,1.85,4.7775,64.02,0.0277,21.29,0.1165,0.0886,FCC
4,68.234,1.85,4.745,63.935,0.0271,21.205,0.1153,0.0886,FCC
3,11.0201,1.8,4.8725,60.985,0.0329,20.732,0.142,0.1049,FCC
3,70.5414,1.8,4.915,62.65,0.0265,21.455,0.1168,0.0824,FCC
3,670.8318,1.8,4.8825,62.565,0.0267,21.3615,0.1183,0.0845,FCC
3,21.6292,1.8,4.8075,60.815,0.0344,20.528,0.1427,0.1066,FCC
2,57.7254,1.8,4.85,62.48,0.0271,21.268,0.1194,0.0862,FCC
1,29.2631,1.8,4.8175,62.395,0.0281,21.1745,0.1201,0.0875,FCC
4,18.9355,1.8,4.785,62.31,0.0286,21.081,0.1203,0.0883,FCC
4,13.4638,1.8,4.7525,62.225,0.0286,20.9875,0.12,0.0887,FCC
4,26.3059,1.75,4.89,60.855,0.0276,20.836,0.1189,0.0825,FCC
4,125.8402,1.75,4.815,59.105,0.0345,19.6565,0.1449,0.106,FCC
4,17.8348,1.75,4.8575,60.77,0.0279,20.734,0.1206,0.0846,FCC
3,23.0302,1.75,4.75,58.935,0.0352,19.4355,0.1452,0.107,FCC
3,10.275,1.75,4.7925,60.6,0.0288,20.53,0.1228,0.0876,FCC
3,13.6273,1.75,4.7175,58.85,0.0349,19.325,0.1448,0.107,FCC
3,8.1574,1.75,4.76,60.515,0.0294,20.428,0.1232,0.0884,FCC
3,6.5056,1.75,4.7275,60.43,0.0295,20.326,0.1232,0.0889,FCC
4,11.4719,1.7,4.865,59.06,0.0287,19.858,0.1208,0.0825,FCC
4,12.4963,1.7,4.7575,57.225,0.0358,18.205,0.1477,0.1068,FCC
4,8.7424,1.7,4.725,57.14,0.036,18.086,0.1479,0.1071,FCC
2,6.1813,1.7,4.7675,58.805,0.0294,19.5265,0.1254,0.0877,FCC
3,5.0712,1.7,4.735,58.72,0.0302,19.416,0.126,0.0885,FCC
3,4.3034,1.65,4.7425,57.01,0.0301,18.164,0.1278,0.0877,FCC
2,4.3926,1.85,4.89,66.14,0.0371,23.15,0.1474,0.1101,FCC
2,6.5009,1.85,4.9325,67.805,0.0294,23.0245,0.1257,0.0902,FCC
4,4.9083,1.85,4.8575,66.055,0.0371,23.065,0.1467,0.1106,FCC
2,7.3022,1.85,4.9,67.72,0.0303,22.948,0.1259,0.0915,FCC
3,8.1197,1.85,4.8675,67.635,0.0308,22.8715,0.1257,0.0925,FCC
1,9.0307,1.85,4.835,67.55,0.0308,22.795,0.125,0.0931,FCC
2,11.4956,1.85,4.77,67.38,0.0293,22.642,0.122,0.093,FCC
3,12.0178,1.8,4.9075,66.01,0.0298,23.28,0.1283,0.0903,FCC
1,15.0263,1.8,4.875,65.925,0.0309,23.195,0.1288,0.0916,FCC
3,19.502,1.8,4.8425,65.84,0.0315,23.11,0.1288,0.0926,FCC
4,27.6634,1.8,4.81,65.755,0.0316,23.025,0.1284,0.0932,FCC
3,49.0568,1.8,4.7775,65.67,0.0312,22.94,0.1275,0.0934,FCC
4,310.5664,1.8,4.745,65.585,0.0303,22.855,0.126,0.0931,FCC
3,6.1292,1.8,4.9,69.37,0.0347,24.433,0.1368,0.0966,FCC
4,6.9299,1.8,4.8675,69.285,0.0349,24.3565,0.1363,0.0974,FCC
2,11.2071,1.75,4.875,67.575,0.0352,24.845,0.1396,0.0967,FCC
2,4.4765,1.9,4.915,62.435,0.0315,21.6485,0.1363,0.1047,FCC
1,7.4385,1.9,4.9575,64.1,0.0231,22.06,0.1114,0.0822,FCC
1,4.9827,1.9,4.8825,62.35,0.0322,21.555,0.1362,0.1056,FCC
4,8.3153,1.9,4.925,64.015,0.0243,21.975,0.1123,0.0842,FCC
4,5.4659,1.9,4.85,62.265,0.0324,21.4615,0.1356,0.1062,FCC
1,9.1993,1.9,4.8925,63.93,0.0254,21.89,0.1127,0.0859,FCC
4,5.9607,1.9,4.8175,62.18,0.0321,21.368,0.1346,0.1065,FCC
1,10.1827,1.9,4.86,63.845,0.0261,21.805,0.1126,0.0871,FCC
3,6.4896,1.9,4.785,62.095,0.0313,21.2745,0.1331,0.1064,FCC
3,11.3598,1.9,4.8275,63.76,0.0262,21.72,0.1119,0.0879,FCC
2,12.8681,1.9,4.795,63.675,0.0259,21.635,0.1107,0.0882,FCC
1,6.7718,1.85,4.89,60.64,0.032,21.008,0.1389,0.1047,FCC
2,15.1965,1.85,4.9325,62.305,0.0243,21.7655,0.114,0.0822,FCC
3,7.9577,1.85,4.8575,60.555,0.0327,20.906,0.139,0.1057,FCC
2,19.4205,1.85,4.9,62.22,0.0247,21.672,0.1151,0.0843,FCC
2,9.3777,1.85,4.825,60.47,0.033,20.804,0.1387,0.1063,FCC
3,26.2474,1.85,4.8675,62.135,0.026,21.5785,0.1158,0.0859,FCC
1,40.7531,1.85,4.835,62.05,0.0267,21.485,0.1159,0.0872,FCC
4,14.0918,1.85,4.76,60.3,0.0322,20.6,0.1367,0.1065,FCC
3,99.116,1.85,4.8025,61.965,0.027,21.3915,0.1156,0.088,FCC
4,166.5767,1.85,4.77,61.88,0.0268,21.298,0.1147,0.0884,FCC
4,40.1321,1.85,4.7375,61.795,0.026,21.2045,0.1133,0.0883,FCC
2,12.0873,1.8,4.865,58.845,0.0324,20.0085,0.1414,0.1048,FCC
3,147.1405,1.8,4.9075,60.51,0.0256,21.112,0.1164,0.0823,FCC
4,16.7606,1.8,4.8325,58.76,0.0333,19.898,0.1417,0.1058,FCC
2,109.4623,1.8,4.875,60.425,0.0254,21.01,0.1177,0.0844,FCC
4,39.0915,1.8,4.8425,60.34,0.0265,20.908,0.1186,0.086,FCC
4,16.9095,1.8,4.725,56.925,0.0385,18.215,0.1587,0.1218,FCC
4,63.6251,1.8,4.7675,58.59,0.0336,19.677,0.1411,0.1067,FCC
4,23.0048,1.8,4.81,60.255,0.0274,20.806,0.119,0.0873,FCC
2,119.6909,1.8,4.735,58.505,0.0331,19.5665,0.1402,0.1066,FCC
4,42.9459,1.75,4.84,57.05,0.0328,18.65,0.1436,0.1049,FCC
4,11.5245,1.75,4.8175,58.545,0.0271,19.8785,0.1213,0.0861,FCC
2,9.0286,1.75,4.785,58.46,0.0281,19.768,0.1219,0.0874,FCC
3,7.1363,1.75,4.7525,58.375,0.0285,19.6575,0.1221,0.0882,FCC
4,29.5269,1.7,4.815,55.255,0.0333,16.9325,0.1458,0.1049,FCC
4,15.69,1.7,4.7825,55.17,0.0344,16.805,0.1465,0.1059,FCC
4,8.2015,1.7,4.825,56.835,0.0281,18.609,0.1225,0.0845,FCC
3,5.481,1.7,4.76,56.665,0.0287,18.371,0.1246,0.0875,FCC
4,4.6098,1.65,4.7675,54.955,0.0291,16.7425,0.1261,0.0863,FCC
4,4.517,1.85,4.8825,64,0.0365,23.37,0.1461,0.11,FCC
3,6.7572,1.85,4.925,65.665,0.0289,23.625,0.1247,0.09,FCC
3,7.6016,1.85,4.8925,65.58,0.0297,23.54,0.1247,0.0914,FCC
1,8.473,1.85,4.86,65.495,0.0301,23.455,0.1243,0.0923,FCC
4,9.4559,1.85,4.8275,65.41,0.03,23.37,0.1233,0.0928,FCC
4,10.6426,1.85,4.795,65.325,0.0293,23.285,0.1218,0.093,FCC
4,12.1706,1.85,4.7625,65.24,0.0282,23.2,0.1197,0.0927,FCC
2,16.6378,1.8,4.8675,63.785,0.0303,23.3935,0.1277,0.0914,FCC
4,6.3577,1.8,4.8925,67.23,0.0341,25.19,0.1355,0.0965,FCC
1,7.1991,1.8,4.86,67.145,0.0341,25.105,0.1347,0.0972,FCC
4,12.1313,1.75,4.8675,65.435,0.0346,25.2085,0.1385,0.0965,FCC
1,7.6599,1.9,4.66,79.105,0.0332,7.6035,0.1148,0.0803,FCC
1,11.6661,1.9,4.5225,78.5,0.0282,7.28,0.1121,0.077,FCC
1,10.16,1.9,4.575,78.76,0.0302,7.438,0.1131,0.0784,FCC
4,9.563,1.9,4.6275,79.02,0.0315,7.544,0.1128,0.0787,FCC
4,14.7053,1.9,4.5425,78.675,0.0274,7.37,0.1095,0.0754,FCC
4,12.747,1.9,4.595,78.935,0.0292,7.4845,0.1101,0.0765,FCC
1,23.7451,1.85,4.5825,77.05,0.0339,9.615,0.1204,0.0809,FCC
4,118.9401,1.85,4.55,76.965,0.0317,9.5895,0.118,0.0786,FCC
2,83.3675,1.85,4.57,77.14,0.0307,9.642,0.1149,0.0767,FCC
1,8.0756,1.85,4.555,80.235,0.0332,8.8415,0.1251,0.0838,FCC
1,7.4191,1.85,4.6075,80.495,0.0349,8.826,0.1258,0.0848,FCC
1,14.9644,1.85,4.47,79.89,0.0291,8.72,0.1178,0.0776,FCC
1,18.6811,1.85,4.49,80.065,0.0281,8.6885,0.1159,0.0764,FCC
2,11.637,1.85,4.595,80.585,0.0313,8.6395,0.12,0.0805,FCC
4,61.9232,1.85,4.4575,79.98,0.0258,8.612,0.1099,0.0713,FCC
1,17.0559,1.85,4.5625,80.5,0.0283,8.58,0.1163,0.0775,FCC
1,28.3995,1.8,4.53,78.44,0.0346,10.34,0.1299,0.0841,FCC
1,61.1643,1.8,4.55,78.615,0.0337,10.4535,0.1274,0.0825,FCC
1,52.942,1.8,4.5175,78.53,0.0306,10.377,0.124,0.0793,FCC
1,9.7426,1.8,4.6475,82.495,0.035,10.0245,0.1295,0.0851,FCC
1,12.0807,1.75,4.5425,83.625,0.0346,12.35,0.1341,0.0854,FCC
1,14.0909,1.75,4.5625,83.8,0.0336,12.28,0.1324,0.0842,FCC
1,6.1633,1.9,4.56,76.355,0.0334,10.0965,0.1192,0.084,FCC
1,7.1986,1.9,4.685,77.05,0.0332,10.305,0.1143,0.081,FCC
1,11.5616,1.9,4.495,76.185,0.0276,10.0455,0.1109,0.078,FCC
2,8.7828,1.9,4.6525,76.965,0.0319,10.2795,0.1126,0.0799,FCC
4,20.8364,1.9,4.4625,76.1,0.0253,10.02,0.1053,0.0738,FCC
1,14.5028,1.9,4.515,76.36,0.0265,10.098,0.1085,0.0764,FCC
1,11.2139,1.9,4.62,76.88,0.03,10.254,0.1102,0.0783,FCC
1,15.6245,1.9,4.5875,76.795,0.0277,10.2285,0.1071,0.076,FCC
1,10.9273,1.85,4.64,75.08,0.0357,12.492,0.1218,0.0834,FCC
1,19.7655,1.85,4.555,74.735,0.0336,12.354,0.1211,0.0824,FCC
1,16.7928,1.85,4.6075,74.995,0.0344,12.458,0.1202,0.0822,FCC
1,16.1365,1.85,4.66,75.255,0.0343,12.562,0.1182,0.0812,FCC
1,17.2192,1.85,4.7125,75.515,0.0336,12.666,0.115,0.0792,FCC
1,36.1439,1.85,4.575,74.91,0.0325,12.424,0.118,0.0805,FCC
1,29.1405,1.85,4.6275,75.17,0.0331,12.528,0.1168,0.0801,FCC
1,14.2349,1.8,4.4975,72.855,0.0325,14.1575,0.1228,0.0801,FCC
1,7.1397,1.85,4.58,78.18,0.0346,10.77,0.1256,0.086,FCC
1,11.3446,1.85,4.495,77.835,0.0304,10.5405,0.1192,0.0813,FCC
1,8.1256,1.85,4.705,78.875,0.0347,11.2025,0.1217,0.0834,FCC
1,10.2883,1.85,4.62,78.53,0.0323,11.014,0.1203,0.0825,FCC
1,28.1191,1.8,4.575,76.56,0.0348,13.084,0.1277,0.0845,FCC
1,62.7288,1.8,4.595,76.735,0.0337,13.154,0.1249,0.0827,FCC
1,70.933,1.8,4.5625,76.65,0.0312,13.12,0.122,0.0803,FCC
1,13.1961,1.8,4.515,79.66,0.0319,12.25,0.125,0.0831,FCC
1,10.6792,1.8,4.5675,79.92,0.0331,12.318,0.1279,0.0852,FCC
1,11.3218,1.8,4.64,80.355,0.0335,12.2385,0.1269,0.0846,FCC
1,19.5312,1.8,4.555,80.01,0.0295,12.198,0.1213,0.0804,FCC
1,23.5902,1.75,4.4825,81.225,0.0313,13.815,0.1256,0.0813,FCC
1,13.7623,1.75,4.6075,81.92,0.0333,13.544,0.1316,0.0856,FCC
1,22.8379,1.7,4.4825,82.875,0.0326,15.8775,0.1313,0.0837,FCC
1,10.3115,1.9,4.5925,74.565,0.0297,12.976,0.1105,0.0798,FCC
1,13.0671,1.9,4.6125,74.74,0.0286,13.046,0.1074,0.0778,FCC
1,54.8177,1.85,4.495,72.335,0.0305,14.5875,0.1175,0.081,FCC
1,20.2033,1.85,4.6525,73.115,0.0332,14.9775,0.1163,0.0808,FCC
1,21.3953,1.85,4.705,73.375,0.0325,15.1075,0.1135,0.0788,FCC
1,1623.9515,1.85,4.64,73.205,0.0306,15.0225,0.111,0.0774,FCC
1,47.6738,1.8,4.5025,70.625,0.0346,16.065,0.1258,0.0839,FCC
1,87.9079,1.8,4.66,71.405,0.035,16.533,0.1209,0.0815,FCC
1,19.6464,1.8,4.595,71.235,0.033,16.431,0.1188,0.0799,FCC
4,7.5548,1.8,4.7075,72.02,0.0287,16.902,0.1035,0.0705,FCC
4,4.795,1.75,4.6825,70.225,0.0298,18.1175,0.1071,0.0707,FCC
4,3.4637,1.7,4.6575,68.43,0.031,18.974,0.1103,0.0708,FCC
1,8.0422,1.85,4.5725,76.04,0.0331,13.566,0.1226,0.0856,FCC
1,7.5477,1.85,4.625,76.3,0.0344,13.67,0.1234,0.0859,FCC
1,9.6831,1.85,4.5925,76.215,0.032,13.636,0.1201,0.0838,FCC
1,17.2338,1.85,4.5075,75.87,0.0281,13.498,0.1133,0.0793,FCC
1,11.8328,1.85,4.6125,76.39,0.0309,13.706,0.1175,0.082,FCC
1,47.1322,1.8,4.4625,73.9,0.0303,15.37,0.1212,0.0809,FCC
1,203.5839,1.8,4.515,74.16,0.0315,15.5,0.1238,0.083,FCC
1,44.9866,1.8,4.5675,74.42,0.0334,15.63,0.125,0.084,FCC
1,262.263,1.8,4.5875,74.595,0.0322,15.7175,0.1223,0.0822,FCC
3,19.394,1.8,4.7,75.38,0.0294,16.11,0.1114,0.0752,FCC
1,16.2986,1.8,4.5075,77.52,0.0307,14.158,0.1209,0.0825,FCC
1,10.8172,1.8,4.6125,78.04,0.0332,14.386,0.1265,0.0859,FCC
1,52.4803,1.75,4.4625,75.55,0.0326,16.195,0.1285,0.0839,FCC
1,18.6395,1.75,4.5275,79.345,0.0322,15.695,0.1263,0.0842,FCC
1,13.7969,1.75,4.58,79.605,0.0337,15.7945,0.1301,0.0866,FCC
1,4.8655,1.9,4.715,72.765,0.0342,15.4925,0.1168,0.0837,FCC
1,5.8653,1.9,4.6825,72.68,0.0335,15.45,0.1154,0.0833,FCC
1,10.696,1.9,4.5125,71.99,0.0276,15.105,0.1081,0.0803,FCC
4,17.7272,1.9,4.48,71.905,0.0254,15.0625,0.1024,0.0768,FCC
1,11.3709,1.9,4.69,72.945,0.0295,15.5825,0.1062,0.0779,FCC
1,17.653,1.9,4.5525,72.34,0.0256,15.28,0.1031,0.0768,FCC
3,54.0082,1.9,4.75,73.47,0.0253,15.845,0.0935,0.0698,FCC
1,22.7677,1.85,4.52,70.28,0.0318,16.548,0.1182,0.0833,FCC
1,17.3512,1.85,4.5725,70.54,0.033,16.704,0.1186,0.0835,FCC
1,16.8727,1.85,4.73,71.32,0.0318,17.172,0.1125,0.0785,FCC
1,26.2869,1.85,4.645,70.975,0.032,16.965,0.1143,0.0804,FCC
1,93.9377,1.85,4.6125,70.89,0.0305,16.914,0.1122,0.0793,FCC
1,53.6692,1.85,4.58,70.805,0.0285,16.863,0.1095,0.0776,FCC
4,21.272,1.85,4.7575,71.76,0.0269,17.436,0.0985,0.0699,FCC
1,33.8244,1.8,4.685,69.35,0.0343,18.195,0.1199,0.0814,FCC
1,56.2858,1.8,4.5475,68.745,0.0342,17.7715,0.1231,0.0836,FCC
1,24.1505,1.8,4.5675,68.92,0.033,17.894,0.1199,0.0816,FCC
1,31.8936,1.8,4.62,69.18,0.0331,18.076,0.1183,0.0806,FCC
4,8.4371,1.8,4.7325,69.965,0.0279,18.6255,0.1022,0.0701,FCC
2,7.0535,1.8,4.7,69.88,0.0275,18.566,0.102,0.0701,FCC
1,6.6791,1.85,4.7025,74.505,0.0351,16.3625,0.1227,0.0858,FCC
1,9.0088,1.85,4.565,73.9,0.0317,16.06,0.1194,0.0851,FCC
1,12.7767,1.85,4.5325,73.815,0.0293,16.0175,0.1146,0.0823,FCC
3,26.3687,1.85,4.75,75.12,0.0282,16.67,0.1066,0.0754,FCC
3,24.0969,1.8,4.725,73.325,0.0293,18.375,0.1108,0.0756,FCC
3,16.5574,1.8,4.6925,73.24,0.0281,18.324,0.1092,0.0748,FCC
1,14.7244,1.8,4.5525,75.64,0.0309,16.93,0.1207,0.0842,FCC
1,5.0794,1.9,4.655,70.365,0.0339,17.289,0.1166,0.0853,FCC
1,5.2108,1.9,4.7075,70.625,0.0333,17.445,0.1149,0.0834,FCC
1,5.5068,1.9,4.76,70.885,0.0318,17.601,0.1121,0.0805,FCC
1,8.4359,1.9,4.7475,70.975,0.0299,17.655,0.1071,0.0781,FCC
1,13.5389,1.9,4.5775,70.285,0.0269,17.241,0.1039,0.0789,FCC
4,12.636,1.9,4.63,70.545,0.028,17.397,0.1046,0.0787,FCC
1,18.1724,1.9,4.5975,70.46,0.0258,17.346,0.1009,0.0769,FCC
4,30.5244,1.9,4.8075,71.5,0.025,17.97,0.0932,0.069,FCC
3,88.5286,1.9,4.7425,71.33,0.0241,17.868,0.0912,0.0694,FCC
1,12.4367,1.85,4.5975,68.485,0.0335,18.2795,0.1187,0.0845,FCC
1,34.6485,1.85,4.5125,68.14,0.0304,18.038,0.1149,0.0828,FCC
1,22.5381,1.85,4.565,68.4,0.0317,18.22,0.1159,0.083,FCC
1,37.036,1.85,4.6375,68.835,0.0308,18.5245,0.112,0.0801,FCC
1,37.644,1.85,4.69,69.095,0.0304,18.7065,0.11,0.0782,FCC
4,18.2832,1.85,4.75,69.62,0.0258,19.074,0.0968,0.0696,FCC
3,13.8218,1.85,4.7175,69.535,0.0252,19.0145,0.0959,0.0696,FCC
1,20.4819,1.8,4.71,67.295,0.0334,19.446,0.1188,0.0808,FCC
1,62.0421,1.8,4.625,66.95,0.0344,19.17,0.1213,0.0833,FCC
1,56.2768,1.8,4.6775,67.21,0.0334,19.378,0.1185,0.0811,FCC
3,7.7871,1.8,4.725,67.825,0.0268,19.87,0.1008,0.0698,FCC
4,6.4814,1.8,4.6925,67.74,0.0264,19.802,0.1002,0.0698,FCC
1,23.0537,1.75,4.705,65.675,0.0324,19.9875,0.1176,0.078,FCC
1,8.2338,1.85,4.5375,71.585,0.0318,18.021,0.1179,0.0862,FCC
1,7.5337,1.85,4.59,71.845,0.033,18.177,0.1202,0.0869,FCC
1,7.2119,1.85,4.695,72.365,0.0341,18.489,0.1205,0.0854,FCC
1,9.1948,1.85,4.61,72.02,0.0318,18.282,0.1176,0.085,FCC
1,8.9801,1.85,4.715,72.54,0.0325,18.594,0.1172,0.0831,FCC
1,15.8188,1.85,4.5975,72.11,0.0281,18.336,0.111,0.0811,FCC
3,32.6666,1.85,4.7425,72.98,0.027,18.858,0.1044,0.0751,FCC
3,58.3681,1.85,4.71,72.895,0.0256,18.807,0.1021,0.0742,FCC
1,108.3726,1.8,4.605,70.4,0.0318,19.62,0.1198,0.0833,FCC
3,30.554,1.8,4.75,71.27,0.029,20.229,0.11,0.0755,FCC
4,9.5861,1.75,4.725,69.475,0.03,21.19,0.1138,0.0757,FCC
3,7.7551,1.75,4.6925,69.39,0.0292,21.122,0.1128,0.0754,FCC
3,6.26,1.75,4.66,69.305,0.028,21.054,0.1114,0.0746,FCC
3,6.7351,1.7,4.7325,67.765,0.0311,21.8685,0.1173,0.0756,FCC
4,4.7162,1.7,4.6675,67.595,0.0303,21.7155,0.1166,0.0756,FCC
4,4.6343,1.65,4.7075,65.97,0.032,22.12,0.1203,0.0757,FCC
1,57.3412,1.8,4.6775,74.46,0.0259,19.746,0.1098,0.0774,FCC
4,12.9404,1.75,4.6525,72.665,0.0273,21.2055,0.115,0.0776,FCC
4,9.1135,1.7,4.6925,71.04,0.0321,22.442,0.1239,0.0805,FCC
4,80.2202,1.75,4.645,76.025,0.0256,20.685,0.1149,0.0793,FCC
4,42.0548,1.7,4.645,77.675,0.0296,21.675,0.123,0.083,FCC
4,29.7128,1.65,4.645,79.325,0.033,22.7975,0.1302,0.0864,FCC
1,5.4005,1.9,4.6475,68.225,0.0329,18.7875,0.1141,0.085,FCC
1,6.7361,1.9,4.615,68.14,0.0312,18.728,0.1112,0.084,FCC
1,6.7611,1.9,4.6675,68.4,0.0313,18.91,0.1108,0.0827,FCC
1,8.6461,1.9,4.5825,68.055,0.0291,18.6685,0.1074,0.0824,FCC
4,27.8489,1.9,4.8325,69.445,0.0238,19.6415,0.0918,0.0677,FCC
4,62.4099,1.9,4.7675,69.275,0.0237,19.5225,0.0904,0.0691,FCC
3,252.9671,1.9,4.735,69.19,0.0229,19.463,0.0887,0.069,FCC
1,22.9826,1.85,4.6625,66.78,0.0308,19.724,0.1117,0.0804,FCC
4,30.0853,1.85,4.8075,67.65,0.0246,20.42,0.0956,0.0678,FCC
4,15.7544,1.85,4.7425,67.48,0.0247,20.284,0.095,0.0693,FCC
3,12.0395,1.85,4.71,67.395,0.0241,20.216,0.0937,0.0692,FCC
1,169.6405,1.8,4.67,65.07,0.0324,20.133,0.1169,0.0808,FCC
1,446.3048,1.8,4.7225,65.33,0.0308,20.367,0.1133,0.0776,FCC
2,10.2616,1.8,4.7825,65.855,0.0254,20.8395,0.0991,0.0679,FCC
2,8.5323,1.8,4.75,65.77,0.0258,20.763,0.0994,0.069,FCC
4,7.0885,1.8,4.7175,65.685,0.0257,20.6865,0.0992,0.0694,FCC
4,5.8266,1.8,4.685,65.6,0.0252,20.61,0.0983,0.0694,FCC
4,5.3147,1.75,4.725,63.975,0.0267,20.815,0.103,0.0691,FCC
4,4.4758,1.75,4.6925,63.89,0.0267,20.73,0.103,0.0696,FCC
2,21.0265,1.85,4.8,71.01,0.0275,20.737,0.1052,0.0749,FCC
4,27.7306,1.85,4.7675,70.925,0.0269,20.6775,0.1039,0.0751,FCC
2,42.607,1.85,4.735,70.84,0.0258,20.618,0.1019,0.0747,FCC
3,108.5247,1.85,4.7025,70.755,0.0243,20.5585,0.0992,0.0738,FCC
3,40.2066,1.8,4.775,69.215,0.0284,21.672,0.1091,0.075,FCC
4,24.246,1.8,4.7425,69.13,0.0279,21.604,0.1082,0.0752,FCC
4,16.5924,1.8,4.71,69.045,0.0269,21.536,0.1066,0.0749,FCC
3,11.961,1.8,4.6775,68.96,0.0255,21.468,0.1043,0.074,FCC
3,6.9089,1.75,4.685,67.25,0.028,22.095,0.1109,0.075,FCC
3,39.1796,1.8,4.7025,72.405,0.0269,21.7135,0.1102,0.0787,FCC
2,114.614,1.8,4.67,72.32,0.0245,21.654,0.1065,0.077,FCC
4,15.4166,1.75,4.6775,70.61,0.0281,22.788,0.1152,0.0789,FCC
4,25.6201,1.9,4.8575,67.39,0.0224,20.902,0.0902,0.0659,FCC
3,33.1416,1.9,4.825,67.305,0.023,20.834,0.0901,0.0674,FCC
4,49.0917,1.9,4.7925,67.22,0.0231,20.766,0.0894,0.0684,FCC
2,108.5291,1.9,4.76,67.135,0.0227,20.698,0.088,0.0688,FCC
2,257.8618,1.9,4.7275,67.05,0.0218,20.63,0.0859,0.0687,FCC
2,36.1553,1.85,4.8325,65.595,0.0231,21.2955,0.0939,0.066,FCC
3,24.5784,1.85,4.8,65.51,0.0238,21.219,0.0942,0.0676,FCC
1,17.9187,1.85,4.7675,65.425,0.0239,21.1425,0.0939,0.0685,FCC
1,13.5267,1.85,4.735,65.34,0.0237,21.066,0.0929,0.069,FCC
1,10.3249,1.85,4.7025,65.255,0.0229,20.9895,0.0913,0.0688,FCC
4,11.1979,1.8,4.8075,63.8,0.0237,21.33,0.0973,0.0662,FCC
4,9.2856,1.8,4.775,63.715,0.0245,21.245,0.0979,0.0677,FCC
3,7.6988,1.8,4.7425,63.63,0.0248,21.16,0.0979,0.0687,FCC
1,6.3206,1.8,4.71,63.545,0.0246,21.075,0.0974,0.0691,FCC
3,5.702,1.75,4.75,61.92,0.0253,20.912,0.1014,0.0678,FCC
1,4.8026,1.75,4.7175,61.835,0.0257,20.8185,0.1017,0.0688,FCC
4,4.0153,1.7,4.725,60.125,0.0261,20.22,0.1045,0.0679,FCC
2,24.139,1.85,4.7925,68.87,0.0265,22.086,0.1033,0.0746,FCC
4,33.8896,1.85,4.76,68.785,0.0258,22.018,0.1016,0.0747,FCC
4,61.6899,1.85,4.7275,68.7,0.0246,21.95,0.0992,0.0743,FCC
1,1436.1467,1.85,4.695,68.615,0.023,21.882,0.096,0.0734,FCC
4,30.1662,1.8,4.7675,67.075,0.0274,22.6275,0.1074,0.0747,FCC
1,19.6156,1.8,4.735,66.99,0.0268,22.551,0.1061,0.0749,FCC
2,13.7643,1.8,4.7025,66.905,0.0257,22.4745,0.1041,0.0745,FCC
3,11.9573,1.75,4.775,65.365,0.0283,22.895,0.1116,0.0742,FCC
4,7.5866,1.75,4.71,65.195,0.0278,22.725,0.1103,0.075,FCC
3,6.676,1.7,4.75,63.57,0.0291,22.727,0.1149,0.0744,FCC
2,56.5671,1.8,4.695,70.265,0.0255,23.202,0.1071,0.0783,FCC
1,29.6379,1.9,4.85,65.25,0.0217,21.675,0.0887,0.0657,FCC
1,40.8643,1.9,4.8175,65.165,0.0221,21.5985,0.0883,0.0672,FCC
1,71.1415,1.9,4.785,65.08,0.0221,21.522,0.0872,0.0681,FCC
1,511.7452,1.9,4.7525,64.995,0.0216,21.4455,0.0854,0.0685,FCC
4,78.3085,1.9,4.72,64.91,0.0206,21.369,0.0828,0.0683,FCC
4,558.9651,1.85,4.9225,63.71,0.0215,21.93,0.0891,0.0578,FCC
3,84.5613,1.85,4.89,63.625,0.0216,21.845,0.0909,0.0611,FCC
1,44.0086,1.85,4.8575,63.54,0.0213,21.76,0.092,0.0638,FCC
3,28.5961,1.85,4.825,63.455,0.0223,21.675,0.0926,0.0658,FCC
1,20.3593,1.85,4.7925,63.37,0.0229,21.59,0.0926,0.0673,FCC
1,15.1505,1.85,4.76,63.285,0.023,21.505,0.0919,0.0682,FCC
4,11.4583,1.85,4.7275,63.2,0.0226,21.42,0.0906,0.0686,FCC
3,14.7296,1.8,4.865,61.83,0.0229,21.503,0.094,0.0612,FCC
2,10.0354,1.8,4.8,61.66,0.023,21.316,0.0963,0.0659,FCC
4,8.3058,1.8,4.7675,61.575,0.0237,21.2225,0.0966,0.0674,FCC
3,6.8097,1.8,4.735,61.49,0.0239,21.129,0.0963,0.0684,FCC
4,6.0696,1.75,4.775,59.865,0.0237,20.598,0.0996,0.066,FCC
4,5.1143,1.75,4.7425,59.78,0.0245,20.496,0.1002,0.0676,FCC
4,14.5194,1.85,4.8825,66.985,0.0251,23.2365,0.1035,0.0711,FCC
3,17.2895,1.85,4.85,66.9,0.0257,23.16,0.1033,0.0727,FCC
3,21.3241,1.85,4.8175,66.815,0.0259,23.0835,0.1025,0.0737,FCC
1,28.2272,1.85,4.785,66.73,0.0256,23.007,0.1011,0.0743,FCC
2,43.7204,1.85,4.7525,66.645,0.0248,22.9305,0.099,0.0744,FCC
4,117.9364,1.85,4.72,66.56,0.0234,22.854,0.0962,0.0739,FCC
4,364.0647,1.8,4.8575,65.19,0.0256,23.41,0.1069,0.0712,FCC
2,23.4874,1.8,4.76,64.935,0.0265,23.155,0.1055,0.0745,FCC
1,15.9024,1.8,4.7275,64.85,0.0258,23.07,0.1038,0.0745,FCC
4,8.2943,1.75,4.735,63.14,0.0273,22.944,0.1095,0.0746,FCC
4,4.8012,1.65,4.75,59.72,0.0284,21.666,0.1164,0.0731,FCC
1,39.5493,1.7,4.578,64.395,0.0434,23.705,0.1932,0.1679,BCC+FCC
1,10.0921,1.7,4.653,58.23,0.0453,22.889,0.1941,0.1723,BCC+FCC
1,4.1113,1.5,4.4765,65.28,0.05,21.07,0.1798,0.1332,BCC+FCC
1,2.9867,1.5,4.5365,65.805,0.0463,21.595,0.1713,0.1296,BCC+FCC
1,15.3862,1.6,4.563,62.205,0.0469,23.2655,0.1927,0.1643,BCC+FCC
1,5.2411,1.8,4.577,60.895,0.0427,23.555,0.1949,0.1869,BCC+FCC
1,19.2156,1.6,4.5955,56.79,0.0472,19.897,0.188,0.1642,BCC+FCC
1,16.8204,1.55,4.603,55.08,0.0489,18.452,0.1899,0.1649,BCC+FCC
1,18.4274,1.6,4.608,60.325,0.0463,23.19,0.1902,0.1644,BCC+FCC
1,3.6483,1.7,4.542,70.74,0.0448,28.712,0.1929,0.1844,BCC+FCC
1,2.1559,1.9,4.5785,59.35,0.0472,25.1,0.2028,0.2087,BCC+FCC
1,4.9395,1.75,4.602,60.49,0.0467,25.159,0.2009,0.19,BCC+FCC
1,18.9928,1.5,4.648,54.85,0.0502,19.575,0.1943,0.1663,BCC+FCC
1,2.7507,1.85,4.612,61.855,0.0432,25.895,0.1865,0.1872,BCC+FCC
1,30.8176,1.65,4.6505,57.925,0.0447,22.7525,0.186,0.1648,BCC+FCC
1,104.9507,1.55,4.6655,54.505,0.0486,19.7475,0.1917,0.1661,BCC+FCC
1,1.9582,1.9,4.6285,55.24,0.0488,23.958,0.2056,0.213,BCC+FCC
1,2.6604,1.85,4.617,59.625,0.0444,25.5875,0.1887,0.1896,BCC+FCC
1,12.0088,1.65,4.6555,55.695,0.0468,21.383,0.188,0.1664,BCC+FCC
1,8.8727,1.65,4.648,59.055,0.0475,24.9115,0.1904,0.1676,BCC+FCC
1,6.5703,1.65,4.6405,62.415,0.048,27.768,0.1904,0.1681,BCC+FCC
1,3.2719,1.8,4.657,52.5,0.0469,20,0.1984,0.193,BCC+FCC
1,3.3814,1.8,4.677,52.675,0.0452,20.245,0.1966,0.1922,BCC+FCC
1,3.8836,1.75,4.6845,50.965,0.0474,18.2175,0.2012,0.1932,BCC+FCC
1,3.4745,1.75,4.677,54.325,0.049,22.555,0.2025,0.1939,BCC+FCC
1,3.9486,1.7,4.6845,52.615,0.0512,20.6925,0.2074,0.1951,BCC+FCC
1,5.3921,1.65,4.6655,60.36,0.0491,27.298,0.191,0.1693,BCC+FCC
3,2.3656,1.6,4.464,60.44,0.0979,31.242,0.4899,0.2756,IM
2,2.3476,1.6,4.478,63.5,0.0852,34.2,0.4437,0.2975,IM
3,2.3979,1.85,4.495,63.955,0.1189,32.436,0.5479,0.3375,IM
4,2.5901,1.7,4.5,61.77,0.1092,31.261,0.5158,0.3046,IM
3,2.41,1.7,4.4925,65.13,0.1053,33.846,0.5129,0.3129,IM
4,2.152,1.75,4.5175,61.425,0.1078,31.5025,0.5117,0.305,IM
2,2.1955,1.7,4.5175,63.075,0.1061,33.6475,0.5139,0.3088,IM
2,2.5373,1.85,4.575,62.455,0.1103,31.7315,0.4972,0.3376,IM
2,2.4024,1.75,4.5725,61.98,0.0974,31.114,0.4598,0.3039,IM
2,1.564,1.75,4.5075,57.96,0.0992,33.928,0.4578,0.3295,IM
4,1.6468,1.7,4.515,56.25,0.1017,32.6,0.4647,0.3276,IM
2,1.6065,1.7,4.5075,59.61,0.0972,36.073,0.4587,0.332,IM
2,1.6221,1.8,4.555,57.35,0.0947,31.055,0.4224,0.3188,IM
3,41.182,1.75,4.7025,57.98,0.0372,19.764,0.1844,0.0876,FCC
3,17.2885,1.75,4.6425,63.495,0.0325,20.955,0.1714,0.068,FCC
4,8.3677,1.85,4.6325,64.685,0.0289,21.0965,0.162,0.069,FCC
2,36.8335,1.8,4.66,63.15,0.0299,21.3,0.1664,0.0674,FCC
2,24.4185,1.75,4.6675,61.44,0.0333,21.004,0.1713,0.0679,FCC
1,24.4053,1.8,4.685,61.095,0.031,21.3145,0.1664,0.0674,FCC
4,12.8399,1.9,4.4825,68.36,0.0278,17.932,0.1158,0.0915,FCC
4,5.1106,1.75,4.625,64.28,0.0307,20.17,0.1274,0.0903,FCC
4,8.4341,1.75,4.6175,67.64,0.0299,21.496,0.131,0.0924,FCC
4,8.3559,1.8,4.6425,63.935,0.0282,20.515,0.1214,0.0898,FCC
4,5.7305,1.75,4.65,62.225,0.0308,20.2975,0.127,0.0909,FCC
4,4.5624,1.7,4.6575,60.515,0.0327,19.738,0.1311,0.0916,FCC
3,27.5433,1.8,4.635,67.295,0.0271,21.8755,0.1237,0.0918,FCC
4,16.4119,1.75,4.6275,72.305,0.0312,23.884,0.1296,0.0957,FCC
4,54.4679,1.85,4.64,63.415,0.0269,20.685,0.1175,0.0911,FCC
4,26.424,1.85,4.66,63.59,0.0256,20.86,0.1145,0.0892,FCC
2,9.7107,1.8,4.6675,61.88,0.0285,20.608,0.1212,0.0904,FCC
2,6.4171,1.75,4.675,60.17,0.0306,20.014,0.1263,0.0912,FCC
2,17.9881,1.85,4.6525,66.95,0.0244,22.255,0.1152,0.0912,FCC
4,18.0923,1.9,4.6775,63.245,0.0231,21.205,0.1063,0.0887,FCC
4,40.6779,1.85,4.685,61.535,0.0262,20.9185,0.1146,0.09,FCC
3,11.3922,1.8,4.6925,59.825,0.0285,20.29,0.1209,0.0907,FCC
4,7.1902,1.75,4.7,58.115,0.0302,19.3195,0.1256,0.091,FCC
4,5.5274,1.7,4.7075,56.405,0.0311,18.007,0.1291,0.0909,FCC
1,3.1239,1.7,4.7455,66.88,0.0508,21.154,0.1881,0.1668,BCC+FCC
1,92.6938,1.5,4.6265,65.795,0.0507,21.585,0.1757,0.1347,BCC+FCC
1,4.2369,1.65,4.713,62.945,0.0508,21.825,0.1894,0.1667,BCC+FCC
1,5.2931,1.6,4.688,61.15,0.0515,21.415,0.1909,0.1668,BCC+FCC
1,3.2165,1.7,4.783,68.36,0.0516,23.028,0.1913,0.1679,BCC+FCC
1,2.8655,1.7,4.772,53.705,0.0525,20.307,0.2072,0.1948,BCC+FCC
1,22.078,1.5,4.7055,52.88,0.049,17.868,0.1927,0.1662,BCC+FCC
1,1.8629,1.85,4.8395,56.95,0.0502,23.61,0.2004,0.1945,BCC+FCC
1,2.2872,1.8,4.762,54.895,0.0521,21.9035,0.2043,0.1954,BCC+FCC
1,2.1735,1.8,4.8145,55.155,0.0508,22.2415,0.2025,0.1946,BCC+FCC
1,2.5289,1.75,4.7895,53.36,0.0513,20.514,0.2046,0.1946,BCC+FCC
1,4.3472,1.7,4.7455,57.66,0.048,23.098,0.1871,0.1671,BCC+FCC
1,1.9783,1.85,4.7795,54.55,0.0507,22.145,0.2006,0.1952,BCC+FCC
1,2.7048,1.75,4.7295,50.96,0.0521,18.21,0.2055,0.1953,BCC+FCC
1,3.1856,1.75,4.703,60.415,0.0484,26.058,0.186,0.1692,BCC+FCC
4,1.5523,1.7,4.61,56.945,0.0831,30.8985,0.3788,0.3187,IM
3,1.8971,1.7,4.59,59.885,0.1129,30.759,0.5196,0.2914,IM
3,1.6563,1.75,4.6075,59.54,0.1116,30.966,0.5165,0.2918,IM
3,2.9305,1.8,4.6975,68.605,0.111,38.6165,0.494,0.3605,IM
3,1.6988,1.6,4.6,65.79,0.1016,35.569,0.4441,0.3197,IM
3,1.2659,1.7,4.5725,65.28,0.0969,39.158,0.4632,0.3327,IM
2,4.0169,1.8,4.93,62.425,0.0391,21.8275,0.1848,0.0797,FCC
4,3.0841,1.85,4.9475,62.08,0.0384,22.138,0.1825,0.0795,FCC
2,1.6096,1.7,4.4675,63.09,0.1188,30.929,0.6135,0.2966,IM
2,1.2541,1.75,4.5925,59.655,0.1027,30.8905,0.4808,0.3248,IM
2,1.5336,1.7,4.57,63.695,0.101,30.925,0.49,0.3607,IM
2,1.5191,1.7,4.5625,61.555,0.1002,30.9005,0.4873,0.3609,IM
2,2.3715,1.6,4.4685,62.42,0.0872,39.216,0.4978,0.3341,IM
3,1.801,1.7,4.545,55.17,0.0918,33.345,0.4845,0.331,IM
3,2.3034,1.6,4.567,64.75,0.0941,39.425,0.486,0.2819,IM
2,1.6285,1.7,4.4705,55.15,0.1073,31.515,0.5733,0.2893,IM
2,2.7778,1.7,4.615,66.73,0.1207,39.922,0.5625,0.3066,IM
3,2.3625,1.6,4.5175,63.36,0.1152,34.018,0.5773,0.2478,IM
2,1.8071,1.7,4.5175,60.285,0.1173,30.7105,0.5962,0.2738,IM
2,1.888,1.7,4.5775,61.3,0.1162,30.92,0.5666,0.2626,IM
2,2.9766,1.55,4.465,60.33,0.1138,31.556,0.5699,0.3537,IM
2,2.4554,1.65,4.4675,61.535,0.1074,32.2685,0.6092,0.3668,IM
2,2.2111,1.6,4.4775,57.97,0.111,33.251,0.5679,0.321,IM
3,2.4505,1.6,4.4825,59.985,0.1115,31.832,0.5629,0.354,IM
2,2.4637,1.55,4.495,62.255,0.1054,34.556,0.5198,0.3238,IM
2,1.7912,1.7,4.475,58.715,0.1034,33.768,0.5859,0.3563,IM
3,1.9797,1.7,4.485,61.19,0.1046,32.579,0.5986,0.3672,IM
2,2.0363,1.65,4.5,59.64,0.1092,32.108,0.5553,0.3542,IM
3,2.4658,1.6,4.5275,64.845,0.107,33.8295,0.5419,0.341,IM
2,1.5563,1.7,4.5125,57.28,0.1059,33.734,0.5506,0.3214,IM
2,2.4167,1.6,4.475,61.955,0.0957,32.447,0.503,0.2663,IM
3,2.2888,1.6,4.515,61.94,0.1035,33.376,0.5189,0.2414,IM
3,1.8723,1.6,4.4775,55.055,0.1131,31.5625,0.5498,0.2406,IM
3,1.9497,1.6,4.47,55.54,0.1155,31.32,0.5672,0.2447,IM
2,1.9983,1.6,4.4625,56.025,0.1179,31.0775,0.5845,0.2428,IM
2,1.8419,1.6,4.47,58.415,0.1072,35.491,0.5416,0.2468,IM
3,1.7421,1.6,4.4725,54.595,0.1096,30.8725,0.5316,0.2461,IM
2,1.813,1.6,4.465,55.08,0.1123,30.63,0.5489,0.2524,IM
3,2.3265,1.6,4.51,58.08,0.1193,31.068,0.604,0.3326,IM
3,2.3246,1.6,4.565,58.635,0.1167,30.846,0.5563,0.3361,IM
3,2.0512,1.7,4.58,58.01,0.1193,31.096,0.5558,0.3305,IM
3,2.4862,1.65,4.61,62.27,0.1089,34.615,0.5066,0.3421,IM
3,1.8966,1.55,4.4625,59.275,0.0995,37.385,0.5034,0.3333,IM
2,2.8043,1.75,4.6125,61.71,0.1204,31.094,0.5463,0.3458,IM
2,2.4225,1.7,4.4625,60.39,0.0985,31.305,0.5267,0.3454,IM
3,2.7473,1.7,4.4825,61.42,0.0896,30.79,0.4805,0.3571,IM
2,2.2316,1.7,4.51,64.305,0.0878,34.367,0.4706,0.3506,IM
3,1.7655,1.6,4.4675,55.635,0.1098,33.6825,0.5228,0.3433,IM
2,1.6567,1.65,4.47,59.135,0.1055,37.469,0.527,0.3509,IM
3,1.6178,1.7,4.48,56.4,0.1141,33.3,0.5635,0.3353,IM
3,1.6494,1.7,4.4725,56.885,0.1168,33.0575,0.5808,0.3253,IM
2,1.4864,1.7,4.48,59.275,0.1063,37.385,0.5375,0.3487,IM
4,1.5375,1.7,4.4725,59.76,0.109,37.094,0.5553,0.3426,IM
3,2.2603,1.7,4.575,57.105,0.1179,31.458,0.5269,0.3559,IM
4,2.3377,1.7,4.5675,57.59,0.1208,31.264,0.5434,0.3403,IM
3,2.5298,1.55,4.4625,62.79,0.1062,32.288,0.5367,0.3289,IM
2,1.6638,1.6,4.4925,55.64,0.1013,30.776,0.4901,0.2882,IM
4,1.8739,1.6,4.4625,60.455,0.1055,33.2915,0.5361,0.302,IM
4,2.0095,1.6,4.4875,61.96,0.1017,32.952,0.5129,0.3355,IM
2,1.5118,1.7,4.4825,56.87,0.1063,31.261,0.5369,0.3398,IM
3,1.6139,1.7,4.4675,57.84,0.1116,30.582,0.5725,0.3243,IM
3,1.5861,1.7,4.5,58.86,0.1055,30.892,0.5313,0.3652,IM
2,1.6823,1.65,4.52,57.77,0.1018,30.631,0.4964,0.3319,IM
3,4.9255,1.9,4.855,76.14,0.0387,16.92,0.1715,0.099,FCC
4,4.9025,1.9,4.88,74.085,0.0386,19.261,0.171,0.0975,FCC
3,5.1534,1.9,4.8475,74,0.0377,19.21,0.1701,0.0988,FCC
3,4.8166,1.9,4.905,72.03,0.0384,21.191,0.1704,0.0956,FCC
3,5.5832,1.9,4.8075,71.775,0.0352,21.0125,0.1671,0.0997,FCC
1,4.6588,1.9,4.93,69.975,0.0378,22.71,0.1698,0.0935,FCC
2,4.9614,1.9,4.8975,69.89,0.0376,22.642,0.1693,0.0955,FCC
1,5.231,1.9,4.865,69.805,0.037,22.574,0.1684,0.0972,FCC
3,5.481,1.9,4.8325,69.72,0.0358,22.506,0.167,0.0985,FCC
4,5.9401,1.9,4.7675,69.55,0.032,22.37,0.163,0.1001,FCC
4,4.4016,1.9,4.955,67.92,0.037,23.818,0.1691,0.091,FCC
2,5.0687,1.9,4.89,67.75,0.0369,23.665,0.168,0.0954,FCC
4,8.4941,1.9,4.4875,82.235,0.0307,7.6625,0.153,0.0919,FCC
1,7.2513,1.9,4.54,82.495,0.0322,7.603,0.1569,0.0927,FCC
1,8.6508,1.85,4.4875,83.885,0.0324,10.1045,0.1578,0.095,FCC
1,5.0455,1.9,4.63,80.61,0.0372,9.608,0.1652,0.0961,FCC
1,6.266,1.9,4.545,80.265,0.0341,9.5585,0.1594,0.0958,FCC
1,6.8194,1.9,4.565,80.44,0.0333,9.472,0.1581,0.094,FCC
1,7.0904,1.75,4.4925,84.955,0.0346,15.6925,0.1682,0.1042,FCC
1,6.8876,1.7,4.4925,86.605,0.0342,17.657,0.1712,0.1067,FCC
1,7.1689,1.65,4.5125,88.43,0.0351,19.169,0.1741,0.1081,FCC
1,6.899,1.85,4.5375,79.775,0.035,13.055,0.1613,0.0989,FCC
1,7.4534,1.85,4.5575,79.95,0.0347,13.035,0.1604,0.0973,FCC
1,7.9607,1.75,4.485,82.815,0.033,16.8395,0.1637,0.1037,FCC
4,9.3199,1.9,4.7575,70.955,0.0289,21.3885,0.1486,0.0825,FCC
4,2.1704,1.9,4.7665,76.845,0.0398,12.5735,0.1957,0.1227,FCC
4,2.3622,1.95,4.724,75.62,0.0369,13.898,0.1675,0.1453,FCC
4,2.5448,1.95,4.7665,77.285,0.0355,11.8255,0.1529,0.1356,FCC
4,2.5505,1.95,4.7165,73.48,0.0361,16.35,0.1652,0.145,FCC
4,2.7664,1.95,4.759,75.145,0.0342,14.658,0.1511,0.1354,FCC
4,2.9348,1.95,4.8015,68.895,0.0342,20.7065,0.149,0.1364,FCC
3,2.8873,1.95,4.8265,66.84,0.0344,21.912,0.1488,0.1367,FCC
3,3.005,1.95,4.794,66.755,0.0331,21.844,0.1471,0.1362,FCC
1,3.2742,1.95,4.4865,77.125,0.0314,9.055,0.1382,0.1227,FCC
1,1.6222,1.95,4.7195,72.695,0.047,18.048,0.1977,0.1916,BCC+FCC
4,3.3577,1.95,4.579,77.735,0.0305,9.177,0.1385,0.1236,FCC
4,3.6856,1.95,4.5465,77.65,0.0287,9.16,0.1341,0.1207,FCC
1,1.9193,1.95,4.622,72.44,0.0425,17.946,0.1889,0.1855,BCC+FCC
1,4.3803,1.75,4.474,83.815,0.0326,15.3425,0.1492,0.1231,FCC
1,3.1375,1.95,4.5115,75.07,0.0327,12.111,0.1398,0.1255,FCC
1,1.7302,1.95,4.692,70.38,0.0476,20.12,0.1973,0.192,BCC+FCC
1,1.6374,1.95,4.7445,70.64,0.0477,20.25,0.198,0.1928,BCC+FCC
1,2.9287,1.95,4.438,71.99,0.0321,16.056,0.1551,0.1522,FCC
1,3.0517,1.95,4.6365,75.765,0.0337,12.3195,0.1428,0.1277,FCC
1,2.0468,1.95,4.6145,70.3,0.0418,20.08,0.1862,0.1852,BCC+FCC
1,3.407,1.9,4.604,77.33,0.0347,12.789,0.1464,0.1278,FCC
1,4.0511,1.9,4.519,76.985,0.0314,12.6855,0.1378,0.1227,FCC
1,3.7568,1.9,4.5715,77.245,0.0327,12.7635,0.142,0.1252,FCC
1,3.7986,1.85,4.479,78.285,0.0328,13.3035,0.1444,0.1251,FCC
1,2.3733,1.85,4.582,73.515,0.0443,21.6875,0.1897,0.1839,BCC+FCC
1,4.7477,1.8,4.4665,80.025,0.031,15.015,0.1406,0.1216,FCC
1,4.1876,1.8,4.519,80.285,0.0345,15.0465,0.1479,0.1256,FCC
1,3.1724,1.95,4.5565,73.19,0.0331,14.826,0.1397,0.1271,FCC
1,3.8033,1.95,4.4715,72.845,0.029,14.688,0.1297,0.1217,FCC
1,3.3705,1.95,4.5765,73.365,0.032,14.896,0.1381,0.1262,FCC
1,2.1309,1.95,4.607,68.16,0.0411,21.786,0.1832,0.1848,BCC+FCC
1,4.1561,1.9,4.4915,74.67,0.0305,15.418,0.1344,0.1227,FCC
1,4.3029,1.9,4.5115,74.845,0.0303,15.488,0.1335,0.1222,FCC
1,3.7634,1.9,4.6165,75.365,0.0325,15.696,0.1416,0.1265,FCC
1,2.1391,1.9,4.6395,69.895,0.0453,22.827,0.192,0.1884,BCC+FCC
1,3.7018,1.85,4.524,76.405,0.0346,16.112,0.146,0.1279,FCC
1,4.4068,1.85,4.5115,76.495,0.032,16.148,0.1387,0.1237,FCC
1,2.7526,1.75,4.542,74.59,0.0428,25.644,0.1842,0.1806,BCC+FCC
1,1.559,1.95,4.7945,66.53,0.0494,23.421,0.1982,0.1945,BCC+FCC
1,3.0964,1.95,4.529,70.875,0.0328,16.9475,0.1376,0.1276,FCC
1,3.4998,1.95,4.4965,70.79,0.0303,16.905,0.1318,0.1247,FCC
1,3.204,1.95,4.6015,71.31,0.033,17.165,0.1391,0.1281,FCC
1,1.8935,1.95,4.677,66.1,0.0459,23.12,0.1928,0.1915,BCC+FCC
1,1.9085,1.95,4.697,66.275,0.0448,23.2425,0.1914,0.1909,BCC+FCC
1,3.5782,1.95,4.6415,71.66,0.0298,17.34,0.1351,0.1259,FCC
1,2.0085,1.95,4.6645,66.19,0.0434,23.183,0.1882,0.1891,BCC+FCC
1,2.099,1.95,4.632,66.105,0.0419,23.1235,0.1844,0.1869,BCC+FCC
1,4.0164,1.9,4.5365,72.79,0.0315,17.905,0.1355,0.1251,FCC
1,3.6389,1.85,4.4965,74.09,0.0329,18.555,0.1421,0.1279,FCC
1,3.432,1.95,4.5415,68.91,0.031,18.816,0.1324,0.1264,FCC
1,3.5216,1.95,4.614,69.345,0.0306,19.077,0.134,0.1267,FCC
1,2.2969,1.85,4.6245,67.265,0.0454,26.622,0.1898,0.1888,BCC+FCC
1,2.3898,1.85,4.592,67.18,0.0435,26.554,0.1842,0.186,BCC+FCC
1,2.4526,1.8,4.592,68.83,0.0445,27.874,0.1872,0.1867,BCC+FCC
1,2.4897,1.75,4.592,70.48,0.0449,29.194,0.1897,0.1874,BCC+FCC
1,1.5122,1.95,4.812,62.335,0.0494,24.8715,0.1966,0.1949,BCC+FCC
1,1.7763,1.95,4.747,62.165,0.0464,24.7185,0.1925,0.1931,BCC+FCC
1,2.0975,1.95,4.617,61.825,0.0404,24.4125,0.1782,0.1863,BCC+FCC
1,2.0443,1.9,4.682,63.645,0.0462,26.0505,0.1915,0.1918,BCC+FCC
1,2.2812,1.85,4.617,65.125,0.0445,27.3825,0.1862,0.1885,BCC+FCC
1,1.9707,1.95,4.6745,59.855,0.0427,24.585,0.1838,0.1901,BCC+FCC
1,1.9403,1.9,4.707,61.59,0.0471,26.32,0.1925,0.1932,BCC+FCC
1,2.3523,1.8,4.6955,67.625,0.0458,27.9225,0.1795,0.1685,BCC+FCC
1,1.8749,1.95,4.6995,57.8,0.0435,24.27,0.1848,0.1914,BCC+FCC
3,1.278,1.85,4.4885,55.85,0.0994,30.93,0.5073,0.3465,IM
2,1.2234,1.85,4.592,61.54,0.0954,30.71,0.4543,0.3079,IM
4,1.4967,1.8,4.4785,57.885,0.0876,32.262,0.4485,0.3411,IM
2,1.4874,1.8,4.541,60.58,0.0809,32.368,0.4026,0.3229,IM
2,1.5869,1.8,4.571,63.19,0.072,31.85,0.3469,0.2991,IM
2,1.5288,1.75,4.4785,59.535,0.0853,34.242,0.4477,0.3437,IM
2,1.4973,1.75,4.5195,62.53,0.087,33.913,0.4455,0.3187,IM
2,1.6102,1.75,4.5085,62.145,0.0771,34.0895,0.3969,0.3266,IM
3,1.3803,1.8,4.482,56.13,0.0962,31.129,0.4923,0.3263,IM
2,1.5512,1.8,4.6155,64.43,0.0806,30.78,0.3852,0.2717,IM
2,1.6564,1.75,4.583,65.995,0.0762,32.345,0.3834,0.2767,IM
3,1.6152,1.8,4.5755,62.205,0.0773,30.7355,0.3793,0.2739,IM
2,2.9908,1.7,4.69,75.78,0.0811,31.632,0.3652,0.3587,IM
4,1.4414,1.9,4.6,63.45,0.1097,30.905,0.5069,0.2968,IM
4,1.4633,1.85,4.6,65.1,0.108,32.72,0.5093,0.3008,IM
4,2.57,1.85,4.6325,77.785,0.103,36.9765,0.4861,0.3826,IM
3,2.5681,1.8,4.6325,79.435,0.1012,38.4615,0.4877,0.3863,IM
3,1.6379,1.9,4.5625,65,0.1154,35.07,0.5436,0.3375,IM
4,1.4539,1.85,4.5925,62.96,0.1073,32.622,0.5075,0.301,IM
3,2.532,1.8,4.625,77.295,0.1005,40.225,0.4854,0.3865,IM
2,1.2848,1.85,4.6125,64.73,0.0917,34.73,0.4204,0.3215,IM
2,1.2458,1.9,4.605,60.94,0.0929,32.994,0.4164,0.3189,IM
3,1.4911,1.85,4.6275,65.685,0.0839,33.605,0.3815,0.3152,IM
2,1.5284,1.85,4.595,65.6,0.082,33.52,0.3778,0.3173,IM
4,2.7391,1.9,4.715,74.37,0.0409,15.015,0.1944,0.1043,FCC
4,2.9544,1.9,4.815,74.065,0.0396,15.8125,0.1833,0.0885,FCC
4,3.0988,1.9,4.8075,71.925,0.0385,17.895,0.1819,0.0883,FCC
4,2.9363,1.9,4.865,69.955,0.04,19.6685,0.1824,0.087,FCC
4,3.2097,1.9,4.8,69.785,0.0375,19.5495,0.1804,0.088,FCC
3,3.0256,1.9,4.8575,67.815,0.0392,20.912,0.1813,0.0868,FCC
3,2.7532,1.9,4.915,65.845,0.0394,21.8805,0.1813,0.0839,FCC
3,2.9346,1.9,4.8825,65.76,0.0391,21.804,0.1808,0.0854,FCC
4,3.4388,1.85,4.7525,67.07,0.0379,22.983,0.1814,0.0918,FCC
1,2.5802,1.9,4.94,63.79,0.0387,22.37,0.1806,0.0819,FCC
1,2.8014,1.9,4.9075,63.705,0.0388,22.285,0.1803,0.0838,FCC
4,3.1224,1.9,4.8425,63.535,0.0375,22.115,0.1786,0.0863,FCC
1,3.7458,1.9,4.5775,78.625,0.0344,7.8875,0.1718,0.0742,FCC
1,4.1284,1.9,4.545,78.54,0.0326,7.828,0.1681,0.071,FCC
4,4.7476,1.85,4.4925,79.93,0.0335,8.994,0.1696,0.072,FCC
1,4.0515,1.9,4.4775,75.875,0.0332,10.5725,0.1682,0.0752,FCC
1,3.743,1.9,4.53,76.135,0.0352,10.6505,0.1717,0.0773,FCC
1,3.9272,1.9,4.55,76.31,0.0345,10.703,0.1705,0.0756,FCC
4,4.4971,1.9,4.5375,76.4,0.0318,10.73,0.1651,0.0704,FCC
1,4.2113,1.85,4.4775,77.525,0.0345,11.0675,0.1727,0.0785,FCC
1,4.552,1.85,4.5175,77.875,0.0347,11.1725,0.1712,0.0758,FCC
1,5.2746,1.8,4.465,79.265,0.0331,12.475,0.1702,0.0755,FCC
1,5.2976,1.7,4.445,82.39,0.0314,16.217,0.1757,0.0812,FCC
1,5.2536,1.65,4.445,84.04,0.0321,18.276,0.1776,0.0831,FCC
1,3.8789,1.85,4.5025,75.47,0.0359,13.958,0.1744,0.0818,FCC
1,4.7093,1.85,4.49,75.56,0.0335,13.994,0.1684,0.0766,FCC
1,4.4562,1.85,4.5625,75.995,0.0354,14.168,0.1716,0.0772,FCC
1,4.8567,1.75,4.49,78.86,0.035,15.916,0.1758,0.0825,FCC
1,4.8395,1.7,4.49,80.51,0.0348,17.731,0.1788,0.0851,FCC
1,3.4169,1.9,4.705,72.72,0.0376,16.09,0.1738,0.077,FCC
1,3.9605,1.9,4.5675,72.115,0.0346,15.7875,0.1686,0.0773,FCC
4,4.8685,1.9,4.5025,71.945,0.0306,15.7025,0.1594,0.0709,FCC
4,4.0698,1.9,4.7575,71.105,0.0323,18.353,0.1653,0.0681,FCC
3,4.3119,1.9,4.7175,68.88,0.0288,19.866,0.1613,0.0675,FCC
4,4.3295,1.9,4.71,66.74,0.0275,21.002,0.1591,0.0671,FCC
2,4.2101,1.9,4.735,64.685,0.0287,21.7865,0.1594,0.0671,FCC
3,4.2458,1.9,4.7025,64.6,0.0269,21.71,0.1567,0.0667,FCC
4,4.5589,1.95,4.47,79.505,0.0348,6.0045,0.2011,0.238,FCC
4,4.8448,1.95,4.4425,77.19,0.0334,8.167,0.1987,0.2394,FCC
4,5.001,1.95,4.4625,77.365,0.0337,8.2195,0.1981,0.238,FCC
1,3.8809,1.95,4.475,76.875,0.033,9.0425,0.1381,0.1035,FCC
1,3.8465,1.95,4.5175,78.54,0.0321,7.11,0.1279,0.0945,FCC
1,3.3193,1.95,4.58,77.395,0.0367,9.1985,0.1458,0.1094,FCC
1,4.5238,1.95,4.485,78.455,0.0296,7.025,0.1222,0.0904,FCC
2,4.0872,1.95,4.495,77.05,0.0328,9.095,0.1372,0.1029,FCC
1,3.7094,1.95,4.505,75.645,0.0359,11.248,0.1504,0.1137,FCC
2,4.1576,1.95,4.5375,78.715,0.0311,7.2135,0.1262,0.0934,FCC
4,3.9263,1.95,4.59,78.975,0.0319,7.35,0.1286,0.0954,FCC
1,3.7853,1.95,4.6425,79.235,0.0337,7.4345,0.1296,0.0964,FCC
4,4.8287,1.95,4.505,78.63,0.0288,7.137,0.1208,0.0895,FCC
2,4.4505,1.95,4.5575,78.89,0.0298,7.282,0.1243,0.0923,FCC
2,4.2139,1.95,4.61,79.15,0.031,7.375,0.1263,0.094,FCC
4,5.7333,1.95,4.4725,78.545,0.0266,7.0605,0.1143,0.0847,FCC
1,4.9,1.95,4.4825,77.14,0.0301,9.122,0.1298,0.0976,FCC
1,5.1064,1.95,4.525,78.805,0.0278,7.214,0.1191,0.0885,FCC
1,4.3841,1.95,4.535,77.4,0.0315,9.2,0.1348,0.1015,FCC
3,4.7213,1.95,4.5775,79.065,0.0282,7.3155,0.1222,0.0911,FCC
3,5.9802,1.95,4.4925,78.72,0.0258,7.146,0.113,0.0839,FCC
1,3.4799,1.9,4.6225,80.71,0.0372,8.738,0.1401,0.101,FCC
1,4.03,1.9,4.4625,75.63,0.0361,13.815,0.159,0.1191,FCC
1,3.8433,1.9,4.5475,78.96,0.0367,10.244,0.1474,0.1082,FCC
1,5.0165,1.9,4.4625,78.615,0.0316,9.995,0.1356,0.0996,FCC
1,3.9507,1.9,4.525,77.47,0.0374,11.978,0.1544,0.1147,FCC
1,5.9581,1.9,4.4725,80.195,0.0287,8.5455,0.1207,0.0869,FCC
1,4.5036,1.9,4.4925,77.385,0.0349,11.944,0.1478,0.1098,FCC
2,5.2328,1.9,4.525,80.455,0.0305,8.534,0.1262,0.091,FCC
4,6.1828,1.9,4.4925,80.37,0.0283,8.466,0.1197,0.0862,FCC
1,5.4579,1.9,4.545,80.63,0.0296,8.411,0.1248,0.09,FCC
1,4.562,1.85,4.4525,78.685,0.0336,12.9435,0.1512,0.1109,FCC
1,4.4928,1.85,4.515,80.525,0.0357,11.6525,0.1467,0.1057,FCC
1,5.2934,1.85,4.4825,80.44,0.033,11.576,0.1396,0.1006,FCC
1,5.2772,1.85,4.525,82.105,0.0326,10.1565,0.1325,0.0932,FCC
1,5.4855,1.85,4.545,82.28,0.0321,10.034,0.1313,0.0924,FCC
1,4.154,1.8,4.4425,78.755,0.0347,15.906,0.1625,0.1195,FCC
1,4.8111,1.75,4.4725,82.16,0.0339,16.482,0.1566,0.1122,FCC
1,3.6449,1.95,4.5425,76.485,0.0334,9.8755,0.1292,0.0974,FCC
1,3.399,1.95,4.6475,77.005,0.036,10.0315,0.1325,0.0995,FCC
1,3.8251,1.95,4.615,76.92,0.0334,10.006,0.1293,0.0975,FCC
1,3.3132,1.95,4.6775,75.775,0.0375,12.25,0.146,0.1115,FCC
1,4.0365,1.95,4.4975,73.505,0.0347,13.7025,0.1462,0.1132,FCC
1,4.5869,1.95,4.53,76.575,0.03,9.9025,0.1223,0.0929,FCC
1,4.0674,1.95,4.6875,77.355,0.0335,10.1365,0.1271,0.0962,FCC
2,4.6279,1.95,4.6025,77.01,0.0294,10.033,0.1231,0.0936,FCC
4,5.921,1.95,4.5375,76.84,0.0256,9.982,0.1132,0.0868,FCC
4,4.9104,1.95,4.7475,77.88,0.0297,10.294,0.1178,0.0907,FCC
1,3.66,1.9,4.5425,78.135,0.0356,10.4785,0.1361,0.1,FCC
1,3.3498,1.9,4.6475,78.655,0.0386,10.9195,0.1407,0.1027,FCC
1,4.4267,1.9,4.4675,76.385,0.0327,12.494,0.1385,0.1045,FCC
1,3.8147,1.9,4.615,78.57,0.0361,10.843,0.1372,0.1005,FCC
1,4.6545,1.9,4.4875,76.56,0.033,12.564,0.138,0.104,FCC
1,4.3433,1.9,4.5825,78.485,0.0339,10.7665,0.1329,0.0978,FCC
1,4.9796,1.9,4.55,78.4,0.0317,10.69,0.1279,0.0944,FCC
1,4.4339,1.9,4.655,78.92,0.0335,10.974,0.1329,0.0978,FCC
1,4.4926,1.85,4.4675,78.035,0.0331,13.182,0.1427,0.1059,FCC
1,4.5916,1.85,4.6025,80.31,0.0355,12.178,0.1382,0.0993,FCC
1,6.8362,1.85,4.465,79.705,0.0288,12.035,0.1209,0.088,FCC
1,4.8485,1.85,4.6225,80.485,0.0344,12.0695,0.1365,0.0982,FCC
1,4.9447,1.8,4.425,78.02,0.0301,15.976,0.1471,0.1106,FCC
1,5.8659,1.8,4.455,79.775,0.0309,15.0925,0.1378,0.1012,FCC
1,4.9123,1.8,4.55,81.7,0.0356,13.72,0.14,0.0991,FCC
1,5.3735,1.8,4.59,82.05,0.035,13.44,0.138,0.0974,FCC
1,5.1735,1.75,4.445,79.845,0.0318,18.164,0.1496,0.1112,FCC
1,4.94,1.75,4.5075,81.685,0.0352,16.862,0.1498,0.1078,FCC
1,5.7852,1.75,4.5175,83.265,0.0338,15.6175,0.1379,0.0964,FCC
4,3.8776,1.95,4.3975,67.77,0.0328,17.146,0.1537,0.1247,FCC
4,4.2604,1.95,4.4075,69.35,0.0306,16.465,0.1446,0.1171,FCC
1,3.6207,1.95,4.5025,71.275,0.0359,15.675,0.1489,0.1173,FCC
1,3.6289,1.95,4.545,72.94,0.0353,14.37,0.1405,0.1094,FCC
1,4.1784,1.95,4.47,71.19,0.0332,15.624,0.142,0.113,FCC
1,4.1614,1.95,4.5125,72.855,0.0329,14.3275,0.1348,0.1059,FCC
1,4.1122,1.95,4.6075,74.78,0.032,12.802,0.1262,0.0971,FCC
1,4.6459,1.95,4.575,74.695,0.0298,12.768,0.1218,0.0944,FCC
1,3.8767,1.95,4.6375,73.55,0.034,14.675,0.1401,0.109,FCC
1,4.3655,1.95,4.68,75.215,0.0322,12.976,0.1246,0.0959,FCC
1,4.3646,1.95,4.51,71.54,0.0336,15.834,0.1411,0.1122,FCC
4,3.9575,1.95,4.73,74.16,0.0325,14.98,0.1363,0.1068,FCC
4,4.1812,1.95,4.6975,74.075,0.0301,14.9375,0.1335,0.1051,FCC
4,5.2765,1.95,4.74,75.74,0.0284,13.186,0.1155,0.0903,FCC
1,3.6892,1.9,4.44,71.085,0.0332,17.6795,0.156,0.1233,FCC
1,3.949,1.9,4.535,75.995,0.0343,13.288,0.1323,0.0995,FCC
1,4.2691,1.9,4.5125,74.505,0.0344,15.1525,0.1403,0.1078,FCC
1,4.4898,1.9,4.49,73.015,0.0345,16.719,0.1458,0.1139,FCC
1,5.0467,1.9,4.5225,76.085,0.0312,13.324,0.125,0.0949,FCC
1,5.9857,1.9,4.49,76,0.0288,13.29,0.1181,0.0906,FCC
1,5.3761,1.9,4.5425,76.26,0.0306,13.394,0.1237,0.0939,FCC
1,4.9949,1.9,4.595,76.52,0.0316,13.498,0.1276,0.0961,FCC
4,6.283,1.9,4.51,76.175,0.0284,13.36,0.1171,0.0898,FCC
1,5.3027,1.9,4.52,74.77,0.0318,15.285,0.132,0.1023,FCC
4,4.4615,1.9,4.665,75.64,0.0311,15.72,0.1377,0.1057,FCC
1,4.218,1.85,4.45,74.315,0.0323,17.499,0.1486,0.1153,FCC
1,3.9703,1.85,4.4925,75.98,0.0348,15.89,0.1454,0.1101,FCC
1,4.8582,1.85,4.46,75.895,0.0315,15.8475,0.1375,0.1053,FCC
1,5.1122,1.85,4.48,76.07,0.0324,15.935,0.1375,0.1049,FCC
1,4.6499,1.85,4.6475,78.43,0.0354,14.434,0.1376,0.1004,FCC
1,4.4627,1.8,4.47,76.14,0.0332,18.594,0.1516,0.116,FCC
4,7.3973,1.8,4.4375,79.04,0.0272,15.338,0.1191,0.0893,FCC
1,6.3479,1.8,4.51,79.475,0.0316,15.565,0.1282,0.094,FCC
1,5.3352,1.75,4.5,79.545,0.0336,18.5995,0.1445,0.1072,FCC
1,6.3034,1.75,4.51,81.125,0.0323,17.215,0.1326,0.0958,FCC
1,5.4678,1.75,4.5625,81.385,0.0357,17.1365,0.14,0.0999,FCC
2,4.1757,1.95,4.5275,72.205,0.031,14.9525,0.1214,0.0964,FCC
1,3.9815,1.95,4.58,72.465,0.0323,15.0825,0.1249,0.098,FCC
1,3.8341,1.95,4.7375,73.245,0.0344,15.4725,0.127,0.0977,FCC
1,4.2489,1.95,4.6525,72.9,0.0321,15.3,0.1245,0.0971,FCC
1,3.7209,1.95,4.6625,71.495,0.0349,16.757,0.1408,0.1107,FCC
1,4.2943,1.95,4.5775,71.15,0.0326,16.55,0.134,0.1071,FCC
1,4.4691,1.95,4.5975,71.325,0.0315,16.655,0.1324,0.106,FCC
3,5.2923,1.95,4.765,73.685,0.0287,15.6925,0.1153,0.091,FCC
1,4.1088,1.9,4.705,74.81,0.0358,16.255,0.1338,0.1005,FCC
1,5.7176,1.9,4.535,74.12,0.0295,15.91,0.1193,0.0933,FCC
1,5.0326,1.9,4.64,74.64,0.0311,16.17,0.1267,0.0969,FCC
1,4.9861,1.85,4.495,75.42,0.0315,16.56,0.1269,0.0974,FCC
1,4.5376,1.85,4.5475,75.68,0.0344,16.69,0.1331,0.1005,FCC
1,5.2346,1.85,4.5875,76.03,0.0334,16.865,0.1307,0.0984,FCC
1,4.9194,1.85,4.64,76.29,0.0345,16.995,0.1343,0.1,FCC
1,5.9317,1.8,4.555,77.595,0.033,17.6475,0.1302,0.0972,FCC
4,6.1409,1.8,4.635,78.295,0.0305,18.027,0.126,0.0932,FCC
4,6.0509,1.75,4.4625,78.635,0.0286,18.6755,0.1262,0.096,FCC
1,3.7595,1.95,4.5525,70.15,0.0323,16.9,0.123,0.0989,FCC
1,3.6363,1.95,4.7625,71.19,0.0345,17.524,0.1268,0.098,FCC
1,3.9789,1.95,4.53,68.66,0.0329,17.882,0.1325,0.1085,FCC
1,4.4107,1.95,4.6975,71.02,0.0317,17.422,0.1222,0.0965,FCC
4,5.2524,1.95,4.79,71.63,0.0288,17.788,0.1149,0.0912,FCC
3,5.5358,1.95,4.7575,71.545,0.0275,17.737,0.1129,0.0906,FCC
4,5.8327,1.95,4.725,71.46,0.0258,17.686,0.1103,0.0896,FCC
1,4.9222,1.9,4.6125,72.325,0.0317,18.205,0.1252,0.0979,FCC
1,4.7564,1.9,4.665,72.585,0.0322,18.361,0.1276,0.0986,FCC
1,5.264,1.9,4.6325,72.5,0.0302,18.31,0.1233,0.0965,FCC
1,5.4797,1.85,4.58,73.89,0.0323,19.144,0.1265,0.0979,FCC
4,5.0393,1.85,4.6175,72.925,0.032,20.8675,0.1317,0.1042,FCC
4,6.3097,1.8,4.6275,76.155,0.0297,20.503,0.1217,0.0927,FCC
4,6.1209,1.75,4.6275,77.805,0.0326,21.493,0.1278,0.0953,FCC
1,3.2721,1.95,4.6825,68.615,0.0353,18.8005,0.1279,0.1009,FCC
1,3.7772,1.95,4.755,69.05,0.0335,19.105,0.1247,0.0977,FCC
1,4.1523,1.95,4.67,68.705,0.0319,18.8635,0.1221,0.0979,FCC
3,5.7282,1.95,4.75,69.405,0.0263,19.3535,0.1104,0.0903,FCC
2,6.0193,1.95,4.7175,69.32,0.0245,19.294,0.1073,0.0893,FCC
4,6.1115,1.9,4.685,70.885,0.0245,20.3895,0.1131,0.0915,FCC
4,5.9875,1.8,4.6525,74.1,0.0305,22.64,0.1235,0.0955,FCC
2,5.3108,1.95,4.8075,67.435,0.0276,20.678,0.1124,0.0908,FCC
2,5.5868,1.95,4.775,67.35,0.0266,20.61,0.1103,0.0906,FCC
3,5.8597,1.95,4.7425,67.265,0.0252,20.542,0.1076,0.09,FCC
2,6.1432,1.9,4.6775,68.745,0.0232,21.726,0.1093,0.091,FCC
4,4.8456,1.95,4.865,65.465,0.0273,21.6085,0.1131,0.0897,FCC
3,5.1362,1.95,4.8325,65.38,0.0272,21.532,0.1119,0.0903,FCC
4,5.4101,1.95,4.8,65.295,0.0266,21.4555,0.1101,0.0905,FCC
4,5.6704,1.95,4.7675,65.21,0.0255,21.379,0.1077,0.0903,FCC
3,5.9093,1.95,4.735,65.125,0.024,21.3025,0.1045,0.0896,FCC
1,3.0966,1.95,4.5575,78.035,0.0387,8.6545,0.2143,0.1541,FCC
1,3.3778,1.95,4.525,77.95,0.037,8.62,0.2115,0.1545,FCC
1,2.9441,1.95,4.5125,77.29,0.0348,9.458,0.1832,0.0825,FCC
1,2.7829,1.95,4.565,77.55,0.0358,9.51,0.1853,0.0851,FCC
1,3.2449,1.95,4.525,75.325,0.0332,12.5575,0.1792,0.0807,FCC
1,3.3377,1.95,4.4975,73.01,0.0329,15.124,0.1772,0.0812,FCC
2,2.1127,1.75,4.606,65.92,0.0829,32.36,0.3869,0.3758,IM
2,2.2735,1.7,4.4625,64.695,0.0795,38.6045,0.4531,0.3426,IM
2,2.1039,1.7,4.471,63.4,0.0847,38.88,0.5137,0.3207,IM
2,2.0235,1.75,4.496,63.9,0.0888,36.02,0.4591,0.3146,IM
3,2.0984,1.7,4.466,62.94,0.0861,38.328,0.5,0.3276,IM
2,1.9439,1.75,4.486,62.98,0.0842,35.008,0.4259,0.3231,IM
2,1.8997,1.7,4.496,61.345,0.0863,38.5085,0.5187,0.3178,IM
4,1.8125,1.75,4.491,59.235,0.0911,35.7655,0.5082,0.3218,IM
2,2.002,1.7,4.526,63.955,0.0876,38.436,0.4754,0.3096,IM
3,1.8935,1.75,4.521,61.845,0.0902,35.904,0.4627,0.3123,IM
3,1.7977,1.75,4.486,58.775,0.091,35.1675,0.4929,0.3283,IM
2,1.9899,1.7,4.4995,63.795,0.0927,37.644,0.5017,0.3002,IM
3,2.0037,1.7,4.521,63.495,0.0871,37.884,0.46,0.3152,IM
3,1.7384,1.8,4.511,59.275,0.088,32.82,0.4303,0.3186,IM
2,1.8304,1.7,4.4645,60.725,0.0935,37.1025,0.5311,0.3139,IM
3,1.8531,1.7,4.486,60.425,0.0878,37.3125,0.4899,0.3313,IM
4,1.5879,1.8,4.476,56.205,0.0902,31.8265,0.4622,0.3367,IM
3,1.7654,1.75,4.468,61.525,0.0993,34.32,0.5124,0.2931,IM
3,1.6587,1.8,4.506,58.815,0.0837,32.268,0.4123,0.322,IM
2,1.5682,1.8,4.511,55.07,0.0956,31.818,0.4986,0.3226,IM
3,1.6111,1.75,4.4895,57.02,0.0981,33.948,0.5375,0.3073,IM
3,1.7284,1.75,4.5195,59.63,0.0959,34.569,0.491,0.3012,IM
3,1.8569,1.75,4.5495,62.24,0.0913,34.668,0.4424,0.2907,IM
3,1.5588,1.75,4.4845,56.56,0.0974,33.304,0.5215,0.3153,IM
3,1.8816,1.7,4.528,64.19,0.0956,36.408,0.4832,0.2787,IM
3,1.5443,1.8,4.5095,57.06,0.0923,31.228,0.4572,0.3108,IM
3,1.5204,1.8,4.5445,55.925,0.1001,31.305,0.4948,0.2949,IM
2,1.7248,1.75,4.5795,60.645,0.0957,34.7785,0.4627,0.2822,IM
2,1.6457,1.8,4.5745,58.535,0.095,32.0355,0.4453,0.2851,IM
2,1.4986,1.8,4.5395,55.465,0.0972,30.661,0.4773,0.302,IM
2,1.6241,1.8,4.5695,58.075,0.0904,31.4375,0.4267,0.2904,IM
2,1.8126,1.75,4.578,62.635,0.0872,33.432,0.4174,0.2678,IM
2,1.523,1.8,4.5995,56.48,0.0962,30.972,0.4474,0.2825,IM
2,1.7263,1.75,4.608,61.04,0.0937,33.582,0.4383,0.2591,IM
3,1.6433,1.8,4.603,58.93,0.0901,30.839,0.4184,0.262,IM
1,2.5753,1.6,4.465,69.055,0.0648,43.445,0.3819,0.285,IM
2,1.8767,1.75,4.4765,58.68,0.0726,38.436,0.3969,0.2951,IM
2,2.8821,1.7,4.615,79.035,0.1078,41.965,0.5319,0.3127,IM
3,2.9519,1.8,4.6075,78.59,0.1117,41.52,0.5356,0.3531,IM
2,2.7561,1.85,4.5975,76.02,0.1064,38.95,0.499,0.375,IM
2,2.7606,1.75,4.6,76.005,0.1003,38.935,0.479,0.3457,IM
2,2.5206,1.8,4.625,72.3,0.1032,38.42,0.4798,0.3377,IM
2,2.6117,1.8,4.6225,75.615,0.1052,42.0665,0.5015,0.3744,IM
2,2.5534,1.75,4.625,73.95,0.1012,40.235,0.4808,0.3416,IM
2,2.5241,1.7,4.625,75.6,0.0992,42.05,0.4814,0.3453,IM
3,1.508,1.75,4.575,64.585,0.0959,39.422,0.4488,0.3206,IM
2,1.6378,1.8,4.485,61.41,0.1049,31.41,0.5332,0.3581,IM
3,1.746,1.75,4.53,64.4,0.1036,32.32,0.5773,0.3488,IM
2,1.6011,1.75,4.515,61.465,0.1034,33.5715,0.5497,0.3492,IM
2,1.7441,1.75,4.525,63.94,0.1048,31.86,0.5624,0.3598,IM
3,1.7529,1.75,4.5375,64.56,0.104,32.48,0.5229,0.3416,IM
3,1.5537,1.7,4.5225,63.275,0.0981,35.5625,0.4921,0.327,IM
2,1.6186,1.75,4.58,63.585,0.1045,33.8235,0.5012,0.2992,IM
4,1.5986,1.75,4.5625,62.505,0.1053,32.6355,0.526,0.3381,IM
2,1.6185,1.75,4.575,63.125,0.1021,33.3175,0.4842,0.307,IM
4,1.6418,1.7,4.575,64.775,0.0995,35.1325,0.4831,0.3103,IM
3,1.4931,1.75,4.565,62.205,0.094,32.3055,0.4487,0.3206,IM
2,1.637,1.75,4.61,63.545,0.105,31.6995,0.4991,0.3267,IM
2,1.4227,1.8,4.595,58.96,0.1019,30.592,0.469,0.3081,IM
2,2.3212,1.75,4.47,62.515,0.0823,30.651,0.4723,0.2788,IM
2,1.7145,1.75,4.47,63.765,0.1034,34.3015,0.5096,0.2467,IM
2,1.6671,1.9,4.5705,60.54,0.0884,30.918,0.4176,0.3574,IM
2,1.6014,1.75,4.4695,56.635,0.0902,30.6055,0.4604,0.3165,IM
2,1.6095,1.75,4.491,56.335,0.0826,30.8155,0.418,0.3231,IM
3,1.7322,1.65,4.468,59.175,0.0915,32.1275,0.4745,0.2933,IM
3,1.6384,1.7,4.4695,58.285,0.0879,32.7505,0.4592,0.3193,IM
2,1.5699,1.7,4.503,59.14,0.0893,32.152,0.4545,0.2928,IM
3,1.6601,1.75,4.467,59.685,0.0911,32.712,0.4796,0.3633,IM
1,2.4342,1.9,4.583,61.735,0.0461,24.0385,0.1849,0.1783,BCC+FCC
1,2.5284,1.9,4.593,63.315,0.0428,24.435,0.1753,0.1716,BCC+FCC
1,2.1353,1.9,4.5945,61.985,0.0451,25.765,0.1868,0.191,BCC+FCC
1,1.9281,1.95,4.6195,58.28,0.0441,23.848,0.1854,0.1927,BCC+FCC
1,2.3067,1.9,4.608,59.68,0.0471,23.706,0.1873,0.1812,BCC+FCC
1,1.9099,1.95,4.6245,56.05,0.0449,22.96,0.1876,0.1951,BCC+FCC
1,1.8447,1.95,4.6445,56.225,0.0449,23.17,0.1871,0.1947,BCC+FCC
2,1.8361,1.7,4.4895,61.405,0.0701,33.8665,0.3875,0.323,IM
2,1.6621,1.75,4.5145,57.7,0.0735,30.78,0.392,0.3195,IM
2,1.5191,1.75,4.4785,56.91,0.0816,33.713,0.4245,0.3322,IM
3,1.5077,1.7,4.4645,58.375,0.0842,35.9875,0.4462,0.3182,IM
2,1.5438,1.8,4.5755,59.58,0.0738,30.736,0.357,0.2572,IM
4,1.8264,1.85,4.515,63.89,0.1139,32.488,0.5382,0.3447,IM
2,1.785,1.85,4.495,64.95,0.1155,34.94,0.5635,0.3433,IM
4,1.668,1.7,4.4725,58.785,0.1116,31.079,0.572,0.3044,IM
3,1.7813,1.7,4.5025,61.395,0.1068,31.5235,0.5241,0.3072,IM
2,1.9191,1.7,4.5325,64.005,0.0994,31.446,0.4748,0.3075,IM
2,1.7125,1.7,4.4825,62.455,0.1084,34.0815,0.5489,0.3114,IM
3,1.7321,1.85,4.54,61.835,0.1149,32.1655,0.5398,0.3404,IM
2,1.924,1.85,4.57,64.445,0.107,32.044,0.4895,0.3477,IM
2,1.8693,1.85,4.55,65.505,0.1093,34.496,0.5155,0.3474,IM
4,1.5512,1.75,4.5075,58.75,0.1118,31.1,0.5513,0.3035,IM
2,1.7105,1.85,4.4925,63.265,0.1019,32.038,0.5041,0.3248,IM
2,1.7516,1.85,4.51,63.405,0.1053,35.857,0.5481,0.3677,IM
2,1.7634,1.85,4.52,64.985,0.1085,36.5605,0.545,0.357,IM
2,1.7977,1.9,4.565,62.31,0.1021,33.214,0.5002,0.3679,IM
2,2.0081,1.9,4.585,63.34,0.0924,32.596,0.4534,0.3848,IM
2,2.0912,1.9,4.595,64.92,0.0935,33.306,0.4488,0.3745,IM
2,2.3823,1.9,4.615,65.95,0.0832,32.585,0.4004,0.3895,IM
2,1.5145,1.9,4.4625,61.67,0.1077,31.997,0.5124,0.3319,IM
3,1.598,1.85,4.4625,63.32,0.1057,33.812,0.5129,0.3353,IM
3,1.6332,1.85,4.5175,63.875,0.0973,33.3125,0.4643,0.3309,IM
3,1.7345,1.9,4.5825,66.07,0.0949,35.587,0.436,0.388,IM
3,1.5056,1.9,4.5775,61.405,0.1059,35.7665,0.4892,0.3817,IM
2,1.5658,1.9,4.57,61.89,0.1088,35.427,0.5068,0.3692,IM
2,1.7504,1.9,4.6,64.5,0.0988,35.3,0.4553,0.3742,IM
3,1.5991,1.85,4.57,63.54,0.1068,37.572,0.5078,0.3728,IM
3,1.6203,1.85,4.5625,64.025,0.1097,37.2325,0.5253,0.3582,IM
2,1.4545,1.85,4.5675,59.765,0.0989,32.6645,0.4673,0.3242,IM
3,1.5525,1.6,4.4775,57.825,0.101,30.705,0.5153,0.2424,IM
2,2.7192,1.6,4.606,75.085,0.0656,38.675,0.347,0.277,IM
2,2.6371,1.65,4.6245,72.25,0.0677,36.365,0.3327,0.2569,IM
2,2.7705,1.6,4.6395,75.94,0.0706,37.82,0.3487,0.2533,IM
3,1.309,1.75,4.4795,62.05,0.1037,35.605,0.5675,0.3269,IM
3,1.6651,1.7,4.466,61.635,0.0912,37.872,0.5294,0.3451,IM
2,1.5537,1.7,4.507,64.63,0.0981,37.333,0.5322,0.3181,IM
3,1.6776,1.7,4.526,62.65,0.0918,37.98,0.5034,0.3285,IM
2,1.5454,1.7,4.478,62.79,0.1032,36.948,0.5687,0.2965,IM
3,1.589,1.7,4.4995,62.49,0.0969,37.188,0.5282,0.3183,IM
3,1.5125,1.75,4.5775,59.105,0.0919,36.1965,0.4837,0.3309,IM
3,1.6623,1.7,4.5695,64.425,0.0985,38.4,0.5335,0.2856,IM
4,1.6731,1.7,4.591,64.125,0.0935,38.64,0.4926,0.304,IM
2,1.6281,1.7,4.543,64.265,0.1038,37.608,0.5578,0.2714,IM
2,1.6783,1.7,4.586,63.665,0.0925,38.088,0.4761,0.3101,IM
3,1.3162,1.8,4.5785,56.92,0.1001,32.756,0.4978,0.3233,IM
3,1.4377,1.75,4.5705,62.24,0.1084,35.178,0.5472,0.2733,IM
3,1.6608,1.7,4.497,60.81,0.0962,37.213,0.5397,0.3105,IM
4,1.5452,1.7,4.4705,60.65,0.102,36.405,0.5645,0.2967,IM
3,1.4994,1.75,4.57,56.965,0.0905,35.071,0.4792,0.331,IM
3,1.4937,1.75,4.611,59.96,0.0971,35.598,0.4801,0.3045,IM
3,1.2186,1.8,4.569,58.375,0.1166,31.7375,0.5701,0.2488,IM
3,1.277,1.8,4.5905,58.075,0.1097,31.9475,0.5304,0.2753,IM
2,3.6598,1.75,4.7275,80.285,0.0807,36.085,0.3686,0.3817,IM
2,2.5013,1.7,4.675,78.745,0.1101,41.675,0.5252,0.3159,IM
4,3.0291,1.6,4.685,79.52,0.0737,31.48,0.3681,0.3042,IM
3,1.6964,1.75,4.565,64.53,0.1167,30.983,0.6043,0.278,IM
3,1.3026,1.8,4.595,64.265,0.1146,31.8785,0.5737,0.3379,IM
2,1.6327,1.75,4.5175,65.125,0.1047,32.6525,0.5978,0.367,IM
3,1.3052,1.75,4.6025,66.075,0.1073,33.5075,0.5132,0.318,IM
2,1.4938,1.75,4.56,64.15,0.1068,34.15,0.5781,0.3357,IM
2,1.4983,1.75,4.5,60.51,0.102,34.601,0.5797,0.3564,IM
4,1.4906,1.75,4.555,63.69,0.1074,33.69,0.5623,0.3453,IM
3,1.622,1.75,4.565,66.165,0.1088,31.5085,0.5748,0.3554,IM
2,1.5343,1.7,4.5725,66.42,0.1041,36.42,0.5362,0.3099,IM
2,1.3104,1.8,4.5825,61.665,0.1123,31.665,0.5532,0.3475,IM
2,1.5071,1.7,4.5675,65.96,0.1032,35.96,0.5201,0.3173,IM
3,1.3277,1.75,4.595,63.935,0.1062,33.935,0.5101,0.3181,IM
3,1.5879,1.7,4.5175,64.795,0.1016,34.795,0.5364,0.3611,IM
2,1.5189,1.7,4.565,64.28,0.1027,36.668,0.5318,0.31,IM
2,1.313,1.8,4.575,59.525,0.1111,31.4375,0.5498,0.3477,IM
2,1.3301,1.75,4.5875,61.795,0.1051,33.9345,0.5068,0.3183,IM
3,1.5269,1.7,4.6075,64.86,0.1017,35.226,0.4896,0.3071,IM
2,2.3119,1.75,4.4725,63.535,0.0821,31.129,0.4908,0.2822,IM
2,1.6531,1.75,4.6175,64.995,0.0963,32.054,0.4689,0.2393,IM
3,1.5345,1.6,4.4795,62.805,0.0939,34.0055,0.518,0.3153,IM
3,1.589,1.75,4.469,63.88,0.1118,30.74,0.607,0.3433,IM
3,1.5592,1.75,4.4995,59.37,0.0822,32.331,0.4504,0.3366,IM
3,1.6777,1.75,4.5195,60.4,0.0733,31.61,0.4019,0.3275,IM
2,1.6366,1.7,4.508,63.93,0.0806,34.196,0.4421,0.3164,IM
2,1.6656,1.7,4.5295,63.63,0.0731,34.436,0.3991,0.3218,IM
3,1.6396,1.7,4.592,66.325,0.0657,33.9675,0.3511,0.2957,IM
3,1.6582,1.75,4.5745,60.955,0.0667,31.2215,0.3509,0.3012,IM
3,1.5972,1.7,4.5675,63.81,0.1183,34.593,0.5994,0.3326,IM
3,1.2197,1.7,4.535,57.63,0.1054,34.669,0.5248,0.3249,IM
3,1.256,1.7,4.5925,62.34,0.1,36.588,0.4736,0.3209,IM
2,1.5024,1.85,4.475,62.6,0.1255,31.08,0.6889,0.3136,IM
3,1.5045,1.8,4.4875,64.87,0.1218,33.577,0.6453,0.3206,IM
3,1.5359,1.9,4.625,64.4,0.124,33.24,0.5879,0.3386,IM
2,1.5007,1.85,4.545,62.415,0.1013,31.3195,0.5235,0.338,IM
4,1.6287,1.85,4.565,63.445,0.0924,30.5985,0.4773,0.3502,IM
3,1.4006,1.85,4.5875,64.08,0.1062,32.066,0.5226,0.3231,IM
2,1.6458,1.8,4.5125,63.98,0.0965,33.354,0.5191,0.3456,IM
3,1.5058,1.85,4.5375,60.275,0.1003,30.525,0.5208,0.3382,IM
3,1.4151,1.85,4.58,61.94,0.1052,31.652,0.5204,0.3233,IM
3,1.5605,1.85,4.6,62.97,0.0955,30.931,0.4742,0.3364,IM
4,1.5324,1.8,4.5475,63.505,0.1009,33.6865,0.5176,0.3311,IM
3,2.5143,1.9,4.7025,77.39,0.104,41.009,0.4892,0.4155,IM
2,1.4083,1.85,4.5725,59.8,0.1043,30.81,0.5181,0.3235,IM
4,1.271,1.85,4.5825,59.99,0.0891,33.017,0.4336,0.3469,IM
4,1.5602,1.85,4.6075,63.02,0.0762,30.896,0.3726,0.3516,IM
3,1.5404,1.8,4.5625,63.07,0.0779,33.991,0.3976,0.3531,IM
4,1.7071,1.8,4.575,64.585,0.0714,32.9305,0.3666,0.3554,IM
4,1.8945,1.8,4.5875,66.1,0.0649,31.87,0.334,0.3577,IM
3,1.6252,1.8,4.6175,66.25,0.0745,33.46,0.3691,0.3459,IM
4,1.5678,1.75,4.5725,66.3,0.0772,36.55,0.3946,0.3474,IM
3,1.7615,1.75,4.585,67.815,0.0702,35.338,0.3634,0.3498,IM
3,1.6314,1.8,4.61,64.11,0.0735,33.263,0.3658,0.3459,IM
3,1.5532,1.6,4.47,59.45,0.1,31.075,0.5523,0.3269,IM
2,1.5916,1.6,4.4725,60.98,0.0981,32.828,0.5263,0.3318,IM
2,1.6087,1.6,4.465,58.84,0.0969,32.318,0.5209,0.3319,IM
3,1.5478,1.6,4.5675,63.06,0.097,30.956,0.4775,0.3133,IM
2,1.3184,1.7,4.5975,64.09,0.0967,31.94,0.4667,0.3216,IM
2,1.3436,1.75,4.59,62.39,0.0897,31.559,0.4421,0.333,IM
3,1.4945,1.75,4.5175,63.765,0.1109,30.855,0.5661,0.3442,IM
2,1.2619,1.75,4.5775,63.5,0.1011,32.53,0.4921,0.3319,IM
2,1.2631,1.75,4.57,61.36,0.1002,32.486,0.4892,0.3321,IM
2,1.6641,1.75,4.5805,62.205,0.1035,38.387,0.5265,0.335,IM
3,1.9365,1.65,4.466,54.735,0.084,32.6425,0.5256,0.3241,IM
2,2.0481,1.6,4.468,63.725,0.0916,39.2225,0.5557,0.2801,IM
4,1.6544,1.7,4.4795,55,0.095,32.51,0.556,0.3047,IM
3,1.6718,1.7,4.501,54.7,0.09,32.66,0.515,0.3235,IM
3,1.5996,1.7,4.4745,54.54,0.0958,31.82,0.541,0.3129,IM
3,1.4933,1.7,4.508,55.395,0.1017,31.3925,0.5395,0.2838,IM
2,2.4442,1.7,4.5845,65.74,0.0719,32.688,0.3802,0.3833,IM
2,2.56,1.6,4.607,71.24,0.065,37.368,0.3296,0.328,IM
2,2.2626,1.75,4.4755,64.565,0.0936,30.915,0.6432,0.3453,IM
2,2.1908,1.7,4.4655,64.385,0.0962,34.2435,0.5967,0.3485,IM
4,1.9216,1.75,4.4955,61.14,0.0988,32.748,0.6197,0.328,IM
4,1.6741,1.75,4.477,56.4,0.0972,33.08,0.5762,0.3343,IM
2,1.9729,1.7,4.508,63.41,0.0982,35.472,0.5788,0.3226,IM
4,1.7294,1.75,4.468,58.23,0.1033,32.149,0.596,0.3361,IM
3,1.6188,1.75,4.472,55.94,0.0982,32.436,0.5612,0.3442,IM
2,1.9954,1.7,4.499,65.24,0.1045,33.474,0.5988,0.3189,IM
3,1.7697,1.7,4.4855,60.96,0.1,35.698,0.5698,0.3127,IM
3,1.7837,1.7,4.4765,62.79,0.1059,34.128,0.5892,0.3145,IM
4,1.8878,1.7,4.568,64.425,0.0997,35.58,0.5536,0.3119,IM
2,1.7617,1.75,4.524,61.535,0.1091,31.512,0.6046,0.3104,IM
2,1.7057,1.75,4.528,59.245,0.104,32.3585,0.5698,0.3261,IM
2,1.8997,1.7,4.563,63.965,0.1001,35.028,0.538,0.323,IM
3,1.5916,1.75,4.5015,59.085,0.11,31.5505,0.5941,0.3062,IM
4,1.5122,1.75,4.5055,56.795,0.1044,31.923,0.5594,0.3156,IM
3,1.8045,1.7,4.5365,63.805,0.1057,34.236,0.5625,0.3041,IM
3,1.8195,1.7,4.5965,64.82,0.1055,34.344,0.5349,0.2928,IM
3,1.6241,1.75,4.463,55.225,0.0873,35.1725,0.5333,0.3729,IM
2,1.57,1.7,4.4755,57.495,0.0866,38.1235,0.4939,0.3206,IM
3,1.6539,1.7,4.4895,57.68,0.0833,37.994,0.4716,0.3366,IM
3,2.2547,1.75,4.4895,58.435,0.0751,31.7125,0.4516,0.3256,IM
2,1.9914,1.75,4.471,56.075,0.0802,32.8925,0.5019,0.341,IM
2,2.332,1.7,4.5045,62.125,0.0771,36.025,0.4644,0.3142,IM
2,1.9963,1.7,4.486,59.765,0.0805,37.441,0.5141,0.3277,IM
2,2.0925,1.75,4.4645,56.945,0.0811,31.5375,0.4841,0.3331,IM
3,2.2277,1.75,4.4845,57.975,0.0739,31.0225,0.4373,0.3297,IM
4,1.9674,1.75,4.466,55.615,0.081,32.2025,0.4885,0.347,IM
2,2.3243,1.7,4.4995,61.665,0.0767,35.381,0.4505,0.3193,IM
3,2.1709,1.65,4.4945,64.325,0.0837,39.7225,0.5094,0.3064,IM
3,2.0991,1.7,4.4745,60.175,0.0827,35.355,0.4829,0.3267,IM
3,1.9394,1.7,4.476,58.845,0.0828,36.153,0.4873,0.3407,IM
3,2.2865,1.7,4.488,62.075,0.0708,33.295,0.4156,0.3129,IM
2,2.1085,1.65,4.478,64.275,0.0817,36.9975,0.4617,0.3116,IM
2,1.9885,1.75,4.5245,57.96,0.0809,31.95,0.4594,0.3142,IM
2,2.0426,1.7,4.5395,61.65,0.0835,36.31,0.4728,0.302,IM
3,1.67,1.75,4.4795,55.44,0.0931,32.29,0.5367,0.3176,IM
3,1.8294,1.75,4.4995,56.47,0.0869,31.775,0.4908,0.321,IM
2,1.8608,1.7,4.5145,60.16,0.0892,36.284,0.5042,0.3075,IM
3,2.0437,1.7,4.5345,61.19,0.0825,35.666,0.4577,0.3077,IM
2,1.6132,1.75,4.4745,54.98,0.0929,31.6,0.5214,0.3254,IM
4,1.9619,1.7,4.508,61.03,0.0875,34.842,0.484,0.2996,IM
3,2.0396,1.75,4.578,59.845,0.0783,31.0075,0.4111,0.2819,IM
3,1.7709,1.75,4.5595,57.485,0.0867,32.1875,0.4644,0.3023,IM
4,1.6754,1.75,4.528,56.865,0.0888,30.6575,0.4729,0.3002,IM
3,1.7325,1.7,4.543,60.555,0.0927,35.127,0.4873,0.2863,IM
3,1.5405,1.75,4.568,56.85,0.0967,31.585,0.4912,0.2798,IM
4,1.7127,1.75,4.588,57.88,0.0886,31.07,0.4441,0.2803,IM
3,1.7205,1.7,4.4785,56.36,0.0823,37.644,0.4752,0.3198,IM
3,1.7726,1.7,4.471,56.845,0.0841,37.353,0.4946,0.3326,IM
3,1.7824,1.7,4.4635,57.33,0.0859,37.062,0.5139,0.3381,IM
2,1.9402,1.65,4.477,62.35,0.0874,40.185,0.5222,0.3109,IM
2,1.4994,1.7,4.467,55.23,0.0843,37.402,0.4643,0.2765,IM
2,1.6884,1.7,4.4445,56.685,0.0902,36.529,0.5221,0.3272,IM
3,1.6427,1.7,4.4735,55.9,0.0826,37,0.4612,0.3202,IM
2,1.7235,1.65,4.473,60.735,0.088,40.3955,0.4922,0.2823,IM
3,2.0174,1.6,4.493,66.425,0.0881,42.14,0.4977,0.2859,IM
3,1.6349,1.65,4.468,60.275,0.0878,39.7975,0.478,0.2834,IM
3,1.7629,1.65,4.4745,60.945,0.0859,39.3285,0.4747,0.316,IM
4,1.517,1.75,4.482,52.955,0.0924,33.5325,0.5259,0.3111,IM
3,1.5455,1.75,4.4745,53.44,0.0941,33.29,0.5448,0.3157,IM
3,1.5489,1.75,4.496,53.14,0.0891,33.44,0.5037,0.3279,IM
3,1.5475,1.75,4.51,53.325,0.0858,33.3475,0.4812,0.3442,IM
3,1.685,1.7,4.5095,58.16,0.0906,37.484,0.5122,0.3023,IM
2,1.4654,1.75,4.477,52.495,0.0928,32.8425,0.5112,0.3151,IM
3,1.4928,1.75,4.4695,52.98,0.0948,32.6,0.5299,0.3218,IM
3,1.4963,1.75,4.491,52.68,0.0891,32.75,0.4887,0.3317,IM
4,1.5289,1.7,4.498,57.03,0.0926,37.242,0.5009,0.2783,IM
3,1.5906,1.7,4.4905,57.515,0.0946,36.951,0.5198,0.2897,IM
4,1.6562,1.7,4.497,58.185,0.0929,36.549,0.5163,0.3117,IM
2,1.2683,1.75,4.4655,51.365,0.0941,32.4875,0.4996,0.2837,IM
2,1.4636,1.7,4.493,56.57,0.092,36.598,0.4858,0.2799,IM
2,1.5278,1.7,4.507,56.755,0.0879,36.487,0.463,0.2973,IM
4,1.5756,1.7,4.4995,57.24,0.0901,36.196,0.482,0.3115,IM
2,1.585,1.7,4.492,57.725,0.0923,35.905,0.5008,0.3179,IM
2,1.5827,1.7,4.543,59.015,0.0972,36.971,0.5127,0.2743,IM
2,1.5499,1.7,4.538,58.555,0.0962,36.327,0.4966,0.2802,IM
2,1.3094,1.75,4.498,53.375,0.0989,31.4825,0.5122,0.3008,IM
2,1.497,1.7,4.5255,58.58,0.0965,35.392,0.4986,0.2905,IM
4,1.532,1.7,4.598,59.57,0.096,36.638,0.4689,0.2573,IM
3,1.8697,1.7,4.575,65.65,0.1126,39.65,0.5772,0.3228,IM
2,2.488,1.65,4.5825,72.83,0.0889,40.346,0.463,0.3193,IM
2,2.8795,1.6,4.51,76.03,0.0682,41.633,0.386,0.3531,IM
2,1.6921,1.75,4.52,61.9,0.0841,37.65,0.4471,0.349,IM
3,1.5003,1.8,4.545,58.195,0.0875,34.2425,0.4536,0.3445,IM
2,1.668,1.8,4.5575,59.71,0.0822,33.485,0.4249,0.347,IM
2,1.5286,1.75,4.555,61.425,0.0891,37.935,0.4514,0.3385,IM
2,1.726,1.75,4.5675,62.94,0.0832,37.026,0.4225,0.341,IM
2,2.6618,1.7,4.61,75.885,0.1024,42.3635,0.4986,0.3356,IM
2,1.8969,1.6,4.4775,58.54,0.0869,33.772,0.5646,0.3057,IM
2,1.8805,1.7,4.4675,60.88,0.0945,32.858,0.5953,0.3684,IM
2,1.8858,1.6,4.4725,58.08,0.0907,33.174,0.5536,0.3133,IM
2,2.0476,1.6,4.4825,60.555,0.0918,32.296,0.5668,0.337,IM
4,1.848,1.65,4.465,59.02,0.0956,32.604,0.5623,0.3563,IM
2,1.9911,1.65,4.475,61.495,0.0968,31.3845,0.5754,0.3684,IM
2,1.8271,1.6,4.4675,57.62,0.0934,32.576,0.5416,0.3202,IM
3,1.9872,1.6,4.4775,60.095,0.0947,31.744,0.5547,0.3463,IM
3,1.8875,1.6,4.4825,61.75,0.0926,35.88,0.5356,0.3188,IM
3,1.8395,1.55,4.475,58.235,0.0941,31.2255,0.5211,0.3175,IM
2,1.8041,1.65,4.475,62.69,0.0966,34.849,0.5434,0.3621,IM
2,1.856,1.6,4.4925,65.42,0.0932,37.852,0.5166,0.3242,IM
2,1.7665,1.6,4.4875,64.96,0.0936,37.346,0.5029,0.3305,IM
3,1.6525,1.7,4.51,59.905,0.0973,33.736,0.58,0.337,IM
3,1.599,1.7,4.5,58.985,0.1011,32.632,0.5524,0.3555,IM
3,1.8082,1.6,4.5875,64.75,0.0992,35.32,0.5271,0.2807,IM
2,1.6597,1.65,4.57,63.215,0.1004,35.628,0.5196,0.3001,IM
2,2.4591,1.6,4.475,63.745,0.089,34.133,0.5216,0.2469,IM
2,2.246,1.55,4.465,62.385,0.0915,33.109,0.5125,0.2491,IM
2,1.9631,1.75,4.4725,60.39,0.0992,30.686,0.562,0.2901,IM
2,1.9796,1.75,4.47,61.35,0.1045,30.885,0.6017,0.295,IM
2,1.9024,1.7,4.4775,63.16,0.0994,33.238,0.5444,0.2934,IM
3,1.8696,1.75,4.52,60.44,0.0887,31.522,0.4811,0.3393,IM
2,1.8612,1.75,4.5175,61.4,0.095,31.62,0.5211,0.3618,IM
2,1.8058,1.75,4.5125,60.94,0.0943,31.068,0.5062,0.3704,IM
4,1.8862,1.7,4.53,63.67,0.0902,34.344,0.4794,0.3328,IM
2,1.6982,1.7,4.52,62.75,0.0849,33.24,0.4477,0.3445,IM
4,1.7741,1.75,4.5675,63.86,0.1025,31.096,0.5543,0.3476,IM
2,1.6706,1.75,4.555,59.965,0.0939,31.8545,0.4859,0.327,IM
4,1.8673,1.75,4.5675,61.48,0.0875,30.794,0.4579,0.3297,IM
2,1.6343,1.75,4.5525,60.925,0.1008,32,0.5262,0.3484,IM
2,1.8427,1.75,4.565,62.44,0.0957,30.788,0.4987,0.3511,IM
2,1.6975,1.7,4.57,63.655,0.0971,35.276,0.4998,0.313,IM
2,1.6074,1.75,4.5525,58.545,0.0838,30.873,0.428,0.2848,IM
2,1.6844,1.7,4.5675,62.235,0.0876,34.8055,0.4426,0.2761,IM
2,1.5342,1.75,4.545,59.045,0.0887,30.6585,0.4528,0.3393,IM
2,1.4883,1.75,4.59,59.49,0.0992,32.187,0.4885,0.3142,IM
2,1.8924,1.7,4.465,64.575,0.101,33.605,0.5829,0.3727,IM
3,1.7272,1.75,4.495,61.33,0.1037,32.453,0.6058,0.354,IM
3,1.8232,1.75,4.4875,61.815,0.1054,32.0165,0.6247,0.3383,IM
4,1.6765,1.75,4.49,60.87,0.1055,31.947,0.5914,0.3652,IM
3,1.822,1.75,4.475,61.84,0.1095,31.074,0.6287,0.3335,IM
2,1.7498,1.7,4.5075,63.6,0.1022,34.95,0.565,0.3437,IM
2,1.8502,1.7,4.5,64.085,0.1042,34.5135,0.5837,0.3321,IM
2,1.9089,1.7,4.4925,64.57,0.1062,34.077,0.6023,0.3179,IM
2,1.6737,1.75,4.4775,60.895,0.1086,31.0045,0.5949,0.3621,IM
2,1.5232,1.7,4.4925,60.665,0.1011,35.828,0.5374,0.3338,IM
3,1.681,1.7,4.5025,63.14,0.1026,34.444,0.5501,0.3536,IM
4,1.8341,1.7,4.4875,64.11,0.1071,33.571,0.5872,0.3298,IM
2,1.6684,1.7,4.49,63.165,0.1045,33.5015,0.5532,0.3535,IM
3,1.7211,1.7,4.4825,63.65,0.1069,33.065,0.5715,0.3413,IM
4,1.549,1.75,4.5325,59.895,0.1068,32.824,0.5718,0.3364,IM
3,1.638,1.75,4.525,60.38,0.1088,32.436,0.5902,0.3243,IM
3,1.7573,1.75,4.535,62.855,0.1102,31.0805,0.6028,0.3255,IM
3,1.7857,1.75,4.5275,63.34,0.1122,30.644,0.6211,0.3071,IM
3,1.5052,1.75,4.5275,59.435,0.1068,32.272,0.5561,0.3465,IM
4,1.5917,1.75,4.52,59.92,0.109,31.884,0.5743,0.3354,IM
3,1.641,1.75,4.5125,60.405,0.1113,31.496,0.5925,0.3218,IM
3,1.6495,1.75,4.505,60.89,0.1135,31.108,0.6107,0.3056,IM
3,1.5687,1.7,4.545,62.165,0.1031,35.548,0.5299,0.3151,IM
3,1.6624,1.7,4.5375,62.65,0.1053,35.16,0.5483,0.3087,IM
4,1.5063,1.75,4.515,59.46,0.1082,31.332,0.558,0.3462,IM
4,1.6517,1.7,4.525,62.675,0.1066,34.22,0.5502,0.3096,IM
4,1.5413,1.75,4.58,60.935,0.1088,31.992,0.547,0.3245,IM
4,1.6191,1.75,4.5725,61.42,0.1111,31.604,0.565,0.3117,IM
3,1.5876,1.7,4.5925,63.205,0.1031,34.716,0.5042,0.304,IM
4,1.6725,1.7,4.585,63.69,0.1055,34.328,0.5223,0.2967,IM
2,1.9853,1.75,4.465,60.835,0.0949,31.309,0.5205,0.2624,IM
3,2.1807,1.7,4.465,62.165,0.0837,34.161,0.477,0.2737,IM
2,1.7163,1.7,4.467,58.31,0.0739,33.714,0.4171,0.3285,IM
3,2.0806,1.75,4.485,63.65,0.1113,31.02,0.6773,0.3475,IM
2,2.2631,1.65,4.4675,61.39,0.0839,30.805,0.4746,0.3552,IM
2,1.9178,1.75,4.4825,60.765,0.0863,31.1175,0.4853,0.3584,IM
3,1.7843,1.7,4.4625,59.295,0.1012,31.8525,0.5514,0.3334,IM
2,1.7339,1.65,4.4625,58.855,0.1049,32.0725,0.5712,0.3195,IM
2,1.9446,1.7,4.4925,63.995,0.0873,34.553,0.4829,0.3517,IM
3,1.7195,1.7,4.465,57.345,0.0833,32.8275,0.4516,0.3512,IM
3,1.5808,1.65,4.465,56.37,0.1043,33.315,0.5613,0.3341,IM
2,1.9694,1.8,4.475,64.085,0.1069,30.962,0.5855,0.3701,IM
3,1.6451,1.75,4.4625,63.325,0.111,36.11,0.5982,0.3661,IM
2,1.4901,1.85,4.475,57.35,0.1187,30.635,0.6451,0.3564,IM
3,1.5991,1.75,4.475,60.92,0.0934,36.398,0.4999,0.3643,IM
2,1.699,1.75,4.495,61.95,0.0833,35.78,0.4531,0.3681,IM
3,1.592,1.7,4.475,59.035,0.1056,30.752,0.5592,0.3573,IM
3,1.5401,1.6,4.49,59.905,0.0966,33.6765,0.497,0.2935,IM
2,1.5886,1.6,4.4825,60.39,0.0992,33.337,0.5155,0.2956,IM
4,4.7504,1.9,4.839,73.505,0.0392,17.5725,0.1799,0.1274,FCC
4,5.0514,1.9,4.8315,71.365,0.0382,19.599,0.1789,0.1273,FCC
4,5.4139,1.9,4.799,71.28,0.0372,19.548,0.1783,0.1281,FCC
4,5.8157,1.9,4.7665,71.195,0.0356,19.497,0.1774,0.1287,FCC
4,4.6195,1.9,4.889,69.395,0.0382,21.3165,0.1783,0.1246,FCC
2,4.9574,1.9,4.8565,69.31,0.038,21.257,0.1783,0.126,FCC
4,5.3107,1.9,4.824,69.225,0.0373,21.1975,0.1778,0.1272,FCC
2,4.4693,1.9,4.914,67.34,0.0373,22.572,0.1774,0.1229,FCC
1,4.8148,1.9,4.8815,67.255,0.0375,22.504,0.1775,0.1246,FCC
3,5.1638,1.9,4.849,67.17,0.0372,22.436,0.1773,0.1259,FCC
4,5.9225,1.9,4.784,67,0.035,22.3,0.1756,0.1279,FCC
4,1632.067,1.8,4.734,63.41,0.037,22.65,0.181,0.128,FCC
4,4.2573,1.9,4.939,65.285,0.0362,23.4165,0.1764,0.1209,FCC
2,4.6229,1.9,4.9065,65.2,0.0367,23.34,0.1767,0.1228,FCC
3,4.9756,1.9,4.874,65.115,0.0368,23.2635,0.1766,0.1245,FCC
4,5.3314,1.9,4.8415,65.03,0.0363,23.187,0.1762,0.1258,FCC
3,6.8096,1.85,4.8075,65.835,0.039,22.1315,0.2031,0.0669,FCC
3,7.312,1.85,4.775,65.75,0.0372,22.055,0.2021,0.0694,FCC
3,21.3615,1.8,4.75,63.955,0.0382,22.105,0.2046,0.0695,FCC
3,6.9836,1.85,4.8,63.695,0.038,22.535,0.2019,0.0667,FCC
4,42.0887,1.85,4.7875,75.095,0.0383,15.0175,0.17,0.0956,FCC
4,9.1637,1.9,4.8375,74.835,0.037,15.5775,0.1668,0.0941,FCC
4,9.0581,1.9,4.8625,72.78,0.0365,17.788,0.166,0.0923,FCC
4,28.3536,1.85,4.8375,70.985,0.0373,19.0795,0.1682,0.0923,FCC
2,25.846,1.75,4.885,67.65,0.0364,20.815,0.1693,0.085,FCC
3,8.5502,1.75,4.755,67.31,0.0388,20.509,0.1727,0.0941,FCC
4,8.8614,1.9,4.8875,70.725,0.0357,19.5875,0.1651,0.0901,FCC
4,18.7071,1.85,4.895,69.015,0.0358,20.562,0.1667,0.0877,FCC
3,24.4697,1.85,4.8625,68.93,0.0364,20.494,0.1672,0.0902,FCC
4,35.7084,1.85,4.83,68.845,0.0364,20.426,0.1674,0.0922,FCC
3,25.4143,1.8,4.805,67.05,0.0372,20.965,0.1696,0.0923,FCC
3,21.6332,1.75,4.8775,65.51,0.0356,21.4,0.1691,0.0849,FCC
4,12.094,1.75,4.8125,65.34,0.0377,21.23,0.1712,0.0903,FCC
4,9.6445,1.75,4.78,65.255,0.038,21.145,0.1717,0.0923,FCC
3,7.8354,1.75,4.7475,65.17,0.0378,21.06,0.1719,0.094,FCC
4,5.9501,1.7,4.755,63.46,0.0388,20.966,0.1737,0.0924,FCC
4,8.5772,1.9,4.9125,68.67,0.0346,20.976,0.1641,0.0876,FCC
4,9.4249,1.9,4.88,68.585,0.035,20.908,0.1643,0.09,FCC
3,10.4061,1.9,4.8475,68.5,0.0348,20.84,0.164,0.092,FCC
4,16.8157,1.85,4.92,66.96,0.0342,21.574,0.1655,0.0848,FCC
1,21.4238,1.85,4.8875,66.875,0.0352,21.4975,0.1662,0.0876,FCC
4,29.3634,1.85,4.855,66.79,0.0357,21.421,0.1665,0.0901,FCC
4,47.6576,1.85,4.8225,66.705,0.0356,21.3445,0.1665,0.0921,FCC
4,66.8273,1.8,4.9275,65.25,0.0331,21.83,0.1661,0.0815,FCC
3,22554.5625,1.8,4.895,65.165,0.0347,21.745,0.1673,0.0848,FCC
1,67.1372,1.8,4.8625,65.08,0.0358,21.66,0.1681,0.0877,FCC
2,32.6566,1.8,4.83,64.995,0.0363,21.575,0.1686,0.0901,FCC
4,20.9389,1.8,4.7975,64.91,0.0364,21.49,0.1688,0.0921,FCC
3,14.9189,1.8,4.765,64.825,0.036,21.405,0.1686,0.0938,FCC
3,10.8533,1.75,4.805,63.2,0.037,21.37,0.1706,0.0902,FCC
4,7.0917,1.75,4.74,63.03,0.0369,21.183,0.171,0.0939,FCC
3,5.7495,1.75,4.7075,62.945,0.0361,21.0895,0.1707,0.0951,FCC
3,3.8621,1.65,4.7225,59.525,0.0387,19.7725,0.175,0.0923,FCC
4,8.1909,1.9,4.9375,66.615,0.0333,21.9535,0.163,0.0847,FCC
2,9.0373,1.9,4.905,66.53,0.034,21.877,0.1633,0.0875,FCC
1,9.9656,1.9,4.8725,66.445,0.0343,21.8005,0.1633,0.0899,FCC
4,11.0598,1.9,4.84,66.36,0.034,21.724,0.1629,0.0919,FCC
3,14.2956,1.9,4.775,66.19,0.032,21.571,0.1609,0.0947,FCC
1,14.9481,1.85,4.945,64.905,0.0324,22.175,0.1642,0.0815,FCC
2,18.8445,1.85,4.9125,64.82,0.0338,22.09,0.165,0.0847,FCC
4,24.8373,1.85,4.88,64.735,0.0346,22.005,0.1655,0.0876,FCC
3,36.4451,1.85,4.8475,64.65,0.0349,21.92,0.1657,0.09,FCC
2,71.6512,1.85,4.815,64.565,0.0348,21.835,0.1655,0.0919,FCC
3,1298.1785,1.85,4.7825,64.48,0.0341,21.75,0.1649,0.0935,FCC
4,128.6811,1.8,4.92,63.11,0.0328,21.961,0.1659,0.0815,FCC
4,7.6558,1.9,4.9625,64.56,0.0318,22.52,0.1618,0.0814,FCC
4,8.5577,1.9,4.93,64.475,0.0329,22.435,0.1623,0.0846,FCC
4,9.4681,1.9,4.8975,64.39,0.0335,22.35,0.1625,0.0874,FCC
4,11.699,1.9,4.8325,64.22,0.0332,22.18,0.1616,0.0918,FCC
3,16.4548,1.85,4.9375,62.765,0.0321,22.2715,0.1637,0.0814,FCC
4,29.3983,1.85,4.8725,62.595,0.034,22.0845,0.1648,0.0875,FCC
3,2133.1312,1.8,4.9125,60.97,0.0324,21.664,0.1655,0.0815,FCC
1,8.2157,1.9,4.665,79.565,0.038,7.9255,0.1634,0.0899,FCC
1,7.7133,1.9,4.6375,77.25,0.038,10.365,0.1641,0.0921,FCC
1,22.5071,1.9,4.54,76.995,0.031,10.2885,0.1563,0.0903,FCC
4,57.6901,1.9,4.755,73.93,0.0307,16.075,0.1491,0.0774,FCC
3,97.9271,1.9,4.7475,71.79,0.0295,18.144,0.1475,0.0772,FCC
3,13.4815,1.85,4.7225,69.995,0.0306,19.3365,0.1506,0.0773,FCC
4,4.0779,1.75,4.6725,66.405,0.0328,20.6445,0.1564,0.0775,FCC
3,39.978,1.9,4.805,69.82,0.0304,19.904,0.1479,0.0736,FCC
3,67.7722,1.9,4.7725,69.735,0.0296,19.8445,0.1471,0.0755,FCC
4,338.4402,1.9,4.74,69.65,0.0283,19.785,0.1458,0.077,FCC
4,15.2571,1.85,4.7475,67.94,0.0306,20.652,0.1501,0.0756,FCC
2,11.7919,1.85,4.715,67.855,0.0294,20.584,0.1491,0.0771,FCC
4,11.808,1.8,4.82,66.4,0.0319,21.33,0.1528,0.0684,FCC
3,8.2974,1.8,4.755,66.23,0.0322,21.177,0.1533,0.0738,FCC
3,6.9432,1.8,4.7225,66.145,0.0316,21.1005,0.153,0.0757,FCC
3,6.0448,1.75,4.7625,64.52,0.0331,21.36,0.1555,0.0714,FCC
2,5.1938,1.75,4.73,64.435,0.0331,21.275,0.1557,0.0739,FCC
1,4.3971,1.75,4.6975,64.35,0.0326,21.19,0.1556,0.0758,FCC
4,4.304,1.7,4.7375,62.725,0.0339,21.1075,0.1576,0.0715,FCC
4,3.6861,1.7,4.705,62.64,0.034,21.014,0.1581,0.074,FCC
4,18.871,1.9,4.9275,68.02,0.0283,21.406,0.1465,0.0604,FCC
3,22.1602,1.9,4.895,67.935,0.0294,21.338,0.1471,0.0646,FCC
4,35.115,1.9,4.83,67.765,0.0299,21.202,0.1472,0.0711,FCC
4,52.8632,1.9,4.7975,67.68,0.0295,21.134,0.1466,0.0735,FCC
2,124.7612,1.9,4.765,67.595,0.0285,21.066,0.1455,0.0753,FCC
4,32.6708,1.85,4.8375,66.055,0.0306,21.7095,0.1498,0.0682,FCC
1,23.0855,1.85,4.805,65.97,0.0307,21.633,0.1498,0.0712,FCC
3,17.203,1.85,4.7725,65.885,0.0304,21.5565,0.1495,0.0736,FCC
3,13.1684,1.85,4.74,65.8,0.0295,21.48,0.1487,0.0754,FCC
4,10.1474,1.85,4.7075,65.715,0.0282,21.4035,0.1474,0.0769,FCC
2,8.9819,1.8,4.78,64.175,0.0315,21.705,0.1524,0.0712,FCC
2,7.5092,1.8,4.7475,64.09,0.0313,21.62,0.1522,0.0736,FCC
2,6.2052,1.8,4.715,64.005,0.0305,21.535,0.1517,0.0755,FCC
2,5.5505,1.75,4.755,62.38,0.0323,21.418,0.1547,0.0713,FCC
2,4.7029,1.75,4.7225,62.295,0.0321,21.3245,0.1548,0.0737,FCC
2,3.9182,1.7,4.73,60.585,0.033,20.772,0.157,0.0714,FCC
3,20.7608,1.9,4.92,65.88,0.0278,22.242,0.1459,0.0604,FCC
2,24.9045,1.9,4.8875,65.795,0.0288,22.1655,0.1463,0.0645,FCC
3,31.3933,1.9,4.855,65.71,0.0292,22.089,0.1463,0.068,FCC
3,43.8116,1.9,4.8225,65.625,0.0291,22.0125,0.1459,0.0709,FCC
2,79.0195,1.9,4.79,65.54,0.0285,21.936,0.1451,0.0733,FCC
4,1232.1162,1.9,4.7575,65.455,0.0275,21.8595,0.1438,0.0752,FCC
4,64.7507,1.85,4.895,64.085,0.0283,22.305,0.1481,0.0604,FCC
4,38.5188,1.85,4.8625,64,0.0293,22.22,0.1487,0.0646,FCC
2,26.4039,1.85,4.83,63.915,0.0298,22.135,0.1489,0.0681,FCC
3,19.3391,1.85,4.7975,63.83,0.0299,22.05,0.1487,0.071,FCC
4,14.6427,1.85,4.765,63.745,0.0294,21.965,0.1482,0.0734,FCC
3,11.2025,1.85,4.7325,63.66,0.0285,21.88,0.1471,0.0752,FCC
4,16.4133,1.8,4.9025,62.375,0.0276,22.1025,0.149,0.0554,FCC
4,13.7395,1.8,4.87,62.29,0.0287,22.009,0.1501,0.0604,FCC
3,8.0623,1.8,4.7725,62.035,0.0307,21.7285,0.1514,0.0711,FCC
3,6.6595,1.8,4.74,61.95,0.0303,21.635,0.151,0.0735,FCC
4,4.9899,1.75,4.7475,60.24,0.0314,21.048,0.1539,0.0712,FCC
4,3.0155,1.9,4.8165,67.235,0.0395,19.7345,0.1899,0.1189,FCC
4,3.3407,1.9,4.7515,67.065,0.0366,19.6155,0.1885,0.1191,FCC
4,2.9677,1.9,4.8415,65.18,0.0393,20.774,0.1893,0.1181,FCC
4,3.1344,1.9,4.809,65.095,0.0385,20.706,0.1889,0.1187,FCC
3,2.7031,1.9,4.899,63.21,0.0389,21.479,0.1884,0.1159,FCC
3,3.0594,1.9,4.834,63.04,0.0385,21.326,0.1883,0.1179,FCC
3,3.2225,1.9,4.8015,62.955,0.0376,21.2495,0.1878,0.1185,FCC
3,3.3771,1.9,4.769,62.87,0.0362,21.173,0.1869,0.1188,FCC
4,5.338,1.85,4.7115,60.99,0.0354,20.85,0.1884,0.1188,FCC
3,23.9506,1.75,4.694,57.485,0.0392,19.382,0.1942,0.119,FCC
4,2.5725,1.9,4.924,61.155,0.0378,21.705,0.1875,0.1143,FCC
1,2.7742,1.9,4.8915,61.07,0.0383,21.62,0.1877,0.1157,FCC
1,2.9557,1.9,4.859,60.985,0.0382,21.535,0.1877,0.1169,FCC
3,3.1229,1.9,4.8265,60.9,0.0377,21.45,0.1873,0.1178,FCC
2,3.2773,1.9,4.794,60.815,0.0366,21.365,0.1866,0.1183,FCC
4,3.5317,1.9,4.729,60.645,0.0331,21.195,0.1839,0.1185,FCC
3,5.0059,1.85,4.7365,58.935,0.0361,20.6485,0.1882,0.1187,FCC
2,7.2845,1.8,4.744,57.225,0.0384,19.76,0.1914,0.1185,FCC
2,2.6241,1.9,4.9165,59.015,0.0374,21.4265,0.1869,0.1142,FCC
1,2.8223,1.9,4.884,58.93,0.0377,21.333,0.187,0.1156,FCC
3,2.9978,1.9,4.8515,58.845,0.0375,21.2395,0.1867,0.1168,FCC
2,3.2927,1.9,4.7865,58.675,0.0357,21.0525,0.1852,0.1181,FCC
2,4.6806,1.85,4.7615,56.88,0.0366,20.036,0.1879,0.1182,FCC
4,6.4939,1.8,4.769,55.17,0.0384,18.771,0.1909,0.1178,FCC
4,7.5377,1.8,4.7365,55.085,0.0375,18.6605,0.1903,0.1183,FCC
4,2.7972,1.95,4.764,72.345,0.0399,15.0925,0.1665,0.1459,FCC
4,5.2509,1.9,4.749,72.13,0.0365,15.245,0.1511,0.134,FCC
4,3.4929,1.95,4.799,71.87,0.0352,15.805,0.1476,0.1342,FCC
4,3.7187,1.95,4.7665,71.785,0.0342,15.7625,0.147,0.1337,FCC
4,4.7081,1.9,4.8065,70.16,0.0366,17.236,0.1503,0.1345,FCC
3,5.6886,1.9,4.7665,67.935,0.0351,18.6545,0.1492,0.1341,FCC
1,2.9801,1.85,4.692,60.235,0.0479,21.945,0.2084,0.1979,BCC+FCC
3,3.4891,1.95,4.849,67.76,0.034,19.222,0.1459,0.134,FCC
4,3.9558,1.95,4.784,67.59,0.0331,19.103,0.145,0.1338,FCC
3,4.2038,1.95,4.7515,67.505,0.0319,19.0435,0.1439,0.1332,FCC
2,4.4648,1.9,4.8565,66.05,0.0344,19.9,0.148,0.1337,FCC
3,4.9339,1.9,4.824,65.965,0.0348,19.832,0.1484,0.1341,FCC
3,6.4593,1.85,4.8315,64.255,0.035,20.1595,0.1501,0.1338,FCC
4,7.62,1.85,4.799,64.17,0.0355,20.083,0.1507,0.1342,FCC
1,4.143,1.85,4.683,59.425,0.0449,20.3775,0.1957,0.178,BCC+FCC
3,11.7686,1.85,4.734,64,0.0351,19.93,0.1507,0.134,FCC
4,16.466,1.85,4.7015,63.915,0.0341,19.8535,0.1502,0.1334,FCC
4,25.439,1.8,4.7415,62.29,0.0364,19.89,0.1533,0.1343,FCC
4,93.1595,1.8,4.709,62.205,0.0361,19.805,0.1534,0.1341,FCC
4,48.7617,1.8,4.6765,62.12,0.0352,19.72,0.153,0.1335,FCC
4,14.8797,1.75,4.814,60.75,0.0357,19.695,0.1528,0.1333,FCC
4,3.8847,1.95,4.809,65.535,0.0328,20.178,0.1444,0.1338,FCC
4,5.2184,1.9,4.8165,63.825,0.0339,20.4625,0.1474,0.1339,FCC
4,6.4966,1.9,4.7515,63.655,0.033,20.3095,0.1466,0.1337,FCC
2,5.1285,1.85,4.889,62.285,0.0323,20.575,0.1476,0.1322,FCC
4,6.9614,1.85,4.824,62.115,0.0343,20.405,0.1495,0.1337,FCC
1,4.3149,1.85,4.6755,57.285,0.0437,19.712,0.1941,0.1778,BCC+FCC
2,10.2147,1.85,4.759,61.945,0.0346,20.235,0.1499,0.134,FCC
4,5.8468,1.8,4.8965,60.575,0.0326,20.1925,0.1478,0.1311,FCC
4,12.1735,1.8,4.799,60.32,0.035,19.912,0.1517,0.1337,FCC
3,18.0378,1.8,4.7665,60.235,0.0355,19.8185,0.1522,0.1341,FCC
4,35.784,1.8,4.734,60.15,0.0355,19.725,0.1525,0.1341,FCC
4,642.2988,1.8,4.7015,60.065,0.035,19.6315,0.1523,0.1339,FCC
2,24.2497,1.75,4.709,58.355,0.0364,18.856,0.1548,0.1342,FCC
4,3.2979,1.95,4.899,63.65,0.0317,20.995,0.1437,0.1328,FCC
1,3.5417,1.95,4.8665,63.565,0.0323,20.9185,0.1439,0.1334,FCC
4,3.7787,1.95,4.834,63.48,0.0323,20.842,0.1436,0.1337,FCC
4,4.015,1.95,4.8015,63.395,0.0319,20.7655,0.143,0.1336,FCC
3,4.0107,1.9,4.9065,61.94,0.0311,20.92,0.1453,0.132,FCC
4,4.4624,1.9,4.874,61.855,0.0323,20.835,0.146,0.1329,FCC
4,4.94,1.9,4.8415,61.77,0.0329,20.75,0.1464,0.1334,FCC
4,5.4714,1.9,4.809,61.685,0.0331,20.665,0.1464,0.1337,FCC
3,6.0898,1.9,4.7765,61.6,0.0327,20.58,0.146,0.1337,FCC
4,4.6443,1.85,4.914,60.23,0.0309,20.503,0.146,0.1309,FCC
1,3.9616,1.85,4.7005,55.23,0.0448,18.729,0.1941,0.1787,BCC+FCC
2,8.9807,1.85,4.784,59.89,0.0339,20.129,0.149,0.1338,FCC
2,22.3024,1.8,4.759,58.095,0.0346,19.234,0.1515,0.1339,FCC
2,60.5375,1.8,4.7265,58.01,0.0345,19.132,0.1515,0.1339,FCC
3,67.3862,1.8,4.694,57.925,0.0339,19.03,0.1511,0.1337,FCC
2,48.9093,1.75,4.734,56.3,0.0354,17.98,0.1538,0.134,FCC
4,17.521,1.75,4.7015,56.215,0.0354,17.8695,0.154,0.134,FCC
3,3.1344,1.95,4.924,61.595,0.0302,21.265,0.1425,0.1318,FCC
4,3.396,1.95,4.8915,61.51,0.0311,21.18,0.1429,0.1327,FCC
4,3.6402,1.95,4.859,61.425,0.0316,21.095,0.1428,0.1332,FCC
1,3.8757,1.95,4.8265,61.34,0.0315,21.01,0.1423,0.1335,FCC
4,4.3345,1.95,4.7615,61.17,0.0298,20.84,0.14,0.1331,FCC
4,4.1653,1.9,4.899,59.8,0.0307,20.72,0.1447,0.1319,FCC
4,5.1321,1.9,4.834,59.63,0.0322,20.533,0.1455,0.1333,FCC
2,6.3384,1.9,4.769,59.46,0.0318,20.346,0.1446,0.1335,FCC
3,7.1284,1.9,4.7365,59.375,0.0308,20.2525,0.1435,0.1332,FCC
4,5.7212,1.85,4.874,58.005,0.0311,19.816,0.1469,0.1319,FCC
3,6.7016,1.85,4.8415,57.92,0.0322,19.714,0.1476,0.1328,FCC
4,9.6947,1.85,4.7765,57.75,0.033,19.51,0.148,0.1336,FCC
2,12.4538,1.85,4.744,57.665,0.0327,19.408,0.1476,0.1336,FCC
2,17.7754,1.85,4.7115,57.58,0.0318,19.306,0.1467,0.1333,FCC
3,29.1396,1.8,4.7515,55.955,0.0338,18.2215,0.1506,0.1337,FCC
4,225.6443,1.8,4.719,55.87,0.0336,18.111,0.1504,0.1337,FCC
4,9763.1135,1.75,4.759,54.245,0.0342,16.693,0.1526,0.1335,FCC
3,28.3529,1.75,4.7265,54.16,0.0346,16.574,0.153,0.1338,FCC
4,2.9085,1.95,4.949,59.54,0.0285,21.124,0.1412,0.1306,FCC
3,3.207,1.95,4.9165,59.455,0.0297,21.0305,0.1417,0.1317,FCC
2,3.4675,1.95,4.884,59.37,0.0305,20.937,0.1419,0.1325,FCC
2,3.708,1.95,4.8515,59.285,0.0308,20.8435,0.1416,0.1331,FCC
3,3.936,1.95,4.819,59.2,0.0306,20.75,0.1409,0.1333,FCC
3,4.3507,1.95,4.754,59.03,0.0288,20.563,0.1381,0.1329,FCC
3,3.8072,1.9,4.924,57.745,0.0288,20.194,0.1433,0.1307,FCC
3,4.2927,1.9,4.8915,57.66,0.0302,20.092,0.1441,0.1318,FCC
1,4.7747,1.9,4.859,57.575,0.0311,19.99,0.1445,0.1326,FCC
1,5.2877,1.9,4.8265,57.49,0.0315,19.888,0.1444,0.1331,FCC
4,5.8598,1.9,4.794,57.405,0.0314,19.786,0.144,0.1334,FCC
3,5.0316,1.9,4.719,55.655,0.0347,18.2615,0.1596,0.1453,FCC
4,6.5215,1.9,4.7615,57.32,0.0308,19.684,0.1431,0.1333,FCC
2,7.2984,1.9,4.729,57.235,0.0298,19.582,0.1417,0.133,FCC
3,5.9847,1.85,4.8665,55.865,0.0306,18.7945,0.1463,0.1318,FCC
3,7.0474,1.85,4.834,55.78,0.0316,18.684,0.1469,0.1327,FCC
4,8.4296,1.85,4.8015,55.695,0.0322,18.5735,0.1471,0.1332,FCC
2,10.4227,1.85,4.769,55.61,0.0322,18.463,0.1468,0.1335,FCC
2,13.7286,1.85,4.7365,55.525,0.0317,18.3525,0.1462,0.1334,FCC
2,19.0728,1.8,4.7765,53.9,0.0328,16.9,0.1495,0.1333,FCC
4,42.5992,1.8,4.744,53.815,0.033,16.781,0.1495,0.1336,FCC
3,72.1967,1.75,4.7515,52.105,0.0335,14.8675,0.1519,0.1334,FCC
1,3.562,1.95,4.599,74.285,0.0353,11.1855,0.1436,0.1268,FCC
1,2.8057,1.85,4.697,65.92,0.0471,20.924,0.1989,0.1908,BCC+FCC
1,3.5129,1.85,4.632,65.75,0.0425,20.805,0.1967,0.1882,BCC+FCC
1,4.3112,1.7,4.687,60.705,0.0524,21.295,0.2051,0.1927,BCC+FCC
1,7.8756,1.6,4.5605,59.68,0.0478,19.108,0.1842,0.1619,BCC+FCC
1,1.7978,1.95,4.752,67.28,0.0471,20.568,0.1959,0.1923,BCC+FCC
1,4.6353,1.95,4.6315,72.495,0.0317,13.858,0.1362,0.1241,FCC
1,2.3909,1.9,4.6945,65.4,0.0462,21.25,0.1973,0.1913,BCC+FCC
1,6.4587,1.9,4.639,70.785,0.0349,15.5225,0.1417,0.1255,FCC
1,7.9665,1.9,4.6065,70.7,0.033,15.48,0.1401,0.1242,FCC
1,3.1198,1.9,4.597,65.145,0.041,21.0715,0.1917,0.1866,BCC+FCC
1,3.0506,1.85,4.6895,63.78,0.0459,21.764,0.1977,0.1906,BCC+FCC
1,2.651,1.7,4.777,58.82,0.0511,21.252,0.2025,0.1931,BCC+FCC
1,3.2038,1.7,4.7445,58.735,0.0517,21.1585,0.2034,0.1931,BCC+FCC
1,4.0731,1.95,4.5115,69.57,0.0325,15.605,0.1396,0.1261,FCC
1,1.9051,1.95,4.7445,65.14,0.0461,21.758,0.1945,0.1921,BCC+FCC
1,4.8664,1.95,4.479,69.485,0.0302,15.5625,0.1351,0.1234,FCC
1,4.0761,1.95,4.6365,70.265,0.0336,15.9525,0.1389,0.1264,FCC
1,4.0018,1.95,4.689,70.525,0.0341,16.0825,0.1379,0.1261,FCC
1,7.5744,1.9,4.5065,67.95,0.0319,16.86,0.1423,0.1253,FCC
1,2.5319,1.9,4.687,63.26,0.045,22.038,0.1959,0.1911,BCC+FCC
1,7.7238,1.9,4.579,68.385,0.0327,17.121,0.1406,0.1251,FCC
1,7.1537,1.9,4.6315,68.645,0.0336,17.277,0.1399,0.1253,FCC
1,2.9825,1.9,4.642,63.265,0.0398,22.042,0.1904,0.1876,BCC+FCC
1,2.8316,1.85,4.6945,61.55,0.0481,22.095,0.1996,0.1923,BCC+FCC
1,2.6425,1.85,4.747,61.81,0.0478,22.329,0.1979,0.1921,BCC+FCC
1,3.2498,1.85,4.682,61.64,0.0447,22.176,0.1964,0.1904,BCC+FCC
1,3.0529,1.8,4.702,59.84,0.0504,21.81,0.2025,0.1931,BCC+FCC
1,2.8702,1.7,4.7695,56.68,0.0505,20.526,0.2023,0.1929,BCC+FCC
1,4.2527,1.7,4.7045,56.51,0.051,20.322,0.2037,0.1927,BCC+FCC
1,3.54,1.95,4.589,67.775,0.0348,17.445,0.1416,0.1286,FCC
1,4.3294,1.95,4.504,67.43,0.0314,17.238,0.1363,0.1257,FCC
1,4.0823,1.95,4.5565,67.69,0.0321,17.394,0.1384,0.1269,FCC
4,5.1787,1.95,4.4715,67.345,0.0292,17.187,0.1314,0.123,FCC
1,4.2457,1.95,4.6815,68.385,0.0329,17.811,0.136,0.1259,FCC
4,5.6515,1.95,4.4915,67.52,0.0281,17.292,0.1299,0.1222,FCC
1,1.7994,1.9,4.8095,61.46,0.0495,22.704,0.198,0.1936,BCC+FCC
1,2.3282,1.9,4.692,61.03,0.0475,22.317,0.1978,0.1928,BCC+FCC
1,2.4264,1.9,4.712,61.205,0.046,22.4745,0.1958,0.192,BCC+FCC
1,8.454,1.9,4.499,65.81,0.031,18.117,0.1394,0.1249,FCC
1,6.7579,1.9,4.604,66.33,0.0336,18.481,0.1406,0.1263,FCC
1,7.8531,1.9,4.624,66.505,0.0323,18.6035,0.1379,0.125,FCC
1,3.1179,1.9,4.6145,60.95,0.0411,22.245,0.1901,0.1879,BCC+FCC
1,2.3749,1.85,4.752,59.58,0.0496,22.24,0.1998,0.1934,BCC+FCC
1,2.5069,1.85,4.772,59.755,0.0478,22.415,0.1973,0.1924,BCC+FCC
1,4.5496,1.65,4.7045,52.66,0.0509,17.464,0.2043,0.1929,BCC+FCC
1,1.6478,1.95,4.7745,60.855,0.049,22.8495,0.1963,0.1941,BCC+FCC
1,3.7068,1.95,4.5815,65.635,0.0335,18.6845,0.139,0.1283,FCC
1,4.2734,1.95,4.549,65.55,0.0311,18.625,0.1354,0.1266,FCC
1,4.5383,1.95,4.6215,65.985,0.031,18.9295,0.1343,0.1259,FCC
1,2.1913,1.95,4.697,60.775,0.0424,22.7775,0.1895,0.1906,BCC+FCC
4,5.7586,1.95,4.734,66.77,0.0275,19.479,0.1247,0.121,FCC
1,2.7235,1.9,4.672,58.98,0.043,22.33,0.1926,0.1907,BCC+FCC
1,2.7486,1.9,4.692,59.155,0.0412,22.505,0.1907,0.1899,BCC+FCC
1,2.9419,1.9,4.6595,59.07,0.0398,22.42,0.1887,0.1886,BCC+FCC
1,3.1902,1.85,4.6995,57.445,0.0444,21.8095,0.1949,0.191,BCC+FCC
1,3.8974,1.85,4.6345,57.275,0.0403,21.6225,0.1919,0.1887,BCC+FCC
4,12.1911,1.8,4.659,61.385,0.0309,19.935,0.1349,0.1214,FCC
1,1.6945,1.95,4.767,58.715,0.0482,22.755,0.1949,0.1939,BCC+FCC
1,2.6096,1.9,4.717,57.1,0.0423,22.12,0.1907,0.1907,BCC+FCC
2,13.1337,1.9,4.7015,62.835,0.0275,20.5215,0.1265,0.1209,FCC
1,2.2544,1.85,4.7695,55.385,0.0488,21.042,0.1983,0.1934,BCC+FCC
1,2.5468,1.85,4.737,55.3,0.048,20.94,0.1977,0.1931,BCC+FCC
1,3.2643,1.85,4.692,55.305,0.0433,20.946,0.1935,0.1908,BCC+FCC
2,94.8409,1.85,4.6765,61.04,0.0286,20.28,0.1301,0.121,FCC
1,3.3874,1.7,4.747,50.26,0.0487,15.78,0.2012,0.1926,BCC+FCC
1,4.1504,1.7,4.7145,50.175,0.0488,15.6525,0.2016,0.1925,BCC+FCC
1,1.8991,1.95,4.727,56.49,0.0457,22.139,0.1917,0.193,BCC+FCC
1,2.1142,1.95,4.7145,56.58,0.0425,22.238,0.1878,0.1912,BCC+FCC
3,6.145,1.95,4.719,62.49,0.0252,20.901,0.1205,0.1205,FCC
1,2.6259,1.9,4.7095,54.96,0.0413,21.222,0.1891,0.1905,BCC+FCC
3,11.3354,1.9,4.7265,60.78,0.0274,20.71,0.126,0.1211,FCC
4,14.5471,1.9,4.694,60.695,0.0263,20.625,0.1246,0.1207,FCC
4,5.4192,1.95,4.7765,60.52,0.0262,21.14,0.1218,0.1209,FCC
3,5.7998,1.95,4.744,60.435,0.0253,21.055,0.1203,0.1207,FCC
3,6.1739,1.95,4.7115,60.35,0.024,20.97,0.1182,0.1203,FCC
4,9.9347,1.9,4.7515,58.725,0.0271,20.4875,0.1254,0.121,FCC
2,12.1594,1.9,4.719,58.64,0.0263,20.394,0.1242,0.1209,FCC
4,41.1463,1.8,4.734,55.22,0.0289,18.216,0.1321,0.1209,FCC
3,2.5914,1.9,4.6075,73.14,0.1244,32.526,0.5417,0.3541,IM
4,2.4669,1.85,4.5175,64.875,0.1251,30.4025,0.5519,0.3282,IM
4,1.834,1.9,4.6,64.7,0.1269,30.9,0.5515,0.3189,IM
4,1.9775,1.9,4.5675,64.615,0.1252,30.8065,0.5503,0.3237,IM
2,2.3261,1.85,4.5425,62.82,0.126,30.384,0.5521,0.3236,IM
3,1.8727,1.9,4.5925,62.56,0.1261,30.762,0.5505,0.3191,IM
4,2.5287,1.9,4.625,68.945,0.1245,34.4595,0.5408,0.3498,IM
2,2.0051,1.9,4.56,62.475,0.1244,30.66,0.5491,0.324,IM
3,2.1152,1.9,4.5275,62.39,0.1227,30.558,0.5475,0.3288,IM
3,2.4439,1.9,4.59,65.085,0.1135,30.2135,0.4966,0.3332,IM
3,2.5557,1.9,4.6175,66.805,0.1236,34.746,0.5397,0.3501,IM
2,2.3088,1.9,4.615,63.03,0.1142,30.216,0.4968,0.3288,IM
2,2.8289,1.85,4.625,65.095,0.1261,34.4735,0.5427,0.345,IM
3,1.7475,1.85,4.5875,62.535,0.1124,32.6785,0.4704,0.3884,IM
3,2.1812,1.85,4.61,65.63,0.1031,31.48,0.4332,0.3813,IM
2,2.0139,1.9,4.595,65.2,0.1003,31.74,0.4281,0.385,IM
2,1.787,1.85,4.58,60.395,0.1116,32.324,0.4691,0.3885,IM
4,3.167,1.9,4.7875,71.18,0.0435,15.808,0.195,0.103,FCC
4,3.3802,1.9,4.755,71.095,0.0417,15.757,0.1942,0.1027,FCC
4,3.6033,1.9,4.7225,71.01,0.0395,15.706,0.193,0.1021,FCC
4,3.6057,1.9,4.7475,68.955,0.0406,17.3285,0.1928,0.1025,FCC
4,4.5501,1.9,4.7575,70.535,0.036,16.371,0.1775,0.0837,FCC
4,6.9855,1.85,4.765,68.825,0.0384,17.4975,0.1805,0.0837,FCC
3,3.9866,1.9,4.8475,68.65,0.0379,18.065,0.1777,0.0816,FCC
4,4.8115,1.9,4.75,68.395,0.0349,17.8865,0.1761,0.0834,FCC
4,5.3747,1.85,4.855,66.94,0.0385,18.832,0.1794,0.0802,FCC
4,10.4858,1.8,4.7975,65.06,0.0394,19.104,0.1817,0.0818,FCC
3,3.9093,1.9,4.8725,66.595,0.0372,19.246,0.1768,0.0799,FCC
3,6.36,1.85,4.815,64.715,0.0378,19.4835,0.179,0.0815,FCC
4,8.1306,1.85,4.75,64.545,0.0363,19.3305,0.1784,0.0831,FCC
4,11.683,1.8,4.79,62.92,0.0386,19.43,0.1811,0.0816,FCC
3,15.4683,1.8,4.7575,62.835,0.0382,19.345,0.1811,0.0827,FCC
3,4.0605,1.9,4.865,64.455,0.0365,19.9395,0.176,0.0798,FCC
4,4.8224,1.85,4.905,62.83,0.0359,20.03,0.1771,0.0756,FCC
3,6.0056,1.85,4.84,62.66,0.0371,19.86,0.1781,0.0799,FCC
4,6.7128,1.85,4.8075,62.575,0.037,19.775,0.1781,0.0813,FCC
4,7.5692,1.85,4.775,62.49,0.0363,19.69,0.1778,0.0823,FCC
3,8.6675,1.85,4.7425,62.405,0.0352,19.605,0.1771,0.0829,FCC
4,5.9366,1.8,4.9125,61.12,0.0349,19.702,0.1776,0.0727,FCC
4,30.165,1.8,4.7175,60.61,0.0362,19.141,0.1797,0.083,FCC
4,10.5561,1.7,4.7,57.105,0.039,17.2465,0.1845,0.0827,FCC
4,3.9012,1.9,4.89,62.4,0.0356,20.29,0.1751,0.0777,FCC
1,4.1802,1.9,4.8575,62.315,0.0357,20.205,0.1751,0.0796,FCC
2,4.4519,1.9,4.825,62.23,0.0354,20.12,0.1748,0.081,FCC
4,4.7224,1.9,4.7925,62.145,0.0345,20.035,0.1741,0.082,FCC
4,5.2597,1.9,4.7275,61.975,0.0313,19.865,0.1714,0.0825,FCC
3,6.2758,1.85,4.8325,60.52,0.0364,19.732,0.1774,0.0797,FCC
2,7.9587,1.85,4.7675,60.35,0.0354,19.545,0.1767,0.0821,FCC
4,9.1592,1.85,4.735,60.265,0.0341,19.4515,0.1758,0.0826,FCC
4,6.2843,1.8,4.905,58.98,0.0346,19.206,0.1774,0.0726,FCC
4,21.3478,1.8,4.7425,58.555,0.0363,18.696,0.1792,0.0822,FCC
2,42.8448,1.8,4.71,58.47,0.0351,18.594,0.1785,0.0827,FCC
4,447.3246,1.75,4.75,56.845,0.0377,17.5985,0.1816,0.0813,FCC
4,31.8268,1.75,4.7175,56.76,0.0372,17.488,0.1815,0.0823,FCC
3,13.3663,1.7,4.725,55.05,0.0385,16.04,0.1837,0.0814,FCC
4,3.3521,1.9,4.9475,60.43,0.0335,20.323,0.1737,0.0724,FCC
2,3.6919,1.9,4.915,60.345,0.0345,20.2295,0.1742,0.0753,FCC
2,3.9892,1.9,4.8825,60.26,0.035,20.136,0.1743,0.0776,FCC
2,4.2659,1.9,4.85,60.175,0.035,20.0425,0.1742,0.0794,FCC
4,4.5312,1.9,4.8175,60.09,0.0345,19.949,0.1736,0.0808,FCC
3,4.7877,1.9,4.785,60.005,0.0335,19.8555,0.1727,0.0817,FCC
4,4.0102,1.9,4.71,58.255,0.036,18.766,0.1844,0.1011,FCC
3,5.2023,1.85,4.89,58.55,0.035,19.38,0.1761,0.0753,FCC
2,5.8242,1.85,4.8575,58.465,0.0356,19.278,0.1765,0.0776,FCC
2,6.5092,1.85,4.825,58.38,0.0357,19.176,0.1765,0.0795,FCC
4,7.3076,1.85,4.7925,58.295,0.0353,19.074,0.1761,0.0809,FCC
4,5.9828,1.85,4.7175,56.545,0.038,17.6385,0.1895,0.1016,FCC
3,8.2867,1.85,4.76,58.21,0.0344,18.972,0.1754,0.0818,FCC
2,9.5409,1.85,4.7275,58.125,0.0331,18.87,0.1743,0.0823,FCC
3,6.6144,1.8,4.8975,56.84,0.0342,18.282,0.1771,0.0725,FCC
2,26.1611,1.8,4.735,56.415,0.0353,17.7295,0.178,0.082,FCC
4,72.8098,1.75,4.775,54.79,0.037,16.366,0.1807,0.0797,FCC
1,4.1387,1.9,4.5975,75.175,0.0377,9.6725,0.176,0.0763,FCC
4,5.213,1.9,4.585,75.265,0.0337,9.6995,0.1718,0.0723,FCC
1,3.9814,1.9,4.6225,73.12,0.0389,12.328,0.176,0.0771,FCC
1,5.3825,1.9,4.485,72.515,0.0346,12.086,0.1718,0.0754,FCC
1,4.4013,1.9,4.6425,73.295,0.0376,12.398,0.1738,0.0746,FCC
1,4.8114,1.9,4.555,68.58,0.0357,16.148,0.1717,0.0772,FCC
1,4.9688,1.9,4.68,69.275,0.0359,16.565,0.1697,0.0716,FCC
1,5.8364,1.9,4.595,68.93,0.0324,16.358,0.168,0.0727,FCC
4,6.8374,1.9,4.5625,68.845,0.0309,16.307,0.1652,0.0709,FCC
4,6.0645,1.9,4.7725,69.885,0.0329,16.931,0.1626,0.0613,FCC
4,6.5892,1.9,4.74,69.8,0.0317,16.88,0.1619,0.062,FCC
1,11.9628,1.85,4.57,67.135,0.0336,17.2645,0.1715,0.0729,FCC
4,52.8741,1.8,4.69,66.21,0.0339,18.508,0.1673,0.0624,FCC
1,4.8383,1.9,4.6,66.7,0.035,17.65,0.1702,0.0759,FCC
1,4.7124,1.9,4.6525,66.96,0.0361,17.832,0.1703,0.0741,FCC
1,5.3623,1.9,4.62,66.875,0.0337,17.7725,0.1683,0.0734,FCC
4,5.9222,1.9,4.7975,67.83,0.0326,18.441,0.1619,0.0597,FCC
4,6.4108,1.9,4.765,67.745,0.0318,18.3815,0.1614,0.061,FCC
2,6.9775,1.9,4.7325,67.66,0.0305,18.322,0.1605,0.0617,FCC
2,13.9308,1.85,4.74,65.95,0.0328,18.99,0.1641,0.0612,FCC
2,18.5638,1.85,4.7075,65.865,0.0316,18.922,0.1634,0.0618,FCC
4,5.312,1.9,4.855,65.86,0.0321,19.608,0.1611,0.0551,FCC
4,5.7361,1.9,4.8225,65.775,0.0321,19.54,0.1611,0.0576,FCC
4,6.1956,1.9,4.79,65.69,0.0317,19.472,0.1608,0.0595,FCC
2,6.7117,1.9,4.7575,65.605,0.0308,19.404,0.1601,0.0607,FCC
4,7.3106,1.9,4.725,65.52,0.0293,19.336,0.1589,0.0613,FCC
4,62.2417,1.8,4.7075,62.015,0.0328,19.475,0.1655,0.061,FCC
4,6.4239,1.9,4.7825,63.55,0.0307,20.075,0.1596,0.0592,FCC
4,6.9563,1.9,4.75,63.465,0.0297,19.9985,0.1586,0.0604,FCC
2,7.5644,1.9,4.7175,63.38,0.0282,19.922,0.1572,0.0609,FCC
4,9.3747,1.85,4.8225,61.925,0.032,20.075,0.1625,0.055,FCC
2,13.5897,1.85,4.7575,61.755,0.0316,19.905,0.1623,0.0593,FCC
3,17.8203,1.85,4.725,61.67,0.0307,19.82,0.1616,0.0605,FCC
3,27.0223,1.85,4.6925,61.585,0.0293,19.735,0.1604,0.0611,FCC
4,35.5821,1.8,4.7,59.875,0.0317,19.2825,0.1643,0.0607,FCC
4,12.5486,1.75,4.7075,58.165,0.0334,18.488,0.1672,0.0596,FCC
4,6.1142,1.9,4.8075,61.495,0.0305,20.335,0.159,0.0571,FCC
2,6.5946,1.9,4.775,61.41,0.0298,20.25,0.1582,0.0589,FCC
4,7.6762,1.9,4.71,61.24,0.027,20.08,0.1554,0.0606,FCC
4,8.5266,1.85,4.8475,59.87,0.0309,19.967,0.1614,0.0516,FCC
3,9.9621,1.85,4.815,59.785,0.0313,19.8735,0.1617,0.0548,FCC
4,11.925,1.85,4.7825,59.7,0.0312,19.78,0.1616,0.0572,FCC
3,14.9324,1.85,4.75,59.615,0.0307,19.6865,0.161,0.059,FCC
3,20.4138,1.85,4.7175,59.53,0.0296,19.593,0.1601,0.0602,FCC
4,19.026,1.8,4.8225,58.075,0.0314,19.07,0.1635,0.0517,FCC
2,96.84,1.8,4.7575,57.905,0.032,18.866,0.164,0.0574,FCC
3,72.4749,1.8,4.725,57.82,0.0316,18.764,0.1637,0.0592,FCC
4,122.6986,1.75,4.7975,56.28,0.032,17.814,0.1654,0.0518,FCC
4,8.3108,1.9,4.765,61.75,0.0386,19.02,0.209,0.2185,FCC
4,9.6182,1.9,4.7325,61.665,0.0371,18.935,0.2084,0.221,FCC
4,23.1619,1.85,4.74,59.955,0.0395,18.4905,0.2111,0.2185,FCC
3,50.3841,1.85,4.7075,59.87,0.0381,18.397,0.2106,0.221,FCC
4,3.4547,1.95,4.945,61.83,0.0381,19.79,0.2059,0.2041,FCC
3,4.959,1.95,4.7825,61.405,0.0368,19.365,0.2057,0.2186,FCC
4,7.6134,1.9,4.79,59.695,0.0388,18.8945,0.2085,0.2159,FCC
3,8.6725,1.9,4.7575,59.61,0.0376,18.801,0.208,0.2186,FCC
4,10.0535,1.9,4.725,59.525,0.036,18.7075,0.2072,0.2211,FCC
3,28.9626,1.85,4.7325,57.815,0.0385,17.878,0.2101,0.2186,FCC
1,4.6671,1.95,4.615,76.75,0.0387,7.345,0.2069,0.2252,FCC
1,5.5001,1.95,4.555,74.35,0.0376,10.02,0.2053,0.2289,FCC
1,5.1704,1.95,4.6075,74.61,0.0375,10.124,0.2054,0.2253,FCC
1,5.4742,1.95,4.5275,72.035,0.0378,12.2575,0.205,0.2305,FCC
4,30.6702,1.9,4.69,62.985,0.0319,18.9465,0.1953,0.2138,FCC
1,4.1484,1.95,4.5875,74.035,0.0375,10.864,0.1464,0.1097,FCC
1,6.3282,1.95,4.45,73.43,0.0324,10.622,0.1381,0.1019,FCC
1,6.3384,1.95,4.4925,75.095,0.0304,8.7685,0.1258,0.0921,FCC
4,5.7051,1.95,4.545,75.355,0.0323,8.8465,0.1274,0.0939,FCC
1,6.8746,1.95,4.47,73.605,0.0316,10.692,0.1368,0.1012,FCC
1,4.9969,1.95,4.5325,72.46,0.0364,12.49,0.1539,0.1156,FCC
2,6.4889,1.95,4.565,75.53,0.0314,8.899,0.1248,0.0925,FCC
1,5.3145,1.95,4.575,74.125,0.0335,10.9,0.1413,0.1061,FCC
2,6.1142,1.95,4.6175,75.79,0.0328,8.977,0.1247,0.0932,FCC
2,8.211,1.95,4.5325,75.445,0.0283,8.8735,0.1213,0.0896,FCC
4,6.3603,1.95,4.5425,74.04,0.0311,10.866,0.1378,0.1031,FCC
2,7.3963,1.95,4.585,75.705,0.0304,8.9515,0.1221,0.091,FCC
4,15.861,1.95,4.4475,75.1,0.0249,8.77,0.1137,0.0827,FCC
4,11.2916,1.95,4.5,75.36,0.0253,8.848,0.1171,0.086,FCC
3,9.392,1.95,4.5525,75.62,0.0275,8.926,0.1188,0.0882,FCC
1,12.2116,1.9,4.52,73.56,0.0338,10.934,0.132,0.0941,FCC
1,10.463,1.9,4.55,72.33,0.035,12.685,0.1455,0.1063,FCC
1,16.5885,1.9,4.5175,72.245,0.0318,12.6425,0.1424,0.1034,FCC
4,23.846,1.9,4.56,73.91,0.0318,11.074,0.1266,0.0912,FCC
1,4.2218,1.95,4.685,72.415,0.038,13.4175,0.1436,0.11,FCC
1,6.1792,1.95,4.4525,69.885,0.0343,14.151,0.1479,0.1124,FCC
1,6.4717,1.95,4.5375,73.215,0.0308,11.486,0.1244,0.0934,FCC
1,6.6444,1.95,4.515,71.725,0.0316,13.0725,0.1364,0.1036,FCC
1,7.3944,1.95,4.5575,73.39,0.0298,11.556,0.122,0.092,FCC
1,5.9272,1.95,4.5675,71.985,0.032,13.2025,0.1385,0.1056,FCC
1,6.9013,1.95,4.61,73.65,0.0313,11.66,0.1223,0.0927,FCC
4,11.9259,1.95,4.4725,73.045,0.0259,11.418,0.1153,0.0866,FCC
4,9.5939,1.95,4.525,73.305,0.0267,11.522,0.118,0.0891,FCC
1,6.772,1.9,4.735,72.37,0.0356,13.655,0.1274,0.0946,FCC
1,8.3559,1.9,4.7025,72.285,0.0354,13.6125,0.1272,0.0944,FCC
1,11.1799,1.9,4.6175,71.94,0.0346,13.44,0.1286,0.0946,FCC
1,10.7648,1.9,4.67,72.2,0.0346,13.57,0.1265,0.0938,FCC
1,22.1123,1.9,4.5325,71.595,0.0312,13.2675,0.1267,0.0922,FCC
1,16.9564,1.9,4.585,71.855,0.0327,13.3975,0.1266,0.0929,FCC
4,19.3326,1.9,4.795,72.895,0.0307,13.9175,0.1147,0.0874,FCC
4,16.2924,1.85,4.705,70.93,0.0316,15.298,0.1183,0.0875,FCC
1,5.0432,1.95,4.5425,70.985,0.0332,13.6525,0.1274,0.0969,FCC
1,5.4321,1.95,4.52,69.495,0.0339,14.867,0.1392,0.1073,FCC
1,4.5597,1.95,4.6775,70.275,0.0368,15.335,0.1417,0.1097,FCC
1,6.7647,1.95,4.4875,69.41,0.0317,14.816,0.1345,0.104,FCC
1,7.3694,1.95,4.5075,69.585,0.0307,14.921,0.1329,0.1031,FCC
4,6.6075,1.95,4.705,70.715,0.0311,15.599,0.1312,0.1036,FCC
1,9.0429,1.9,4.5175,69.19,0.0346,14.944,0.1321,0.0971,FCC
1,8.0079,1.9,4.57,69.45,0.0358,15.1,0.1323,0.0976,FCC
1,11.5221,1.9,4.5375,69.365,0.0335,15.049,0.1297,0.0957,FCC
1,15.2888,1.9,4.5575,69.54,0.0324,15.154,0.127,0.0941,FCC
1,18.602,1.9,4.63,69.975,0.032,15.415,0.1233,0.0924,FCC
4,25.9812,1.85,4.645,65.545,0.0376,17.7105,0.1571,0.1184,FCC
3,14.2323,1.85,4.6975,68.79,0.0304,16.853,0.117,0.0872,FCC
1,4.5464,1.95,4.7775,69.97,0.033,16.102,0.1221,0.0938,FCC
1,6.3159,1.95,4.555,69.02,0.0307,15.532,0.122,0.095,FCC
1,5.3536,1.95,4.565,67.615,0.0337,16.4605,0.1383,0.1085,FCC
1,5.8831,1.95,4.66,69.54,0.0325,15.844,0.1222,0.095,FCC
1,4.8632,1.95,4.67,68.135,0.0356,16.8245,0.1396,0.1094,FCC
1,5.9387,1.95,4.7125,69.8,0.0322,16,0.1206,0.0937,FCC
1,6.4441,1.95,4.5325,67.53,0.0317,16.401,0.1342,0.1058,FCC
1,5.4166,1.95,4.5425,66.125,0.0355,17.04,0.1486,0.1175,FCC
1,7.2866,1.95,4.575,69.195,0.0296,15.637,0.1195,0.0935,FCC
1,5.8873,1.95,4.585,67.79,0.0321,16.583,0.1363,0.1073,FCC
4,8.2179,1.95,4.8375,70.495,0.0276,16.417,0.1092,0.0862,FCC
1,7.0346,1.95,4.5525,67.705,0.0303,16.5235,0.1323,0.1048,FCC
4,8.4402,1.95,4.595,69.37,0.0285,15.742,0.1168,0.0919,FCC
1,6.4338,1.95,4.605,67.965,0.031,16.7055,0.1341,0.106,FCC
4,10.3,1.95,4.7725,70.325,0.0277,16.315,0.1089,0.0869,FCC
4,5.4961,1.95,4.655,66.91,0.0313,17.668,0.1453,0.116,FCC
4,7.1039,1.95,4.6975,68.575,0.0298,17.1325,0.1291,0.1033,FCC
2,11.8638,1.95,4.74,70.24,0.027,16.264,0.1079,0.0866,FCC
1,6.5161,1.9,4.7,67.915,0.0354,16.9305,0.1286,0.0963,FCC
1,6.7722,1.9,4.7525,68.175,0.0338,17.1125,0.1252,0.0939,FCC
1,8.1874,1.9,4.6675,67.83,0.0348,16.871,0.1277,0.0959,FCC
1,10.8013,1.9,4.635,67.745,0.0336,16.8115,0.1263,0.0951,FCC
1,30.4105,1.9,4.57,67.575,0.0298,16.6925,0.1216,0.0921,FCC
4,58.5268,1.9,4.7475,68.53,0.0287,17.361,0.1125,0.087,FCC
4,1307.3626,1.9,4.715,68.445,0.0281,17.3015,0.1119,0.0868,FCC
1,18.1681,1.85,4.6425,66.035,0.0357,17.488,0.1311,0.0961,FCC
4,155.362,1.85,4.68,65.07,0.0337,18.233,0.1379,0.1047,FCC
4,11.9872,1.8,4.655,63.275,0.0348,18.215,0.1411,0.1048,FCC
4,7.8212,1.8,4.6975,64.94,0.0307,18.376,0.119,0.0873,FCC
4,6.2287,1.8,4.665,64.855,0.0303,18.2995,0.1189,0.0871,FCC
4,4.9597,1.75,4.6725,63.145,0.0317,18.345,0.1219,0.0874,FCC
4,4.0455,1.75,4.64,63.06,0.0314,18.26,0.1221,0.0872,FCC
1,3.9935,1.95,4.75,67.655,0.034,17.4385,0.1245,0.0959,FCC
1,4.6493,1.95,4.7175,67.57,0.0336,17.379,0.1235,0.0959,FCC
1,5.8714,1.95,4.5275,66.705,0.0306,16.7735,0.1209,0.0961,FCC
1,5.388,1.95,4.685,67.485,0.0327,17.3195,0.122,0.0955,FCC
1,6.8129,1.95,4.5475,66.88,0.0293,16.896,0.1187,0.0946,FCC
4,7.9717,1.95,4.8625,68.44,0.0261,17.988,0.1077,0.0849,FCC
4,8.7682,1.95,4.515,66.795,0.027,16.8365,0.1139,0.092,FCC
4,8.8325,1.95,4.83,68.355,0.0268,17.9285,0.108,0.0859,FCC
4,10.2583,1.95,4.535,66.97,0.0254,16.959,0.1118,0.0906,FCC
3,9.8793,1.95,4.7975,68.27,0.0269,17.869,0.1079,0.0865,FCC
2,6.7684,1.95,4.7225,66.52,0.0303,18.306,0.129,0.1041,FCC
2,11.2335,1.95,4.765,68.185,0.0266,17.8095,0.1072,0.0866,FCC
4,13.1181,1.95,4.7325,68.1,0.0258,17.75,0.1059,0.0863,FCC
1,5.9985,1.9,4.7775,66.12,0.0326,18.246,0.124,0.0932,FCC
1,7.0865,1.9,4.6925,65.775,0.0345,17.97,0.1271,0.096,FCC
1,12.3494,1.9,4.5025,64.91,0.0317,17.278,0.1262,0.0963,FCC
1,10.3028,1.9,4.555,65.17,0.0331,17.486,0.1273,0.0969,FCC
1,9.3765,1.9,4.6075,65.43,0.0338,17.694,0.1272,0.0966,FCC
1,12.0062,1.9,4.68,65.865,0.0322,18.042,0.1225,0.0936,FCC
2,39.4446,1.9,4.7725,66.475,0.0278,18.53,0.1114,0.0866,FCC
4,116.3684,1.9,4.74,66.39,0.0276,18.462,0.111,0.0868,FCC
4,12.9785,1.9,4.6225,62.975,0.0312,18.345,0.1469,0.1158,FCC
2,24.3621,1.9,4.665,64.64,0.0297,18.536,0.1309,0.1031,FCC
4,100.3055,1.9,4.7075,66.305,0.0269,18.394,0.11,0.0865,FCC
4,22.7502,1.85,4.7475,64.68,0.0287,18.832,0.1146,0.0867,FCC
4,15.0387,1.85,4.715,64.595,0.0286,18.7555,0.1145,0.0869,FCC
3,20.994,1.85,4.64,62.845,0.0309,18.475,0.1348,0.1033,FCC
3,10.7941,1.85,4.6825,64.51,0.028,18.679,0.1139,0.0866,FCC
1,59.8439,1.8,4.695,62.445,0.0345,18.335,0.1298,0.0939,FCC
1,43.494,1.8,4.61,62.1,0.0357,17.99,0.1329,0.0959,FCC
1,61.2059,1.8,4.6625,62.36,0.0346,18.25,0.1299,0.0941,FCC
3,7.0654,1.8,4.69,62.8,0.0296,18.69,0.1178,0.087,FCC
4,5.588,1.8,4.6575,62.715,0.0291,18.605,0.1175,0.0868,FCC
1,803.6534,1.75,4.7025,60.735,0.0346,17.9685,0.1318,0.0935,FCC
1,25.9643,1.75,4.67,60.65,0.0353,17.875,0.1325,0.094,FCC
4,4.1943,1.95,4.7425,65.515,0.0331,18.452,0.1229,0.0957,FCC
1,4.8913,1.95,4.71,65.43,0.0326,18.384,0.1217,0.0956,FCC
1,5.8621,1.95,4.5725,64.825,0.0306,17.9,0.1195,0.0963,FCC
1,6.6761,1.95,4.645,65.26,0.0301,18.248,0.1174,0.0943,FCC
1,6.7188,1.95,4.6975,65.52,0.0301,18.456,0.1165,0.0931,FCC
4,8.4866,1.95,4.56,64.915,0.0267,17.972,0.1128,0.0927,FCC
4,9.4301,1.95,4.8225,66.215,0.0259,19.012,0.1067,0.0857,FCC
4,10.6197,1.95,4.79,66.13,0.026,18.944,0.1063,0.0862,FCC
3,7.1053,1.95,4.715,64.38,0.0291,18.992,0.1268,0.1038,FCC
3,12.2002,1.95,4.7575,66.045,0.0255,18.876,0.1052,0.0863,FCC
2,14.4831,1.95,4.725,65.96,0.0246,18.808,0.1036,0.086,FCC
1,5.9808,1.9,4.665,63.46,0.0352,18.424,0.1288,0.0979,FCC
1,8.0793,1.9,4.58,63.115,0.034,18.1135,0.1276,0.0981,FCC
1,7.6727,1.9,4.685,63.635,0.0335,18.5815,0.1254,0.0958,FCC
1,7.9517,1.9,4.7375,63.895,0.0321,18.8155,0.1226,0.0935,FCC
4,11.7296,1.9,4.5475,63.03,0.0318,18.037,0.1245,0.0965,FCC
1,9.9983,1.9,4.6525,63.55,0.0326,18.505,0.1239,0.0953,FCC
1,10.0906,1.9,4.705,63.81,0.0318,18.739,0.1219,0.0936,FCC
4,20.6277,1.9,4.83,64.505,0.0261,19.3645,0.1097,0.0848,FCC
2,29.9861,1.9,4.7975,64.42,0.0267,19.288,0.1101,0.0858,FCC
4,18.6633,1.9,4.69,62.585,0.0302,18.905,0.1308,0.1039,FCC
3,31.7892,1.9,4.6575,62.5,0.0284,18.82,0.1286,0.1028,FCC
4,50.3554,1.9,4.7,64.165,0.0257,19.0585,0.108,0.0861,FCC
1,29.8875,1.85,4.68,62.015,0.0327,18.595,0.1253,0.0937,FCC
4,393.4056,1.85,4.6975,60.875,0.0325,18.5525,0.1358,0.1048,FCC
4,32.806,1.85,4.665,60.79,0.0313,18.459,0.1345,0.1041,FCC
3,12.7577,1.85,4.7075,62.455,0.0275,19.035,0.113,0.0866,FCC
1,4.3687,1.95,4.735,63.375,0.0323,19.0375,0.1212,0.0954,FCC
4,5.0522,1.95,4.5975,62.77,0.0317,18.493,0.1201,0.0976,FCC
1,5.0253,1.95,4.65,63.03,0.0321,18.727,0.1205,0.0968,FCC
2,8.9503,1.95,4.8475,64.16,0.0247,19.744,0.1054,0.0845,FCC
2,10.0139,1.95,4.815,64.075,0.0251,19.6675,0.1052,0.0855,FCC
3,6.6668,1.95,4.74,62.325,0.0294,19.335,0.1267,0.1043,FCC
3,11.364,1.95,4.7825,63.99,0.025,19.591,0.1045,0.086,FCC
1,8.213,1.95,4.675,62.155,0.0259,19.165,0.1215,0.1023,FCC
2,15.9869,1.95,4.7175,63.82,0.0234,19.438,0.1011,0.0857,FCC
1,8.5688,1.9,4.73,61.755,0.0313,19.025,0.1211,0.0932,FCC
4,24.1796,1.9,4.8225,62.365,0.0253,19.635,0.1087,0.0846,FCC
3,38.652,1.9,4.79,62.28,0.0259,19.55,0.1088,0.0856,FCC
3,108.1331,1.9,4.7575,62.195,0.0259,19.465,0.1084,0.0861,FCC
2,22.1234,1.9,4.6825,60.445,0.029,18.7695,0.1286,0.1036,FCC
3,107.1836,1.9,4.725,62.11,0.0254,19.38,0.1074,0.0862,FCC
3,32.0321,1.9,4.6925,62.025,0.0245,19.295,0.1058,0.0858,FCC
3,23.5273,1.85,4.765,60.485,0.0266,19.0735,0.1121,0.0857,FCC
3,70.0801,1.85,4.69,58.735,0.0314,18.032,0.1341,0.1045,FCC
2,15.2602,1.85,4.7325,60.4,0.0268,18.98,0.112,0.0862,FCC
3,10.7274,1.85,4.7,60.315,0.0264,18.8865,0.1114,0.0863,FCC
3,7.0058,1.8,4.7075,58.605,0.0277,18.136,0.1154,0.0864,FCC
4,7.5627,1.95,4.905,62.19,0.0219,20.15,0.1033,0.0812,FCC
2,10.5805,1.95,4.8075,61.935,0.0243,19.895,0.1035,0.0853,FCC
2,6.8406,1.95,4.7325,60.185,0.0283,19.1735,0.1244,0.104,FCC
4,12.107,1.95,4.775,61.85,0.0241,19.81,0.1025,0.0857,FCC
2,7.5168,1.95,4.7,60.1,0.0267,19.08,0.1218,0.1032,FCC
4,14.2531,1.95,4.7425,61.765,0.0234,19.725,0.1008,0.0858,FCC
4,17.609,1.95,4.71,61.68,0.0222,19.64,0.0983,0.0853,FCC
3,20.1167,1.9,4.8475,60.31,0.0237,19.571,0.1072,0.0831,FCC
3,29.1009,1.9,4.815,60.225,0.0246,19.4775,0.1075,0.0844,FCC
3,12.6777,1.9,4.74,58.475,0.0304,18.41,0.1301,0.1045,FCC
1,16.9771,1.9,4.7075,58.39,0.0293,18.308,0.1285,0.1041,FCC
4,1620.7166,1.9,4.75,60.055,0.025,19.2905,0.1066,0.0858,FCC
2,50.3927,1.9,4.7175,59.97,0.0244,19.197,0.1053,0.0859,FCC
4,154.5353,1.85,4.855,58.6,0.0242,18.82,0.109,0.0814,FCC
4,31.5274,1.85,4.79,58.43,0.0253,18.616,0.1108,0.0845,FCC
2,667.1633,1.85,4.715,56.68,0.0313,17.194,0.1336,0.1046,FCC
4,18.6251,1.85,4.7575,58.345,0.0258,18.514,0.1109,0.0855,FCC
3,12.5347,1.85,4.725,58.26,0.0258,18.412,0.1105,0.086,FCC
4,14.0836,1.8,4.7975,56.72,0.0252,17.506,0.1129,0.0833,FCC
3,10.3363,1.8,4.765,56.635,0.026,17.3955,0.1138,0.0846,FCC
1,4.1746,1.95,4.5125,74.415,0.0375,10.6245,0.2136,0.1526,FCC
1,3.2034,1.95,4.5525,74.015,0.0364,11.4745,0.1871,0.0864,FCC
1,3.065,1.95,4.605,74.275,0.0375,11.5525,0.1871,0.087,FCC
1,3.4056,1.95,4.5725,74.19,0.0346,11.527,0.1853,0.0848,FCC
1,3.8112,1.95,4.54,74.105,0.0331,11.5015,0.183,0.082,FCC
1,3.7197,1.95,4.4925,71.615,0.0349,13.876,0.184,0.0843,FCC
1,4.1655,1.95,4.5325,71.965,0.0324,14.016,0.1809,0.0814,FCC
1,3.4821,1.95,4.5175,69.56,0.036,15.97,0.1846,0.087,FCC
1,4.2187,1.95,4.505,69.65,0.033,16.015,0.1801,0.0824,FCC
1,4.4445,1.95,4.525,69.825,0.0316,16.1025,0.1786,0.0809,FCC
2,2.763,1.7,4.486,60.885,0.0985,33.372,0.482,0.309,IM
3,2.0238,1.75,4.465,55.02,0.0917,32.768,0.5257,0.3422,IM
2,2.2523,1.7,4.4785,60.04,0.0931,36.122,0.5343,0.3143,IM
3,2.0872,1.75,4.4735,57.93,0.0973,33.379,0.5211,0.3184,IM
3,2.1895,1.75,4.5035,60.54,0.0959,33.648,0.4738,0.3092,IM
2,1.9804,1.8,4.477,58.73,0.1027,30.876,0.4981,0.2974,IM
2,2.4811,1.7,4.4895,59.13,0.1055,32.539,0.525,0.29,IM
3,2.138,1.7,4.512,60.895,0.1004,35.5235,0.533,0.2855,IM
2,1.7786,1.8,4.4935,53.765,0.1013,29.301,0.5084,0.3193,IM
3,2.109,1.7,4.5275,53.865,0.0981,30.6975,0.4947,0.3279,IM
4,2.2528,1.7,4.5145,57.075,0.107,31.535,0.5272,0.2867,IM
3,2.2938,1.7,4.536,56.775,0.1013,31.715,0.4867,0.304,IM
2,1.9213,1.7,4.537,58.84,0.1019,34.696,0.5359,0.2821,IM
2,1.8428,1.75,4.532,56.73,0.1044,31.742,0.5199,0.287,IM
2,1.8647,1.75,4.5535,56.43,0.0987,31.922,0.4791,0.3041,IM
2,2.0175,1.75,4.562,59.34,0.1009,32.392,0.4707,0.2787,IM
3,2.2086,1.7,4.548,57.93,0.1108,31.022,0.5195,0.2558,IM
2,1.6228,1.8,4.49,50.97,0.0886,30.978,0.4368,0.2728,IM
2,2.8408,1.85,4.555,64.97,0.1161,32.544,0.5162,0.3295,IM
2,2.1449,1.85,4.55,60.305,0.1256,32.037,0.5685,0.3155,IM
4,2.6353,1.85,4.58,62.915,0.117,32.3295,0.5168,0.3251,IM
3,2.6746,1.85,4.6075,64.635,0.1252,36.989,0.5593,0.3412,IM
2,2.6024,1.8,4.61,62.97,0.1214,34.658,0.5394,0.3117,IM
2,2.4254,1.85,4.605,60.86,0.1179,31.704,0.5174,0.3206,IM
3,1.7286,1.75,4.525,55.52,0.1146,31.578,0.5012,0.316,IM
4,2.0017,1.7,4.575,62.49,0.1111,37.737,0.5014,0.3031,IM
3,1.5026,1.8,4.5425,55.175,0.1125,31.785,0.4957,0.3161,IM
2,1.8906,1.75,4.5725,56.56,0.1104,30.954,0.4677,0.3066,IM
2,1.6482,1.85,4.585,61.7,0.1115,37.4,0.4969,0.3816,IM
2,2.4691,1.7,4.625,67.305,0.1133,41.9165,0.5104,0.3582,IM
3,1.7298,1.75,4.595,58.325,0.1113,34.115,0.4837,0.3037,IM
4,1.6239,1.8,4.59,56.215,0.1086,31.161,0.463,0.3068,IM
3,2.0438,1.7,4.51,58.91,0.1129,31.232,0.5898,0.332,IM
4,2.3043,1.7,4.5325,62.005,0.1143,30.7055,0.56,0.3241,IM
2,2.2991,1.7,4.545,62.625,0.112,31.3875,0.5167,0.2953,IM
4,1.6843,1.75,4.5275,58.565,0.1101,31.508,0.581,0.3323,IM
4,1.8759,1.75,4.55,61.66,0.1117,31.016,0.5523,0.3244,IM
3,2.1031,1.7,4.57,60.57,0.1133,31.144,0.5185,0.292,IM
4,1.6977,1.75,4.575,59.605,0.1131,30.676,0.5548,0.3207,IM
2,2.4632,1.85,4.469,59.74,0.1231,30.332,0.5619,0.3579,IM
4,2.3881,1.9,4.5165,62.005,0.1127,30.696,0.5063,0.3666,IM
1,2.4358,1.95,4.582,56.8,0.0434,21.53,0.1899,0.1925,BCC+FCC
4,6.734,1.9,4.6165,59.505,0.0327,19.4455,0.1586,0.1429,FCC
4,36.1304,1.85,4.634,59.375,0.0312,19.5625,0.1482,0.1333,FCC
1,2.299,1.95,4.607,54.745,0.0442,20.704,0.1912,0.1945,BCC+FCC
1,2.1097,1.95,4.652,52.865,0.0441,19.6945,0.1913,0.1956,BCC+FCC
4,14.8779,1.85,4.684,55.265,0.0323,18.0145,0.148,0.1346,FCC
2,2.098,1.85,4.4975,62.585,0.118,30.232,0.5429,0.3405,IM
2,2.5575,1.8,4.6125,61.095,0.1224,32.8525,0.5415,0.3555,IM
2,2.8525,1.75,4.62,59.385,0.1253,31.496,0.5458,0.3506,IM
2,2.3809,1.85,4.5175,59.625,0.1177,30.4125,0.5163,0.361,IM
2,2.4644,1.85,4.51,60.11,0.1205,30.073,0.533,0.3459,IM
2,2.352,1.9,4.565,61.89,0.105,30.788,0.4599,0.3666,IM
3,3.0533,1.8,4.6075,60.19,0.1203,33.305,0.5107,0.3836,IM
3,12.0193,1.85,4.65,59.92,0.0314,19.072,0.1748,0.0846,FCC
3,68.2754,1.8,4.6575,58.21,0.0349,18.282,0.1797,0.0853,FCC
3,5.412,1.9,4.6675,59.575,0.03,19.3825,0.1692,0.0841,FCC
2,10.1259,1.85,4.675,57.865,0.0326,18.558,0.175,0.0848,FCC
3,2.3877,1.6,4.5735,59.775,0.1131,32.5975,0.5094,0.2979,IM
3,1.5507,1.75,4.571,58.185,0.1062,33.7105,0.5402,0.309,IM
4,1.5072,1.75,4.612,61.18,0.1125,33.816,0.5355,0.2796,IM
3,1.5749,1.75,4.585,55.745,0.0997,32.673,0.4964,0.3254,IM
3,1.7705,1.7,4.5985,60.765,0.1013,35.9545,0.5054,0.2979,IM
3,1.8175,1.7,4.5795,57.245,0.1124,31.773,0.5363,0.2797,IM
3,1.8455,1.7,4.601,56.945,0.1067,31.953,0.4963,0.2984,IM
2,1.5648,1.75,4.5775,53.605,0.0983,30.9975,0.4928,0.3255,IM
2,1.5649,1.75,4.6185,56.6,0.1042,32.16,0.4899,0.2985,IM
3,1.6036,1.7,4.5685,52.31,0.099,31.645,0.4688,0.2614,IM
3,2.5065,1.7,4.64,77.43,0.122,40.78,0.6009,0.2875,IM
2,2.6631,1.8,4.7275,79.765,0.1263,38.0685,0.556,0.3286,IM
3,2.5268,1.8,4.6675,73.25,0.1321,39.195,0.5878,0.3254,IM
2,2.7258,1.8,4.72,77.625,0.1253,39.865,0.5544,0.3289,IM
3,2.5783,1.8,4.66,71.11,0.1311,39.912,0.5864,0.3257,IM
3,3.0597,1.75,4.685,77.51,0.1223,43.461,0.5702,0.3245,IM
3,2.7581,1.8,4.7125,75.485,0.1242,41.2335,0.5527,0.3292,IM
3,2.479,1.85,4.74,73.46,0.1239,39.006,0.5329,0.3338,IM
3,2.8297,1.7,4.6275,69.33,0.1247,40.669,0.5833,0.2926,IM
4,2.752,1.8,4.705,73.345,0.1231,42.174,0.5509,0.3295,IM
3,2.0456,1.7,4.62,64.67,0.1214,39.881,0.5353,0.3678,IM
3,2.2429,1.6,4.5975,61.21,0.1194,36.774,0.5179,0.2967,IM
3,1.9398,1.6,4.5675,64.67,0.126,31.91,0.5732,0.2953,IM
3,1.2826,1.75,4.5825,60.915,0.1241,31.615,0.5785,0.3081,IM
2,1.7657,1.65,4.585,64.325,0.1234,32.255,0.5683,0.2956,IM
3,2.4513,1.6,4.515,61.825,0.1228,31.2075,0.6124,0.3273,IM
3,1.4885,1.75,4.5825,65.07,0.1174,31.913,0.5984,0.3278,IM
2,2.0247,1.7,4.5125,62.57,0.1136,31.19,0.6389,0.3479,IM
2,1.7743,1.7,4.5575,63.275,0.1187,31.895,0.6024,0.3277,IM
2,1.3429,1.75,4.575,58.775,0.1228,31.3125,0.5762,0.3082,IM
3,2.1164,1.65,4.5325,61.48,0.12,31.518,0.6061,0.3276,IM
3,1.8494,1.65,4.5775,62.185,0.1221,32.2935,0.5661,0.2957,IM
4,1.5329,1.75,4.575,62.93,0.1159,32.24,0.5951,0.328,IM
2,2.0617,1.7,4.505,60.43,0.1121,31.053,0.6349,0.3482,IM
3,1.8217,1.7,4.55,61.135,0.1173,31.8285,0.5992,0.3279,IM
3,1.6301,1.7,4.595,61.84,0.1196,32.604,0.5604,0.296,IM
3,1.8471,1.7,4.605,64.315,0.121,30.855,0.5724,0.3159,IM
2,1.9026,1.65,4.57,60.045,0.1208,31.904,0.5637,0.2959,IM
4,2.3524,1.6,4.6,61.43,0.1228,30.796,0.5362,0.2842,IM
3,1.5528,1.75,4.5675,60.79,0.1145,32.139,0.5916,0.3282,IM
3,1.5832,1.75,4.6225,63.97,0.1185,31.2,0.5662,0.3162,IM
2,1.6548,1.7,4.5875,59.7,0.1183,32.18,0.5578,0.2961,IM
3,1.8783,1.7,4.5975,62.175,0.1197,30.8925,0.5698,0.3161,IM
3,2.3798,1.6,4.59,63.11,0.1176,33.502,0.5479,0.2827,IM
3,1.6451,1.7,4.58,57.56,0.117,31.328,0.555,0.2963,IM
2,1.6027,1.7,4.5925,59.87,0.1251,32.531,0.5735,0.2033,IM
3,3.1078,1.55,4.6075,66.895,0.1324,33.5535,0.5872,0.3544,IM
2,2.6618,1.85,4.61,63.705,0.1385,31.5565,0.6308,0.3362,IM
3,2.8838,1.8,4.6925,72.195,0.1332,30.944,0.5529,0.3915,IM
3,2.4522,1.85,4.5975,59.795,0.1228,31.502,0.5562,0.3674,IM
3,2.2954,1.7,4.5635,58.495,0.1036,35.9325,0.5271,0.3713,IM
3,2.2731,1.7,4.5445,54.975,0.1151,30.82,0.5574,0.3475,IM
2,2.332,1.7,4.5995,55.53,0.1125,30.598,0.5082,0.3464,IM
3,2.8941,1.6,4.582,62.405,0.1026,40.107,0.4897,0.3567,IM
3,2.4653,1.6,4.531,56.865,0.0971,33.4175,0.5252,0.2985,IM
3,2.107,1.7,4.5205,60.51,0.1043,33.313,0.6112,0.3021,IM
3,2.0437,1.7,4.5755,61.065,0.1075,32.9245,0.5678,0.3035,IM
3,2.3151,1.7,4.492,57.735,0.0895,32.9825,0.532,0.3067,IM
3,1.9774,1.7,4.527,57.26,0.0965,33.22,0.5365,0.293,IM
3,2.0971,1.65,4.5735,56.345,0.0994,33.6775,0.4881,0.2936,IM
3,2.4005,1.65,4.61,59.52,0.1222,32.332,0.5689,0.3104,IM
3,3.0496,1.7,4.625,61.495,0.1274,34.872,0.5678,0.3413,IM
2,2.1706,1.6,4.5975,58.1,0.1145,32.9,0.5396,0.3523,IM
2,1.8804,1.6,4.5875,55.36,0.1126,30.666,0.5263,0.2895,IM
3,2.6525,1.75,4.58,71.705,0.1185,37.857,0.653,0.3069,IM
2,2.8693,1.8,4.6325,73.925,0.1231,39.855,0.6274,0.3319,IM
2,2.7236,1.8,4.62,65.71,0.1296,31.212,0.6205,0.3241,IM
2,2.6762,1.7,4.6225,64.785,0.1234,33.6505,0.5806,0.2839,IM
2,2.9319,1.8,4.575,61.315,0.1033,31.614,0.5086,0.3685,IM
2,2.8184,1.75,4.57,63.975,0.114,36.5225,0.5693,0.3303,IM
4,2.7716,1.8,4.61,60.84,0.1079,31.804,0.5053,0.3538,IM
3,3.2158,1.8,4.6225,66.195,0.1148,38.7425,0.5408,0.366,IM
2,2.3013,1.7,4.52,59.805,0.0962,35.2775,0.5056,0.3346,IM
2,1.7976,1.7,4.59,58.855,0.1084,35.7525,0.5068,0.3103,IM
3,2.162,1.7,4.6025,60.37,0.1031,34.995,0.4783,0.313,IM
3,3.0025,1.7,4.6275,67.24,0.104,40.536,0.4855,0.371,IM
4,2.4006,1.75,4.58,64.845,0.1099,38.7185,0.4904,0.3685,IM
2,2.6074,1.7,4.6075,63.31,0.1143,38.324,0.4973,0.3627,IM
3,2.0311,1.8,4.6,60.68,0.1086,35.332,0.4715,0.371,IM
2,2.2528,1.65,4.5925,59.695,0.1204,35.3325,0.5451,0.2885,IM
3,2.379,1.65,4.585,60.18,0.1226,35.09,0.5622,0.2784,IM
2,3.0431,1.6,4.62,64.9,0.1182,38.61,0.5319,0.2731,IM
2,2.4074,1.7,4.5725,63.725,0.1064,31.0625,0.557,0.2725,IM
2,2.341,1.7,4.51,62.665,0.096,32.448,0.5616,0.3429,IM
2,2.645,1.7,4.5225,64.18,0.0935,31.236,0.5351,0.3456,IM
3,2.2643,1.7,4.5075,63.625,0.0985,32.2275,0.6008,0.348,IM
2,2.3069,1.7,4.5575,63.705,0.0999,31.616,0.5403,0.3314,IM
2,2.3562,1.7,4.605,64.745,0.1014,30.784,0.5153,0.3196,IM
3,1.9581,1.7,4.5675,58.785,0.1071,30.8405,0.4746,0.2439,IM
3,2.4576,1.6,4.5725,65.275,0.1115,35.82,0.5712,0.2733,IM
3,2.4551,1.8,4.605,61.845,0.1311,30.723,0.6277,0.3506,IM
3,2.6939,1.85,4.7245,78.77,0.0916,31.989,0.3819,0.4074,IM
3,2.8469,1.85,4.692,78.685,0.0896,31.9295,0.3779,0.4109,IM
2,2.8177,1.8,4.722,78.74,0.0944,35.802,0.4008,0.4016,IM
2,2.5924,1.85,4.7495,76.715,0.0926,34.182,0.3832,0.404,IM
3,2.7498,1.85,4.717,76.63,0.0906,34.114,0.3794,0.4076,IM
3,2.5674,1.8,4.7195,74.965,0.0869,32.782,0.3564,0.34,IM
2,3.3246,1.85,4.758,79.625,0.0894,30.8775,0.3702,0.3813,IM
2,2.4879,1.85,4.7145,72.855,0.0811,31.094,0.3327,0.3433,IM
2,2.6606,1.8,4.747,76.685,0.0956,37.7865,0.4025,0.3981,IM
2,2.7474,1.9,4.7395,76.24,0.0954,37.386,0.403,0.4461,IM
2,2.627,1.85,4.742,74.575,0.0916,35.8875,0.3808,0.4042,IM
3,2.7663,1.85,4.7095,74.49,0.0896,35.811,0.3768,0.4078,IM
4,2.5496,1.9,4.737,72.465,0.086,33.9885,0.3575,0.4101,IM
3,3.3771,1.85,4.7505,77.485,0.0886,33.088,0.368,0.3815,IM
2,1.8658,1.8,4.6885,65.52,0.0885,31.96,0.3706,0.3167,IM
2,2.597,1.75,4.5895,69.425,0.0693,32.3075,0.3338,0.2607,IM
2,1.498,1.85,4.4665,58.13,0.0903,34.203,0.5172,0.3703,IM
2,1.2662,1.9,4.4725,56.405,0.1022,31.7055,0.5511,0.3558,IM
2,1.3989,1.85,4.486,61.425,0.1037,33.415,0.56,0.3279,IM
2,1.7813,1.8,4.469,62.765,0.0841,35.955,0.4752,0.3592,IM
4,1.5257,1.85,4.475,61.04,0.0957,33.63,0.5125,0.3479,IM
4,1.5094,1.85,4.4965,60.74,0.0907,33.93,0.4712,0.3586,IM
3,1.6775,1.8,4.51,65.76,0.0922,34.704,0.4802,0.3348,IM
3,1.2986,1.9,4.5025,59.015,0.1008,31.605,0.5031,0.3482,IM
2,1.4502,1.85,4.516,64.035,0.1026,32.5515,0.5121,0.3217,IM
3,1.7331,1.8,4.4725,61.01,0.0901,35.661,0.5209,0.3448,IM
2,1.8934,1.75,4.486,66.03,0.0915,36.91,0.5294,0.3172,IM
2,1.636,1.8,4.5135,64.005,0.0988,34.885,0.5244,0.3182,IM
4,1.2686,1.9,4.506,57.26,0.1079,30.936,0.5456,0.3294,IM
2,1.4041,1.85,4.5195,62.28,0.1097,32.56,0.5546,0.2996,IM
3,1.3823,1.85,4.582,64.975,0.1089,31.6875,0.5098,0.2908,IM
2,1.513,1.85,4.487,62.195,0.1069,32.475,0.5491,0.3031,IM
2,1.5269,1.85,4.53,61.595,0.0956,33.075,0.4676,0.3345,IM
3,1.496,1.85,4.571,64.59,0.1002,31.941,0.4647,0.3089,IM
3,1.6339,1.85,4.476,61.81,0.0985,32.69,0.5023,0.3247,IM
3,1.7849,1.75,4.511,63.975,0.0932,37.2125,0.5334,0.3142,IM
3,1.5384,1.8,4.517,62.25,0.1054,34.715,0.5678,0.2944,IM
3,1.5564,1.8,4.5385,61.95,0.1003,34.985,0.5273,0.3152,IM
3,1.5071,1.8,4.5795,64.945,0.1071,34.115,0.5256,0.2865,IM
3,1.5171,1.8,4.601,64.645,0.1015,34.415,0.485,0.3038,IM
4,1.7732,1.8,4.465,58.87,0.0886,35.154,0.5156,0.3449,IM
2,1.5268,1.85,4.471,57.145,0.1009,32.484,0.5521,0.3282,IM
4,1.5312,1.85,4.4925,56.845,0.0958,32.724,0.5114,0.3455,IM
3,1.6898,1.8,4.506,61.865,0.0974,34.8915,0.5202,0.3183,IM
2,1.6336,1.8,4.547,64.86,0.1044,34.03,0.5201,0.2899,IM
4,1.6445,1.8,4.5685,64.56,0.0987,34.33,0.4793,0.3065,IM
3,1.4408,1.85,4.5745,62.835,0.1077,32.005,0.5072,0.291,IM
2,1.8004,1.8,4.495,61.48,0.0894,35.068,0.4709,0.335,IM
2,1.5782,1.85,4.501,59.755,0.0999,32.5705,0.505,0.322,IM
2,1.7607,1.8,4.536,64.475,0.096,34.245,0.473,0.3091,IM
4,1.5517,1.85,4.5635,62.45,0.099,32.22,0.4616,0.309,IM
3,1.6309,1.85,4.5095,62.665,0.1028,31.835,0.4973,0.2973,IM
3,1.6452,1.85,4.5935,65.06,0.0927,31.254,0.4098,0.2933,IM
2,1.647,1.75,4.536,61.92,0.0948,37.104,0.5372,0.3111,IM
2,1.589,1.75,4.577,64.915,0.1034,36.5365,0.539,0.2818,IM
4,1.5993,1.75,4.5985,64.615,0.0984,36.8065,0.4983,0.3008,IM
3,1.2746,1.85,4.591,57.87,0.1068,32.244,0.5185,0.3132,IM
2,1.6502,1.8,4.49,56.815,0.0903,34.3295,0.5198,0.3423,IM
2,1.7439,1.75,4.5445,64.83,0.1005,36.443,0.5322,0.2854,IM
4,1.7553,1.75,4.566,64.53,0.0954,36.713,0.4912,0.3036,IM
3,1.3807,1.85,4.537,58.085,0.1098,31.902,0.5536,0.2964,IM
3,1.5481,1.8,4.572,62.805,0.1058,34.2155,0.5224,0.2867,IM
2,1.5585,1.8,4.5935,62.505,0.1001,34.4855,0.4817,0.3039,IM
2,1.3732,1.85,4.5995,60.78,0.109,31.988,0.5088,0.2879,IM
2,1.5261,1.8,4.613,65.8,0.111,33.26,0.5179,0.2556,IM
2,1.5439,1.85,4.485,54.705,0.0944,31.5865,0.507,0.3456,IM
3,1.7049,1.8,4.4985,59.725,0.096,34.47,0.5158,0.3185,IM
4,1.6775,1.8,4.561,62.42,0.0974,34.392,0.4757,0.3066,IM
2,1.4779,1.85,4.567,60.695,0.1066,31.8945,0.5044,0.2911,IM
3,1.6434,1.8,4.5805,65.715,0.1085,33.175,0.5135,0.2594,IM
3,1.4689,1.85,4.608,63.69,0.11,31.15,0.4981,0.2607,IM
2,1.5693,1.85,4.5345,60.61,0.1041,31.801,0.4995,0.2943,IM
4,1.5804,1.85,4.556,60.31,0.0978,32.071,0.4584,0.3091,IM
3,1.5617,1.85,4.5755,63.605,0.1078,31.065,0.4944,0.2643,IM
4,1.5923,1.85,4.597,63.305,0.1008,31.365,0.4536,0.2816,IM
3,1.6745,1.85,4.586,62.92,0.0917,31.58,0.4068,0.2933,IM
3,1.6079,1.75,4.5695,62.775,0.102,36.42,0.5351,0.282,IM
3,1.282,1.85,4.6245,58.725,0.1103,31.56,0.5103,0.2847,IM
3,1.5878,1.8,4.5235,57.67,0.0975,33.731,0.5191,0.3155,IM
2,1.4117,1.85,4.551,55.645,0.1028,31.0985,0.5101,0.3164,IM
2,1.5649,1.8,4.5645,60.665,0.1045,33.888,0.5191,0.2869,IM
2,1.5757,1.8,4.586,60.365,0.0988,34.128,0.4783,0.3041,IM
4,1.7564,1.75,4.5995,65.385,0.1006,35.9435,0.4874,0.275,IM
3,1.3968,1.85,4.592,58.64,0.1078,31.458,0.5062,0.288,IM
2,1.5531,1.8,4.6055,63.66,0.1098,33.446,0.5153,0.2558,IM
4,1.4998,1.85,4.5185,55.56,0.1,30.988,0.504,0.3194,IM
2,1.8683,1.75,4.567,65.3,0.0979,35.85,0.4809,0.2782,IM
2,1.4921,1.85,4.5595,58.555,0.1054,31.356,0.5015,0.2913,IM
4,1.5028,1.85,4.581,58.255,0.0991,31.596,0.4606,0.3067,IM
3,1.564,1.85,4.527,58.47,0.1029,31.254,0.4963,0.2945,IM
2,1.5754,1.85,4.568,61.465,0.1067,31.0315,0.4918,0.2645,IM
4,1.6069,1.85,4.5895,61.165,0.0998,31.3015,0.4509,0.2817,IM
2,1.6032,1.75,4.5835,60.335,0.0955,36.0855,0.4902,0.301,IM
2,1.5864,1.75,4.603,63.63,0.1077,35.736,0.5304,0.2504,IM
3,1.5493,1.8,4.557,58.525,0.1032,33.1325,0.5156,0.287,IM
3,1.5602,1.8,4.5785,58.225,0.0975,33.3425,0.4746,0.3042,IM
3,1.7401,1.75,4.592,63.245,0.0993,35.874,0.4837,0.2752,IM
3,1.3997,1.85,4.5845,56.5,0.1066,30.5,0.5034,0.2882,IM
4,1.557,1.8,4.598,61.52,0.1086,33.204,0.5125,0.256,IM
3,1.5879,1.8,4.6195,61.22,0.1023,33.444,0.4719,0.2758,IM
3,1.4082,1.85,4.6255,59.495,0.1101,30.774,0.4971,0.2574,IM
2,1.6422,1.8,4.5655,61.435,0.1061,33.102,0.5075,0.2597,IM
4,1.6753,1.8,4.587,61.135,0.0998,33.342,0.4667,0.2788,IM
3,1.5883,1.85,4.582,59.025,0.0987,30.81,0.4481,0.2818,IM
3,1.432,1.8,4.623,59.465,0.1099,32.6445,0.5143,0.2523,IM
3,1.4977,1.85,4.607,56.97,0.0998,30.001,0.4499,0.2791,IM
3,1.2499,1.8,4.5835,64.29,0.0961,36.661,0.4616,0.261,IM
2,1.2621,1.85,4.5075,53.95,0.0886,35.21,0.468,0.2763,IM
3,1.5617,1.75,4.5625,64.36,0.0856,38.75,0.4398,0.2835,IM
2,1.3267,1.8,4.576,62.15,0.0947,36.91,0.4575,0.2609,IM
2,1.2588,1.85,4.571,60.04,0.096,34.8,0.4413,0.2538,IM
2,1.5136,1.75,4.527,61.85,0.0898,39.125,0.4801,0.2481,IM
2,1.3777,1.8,4.5685,60.01,0.0932,36.731,0.4532,0.2607,IM
2,1.6172,1.8,4.6135,66.2,0.0902,34.22,0.3909,0.2511,IM
3,1.709,1.8,4.581,66.115,0.0877,34.1435,0.3844,0.2508,IM
3,1.4925,1.75,4.58,60.165,0.0858,38.508,0.4386,0.2835,IM
2,1.5268,1.75,4.5745,62.89,0.0934,38.189,0.4577,0.2426,IM
3,1.5487,1.85,4.601,61.95,0.0868,32.55,0.3678,0.2447,IM
2,3.4756,1.8,4.69,77.43,0.0843,35.983,0.3865,0.3825,IM
3,2.6122,1.85,4.6275,79.585,0.1123,30.7595,0.5029,0.3252,IM
2,2.5966,1.8,4.6575,79.64,0.1152,34.722,0.5244,0.3121,IM
3,2.8847,1.85,4.6225,81.22,0.1164,35.986,0.5408,0.3486,IM
2,2.7508,1.9,4.6175,79.11,0.1151,34.298,0.5211,0.3578,IM
2,2.6436,1.85,4.62,77.445,0.1113,32.966,0.5007,0.3255,IM
3,2.7401,1.85,4.6475,79.165,0.1176,38.2185,0.5423,0.344,IM
3,2.8655,1.85,4.615,79.08,0.1154,38.142,0.5381,0.3489,IM
3,2.6369,1.9,4.6425,77.055,0.1161,36.3195,0.5223,0.3533,IM
2,2.6449,1.9,4.67,78.775,0.1222,41.705,0.5639,0.3593,IM
3,1.5732,1.85,4.6075,64.34,0.1215,34.278,0.5641,0.2636,IM
3,2.5017,1.9,4.6675,75,0.1171,37.93,0.5234,0.3488,IM
3,2.7685,1.85,4.7575,73.975,0.1068,35.795,0.4543,0.3154,IM
2,3.0839,1.9,4.7225,75.555,0.1091,37.375,0.4724,0.3555,IM
2,2.8687,1.9,4.72,71.78,0.0992,33.6,0.4291,0.328,IM
2,1.3138,1.9,4.615,61.86,0.1058,34.006,0.4555,0.3094,IM
2,2.5811,1.9,4.71,72.865,0.0923,33.3785,0.3922,0.356,IM
3,1.2282,1.9,4.4675,56.82,0.1114,30.98,0.5605,0.3311,IM
3,1.4295,1.8,4.5675,64.64,0.1116,32.216,0.5843,0.332,IM
2,1.2667,1.85,4.595,62.615,0.1178,30.3935,0.5739,0.3344,IM
3,1.3068,1.8,4.6125,65.345,0.1144,32.8505,0.5484,0.2996,IM
2,1.2877,1.85,4.5875,60.475,0.1165,30.475,0.5707,0.3346,IM
3,1.5921,1.8,4.5825,65.595,0.1118,30.9955,0.5515,0.3243,IM
3,1.2937,1.85,4.6,61.095,0.1144,31.095,0.5275,0.3044,IM
2,1.3297,1.8,4.5975,61.065,0.1118,33.1315,0.5417,0.2999,IM
4,1.5249,1.75,4.625,66.27,0.1099,34.19,0.5282,0.2869,IM
3,1.5741,1.8,4.575,63.455,0.1105,31.375,0.5478,0.3245,IM
3,1.294,1.85,4.5925,58.955,0.1132,30.8105,0.5245,0.3045,IM
3,1.5004,1.8,4.62,64.16,0.111,32.08,0.5111,0.2921,IM
1,4.5153,1.95,4.5875,77.295,0.0372,10.1185,0.1702,0.1079,FCC
1,4.3157,1.95,4.64,77.555,0.0377,10.1965,0.1717,0.1071,FCC
1,5.1504,1.95,4.555,77.21,0.0352,10.093,0.1663,0.1065,FCC
1,5.4296,1.95,4.575,77.385,0.0343,10.1455,0.165,0.105,FCC
4,1.9134,1.95,4.7565,73.615,0.0412,13.976,0.2032,0.1329,FCC
1,2.303,2,4.614,74.5,0.0378,10.99,0.1567,0.1381,FCC
1,2.478,2,4.4355,70.9,0.0349,14.67,0.1671,0.159,FCC
1,2.6677,2,4.529,74.155,0.0348,10.8865,0.151,0.1339,FCC
1,2.9705,2,4.4965,74.07,0.0326,10.861,0.1462,0.1307,FCC
1,2.6459,2,4.6015,74.59,0.0343,11.017,0.1516,0.1351,FCC
1,1.8219,2,4.6955,70.885,0.0438,16.7625,0.1896,0.176,BCC+FCC
1,2.8819,2,4.459,70.175,0.0347,14.6975,0.1564,0.1396,FCC
1,2.9869,2,4.479,70.35,0.035,14.785,0.1559,0.1394,FCC
1,1.8861,2,4.7005,68.655,0.0461,18.473,0.1917,0.1782,BCC+FCC
1,2.7489,2,4.6465,72.71,0.0339,13.684,0.1502,0.1359,FCC
1,2.5925,2,4.5265,69.785,0.0356,15.4525,0.1503,0.1367,FCC
4,3.4304,2,4.419,67.95,0.0307,16.34,0.1447,0.1349,FCC
1,2.711,2,4.6715,70.655,0.0352,15.8875,0.1506,0.1372,FCC
1,3.1899,2,4.534,70.05,0.0319,15.585,0.1428,0.1325,FCC
1,3.0333,2,4.5865,70.31,0.0327,15.715,0.1459,0.1344,FCC
1,2.9137,2,4.639,70.57,0.0326,15.845,0.1477,0.1356,FCC
1,2.1995,2,4.669,66.355,0.0458,18.674,0.1861,0.1626,BCC+FCC
1,2.8016,2,4.4765,65.98,0.0348,17.716,0.1544,0.1425,FCC
1,2.887,2,4.539,67.82,0.0338,17.212,0.1455,0.1356,FCC
1,1.9437,2,4.718,64.46,0.0461,20.768,0.19,0.1793,BCC+FCC
1,1.6665,2,4.7195,63.13,0.0486,22.364,0.2014,0.1988,BCC+FCC
1,3.0365,2,4.5165,66.33,0.0351,17.961,0.1531,0.1417,FCC
1,3.0373,2,4.559,67.995,0.033,17.317,0.1442,0.1348,FCC
1,3.1041,2,4.5365,66.505,0.0347,18.0835,0.1523,0.1412,FCC
1,3.1597,2,4.579,68.17,0.0318,17.422,0.1427,0.134,FCC
1,2.9464,2,4.684,68.69,0.0327,17.734,0.146,0.1358,FCC
1,1.9403,2,4.622,62.875,0.0442,22.16,0.1916,0.1929,BCC+FCC
1,2.9661,2,4.5315,65.68,0.0328,18.456,0.1418,0.1352,FCC
1,2.2158,2,4.6865,62.16,0.0458,19.67,0.1844,0.1641,BCC+FCC
1,2.0511,2,4.6555,60.745,0.0468,20.915,0.1921,0.1826,BCC+FCC
1,1.837,2,4.667,60.995,0.0441,22.7155,0.1916,0.1944,BCC+FCC
1,2.1697,2,4.5905,60.575,0.0438,20.745,0.1826,0.1772,BCC+FCC
1,1.8822,2,4.6345,60.91,0.0428,22.639,0.1877,0.1923,BCC+FCC
4,2.8207,2,4.674,65.235,0.0323,19.678,0.1528,0.1429,FCC
1,1.7827,2,4.768,60.35,0.0476,21.47,0.1907,0.1813,BCC+FCC
1,2.0377,2,4.703,60.18,0.0447,21.3,0.1855,0.1788,BCC+FCC
1,2.1015,2,4.6155,58.52,0.0446,20.502,0.1843,0.1798,BCC+FCC
1,2.02,2,4.6405,56.465,0.0454,19.848,0.1859,0.182,BCC+FCC
1,1.7954,2,4.652,56.715,0.0429,22.1265,0.186,0.1939,BCC+FCC
1,1.6762,2,4.7855,56.155,0.0477,20.426,0.1891,0.1817,BCC+FCC
1,1.5587,2,4.7545,54.74,0.0487,21.388,0.1982,0.2004,BCC+FCC
1,1.6566,2,4.722,54.655,0.0472,21.286,0.1954,0.1992,BCC+FCC
3,1.6987,1.75,4.4825,64.655,0.1185,30.7705,0.6162,0.3346,IM
3,1.75,1.75,4.475,62.515,0.1172,30.628,0.6126,0.3348,IM
2,1.5916,1.85,4.4975,64.03,0.1248,31.333,0.6198,0.3279,IM
3,1.756,1.8,4.485,64.535,0.119,30.7085,0.5899,0.3381,IM
3,1.4548,1.9,4.565,64.08,0.1282,31.458,0.5993,0.3219,IM
2,1.5474,1.85,4.585,64.67,0.1246,30.927,0.5751,0.3278,IM
2,1.6945,1.8,4.51,62.48,0.1203,30.656,0.592,0.3338,IM
3,1.7188,1.85,4.52,64.5,0.1201,30.74,0.5676,0.3371,IM
3,1.4723,1.85,4.61,62.615,0.1257,30.888,0.5762,0.3234,IM
2,1.572,1.85,4.5775,62.53,0.1235,30.786,0.5729,0.3281,IM
4,1.5395,1.9,4.62,64.635,0.123,30.9585,0.5492,0.3267,IM
3,1.7242,1.8,4.565,63.035,0.1176,30.212,0.5446,0.3371,IM
4,1.6247,1.9,4.5875,64.55,0.1211,30.865,0.5465,0.3314,IM
3,1.6929,1.9,4.555,64.465,0.1191,30.7715,0.5433,0.336,IM
2,1.6248,1.9,4.58,62.41,0.1201,30.712,0.5445,0.3317,IM
2,1.669,1.9,4.5475,62.325,0.1181,30.61,0.5411,0.3363,IM
3,1.4022,1.85,4.59,64.785,0.1136,32.495,0.5046,0.3808,IM
4,3.7726,1.95,4.4825,75.05,0.0335,9.375,0.1726,0.0834,FCC
1,3.4578,1.95,4.4675,72.645,0.0348,11.878,0.1758,0.0891,FCC
4,3.4105,1.95,4.715,67.79,0.0316,18.153,0.172,0.085,FCC
4,3.3633,1.95,4.74,65.735,0.0327,19.248,0.1721,0.0852,FCC
4,3.4651,1.95,4.7075,65.65,0.0303,19.18,0.17,0.0846,FCC
4,3.4632,1.95,4.7,63.51,0.03,19.779,0.1677,0.0843,FCC
4,3.5721,2,4.705,67.05,0.0349,17.705,0.2038,0.2274,FCC
2,2.9898,1.75,4.637,72.36,0.0841,37.09,0.3641,0.3429,IM
2,1.8557,1.85,4.552,62.715,0.1004,35.238,0.4821,0.3612,IM
2,1.6043,1.85,4.547,58.05,0.1047,34.28,0.5328,0.3559,IM
3,1.8207,1.8,4.582,62.77,0.1008,37.541,0.501,0.3517,IM
3,1.5121,1.9,4.542,55.94,0.1061,31.326,0.516,0.3624,IM
4,1.7396,1.85,4.577,60.66,0.1017,34.798,0.4845,0.3578,IM
3,1.9679,1.9,4.583,65.235,0.1066,36.552,0.4965,0.3826,IM
2,1.6322,1.9,4.572,58.55,0.101,32.055,0.4664,0.3635,IM
3,1.6101,1.85,4.602,58.605,0.103,33.947,0.4867,0.3543,IM
3,1.6599,1.8,4.5655,63.185,0.097,39.082,0.4651,0.3492,IM
2,1.4699,1.85,4.5855,59.02,0.0992,35.946,0.4523,0.3494,IM
3,1.653,1.85,4.608,62.115,0.0959,35.718,0.4204,0.3429,IM
2,1.3629,1.85,4.6105,56.965,0.1004,34.931,0.4548,0.3471,IM
2,2.1804,1.6,4.473,59.99,0.091,31.937,0.5268,0.251,IM
2,1.7271,1.75,4.4725,52.655,0.0834,31.3025,0.5299,0.3402,IM
2,1.8673,1.7,4.486,57.675,0.0846,35.395,0.5381,0.3121,IM
2,2.0141,1.6,4.498,57.935,0.0927,31.019,0.5316,0.2478,IM
2,1.8884,1.7,4.4795,56.455,0.0929,31.907,0.5436,0.2886,IM
3,1.7777,1.75,4.481,55.565,0.0908,32.441,0.5291,0.3163,IM
3,1.8924,1.7,4.501,56.155,0.0885,32.087,0.5025,0.3053,IM
2,1.6608,1.8,4.476,53.455,0.0954,29.487,0.5173,0.3201,IM
2,1.9394,1.7,4.5095,59.065,0.0943,32.5845,0.4998,0.28,IM
4,1.8273,1.75,4.511,58.175,0.0919,33.2075,0.4848,0.3073,IM
3,1.6809,1.75,4.5145,56.42,0.0985,31.928,0.5296,0.2879,IM
3,1.726,1.7,4.568,57.865,0.1016,31.061,0.5012,0.2465,IM
4,1.6389,1.75,4.5695,56.975,0.0989,31.595,0.4861,0.2766,IM
2,1.6843,1.75,4.471,51.55,0.0837,30.63,0.4532,0.2518,IM
2,2.3795,1.75,4.472,65.41,0.0883,33.47,0.5821,0.3573,IM
2,1.895,1.8,4.466,56.345,0.0885,32.0085,0.5854,0.3682,IM
2,2.0522,1.8,4.492,61.245,0.0962,31.3895,0.5784,0.361,IM
2,1.8,1.8,4.4785,56.965,0.0927,32.8145,0.5495,0.3501,IM
3,1.9645,1.8,4.483,62.165,0.1036,31.8015,0.581,0.319,IM
2,1.9932,1.8,4.5045,61.865,0.0985,32.0715,0.5404,0.3482,IM
3,1.8523,1.8,4.5085,59.575,0.094,33.18,0.5053,0.3488,IM
3,1.7256,1.85,4.5035,57.465,0.0967,30.648,0.4914,0.3535,IM
3,1.7546,1.8,4.4995,57.2,0.0983,31.41,0.5885,0.3402,IM
3,1.9314,1.8,4.5255,62.1,0.1046,30.62,0.5787,0.3323,IM
3,1.8434,1.8,4.5295,59.81,0.1001,31.752,0.5439,0.3445,IM
2,1.8827,1.75,4.547,62.54,0.0971,35.028,0.5176,0.3158,IM
2,1.7967,1.8,4.542,60.43,0.0999,32.496,0.5033,0.3213,IM
3,1.7552,1.8,4.5505,60.045,0.1061,30.324,0.582,0.328,IM
2,1.7073,1.75,4.572,60.485,0.0986,34.5705,0.521,0.3122,IM
2,1.7759,1.8,4.563,60.665,0.1064,31.068,0.5411,0.3155,IM
2,1.6623,1.8,4.567,58.375,0.1013,31.8275,0.5062,0.3179,IM
3,1.8357,1.75,4.5805,63.395,0.1031,34.344,0.5151,0.286,IM
3,1.9127,1.8,4.593,63.275,0.1036,30.8025,0.493,0.3183,IM
3,1.7716,1.8,4.618,61.22,0.1049,30.624,0.4953,0.3145,IM
2,1.7246,1.8,4.4835,57.08,0.0848,35.176,0.4683,0.3477,IM
3,1.5361,1.8,4.4945,54.84,0.0893,34.302,0.4956,0.3303,IM
2,1.5074,1.85,4.494,57.93,0.1032,31.393,0.5162,0.3378,IM
3,1.8506,1.7,4.5705,65.485,0.092,37.2535,0.5081,0.3317,IM
3,1.5987,1.8,4.538,58.17,0.098,33.064,0.5105,0.3477,IM
3,1.6509,1.8,4.5815,61.5,0.1055,31.16,0.5215,0.3417,IM
2,1.5772,1.8,4.598,59.83,0.0976,32.976,0.4435,0.2908,IM
2,2.0855,1.8,4.4675,56.18,0.0771,32.072,0.4603,0.3525,IM
2,1.9496,1.8,4.4775,57.76,0.0825,33.498,0.4638,0.3439,IM
3,2.3112,1.75,4.468,64.41,0.0895,34.772,0.5096,0.2876,IM
2,1.9866,1.8,4.4645,60.97,0.0927,33.304,0.5026,0.3069,IM
2,1.7387,1.8,4.4725,53.095,0.0828,31.0825,0.5113,0.3517,IM
2,1.893,1.75,4.486,58.115,0.0842,35.131,0.5197,0.3245,IM
3,2.0617,1.75,4.506,59.145,0.0802,34.513,0.4739,0.3256,IM
2,1.9612,1.8,4.501,57.035,0.0835,31.559,0.4635,0.3279,IM
2,2.0056,1.8,4.488,60.245,0.0933,31.7585,0.5012,0.2888,IM
2,1.8676,1.8,4.511,58.615,0.0884,32.8995,0.4648,0.3187,IM
3,1.629,1.8,4.506,53.95,0.0906,30.655,0.5139,0.3256,IM
2,1.8504,1.8,4.513,58.19,0.0946,30.866,0.5046,0.2856,IM
2,1.724,1.8,4.536,56.56,0.0898,31.844,0.4683,0.3164,IM
2,1.9096,1.75,4.5945,60.555,0.0862,33.667,0.4333,0.2836,IM
2,1.859,1.8,4.5895,58.445,0.0873,30.713,0.4174,0.285,IM
2,2.2361,1.75,4.47,58.89,0.0659,36.927,0.398,0.2942,IM
3,2.2041,1.75,4.4945,64.865,0.0921,35.3715,0.4698,0.2849,IM
3,1.6727,1.85,4.466,55.3,0.0958,30.65,0.4955,0.324,IM
3,1.7314,1.85,4.4745,58.21,0.099,30.942,0.4891,0.2994,IM
2,1.8493,1.8,4.568,61.73,0.0985,32.346,0.4538,0.2536,IM
2,1.9185,1.75,4.47,58.355,0.0797,37.3015,0.499,0.3394,IM
2,1.758,1.8,4.4725,55.76,0.0839,34.898,0.4715,0.3313,IM
3,1.7867,1.8,4.465,56.245,0.0855,34.5585,0.4909,0.3414,IM
3,1.6525,1.85,4.463,59.77,0.101,32.217,0.4921,0.2783,IM
2,1.8406,1.7,4.516,60.835,0.0813,39.7855,0.4932,0.3055,IM
3,1.8725,1.7,4.5085,61.32,0.0827,39.446,0.5127,0.3105,IM
4,1.5151,1.8,4.491,53.035,0.0869,33.959,0.4794,0.2952,IM
2,1.5994,1.8,4.4835,53.52,0.0885,33.668,0.4986,0.3134,IM
2,1.6472,1.8,4.49,54.19,0.0872,33.266,0.4954,0.3393,IM
3,1.7666,1.75,4.511,58.725,0.087,37.0425,0.4848,0.3067,IM
3,1.4929,1.85,4.4785,51.41,0.0927,30.714,0.4874,0.313,IM
3,1.5146,1.85,4.4925,51.595,0.0894,30.603,0.4647,0.3294,IM
3,1.5377,1.85,4.485,52.08,0.0912,30.312,0.4837,0.341,IM
2,1.8494,1.75,4.5335,61.82,0.0893,36.844,0.4595,0.3002,IM
3,1.5496,1.85,4.501,54.505,0.0933,31.5565,0.4599,0.3072,IM
2,1.5312,1.85,4.4665,58.015,0.1086,31.448,0.5355,0.2601,IM
3,1.6279,1.75,4.5285,57.155,0.0902,35.707,0.5083,0.311,IM
3,1.5667,1.8,4.5235,55.045,0.0943,32.753,0.4961,0.3137,IM
2,2.7749,1.75,4.625,69.055,0.0816,35.227,0.4066,0.3871,IM
2,2.8679,1.8,4.665,68.05,0.0876,32.955,0.3861,0.3699,IM
2,1.932,1.75,4.475,62.365,0.1137,32.7145,0.5987,0.3302,IM
2,2.0163,1.75,4.505,64.975,0.1123,32.54,0.5519,0.338,IM
4,1.9996,1.75,4.515,64.44,0.1141,35.482,0.5956,0.3204,IM
2,1.843,1.8,4.51,62.33,0.1169,32.739,0.5796,0.3291,IM
2,2.4955,1.7,4.58,71.77,0.1082,36.517,0.5168,0.3278,IM
3,1.8553,1.75,4.54,62.385,0.1156,35.009,0.5983,0.3158,IM
3,2.5194,1.7,4.6075,73.49,0.1105,41.718,0.5561,0.3504,IM
2,1.7311,1.8,4.535,60.275,0.1182,32.055,0.5818,0.3247,IM
2,2.8254,1.8,4.615,77.175,0.1146,42.5325,0.5546,0.376,IM
4,1.8759,1.75,4.595,62.94,0.1151,34.676,0.5529,0.3201,IM
3,1.7652,1.8,4.59,60.83,0.1155,31.722,0.5349,0.3285,IM
2,1.5845,1.7,4.485,55.665,0.1012,31.491,0.5301,0.309,IM
2,1.674,1.7,4.5,59.795,0.1004,35.4035,0.524,0.3083,IM
2,1.6778,1.7,4.5475,60.835,0.1034,34.6755,0.5015,0.2985,IM
3,1.6848,1.7,4.575,62.555,0.1042,39.127,0.5394,0.3641,IM
3,1.5585,1.7,4.5725,58.78,0.1048,33.842,0.5048,0.2957,IM
4,1.7357,1.75,4.585,64.575,0.1066,39.6075,0.5197,0.3668,IM
3,1.4746,1.75,4.5675,56.67,0.1062,30.888,0.4893,0.299,IM
2,1.6473,1.8,4.58,62.465,0.1082,36.8645,0.5042,0.3728,IM
2,1.7263,1.7,4.595,61.875,0.104,33.9475,0.4756,0.2883,IM
2,1.5262,1.85,4.575,60.355,0.1082,34.1215,0.487,0.3786,IM
2,1.8331,1.75,4.6125,62.86,0.0989,30.902,0.4256,0.2843,IM
3,1.7246,1.7,4.6225,63.595,0.107,38.503,0.5152,0.3529,IM
3,1.5306,1.8,4.605,60.41,0.1095,36.194,0.5067,0.3694,IM
2,1.7655,1.85,4.575,65.455,0.1134,31.295,0.5771,0.3694,IM
3,2.2858,1.85,4.4825,64.57,0.0945,32.061,0.5122,0.3324,IM
3,2.2848,1.85,4.5275,63.545,0.0864,30.983,0.4688,0.3403,IM
3,2.2875,1.9,4.57,66.315,0.0995,34.1695,0.4884,0.3667,IM
2,2.2152,1.85,4.5725,64.65,0.0964,32.005,0.4673,0.3156,IM
2,2.8248,1.85,4.565,72.815,0.1072,35.745,0.4951,0.3305,IM
2,1.9811,1.85,4.61,65.53,0.0926,33.883,0.401,0.2958,IM
4,1.5536,1.7,4.56,57.895,0.1043,30.9235,0.5438,0.2906,IM
2,1.5884,1.8,4.57,60.355,0.1029,31.316,0.5037,0.3063,IM
2,1.5826,1.85,4.4825,60.665,0.1056,30.665,0.5088,0.3156,IM
2,1.6028,1.8,4.56,61.76,0.106,31.816,0.5008,0.2977,IM
2,1.8764,1.8,4.48,63.3,0.1078,31.36,0.601,0.3172,IM
2,1.7475,1.85,4.4715,59.365,0.1137,30.5945,0.5683,0.3662,IM
2,1.7109,1.85,4.495,61.305,0.1119,31.256,0.5247,0.3699,IM
3,1.6501,1.9,4.53,61.27,0.1108,31.284,0.5023,0.369,IM
4,1.5794,1.9,4.555,59.215,0.1119,30.6995,0.504,0.3652,IM
2,2.4735,1.7,4.6335,73.505,0.0738,40.4055,0.3965,0.3883,IM
2,2.6049,1.8,4.7255,74.855,0.0902,38.4705,0.4045,0.4047,IM
3,2.9103,1.8,4.7665,77.85,0.093,36.31,0.3989,0.3783,IM
3,1.5677,1.8,4.621,64.225,0.1024,38.76,0.5219,0.3712,IM
3,1.5815,1.7,4.566,56.325,0.0949,32.325,0.5208,0.2998,IM
3,1.6166,1.7,4.581,60.455,0.0942,36.1715,0.5147,0.2986,IM
3,1.5761,1.7,4.622,63.45,0.1023,36.05,0.5161,0.2693,IM
3,1.5305,1.7,4.57,58.145,0.082,37.7885,0.4558,0.2833,IM
4,1.6004,1.8,4.5685,61.265,0.1002,33.1215,0.5654,0.3641,IM
2,1.6164,1.75,4.586,63.995,0.0976,36.1245,0.5393,0.3365,IM
3,1.5359,1.8,4.6095,64.26,0.1089,32.32,0.5651,0.3359,IM
3,1.7522,1.75,4.596,63.845,0.0956,34.8495,0.529,0.3604,IM
2,1.5431,1.8,4.5805,62.42,0.1125,32.082,0.6019,0.3055,IM
2,1.6419,1.8,4.598,64.41,0.112,30.76,0.5963,0.3228,IM
3,1.566,1.8,4.602,62.12,0.1074,32.352,0.5617,0.3361,IM
3,1.5586,1.8,4.6235,61.82,0.1024,32.622,0.5213,0.3628,IM
2,1.6818,1.8,4.528,59.575,0.1055,30.87,0.632,0.3192,IM
3,1.6922,1.8,4.571,58.975,0.0967,31.35,0.5506,0.3827,IM
3,1.839,1.75,4.5845,63.995,0.098,33.3045,0.5592,0.3516,IM
2,1.5498,1.8,4.573,60.28,0.1111,31.716,0.5984,0.3058,IM
2,1.6496,1.8,4.5905,62.27,0.1105,30.807,0.5927,0.3231,IM
3,1.5732,1.8,4.5945,59.98,0.106,31.956,0.5581,0.3363,IM
3,1.658,1.8,4.612,61.97,0.1055,31.077,0.5524,0.3549,IM
3,1.5655,1.8,4.616,59.68,0.101,32.196,0.5176,0.363,IM
4,1.5774,1.75,4.5905,63.01,0.1081,34.992,0.5726,0.2807,IM
3,1.7117,1.75,4.608,65,0.1076,33.81,0.5669,0.3033,IM
3,1.5246,1.8,4.5655,58.14,0.1096,30.922,0.5947,0.306,IM
3,1.6843,1.75,4.6005,62.86,0.1061,33.702,0.5631,0.3036,IM
4,1.4899,1.8,4.6065,61.135,0.1175,31.032,0.5925,0.2738,IM
3,1.3258,1.8,4.5705,61.58,0.1028,35,0.5593,0.3512,IM
2,1.2234,1.8,4.6115,64.575,0.1115,33.8675,0.5597,0.3244,IM
4,1.5219,1.8,4.569,64.205,0.1063,31.4545,0.6022,0.3646,IM
3,1.5832,1.75,4.6045,64.83,0.0969,35.8,0.5189,0.3565,IM
3,1.6216,1.75,4.6185,65.015,0.094,35.615,0.4965,0.3724,IM
3,1.2343,1.85,4.5865,59.705,0.1131,31.415,0.5819,0.3585,IM
2,1.5831,1.75,4.579,64.795,0.1022,34.425,0.5713,0.3426,IM
3,1.6774,1.75,4.593,64.98,0.0993,34.24,0.5492,0.359,IM
3,1.7356,1.75,4.607,65.165,0.0965,34.055,0.5269,0.375,IM
4,1.4911,1.75,4.601,60.4,0.0914,37.08,0.4788,0.3362,IM
3,1.2563,1.85,4.579,57.565,0.1116,30.9915,0.5782,0.3587,IM
2,1.4974,1.8,4.6205,62.955,0.1066,32.215,0.5424,0.3614,IM
3,1.5029,1.8,4.613,60.815,0.1052,32.1165,0.5386,0.3616,IM
2,2.0298,1.8,4.47,59.44,0.0706,32.832,0.4701,0.369,IM
2,2.2008,1.75,4.4835,64.46,0.0721,35.242,0.4784,0.3457,IM
4,1.7216,1.8,4.491,61.405,0.084,33.636,0.5269,0.3468,IM
4,1.8106,1.8,4.511,62.435,0.0788,32.812,0.481,0.3453,IM
3,1.8589,1.75,4.5045,66.425,0.0855,35.3475,0.5354,0.3195,IM
2,1.4422,1.85,4.5185,59.38,0.0904,31.206,0.523,0.3473,IM
2,1.6652,1.8,4.552,65.43,0.0852,32.193,0.4857,0.3202,IM
3,2.1624,1.8,4.4625,57.3,0.0691,31.74,0.463,0.369,IM
2,2.236,1.8,4.4825,58.33,0.0641,31.122,0.416,0.3589,IM
2,2.02,1.8,4.502,61.625,0.0771,31.3025,0.4708,0.3316,IM
3,1.8342,1.8,4.4835,59.265,0.0826,32.9545,0.5213,0.347,IM
3,1.9304,1.8,4.5035,60.295,0.0775,32.2335,0.4754,0.3454,IM
2,2.0097,1.8,4.5235,61.325,0.0707,31.5125,0.4282,0.3369,IM
3,1.9817,1.75,4.497,64.285,0.0841,35.382,0.5297,0.3197,IM
3,2.1014,1.75,4.517,65.315,0.0792,34.558,0.4839,0.3204,IM
2,1.6125,1.85,4.5095,58.57,0.0884,29.391,0.5136,0.3336,IM
4,1.5381,1.85,4.511,57.24,0.0891,30.322,0.5186,0.3474,IM
2,1.6183,1.85,4.531,58.27,0.0821,29.601,0.4723,0.3448,IM
2,1.6778,1.8,4.5245,62.26,0.0908,32.952,0.5274,0.3205,IM
3,1.7779,1.8,4.5445,63.29,0.084,32.128,0.4812,0.3203,IM
2,1.8652,1.8,4.5645,64.32,0.0772,31.304,0.4339,0.3135,IM
3,1.6846,1.8,4.546,61.96,0.0851,33.192,0.4863,0.3344,IM
2,1.5659,1.8,4.5655,65.255,0.0973,32.3505,0.5284,0.2924,IM
3,1.673,1.8,4.5855,66.285,0.0904,31.4235,0.4821,0.2935,IM
2,2.4323,1.75,4.4685,60.18,0.0693,34.062,0.4635,0.3459,IM
2,2.004,1.8,4.4745,58.455,0.0818,31.047,0.5111,0.3332,IM
3,2.0115,1.8,4.496,58.155,0.0762,31.227,0.4694,0.3454,IM
3,2.0643,1.75,4.4895,62.145,0.0827,34.9885,0.5237,0.3198,IM
2,2.1913,1.75,4.5095,63.175,0.0779,34.2675,0.478,0.3205,IM
2,2.3041,1.75,4.5295,64.205,0.0715,33.5465,0.431,0.315,IM
2,1.7524,1.8,4.517,60.12,0.0895,32.356,0.5227,0.3207,IM
3,1.8585,1.8,4.537,61.15,0.0829,31.635,0.4765,0.3204,IM
2,1.9258,1.75,4.552,64.84,0.0856,34.938,0.4903,0.3084,IM
3,1.7798,1.75,4.575,63.21,0.081,36.242,0.4532,0.3327,IM
3,1.6402,1.8,4.558,63.115,0.0961,32.268,0.5247,0.2925,IM
4,1.7537,1.8,4.578,64.145,0.0888,31.444,0.4784,0.2936,IM
3,1.6662,1.8,4.5795,62.815,0.0901,32.508,0.4838,0.3085,IM
2,1.7672,1.8,4.5995,63.845,0.0844,31.684,0.4365,0.3031,IM
2,1.5599,1.8,4.581,61.485,0.0915,33.572,0.4891,0.323,IM
3,1.35,1.85,4.587,59.76,0.1019,30.902,0.5191,0.3085,IM
2,1.5063,1.8,4.622,64.48,0.0984,33.048,0.4876,0.296,IM
2,1.9433,1.8,4.4685,54.985,0.0797,30.3075,0.5092,0.3472,IM
3,1.7981,1.8,4.5095,57.98,0.0882,31.332,0.5178,0.3208,IM
3,1.6938,1.8,4.511,56.65,0.0881,32.13,0.5225,0.335,IM
2,1.806,1.8,4.531,57.68,0.0825,31.512,0.4764,0.3346,IM
3,1.9776,1.75,4.5445,62.7,0.0843,34.6,0.4852,0.3085,IM
2,1.691,1.8,4.5505,60.975,0.095,31.7575,0.5208,0.2927,IM
2,1.8096,1.8,4.5705,62.005,0.0873,31.0365,0.4744,0.2937,IM
3,1.7181,1.8,4.572,60.675,0.0886,31.9675,0.4798,0.3086,IM
2,1.6075,1.8,4.5735,59.345,0.0902,32.8985,0.485,0.3231,IM
2,1.7395,1.75,4.5655,64.665,0.0976,35.078,0.5348,0.2772,IM
2,1.8861,1.75,4.5855,65.695,0.0906,34.254,0.4887,0.2804,IM
2,1.6168,1.75,4.567,63.335,0.098,36.142,0.54,0.2928,IM
2,1.6258,1.75,4.5885,63.035,0.093,36.382,0.4992,0.3107,IM
2,1.7639,1.75,4.6085,64.065,0.0867,35.558,0.4523,0.3078,IM
4,1.6061,1.8,4.5915,63.97,0.1006,31.584,0.5194,0.2623,IM
4,1.532,1.8,4.593,62.64,0.102,32.648,0.525,0.2785,IM
3,1.558,1.8,4.6145,62.34,0.097,32.888,0.4844,0.2962,IM
2,1.7002,1.8,4.5035,54.51,0.0867,30.545,0.5173,0.3351,IM
3,1.8475,1.75,4.517,59.53,0.0882,34.452,0.5258,0.3068,IM
4,1.9883,1.75,4.537,60.56,0.083,33.834,0.4798,0.3086,IM
2,2.0277,1.7,4.552,64.25,0.0847,37.565,0.493,0.2954,IM
2,1.6306,1.8,4.566,57.205,0.0889,31.797,0.4807,0.3231,IM
2,1.9158,1.75,4.578,63.555,0.0894,34.0015,0.4845,0.2806,IM
2,2.0581,1.75,4.598,64.585,0.0827,33.2805,0.4373,0.2777,IM
3,1.7952,1.75,4.5795,62.225,0.0907,34.9325,0.4896,0.2959,IM
3,1.9328,1.75,4.5995,63.255,0.0839,34.2115,0.4426,0.2931,IM
3,1.6394,1.8,4.584,61.83,0.0991,31.159,0.5161,0.2625,IM
3,1.6958,1.8,4.6055,61.53,0.0941,31.369,0.4753,0.2809,IM
2,1.5898,1.8,4.607,60.2,0.0955,32.3,0.4809,0.2963,IM
2,1.7562,1.75,4.6205,65.22,0.0971,34.634,0.49,0.2666,IM
2,1.7846,1.75,4.572,60.085,0.0893,34.119,0.4851,0.2961,IM
3,1.6357,1.75,4.5735,58.755,0.0901,34.917,0.4901,0.3109,IM
3,1.571,1.8,4.578,58.36,0.0996,31.104,0.5182,0.2788,IM
2,1.7062,1.8,4.598,59.39,0.0927,30.486,0.4718,0.281,IM
2,1.5946,1.75,4.593,62.05,0.1027,35.055,0.5326,0.2623,IM
2,1.7666,1.75,4.613,63.08,0.0957,34.334,0.4864,0.2668,IM
2,1.6244,1.75,4.6145,61.75,0.0971,35.265,0.4918,0.2827,IM
4,1.5336,1.8,4.619,61.355,0.1054,31.4915,0.5151,0.247,IM
2,1.4298,1.8,4.613,57.885,0.1057,31.389,0.5179,0.2641,IM
3,1.7547,1.8,4.494,56.655,0.065,34.7815,0.4129,0.3108,IM
3,1.5568,1.75,4.536,63.155,0.0783,38.2905,0.4628,0.2802,IM
3,1.6956,1.75,4.5485,64.67,0.0752,36.927,0.4356,0.2824,IM
3,1.8284,1.75,4.561,66.185,0.0708,35.5635,0.4075,0.2846,IM
3,1.5082,1.85,4.5,52.305,0.0739,30.687,0.4349,0.2875,IM
3,1.5409,1.8,4.515,55.995,0.0754,35.2435,0.4478,0.2925,IM
2,1.667,1.8,4.5275,57.51,0.0722,34.183,0.4204,0.2945,IM
2,1.6552,1.8,4.581,62.02,0.0756,33.144,0.3997,0.2785,IM
2,1.7652,1.8,4.5935,63.535,0.0721,31.932,0.3695,0.2806,IM
2,1.5174,1.75,4.5695,64.01,0.0854,37.521,0.4657,0.2585,IM
3,1.315,1.8,4.597,61.985,0.0911,35.2935,0.4603,0.2531,IM
2,1.571,1.8,4.622,65.015,0.0829,32.5665,0.4019,0.258,IM
3,1.5581,1.8,4.4935,53.67,0.0767,33.918,0.4636,0.2763,IM
3,1.9541,1.8,4.531,58.215,0.0651,31.191,0.3808,0.2826,IM
2,1.8162,1.8,4.572,61.21,0.0729,31.593,0.3891,0.2637,IM
3,1.8214,1.75,4.573,64.715,0.0781,35.038,0.4275,0.2451,IM
3,1.9884,1.75,4.5855,66.23,0.074,33.826,0.3986,0.2477,IM
2,1.7393,1.75,4.5745,63.385,0.0796,36.102,0.4324,0.2609,IM
2,1.3342,1.85,4.5745,56.155,0.0869,31.0815,0.4415,0.2523,IM
2,1.2639,1.85,4.576,54.825,0.0882,32.0125,0.4469,0.2672,IM
2,1.5812,1.8,4.6005,62.69,0.0842,32.608,0.4217,0.2395,IM
2,1.4147,1.8,4.582,57.705,0.088,34.0465,0.4515,0.2528,IM
3,1.5967,1.75,4.6095,62.91,0.0865,36.482,0.4373,0.2532,IM
3,1.5495,1.85,4.495,59.015,0.0924,32.3565,0.4662,0.3369,IM
3,1.6418,1.75,4.6045,63.155,0.1005,35.766,0.4887,0.2739,IM
3,1.5768,1.7,4.585,64.9,0.0843,40.77,0.475,0.3089,IM
3,1.6665,1.7,4.57,63.245,0.084,40.264,0.4885,0.3202,IM
3,1.5626,1.7,4.623,64.77,0.1016,39.044,0.5104,0.2458,IM
2,1.3052,1.8,4.567,52.89,0.1021,31.355,0.5294,0.2909,IM
3,1.6593,1.6,4.6,63.655,0.1128,33.2115,0.5879,0.2603,IM
3,1.6234,1.75,4.6125,64.695,0.1223,35.8135,0.6128,0.3057,IM
3,1.5711,1.55,4.5875,62.235,0.1023,34.2055,0.5499,0.2807,IM
3,1.683,1.65,4.58,64.815,0.103,39.7795,0.5674,0.3609,IM
2,1.6961,1.55,4.595,64.225,0.1001,36.8625,0.5388,0.279,IM
2,1.4895,1.7,4.6,60.65,0.1094,36.39,0.5578,0.3636,IM
3,1.5718,1.65,4.6125,61.725,0.1085,35.745,0.5504,0.3534,IM
3,1.5955,1.7,4.615,64.78,0.1086,39.804,0.5517,0.3601,IM
3,2.5539,1.8,4.6825,80.59,0.1198,40.689,0.6011,0.3315,IM
3,2.5545,1.8,4.6125,76.405,0.089,37.0755,0.4883,0.3781,IM
3,2.5108,1.75,4.6075,79.065,0.1007,39.145,0.5485,0.342,IM
3,1.4034,1.9,4.595,63.91,0.1132,30.912,0.5655,0.3076,IM
2,2.6006,1.8,4.605,74.265,0.088,38.108,0.4842,0.3783,IM
2,2.6287,1.8,4.5975,78.59,0.1026,42.489,0.5652,0.3724,IM
2,2.8741,1.8,4.6175,79.62,0.0954,41.562,0.5195,0.3938,IM
2,2.0691,1.85,4.6125,64.745,0.0858,30.603,0.4344,0.3421,IM
2,2.5796,1.85,4.63,79.78,0.1115,44.748,0.5875,0.3761,IM
2,2.5331,1.8,4.64,73.79,0.0943,38.488,0.4856,0.364,IM
3,1.8526,1.85,4.635,65.38,0.0993,32.004,0.4837,0.3184,IM
4,1.745,1.9,4.605,63.875,0.1081,34.455,0.5475,0.3503,IM
4,1.9044,1.9,4.625,64.905,0.1008,33.837,0.5017,0.3687,IM
2,2.7864,1.8,4.73,80.335,0.1131,41.205,0.5215,0.3482,IM
3,2.5854,1.85,4.75,76.17,0.1132,40.617,0.5026,0.3528,IM
2,1.5692,1.85,4.5825,65.5,0.088,33.69,0.4615,0.3484,IM
3,1.4766,1.85,4.5625,61.845,0.0918,34.4785,0.4855,0.346,IM
4,1.7663,1.85,4.5875,64.875,0.0823,32.3575,0.4286,0.3509,IM
3,1.9314,1.85,4.6,66.39,0.0782,31.297,0.3989,0.3534,IM
2,1.5455,1.8,4.5775,65.535,0.0952,37.712,0.4996,0.3346,IM
2,1.2844,1.9,4.59,59.82,0.0962,31.846,0.4762,0.3456,IM
2,1.5057,1.85,4.6175,65.025,0.0945,34.07,0.4624,0.3373,IM
2,1.6364,1.85,4.5675,61.22,0.0849,32.718,0.453,0.3486,IM
3,1.5639,1.8,4.57,63.395,0.094,37.4435,0.4951,0.3347,IM
2,1.9179,1.8,4.595,66.425,0.0834,35.3225,0.4389,0.3399,IM
3,1.6972,1.85,4.6225,64.4,0.0884,32.69,0.4297,0.3399,IM
2,1.389,1.85,4.59,59.23,0.0964,33.912,0.4835,0.3349,IM
4,1.5402,1.85,4.6025,60.745,0.0917,33.003,0.4551,0.3375,IM
3,1.7053,1.85,4.615,62.26,0.087,32.094,0.426,0.34,IM
3,1.624,1.8,4.6175,64.435,0.0947,36.7155,0.4697,0.3255,IM
3,1.289,1.85,4.625,58.755,0.1026,34.197,0.484,0.3232,IM
2,2.6142,1.8,4.7025,73.86,0.091,38.432,0.4192,0.3764,IM
2,2.5952,1.85,4.64,78.9,0.1173,38.16,0.5457,0.3437,IM
2,2.4786,1.8,4.635,75.095,0.1128,38.025,0.5229,0.3125,IM
3,2.79,1.9,4.7075,80.15,0.11,40.365,0.482,0.4133,IM
2,2.4709,1.75,4.69,80.845,0.115,44.745,0.5634,0.341,IM
2,1.7517,1.6,4.49,61.29,0.0879,33.099,0.6045,0.2993,IM
2,1.8879,1.6,4.5,63.765,0.0887,31.405,0.6178,0.32,IM
2,1.835,1.55,4.5025,62.365,0.0874,32.1315,0.5969,0.2888,IM
2,1.5283,1.65,4.5325,63.395,0.0994,33.185,0.6028,0.2984,IM
3,1.9836,1.65,4.49,63.025,0.0883,30.735,0.6313,0.3394,IM
2,1.8194,1.6,4.4825,59.15,0.0861,32.62,0.5969,0.2995,IM
2,1.9062,1.55,4.495,60.225,0.0856,31.76,0.5893,0.289,IM
2,1.7263,1.65,4.535,63.73,0.0987,31.44,0.6101,0.3192,IM
3,1.6896,1.6,4.5375,62.33,0.0971,32.163,0.5896,0.2881,IM
2,1.3778,1.7,4.5525,59.23,0.1077,30.903,0.5949,0.2999,IM
2,1.4122,1.75,4.565,64.76,0.1089,32.254,0.6089,0.3289,IM
3,1.4168,1.7,4.5675,63.36,0.107,33.22,0.5888,0.2977,IM
2,1.2408,1.75,4.595,61.335,0.1147,31.195,0.5807,0.2991,IM
4,1.8459,1.6,4.475,57.01,0.0844,31.713,0.5889,0.2997,IM
3,1.6487,1.7,4.515,60.515,0.0977,32.3865,0.6117,0.3302,IM
3,1.2768,1.8,4.585,60.595,0.1154,30.525,0.5968,0.3316,IM
2,1.3073,1.75,4.6025,63.325,0.1125,33.255,0.5711,0.297,IM
3,1.6509,1.7,4.5075,58.375,0.096,31.83,0.6054,0.3304,IM
2,1.6081,1.7,4.5625,61.555,0.105,31.4505,0.5921,0.3185,IM
2,1.4643,1.7,4.6075,62.26,0.1102,32.226,0.5599,0.2866,IM
4,1.6167,1.7,4.57,63.545,0.1027,33.7095,0.5809,0.3149,IM
2,1.6175,1.7,4.6175,64.585,0.1077,32.7735,0.5582,0.3026,IM
2,1.6093,1.8,4.575,62.655,0.0901,31.226,0.477,0.2858,IM
2,1.6413,1.8,4.5725,63.615,0.0974,31.0065,0.5175,0.3261,IM
2,1.635,1.8,4.57,64.575,0.1032,30.595,0.5574,0.3452,IM
2,1.4929,1.75,4.575,65.79,0.1033,34.84,0.5585,0.3087,IM
2,1.325,1.8,4.605,62.805,0.1028,33.1455,0.5105,0.2712,IM
3,1.4765,1.8,4.6175,64.32,0.098,31.782,0.4823,0.2741,IM
2,1.3237,1.8,4.6025,63.765,0.1095,32.815,0.5508,0.3101,IM
2,1.4892,1.8,4.615,65.28,0.1044,31.3,0.5229,0.3129,IM
2,1.8109,1.75,4.5325,65.42,0.0971,32.39,0.594,0.3481,IM
2,1.6307,1.8,4.5675,60.515,0.0891,30.6695,0.4726,0.2859,IM
3,1.6631,1.8,4.565,61.475,0.0962,30.76,0.5131,0.3263,IM
2,1.6561,1.8,4.5625,62.435,0.1019,30.6585,0.553,0.3454,IM
3,1.701,1.75,4.58,65.165,0.0985,33.6615,0.5268,0.3117,IM
3,1.6629,1.75,4.5775,66.125,0.1031,33.095,0.5665,0.3285,IM
4,1.5048,1.8,4.61,62.18,0.0966,31.606,0.4787,0.2741,IM
2,1.5174,1.8,4.6075,63.14,0.1032,31.434,0.5193,0.313,IM
2,1.6432,1.8,4.555,60.295,0.1006,30.294,0.5483,0.3456,IM
3,1.687,1.75,4.5725,63.025,0.0972,33.57,0.522,0.3119,IM
3,1.6475,1.75,4.57,63.985,0.1017,33.3135,0.5617,0.3287,IM
4,1.8541,1.75,4.5825,65.5,0.0986,31.95,0.5347,0.3315,IM
3,1.5105,1.8,4.6025,60.04,0.0951,31.002,0.4749,0.2742,IM
3,1.523,1.8,4.6,61,0.102,31.14,0.5156,0.3132,IM
3,1.5375,1.75,4.615,64.69,0.1049,34.089,0.5297,0.2978,IM
2,1.4974,1.8,4.5925,58.86,0.1008,30.418,0.5116,0.3133,IM
2,1.531,1.8,4.57,64.04,0.1185,31.13,0.6411,0.2871,IM
3,1.5276,1.75,4.595,66.285,0.1138,34.345,0.5973,0.2787,IM
3,1.4143,1.8,4.615,64.745,0.1218,31.835,0.6031,0.2691,IM
3,1.6871,1.75,4.56,65.43,0.1062,32.38,0.6199,0.3171,IM
2,1.4135,1.8,4.5775,60.93,0.1135,32.013,0.6013,0.3175,IM
2,1.4924,1.8,4.57,61.415,0.1153,31.5765,0.6194,0.3038,IM
3,1.5887,1.75,4.605,66.135,0.1118,33.085,0.5878,0.3015,IM
3,1.222,1.85,4.5875,56.915,0.1204,30.358,0.596,0.2974,IM
2,1.3856,1.8,4.615,62.12,0.1185,32.352,0.5827,0.2819,IM
3,1.3033,1.8,4.615,59.495,0.1152,32.344,0.5619,0.2913,IM
3,1.3796,1.8,4.6075,59.98,0.1172,31.956,0.5796,0.2821,IM
3,1.5554,1.8,4.5775,61.16,0.1009,31.628,0.5207,0.2418,IM
2,1.9256,1.65,4.5755,63.75,0.0967,39.3,0.5493,0.3146,IM
3,1.8351,1.85,4.588,64.05,0.1097,37.495,0.6007,0.3734,IM
2,2.0662,1.75,4.597,64.33,0.0869,38.952,0.4689,0.3663,IM
4,1.5373,1.85,4.603,55.32,0.087,30.682,0.429,0.3671,IM
2,2.3561,1.6,4.484,63.115,0.0858,32.088,0.6263,0.2917,IM
3,2.3066,1.6,4.488,60.825,0.0835,33.0925,0.5917,0.3068,IM
3,1.9018,1.7,4.5755,62.745,0.0986,32.384,0.5689,0.3237,IM
3,2.3976,1.55,4.5085,61.43,0.0639,38.129,0.4668,0.3296,IM
2,1.8762,1.7,4.4665,55.38,0.0837,31.444,0.5882,0.3584,IM
2,2.385,1.65,4.493,59.345,0.0796,32.1775,0.4977,0.282,IM
2,2.1679,1.6,4.473,57.875,0.0827,32.9125,0.56,0.2651,IM
2,1.8136,1.7,4.5095,56.95,0.088,33.375,0.539,0.294,IM
3,2.4483,1.75,4.488,62.145,0.0838,32.1685,0.5396,0.3487,IM
2,2.3465,1.75,4.483,64.065,0.0886,31.8315,0.6164,0.3441,IM
4,2.3211,1.75,4.4895,60.815,0.0819,33.0995,0.5433,0.3623,IM
2,2.0278,1.75,4.578,62.225,0.0926,32.1125,0.5098,0.3332,IM
2,2.1599,1.75,4.598,63.255,0.0857,31.3915,0.4633,0.344,IM
2,1.9591,1.75,4.5755,63.185,0.0972,32.032,0.5496,0.338,IM
3,2.2627,1.75,4.477,63.18,0.0881,33.518,0.5836,0.3553,IM
3,1.8914,1.75,4.5695,62.3,0.0965,33.63,0.5132,0.3387,IM
2,1.8605,1.8,4.4905,58.385,0.0973,30.412,0.6411,0.3457,IM
2,1.8233,1.75,4.519,62.435,0.0948,33.2985,0.611,0.347,IM
2,1.7778,1.75,4.563,61.67,0.0993,33.244,0.5764,0.3352,IM
2,2.2783,1.75,4.463,60.6,0.0844,33.29,0.5078,0.297,IM
3,1.9893,1.75,4.498,60.125,0.0908,33.575,0.5152,0.283,IM
2,2.1728,1.75,4.518,61.155,0.0844,32.957,0.469,0.2854,IM
2,1.9417,1.75,4.553,60.68,0.0901,33.242,0.4735,0.272,IM
3,2.3642,1.75,4.476,57.07,0.0643,33.315,0.4139,0.3181,IM
3,1.6685,1.75,4.5795,56.975,0.084,33.3625,0.4419,0.2772,IM
2,1.7291,1.75,4.572,57.46,0.086,33.12,0.4612,0.2905,IM
3,1.9524,1.75,4.585,65.83,0.1145,36.249,0.6306,0.3168,IM
2,1.894,1.7,4.5875,64.43,0.1123,36.762,0.6106,0.3151,IM
2,2.3487,1.7,4.52,64.42,0.0953,36.3,0.5607,0.3537,IM
4,2.1266,1.7,4.555,63.945,0.1017,36.5375,0.567,0.3386,IM
4,2.2732,1.7,4.575,64.975,0.0959,36.0225,0.5214,0.3563,IM
2,2.0304,1.8,4.595,61.25,0.0933,31.64,0.4905,0.3732,IM
2,1.8503,1.75,4.575,59.78,0.1061,32.228,0.5567,0.3425,IM
3,1.9582,1.75,4.5875,65.135,0.1109,39.2725,0.5915,0.3547,IM
2,2.1343,1.75,4.6075,66.165,0.1048,38.7575,0.5459,0.3765,IM
2,2.1016,1.7,4.61,64.5,0.1017,36.26,0.525,0.3415,IM
2,1.6662,1.7,4.505,54.58,0.0911,30.978,0.5218,0.3249,IM
2,2.0953,1.6,4.56,64.99,0.0876,38.556,0.4943,0.3042,IM
2,1.49,1.75,4.54,54.545,0.0958,30.992,0.511,0.3244,IM
3,1.7648,1.75,4.565,61.415,0.0967,37.8025,0.5186,0.3866,IM
2,1.9844,1.7,4.58,64.875,0.1115,37.385,0.5682,0.3138,IM
3,3.1027,1.75,4.6175,77.235,0.109,42.6685,0.5281,0.3481,IM
2,1.7449,1.6,4.5525,59.84,0.1008,35.26,0.5732,0.2806,IM
3,1.626,1.7,4.5925,60.985,0.1075,38.0175,0.5614,0.3495,IM
2,1.7083,1.7,4.585,61.47,0.1093,37.775,0.5798,0.3359,IM
4,2.0732,1.9,4.5875,65.01,0.1073,31.363,0.5705,0.3758,IM
3,2.3533,1.85,4.5125,64.125,0.0922,31.3225,0.4643,0.3218,IM
2,2.2591,1.85,4.5225,62.72,0.0896,30.778,0.4675,0.3304,IM
3,3.1001,1.8,4.57,72.795,0.0918,38.244,0.4709,0.3621,IM
2,2.1093,1.85,4.5575,62.245,0.0949,31.063,0.4678,0.316,IM
2,2.5538,1.8,4.6125,75.675,0.1078,44.0725,0.5175,0.378,IM
3,2.4199,1.7,4.4675,62.375,0.0888,31.335,0.556,0.2825,IM
2,2.4611,1.6,4.4825,64.445,0.0883,31.024,0.6231,0.2761,IM
3,2.0428,1.6,4.575,63.565,0.0999,31.1745,0.5586,0.2587,IM
2,1.7869,1.65,4.5775,61.52,0.0972,32.606,0.5287,0.2883,IM
2,2.1618,1.6,4.485,61.96,0.0839,33.012,0.6079,0.305,IM
2,2.2587,1.6,4.4775,62.445,0.0851,32.624,0.6277,0.2903,IM
2,2.2903,1.6,4.47,62.93,0.0862,32.236,0.6476,0.2729,IM
3,1.8756,1.7,4.5175,63.325,0.096,32.4975,0.6252,0.3185,IM
3,1.9023,1.65,4.52,61.925,0.0944,33.04,0.6044,0.304,IM
3,1.8789,1.6,4.5225,60.525,0.0928,33.3025,0.5837,0.2795,IM
3,1.8241,1.65,4.5675,62.965,0.102,32.208,0.5869,0.291,IM
2,1.7998,1.6,4.57,61.565,0.1001,32.5745,0.5665,0.2666,IM
3,1.8587,1.6,4.5625,62.05,0.1016,32.235,0.5853,0.2554,IM
3,1.9055,1.75,4.52,62.765,0.093,33.258,0.5099,0.317,IM
3,1.9141,1.75,4.5675,63.805,0.0948,32.426,0.4884,0.3063,IM
2,1.8507,1.75,4.565,64.765,0.1008,32.0915,0.5285,0.323,IM
2,2.3214,1.75,4.4825,61.845,0.083,31.653,0.4992,0.3075,IM
3,2.3735,1.75,4.475,62.33,0.0852,31.362,0.5187,0.3042,IM
3,2.3748,1.75,4.48,62.805,0.0872,31.7065,0.5382,0.3279,IM
3,2.4244,1.75,4.4725,63.29,0.0892,31.367,0.5575,0.3177,IM
3,2.3778,1.75,4.4775,63.765,0.0899,31.568,0.5766,0.3345,IM
2,1.9613,1.75,4.57,62.885,0.0939,31.6505,0.5086,0.3098,IM
2,2.038,1.75,4.5625,63.37,0.0961,31.311,0.5273,0.3012,IM
3,14.4374,1.8,4.1665,40.41,0.0412,14.621,0.6384,0.3464,BCC
2,14.5275,1.8,4.159,40.895,0.0429,14.1845,0.6603,0.3234,BCC
3,14.4669,1.8,4.1915,41.915,0.0392,16.311,0.6087,0.3755,BCC
3,15.0321,1.8,4.1765,42.885,0.0424,15.729,0.6523,0.3299,BCC
3,14.9008,1.8,4.169,43.37,0.0437,15.438,0.6742,0.3046,BCC
4,14.5539,1.75,4.1765,38.525,0.0398,13.705,0.5977,0.366,BCC
2,14.9512,1.75,4.1615,39.495,0.043,12.735,0.6413,0.3257,BCC
2,14.7471,1.75,4.154,39.98,0.0448,12.25,0.6633,0.3028,BCC
3,14.9221,1.75,4.194,40.515,0.0394,14.585,0.5898,0.3763,BCC
2,15.326,1.75,4.1865,41,0.0409,14.1,0.6116,0.356,BCC
4,15.5161,1.75,4.179,41.485,0.0425,13.8075,0.6334,0.3342,BCC
4,15.391,1.75,4.1715,41.97,0.0442,13.565,0.6553,0.3106,BCC
4,15.5251,1.75,4.1965,43.475,0.042,15.375,0.6254,0.3413,BCC
3,15.4768,1.75,4.189,43.96,0.0437,15.084,0.6473,0.3172,BCC
4,14.3105,1.7,4.1865,36.64,0.0377,12.79,0.5569,0.3742,BCC
2,14.7779,1.7,4.179,37.125,0.0395,12.305,0.5787,0.3593,BCC
2,15.0831,1.7,4.1715,37.61,0.0413,11.82,0.6004,0.3425,BCC
4,15.1829,1.7,4.164,38.095,0.043,11.335,0.6223,0.3237,BCC
4,15.8277,1.7,4.1815,40.085,0.0425,12.2465,0.6144,0.3347,BCC
4,14.3112,1.65,4.189,35.24,0.0366,11.39,0.5376,0.357,BCC
4,15.7498,1.65,4.1915,38.2,0.04,11.52,0.5734,0.3481,BCC
3,15.9445,1.65,4.184,38.685,0.042,10.9865,0.5952,0.3307,BCC
4,14.469,1.65,4.224,39.22,0.0355,13.386,0.5218,0.393,BCC
4,15.2176,1.65,4.2165,39.705,0.0375,12.804,0.5437,0.3781,BCC
2,15.7469,1.65,4.209,40.19,0.0395,12.222,0.5655,0.3614,BCC
3,16.0351,1.65,4.2015,40.675,0.0415,11.6675,0.5873,0.3428,BCC
3,15.9842,1.65,4.194,41.16,0.0435,11.176,0.6091,0.3225,BCC
4,15.127,1.65,4.2265,42.18,0.0389,13.46,0.5577,0.3727,BCC
4,15.5327,1.65,4.2115,43.15,0.0429,12.975,0.6013,0.3319,BCC
4,14.5705,1.65,4.229,45.14,0.0423,14.376,0.5934,0.3399,BCC
4,15.726,1.6,4.2115,38.79,0.0382,11.102,0.5462,0.3524,BCC
3,14.4944,1.6,4.2365,40.295,0.0353,12.1765,0.5164,0.3825,BCC
4,15.1431,1.6,4.229,40.78,0.0375,11.584,0.5384,0.3671,BCC
4,15.5174,1.6,4.2215,41.265,0.0397,11.134,0.5602,0.3499,BCC
4,15.5373,1.6,4.214,41.75,0.042,10.94,0.582,0.3309,BCC
3,14.4832,1.6,4.239,43.255,0.0391,12.9225,0.5524,0.3613,BCC
2,14.5869,1.6,4.2315,43.74,0.0413,12.68,0.5742,0.3412,BCC
3,12.0966,1.8,4.168,35.16,0.0426,13.082,0.5876,0.3967,BCC
3,14.3311,1.8,4.188,40.11,0.0448,14.92,0.6157,0.3832,BCC
3,11.8155,1.75,4.178,33.275,0.04,11.79,0.546,0.3929,BCC
4,12.6686,1.75,4.1955,35.265,0.0395,13.5815,0.5382,0.4123,BCC
3,13.2221,1.75,4.188,35.75,0.0413,13.145,0.5601,0.4002,BCC
4,14.6982,1.75,4.1905,38.71,0.0443,13.52,0.5961,0.3817,BCC
2,14.9716,1.75,4.208,40.7,0.0438,14.4,0.5882,0.3917,BCC
2,14.4936,1.7,4.2005,36.825,0.0413,12.605,0.5544,0.3898,BCC
3,14.4626,1.65,4.203,35.425,0.0396,11.205,0.5345,0.3731,BCC
2,14.7758,1.65,4.2205,37.415,0.0389,12.3835,0.5267,0.3922,BCC
4,15.2917,1.65,4.213,37.9,0.0412,11.85,0.5487,0.3793,BCC
3,15.5802,1.65,4.2055,38.385,0.0434,11.3165,0.5706,0.3643,BCC
2,14.4384,1.65,4.238,39.405,0.0383,13.164,0.5189,0.4084,BCC
2,15.0862,1.65,4.2305,39.89,0.0405,12.582,0.5409,0.3937,BCC
3,15.4769,1.65,4.223,40.375,0.0427,12,0.5628,0.3772,BCC
4,14.793,1.65,4.2405,42.365,0.0421,13.3675,0.555,0.3883,BCC
3,12.002,1.75,4.192,33.46,0.0432,11.642,0.5412,0.4083,BCC
4,11.7667,1.75,4.165,37.38,0.041,12.93,0.5988,0.357,BCC
1,15.1673,1.85,4.575,83.1,0.0346,7.25,0.1662,0.0931,FCC
4,26.9569,1.85,4.5425,83.015,0.0329,7.291,0.163,0.0916,FCC
4,5.5417,1.9,4.529,77.995,0.0304,8.539,0.1424,0.1213,FCC
1,3.1325,1.85,4.5795,70.99,0.0446,19.045,0.1989,0.1861,BCC+FCC
1,3.9647,1.8,4.693,72.445,0.0463,17.3725,0.1825,0.1638,BCC+FCC
1,81.7354,1.65,4.5655,66.8,0.0494,20.4,0.1915,0.164,BCC+FCC
1,26.1649,1.65,4.618,67.06,0.0496,20.608,0.1891,0.1641,BCC+FCC
1,17.0296,1.65,4.6705,67.32,0.049,20.816,0.1861,0.1638,BCC+FCC
1,85.5251,1.65,4.5855,66.975,0.0482,20.54,0.189,0.1631,BCC+FCC
1,21.8943,1.6,4.678,65.61,0.0502,21.279,0.1871,0.1643,BCC+FCC
1,11.4689,1.6,4.5605,65.18,0.0494,20.892,0.1911,0.1632,BCC+FCC
1,22.3414,1.55,4.6855,63.9,0.0506,21.4,0.1874,0.1645,BCC+FCC
1,14.0426,1.55,4.6205,63.73,0.051,21.23,0.1895,0.164,BCC+FCC
1,5.1251,1.85,4.489,79.295,0.0352,9.7055,0.1519,0.1244,FCC
1,2.6543,1.85,4.572,74.35,0.0451,18.02,0.1967,0.1841,BCC+FCC
1,3.3706,1.8,4.6855,75.805,0.0459,16.202,0.1861,0.1646,BCC+FCC
1,4.7225,1.75,4.6605,74.01,0.0471,18.155,0.1889,0.1647,BCC+FCC
1,3.7887,1.7,4.733,72.47,0.0526,19.902,0.193,0.1677,BCC+FCC
1,10.5215,1.7,4.603,72.13,0.0459,19.698,0.1903,0.1633,BCC+FCC
1,58.7705,1.65,4.578,70.335,0.0473,20.9245,0.193,0.1634,BCC+FCC
1,32.7841,1.65,4.5455,70.25,0.0445,20.865,0.1917,0.1615,BCC+FCC
1,4.8305,1.5,4.5565,67.855,0.0498,20.8995,0.1749,0.1321,BCC+FCC
1,3.1913,1.5,4.544,67.945,0.0476,20.9805,0.1721,0.1298,BCC+FCC
1,3.3818,1.75,4.6855,77.455,0.0485,16.862,0.1928,0.1665,BCC+FCC
1,3.9796,1.7,4.693,75.745,0.052,19.0225,0.1969,0.168,BCC+FCC
1,5.7556,1.7,4.628,75.575,0.0474,18.9375,0.1939,0.1649,BCC+FCC
1,698.2849,1.65,4.558,73.785,0.0432,20.691,0.1911,0.16,BCC+FCC
1,4.309,1.75,4.548,80.475,0.0411,15.2475,0.178,0.1548,BCC+FCC
2,1.5223,1.75,4.4825,58.38,0.0976,31.388,0.4825,0.3582,IM
2,1.5783,1.75,4.495,61.77,0.1092,31.09,0.469,0.3241,IM
2,2.4964,1.6,4.615,73.495,0.1074,34.6555,0.4519,0.3868,IM
4,3.7205,1.85,4.7475,78.52,0.0407,9.726,0.1878,0.0891,FCC
1,6.3154,1.9,4.52,79.06,0.0331,6.834,0.1348,0.0942,FCC
1,7.0735,1.9,4.54,79.235,0.0317,6.868,0.1327,0.093,FCC
1,9.3632,1.9,4.5075,79.15,0.0296,6.8,0.1286,0.0893,FCC
4,7.1027,1.9,4.5175,77.745,0.0334,8.6135,0.1438,0.1023,FCC
4,7.9083,1.9,4.56,79.41,0.0309,6.867,0.1305,0.0918,FCC
2,10.48,1.9,4.5275,79.325,0.028,6.8075,0.1266,0.0883,FCC
1,22.5304,1.85,4.515,77.44,0.0333,8.782,0.1374,0.0933,FCC
4,34.5764,1.85,4.535,77.615,0.0325,8.8345,0.1351,0.092,FCC
1,6.9393,1.85,4.4975,79.22,0.0366,9.788,0.1512,0.1049,FCC
1,10.4159,1.85,4.5275,80.975,0.0314,7.9625,0.1342,0.0909,FCC
1,30.1328,1.8,4.535,79.265,0.0343,9.962,0.143,0.0949,FCC
3,2.0999,1.6,4.465,62.005,0.1208,31.325,0.6094,0.3572,IM
2,2.0941,1.55,4.4775,64.275,0.1158,33.595,0.566,0.3272,IM
2,1.619,1.6,4.505,62.25,0.1179,31.57,0.5495,0.3277,IM
2,1.8771,1.55,4.48,60.455,0.1189,31.0905,0.5522,0.3276,IM
2,1.6084,1.6,4.478,59.15,0.1107,31.76,0.5302,0.2999,IM
2,1.587,1.6,4.507,58.365,0.1004,32.388,0.4734,0.2918,IM
2,1.6937,1.55,4.468,56.385,0.1062,31.2905,0.4987,0.2743,IM
2,1.9026,1.55,4.4745,57.055,0.104,30.8215,0.4932,0.3087,IM
2,1.6263,1.6,4.4705,62.51,0.1055,34.271,0.5265,0.3055,IM
3,1.5481,1.55,4.465,63.855,0.1018,37.3105,0.5503,0.3295,IM
3,2.7538,1.55,4.615,72.27,0.1131,35.08,0.4709,0.3746,IM
3,3.0315,1.55,4.6075,72.755,0.1155,34.595,0.4873,0.3633,IM
1,2.9564,1.95,4.524,78.035,0.0353,8.308,0.1543,0.1321,FCC
1,3.2985,1.95,4.4915,77.95,0.0331,8.27,0.1489,0.1283,FCC
1,3.0234,1.95,4.544,78.21,0.0346,8.427,0.1531,0.1316,FCC
1,2.3124,1.85,4.628,79.21,0.0461,14.355,0.1898,0.1679,BCC+FCC
4,4.1346,1.9,4.4375,78.58,0.0338,7.022,0.1757,0.0826,FCC
4,3.6748,1.9,4.51,79.015,0.0362,7.2105,0.1797,0.0856,FCC
2,1.4925,1.7,4.4735,61.175,0.0921,35.1025,0.6013,0.3261,IM
2,1.4963,1.75,4.4835,65.285,0.0928,36.325,0.561,0.344,IM
3,1.5442,1.75,4.555,65.615,0.0702,35.075,0.3691,0.2725,IM
4,59.6319,1.5,4.1925,45.605,0.0431,15.9875,0.4856,0.2792,BCC
4,33.9928,1.75,4.0965,37.66,0.0369,15.348,0.5174,0.343,BCC
4,23.2683,1.65,4.129,39.325,0.0369,14.5375,0.4917,0.3364,BCC
2,21.9126,1.65,4.1215,39.81,0.0391,14.101,0.5124,0.3194,BCC
4,19.2008,1.6,4.134,40.885,0.0402,13.155,0.5097,0.3071,BCC
2,19.0763,1.55,4.154,41.475,0.0391,12.8275,0.4857,0.3128,BCC
3,109.0285,1.8,4.088,34.295,0.0384,13.5425,0.5219,0.3693,BCC
3,58.3751,1.75,4.137,34.1,0.0391,14.34,0.4605,0.4008,BCC
3,54.95,1.75,4.1295,34.585,0.0409,14.049,0.4825,0.395,BCC
4,29.9619,1.8,4.1115,33.21,0.0424,13.834,0.4867,0.3516,BCC
2,32.2255,1.8,4.104,33.695,0.0439,13.543,0.5089,0.3549,BCC
3,370.3997,1.75,4.104,33.255,0.0377,12.927,0.4844,0.3434,BCC
4,2904.6529,1.75,4.089,34.225,0.0408,12.345,0.5277,0.3347,BCC
3,58.2757,1.75,4.124,34.285,0.0422,13.8705,0.4813,0.3436,BCC
3,75.5352,1.75,4.109,35.255,0.0457,13.1915,0.5255,0.3436,BCC
4,88.4616,1.75,4.1015,35.74,0.0475,12.852,0.5474,0.3374,BCC
3,30.1947,1.75,4.1515,34.83,0.0449,14.996,0.4452,0.3206,BCC
3,34.3456,1.6,4.1415,36.48,0.0385,12.378,0.4705,0.3149,BCC
2,32.0998,1.6,4.134,36.965,0.0407,11.9415,0.4926,0.3104,BCC
3,29.4376,1.6,4.1265,37.45,0.0429,11.505,0.5144,0.3021,BCC
3,28.3489,1.55,4.154,37.555,0.0383,11.765,0.4657,0.3048,BCC
2,26.3364,1.55,4.1465,38.04,0.0407,11.28,0.4878,0.2996,BCC
4,54.9515,1.8,4.1055,32.365,0.0416,12.5875,0.4923,0.3683,BCC
3,60.5801,1.8,4.098,32.85,0.0432,12.345,0.5142,0.3667,BCC
4,67.333,1.8,4.0905,33.335,0.0447,12.1025,0.5359,0.3613,BCC
3,29.7886,1.8,4.133,32.91,0.044,14.014,0.4615,0.3577,BCC
4,175.3175,1.75,4.133,32.47,0.0382,13.398,0.4424,0.3486,BCC
4,235.6611,1.75,4.1255,32.955,0.04,13.107,0.465,0.3571,BCC
2,364.4694,1.75,4.118,33.44,0.0418,12.816,0.4873,0.3596,BCC
4,863.2033,1.75,4.1105,33.925,0.0436,12.525,0.5093,0.3573,BCC
4,47.5819,1.8,4.1345,31.58,0.0418,12.98,0.4472,0.3707,BCC
2,52.4802,1.8,4.127,32.065,0.0436,12.7375,0.4698,0.3804,BCC
3,121.2646,1.75,4.0925,36.03,0.0351,14.569,0.5114,0.3404,BCC
2,101.4244,1.75,4.1275,36.09,0.0381,15.908,0.4733,0.3614,BCC
3,221.6841,1.75,4.105,37.545,0.0427,14.744,0.539,0.3432,BCC
2,382.9498,1.75,4.0975,38.03,0.0443,14.356,0.5606,0.331,BCC
2,41.6705,1.75,4.1475,37.12,0.042,16.362,0.4651,0.3618,BCC
3,67.2276,1.75,4.1025,38.505,0.0366,15.896,0.5244,0.3454,BCC
4,60.4466,1.75,4.095,38.99,0.0387,15.508,0.5452,0.3291,BCC
4,1276.085,1.75,4.1225,39.535,0.0423,16.1085,0.5311,0.3623,BCC
2,384.4835,1.75,4.115,40.02,0.0438,15.672,0.5527,0.3482,BCC
3,50.9683,1.75,4.1125,40.98,0.038,16.728,0.5372,0.3423,BCC
3,46.3664,1.75,4.105,41.465,0.0398,16.4375,0.5579,0.3227,BCC
2,32.9185,1.65,4.11,38.665,0.0394,13.2115,0.5255,0.3049,BCC
2,111.4177,1.65,4.1525,38.24,0.0378,14.76,0.4631,0.3432,BCC
4,95.3965,1.65,4.145,38.725,0.0398,14.275,0.4854,0.3394,BCC
3,81.7583,1.65,4.1375,39.21,0.0418,13.79,0.5075,0.3318,BCC
3,69.931,1.65,4.13,39.695,0.0438,13.305,0.5293,0.3213,BCC
3,33.2294,1.65,4.1275,40.655,0.0389,14.265,0.5175,0.3223,BCC
2,34.715,1.65,4.145,42.645,0.0384,15.8475,0.5094,0.337,BCC
2,32.1512,1.65,4.1375,43.13,0.0402,15.605,0.5305,0.3183,BCC
3,29.049,1.65,4.13,43.615,0.0422,15.3625,0.5515,0.2975,BCC
4,61.8471,1.6,4.1575,39.8,0.0396,13.33,0.4803,0.3292,BCC
4,25.8712,1.6,4.1325,42.215,0.042,13.374,0.535,0.2922,BCC
4,31.6465,1.6,4.1575,43.72,0.0394,15.31,0.5057,0.3251,BCC
4,22.569,1.55,4.135,40.815,0.0415,11.3335,0.518,0.2803,BCC
4,50.4544,1.55,4.17,40.875,0.0392,12.17,0.475,0.3188,BCC
4,45.1147,1.55,4.1625,41.36,0.0416,11.796,0.4972,0.31,BCC
3,30.2913,1.55,4.17,44.795,0.0402,14.7725,0.5019,0.313,BCC
2,37.6921,1.55,4.1875,46.785,0.0396,16.009,0.4938,0.3256,BCC
3,1.9269,1.75,4.4625,63.495,0.0947,35.395,0.5361,0.3445,IM
2,1.5802,1.8,4.4685,61.77,0.1065,33.07,0.5679,0.3277,IM
2,1.5897,1.8,4.49,61.47,0.1014,33.37,0.5276,0.3451,IM
2,1.7088,1.75,4.476,60.06,0.1108,32.636,0.577,0.3243,IM
2,1.5876,1.75,4.517,63.055,0.1174,31.955,0.5712,0.2955,IM
3,1.956,1.75,4.465,59.675,0.1028,32.8125,0.5318,0.345,IM
2,1.8148,1.75,4.506,62.67,0.109,32.17,0.5276,0.3186,IM
4,2.0271,1.75,4.4735,62.585,0.1063,32.085,0.5231,0.3215,IM
2,2.04,1.75,4.495,62.285,0.1006,32.385,0.4827,0.3343,IM
2,2.406,1.7,4.511,63.485,0.1059,31.185,0.4801,0.3086,IM
1,6.8086,1.9,4.5975,79.955,0.0385,7.2485,0.1771,0.107,FCC
1,8.5468,1.9,4.565,79.87,0.0367,7.189,0.1744,0.1058,FCC
1,3.6186,1.95,4.5315,74.675,0.0357,10.3525,0.157,0.1339,FCC
1,4.2065,1.95,4.499,74.59,0.0337,10.327,0.1533,0.1308,FCC
4,4.375,1.95,4.519,74.765,0.0325,10.3795,0.1517,0.1302,FCC
1,10.9664,1.75,4.6205,65.715,0.0472,19.272,0.1923,0.1696,BCC+FCC
3,1.8247,1.7,4.57,65.905,0.1221,31.545,0.5227,0.3766,IM
3,1.7572,1.7,4.62,66.3,0.1227,31.32,0.4995,0.372,IM
3,2.2637,1.6,4.5525,62.4,0.1263,31.06,0.5291,0.3729,IM
3,2.0355,1.65,4.595,64.505,0.1236,31.2455,0.5012,0.372,IM
3,2.3347,1.65,4.5625,64.42,0.1216,31.152,0.5001,0.3755,IM
2,2.0166,1.6,4.6025,62.795,0.1264,30.914,0.5036,0.3683,IM
3,2.3789,1.6,4.57,62.71,0.1244,30.812,0.5028,0.3719,IM
3,2.3428,1.6,4.6045,63.1,0.1234,31.56,0.504,0.3471,IM
3,1.8502,1.6,4.5345,59.915,0.1178,30.778,0.5793,0.2819,IM
3,1.6985,1.6,4.576,61.98,0.1009,35.298,0.496,0.2562,IM
2,2.0009,1.6,4.534,63.815,0.1211,32.765,0.5831,0.3237,IM
3,2.1293,1.6,4.566,61.895,0.11,33.9645,0.5039,0.335,IM
4,2.3839,1.55,4.564,65.2,0.1248,31.38,0.5554,0.3129,IM
3,2.1755,1.55,4.568,62.91,0.1197,33.051,0.5214,0.2924,IM
3,2.1549,1.75,4.4935,62.78,0.0813,32.536,0.4923,0.3452,IM
2,1.6341,1.8,4.5225,59.425,0.0872,31.17,0.4912,0.358,IM
3,1.8073,1.75,4.5145,64.745,0.0947,32.8095,0.5409,0.3202,IM
3,1.3227,1.8,4.5845,64.385,0.1075,30.965,0.5309,0.308,IM
4,2.2904,1.7,4.4895,62.95,0.0959,32.4,0.5455,0.3202,IM
4,2.5029,1.7,4.5095,63.98,0.0886,31.576,0.4995,0.3201,IM
3,1.6014,1.75,4.581,62.29,0.1038,30.969,0.4941,0.3225,IM
2,1.7073,1.8,4.4885,56.12,0.0772,31.106,0.4488,0.2747,IM
3,1.5726,1.75,4.474,53.27,0.0965,33.101,0.5567,0.3665,IM
3,1.5942,1.65,4.602,61.845,0.1209,31.3695,0.5158,0.2798,IM
3,2.3896,1.55,4.571,61.775,0.1149,33.34,0.4987,0.2924,IM
3,1.66,1.6,4.5705,59.38,0.1239,31.206,0.5235,0.2544,IM
3,1.8339,1.6,4.577,60.05,0.1221,30.67,0.5178,0.2798,IM
3,1.8283,1.55,4.635,65.035,0.1262,31.8285,0.5061,0.2883,IM
3,1.5496,1.7,4.605,64.53,0.1179,32.283,0.4952,0.3224,IM
3,1.6296,1.7,4.618,64.805,0.129,31.3155,0.5674,0.3741,IM
3,1.7412,1.7,4.573,62.42,0.1334,31.384,0.5928,0.3696,IM
3,17.6404,1.75,4.1065,32.995,0.0422,12.9325,0.6567,0.3287,BCC
3,18.5839,1.75,4.099,33.48,0.0436,12.69,0.679,0.3209,BCC
4,32.6582,1.7,4.1115,34.555,0.0444,12.807,0.6727,0.3099,BCC
3,45.1518,1.65,4.154,33.69,0.0379,14.067,0.578,0.3104,BCC
3,51.9125,1.65,4.1465,34.175,0.0397,13.7275,0.6,0.3144,BCC
2,71.7403,1.65,4.1315,35.145,0.0433,13.0485,0.6441,0.3076,BCC
2,88.3344,1.65,4.124,35.63,0.045,12.709,0.6664,0.2986,BCC
2,40.9284,1.5,4.1765,37.885,0.0408,12.095,0.603,0.2812,BCC
3,35.755,1.5,4.169,38.37,0.0432,11.61,0.6251,0.2735,BCC
2,19.6821,1.75,4.1205,33.18,0.0467,12.84,0.6484,0.3454,BCC
3,684.1715,1.6,4.173,35.435,0.042,13.412,0.5848,0.3222,BCC
4,46.6616,1.5,4.198,37.585,0.0398,12.395,0.5717,0.303,BCC
3,40.5302,1.5,4.1905,38.07,0.0425,11.91,0.5937,0.2996,BCC
3,34.6229,1.5,4.183,38.555,0.0451,11.425,0.6156,0.2923,BCC
4,24.284,1.75,4.1025,35.285,0.0377,15.169,0.6772,0.3257,BCC
4,25.98,1.75,4.095,35.77,0.0388,14.878,0.6997,0.3122,BCC
4,231.537,1.65,4.145,39.425,0.0396,15.9875,0.6574,0.3216,BCC
4,147.4292,1.65,4.1375,39.91,0.0412,15.551,0.6797,0.3052,BCC
3,105.024,1.65,4.13,40.395,0.0427,15.1145,0.7022,0.2864,BCC
3,67.9752,1.65,4.1475,42.385,0.0423,16.6375,0.6943,0.2998,BCC
3,54.5935,1.6,4.15,40.985,0.0422,14.595,0.6737,0.2927,BCC
3,41.1429,1.6,4.16,43.46,0.0435,16.1,0.6882,0.2868,BCC
4,44.075,1.55,4.1525,39.585,0.0416,13.195,0.6532,0.2783,BCC
2,38.1078,1.55,4.145,40.07,0.0436,12.71,0.6755,0.2619,BCC
4,44.9702,1.55,4.1775,41.09,0.039,14.491,0.6232,0.3129,BCC
4,40.2386,1.55,4.17,41.575,0.041,14.29,0.6454,0.2976,BCC
3,35.5742,1.55,4.1625,42.06,0.043,14.096,0.6676,0.2798,BCC
4,31.504,1.55,4.19,46.525,0.0438,16.825,0.6742,0.285,BCC
3,40.8938,1.5,4.1875,39.205,0.0354,13.7645,0.5809,0.2984,BCC
2,37.4982,1.5,4.18,39.69,0.0376,13.231,0.6029,0.2908,BCC
2,30.3251,1.5,4.165,40.66,0.042,12.164,0.647,0.2655,BCC
2,26.4583,1.5,4.1575,41.145,0.0442,11.6665,0.6693,0.2482,BCC
3,37.1389,1.5,4.1975,41.68,0.0369,14.248,0.5952,0.3144,BCC
3,35.3455,1.5,4.2075,44.155,0.0385,15.7525,0.6094,0.3188,BCC
3,32.1355,1.5,4.2,44.64,0.0407,15.51,0.6315,0.3014,BCC
3,28.5724,1.5,4.1925,45.125,0.043,15.2675,0.6536,0.2816,BCC
2,34.829,1.5,4.2175,46.63,0.0401,16.762,0.6237,0.3152,BCC
4,31.0439,1.5,4.21,47.115,0.0423,16.471,0.6458,0.2944,BCC
4,14.2093,1.75,4.1125,33.84,0.0434,14.116,0.6442,0.3185,BCC
4,15.0203,1.75,4.105,34.325,0.0447,13.825,0.6665,0.3142,BCC
3,37.9545,1.65,4.1375,35.99,0.0436,13.848,0.6313,0.2982,BCC
3,99.1094,1.6,4.15,37.065,0.0434,13.3915,0.6248,0.2876,BCC
3,294.448,1.55,4.1625,38.14,0.043,12.72,0.6182,0.2766,BCC
2,113.857,1.5,4.19,38.245,0.0375,12.9005,0.5677,0.2676,BCC
4,86.5771,1.5,4.1825,38.73,0.0399,12.367,0.5897,0.2689,BCC
3,68.3115,1.5,4.175,39.215,0.0424,11.8335,0.6117,0.2651,BCC
4,54.812,1.5,4.1675,39.7,0.0448,11.3,0.6337,0.2571,BCC
4,1458.7516,1.5,4.2025,39.76,0.0446,12.248,0.5637,0.2706,BCC
2,34.7824,1.9,4.084,33.065,0.0394,13.0375,0.7219,0.3812,BCC
3,37.6616,1.9,4.0765,33.55,0.0413,12.795,0.7449,0.363,BCC
4,22.6312,1.85,4.0765,29.19,0.0393,8.261,0.6865,0.3675,BCC
2,23.9279,1.85,4.069,29.675,0.0401,7.99,0.7091,0.3561,BCC
4,39.4309,1.85,4.094,31.18,0.039,11.18,0.6786,0.3862,BCC
4,43.2117,1.85,4.0865,31.665,0.0399,10.9375,0.7011,0.3728,BCC
4,145.8026,1.85,4.0965,34.14,0.0405,13.196,0.7158,0.3701,BCC
4,208.2528,1.85,4.089,34.625,0.0425,12.905,0.7387,0.3515,BCC
3,49.0058,1.8,4.0965,29.78,0.0395,9.08,0.658,0.3665,BCC
3,54.7714,1.8,4.089,30.265,0.0406,8.8375,0.6803,0.3572,BCC
4,61.8292,1.8,4.0815,30.75,0.0417,8.595,0.7029,0.3452,BCC
3,168.8111,1.8,4.114,31.77,0.0392,11.818,0.6502,0.3874,BCC
2,246.86,1.8,4.1065,32.255,0.0403,11.527,0.6724,0.3758,BCC
2,469.8694,1.8,4.099,32.74,0.0414,11.236,0.6949,0.3619,BCC
4,187.9425,1.8,4.1315,33.76,0.0388,14.158,0.6424,0.4051,BCC
2,145.1316,1.8,4.124,34.245,0.0399,13.8185,0.6646,0.3915,BCC
4,116.1839,1.8,4.1165,34.73,0.0411,13.479,0.687,0.376,BCC
4,95.0654,1.8,4.109,35.215,0.0422,13.1395,0.7096,0.3587,BCC
3,64.2956,1.8,4.1415,36.235,0.0396,15.712,0.6567,0.4049,BCC
3,48.0117,1.8,4.119,37.69,0.0431,14.548,0.7243,0.3495,BCC
4,42.833,1.8,4.1115,38.175,0.0449,14.16,0.7474,0.3278,BCC
3,1092.0141,1.75,4.1165,30.37,0.039,9.858,0.6297,0.3632,BCC
2,1144.4741,1.75,4.109,30.855,0.0404,9.567,0.6518,0.3564,BCC
4,207.1875,1.75,4.094,31.825,0.043,8.985,0.6966,0.3341,BCC
3,75.9046,1.75,4.119,33.33,0.0413,11.659,0.6663,0.3652,BCC
4,57.9511,1.75,4.104,34.3,0.044,10.98,0.7113,0.3343,BCC
3,53.3166,1.75,4.1515,34.35,0.0383,14.42,0.6142,0.4067,BCC
3,40.2553,1.75,4.1215,36.29,0.0436,12.868,0.7033,0.3472,BCC
3,36.5104,1.75,4.114,36.775,0.0449,12.48,0.7261,0.3276,BCC
3,38.0505,1.75,4.1615,36.825,0.0392,15.6675,0.6285,0.4098,BCC
4,36.6844,1.75,4.154,37.31,0.0405,15.231,0.6506,0.3942,BCC
2,34.8848,1.75,4.1465,37.795,0.0419,14.7945,0.6729,0.3769,BCC
4,32.7574,1.75,4.139,38.28,0.0432,14.358,0.6954,0.358,BCC
2,30.3588,1.75,4.1315,38.765,0.0445,13.9215,0.7181,0.3375,BCC
3,26.6065,1.75,4.174,42.26,0.0424,16.608,0.6796,0.3751,BCC
2,42.1979,1.7,4.154,32.95,0.0375,12.74,0.5938,0.3843,BCC
3,40.7472,1.7,4.1465,33.435,0.039,12.352,0.6158,0.377,BCC
4,38.8004,1.7,4.139,33.92,0.0406,11.964,0.6379,0.3669,BCC
3,33.9293,1.7,4.124,34.89,0.0437,11.188,0.6824,0.3395,BCC
3,32.7389,1.7,4.164,35.425,0.0386,14.1275,0.6081,0.3967,BCC
4,28.9591,1.7,4.1415,36.88,0.0433,12.818,0.6746,0.3536,BCC
2,33.738,1.65,4.1565,31.55,0.0362,11.06,0.5734,0.3484,BCC
3,30.2729,1.65,4.134,33.005,0.0415,9.896,0.6394,0.3357,BCC
2,28.1333,1.65,4.174,33.54,0.0357,13.024,0.5657,0.3792,BCC
4,28.1184,1.65,4.1665,34.025,0.0374,12.5875,0.5877,0.3748,BCC
4,27.5931,1.65,4.159,34.51,0.0392,12.151,0.6096,0.367,BCC
4,25.1627,1.65,4.184,36.015,0.0369,14.105,0.58,0.397,BCC
3,24.5727,1.65,4.169,36.985,0.0405,13.135,0.624,0.3738,BCC
4,23.6953,1.65,4.1615,37.47,0.0422,12.65,0.6461,0.359,BCC
4,22.5037,1.65,4.154,37.955,0.044,12.165,0.6683,0.3421,BCC
3,21.7959,1.65,4.1715,39.945,0.0435,13.0905,0.6605,0.3542,BCC
3,22.1543,1.6,4.1865,34.615,0.0352,12.705,0.5595,0.3701,BCC
3,21.8685,1.6,4.1715,35.585,0.0392,11.735,0.6034,0.3567,BCC
4,21.2932,1.6,4.1965,37.09,0.0366,13.431,0.5738,0.3871,BCC
4,20.7668,1.6,4.1815,38.06,0.0406,12.364,0.6178,0.363,BCC
3,19.0059,1.55,4.2015,38.65,0.0382,11.96,0.5895,0.3657,BCC
3,18.4885,1.55,4.194,39.135,0.0405,11.378,0.6115,0.352,BCC
4,14.3821,1.9,4.078,28.3,0.044,7.96,0.6857,0.3933,BCC
2,14.9805,1.9,4.0705,28.785,0.0449,7.5265,0.7083,0.3826,BCC
3,40.0696,1.9,4.098,33.25,0.0453,12.945,0.7151,0.3966,BCC
4,41.1252,1.85,4.1155,30.88,0.0436,11.33,0.6492,0.4127,BCC
3,45.4602,1.85,4.108,31.365,0.0448,11.0875,0.6715,0.4017,BCC
4,148.0428,1.85,4.118,33.84,0.0455,13.376,0.6861,0.4023,BCC
2,50.964,1.8,4.118,29.48,0.0432,9.23,0.6284,0.3883,BCC
2,57.496,1.8,4.1105,29.965,0.0446,8.9875,0.6505,0.3823,BCC
4,65.5655,1.8,4.103,30.45,0.0459,8.745,0.6728,0.3732,BCC
2,433.3678,1.8,4.1205,32.44,0.0455,11.416,0.665,0.3914,BCC
2,3390.2246,1.8,4.113,32.925,0.0468,11.125,0.6874,0.3778,BCC
2,167.9416,1.8,4.1455,33.945,0.0438,14.0285,0.6351,0.4203,BCC
3,130.7592,1.8,4.138,34.43,0.0451,13.689,0.6573,0.4069,BCC
4,710.4879,1.75,4.138,30.07,0.0418,10.038,0.6,0.3821,BCC
2,2490.6243,1.75,4.1305,30.555,0.0434,9.747,0.622,0.3791,BCC
3,232.4596,1.75,4.1155,31.525,0.0465,9.165,0.6663,0.3629,BCC
2,96.5011,1.75,4.148,32.545,0.0429,12.2085,0.6143,0.4023,BCC
4,72.6862,1.75,4.133,33.515,0.046,11.5295,0.6586,0.381,BCC
3,55.1935,1.75,4.1655,34.535,0.0425,14.272,0.6067,0.4219,BCC
4,47.7724,1.75,4.1505,35.505,0.0456,13.496,0.6509,0.3964,BCC
4,43.7702,1.75,4.143,35.99,0.0471,13.108,0.6731,0.3807,BCC
2,44.1683,1.7,4.168,33.135,0.041,12.592,0.586,0.3997,BCC
4,42.095,1.7,4.1605,33.62,0.0428,12.204,0.6079,0.3927,BCC
3,33.1104,1.7,4.1705,36.095,0.0441,13.5245,0.6223,0.3999,BCC
3,36.2314,1.65,4.178,31.25,0.0375,11.3,0.5432,0.3593,BCC
4,35.6421,1.65,4.1705,31.735,0.039,10.912,0.5652,0.3644,BCC
3,30.1155,1.65,4.188,33.725,0.0385,12.8575,0.5576,0.3947,BCC
3,29.7244,1.65,4.1805,34.21,0.0404,12.421,0.5795,0.3904,BCC
3,26.9005,1.65,4.198,36.2,0.0399,13.92,0.5719,0.4122,BCC
3,26.5043,1.65,4.1905,36.685,0.0419,13.435,0.5939,0.402,BCC
4,25.6537,1.65,4.183,37.17,0.0439,12.95,0.6159,0.3895,BCC
4,24.7676,1.85,4.1195,28.59,0.0474,8.779,0.6257,0.4126,BCC
4,41.6749,1.85,4.137,30.58,0.047,11.48,0.6181,0.4361,BCC
3,51.4099,1.8,4.1395,29.18,0.0457,9.428,0.5972,0.4059,BCC
4,216.3298,1.8,4.1495,31.655,0.0468,11.887,0.6115,0.4268,BCC
4,492.5066,1.75,4.1595,29.77,0.0435,10.218,0.5686,0.3959,BCC
4,125.7534,1.75,4.177,31.76,0.0433,12.758,0.5611,0.4268,BCC
3,106.7812,1.75,4.1695,32.245,0.0446,12.4185,0.583,0.4239,BCC
2,118.4705,1.75,4.191,31.945,0.0471,12.6285,0.5503,0.4414,BCC
3,36.3737,1.75,4.119,29.41,0.0446,8.514,0.6162,0.3358,BCC
2,16.1031,1.9,4.0725,31.92,0.0412,11.69,0.7186,0.3704,BCC
4,16.8986,1.9,4.065,32.405,0.0419,11.4475,0.7415,0.3551,BCC
2,17.6125,1.85,4.075,30.52,0.0421,9.59,0.6974,0.3541,BCC
3,28.9162,1.85,4.085,32.995,0.0427,11.963,0.7121,0.3595,BCC
3,30.3802,1.8,4.095,31.11,0.0422,10.294,0.6685,0.3529,BCC
4,33.0332,1.8,4.0875,31.595,0.0433,10.003,0.6909,0.3435,BCC
4,56.0802,1.8,4.1125,33.1,0.0418,12.7,0.6607,0.3743,BCC
2,64.8015,1.8,4.105,33.585,0.0429,12.3605,0.6831,0.3625,BCC
3,158.9946,1.8,4.13,35.09,0.0415,14.708,0.6529,0.3923,BCC
4,241.4503,1.8,4.1225,35.575,0.0426,14.32,0.6752,0.3786,BCC
3,503.8191,1.8,4.115,36.06,0.0437,13.932,0.6977,0.3628,BCC
2,4018.325,1.8,4.1075,36.545,0.0448,13.544,0.7205,0.3452,BCC
4,89.3012,1.75,4.1075,32.185,0.0429,10.5405,0.6621,0.3427,BCC
3,112.5707,1.75,4.1,32.67,0.0442,10.201,0.6844,0.3326,BCC
2,505.0639,1.75,4.1325,33.69,0.0411,13.028,0.6321,0.3737,BCC
4,20611.8665,1.75,4.125,34.175,0.0425,12.64,0.6543,0.364,BCC
3,468.0179,1.75,4.1175,34.66,0.0438,12.252,0.6766,0.3517,BCC
4,229.9489,1.75,4.11,35.145,0.0451,11.864,0.6991,0.337,BCC
3,74.8638,1.75,4.1525,34.72,0.046,13.722,0.6085,0.3831,BCC
3,116.5481,1.75,4.1425,36.165,0.0421,14.3415,0.6466,0.3819,BCC
2,80.2341,1.75,4.1275,37.135,0.0448,13.4685,0.6913,0.3515,BCC
2,57.3368,1.75,4.1125,38.105,0.0474,12.5955,0.7368,0.3134,BCC
4,53.8898,1.75,4.145,39.125,0.0444,14.675,0.6834,0.3638,BCC
4,221.0883,1.7,4.1275,32.775,0.0418,10.96,0.6334,0.3397,BCC
3,45.0402,1.7,4.1475,37.725,0.044,13.275,0.6624,0.3567,BCC
3,61.5918,1.65,4.155,32.88,0.0383,11.698,0.583,0.3346,BCC
4,391.0201,1.65,4.175,33.91,0.0435,12.37,0.5588,0.3321,BCC
3,211.0225,1.65,4.1675,34.395,0.0442,11.885,0.5806,0.3372,BCC
4,143.3929,1.65,4.16,34.88,0.0449,11.4,0.6025,0.3369,BCC
3,44.4602,1.65,4.1725,34.87,0.0378,13.33,0.5754,0.366,BCC
3,42.7574,1.65,4.165,35.355,0.0396,12.845,0.5973,0.3614,BCC
2,37.8649,1.65,4.15,36.325,0.0431,11.875,0.6414,0.3427,BCC
2,95.5372,1.65,4.185,36.385,0.044,13.1665,0.5731,0.3685,BCC
2,81.0121,1.65,4.1775,36.87,0.0447,12.633,0.595,0.364,BCC
4,36.3858,1.65,4.19,36.86,0.0373,14.564,0.5677,0.3918,BCC
4,35.0423,1.65,4.175,37.83,0.0408,13.497,0.6117,0.3735,BCC
4,33.4336,1.65,4.1675,38.315,0.0426,12.9635,0.6338,0.3605,BCC
3,31.4629,1.65,4.16,38.8,0.0444,12.43,0.6559,0.3454,BCC
3,32.2825,1.65,4.2,39.335,0.0385,14.818,0.5821,0.403,BCC
4,29.6574,1.65,4.1775,40.79,0.0439,13.072,0.6482,0.359,BCC
3,30.7923,1.6,4.1925,35.46,0.0352,13.304,0.547,0.3579,BCC
3,30.9331,1.6,4.185,35.945,0.0371,12.7705,0.569,0.3567,BCC
3,50.8963,1.6,4.1975,37.46,0.0437,12.348,0.5664,0.3593,BCC
3,26.5642,1.6,4.1975,41.38,0.042,12.532,0.6197,0.3646,BCC
3,24.8858,1.55,4.205,36.535,0.035,12.578,0.5406,0.3491,BCC
3,25.1208,1.55,4.1975,37.02,0.0362,11.996,0.5625,0.3472,BCC
3,24.7098,1.55,4.19,37.505,0.0384,11.414,0.5845,0.3414,BCC
4,24.7417,1.55,4.2075,39.495,0.0378,11.9865,0.5769,0.3637,BCC
3,1.86,1.6,4.486,62.73,0.0814,34.453,0.5511,0.3033,IM
3,1.491,1.7,4.472,60.415,0.098,32.4865,0.6193,0.2948,IM
2,1.5008,1.7,4.4935,60.115,0.0942,32.7565,0.5785,0.3149,IM
3,1.6171,1.75,4.4625,59.14,0.0889,33.464,0.5547,0.3437,IM
3,1.5945,1.75,4.484,58.84,0.0852,33.734,0.5137,0.3554,IM
3,1.7451,1.7,4.476,64.16,0.0901,34.9,0.5631,0.3163,IM
2,2.0366,1.65,4.4635,64.665,0.0847,34.225,0.526,0.308,IM
2,1.9403,1.7,4.465,63.775,0.0829,35.115,0.5116,0.3334,IM
2,1.6298,1.75,4.471,62.05,0.0961,32.79,0.5515,0.3201,IM
4,1.5227,1.8,4.4725,61.16,0.094,33.68,0.5368,0.3458,IM
2,1.6188,1.75,4.4925,61.75,0.0916,33.09,0.5107,0.3331,IM
3,1.4989,1.8,4.466,59.94,0.1004,30.68,0.5377,0.3235,IM
2,1.3644,1.75,4.5625,64.51,0.0895,36.419,0.4563,0.2778,IM
3,1.8287,1.8,4.4875,63.16,0.0774,34.066,0.481,0.3607,IM
2,1.642,1.8,4.4775,63.71,0.0874,35.35,0.5295,0.3538,IM
3,1.7686,1.8,4.4975,64.74,0.0828,34.32,0.4835,0.3522,IM
3,1.82,1.8,4.4665,63.325,0.0797,35.565,0.4781,0.3675,IM
3,1.658,1.85,4.471,62.93,0.0912,31.91,0.5119,0.3432,IM
2,1.5628,1.85,4.481,64.51,0.0962,32.029,0.5113,0.334,IM
3,1.5809,1.85,4.481,57.83,0.0733,32.276,0.4316,0.272,IM
4,1.5203,1.8,4.5025,64.32,0.0901,36.458,0.4933,0.3312,IM
2,1.5422,1.8,4.495,64.805,0.0917,35.9245,0.5121,0.3411,IM
2,1.6591,1.8,4.484,64.42,0.0841,36.178,0.4614,0.3484,IM
2,1.2698,1.9,4.47,57.005,0.0953,33.615,0.4935,0.3342,IM
3,1.5308,1.85,4.465,62.125,0.0906,34.4825,0.4718,0.3317,IM
3,7.9917,1.75,4.406,76.725,0.0439,40.1475,0.3,0.5088,BCC
4,28.6729,1.55,4.154,40.565,0.0424,12.835,0.5501,0.267,BCC
2,27.1503,1.55,4.1755,40.265,0.0423,13.135,0.5269,0.2965,BCC
2,27.2345,1.8,4.0865,33.535,0.0383,11.379,0.588,0.3385,BCC
2,36.1889,1.8,4.104,35.525,0.0376,13.5425,0.5801,0.3553,BCC
4,38.0248,1.8,4.0965,36.01,0.0398,13.203,0.6015,0.3391,BCC
2,52.662,1.8,4.1065,38.485,0.041,14.532,0.6149,0.3327,BCC
4,35.5679,1.75,4.1215,33.155,0.0348,12.4015,0.519,0.357,BCC
4,37.8228,1.75,4.114,33.64,0.0364,12.062,0.5407,0.35,BCC
2,42.4044,1.75,4.099,34.61,0.0395,11.383,0.5837,0.3272,BCC
3,52.9919,1.75,4.124,36.115,0.0375,13.628,0.5542,0.3586,BCC
3,89.3557,1.75,4.119,39.56,0.0422,13.826,0.6106,0.3204,BCC
3,74.6314,1.7,4.1115,35.685,0.0408,11.172,0.5791,0.3157,BCC
3,88.0052,1.7,4.1365,37.19,0.0385,13.159,0.5497,0.3477,BCC
3,85.5833,1.65,4.154,34.82,0.0338,12.492,0.4876,0.3419,BCC
3,137.2039,1.65,4.1315,36.275,0.0398,11.1825,0.553,0.3178,BCC
3,174.6651,1.65,4.124,36.76,0.0418,10.746,0.5745,0.3038,BCC
2,109.2936,1.65,4.164,37.295,0.0352,13.445,0.5015,0.3606,BCC
3,129.472,1.65,4.1565,37.78,0.0372,12.96,0.5233,0.3498,BCC
4,159.2098,1.65,4.149,38.265,0.0392,12.475,0.545,0.3365,BCC
3,321.4312,1.65,4.134,39.235,0.0432,11.505,0.5881,0.3029,BCC
2,176.104,1.65,4.159,40.74,0.0406,12.836,0.5587,0.3352,BCC
2,242.3031,1.65,4.1515,41.225,0.0426,12.39,0.5802,0.3161,BCC
2,266.1968,1.6,4.1515,36.865,0.0382,11.075,0.5265,0.3181,BCC
4,17.6386,1.85,4.1105,31.19,0.0382,11.795,0.5306,0.3915,BCC
4,18.4131,1.85,4.103,31.675,0.0395,11.5525,0.5524,0.3859,BCC
3,19.6609,1.85,4.088,32.645,0.0422,11.0675,0.5957,0.3657,BCC
2,24.7597,1.8,4.123,32.265,0.0387,12.141,0.5255,0.3823,BCC
4,26.0007,1.8,4.1155,32.75,0.0403,11.85,0.5473,0.3761,BCC
3,27.1482,1.8,4.108,33.235,0.0418,11.559,0.5691,0.3669,BCC
3,28.1874,1.8,4.1005,33.72,0.0434,11.268,0.5908,0.355,BCC
2,36.7486,1.8,4.118,35.71,0.0429,13.413,0.5829,0.3713,BCC
4,38.5645,1.8,4.1105,36.195,0.0445,13.0735,0.6045,0.3555,BCC
3,33.5462,1.75,4.143,32.855,0.0372,12.6115,0.4984,0.3762,BCC
3,35.8264,1.75,4.1355,33.34,0.039,12.272,0.5204,0.373,BCC
4,38.0922,1.75,4.128,33.825,0.0408,11.9325,0.5422,0.3662,BCC
4,40.3669,1.75,4.1205,34.31,0.0426,11.593,0.564,0.3564,BCC
4,42.6424,1.75,4.113,34.795,0.0443,11.2535,0.5857,0.3441,BCC
3,51.6692,1.75,4.138,36.3,0.0421,13.48,0.5561,0.3746,BCC
3,55.7259,1.75,4.1305,36.785,0.0438,13.092,0.5778,0.3604,BCC
4,64.2635,1.7,4.133,35.385,0.0431,11.412,0.5588,0.3458,BCC
4,70.9892,1.7,4.158,36.89,0.0405,13.429,0.5291,0.3765,BCC
4,96.7137,1.65,4.153,35.975,0.0412,11.4525,0.5318,0.3458,BCC
4,113.3347,1.65,4.1455,36.46,0.0434,11.016,0.5536,0.3349,BCC
2,89.3121,1.65,4.178,37.48,0.0383,13.26,0.5018,0.3766,BCC
4,103.1332,1.65,4.1705,37.965,0.0405,12.775,0.5238,0.366,BCC
3,121.8319,1.65,4.163,38.45,0.0427,12.29,0.5457,0.353,BCC
4,23.8319,1.8,4.1445,31.965,0.0408,12.321,0.502,0.4002,BCC
3,25.1775,1.8,4.137,32.45,0.0426,12.03,0.5241,0.3978,BCC
3,26.4209,1.8,4.1295,32.935,0.0444,11.739,0.546,0.3918,BCC
3,34.793,1.8,4.1395,35.41,0.0456,13.623,0.5601,0.4006,BCC
3,28.5043,1.75,4.172,32.07,0.0365,13.161,0.4513,0.3835,BCC
4,30.9377,1.75,4.1645,32.555,0.0384,12.8215,0.4739,0.3904,BCC
2,35.4796,1.75,4.1495,33.525,0.0424,12.1425,0.5184,0.3887,BCC
2,37.6902,1.75,4.142,34.01,0.0444,11.803,0.5405,0.3821,BCC
3,39.8671,1.75,4.1345,34.495,0.0464,11.4635,0.5624,0.3725,BCC
4,46.1474,1.75,4.1595,36,0.0438,13.72,0.5326,0.4022,BCC
3,46.9553,1.7,4.1695,34.115,0.0397,12.428,0.4906,0.383,BCC
3,51.0432,1.7,4.162,34.6,0.0419,12.04,0.5128,0.3793,BCC
3,65.8279,1.65,4.182,35.19,0.0388,12.159,0.4847,0.3741,BCC
3,20.8893,1.8,4.1735,31.18,0.0409,12.792,0.4526,0.4049,BCC
3,23.9527,1.8,4.1585,32.15,0.0437,12.21,0.4977,0.4153,BCC
3,28.0017,1.75,4.186,32.255,0.0404,13.0315,0.4464,0.3984,BCC
4,30.363,1.75,4.1785,32.74,0.0415,12.692,0.4692,0.4055,BCC
4,32.5924,1.75,4.171,33.225,0.0427,12.3525,0.4916,0.4069,BCC
4,34.7432,1.75,4.1635,33.71,0.0449,12.013,0.5139,0.404,BCC
3,36.8203,1.75,4.156,34.195,0.0471,11.6735,0.536,0.3976,BCC
4,18.4283,1.75,4.1315,31.71,0.0381,11.493,0.4991,0.3228,BCC
2,19.4885,1.75,4.124,32.195,0.0399,11.1535,0.5212,0.3298,BCC
4,20.4507,1.75,4.1165,32.68,0.0417,10.814,0.5432,0.331,BCC
4,21.3139,1.75,4.109,33.165,0.0434,10.4745,0.5651,0.3276,BCC
3,15.6978,1.75,4.144,33.225,0.0433,12.1,0.506,0.3253,BCC
4,17.3099,1.75,4.129,34.195,0.0469,11.324,0.5502,0.3337,BCC
3,16.7653,1.7,4.1715,33.33,0.0411,12.793,0.4547,0.2794,BCC
2,34.2979,1.65,4.149,34.345,0.0391,10.9995,0.5099,0.312,BCC
2,36.6739,1.65,4.1415,34.83,0.0414,10.563,0.532,0.3116,BCC
3,39.054,1.65,4.134,35.315,0.0436,10.1265,0.5539,0.3068,BCC
4,41.3765,1.65,4.1265,35.8,0.0458,9.69,0.5758,0.2983,BCC
3,40.788,1.6,4.169,34.935,0.036,11.085,0.4818,0.2983,BCC
3,52.2931,1.6,4.1465,36.39,0.0433,9.63,0.5482,0.2959,BCC
2,14.8249,1.8,4.133,30.82,0.0417,11.088,0.5007,0.3463,BCC
4,15.597,1.8,4.1255,31.305,0.0435,10.797,0.5229,0.3544,BCC
3,21.3096,1.75,4.1305,32.865,0.0449,10.6845,0.5391,0.3476,BCC
4,14.4146,1.75,4.173,32.44,0.0449,12.728,0.4528,0.3004,BCC
3,31.866,1.65,4.1705,34.045,0.0396,11.2695,0.4826,0.3238,BCC
4,34.1522,1.65,4.163,34.53,0.0411,10.833,0.5049,0.329,BCC
2,19.7271,1.75,4.1595,32.08,0.0445,11.234,0.4882,0.3549,BCC
3,25.0884,1.7,4.172,33.155,0.0439,11.276,0.4819,0.3477,BCC
4,29.0252,1.65,4.192,33.745,0.0423,11.5395,0.4527,0.3277,BCC
4,33.353,1.65,4.177,34.715,0.0445,10.6665,0.4979,0.3455,BCC
4,18.8371,1.8,4.1,33.895,0.0379,12.7635,0.5634,0.3465,BCC
4,19.6234,1.8,4.0925,34.38,0.0392,12.424,0.5851,0.3368,BCC
3,20.3107,1.8,4.085,34.865,0.0405,12.0845,0.6068,0.3244,BCC
3,16.8489,1.8,4.105,35.895,0.0465,12.764,0.5982,0.3396,BCC
4,26.4029,1.8,4.095,37.34,0.0416,13.528,0.6205,0.3251,BCC
4,33.3681,1.8,4.105,39.815,0.043,14.4765,0.6343,0.3186,BCC
2,24.0877,1.75,4.12,34.485,0.0372,13.012,0.5367,0.3433,BCC
3,25.417,1.75,4.1125,34.97,0.0387,12.624,0.5584,0.3361,BCC
3,26.6664,1.75,4.105,35.455,0.0403,12.236,0.5801,0.3258,BCC
2,27.8223,1.75,4.0975,35.94,0.0418,11.848,0.6018,0.3128,BCC
3,30.6429,1.75,4.13,36.96,0.0383,14.246,0.5505,0.3575,BCC
2,36.1882,1.75,4.1075,38.415,0.0429,12.9365,0.6156,0.313,BCC
3,22.1837,1.75,4.15,37.99,0.0428,14.51,0.5407,0.3701,BCC
3,32.0815,1.75,4.155,38.465,0.0363,15.955,0.5208,0.3877,BCC
4,44.9878,1.75,4.1175,40.89,0.0442,13.53,0.6294,0.306,BCC
3,42.6702,1.75,4.15,41.91,0.0405,15.634,0.5781,0.3572,BCC
2,52.2145,1.75,4.145,45.355,0.0448,15.9415,0.6352,0.3014,BCC
4,39.6552,1.65,4.1525,36.15,0.0358,12.67,0.5044,0.3278,BCC
4,50.3978,1.65,4.13,37.605,0.0418,11.215,0.57,0.303,BCC
4,50.5973,1.65,4.155,39.11,0.0392,12.709,0.5403,0.336,BCC
4,32.0136,1.65,4.1675,40.625,0.0441,11.97,0.5509,0.3387,BCC
2,2.1356,1.55,4.473,63.37,0.0797,32.064,0.5552,0.2702,IM
4,2.1124,1.6,4.4745,62.48,0.0773,32.776,0.5413,0.2982,IM
3,2.062,1.7,4.476,62.03,0.0754,33.136,0.5096,0.3352,IM
2,1.6774,1.7,4.482,59.865,0.0896,30.818,0.572,0.3103,IM
3,1.4975,1.8,4.4635,58.385,0.0899,32.002,0.5837,0.3451,IM
2,1.4995,1.75,4.4635,57.945,0.0899,32.354,0.6028,0.3329,IM
2,1.7089,1.75,4.497,64.435,0.0878,33.0885,0.5469,0.321,IM
2,1.6203,1.75,4.4985,63.105,0.0868,34.2855,0.5514,0.3352,IM
2,1.7218,1.7,4.5185,63.695,0.0845,33.7545,0.525,0.3238,IM
3,1.6878,1.8,4.471,55.81,0.0708,31.323,0.4458,0.2733,IM
3,1.4925,1.7,4.471,57.02,0.0879,33.094,0.6027,0.3221,IM
3,1.4939,1.85,4.5095,60.205,0.0811,31.4355,0.4785,0.3551,IM
2,1.5319,1.85,4.483,60.03,0.0835,30.686,0.4989,0.309,IM
2,1.4967,1.85,4.4845,58.7,0.0837,31.75,0.5036,0.3229,IM
3,1.5381,1.85,4.477,59.185,0.0857,31.362,0.5225,0.3365,IM
3,1.579,1.85,4.497,60.215,0.0794,30.538,0.4764,0.3253,IM
3,1.5247,1.85,4.4985,58.885,0.08,31.602,0.4811,0.3388,IM
4,8.8523,1.5,4.389,80.065,0.037,33.8745,0.3791,0.3729,BCC
4,9.5711,1.5,4.409,82.275,0.0388,36.47,0.363,0.3972,BCC
3,8.5389,1.5,4.404,84.195,0.038,34.934,0.3775,0.3666,BCC
3,8.4813,1.45,4.4065,82.795,0.0353,36.054,0.3558,0.37,BCC
3,9.1224,1.5,4.408,81.905,0.0375,36.766,0.3597,0.3967,BCC
3,8.9005,1.5,4.3855,81.835,0.0364,36.822,0.3522,0.3536,BCC
4,7.9513,1.45,4.4105,84.345,0.03,42.0795,0.2985,0.3942,BCC
3,8.1842,1.5,4.388,80.53,0.0307,42.183,0.295,0.3967,BCC
3,18.0609,1.75,4.3115,46.215,0.0378,15.795,0.2701,0.4047,BCC
3,20.5358,1.65,4.149,44.26,0.0408,15.96,0.4857,0.3008,BCC
2,31.4374,1.65,4.169,45.29,0.0448,15.906,0.5046,0.3248,BCC
4,55.7718,1.65,4.189,46.32,0.0473,15.646,0.5053,0.3466,BCC
4,36.5307,1.65,4.1865,47.28,0.0442,16.894,0.4965,0.3356,BCC
2,28.4544,1.6,4.1715,43.89,0.0437,14.225,0.487,0.318,BCC
2,33.5345,1.6,4.189,45.88,0.043,15.552,0.4789,0.332,BCC
4,65.1767,1.6,4.209,46.91,0.0442,15.233,0.4779,0.3523,BCC
4,25.2231,1.55,4.174,42.49,0.042,12.264,0.469,0.3043,BCC
2,42.7586,1.55,4.194,43.52,0.0422,12.49,0.4662,0.3197,BCC
2,106.7263,1.55,4.214,44.55,0.0439,12.51,0.4531,0.332,BCC
3,19.3946,1.55,4.1715,43.45,0.0394,13.8,0.4476,0.3028,BCC
4,30.3806,1.55,4.1915,44.48,0.0412,13.93,0.4607,0.3226,BCC
3,57.4585,1.55,4.2115,45.51,0.0414,13.854,0.4581,0.3399,BCC
3,267.86,1.55,4.2315,46.54,0.0435,13.572,0.445,0.3545,BCC
3,22.8332,1.55,4.189,45.44,0.0387,15.37,0.4393,0.317,BCC
3,38.5708,1.55,4.209,46.47,0.0404,15.198,0.4525,0.3381,BCC
3,93.3102,1.55,4.229,47.5,0.0405,14.82,0.4499,0.3569,BCC
4,21.386,1.65,4.153,41.97,0.0437,14.392,0.4888,0.3264,BCC
3,32.8139,1.65,4.173,43,0.0464,14.67,0.4959,0.3466,BCC
2,23.4556,1.65,4.1705,43.96,0.0431,16.11,0.4806,0.3387,BCC
3,19.0944,1.6,4.1555,40.57,0.0428,12.47,0.4721,0.3162,BCC
2,28.9622,1.6,4.1755,41.6,0.0444,12.62,0.4771,0.3332,BCC
4,50.1038,1.6,4.1955,42.63,0.0443,12.935,0.4692,0.3475,BCC
2,21.4451,1.6,4.173,42.56,0.0421,14.156,0.4639,0.3322,BCC
2,19.1814,1.55,4.1755,41.16,0.0405,11.922,0.4466,0.319,BCC
3,29.6987,1.55,4.1955,42.19,0.041,12.384,0.4496,0.334,BCC
3,22.4007,1.55,4.193,43.15,0.0398,13.92,0.4382,0.3368,BCC
3,80.1768,1.55,4.233,45.21,0.041,14.034,0.4322,0.368,BCC
3,26.8751,1.55,4.2105,45.14,0.039,15.52,0.4298,0.3518,BCC
4,34.1852,1.55,4.228,47.13,0.0382,16.722,0.4213,0.3645,BCC
4,27.2386,1.75,4.152,42.48,0.0474,16.85,0.5191,0.3589,BCC
3,21.955,1.65,4.157,39.68,0.0455,13.218,0.4841,0.3446,BCC
4,62.597,1.65,4.197,41.74,0.0474,13.38,0.4703,0.3739,BCC
2,23.8829,1.65,4.1745,41.67,0.0448,14.512,0.476,0.3601,BCC
3,21.3211,1.6,4.177,40.27,0.0429,12.77,0.4578,0.3471,BCC
3,33.3239,1.6,4.197,41.3,0.0431,12.74,0.4546,0.3611,BCC
4,24.1595,1.6,4.1945,42.26,0.0422,14.276,0.4495,0.3643,BCC
4,21.6034,1.55,4.197,40.86,0.0397,12.204,0.4306,0.348,BCC
3,71.8776,1.55,4.237,42.92,0.0428,12.79,0.4115,0.3681,BCC
3,11.1708,1.5,4.374,76.85,0.0405,32.795,0.3902,0.358,BCC
3,11.5606,1.45,4.379,74.49,0.0371,34.447,0.3553,0.352,BCC
4,12.8472,1.5,4.3765,77.07,0.0398,37.304,0.3655,0.3411,BCC
4,12.2356,1.5,4.394,79.06,0.0394,35.712,0.3569,0.3612,BCC
3,11.8947,1.5,4.3705,69.945,0.0369,32.253,0.3455,0.3973,BCC
4,10.4488,1.5,4.3815,76.365,0.0381,33.1345,0.3656,0.3759,BCC
3,9.1675,1.5,4.3765,78.285,0.0358,31.7905,0.3609,0.35,BCC
3,10.5154,1.5,4.399,79.535,0.0366,35.332,0.35,0.3756,BCC
4,9.8651,1.5,4.3965,80.495,0.0379,34.564,0.3627,0.3708,BCC
3,9.18,1.5,4.394,81.455,0.0377,33.796,0.3673,0.3597,BCC
4,18.7335,1.65,4.1655,41.96,0.0351,16.316,0.4102,0.3546,BCC
3,14.6618,1.6,4.143,39.055,0.0375,12.9005,0.4259,0.3132,BCC
3,16.1503,1.6,4.1605,41.045,0.0368,13.915,0.4174,0.3294,BCC
3,14.5217,1.55,4.163,39.645,0.036,12.515,0.403,0.3161,BCC
2,31.9035,1.8,4.107,34.94,0.0372,14.14,0.455,0.3745,BCC
3,28.5535,1.8,4.1245,36.93,0.0365,16.362,0.4467,0.3901,BCC
2,25.7789,1.75,4.1345,35.045,0.0345,14.693,0.4103,0.386,BCC
4,24.8984,1.75,4.127,35.53,0.0363,14.402,0.4319,0.3762,BCC
2,23.6884,1.75,4.1195,36.015,0.0382,14.111,0.453,0.3638,BCC
3,24.1189,1.75,4.1445,37.52,0.0358,16.366,0.4234,0.3936,BCC
4,23.1367,1.75,4.137,38.005,0.0375,16.0265,0.4446,0.3794,BCC
3,20.2874,1.75,4.1395,40.965,0.0409,16.768,0.4776,0.3561,BCC
4,19.4208,1.7,4.132,37.09,0.0393,13.867,0.4507,0.353,BCC
3,18.5855,1.7,4.142,39.565,0.0408,15.088,0.4632,0.3519,BCC
2,17.9352,1.65,4.152,37.68,0.0381,13.796,0.4267,0.3552,BCC
3,16.664,1.65,4.1445,38.165,0.0404,13.408,0.4481,0.3419,BCC
3,19.1202,1.65,4.1695,39.67,0.0375,15.147,0.4181,0.3725,BCC
4,17.8906,1.65,4.162,40.155,0.0397,14.7105,0.4397,0.3574,BCC
4,17.1885,1.6,4.172,38.27,0.0363,13.607,0.4016,0.3557,BCC
2,16.0836,1.6,4.1645,38.755,0.0387,13.1705,0.4238,0.3444,BCC
4,17.7812,1.6,4.182,40.745,0.038,14.215,0.4152,0.3616,BCC
3,18.2218,1.55,4.202,41.335,0.0357,13.7895,0.3895,0.3645,BCC
3,55.0855,1.85,4.1085,34.05,0.0405,13.88,0.4746,0.4005,BCC
4,34.4143,1.8,4.1285,34.64,0.0399,14.29,0.4501,0.4018,BCC
4,32.1976,1.8,4.121,35.125,0.0416,14.0475,0.4716,0.3902,BCC
4,30.7481,1.8,4.146,36.63,0.0393,16.542,0.4417,0.419,BCC
4,25.4711,1.75,4.141,35.715,0.0406,14.291,0.4467,0.3918,BCC
4,23.8399,1.75,4.1335,36.2,0.0426,14,0.4683,0.3797,BCC
3,25.9013,1.75,4.166,37.22,0.038,16.576,0.4161,0.4208,BCC
3,23.511,1.75,4.151,38.19,0.042,15.897,0.46,0.3949,BCC
3,21.6766,1.75,4.1435,38.675,0.044,15.5575,0.4814,0.3791,BCC
3,20.2281,1.65,4.181,36.895,0.0365,14.424,0.3941,0.3898,BCC
3,19.3346,1.65,4.1735,37.38,0.039,14.036,0.417,0.3819,BCC
2,18.0213,1.65,4.166,37.865,0.0414,13.648,0.4394,0.3713,BCC
4,19.4161,1.65,4.1835,39.855,0.0407,14.9805,0.4309,0.3882,BCC
2,36.9376,1.8,4.15,34.34,0.0419,14.44,0.4374,0.4261,BCC
3,31.7318,1.8,4.135,35.31,0.0459,13.955,0.4815,0.4056,BCC
2,26.4965,1.8,4.145,37.785,0.0473,15.849,0.495,0.4053,BCC
4,29.4077,1.75,4.1775,34.445,0.0374,15.053,0.3868,0.4266,BCC
3,27.2121,1.75,4.1625,35.415,0.0419,14.471,0.433,0.4167,BCC
3,20.6969,1.7,4.1675,36.975,0.0441,13.9475,0.451,0.3972,BCC
3,21.5871,1.65,4.2025,36.595,0.0359,14.664,0.3769,0.4096,BCC
3,20.6994,1.65,4.195,37.08,0.0386,14.276,0.4007,0.4051,BCC
4,36.9453,1.8,4.164,34.525,0.0449,14.3475,0.4418,0.4409,BCC
4,30.3003,1.75,4.1915,34.63,0.0395,14.942,0.3901,0.4413,BCC
4,24.8343,1.75,4.169,36.085,0.0468,14.069,0.4593,0.4223,BCC
3,28.8316,1.75,4.198,35.3,0.0435,14.54,0.4136,0.4528,BCC
4,490.4933,1.75,4.1265,37.23,0.0451,13.996,0.4956,0.3379,BCC
3,40.8643,1.75,4.1765,36.32,0.0416,16.082,0.3929,0.2985,BCC
3,38.5312,1.65,4.1465,37.38,0.0379,13.368,0.4417,0.3196,BCC
2,32.1698,1.65,4.1315,38.35,0.0423,12.495,0.4858,0.3057,BCC
3,85.2846,1.65,4.1665,38.41,0.0396,13.59,0.44,0.3232,BCC
4,71.3632,1.65,4.159,38.895,0.0421,13.105,0.4627,0.3224,BCC
3,172.1704,1.65,4.2015,38.47,0.0403,14.673,0.3799,0.2886,BCC
4,303.6499,1.65,4.194,38.955,0.0416,14.1395,0.4041,0.3098,BCC
4,1218.8315,1.65,4.1865,39.44,0.043,13.606,0.4276,0.3213,BCC
3,64.3243,1.65,4.214,39.985,0.0447,13.998,0.3835,0.291,BCC
4,28.4487,1.6,4.1515,38.94,0.0402,12.18,0.4595,0.3037,BCC
4,25.5432,1.6,4.144,39.425,0.0426,11.695,0.4815,0.2942,BCC
2,57.4333,1.6,4.179,39.485,0.0386,12.6765,0.4345,0.3139,BCC
2,42.6107,1.6,4.164,40.455,0.0439,11.6095,0.4797,0.3066,BCC
3,233.2697,1.6,4.199,40.515,0.0423,12.482,0.4213,0.313,BCC
3,142.75,1.6,4.1915,41,0.0436,11.9,0.4445,0.3167,BCC
4,98.4105,1.6,4.184,41.485,0.045,11.5875,0.4673,0.3151,BCC
3,70.0979,1.6,4.234,40.575,0.0424,13.3425,0.3512,0.2516,BCC
4,59.7973,1.55,4.2065,39.59,0.0347,12.712,0.3813,0.2925,BCC
3,53.4345,1.55,4.199,40.075,0.0358,12.13,0.4054,0.3017,BCC
4,47.1451,1.55,4.1915,40.56,0.0373,11.548,0.4288,0.3044,BCC
2,40.8122,1.55,4.184,41.045,0.0402,10.966,0.4517,0.302,BCC
2,216.4772,1.55,4.219,41.105,0.0403,11.7775,0.391,0.2951,BCC
4,137.4287,1.55,4.2115,41.59,0.0416,11.535,0.4149,0.3044,BCC
4,96.6055,1.55,4.204,42.075,0.043,11.2925,0.4382,0.3071,BCC
4,241.1093,1.8,4.1155,34.825,0.0429,13.785,0.4823,0.3614,BCC
3,50.7643,1.75,4.123,33.9,0.0354,13.46,0.4257,0.3527,BCC
2,47.3839,1.75,4.1155,34.385,0.0371,13.169,0.4476,0.3491,BCC
2,43.6798,1.75,4.108,34.87,0.0389,12.878,0.4692,0.3418,BCC
3,301.0512,1.75,4.1505,34.445,0.0371,14.6785,0.4097,0.3481,BCC
3,151.0533,1.75,4.1355,35.415,0.0411,13.9995,0.4554,0.3553,BCC
3,117.0936,1.75,4.128,35.9,0.0431,13.66,0.4776,0.3517,BCC
4,93.1088,1.75,4.1205,36.385,0.0451,13.3205,0.4996,0.3445,BCC
4,98.2895,1.75,4.1705,35.475,0.0405,15.4,0.4027,0.3366,BCC
2,174.5813,1.75,4.1555,36.445,0.0434,14.624,0.4493,0.357,BCC
2,285.0349,1.75,4.148,36.93,0.0457,14.236,0.472,0.3579,BCC
2,37.5112,1.75,4.198,36.02,0.0424,16.352,0.3616,0.2733,BCC
3,43.8531,1.75,4.1905,36.505,0.044,15.9155,0.3864,0.3144,BCC
4,26.0117,1.65,4.148,36.05,0.0361,13.18,0.4183,0.3339,BCC
3,24.6871,1.65,4.1405,36.535,0.0383,12.792,0.4406,0.3289,BCC
3,44.6134,1.65,4.168,37.08,0.038,13.638,0.4226,0.3373,BCC
2,36.9691,1.65,4.153,38.05,0.0429,12.765,0.468,0.3316,BCC
2,32.674,1.65,4.1455,38.535,0.0453,12.3285,0.4901,0.3232,BCC
4,200.1354,1.65,4.203,37.14,0.0378,14.86,0.3658,0.3029,BCC
3,91.0874,1.65,4.1805,38.595,0.0418,13.405,0.4376,0.3399,BCC
4,73.9283,1.65,4.173,39.08,0.0436,12.92,0.4604,0.3392,BCC
4,1151.1457,1.65,4.2005,39.625,0.0455,13.4025,0.4208,0.3378,BCC
3,22.27,1.6,4.1605,37.125,0.0362,12.7175,0.4144,0.3241,BCC
3,20.9678,1.6,4.153,37.61,0.0386,12.281,0.4368,0.3184,BCC
4,35.6612,1.6,4.1805,38.155,0.0371,12.965,0.4174,0.3283,BCC
3,29.4097,1.6,4.1655,39.125,0.0425,11.995,0.463,0.3212,BCC
4,85.3763,1.6,4.208,38.7,0.0385,13.54,0.3841,0.317,BCC
3,72.5809,1.6,4.2005,39.185,0.0398,13.0065,0.4081,0.3273,BCC
4,61.608,1.6,4.193,39.67,0.0411,12.473,0.4316,0.3309,BCC
3,51.7658,1.6,4.1855,40.155,0.0425,11.9395,0.4546,0.3295,BCC
2,20.0324,1.55,4.173,38.2,0.036,12.04,0.4103,0.314,BCC
2,18.5191,1.55,4.1655,38.685,0.0386,11.555,0.4328,0.3076,BCC
2,79.2426,1.55,4.228,39.29,0.0365,13.072,0.3526,0.2917,BCC
3,68.8381,1.55,4.2205,39.775,0.0378,12.49,0.3777,0.3097,BCC
4,59.3628,1.55,4.213,40.26,0.0392,11.908,0.4019,0.3189,BCC
4,1412.885,1.55,4.2405,40.805,0.0409,12.1635,0.3584,0.2941,BCC
4,298.1299,1.55,4.233,41.29,0.0424,11.685,0.3833,0.3122,BCC
3,158.7775,1.8,4.1245,33.01,0.039,13.185,0.439,0.3775,BCC
3,127.1923,1.8,4.117,33.495,0.0407,12.9425,0.4612,0.3747,BCC
3,109.2285,1.8,4.152,33.555,0.0404,14.547,0.4161,0.3708,BCC
4,189.6666,1.8,4.137,34.525,0.0444,13.965,0.4619,0.38,BCC
4,306.0912,1.8,4.1295,35.01,0.0464,13.674,0.4842,0.3773,BCC
3,40.2976,1.8,4.1795,34.1,0.0424,15.8,0.3804,0.3312,BCC
4,45.9572,1.8,4.172,34.585,0.044,15.4605,0.4046,0.3577,BCC
3,57.2195,1.75,4.1445,33.6,0.0371,13.64,0.412,0.3679,BCC
4,48.7557,1.75,4.1295,34.57,0.0411,13.058,0.457,0.3652,BCC
3,44.1776,1.75,4.122,35.055,0.0431,12.767,0.4789,0.3582,BCC
2,725.2847,1.75,4.172,34.145,0.038,14.8885,0.3867,0.3499,BCC
4,209.4352,1.75,4.157,35.115,0.0417,14.2095,0.4338,0.3703,BCC
2,113.3394,1.75,4.142,36.085,0.0461,13.5305,0.479,0.3678,BCC
4,66.5319,1.75,4.1995,34.69,0.0401,16.028,0.3486,0.2869,BCC
4,103.0442,1.75,4.1845,35.66,0.0432,15.252,0.3982,0.3521,BCC
3,39.4633,1.75,4.212,36.205,0.0437,16.1855,0.3528,0.2887,BCC
4,36.6219,1.7,4.157,34.675,0.0369,13.6375,0.4074,0.3596,BCC
2,34.7252,1.7,4.1495,35.16,0.0391,13.298,0.4303,0.3597,BCC
2,32.4436,1.7,4.142,35.645,0.0413,12.9585,0.4527,0.3556,BCC
3,29.7937,1.7,4.1345,36.13,0.0435,12.619,0.4747,0.3479,BCC
3,29.6593,1.65,4.177,35.265,0.034,13.808,0.379,0.3465,BCC
2,28.6345,1.65,4.1695,35.75,0.0364,13.42,0.4027,0.3511,BCC
4,27.2046,1.65,4.162,36.235,0.0388,13.032,0.4257,0.3504,BCC
3,25.3827,1.65,4.1545,36.72,0.0413,12.644,0.4483,0.3456,BCC
4,55.8475,1.65,4.197,36.295,0.0367,14.3445,0.3748,0.3375,BCC
4,51.5123,1.65,4.1895,36.78,0.038,13.908,0.399,0.349,BCC
4,46.9086,1.65,4.182,37.265,0.0395,13.4715,0.4226,0.3536,BCC
2,37.0574,1.65,4.167,38.235,0.0449,12.5985,0.4683,0.3483,BCC
3,250.8953,1.65,4.217,37.325,0.0401,14.675,0.3603,0.3189,BCC
4,23.1806,1.6,4.1745,37.31,0.0384,12.551,0.421,0.3409,BCC
2,21.3198,1.6,4.167,37.795,0.041,12.1145,0.4437,0.3355,BCC
3,33.495,1.6,4.187,38.825,0.041,12.295,0.44,0.3436,BCC
2,20.6277,1.55,4.187,38.385,0.0377,11.855,0.4162,0.3311,BCC
3,93.8047,1.55,4.242,39.475,0.0386,12.85,0.3462,0.3084,BCC
4,77.4751,1.55,4.2345,39.96,0.0401,12.268,0.3716,0.3263,BCC
3,63.8053,1.55,4.227,40.445,0.0417,11.686,0.396,0.3355,BCC
3,95.3929,1.85,4.1335,31.635,0.0408,12.926,0.4261,0.3988,BCC
4,143.6483,1.85,4.1185,32.605,0.0443,12.538,0.4711,0.3994,BCC
2,195.4368,1.85,4.111,33.09,0.0461,12.344,0.4931,0.3937,BCC
2,207.9626,1.8,4.146,32.71,0.0404,13.335,0.4211,0.3912,BCC
4,156.3989,1.8,4.1385,33.195,0.0424,13.0925,0.4439,0.393,BCC
3,122.2107,1.8,4.131,33.68,0.0444,12.85,0.4664,0.3903,BCC
4,97.5462,1.8,4.1235,34.165,0.0464,12.6075,0.4884,0.3841,BCC
4,116.1152,1.8,4.166,33.74,0.0432,14.436,0.4143,0.3859,BCC
2,64.6237,1.75,4.166,33.3,0.0377,13.82,0.3925,0.3768,BCC
4,59.5638,1.75,4.1585,33.785,0.0399,13.529,0.416,0.3833,BCC
3,54.283,1.75,4.151,34.27,0.0421,13.238,0.439,0.3844,BCC
3,43.4317,1.75,4.136,35.24,0.0465,12.656,0.4837,0.3742,BCC
2,341.7993,1.75,4.1785,34.815,0.0425,14.4195,0.4082,0.3791,BCC
2,205.4494,1.75,4.171,35.3,0.044,14.08,0.4316,0.3857,BCC
4,142.8531,1.75,4.1635,35.785,0.0458,13.7405,0.4546,0.3868,BCC
2,32.6308,1.7,4.156,35.83,0.044,12.829,0.4566,0.3716,BCC
3,29.7654,1.65,4.1835,35.935,0.0381,13.272,0.4055,0.367,BCC
2,27.7785,1.65,4.176,36.42,0.0408,12.884,0.4287,0.3665,BCC
3,25.2983,1.65,4.1685,36.905,0.0434,12.496,0.4515,0.3619,BCC
2,41.9804,1.65,4.1885,37.935,0.044,12.8685,0.4428,0.369,BCC
3,183.1573,1.65,4.2235,37.995,0.0434,14.005,0.3775,0.3554,BCC
2,41.9695,1.55,4.236,38.63,0.0378,12.737,0.3582,0.34,BCC
3,31.8992,1.9,4.1425,30.26,0.0426,12.392,0.4097,0.4109,BCC
4,85.629,1.85,4.155,31.335,0.0417,13.046,0.4041,0.4048,BCC
3,102.3502,1.85,4.1475,31.82,0.0437,12.852,0.4275,0.4136,BCC
4,3572.8381,1.8,4.1825,31.44,0.0378,13.97,0.3492,0.3563,BCC
4,573.6029,1.8,4.175,31.925,0.0394,13.7275,0.3742,0.3829,BCC
4,305.811,1.8,4.1675,32.41,0.0409,13.485,0.3984,0.3984,BCC
3,148.6964,1.8,4.1525,33.38,0.0451,13,0.445,0.4082,BCC
2,113.8462,1.8,4.145,33.865,0.0473,12.7575,0.4676,0.4056,BCC
3,97.2863,1.8,4.1875,33.44,0.0439,14.616,0.3857,0.385,BCC
4,124.2952,1.8,4.18,33.925,0.0457,14.325,0.4097,0.4006,BCC
3,170.8674,1.8,4.1725,34.41,0.0474,14.034,0.4332,0.4085,BCC
4,73.7164,1.75,4.1875,33,0.0386,14,0.3682,0.3777,BCC
3,67.2279,1.75,4.18,33.485,0.0401,13.709,0.3926,0.3918,BCC
3,1005.1925,1.75,4.2075,34.03,0.0412,14.969,0.3541,0.355,BCC
2,1022.9922,1.75,4.2,34.515,0.043,14.6295,0.3791,0.3798,BCC
3,332.9059,1.75,4.1925,35,0.0448,14.29,0.4033,0.394,BCC
4,193.3108,1.75,4.185,35.485,0.0466,13.9505,0.4269,0.4009,BCC
4,87.0563,1.75,4.22,35.545,0.0443,15.344,0.3576,0.3569,BCC
3,44.2838,1.7,4.2,34.075,0.0378,14.0575,0.3621,0.3721,BCC
4,38.9528,1.7,4.185,35.045,0.0409,13.3785,0.4106,0.3907,BCC
3,30.2979,1.65,4.1975,36.12,0.0402,13.124,0.4048,0.3826,BCC
4,27.5768,1.65,4.19,36.605,0.0419,12.736,0.4282,0.3822,BCC
4,71.5665,1.65,4.2325,36.18,0.0395,14.448,0.34,0.3473,BCC
3,47.8633,1.65,4.21,37.635,0.0448,13.1385,0.4141,0.385,BCC
4,30.425,1.9,4.164,29.96,0.0435,12.482,0.3841,0.4062,BCC
4,64.2839,1.85,4.184,30.55,0.0409,13.36,0.3529,0.3727,BCC
4,75.7326,1.85,4.1765,31.035,0.0426,13.166,0.3779,0.4019,BCC
3,90.3456,1.85,4.169,31.52,0.0444,12.972,0.4021,0.4192,BCC
3,620.5981,1.8,4.189,32.11,0.0418,13.635,0.3716,0.3972,BCC
3,191.3869,1.8,4.174,33.08,0.0453,13.15,0.4197,0.4209,BCC
4,134.623,1.8,4.194,34.11,0.0473,14.214,0.403,0.4152,BCC
4,76.9678,1.75,4.2015,33.185,0.0409,13.889,0.3651,0.3922,BCC
3,68.4902,1.75,4.194,33.67,0.0427,13.598,0.3897,0.4065,BCC
3,60.4367,1.75,4.1865,34.155,0.0444,13.307,0.4136,0.4134,BCC
4,52.7711,1.75,4.179,34.64,0.0462,13.016,0.4369,0.4148,BCC
3,990.0942,1.75,4.214,34.7,0.0443,14.5,0.3717,0.3942,BCC
3,306.1988,1.75,4.2065,35.185,0.0463,14.1605,0.3962,0.4087,BCC
2,28.4056,1.9,4.1855,29.66,0.0433,12.572,0.3547,0.3876,BCC
3,275.8502,1.8,4.1955,32.78,0.0453,13.3,0.3909,0.4273,BCC
2,78.6901,1.75,4.2155,33.37,0.0423,13.778,0.3594,0.4064,BCC
3,825.8891,1.75,4.2355,34.4,0.0426,14.71,0.3368,0.3829,BCC
3,128.5467,1.75,4.2405,36.4,0.0464,14.66,0.3599,0.4104,BCC
3,29.2631,1.9,4.1995,29.845,0.0441,12.5165,0.3476,0.4003,BCC
4,243.2315,1.8,4.2095,32.965,0.0463,13.2075,0.3837,0.4414,BCC
3,86.7353,1.8,4.237,33.51,0.0435,14.574,0.3332,0.3987,BCC
3,66.2266,1.75,4.222,34.04,0.0452,13.376,0.3767,0.4353,BCC
3,634.4408,1.75,4.242,35.07,0.0446,14.241,0.3514,0.4223,BCC
4,8.4137,1.45,4.3775,76.35,0.0392,39.805,0.3588,0.396,BCC
4,10.5797,1.45,4.39,82.355,0.0373,40.5405,0.3628,0.3424,BCC
3,9.5875,1.5,4.3825,77,0.0394,36.02,0.3608,0.3943,BCC
3,9.141,1.45,4.3825,76.56,0.0365,36.328,0.3514,0.3809,BCC
3,9.5577,1.5,4.3975,81.13,0.0384,37.386,0.3569,0.3896,BCC
4,9.033,1.45,4.3975,80.69,0.0361,37.738,0.348,0.3761,BCC
4,8.365,1.5,4.3975,84.97,0.036,41.517,0.3555,0.3961,BCC
3,8.5334,1.5,4.3875,82.23,0.0351,40.653,0.3441,0.3795,BCC
4,9.0851,1.5,4.4,83.745,0.0367,39.2895,0.3518,0.3821,BCC
4,8.7546,1.5,4.3975,84.705,0.0369,38.4255,0.3605,0.3737,BCC
3,8.477,1.4,4.405,80.945,0.0303,41.8095,0.3019,0.3504,BCC
4,58.2385,1.75,4.135,44.955,0.047,16.6015,0.5556,0.3148,BCC
2,49.2886,1.65,4.1475,41.67,0.0435,13.415,0.4979,0.3129,BCC
2,199.412,1.65,4.175,42.215,0.0429,13.911,0.4698,0.3359,BCC
2,69.441,1.65,4.18,42.69,0.0384,15.546,0.4454,0.3564,BCC
3,53.1415,1.65,4.165,43.66,0.0428,14.964,0.4899,0.3316,BCC
2,45.5786,1.65,4.1575,44.145,0.045,14.673,0.5117,0.3156,BCC
4,152.983,1.65,4.185,44.69,0.0447,14.867,0.4842,0.348,BCC
2,70.9123,1.65,4.19,45.165,0.04,16.4545,0.4596,0.3627,BCC
3,61.295,1.65,4.1825,45.65,0.0422,16.115,0.4818,0.3473,BCC
2,65.5897,1.65,4.1925,48.125,0.0438,16.48,0.4956,0.3421,BCC
3,3948.8942,1.65,4.22,48.67,0.0433,16.167,0.4681,0.3801,BCC
4,97.8951,1.65,4.21,50.115,0.0431,16.851,0.4875,0.3523,BCC
4,45.2301,1.6,4.1675,42.26,0.0411,13.12,0.4711,0.3135,BCC
3,162.2672,1.6,4.195,42.805,0.0398,13.557,0.4412,0.3312,BCC
2,113.8728,1.6,4.1875,43.29,0.0419,13.266,0.464,0.3255,BCC
4,117.5432,1.6,4.1975,45.765,0.0438,14.1145,0.4785,0.337,BCC
4,39.9006,1.55,4.18,43.335,0.0407,12.5825,0.4662,0.3021,BCC
3,194.6414,1.55,4.215,43.395,0.0382,13.203,0.4119,0.3237,BCC
2,130.2676,1.55,4.2075,43.88,0.0393,12.912,0.4353,0.3213,BCC
2,94.0101,1.55,4.2,44.365,0.0406,12.621,0.4582,0.3148,BCC
3,120.2767,1.55,4.235,44.425,0.0424,13.1325,0.3943,0.3239,BCC
3,187.5779,1.55,4.2275,44.91,0.0438,12.793,0.4181,0.3264,BCC
4,429.8582,1.55,4.22,45.395,0.0451,12.4535,0.4414,0.324,BCC
3,51.3586,1.55,4.1975,45.325,0.0399,13.965,0.458,0.3229,BCC
3,184.3409,1.55,4.2175,46.355,0.0401,13.7015,0.45,0.338,BCC
2,133.261,1.55,4.2375,47.385,0.0447,13.232,0.4333,0.3501,BCC
3,12.0594,1.5,4.3825,77.915,0.0409,36.628,0.348,0.3355,BCC
3,10.7269,1.45,4.38,78.435,0.0369,36.212,0.3609,0.331,BCC
3,19.8769,1.8,4.07,36.345,0.0391,15.683,0.5564,0.3125,BCC
2,47.1784,1.65,4.1515,43.565,0.0438,15.164,0.506,0.3387,BCC
3,56.9734,1.65,4.169,45.555,0.0432,16.7225,0.4979,0.3494,BCC
4,24.1953,1.6,4.1515,43.125,0.0391,14.6625,0.4622,0.3238,BCC
4,48.217,1.6,4.1715,44.155,0.042,14.928,0.4805,0.3456,BCC
4,28.5029,1.65,4.153,42.235,0.042,14.9295,0.4811,0.3523,BCC
3,60.2804,1.65,4.173,43.265,0.0447,15.284,0.4902,0.373,BCC
3,33.1056,1.65,4.1745,41.935,0.0431,15.0195,0.4695,0.386,BCC
4,87.8243,1.8,4.119,36.895,0.0363,16.2935,0.4608,0.4017,BCC
2,42.7034,1.8,4.1315,38.41,0.0427,16.382,0.4873,0.4042,BCC
4,2178.5894,1.75,4.1315,37.97,0.037,15.854,0.4571,0.3917,BCC
4,686.4902,1.75,4.124,38.455,0.0388,15.466,0.4788,0.3798,BCC
3,65.4726,1.75,4.1515,39,0.0408,16.12,0.46,0.4036,BCC
4,60.3812,1.65,4.149,40.605,0.04,13.845,0.471,0.3583,BCC
2,50.656,1.65,4.1415,41.09,0.0422,13.36,0.4926,0.3433,BCC
2,321.5193,1.65,4.1615,42.12,0.0446,13.822,0.4942,0.361,BCC
4,60.5614,1.65,4.1965,42.18,0.0424,14.57,0.4386,0.3942,BCC
3,23.6139,1.6,4.1415,40.65,0.0375,12.92,0.4497,0.3289,BCC
3,159.1329,1.8,4.1055,36.535,0.0372,15.209,0.4769,0.3895,BCC
4,73.3918,1.75,4.133,36.64,0.0349,15.592,0.4313,0.4045,BCC
3,32.6277,1.65,4.1505,39.275,0.0382,14.1125,0.4465,0.3717,BCC
3,64.253,1.65,4.163,40.79,0.043,13.66,0.4763,0.3743,BCC
4,373.2351,1.65,4.1905,41.335,0.0413,14.136,0.4479,0.3996,BCC
3,27.6523,1.6,4.163,40.35,0.0387,13.22,0.443,0.3609,BCC
2,58.7475,1.75,4.132,37.795,0.0429,14.7835,0.4857,0.3944,BCC
3,80.1272,1.95,4.069,32.235,0.0358,11.7925,0.5113,0.4004,BCC
2,72.8776,1.95,4.0615,32.72,0.0378,11.55,0.532,0.386,BCC
3,264.6917,1.95,4.0965,32.78,0.0413,13.232,0.4999,0.4254,BCC
2,451.5023,1.95,4.089,33.265,0.0424,12.941,0.5217,0.4153,BCC
4,1738.799,1.95,4.0815,33.75,0.0435,12.65,0.5432,0.403,BCC
4,841.3867,1.95,4.074,34.235,0.0447,12.359,0.5647,0.3886,BCC
2,121.2751,1.95,4.099,35.74,0.0432,14.792,0.5352,0.4172,BCC
2,67.2919,1.95,4.1165,37.73,0.0429,16.536,0.5273,0.4293,BCC
4,61.0928,1.95,4.109,38.215,0.044,16.148,0.5488,0.4122,BCC
2,25.5396,1.95,4.0915,40.145,0.04,16.524,0.5689,0.3561,BCC
4,926.8961,1.9,4.099,31.38,0.0411,11.272,0.4814,0.3992,BCC
2,398.7772,1.9,4.0915,31.865,0.0424,10.981,0.5033,0.3945,BCC
4,39.3309,1.9,4.0965,32.34,0.0342,12.616,0.466,0.4133,BCC
3,38.4672,1.9,4.089,32.825,0.0353,12.325,0.4873,0.4028,BCC
3,35.355,1.9,4.074,33.795,0.0389,11.743,0.5291,0.3752,BCC
2,91.4331,1.9,4.109,33.855,0.042,13.3115,0.4953,0.4158,BCC
2,81.4573,1.9,4.1015,34.34,0.0433,12.972,0.5171,0.4053,BCC
3,29.4175,1.9,4.0915,35.785,0.0383,13.8805,0.5211,0.3879,BCC
3,28.0549,1.9,4.084,36.27,0.0401,13.541,0.5417,0.3699,BCC
3,50.8457,1.9,4.1115,36.815,0.0443,14.468,0.5307,0.4067,BCC
3,64.3806,1.85,4.1115,32.455,0.0414,11.4915,0.4765,0.3903,BCC
2,59.5608,1.85,4.104,32.94,0.0429,11.152,0.4986,0.385,BCC
4,4207.4424,1.85,4.139,33,0.0438,12.8,0.4464,0.3907,BCC
2,672.2745,1.85,4.1315,33.485,0.0454,12.412,0.4691,0.3941,BCC
4,305.1124,1.85,4.124,33.97,0.0472,12.024,0.4915,0.3927,BCC
3,27.3255,1.85,4.1165,32.93,0.034,13.079,0.4408,0.412,BCC
2,27.2752,1.85,4.109,33.415,0.0353,12.7395,0.4626,0.4036,BCC
4,26.8526,1.85,4.1015,33.9,0.0367,12.4,0.484,0.3926,BCC
3,25.0235,1.85,4.0865,34.87,0.04,11.721,0.5261,0.3641,BCC
4,48.7621,1.85,4.1365,33.96,0.0394,13.952,0.4459,0.4197,BCC
4,47.2825,1.85,4.129,34.445,0.0409,13.564,0.4684,0.4145,BCC
4,45.1824,1.85,4.1215,34.93,0.0425,13.176,0.4905,0.4061,BCC
3,42.6278,1.85,4.114,35.415,0.044,12.788,0.5124,0.3952,BCC
4,39.7285,1.85,4.1065,35.9,0.0456,12.4,0.5341,0.382,BCC
4,169.1186,1.85,4.1565,34.99,0.0435,14.619,0.4382,0.4236,BCC
3,136.7133,1.85,4.149,35.475,0.0449,14.1825,0.461,0.4221,BCC
4,24.5143,1.85,4.119,35.89,0.0363,14.328,0.4758,0.4084,BCC
4,24.0332,1.85,4.1115,36.375,0.0376,13.94,0.4971,0.3935,BCC
3,23.2475,1.85,4.104,36.86,0.0394,13.552,0.518,0.3768,BCC
2,22.1652,1.85,4.0965,37.345,0.0413,13.164,0.5388,0.3585,BCC
4,40.0989,1.85,4.154,35.95,0.0389,15.675,0.4376,0.4431,BCC
4,38.6865,1.85,4.139,36.92,0.042,14.802,0.4824,0.424,BCC
2,37.1192,1.85,4.1315,37.405,0.0436,14.3655,0.5044,0.411,BCC
2,22.8937,1.85,4.129,38.365,0.0372,15.4215,0.4889,0.4055,BCC
3,22.3058,1.85,4.1215,38.85,0.0387,14.985,0.5099,0.3876,BCC
3,21.9546,1.85,4.139,40.84,0.0382,16.02,0.5018,0.3968,BCC
2,20.1297,1.85,4.124,41.81,0.0417,15.263,0.5434,0.3548,BCC
2,19.0733,1.85,4.134,44.285,0.0424,16.012,0.5559,0.3373,BCC
4,39.3256,1.8,4.139,32.56,0.0379,12.272,0.4263,0.3808,BCC
3,37.3636,1.8,4.124,33.53,0.0415,11.496,0.4716,0.3812,BCC
4,35.6512,1.8,4.1165,34.015,0.0432,11.108,0.4937,0.3753,BCC
2,78.9606,1.8,4.144,34.56,0.0446,12.206,0.4633,0.3857,BCC
3,69.7831,1.8,4.1365,35.045,0.0466,11.7695,0.4858,0.3837,BCC
2,210.1704,1.8,4.179,34.62,0.0465,13.68,0.3994,0.3599,BCC
2,15.3469,1.8,4.1165,32.49,0.0273,12.507,0.3919,0.4001,BCC
4,21.8488,1.8,4.1365,33.52,0.0332,13.424,0.4146,0.4085,BCC
4,22.122,1.8,4.129,34.005,0.0347,13.036,0.437,0.4026,BCC
2,22.0636,1.8,4.1215,34.49,0.0363,12.648,0.459,0.3937,BCC
3,21.7067,1.8,4.114,34.975,0.0378,12.26,0.4805,0.3823,BCC
3,21.0696,1.8,4.1065,35.46,0.0394,11.872,0.5018,0.3686,BCC
4,20.1555,1.8,4.099,35.945,0.0411,11.484,0.5229,0.3529,BCC
4,34.2798,1.8,4.1565,34.55,0.0374,14.135,0.4179,0.4131,BCC
2,34.2684,1.8,4.149,35.035,0.0392,13.6985,0.4409,0.4109,BCC
4,33.643,1.8,4.1415,35.52,0.0409,13.262,0.4634,0.4051,BCC
2,32.5387,1.8,4.134,36.005,0.0427,12.8255,0.4856,0.3963,BCC
3,31.0384,1.8,4.1265,36.49,0.0445,12.389,0.5076,0.3849,BCC
2,29.189,1.8,4.119,36.975,0.0463,11.9525,0.5294,0.3713,BCC
2,71.4608,1.8,4.1765,35.58,0.0418,14.64,0.4088,0.413,BCC
4,67.6471,1.8,4.169,36.065,0.043,14.155,0.4322,0.4154,BCC
4,62.854,1.8,4.1615,36.55,0.0441,13.67,0.4552,0.4133,BCC
2,57.7063,1.8,4.154,37.035,0.046,13.185,0.4778,0.4076,BCC
3,869.3953,1.8,4.189,37.095,0.0474,14.4055,0.4149,0.4153,BCC
4,15.2218,1.8,4.1265,34.965,0.0283,14.188,0.4047,0.4089,BCC
4,14.5757,1.8,4.0965,36.905,0.036,12.636,0.4858,0.344,BCC
2,21.1353,1.8,4.1315,36.965,0.0374,13.8815,0.4723,0.398,BCC
3,20.6551,1.8,4.124,37.45,0.0389,13.445,0.4937,0.3827,BCC
4,19.8914,1.8,4.1165,37.935,0.0405,13.0085,0.5148,0.3656,BCC
4,31.8812,1.8,4.1665,37.025,0.0387,15.115,0.4325,0.4339,BCC
4,31.7309,1.8,4.159,37.51,0.0404,14.63,0.4552,0.4251,BCC
4,31.0272,1.8,4.1515,37.995,0.0422,14.145,0.4775,0.4139,BCC
3,29.8814,1.8,4.144,38.48,0.044,13.66,0.4996,0.4006,BCC
2,28.3526,1.8,4.1365,38.965,0.0458,13.175,0.5214,0.3853,BCC
3,58.9004,1.8,4.1865,38.055,0.0426,15.2695,0.4239,0.4421,BCC
4,48.953,1.8,4.164,39.51,0.0474,13.669,0.4922,0.4165,BCC
2,15.1139,1.8,4.1215,38.41,0.034,14.501,0.458,0.3737,BCC
2,14.7191,1.8,4.114,38.895,0.0355,14.0645,0.4777,0.3539,BCC
2,21.0022,1.8,4.1565,38.47,0.0354,15.59,0.4423,0.4264,BCC
3,20.9844,1.8,4.149,38.955,0.0369,15.105,0.4641,0.4114,BCC
4,20.6434,1.8,4.1415,39.44,0.0385,14.62,0.4856,0.3947,BCC
4,19.9979,1.8,4.134,39.925,0.04,14.135,0.5067,0.3764,BCC
4,19.0377,1.8,4.1265,40.41,0.0419,13.65,0.5277,0.3566,BCC
2,17.6962,1.8,4.119,40.895,0.0435,13.165,0.5484,0.3352,BCC
3,30.5749,1.8,4.184,39.015,0.0381,16.1335,0.4241,0.4533,BCC
3,30.9727,1.8,4.1765,39.5,0.0399,15.6,0.4469,0.4421,BCC
3,28.4265,1.8,4.154,40.955,0.0452,13.9995,0.5134,0.3973,BCC
3,54.4135,1.8,4.1965,40.53,0.0434,15.404,0.4388,0.4557,BCC
2,21.2089,1.8,4.1665,40.945,0.0365,15.9305,0.4558,0.4228,BCC
4,21.0171,1.8,4.159,41.43,0.038,15.529,0.4774,0.4049,BCC
3,19.595,1.8,4.144,42.4,0.0413,14.85,0.5196,0.3649,BCC
3,18.3052,1.8,4.1365,42.885,0.043,14.5105,0.5404,0.3428,BCC
2,31.1616,1.8,4.1865,41.975,0.0412,15.94,0.4612,0.4417,BCC
3,30.5438,1.8,4.179,42.46,0.0429,15.552,0.4834,0.4253,BCC
3,27.7268,1.8,4.164,43.43,0.0465,14.776,0.5271,0.3882,BCC
3,15.0148,1.8,4.1415,43.36,0.0354,16.098,0.4808,0.3463,BCC
2,14.1528,1.8,4.134,43.845,0.0362,15.7585,0.4998,0.3219,BCC
3,20.5613,1.8,4.1615,44.39,0.0407,15.928,0.5115,0.3719,BCC
4,19.2897,1.8,4.154,44.875,0.0425,15.54,0.5324,0.3491,BCC
3,32.3881,1.8,4.1965,44.45,0.0424,16.425,0.4753,0.435,BCC
2,14.9722,1.8,4.1515,45.835,0.0357,16.692,0.4918,0.3266,BCC
2,20.7817,1.8,4.1715,46.865,0.042,16.1715,0.5243,0.3543,BCC
3,23.0392,1.8,4.189,48.855,0.0415,16.405,0.5163,0.3586,BCC
3,19.1873,1.75,4.139,32.12,0.0322,11.744,0.3962,0.3706,BCC
4,19.4987,1.75,4.1315,32.605,0.034,11.356,0.4191,0.3722,BCC
3,19.5119,1.75,4.124,33.09,0.0357,10.968,0.4415,0.3693,BCC
4,28.939,1.75,4.144,34.12,0.0393,11.722,0.444,0.3747,BCC
4,28.1739,1.75,4.1365,34.605,0.0413,11.2855,0.4665,0.3719,BCC
4,27.0364,1.75,4.129,35.09,0.0433,10.849,0.4887,0.3654,BCC
4,54.5599,1.75,4.179,34.18,0.0405,13.24,0.387,0.3525,BCC
4,53.0614,1.75,4.1715,34.665,0.0416,12.755,0.411,0.3678,BCC
2,50.4495,1.75,4.164,35.15,0.0427,12.27,0.4344,0.3754,BCC
4,43.6783,1.75,4.149,36.12,0.0457,11.3,0.4799,0.3744,BCC
4,13.9771,1.75,4.129,33.565,0.0285,12.508,0.3899,0.3905,BCC
3,19.2023,1.75,4.149,34.595,0.0334,13.2145,0.4105,0.3994,BCC
4,19.3763,1.75,4.1415,35.08,0.0352,12.778,0.4331,0.393,BCC
4,18.8682,1.75,4.1265,36.05,0.0388,11.905,0.4769,0.3718,BCC
3,18.2132,1.75,4.119,36.535,0.0405,11.4685,0.4983,0.3576,BCC
3,17.275,1.75,4.1115,37.02,0.0423,11.032,0.5195,0.3414,BCC
4,27.4306,1.75,4.1765,35.14,0.0348,14.2,0.3888,0.4032,BCC
4,28.192,1.75,4.1615,36.11,0.0387,13.23,0.4357,0.4019,BCC
2,26.8341,1.75,4.1465,37.08,0.0427,12.26,0.4806,0.3862,BCC
3,25.5828,1.75,4.139,37.565,0.0447,11.775,0.5027,0.3744,BCC
4,48.7714,1.75,4.189,36.655,0.0413,14.0095,0.4026,0.4055,BCC
3,42.4325,1.75,4.1665,38.11,0.0451,12.409,0.4719,0.398,BCC
3,132.8489,1.75,4.2015,38.17,0.0467,13.516,0.4082,0.4078,BCC
2,14.172,1.75,4.124,37.01,0.0338,12.961,0.4449,0.369,BCC
3,19.4245,1.75,4.159,37.07,0.0347,14.19,0.4246,0.4129,BCC
3,19.4568,1.75,4.1515,37.555,0.0365,13.705,0.4469,0.4012,BCC
2,19.1874,1.75,4.144,38.04,0.0383,13.22,0.4687,0.3874,BCC
2,18.6313,1.75,4.1365,38.525,0.04,12.735,0.4902,0.3717,BCC
3,17.7764,1.75,4.129,39.01,0.0418,12.25,0.5114,0.3542,BCC
4,16.5573,1.75,4.1215,39.495,0.0437,11.765,0.5324,0.3349,BCC
4,27.5815,1.75,4.1865,37.615,0.0362,14.8735,0.404,0.431,BCC
2,28.0862,1.75,4.179,38.1,0.0382,14.34,0.4273,0.4246,BCC
3,27.9111,1.75,4.1715,38.585,0.0402,13.8065,0.4501,0.4154,BCC
3,27.2369,1.75,4.164,39.07,0.0422,13.273,0.4725,0.4038,BCC
4,47.0875,1.75,4.199,39.13,0.0421,14.284,0.4178,0.4333,BCC
4,45.6067,1.75,4.1915,39.615,0.0432,13.702,0.4411,0.4271,BCC
3,43.216,1.75,4.184,40.1,0.0445,13.12,0.4639,0.4179,BCC
4,14.286,1.75,4.134,39.485,0.0351,13.695,0.4569,0.3623,BCC
2,19.6846,1.75,4.1765,39.06,0.0342,15.204,0.4161,0.4297,BCC
3,19.9158,1.75,4.169,39.545,0.036,14.6705,0.4385,0.4161,BCC
4,19.3204,1.75,4.154,40.515,0.0395,13.6035,0.482,0.3837,BCC
2,17.3508,1.75,4.139,41.485,0.0431,12.729,0.5244,0.3447,BCC
3,28.5331,1.75,4.1965,40.09,0.0376,15.052,0.4189,0.4437,BCC
3,28.3458,1.75,4.1815,41.06,0.0416,13.888,0.4644,0.4187,BCC
4,24.0219,1.75,4.159,42.515,0.0476,12.8495,0.5304,0.3677,BCC
2,43.3077,1.75,4.194,42.575,0.046,13.54,0.4784,0.4212,BCC
2,14.9072,1.75,4.1515,41.475,0.0344,14.655,0.4486,0.3715,BCC
4,14.4299,1.75,4.144,41.96,0.0361,14.364,0.4686,0.3503,BCC
3,20.3692,1.75,4.1715,42.505,0.039,14.7765,0.4738,0.3938,BCC
4,19.6348,1.75,4.164,42.99,0.0408,14.437,0.4952,0.3742,BCC
4,18.4676,1.75,4.1565,43.475,0.0426,14.0975,0.5163,0.3531,BCC
4,29.517,1.75,4.1915,43.535,0.043,14.692,0.4785,0.4146,BCC
3,28.0985,1.75,4.184,44.02,0.045,14.304,0.5005,0.3965,BCC
3,26.0926,1.75,4.1765,44.505,0.047,13.916,0.5224,0.3769,BCC
4,21.9135,1.75,4.189,44.495,0.0385,15.844,0.4656,0.4025,BCC
3,20.0569,1.75,4.174,45.465,0.042,15.068,0.5083,0.3601,BCC
4,29.3679,1.75,4.194,46.495,0.0464,14.5845,0.5144,0.3846,BCC
4,16.5172,1.75,4.179,45.94,0.0349,16.608,0.4521,0.3633,BCC
2,15.7449,1.75,4.1715,46.425,0.0363,16.22,0.472,0.3393,BCC
4,23.6111,1.75,4.199,46.97,0.0397,16.077,0.4789,0.3885,BCC
3,22.3842,1.75,4.1915,47.455,0.0415,15.6405,0.5002,0.366,BCC
4,24.5003,1.7,4.1715,34.225,0.0345,12.315,0.392,0.3585,BCC
4,24.3795,1.7,4.1565,35.195,0.0388,11.345,0.4387,0.3658,BCC
4,40.3108,1.7,4.1915,35.255,0.04,12.7495,0.3806,0.3468,BCC
2,39.8309,1.7,4.184,35.74,0.0411,12.216,0.4047,0.3608,BCC
4,38.417,1.7,4.1765,36.225,0.0422,11.6825,0.4283,0.3674,BCC
3,36.4127,1.7,4.169,36.71,0.0433,11.149,0.4513,0.3683,BCC
3,17.597,1.7,4.1465,36.64,0.0375,11.82,0.4513,0.3734,BCC
3,17.1192,1.7,4.139,37.125,0.0395,11.335,0.4731,0.361,BCC
2,24.6591,1.7,4.1665,37.67,0.0403,12.013,0.4531,0.3858,BCC
4,23.7587,1.7,4.159,38.155,0.0425,11.4795,0.4756,0.376,BCC
2,40.6484,1.7,4.2015,37.73,0.0407,13.164,0.3962,0.3977,BCC
2,39.8236,1.7,4.194,38.215,0.0419,12.582,0.42,0.3986,BCC
3,38.1134,1.7,4.1865,38.7,0.043,12,0.4432,0.3952,BCC
3,18.5001,1.7,4.1715,38.145,0.0349,13.4105,0.4205,0.403,BCC
3,18.4166,1.7,4.164,38.63,0.0369,12.877,0.4429,0.3909,BCC
3,18.0236,1.7,4.1565,39.115,0.0389,12.3435,0.4649,0.3767,BCC
3,16.2394,1.7,4.1415,40.085,0.0429,11.2765,0.5079,0.3425,BCC
3,26.3618,1.7,4.1915,39.175,0.0375,13.35,0.422,0.4152,BCC
4,26.0647,1.7,4.184,39.66,0.0397,12.768,0.4449,0.4055,BCC
3,25.2732,1.7,4.1765,40.145,0.0419,12.186,0.4674,0.3935,BCC
4,24.0383,1.7,4.169,40.63,0.0441,11.604,0.4897,0.3793,BCC
3,19.2116,1.7,4.174,41.105,0.0383,12.957,0.4566,0.3899,BCC
3,18.5566,1.7,4.1665,41.59,0.0403,12.666,0.4783,0.3725,BCC
4,17.4862,1.7,4.159,42.075,0.0423,12.375,0.4998,0.3534,BCC
3,45.0101,1.7,4.214,43.165,0.0434,13.068,0.4498,0.4247,BCC
3,20.2458,1.7,4.184,43.58,0.0398,14.024,0.4701,0.3827,BCC
4,19.1613,1.7,4.1765,44.065,0.0418,13.6845,0.4916,0.3626,BCC
3,14.6809,1.65,4.179,33.3,0.0273,12.36,0.3383,0.3362,BCC
3,15.8238,1.65,4.149,35.24,0.0362,10.42,0.4333,0.35,BCC
3,21.5802,1.65,4.1915,34.815,0.0332,12.3535,0.3617,0.3385,BCC
4,22.2227,1.65,4.184,35.3,0.034,11.82,0.3863,0.3511,BCC
2,22.2933,1.65,4.1765,35.785,0.0355,11.2865,0.4101,0.3566,BCC
2,34.679,1.65,4.204,36.33,0.0394,12.044,0.374,0.3408,BCC
4,34.3346,1.65,4.1965,36.815,0.0405,11.462,0.3984,0.3535,BCC
2,16.5851,1.65,4.159,37.715,0.0378,11.0835,0.4472,0.363,BCC
4,23.4243,1.65,4.2015,37.29,0.0338,12.812,0.3775,0.3874,BCC
2,23.8575,1.65,4.194,37.775,0.0348,12.23,0.4015,0.3875,BCC
3,23.6838,1.65,4.1865,38.26,0.0373,11.648,0.4249,0.3834,BCC
2,23.0435,1.65,4.179,38.745,0.0397,11.066,0.4479,0.3759,BCC
2,36.7849,1.65,4.2065,39.29,0.0413,11.473,0.4137,0.3899,BCC
2,18.1584,1.65,4.184,39.22,0.0349,12.416,0.4163,0.3929,BCC
3,17.3406,1.65,4.169,40.19,0.0394,11.252,0.4609,0.3657,BCC
2,25.9636,1.65,4.204,40.25,0.0365,12.145,0.4165,0.4056,BCC
2,40.75,1.65,4.2165,41.765,0.0421,11.4545,0.4289,0.4081,BCC
3,14.2752,1.65,4.174,40.665,0.0331,12.602,0.4117,0.3763,BCC
3,19.7226,1.65,4.2015,41.21,0.0343,12.894,0.4077,0.4095,BCC
4,19.6367,1.65,4.194,41.695,0.0365,12.603,0.4304,0.3951,BCC
2,27.8936,1.65,4.2065,43.21,0.0407,12.363,0.4541,0.3977,BCC
3,51.025,1.65,4.234,43.755,0.0418,12.596,0.4206,0.4268,BCC
3,14.5797,1.65,4.1765,43.625,0.0366,13.365,0.4454,0.348,BCC
3,21.9843,1.65,4.2115,43.685,0.0358,13.9505,0.4219,0.4077,BCC
3,21.5558,1.65,4.204,44.17,0.0381,13.611,0.4443,0.3903,BCC
4,33.476,1.65,4.224,45.2,0.04,13.36,0.4458,0.4103,BCC
3,31.3989,1.65,4.2165,45.685,0.0424,12.972,0.4684,0.3929,BCC
4,68.2006,1.65,4.244,46.23,0.0426,12.903,0.4356,0.4286,BCC
2,16.3544,1.65,4.194,45.615,0.036,14.5195,0.437,0.3559,BCC
3,25.2018,1.65,4.2215,46.16,0.0374,14.512,0.4359,0.3998,BCC
4,14.9335,1.6,4.184,34.86,0.0288,11.424,0.3583,0.341,BCC
4,21.1872,1.6,4.1965,36.375,0.0336,11.11,0.3804,0.3435,BCC
4,15.9366,1.6,4.2015,36.85,0.0281,12.46,0.3491,0.3768,BCC
2,23.6047,1.6,4.2065,38.85,0.0342,11.165,0.3958,0.3785,BCC
3,18.3013,1.6,4.1965,40.295,0.0347,11.2065,0.4119,0.3827,BCC
4,14.4367,1.6,4.1865,41.74,0.0339,11.76,0.4093,0.3652,BCC
2,31563.2736,1.95,4.073,29.945,0.0401,9.022,0.5089,0.4092,BCC
3,35.1726,1.95,4.063,31.39,0.0361,10.364,0.5019,0.3988,BCC
3,99.6124,1.95,4.098,31.45,0.0387,12.185,0.4792,0.4378,BCC
4,90.788,1.95,4.0905,31.935,0.0398,11.9425,0.5008,0.4279,BCC
2,81.9013,1.95,4.083,32.42,0.0409,11.7,0.5222,0.4156,BCC
2,325.2593,1.95,4.1105,32.965,0.0462,13.121,0.5017,0.4403,BCC
4,27.2823,1.95,4.0805,33.38,0.0354,13.14,0.4938,0.4113,BCC
3,48.9935,1.95,4.1005,34.41,0.0406,14.174,0.5141,0.4296,BCC
2,46.0593,1.95,4.093,34.895,0.0417,13.883,0.5354,0.4139,BCC
3,42.7558,1.95,4.0855,35.38,0.0434,13.592,0.5565,0.3966,BCC
2,22.783,1.95,4.0905,35.855,0.0363,15.227,0.5056,0.4035,BCC
4,22.0121,1.95,4.083,36.34,0.0374,14.936,0.5254,0.3837,BCC
3,65.7823,1.9,4.1005,30.05,0.0386,10.085,0.4613,0.4119,BCC
3,24.306,1.9,4.083,31.98,0.0352,11.04,0.4797,0.4028,BCC
2,42.2436,1.9,4.1105,32.525,0.0395,12.505,0.4751,0.4284,BCC
4,40.7726,1.9,4.103,33.01,0.0409,12.214,0.4968,0.418,BCC
4,38.841,1.9,4.0955,33.495,0.0422,11.923,0.5182,0.4054,BCC
3,36.522,1.9,4.088,33.98,0.0435,11.632,0.5396,0.3908,BCC
2,123.8991,1.9,4.138,33.07,0.0433,13.861,0.4517,0.4431,BCC
3,94.9622,1.9,4.123,34.04,0.0464,13.182,0.4964,0.4308,BCC
2,21.1355,1.9,4.093,34.455,0.0365,13.267,0.4919,0.4006,BCC
4,20.5009,1.9,4.0855,34.94,0.0381,12.976,0.512,0.3829,BCC
4,32.2272,1.9,4.113,35.485,0.0418,14.0905,0.5102,0.4193,BCC
3,30.7751,1.9,4.1055,35.97,0.0431,13.751,0.5315,0.4032,BCC
3,28.9741,1.9,4.098,36.455,0.0446,13.4115,0.5527,0.3855,BCC
4,19.1406,1.9,4.103,36.93,0.0375,14.999,0.504,0.3924,BCC
4,18.4236,1.9,4.0955,37.415,0.0387,14.6595,0.5239,0.3722,BCC
2,35.1708,1.85,4.1205,30.64,0.0375,10.836,0.4345,0.4045,BCC
3,34.7627,1.85,4.113,31.125,0.0391,10.545,0.4569,0.4031,BCC
4,33.8741,1.85,4.1055,31.61,0.0406,10.254,0.4789,0.3979,BCC
4,30.9019,1.85,4.0905,32.58,0.0437,9.672,0.5222,0.3787,BCC
4,79.5727,1.85,4.1405,31.67,0.0415,12.041,0.4315,0.4034,BCC
2,73.8461,1.85,4.133,32.155,0.0433,11.7015,0.4544,0.4069,BCC
2,67.7687,1.85,4.1255,32.64,0.045,11.362,0.4769,0.4056,BCC
3,514.7001,1.85,4.1605,32.7,0.046,13.04,0.4182,0.3957,BCC
4,19.5114,1.85,4.103,32.57,0.0342,11.598,0.4565,0.4054,BCC
2,19.2317,1.85,4.0955,33.055,0.0362,11.307,0.4774,0.3924,BCC
3,29.5833,1.85,4.138,32.63,0.0371,13.289,0.4261,0.4322,BCC
3,29.6492,1.85,4.1305,33.115,0.0386,12.9495,0.4486,0.427,BCC
2,29.2676,1.85,4.123,33.6,0.0402,12.61,0.4708,0.4188,BCC
3,28.4986,1.85,4.1155,34.085,0.0417,12.2705,0.4926,0.408,BCC
2,27.3808,1.85,4.108,34.57,0.0433,11.931,0.5142,0.3949,BCC
3,53.1814,1.85,4.1505,34.145,0.0428,13.804,0.4462,0.4346,BCC
3,50.7123,1.85,4.143,34.63,0.0445,13.416,0.4688,0.4294,BCC
4,47.7168,1.85,4.1355,35.115,0.0463,13.028,0.4911,0.4212,BCC
4,18.2626,1.85,4.113,35.045,0.0355,13.5185,0.4692,0.4062,BCC
4,17.8821,1.85,4.1055,35.53,0.0376,13.179,0.4898,0.3897,BCC
2,25.4239,1.85,4.1255,36.56,0.0428,13.792,0.5061,0.4088,BCC
3,17.4306,1.85,4.123,37.52,0.037,14.944,0.4816,0.4003,BCC
4,16.1467,1.85,4.108,38.49,0.0401,14.168,0.5222,0.3606,BCC
4,23.5036,1.85,4.1355,39.035,0.0439,14.8185,0.5195,0.4029,BCC
2,17.3524,1.8,4.1055,31.17,0.0344,9.638,0.4408,0.3859,BCC
2,17.1427,1.8,4.098,31.655,0.036,9.347,0.4621,0.377,BCC
3,16.712,1.8,4.0905,32.14,0.0379,9.056,0.4831,0.3655,BCC
3,25.5838,1.8,4.133,31.715,0.0375,11.1295,0.4299,0.3962,BCC
2,25.3852,1.8,4.1255,32.2,0.0393,10.79,0.4524,0.3942,BCC
4,24.8406,1.8,4.118,32.685,0.0411,10.4505,0.4745,0.3884,BCC
4,23.9779,1.8,4.1105,33.17,0.0429,10.111,0.4964,0.3796,BCC
2,22.8082,1.8,4.103,33.655,0.0447,9.7715,0.518,0.3682,BCC
2,43.6386,1.8,4.1605,32.26,0.0395,12.512,0.4023,0.3873,BCC
4,42.9822,1.8,4.153,32.745,0.0406,12.124,0.4258,0.396,BCC
3,41.5868,1.8,4.1455,33.23,0.0426,11.736,0.4488,0.3986,BCC
3,39.6553,1.8,4.138,33.715,0.0446,11.348,0.4714,0.3966,BCC
2,37.314,1.8,4.1305,34.2,0.0466,10.96,0.4937,0.3909,BCC
4,111.4292,1.8,4.173,33.775,0.0453,12.9125,0.4117,0.3895,BCC
4,96.0631,1.8,4.1655,34.26,0.0466,12.476,0.4351,0.3983,BCC
3,16.8472,1.8,4.123,33.16,0.034,12.038,0.4323,0.4065,BCC
2,16.7505,1.8,4.1155,33.645,0.0355,11.6985,0.4538,0.3952,BCC
4,16.4345,1.8,4.108,34.13,0.0372,11.359,0.4749,0.3817,BCC
4,23.4246,1.8,4.158,33.22,0.0353,13.664,0.3982,0.4256,BCC
4,23.8951,1.8,4.1505,33.705,0.037,13.276,0.4214,0.4235,BCC
4,23.9442,1.8,4.143,34.19,0.0388,12.888,0.4441,0.4177,BCC
2,23.6367,1.8,4.1355,34.675,0.0406,12.5,0.4663,0.409,BCC
2,23.0078,1.8,4.128,35.16,0.0424,12.112,0.4883,0.3978,BCC
2,22.0715,1.8,4.1205,35.645,0.0441,11.724,0.51,0.3844,BCC
3,20.8154,1.8,4.113,36.13,0.0459,11.336,0.5315,0.369,BCC
4,37.511,1.8,4.178,34.25,0.0392,14.405,0.3937,0.4254,BCC
3,37.8574,1.8,4.1705,34.735,0.0403,13.9685,0.4174,0.4279,BCC
4,37.2972,1.8,4.163,35.22,0.042,13.532,0.4406,0.4259,BCC
4,36.116,1.8,4.1555,35.705,0.044,13.0955,0.4633,0.4202,BCC
2,34.4613,1.8,4.148,36.19,0.046,12.659,0.4857,0.4115,BCC
2,81.3348,1.8,4.1905,35.765,0.0449,14.455,0.4033,0.4276,BCC
2,74.7772,1.8,4.183,36.25,0.0462,13.97,0.4269,0.4302,BCC
4,67.8216,1.8,4.1755,36.735,0.0476,13.485,0.45,0.4283,BCC
4,16.5339,1.8,4.133,35.635,0.0351,13.652,0.4455,0.4107,BCC
2,16.3187,1.8,4.1255,36.12,0.0366,13.264,0.4666,0.3956,BCC
2,15.8731,1.8,4.118,36.605,0.0387,12.876,0.4874,0.3787,BCC
2,23.1069,1.8,4.1605,36.18,0.0383,14.588,0.4357,0.4376,BCC
4,22.5637,1.8,4.1455,37.15,0.0418,13.715,0.4801,0.4132,BCC
3,21.7954,1.8,4.138,37.635,0.0436,13.2785,0.5019,0.3981,BCC
4,20.6974,1.8,4.1305,38.12,0.0454,12.842,0.5234,0.3813,BCC
2,34.9533,1.8,4.188,36.725,0.04,15.415,0.409,0.4544,BCC
2,35.1155,1.8,4.1805,37.21,0.0415,14.93,0.4323,0.4487,BCC
2,34.4622,1.8,4.173,37.695,0.0435,14.445,0.4552,0.44,BCC
4,62.2088,1.8,4.193,38.725,0.0472,14.5325,0.442,0.451,BCC
2,16.3942,1.8,4.143,38.11,0.0362,14.771,0.4584,0.4073,BCC
3,16.0352,1.8,4.1355,38.595,0.0381,14.3345,0.4793,0.3892,BCC
4,14.4666,1.8,4.1205,39.565,0.0414,13.4615,0.5202,0.3487,BCC
2,22.7177,1.8,4.178,38.17,0.0378,15.89,0.4273,0.4544,BCC
3,22.8575,1.8,4.1705,38.655,0.0396,15.405,0.4498,0.4412,BCC
4,22.5887,1.8,4.163,39.14,0.0413,14.92,0.472,0.4264,BCC
2,21.9595,1.8,4.1555,39.625,0.0431,14.435,0.4938,0.4099,BCC
2,20.975,1.8,4.148,40.11,0.0449,13.95,0.5154,0.3919,BCC
3,34.1821,1.8,4.198,39.2,0.0409,15.93,0.424,0.4678,BCC
4,34.1026,1.8,4.1905,39.685,0.0429,15.3965,0.447,0.4568,BCC
4,14.9461,1.8,4.138,41.555,0.0409,14.607,0.5121,0.356,BCC
3,23.1164,1.8,4.188,40.645,0.039,16.2605,0.4415,0.4538,BCC
2,23.0623,1.8,4.1805,41.13,0.0408,15.739,0.4638,0.4375,BCC
2,22.5721,1.8,4.173,41.615,0.0426,15.3995,0.4857,0.4198,BCC
4,21.6774,1.8,4.1655,42.1,0.0444,15.06,0.5073,0.4008,BCC
4,20.3302,1.8,4.158,42.585,0.0461,14.7205,0.5288,0.3805,BCC
2,16.992,1.8,4.1705,42.575,0.0368,16.6475,0.4628,0.4058,BCC
3,16.507,1.8,4.163,43.06,0.0388,16.308,0.4836,0.3846,BCC
4,15.6445,1.8,4.1555,43.545,0.0404,15.9685,0.504,0.3621,BCC
2,23.7013,1.8,4.1905,43.605,0.0421,16.556,0.4775,0.4283,BCC
3,22.8915,1.8,4.183,44.09,0.0438,16.168,0.4993,0.4083,BCC
3,21.562,1.8,4.1755,44.575,0.0456,15.78,0.5208,0.3872,BCC
4,15.0567,1.75,4.118,32.245,0.0354,9.8785,0.4377,0.3761,BCC
4,14.7946,1.75,4.1105,32.73,0.0372,9.539,0.4592,0.3667,BCC
4,20.523,1.75,4.1605,31.82,0.0334,11.984,0.3781,0.3785,BCC
4,21.0261,1.75,4.153,32.305,0.0354,11.596,0.4019,0.386,BCC
4,21.1512,1.75,4.1455,32.79,0.0374,11.208,0.4251,0.3877,BCC
2,20.9532,1.75,4.138,33.275,0.0394,10.82,0.4478,0.385,BCC
2,31.5325,1.75,4.1805,32.85,0.0378,12.865,0.372,0.3653,BCC
4,32.1283,1.75,4.173,33.335,0.0389,12.4285,0.3964,0.3807,BCC
3,31.9248,1.75,4.1655,33.82,0.0401,11.992,0.42,0.3883,BCC
4,61.8818,1.75,4.193,34.365,0.0433,13.055,0.381,0.3675,BCC
4,58.7115,1.75,4.1855,34.85,0.0446,12.57,0.4052,0.383,BCC
3,50.2007,1.75,4.1705,35.82,0.0473,11.6,0.4518,0.3926,BCC
4,279.7972,1.75,4.2055,35.88,0.0476,12.942,0.3831,0.3696,BCC
4,15.1873,1.75,4.143,33.75,0.0331,12.36,0.4071,0.4058,BCC
4,15.2262,1.75,4.1355,34.235,0.0349,11.972,0.4293,0.3966,BCC
2,15.052,1.75,4.128,34.72,0.0366,11.584,0.4509,0.3849,BCC
3,14.6617,1.75,4.1205,35.205,0.0384,11.196,0.4721,0.371,BCC
3,20.6121,1.75,4.1705,34.295,0.0348,13.4845,0.3932,0.4173,BCC
2,20.9356,1.75,4.1555,35.265,0.0388,12.6115,0.4394,0.4083,BCC
2,19.9441,1.75,4.1405,36.235,0.0428,11.7385,0.4839,0.3875,BCC
3,18.9854,1.75,4.133,36.72,0.0448,11.302,0.5056,0.3736,BCC
4,30.6759,1.75,4.1905,35.325,0.0386,14.015,0.3877,0.418,BCC
3,31.0387,1.75,4.183,35.81,0.0397,13.53,0.4116,0.4197,BCC
2,30.6617,1.75,4.1755,36.295,0.0411,13.045,0.4349,0.417,BCC
2,29.7534,1.75,4.168,36.78,0.0433,12.56,0.4577,0.4108,BCC
4,28.4095,1.75,4.1605,37.265,0.0455,12.075,0.4802,0.4017,BCC
3,55.0714,1.75,4.203,36.84,0.0442,13.806,0.3967,0.4203,BCC
4,52.4464,1.75,4.1955,37.325,0.0456,13.2725,0.4205,0.4221,BCC
4,48.9701,1.75,4.188,37.81,0.0469,12.739,0.4438,0.4195,BCC
3,15.4443,1.75,4.153,36.225,0.0343,13.6675,0.4207,0.4139,BCC
2,15.3631,1.75,4.1455,36.71,0.0361,13.231,0.4425,0.4002,BCC
2,15.0498,1.75,4.138,37.195,0.0379,12.7945,0.4639,0.3847,BCC
2,14.4874,1.75,4.1305,37.68,0.0398,12.358,0.4849,0.3675,BCC
3,20.9651,1.75,4.1805,36.77,0.0362,14.49,0.408,0.4371,BCC
3,21.1546,1.75,4.173,37.255,0.0382,14.005,0.431,0.4279,BCC
3,20.9637,1.75,4.1655,37.74,0.0402,13.52,0.4536,0.4164,BCC
4,20.4342,1.75,4.158,38.225,0.0422,13.035,0.4757,0.4028,BCC
2,19.5676,1.75,4.1505,38.71,0.0442,12.55,0.4976,0.3874,BCC
3,18.3046,1.75,4.143,39.195,0.0462,12.065,0.5192,0.3702,BCC
3,30.8249,1.75,4.2005,37.8,0.0394,14.67,0.4031,0.4457,BCC
4,30.9362,1.75,4.193,38.285,0.0405,14.1365,0.4266,0.4395,BCC
2,29.1661,1.75,4.178,39.255,0.0449,13.0695,0.4722,0.4189,BCC
3,27.5486,1.75,4.1705,39.74,0.0471,12.536,0.4945,0.4054,BCC
4,50.4297,1.75,4.2055,39.8,0.0465,13.48,0.4356,0.4419,BCC
2,15.8027,1.75,4.163,38.7,0.0356,14.48,0.4341,0.4133,BCC
3,15.5722,1.75,4.1555,39.185,0.0374,13.995,0.4556,0.3964,BCC
3,15.0702,1.75,4.148,39.67,0.0392,13.51,0.4767,0.378,BCC
4,14.2388,1.75,4.1405,40.155,0.0412,13.025,0.4974,0.3581,BCC
2,21.2609,1.75,4.1755,40.215,0.0416,13.9335,0.4675,0.4159,BCC
4,20.4714,1.75,4.168,40.7,0.0436,13.4,0.4895,0.399,BCC
2,19.2485,1.75,4.1605,41.185,0.0456,12.909,0.5112,0.3807,BCC
4,30.786,1.75,4.1955,41.245,0.0442,13.7385,0.4641,0.4336,BCC
2,29.2345,1.75,4.188,41.73,0.0465,13.399,0.4865,0.4184,BCC
3,16.4117,1.75,4.1805,40.69,0.0351,15.331,0.4256,0.4244,BCC
4,15.8469,1.75,4.1655,41.66,0.0386,14.544,0.4685,0.387,BCC
3,22.7698,1.75,4.2005,41.72,0.039,15.326,0.4369,0.4436,BCC
4,22.5332,1.75,4.193,42.205,0.041,14.9865,0.4593,0.427,BCC
4,20.6116,1.75,4.178,43.175,0.045,14.3075,0.5031,0.3896,BCC
2,17.2512,1.75,4.1905,43.165,0.0363,16.2345,0.4389,0.4148,BCC
3,16.1225,1.75,4.1755,44.135,0.04,15.5555,0.4811,0.373,BCC
3,22.6,1.75,4.1955,45.165,0.0445,15.308,0.495,0.3972,BCC
2,18.6752,1.7,4.1655,33.38,0.0348,11.508,0.3969,0.3781,BCC
4,26.8911,1.7,4.178,34.895,0.0395,11.645,0.4141,0.3805,BCC
3,26.2339,1.7,4.1705,35.38,0.0407,11.16,0.4374,0.3815,BCC
2,45.5091,1.7,4.2055,35.44,0.0426,12.546,0.3742,0.362,BCC
4,14.1937,1.7,4.148,35.31,0.0355,11.691,0.426,0.3865,BCC
2,19.2108,1.7,4.168,36.34,0.0385,12.12,0.4346,0.3988,BCC
4,27.7885,1.7,4.1955,36.885,0.0392,12.8765,0.4057,0.4113,BCC
4,26.4516,1.7,4.1805,37.855,0.0424,11.8095,0.4521,0.4013,BCC
3,25.0835,1.7,4.173,38.34,0.0448,11.276,0.4747,0.3917,BCC
3,45.9447,1.7,4.2155,37.915,0.0436,12.942,0.3901,0.4127,BCC
4,14.6132,1.7,4.158,37.785,0.037,12.595,0.4394,0.3897,BCC
3,14.1584,1.7,4.1505,38.27,0.039,12.11,0.461,0.3737,BCC
3,20.1426,1.7,4.1855,38.33,0.0379,13.207,0.4262,0.4182,BCC
2,19.8135,1.7,4.178,38.815,0.0401,12.6735,0.4489,0.4062,BCC
4,18.0091,1.7,4.163,39.785,0.0446,11.6065,0.4931,0.3764,BCC
3,29.0962,1.7,4.2055,39.36,0.04,13.128,0.4208,0.4302,BCC
4,28.3382,1.7,4.198,39.845,0.0417,12.546,0.4439,0.4207,BCC
3,15.0497,1.7,4.168,40.26,0.0384,13.004,0.4526,0.3854,BCC
3,14.3078,1.7,4.1605,40.745,0.0404,12.4705,0.4739,0.3666,BCC
3,21.2203,1.7,4.1955,40.805,0.0395,13.314,0.4405,0.4208,BCC
4,19.4986,1.7,4.1805,41.775,0.0439,12.555,0.485,0.3881,BCC
3,16.401,1.65,4.193,33.485,0.0303,12.175,0.3424,0.3518,BCC
3,17.3455,1.65,4.178,34.455,0.0339,11.205,0.3917,0.3699,BCC
2,17.2774,1.65,4.1705,34.94,0.0364,10.72,0.4152,0.3702,BCC
3,24.1766,1.65,4.2055,35,0.0367,12.15,0.3594,0.354,BCC
2,24.5517,1.65,4.198,35.485,0.0378,11.6165,0.3841,0.3667,BCC
4,24.3026,1.65,4.1905,35.97,0.039,11.083,0.4081,0.3724,BCC
2,39.2228,1.65,4.218,36.515,0.042,11.822,0.3672,0.3563,BCC
4,18.2254,1.65,4.1805,37.415,0.0381,11.4135,0.4297,0.389,BCC
3,26.3623,1.65,4.208,37.96,0.0386,12.008,0.3996,0.4028,BCC
2,25.7854,1.65,4.2005,38.445,0.0397,11.426,0.4232,0.3988,BCC
4,40.9262,1.65,4.2205,39.475,0.0443,11.2325,0.4074,0.4052,BCC
2,14.4814,1.65,4.178,38.375,0.0354,12.2775,0.414,0.3933,BCC
2,14.1263,1.65,4.1705,38.86,0.0376,11.744,0.4361,0.3789,BCC
3,19.2363,1.65,4.1905,39.89,0.0398,11.612,0.4441,0.3959,BCC
2,18.2373,1.65,4.183,40.375,0.0423,11.03,0.4665,0.3815,BCC
4,28.7766,1.65,4.218,40.435,0.0394,11.9045,0.4149,0.4207,BCC
4,27.7045,1.65,4.2105,40.92,0.0405,11.274,0.4381,0.4108,BCC
3,25.9557,1.65,4.203,41.405,0.0431,10.857,0.4609,0.3985,BCC
3,49.0701,1.65,4.238,41.465,0.0439,11.6645,0.399,0.4304,BCC
3,15.6203,1.65,4.1955,40.365,0.0347,12.962,0.4053,0.4078,BCC
2,15.3418,1.65,4.188,40.85,0.0369,12.38,0.4277,0.3919,BCC
3,21.8067,1.65,4.2155,41.395,0.0367,12.783,0.4128,0.4245,BCC
3,32.2839,1.65,4.228,42.91,0.0402,12.573,0.4298,0.427,BCC
2,23.4074,1.65,4.218,44.355,0.0408,13.4815,0.45,0.4055,BCC
4,26.3419,1.6,4.228,38.55,0.037,11.555,0.369,0.3946,BCC
4,14.3798,1.6,4.1905,39.45,0.0355,11.26,0.4103,0.3828,BCC
3,19.9378,1.6,4.2105,40.48,0.0366,10.966,0.4162,0.3982,BCC
3,15.9864,1.6,4.208,41.44,0.0348,11.91,0.4017,0.3973,BCC
2,15.4052,1.6,4.2005,41.925,0.0373,11.6675,0.4242,0.3809,BCC
2,17.5949,1.6,4.218,43.915,0.0366,13.191,0.4156,0.3919,BCC
4,20.7836,1.6,4.2355,45.905,0.0358,14.3165,0.407,0.4013,BCC
3,64.7651,1.95,4.0745,28.615,0.0374,7.905,0.4849,0.4218,BCC
2,60.8124,1.95,4.067,29.1,0.0386,7.44,0.506,0.4119,BCC
4,507.4831,1.95,4.102,29.16,0.0428,9.406,0.4701,0.4353,BCC
4,1493.3118,1.95,4.0945,29.645,0.0441,9.142,0.4922,0.4314,BCC
4,1362.6626,1.95,4.087,30.13,0.0454,8.948,0.514,0.4243,BCC
4,438.6224,1.95,4.0795,30.615,0.0468,8.754,0.5357,0.4144,BCC
3,36.0124,1.95,4.077,31.575,0.0402,10.29,0.5188,0.414,BCC
2,113.8518,1.95,4.1195,31.15,0.0424,12.335,0.4619,0.4597,BCC
2,102.3757,1.95,4.112,31.635,0.0437,12.0925,0.4841,0.4525,BCC
3,29.0968,1.95,4.102,33.08,0.0379,13.29,0.4897,0.4419,BCC
3,28.2876,1.95,4.0945,33.565,0.0395,13.0475,0.5107,0.4263,BCC
2,27.1232,1.95,4.087,34.05,0.0414,12.805,0.5314,0.4091,BCC
3,23.5624,1.95,4.1045,36.04,0.0408,15.116,0.5234,0.4185,BCC
2,22.4856,1.95,4.097,36.525,0.0423,14.825,0.544,0.3989,BCC
4,31.2612,1.9,4.087,29.69,0.0387,8.244,0.4815,0.4122,BCC
2,30.1846,1.9,4.0795,30.175,0.0401,8.05,0.5027,0.4019,BCC
2,63.8425,1.9,4.107,30.72,0.0445,9.75,0.4874,0.4224,BCC
2,58.7654,1.9,4.0995,31.205,0.0461,9.5075,0.5093,0.4147,BCC
4,53.4744,1.9,4.092,31.69,0.0476,9.265,0.5311,0.4044,BCC
3,752.343,1.9,4.142,30.78,0.0455,11.632,0.4345,0.4251,BCC
4,25.8476,1.9,4.1045,31.68,0.0384,11.19,0.4733,0.4305,BCC
3,24.3544,1.9,4.0895,32.65,0.0413,10.705,0.5156,0.4035,BCC
4,45.7254,1.9,4.132,32.225,0.0425,12.685,0.457,0.4508,BCC
4,44.1394,1.9,4.1245,32.71,0.044,12.394,0.4793,0.4432,BCC
4,42.0305,1.9,4.117,33.195,0.0456,12.103,0.5013,0.4329,BCC
4,39.5021,1.9,4.1095,33.68,0.0472,11.812,0.5231,0.4205,BCC
3,22.5058,1.9,4.1145,34.155,0.0393,13.447,0.4865,0.4316,BCC
3,21.8919,1.9,4.107,34.64,0.0406,13.156,0.5076,0.4157,BCC
4,20.9856,1.9,4.0995,35.125,0.0426,12.865,0.5284,0.3982,BCC
2,22.4773,1.85,4.122,29.31,0.0352,9.575,0.4118,0.4171,BCC
2,22.663,1.85,4.1145,29.795,0.0367,9.3325,0.4343,0.4158,BCC
2,22.5342,1.85,4.107,30.28,0.0383,9.09,0.4563,0.4107,BCC
2,22.1105,1.85,4.0995,30.765,0.0399,8.8475,0.478,0.4025,BCC
3,37.685,1.85,4.142,30.34,0.0394,11.016,0.4145,0.4158,BCC
4,37.3629,1.85,4.1345,30.825,0.0411,10.725,0.4376,0.4194,BCC
3,76.7728,1.85,4.147,32.34,0.0461,11.572,0.4516,0.4218,BCC
2,20.62,1.85,4.132,31.785,0.0363,12.069,0.4258,0.4394,BCC
2,20.448,1.85,4.117,32.755,0.0394,11.487,0.4697,0.4206,BCC
2,19.9539,1.85,4.1095,33.24,0.041,11.196,0.4912,0.4077,BCC
4,19.1903,1.85,4.102,33.725,0.0425,10.905,0.5123,0.3929,BCC
3,31.6843,1.85,4.152,32.815,0.0406,13.1595,0.4292,0.4469,BCC
4,31.3893,1.85,4.1445,33.3,0.0424,12.82,0.452,0.4418,BCC
3,29.4751,1.85,4.1295,34.27,0.0459,12.141,0.4964,0.4231,BCC
4,52.9196,1.85,4.157,34.815,0.0473,13.268,0.4662,0.4442,BCC
3,18.4595,1.85,4.1195,35.715,0.0421,13.0495,0.5043,0.405,BCC
3,17.5705,1.85,4.112,36.2,0.0438,12.71,0.5253,0.3872,BCC
3,26.2088,1.85,4.1395,36.745,0.0472,13.644,0.5103,0.4238,BCC
3,18.5842,1.85,4.1445,37.22,0.0401,15.184,0.4748,0.4328,BCC
2,18.108,1.85,4.137,37.705,0.0416,14.796,0.4961,0.4153,BCC
3,16.2171,1.85,4.122,38.675,0.045,14.02,0.5381,0.3762,BCC
2,17.4024,1.85,4.147,40.18,0.0427,15.708,0.5091,0.4043,BCC
4,18.2717,1.8,4.1345,30.385,0.0354,10.109,0.4076,0.4089,BCC
2,18.3711,1.8,4.127,30.87,0.0372,9.818,0.4303,0.407,BCC
4,18.2182,1.8,4.1195,31.355,0.039,9.527,0.4525,0.4013,BCC
2,17.8212,1.8,4.112,31.84,0.0407,9.236,0.4743,0.3926,BCC
2,17.1762,1.8,4.1045,32.325,0.0425,8.945,0.4957,0.3813,BCC
4,26.8265,1.8,4.162,30.93,0.0368,11.679,0.3853,0.3998,BCC
2,27.2314,1.8,4.1545,31.415,0.0387,11.3395,0.4091,0.4086,BCC
3,27.1391,1.8,4.147,31.9,0.0407,11,0.4323,0.4113,BCC
2,26.6342,1.8,4.1395,32.385,0.0427,10.6605,0.455,0.4094,BCC
4,25.7659,1.8,4.132,32.87,0.0447,10.321,0.4774,0.4038,BCC
4,24.5588,1.8,4.1245,33.355,0.0467,9.9815,0.4995,0.3952,BCC
3,47.5868,1.8,4.182,31.96,0.0415,12.752,0.3744,0.3849,BCC
4,45.7479,1.8,4.167,32.93,0.0441,11.976,0.4224,0.4109,BCC
3,43.5864,1.8,4.1595,33.415,0.0455,11.588,0.4456,0.4137,BCC
4,40.9472,1.8,4.152,33.9,0.047,11.2,0.4683,0.4118,BCC
3,119.9356,1.8,4.187,33.96,0.0476,12.746,0.4041,0.4041,BCC
2,17.7969,1.8,4.1445,32.86,0.0367,12.248,0.4218,0.4303,BCC
4,17.7752,1.8,4.137,33.345,0.0384,11.9085,0.4441,0.4216,BCC
4,17.5057,1.8,4.1295,33.83,0.0402,11.569,0.466,0.4105,BCC
4,16.9886,1.8,4.122,34.315,0.042,11.2295,0.4876,0.3973,BCC
2,24.4716,1.8,4.1795,32.92,0.0365,13.904,0.3765,0.4376,BCC
4,25.3041,1.8,4.172,33.405,0.0381,13.516,0.4005,0.4403,BCC
2,25.3167,1.8,4.157,34.375,0.0421,12.74,0.4468,0.4327,BCC
4,24.7162,1.8,4.1495,34.86,0.0441,12.352,0.4693,0.4241,BCC
2,23.767,1.8,4.142,35.345,0.0461,11.964,0.4915,0.4131,BCC
4,41.0884,1.8,4.192,34.435,0.0424,14.2385,0.3902,0.4398,BCC
3,39.6109,1.8,4.177,35.405,0.0451,13.3655,0.4374,0.4407,BCC
4,17.4125,1.8,4.162,34.85,0.0362,14.28,0.4132,0.4499,BCC
3,17.5296,1.8,4.1545,35.335,0.0379,13.892,0.4357,0.4388,BCC
3,17.3791,1.8,4.147,35.82,0.0397,13.504,0.4578,0.4257,BCC
4,16.2853,1.8,4.132,36.79,0.0433,12.728,0.5008,0.3942,BCC
4,24.6368,1.8,4.1745,36.365,0.0415,14.4215,0.4385,0.4523,BCC
4,24.2615,1.8,4.167,36.85,0.0435,13.985,0.4611,0.4413,BCC
4,36.5525,1.8,4.187,37.88,0.046,14.26,0.4522,0.4547,BCC
3,17.4847,1.8,4.172,37.325,0.0374,15.4775,0.4273,0.4534,BCC
2,17.4654,1.8,4.1645,37.81,0.0392,15.041,0.4494,0.4386,BCC
2,17.1597,1.8,4.157,38.295,0.041,14.6045,0.4712,0.4223,BCC
2,16.5609,1.8,4.1495,38.78,0.0427,14.168,0.4927,0.4045,BCC
3,15.61,1.8,4.142,39.265,0.0445,13.7315,0.5139,0.3852,BCC
2,23.7493,1.8,4.177,39.325,0.0449,14.735,0.4753,0.4411,BCC
2,22.7529,1.8,4.1695,39.81,0.0469,14.25,0.4974,0.4248,BCC
3,17.579,1.8,4.1745,40.285,0.0405,15.695,0.463,0.4321,BCC
4,17.0627,1.8,4.167,40.77,0.0422,15.21,0.4845,0.4132,BCC
3,16.1665,1.8,4.1595,41.255,0.044,14.787,0.5058,0.3931,BCC
3,18.2574,1.8,4.192,42.275,0.0399,16.8575,0.4547,0.4403,BCC
3,15.9578,1.75,4.147,31.46,0.0354,10.428,0.4033,0.4006,BCC
3,15.9731,1.75,4.1395,31.945,0.0374,10.0885,0.4261,0.398,BCC
2,15.7598,1.75,4.132,32.43,0.0394,9.749,0.4485,0.3918,BCC
3,15.3164,1.75,4.1245,32.915,0.0414,9.4095,0.4704,0.3826,BCC
2,14.622,1.75,4.117,33.4,0.0434,9.07,0.492,0.3708,BCC
3,21.3519,1.75,4.182,31.52,0.0352,12.224,0.3548,0.3779,BCC
2,22.5029,1.75,4.167,32.49,0.0377,11.448,0.4036,0.4011,BCC
2,21.1783,1.75,4.1445,33.945,0.0444,10.284,0.4723,0.3943,BCC
4,34.5455,1.75,4.1945,33.035,0.0408,12.6985,0.3678,0.38,BCC
2,34.6759,1.75,4.187,33.52,0.0421,12.262,0.3924,0.3956,BCC
2,33.9756,1.75,4.1795,34.005,0.0435,11.8255,0.4162,0.4034,BCC
2,32.7003,1.75,4.172,34.49,0.0448,11.389,0.4395,0.4054,BCC
2,68.3342,1.75,4.207,34.55,0.0453,12.87,0.3728,0.3821,BCC
3,63.2022,1.75,4.1995,35.035,0.0468,12.385,0.3973,0.3978,BCC
3,15.5709,1.75,4.172,32.965,0.0328,12.988,0.3709,0.4298,BCC
4,16.1294,1.75,4.157,33.935,0.0368,12.212,0.4176,0.421,BCC
2,15.6689,1.75,4.142,34.905,0.0408,11.436,0.4621,0.4004,BCC
4,15.0584,1.75,4.1345,35.39,0.0428,11.048,0.4838,0.3867,BCC
3,22.2301,1.75,4.1845,34.48,0.0371,13.318,0.395,0.4322,BCC
2,22.3679,1.75,4.177,34.965,0.0393,12.8815,0.4185,0.4295,BCC
3,22.1021,1.75,4.1695,35.45,0.0415,12.445,0.4416,0.4234,BCC
3,21.4807,1.75,4.162,35.935,0.0438,12.0085,0.4642,0.4144,BCC
4,20.5092,1.75,4.1545,36.42,0.046,11.572,0.4864,0.4029,BCC
2,33.4397,1.75,4.197,35.995,0.0431,13.345,0.4078,0.4345,BCC
3,32.5698,1.75,4.1895,36.48,0.0444,12.86,0.4313,0.4319,BCC
2,29.2518,1.75,4.1745,37.45,0.0475,11.89,0.4769,0.4169,BCC
4,16.3515,1.75,4.167,36.41,0.0382,13.501,0.4317,0.4289,BCC
4,16.093,1.75,4.1595,36.895,0.0402,13.0645,0.4539,0.4154,BCC
3,15.5568,1.75,4.152,37.38,0.0422,12.628,0.4757,0.4001,BCC
4,14.6852,1.75,4.1445,37.865,0.0442,12.1915,0.4972,0.3832,BCC
4,22.0955,1.75,4.202,36.47,0.0367,14.79,0.3863,0.4579,BCC
3,22.5838,1.75,4.1945,36.955,0.0387,14.305,0.41,0.4518,BCC
3,21.1978,1.75,4.172,38.41,0.0453,12.85,0.4784,0.418,BCC
2,19.8938,1.75,4.1645,38.895,0.0476,12.365,0.5005,0.4027,BCC
2,32.1651,1.75,4.1995,38.955,0.0454,13.3995,0.4462,0.4452,BCC
3,30.4184,1.75,4.192,39.44,0.0468,12.866,0.4689,0.4339,BCC
2,16.8242,1.75,4.1845,38.4,0.0377,14.78,0.4232,0.4434,BCC
3,16.676,1.75,4.177,38.885,0.0397,14.295,0.4455,0.4283,BCC
4,16.2147,1.75,4.1695,39.37,0.0417,13.81,0.4674,0.4116,BCC
4,23.0437,1.75,4.197,39.915,0.0425,14.2635,0.4477,0.4458,BCC
4,22.281,1.75,4.1895,40.4,0.0447,13.73,0.4702,0.4308,BCC
2,21.0216,1.75,4.182,40.885,0.0469,13.1965,0.4924,0.4141,BCC
3,32.6129,1.75,4.2095,41.43,0.0463,13.609,0.4609,0.4483,BCC
3,17.4765,1.75,4.1945,40.875,0.0391,15.1275,0.4371,0.4392,BCC
3,17.1053,1.75,4.187,41.36,0.0411,14.724,0.4592,0.4213,BCC
2,16.3224,1.75,4.1795,41.845,0.0431,14.433,0.4809,0.4022,BCC
3,17.5857,1.75,4.197,43.835,0.0425,15.7655,0.4727,0.4095,BCC
2,19.959,1.7,4.1795,33.565,0.0368,11.3415,0.398,0.3934,BCC
2,29.0446,1.7,4.207,34.11,0.0401,12.43,0.3611,0.3747,BCC
4,27.5157,1.7,4.1845,35.565,0.0441,10.975,0.4334,0.3969,BCC
2,14.8812,1.7,4.162,35.495,0.039,11.5245,0.4359,0.402,BCC
3,14.401,1.7,4.1545,35.98,0.0412,11.088,0.4581,0.39,BCC
3,20.5968,1.7,4.197,35.555,0.0365,12.905,0.3893,0.4239,BCC
3,20.2391,1.7,4.182,36.525,0.0408,11.935,0.4362,0.414,BCC
4,19.4907,1.7,4.1745,37.01,0.0432,11.45,0.4589,0.4045,BCC
3,30.1215,1.7,4.217,36.585,0.0411,13.2065,0.3772,0.4251,BCC
3,29.9629,1.7,4.2095,37.07,0.0424,12.673,0.4015,0.4262,BCC
2,15.7518,1.7,4.187,37,0.0361,13.38,0.4047,0.4307,BCC
4,15.2264,1.7,4.172,37.97,0.0406,12.41,0.4498,0.405,BCC
4,14.4678,1.7,4.1645,38.455,0.0428,11.925,0.4717,0.3893,BCC
2,20.7822,1.7,4.192,39,0.0425,12.47,0.4507,0.4214,BCC
4,19.6502,1.7,4.1845,39.485,0.045,11.9365,0.4732,0.4076,BCC
4,16.2318,1.7,4.1895,39.96,0.0399,13.334,0.4415,0.4178,BCC
2,15.5112,1.7,4.182,40.445,0.0421,12.8005,0.4635,0.4008,BCC
3,16.8539,1.7,4.1995,42.435,0.0415,14.079,0.4552,0.4105,BCC
4,17.9001,1.65,4.207,33.67,0.0341,11.99,0.3426,0.3669,BCC
4,18.4412,1.65,4.1995,34.155,0.0352,11.505,0.3679,0.3797,BCC
2,18.5182,1.65,4.192,34.64,0.0363,11.02,0.3922,0.3854,BCC
4,26.5039,1.65,4.212,35.67,0.0408,11.413,0.3793,0.382,BCC
3,14.4626,1.65,4.182,36.085,0.0365,11.495,0.4088,0.4019,BCC
4,19.6947,1.65,4.202,37.115,0.0371,11.7435,0.4074,0.4116,BCC
4,19.1319,1.65,4.1945,37.6,0.0398,11.21,0.4307,0.4044,BCC
3,18.1155,1.65,4.187,38.085,0.0425,10.6765,0.4536,0.3945,BCC
4,28.839,1.65,4.2295,37.66,0.0404,12.368,0.3706,0.4175,BCC
4,28.4823,1.65,4.222,38.145,0.0418,11.786,0.3951,0.4178,BCC
4,27.3702,1.65,4.2145,38.63,0.0431,11.204,0.4189,0.414,BCC
3,47.7825,1.65,4.242,39.175,0.0448,11.6225,0.3747,0.4198,BCC
3,15.2284,1.65,4.192,38.56,0.0382,12.074,0.4232,0.4087,BCC
2,14.5652,1.65,4.1845,39.045,0.0407,11.5405,0.4456,0.3944,BCC
3,21.0187,1.65,4.212,39.59,0.039,11.972,0.4224,0.4234,BCC
4,20.022,1.65,4.2045,40.075,0.0417,11.39,0.4454,0.4112,BCC
3,31.1707,1.65,4.232,40.62,0.0427,11.664,0.4105,0.4356,BCC
3,16.7642,1.65,4.217,40.065,0.0351,13.322,0.3914,0.4369,BCC
2,16.6051,1.65,4.2095,40.55,0.0375,12.74,0.4146,0.4229,BCC
3,15.9865,1.65,4.202,41.035,0.04,12.158,0.4373,0.4071,BCC
4,15.5538,1.6,4.212,39.15,0.0352,11.62,0.3955,0.4109,BCC
2,14.9873,1.6,4.2045,39.635,0.0379,11.038,0.4187,0.3983,BCC
4,72.7203,1.95,4.1035,27.83,0.0403,8.396,0.4501,0.4476,BCC
3,64.7888,1.95,4.0885,28.8,0.0429,7.72,0.4939,0.4367,BCC
3,59.8112,1.95,4.081,29.285,0.0443,7.2365,0.5155,0.4269,BCC
4,41.4892,1.95,4.121,29.82,0.0399,10.992,0.4418,0.4718,BCC
3,38.1335,1.95,4.0985,31.275,0.0439,10.41,0.5074,0.4429,BCC
2,131.8433,1.95,4.141,30.85,0.0448,12.485,0.44,0.478,BCC
3,29.8912,1.95,4.116,33.265,0.0435,13.1975,0.4993,0.4565,BCC
3,27.163,1.95,4.101,34.235,0.0462,12.7125,0.5421,0.4241,BCC
4,33.7291,1.9,4.1235,28.42,0.0391,9.104,0.423,0.4397,BCC
4,33.5874,1.9,4.116,28.905,0.0406,8.7555,0.4456,0.4392,BCC
2,31.8635,1.9,4.101,29.875,0.0437,8.17,0.4897,0.4273,BCC
4,80.009,1.9,4.1435,29.45,0.043,10.385,0.4196,0.4373,BCC
3,75.1379,1.9,4.136,29.935,0.0447,10.1425,0.4427,0.442,BCC
3,27.3314,1.9,4.1335,30.895,0.0402,11.5825,0.4373,0.463,BCC
2,27.1653,1.9,4.126,31.38,0.0417,11.34,0.4596,0.4554,BCC
4,26.6182,1.9,4.1185,31.865,0.0433,11.0975,0.4816,0.4453,BCC
3,25.7198,1.9,4.111,32.35,0.0448,10.855,0.5033,0.4329,BCC
4,49.1238,1.9,4.1535,31.925,0.0442,12.865,0.4344,0.4698,BCC
3,23.1084,1.9,4.1285,34.34,0.0444,13.336,0.4952,0.4464,BCC
2,22.2079,1.9,4.121,34.825,0.0459,13.045,0.5167,0.4306,BCC
2,20.9721,1.9,4.1135,35.31,0.0475,12.754,0.5381,0.4133,BCC
3,23.6703,1.85,4.136,29.495,0.039,9.4825,0.4183,0.4318,BCC
3,23.6325,1.85,4.1285,29.98,0.0408,9.24,0.441,0.4307,BCC
2,23.2605,1.85,4.121,30.465,0.0426,8.9975,0.4634,0.4257,BCC
3,21.5799,1.85,4.106,31.435,0.0461,8.5125,0.5071,0.407,BCC
4,39.8993,1.85,4.1635,30.04,0.041,11.196,0.39,0.4203,BCC
4,38.9029,1.85,4.1485,31.01,0.0439,10.614,0.4371,0.4342,BCC
3,108.4107,1.85,4.1835,31.07,0.0445,12.461,0.375,0.4034,BCC
3,97.9986,1.85,4.176,31.555,0.0461,12.1215,0.3994,0.4224,BCC
4,21.4531,1.85,4.1535,31.485,0.0385,12.249,0.4097,0.4591,BCC
3,21.6324,1.85,4.146,31.97,0.0403,11.958,0.4326,0.4541,BCC
2,21.4829,1.85,4.1385,32.455,0.042,11.667,0.4551,0.4461,BCC
4,20.2827,1.85,4.1235,33.425,0.0456,11.085,0.499,0.4228,BCC
2,33.4479,1.85,4.1735,32.515,0.0419,13.3695,0.4053,0.4626,BCC
3,33.3286,1.85,4.166,33,0.0434,13.03,0.4288,0.4614,BCC
2,32.6209,1.85,4.1585,33.485,0.0454,12.6905,0.4517,0.4565,BCC
3,19.5151,1.85,4.141,35.415,0.0451,13.2595,0.4909,0.4361,BCC
2,18.6318,1.85,4.1335,35.9,0.0468,12.92,0.5126,0.42,BCC
3,18.4108,1.8,4.1635,29.6,0.0347,10.58,0.3657,0.4121,BCC
4,18.9714,1.8,4.156,30.085,0.0367,10.289,0.3899,0.421,BCC
4,19.1176,1.8,4.141,31.055,0.0407,9.707,0.4363,0.422,BCC
4,17.2338,1.8,4.1185,32.51,0.0467,8.834,0.5027,0.3969,BCC
4,27.7835,1.8,4.1835,30.63,0.039,11.889,0.3592,0.3971,BCC
2,28.6878,1.8,4.1685,31.6,0.0416,11.21,0.4079,0.4233,BCC
4,28.2634,1.8,4.161,32.085,0.043,10.8705,0.4313,0.4262,BCC
4,51.4122,1.8,4.196,32.145,0.0437,12.604,0.3682,0.399,BCC
4,50.0741,1.8,4.1885,32.63,0.0453,12.216,0.3928,0.4164,BCC
4,47.6966,1.8,4.181,33.115,0.0468,11.828,0.4166,0.4255,BCC
2,18.1294,1.8,4.1735,32.075,0.0361,12.7975,0.3811,0.4525,BCC
2,18.6283,1.8,4.1585,33.045,0.0401,12.1185,0.4279,0.4451,BCC
3,17.9436,1.8,4.1435,34.015,0.0441,11.4395,0.4727,0.4256,BCC
4,17.1709,1.8,4.136,34.5,0.0461,11.1,0.4946,0.4125,BCC
3,26.3009,1.8,4.1935,33.105,0.0399,13.756,0.3752,0.4519,BCC
4,26.8855,1.8,4.186,33.59,0.0413,13.368,0.3994,0.4548,BCC
2,26.8288,1.8,4.1785,34.075,0.0426,12.98,0.423,0.4529,BCC
3,26.2921,1.8,4.171,34.56,0.0445,12.592,0.4461,0.4475,BCC
2,43.192,1.8,4.1985,35.105,0.0464,13.6355,0.4083,0.457,BCC
3,18.0684,1.8,4.1835,34.55,0.0375,14.52,0.3961,0.473,BCC
3,18.3443,1.8,4.176,35.035,0.0395,14.132,0.4194,0.4645,BCC
4,18.2893,1.8,4.1685,35.52,0.0415,13.744,0.4422,0.4535,BCC
2,16.2465,1.8,4.146,36.975,0.0475,12.58,0.5083,0.4094,BCC
2,26.0656,1.8,4.196,36.065,0.0422,14.6915,0.4146,0.4753,BCC
3,25.8281,1.8,4.1885,36.55,0.0439,14.255,0.4378,0.4669,BCC
3,25.1151,1.8,4.181,37.035,0.0461,13.8185,0.4606,0.456,BCC
4,18.3772,1.8,4.186,37.51,0.041,15.311,0.4338,0.4679,BCC
3,18.1544,1.8,4.1785,37.995,0.043,14.8745,0.4563,0.4533,BCC
3,17.5945,1.8,4.171,38.48,0.045,14.438,0.4784,0.437,BCC
3,16.6474,1.8,4.1635,38.965,0.047,14.0015,0.5002,0.4194,BCC
4,17.2927,1.8,4.181,40.955,0.0464,15.025,0.4921,0.428,BCC
4,16.1815,1.75,4.176,30.675,0.0337,10.9775,0.3603,0.4058,BCC
2,16.6012,1.75,4.1685,31.16,0.036,10.638,0.3847,0.4136,BCC
4,16.7216,1.75,4.161,31.645,0.0382,10.2985,0.4084,0.4156,BCC
4,16.5757,1.75,4.1535,32.13,0.0404,9.959,0.4315,0.4132,BCC
3,16.172,1.75,4.146,32.615,0.0426,9.6195,0.454,0.4071,BCC
2,15.4954,1.75,4.1385,33.1,0.0448,9.28,0.4763,0.3981,BCC
2,22.9612,1.75,4.196,31.705,0.0383,12.076,0.3528,0.3923,BCC
4,23.6053,1.75,4.1885,32.19,0.0396,11.688,0.3778,0.408,BCC
3,23.672,1.75,4.181,32.675,0.041,11.3,0.402,0.4159,BCC
2,23.3006,1.75,4.1735,33.16,0.0423,10.912,0.4255,0.418,BCC
4,22.5489,1.75,4.166,33.645,0.0442,10.524,0.4486,0.4156,BCC
4,21.428,1.75,4.1585,34.13,0.0466,10.136,0.4712,0.4096,BCC
3,37.1819,1.75,4.2085,33.22,0.043,12.532,0.3612,0.3943,BCC
3,36.7499,1.75,4.201,33.705,0.0445,12.0955,0.386,0.4102,BCC
3,35.4713,1.75,4.1935,34.19,0.0461,11.659,0.4101,0.4182,BCC
3,33.6165,1.75,4.186,34.675,0.0476,11.2225,0.4336,0.4204,BCC
4,73.8791,1.75,4.221,34.735,0.0464,12.685,0.3629,0.3964,BCC
4,16.8559,1.75,4.1785,33.635,0.0375,12.452,0.3998,0.4419,BCC
4,16.8415,1.75,4.171,34.12,0.0398,12.064,0.423,0.4359,BCC
2,16.5458,1.75,4.1635,34.605,0.042,11.676,0.4458,0.4269,BCC
2,15.9624,1.75,4.156,35.09,0.0442,11.288,0.4681,0.4156,BCC
2,23.5933,1.75,4.1985,34.665,0.0406,13.1515,0.3934,0.4468,BCC
4,22.9069,1.75,4.1835,35.635,0.0435,12.2785,0.4403,0.4383,BCC
3,21.9359,1.75,4.176,36.12,0.0459,11.842,0.4631,0.4294,BCC
4,36.0577,1.75,4.2185,35.695,0.0441,13.645,0.3774,0.447,BCC
4,35.4033,1.75,4.211,36.18,0.0456,13.16,0.4017,0.4491,BCC
3,33.942,1.75,4.2035,36.665,0.0472,12.675,0.4254,0.4467,BCC
3,17.0277,1.75,4.196,35.625,0.0369,14.2075,0.3911,0.464,BCC
4,17.1832,1.75,4.1885,36.11,0.0391,13.771,0.4145,0.455,BCC
4,16.5137,1.75,4.1735,37.08,0.0436,12.898,0.4599,0.4304,BCC
3,15.6511,1.75,4.166,37.565,0.0458,12.4615,0.482,0.4153,BCC
4,23.7052,1.75,4.216,36.655,0.0402,14.605,0.3847,0.4724,BCC
4,23.9438,1.75,4.2085,37.14,0.0415,14.12,0.4087,0.4663,BCC
3,23.5904,1.75,4.201,37.625,0.0429,13.635,0.4321,0.4574,BCC
3,22.7537,1.75,4.1935,38.11,0.0452,13.15,0.455,0.4462,BCC
3,21.4161,1.75,4.186,38.595,0.0476,12.665,0.4775,0.4329,BCC
3,17.6456,1.75,4.1985,38.585,0.0407,14.595,0.429,0.458,BCC
3,17.2523,1.75,4.191,39.07,0.0429,14.11,0.4516,0.443,BCC
2,16.4479,1.75,4.1835,39.555,0.0451,13.625,0.4738,0.4265,BCC
2,17.5175,1.75,4.201,41.545,0.0445,14.613,0.4656,0.436,BCC
3,14.4516,1.7,4.1585,33.69,0.0423,9.608,0.4492,0.3976,BCC
2,20.9916,1.7,4.201,33.265,0.039,11.6115,0.3715,0.4015,BCC
3,15.7142,1.7,4.1835,35.195,0.0392,11.7945,0.418,0.4266,BCC
4,15.2787,1.7,4.176,35.68,0.0416,11.358,0.4409,0.4172,BCC
3,15.4527,1.7,4.186,38.155,0.0434,12.225,0.4551,0.4201,BCC
4,14.232,1.65,4.186,33.795,0.0365,10.2545,0.398,0.3987,BCC
3,18.8204,1.65,4.1985,35.31,0.041,10.35,0.4136,0.4011,BCC
3,28.1,1.65,4.226,35.855,0.043,11.2095,0.3723,0.397,BCC
3,14.9752,1.65,4.196,36.27,0.0384,11.31,0.4129,0.4171,BCC
4,14.305,1.65,4.1885,36.755,0.041,10.825,0.4359,0.4073,BCC
2,20.908,1.65,4.231,36.33,0.0379,12.607,0.3561,0.4299,BCC
3,17.2248,1.65,4.2235,40.735,0.0395,12.518,0.4191,0.4377,BCC
2,77.7052,1.95,4.125,27.53,0.043,8.459,0.4311,0.4617,BCC
3,63.2773,1.95,4.1025,28.985,0.0476,7.535,0.4982,0.4514,BCC
3,31.3362,1.95,4.1375,32.965,0.0467,13.3475,0.482,0.4848,BCC
4,35.0052,1.9,4.145,28.12,0.0408,9.226,0.4025,0.4494,BCC
2,225.3821,1.9,4.185,30.18,0.0469,11.992,0.3742,0.4207,BCC
3,27.8268,1.9,4.1625,30.11,0.0403,11.975,0.3939,0.4822,BCC
3,28.3298,1.9,4.155,30.595,0.0421,11.7325,0.4174,0.4818,BCC
4,28.2975,1.9,4.1475,31.08,0.0438,11.49,0.4404,0.4775,BCC
3,27.8173,1.9,4.14,31.565,0.0456,11.2475,0.463,0.47,BCC
2,26.9402,1.9,4.1325,32.05,0.0474,11.005,0.4852,0.4599,BCC
4,24.4495,1.85,4.1575,29.195,0.04,9.664,0.397,0.4425,BCC
3,24.2516,1.85,4.1425,30.165,0.044,9.1475,0.4435,0.4454,BCC
3,23.6028,1.85,4.135,30.65,0.046,8.905,0.466,0.4406,BCC
2,41.9915,1.85,4.1775,30.225,0.0437,11.085,0.3863,0.4343,BCC
4,21.118,1.85,4.1825,30.7,0.0381,12.72,0.3639,0.4708,BCC
2,22.3973,1.85,4.1675,31.67,0.0414,12.138,0.412,0.4735,BCC
2,22.3626,1.85,4.16,32.155,0.0434,11.847,0.4352,0.4686,BCC
2,21.9741,1.85,4.1525,32.64,0.0454,11.556,0.4579,0.4607,BCC
3,34.51,1.85,4.18,33.185,0.0464,12.9005,0.4255,0.4758,BCC
4,18.5394,1.8,4.185,29.3,0.0365,10.76,0.3418,0.409,BCC
2,19.4193,1.8,4.1775,29.785,0.0378,10.469,0.367,0.4264,BCC
2,19.8246,1.8,4.17,30.27,0.0391,10.178,0.3914,0.4355,BCC
3,19.5818,1.8,4.155,31.24,0.0434,9.596,0.4382,0.4368,BCC
2,18.9959,1.8,4.1475,31.725,0.0456,9.305,0.4609,0.4315,BCC
2,30.0191,1.8,4.19,31.3,0.043,11.42,0.3798,0.4285,BCC
2,54.5857,1.8,4.21,32.33,0.0452,12.456,0.3599,0.4129,BCC
2,52.1477,1.8,4.2025,32.815,0.047,12.068,0.3847,0.4306,BCC
2,18.3578,1.8,4.195,31.775,0.0374,13.0075,0.358,0.4639,BCC
3,19.0655,1.8,4.1875,32.26,0.0388,12.668,0.3827,0.4668,BCC
3,19.3176,1.8,4.18,32.745,0.0405,12.3285,0.4066,0.4651,BCC
2,19.2128,1.8,4.1725,33.23,0.0427,11.989,0.4299,0.4597,BCC
3,18.0364,1.8,4.1575,34.2,0.0472,11.31,0.4751,0.4404,BCC
4,27.7625,1.8,4.1925,34.26,0.0456,12.832,0.4193,0.4674,BCC
3,18.7861,1.8,4.1825,35.705,0.0443,13.596,0.4444,0.4681,BCC
2,18.1646,1.8,4.175,36.19,0.0465,13.208,0.467,0.4552,BCC
3,19.0288,1.8,4.2,37.695,0.0437,15.1445,0.4361,0.4823,BCC
3,16.3317,1.75,4.1975,30.375,0.0358,11.1875,0.3356,0.4044,BCC
2,17.2608,1.75,4.175,31.83,0.0401,10.169,0.4095,0.4305,BCC
3,16.267,1.75,4.16,32.8,0.045,9.49,0.4556,0.4222,BCC
2,24.3531,1.75,4.21,31.89,0.0407,11.928,0.348,0.4064,BCC
3,39.4087,1.75,4.2225,33.405,0.0443,12.3655,0.3526,0.4084,BCC
3,38.3107,1.75,4.215,33.89,0.0461,11.929,0.3777,0.4246,BCC
3,78.2674,1.75,4.235,34.92,0.0468,12.5,0.3512,0.4104,BCC
4,16.83,1.75,4.2075,32.85,0.0368,13.08,0.352,0.4569,BCC
4,17.388,1.75,4.2,33.335,0.0381,12.692,0.3769,0.4589,BCC
2,17.5214,1.75,4.1925,33.82,0.0394,12.304,0.401,0.4565,BCC
3,17.3111,1.75,4.185,34.305,0.0419,11.916,0.4244,0.4506,BCC
3,16.7713,1.75,4.1775,34.79,0.0443,11.528,0.4474,0.4418,BCC
4,15.8531,1.75,4.17,35.275,0.0468,11.14,0.4699,0.4305,BCC
4,24.5148,1.75,4.22,34.365,0.0418,13.4215,0.3644,0.4591,BCC
3,24.6899,1.75,4.2125,34.85,0.0433,12.985,0.3891,0.4612,BCC
4,23.302,1.75,4.1975,35.82,0.0464,12.112,0.4364,0.453,BCC
4,25.1017,1.75,4.23,36.84,0.0429,14.42,0.3804,0.4867,BCC
3,25.0161,1.75,4.2225,37.325,0.0444,13.935,0.4046,0.4808,BCC
4,24.2649,1.75,4.215,37.81,0.046,13.45,0.4282,0.472,BCC
4,38.5243,1.75,4.2425,38.355,0.0468,14.0595,0.3851,0.489,BCC
4,15.6357,1.7,4.2025,31.935,0.0365,11.012,0.355,0.4139,BCC
4,83.1051,1.95,4.1465,27.23,0.0445,8.462,0.4076,0.4699,BCC
2,78.5419,1.95,4.139,27.715,0.0462,8.3295,0.4309,0.4759,BCC
3,35.9471,1.9,4.1665,27.82,0.0422,9.288,0.3775,0.4516,BCC
3,36.2325,1.9,4.159,28.305,0.0438,9.0965,0.4017,0.4634,BCC
4,35.7818,1.9,4.1515,28.79,0.0453,8.808,0.4252,0.4684,BCC
4,23.9974,1.85,4.1865,28.41,0.0399,10.114,0.3462,0.4268,BCC
4,25.0925,1.85,4.164,29.865,0.0445,9.2975,0.4194,0.4608,BCC
4,24.5051,1.85,4.1565,30.35,0.0464,9.055,0.4425,0.46,BCC
3,43.8534,1.85,4.199,29.925,0.0439,11.265,0.3552,0.4286,BCC
2,43.5016,1.85,4.1915,30.41,0.0457,10.974,0.3802,0.4482,BCC
3,121.1472,1.85,4.2115,31.44,0.0468,12.202,0.3572,0.4305,BCC
3,23.0781,1.85,4.1815,31.855,0.0441,12.027,0.411,0.4878,BCC
3,20.2287,1.8,4.1915,29.97,0.0407,10.358,0.3651,0.4405,BCC
4,20.4461,1.8,4.184,30.455,0.0422,10.067,0.3896,0.4498,BCC
2,20.2682,1.8,4.1765,30.94,0.0438,9.776,0.4135,0.453,BCC
4,19.7384,1.8,4.169,31.425,0.0453,9.485,0.4368,0.4515,BCC
4,30.9819,1.8,4.2115,31,0.0431,11.63,0.3481,0.4246,BCC
3,31.0798,1.8,4.204,31.485,0.0448,11.2905,0.3733,0.4426,BCC
2,30.4029,1.8,4.1965,31.97,0.0466,10.951,0.3977,0.452,BCC
3,56.973,1.8,4.224,32.515,0.0458,12.308,0.3497,0.4265,BCC
3,19.2592,1.8,4.209,31.96,0.0402,12.878,0.3561,0.478,BCC
4,19.8068,1.8,4.2015,32.445,0.0418,12.5385,0.3809,0.4811,BCC
3,19.861,1.8,4.194,32.93,0.0433,12.199,0.405,0.4795,BCC
2,19.5219,1.8,4.1865,33.415,0.0449,11.8595,0.4285,0.4742,BCC
4,18.8123,1.8,4.179,33.9,0.047,11.52,0.4515,0.4659,BCC
3,48.8545,1.8,4.234,34.99,0.0472,13.739,0.3662,0.4823,BCC
3,19.5199,1.8,4.204,35.405,0.0444,13.836,0.4201,0.4933,BCC
2,18.9677,1.8,4.1965,35.89,0.0463,13.448,0.4433,0.4825,BCC
4,16.9466,1.75,4.1815,32.5,0.0446,9.7,0.4309,0.4429,BCC
3,15.9503,1.75,4.174,32.985,0.0466,9.3605,0.4539,0.4371,BCC
4,25.5014,1.75,4.224,32.075,0.0422,11.78,0.3408,0.4203,BCC
3,25.5908,1.75,4.2165,32.56,0.0439,11.392,0.3664,0.4366,BCC
4,17.628,1.75,4.2215,33.035,0.0394,12.932,0.3496,0.471,BCC
3,25.6386,1.75,4.234,34.55,0.0434,13.255,0.3575,0.4732,BCC
2,25.47,1.75,4.2265,35.035,0.0452,12.8185,0.3825,0.4755,BCC
3,24.614,1.75,4.219,35.52,0.047,12.382,0.4066,0.4733,BCC
3,39.8825,1.75,4.2465,36.065,0.0462,13.275,0.3588,0.4754,BCC
4,18.229,1.75,4.2315,35.51,0.0405,14.311,0.3658,0.4987,BCC
3,18.144,1.75,4.2165,36.48,0.0437,13.438,0.4142,0.484,BCC
2,17.3529,1.75,4.209,36.965,0.0452,13.0015,0.4375,0.4729,BCC
4,19.0402,1.75,4.2415,37.985,0.0416,15.195,0.3817,0.5111,BCC
4,18.3481,1.75,4.2265,38.955,0.0448,14.225,0.4292,0.4868,BCC
4,89.1247,1.95,4.168,26.93,0.0453,8.405,0.3802,0.4702,BCC
3,83.9474,1.95,4.1605,27.415,0.0471,8.351,0.4043,0.4837,BCC
3,36.3286,1.9,4.188,27.52,0.0427,9.29,0.3485,0.4435,BCC
2,37.153,1.9,4.1805,28.005,0.0445,9.177,0.3737,0.4652,BCC
4,25.7339,1.85,4.193,29.08,0.0436,9.734,0.3671,0.46,BCC
4,25.7624,1.85,4.1855,29.565,0.0453,9.4475,0.3916,0.4708,BCC
2,25.2791,1.85,4.178,30.05,0.0471,9.205,0.4155,0.4751,BCC
4,45.4593,1.85,4.213,30.11,0.0449,11.154,0.3466,0.4419,BCC
3,32.067,1.8,4.2255,31.185,0.0439,11.5005,0.3392,0.4381,BCC
4,20.3233,1.8,4.2155,32.63,0.044,12.409,0.3765,0.4952,BCC
4,20.1326,1.8,4.208,33.115,0.0457,12.0695,0.4008,0.4937,BCC
2,19.495,1.8,4.2005,33.6,0.0475,11.73,0.4244,0.4885,BCC
4,16.5619,1.75,4.1955,32.685,0.0471,9.5705,0.4264,0.4575,BCC
4,26.3566,1.75,4.238,32.26,0.0429,11.632,0.3316,0.4339,BCC
2,26.072,1.75,4.2305,32.745,0.0449,11.244,0.3575,0.4506,BCC
4,39.4535,1.75,4.243,34.26,0.0468,11.596,0.3557,0.4527,BCC
2,18.2478,1.75,4.2355,33.22,0.0413,12.784,0.3445,0.4851,BCC
3,18.4399,1.75,4.228,33.705,0.0431,12.396,0.3698,0.4875,BCC
2,18.1,1.75,4.2205,34.19,0.0448,12.008,0.3943,0.4853,BCC
3,17.26,1.75,4.213,34.675,0.0466,11.62,0.4181,0.4796,BCC
2,25.838,1.75,4.2405,35.22,0.0463,12.652,0.3738,0.4897,BCC
3,18.8255,1.75,4.2455,35.695,0.0426,14.1445,0.361,0.5128,BCC
4,18.7709,1.75,4.238,36.18,0.0443,13.708,0.3858,0.507,BCC
4,18.0812,1.75,4.2305,36.665,0.0461,13.2715,0.4098,0.4983,BCC
3,90.1459,1.95,4.182,27.115,0.0469,8.3125,0.3742,0.4835,BCC
2,20.4694,1.8,4.237,32.33,0.0433,12.619,0.3443,0.5058,BCC
4,20.5662,1.8,4.2295,32.815,0.0453,12.2795,0.3697,0.5093,BCC
3,20.062,1.8,4.222,33.3,0.0473,11.94,0.3942,0.5079,BCC
2,29.6189,1.8,4.242,34.33,0.0477,12.776,0.3709,0.5115,BCC
4,18.5557,1.75,4.242,33.89,0.0443,12.248,0.3627,0.5016,BCC
4,17.8228,1.75,4.2345,34.375,0.0463,11.86,0.3874,0.4996,BCC
3,187.9254,1.75,4.1325,42.26,0.0422,16.45,0.5146,0.3663,BCC
3,44.5089,1.65,4.1375,43.38,0.0397,15.238,0.4945,0.3219,BCC
3,347.9385,1.65,4.165,43.925,0.0412,15.6175,0.484,0.3603,BCC
3,85.1486,1.65,4.185,44.955,0.0431,15.597,0.4797,0.3778,BCC
3,333.4099,1.65,4.175,46.4,0.0427,16.65,0.4978,0.3556,BCC
4,92.9995,1.6,4.1975,46.03,0.0422,14.952,0.4741,0.3671,BCC
3,1702.8463,1.6,4.195,46.99,0.0405,16.296,0.4712,0.3624,BCC
