Pm.3,e/a,EWF,ad-e/n.2,δ-e/n.1,δ-ρ,δ-Ec.1,δ-G.1,δ-υ,
1,1.5,4.688,0.0487,0.1745,0.2358,0.1073,0.5154,0.2031,BCC+FCC
1,1.55,4.7055,0.0473,0.1716,0.2356,0.1073,0.5212,0.2062,BCC+FCC
1,1.55,4.6905,0.0515,0.1798,0.2382,0.0999,0.5363,0.2449,BCC+FCC
1,1.55,4.652,0.0545,0.1883,0.2853,0.1073,0.5279,0.1995,BCC+FCC
1,1.65,4.702,0.0448,0.1694,0.2822,0.1138,0.4641,0.1572,BCC+FCC
1,1.65,4.672,0.0527,0.1846,0.2858,0.1017,0.5545,0.245,BCC+FCC
1,1.7,4.651,0.0556,0.193,0.328,0.1102,0.5519,0.2034,BCC+FCC
1,1.75,4.6685,0.0538,0.1884,0.3278,0.1104,0.5576,0.2067,BCC+FCC
1,1.8,4.701,0.0486,0.1778,0.3264,0.1156,0.486,0.1597,BCC+FCC
1,1.8,4.6785,0.0517,0.1823,0.3274,0.1055,0.5759,0.2299,BCC+FCC
1,1.8,4.671,0.0501,0.1784,0.3268,0.1009,0.5787,0.2485,BCC+FCC
1,2,4.877,0.0447,0.159,0.2835,0.0867,0.4405,0.197,BCC+FCC
1,1.75,4.7145,0.0478,0.17,0.2845,0.0829,0.4836,0.2723,BCC+FCC
1,1.85,4.772,0.0487,0.1681,0.2854,0.0847,0.4952,0.2499,BCC+FCC
1,1.8,4.7395,0.0481,0.168,0.2851,0.0836,0.5023,0.2642,BCC+FCC
1,1.95,4.8295,0.0458,0.1603,0.2844,0.0857,0.4939,0.2204,BCC+FCC
1,1.95,4.7835,0.053,0.1807,0.3279,0.0958,0.4546,0.2171,BCC+FCC
1,2.1,4.866,0.0461,0.1639,0.3263,0.0974,0.454,0.1761,BCC+FCC
1,1.85,4.696,0.0473,0.1695,0.3257,0.092,0.5369,0.2634,BCC+FCC
1,2.15,4.8835,0.0412,0.1539,0.3249,0.0972,0.4555,0.1571,BCC+FCC
1,1.95,4.7535,0.0487,0.169,0.3272,0.0943,0.539,0.2357,BCC+FCC
1,1.85,4.6885,0.046,0.165,0.3254,0.0915,0.559,0.2666,BCC+FCC
1,2.1,4.7975,0.0524,0.1798,0.3667,0.1052,0.4848,0.1899,BCC+FCC
1,2.2,4.855,0.0474,0.1687,0.3659,0.1066,0.4573,0.1519,BCC+FCC
1,2,4.71,0.0488,0.172,0.365,0.1014,0.5704,0.234,BCC+FCC
1,2.25,4.819,0.0521,0.1803,0.4035,0.1141,0.4701,0.1463,BCC+FCC
1,2.2,4.7715,0.0517,0.1791,0.4031,0.1122,0.5215,0.1742,BCC+FCC
1,2.2,4.764,0.0507,0.1764,0.4029,0.1118,0.5316,0.1747,BCC+FCC
1,1.8,4.542,0.0368,0.1704,0.2892,0.1431,0.5283,0.254,BCC+FCC
1,1.8,4.612,0.0433,0.1723,0.2914,0.1267,0.5445,0.2622,BCC+FCC
3,1.7,4.6415,0.0317,0.117,0.1651,0.1039,0.325,0.1278,FCC
4,1.85,4.694,0.0252,0.1047,0.1645,0.0915,0.3441,0.1447,FCC
3,1.8,4.7015,0.0261,0.1081,0.1644,0.0976,0.3427,0.139,FCC
3,1.75,4.709,0.027,0.1101,0.1642,0.1027,0.3378,0.1328,FCC
3,1.9,4.7115,0.0231,0.099,0.1643,0.0846,0.3502,0.1485,FCC
4,1.85,4.719,0.0243,0.1034,0.1642,0.0921,0.3486,0.1426,FCC
4,1.85,4.6405,0.032,0.1294,0.2272,0.1029,0.3523,0.1345,FCC
3,1.9,4.658,0.0297,0.1245,0.227,0.0989,0.3584,0.1402,FCC
3,1.95,4.6755,0.0274,0.1189,0.2267,0.0937,0.3645,0.1449,FCC
2,1.9,4.683,0.0294,0.1238,0.2272,0.0997,0.3628,0.1394,FCC
2,2,4.6395,0.0306,0.1351,0.2766,0.101,0.3784,0.1404,FCC
2,2.05,4.657,0.0281,0.1284,0.2764,0.0959,0.3843,0.1452,FCC
4,2,4.6645,0.0312,0.135,0.2772,0.1017,0.3823,0.1397,FCC
2,2.05,4.682,0.0289,0.1287,0.277,0.0966,0.3879,0.1434,FCC
3,2.05,4.849,0.0245,0.0943,0.1645,0.052,0.2706,0.1349,FCC
4,2.05,4.8165,0.0244,0.0938,0.1647,0.0518,0.2702,0.1364,FCC
4,2.05,4.874,0.0233,0.0928,0.164,0.052,0.2926,0.1419,FCC
3,2.05,4.8415,0.0236,0.0926,0.1644,0.0518,0.2922,0.1435,FCC
4,2.05,4.899,0.0218,0.0911,0.1634,0.052,0.3124,0.146,FCC
2,2.05,4.8665,0.0225,0.0912,0.1639,0.0518,0.3119,0.1478,FCC
3,2.05,4.834,0.0226,0.0907,0.1643,0.0516,0.3114,0.1496,FCC
2,2.05,4.8915,0.0211,0.0897,0.1633,0.0518,0.3294,0.1497,FCC
4,2.05,4.859,0.0216,0.0895,0.1638,0.0516,0.3288,0.1516,FCC
2,2.05,4.949,0.0186,0.0873,0.1614,0.0518,0.3456,0.1474,FCC
2,2.05,4.9165,0.0195,0.088,0.1624,0.0517,0.3449,0.1495,FCC
3,2.05,4.884,0.0204,0.0881,0.1632,0.0516,0.3441,0.1517,FCC
3,2.05,4.8515,0.0208,0.0875,0.1637,0.0514,0.3434,0.1537,FCC
4,2.1,4.813,0.0297,0.1161,0.2275,0.0707,0.2872,0.1228,FCC
4,2.1,4.7805,0.0288,0.115,0.2271,0.0703,0.2868,0.1242,FCC
3,2.1,4.8055,0.0286,0.1144,0.2273,0.0705,0.308,0.1341,FCC
3,2.1,4.773,0.0276,0.1129,0.227,0.07,0.3076,0.1356,FCC
4,2.1,4.798,0.0276,0.1124,0.2272,0.0702,0.3266,0.1421,FCC
3,2.1,4.888,0.0272,0.1132,0.2271,0.0711,0.3448,0.142,FCC
3,2.1,4.823,0.0272,0.1118,0.2273,0.0704,0.3436,0.1458,FCC
2,2.1,4.7905,0.0265,0.1103,0.2271,0.07,0.343,0.1477,FCC
4,2.1,4.913,0.0259,0.112,0.2266,0.0712,0.36,0.1431,FCC
1,2.1,4.8805,0.0265,0.1118,0.227,0.0709,0.3593,0.1452,FCC
4,2.1,4.848,0.0266,0.1111,0.2271,0.0706,0.3586,0.1473,FCC
1,2.1,4.8155,0.0263,0.1098,0.2271,0.0702,0.3579,0.1493,FCC
4,2.1,4.9055,0.0253,0.1107,0.2265,0.071,0.3723,0.1444,FCC
3,2.1,4.873,0.0258,0.1102,0.2269,0.0707,0.3714,0.1467,FCC
1,2.1,4.8405,0.0258,0.1092,0.227,0.0703,0.3706,0.1489,FCC
2,2.1,4.808,0.0253,0.1076,0.227,0.0699,0.3697,0.151,FCC
1,2.1,4.7755,0.0243,0.1054,0.2268,0.0694,0.3688,0.1531,FCC
4,2.1,4.743,0.0229,0.1024,0.2264,0.0689,0.3679,0.1552,FCC
3,2.15,4.777,0.0339,0.1337,0.2778,0.0844,0.3032,0.1076,FCC
4,2.15,4.7445,0.0322,0.1319,0.277,0.0838,0.3028,0.109,FCC
3,2.15,4.7945,0.0329,0.1315,0.278,0.0844,0.342,0.1313,FCC
4,2.15,4.762,0.0315,0.1296,0.2775,0.0838,0.3415,0.133,FCC
4,2.15,4.7295,0.0296,0.1273,0.2767,0.0832,0.341,0.1346,FCC
2,2.15,4.787,0.0318,0.1295,0.2779,0.0841,0.3581,0.1387,FCC
4,2.15,4.722,0.0283,0.1246,0.2765,0.0829,0.3569,0.1423,FCC
4,2.15,4.732,0.0267,0.1193,0.2769,0.0826,0.3915,0.1503,FCC
1,2.25,4.73,0.0404,0.161,0.3614,0.1043,0.3531,0.0873,BCC+FCC
1,2.25,4.805,0.043,0.1613,0.3638,0.1058,0.4016,0.1228,BCC+FCC
1,2.25,4.74,0.0392,0.1569,0.362,0.1042,0.4002,0.1267,BCC+FCC
1,2.25,4.83,0.0433,0.1611,0.3643,0.1062,0.4141,0.1267,BCC+FCC
1,2.25,4.855,0.0434,0.1609,0.3646,0.1066,0.4243,0.128,BCC+FCC
1,2.25,4.8075,0.0408,0.1555,0.3639,0.1053,0.4326,0.132,BCC+FCC
1,2.3,4.769,0.0466,0.1731,0.401,0.1132,0.415,0.1126,BCC+FCC
1,2.25,4.628,0.0485,0.1869,0.3892,0.1129,0.4593,0.1361,BCC+FCC
1,2.05,4.554,0.0447,0.1695,0.2024,0.1148,0.3201,0.1355,BCC+FCC
1,2.05,4.579,0.0456,0.1721,0.2054,0.1141,0.3261,0.1346,BCC+FCC
1,2.05,4.604,0.0465,0.1746,0.2081,0.1134,0.3283,0.1317,BCC+FCC
1,2.05,4.614,0.0424,0.1637,0.2021,0.1094,0.3341,0.1385,BCC+FCC
4,2.05,4.449,0.0203,0.0835,0.1618,0.1756,0.263,0.2005,FCC
1,2.15,4.8775,0.05,0.1922,0.3199,0.0943,0.4531,0.1307,BCC+FCC
1,2.2,4.849,0.0556,0.2044,0.3607,0.1062,0.4624,0.1308,BCC+FCC
1,2.2,4.834,0.0542,0.201,0.3604,0.1059,0.4648,0.1262,BCC+FCC
1,2.25,4.8465,0.0522,0.1894,0.3822,0.1118,0.4538,0.1272,BCC+FCC
1,2.1,4.833,0.0511,0.1847,0.2583,0.1136,0.3677,0.1188,BCC+FCC
1,2.15,4.8395,0.0509,0.1829,0.2987,0.1199,0.3877,0.1216,BCC+FCC
1,2.2,4.881,0.0442,0.1647,0.3299,0.1115,0.4116,0.1266,BCC+FCC
1,2.05,4.7015,0.0352,0.121,0.1734,0.1855,0.2873,0.2054,FCC
1,2.05,4.754,0.0341,0.1192,0.1724,0.1763,0.2887,0.1971,FCC
4,2.05,4.679,0.0323,0.1134,0.1729,0.1842,0.3328,0.2224,FCC
1,1.6,4.5305,0.044,0.1675,0.2302,0.0991,0.381,0.1524,BCC+FCC
1,1.55,4.523,0.0438,0.1772,0.2307,0.0947,0.3913,0.18,BCC+FCC
1,1.5,4.523,0.0472,0.1835,0.2317,0.0931,0.3995,0.1927,BCC+FCC
1,1.6,4.527,0.0505,0.1835,0.2805,0.1006,0.4265,0.1538,BCC+FCC
1,1.5,4.527,0.0551,0.1976,0.2825,0.096,0.4575,0.1856,BCC+FCC
1,1.6,4.5045,0.0478,0.186,0.2769,0.0948,0.4189,0.1913,BCC+FCC
1,1.8,4.5085,0.0454,0.177,0.3204,0.106,0.3963,0.1112,BCC+FCC
1,1.8,4.4935,0.0438,0.1794,0.3177,0.1023,0.4207,0.15,BCC+FCC
1,1.7,4.501,0.0495,0.1917,0.3204,0.1007,0.4493,0.1681,BCC+FCC
1,1.75,4.486,0.0457,0.1811,0.3155,0.0981,0.4302,0.1773,BCC+FCC
1,1.85,4.4975,0.0481,0.1885,0.3599,0.106,0.4217,0.1098,BCC+FCC
1,1.9,4.4675,0.0435,0.1742,0.3501,0.1012,0.4392,0.1619,BCC+FCC
1,1.6,4.7905,0.0469,0.1643,0.2342,0.1145,0.382,0.1464,BCC+FCC
1,1.7,4.7795,0.0484,0.1696,0.2828,0.1193,0.3968,0.1254,BCC+FCC
1,1.7,4.7645,0.0564,0.1861,0.2858,0.1124,0.4001,0.1613,BCC+FCC
1,1.6,4.7145,0.0579,0.1899,0.2859,0.1132,0.4304,0.1653,BCC+FCC
1,1.8,4.7535,0.0576,0.1907,0.3283,0.1176,0.4216,0.1444,BCC+FCC
1,1.9,4.6945,0.045,0.1672,0.28,0.0836,0.3167,0.1554,BCC+FCC
1,1.85,4.6945,0.0473,0.1724,0.2807,0.0836,0.3213,0.1672,BCC+FCC
1,1.85,4.662,0.0451,0.1676,0.2786,0.0825,0.3217,0.1665,BCC+FCC
1,1.75,4.662,0.0475,0.1757,0.2796,0.0821,0.3262,0.1858,BCC+FCC
1,1.9,4.651,0.0475,0.1757,0.3205,0.092,0.3631,0.1713,BCC+FCC
1,2.1,4.6075,0.0433,0.1658,0.3556,0.0999,0.3805,0.1335,BCC+FCC
1,2.2,4.629,0.0465,0.175,0.3939,0.1085,0.4035,0.1171,BCC+FCC
1,1.75,4.602,0.044,0.1759,0.2795,0.1365,0.3298,0.1913,BCC+FCC
4,2.05,4.742,0.0385,0.1432,0.2782,0.0996,0.2877,0.0634,FCC
1,1.9,4.6995,0.0421,0.1506,0.2789,0.1126,0.3237,0.0731,BCC+FCC
1,1.85,4.707,0.0429,0.1517,0.2792,0.1157,0.3329,0.073,BCC+FCC
1,1.85,4.6745,0.0431,0.1527,0.2789,0.1141,0.3321,0.0751,BCC+FCC
1,1.75,4.6245,0.0451,0.1565,0.279,0.1135,0.3428,0.0772,BCC+FCC
1,2,4.6485,0.0432,0.1626,0.3217,0.1128,0.3449,0.0732,BCC+FCC
1,2.2,4.7125,0.043,0.1665,0.3616,0.1096,0.3462,0.0619,BCC+FCC
1,2.25,4.7015,0.0464,0.178,0.3991,0.1162,0.3783,0.0622,BCC+FCC
1,2.25,4.664,0.0461,0.1846,0.3743,0.1091,0.3758,0.0893,BCC+FCC
1,2.05,4.634,0.0459,0.1829,0.2017,0.1089,0.237,0.086,BCC+FCC
4,2.05,4.5315,0.0246,0.1095,0.1652,0.1697,0.1461,0.102,FCC
1,2.4,4.238,0.0273,0.1485,0.4186,0.231,0.5113,0.1862,BCC+FCC
4,1.6,4.6775,0.0301,0.1076,0.0664,0.0984,0.3529,0.157,FCC
4,1.55,4.685,0.0316,0.108,0.0652,0.1022,0.3572,0.1529,FCC
4,1.6,4.7025,0.0292,0.1054,0.0648,0.0993,0.3635,0.1577,FCC
4,1.55,4.71,0.0305,0.1055,0.063,0.1033,0.3653,0.1528,FCC
2,1.65,4.72,0.0264,0.1022,0.0644,0.0951,0.3697,0.1617,FCC
4,1.7,4.7375,0.0234,0.0984,0.064,0.0896,0.3758,0.165,FCC
4,1.65,4.745,0.0257,0.1001,0.0623,0.0959,0.3773,0.1595,FCC
4,1.75,4.95,0.0266,0.1147,0.0702,0.0669,0.3883,0.2019,FCC
4,1.8,4.975,0.0224,0.0977,0.0584,0.0662,0.3887,0.1841,FCC
4,1.85,4.8025,0.0298,0.1124,0.0783,0.0269,0.2526,0.1797,FCC
4,1.8,4.77,0.0309,0.1208,0.0821,0.0286,0.2633,0.1942,FCC
3,1.85,4.8275,0.0297,0.112,0.0783,0.027,0.2823,0.1912,FCC
3,1.85,4.795,0.0286,0.1102,0.0779,0.0265,0.2824,0.192,FCC
4,1.8,4.86,0.0338,0.1244,0.0836,0.0298,0.2927,0.2049,FCC
3,1.8,4.8275,0.0329,0.1229,0.0834,0.0294,0.2929,0.2056,FCC
3,1.8,4.795,0.0315,0.1208,0.0828,0.0288,0.2931,0.2062,FCC
3,1.75,4.795,0.0344,0.1303,0.0873,0.0308,0.3012,0.2194,FCC
4,1.75,4.7625,0.0322,0.1273,0.086,0.03,0.3015,0.2199,FCC
3,1.9,4.885,0.0258,0.0991,0.0711,0.0242,0.2952,0.1824,FCC
4,1.9,4.8525,0.0259,0.0986,0.072,0.0241,0.2951,0.1836,FCC
3,1.85,4.885,0.0296,0.1123,0.0774,0.0272,0.3093,0.1985,FCC
4,1.85,4.7875,0.0274,0.1077,0.0776,0.026,0.3096,0.2014,FCC
4,1.8,4.8525,0.0328,0.1225,0.0833,0.0294,0.3205,0.2142,FCC
4,1.8,4.82,0.0318,0.1207,0.0831,0.0289,0.3207,0.2151,FCC
2,1.75,4.82,0.035,0.1304,0.0878,0.031,0.3292,0.2286,FCC
4,1.75,4.7875,0.0332,0.1277,0.087,0.0303,0.3294,0.2293,FCC
4,1.95,4.8775,0.0212,0.0819,0.0639,0.0203,0.3005,0.1712,FCC
4,1.95,4.845,0.0215,0.0814,0.0651,0.0202,0.3002,0.1726,FCC
2,1.9,4.91,0.0245,0.0977,0.0695,0.0239,0.3198,0.1877,FCC
4,1.9,4.8775,0.025,0.0975,0.0709,0.0239,0.3197,0.189,FCC
2,1.9,4.845,0.0249,0.0966,0.0717,0.0237,0.3196,0.1903,FCC
4,1.9,4.8125,0.0244,0.095,0.072,0.0233,0.3195,0.1915,FCC
3,1.85,4.91,0.0286,0.1113,0.0761,0.027,0.3346,0.2041,FCC
1,1.85,4.8775,0.0287,0.1106,0.0771,0.0269,0.3346,0.2053,FCC
4,1.85,4.845,0.0284,0.1094,0.0776,0.0266,0.3347,0.2064,FCC
4,1.85,4.8125,0.0275,0.1075,0.0777,0.0261,0.3347,0.2075,FCC
2,1.8,4.91,0.0326,0.1231,0.0821,0.0297,0.3461,0.2193,FCC
4,1.8,4.8775,0.0325,0.1221,0.0828,0.0294,0.3463,0.2203,FCC
1,1.8,4.845,0.0318,0.1205,0.083,0.029,0.3464,0.2214,FCC
3,1.8,4.8125,0.0307,0.1184,0.0828,0.0285,0.3465,0.2223,FCC
4,1.75,4.91,0.0367,0.1336,0.0875,0.032,0.355,0.2335,FCC
2,1.75,4.8775,0.0362,0.1323,0.088,0.0317,0.3552,0.2344,FCC
2,1.75,4.845,0.0353,0.1304,0.088,0.0312,0.3554,0.2353,FCC
2,1.75,4.8125,0.0339,0.128,0.0875,0.0306,0.3556,0.2362,FCC
2,1.75,4.78,0.032,0.1249,0.0866,0.0298,0.3558,0.2371,FCC
4,1.65,4.7475,0.0368,0.1363,0.0928,0.0321,0.368,0.2629,FCC
3,1.95,4.9025,0.0198,0.0801,0.0619,0.0198,0.3222,0.1741,FCC
2,1.95,4.87,0.0204,0.08,0.0636,0.0199,0.3218,0.1757,FCC
3,1.9,4.935,0.023,0.0962,0.0675,0.0236,0.3425,0.1908,FCC
2,1.9,4.9025,0.0238,0.0962,0.0693,0.0236,0.3424,0.1923,FCC
2,1.9,4.87,0.0241,0.0956,0.0706,0.0235,0.3422,0.1937,FCC
3,1.9,4.8375,0.024,0.0944,0.0714,0.0233,0.3421,0.1951,FCC
4,1.85,4.9025,0.0279,0.1097,0.0759,0.0267,0.3582,0.2089,FCC
3,1.85,4.87,0.0279,0.1087,0.0769,0.0265,0.3582,0.2102,FCC
4,1.85,4.8375,0.0274,0.1072,0.0773,0.0262,0.3582,0.2115,FCC
3,1.85,4.805,0.0265,0.105,0.0773,0.0257,0.3581,0.2127,FCC
2,1.8,4.935,0.0317,0.1222,0.0808,0.0296,0.3705,0.2232,FCC
2,1.8,4.9025,0.0319,0.1214,0.0819,0.0294,0.3706,0.2244,FCC
2,1.8,4.87,0.0316,0.1201,0.0825,0.0291,0.3707,0.2255,FCC
1,1.8,4.8375,0.0309,0.1183,0.0827,0.0286,0.3708,0.2267,FCC
4,1.8,4.805,0.0296,0.1158,0.0825,0.028,0.3708,0.2278,FCC
4,1.8,4.7725,0.0279,0.1126,0.0817,0.0273,0.3709,0.2289,FCC
3,1.75,4.9025,0.0359,0.1319,0.0873,0.0317,0.3801,0.2388,FCC
1,1.75,4.87,0.0354,0.1303,0.0877,0.0313,0.3803,0.2399,FCC
2,1.75,4.8375,0.0344,0.1281,0.0877,0.0308,0.3805,0.2409,FCC
3,1.75,4.805,0.0328,0.1253,0.0872,0.0301,0.3807,0.2419,FCC
3,1.95,4.96,0.0178,0.0773,0.0563,0.019,0.3423,0.1733,FCC
4,1.95,4.8625,0.0196,0.0779,0.0634,0.0195,0.3411,0.1786,FCC
3,1.9,4.96,0.0212,0.0945,0.0649,0.0231,0.3637,0.1921,FCC
1,1.9,4.9275,0.0224,0.0948,0.0673,0.0233,0.3635,0.1937,FCC
4,1.9,4.895,0.0231,0.0945,0.0691,0.0233,0.3633,0.1953,FCC
2,1.85,4.96,0.0258,0.1088,0.0724,0.0265,0.3805,0.2093,FCC
3,1.85,4.9275,0.0267,0.1087,0.0743,0.0265,0.3804,0.2108,FCC
4,1.85,4.8625,0.0271,0.1067,0.0766,0.0261,0.3802,0.2136,FCC
3,1.9,4.94,0.0357,0.1438,0.1091,0.066,0.3845,0.1841,FCC
1,1.75,4.545,0.0357,0.1346,0.0928,0.1819,0.279,0.2407,FCC
1,1.9,4.68,0.0361,0.1221,0.0896,0.1806,0.296,0.2335,FCC
1,1.9,4.7325,0.0358,0.1216,0.0881,0.1709,0.296,0.2268,FCC
4,1.95,4.6525,0.0334,0.1124,0.087,0.19,0.2972,0.2358,FCC
1,1.95,4.7575,0.032,0.1103,0.0828,0.1719,0.2988,0.2206,FCC
1,1.9,4.6725,0.035,0.1193,0.0892,0.1802,0.3194,0.2424,FCC
4,1.8,4.8075,0.0256,0.0816,0.0575,0.085,0.2421,0.1116,FCC
4,1.65,4.7,0.0299,0.0922,0.0598,0.1006,0.2759,0.1136,FCC
4,1.8,4.8,0.0253,0.0813,0.0572,0.0846,0.2641,0.1241,FCC
4,1.8,4.7675,0.0259,0.0838,0.0591,0.0838,0.2635,0.1258,FCC
4,1.75,4.84,0.0235,0.0769,0.0515,0.0936,0.2766,0.1199,FCC
3,1.75,4.8075,0.0252,0.0809,0.0548,0.0927,0.276,0.1217,FCC
4,1.7,4.815,0.0244,0.0791,0.0516,0.0995,0.286,0.1188,FCC
4,1.65,4.79,0.0253,0.0811,0.0517,0.104,0.2932,0.1173,FCC
4,1.65,4.725,0.0286,0.0891,0.0576,0.1015,0.2913,0.1214,FCC
3,1.6,4.7,0.0297,0.0913,0.0577,0.1043,0.2958,0.1198,FCC
4,1.9,4.875,0.0218,0.0717,0.0542,0.0639,0.2598,0.1333,FCC
2,1.85,4.8175,0.0235,0.0777,0.0568,0.0752,0.2722,0.1341,FCC
2,1.8,4.8575,0.0228,0.0747,0.0512,0.0858,0.2844,0.1293,FCC
2,1.8,4.825,0.024,0.0782,0.0545,0.0851,0.2838,0.1312,FCC
4,1.8,4.7925,0.0247,0.081,0.057,0.0843,0.2831,0.133,FCC
4,1.75,4.865,0.022,0.0728,0.0472,0.0941,0.2943,0.1258,FCC
3,1.75,4.8325,0.0238,0.0773,0.0513,0.0932,0.2935,0.1278,FCC
4,1.75,4.8,0.0251,0.081,0.0546,0.0923,0.2927,0.1297,FCC
4,1.75,4.7675,0.026,0.084,0.0571,0.0914,0.2919,0.1316,FCC
4,1.7,4.71,0.0276,0.0893,0.0591,0.0957,0.2977,0.1319,FCC
4,1.65,4.7825,0.0258,0.0818,0.0515,0.1035,0.3051,0.1237,FCC
4,1.65,4.75,0.0274,0.0858,0.0548,0.1023,0.304,0.1258,FCC
4,1.95,4.8275,0.0198,0.0697,0.0581,0.0467,0.2672,0.1454,FCC
2,1.9,4.9,0.0205,0.0683,0.0508,0.064,0.2813,0.139,FCC
2,1.9,4.835,0.0213,0.0731,0.0564,0.0632,0.2802,0.1425,FCC
3,1.85,4.875,0.0216,0.0717,0.0509,0.0761,0.2921,0.1373,FCC
3,1.85,4.8425,0.0224,0.0747,0.0541,0.0756,0.2914,0.1391,FCC
2,1.85,4.81,0.0226,0.077,0.0566,0.0749,0.2908,0.141,FCC
1,1.8,4.785,0.0239,0.0805,0.0567,0.084,0.2994,0.1392,FCC
2,1.75,4.825,0.0239,0.0775,0.0511,0.0929,0.3077,0.133,FCC
4,1.75,4.7925,0.0248,0.0809,0.0543,0.092,0.3067,0.1351,FCC
2,1.75,4.76,0.0253,0.0836,0.0568,0.091,0.3058,0.1371,FCC
4,1.7,4.8,0.025,0.08,0.0512,0.0987,0.312,0.1305,FCC
4,1.7,4.7675,0.026,0.0836,0.0545,0.0976,0.3109,0.1326,FCC
3,1.7,4.7025,0.0267,0.0889,0.0588,0.0953,0.3087,0.1369,FCC
4,1.65,4.7425,0.0272,0.0861,0.0546,0.1018,0.3124,0.1299,FCC
4,1.65,4.71,0.0279,0.0892,0.0571,0.1005,0.3111,0.1322,FCC
2,1.95,4.9175,0.0188,0.0638,0.0505,0.0471,0.289,0.146,FCC
3,1.95,4.885,0.0189,0.066,0.0536,0.047,0.2885,0.1478,FCC
3,1.95,4.8525,0.0185,0.0673,0.056,0.0467,0.2879,0.1496,FCC
3,1.9,4.8925,0.02,0.0678,0.0506,0.0638,0.2996,0.1439,FCC
2,1.9,4.86,0.0202,0.0702,0.0538,0.0634,0.2989,0.1459,FCC
3,1.9,4.8275,0.02,0.0719,0.0562,0.063,0.2983,0.1477,FCC
3,1.85,4.8675,0.0212,0.0714,0.0507,0.0758,0.3082,0.1416,FCC
4,1.85,4.835,0.0216,0.0741,0.0539,0.0753,0.3074,0.1436,FCC
4,1.85,4.8025,0.0214,0.076,0.0563,0.0746,0.3066,0.1456,FCC
4,1.8,4.9075,0.02,0.0665,0.0416,0.0865,0.3165,0.1346,FCC
2,1.8,4.8425,0.0224,0.0747,0.0508,0.0852,0.3147,0.139,FCC
4,1.8,4.81,0.0229,0.0776,0.054,0.0844,0.3138,0.1411,FCC
4,1.8,4.7775,0.0229,0.0798,0.0564,0.0836,0.3128,0.1432,FCC
3,1.75,4.8175,0.0236,0.0776,0.0509,0.0925,0.3189,0.1361,FCC
2,1.75,4.7525,0.0243,0.0831,0.0566,0.0906,0.3167,0.1405,FCC
4,1.7,4.76,0.0256,0.0836,0.0542,0.0972,0.319,0.1353,FCC
2,1.7,4.7275,0.0258,0.0862,0.0567,0.096,0.3177,0.1376,FCC
3,1.65,4.735,0.0269,0.0862,0.0543,0.1013,0.3171,0.132,FCC
2,1.95,4.91,0.0179,0.0628,0.0503,0.0469,0.307,0.1496,FCC
4,1.9,4.95,0.018,0.0604,0.0413,0.0642,0.3169,0.1427,FCC
3,1.9,4.885,0.0192,0.0671,0.0504,0.0636,0.3153,0.1469,FCC
3,1.9,4.8525,0.0191,0.0692,0.0535,0.0632,0.3146,0.149,FCC
4,1.9,4.82,0.0185,0.0705,0.0559,0.0627,0.3138,0.151,FCC
4,1.85,4.9575,0.0176,0.0589,0.0347,0.077,0.3243,0.1373,FCC
4,1.85,4.8925,0.0201,0.0678,0.0465,0.0761,0.3226,0.1418,FCC
2,1.85,4.86,0.0205,0.071,0.0505,0.0756,0.3216,0.144,FCC
4,1.85,4.8275,0.0205,0.0733,0.0536,0.075,0.3207,0.1462,FCC
4,1.8,4.835,0.0219,0.0744,0.0506,0.0848,0.3256,0.1409,FCC
2,1.8,4.8025,0.022,0.077,0.0538,0.0841,0.3245,0.1431,FCC
3,1.8,4.77,0.0216,0.0789,0.0562,0.0833,0.3234,0.1453,FCC
3,1.8,4.7375,0.0207,0.0801,0.0579,0.0824,0.3223,0.1475,FCC
3,1.75,4.81,0.0232,0.0775,0.0507,0.0921,0.3269,0.1375,FCC
3,1.75,4.7775,0.0234,0.0803,0.0539,0.0912,0.3256,0.1398,FCC
3,1.75,4.745,0.0231,0.0825,0.0563,0.0902,0.3242,0.1421,FCC
4,1.7,4.7525,0.0249,0.0834,0.054,0.0967,0.3234,0.1362,FCC
4,1.65,4.76,0.0259,0.0829,0.0509,0.1021,0.3191,0.1298,FCC
3,1.95,4.9675,0.0165,0.0561,0.041,0.0469,0.3239,0.1471,FCC
3,1.95,4.805,0.017,0.0633,0.0571,0.0459,0.32,0.1576,FCC
3,1.9,4.975,0.0167,0.0558,0.0345,0.0643,0.3312,0.1414,FCC
4,1.9,4.91,0.0182,0.0637,0.0462,0.0637,0.3294,0.146,FCC
3,1.9,4.8125,0.0174,0.0689,0.0556,0.0624,0.3266,0.1526,FCC
4,1.85,4.95,0.0178,0.0593,0.0346,0.0768,0.3354,0.1377,FCC
3,1.85,4.9175,0.0189,0.0639,0.0412,0.0763,0.3344,0.1401,FCC
3,1.85,4.885,0.0195,0.0675,0.0463,0.0758,0.3333,0.1425,FCC
3,1.85,4.82,0.0193,0.0723,0.0534,0.0747,0.3312,0.1471,FCC
3,1.8,4.795,0.0208,0.0763,0.0535,0.0837,0.332,0.1435,FCC
4,1.8,4.7625,0.0201,0.0778,0.0559,0.0829,0.3307,0.1458,FCC
4,1.75,4.835,0.0222,0.074,0.0465,0.0927,0.3327,0.1346,FCC
3,1.7,4.7775,0.024,0.0803,0.0506,0.0974,0.3251,0.1329,FCC
4,1.55,4.665,0.0369,0.1613,0.0708,0.1798,0.3635,0.1265,FCC
4,1.6,4.6825,0.0351,0.1592,0.0706,0.1749,0.3699,0.133,FCC
4,1.55,4.69,0.0358,0.1597,0.0678,0.1799,0.3756,0.1278,FCC
3,1.6,4.7075,0.0336,0.1578,0.0676,0.175,0.3818,0.133,FCC
4,1.7,4.6865,0.0309,0.1354,0.1199,0.1023,0.3466,0.1388,FCC
1,1.75,4.687,0.0442,0.1959,0.1905,0.1073,0.3958,0.1325,BCC+FCC
4,1.8,4.7215,0.0272,0.1282,0.1193,0.0888,0.3584,0.145,FCC
4,1.7,4.7025,0.0326,0.1663,0.0555,0.1954,0.3273,0.1403,FCC
4,1.8,4.7125,0.0291,0.1602,0.0564,0.1819,0.335,0.1496,FCC
4,1.65,4.69,0.0385,0.2024,0.2034,0.2304,0.3076,0.1286,FCC
4,1.7,4.7075,0.0369,0.2007,0.2035,0.2246,0.3138,0.1326,FCC
4,1.75,4.6925,0.0323,0.1377,0.1031,0.1215,0.3139,0.132,FCC
3,1.75,4.7025,0.0269,0.1142,0.0838,0.1076,0.32,0.1385,FCC
4,1.7,4.71,0.0274,0.1162,0.0832,0.1142,0.3156,0.1322,FCC
3,1.75,4.7275,0.0256,0.1127,0.0829,0.108,0.3216,0.1353,FCC
4,1.9,4.545,0.0245,0.0953,0.0742,0.1683,0.2871,0.2105,FCC
4,1.75,4.6475,0.0261,0.0973,0.0666,0.1267,0.3103,0.1672,FCC
4,1.75,4.6675,0.0245,0.0919,0.0632,0.11,0.3124,0.1564,FCC
2,1.85,4.6575,0.0225,0.0865,0.0659,0.1196,0.3135,0.1759,FCC
4,1.8,4.545,0.0331,0.1175,0.0827,0.181,0.303,0.2258,FCC
3,1.8,4.665,0.024,0.0919,0.0661,0.1239,0.317,0.172,FCC
4,1.9,4.675,0.0202,0.0783,0.0653,0.1149,0.3203,0.1803,FCC
3,1.85,4.6825,0.0219,0.0855,0.0656,0.1202,0.3237,0.176,FCC
4,1.85,4.7025,0.0204,0.08,0.0621,0.0998,0.3258,0.1652,FCC
2,1.8,4.71,0.0213,0.0849,0.0615,0.1061,0.3269,0.1602,FCC
3,1.9,4.955,0.0257,0.1255,0.0964,0.0924,0.3358,0.1279,FCC
1,1.9,4.7025,0.0333,0.113,0.0809,0.1847,0.2541,0.1973,FCC
1,1.85,4.6775,0.0341,0.1163,0.0811,0.1837,0.2655,0.198,FCC
1,1.85,4.73,0.0315,0.1112,0.0773,0.1768,0.2673,0.1895,FCC
1,1.8,4.6525,0.0349,0.1193,0.0812,0.1817,0.2747,0.1984,FCC
1,1.9,4.6425,0.034,0.1149,0.0835,0.1904,0.2717,0.2142,FCC
1,1.9,4.695,0.0325,0.1117,0.0807,0.1843,0.2735,0.2061,FCC
1,1.9,4.7475,0.0301,0.1072,0.0769,0.1762,0.2753,0.1975,FCC
1,1.85,4.67,0.0332,0.115,0.0808,0.1832,0.2825,0.2061,FCC
1,1.85,4.7225,0.0308,0.1103,0.0771,0.1763,0.2846,0.1972,FCC
1,1.75,4.5675,0.0367,0.1253,0.0839,0.1797,0.2901,0.2142,FCC
1,1.95,4.8175,0.0259,0.0972,0.0719,0.1636,0.2847,0.195,FCC
1,1.9,4.635,0.0331,0.113,0.0832,0.1899,0.2878,0.2213,FCC
1,1.9,4.7925,0.0265,0.1005,0.072,0.1657,0.2941,0.1941,FCC
1,1.85,4.7675,0.0274,0.1036,0.0721,0.167,0.3014,0.193,FCC
4,1.9,4.6275,0.0321,0.1109,0.0828,0.1894,0.301,0.2266,FCC
1,1.9,4.785,0.0259,0.0995,0.0718,0.1654,0.3086,0.1982,FCC
1,1.85,4.655,0.0316,0.1122,0.0803,0.1821,0.3074,0.2165,FCC
1,1.85,4.76,0.0264,0.1027,0.0719,0.1666,0.3134,0.1966,FCC
3,1.85,4.6475,0.0307,0.1105,0.08,0.1816,0.3149,0.2194,FCC
4,1.95,4.865,0.0298,0.1442,0.0702,0.1198,0.2624,0.1361,FCC
3,1.9,4.8625,0.0387,0.1927,0.0775,0.1596,0.3144,0.1444,FCC
2,1.95,4.89,0.029,0.1433,0.0673,0.1193,0.2887,0.1438,FCC
4,1.9,4.8875,0.0389,0.1922,0.0739,0.159,0.3391,0.1492,FCC
2,1.95,4.915,0.028,0.1422,0.0639,0.1188,0.3126,0.1485,FCC
4,1.95,4.8825,0.0282,0.1422,0.0672,0.1195,0.3124,0.1502,FCC
4,1.9,4.8225,0.0362,0.1903,0.0804,0.1607,0.3391,0.1526,FCC
4,1.9,4.945,0.0391,0.192,0.0651,0.1574,0.3622,0.1496,FCC
4,1.95,4.9075,0.0273,0.1413,0.0638,0.119,0.3343,0.1527,FCC
4,2,4.8265,0.0282,0.1218,0.12,0.0292,0.2572,0.1373,FCC
4,2,4.8515,0.0275,0.1208,0.1197,0.0286,0.2812,0.145,FCC
3,2,4.819,0.0271,0.1203,0.1198,0.0291,0.2809,0.1466,FCC
3,2,4.8765,0.0265,0.1197,0.1191,0.0279,0.3028,0.1498,FCC
4,2,4.8115,0.026,0.1187,0.1196,0.029,0.3019,0.1532,FCC
4,2,4.828,0.0331,0.1547,0.1588,0.0356,0.3623,0.1567,FCC
2,2,4.869,0.0257,0.1184,0.119,0.0279,0.3217,0.154,FCC
4,2,4.804,0.025,0.1168,0.1194,0.0288,0.3207,0.1577,FCC
4,2,4.9265,0.0238,0.1171,0.1172,0.0264,0.3397,0.1524,FCC
4,2,4.894,0.0246,0.1173,0.1182,0.0272,0.3391,0.1545,FCC
3,2,4.8615,0.0248,0.117,0.1188,0.0278,0.3384,0.1565,FCC
2,2,4.9515,0.0221,0.1156,0.1158,0.0255,0.355,0.1509,FCC
3,2,4.8865,0.0238,0.116,0.118,0.0271,0.3536,0.1553,FCC
3,2,4.8215,0.0237,0.1143,0.1189,0.0282,0.3521,0.1595,FCC
4,1.9,4.79,0.0409,0.2148,0.0569,0.206,0.225,0.1287,FCC
4,1.9,4.7825,0.0397,0.2137,0.0565,0.2062,0.2509,0.1395,FCC
4,1.9,4.8075,0.0406,0.2134,0.0548,0.2055,0.2739,0.1455,FCC
3,1.95,4.8175,0.0304,0.157,0.0572,0.1554,0.2518,0.143,FCC
4,1.95,4.8425,0.0301,0.1563,0.0554,0.1549,0.2748,0.1485,FCC
2,1.95,4.9,0.0295,0.1555,0.0499,0.1536,0.2958,0.1496,FCC
4,1.9,4.825,0.0403,0.2119,0.0522,0.2051,0.312,0.1521,FCC
4,1.95,4.8675,0.0295,0.1555,0.0529,0.1543,0.2953,0.1514,FCC
3,1.95,4.835,0.0291,0.1551,0.0551,0.155,0.2947,0.1533,FCC
3,1.95,4.8925,0.0287,0.1546,0.0497,0.1538,0.3134,0.1523,FCC
4,1.9,4.94,0.0417,0.2115,0.0347,0.2018,0.3431,0.1443,FCC
4,1.9,4.9075,0.0416,0.2115,0.0408,0.2028,0.3422,0.1467,FCC
3,1.95,4.95,0.0269,0.1533,0.0409,0.1525,0.3301,0.1489,FCC
3,1.95,4.9175,0.0277,0.1536,0.0457,0.1533,0.3293,0.1512,FCC
3,1.95,4.885,0.028,0.1536,0.0495,0.154,0.3286,0.1533,FCC
3,1.95,4.8525,0.0279,0.1532,0.0524,0.1547,0.3278,0.1555,FCC
3,2,4.8975,0.0332,0.1906,0.2006,0.1779,0.276,0.1459,FCC
3,2,4.865,0.033,0.1907,0.2036,0.1787,0.2755,0.1478,FCC
2,2,4.9225,0.0323,0.1896,0.1975,0.1774,0.2958,0.1476,FCC
3,2,4.89,0.0325,0.1899,0.2007,0.1781,0.2952,0.1496,FCC
3,2,4.8575,0.0322,0.1899,0.2037,0.1789,0.2946,0.1516,FCC
4,2,4.825,0.0314,0.1896,0.2066,0.1796,0.294,0.1535,FCC
2,2,4.915,0.0317,0.189,0.1976,0.1776,0.3126,0.1494,FCC
3,2,4.8825,0.0318,0.1892,0.2008,0.1783,0.3119,0.1516,FCC
4,2,4.755,0.0353,0.148,0.1173,0.0768,0.1867,0.0986,FCC
4,2,4.78,0.0359,0.1478,0.1182,0.0761,0.217,0.1148,FCC
4,2,4.7475,0.034,0.146,0.1169,0.077,0.2165,0.1163,FCC
4,2,4.79,0.0313,0.1277,0.103,0.0657,0.2009,0.1138,FCC
3,2,4.805,0.0361,0.1475,0.1188,0.0754,0.2429,0.1256,FCC
4,2,4.7725,0.0347,0.146,0.1179,0.0763,0.2424,0.1272,FCC
4,2,4.7825,0.0302,0.1259,0.1028,0.0658,0.2291,0.1279,FCC
3,2,4.83,0.0362,0.1471,0.1191,0.0747,0.2656,0.1325,FCC
3,2,4.7975,0.0351,0.1458,0.1185,0.0756,0.265,0.1343,FCC
4,2,4.84,0.0307,0.1264,0.1032,0.0645,0.2544,0.1347,FCC
3,2,4.7225,0.0359,0.1586,0.129,0.0849,0.2733,0.1353,FCC
3,2,4.765,0.0335,0.144,0.1176,0.0765,0.2645,0.1361,FCC
4,2,4.69,0.0349,0.1554,0.127,0.0859,0.2726,0.1371,FCC
4,2,4.845,0.0418,0.1647,0.133,0.0808,0.2932,0.1323,FCC
4,2,4.8225,0.0352,0.1455,0.1188,0.0749,0.2849,0.1384,FCC
3,2,4.865,0.0301,0.1255,0.1028,0.0638,0.2762,0.1399,FCC
3,2,4.7475,0.0368,0.159,0.1303,0.0841,0.2909,0.1386,FCC
4,2,4.8325,0.0298,0.1248,0.103,0.0646,0.2757,0.1417,FCC
4,2,4.875,0.0242,0.0997,0.083,0.0484,0.2655,0.1427,FCC
4,2,4.715,0.0354,0.1561,0.1287,0.0852,0.2901,0.1406,FCC
3,2,4.7575,0.0323,0.1418,0.1173,0.0767,0.2835,0.1422,FCC
4,2,4.8425,0.0244,0.0995,0.0837,0.049,0.265,0.1443,FCC
4,2,4.725,0.0301,0.1392,0.116,0.0776,0.2829,0.1441,FCC
4,2,4.88,0.0354,0.1459,0.1188,0.0731,0.3029,0.1379,FCC
2,2,4.89,0.0291,0.1245,0.1021,0.0631,0.2955,0.1425,FCC
2,2,4.8575,0.0292,0.1241,0.1026,0.064,0.2949,0.1445,FCC
3,2,4.9,0.0228,0.0982,0.0817,0.0478,0.2866,0.1463,FCC
4,2,4.7825,0.0329,0.1419,0.118,0.076,0.3007,0.1442,FCC
3,2,4.825,0.0288,0.1231,0.1027,0.0647,0.2942,0.1464,FCC
4,2,4.8675,0.0233,0.0983,0.0828,0.0485,0.286,0.1482,FCC
3,2,4.835,0.0234,0.0977,0.0835,0.049,0.2855,0.15,FCC
2,2,4.905,0.0347,0.1452,0.1182,0.0723,0.318,0.1373,FCC
2,2,4.8725,0.0347,0.1446,0.1186,0.0733,0.3171,0.1396,FCC
4,2,4.915,0.0279,0.1234,0.1011,0.0624,0.3124,0.1428,FCC
2,2,4.84,0.0343,0.1434,0.1186,0.0743,0.3162,0.1419,FCC
2,2,4.8825,0.0284,0.1232,0.1019,0.0633,0.3117,0.145,FCC
2,2,4.925,0.0211,0.0966,0.08,0.0472,0.3053,0.1477,FCC
2,2,4.85,0.0284,0.1225,0.1024,0.0641,0.3109,0.1471,FCC
3,2,4.8925,0.0221,0.0969,0.0815,0.0479,0.3047,0.1497,FCC
3,2,4.775,0.0319,0.1397,0.1177,0.0762,0.3144,0.1463,FCC
3,2,4.86,0.0225,0.0966,0.0826,0.0485,0.304,0.1517,FCC
4,2,4.7425,0.0299,0.137,0.1167,0.0771,0.3134,0.1485,FCC
4,2,4.8275,0.0225,0.0957,0.0832,0.049,0.3034,0.1536,FCC
2,2,4.8975,0.0341,0.1439,0.118,0.0725,0.3294,0.1372,FCC
3,2,4.865,0.034,0.143,0.1184,0.0736,0.3284,0.1396,FCC
4,2,4.875,0.0277,0.1217,0.1017,0.0634,0.3252,0.1458,FCC
4,2,4.9175,0.0205,0.0953,0.0798,0.0473,0.321,0.1492,FCC
4,2,4.8,0.0323,0.1398,0.1181,0.0755,0.3263,0.1444,FCC
4,2,4.885,0.0214,0.0954,0.0813,0.0479,0.3202,0.1514,FCC
4,2,4.7675,0.0308,0.1374,0.1174,0.0764,0.3252,0.1468,FCC
3,2,4.81,0.0269,0.1191,0.1022,0.065,0.3234,0.1503,FCC
2,2,4.6525,0.0278,0.0962,0.0739,0.1569,0.1151,0.1276,FCC
4,2,4.515,0.0216,0.0908,0.0691,0.1767,0.1143,0.1376,FCC
4,2,4.5675,0.0241,0.0929,0.0711,0.1675,0.1147,0.1329,FCC
1,2,4.71,0.0292,0.0977,0.0758,0.1582,0.1611,0.152,FCC
3,2,4.4875,0.0213,0.0886,0.07,0.1848,0.1588,0.1695,FCC
4,2,4.455,0.0193,0.0808,0.0649,0.1834,0.1584,0.1692,FCC
3,2,4.56,0.0224,0.0888,0.0705,0.1671,0.1597,0.1588,FCC
4,2,4.6125,0.0242,0.0898,0.0713,0.1558,0.1602,0.1525,FCC
4,2,4.5125,0.0224,0.0902,0.0734,0.1857,0.1931,0.1897,FCC
4,2,4.565,0.0246,0.0929,0.0749,0.1782,0.194,0.1838,FCC
4,2,4.585,0.0237,0.0896,0.0729,0.1678,0.1944,0.1777,FCC
4,2,4.815,0.0228,0.0754,0.0634,0.0753,0.197,0.1357,FCC
4,2,4.705,0.0296,0.1003,0.0803,0.1825,0.2701,0.2144,FCC
4,2,4.7125,0.0256,0.0896,0.0748,0.1578,0.2712,0.2002,FCC
3,2,4.8575,0.0193,0.0697,0.0601,0.0752,0.2751,0.1619,FCC
4,2,4.7725,0.0211,0.0745,0.0658,0.1036,0.2734,0.1745,FCC
3,2,4.825,0.0197,0.0694,0.0615,0.075,0.2746,0.1634,FCC
4,2,4.6975,0.0287,0.0977,0.08,0.1821,0.2884,0.2205,FCC
4,2,4.75,0.0274,0.0955,0.077,0.172,0.2901,0.2116,FCC
1,2,4.8025,0.0254,0.0918,0.073,0.1597,0.2918,0.2022,FCC
4,2,4.77,0.0256,0.0908,0.074,0.159,0.2911,0.2035,FCC
4,2,4.915,0.0177,0.0665,0.0552,0.0754,0.2959,0.163,FCC
3,2,4.8825,0.0177,0.0675,0.0579,0.0752,0.2953,0.1647,FCC
3,2,4.85,0.0184,0.0676,0.0599,0.075,0.2948,0.1664,FCC
4,2,4.765,0.02,0.0715,0.0654,0.1034,0.2927,0.1796,FCC
4,2,4.8175,0.0187,0.0669,0.0612,0.0748,0.2942,0.1681,FCC
4,2,4.68,0.019,0.07,0.0676,0.1239,0.2905,0.1916,FCC
4,2,4.7325,0.0191,0.0687,0.0654,0.103,0.2921,0.1811,FCC
3,2,4.785,0.0185,0.0653,0.062,0.0745,0.2936,0.1698,FCC
4,2,4.9075,0.0163,0.065,0.055,0.0752,0.3132,0.1656,FCC
3,2,4.79,0.0194,0.0706,0.0646,0.1036,0.3101,0.1813,FCC
2,2,4.8425,0.0176,0.0653,0.0596,0.0749,0.3119,0.1693,FCC
3,2,4.81,0.0178,0.0641,0.0609,0.0746,0.3112,0.1711,FCC
3,2,4.725,0.018,0.0647,0.065,0.1027,0.3086,0.1845,FCC
2,2,4.7775,0.0174,0.0619,0.0616,0.0743,0.3105,0.1729,FCC
4,2,4.8375,0.0324,0.1715,0.0766,0.0931,0.2883,0.1481,FCC
1,2,4.621,0.0443,0.1928,0.2097,0.0901,0.4366,0.174,BCC+FCC
4,2,4.615,0.0336,0.1423,0.1242,0.1183,0.3111,0.1614,FCC
1,2,4.8245,0.0487,0.1935,0.1943,0.1368,0.3977,0.1846,BCC+FCC
1,2,4.8695,0.0468,0.1909,0.1932,0.1144,0.4111,0.1719,BCC+FCC
1,2,4.755,0.035,0.1246,0.098,0.1849,0.2613,0.1982,FCC
4,2,4.6425,0.0352,0.1241,0.1007,0.2051,0.2771,0.2221,FCC
4,2,4.695,0.0351,0.124,0.0996,0.1957,0.2789,0.2137,FCC
1,2,4.7475,0.0342,0.1227,0.0978,0.1847,0.2807,0.2049,FCC
1,2,4.7575,0.0382,0.1404,0.1126,0.181,0.2895,0.1949,FCC
4,2,4.6875,0.0341,0.1216,0.0993,0.1955,0.2952,0.219,FCC
4,2,4.74,0.0333,0.1207,0.0976,0.1844,0.2973,0.2097,FCC
2,2,4.7325,0.0325,0.1185,0.0973,0.1842,0.3111,0.2131,FCC
1,1.4,4.44,0.0502,0.1693,0.0937,0.1372,0.3403,0.2014,BCC+FCC
1,1.4,4.46,0.0491,0.1666,0.0922,0.1364,0.34,0.1968,BCC+FCC
1,1.35,4.48,0.0503,0.172,0.0941,0.1306,0.3523,0.2033,BCC+FCC
1,1.5,4.555,0.0512,0.1655,0.0971,0.1588,0.3051,0.1926,BCC+FCC
1,1.45,4.425,0.0511,0.1712,0.0964,0.1446,0.324,0.2043,BCC+FCC
4,1.95,4.575,0.0275,0.1073,0.0757,0.1673,0.092,0.1096,FCC
3,1.95,4.5425,0.0241,0.1027,0.0719,0.1662,0.0921,0.108,FCC
4,1.9,4.4575,0.0237,0.1003,0.0655,0.1728,0.1241,0.1184,FCC
4,1.85,4.4775,0.0253,0.1063,0.0673,0.1624,0.1431,0.1262,FCC
4,1.9,4.745,0.0405,0.1568,0.119,0.1043,0.1967,0.0787,FCC
4,1.95,4.6675,0.0319,0.1048,0.0759,0.1604,0.0966,0.1016,FCC
4,1.95,4.55,0.0273,0.1022,0.0719,0.1686,0.0957,0.1055,FCC
3,1.75,4.1575,0.0416,0.7828,0.2339,0.1551,0.3631,0.0643,BCC
4,1.95,4.6325,0.0331,0.1581,0.0897,0.2127,0.1137,0.0898,FCC
4,1.95,4.6,0.0301,0.1554,0.0889,0.2126,0.1139,0.0886,FCC
1,2,4.5255,0.035,0.1621,0.1551,0.1776,0.2314,0.1596,FCC
4,2,4.5865,0.0287,0.1338,0.1218,0.1608,0.163,0.1278,FCC
4,1.95,4.585,0.0316,0.1679,0.0704,0.2402,0.1129,0.1195,FCC
1,2,4.5625,0.0367,0.2038,0.2306,0.2734,0.0411,0.1041,FCC
4,2,4.4775,0.0339,0.1993,0.2353,0.2851,0.0401,0.1071,FCC
1,2,4.5875,0.0346,0.1417,0.1074,0.1934,0.1228,0.123,FCC
3,2,4.6175,0.0305,0.1202,0.0912,0.1694,0.0893,0.1046,FCC
4,2,4.5,0.0325,0.1424,0.1078,0.1882,0.147,0.1251,FCC
3,1.5,4.388,0.0363,0.3501,0.3463,0.1341,0.4476,0.1114,BCC
2,1.65,4.1625,0.0447,0.4547,0.3675,0.1579,0.5887,0.0572,BCC
3,1.6,4.1825,0.0414,0.4275,0.3656,0.1614,0.5783,0.0571,BCC
3,1.65,4.184,0.0435,0.4347,0.3909,0.1685,0.5974,0.0579,BCC
4,1.5,4.1945,0.038,0.4047,0.3079,0.1371,0.6547,0.0751,BCC
3,1.45,4.415,0.0419,0.2993,0.4046,0.174,0.5355,0.117,BCC
3,1.55,4.195,0.0468,0.4722,0.2897,0.1351,0.4525,0.06,BCC
3,1.95,4.109,0.0411,0.4199,0.4395,0.1293,0.2243,0.0331,BCC
3,1.95,4.1015,0.0427,0.4426,0.4454,0.1299,0.2199,0.0339,BCC
3,1.95,4.1305,0.0428,0.3991,0.4402,0.1355,0.2219,0.031,BCC
3,1.95,4.123,0.0446,0.4225,0.4536,0.1362,0.2186,0.0323,BCC
3,1.9,4.1505,0.0403,0.3692,0.4135,0.147,0.2617,0.0301,BCC
3,1.95,4.152,0.0437,0.3738,0.4298,0.1404,0.2185,0.0286,BCC
4,1.95,4.137,0.0473,0.4216,0.4676,0.1422,0.2126,0.0314,BCC
2,2,4.066,0.0373,0.492,0.4367,0.1388,0.4773,0.0587,BCC
4,2,4.085,0.0381,0.4527,0.4648,0.1314,0.4127,0.0493,BCC
4,2,4.0775,0.0392,0.4742,0.4583,0.1318,0.4022,0.0492,BCC
4,2,4.07,0.0403,0.4954,0.449,0.1321,0.3912,0.0488,BCC
2,2,4.1025,0.0378,0.4443,0.4859,0.1483,0.5108,0.0596,BCC
3,2,4.095,0.0389,0.466,0.4766,0.1485,0.4976,0.0593,BCC
4,2,4.08,0.0414,0.5083,0.4514,0.1487,0.4707,0.0576,BCC
3,2,4.1125,0.0386,0.4577,0.4921,0.1616,0.5493,0.0675,BCC
2,2,4.1065,0.042,0.4388,0.4822,0.1391,0.417,0.0483,BCC
4,2,4.0915,0.0446,0.483,0.4728,0.1401,0.3961,0.0483,BCC
3,2,4.084,0.046,0.5046,0.4636,0.1405,0.3849,0.0478,BCC
3,2,4.124,0.0416,0.4304,0.5067,0.1566,0.5174,0.059,BCC
3,2,4.128,0.0445,0.4193,0.495,0.1456,0.421,0.0472,BCC
4,2,4.1205,0.0461,0.4423,0.4964,0.1462,0.4111,0.0476,BCC
3,1.6,4.1525,0.0444,0.5094,0.3175,0.1339,0.6226,0.0654,BCC
4,1.75,4.145,0.0399,0.534,0.2945,0.128,0.3521,0.0597,BCC
3,1.75,4.1625,0.0395,0.526,0.2996,0.1281,0.3425,0.0618,BCC
4,1.75,4.195,0.0428,0.3917,0.3855,0.1469,0.4379,0.0755,BCC
2,1.75,4.1925,0.0373,0.3974,0.4214,0.1461,0.4585,0.0786,BCC
4,1.75,4.205,0.0436,0.4072,0.4238,0.1533,0.4315,0.0788,BCC
2,1.7,4.1975,0.0415,0.369,0.309,0.1418,0.4094,0.0694,BCC
3,1.7,4.2075,0.0423,0.385,0.3787,0.149,0.4125,0.0737,BCC
4,1.65,4.21,0.041,0.3621,0.3045,0.1444,0.3851,0.0677,BCC
4,1.65,4.22,0.0418,0.3782,0.3715,0.1503,0.3861,0.0715,BCC
2,1.65,4.2175,0.0364,0.3854,0.4044,0.1467,0.4058,0.0746,BCC
4,1.6,4.21,0.0347,0.347,0.2972,0.1386,0.3825,0.0646,BCC
3,1.6,4.2225,0.0404,0.355,0.2996,0.1461,0.3595,0.0657,BCC
3,1.6,4.22,0.0353,0.3633,0.3617,0.1431,0.3859,0.0691,BCC
2,1.75,4.16,0.0435,0.4086,0.2785,0.1264,0.3782,0.0625,BCC
3,1.75,4.1525,0.0446,0.4321,0.3063,0.1262,0.3622,0.061,BCC
3,2,4.0675,0.045,0.5664,0.4006,0.115,0.4687,0.0714,BCC
1,1.45,4.574,0.0468,0.1652,0.1745,0.0974,0.3975,0.1827,BCC+FCC
4,1.7,4.634,0.0333,0.1272,0.1675,0.0993,0.361,0.1542,FCC
1,1.6,4.5555,0.0447,0.1671,0.2313,0.1006,0.401,0.1658,BCC+FCC
1,1.55,4.563,0.0476,0.1702,0.2324,0.1013,0.4134,0.1659,BCC+FCC
1,1.65,4.588,0.0418,0.1507,0.2296,0.1061,0.3749,0.135,BCC+FCC
1,1.55,4.588,0.0475,0.1694,0.233,0.1029,0.4309,0.1744,BCC+FCC
1,1.55,4.5805,0.0477,0.1746,0.2336,0.1005,0.4373,0.1917,BCC+FCC
1,1.5,4.588,0.0504,0.1778,0.2346,0.1011,0.4502,0.191,BCC+FCC
1,1.6,4.613,0.044,0.1594,0.2317,0.106,0.4201,0.1615,BCC+FCC
1,1.65,4.5905,0.0415,0.1653,0.232,0.0974,0.43,0.2007,BCC+FCC
1,1.55,4.6055,0.0481,0.1742,0.2344,0.102,0.4564,0.1986,BCC+FCC
1,1.6,4.638,0.0432,0.1582,0.2319,0.1074,0.4319,0.1646,BCC+FCC
1,1.65,4.6155,0.0426,0.1654,0.233,0.0986,0.4499,0.2069,BCC+FCC
1,1.6,4.623,0.0458,0.1701,0.2341,0.1014,0.4626,0.2053,BCC+FCC
1,1.55,4.623,0.0487,0.1776,0.2356,0.1002,0.4778,0.2204,BCC+FCC
2,1.85,4.633,0.0323,0.1351,0.2282,0.0976,0.3878,0.1607,FCC
1,1.65,4.648,0.0431,0.1615,0.233,0.1038,0.4593,0.1918,BCC+FCC
1,1.55,4.663,0.0458,0.1666,0.2339,0.1074,0.4749,0.1851,BCC+FCC
1,1.6,4.648,0.0462,0.1698,0.2347,0.1027,0.4805,0.2086,BCC+FCC
1,1.5,4.663,0.0495,0.1755,0.2358,0.1058,0.5011,0.2028,BCC+FCC
1,1.55,4.6805,0.0479,0.1724,0.2356,0.106,0.507,0.2068,BCC+FCC
1,1.6,4.6655,0.0473,0.1728,0.2361,0.0998,0.5033,0.2289,BCC+FCC
1,1.6,4.658,0.0476,0.1738,0.2365,0.0951,0.5019,0.2456,BCC+FCC
4,1.95,4.668,0.0272,0.1224,0.2277,0.0865,0.4002,0.1712,FCC
1,1.65,4.698,0.0426,0.1603,0.2335,0.106,0.4866,0.1925,BCC+FCC
1,1.75,4.537,0.0417,0.1678,0.2778,0.1037,0.4005,0.1471,BCC+FCC
1,1.65,4.537,0.0459,0.1818,0.2796,0.1006,0.4365,0.1811,BCC+FCC
1,1.65,4.5295,0.0465,0.1816,0.2784,0.0978,0.4335,0.1942,BCC+FCC
1,1.6,4.577,0.0514,0.1825,0.2824,0.1042,0.46,0.1725,BCC+FCC
1,1.6,4.5695,0.0511,0.1865,0.2824,0.1026,0.4691,0.1905,BCC+FCC
1,1.65,4.5545,0.0475,0.1823,0.2801,0.0992,0.4552,0.2057,BCC+FCC
1,1.65,4.602,0.0483,0.1735,0.2816,0.1077,0.4449,0.1584,BCC+FCC
1,1.75,4.5795,0.0422,0.17,0.2797,0.1031,0.4453,0.1834,BCC+FCC
1,1.7,4.587,0.046,0.175,0.281,0.105,0.4562,0.1818,BCC+FCC
1,1.7,4.5795,0.0452,0.1767,0.2807,0.1019,0.4626,0.1994,BCC+FCC
1,1.65,4.587,0.0486,0.1821,0.2821,0.1035,0.4752,0.1983,BCC+FCC
1,1.65,4.5795,0.0485,0.1829,0.2816,0.1006,0.4762,0.2142,BCC+FCC
1,1.6,4.572,0.0499,0.186,0.2811,0.0958,0.4782,0.2405,BCC+FCC
1,1.8,4.6045,0.0409,0.1627,0.2796,0.1054,0.4381,0.1708,BCC+FCC
1,1.7,4.612,0.0468,0.1748,0.2819,0.1063,0.472,0.1863,BCC+FCC
1,1.6,4.627,0.0512,0.1811,0.2835,0.1075,0.4876,0.1805,BCC+FCC
1,1.65,4.597,0.0492,0.1822,0.2821,0.0983,0.4929,0.2352,BCC+FCC
1,1.6,4.597,0.0512,0.1872,0.2828,0.0971,0.5009,0.2482,BCC+FCC
1,1.65,4.582,0.0447,0.1704,0.2787,0.0889,0.4722,0.26,BCC+FCC
1,1.6,4.5895,0.0486,0.1821,0.2812,0.0929,0.4896,0.2604,BCC+FCC
1,1.8,4.6295,0.0416,0.1625,0.2804,0.1065,0.4511,0.1736,BCC+FCC
1,1.75,4.637,0.0441,0.1666,0.2812,0.1089,0.4565,0.1699,BCC+FCC
1,1.7,4.6445,0.0459,0.1695,0.2818,0.1103,0.4599,0.1659,BCC+FCC
1,1.7,4.637,0.0473,0.1745,0.2825,0.1076,0.4864,0.1887,BCC+FCC
1,1.7,4.6295,0.0474,0.1772,0.2828,0.1044,0.4991,0.2085,BCC+FCC
1,1.65,4.637,0.0505,0.1819,0.2839,0.1063,0.5098,0.2059,BCC+FCC
1,1.75,4.6145,0.0449,0.1698,0.2809,0.0969,0.4885,0.2277,BCC+FCC
1,1.7,4.622,0.0477,0.1775,0.2826,0.1005,0.5024,0.226,BCC+FCC
1,1.65,4.6295,0.0506,0.1837,0.2839,0.1032,0.5156,0.224,BCC+FCC
1,1.7,4.6145,0.0472,0.175,0.2817,0.096,0.499,0.2416,BCC+FCC
1,1.7,4.607,0.0453,0.1692,0.2803,0.0908,0.4906,0.2555,BCC+FCC
3,2,4.632,0.0293,0.1363,0.2767,0.095,0.4137,0.1664,FCC
1,1.7,4.677,0.042,0.1611,0.2805,0.1139,0.4068,0.1366,BCC+FCC
1,1.7,4.6695,0.0454,0.1687,0.282,0.1116,0.4665,0.1653,BCC+FCC
1,1.75,4.6545,0.0452,0.1701,0.2823,0.1066,0.4923,0.1931,BCC+FCC
1,1.65,4.662,0.051,0.1817,0.2845,0.1076,0.5253,0.2069,BCC+FCC
1,1.75,4.632,0.0451,0.1668,0.2814,0.0925,0.5051,0.2473,BCC+FCC
1,1.7,4.632,0.0466,0.1711,0.2821,0.0918,0.5131,0.2605,BCC+FCC
4,2,4.657,0.0307,0.1368,0.2776,0.0957,0.4249,0.1671,FCC
1,1.8,4.687,0.0401,0.1564,0.2802,0.1123,0.4214,0.1461,BCC+FCC
1,1.8,4.6795,0.0423,0.1619,0.2814,0.1086,0.4711,0.1735,BCC+FCC
1,1.7,4.6795,0.0492,0.1773,0.2842,0.1067,0.5312,0.2104,BCC+FCC
1,1.8,4.657,0.044,0.1633,0.282,0.094,0.5146,0.2357,BCC+FCC
1,1.85,4.697,0.0404,0.1573,0.2812,0.106,0.4767,0.1764,BCC+FCC
1,1.85,4.6895,0.0411,0.1594,0.2819,0.101,0.504,0.2001,BCC+FCC
1,1.85,4.6745,0.0422,0.1547,0.2817,0.0887,0.5206,0.2396,BCC+FCC
1,1.75,4.682,0.0474,0.1698,0.2841,0.0943,0.5467,0.2513,BCC+FCC
1,1.85,4.526,0.0424,0.1725,0.3201,0.1076,0.4025,0.1249,BCC+FCC
1,1.85,4.5185,0.0411,0.1739,0.319,0.1052,0.4202,0.1463,BCC+FCC
1,1.75,4.5335,0.0485,0.184,0.3225,0.1058,0.439,0.1454,BCC+FCC
1,1.8,4.5185,0.0447,0.18,0.3196,0.1038,0.44,0.1642,BCC+FCC
1,1.75,4.566,0.0495,0.1791,0.3237,0.1085,0.4196,0.1286,BCC+FCC
1,1.7,4.536,0.0496,0.1883,0.3204,0.0995,0.4833,0.2183,BCC+FCC
1,1.8,4.576,0.0469,0.1795,0.3233,0.109,0.4581,0.1611,BCC+FCC
1,1.7,4.616,0.0524,0.1857,0.3261,0.1099,0.4737,0.157,BCC+FCC
1,1.85,4.586,0.0449,0.1751,0.3224,0.106,0.481,0.1885,BCC+FCC
1,1.8,4.586,0.0479,0.1809,0.3231,0.1048,0.4999,0.2048,BCC+FCC
1,1.95,4.6035,0.0399,0.1624,0.3213,0.105,0.463,0.1768,BCC+FCC
1,1.75,4.6335,0.0505,0.1825,0.3259,0.1122,0.4791,0.1616,BCC+FCC
1,1.7,4.641,0.052,0.1849,0.3265,0.1117,0.4771,0.1568,BCC+FCC
1,1.9,4.6035,0.0432,0.1684,0.3221,0.1042,0.4871,0.1945,BCC+FCC
1,1.8,4.6185,0.0483,0.1816,0.325,0.1092,0.5049,0.1887,BCC+FCC
1,1.75,4.626,0.0515,0.1863,0.3262,0.1103,0.5117,0.1853,BCC+FCC
1,1.7,4.6335,0.054,0.19,0.3271,0.1105,0.5169,0.1816,BCC+FCC
1,1.75,4.6185,0.0517,0.1879,0.326,0.1078,0.5282,0.2058,BCC+FCC
1,1.7,4.611,0.0534,0.1921,0.3259,0.1036,0.5467,0.2384,BCC+FCC
1,1.8,4.6285,0.0494,0.1802,0.3249,0.1034,0.54,0.2288,BCC+FCC
1,1.8,4.621,0.0475,0.175,0.3236,0.099,0.5383,0.2453,BCC+FCC
1,1.8,4.676,0.0488,0.1784,0.3261,0.1144,0.4873,0.1634,BCC+FCC
1,1.85,4.661,0.0475,0.1765,0.3257,0.1093,0.5231,0.193,BCC+FCC
1,1.8,4.6535,0.0505,0.1813,0.3263,0.1045,0.5584,0.2301,BCC+FCC
1,1.85,4.671,0.0484,0.1739,0.326,0.1017,0.5643,0.2334,BCC+FCC
1,1.85,4.515,0.0484,0.1902,0.3601,0.1071,0.4579,0.1447,BCC+FCC
1,1.95,4.4925,0.0431,0.1723,0.353,0.1039,0.4463,0.1625,BCC+FCC
1,1.8,4.515,0.0517,0.1961,0.3606,0.1051,0.4816,0.1636,BCC+FCC
1,1.95,4.5175,0.0441,0.1739,0.3554,0.1052,0.4652,0.1742,BCC+FCC
1,1.85,4.525,0.049,0.1877,0.3582,0.1052,0.4937,0.19,BCC+FCC
1,1.9,4.51,0.0434,0.1696,0.3523,0.1005,0.4773,0.2035,BCC+FCC
1,1.9,4.565,0.0478,0.1839,0.3623,0.1122,0.4438,0.1365,BCC+FCC
1,2,4.5425,0.0427,0.1705,0.3573,0.1076,0.4615,0.165,BCC+FCC
1,1.95,4.55,0.0452,0.1786,0.3595,0.1094,0.4698,0.1632,BCC+FCC
1,2,4.535,0.0423,0.165,0.355,0.1038,0.4713,0.1835,BCC+FCC
1,1.9,4.5425,0.047,0.1799,0.3578,0.1052,0.4998,0.1985,BCC+FCC
1,1.9,4.535,0.0446,0.1722,0.355,0.1017,0.4986,0.2135,BCC+FCC
1,1.95,4.575,0.0461,0.1794,0.3611,0.1107,0.4826,0.1677,BCC+FCC
1,1.9,4.575,0.049,0.1849,0.3616,0.1094,0.5091,0.186,BCC+FCC
1,1.85,4.5825,0.0519,0.1916,0.3634,0.1103,0.5174,0.1834,BCC+FCC
1,1.95,4.56,0.0449,0.171,0.3574,0.1039,0.5059,0.206,BCC+FCC
1,1.85,4.575,0.0513,0.19,0.3621,0.108,0.5299,0.2027,BCC+FCC
1,2.05,4.585,0.042,0.1639,0.3588,0.1068,0.4816,0.1767,BCC+FCC
1,1.85,4.615,0.0526,0.1906,0.3652,0.1135,0.497,0.1618,BCC+FCC
1,1.95,4.5925,0.0472,0.178,0.3613,0.1088,0.515,0.1917,BCC+FCC
1,1.9,4.6,0.05,0.1857,0.3631,0.1107,0.5232,0.1887,BCC+FCC
1,1.9,4.5925,0.0493,0.1829,0.3617,0.1076,0.5359,0.2084,BCC+FCC
1,2.1,4.6025,0.0404,0.155,0.3585,0.1038,0.4875,0.1821,BCC+FCC
1,2.1,4.6275,0.0413,0.1568,0.3601,0.1046,0.4998,0.1829,BCC+FCC
1,2,4.6425,0.0463,0.1744,0.3634,0.1119,0.5073,0.1741,BCC+FCC
1,1.95,4.6425,0.0492,0.1801,0.3642,0.111,0.5413,0.1932,BCC+FCC
1,1.95,4.635,0.0483,0.1764,0.3631,0.1071,0.5582,0.2143,BCC+FCC
1,1.95,4.6275,0.0462,0.1692,0.3614,0.1026,0.5642,0.233,BCC+FCC
1,1.9,4.635,0.0498,0.1806,0.3636,0.1062,0.5766,0.2302,BCC+FCC
1,2.1,4.6525,0.0422,0.1584,0.3616,0.1054,0.5102,0.182,BCC+FCC
1,2.05,4.66,0.0447,0.1676,0.3631,0.1096,0.5127,0.1771,BCC+FCC
1,2,4.6675,0.0472,0.1751,0.3645,0.1129,0.5127,0.1719,BCC+FCC
1,2.05,4.4815,0.0442,0.1762,0.3885,0.1083,0.4585,0.1446,BCC+FCC
1,2,4.489,0.0471,0.1857,0.3915,0.1088,0.4682,0.1446,BCC+FCC
1,2,4.5065,0.0469,0.1819,0.391,0.1082,0.4955,0.1733,BCC+FCC
1,2.05,4.5165,0.042,0.1616,0.387,0.1045,0.5051,0.1986,BCC+FCC
1,2.1,4.5415,0.0427,0.1621,0.3901,0.1066,0.5075,0.1898,BCC+FCC
1,2.15,4.5665,0.0426,0.1613,0.3927,0.1085,0.5001,0.1766,BCC+FCC
1,2.05,4.574,0.0471,0.1768,0.3954,0.1104,0.5333,0.1917,BCC+FCC
1,2.1,4.599,0.0465,0.1743,0.3971,0.1125,0.5171,0.1748,BCC+FCC
1,2.05,4.599,0.0483,0.1786,0.3974,0.1115,0.5472,0.1934,BCC+FCC
1,2.1,4.649,0.0485,0.177,0.4003,0.1145,0.5303,0.1723,BCC+FCC
1,1.6,4.7755,0.051,0.1735,0.2362,0.1102,0.4026,0.1761,BCC+FCC
1,1.65,4.793,0.0446,0.1623,0.2339,0.1114,0.4276,0.1764,BCC+FCC
1,1.7,4.8105,0.0482,0.1683,0.2359,0.1034,0.4157,0.1947,BCC+FCC
1,1.65,4.7855,0.0489,0.1704,0.236,0.1068,0.4304,0.1947,BCC+FCC
1,1.6,4.7605,0.0495,0.1725,0.236,0.109,0.4442,0.1945,BCC+FCC
1,1.5,4.703,0.0542,0.1833,0.2378,0.1068,0.4717,0.2108,BCC+FCC
1,1.45,4.678,0.0549,0.1853,0.2379,0.1058,0.4852,0.2104,BCC+FCC
1,1.6,4.7605,0.0445,0.1637,0.2338,0.1122,0.4549,0.1806,BCC+FCC
1,1.6,4.753,0.044,0.1633,0.2337,0.1116,0.4694,0.1839,BCC+FCC
1,1.5,4.6955,0.0494,0.1751,0.2359,0.108,0.5015,0.2013,BCC+FCC
1,1.65,4.7705,0.0428,0.1609,0.2336,0.1097,0.4754,0.1881,BCC+FCC
1,1.65,4.763,0.0467,0.1679,0.2356,0.1053,0.4873,0.209,BCC+FCC
1,1.65,4.733,0.0488,0.171,0.2379,0.0935,0.5285,0.2499,BCC+FCC
1,1.7,4.772,0.0478,0.1696,0.2827,0.1187,0.4138,0.1378,BCC+FCC
1,1.75,4.782,0.0547,0.1832,0.2856,0.1096,0.4066,0.1739,BCC+FCC
1,1.7,4.757,0.0555,0.1853,0.2856,0.1118,0.4221,0.1753,BCC+FCC
1,1.75,4.7745,0.0566,0.1877,0.2864,0.1046,0.3993,0.1872,BCC+FCC
1,1.65,4.7245,0.0584,0.1927,0.2865,0.1093,0.4329,0.1911,BCC+FCC
1,1.8,4.807,0.0502,0.174,0.2842,0.111,0.415,0.168,BCC+FCC
1,1.6,4.707,0.0529,0.1814,0.2844,0.1138,0.4617,0.1673,BCC+FCC
1,1.7,4.7495,0.0547,0.1845,0.2855,0.1113,0.4431,0.186,BCC+FCC
1,1.55,4.6745,0.057,0.1906,0.2857,0.1099,0.4817,0.1862,BCC+FCC
1,1.7,4.742,0.0565,0.189,0.2863,0.1071,0.4393,0.2012,BCC+FCC
1,1.6,4.692,0.0583,0.1939,0.2864,0.1091,0.4699,0.2027,BCC+FCC
1,1.75,4.782,0.046,0.1675,0.2825,0.1169,0.4352,0.1547,BCC+FCC
1,1.65,4.7245,0.0515,0.1793,0.2842,0.1144,0.4677,0.1744,BCC+FCC
1,1.85,4.817,0.0515,0.176,0.2852,0.1007,0.4197,0.1939,BCC+FCC
1,1.8,4.792,0.0523,0.1786,0.2852,0.1053,0.435,0.1942,BCC+FCC
1,1.7,4.742,0.0539,0.1835,0.2854,0.1107,0.4631,0.1942,BCC+FCC
1,1.9,4.8495,0.0438,0.1612,0.2822,0.1077,0.4224,0.1642,BCC+FCC
1,1.85,4.8245,0.0443,0.1633,0.2823,0.1117,0.4325,0.1629,BCC+FCC
1,1.8,4.7995,0.0449,0.1653,0.2823,0.1146,0.4413,0.1614,BCC+FCC
1,1.9,4.842,0.0475,0.1675,0.2838,0.1014,0.4279,0.1845,BCC+FCC
1,1.85,4.817,0.0482,0.17,0.2839,0.1064,0.4409,0.1839,BCC+FCC
1,1.9,4.8345,0.0499,0.1716,0.285,0.0944,0.4261,0.202,BCC+FCC
1,1.85,4.802,0.0519,0.1768,0.2858,0.0935,0.4358,0.2175,BCC+FCC
1,1.8,4.777,0.0528,0.1801,0.2858,0.099,0.452,0.2177,BCC+FCC
1,1.85,4.8095,0.0474,0.1689,0.2838,0.106,0.4592,0.1889,BCC+FCC
1,1.8,4.7845,0.0481,0.1714,0.2838,0.1096,0.4701,0.1875,BCC+FCC
1,1.65,4.7095,0.0501,0.178,0.284,0.113,0.4947,0.1819,BCC+FCC
2,1.6,4.6845,0.0508,0.18,0.284,0.1115,0.4995,0.1797,BCC+FCC
1,1.75,4.737,0.0528,0.1818,0.286,0.097,0.4829,0.2391,BCC+FCC
1,1.85,4.802,0.0467,0.1677,0.2837,0.1055,0.4761,0.1923,BCC+FCC
1,1.75,4.752,0.0481,0.1728,0.2838,0.1114,0.4939,0.1882,BCC+FCC
1,1.7,4.727,0.0487,0.1751,0.2838,0.1125,0.5005,0.1859,BCC+FCC
1,1.8,4.7695,0.0498,0.1744,0.2848,0.104,0.4942,0.2107,BCC+FCC
1,1.8,4.7545,0.0508,0.1754,0.2857,0.0916,0.4891,0.2448,BCC+FCC
1,1.7,4.697,0.0515,0.1809,0.2855,0.0947,0.5127,0.2586,BCC+FCC
1,1.7,4.6895,0.049,0.1755,0.2846,0.0885,0.5014,0.2723,BCC+FCC
1,1.8,4.777,0.0431,0.1633,0.282,0.1131,0.4741,0.1676,BCC+FCC
1,1.75,4.737,0.0498,0.1758,0.2848,0.1066,0.5224,0.211,BCC+FCC
1,1.9,4.8195,0.0414,0.1574,0.2819,0.1061,0.477,0.1736,BCC+FCC
1,1.75,4.737,0.0466,0.1706,0.2835,0.1103,0.5164,0.1891,BCC+FCC
1,1.9,4.8045,0.0466,0.1641,0.2844,0.093,0.5063,0.2185,BCC+FCC
1,1.75,4.707,0.048,0.1695,0.285,0.0892,0.541,0.2666,BCC+FCC
1,1.85,4.7785,0.053,0.1815,0.3272,0.1195,0.4229,0.137,BCC+FCC
1,1.75,4.7285,0.0543,0.185,0.3273,0.1195,0.4421,0.1372,BCC+FCC
1,1.75,4.721,0.0576,0.1919,0.3282,0.1172,0.4534,0.1583,BCC+FCC
1,1.8,4.746,0.0529,0.1828,0.3271,0.1195,0.4482,0.1465,BCC+FCC
1,1.75,4.721,0.0536,0.1846,0.3272,0.1188,0.4555,0.1456,BCC+FCC
1,1.7,4.696,0.0543,0.1862,0.3272,0.1167,0.4609,0.1444,BCC+FCC
1,1.9,4.7885,0.0544,0.1844,0.3279,0.1127,0.4344,0.1674,BCC+FCC
1,1.7,4.6885,0.0575,0.1932,0.3281,0.1152,0.4804,0.167,BCC+FCC
1,1.95,4.8135,0.0502,0.1759,0.3268,0.114,0.4354,0.1564,BCC+FCC
1,1.9,4.7885,0.0509,0.1781,0.3269,0.1168,0.4455,0.1556,BCC+FCC
1,1.75,4.7135,0.0529,0.1841,0.3271,0.1181,0.4667,0.1516,BCC+FCC
1,1.7,4.6885,0.0535,0.1858,0.3271,0.1158,0.47,0.1498,BCC+FCC
1,1.8,4.7235,0.0567,0.1919,0.3283,0.1124,0.4818,0.1938,BCC+FCC
1,1.7,4.6735,0.0585,0.1971,0.3285,0.1124,0.5062,0.1929,BCC+FCC
1,1.8,4.716,0.057,0.1936,0.3283,0.1083,0.4798,0.2099,BCC+FCC
1,1.75,4.6835,0.0571,0.1967,0.3279,0.1059,0.4889,0.2246,BCC+FCC
1,2,4.8385,0.0452,0.1664,0.3254,0.115,0.4263,0.1398,BCC+FCC
1,1.85,4.756,0.0508,0.1794,0.3268,0.1179,0.4673,0.1596,BCC+FCC
1,2,4.8235,0.0512,0.1762,0.3275,0.1035,0.447,0.1842,BCC+FCC
1,1.8,4.7235,0.0543,0.187,0.3278,0.1153,0.4923,0.1805,BCC+FCC
1,1.9,4.7585,0.054,0.1846,0.328,0.1011,0.4706,0.2173,BCC+FCC
1,1.85,4.7335,0.055,0.1882,0.3281,0.1051,0.486,0.2173,BCC+FCC
1,2.05,4.856,0.0441,0.1632,0.3253,0.1104,0.4323,0.1463,BCC+FCC
1,1.85,4.7485,0.0501,0.1785,0.3267,0.1173,0.4783,0.1628,BCC+FCC
1,1.75,4.6985,0.0514,0.1828,0.3268,0.1166,0.4815,0.1577,BCC+FCC
1,1.95,4.791,0.0511,0.1776,0.3274,0.1079,0.4779,0.1888,BCC+FCC
1,1.9,4.766,0.0519,0.1805,0.3275,0.1114,0.4887,0.1874,BCC+FCC
1,1.85,4.741,0.0527,0.1832,0.3276,0.1136,0.4983,0.1858,BCC+FCC
1,1.8,4.716,0.0534,0.1858,0.3276,0.1147,0.5065,0.184,BCC+FCC
1,1.75,4.691,0.0542,0.1883,0.3277,0.1144,0.513,0.1821,BCC+FCC
1,1.95,4.7835,0.0521,0.1791,0.3278,0.102,0.4806,0.2077,BCC+FCC
1,1.8,4.7085,0.0548,0.1888,0.328,0.1112,0.5183,0.2045,BCC+FCC
1,1.9,4.766,0.0487,0.1751,0.3266,0.1153,0.484,0.1672,BCC+FCC
1,1.8,4.716,0.0501,0.1799,0.3267,0.117,0.4868,0.1615,BCC+FCC
1,1.75,4.691,0.0507,0.182,0.3267,0.1159,0.4837,0.1584,BCC+FCC
1,1.95,4.7835,0.0503,0.1759,0.3273,0.1075,0.4947,0.1923,BCC+FCC
1,1.85,4.7335,0.0518,0.1818,0.3274,0.1131,0.5123,0.1884,BCC+FCC
1,1.75,4.646,0.0472,0.1759,0.3244,0.0947,0.5366,0.2719,BCC+FCC
1,1.85,4.7185,0.052,0.1819,0.3276,0.1084,0.5407,0.2112,BCC+FCC
1,1.85,4.7035,0.0502,0.177,0.3269,0.0982,0.5442,0.2477,BCC+FCC
1,2.1,4.8585,0.0417,0.1569,0.325,0.1039,0.4584,0.1536,BCC+FCC
1,2,4.8085,0.0428,0.1625,0.325,0.1134,0.4561,0.1461,BCC+FCC
1,2.05,4.826,0.0453,0.1636,0.3262,0.1031,0.4906,0.177,BCC+FCC
1,1.85,4.726,0.048,0.1753,0.3264,0.1156,0.4939,0.1636,BCC+FCC
1,1.85,4.7185,0.0502,0.1787,0.3272,0.112,0.5345,0.1894,BCC+FCC
1,2.05,4.795,0.054,0.1851,0.367,0.1157,0.4545,0.156,BCC+FCC
1,2,4.755,0.0551,0.1887,0.367,0.1136,0.4905,0.1826,BCC+FCC
1,2.1,4.8125,0.0495,0.1759,0.3661,0.1164,0.4567,0.144,BCC+FCC
1,1.9,4.705,0.0547,0.1902,0.3669,0.119,0.4993,0.1606,BCC+FCC
1,1.9,4.6975,0.056,0.193,0.367,0.1162,0.5248,0.1841,BCC+FCC
1,2.1,4.805,0.0488,0.1746,0.366,0.116,0.4656,0.1464,BCC+FCC
1,1.95,4.7225,0.0531,0.1863,0.3667,0.1183,0.5048,0.1647,BCC+FCC
1,2.05,4.765,0.0523,0.1812,0.3666,0.1093,0.5132,0.1924,BCC+FCC
1,2,4.74,0.0532,0.1847,0.3667,0.1126,0.5226,0.1905,BCC+FCC
1,1.9,4.69,0.055,0.1913,0.3668,0.1156,0.5369,0.1863,BCC+FCC
1,2.1,4.79,0.0499,0.1753,0.3663,0.1103,0.5032,0.1739,BCC+FCC
1,1.95,4.7075,0.0532,0.1861,0.3666,0.1142,0.5426,0.1898,BCC+FCC
1,1.9,4.6825,0.0541,0.1894,0.3667,0.1149,0.5469,0.1871,BCC+FCC
1,2,4.725,0.0518,0.1807,0.3661,0.1073,0.5485,0.2132,BCC+FCC
1,1.95,4.7,0.0522,0.1839,0.3664,0.1136,0.5524,0.1898,BCC+FCC
1,1.5,4.7155,0.047,0.1816,0.2028,0.1162,0.5035,0.1852,BCC+FCC
1,1.7,4.686,0.0535,0.197,0.303,0.1225,0.49,0.1593,BCC+FCC
1,1.7,4.6955,0.0527,0.189,0.2485,0.1382,0.4973,0.1851,BCC+FCC
1,1.65,4.667,0.0523,0.1879,0.2892,0.1362,0.458,0.1544,BCC+FCC
1,1.75,4.6295,0.0477,0.1809,0.2908,0.1225,0.5465,0.262,BCC+FCC
1,1.7,4.6395,0.0464,0.1745,0.2869,0.1074,0.5396,0.2769,BCC+FCC
1,1.8,4.6545,0.0493,0.1812,0.2924,0.1224,0.5566,0.2484,BCC+FCC
1,1.8,4.666,0.0547,0.1938,0.3319,0.1364,0.48,0.1574,BCC+FCC
1,1.8,4.6285,0.0471,0.1778,0.3275,0.1152,0.5666,0.2617,BCC+FCC
1,1.85,4.6835,0.0531,0.1897,0.3317,0.1345,0.4848,0.1594,BCC+FCC
1,1.5,4.464,0.0501,0.1781,0.1791,0.1454,0.4034,0.24,BCC+FCC
1,1.5,4.5165,0.0512,0.1743,0.1796,0.1432,0.4241,0.2347,BCC+FCC
1,1.55,4.5265,0.048,0.1709,0.1795,0.1497,0.4313,0.2547,BCC+FCC
1,1.5,4.599,0.0498,0.1724,0.1802,0.1356,0.4655,0.2478,BCC+FCC
1,1.4,4.654,0.0501,0.1736,0.1793,0.1149,0.4912,0.2297,BCC+FCC
1,1.55,4.624,0.0468,0.1643,0.1785,0.1385,0.4669,0.2372,BCC+FCC
1,1.55,4.6165,0.0477,0.1675,0.1799,0.1372,0.4717,0.2531,BCC+FCC
1,1.5,4.5305,0.0517,0.1886,0.2367,0.1302,0.4617,0.2576,BCC+FCC
1,1.55,4.578,0.0516,0.1766,0.2363,0.1327,0.4592,0.2097,BCC+FCC
1,1.55,4.563,0.0529,0.1839,0.2375,0.1338,0.478,0.2414,BCC+FCC
1,1.45,4.6105,0.0562,0.191,0.2388,0.1129,0.5044,0.2402,BCC+FCC
1,1.55,4.5405,0.0451,0.1758,0.2347,0.1316,0.4562,0.2759,BCC+FCC
1,1.6,4.5955,0.0498,0.1731,0.2361,0.1372,0.4651,0.2149,BCC+FCC
1,1.55,4.623,0.0494,0.1728,0.2357,0.1281,0.4727,0.2036,BCC+FCC
1,1.6,4.5805,0.0506,0.1786,0.2372,0.1367,0.4842,0.2475,BCC+FCC
1,1.55,4.668,0.0466,0.1687,0.2348,0.1207,0.4847,0.1948,BCC+FCC
1,1.65,4.552,0.0538,0.1881,0.2845,0.1344,0.4921,0.2262,BCC+FCC
1,1.65,4.537,0.0497,0.1854,0.2828,0.1346,0.494,0.254,BCC+FCC
1,1.6,4.5495,0.0468,0.1827,0.2814,0.1223,0.4911,0.2712,BCC+FCC
1,1.65,4.612,0.0506,0.1777,0.2837,0.1289,0.4567,0.1825,BCC+FCC
1,1.65,4.582,0.0512,0.1856,0.2842,0.1268,0.5147,0.2537,BCC+FCC
1,1.65,4.5745,0.0482,0.181,0.2829,0.125,0.5081,0.267,BCC+FCC
1,1.65,4.6495,0.051,0.1799,0.2843,0.1219,0.503,0.195,BCC+FCC
1,1.7,4.5995,0.0487,0.1782,0.2838,0.1275,0.5208,0.2593,BCC+FCC
1,1.65,4.627,0.0522,0.1853,0.2851,0.116,0.5348,0.2506,BCC+FCC
1,1.7,4.6745,0.0466,0.1709,0.2829,0.1249,0.4671,0.1744,BCC+FCC
1,1.7,4.667,0.0494,0.1763,0.2841,0.1232,0.5086,0.1982,BCC+FCC
1,1.75,4.6245,0.0484,0.1744,0.2843,0.1297,0.5277,0.2483,BCC+FCC
1,1.7,4.652,0.051,0.1803,0.2851,0.1183,0.54,0.238,BCC+FCC
1,1.75,4.6845,0.0477,0.1721,0.2839,0.1233,0.5142,0.2009,BCC+FCC
1,1.8,4.6495,0.0473,0.1696,0.2842,0.1318,0.5266,0.2342,BCC+FCC
1,1.75,4.677,0.049,0.1743,0.2846,0.1204,0.5364,0.2222,BCC+FCC
1,1.75,4.6695,0.049,0.174,0.2849,0.1171,0.546,0.2414,BCC+FCC
1,1.8,4.6345,0.0437,0.1605,0.2832,0.1257,0.5329,0.2683,BCC+FCC
1,1.7,4.546,0.0517,0.1927,0.3245,0.126,0.5268,0.2471,BCC+FCC
1,1.75,4.556,0.0445,0.1763,0.322,0.1263,0.5262,0.2666,BCC+FCC
1,1.8,4.656,0.0506,0.1809,0.3267,0.1261,0.4846,0.1747,BCC+FCC
1,1.8,4.626,0.0484,0.1773,0.3255,0.1167,0.559,0.2549,BCC+FCC
1,1.85,4.5825,0.0434,0.171,0.3594,0.1161,0.5655,0.2652,BCC+FCC
1,1.95,4.6325,0.0467,0.1716,0.3633,0.1201,0.5824,0.2416,BCC+FCC
4,1.95,4.7665,0.0305,0.1195,0.1692,0.0537,0.2566,0.1496,FCC
4,1.9,4.7665,0.0331,0.1294,0.1714,0.0547,0.2695,0.1655,FCC
4,1.9,4.734,0.0309,0.1267,0.1704,0.054,0.2697,0.1659,FCC
3,2,4.824,0.0286,0.109,0.1675,0.0532,0.2679,0.1452,FCC
4,1.95,4.824,0.0318,0.1207,0.17,0.0544,0.2848,0.1632,FCC
4,1.95,4.7915,0.0307,0.1192,0.1696,0.0539,0.2848,0.1641,FCC
3,1.95,4.759,0.0292,0.1172,0.169,0.0534,0.2848,0.1648,FCC
3,2,4.849,0.028,0.1081,0.1673,0.0533,0.2931,0.1554,FCC
4,2,4.8165,0.0276,0.1072,0.1673,0.053,0.293,0.1566,FCC
4,2,4.784,0.0267,0.1057,0.167,0.0526,0.2928,0.1578,FCC
4,1.95,4.849,0.0314,0.12,0.17,0.0545,0.3106,0.1734,FCC
3,1.95,4.784,0.0296,0.117,0.1694,0.0536,0.3106,0.1755,FCC
3,1.9,4.849,0.0349,0.1307,0.1725,0.0556,0.3243,0.1897,FCC
3,1.9,4.784,0.0324,0.127,0.1717,0.0546,0.3244,0.1914,FCC
4,1.9,4.7515,0.0305,0.1243,0.171,0.054,0.3245,0.1922,FCC
3,1.9,4.719,0.028,0.121,0.1699,0.0533,0.3246,0.193,FCC
4,1.85,4.7515,0.0331,0.133,0.173,0.0548,0.3353,0.2067,FCC
4,1.85,4.719,0.0306,0.1294,0.1718,0.0541,0.3355,0.2073,FCC
3,2,4.874,0.0271,0.107,0.1669,0.0533,0.3162,0.1624,FCC
4,2,4.8415,0.027,0.1064,0.1672,0.0531,0.316,0.1638,FCC
4,2,4.809,0.0265,0.1052,0.1671,0.0527,0.3157,0.1651,FCC
3,2,4.7765,0.0255,0.1033,0.1669,0.0523,0.3155,0.1665,FCC
1,1.95,4.874,0.0308,0.1192,0.1697,0.0546,0.3345,0.1805,FCC
3,1.95,4.8415,0.0305,0.1183,0.1698,0.0542,0.3345,0.1818,FCC
1,1.95,4.809,0.0297,0.1168,0.1697,0.0538,0.3344,0.1829,FCC
2,1.95,4.744,0.0266,0.1118,0.1686,0.0528,0.3342,0.1852,FCC
4,1.9,4.874,0.0346,0.1301,0.1724,0.0557,0.3489,0.197,FCC
4,1.9,4.8415,0.034,0.1288,0.1724,0.0553,0.3489,0.1981,FCC
4,1.9,4.809,0.0328,0.127,0.1721,0.0548,0.349,0.1991,FCC
3,1.9,4.7765,0.0312,0.1246,0.1715,0.0543,0.349,0.2001,FCC
4,1.85,4.7765,0.0341,0.1335,0.1737,0.0551,0.3604,0.2149,FCC
4,1.85,4.744,0.0318,0.1301,0.1728,0.0545,0.3606,0.2158,FCC
4,1.8,4.744,0.0353,0.1378,0.1747,0.0552,0.3694,0.2294,FCC
2,2,4.899,0.0259,0.1057,0.1664,0.0533,0.3373,0.1667,FCC
2,2,4.8665,0.0262,0.1054,0.1668,0.0531,0.337,0.1683,FCC
3,2,4.834,0.0261,0.1045,0.167,0.0528,0.3367,0.1698,FCC
4,2,4.8015,0.0254,0.1029,0.167,0.0525,0.3364,0.1713,FCC
4,2,4.769,0.0243,0.1007,0.1667,0.052,0.3361,0.1728,FCC
4,1.95,4.899,0.0299,0.1183,0.1693,0.0546,0.3568,0.1852,FCC
1,1.95,4.8665,0.03,0.1176,0.1696,0.0543,0.3567,0.1865,FCC
2,1.95,4.834,0.0295,0.1164,0.1697,0.054,0.3565,0.1879,FCC
2,1.95,4.8015,0.0286,0.1145,0.1695,0.0535,0.3564,0.1892,FCC
4,1.95,4.769,0.0272,0.112,0.1691,0.053,0.3562,0.1905,FCC
2,1.9,4.8665,0.0337,0.1284,0.1723,0.0554,0.372,0.2032,FCC
3,1.9,4.834,0.033,0.1268,0.1722,0.055,0.372,0.2044,FCC
3,1.9,4.8015,0.0318,0.1247,0.1719,0.0545,0.372,0.2056,FCC
1,2,4.924,0.0245,0.1044,0.1656,0.0533,0.3567,0.1689,FCC
3,2,4.8915,0.0252,0.1043,0.1663,0.0531,0.3564,0.1706,FCC
2,2,4.859,0.0254,0.1036,0.1667,0.0529,0.356,0.1723,FCC
3,2,4.8265,0.0251,0.1024,0.1669,0.0526,0.3556,0.1739,FCC
3,2,4.794,0.0244,0.1005,0.1668,0.0522,0.3552,0.1756,FCC
2,1.95,4.8915,0.0292,0.1168,0.1692,0.0544,0.3774,0.1892,FCC
1,1.95,4.859,0.0291,0.1158,0.1695,0.0541,0.3772,0.1907,FCC
1,1.95,4.8265,0.0286,0.1142,0.1695,0.0537,0.3769,0.1922,FCC
2,1.95,4.794,0.0275,0.112,0.1693,0.0532,0.3767,0.1937,FCC
4,1.95,4.7615,0.026,0.1092,0.1689,0.0527,0.3765,0.1951,FCC
1,1.9,4.8915,0.0333,0.1279,0.172,0.0555,0.3939,0.2063,FCC
3,1.9,4.859,0.0329,0.1265,0.1721,0.0552,0.3938,0.2076,FCC
4,1.9,4.8265,0.032,0.1247,0.1721,0.0547,0.3937,0.2089,FCC
2,1.9,4.794,0.0307,0.1222,0.1717,0.0542,0.3937,0.2102,FCC
4,1.9,4.7615,0.0289,0.119,0.1711,0.0536,0.3936,0.2115,FCC
4,2,4.949,0.0228,0.1029,0.1647,0.0533,0.3745,0.1691,FCC
3,2,4.9165,0.0239,0.103,0.1655,0.0531,0.374,0.171,FCC
3,2,4.884,0.0245,0.1027,0.1662,0.0529,0.3735,0.1728,FCC
3,2,4.8515,0.0246,0.1017,0.1666,0.0527,0.373,0.1746,FCC
3,2,4.819,0.0242,0.1001,0.1667,0.0523,0.3726,0.1764,FCC
4,1.95,4.884,0.0285,0.1151,0.1691,0.0542,0.3964,0.1918,FCC
4,1.95,4.8515,0.0283,0.1138,0.1693,0.0538,0.3961,0.1934,FCC
4,1.95,4.7865,0.0265,0.1094,0.1691,0.053,0.3955,0.1965,FCC
2,1.9,4.884,0.0325,0.1261,0.1718,0.0553,0.4144,0.2091,FCC
3,2.05,4.7555,0.0314,0.1259,0.2284,0.0706,0.2843,0.1317,FCC
4,2.05,4.813,0.0329,0.1271,0.2294,0.0714,0.3088,0.1442,FCC
3,2,4.7155,0.0302,0.1299,0.2288,0.0702,0.3256,0.1654,FCC
4,2.05,4.838,0.0326,0.1265,0.2295,0.0716,0.3312,0.1536,FCC
3,2.05,4.8055,0.0318,0.1253,0.2292,0.0711,0.331,0.1549,FCC
2,2.05,4.773,0.0305,0.1235,0.2288,0.0706,0.3307,0.1561,FCC
2,2.05,4.863,0.0321,0.1258,0.2294,0.0718,0.3518,0.1598,FCC
4,2.05,4.733,0.0274,0.1184,0.2279,0.0697,0.3506,0.1655,FCC
3,2,4.733,0.03,0.1275,0.2295,0.0702,0.3702,0.1834,FCC
4,2.05,4.823,0.0307,0.123,0.2292,0.0711,0.3701,0.1667,FCC
2,2.05,4.7905,0.0297,0.1211,0.2289,0.0706,0.3697,0.1683,FCC
2,2.05,4.758,0.0281,0.1186,0.2284,0.07,0.3693,0.1699,FCC
3,2,4.758,0.031,0.128,0.2301,0.0706,0.3904,0.188,FCC
4,2.05,4.8805,0.0306,0.1235,0.2291,0.0717,0.3878,0.1668,FCC
4,2.05,4.8155,0.0297,0.1209,0.2291,0.0708,0.3869,0.1703,FCC
2,2.05,4.783,0.0286,0.1187,0.2288,0.0703,0.3864,0.172,FCC
2,2.05,4.7505,0.0269,0.1159,0.2283,0.0697,0.3859,0.1737,FCC
4,2.05,4.718,0.0248,0.1123,0.2275,0.0691,0.3854,0.1754,FCC
4,2.05,4.8405,0.0296,0.1206,0.2291,0.0711,0.4024,0.1705,FCC
1,1.85,4.7195,0.0484,0.1736,0.2824,0.0842,0.3493,0.1908,BCC+FCC
1,1.8,4.687,0.0478,0.1737,0.2811,0.083,0.353,0.2014,BCC+FCC
1,2,4.777,0.0425,0.1589,0.2817,0.0852,0.3529,0.1667,BCC+FCC
1,1.95,4.7445,0.0439,0.163,0.2818,0.0846,0.3629,0.1822,BCC+FCC
1,1.9,4.7445,0.047,0.1691,0.2828,0.0847,0.3703,0.1958,BCC+FCC
1,1.85,4.712,0.0474,0.1705,0.2821,0.0838,0.3761,0.2084,BCC+FCC
1,1.85,4.6795,0.0451,0.1656,0.2802,0.0827,0.3764,0.2085,BCC+FCC
1,1.9,4.802,0.05,0.1729,0.285,0.086,0.395,0.2079,BCC+FCC
1,1.95,4.827,0.0476,0.1665,0.2843,0.0862,0.4103,0.2028,BCC+FCC
1,1.95,4.7945,0.0457,0.1641,0.2836,0.0855,0.4104,0.2037,BCC+FCC
1,1.8,4.697,0.0467,0.1681,0.2824,0.0828,0.4313,0.2452,BCC+FCC
1,2,4.8195,0.0432,0.1572,0.2828,0.0857,0.4202,0.1945,BCC+FCC
1,1.8,4.722,0.048,0.1699,0.284,0.0834,0.4555,0.2533,BCC+FCC
1,1.75,4.6895,0.0463,0.1677,0.2828,0.0822,0.4596,0.2658,BCC+FCC
1,1.9,4.772,0.0462,0.1625,0.2843,0.0846,0.4861,0.2357,BCC+FCC
1,1.95,4.701,0.0484,0.1746,0.3238,0.0936,0.4084,0.1972,BCC+FCC
1,2.15,4.791,0.0413,0.1563,0.3238,0.0961,0.3799,0.1413,BCC+FCC
1,2.05,4.7585,0.046,0.1681,0.325,0.0954,0.4121,0.1789,BCC+FCC
1,2,4.7585,0.0492,0.1742,0.3259,0.0953,0.4232,0.1943,BCC+FCC
1,2,4.726,0.0472,0.1706,0.3245,0.0944,0.4233,0.1951,BCC+FCC
1,1.85,4.6935,0.0498,0.1796,0.3246,0.0926,0.4433,0.2346,BCC+FCC
1,2.15,4.816,0.0418,0.1563,0.3243,0.0965,0.3982,0.1489,BCC+FCC
1,2.05,4.7835,0.0469,0.1687,0.3259,0.0959,0.4331,0.1869,BCC+FCC
1,2.05,4.751,0.0452,0.1656,0.3248,0.095,0.4331,0.1879,BCC+FCC
1,1.9,4.686,0.0477,0.172,0.3239,0.0925,0.4623,0.2327,BCC+FCC
1,2.15,4.8085,0.0409,0.1544,0.3242,0.0962,0.4147,0.1553,BCC+FCC
1,2.1,4.841,0.0458,0.164,0.326,0.097,0.4365,0.1733,BCC+FCC
1,2.1,4.776,0.0424,0.1596,0.3246,0.0955,0.436,0.1762,BCC+FCC
1,2.05,4.8085,0.0478,0.1691,0.3266,0.0963,0.4532,0.1923,BCC+FCC
1,1.9,4.6785,0.0465,0.168,0.3236,0.0921,0.4853,0.2406,BCC+FCC
1,2.15,4.8335,0.0412,0.1543,0.3246,0.0965,0.4301,0.1579,BCC+FCC
1,2.1,4.7685,0.0416,0.1571,0.3245,0.0952,0.453,0.1808,BCC+FCC
1,1.95,4.736,0.0486,0.1709,0.3262,0.0941,0.4984,0.2306,BCC+FCC
1,2.05,4.7285,0.0427,0.157,0.3243,0.0939,0.4893,0.203,BCC+FCC
1,2,4.761,0.0474,0.1669,0.3264,0.0948,0.5061,0.218,BCC+FCC
1,2.15,4.851,0.0406,0.1524,0.3247,0.0966,0.4547,0.1592,BCC+FCC
1,2.2,4.73,0.0436,0.168,0.3622,0.1042,0.374,0.1137,BCC+FCC
1,2.2,4.665,0.0406,0.1615,0.359,0.1023,0.3736,0.1157,BCC+FCC
1,2.15,4.665,0.0438,0.1672,0.3595,0.1021,0.3902,0.1362,BCC+FCC
1,2.15,4.6325,0.042,0.1627,0.3575,0.101,0.3901,0.1369,BCC+FCC
1,2.15,4.6575,0.0429,0.1641,0.3593,0.1017,0.4108,0.152,BCC+FCC
1,2.1,4.69,0.0474,0.1737,0.3617,0.1024,0.425,0.1683,BCC+FCC
1,2.1,4.6575,0.0454,0.1691,0.3597,0.1013,0.425,0.1691,BCC+FCC
1,2.2,4.6825,0.0407,0.1595,0.3603,0.1026,0.4106,0.1434,BCC+FCC
1,2.15,4.6825,0.0438,0.1653,0.3609,0.1023,0.4303,0.1627,BCC+FCC
1,2.15,4.65,0.0421,0.1608,0.3591,0.1013,0.4301,0.1638,BCC+FCC
1,2.1,4.715,0.0484,0.1748,0.3632,0.1031,0.4458,0.1788,BCC+FCC
1,2,4.715,0.0523,0.1845,0.3643,0.1024,0.4671,0.2089,BCC+FCC
1,2.15,4.675,0.043,0.1622,0.3607,0.1019,0.4484,0.1714,BCC+FCC
1,2.05,4.7075,0.0496,0.1768,0.3635,0.1024,0.4789,0.2032,BCC+FCC
1,2.2,4.7325,0.0422,0.1612,0.3627,0.1037,0.442,0.1554,BCC+FCC
1,2.15,4.7975,0.0491,0.1736,0.3657,0.1053,0.4664,0.1719,BCC+FCC
1,2.15,4.765,0.0473,0.1707,0.3647,0.1045,0.4661,0.1734,BCC+FCC
1,2.15,4.6675,0.0422,0.1588,0.3605,0.1015,0.4651,0.1778,BCC+FCC
1,2.1,4.7325,0.0485,0.173,0.3643,0.1033,0.4845,0.1925,BCC+FCC
1,2.1,4.7,0.0465,0.1687,0.3627,0.1023,0.4843,0.1938,BCC+FCC
1,2.1,4.635,0.0425,0.1578,0.359,0.1,0.4839,0.1963,BCC+FCC
1,2.05,4.7325,0.0507,0.1781,0.365,0.103,0.4991,0.2086,BCC+FCC
1,2.05,4.635,0.044,0.1618,0.3593,0.0996,0.499,0.212,BCC+FCC
1,2,4.7,0.0499,0.1777,0.3638,0.1016,0.5106,0.2246,BCC+FCC
1,2.2,4.7575,0.043,0.1619,0.3637,0.1042,0.4553,0.1576,BCC+FCC
1,2.15,4.7575,0.0465,0.1682,0.3646,0.1041,0.4817,0.1775,BCC+FCC
1,2.1,4.66,0.0436,0.1599,0.3608,0.1007,0.5016,0.1997,BCC+FCC
1,2.15,4.685,0.0422,0.1568,0.3617,0.1017,0.4945,0.1834,BCC+FCC
1,2.05,4.6525,0.0441,0.1597,0.361,0.0999,0.5365,0.2192,BCC+FCC
1,2.15,4.71,0.0431,0.1582,0.363,0.1024,0.507,0.1829,BCC+FCC
1,2.1,4.6775,0.0436,0.1578,0.3621,0.101,0.533,0.2029,BCC+FCC
1,2,4.6775,0.0464,0.1656,0.3631,0.1002,0.5703,0.2354,BCC+FCC
1,2.25,4.6865,0.0467,0.1753,0.3977,0.1108,0.4066,0.1146,BCC+FCC
1,2.25,4.6215,0.0433,0.1669,0.3935,0.1085,0.4061,0.1168,BCC+FCC
1,2.2,4.6865,0.0495,0.1807,0.3981,0.1104,0.4241,0.1359,BCC+FCC
1,2.2,4.679,0.0485,0.1778,0.3978,0.11,0.4434,0.1504,BCC+FCC
1,2.2,4.6465,0.0465,0.1732,0.3957,0.1088,0.4432,0.1514,BCC+FCC
1,2.1,4.5815,0.0446,0.1681,0.3904,0.105,0.4704,0.1858,BCC+FCC
1,2.1,4.549,0.0421,0.16,0.3871,0.1035,0.4705,0.1864,BCC+FCC
1,2.25,4.7365,0.0485,0.1769,0.4005,0.112,0.441,0.1384,BCC+FCC
1,2.2,4.704,0.0495,0.1789,0.3995,0.1106,0.4616,0.1599,BCC+FCC
1,2.2,4.6715,0.0476,0.1746,0.3976,0.1095,0.4614,0.1612,BCC+FCC
1,2.1,4.6065,0.0459,0.1708,0.3931,0.1059,0.4912,0.1963,BCC+FCC
1,2.1,4.574,0.0434,0.1632,0.3901,0.1044,0.4913,0.1971,BCC+FCC
1,2.25,4.729,0.0477,0.1744,0.4003,0.1117,0.4555,0.1463,BCC+FCC
1,2.25,4.6965,0.046,0.1707,0.3988,0.1106,0.455,0.148,BCC+FCC
1,2.15,4.664,0.0484,0.1757,0.3977,0.1086,0.4967,0.1867,BCC+FCC
1,2.15,4.599,0.044,0.1632,0.3928,0.106,0.4964,0.189,BCC+FCC
1,2.25,4.754,0.0486,0.1751,0.4015,0.1123,0.4688,0.15,BCC+FCC
1,2.2,4.7215,0.0496,0.1771,0.4007,0.1109,0.4943,0.172,BCC+FCC
1,2.2,4.624,0.0437,0.1619,0.395,0.1074,0.493,0.1765,BCC+FCC
1,2.15,4.624,0.0451,0.1657,0.3951,0.1068,0.514,0.194,BCC+FCC
1,2.2,4.6815,0.0467,0.1694,0.3988,0.1094,0.5076,0.1773,BCC+FCC
1,2.2,4.649,0.0447,0.164,0.3969,0.1082,0.507,0.1789,BCC+FCC
1,2.15,4.6815,0.0485,0.1738,0.3992,0.1089,0.5309,0.1954,BCC+FCC
1,2.2,4.739,0.0497,0.1753,0.4018,0.1112,0.5208,0.176,BCC+FCC
1,2.2,4.674,0.0457,0.1658,0.3986,0.1089,0.5195,0.1796,BCC+FCC
1,2.2,4.6415,0.0438,0.1599,0.3967,0.1077,0.5188,0.1813,BCC+FCC
1,2.15,4.7065,0.0496,0.1755,0.4008,0.1096,0.5463,0.1963,BCC+FCC
1,2.2,4.7315,0.0487,0.1723,0.4016,0.1107,0.5308,0.1766,BCC+FCC
1,1.85,4.5275,0.0448,0.1855,0.2758,0.0871,0.4905,0.2386,BCC+FCC
1,1.95,4.6025,0.0484,0.1924,0.2855,0.0862,0.5247,0.2151,BCC+FCC
1,1.9,4.611,0.0443,0.1748,0.2681,0.0818,0.5019,0.2305,BCC+FCC
1,2.05,4.6275,0.0466,0.1889,0.287,0.0847,0.4878,0.1767,BCC+FCC
1,1.8,4.6695,0.0436,0.1637,0.2541,0.077,0.5248,0.2603,BCC+FCC
1,1.9,4.625,0.0475,0.1854,0.313,0.0943,0.5662,0.2432,BCC+FCC
1,1.75,4.6335,0.0435,0.1709,0.2973,0.0881,0.55,0.2829,BCC+FCC
1,2.1,4.6415,0.0505,0.1975,0.3301,0.0977,0.5143,0.1672,BCC+FCC
1,2.05,4.65,0.046,0.1798,0.314,0.0936,0.522,0.1915,BCC+FCC
1,1.95,4.65,0.0484,0.1859,0.315,0.0944,0.5693,0.2265,BCC+FCC
1,1.9,4.65,0.0488,0.1882,0.3153,0.0947,0.5854,0.2424,BCC+FCC
1,1.8,4.6585,0.0455,0.1726,0.2993,0.0887,0.5665,0.2714,BCC+FCC
1,2.05,4.5115,0.0409,0.1601,0.3614,0.1035,0.4989,0.2081,BCC+FCC
1,2.05,4.5365,0.0422,0.1641,0.3648,0.1042,0.5188,0.2143,BCC+FCC
1,2.1,4.5615,0.0434,0.1661,0.3681,0.1052,0.5214,0.2026,BCC+FCC
1,2.1,4.5865,0.0445,0.1692,0.3708,0.1058,0.5378,0.2044,BCC+FCC
1,2.2,4.6115,0.0432,0.166,0.3729,0.1068,0.4919,0.1668,BCC+FCC
1,2.15,4.6365,0.0457,0.1717,0.3751,0.1071,0.5365,0.1848,BCC+FCC
1,2,4.529,0.0447,0.1687,0.199,0.1171,0.3488,0.1566,BCC+FCC
1,1.95,4.539,0.0427,0.1619,0.1944,0.1141,0.3692,0.1784,BCC+FCC
1,2,4.554,0.0457,0.1719,0.2026,0.1165,0.3619,0.1583,BCC+FCC
1,2,4.614,0.0444,0.1675,0.2029,0.111,0.3806,0.1617,BCC+FCC
1,1.9,4.538,0.0424,0.1617,0.2418,0.1228,0.428,0.2105,BCC+FCC
1,1.95,4.553,0.0453,0.1718,0.2488,0.1279,0.4396,0.1961,BCC+FCC
1,1.9,4.563,0.0437,0.1655,0.2451,0.1225,0.448,0.2147,BCC+FCC
1,1.8,4.573,0.0417,0.16,0.2413,0.1157,0.4587,0.2446,BCC+FCC
1,1.95,4.623,0.043,0.16,0.2455,0.1128,0.4559,0.2044,BCC+FCC
1,2,4.628,0.0489,0.1795,0.257,0.1254,0.45,0.1751,BCC+FCC
1,1.95,4.628,0.0492,0.1817,0.2575,0.1266,0.4834,0.1947,BCC+FCC
1,1.8,4.658,0.0443,0.1615,0.2444,0.1044,0.51,0.2543,BCC+FCC
1,1.75,4.658,0.0445,0.1639,0.245,0.105,0.5191,0.2681,BCC+FCC
1,1.85,4.517,0.038,0.1673,0.2857,0.1424,0.4977,0.2367,BCC+FCC
1,1.85,4.552,0.0412,0.169,0.288,0.1351,0.5059,0.2418,BCC+FCC
1,1.85,4.562,0.0416,0.1637,0.2854,0.1261,0.4929,0.243,BCC+FCC
1,1.8,4.622,0.0434,0.1655,0.2879,0.1153,0.531,0.2642,BCC+FCC
1,2.05,4.625,0.0471,0.1742,0.3675,0.1321,0.5698,0.2137,BCC+FCC
1,1.95,4.6055,0.042,0.1923,0.2302,0.1235,0.4531,0.215,BCC+FCC
1,2.1,4.6195,0.0417,0.1935,0.2783,0.1321,0.4533,0.1774,BCC+FCC
1,2.05,4.6195,0.0441,0.1974,0.2791,0.1326,0.4806,0.1961,BCC+FCC
1,2,4.871,0.0529,0.1963,0.2778,0.0822,0.4702,0.1848,BCC+FCC
1,1.95,4.8795,0.0482,0.1762,0.2573,0.0787,0.4485,0.2021,BCC+FCC
1,2.05,4.896,0.0491,0.1893,0.2765,0.0811,0.4612,0.1629,BCC+FCC
1,1.95,4.872,0.0474,0.1746,0.2572,0.0786,0.4676,0.2043,BCC+FCC
1,1.95,4.811,0.0542,0.1911,0.3041,0.0918,0.4742,0.2145,BCC+FCC
1,2.05,4.8685,0.0495,0.1807,0.3027,0.0915,0.4621,0.1809,BCC+FCC
1,2,4.836,0.0519,0.1855,0.3036,0.0916,0.4802,0.2005,BCC+FCC
1,2.05,4.8125,0.0547,0.2004,0.3212,0.0953,0.5253,0.1816,BCC+FCC
1,2.1,4.8325,0.054,0.1916,0.3445,0.1024,0.4748,0.1763,BCC+FCC
1,2.05,4.8,0.0553,0.1951,0.3446,0.1021,0.4926,0.1957,BCC+FCC
1,2.05,4.7925,0.0544,0.1928,0.3445,0.1019,0.5104,0.1987,BCC+FCC
1,2.1,4.8175,0.0523,0.1877,0.3442,0.1019,0.5048,0.18,BCC+FCC
1,2.1,4.81,0.0515,0.1855,0.3441,0.1017,0.5172,0.1798,BCC+FCC
1,2.05,4.858,0.0502,0.1802,0.253,0.1082,0.3937,0.1517,BCC+FCC
1,2.05,4.8505,0.0495,0.1785,0.2529,0.1083,0.4059,0.1527,BCC+FCC
1,2,4.818,0.0518,0.1828,0.2538,0.11,0.4347,0.1759,BCC+FCC
1,1.9,4.7955,0.051,0.1779,0.249,0.1029,0.4651,0.2168,BCC+FCC
1,2,4.8105,0.0509,0.1806,0.2537,0.11,0.4479,0.176,BCC+FCC
1,1.95,4.8205,0.0488,0.1726,0.2482,0.1018,0.4656,0.1997,BCC+FCC
1,1.75,4.602,0.043,0.1804,0.2889,0.1274,0.4828,0.2613,BCC+FCC
1,2.05,4.832,0.0525,0.1832,0.2948,0.1132,0.4246,0.1712,BCC+FCC
1,2,4.842,0.0504,0.1751,0.2898,0.1022,0.4321,0.1916,BCC+FCC
1,1.85,4.702,0.052,0.1878,0.2931,0.1156,0.4787,0.2401,BCC+FCC
1,1.8,4.627,0.0464,0.1838,0.2921,0.1268,0.5004,0.2544,BCC+FCC
1,1.8,4.712,0.0505,0.181,0.289,0.1023,0.4707,0.2536,BCC+FCC
1,2.05,4.8245,0.0517,0.1813,0.2946,0.1132,0.441,0.1744,BCC+FCC
1,2,4.792,0.0531,0.1846,0.2949,0.114,0.4613,0.1945,BCC+FCC
1,1.75,4.6295,0.0437,0.1723,0.2884,0.1159,0.5146,0.273,BCC+FCC
1,1.75,4.672,0.0464,0.1729,0.2871,0.1016,0.4993,0.2728,BCC+FCC
1,1.95,4.752,0.0523,0.1832,0.2946,0.1145,0.4963,0.2151,BCC+FCC
1,2.05,4.8095,0.05,0.177,0.2943,0.1131,0.4685,0.1765,BCC+FCC
1,2.05,4.852,0.0456,0.1643,0.2885,0.1014,0.4635,0.1795,BCC+FCC
1,2,4.692,0.0534,0.1922,0.3018,0.1314,0.5049,0.1915,BCC+FCC
1,1.95,4.702,0.0518,0.1856,0.2978,0.1245,0.5226,0.214,BCC+FCC
1,1.95,4.787,0.0492,0.1716,0.2899,0.1019,0.5044,0.2185,BCC+FCC
1,1.8,4.6895,0.0466,0.1684,0.2882,0.1015,0.539,0.2668,BCC+FCC
1,2,4.766,0.0537,0.1856,0.3319,0.1121,0.4786,0.2081,BCC+FCC
1,2.1,4.781,0.0542,0.1886,0.3361,0.1237,0.4685,0.1723,BCC+FCC
1,1.95,4.726,0.0519,0.1827,0.3309,0.1116,0.5109,0.2289,BCC+FCC
1,1.9,4.6935,0.0501,0.1807,0.3296,0.1111,0.521,0.2443,BCC+FCC
1,2.05,4.741,0.0533,0.187,0.3355,0.124,0.5064,0.1945,BCC+FCC
1,1.85,4.6535,0.0458,0.1713,0.3274,0.1102,0.5509,0.2628,BCC+FCC
1,2.05,4.7335,0.0523,0.1839,0.3353,0.1239,0.5203,0.195,BCC+FCC
1,1.9,4.6785,0.0475,0.172,0.3291,0.1106,0.5628,0.2502,BCC+FCC
1,2.2,4.805,0.0513,0.1798,0.3704,0.1208,0.4695,0.1506,BCC+FCC
1,1.8,4.6805,0.0455,0.1624,0.2367,0.1357,0.3912,0.249,BCC+FCC
1,1.85,4.7055,0.045,0.1582,0.2367,0.1368,0.4083,0.2467,BCC+FCC
1,1.7,4.6605,0.0434,0.1607,0.2361,0.1172,0.4245,0.2764,BCC+FCC
1,1.8,4.7105,0.0441,0.1558,0.237,0.1193,0.462,0.2661,BCC+FCC
1,1.85,4.712,0.0516,0.18,0.2847,0.1266,0.3507,0.1998,BCC+FCC
1,1.75,4.692,0.0497,0.18,0.2838,0.1064,0.3832,0.2342,BCC+FCC
1,1.95,4.762,0.0497,0.1701,0.2848,0.1285,0.388,0.2072,BCC+FCC
1,1.75,4.677,0.0468,0.1721,0.2832,0.1055,0.4355,0.2616,BCC+FCC
1,1.85,4.682,0.0464,0.1668,0.2838,0.125,0.4513,0.2531,BCC+FCC
1,1.8,4.6495,0.0442,0.1646,0.2825,0.1233,0.4573,0.2654,BCC+FCC
1,1.75,4.6695,0.0454,0.1678,0.283,0.1051,0.4604,0.2713,BCC+FCC
1,1.9,4.707,0.0463,0.1637,0.2842,0.1261,0.4655,0.2464,BCC+FCC
1,1.85,4.6745,0.0451,0.163,0.2835,0.1246,0.4742,0.2601,BCC+FCC
1,1.8,4.642,0.0427,0.16,0.2823,0.1228,0.4809,0.273,BCC+FCC
1,1.8,4.6945,0.0464,0.1666,0.284,0.1062,0.48,0.2663,BCC+FCC
1,2,4.817,0.0447,0.1575,0.2838,0.1102,0.4593,0.2105,BCC+FCC
1,1.95,4.7845,0.0464,0.1616,0.2845,0.1094,0.4744,0.2274,BCC+FCC
1,1.85,4.667,0.0437,0.1589,0.2833,0.1241,0.4965,0.2655,BCC+FCC
1,1.8,4.687,0.0451,0.1624,0.2838,0.1058,0.5031,0.2717,BCC+FCC
1,2,4.8095,0.0439,0.1552,0.2836,0.1099,0.477,0.2127,BCC+FCC
1,1.95,4.7245,0.0443,0.1563,0.284,0.1267,0.4936,0.2393,BCC+FCC
1,1.9,4.692,0.0439,0.1565,0.2838,0.1253,0.5073,0.2548,BCC+FCC
1,1.85,4.712,0.0454,0.1604,0.2844,0.1068,0.5176,0.2614,BCC+FCC
1,1.85,4.6885,0.0519,0.1873,0.3252,0.1138,0.3933,0.2089,BCC+FCC
1,1.95,4.746,0.0535,0.1838,0.3273,0.1164,0.4086,0.2024,BCC+FCC
1,1.85,4.681,0.0504,0.1837,0.3249,0.1133,0.4192,0.2262,BCC+FCC
1,2,4.7185,0.0508,0.177,0.3266,0.1331,0.424,0.2079,BCC+FCC
1,2,4.771,0.0524,0.1789,0.3275,0.1173,0.4235,0.2006,BCC+FCC
1,1.9,4.646,0.0464,0.1726,0.3241,0.1291,0.4636,0.2446,BCC+FCC
1,1.9,4.6385,0.0449,0.1684,0.3238,0.1286,0.4864,0.2531,BCC+FCC
1,1.85,4.6585,0.0461,0.1715,0.3242,0.112,0.492,0.2593,BCC+FCC
1,1.9,4.631,0.0435,0.1638,0.3236,0.1281,0.5086,0.2597,BCC+FCC
1,1.85,4.6435,0.0433,0.1619,0.3237,0.111,0.5376,0.271,BCC+FCC
1,1.95,4.701,0.0464,0.1645,0.3261,0.114,0.5391,0.2448,BCC+FCC
1,2.1,4.7525,0.0524,0.1807,0.3661,0.1236,0.4658,0.1934,BCC+FCC
1,2.1,4.6925,0.0494,0.1752,0.3648,0.1374,0.4842,0.2089,BCC+FCC
1,1.9,4.615,0.0435,0.1694,0.3596,0.1158,0.527,0.2593,BCC+FCC
1,2.2,4.8025,0.048,0.1691,0.3658,0.1254,0.4556,0.1648,BCC+FCC
1,2.15,4.77,0.0497,0.173,0.366,0.1242,0.4815,0.1856,BCC+FCC
1,2.1,4.7375,0.0502,0.1753,0.3657,0.1228,0.5021,0.2042,BCC+FCC
1,2.05,4.69,0.0473,0.1685,0.3646,0.1204,0.5539,0.2267,BCC+FCC
1,2.1,4.8795,0.0516,0.2129,0.2849,0.1315,0.4586,0.1619,BCC+FCC
1,2.1,4.872,0.051,0.2117,0.2848,0.1315,0.4698,0.1613,BCC+FCC
1,1.7,4.648,0.0416,0.1563,0.2406,0.1143,0.5118,0.2896,BCC+FCC
1,1.85,4.601,0.0412,0.1611,0.3246,0.1283,0.5516,0.2706,BCC+FCC
4,1.85,4.739,0.0317,0.1111,0.1654,0.0939,0.2596,0.0959,FCC
4,2,4.8065,0.0275,0.1009,0.165,0.0671,0.2369,0.1096,FCC
3,1.9,4.789,0.0293,0.1065,0.165,0.0875,0.2684,0.1107,FCC
4,1.9,4.7565,0.0295,0.1075,0.1652,0.0868,0.2679,0.1122,FCC
4,1.85,4.7965,0.0299,0.1075,0.1646,0.0954,0.2816,0.1096,FCC
3,1.85,4.764,0.0304,0.1092,0.165,0.0945,0.2811,0.1113,FCC
4,1.8,4.7715,0.0309,0.1098,0.1647,0.1009,0.2925,0.1097,FCC
4,1.8,4.739,0.0315,0.1117,0.1651,0.0999,0.2918,0.1114,FCC
4,1.7,4.7215,0.0329,0.1139,0.1648,0.1081,0.3082,0.1086,FCC
3,1.95,4.8065,0.0272,0.1027,0.1648,0.0785,0.2765,0.1238,FCC
4,1.95,4.774,0.0275,0.1031,0.1649,0.0779,0.276,0.1253,FCC
4,1.9,4.8465,0.0275,0.1028,0.1638,0.0887,0.2899,0.1202,FCC
4,1.9,4.814,0.028,0.1045,0.1644,0.088,0.2894,0.1219,FCC
3,1.9,4.7815,0.0281,0.1058,0.1649,0.0872,0.2888,0.1236,FCC
4,1.9,4.749,0.0285,0.1065,0.165,0.0864,0.2883,0.1252,FCC
4,1.85,4.789,0.0291,0.1071,0.1645,0.095,0.3,0.1213,FCC
2,1.85,4.7565,0.0293,0.1086,0.1649,0.0941,0.2993,0.1231,FCC
3,1.8,4.7315,0.0306,0.1112,0.165,0.0994,0.3079,0.1222,FCC
4,1.8,4.699,0.0305,0.1124,0.1652,0.0983,0.3071,0.1241,FCC
4,1.75,4.7715,0.0305,0.1095,0.164,0.1059,0.3161,0.1171,FCC
4,1.75,4.7065,0.0318,0.1137,0.165,0.1034,0.3143,0.1211,FCC
4,1.7,4.6815,0.033,0.1159,0.1651,0.1061,0.3184,0.1196,FCC
3,2,4.8565,0.0249,0.0977,0.1642,0.0675,0.2849,0.1329,FCC
2,1.95,4.864,0.0256,0.0997,0.1637,0.0793,0.2975,0.1303,FCC
2,1.95,4.799,0.0263,0.1016,0.1647,0.0782,0.2965,0.1338,FCC
2,1.9,4.839,0.0268,0.1024,0.1637,0.0884,0.308,0.1291,FCC
4,1.9,4.8065,0.027,0.1039,0.1643,0.0876,0.3074,0.1309,FCC
3,1.9,4.7415,0.0274,0.1053,0.1649,0.0861,0.3061,0.1345,FCC
4,1.85,4.8465,0.027,0.1028,0.1629,0.0963,0.3173,0.1256,FCC
2,1.85,4.814,0.0279,0.1049,0.1638,0.0955,0.3166,0.1276,FCC
3,1.85,4.7815,0.0282,0.1066,0.1644,0.0946,0.3158,0.1295,FCC
4,1.85,4.7165,0.0284,0.1086,0.1649,0.0927,0.3143,0.1333,FCC
4,1.8,4.8865,0.0247,0.0986,0.1606,0.104,0.3257,0.1193,FCC
3,1.8,4.789,0.029,0.1073,0.1638,0.1012,0.3231,0.1258,FCC
2,1.8,4.7565,0.0294,0.1092,0.1644,0.1001,0.3222,0.1278,FCC
2,1.8,4.724,0.0294,0.1106,0.1648,0.099,0.3213,0.1298,FCC
4,1.8,4.6915,0.0294,0.1116,0.165,0.0978,0.3203,0.1317,FCC
4,1.75,4.829,0.0275,0.1038,0.1619,0.1078,0.3294,0.1192,FCC
4,1.75,4.7965,0.029,0.1069,0.163,0.1066,0.3284,0.1214,FCC
4,1.75,4.764,0.0301,0.1095,0.1639,0.1055,0.3273,0.1236,FCC
3,1.75,4.7315,0.0306,0.1116,0.1645,0.1042,0.3262,0.1258,FCC
3,1.75,4.699,0.0307,0.1132,0.1649,0.1029,0.3252,0.1279,FCC
2,1.75,4.6665,0.0304,0.1144,0.1651,0.1015,0.324,0.1299,FCC
4,2,4.8815,0.0234,0.0958,0.1635,0.0676,0.305,0.1388,FCC
2,2,4.849,0.0241,0.0965,0.1641,0.0672,0.3045,0.1406,FCC
4,2,4.8165,0.0245,0.0966,0.1645,0.0668,0.304,0.1423,FCC
4,2,4.784,0.0243,0.0962,0.1646,0.0663,0.3034,0.144,FCC
3,1.95,4.889,0.0244,0.0974,0.1628,0.0796,0.3159,0.1352,FCC
3,1.95,4.824,0.0249,0.0999,0.1642,0.0785,0.3146,0.139,FCC
3,1.95,4.7915,0.0253,0.1004,0.1645,0.0779,0.314,0.1409,FCC
2,1.95,4.759,0.0253,0.1002,0.1646,0.0772,0.3133,0.1426,FCC
2,1.9,4.864,0.0255,0.1001,0.1628,0.0887,0.3243,0.1332,FCC
2,1.9,4.799,0.0257,0.1031,0.1642,0.0873,0.3228,0.1372,FCC
2,1.9,4.7665,0.0262,0.1038,0.1646,0.0865,0.3221,0.1391,FCC
3,1.9,4.734,0.0263,0.104,0.1647,0.0857,0.3213,0.141,FCC
2,1.85,4.8065,0.027,0.1045,0.1637,0.0952,0.3299,0.133,FCC
1,1.85,4.774,0.027,0.106,0.1643,0.0943,0.329,0.1351,FCC
4,1.85,4.7415,0.0271,0.107,0.1647,0.0933,0.3281,0.1371,FCC
2,1.85,4.709,0.0273,0.1074,0.1648,0.0923,0.3272,0.1391,FCC
4,1.8,4.7815,0.0283,0.107,0.1637,0.1008,0.3339,0.1306,FCC
3,1.8,4.749,0.0283,0.1087,0.1643,0.0997,0.3329,0.1327,FCC
4,1.8,4.7165,0.028,0.1099,0.1647,0.0986,0.3318,0.1348,FCC
2,1.8,4.684,0.0283,0.1106,0.1649,0.0974,0.3307,0.1369,FCC
1,2,4.874,0.0225,0.0948,0.1634,0.0674,0.3224,0.1439,FCC
3,2,4.8415,0.0233,0.0952,0.164,0.067,0.3218,0.1459,FCC
4,2,4.809,0.0235,0.095,0.1643,0.0666,0.3211,0.1477,FCC
4,1.95,4.914,0.0231,0.0951,0.1616,0.0798,0.332,0.1375,FCC
2,1.95,4.8815,0.0234,0.0969,0.1627,0.0793,0.3313,0.1396,FCC
4,1.95,4.849,0.0233,0.0981,0.1635,0.0788,0.3305,0.1417,FCC
4,1.95,4.8165,0.024,0.0988,0.164,0.0782,0.3298,0.1437,FCC
3,1.95,4.784,0.0244,0.099,0.1644,0.0776,0.329,0.1456,FCC
3,1.95,4.7515,0.0243,0.0985,0.1645,0.0769,0.3282,0.1476,FCC
3,1.9,4.7915,0.0248,0.1022,0.1641,0.087,0.3358,0.1412,FCC
1,1.9,4.759,0.0253,0.1026,0.1645,0.0862,0.3349,0.1433,FCC
3,1.85,4.8315,0.0259,0.1023,0.1628,0.0957,0.3416,0.1341,FCC
3,1.85,4.799,0.026,0.104,0.1636,0.0948,0.3405,0.1363,FCC
2,1.85,4.7665,0.0256,0.1052,0.1642,0.0939,0.3394,0.1385,FCC
3,1.85,4.734,0.0262,0.1059,0.1645,0.0929,0.3383,0.1407,FCC
3,1.8,4.8065,0.0271,0.1047,0.1628,0.1014,0.3429,0.1309,FCC
4,1.8,4.774,0.0273,0.1066,0.1636,0.1004,0.3417,0.1333,FCC
4,2,4.899,0.021,0.0929,0.1625,0.0675,0.3381,0.145,FCC
4,2,4.8665,0.0218,0.0936,0.1633,0.0672,0.3374,0.1471,FCC
1,2,4.834,0.0224,0.0937,0.1639,0.0668,0.3366,0.1491,FCC
3,2,4.8015,0.0226,0.0932,0.1642,0.0663,0.3359,0.1511,FCC
3,1.95,4.9065,0.0223,0.0946,0.1616,0.0796,0.3451,0.1399,FCC
3,1.95,4.874,0.0223,0.0961,0.1626,0.0791,0.3442,0.1421,FCC
4,1.95,4.8415,0.0225,0.0971,0.1634,0.0785,0.3433,0.1443,FCC
2,1.95,4.809,0.0232,0.0975,0.1639,0.0779,0.3424,0.1464,FCC
1,1.95,4.7765,0.0234,0.0974,0.1643,0.0773,0.3415,0.1485,FCC
3,1.9,4.8815,0.0235,0.0974,0.1616,0.0888,0.3491,0.1366,FCC
1,1.9,4.849,0.0236,0.0991,0.1626,0.0881,0.348,0.1389,FCC
2,1.9,4.8165,0.0232,0.1004,0.1634,0.0874,0.347,0.1412,FCC
4,1.9,4.784,0.024,0.1011,0.164,0.0867,0.3459,0.1434,FCC
4,1.9,4.7515,0.0243,0.1012,0.1643,0.0858,0.3448,0.1456,FCC
3,1.9,4.719,0.0242,0.1008,0.1644,0.085,0.3437,0.1477,FCC
4,1.85,4.824,0.0249,0.1019,0.1627,0.0953,0.3492,0.1354,FCC
1,1.85,4.7915,0.0247,0.1034,0.1635,0.0945,0.348,0.1378,FCC
1,1.85,4.759,0.0248,0.1043,0.164,0.0935,0.3467,0.1401,FCC
3,1.8,4.799,0.0263,0.1044,0.1627,0.101,0.3473,0.1317,FCC
3,1.8,4.734,0.0255,0.1073,0.1641,0.0988,0.3442,0.1366,FCC
4,2,4.9565,0.0199,0.0892,0.1603,0.0679,0.3525,0.1418,FCC
3,2,4.924,0.0199,0.0908,0.1615,0.0676,0.3516,0.1441,FCC
2,2,4.8915,0.0201,0.0918,0.1625,0.0673,0.3508,0.1463,FCC
1,2,4.859,0.0211,0.0922,0.1632,0.0669,0.3499,0.1485,FCC
4,2,4.8265,0.0216,0.092,0.1637,0.0665,0.349,0.1507,FCC
2,1.95,4.899,0.0213,0.094,0.1615,0.0793,0.3555,0.1405,FCC
3,1.95,4.8665,0.0209,0.0952,0.1625,0.0788,0.3544,0.1429,FCC
3,1.95,4.834,0.0218,0.0959,0.1633,0.0783,0.3534,0.1452,FCC
4,1.95,4.8015,0.0224,0.0961,0.1638,0.0777,0.3523,0.1474,FCC
2,1.95,4.769,0.0225,0.0956,0.1641,0.077,0.3512,0.1497,FCC
2,1.9,4.874,0.0226,0.0969,0.1615,0.0885,0.3567,0.1367,FCC
3,1.9,4.8415,0.0223,0.0984,0.1625,0.0878,0.3554,0.1391,FCC
3,1.9,4.809,0.0224,0.0994,0.1633,0.0871,0.3541,0.1416,FCC
4,1.9,4.7765,0.0231,0.0998,0.1639,0.0863,0.3529,0.1439,FCC
1,1.9,4.744,0.0234,0.0997,0.1642,0.0855,0.3516,0.1462,FCC
3,1.85,4.8165,0.0238,0.1013,0.1626,0.095,0.3533,0.1351,FCC
1,1.85,4.784,0.0231,0.1026,0.1634,0.0941,0.3517,0.1377,FCC
2,1.85,4.7515,0.0239,0.1033,0.1639,0.0931,0.3502,0.1401,FCC
4,2,4.7455,0.0334,0.1253,0.2276,0.0896,0.2708,0.0921,FCC
3,2.05,4.7955,0.0318,0.1211,0.2277,0.0816,0.2793,0.1087,FCC
3,2.05,4.763,0.0311,0.1205,0.2274,0.081,0.2789,0.1101,FCC
4,2,4.803,0.0328,0.1241,0.2279,0.0908,0.2933,0.1083,FCC
4,2,4.7705,0.0328,0.1242,0.2277,0.09,0.2929,0.1098,FCC
4,1.9,4.753,0.0346,0.1292,0.228,0.103,0.3156,0.109,FCC
4,1.9,4.7205,0.0348,0.1299,0.2279,0.1019,0.315,0.1107,FCC
4,1.85,4.663,0.0356,0.1328,0.2276,0.1044,0.3225,0.1124,FCC
2,2.05,4.788,0.0307,0.1197,0.2275,0.0813,0.3005,0.1231,FCC
4,2.05,4.7555,0.0299,0.1188,0.2272,0.0807,0.3001,0.1246,FCC
2,2,4.7955,0.0319,0.1231,0.2277,0.0905,0.3127,0.1214,FCC
4,2,4.763,0.0317,0.123,0.2276,0.0897,0.3122,0.123,FCC
3,1.95,4.803,0.0323,0.1253,0.2277,0.0981,0.3234,0.1191,FCC
4,1.95,4.7705,0.0327,0.1259,0.2278,0.0973,0.3228,0.1209,FCC
4,1.95,4.7055,0.0322,0.1258,0.2273,0.0954,0.3215,0.1243,FCC
3,1.9,4.713,0.0337,0.1289,0.2277,0.1015,0.3302,0.1219,FCC
3,1.9,4.6805,0.0333,0.1289,0.2274,0.1003,0.3295,0.1237,FCC
3,1.85,4.688,0.0347,0.1316,0.2278,0.1053,0.3363,0.1208,FCC
4,1.85,4.6555,0.0344,0.1318,0.2275,0.1039,0.3354,0.1227,FCC
4,1.8,4.6955,0.0354,0.1333,0.228,0.1093,0.3411,0.1173,FCC
4,1.8,4.663,0.0357,0.1341,0.2279,0.1078,0.34,0.1194,FCC
2,2.05,4.8455,0.0299,0.1188,0.2275,0.0822,0.3205,0.13,FCC
2,2,4.7555,0.0306,0.1216,0.2275,0.0894,0.3292,0.1324,FCC
4,1.95,4.8605,0.0303,0.1224,0.227,0.0994,0.34,0.1234,FCC
4,1.95,4.7305,0.0316,0.1248,0.2275,0.096,0.3371,0.1312,FCC
4,1.95,4.698,0.031,0.1243,0.2272,0.095,0.3363,0.133,FCC
2,2.05,4.838,0.0291,0.1176,0.2274,0.0819,0.3374,0.137,FCC
4,2.05,4.773,0.0286,0.1164,0.2273,0.0808,0.3361,0.1407,FCC
4,2.05,4.7405,0.0276,0.1149,0.2269,0.0801,0.3355,0.1425,FCC
4,2,4.8455,0.0293,0.1204,0.2272,0.0912,0.346,0.1332,FCC
2,2,4.813,0.0299,0.1207,0.2275,0.0905,0.3453,0.1352,FCC
2,2,4.7805,0.03,0.1206,0.2275,0.0898,0.3446,0.1371,FCC
1,2,4.748,0.0296,0.1201,0.2273,0.0891,0.3438,0.139,FCC
3,2,4.7155,0.0287,0.1189,0.227,0.0882,0.3431,0.1409,FCC
4,1.95,4.7555,0.0308,0.1238,0.2276,0.0965,0.3504,0.1351,FCC
3,1.95,4.723,0.0306,0.1235,0.2274,0.0956,0.3495,0.1371,FCC
2,1.95,4.6905,0.0298,0.1227,0.227,0.0946,0.3486,0.139,FCC
2,1.9,4.6655,0.0309,0.1261,0.2271,0.0994,0.3518,0.1369,FCC
3,2.05,4.8955,0.027,0.1161,0.2267,0.0826,0.3534,0.1376,FCC
3,2.05,4.863,0.0279,0.1164,0.2271,0.0822,0.3527,0.1397,FCC
3,2.05,4.8305,0.0283,0.1163,0.2273,0.0817,0.352,0.1417,FCC
2,2.05,4.798,0.0281,0.1157,0.2273,0.0811,0.3513,0.1437,FCC
4,2.05,4.7655,0.0275,0.1145,0.2271,0.0805,0.3505,0.1457,FCC
1,2.05,4.733,0.0264,0.1127,0.2268,0.0798,0.3498,0.1476,FCC
4,2,4.8705,0.0276,0.1188,0.2268,0.0916,0.3595,0.135,FCC
3,2,4.838,0.0286,0.1194,0.2272,0.0909,0.3586,0.1371,FCC
4,2,4.8055,0.029,0.1196,0.2274,0.0902,0.3578,0.1393,FCC
1,2,4.773,0.029,0.1192,0.2274,0.0895,0.3569,0.1413,FCC
2,2,4.7405,0.0285,0.1184,0.2272,0.0887,0.356,0.1434,FCC
4,1.95,4.748,0.0299,0.1225,0.2274,0.0961,0.3603,0.1387,FCC
3,1.95,4.7155,0.0295,0.122,0.2273,0.0952,0.3592,0.1408,FCC
1,1.95,4.683,0.0286,0.1209,0.2269,0.0942,0.3581,0.1429,FCC
4,1.9,4.7555,0.0306,0.1254,0.2275,0.1024,0.3622,0.1335,FCC
3,1.9,4.723,0.0308,0.1256,0.2275,0.1013,0.361,0.1358,FCC
4,1.9,4.6905,0.0305,0.1253,0.2273,0.1002,0.3597,0.138,FCC
2,2.05,4.888,0.0264,0.1151,0.2266,0.0824,0.3659,0.1401,FCC
3,2.05,4.8555,0.0272,0.1152,0.227,0.0819,0.3651,0.1423,FCC
4,2.05,4.823,0.0274,0.1148,0.2272,0.0814,0.3642,0.1445,FCC
2,2.05,4.7905,0.0272,0.1139,0.2272,0.0808,0.3633,0.1466,FCC
1,2.05,4.758,0.0264,0.1124,0.227,0.0802,0.3624,0.1487,FCC
3,2.05,4.7255,0.0252,0.1103,0.2266,0.0795,0.3615,0.1507,FCC
3,2,4.8305,0.0278,0.1184,0.2271,0.0906,0.3686,0.1392,FCC
1,2,4.798,0.0282,0.1183,0.2273,0.0899,0.3676,0.1415,FCC
3,2,4.7655,0.0281,0.1176,0.2273,0.0892,0.3665,0.1437,FCC
2,2,4.733,0.0274,0.1165,0.2271,0.0884,0.3655,0.1458,FCC
4,2,4.7005,0.0263,0.1148,0.2267,0.0875,0.3644,0.1479,FCC
4,1.95,4.8055,0.0285,0.1213,0.2271,0.0976,0.3695,0.1358,FCC
3,1.95,4.773,0.029,0.1215,0.2273,0.0967,0.3683,0.1382,FCC
3,1.95,4.7405,0.0289,0.1211,0.2273,0.0958,0.367,0.1405,FCC
1,1.95,4.708,0.0284,0.1203,0.2271,0.0948,0.3658,0.1427,FCC
2,1.9,4.7805,0.0292,0.1241,0.2271,0.103,0.3673,0.1321,FCC
3,1.9,4.7155,0.0298,0.1244,0.2274,0.1009,0.3643,0.137,FCC
4,1.85,4.7555,0.0298,0.1266,0.2272,0.1072,0.3613,0.1281,FCC
4,2.05,4.913,0.0247,0.1136,0.226,0.0826,0.3768,0.1385,FCC
4,2.05,4.8805,0.0259,0.114,0.2266,0.0822,0.3758,0.1409,FCC
4,2.05,4.848,0.0265,0.1138,0.2269,0.0817,0.3748,0.1433,FCC
4,2.05,4.8155,0.0266,0.1131,0.2271,0.0811,0.3738,0.1456,FCC
1,2.05,4.783,0.0262,0.1119,0.2271,0.0805,0.3727,0.1478,FCC
3,2.05,4.7505,0.0253,0.1101,0.2269,0.0799,0.3716,0.15,FCC
2,2,4.823,0.0271,0.1172,0.227,0.0903,0.3755,0.1396,FCC
2,2,4.7905,0.0274,0.1168,0.2271,0.0896,0.3743,0.142,FCC
4,2,4.758,0.0271,0.1159,0.2271,0.0888,0.373,0.1443,FCC
3,2,4.7255,0.0263,0.1144,0.2269,0.088,0.3717,0.1466,FCC
4,1.95,4.798,0.0278,0.1203,0.227,0.0972,0.3731,0.1356,FCC
4,1.95,4.7655,0.0281,0.1202,0.2272,0.0963,0.3716,0.1382,FCC
2,1.95,4.733,0.028,0.1196,0.2272,0.0954,0.3701,0.1406,FCC
4,1.9,4.773,0.0285,0.1232,0.2271,0.1026,0.3668,0.1314,FCC
2,1.9,4.7405,0.0289,0.1233,0.2272,0.1016,0.365,0.134,FCC
1,1.85,4.667,0.0421,0.1521,0.2788,0.1136,0.3452,0.0941,BCC+FCC
1,1.8,4.6745,0.0428,0.1532,0.2791,0.1157,0.3502,0.0916,BCC+FCC
1,1.75,4.682,0.0431,0.1535,0.2793,0.1169,0.3531,0.0884,BCC+FCC
3,2.1,4.752,0.035,0.1372,0.2778,0.0925,0.3161,0.1089,FCC
4,2.05,4.6945,0.0347,0.1393,0.2772,0.098,0.3269,0.1112,FCC
2,2,4.6695,0.0359,0.1426,0.2772,0.1028,0.3365,0.1117,FCC
4,1.95,4.677,0.0383,0.1464,0.278,0.1076,0.345,0.1099,FCC
4,1.9,4.6195,0.0383,0.1487,0.2774,0.1085,0.35,0.1114,FCC
1,1.8,4.667,0.0419,0.1528,0.279,0.115,0.3581,0.1031,BCC+FCC
1,1.75,4.6095,0.043,0.1556,0.2788,0.1119,0.355,0.1037,BCC+FCC
2,2.05,4.687,0.0333,0.1374,0.277,0.0976,0.3434,0.1238,FCC
4,2,4.662,0.0346,0.141,0.2771,0.1023,0.351,0.1232,FCC
4,1.95,4.637,0.0358,0.1442,0.2772,0.1058,0.3565,0.1223,FCC
4,2.1,4.7695,0.0339,0.135,0.2781,0.0926,0.3514,0.1304,FCC
4,2.1,4.737,0.0326,0.1335,0.2775,0.0918,0.3508,0.1321,FCC
2,2.1,4.7045,0.0308,0.1315,0.2768,0.091,0.3502,0.1338,FCC
4,2.05,4.712,0.0337,0.1371,0.2776,0.0982,0.3583,0.131,FCC
3,2,4.687,0.0348,0.1405,0.2777,0.1031,0.3639,0.1295,FCC
2,2,4.6545,0.0333,0.1391,0.2769,0.1019,0.363,0.1314,FCC
4,2.1,4.762,0.0328,0.1332,0.2779,0.0923,0.3656,0.137,FCC
4,2.1,4.7295,0.0314,0.1315,0.2774,0.0915,0.3648,0.1389,FCC
2,2.1,4.697,0.0295,0.1291,0.2766,0.0907,0.3641,0.1408,FCC
4,2.05,4.7045,0.0325,0.1353,0.2774,0.0978,0.3702,0.1371,FCC
4,2.05,4.672,0.0307,0.1333,0.2767,0.0968,0.3693,0.139,FCC
1,2,4.647,0.032,0.1372,0.2768,0.1014,0.3723,0.1369,FCC
4,1.95,4.6545,0.0347,0.1422,0.2776,0.1061,0.3738,0.1325,FCC
2,2.1,4.787,0.0327,0.1328,0.2782,0.0927,0.3782,0.1394,FCC
1,2.1,4.6895,0.0282,0.1265,0.2764,0.0903,0.3756,0.1454,FCC
4,2.05,4.7295,0.0327,0.135,0.2779,0.0983,0.3805,0.1389,FCC
4,2.05,4.697,0.0313,0.1332,0.2773,0.0974,0.3794,0.141,FCC
2,2.05,4.6645,0.0294,0.1309,0.2765,0.0964,0.3784,0.143,FCC
4,2.1,4.747,0.0306,0.1292,0.2777,0.0916,0.3866,0.1439,FCC
3,2.1,4.7145,0.029,0.1268,0.2771,0.0908,0.3855,0.1461,FCC
2,2.1,4.682,0.0269,0.1237,0.2763,0.0899,0.3844,0.1482,FCC
2,2.1,4.7395,0.0296,0.1269,0.2775,0.0913,0.3926,0.1447,FCC
4,2.05,4.747,0.0317,0.1328,0.278,0.0985,0.3909,0.1386,FCC
4,2.05,4.7145,0.0306,0.131,0.2776,0.0976,0.3894,0.1411,FCC
1,2.15,4.7485,0.04,0.1534,0.3222,0.1023,0.3316,0.0888,BCC+FCC
1,2.05,4.666,0.0406,0.1583,0.3215,0.1099,0.3517,0.0938,BCC+FCC
1,2,4.6735,0.0433,0.162,0.3224,0.1137,0.3602,0.0929,BCC+FCC
1,2.1,4.716,0.0399,0.1549,0.3221,0.1069,0.359,0.1075,BCC+FCC
1,2.05,4.7885,0.0431,0.1591,0.3238,0.1141,0.3688,0.1017,BCC+FCC
1,2.05,4.756,0.0429,0.1591,0.3235,0.113,0.3681,0.1037,BCC+FCC
1,2.05,4.691,0.041,0.1579,0.3222,0.1107,0.3667,0.1075,BCC+FCC
1,2.1,4.806,0.0415,0.1558,0.3236,0.1095,0.3752,0.1134,BCC+FCC
1,2.1,4.7735,0.0411,0.1554,0.3233,0.1085,0.3745,0.1154,BCC+FCC
1,2.15,4.816,0.0391,0.1506,0.3234,0.1034,0.3937,0.1289,BCC+FCC
1,2.2,4.73,0.0427,0.1646,0.3624,0.1099,0.3802,0.105,BCC+FCC
1,2.2,4.6975,0.0404,0.1625,0.3613,0.1088,0.3796,0.1068,BCC+FCC
1,2.2,4.7225,0.0415,0.1627,0.3622,0.1095,0.394,0.1169,BCC+FCC
4,1.7,4.639,0.0387,0.1731,0.1716,0.1762,0.3765,0.1307,FCC
2,1.8,4.643,0.0344,0.1501,0.1954,0.1037,0.362,0.1402,FCC
4,1.75,4.6505,0.0362,0.1529,0.1959,0.109,0.3608,0.1348,FCC
1,1.95,4.6285,0.0423,0.1922,0.2422,0.0919,0.4249,0.1521,BCC+FCC
3,1.85,4.6605,0.0321,0.1458,0.1952,0.098,0.368,0.1448,FCC
1,1.8,4.6595,0.0411,0.1806,0.2225,0.1107,0.3905,0.1364,BCC+FCC
4,1.8,4.668,0.0342,0.1493,0.1957,0.1043,0.3667,0.1392,FCC
1,1.75,4.667,0.0431,0.1834,0.2231,0.1163,0.3814,0.1293,BCC+FCC
1,1.7,4.6745,0.0443,0.1853,0.2235,0.1212,0.3669,0.1215,BCC+FCC
4,1.9,4.678,0.0298,0.1408,0.1949,0.0908,0.374,0.1487,FCC
4,1.85,4.6855,0.0321,0.1452,0.1955,0.0985,0.3724,0.1427,FCC
1,1.8,4.6845,0.0412,0.1801,0.2229,0.1111,0.3863,0.1315,BCC+FCC
1,1.75,4.692,0.0427,0.1826,0.2233,0.1169,0.3714,0.1235,BCC+FCC
2,1.9,4.703,0.03,0.1405,0.1952,0.0912,0.3781,0.1456,FCC
4,1.85,4.7105,0.0318,0.1445,0.1956,0.0989,0.3728,0.1388,FCC
1,1.7,4.5545,0.0455,0.1752,0.2511,0.1167,0.3578,0.1103,BCC+FCC
1,1.75,4.572,0.043,0.1721,0.2508,0.1156,0.3639,0.12,BCC+FCC
1,1.7,4.5795,0.0452,0.1742,0.2517,0.1178,0.3632,0.1158,BCC+FCC
1,1.9,4.591,0.0402,0.1881,0.2703,0.1116,0.4046,0.1406,BCC+FCC
1,1.7,4.6295,0.0438,0.1721,0.2523,0.12,0.3616,0.1182,BCC+FCC
1,1.95,4.6,0.0484,0.207,0.2893,0.111,0.4362,0.1434,BCC+FCC
1,1.8,4.6395,0.0405,0.1672,0.2517,0.115,0.3757,0.1293,BCC+FCC
1,1.9,4.641,0.0423,0.1883,0.2724,0.1126,0.4089,0.1369,BCC+FCC
1,1.85,4.6485,0.0453,0.1924,0.2734,0.1181,0.3994,0.1299,BCC+FCC
1,2.05,4.635,0.0461,0.1944,0.2886,0.0945,0.4467,0.1486,BCC+FCC
1,1.95,4.675,0.0504,0.2085,0.2931,0.1117,0.4186,0.1267,BCC+FCC
1,1.9,4.691,0.044,0.1882,0.2738,0.1135,0.3928,0.1257,BCC+FCC
1,2.05,4.59,0.043,0.1855,0.3119,0.1078,0.4291,0.1455,BCC+FCC
1,1.9,4.621,0.0421,0.1767,0.298,0.1167,0.3944,0.1296,BCC+FCC
1,2.1,4.6575,0.0431,0.1806,0.3146,0.1014,0.4368,0.1422,BCC+FCC
1,2.05,4.665,0.0449,0.188,0.3161,0.1089,0.426,0.1347,BCC+FCC
1,2.15,4.5715,0.0451,0.1847,0.3489,0.1098,0.4476,0.1458,BCC+FCC
1,2.2,4.619,0.0433,0.1726,0.3747,0.1126,0.4404,0.1382,BCC+FCC
3,1.75,4.6415,0.0374,0.1813,0.1643,0.203,0.3371,0.1377,FCC
4,1.85,4.6765,0.0328,0.1736,0.1639,0.1905,0.3495,0.1467,FCC
4,1.9,4.694,0.0305,0.1689,0.1636,0.1834,0.3556,0.15,FCC
4,1.85,4.7015,0.0333,0.1733,0.1637,0.1902,0.3538,0.1438,FCC
3,1.95,4.658,0.0337,0.1802,0.2261,0.1919,0.3697,0.147,FCC
2,1.9,4.6655,0.0367,0.1852,0.2266,0.1982,0.3679,0.1412,FCC
3,1.95,4.683,0.0344,0.1804,0.2264,0.1917,0.3736,0.1443,FCC
3,1.9,4.674,0.0355,0.2065,0.2677,0.2137,0.3377,0.1448,FCC
4,1.95,4.6915,0.0332,0.2027,0.2678,0.2067,0.344,0.1487,FCC
4,1.85,4.7065,0.0386,0.2088,0.2635,0.2197,0.3407,0.1364,FCC
4,1.8,4.6665,0.0322,0.1336,0.1754,0.1157,0.3349,0.1347,FCC
1,1.95,4.629,0.0467,0.1833,0.2068,0.1313,0.3216,0.1248,BCC+FCC
4,1.95,4.649,0.0343,0.1551,0.1917,0.1174,0.3376,0.1387,FCC
4,1.85,4.674,0.0351,0.1494,0.185,0.1234,0.3347,0.1325,FCC
2,1.85,4.684,0.0301,0.1291,0.1752,0.1097,0.341,0.1389,FCC
4,1.8,4.6815,0.0369,0.1531,0.1855,0.1301,0.3259,0.1256,FCC
4,1.95,4.674,0.0348,0.1556,0.1927,0.1172,0.3389,0.1353,FCC
3,1.95,4.684,0.0303,0.1383,0.1839,0.1071,0.3453,0.1422,FCC
4,1.9,4.6915,0.033,0.1443,0.1847,0.1158,0.3405,0.1356,FCC
4,1.85,4.709,0.0297,0.1284,0.1752,0.11,0.342,0.1358,FCC
4,1.8,4.7065,0.0364,0.1524,0.1855,0.1303,0.3167,0.1204,FCC
1,1.7,4.603,0.0427,0.1595,0.236,0.1318,0.3333,0.1111,BCC+FCC
3,1.85,4.6055,0.0363,0.1504,0.2343,0.1218,0.3443,0.1282,FCC
1,2.05,4.5955,0.0428,0.1693,0.2492,0.1276,0.3503,0.135,BCC+FCC
3,1.95,4.6405,0.0312,0.1398,0.2338,0.1114,0.3567,0.1403,FCC
2,1.9,4.648,0.0342,0.1452,0.2347,0.1176,0.3553,0.135,FCC
1,2,4.658,0.0287,0.1333,0.2335,0.1045,0.3627,0.145,FCC
2,1.95,4.6655,0.0319,0.1398,0.2344,0.1117,0.3612,0.1393,FCC
2,1.9,4.673,0.0344,0.1448,0.2351,0.118,0.3562,0.1331,FCC
3,2.05,4.6655,0.0323,0.1436,0.2402,0.1094,0.3653,0.1427,FCC
4,2,4.683,0.0296,0.1336,0.2342,0.1048,0.367,0.1429,FCC
4,1.9,4.698,0.0343,0.1443,0.2354,0.1184,0.3521,0.1293,FCC
4,1.85,4.7055,0.0356,0.1478,0.2356,0.1239,0.3369,0.1216,FCC
4,1.85,4.649,0.0272,0.11,0.1657,0.1118,0.3342,0.1565,FCC
2,1.9,4.6665,0.0249,0.104,0.1655,0.1074,0.3406,0.1614,FCC
4,1.85,4.674,0.0267,0.1091,0.1658,0.1125,0.3417,0.1567,FCC
2,1.95,4.684,0.0226,0.0969,0.1652,0.102,0.347,0.1655,FCC
3,1.9,4.6915,0.0246,0.1033,0.1656,0.108,0.3479,0.1605,FCC
2,2,4.648,0.0259,0.1155,0.2268,0.1094,0.3613,0.1615,FCC
4,2.05,4.6655,0.0234,0.1074,0.2266,0.1041,0.3675,0.1657,FCC
1,1.85,4.846,0.0516,0.2073,0.2485,0.1115,0.4275,0.1249,BCC+FCC
1,1.95,4.8685,0.0472,0.1903,0.2751,0.1099,0.4196,0.1261,BCC+FCC
1,1.9,4.836,0.0472,0.1915,0.2751,0.1165,0.4191,0.1205,BCC+FCC
1,1.9,4.8285,0.0467,0.191,0.275,0.1162,0.4146,0.1175,BCC+FCC
1,2,4.871,0.0453,0.1862,0.2748,0.1013,0.4295,0.1246,BCC+FCC
1,1.85,4.8135,0.0461,0.1794,0.3004,0.1277,0.3931,0.1012,BCC+FCC
1,2.1,4.834,0.0604,0.2224,0.3387,0.1075,0.4655,0.1304,BCC+FCC
1,2,4.866,0.0433,0.1738,0.3001,0.1142,0.4107,0.1218,BCC+FCC
1,2.1,4.8935,0.041,0.1671,0.2997,0.0996,0.426,0.1285,BCC+FCC
1,2.05,4.8685,0.0414,0.1695,0.2998,0.1072,0.4204,0.1235,BCC+FCC
1,2.15,4.8315,0.057,0.2084,0.3609,0.114,0.4569,0.127,BCC+FCC
1,2.15,4.824,0.0563,0.2071,0.3608,0.1139,0.4605,0.1265,BCC+FCC
1,2.15,4.865,0.048,0.1817,0.343,0.1098,0.4353,0.1268,BCC+FCC
1,2.15,4.8165,0.0556,0.2056,0.3606,0.1137,0.4599,0.1244,BCC+FCC
1,2.15,4.85,0.0468,0.1791,0.3428,0.1093,0.4383,0.1242,BCC+FCC
1,2.1,4.825,0.0474,0.1818,0.3428,0.1153,0.4276,0.1189,BCC+FCC
1,1.9,4.8315,0.0507,0.1871,0.2052,0.1325,0.3272,0.1098,BCC+FCC
4,1.95,4.9115,0.0323,0.1444,0.184,0.1065,0.3557,0.1238,FCC
1,1.95,4.8305,0.0497,0.1833,0.252,0.1359,0.3503,0.1098,BCC+FCC
1,1.95,4.823,0.0491,0.1824,0.2519,0.1359,0.3561,0.1122,BCC+FCC
1,2.05,4.858,0.0468,0.1755,0.2516,0.1177,0.3681,0.121,BCC+FCC
1,2,4.822,0.0481,0.1786,0.2929,0.1355,0.3778,0.1125,BCC+FCC
1,1.95,4.7895,0.048,0.1799,0.2928,0.1413,0.3699,0.1085,BCC+FCC
1,1.95,4.782,0.0474,0.179,0.2927,0.1412,0.36,0.1067,BCC+FCC
1,2.05,4.782,0.0515,0.1873,0.2986,0.1376,0.3636,0.1088,BCC+FCC
1,2.05,4.786,0.0541,0.1916,0.3361,0.1433,0.3914,0.1065,BCC+FCC
1,2.05,4.7785,0.0534,0.1905,0.3359,0.1431,0.3925,0.1089,BCC+FCC
1,2,4.669,0.0351,0.1229,0.1733,0.1847,0.3132,0.2125,FCC
1,1.9,4.664,0.0348,0.1265,0.1723,0.1754,0.3337,0.2053,FCC
4,2,4.829,0.0345,0.1596,0.1709,0.1327,0.2792,0.1235,FCC
3,2,4.7965,0.0332,0.1586,0.1714,0.1332,0.2791,0.1248,FCC
3,2,4.8215,0.0335,0.1582,0.1708,0.1328,0.3043,0.1355,FCC
3,2,4.789,0.032,0.157,0.1713,0.1333,0.3042,0.1369,FCC
3,2,4.879,0.034,0.1583,0.169,0.1319,0.3276,0.1408,FCC
3,2,4.8465,0.0335,0.1577,0.17,0.1324,0.3275,0.1425,FCC
2,2,4.814,0.0324,0.1567,0.1707,0.1329,0.3273,0.1441,FCC
1,2,4.904,0.0334,0.1576,0.1679,0.1315,0.3491,0.1448,FCC
4,2,4.8715,0.0332,0.1572,0.169,0.132,0.3488,0.1467,FCC
2,2,4.839,0.0325,0.1564,0.1699,0.1325,0.3486,0.1485,FCC
4,2,4.774,0.0296,0.1534,0.171,0.1335,0.3481,0.152,FCC
4,2,4.929,0.0325,0.1567,0.1665,0.1311,0.3689,0.1465,FCC
1,2,4.8965,0.0327,0.1565,0.1678,0.1316,0.3686,0.1485,FCC
4,2,4.864,0.0324,0.1559,0.1689,0.1321,0.3683,0.1505,FCC
2,2,4.8315,0.0316,0.1548,0.1698,0.1326,0.368,0.1524,FCC
2,2,4.9215,0.0319,0.1557,0.1665,0.1312,0.3868,0.1482,FCC
3,2,4.889,0.032,0.1553,0.1678,0.1317,0.3865,0.1504,FCC
4,2.05,4.8405,0.0321,0.1379,0.1959,0.058,0.3183,0.1421,FCC
4,2.05,4.808,0.0313,0.137,0.1957,0.058,0.3179,0.1438,FCC
3,2.05,4.8005,0.0303,0.1353,0.1955,0.0578,0.3362,0.1498,FCC
4,2.05,4.8905,0.0307,0.1363,0.1955,0.0576,0.3542,0.1479,FCC
4,2.05,4.858,0.0307,0.1358,0.1957,0.0577,0.3536,0.1499,FCC
4,2.05,4.8255,0.0302,0.1349,0.1956,0.0577,0.353,0.1518,FCC
2,2.05,4.793,0.0292,0.1335,0.1953,0.0577,0.3524,0.1537,FCC
3,2.05,4.883,0.0299,0.135,0.1954,0.0575,0.3686,0.1497,FCC
4,2.05,4.8505,0.0298,0.1343,0.1955,0.0576,0.3679,0.1518,FCC
3,2.05,4.818,0.0292,0.1332,0.1955,0.0576,0.3671,0.1539,FCC
3,2.05,4.7855,0.0281,0.1315,0.1952,0.0576,0.3664,0.1559,FCC
1,2.05,4.908,0.029,0.1342,0.1949,0.0573,0.3815,0.1477,FCC
2,2.05,4.8755,0.0292,0.1337,0.1953,0.0574,0.3806,0.15,FCC
4,2.05,4.843,0.029,0.1327,0.1954,0.0575,0.3798,0.1522,FCC
2,2.05,4.8105,0.0283,0.1313,0.1953,0.0575,0.3789,0.1544,FCC
1,2.1,4.6975,0.0486,0.2033,0.2897,0.0844,0.3966,0.1428,BCC+FCC
1,2.1,4.796,0.0435,0.183,0.2735,0.0805,0.375,0.1391,BCC+FCC
1,2.1,4.7,0.0474,0.1968,0.2905,0.084,0.4457,0.1516,BCC+FCC
1,2.1,4.7825,0.0499,0.2013,0.2939,0.0837,0.4577,0.1399,BCC+FCC
1,2.1,4.7175,0.0475,0.1952,0.2916,0.0838,0.4548,0.1452,BCC+FCC
1,2.1,4.685,0.0462,0.1913,0.29,0.0838,0.4533,0.1478,BCC+FCC
1,2.15,4.744,0.0553,0.2154,0.3345,0.0979,0.4401,0.1404,BCC+FCC
1,2.15,4.7525,0.0468,0.1918,0.3168,0.0941,0.4042,0.1374,BCC+FCC
1,2.15,4.6715,0.0516,0.2066,0.3307,0.0976,0.4499,0.1473,BCC+FCC
1,2.15,4.835,0.0497,0.1939,0.3193,0.0944,0.4315,0.1385,BCC+FCC
1,2.15,4.8435,0.0415,0.1659,0.2996,0.0902,0.3969,0.1379,BCC+FCC
1,2.15,4.664,0.0509,0.2038,0.3305,0.0975,0.4585,0.1486,BCC+FCC
1,2.15,4.7625,0.0462,0.1881,0.3174,0.0939,0.4389,0.1439,BCC+FCC
1,2.15,4.779,0.0554,0.2124,0.3364,0.0977,0.4717,0.1363,BCC+FCC
1,2.15,4.7875,0.0468,0.1885,0.3182,0.094,0.4462,0.141,BCC+FCC
1,2.15,4.845,0.0488,0.1907,0.3195,0.0942,0.4517,0.1335,BCC+FCC
1,2.15,4.886,0.0405,0.1638,0.2997,0.0902,0.4267,0.1357,BCC+FCC
1,2.15,4.78,0.0462,0.1865,0.3181,0.0938,0.4489,0.1389,BCC+FCC
1,2.2,4.652,0.0607,0.2329,0.3829,0.1125,0.5002,0.141,BCC+FCC
1,2.2,4.7015,0.0496,0.1962,0.3552,0.105,0.4422,0.1399,BCC+FCC
1,2.2,4.8325,0.0465,0.1782,0.3422,0.1018,0.4228,0.1333,BCC+FCC
1,2.2,4.735,0.0419,0.1718,0.3396,0.1003,0.4204,0.1397,BCC+FCC
1,2.2,4.8165,0.0541,0.2026,0.3599,0.1059,0.4613,0.1334,BCC+FCC
1,2.2,4.8575,0.0468,0.178,0.3426,0.102,0.4331,0.133,BCC+FCC
1,2.2,4.825,0.0457,0.1766,0.3421,0.1015,0.4321,0.1353,BCC+FCC
1,2.2,4.719,0.0497,0.1945,0.3564,0.105,0.4578,0.1407,BCC+FCC
1,2.2,4.695,0.0401,0.1659,0.3381,0.0995,0.4282,0.1443,BCC+FCC
1,2.2,4.8175,0.0448,0.1748,0.3419,0.1013,0.4386,0.1357,BCC+FCC
1,2.2,4.7525,0.0419,0.17,0.3403,0.1004,0.4362,0.1406,BCC+FCC
1,2.2,4.8015,0.0527,0.1988,0.3596,0.1056,0.4631,0.1292,BCC+FCC
1,2.2,4.769,0.0512,0.1961,0.3586,0.1053,0.4614,0.132,BCC+FCC
1,2.2,4.7125,0.0401,0.164,0.3391,0.0996,0.4371,0.1422,BCC+FCC
1,2.25,4.689,0.0469,0.1854,0.3759,0.1095,0.3932,0.1067,BCC+FCC
1,2.25,4.649,0.0447,0.1792,0.3738,0.1085,0.4079,0.1214,BCC+FCC
1,2.25,4.7715,0.0499,0.189,0.38,0.1109,0.4236,0.1231,BCC+FCC
1,2.25,4.739,0.0484,0.1866,0.3787,0.1103,0.423,0.1251,BCC+FCC
1,2.25,4.7065,0.0469,0.1837,0.3772,0.1096,0.4223,0.127,BCC+FCC
1,2.25,4.609,0.0425,0.1715,0.3714,0.1074,0.4203,0.1324,BCC+FCC
1,2.25,4.764,0.0492,0.1871,0.3798,0.1106,0.4352,0.1291,BCC+FCC
1,2.25,4.7315,0.0477,0.1844,0.3785,0.11,0.4344,0.1312,BCC+FCC
1,2.25,4.6665,0.0447,0.1774,0.3753,0.1086,0.4327,0.1352,BCC+FCC
1,2.25,4.634,0.0432,0.173,0.3733,0.1079,0.4319,0.1372,BCC+FCC
1,2.25,4.6015,0.0418,0.1679,0.3711,0.1071,0.4311,0.1391,BCC+FCC
1,2.25,4.8215,0.0515,0.1894,0.3816,0.1115,0.4461,0.1282,BCC+FCC
1,2.25,4.594,0.041,0.164,0.3709,0.1067,0.4392,0.1434,BCC+FCC
1,2.25,4.7165,0.0463,0.1794,0.3781,0.1094,0.4491,0.137,BCC+FCC
1,2.25,4.684,0.0448,0.1756,0.3766,0.1087,0.4479,0.1393,BCC+FCC
1,2.25,4.6515,0.0433,0.1711,0.3748,0.108,0.4467,0.1415,BCC+FCC
1,2.25,4.774,0.0485,0.1832,0.3804,0.1104,0.4542,0.1322,BCC+FCC
1,2.25,4.709,0.0455,0.1767,0.3779,0.1092,0.4514,0.1372,BCC+FCC
1,2.25,4.6765,0.0441,0.1725,0.3764,0.1084,0.4499,0.1397,BCC+FCC
1,2.25,4.799,0.0493,0.1837,0.3812,0.1108,0.4542,0.1278,BCC+FCC
1,2.25,4.7665,0.0478,0.1809,0.3802,0.1102,0.4525,0.1306,BCC+FCC
1,2.25,4.7015,0.0448,0.1738,0.3777,0.1089,0.4489,0.136,BCC+FCC
4,2,4.789,0.0355,0.1722,0.1644,0.1664,0.2449,0.1195,FCC
4,2,4.814,0.0357,0.1717,0.1642,0.1659,0.2697,0.131,FCC
4,2,4.839,0.0357,0.1711,0.1638,0.1655,0.2918,0.1386,FCC
3,2,4.774,0.0331,0.1693,0.1641,0.1666,0.2909,0.1419,FCC
4,2,4.864,0.0354,0.1705,0.1632,0.165,0.3116,0.1432,FCC
3,2,4.7665,0.0319,0.1677,0.1639,0.1668,0.31,0.1486,FCC
3,2,4.889,0.0348,0.1698,0.1624,0.1646,0.3293,0.1453,FCC
2,2,4.8565,0.0345,0.1694,0.1631,0.1652,0.3286,0.1473,FCC
3,2,4.824,0.0338,0.1687,0.1635,0.1658,0.328,0.1493,FCC
3,2,4.7915,0.0325,0.1676,0.1638,0.1663,0.3274,0.1512,FCC
4,2,4.914,0.0341,0.1689,0.1613,0.1641,0.3448,0.1454,FCC
2,2,4.8815,0.0341,0.1688,0.1623,0.1647,0.3441,0.1475,FCC
1,2,4.849,0.0337,0.1682,0.163,0.1653,0.3434,0.1496,FCC
3,2,4.784,0.0314,0.1659,0.1636,0.1665,0.3419,0.1538,FCC
2,2,4.939,0.033,0.168,0.1601,0.1636,0.3583,0.1435,FCC
1,2,4.9065,0.0335,0.168,0.1613,0.1642,0.3574,0.1458,FCC
2,2,4.874,0.0334,0.1677,0.1622,0.1649,0.3565,0.1481,FCC
3,2,4.8415,0.0329,0.1669,0.1628,0.1655,0.3557,0.1503,FCC
1,2,4.809,0.0319,0.1658,0.1633,0.166,0.3548,0.1526,FCC
4,2,4.7765,0.0303,0.1642,0.1635,0.1666,0.3538,0.1547,FCC
3,2.05,4.723,0.0337,0.1774,0.2263,0.177,0.3416,0.1468,FCC
3,2.05,4.748,0.0345,0.1777,0.2266,0.1766,0.3564,0.149,FCC
4,2.05,4.7155,0.0334,0.1753,0.2261,0.1771,0.3556,0.1509,FCC
3,2.05,4.7405,0.0338,0.1757,0.2264,0.1767,0.3681,0.1511,FCC
4,2.05,4.708,0.033,0.1731,0.2259,0.1771,0.3672,0.1532,FCC
4,2.05,4.779,0.0369,0.2041,0.2676,0.1902,0.2466,0.1244,FCC
4,2.05,4.7965,0.0365,0.2026,0.2656,0.1899,0.2915,0.1421,FCC
4,2.05,4.789,0.0354,0.2014,0.2657,0.19,0.3098,0.1477,FCC
3,2.05,4.7565,0.0334,0.2002,0.2677,0.1906,0.3092,0.1495,FCC
4,2.05,4.7815,0.0343,0.2001,0.2657,0.1902,0.3258,0.1512,FCC
3,2.05,4.749,0.0322,0.1987,0.2678,0.1908,0.325,0.1532,FCC
1,2.05,4.6915,0.0481,0.1875,0.2062,0.1073,0.2607,0.1018,BCC+FCC
1,2.05,4.7165,0.0489,0.1882,0.2079,0.1067,0.281,0.1129,BCC+FCC
1,2.05,4.684,0.0474,0.1849,0.2059,0.1076,0.2804,0.1147,BCC+FCC
1,2.05,4.619,0.0445,0.1767,0.201,0.1093,0.2791,0.1183,BCC+FCC
4,2.05,4.6615,0.0403,0.168,0.1969,0.103,0.2704,0.1175,FCC
4,2.05,4.7465,0.0334,0.1415,0.184,0.085,0.2478,0.114,FCC
4,2.05,4.789,0.0307,0.1224,0.1753,0.0715,0.2339,0.1112,FCC
3,2.05,4.804,0.0354,0.1429,0.1854,0.0842,0.2718,0.1241,FCC
3,2.05,4.739,0.0321,0.1393,0.1838,0.085,0.2709,0.1273,FCC
2,2.05,4.829,0.0354,0.1425,0.1856,0.0838,0.2927,0.1316,FCC
4,2.05,4.7965,0.0343,0.1412,0.1852,0.0842,0.2922,0.1334,FCC
3,2.05,4.839,0.0299,0.1209,0.1755,0.0711,0.2823,0.1336,FCC
4,2.05,4.7315,0.0308,0.137,0.1836,0.085,0.2911,0.1368,FCC
3,2.05,4.774,0.0283,0.1185,0.1749,0.0714,0.2815,0.1369,FCC
3,2.05,4.864,0.0292,0.12,0.1753,0.0708,0.3027,0.1393,FCC
4,2.05,4.789,0.0333,0.1393,0.185,0.0843,0.3101,0.1399,FCC
3,2.05,4.799,0.0283,0.1181,0.1752,0.0712,0.3016,0.1428,FCC
1,2.05,4.5965,0.0423,0.1657,0.2,0.1098,0.3207,0.1381,BCC+FCC
4,2.05,4.879,0.0345,0.1412,0.1855,0.083,0.3277,0.1379,FCC
4,2.05,4.889,0.0282,0.119,0.1749,0.0706,0.3208,0.1423,FCC
1,2.05,4.6865,0.046,0.1775,0.2068,0.1075,0.3323,0.1334,BCC+FCC
4,2.05,4.814,0.0335,0.1391,0.1853,0.0839,0.3262,0.1421,FCC
1,2.05,4.654,0.0446,0.173,0.2048,0.1084,0.3311,0.1358,BCC+FCC
4,2.05,4.824,0.028,0.1176,0.1752,0.071,0.3195,0.1462,FCC
4,2.05,4.904,0.0337,0.1405,0.1851,0.0825,0.3419,0.1376,FCC
3,2.05,4.914,0.0269,0.1178,0.1743,0.0703,0.3367,0.143,FCC
1,2.05,4.8815,0.0275,0.1176,0.1748,0.0705,0.336,0.1451,FCC
4,2.05,4.8065,0.0325,0.1371,0.1851,0.084,0.3393,0.1444,FCC
2,2.05,4.849,0.0275,0.1169,0.175,0.0708,0.3353,0.1472,FCC
4,2.05,4.699,0.0334,0.1463,0.1915,0.0951,0.339,0.1456,FCC
3,2.05,4.7415,0.0292,0.1323,0.1839,0.0848,0.3375,0.1486,FCC
4,2.05,4.784,0.0262,0.1138,0.1748,0.0711,0.3338,0.1513,FCC
2,2.05,4.8965,0.0331,0.1392,0.185,0.0826,0.3526,0.1378,FCC
3,2.05,4.939,0.0254,0.1166,0.1735,0.0699,0.3505,0.1417,FCC
2,2.05,4.864,0.0331,0.1383,0.1852,0.0831,0.3516,0.1403,FCC
4,2.05,4.9065,0.0263,0.1166,0.1742,0.0703,0.3496,0.144,FCC
1,2.05,4.6615,0.0491,0.1826,0.2129,0.1117,0.328,0.124,BCC+FCC
4,2.05,4.8315,0.0326,0.1369,0.1852,0.0836,0.3506,0.1426,FCC
4,2.05,4.874,0.0267,0.1161,0.1746,0.0705,0.3488,0.1463,FCC
4,2.05,4.799,0.0315,0.135,0.1849,0.084,0.3495,0.145,FCC
4,2.05,4.8415,0.0267,0.1151,0.1749,0.0707,0.3479,0.1485,FCC
3,2.05,4.809,0.0261,0.1135,0.1749,0.0709,0.347,0.1507,FCC
4,2.05,4.734,0.0281,0.1295,0.1837,0.0848,0.3474,0.1495,FCC
3,2.05,4.7765,0.0251,0.1113,0.1747,0.071,0.3461,0.1528,FCC
1,2.1,4.6905,0.0472,0.184,0.2524,0.1163,0.2881,0.0995,BCC+FCC
4,2.1,4.753,0.0341,0.1388,0.2344,0.0874,0.2523,0.0914,FCC
4,2.1,4.703,0.0342,0.1522,0.24,0.0998,0.2875,0.114,FCC
2,2.1,4.7455,0.0328,0.1368,0.2342,0.0873,0.2763,0.1116,FCC
4,2.1,4.7705,0.0333,0.1366,0.2349,0.0873,0.2981,0.1241,FCC
1,2.1,4.7005,0.0465,0.1797,0.2535,0.1161,0.3366,0.1274,BCC+FCC
4,2.1,4.763,0.0321,0.1346,0.2347,0.0872,0.3172,0.1341,FCC
1,2.1,4.833,0.0459,0.1732,0.2511,0.1074,0.3478,0.1274,BCC+FCC
1,2.1,4.768,0.0425,0.1692,0.2496,0.1083,0.3461,0.1318,BCC+FCC
4,2.1,4.8205,0.0336,0.136,0.2355,0.0871,0.3352,0.1375,FCC
4,2.1,4.7455,0.0355,0.1506,0.2417,0.0994,0.3404,0.1379,FCC
4,2.1,4.788,0.0325,0.1345,0.2351,0.0871,0.3346,0.1394,FCC
3,2.1,4.7555,0.031,0.1324,0.2345,0.0871,0.334,0.1412,FCC
4,2.1,4.723,0.0289,0.1297,0.2337,0.0869,0.3333,0.143,FCC
1,2.1,4.8255,0.0451,0.1715,0.2509,0.1075,0.3587,0.1299,BCC+FCC
4,2.1,4.878,0.0336,0.1364,0.2356,0.087,0.3514,0.1379,FCC
4,2.1,4.813,0.0326,0.1342,0.2354,0.0871,0.3499,0.142,FCC
3,2.1,4.7805,0.0315,0.1324,0.235,0.087,0.3492,0.144,FCC
3,2.1,4.748,0.0298,0.13,0.2344,0.0869,0.3485,0.1459,FCC
4,2.1,4.673,0.0318,0.1409,0.2392,0.0997,0.3512,0.1458,FCC
4,2.1,4.7155,0.0276,0.1269,0.2335,0.0868,0.3477,0.1479,FCC
1,2.1,4.818,0.0443,0.1696,0.2508,0.1075,0.3666,0.1306,BCC+FCC
2,2.1,4.903,0.0327,0.1356,0.2354,0.0869,0.3648,0.1379,FCC
4,2.1,4.8705,0.0328,0.135,0.2355,0.0869,0.364,0.1402,FCC
2,2.1,4.838,0.0325,0.1339,0.2355,0.087,0.3631,0.1424,FCC
2,2.1,4.8055,0.0317,0.1323,0.2353,0.087,0.3623,0.1446,FCC
2,2.1,4.773,0.0304,0.1301,0.2348,0.0869,0.3614,0.1467,FCC
4,2.1,4.7405,0.0286,0.1273,0.2342,0.0868,0.3605,0.1488,FCC
4,2.1,4.863,0.0321,0.1334,0.2354,0.0869,0.374,0.1408,FCC
2,2.1,4.798,0.0307,0.1301,0.2351,0.0869,0.3719,0.1455,FCC
4,2.1,4.7655,0.0293,0.1276,0.2347,0.0868,0.3709,0.1477,FCC
4,2.1,4.6905,0.0318,0.1387,0.2401,0.0995,0.3683,0.1464,FCC
2,2.1,4.733,0.0274,0.1245,0.234,0.0867,0.3698,0.1499,FCC
1,2.15,4.6895,0.0463,0.1805,0.2929,0.1214,0.3139,0.0969,BCC+FCC
1,2.15,4.732,0.0417,0.169,0.2891,0.1121,0.3043,0.094,BCC+FCC
1,2.15,4.807,0.0446,0.1693,0.2916,0.1117,0.357,0.1243,BCC+FCC
1,2.15,4.6995,0.0456,0.1761,0.2939,0.1213,0.3597,0.1269,BCC+FCC
1,2.15,4.832,0.045,0.1692,0.292,0.1115,0.3706,0.1272,BCC+FCC
1,2.15,4.7995,0.0436,0.1675,0.2914,0.1117,0.3697,0.1294,BCC+FCC
1,2.15,4.7595,0.0409,0.1631,0.2904,0.1117,0.3789,0.1347,BCC+FCC
1,2.15,4.6095,0.0456,0.172,0.2942,0.1294,0.3718,0.133,BCC+FCC
1,2.15,4.8495,0.0445,0.1674,0.2922,0.1114,0.3894,0.1286,BCC+FCC
1,2.15,4.8095,0.0425,0.1637,0.2916,0.1115,0.3922,0.1305,BCC+FCC
1,2.2,4.7035,0.0515,0.1907,0.3358,0.132,0.362,0.1068,BCC+FCC
1,2.2,4.631,0.0472,0.1796,0.3315,0.1322,0.373,0.1203,BCC+FCC
1,2.2,4.721,0.0516,0.189,0.337,0.1319,0.3857,0.1203,BCC+FCC
1,2.2,4.7635,0.0476,0.1786,0.3335,0.1226,0.3837,0.1222,BCC+FCC
1,2.2,4.741,0.0398,0.161,0.3271,0.1106,0.3783,0.1276,BCC+FCC
1,2.2,4.7885,0.0484,0.1789,0.3343,0.1226,0.3946,0.1246,BCC+FCC
1,2.2,4.681,0.049,0.1824,0.3351,0.132,0.3919,0.1265,BCC+FCC
1,2.2,4.7385,0.0516,0.1873,0.3381,0.1317,0.3984,0.1233,BCC+FCC
1,2.2,4.716,0.0447,0.1707,0.3319,0.1224,0.3994,0.1318,BCC+FCC
1,2.2,4.7835,0.0409,0.1594,0.3285,0.1108,0.4081,0.1341,BCC+FCC
1,2.2,4.7235,0.05,0.1819,0.3377,0.1317,0.393,0.1214,BCC+FCC
1,2.05,4.589,0.0294,0.1146,0.1687,0.1716,0.1847,0.1379,FCC
1,2.05,4.609,0.0285,0.1118,0.1679,0.1603,0.1849,0.1315,FCC
1,2.05,4.5765,0.0255,0.1079,0.1662,0.1593,0.1846,0.1313,FCC
1,2.05,4.679,0.0345,0.1204,0.1718,0.1744,0.2168,0.1607,FCC
1,2.05,4.5615,0.0289,0.1138,0.1692,0.1807,0.2155,0.1674,FCC
1,2.05,4.529,0.0262,0.109,0.1673,0.1794,0.2151,0.1674,FCC
1,2.05,4.634,0.0295,0.1121,0.169,0.1609,0.2164,0.1544,FCC
1,2.05,4.6765,0.0351,0.1211,0.1732,0.1847,0.2665,0.1964,FCC
1,2.05,4.749,0.0328,0.1161,0.1712,0.1638,0.2682,0.181,FCC
1,2.05,4.6115,0.0314,0.1153,0.1715,0.1823,0.2656,0.1977,FCC
1,2.05,4.664,0.0321,0.1155,0.1714,0.1737,0.2667,0.1901,FCC
1,2.05,4.5265,0.0277,0.1083,0.1694,0.1876,0.2638,0.2052,FCC
1,2.05,4.579,0.0288,0.1112,0.1702,0.1811,0.2651,0.1983,FCC
1,2.05,4.6315,0.0302,0.1124,0.1705,0.1726,0.2662,0.1908,FCC
1,2.05,4.7365,0.0305,0.1109,0.1697,0.1493,0.2683,0.1739,FCC
4,2.05,4.5665,0.0248,0.1038,0.1679,0.1704,0.2652,0.1922,FCC
1,2.05,4.6565,0.0309,0.1128,0.1712,0.1733,0.287,0.1999,FCC
1,2.05,4.729,0.0294,0.1086,0.1696,0.149,0.2891,0.1831,FCC
1,2.05,4.5915,0.0263,0.1049,0.1691,0.1711,0.2859,0.2017,FCC
4,2.05,4.644,0.0276,0.1063,0.1693,0.1608,0.2873,0.1933,FCC
1,2.05,4.6115,0.0252,0.1022,0.1682,0.1598,0.2867,0.1942,FCC
2,2.05,4.7565,0.024,0.0947,0.1656,0.0882,0.2907,0.1571,FCC
1,2.05,4.609,0.0325,0.1153,0.173,0.1909,0.3026,0.2221,FCC
1,2.05,4.649,0.0297,0.1098,0.171,0.1729,0.3048,0.2074,FCC
1,2.05,4.754,0.0293,0.1082,0.1696,0.1495,0.308,0.1888,FCC
1,2.05,4.564,0.0263,0.1033,0.1697,0.1802,0.3023,0.2168,FCC
1,2.05,4.7215,0.0284,0.1062,0.1694,0.1487,0.3074,0.19,FCC
4,2.05,4.7815,0.0238,0.0941,0.1657,0.0884,0.31,0.162,FCC
3,2.05,4.749,0.0228,0.092,0.1654,0.088,0.3094,0.1635,FCC
2,2.05,4.8065,0.0233,0.0934,0.1655,0.0886,0.3272,0.1645,FCC
3,2.05,4.7415,0.0216,0.089,0.1652,0.0877,0.3258,0.168,FCC
4,2.05,4.929,0.0204,0.0931,0.1631,0.0897,0.3444,0.1593,FCC
3,2.05,4.7665,0.0216,0.0888,0.1653,0.088,0.3406,0.1689,FCC
4,2.05,4.734,0.0204,0.0857,0.165,0.0875,0.3398,0.1707,FCC
1,2.1,4.5905,0.0296,0.124,0.2279,0.1634,0.261,0.1563,FCC
1,2.1,4.458,0.0275,0.1135,0.225,0.1849,0.2803,0.193,FCC
1,2.1,4.5355,0.0304,0.1206,0.2284,0.181,0.3012,0.1989,FCC
1,2.1,4.588,0.0312,0.1237,0.2295,0.1739,0.3026,0.1912,FCC
1,2.1,4.5555,0.0292,0.1188,0.228,0.1726,0.302,0.1919,FCC
1,2.1,4.5755,0.0278,0.1169,0.2275,0.1625,0.3028,0.1846,FCC
4,2.1,4.4905,0.0253,0.1059,0.2242,0.1699,0.3009,0.1934,FCC
4,2.1,4.543,0.026,0.1113,0.2258,0.1613,0.3023,0.1854,FCC
1,2.1,4.6455,0.0347,0.1284,0.2315,0.176,0.3209,0.1987,FCC
1,2.1,4.548,0.0283,0.1147,0.2277,0.1722,0.3189,0.2015,FCC
1,2.1,4.653,0.0298,0.1199,0.2292,0.1521,0.3222,0.1837,FCC
1,2.1,4.5855,0.0327,0.1233,0.2309,0.1829,0.3337,0.2144,FCC
1,2.15,4.4745,0.0312,0.1289,0.2734,0.1792,0.2977,0.1718,FCC
1,2.15,4.5145,0.0301,0.1268,0.2731,0.1634,0.299,0.1585,FCC
1,2.15,4.487,0.0297,0.1233,0.273,0.1717,0.317,0.181,FCC
1,2.15,4.7095,0.0411,0.1967,0.2809,0.1313,0.427,0.1498,BCC+FCC
1,2.05,4.5905,0.0441,0.1739,0.2169,0.1046,0.361,0.1447,BCC+FCC
1,2.05,4.592,0.0466,0.1855,0.2329,0.0985,0.3919,0.1484,BCC+FCC
1,2.05,4.6055,0.0488,0.1861,0.2247,0.109,0.36,0.1349,BCC+FCC
1,2.05,4.6405,0.0456,0.178,0.2213,0.1035,0.367,0.1374,BCC+FCC
1,2.15,4.605,0.0494,0.191,0.3192,0.1168,0.4293,0.1395,BCC+FCC
1,2.15,4.6285,0.048,0.1819,0.3089,0.1232,0.396,0.1316,BCC+FCC
1,2.15,4.6385,0.0437,0.1711,0.3045,0.1143,0.4072,0.1394,BCC+FCC
1,2.2,4.629,0.0494,0.19,0.3562,0.1171,0.4418,0.135,BCC+FCC
1,2.05,4.635,0.0487,0.2016,0.2624,0.1033,0.4579,0.1636,BCC+FCC
1,2.1,4.624,0.0517,0.2081,0.3061,0.1148,0.4685,0.1574,BCC+FCC
1,2.1,4.6325,0.0453,0.1875,0.2885,0.1114,0.4491,0.1629,BCC+FCC
1,2.15,4.63,0.0419,0.1723,0.313,0.1169,0.4402,0.1616,BCC+FCC
4,2.1,4.403,0.0332,0.1516,0.2432,0.241,0.3261,0.2162,FCC
4,2.1,4.413,0.0309,0.1426,0.2393,0.2303,0.3265,0.2172,FCC
1,2.1,4.842,0.0543,0.1982,0.2735,0.1078,0.3969,0.1243,BCC+FCC
1,2.1,4.8345,0.0536,0.1964,0.2733,0.108,0.3977,0.1214,BCC+FCC
1,2.2,4.84,0.0524,0.1913,0.3482,0.1148,0.4374,0.1261,BCC+FCC
1,2.2,4.8325,0.0517,0.1895,0.348,0.1147,0.437,0.1238,BCC+FCC
1,2.1,4.8235,0.048,0.1855,0.2761,0.1312,0.4244,0.1666,BCC+FCC
1,2.1,4.876,0.0469,0.1844,0.2756,0.1092,0.4271,0.1525,BCC+FCC
1,2.1,4.775,0.054,0.2068,0.2959,0.1341,0.4539,0.1635,BCC+FCC
1,2.1,4.8685,0.0463,0.1831,0.2755,0.1091,0.4335,0.151,BCC+FCC
1,2.15,4.825,0.0508,0.1927,0.3201,0.1191,0.4492,0.1473,BCC+FCC
1,2.1,4.823,0.0467,0.1719,0.2519,0.1325,0.37,0.1411,BCC+FCC
1,1.5,4.639,0.0479,0.1638,0.1754,0.1005,0.3598,0.1661,BCC+FCC
1,1.45,4.614,0.049,0.166,0.1755,0.1005,0.3759,0.1685,BCC+FCC
1,1.4,4.614,0.0519,0.1748,0.1776,0.0989,0.3878,0.1832,BCC+FCC
4,1.95,4.7205,0.0364,0.1367,0.2289,0.0892,0.268,0.0934,FCC
1,1.65,4.6355,0.0441,0.1508,0.2303,0.1097,0.3492,0.1093,BCC+FCC
1,1.8,4.703,0.0426,0.1526,0.2314,0.1008,0.3199,0.1236,BCC+FCC
1,1.75,4.743,0.0443,0.1544,0.2322,0.1069,0.3357,0.1252,BCC+FCC
1,1.7,4.7505,0.0446,0.1553,0.2324,0.1108,0.3504,0.1267,BCC+FCC
1,1.7,4.653,0.0448,0.1575,0.2315,0.1062,0.3498,0.1294,BCC+FCC
1,1.65,4.6605,0.0463,0.1592,0.2321,0.1087,0.3631,0.1306,BCC+FCC
1,1.65,4.5955,0.0451,0.1599,0.2309,0.1049,0.3625,0.1324,BCC+FCC
1,1.75,4.768,0.0469,0.1619,0.2341,0.1028,0.3345,0.1413,BCC+FCC
1,1.7,4.678,0.0466,0.1642,0.2331,0.1034,0.3513,0.1453,BCC+FCC
1,1.65,4.6855,0.0484,0.1665,0.2338,0.1069,0.367,0.1475,BCC+FCC
1,1.65,4.6205,0.0465,0.1663,0.2324,0.1034,0.3668,0.1487,BCC+FCC
1,1.55,4.7005,0.0499,0.1687,0.2345,0.1111,0.3954,0.1497,BCC+FCC
1,1.55,4.603,0.0499,0.171,0.2334,0.1046,0.3949,0.1523,BCC+FCC
1,1.7,4.7355,0.0496,0.1706,0.2354,0.1011,0.3459,0.1579,BCC+FCC
1,1.7,4.703,0.0484,0.17,0.2347,0.0998,0.346,0.1581,BCC+FCC
1,1.7,4.6705,0.0466,0.169,0.2337,0.0984,0.3462,0.1583,BCC+FCC
1,1.7,4.638,0.0444,0.1676,0.2326,0.097,0.3463,0.1585,BCC+FCC
1,1.65,4.7755,0.0514,0.1728,0.2362,0.107,0.3634,0.1604,BCC+FCC
1,1.65,4.7105,0.0506,0.173,0.2354,0.1042,0.3636,0.1612,BCC+FCC
1,1.65,4.6455,0.0479,0.1719,0.2338,0.101,0.3637,0.1618,BCC+FCC
1,1.6,4.718,0.0521,0.1752,0.236,0.1076,0.3802,0.1635,BCC+FCC
1,1.6,4.6855,0.0516,0.1753,0.2355,0.1059,0.3803,0.164,BCC+FCC
1,1.6,4.6205,0.0491,0.1745,0.2339,0.1023,0.3804,0.1649,BCC+FCC
1,1.55,4.7255,0.0529,0.1765,0.2363,0.1101,0.396,0.1652,BCC+FCC
1,1.55,4.628,0.0517,0.1774,0.2349,0.1042,0.396,0.1669,BCC+FCC
1,1.7,4.728,0.0501,0.175,0.2361,0.0952,0.3355,0.1682,BCC+FCC
1,1.7,4.6305,0.0432,0.169,0.2322,0.0913,0.3362,0.1679,BCC+FCC
1,1.65,4.638,0.0467,0.1748,0.2339,0.0962,0.3552,0.1724,BCC+FCC
1,1.6,4.7105,0.0538,0.1812,0.2371,0.1034,0.373,0.1757,BCC+FCC
1,1.6,4.678,0.0524,0.1805,0.2363,0.1018,0.3732,0.1759,BCC+FCC
1,1.6,4.5805,0.0452,0.1761,0.2324,0.0965,0.3737,0.1763,BCC+FCC
1,1.55,4.6205,0.0517,0.1822,0.2353,0.1011,0.3909,0.1793,BCC+FCC
1,1.55,4.588,0.0494,0.1809,0.234,0.099,0.391,0.1796,BCC+FCC
1,1.55,4.5555,0.0466,0.1793,0.2325,0.0969,0.3911,0.1798,BCC+FCC
1,1.65,4.663,0.0485,0.1781,0.235,0.0922,0.342,0.1803,BCC+FCC
1,1.55,4.5805,0.0483,0.1826,0.2335,0.0953,0.3812,0.1889,BCC+FCC
1,1.55,4.548,0.0463,0.1799,0.2316,0.0933,0.3814,0.1889,BCC+FCC
4,2.05,4.702,0.0366,0.1466,0.2777,0.0916,0.2925,0.0911,FCC
1,1.95,4.717,0.0425,0.1553,0.2797,0.1044,0.3241,0.0987,BCC+FCC
1,1.9,4.6595,0.0423,0.1575,0.279,0.1067,0.3374,0.103,BCC+FCC
1,1.85,4.7645,0.0451,0.1591,0.281,0.1146,0.3511,0.1009,BCC+FCC
1,1.85,4.6345,0.0435,0.1602,0.279,0.1088,0.3496,0.1057,BCC+FCC
1,1.8,4.707,0.0463,0.1618,0.2808,0.1148,0.3617,0.104,BCC+FCC
1,1.75,4.747,0.0456,0.1611,0.2811,0.1187,0.3723,0.1022,BCC+FCC
1,1.75,4.7145,0.0467,0.1625,0.2811,0.1169,0.3717,0.1038,BCC+FCC
1,1.75,4.682,0.0472,0.1637,0.2809,0.1151,0.3712,0.1053,BCC+FCC
1,1.75,4.617,0.0469,0.165,0.2799,0.1112,0.3701,0.1082,BCC+FCC
1,1.7,4.7545,0.0446,0.1605,0.281,0.1201,0.381,0.1011,BCC+FCC
1,1.9,4.7495,0.0465,0.1646,0.2817,0.1051,0.342,0.1208,BCC+FCC
1,1.9,4.717,0.0453,0.164,0.281,0.104,0.3419,0.1215,BCC+FCC
1,1.85,4.757,0.048,0.1671,0.2823,0.11,0.3573,0.1231,BCC+FCC
1,1.85,4.6595,0.0449,0.1659,0.2802,0.106,0.3569,0.1254,BCC+FCC
1,1.8,4.667,0.0476,0.1692,0.2812,0.1095,0.3709,0.1273,BCC+FCC
1,1.75,4.772,0.049,0.1695,0.2828,0.117,0.3847,0.1254,BCC+FCC
1,1.75,4.7395,0.0496,0.1705,0.2827,0.1154,0.3844,0.1264,BCC+FCC
1,1.7,4.5845,0.0486,0.1737,0.2804,0.1076,0.3948,0.1322,BCC+FCC
1,1.9,4.677,0.0425,0.1656,0.28,0.0969,0.3388,0.1369,BCC+FCC
1,1.85,4.652,0.0439,0.1691,0.2801,0.101,0.356,0.141,BCC+FCC
1,1.8,4.757,0.0515,0.1758,0.2838,0.1094,0.3721,0.1424,BCC+FCC
1,1.75,4.732,0.0524,0.1779,0.2838,0.1117,0.3875,0.145,BCC+FCC
1,1.75,4.6995,0.0517,0.1778,0.2832,0.1102,0.3874,0.1456,BCC+FCC
1,1.75,4.602,0.0465,0.1753,0.2803,0.1051,0.3872,0.1474,BCC+FCC
1,1.7,4.707,0.0533,0.18,0.2839,0.1128,0.4018,0.1471,BCC+FCC
1,1.7,4.6745,0.0527,0.1801,0.2833,0.111,0.4017,0.1479,BCC+FCC
1,1.7,4.5445,0.0453,0.1768,0.2789,0.103,0.4012,0.1506,BCC+FCC
1,1.6,4.5595,0.0524,0.1841,0.2817,0.1033,0.4268,0.1529,BCC+FCC
1,1.9,4.7345,0.0464,0.1714,0.2823,0.0923,0.3298,0.148,BCC+FCC
1,1.9,4.702,0.0446,0.1688,0.2809,0.0913,0.33,0.1479,BCC+FCC
1,1.85,4.742,0.05,0.1766,0.2835,0.0989,0.3486,0.1525,BCC+FCC
1,1.8,4.7495,0.0528,0.1807,0.2844,0.1043,0.3666,0.1562,BCC+FCC
1,1.8,4.652,0.0462,0.176,0.2811,0.1004,0.367,0.1568,BCC+FCC
1,1.75,4.6595,0.0501,0.181,0.2825,0.1044,0.384,0.1602,BCC+FCC
1,1.7,4.732,0.0558,0.1861,0.2853,0.1108,0.4001,0.1618,BCC+FCC
1,1.7,4.6345,0.0513,0.1839,0.2826,0.1058,0.4003,0.1632,BCC+FCC
1,1.7,4.5695,0.046,0.1805,0.2797,0.102,0.4004,0.164,BCC+FCC
1,1.55,4.657,0.0585,0.1921,0.2855,0.1091,0.4443,0.1676,BCC+FCC
1,1.8,4.7095,0.0507,0.1814,0.2834,0.0974,0.3565,0.1666,BCC+FCC
1,1.75,4.6845,0.0516,0.1847,0.2835,0.1011,0.3753,0.1708,BCC+FCC
1,1.7,4.5295,0.0446,0.1767,0.2763,0.0964,0.3939,0.175,BCC+FCC
1,1.65,4.6345,0.0539,0.1907,0.2837,0.1047,0.4104,0.1778,BCC+FCC
1,1.5,4.5595,0.0576,0.1987,0.2839,0.099,0.4575,0.185,BCC+FCC
1,1.75,4.6445,0.0493,0.1812,0.281,0.0943,0.3627,0.1786,BCC+FCC
1,1.75,4.612,0.0471,0.1771,0.2789,0.0928,0.363,0.1783,BCC+FCC
1,1.7,4.5545,0.0458,0.1773,0.2766,0.094,0.3826,0.1829,BCC+FCC
1,1.6,4.537,0.0501,0.1896,0.2792,0.0971,0.4187,0.1913,BCC+FCC
1,1.65,4.5545,0.0474,0.1817,0.277,0.093,0.3872,0.1939,BCC+FCC
1,1.7,4.572,0.0432,0.1682,0.274,0.0846,0.3493,0.191,BCC+FCC
1,1.65,4.5795,0.0472,0.1805,0.2772,0.0898,0.3699,0.1981,BCC+FCC
1,2.05,4.731,0.0452,0.1662,0.3236,0.1074,0.3461,0.0961,BCC+FCC
1,2.05,4.666,0.041,0.1631,0.3214,0.1052,0.3457,0.0978,BCC+FCC
1,2,4.6085,0.0396,0.1645,0.3201,0.1071,0.3585,0.1024,BCC+FCC
1,1.95,4.5835,0.041,0.1679,0.3202,0.1088,0.3702,0.1054,BCC+FCC
1,1.85,4.696,0.051,0.1762,0.3252,0.1184,0.392,0.1028,BCC+FCC
1,1.85,4.6635,0.0505,0.1765,0.3246,0.1166,0.3915,0.1043,BCC+FCC
1,1.85,4.631,0.0496,0.1764,0.3239,0.1147,0.3909,0.1057,BCC+FCC
1,1.85,4.5335,0.0439,0.1741,0.3203,0.1084,0.3892,0.1098,BCC+FCC
1,1.8,4.606,0.0507,0.1787,0.3239,0.1132,0.3984,0.1069,BCC+FCC
1,1.75,4.6785,0.0524,0.1789,0.3257,0.1177,0.4063,0.1023,BCC+FCC
1,1.75,4.6135,0.0525,0.1804,0.3248,0.1129,0.4048,0.1058,BCC+FCC
1,1.75,4.5485,0.0507,0.1807,0.3231,0.1076,0.4031,0.1091,BCC+FCC
1,2.05,4.691,0.0421,0.1667,0.3222,0.1004,0.3474,0.1163,BCC+FCC
1,1.95,4.6735,0.0472,0.1754,0.3236,0.1092,0.3777,0.1232,BCC+FCC
1,1.95,4.6085,0.042,0.1714,0.3208,0.1063,0.3775,0.1246,BCC+FCC
1,1.85,4.6885,0.0527,0.1825,0.3258,0.1154,0.4042,0.1264,BCC+FCC
1,1.85,4.656,0.0514,0.182,0.3249,0.1136,0.404,0.1274,BCC+FCC
1,1.75,4.6385,0.0547,0.1868,0.3259,0.1139,0.4258,0.1293,BCC+FCC
1,1.7,4.6785,0.0562,0.1878,0.3271,0.1159,0.4355,0.1274,BCC+FCC
1,2,4.7235,0.0476,0.1758,0.3244,0.1012,0.3598,0.1348,BCC+FCC
1,1.95,4.6985,0.0485,0.1792,0.3245,0.1055,0.3765,0.1387,BCC+FCC
1,1.95,4.666,0.0466,0.1769,0.3231,0.1042,0.3766,0.1391,BCC+FCC
1,1.9,4.7385,0.0539,0.1852,0.3268,0.1112,0.3923,0.1411,BCC+FCC
1,1.9,4.706,0.0521,0.184,0.3258,0.1099,0.3923,0.1417,BCC+FCC
1,1.9,4.6735,0.0497,0.1824,0.3246,0.1085,0.3923,0.1422,BCC+FCC
1,1.85,4.7135,0.0549,0.1878,0.3268,0.1134,0.4074,0.1438,BCC+FCC
1,1.8,4.656,0.0543,0.1894,0.3259,0.1125,0.4213,0.1468,BCC+FCC
1,1.8,4.6235,0.0522,0.1883,0.3247,0.1107,0.4212,0.1475,BCC+FCC
1,1.8,4.591,0.0496,0.1867,0.3233,0.1087,0.4211,0.1482,BCC+FCC
1,1.75,4.696,0.0579,0.1927,0.3277,0.1159,0.4347,0.147,BCC+FCC
1,1.75,4.6635,0.0569,0.1925,0.327,0.114,0.4346,0.1478,BCC+FCC
1,1.75,4.5335,0.048,0.1879,0.3218,0.1051,0.4339,0.151,BCC+FCC
1,1.65,4.646,0.0597,0.1966,0.3279,0.1116,0.4581,0.1493,BCC+FCC
1,1.95,4.691,0.049,0.1792,0.3237,0.0998,0.3695,0.1509,BCC+FCC
1,1.9,4.6335,0.0479,0.1798,0.322,0.1023,0.3872,0.1553,BCC+FCC
1,1.85,4.6735,0.0528,0.1889,0.3254,0.1077,0.4038,0.1585,BCC+FCC
1,1.85,4.641,0.0508,0.1865,0.3239,0.1062,0.4039,0.1588,BCC+FCC
1,1.8,4.681,0.0561,0.1936,0.3268,0.1109,0.4197,0.1611,BCC+FCC
1,1.75,4.6885,0.0591,0.1974,0.328,0.1132,0.435,0.1631,BCC+FCC
1,1.75,4.5585,0.0506,0.1908,0.3223,0.1052,0.435,0.1652,BCC+FCC
1,1.7,4.566,0.0534,0.1961,0.3242,0.1058,0.4494,0.167,BCC+FCC
1,1.65,4.541,0.0546,0.199,0.3243,0.1026,0.4629,0.1689,BCC+FCC
1,1.85,4.6985,0.0548,0.1915,0.3261,0.1044,0.3949,0.1693,BCC+FCC
1,1.8,4.706,0.058,0.1971,0.3276,0.1084,0.4124,0.1728,BCC+FCC
1,1.8,4.576,0.0491,0.1855,0.3205,0.1019,0.4131,0.1734,BCC+FCC
1,1.85,4.5935,0.0461,0.1753,0.318,0.0949,0.3831,0.1764,BCC+FCC
1,2.15,4.68,0.0435,0.1712,0.361,0.1082,0.367,0.0952,BCC+FCC
1,2.1,4.59,0.0412,0.1691,0.3576,0.1088,0.3792,0.1007,BCC+FCC
1,1.9,4.5225,0.0466,0.1856,0.3598,0.1099,0.4166,0.1088,BCC+FCC
1,1.85,4.5625,0.0529,0.1907,0.3629,0.1116,0.4233,0.1067,BCC+FCC
1,1.85,4.53,0.0507,0.1898,0.3615,0.1089,0.4225,0.1083,BCC+FCC
1,2.1,4.68,0.0471,0.1775,0.3616,0.1078,0.3836,0.1183,BCC+FCC
1,2.1,4.5825,0.0419,0.1662,0.3556,0.1041,0.3834,0.1197,BCC+FCC
1,2.05,4.72,0.0519,0.1854,0.3646,0.1135,0.3981,0.1204,BCC+FCC
1,2,4.5325,0.0435,0.1754,0.3558,0.1077,0.4106,0.1269,BCC+FCC
1,1.95,4.67,0.0541,0.1911,0.3647,0.1169,0.4238,0.1253,BCC+FCC
1,1.95,4.5725,0.0477,0.1856,0.3602,0.1115,0.4231,0.128,BCC+FCC
1,2.05,4.7125,0.0521,0.1863,0.3639,0.1085,0.3965,0.1368,BCC+FCC
1,2.05,4.615,0.0462,0.1757,0.3581,0.1048,0.3967,0.1378,BCC+FCC
1,2,4.6875,0.053,0.1897,0.364,0.1116,0.4121,0.1403,BCC+FCC
1,2,4.655,0.051,0.1871,0.3623,0.1102,0.4121,0.1408,BCC+FCC
1,2,4.525,0.0431,0.1708,0.3532,0.104,0.4121,0.1423,BCC+FCC
1,1.85,4.515,0.0498,0.1921,0.3586,0.1065,0.453,0.15,BCC+FCC
1,1.9,4.4925,0.0433,0.1716,0.3496,0.1,0.4326,0.1719,BCC+FCC
1,2.1,4.579,0.0482,0.1841,0.3941,0.1128,0.4304,0.1241,BCC+FCC
1,1.5,4.533,0.0478,0.1912,0.2,0.1052,0.4042,0.1821,BCC+FCC
1,1.45,4.5405,0.0517,0.1948,0.2018,0.1074,0.4189,0.1829,BCC+FCC
1,1.65,4.5145,0.0446,0.1908,0.2504,0.1079,0.4094,0.1656,BCC+FCC
1,1.6,4.522,0.0484,0.1954,0.2523,0.1102,0.4225,0.1661,BCC+FCC
1,1.7,4.5035,0.0495,0.2007,0.2957,0.1117,0.4418,0.1653,BCC+FCC
1,1.75,4.4885,0.0467,0.1916,0.2909,0.1057,0.428,0.1787,BCC+FCC
1,1.65,4.5035,0.0524,0.2062,0.2962,0.1105,0.4572,0.1813,BCC+FCC
1,1.45,4.524,0.048,0.187,0.1813,0.1144,0.3775,0.1956,BCC+FCC
1,1.65,4.528,0.0464,0.1714,0.2358,0.1282,0.3536,0.1145,BCC+FCC
1,1.65,4.4905,0.0421,0.1701,0.2283,0.1075,0.3607,0.1861,BCC+FCC
1,1.55,4.498,0.0467,0.1847,0.232,0.1116,0.3849,0.2018,BCC+FCC
1,1.75,4.502,0.0434,0.1831,0.2816,0.1265,0.392,0.1356,BCC+FCC
1,1.65,4.487,0.0477,0.1884,0.278,0.1177,0.4167,0.193,BCC+FCC
1,1.55,4.4615,0.0452,0.1649,0.1735,0.1362,0.3457,0.178,BCC+FCC
1,1.5,4.4415,0.0482,0.1747,0.1757,0.137,0.3612,0.1953,BCC+FCC
1,1.5,4.4615,0.0472,0.1725,0.1751,0.1338,0.361,0.1905,BCC+FCC
1,1.45,4.429,0.0533,0.1814,0.1784,0.1298,0.3768,0.204,BCC+FCC
1,1.5,4.434,0.0463,0.1754,0.1747,0.1392,0.3562,0.201,BCC+FCC
1,1.5,4.494,0.0427,0.17,0.1732,0.1189,0.3546,0.1883,BCC+FCC
1,1.45,4.5015,0.0473,0.1752,0.1754,0.1181,0.3721,0.1923,BCC+FCC
1,1.4,4.509,0.0512,0.1793,0.1771,0.1163,0.3887,0.1956,BCC+FCC
1,1.45,4.414,0.0485,0.1827,0.1763,0.1381,0.3655,0.2133,BCC+FCC
1,1.45,4.434,0.0482,0.1813,0.1759,0.1367,0.3648,0.2104,BCC+FCC
1,1.45,4.514,0.0442,0.1747,0.1741,0.1052,0.3621,0.195,BCC+FCC
1,1.4,4.5015,0.0493,0.1821,0.1769,0.1161,0.381,0.2038,BCC+FCC
1,1.45,4.4665,0.0451,0.1764,0.1733,0.1259,0.3503,0.2068,BCC+FCC
1,1.45,4.4865,0.0447,0.1752,0.173,0.1157,0.3494,0.2038,BCC+FCC
1,1.45,4.5065,0.0441,0.1739,0.1726,0.1025,0.3485,0.2003,BCC+FCC
1,1.65,4.4905,0.0439,0.1647,0.23,0.1236,0.3612,0.1512,BCC+FCC
1,1.55,4.478,0.0508,0.1788,0.2333,0.1248,0.3939,0.1761,BCC+FCC
1,1.55,4.4905,0.048,0.1797,0.2324,0.1195,0.3964,0.1814,BCC+FCC
1,1.5,4.498,0.052,0.1839,0.2341,0.1169,0.4109,0.1838,BCC+FCC
1,1.55,4.503,0.0454,0.1791,0.2311,0.1087,0.3917,0.1856,BCC+FCC
1,1.5,4.5105,0.049,0.1845,0.2331,0.1082,0.4081,0.1887,BCC+FCC
1,1.5,4.483,0.0493,0.1867,0.2322,0.1173,0.4008,0.2023,BCC+FCC
1,1.45,4.5105,0.0516,0.1909,0.2341,0.1062,0.4173,0.2011,BCC+FCC
1,1.55,4.468,0.0433,0.1747,0.2272,0.1171,0.3698,0.2019,BCC+FCC
1,1.75,4.4845,0.0406,0.1707,0.2754,0.1133,0.3871,0.1563,BCC+FCC
1,1.65,4.4995,0.0477,0.182,0.2794,0.1123,0.4141,0.1607,BCC+FCC
1,1.7,4.457,0.043,0.1743,0.2738,0.1213,0.3952,0.1851,BCC+FCC
1,1.65,4.4645,0.0466,0.1833,0.2766,0.1204,0.4118,0.1895,BCC+FCC
1,1.6,4.492,0.0494,0.1892,0.2789,0.1095,0.4275,0.1875,BCC+FCC
1,1.7,4.4495,0.0403,0.1671,0.2706,0.1199,0.3847,0.1905,BCC+FCC
1,1.65,4.477,0.0445,0.178,0.2741,0.1081,0.402,0.1919,BCC+FCC
1,1.55,4.492,0.0517,0.1946,0.2795,0.1075,0.4364,0.1999,BCC+FCC
1,1.8,4.4735,0.0448,0.1808,0.3178,0.1145,0.4207,0.1576,BCC+FCC
1,1.8,4.466,0.044,0.1775,0.3153,0.1131,0.4203,0.1696,BCC+FCC
1,1.65,4.4885,0.0537,0.199,0.3227,0.1088,0.4628,0.1768,BCC+FCC
1,1.9,4.4475,0.0429,0.1744,0.3497,0.1144,0.4395,0.1682,BCC+FCC
1,1.75,4.455,0.0475,0.1923,0.3526,0.11,0.4737,0.1972,BCC+FCC
1,1.75,4.7695,0.0508,0.1789,0.2882,0.14,0.3796,0.1006,BCC+FCC
1,1.7,4.699,0.0489,0.1603,0.1782,0.1557,0.2954,0.1657,BCC+FCC
1,1.65,4.6215,0.0508,0.1655,0.1789,0.1604,0.3139,0.1754,BCC+FCC
1,1.6,4.649,0.0507,0.1648,0.1784,0.1523,0.3306,0.1738,BCC+FCC
1,1.7,4.6915,0.0505,0.1658,0.1798,0.1537,0.2872,0.1726,BCC+FCC
1,1.65,4.614,0.0514,0.1702,0.1799,0.1599,0.3082,0.1819,BCC+FCC
1,1.6,4.5365,0.0519,0.174,0.1796,0.1595,0.3276,0.1909,BCC+FCC
1,1.55,4.7215,0.0507,0.167,0.1786,0.1336,0.3433,0.1752,BCC+FCC
1,1.5,4.4865,0.0543,0.1799,0.1798,0.1447,0.3615,0.2002,BCC+FCC
1,1.5,4.644,0.0534,0.1727,0.1797,0.14,0.3607,0.1846,BCC+FCC
1,1.45,4.5665,0.0555,0.178,0.1803,0.1387,0.3767,0.1936,BCC+FCC
1,1.55,4.7665,0.0519,0.1709,0.1798,0.1181,0.3339,0.1793,BCC+FCC
1,1.75,4.7155,0.0493,0.1642,0.2352,0.1494,0.3358,0.1502,BCC+FCC
1,1.7,4.6905,0.05,0.1661,0.2353,0.1479,0.3499,0.153,BCC+FCC
1,1.7,4.743,0.0475,0.1616,0.2343,0.1398,0.3503,0.1443,BCC+FCC
1,1.8,4.6805,0.0515,0.1707,0.2367,0.1568,0.3183,0.164,BCC+FCC
1,1.65,4.658,0.0536,0.1756,0.2368,0.1446,0.3673,0.1692,BCC+FCC
1,1.6,4.633,0.0545,0.1776,0.2369,0.1413,0.3816,0.1718,BCC+FCC
1,1.55,4.5555,0.0565,0.1828,0.2371,0.1375,0.3944,0.1814,BCC+FCC
1,1.55,4.4955,0.0565,0.1891,0.2369,0.1386,0.3969,0.1978,BCC+FCC
1,1.75,4.693,0.0532,0.1784,0.2379,0.1424,0.3175,0.1776,BCC+FCC
1,1.65,4.6955,0.0558,0.1837,0.2385,0.1324,0.3559,0.1832,BCC+FCC
1,1.75,4.6855,0.0519,0.1785,0.2377,0.1393,0.3018,0.1804,BCC+FCC
1,1.7,4.6745,0.054,0.1788,0.2843,0.1372,0.3953,0.1472,BCC+FCC
1,1.65,4.6495,0.0548,0.1805,0.2843,0.1333,0.4054,0.1486,BCC+FCC
1,1.65,4.642,0.0575,0.1878,0.2853,0.1333,0.4149,0.1652,BCC+FCC
1,1.6,4.617,0.0584,0.1897,0.2854,0.1286,0.427,0.1669,BCC+FCC
1,1.7,4.607,0.0575,0.1918,0.2852,0.1419,0.4012,0.1821,BCC+FCC
1,1.85,4.6745,0.0528,0.1826,0.2844,0.1437,0.3392,0.1756,BCC+FCC
1,2.05,4.6885,0.0434,0.1863,0.2701,0.0813,0.3342,0.1324,BCC+FCC
1,1.9,4.591,0.0461,0.1868,0.2643,0.0823,0.3686,0.1828,BCC+FCC
1,1.85,4.5585,0.0448,0.1829,0.2609,0.0822,0.3754,0.1957,BCC+FCC
1,2.1,4.71,0.0497,0.1986,0.3153,0.0947,0.3706,0.1313,BCC+FCC
1,2,4.6535,0.0448,0.1779,0.2951,0.0893,0.3511,0.1511,BCC+FCC
1,1.85,4.5885,0.045,0.178,0.2904,0.0881,0.3718,0.1905,BCC+FCC
1,2.15,4.675,0.0448,0.1806,0.3368,0.1001,0.3617,0.1147,BCC+FCC
1,2.1,4.675,0.0478,0.1859,0.3373,0.1002,0.3768,0.1351,BCC+FCC
1,2.05,4.7075,0.0522,0.1945,0.3398,0.101,0.3885,0.152,BCC+FCC
1,2.05,4.675,0.0502,0.1907,0.3378,0.1003,0.3886,0.1524,BCC+FCC
1,2.2,4.6965,0.0508,0.1932,0.3766,0.1098,0.3961,0.1141,BCC+FCC
1,2.2,4.664,0.049,0.1898,0.3746,0.1091,0.396,0.1151,BCC+FCC
1,2.05,4.708,0.0456,0.1787,0.2478,0.1103,0.2777,0.1035,BCC+FCC
1,2,4.6755,0.0472,0.1809,0.2468,0.1117,0.2954,0.1261,BCC+FCC
1,2,4.718,0.0433,0.1706,0.2428,0.1018,0.2794,0.1201,BCC+FCC
1,1.95,4.718,0.0468,0.1767,0.2439,0.1027,0.2925,0.1383,BCC+FCC
1,1.95,4.6105,0.0457,0.1763,0.2424,0.1132,0.3094,0.1448,BCC+FCC
1,1.95,4.653,0.0434,0.1692,0.2399,0.1028,0.2927,0.1386,BCC+FCC
1,1.95,4.578,0.0438,0.1703,0.2393,0.1134,0.3095,0.1451,BCC+FCC
1,1.9,4.6105,0.0472,0.18,0.2427,0.1141,0.3203,0.1603,BCC+FCC
1,1.85,4.503,0.0416,0.1665,0.2343,0.1242,0.3462,0.1797,BCC+FCC
1,1.85,4.588,0.0432,0.1665,0.2354,0.1041,0.3111,0.167,BCC+FCC
1,1.8,4.5455,0.0428,0.17,0.2355,0.116,0.3354,0.1859,BCC+FCC
1,2.1,4.707,0.0447,0.175,0.2888,0.1129,0.3041,0.0996,BCC+FCC
1,2.1,4.6745,0.0432,0.1718,0.2871,0.1129,0.304,0.1004,BCC+FCC
1,2,4.717,0.0459,0.1731,0.2853,0.1015,0.3179,0.1344,BCC+FCC
1,1.95,4.717,0.0489,0.1788,0.2861,0.102,0.3273,0.1502,BCC+FCC
1,1.95,4.6095,0.0464,0.1767,0.2838,0.1145,0.3444,0.1568,BCC+FCC
1,1.9,4.557,0.0471,0.189,0.2864,0.1345,0.3844,0.1813,BCC+FCC
1,1.9,4.6195,0.0446,0.1695,0.2801,0.1008,0.3352,0.1632,BCC+FCC
1,1.85,4.6095,0.0477,0.1828,0.2841,0.1154,0.358,0.1827,BCC+FCC
1,1.85,4.577,0.045,0.1754,0.2807,0.1152,0.3583,0.1825,BCC+FCC
1,1.8,4.6095,0.0474,0.185,0.284,0.1159,0.362,0.1937,BCC+FCC
1,1.8,4.652,0.0489,0.1826,0.2834,0.1018,0.3435,0.1862,BCC+FCC
1,2.15,4.6735,0.0423,0.1681,0.3244,0.1106,0.329,0.0961,BCC+FCC
1,2.05,4.641,0.0461,0.1746,0.3234,0.1105,0.3576,0.1373,BCC+FCC
1,2,4.6735,0.0501,0.1838,0.326,0.1112,0.3672,0.153,BCC+FCC
1,2,4.5315,0.0279,0.118,0.1667,0.1689,0.1739,0.1171,FCC
1,1.95,4.5315,0.0308,0.1255,0.168,0.1681,0.1939,0.1295,FCC
1,1.8,4.613,0.0425,0.161,0.2317,0.134,0.2798,0.1694,BCC+FCC
1,1.8,4.718,0.0468,0.1681,0.2351,0.0998,0.2767,0.1662,BCC+FCC
1,1.75,4.613,0.0434,0.1654,0.2324,0.1334,0.283,0.177,BCC+FCC
1,1.75,4.6855,0.0466,0.1693,0.2342,0.0987,0.2801,0.1745,BCC+FCC
1,1.75,4.653,0.0441,0.1642,0.232,0.0977,0.2806,0.1734,BCC+FCC
1,1.7,4.6655,0.0476,0.1746,0.2353,0.1182,0.2828,0.184,BCC+FCC
1,1.7,4.633,0.0446,0.1689,0.2328,0.1171,0.2834,0.1826,BCC+FCC
1,1.9,4.687,0.0485,0.1737,0.2824,0.1264,0.3181,0.1647,BCC+FCC
1,1.9,4.707,0.0479,0.1724,0.2821,0.1081,0.3172,0.1605,BCC+FCC
1,1.85,4.6345,0.0471,0.1749,0.2813,0.1394,0.3243,0.1772,BCC+FCC
1,1.85,4.622,0.0448,0.1688,0.2788,0.1237,0.3237,0.1734,BCC+FCC
1,1.85,4.5895,0.042,0.1627,0.2763,0.1225,0.324,0.1724,BCC+FCC
1,1.8,4.6545,0.0483,0.1784,0.2817,0.1243,0.3264,0.1833,BCC+FCC
1,1.8,4.5695,0.0412,0.1659,0.2764,0.136,0.3284,0.1831,BCC+FCC
1,1.8,4.642,0.0461,0.1724,0.2792,0.1054,0.3258,0.1797,BCC+FCC
1,1.75,4.6095,0.0436,0.1691,0.2768,0.1037,0.3279,0.1869,BCC+FCC
1,2,4.631,0.0445,0.1678,0.3198,0.1133,0.3521,0.1514,BCC+FCC
1,2,4.5985,0.0423,0.1623,0.3174,0.1122,0.3523,0.1511,BCC+FCC
1,1.95,4.676,0.0511,0.1827,0.3246,0.1315,0.3592,0.1694,BCC+FCC
1,1.9,4.611,0.0462,0.1764,0.3204,0.1284,0.3649,0.1789,BCC+FCC
1,2.1,4.685,0.05,0.1807,0.3622,0.122,0.3807,0.1403,BCC+FCC
1,2.35,4.2665,0.0324,0.1536,0.4361,0.1866,0.5448,0.197,BCC+FCC
1,2.25,4.3265,0.0306,0.1556,0.436,0.1666,0.5976,0.2048,BCC+FCC
1,2.35,4.258,0.0252,0.1435,0.4163,0.2228,0.5715,0.1945,BCC+FCC
1,2.35,4.2695,0.0252,0.1463,0.4094,0.2186,0.5942,0.1884,BCC+FCC
1,1.95,4.706,0.0474,0.2053,0.245,0.0929,0.3521,0.1247,BCC+FCC
1,1.85,4.7295,0.0465,0.184,0.2234,0.1061,0.3329,0.1104,BCC+FCC
1,1.75,4.6795,0.0485,0.1878,0.2235,0.1175,0.3513,0.11,BCC+FCC
1,1.7,4.622,0.0489,0.19,0.223,0.1204,0.3568,0.1112,BCC+FCC
1,2.05,4.6875,0.0503,0.2106,0.2902,0.0955,0.373,0.1241,BCC+FCC
1,2.05,4.7285,0.0439,0.1876,0.2721,0.0916,0.3304,0.1095,BCC+FCC
1,2,4.695,0.0521,0.2154,0.2919,0.1048,0.3841,0.1223,BCC+FCC
1,2,4.736,0.0472,0.1914,0.2733,0.1008,0.3433,0.1091,BCC+FCC
1,1.95,4.752,0.0428,0.1648,0.2522,0.1036,0.3116,0.0921,BCC+FCC
1,1.95,4.6785,0.0464,0.193,0.2723,0.1077,0.354,0.1112,BCC+FCC
1,1.9,4.751,0.0516,0.1964,0.2749,0.1157,0.3652,0.1061,BCC+FCC
1,1.85,4.702,0.0448,0.1691,0.2523,0.1139,0.3334,0.0946,BCC+FCC
1,1.75,4.717,0.0461,0.1706,0.2529,0.1223,0.3499,0.091,BCC+FCC
1,2.1,4.7175,0.0479,0.1983,0.3162,0.1031,0.3644,0.1081,BCC+FCC
1,2,4.741,0.0471,0.1783,0.2994,0.1121,0.3456,0.0908,BCC+FCC
1,2,4.6435,0.042,0.1759,0.2965,0.1096,0.3442,0.0956,BCC+FCC
1,1.95,4.6835,0.047,0.1803,0.2987,0.1157,0.3549,0.0936,BCC+FCC
1,1.95,4.651,0.0454,0.1797,0.2977,0.1147,0.3543,0.0953,BCC+FCC
1,1.85,4.7635,0.0497,0.1824,0.3007,0.1262,0.3722,0.0858,BCC+FCC
1,1.85,4.5685,0.046,0.184,0.2967,0.1182,0.3673,0.0983,BCC+FCC
1,1.8,4.7385,0.0504,0.1838,0.3007,0.1281,0.3767,0.0849,BCC+FCC
1,1.8,4.706,0.0511,0.185,0.3006,0.1267,0.3758,0.0874,BCC+FCC
1,2.15,4.6825,0.0429,0.181,0.338,0.1071,0.355,0.0908,BCC+FCC
1,2.1,4.7225,0.0486,0.1873,0.3406,0.114,0.3667,0.0895,BCC+FCC
1,2.1,4.69,0.0464,0.186,0.3394,0.1132,0.3663,0.0912,BCC+FCC
1,2.1,4.6575,0.0437,0.1842,0.338,0.1124,0.3658,0.0928,BCC+FCC
1,2.1,4.625,0.0423,0.182,0.3364,0.1115,0.3653,0.0943,BCC+FCC
1,2.05,4.6325,0.045,0.1873,0.3381,0.1165,0.3751,0.0942,BCC+FCC
1,2,4.6725,0.0508,0.1924,0.3408,0.1218,0.384,0.0914,BCC+FCC
1,2.2,4.639,0.0468,0.1885,0.3744,0.1142,0.3863,0.0915,BCC+FCC
1,2,4.7165,0.0454,0.1818,0.2012,0.1139,0.2408,0.0807,BCC+FCC
3,1.95,4.7115,0.0385,0.1516,0.1846,0.1076,0.2298,0.0756,FCC
4,1.9,4.7515,0.0416,0.1551,0.1861,0.1166,0.2465,0.076,FCC
1,1.85,4.749,0.0481,0.1755,0.1959,0.1344,0.2708,0.0783,BCC+FCC
1,1.8,4.6915,0.0486,0.1778,0.1954,0.1417,0.2801,0.0813,BCC+FCC
1,2,4.733,0.0436,0.1662,0.2428,0.1187,0.2725,0.0742,BCC+FCC
4,2,4.743,0.0391,0.1478,0.2355,0.1064,0.2602,0.0691,FCC
1,1.9,4.6505,0.0444,0.1708,0.242,0.1324,0.2957,0.0809,BCC+FCC
1,1.85,4.6905,0.0478,0.1738,0.2437,0.1387,0.3061,0.0783,BCC+FCC
1,1.8,4.763,0.0482,0.1734,0.2447,0.1451,0.3158,0.0716,BCC+FCC
1,1.75,4.618,0.0447,0.1599,0.2359,0.1303,0.3136,0.0816,BCC+FCC
1,2.1,4.7145,0.0442,0.1743,0.2894,0.1207,0.2968,0.0723,BCC+FCC
1,2.05,4.732,0.043,0.1621,0.2846,0.1159,0.2992,0.0696,BCC+FCC
1,2,4.697,0.0486,0.1814,0.2907,0.1349,0.3199,0.0756,BCC+FCC
1,1.85,4.6645,0.0481,0.1718,0.2856,0.134,0.3374,0.0761,BCC+FCC
1,1.8,4.607,0.0485,0.1741,0.285,0.1347,0.3408,0.0789,BCC+FCC
1,1.75,4.6795,0.0496,0.1736,0.2865,0.1396,0.3461,0.071,BCC+FCC
1,2.1,4.711,0.0513,0.1902,0.3332,0.1369,0.3424,0.0721,BCC+FCC
1,1.9,4.686,0.0529,0.1849,0.3298,0.1397,0.3646,0.0704,BCC+FCC
1,1.85,4.6935,0.0538,0.1861,0.3304,0.1422,0.3678,0.0671,BCC+FCC
1,1.95,4.599,0.035,0.1257,0.1696,0.1635,0.196,0.1147,FCC
1,2.05,4.5605,0.0351,0.137,0.229,0.1738,0.2263,0.1191,FCC
1,2.05,4.678,0.0442,0.1855,0.2152,0.0964,0.2654,0.0999,BCC+FCC
1,2.1,4.6785,0.0458,0.1937,0.2745,0.0941,0.3278,0.1124,BCC+FCC
1,2.2,4.665,0.047,0.1881,0.3404,0.1144,0.3528,0.0928,BCC+FCC
1,2.2,4.6325,0.0456,0.1844,0.3383,0.1141,0.3525,0.0942,BCC+FCC
1,2.1,4.6925,0.051,0.2089,0.2904,0.1124,0.3607,0.1348,BCC+FCC
1,2.1,4.701,0.0424,0.1846,0.2711,0.1088,0.316,0.1205,BCC+FCC
1,2.1,4.6685,0.0411,0.1821,0.2695,0.1085,0.3158,0.1215,BCC+FCC
1,2.05,4.5115,0.0344,0.1448,0.1807,0.1969,0.1883,0.1271,FCC
1,2.05,4.5315,0.0336,0.1435,0.1804,0.1847,0.1886,0.1203,FCC
4,2.05,4.489,0.0279,0.1233,0.1707,0.1838,0.1687,0.1154,FCC
4,2.05,4.499,0.0317,0.1382,0.1775,0.1842,0.1883,0.12,FCC
1,2.05,4.509,0.0369,0.1898,0.1703,0.2104,0.2276,0.1442,FCC
3,1.75,4.148,0.0394,0.5039,0.347,0.1694,0.3837,0.0627,BCC
3,1.75,4.183,0.0384,0.4877,0.3577,0.1698,0.3748,0.0682,BCC
3,1.65,4.192,0.0403,0.4589,0.3937,0.1805,0.3668,0.0616,BCC
4,1.75,4.1415,0.0335,0.4582,0.3536,0.1561,0.4077,0.0695,BCC
4,1.75,4.134,0.0345,0.4772,0.3307,0.155,0.391,0.0652,BCC
3,1.75,4.1515,0.034,0.4691,0.3369,0.1553,0.3891,0.0683,BCC
4,1.7,4.75,0.0306,0.1038,0.0669,0.0911,0.2836,0.1366,FCC
4,1.8,4.76,0.0303,0.1101,0.0736,0.0637,0.2512,0.1532,FCC
4,1.85,4.85,0.026,0.0931,0.0649,0.0645,0.2602,0.1457,FCC
4,1.85,4.785,0.0264,0.0949,0.0671,0.0635,0.2599,0.1479,FCC
4,1.75,4.865,0.0261,0.094,0.0607,0.0863,0.2924,0.1434,FCC
4,1.75,4.8325,0.0274,0.0967,0.0632,0.0856,0.2921,0.1448,FCC
4,1.7,4.84,0.027,0.0962,0.0608,0.0936,0.3059,0.143,FCC
4,1.7,4.7425,0.0297,0.1033,0.0667,0.0906,0.3046,0.1473,FCC
4,1.65,4.7175,0.0309,0.1059,0.0668,0.0958,0.3161,0.1469,FCC
4,1.85,4.8425,0.0287,0.1055,0.0727,0.0498,0.2599,0.1641,FCC
4,1.85,4.81,0.0286,0.1053,0.0731,0.0494,0.2599,0.1649,FCC
4,1.8,4.7525,0.0291,0.1085,0.0732,0.0634,0.2791,0.1669,FCC
4,1.75,4.8575,0.0296,0.1097,0.0705,0.077,0.297,0.1638,FCC
3,1.75,4.7925,0.0304,0.1119,0.073,0.0756,0.2968,0.1659,FCC
4,1.7,4.865,0.0296,0.1101,0.0686,0.0865,0.3134,0.1629,FCC
4,1.65,4.84,0.0305,0.1121,0.0687,0.0935,0.3284,0.1628,FCC
4,1.5,4.6675,0.036,0.1243,0.0736,0.1008,0.3636,0.1654,FCC
4,1.8,4.8425,0.0321,0.1182,0.0786,0.051,0.2739,0.1802,FCC
4,1.8,4.81,0.0318,0.1176,0.0788,0.0505,0.2741,0.1808,FCC
4,1.75,4.85,0.0328,0.1212,0.0781,0.0659,0.2938,0.1807,FCC
3,1.75,4.785,0.0328,0.1211,0.0789,0.0646,0.294,0.1822,FCC
4,1.7,4.825,0.0336,0.1239,0.0782,0.0766,0.3124,0.1816,FCC
4,1.7,4.7275,0.0331,0.1238,0.0788,0.0741,0.3125,0.1841,FCC
4,1.65,4.735,0.0348,0.1274,0.0792,0.0829,0.3297,0.184,FCC
4,1.7,4.7525,0.0349,0.1308,0.0835,0.0643,0.3057,0.1975,FCC
2,1.9,4.8675,0.0237,0.0888,0.0645,0.0486,0.2687,0.1559,FCC
4,1.9,4.8025,0.0243,0.0893,0.0666,0.0479,0.2683,0.1584,FCC
2,1.85,4.8425,0.0249,0.0923,0.0647,0.0643,0.2849,0.1558,FCC
3,1.85,4.81,0.0251,0.0932,0.066,0.0637,0.2846,0.1571,FCC
4,1.85,4.7775,0.0253,0.0934,0.0667,0.0632,0.2844,0.1584,FCC
2,1.8,4.8825,0.025,0.0915,0.0604,0.0769,0.3001,0.1525,FCC
2,1.8,4.85,0.0258,0.0938,0.0629,0.0763,0.2998,0.1539,FCC
3,1.8,4.8175,0.0261,0.0955,0.0648,0.0756,0.2995,0.1553,FCC
3,1.8,4.785,0.026,0.0966,0.0661,0.0749,0.2992,0.1567,FCC
3,1.75,4.8575,0.026,0.094,0.0605,0.086,0.3133,0.1516,FCC
3,1.75,4.825,0.0269,0.0965,0.063,0.0852,0.3129,0.1531,FCC
4,1.75,4.7925,0.0273,0.0984,0.0649,0.0844,0.3125,0.1546,FCC
2,1.75,4.76,0.0273,0.0998,0.0663,0.0836,0.312,0.1561,FCC
4,1.7,4.865,0.0255,0.0931,0.0574,0.0941,0.3253,0.1488,FCC
3,1.7,4.8325,0.027,0.0963,0.0606,0.0932,0.3248,0.1505,FCC
4,1.7,4.8,0.028,0.099,0.0631,0.0923,0.3243,0.1521,FCC
3,1.7,4.7675,0.0285,0.1011,0.065,0.0913,0.3238,0.1537,FCC
4,1.7,4.735,0.0286,0.1027,0.0664,0.0902,0.3233,0.1552,FCC
3,1.65,4.7425,0.0298,0.1036,0.0652,0.0965,0.3335,0.1524,FCC
4,1.65,4.6775,0.0296,0.1068,0.0673,0.094,0.3323,0.1557,FCC
3,1.6,4.75,0.0302,0.1034,0.0633,0.1017,0.3421,0.1492,FCC
4,1.6,4.7175,0.031,0.1059,0.0653,0.1004,0.3414,0.151,FCC
4,1.6,4.685,0.0312,0.108,0.0667,0.0989,0.3406,0.1527,FCC
2,1.85,4.8675,0.0274,0.104,0.0715,0.0499,0.2873,0.174,FCC
3,1.85,4.835,0.0277,0.1041,0.0724,0.0495,0.2872,0.175,FCC
4,1.85,4.8025,0.0275,0.1036,0.0728,0.0491,0.2872,0.176,FCC
4,1.8,4.875,0.0276,0.1064,0.0702,0.0655,0.3047,0.1729,FCC
2,1.8,4.8425,0.0282,0.1073,0.0716,0.065,0.3046,0.1741,FCC
4,1.8,4.81,0.0286,0.1076,0.0726,0.0644,0.3045,0.1752,FCC
4,1.8,4.745,0.0279,0.1067,0.0729,0.063,0.3043,0.1774,FCC
4,1.75,4.8825,0.0282,0.1076,0.0683,0.0773,0.3208,0.1715,FCC
3,1.75,4.785,0.0295,0.1109,0.0727,0.0752,0.3204,0.1751,FCC
4,1.75,4.7525,0.0295,0.111,0.0731,0.0744,0.3202,0.1763,FCC
4,1.7,4.8575,0.0292,0.1099,0.0684,0.0862,0.3356,0.171,FCC
4,1.7,4.7925,0.0299,0.113,0.0719,0.0845,0.3351,0.1736,FCC
3,1.7,4.76,0.0304,0.1139,0.0728,0.0836,0.3349,0.1748,FCC
4,1.65,4.8325,0.0302,0.112,0.0685,0.0931,0.349,0.1702,FCC
4,1.65,4.8,0.0309,0.114,0.0705,0.0921,0.3487,0.1716,FCC
4,1.65,4.7675,0.0311,0.1156,0.072,0.0911,0.3484,0.1729,FCC
2,1.65,4.735,0.0313,0.1167,0.073,0.09,0.3481,0.1743,FCC
4,1.6,4.775,0.032,0.1162,0.0706,0.0973,0.3607,0.1706,FCC
4,1.6,4.71,0.0322,0.1193,0.0731,0.0948,0.3599,0.1735,FCC
4,1.55,4.685,0.0336,0.1217,0.0732,0.0982,0.3703,0.1724,FCC
4,1.5,4.725,0.0342,0.1201,0.0708,0.1036,0.3803,0.1681,FCC
4,1.8,4.8675,0.0312,0.1171,0.0777,0.0511,0.3017,0.1902,FCC
2,1.8,4.8025,0.0307,0.1159,0.0785,0.0502,0.3018,0.192,FCC
2,1.8,4.77,0.0297,0.1145,0.0781,0.0495,0.3019,0.1928,FCC
3,1.75,4.875,0.0313,0.1198,0.0768,0.0662,0.3199,0.1896,FCC
3,1.75,4.8425,0.032,0.1202,0.0779,0.0656,0.3199,0.1906,FCC
4,1.75,4.81,0.0321,0.1201,0.0785,0.065,0.32,0.1916,FCC
4,1.75,4.745,0.0308,0.1185,0.0783,0.0635,0.32,0.1934,FCC
3,1.7,4.8825,0.0313,0.1213,0.0753,0.0777,0.337,0.1886,FCC
2,1.7,4.85,0.032,0.1224,0.0769,0.077,0.337,0.1897,FCC
4,1.7,4.8175,0.0327,0.1231,0.078,0.0763,0.337,0.1907,FCC
3,1.7,4.785,0.033,0.1233,0.0786,0.0755,0.3369,0.1918,FCC
3,1.7,4.7525,0.0327,0.123,0.0788,0.0746,0.3369,0.1928,FCC
3,1.65,4.8575,0.0323,0.1236,0.0754,0.0863,0.353,0.1883,FCC
3,1.65,4.825,0.0327,0.1249,0.077,0.0854,0.3529,0.1895,FCC
4,1.65,4.7925,0.0335,0.1257,0.0781,0.0845,0.3528,0.1906,FCC
2,1.65,4.76,0.0338,0.1262,0.0787,0.0835,0.3528,0.1917,FCC
4,1.65,4.7275,0.0337,0.1262,0.0789,0.0825,0.3527,0.1928,FCC
4,1.6,4.8,0.0338,0.1272,0.0771,0.0919,0.3677,0.1891,FCC
4,1.6,4.7675,0.0343,0.1282,0.0782,0.0908,0.3676,0.1902,FCC
2,1.6,4.7025,0.0347,0.1291,0.0791,0.0884,0.3673,0.1926,FCC
4,1.55,4.71,0.0356,0.1315,0.079,0.0943,0.381,0.1909,FCC
2,1.5,4.685,0.0365,0.1338,0.0791,0.0974,0.3933,0.1902,FCC
3,1.75,4.8675,0.0349,0.1286,0.0834,0.0522,0.3128,0.2051,FCC
4,1.75,4.77,0.0326,0.125,0.083,0.0504,0.3133,0.2073,FCC
2,1.7,4.8425,0.0357,0.1316,0.0835,0.0662,0.3318,0.2057,FCC
3,1.7,4.81,0.0355,0.1312,0.0839,0.0655,0.332,0.2065,FCC
3,1.7,4.7775,0.0349,0.1303,0.0837,0.0647,0.3321,0.2073,FCC
2,1.65,4.85,0.036,0.1342,0.0828,0.0773,0.3497,0.2051,FCC
2,1.65,4.785,0.0364,0.1343,0.084,0.0757,0.3499,0.207,FCC
4,1.6,4.825,0.0367,0.1366,0.083,0.0854,0.3667,0.2052,FCC
3,1.6,4.76,0.0373,0.1372,0.0841,0.0834,0.3667,0.2071,FCC
4,1.6,4.7275,0.0369,0.1368,0.084,0.0823,0.3668,0.2081,FCC
4,1.65,4.745,0.0366,0.1383,0.0876,0.0642,0.3416,0.2218,FCC
4,1.65,4.7125,0.0346,0.1361,0.0863,0.0633,0.3419,0.2224,FCC
3,1.6,4.7525,0.039,0.1434,0.0886,0.0748,0.3601,0.2218,FCC
4,1.6,4.6875,0.0359,0.1401,0.0865,0.0726,0.3604,0.2233,FCC
2,1.9,4.8925,0.0225,0.0867,0.0625,0.0487,0.293,0.1626,FCC
3,1.9,4.86,0.0228,0.0876,0.0643,0.0484,0.2928,0.1641,FCC
3,1.9,4.8275,0.0233,0.0878,0.0655,0.048,0.2925,0.1654,FCC
4,1.85,4.9,0.0234,0.0884,0.0601,0.0649,0.3077,0.1602,FCC
2,1.85,4.8675,0.0237,0.0901,0.0626,0.0645,0.3074,0.1617,FCC
1,1.85,4.835,0.0236,0.0913,0.0644,0.064,0.3071,0.1632,FCC
3,1.85,4.8025,0.0242,0.0919,0.0657,0.0634,0.3067,0.1646,FCC
3,1.85,4.77,0.0243,0.0918,0.0664,0.0628,0.3064,0.1661,FCC
3,1.8,4.875,0.0245,0.0913,0.0602,0.0766,0.3206,0.1589,FCC
2,1.8,4.8425,0.025,0.0932,0.0627,0.076,0.3202,0.1605,FCC
2,1.8,4.81,0.0249,0.0947,0.0645,0.0753,0.3198,0.1621,FCC
2,1.8,4.7775,0.0251,0.0955,0.0658,0.0746,0.3194,0.1636,FCC
4,1.75,4.85,0.0256,0.0939,0.0603,0.0857,0.3319,0.1574,FCC
4,1.75,4.8175,0.0262,0.0961,0.0628,0.0849,0.3314,0.1591,FCC
1,1.75,4.785,0.0262,0.0978,0.0647,0.0841,0.3309,0.1607,FCC
4,1.75,4.7525,0.026,0.0989,0.066,0.0832,0.3304,0.1623,FCC
4,1.7,4.8575,0.0256,0.0934,0.0572,0.0937,0.3422,0.1539,FCC
3,1.7,4.7925,0.0274,0.0988,0.0629,0.0919,0.341,0.1574,FCC
3,1.7,4.76,0.0276,0.1006,0.0648,0.0909,0.3404,0.1591,FCC
3,1.7,4.7275,0.0272,0.102,0.0661,0.0898,0.3398,0.1608,FCC
4,1.65,4.8325,0.0266,0.0954,0.0573,0.0995,0.3503,0.1518,FCC
3,1.65,4.735,0.0289,0.1033,0.0649,0.0961,0.3481,0.1573,FCC
3,1.65,4.7025,0.0287,0.1049,0.0662,0.0948,0.3474,0.159,FCC
4,1.6,4.7425,0.0298,0.1034,0.0631,0.1012,0.3547,0.1533,FCC
4,1.6,4.71,0.0302,0.1057,0.065,0.0998,0.3538,0.1552,FCC
2,1.85,4.86,0.0266,0.1028,0.0713,0.0497,0.3122,0.1821,FCC
4,1.85,4.795,0.0264,0.1018,0.0725,0.0488,0.312,0.1845,FCC
2,1.8,4.9,0.0263,0.1045,0.068,0.0657,0.3282,0.1789,FCC
4,1.8,4.8675,0.0266,0.1056,0.07,0.0652,0.328,0.1802,FCC
1,1.8,4.835,0.0274,0.1062,0.0714,0.0647,0.3279,0.1815,FCC
3,1.8,4.8025,0.0277,0.1063,0.0723,0.0641,0.3277,0.1828,FCC
3,1.8,4.77,0.0274,0.1058,0.0727,0.0634,0.3275,0.184,FCC
3,1.75,4.9075,0.0268,0.1053,0.0656,0.0776,0.3429,0.1766,FCC
3,1.75,4.875,0.0274,0.1071,0.0681,0.077,0.3427,0.178,FCC
2,1.75,4.8425,0.0275,0.1085,0.0701,0.0764,0.3424,0.1794,FCC
3,1.75,4.81,0.0281,0.1093,0.0715,0.0757,0.3422,0.1807,FCC
2,1.75,4.7775,0.0285,0.1097,0.0724,0.0749,0.342,0.182,FCC
3,1.75,4.745,0.0284,0.1095,0.0728,0.074,0.3418,0.1834,FCC
3,1.7,4.85,0.0285,0.1096,0.0682,0.0858,0.3559,0.1768,FCC
2,1.7,4.8175,0.0288,0.1112,0.0702,0.085,0.3556,0.1783,FCC
1,1.7,4.785,0.0289,0.1123,0.0716,0.0841,0.3553,0.1797,FCC
4,1.7,4.7525,0.0294,0.1129,0.0726,0.0832,0.355,0.1811,FCC
3,1.65,4.76,0.0299,0.115,0.0717,0.0907,0.367,0.1784,FCC
3,1.65,4.7275,0.0303,0.1158,0.0727,0.0895,0.3666,0.1799,FCC
2,1.65,4.695,0.0304,0.1162,0.0731,0.0883,0.3662,0.1813,FCC
4,1.6,4.735,0.0312,0.1175,0.0719,0.0956,0.3773,0.177,FCC
1,1.6,4.7025,0.0312,0.1186,0.0728,0.0943,0.3769,0.1785,FCC
4,1.55,4.7425,0.0324,0.1181,0.0705,0.1006,0.3867,0.1737,FCC
4,1.8,4.8925,0.03,0.1159,0.0765,0.0513,0.3273,0.1974,FCC
2,1.8,4.86,0.0303,0.1158,0.0775,0.0509,0.3273,0.1984,FCC
1,1.8,4.8275,0.0302,0.1152,0.0781,0.0504,0.3274,0.1995,FCC
4,1.8,4.795,0.0296,0.114,0.0781,0.0498,0.3274,0.2005,FCC
3,1.75,4.9,0.0296,0.1182,0.075,0.0664,0.3442,0.1958,FCC
1,1.75,4.8675,0.0306,0.1189,0.0766,0.0659,0.3441,0.197,FCC
2,1.75,4.835,0.0311,0.119,0.0776,0.0653,0.3441,0.1981,FCC
2,1.75,4.8025,0.0311,0.1187,0.0782,0.0647,0.3441,0.1993,FCC
4,1.75,4.77,0.0306,0.1179,0.0783,0.0639,0.3441,0.2003,FCC
4,1.7,4.875,0.0303,0.1208,0.0751,0.0774,0.3599,0.1952,FCC
4,1.7,4.8425,0.0313,0.1216,0.0767,0.0767,0.3599,0.1964,FCC
1,1.7,4.81,0.0319,0.1221,0.0777,0.0759,0.3598,0.1976,FCC
4,1.7,4.7775,0.032,0.122,0.0783,0.0751,0.3597,0.1988,FCC
3,1.7,4.745,0.0316,0.1215,0.0784,0.0742,0.3596,0.1999,FCC
4,1.7,4.7125,0.0307,0.1204,0.0781,0.0732,0.3595,0.2011,FCC
2,1.65,4.785,0.0327,0.1249,0.0779,0.0841,0.3744,0.1969,FCC
2,1.65,4.7525,0.0329,0.1251,0.0785,0.0831,0.3742,0.1981,FCC
3,1.65,4.72,0.0326,0.1248,0.0786,0.082,0.3741,0.1993,FCC
1,1.6,4.695,0.0336,0.128,0.0787,0.088,0.3874,0.1985,FCC
2,1.75,4.86,0.0341,0.1272,0.0832,0.0519,0.3391,0.2135,FCC
1,1.75,4.8275,0.0337,0.1263,0.0834,0.0514,0.3392,0.2144,FCC
4,1.75,4.795,0.0328,0.1248,0.0833,0.0508,0.3394,0.2153,FCC
4,1.7,4.9,0.034,0.1303,0.0813,0.0671,0.3566,0.2114,FCC
2,1.7,4.8675,0.0347,0.1306,0.0825,0.0665,0.3567,0.2124,FCC
3,1.7,4.835,0.0349,0.1304,0.0833,0.0659,0.3568,0.2134,FCC
3,1.7,4.8025,0.0346,0.1297,0.0836,0.0652,0.3569,0.2144,FCC
1,1.7,4.77,0.0338,0.1286,0.0834,0.0644,0.357,0.2154,FCC
4,1.7,4.7375,0.0325,0.1269,0.0828,0.0635,0.3571,0.2163,FCC
3,1.65,4.8425,0.0353,0.1333,0.0826,0.077,0.3735,0.2121,FCC
3,1.65,4.81,0.0356,0.1334,0.0834,0.0762,0.3735,0.2131,FCC
4,1.65,4.7775,0.0355,0.133,0.0837,0.0753,0.3736,0.2142,FCC
1,1.65,4.745,0.0348,0.1321,0.0836,0.0743,0.3736,0.2152,FCC
4,1.6,4.6875,0.0347,0.1344,0.0831,0.0806,0.3893,0.2159,FCC
4,1.5,4.7025,0.0381,0.1415,0.0841,0.0931,0.4179,0.2123,FCC
4,1.7,4.8275,0.0371,0.1362,0.0884,0.0523,0.3484,0.2283,FCC
4,1.7,4.795,0.036,0.1344,0.088,0.0516,0.3486,0.2291,FCC
3,1.7,4.7625,0.0343,0.1321,0.0871,0.0509,0.3488,0.2299,FCC
3,1.7,4.73,0.0321,0.1291,0.0858,0.05,0.349,0.2307,FCC
4,1.65,4.77,0.037,0.1382,0.0881,0.0647,0.367,0.2294,FCC
3,1.65,4.7375,0.0354,0.1362,0.0873,0.0638,0.3672,0.2302,FCC
3,1.6,4.7125,0.0365,0.14,0.0875,0.0733,0.3846,0.2304,FCC
2,1.9,4.9175,0.0214,0.0844,0.0598,0.0486,0.3151,0.1668,FCC
2,1.9,4.885,0.0212,0.0856,0.0622,0.0484,0.3148,0.1684,FCC
3,1.9,4.8525,0.022,0.0862,0.064,0.0481,0.3145,0.1699,FCC
4,1.9,4.82,0.0224,0.0861,0.0653,0.0478,0.3142,0.1714,FCC
2,1.85,4.8925,0.0226,0.0878,0.0599,0.0647,0.3278,0.1652,FCC
2,1.85,4.86,0.0225,0.0892,0.0623,0.0642,0.3274,0.1668,FCC
2,1.85,4.8275,0.0228,0.0901,0.0642,0.0637,0.327,0.1684,FCC
2,1.8,4.8675,0.0238,0.0908,0.06,0.0763,0.3389,0.1633,FCC
4,1.8,4.835,0.0239,0.0925,0.0625,0.0757,0.3384,0.165,FCC
3,1.8,4.8025,0.0236,0.0937,0.0643,0.075,0.3379,0.1667,FCC
4,1.75,4.875,0.0243,0.0911,0.057,0.0861,0.349,0.1594,FCC
2,1.75,4.8425,0.025,0.0936,0.0601,0.0853,0.3484,0.1612,FCC
1,1.75,4.81,0.0252,0.0956,0.0626,0.0846,0.3478,0.163,FCC
3,1.75,4.7775,0.0249,0.097,0.0644,0.0837,0.3472,0.1648,FCC
1,1.7,4.8175,0.0262,0.0962,0.0602,0.0924,0.3562,0.1589,FCC
3,1.7,4.785,0.0265,0.0984,0.0627,0.0915,0.3555,0.1608,FCC
1,1.7,4.7525,0.0263,0.1,0.0645,0.0904,0.3547,0.1626,FCC
3,1.7,4.72,0.0259,0.1011,0.0658,0.0894,0.354,0.1644,FCC
3,1.65,4.76,0.0279,0.101,0.0628,0.0968,0.3611,0.1583,FCC
4,1.65,4.7275,0.0278,0.1028,0.0647,0.0956,0.3603,0.1603,FCC
2,1.85,4.9175,0.0242,0.1007,0.0678,0.0501,0.3354,0.1853,FCC
4,1.85,4.885,0.0252,0.1013,0.0697,0.0498,0.3352,0.1867,FCC
2,1.85,4.8525,0.0258,0.1014,0.071,0.0494,0.3351,0.1881,FCC
3,1.85,4.82,0.0258,0.1008,0.0719,0.049,0.3349,0.1894,FCC
3,1.8,4.8925,0.0252,0.1038,0.0679,0.0654,0.3497,0.184,FCC
2,1.8,4.86,0.0259,0.1046,0.0698,0.065,0.3495,0.1855,FCC
3,1.8,4.8275,0.0265,0.105,0.0711,0.0644,0.3493,0.1869,FCC
1,1.8,4.795,0.0267,0.1048,0.072,0.0638,0.349,0.1883,FCC
3,1.8,4.7625,0.0264,0.104,0.0723,0.0631,0.3488,0.1897,FCC
2,1.75,4.9,0.0261,0.105,0.0655,0.0774,0.363,0.181,FCC
2,1.75,4.8675,0.0264,0.1066,0.068,0.0767,0.3627,0.1825,FCC
3,1.75,4.835,0.0265,0.1077,0.0699,0.0761,0.3624,0.184,FCC
2,1.75,4.8025,0.0273,0.1083,0.0713,0.0753,0.3621,0.1855,FCC
1,1.75,4.77,0.0276,0.1084,0.0721,0.0745,0.3618,0.187,FCC
4,1.7,4.81,0.0275,0.1105,0.07,0.0846,0.3741,0.1824,FCC
1,1.7,4.7775,0.0281,0.1114,0.0714,0.0837,0.3737,0.1839,FCC
2,1.7,4.745,0.0285,0.1118,0.0723,0.0828,0.3733,0.1855,FCC
4,1.65,4.7525,0.0289,0.1142,0.0715,0.0902,0.3839,0.1822,FCC
1,1.65,4.72,0.0294,0.1149,0.0724,0.0891,0.3834,0.1838,FCC
1,1.6,4.76,0.0302,0.1156,0.0702,0.0964,0.3931,0.1785,FCC
4,1.6,4.7275,0.0298,0.1169,0.0716,0.0951,0.3925,0.1802,FCC
1,1.8,4.9175,0.0285,0.1145,0.0748,0.0514,0.3512,0.2021,FCC
2,1.8,4.885,0.0292,0.1146,0.0762,0.051,0.3512,0.2034,FCC
2,1.8,4.8525,0.0295,0.1143,0.0772,0.0506,0.3512,0.2046,FCC
3,1.8,4.82,0.0293,0.1134,0.0778,0.0501,0.3512,0.2058,FCC
4,1.8,4.7875,0.0285,0.1119,0.0778,0.0495,0.3512,0.207,FCC
3,1.75,4.925,0.0279,0.1165,0.0729,0.0667,0.3669,0.1998,FCC
4,1.75,4.8925,0.029,0.1174,0.0749,0.0662,0.3668,0.2011,FCC
1,1.75,4.86,0.0299,0.1178,0.0763,0.0656,0.3668,0.2024,FCC
1,1.75,4.8275,0.0303,0.1177,0.0774,0.065,0.3667,0.2037,FCC
1,1.75,4.795,0.0302,0.1172,0.0779,0.0643,0.3666,0.205,FCC
1,1.75,4.7625,0.0295,0.116,0.078,0.0636,0.3665,0.2062,FCC
4,1.7,4.835,0.0306,0.1207,0.0765,0.0764,0.3812,0.2013,FCC
4,1.7,4.8025,0.0311,0.1209,0.0775,0.0756,0.3811,0.2026,FCC
2,1.7,4.77,0.0311,0.1206,0.078,0.0747,0.3809,0.2039,FCC
2,1.7,4.7375,0.0305,0.1198,0.0781,0.0738,0.3808,0.2052,FCC
4,1.65,4.745,0.0319,0.1239,0.0782,0.0827,0.3942,0.2027,FCC
3,1.6,4.72,0.0328,0.1269,0.0783,0.0887,0.4063,0.2013,FCC
2,1.75,4.885,0.0333,0.1264,0.0822,0.0521,0.3637,0.2188,FCC
2,1.75,4.8525,0.0333,0.1257,0.0829,0.0516,0.3638,0.2199,FCC
4,1.75,4.82,0.0327,0.1244,0.0832,0.0511,0.3639,0.221,FCC
2,1.75,4.7875,0.0317,0.1227,0.083,0.0504,0.364,0.222,FCC
4,1.75,4.755,0.0302,0.1203,0.0823,0.0497,0.364,0.223,FCC
2,1.7,4.86,0.034,0.1294,0.0823,0.0662,0.3803,0.2181,FCC
1,1.7,4.8275,0.034,0.129,0.083,0.0655,0.3803,0.2192,FCC
4,1.7,4.795,0.0336,0.1281,0.0833,0.0648,0.3804,0.2204,FCC
1,1.7,4.7625,0.0327,0.1267,0.0831,0.064,0.3804,0.2215,FCC
4,1.65,4.7375,0.0337,0.1304,0.0833,0.0739,0.3959,0.2207,FCC
4,1.7,4.82,0.0362,0.1343,0.0881,0.052,0.3737,0.2351,FCC
2,1.7,4.7875,0.0349,0.1322,0.0877,0.0512,0.3739,0.2361,FCC
4,1.7,4.755,0.0331,0.1296,0.0868,0.0504,0.374,0.237,FCC
4,1.65,4.8275,0.0378,0.1392,0.0882,0.066,0.391,0.2337,FCC
2,1.65,4.795,0.0371,0.1379,0.0882,0.0652,0.3911,0.2348,FCC
3,1.65,4.7625,0.0359,0.1362,0.0878,0.0643,0.3912,0.2358,FCC
2,1.65,4.73,0.0342,0.1339,0.0869,0.0634,0.3914,0.2367,FCC
1,1.9,4.91,0.0202,0.0835,0.0596,0.0484,0.3349,0.1705,FCC
2,1.9,4.8775,0.0205,0.0844,0.062,0.0482,0.3345,0.1722,FCC
2,1.9,4.845,0.0212,0.0846,0.0638,0.0479,0.3341,0.1739,FCC
2,1.9,4.8125,0.0214,0.0842,0.065,0.0475,0.3337,0.1755,FCC
1,1.85,4.9175,0.0214,0.0852,0.0567,0.0648,0.3463,0.1665,FCC
1,1.85,4.885,0.0215,0.087,0.0597,0.0644,0.3458,0.1683,FCC
3,1.85,4.8525,0.0211,0.0882,0.0621,0.0639,0.3454,0.1701,FCC
2,1.85,4.82,0.022,0.0888,0.0639,0.0634,0.3449,0.1719,FCC
2,1.8,4.8925,0.0226,0.0882,0.0568,0.0766,0.3558,0.1641,FCC
2,1.8,4.86,0.0228,0.0903,0.0598,0.076,0.3552,0.166,FCC
2,1.8,4.8275,0.0226,0.0917,0.0622,0.0754,0.3546,0.1678,FCC
4,1.8,4.795,0.0227,0.0926,0.064,0.0747,0.354,0.1696,FCC
2,1.8,4.7625,0.0232,0.0928,0.0652,0.0739,0.3533,0.1714,FCC
4,1.75,4.9,0.0231,0.0881,0.053,0.0865,0.3642,0.1594,FCC
1,1.75,4.8675,0.0239,0.091,0.0568,0.0858,0.3635,0.1614,FCC
3,1.75,4.835,0.0242,0.0932,0.0599,0.085,0.3628,0.1634,FCC
2,1.75,4.8025,0.024,0.0949,0.0623,0.0842,0.362,0.1653,FCC
2,1.75,4.77,0.0235,0.0961,0.0642,0.0833,0.3613,0.1672,FCC
4,1.75,4.7375,0.0241,0.0966,0.0654,0.0824,0.3606,0.169,FCC
4,1.7,4.8425,0.0251,0.0935,0.0569,0.093,0.3693,0.1585,FCC
2,1.7,4.81,0.0255,0.0959,0.06,0.0921,0.3684,0.1606,FCC
1,1.7,4.7775,0.0254,0.0979,0.0625,0.0911,0.3675,0.1626,FCC
1,1.7,4.745,0.0249,0.0993,0.0643,0.09,0.3666,0.1645,FCC
4,1.65,4.785,0.0268,0.0985,0.0601,0.0975,0.3718,0.1575,FCC
2,1.85,4.9425,0.0228,0.0988,0.0652,0.0501,0.3568,0.1877,FCC
1,1.85,4.91,0.0236,0.0997,0.0676,0.0498,0.3566,0.1892,FCC
2,1.85,4.8775,0.0245,0.1,0.0694,0.0495,0.3564,0.1907,FCC
1,1.85,4.845,0.0249,0.0998,0.0708,0.0491,0.3562,0.1922,FCC
1,1.85,4.8125,0.0249,0.0989,0.0716,0.0487,0.356,0.1937,FCC
4,1.8,4.95,0.0237,0.1001,0.0622,0.066,0.37,0.1842,FCC
2,1.8,4.9175,0.024,0.1018,0.0652,0.0656,0.3698,0.1858,FCC
2,1.8,4.885,0.0241,0.1029,0.0677,0.0652,0.3695,0.1874,FCC
2,1.8,4.8525,0.0252,0.1035,0.0695,0.0647,0.3692,0.189,FCC
2,1.8,4.82,0.0257,0.1036,0.0709,0.0641,0.3689,0.1905,FCC
4,1.8,4.7875,0.0257,0.1031,0.0717,0.0634,0.3686,0.1921,FCC
3,1.8,4.755,0.0253,0.102,0.072,0.0627,0.3683,0.1936,FCC
4,1.75,4.925,0.0248,0.1027,0.0623,0.0776,0.3818,0.1821,FCC
3,1.75,4.8925,0.0252,0.1045,0.0653,0.0771,0.3814,0.1838,FCC
1,1.75,4.86,0.0252,0.1059,0.0678,0.0764,0.3811,0.1854,FCC
2,1.75,4.8275,0.0258,0.1068,0.0696,0.0757,0.3807,0.1871,FCC
3,1.75,4.795,0.0265,0.1071,0.071,0.075,0.3803,0.1887,FCC
4,1.75,4.7625,0.0266,0.1069,0.0718,0.0742,0.3799,0.1902,FCC
3,1.75,4.73,0.0263,0.1062,0.0722,0.0733,0.3795,0.1918,FCC
4,1.7,4.9,0.026,0.105,0.0624,0.0867,0.3922,0.1798,FCC
2,1.7,4.835,0.0265,0.1086,0.0679,0.0851,0.3913,0.1832,FCC
1,1.7,4.8025,0.0265,0.1098,0.0698,0.0843,0.3908,0.1849,FCC
1,1.7,4.77,0.0273,0.1104,0.0711,0.0833,0.3903,0.1866,FCC
2,1.8,4.91,0.0279,0.1134,0.0746,0.0511,0.3736,0.2063,FCC
2,1.8,4.8775,0.0285,0.1133,0.076,0.0507,0.3736,0.2077,FCC
2,1.8,4.845,0.0287,0.1126,0.077,0.0503,0.3735,0.209,FCC
3,1.8,4.8125,0.0283,0.1115,0.0775,0.0497,0.3734,0.2103,FCC
3,1.8,4.78,0.0275,0.1097,0.0775,0.0491,0.3733,0.2116,FCC
4,1.75,4.885,0.0285,0.1165,0.0747,0.0659,0.388,0.2048,FCC
1,1.75,4.8525,0.0292,0.1166,0.0761,0.0653,0.3879,0.2062,FCC
2,1.75,4.82,0.0295,0.1163,0.0771,0.0647,0.3877,0.2076,FCC
2,1.75,4.7875,0.0292,0.1154,0.0776,0.064,0.3876,0.209,FCC
3,1.75,4.755,0.0285,0.114,0.0776,0.0632,0.3875,0.2103,FCC
4,1.7,4.795,0.0302,0.1197,0.0772,0.0752,0.4009,0.206,FCC
2,1.75,4.91,0.0322,0.1254,0.0809,0.0523,0.387,0.2221,FCC
2,1.75,4.8775,0.0326,0.1249,0.082,0.0518,0.387,0.2233,FCC
1,1.75,4.845,0.0324,0.1239,0.0826,0.0513,0.3871,0.2246,FCC
3,1.75,4.8125,0.0318,0.1224,0.0829,0.0507,0.3871,0.2258,FCC
4,1.7,4.8525,0.0332,0.1282,0.0821,0.0659,0.4026,0.2221,FCC
3,1.7,4.8125,0.0352,0.1322,0.0878,0.0516,0.3977,0.2402,FCC
4,1.7,4.78,0.0338,0.1298,0.0873,0.0509,0.3979,0.2413,FCC
2,1.9,4.9675,0.0191,0.0792,0.0527,0.0485,0.3536,0.1689,FCC
1,1.9,4.935,0.0192,0.0811,0.0564,0.0484,0.3532,0.1708,FCC
2,1.9,4.9025,0.0188,0.0823,0.0594,0.0482,0.3527,0.1726,FCC
3,1.9,4.87,0.0197,0.0829,0.0618,0.0479,0.3522,0.1744,FCC
2,1.9,4.8375,0.0203,0.0828,0.0635,0.0476,0.3517,0.1762,FCC
1,1.85,4.9425,0.0203,0.0825,0.0527,0.0649,0.363,0.1661,FCC
3,1.85,4.91,0.0205,0.0846,0.0565,0.0646,0.3624,0.168,FCC
1,1.85,4.8775,0.0202,0.0861,0.0595,0.0642,0.3618,0.17,FCC
3,1.85,4.845,0.0204,0.087,0.0619,0.0637,0.3612,0.1719,FCC
1,1.85,4.8125,0.0211,0.0872,0.0636,0.0631,0.3606,0.1737,FCC
2,1.8,4.9175,0.0215,0.0854,0.0528,0.0769,0.3707,0.1631,FCC
3,1.8,4.885,0.0218,0.0878,0.0566,0.0763,0.37,0.1651,FCC
4,1.8,4.8525,0.0217,0.0895,0.0596,0.0757,0.3693,0.1671,FCC
2,1.8,4.82,0.0211,0.0907,0.062,0.0751,0.3685,0.1691,FCC
2,1.75,4.8925,0.0227,0.0881,0.0529,0.0862,0.3764,0.1598,FCC
3,1.75,4.8275,0.0231,0.0927,0.0597,0.0847,0.3747,0.164,FCC
1,1.75,4.795,0.0226,0.0941,0.0621,0.0838,0.3738,0.1661,FCC
3,1.75,4.7625,0.0227,0.095,0.0639,0.0829,0.373,0.1681,FCC
2,1.7,4.8025,0.0245,0.0956,0.0598,0.0917,0.3779,0.1608,FCC
3,1.7,4.77,0.0241,0.0972,0.0622,0.0907,0.3769,0.1629,FCC
3,1.85,4.9675,0.0217,0.0968,0.062,0.05,0.3767,0.1883,FCC
3,1.85,4.935,0.0217,0.0979,0.065,0.0499,0.3765,0.19,FCC
2,1.85,4.9025,0.023,0.0985,0.0674,0.0496,0.3762,0.1916,FCC
2,1.85,4.87,0.0238,0.0985,0.0692,0.0492,0.3759,0.1932,FCC
4,1.8,4.91,0.0228,0.1011,0.0651,0.0654,0.388,0.1876,FCC
3,1.8,4.8775,0.0235,0.1019,0.0675,0.0649,0.3876,0.1893,FCC
4,1.8,4.8125,0.0249,0.102,0.0706,0.0638,0.3869,0.1927,FCC
4,1.75,4.885,0.0241,0.104,0.0652,0.0768,0.3981,0.1851,FCC
4,1.75,4.8525,0.0241,0.1051,0.0676,0.0761,0.3977,0.1869,FCC
4,1.75,4.82,0.0251,0.1057,0.0694,0.0754,0.3972,0.1886,FCC
1,1.8,4.935,0.0263,0.112,0.0725,0.0512,0.3948,0.2075,FCC
4,1.8,4.9025,0.0273,0.1122,0.0744,0.0509,0.3946,0.209,FCC
1,1.55,4.5605,0.0463,0.1922,0.1617,0.1107,0.3978,0.169,BCC+FCC
4,1.7,4.679,0.0331,0.1437,0.1233,0.0957,0.3889,0.1666,FCC
4,1.6,4.66,0.0385,0.1789,0.0653,0.2022,0.3586,0.16,FCC
4,1.75,4.7175,0.0375,0.2047,0.2102,0.2128,0.3685,0.1652,FCC
4,1.65,4.675,0.0376,0.1514,0.1075,0.1284,0.3617,0.1527,FCC
3,1.65,4.685,0.0322,0.13,0.0894,0.1137,0.3616,0.1577,FCC
4,1.75,4.675,0.039,0.162,0.1214,0.1249,0.366,0.1561,FCC
4,1.75,4.685,0.0341,0.1439,0.1066,0.1142,0.366,0.1616,FCC
4,1.7,4.6925,0.0358,0.1477,0.1071,0.1218,0.3678,0.1562,FCC
2,1.7,4.7025,0.0304,0.1263,0.089,0.1078,0.3678,0.1616,FCC
3,1.65,4.71,0.0309,0.1287,0.0886,0.1142,0.3696,0.1563,FCC
3,1.8,4.6925,0.037,0.1569,0.121,0.1159,0.3721,0.1589,FCC
1,1.45,4.465,0.0482,0.1604,0.0919,0.1427,0.3455,0.2068,BCC+FCC
4,1.7,4.635,0.0292,0.1155,0.0748,0.1034,0.3537,0.1938,FCC
2,1.7,4.6275,0.0286,0.1197,0.0779,0.0975,0.3594,0.2109,FCC
4,1.7,4.62,0.0267,0.1205,0.0795,0.0908,0.3577,0.2259,FCC
4,1.75,4.66,0.0263,0.1025,0.0696,0.1045,0.3443,0.1798,FCC
2,1.75,4.6525,0.0267,0.1091,0.0742,0.0984,0.3605,0.1999,FCC
1,1.7,4.66,0.0292,0.1149,0.0752,0.1042,0.372,0.1974,FCC
2,1.75,4.645,0.0258,0.112,0.0772,0.0915,0.3663,0.2175,FCC
4,1.75,4.6375,0.025,0.111,0.0787,0.0836,0.3646,0.233,FCC
2,1.8,4.6775,0.024,0.0961,0.069,0.0992,0.351,0.1848,FCC
2,1.75,4.685,0.0256,0.1014,0.0693,0.1052,0.3585,0.1811,FCC
2,1.8,4.67,0.0242,0.1015,0.0736,0.0921,0.3673,0.2052,FCC
2,1.75,4.6775,0.0269,0.1087,0.0747,0.099,0.3786,0.2023,FCC
4,1.7,4.685,0.0288,0.1141,0.0752,0.1049,0.3886,0.1992,FCC
2,1.8,4.6625,0.0231,0.1028,0.0765,0.084,0.3731,0.2232,FCC
2,1.75,4.67,0.0268,0.1124,0.0784,0.0921,0.3871,0.221,FCC
4,1.9,4.6675,0.0203,0.0835,0.0702,0.1088,0.3479,0.2019,FCC
2,1.85,4.695,0.0217,0.0886,0.0685,0.0926,0.3577,0.1891,FCC
1,1.8,4.7025,0.0236,0.0953,0.0688,0.0998,0.365,0.1851,FCC
2,1.75,4.71,0.0248,0.1002,0.0685,0.1058,0.3705,0.1807,FCC
2,1.8,4.695,0.0246,0.1015,0.0741,0.0926,0.3851,0.2066,FCC
2,1.75,4.7025,0.0268,0.1082,0.0747,0.0996,0.395,0.2031,FCC
4,1.75,4.695,0.0274,0.1126,0.0792,0.0926,0.4065,0.2228,FCC
4,1.6,4.8625,0.0339,0.1354,0.0891,0.1177,0.3709,0.1635,FCC
4,1.6,4.855,0.0378,0.1474,0.0963,0.1111,0.3798,0.185,FCC
4,1.75,4.895,0.0339,0.1436,0.1039,0.1149,0.3482,0.1463,FCC
3,1.7,4.8975,0.0358,0.1432,0.096,0.0949,0.3726,0.1921,FCC
4,1.65,4.8725,0.0363,0.1453,0.0961,0.1036,0.3864,0.1908,FCC
3,1.8,4.9125,0.0321,0.1415,0.1037,0.1053,0.3549,0.1512,FCC
1,1.75,4.915,0.0349,0.1403,0.0958,0.0842,0.3794,0.1974,FCC
2,1.85,4.93,0.031,0.139,0.1035,0.094,0.3615,0.1553,FCC
1,1.8,4.905,0.0314,0.1411,0.1036,0.1053,0.3678,0.1521,FCC
4,1.75,4.88,0.0321,0.1431,0.1037,0.1148,0.3721,0.1486,FCC
4,1.9,4.9475,0.0303,0.136,0.1033,0.0804,0.368,0.1587,FCC
4,1.75,4.8725,0.0313,0.1427,0.1035,0.1147,0.3798,0.1475,FCC
1,1.85,4.7225,0.0353,0.121,0.0836,0.1748,0.2832,0.2047,FCC
1,1.9,4.74,0.0336,0.1161,0.0832,0.1737,0.291,0.2132,FCC
1,1.8,4.69,0.0352,0.1229,0.0835,0.1741,0.316,0.2135,FCC
1,1.9,4.7325,0.0328,0.1143,0.083,0.1733,0.3118,0.2205,FCC
1,1.85,4.655,0.0349,0.1205,0.0856,0.1815,0.3219,0.2284,FCC
1,1.85,4.7075,0.0336,0.118,0.0831,0.1739,0.3232,0.2201,FCC
1,1.9,4.6725,0.033,0.1141,0.0852,0.1817,0.329,0.2343,FCC
1,1.5,4.698,0.0484,0.1923,0.1661,0.1351,0.4669,0.1772,BCC+FCC
1,1.6,4.688,0.0486,0.1907,0.1671,0.1437,0.4721,0.195,BCC+FCC
2,1.85,4.865,0.0367,0.1625,0.0834,0.1225,0.2907,0.1739,FCC
4,1.9,4.89,0.0328,0.153,0.0747,0.1207,0.3051,0.1639,FCC
3,1.9,4.8575,0.0323,0.1525,0.077,0.1213,0.3051,0.1652,FCC
3,1.85,4.89,0.0365,0.162,0.0814,0.122,0.3178,0.1817,FCC
2,1.85,4.8575,0.0358,0.1611,0.0833,0.1226,0.318,0.1828,FCC
4,1.85,4.825,0.0345,0.1599,0.0847,0.1232,0.3181,0.184,FCC
1,1.9,4.915,0.032,0.1522,0.0719,0.1202,0.3297,0.1688,FCC
4,1.9,4.8825,0.0319,0.1518,0.0746,0.1208,0.3297,0.1703,FCC
3,1.9,4.85,0.0313,0.1511,0.0768,0.1215,0.3297,0.1717,FCC
4,1.9,4.8175,0.0303,0.1499,0.0785,0.122,0.3296,0.1732,FCC
1,1.85,4.915,0.0361,0.1613,0.079,0.1215,0.3431,0.1869,FCC
1,1.85,4.8825,0.0357,0.1607,0.0813,0.1222,0.3432,0.1882,FCC
2,1.85,4.85,0.0348,0.1596,0.0831,0.1227,0.3433,0.1895,FCC
4,1.85,4.8175,0.0334,0.1581,0.0845,0.1233,0.3434,0.1908,FCC
4,1.9,4.94,0.031,0.1512,0.0685,0.1197,0.3527,0.1715,FCC
3,1.9,4.875,0.0311,0.1505,0.0745,0.121,0.3525,0.1747,FCC
1,1.85,4.94,0.0354,0.1606,0.0761,0.121,0.3669,0.1899,FCC
1,1.85,4.9075,0.0354,0.1601,0.0789,0.1217,0.367,0.1914,FCC
3,1.85,4.875,0.0349,0.1593,0.0811,0.1223,0.367,0.1928,FCC
3,1.85,4.8425,0.0339,0.158,0.0829,0.1229,0.367,0.1943,FCC
4,1.85,4.81,0.0324,0.1563,0.0843,0.1234,0.367,0.1957,FCC
4,1.9,4.965,0.0298,0.1502,0.0646,0.1191,0.3742,0.1722,FCC
4,1.85,4.965,0.0344,0.1597,0.0728,0.1205,0.3894,0.1911,FCC
4,1.85,4.9325,0.0348,0.1595,0.076,0.1212,0.3894,0.1927,FCC
4,1.9,4.769,0.0327,0.1412,0.1256,0.0353,0.2672,0.1644,FCC
4,1.9,4.8265,0.0345,0.1424,0.1268,0.0349,0.2947,0.1748,FCC
2,1.95,4.8515,0.0309,0.1319,0.1234,0.0318,0.303,0.1649,FCC
4,1.95,4.819,0.0303,0.1311,0.1233,0.0321,0.3029,0.1662,FCC
4,1.9,4.754,0.0301,0.1369,0.125,0.0349,0.3199,0.186,FCC
4,1.95,4.844,0.03,0.1304,0.1232,0.0316,0.3255,0.1714,FCC
4,1.95,4.779,0.0279,0.1277,0.1226,0.0322,0.325,0.1743,FCC
3,1.9,4.8765,0.034,0.1413,0.1266,0.0341,0.3436,0.1879,FCC
4,1.9,4.844,0.0334,0.1403,0.1266,0.0344,0.3435,0.1892,FCC
4,1.9,4.8115,0.0324,0.1389,0.1263,0.0346,0.3434,0.1905,FCC
4,1.85,4.8115,0.0355,0.1476,0.1295,0.0369,0.3577,0.2066,FCC
3,1.95,4.9015,0.0293,0.1301,0.1223,0.0307,0.3466,0.1726,FCC
1,1.95,4.869,0.0294,0.1297,0.1228,0.0311,0.3463,0.1743,FCC
4,1.95,4.8365,0.029,0.1288,0.123,0.0315,0.346,0.1759,FCC
3,1.95,4.804,0.0281,0.1274,0.1228,0.0318,0.3457,0.1775,FCC
3,1.9,4.9015,0.0334,0.1405,0.1261,0.0337,0.3656,0.191,FCC
4,1.9,4.869,0.0332,0.1398,0.1264,0.034,0.3655,0.1924,FCC
3,1.9,4.8365,0.0325,0.1386,0.1264,0.0343,0.3653,0.1939,FCC
2,1.9,4.804,0.0313,0.1369,0.1261,0.0344,0.3652,0.1953,FCC
4,1.9,4.7715,0.0296,0.1347,0.1255,0.0345,0.365,0.1967,FCC
1,1.95,4.9265,0.0281,0.129,0.1214,0.03,0.3658,0.1734,FCC
3,1.95,4.894,0.0286,0.1288,0.1221,0.0306,0.3654,0.1752,FCC
2,1.95,4.8615,0.0286,0.1282,0.1226,0.031,0.365,0.177,FCC
4,1.95,4.829,0.0281,0.1271,0.1228,0.0314,0.3646,0.1787,FCC
3,1.95,4.7965,0.0271,0.1254,0.1226,0.0316,0.3643,0.1804,FCC
4,1.9,4.9265,0.0325,0.1397,0.1253,0.0331,0.3862,0.1923,FCC
3,1.9,4.894,0.0326,0.1392,0.1259,0.0336,0.386,0.1938,FCC
3,1.9,4.8615,0.0323,0.1382,0.1262,0.0339,0.3858,0.1954,FCC
1,1.95,4.919,0.0275,0.1279,0.1212,0.03,0.3829,0.1744,FCC
2,1.95,4.8865,0.0279,0.1275,0.122,0.0305,0.3824,0.1764,FCC
4,1.95,4.854,0.0277,0.1266,0.1224,0.0309,0.382,0.1782,FCC
1,1.9,4.8865,0.0319,0.1377,0.1258,0.0335,0.4049,0.1953,FCC
4,1.9,4.825,0.0346,0.1668,0.0651,0.1565,0.2495,0.1532,FCC
4,1.9,4.7925,0.0333,0.166,0.0656,0.1571,0.2494,0.1544,FCC
4,1.85,4.825,0.0378,0.1749,0.0716,0.1577,0.2675,0.171,FCC
3,1.9,4.85,0.0345,0.1662,0.0636,0.1559,0.276,0.1616,FCC
4,1.9,4.785,0.0321,0.1645,0.0653,0.1573,0.2756,0.1642,FCC
3,1.85,4.785,0.035,0.1722,0.0715,0.1585,0.2942,0.1817,FCC
3,1.9,4.875,0.0341,0.1655,0.0617,0.1554,0.2999,0.1671,FCC
4,1.9,4.8425,0.0336,0.165,0.0634,0.1561,0.2996,0.1685,FCC
4,1.9,4.81,0.0325,0.1642,0.0644,0.1568,0.2994,0.17,FCC
4,1.85,4.875,0.0379,0.1739,0.0691,0.1567,0.3189,0.1852,FCC
4,1.85,4.8425,0.037,0.1732,0.0703,0.1573,0.3189,0.1865,FCC
4,1.85,4.81,0.0357,0.172,0.071,0.158,0.3188,0.1877,FCC
3,1.9,4.9,0.0335,0.1647,0.0592,0.1549,0.3217,0.1702,FCC
3,1.9,4.8675,0.0333,0.1644,0.0615,0.1556,0.3214,0.1719,FCC
2,1.9,4.835,0.0326,0.1638,0.0631,0.1563,0.321,0.1734,FCC
4,1.9,4.8025,0.0314,0.1627,0.0641,0.1569,0.3207,0.175,FCC
4,1.9,4.77,0.0297,0.1612,0.0646,0.1576,0.3204,0.1766,FCC
3,1.85,4.9,0.0375,0.1733,0.0672,0.1562,0.3417,0.1887,FCC
1,1.85,4.8675,0.0371,0.1727,0.0689,0.1568,0.3416,0.1901,FCC
4,1.85,4.835,0.0361,0.1718,0.0701,0.1575,0.3414,0.1915,FCC
3,1.8,4.835,0.0395,0.1792,0.0763,0.1587,0.3574,0.2081,FCC
2,1.8,4.8025,0.0378,0.1776,0.0766,0.1593,0.3574,0.2093,FCC
4,1.9,4.925,0.0326,0.1638,0.0562,0.1544,0.3415,0.1714,FCC
1,1.9,4.8925,0.0328,0.1637,0.059,0.1551,0.3412,0.1731,FCC
3,1.9,4.86,0.0325,0.1633,0.0612,0.1558,0.3408,0.1749,FCC
4,1.9,4.8275,0.0317,0.1624,0.0628,0.1564,0.3404,0.1766,FCC
3,1.85,4.925,0.0369,0.1726,0.0647,0.1556,0.3629,0.1903,FCC
2,1.85,4.8925,0.0368,0.1722,0.0669,0.1563,0.3627,0.1919,FCC
1,1.85,4.86,0.0362,0.1714,0.0686,0.157,0.3625,0.1934,FCC
2,1.85,4.8275,0.0351,0.1703,0.0698,0.1577,0.3623,0.1949,FCC
3,1.85,4.795,0.0335,0.1687,0.0704,0.1583,0.3621,0.1964,FCC
4,1.85,4.7625,0.0314,0.1666,0.0705,0.1589,0.3618,0.1979,FCC
3,1.8,4.8275,0.0386,0.1776,0.076,0.1588,0.3795,0.2118,FCC
2,1.8,4.795,0.0367,0.1757,0.0763,0.1595,0.3794,0.2131,FCC
4,1.9,4.95,0.0315,0.1629,0.0524,0.1538,0.3596,0.1707,FCC
4,1.9,4.9175,0.032,0.1629,0.056,0.1545,0.3592,0.1727,FCC
2,1.9,4.885,0.0321,0.1626,0.0588,0.1553,0.3587,0.1746,FCC
3,1.9,4.8525,0.0316,0.162,0.061,0.1559,0.3582,0.1764,FCC
1,1.85,4.95,0.0361,0.1718,0.0617,0.1551,0.3827,0.1902,FCC
1,1.85,4.9175,0.0363,0.1716,0.0645,0.1558,0.3824,0.1919,FCC
3,1.85,4.885,0.0361,0.171,0.0667,0.1565,0.3821,0.1936,FCC
3,1.85,4.8525,0.0354,0.17,0.0684,0.1572,0.3818,0.1953,FCC
4,1.85,4.7875,0.0324,0.1668,0.0701,0.1584,0.3812,0.1985,FCC
2,1.95,4.8725,0.0376,0.1992,0.2073,0.1797,0.2784,0.1624,FCC
3,1.95,4.8075,0.0354,0.1984,0.2128,0.1812,0.2779,0.1652,FCC
4,1.95,4.8975,0.0372,0.1985,0.2044,0.1792,0.3017,0.1667,FCC
2,1.95,4.865,0.0368,0.1984,0.2074,0.1799,0.3014,0.1683,FCC
3,1.95,4.8325,0.0358,0.198,0.2102,0.1806,0.3011,0.1698,FCC
4,1.95,4.8,0.0344,0.1972,0.2128,0.1813,0.3008,0.1713,FCC
4,1.95,4.9225,0.0366,0.1977,0.2015,0.1786,0.3229,0.1688,FCC
3,1.95,4.825,0.0349,0.1969,0.2103,0.1808,0.3218,0.1739,FCC
3,1.95,4.7925,0.0333,0.1959,0.2129,0.1815,0.3214,0.1755,FCC
2,1.95,4.9475,0.0358,0.1968,0.1984,0.1781,0.3422,0.169,FCC
2,1.95,4.915,0.036,0.197,0.2016,0.1788,0.3417,0.1709,FCC
4,1.95,4.85,0.0351,0.1964,0.2076,0.1803,0.3408,0.1746,FCC
4,1.95,4.8175,0.0339,0.1957,0.2104,0.181,0.3404,0.1763,FCC
4,1.9,4.765,0.0365,0.1466,0.1092,0.07,0.2132,0.1381,FCC
3,1.95,4.715,0.034,0.1515,0.118,0.0797,0.2426,0.1395,FCC
4,1.9,4.7475,0.0392,0.1614,0.1225,0.0808,0.2626,0.1572,FCC
3,1.9,4.79,0.0371,0.1465,0.1102,0.0695,0.2453,0.1545,FCC
4,1.9,4.7575,0.0352,0.1445,0.1089,0.0701,0.2453,0.1552,FCC
4,1.85,4.8,0.0355,0.1363,0.0978,0.0557,0.2404,0.1678,FCC
4,1.85,4.735,0.0314,0.1317,0.095,0.0561,0.2408,0.1687,FCC
4,1.95,4.73,0.0407,0.1677,0.1317,0.0867,0.2816,0.1494,FCC
4,1.95,4.7725,0.0376,0.1542,0.1209,0.0783,0.2689,0.1488,FCC
4,1.95,4.815,0.0343,0.1372,0.1071,0.0671,0.2546,0.1477,FCC
4,1.95,4.75,0.0312,0.1337,0.1053,0.0684,0.2543,0.15,FCC
4,1.9,4.7825,0.0359,0.1446,0.1099,0.0696,0.2738,0.1671,FCC
3,1.9,4.7925,0.0314,0.1246,0.0935,0.0539,0.257,0.166,FCC
3,1.95,4.84,0.0342,0.1367,0.1073,0.0665,0.28,0.1558,FCC
3,1.95,4.765,0.0364,0.1521,0.1206,0.0785,0.292,0.1573,FCC
4,1.95,4.85,0.0288,0.1141,0.0891,0.0511,0.2659,0.1567,FCC
4,1.95,4.775,0.0319,0.1337,0.1061,0.0678,0.2795,0.1586,FCC
4,1.95,4.8175,0.0283,0.1132,0.0892,0.0516,0.2657,0.158,FCC
3,1.95,4.7425,0.0299,0.1313,0.1049,0.0684,0.2792,0.1599,FCC
4,1.95,4.785,0.0273,0.1117,0.0888,0.052,0.2656,0.1592,FCC
4,1.9,4.785,0.0302,0.1225,0.0931,0.0538,0.2845,0.1769,FCC
4,1.9,4.7525,0.0285,0.1201,0.0921,0.0541,0.2845,0.1779,FCC
3,1.85,4.85,0.0357,0.1356,0.0983,0.055,0.2991,0.191,FCC
4,1.85,4.7525,0.0311,0.1294,0.0959,0.0557,0.2993,0.1937,FCC
2,1.95,4.865,0.0338,0.1361,0.107,0.0659,0.3028,0.1611,FCC
2,1.95,4.875,0.0279,0.1131,0.0884,0.0506,0.2905,0.1632,FCC
4,1.95,4.8425,0.0278,0.1124,0.0889,0.0511,0.2902,0.1646,FCC
3,1.95,4.81,0.0272,0.1112,0.0889,0.0516,0.29,0.166,FCC
4,1.9,4.865,0.0376,0.1456,0.111,0.0679,0.3234,0.1799,FCC
4,1.9,4.8325,0.0367,0.1443,0.1108,0.0685,0.3232,0.1812,FCC
2,1.9,4.875,0.0317,0.1247,0.0934,0.0527,0.3098,0.1814,FCC
4,1.9,4.8,0.0354,0.1425,0.1102,0.0691,0.3231,0.1825,FCC
2,1.9,4.8425,0.0313,0.1237,0.0936,0.0531,0.3097,0.1827,FCC
3,1.9,4.81,0.0304,0.1222,0.0934,0.0535,0.3096,0.1839,FCC
2,1.85,4.875,0.0354,0.1351,0.0981,0.0546,0.3249,0.198,FCC
3,1.85,4.8425,0.0348,0.1339,0.0981,0.055,0.3249,0.1991,FCC
3,1.85,4.81,0.0336,0.132,0.0977,0.0553,0.3249,0.2001,FCC
3,1.85,4.7775,0.0319,0.1297,0.0968,0.0555,0.325,0.2012,FCC
4,1.8,4.7775,0.0348,0.1382,0.1006,0.0571,0.337,0.216,FCC
4,1.95,4.89,0.0331,0.1353,0.1065,0.0652,0.3236,0.164,FCC
1,1.95,4.9,0.0268,0.1119,0.0874,0.0501,0.3128,0.1671,FCC
1,1.95,4.8675,0.0271,0.1115,0.0882,0.0507,0.3124,0.1687,FCC
4,1.95,4.7925,0.0311,0.1314,0.1063,0.0674,0.3224,0.1691,FCC
2,1.95,4.835,0.0269,0.1106,0.0886,0.0511,0.3121,0.1703,FCC
3,1.95,4.8025,0.0262,0.1091,0.0886,0.0516,0.3118,0.1718,FCC
3,1.9,4.89,0.0372,0.1451,0.1107,0.0673,0.3453,0.1831,FCC
1,1.9,4.9,0.0309,0.1239,0.0926,0.0523,0.333,0.1857,FCC
1,1.9,4.8675,0.0308,0.1231,0.0932,0.0527,0.3329,0.1871,FCC
4,1.9,4.7925,0.0343,0.1403,0.1099,0.0692,0.3447,0.1876,FCC
4,1.9,4.8025,0.0293,0.1201,0.0932,0.0535,0.3326,0.1898,FCC
3,1.85,4.9,0.0349,0.1345,0.0975,0.0542,0.3489,0.2025,FCC
4,1.85,4.8675,0.0346,0.1335,0.0978,0.0546,0.3489,0.2038,FCC
2,1.85,4.835,0.0338,0.1319,0.0978,0.055,0.3489,0.205,FCC
4,1.85,4.8025,0.0325,0.1298,0.0974,0.0552,0.3489,0.2062,FCC
4,1.85,4.77,0.0307,0.1271,0.0965,0.0554,0.3488,0.2074,FCC
3,1.8,4.8025,0.0357,0.1385,0.1013,0.0569,0.3616,0.2214,FCC
1,1.95,4.915,0.0322,0.1345,0.1057,0.0646,0.3424,0.1649,FCC
1,1.95,4.8825,0.0324,0.1339,0.1063,0.0654,0.342,0.1668,FCC
3,1.95,4.925,0.0255,0.1106,0.0859,0.0496,0.333,0.169,FCC
3,1.95,4.85,0.0321,0.1329,0.1066,0.0661,0.3415,0.1686,FCC
1,1.95,4.8925,0.0261,0.1105,0.0872,0.0502,0.3327,0.1707,FCC
4,1.95,4.8175,0.0313,0.1313,0.1065,0.0668,0.341,0.1704,FCC
4,1.95,4.86,0.0263,0.1098,0.088,0.0507,0.3323,0.1724,FCC
4,1.95,4.7425,0.0328,0.1448,0.1197,0.079,0.3476,0.1699,FCC
4,1.95,4.785,0.0301,0.1292,0.1061,0.0675,0.3405,0.1722,FCC
4,1.95,4.8275,0.0259,0.1086,0.0884,0.0511,0.3319,0.1741,FCC
4,1.95,4.7525,0.0283,0.1264,0.1052,0.0681,0.34,0.1739,FCC
2,1.9,4.915,0.0366,0.1445,0.1101,0.0666,0.3657,0.1845,FCC
4,1.9,4.8825,0.0365,0.1436,0.1105,0.0674,0.3654,0.1861,FCC
3,1.9,4.925,0.0298,0.1229,0.0915,0.0518,0.3546,0.1879,FCC
3,1.9,4.85,0.0359,0.1422,0.1106,0.0681,0.3651,0.1877,FCC
1,1.9,4.8925,0.0301,0.1224,0.0924,0.0523,0.3544,0.1894,FCC
4,1.9,4.86,0.03,0.1214,0.093,0.0527,0.3542,0.191,FCC
3,1.9,4.785,0.0332,0.138,0.1096,0.0693,0.3645,0.1909,FCC
4,1.9,4.8275,0.0294,0.1198,0.0931,0.0531,0.3539,0.1925,FCC
4,1.9,4.7525,0.0312,0.1349,0.1086,0.0699,0.3642,0.1925,FCC
1,1.85,4.925,0.0341,0.1338,0.0966,0.0538,0.3715,0.2052,FCC
3,1.85,4.8925,0.0342,0.133,0.0973,0.0542,0.3714,0.2065,FCC
4,1.85,4.86,0.0338,0.1316,0.0976,0.0546,0.3713,0.2079,FCC
3,1.85,4.8275,0.0329,0.1298,0.0975,0.0549,0.3713,0.2093,FCC
3,1.85,4.795,0.0314,0.1273,0.0971,0.0552,0.3712,0.2106,FCC
1,1.95,4.94,0.0311,0.1336,0.1046,0.0639,0.3594,0.164,FCC
1,1.95,4.9075,0.0316,0.1332,0.1055,0.0647,0.3588,0.166,FCC
1,1.95,4.875,0.0317,0.1324,0.1061,0.0655,0.3583,0.168,FCC
3,1.95,4.9175,0.0249,0.1094,0.0858,0.0496,0.351,0.1708,FCC
4,1.95,4.8,0.0358,0.1481,0.1214,0.0775,0.3632,0.1669,FCC
4,1.95,4.8425,0.0313,0.131,0.1064,0.0663,0.3577,0.1699,FCC
1,1.95,4.885,0.0254,0.1089,0.087,0.0502,0.3505,0.1727,FCC
4,1.95,4.7675,0.034,0.1454,0.1206,0.0783,0.3625,0.1689,FCC
3,1.95,4.81,0.0304,0.1292,0.1063,0.067,0.3571,0.1719,FCC
3,1.95,4.82,0.025,0.1064,0.0881,0.0511,0.3495,0.1763,FCC
4,1.9,4.95,0.0285,0.1218,0.0899,0.0512,0.3746,0.1884,FCC
3,1.9,4.9175,0.0292,0.1215,0.0913,0.0518,0.3743,0.19,FCC
2,1.9,4.885,0.0294,0.1208,0.0922,0.0523,0.374,0.1917,FCC
1,1.9,4.8525,0.0292,0.1195,0.0927,0.0527,0.3737,0.1933,FCC
3,1.9,4.7875,0.0272,0.1151,0.0926,0.0534,0.3732,0.1965,FCC
2,1.85,4.9175,0.0335,0.1324,0.0964,0.0538,0.3926,0.2076,FCC
1,1.85,4.885,0.0335,0.1313,0.0971,0.0542,0.3925,0.2091,FCC
4,1.85,4.8525,0.0329,0.1297,0.0974,0.0546,0.3923,0.2106,FCC
1,1.95,4.6,0.0288,0.1079,0.0782,0.1679,0.1482,0.1471,FCC
1,1.95,4.6525,0.0301,0.108,0.0785,0.1566,0.1477,0.1425,FCC
2,1.95,4.62,0.0278,0.1048,0.0763,0.1557,0.1477,0.1421,FCC
4,1.95,4.4825,0.022,0.0942,0.0678,0.1746,0.1486,0.1492,FCC
4,1.95,4.535,0.0224,0.0985,0.0713,0.1658,0.1482,0.1458,FCC
1,1.9,4.495,0.028,0.1112,0.0773,0.1833,0.1726,0.1637,FCC
4,1.9,4.5675,0.0278,0.113,0.0788,0.1663,0.1711,0.1583,FCC
4,1.9,4.62,0.0298,0.1149,0.0803,0.1553,0.1702,0.1549,FCC
4,1.9,4.535,0.0258,0.1076,0.0748,0.1651,0.1712,0.1574,FCC
4,1.9,4.5875,0.0267,0.1107,0.0772,0.1543,0.1703,0.1542,FCC
4,1.9,4.5025,0.0238,0.101,0.0698,0.1639,0.1714,0.1565,FCC
4,1.9,4.765,0.0296,0.1072,0.0756,0.0765,0.1665,0.1333,FCC
1,1.85,4.6,0.0332,0.126,0.0855,0.1667,0.1873,0.1695,FCC
4,1.85,4.5675,0.0309,0.1212,0.0821,0.1656,0.1876,0.1685,FCC
4,1.85,4.4825,0.027,0.1099,0.0737,0.1728,0.1891,0.169,FCC
4,1.85,4.5025,0.0265,0.1087,0.0727,0.1632,0.1882,0.1665,FCC
4,1.85,4.555,0.0276,0.1139,0.0767,0.1528,0.187,0.1644,FCC
1,1.75,4.555,0.0325,0.1276,0.0824,0.1516,0.2079,0.1823,FCC
1,1.95,4.69,0.0335,0.1137,0.0831,0.1705,0.1886,0.1724,FCC
1,1.95,4.71,0.0321,0.1101,0.0808,0.158,0.1884,0.1667,FCC
4,1.95,4.6775,0.0307,0.108,0.0797,0.1571,0.1883,0.1667,FCC
1,1.95,4.5925,0.0272,0.1045,0.0776,0.1676,0.1884,0.1722,FCC
3,1.95,4.645,0.0287,0.1051,0.0781,0.1563,0.1882,0.1668,FCC
4,1.95,4.6125,0.0262,0.1015,0.0758,0.1554,0.1882,0.1667,FCC
2,1.95,4.5275,0.0215,0.0938,0.0706,0.1654,0.1882,0.1719,FCC
1,1.9,4.605,0.0332,0.1207,0.0858,0.1784,0.2095,0.1889,FCC
4,1.9,4.5725,0.0304,0.1163,0.0831,0.1771,0.2095,0.1885,FCC
4,1.9,4.625,0.0321,0.1181,0.0841,0.168,0.209,0.1844,FCC
1,1.9,4.6775,0.0333,0.1185,0.0841,0.1568,0.2084,0.1797,FCC
1,1.9,4.54,0.0282,0.1111,0.0796,0.1759,0.2096,0.1881,FCC
2,1.9,4.5925,0.0292,0.114,0.0815,0.167,0.2091,0.1842,FCC
1,1.9,4.645,0.031,0.1154,0.0823,0.1559,0.2085,0.1796,FCC
1,1.9,4.6975,0.032,0.1155,0.0821,0.1424,0.2078,0.1744,FCC
2,1.9,4.56,0.0268,0.1091,0.0782,0.1659,0.2091,0.1839,FCC
3,1.9,4.6125,0.0283,0.1116,0.0798,0.155,0.2085,0.1794,FCC
4,1.9,4.5275,0.0249,0.103,0.0741,0.1647,0.2092,0.1836,FCC
4,1.9,4.7575,0.0283,0.1049,0.0752,0.0762,0.206,0.1557,FCC
1,1.85,4.56,0.0299,0.1172,0.0815,0.1652,0.2247,0.1945,FCC
1,1.85,4.665,0.0322,0.1221,0.0844,0.1413,0.2229,0.1866,FCC
4,1.85,4.5275,0.0276,0.1109,0.0772,0.164,0.2249,0.1941,FCC
1,1.8,4.6125,0.0337,0.1282,0.0868,0.154,0.2353,0.2012,FCC
1,1.8,4.6325,0.0324,0.1263,0.0854,0.1402,0.2344,0.1973,FCC
1,1.7,4.5275,0.0325,0.1288,0.0849,0.1615,0.2519,0.2196,FCC
1,1.95,4.5975,0.0295,0.108,0.0815,0.1787,0.2214,0.1964,FCC
1,1.95,4.67,0.0294,0.1053,0.0793,0.1568,0.2215,0.1846,FCC
2,1.95,4.585,0.0257,0.1007,0.0771,0.1672,0.2212,0.191,FCC
2,1.95,4.6375,0.0273,0.102,0.0776,0.1559,0.2213,0.1849,FCC
1,1.9,4.6825,0.0352,0.1216,0.0872,0.1697,0.2413,0.2029,FCC
1,1.9,4.5975,0.0318,0.1173,0.0853,0.1779,0.2417,0.2081,FCC
1,1.9,4.565,0.0294,0.1125,0.0825,0.1767,0.2417,0.2082,FCC
1,1.9,4.67,0.032,0.1158,0.0837,0.1565,0.241,0.1976,FCC
4,1.9,4.7825,0.0283,0.1044,0.0756,0.0764,0.2393,0.1717,FCC
3,1.9,4.75,0.027,0.1024,0.0748,0.076,0.2394,0.1723,FCC
1,1.85,4.5525,0.0288,0.1128,0.0809,0.1647,0.2568,0.2144,FCC
1,1.8,4.5125,0.0316,0.122,0.0861,0.1815,0.2701,0.2318,FCC
1,1.8,4.5325,0.0315,0.1211,0.0851,0.1736,0.2694,0.2284,FCC
1,1.8,4.5,0.0288,0.1134,0.0803,0.1722,0.2696,0.2281,FCC
1,1.8,4.605,0.0327,0.1245,0.0863,0.1536,0.2677,0.2206,FCC
1,1.8,4.625,0.0315,0.1227,0.0849,0.1398,0.2669,0.2161,FCC
1,1.75,4.5,0.0298,0.1189,0.0827,0.1712,0.2787,0.2368,FCC
1,1.75,4.625,0.0343,0.1299,0.0881,0.1394,0.2755,0.2265,FCC
4,1.7,4.5,0.0303,0.1235,0.0848,0.1701,0.2855,0.2448,FCC
4,1.7,4.62,0.0304,0.1202,0.0796,0.0749,0.2794,0.2238,FCC
1,1.65,4.5,0.0302,0.1273,0.0867,0.169,0.2902,0.252,FCC
1,1.65,4.5525,0.0346,0.1361,0.0914,0.1615,0.2887,0.2503,FCC
1,1.95,4.7075,0.0325,0.1111,0.0832,0.1708,0.2503,0.2036,FCC
1,1.95,4.6225,0.0305,0.1086,0.0831,0.1794,0.2498,0.2107,FCC
1,1.95,4.7275,0.031,0.1075,0.0808,0.1581,0.2504,0.1971,FCC
1,1.9,4.6025,0.0344,0.1205,0.0889,0.1874,0.2703,0.2281,FCC
1,1.9,4.695,0.0326,0.116,0.0847,0.157,0.2698,0.2111,FCC
2,1.9,4.6625,0.0306,0.1128,0.0833,0.1561,0.2697,0.2116,FCC
1,1.9,4.5775,0.0269,0.1062,0.0804,0.1662,0.2698,0.2181,FCC
2,1.9,4.63,0.0282,0.1088,0.0813,0.1552,0.2697,0.2121,FCC
4,1.9,4.4925,0.0238,0.0939,0.074,0.1736,0.2699,0.224,FCC
1,1.9,4.5975,0.0253,0.1039,0.0788,0.1542,0.2697,0.2125,FCC
4,1.9,4.7425,0.0257,0.0997,0.0744,0.0758,0.2687,0.185,FCC
1,1.85,4.57,0.0343,0.1236,0.0899,0.1851,0.2862,0.2391,FCC
1,1.85,4.5375,0.0315,0.1177,0.0867,0.1836,0.2863,0.2392,FCC
1,1.85,4.59,0.0333,0.1219,0.0884,0.1767,0.2858,0.2345,FCC
1,1.85,4.6425,0.0345,0.1244,0.0891,0.1677,0.2854,0.2292,FCC
1,1.85,4.5575,0.0309,0.1162,0.0853,0.1754,0.2859,0.2346,FCC
1,1.85,4.715,0.0341,0.1229,0.087,0.1423,0.2844,0.2179,FCC
1,1.8,4.5375,0.0331,0.1243,0.0896,0.1825,0.2988,0.2492,FCC
1,1.8,4.5575,0.0329,0.1231,0.0884,0.1745,0.2982,0.245,FCC
1,1.8,4.5775,0.0324,0.1218,0.0871,0.1648,0.2976,0.2405,FCC
1,1.8,4.545,0.0299,0.1151,0.0833,0.1636,0.2978,0.2406,FCC
4,1.75,4.4925,0.0284,0.1129,0.082,0.1706,0.3081,0.2545,FCC
1,1.7,4.545,0.0326,0.1263,0.0885,0.1619,0.314,0.2599,FCC
4,1.7,4.645,0.0313,0.1223,0.0832,0.0754,0.3095,0.2383,FCC
1,1.95,4.6275,0.0327,0.112,0.0862,0.1892,0.2747,0.2276,FCC
1,1.95,4.785,0.0311,0.1083,0.0804,0.1594,0.2763,0.2057,FCC
1,1.95,4.595,0.0305,0.1079,0.0846,0.1879,0.2744,0.2281,FCC
1,1.95,4.5625,0.0278,0.103,0.0823,0.1865,0.2741,0.2287,FCC
1,1.95,4.615,0.0292,0.1052,0.0826,0.179,0.2747,0.2221,FCC
4,1.95,4.5825,0.0266,0.1005,0.0805,0.1778,0.2744,0.2227,FCC
3,1.95,4.655,0.0267,0.099,0.0785,0.1562,0.2753,0.209,FCC
4,1.95,4.7675,0.023,0.0861,0.0692,0.0753,0.2762,0.1774,FCC
1,1.9,4.6475,0.0342,0.1188,0.0884,0.1794,0.2959,0.2341,FCC
1,1.9,4.7,0.0346,0.1192,0.0875,0.1699,0.2959,0.2275,FCC
1,1.9,4.615,0.0318,0.1147,0.0867,0.1783,0.2957,0.2346,FCC
1,1.9,4.72,0.0331,0.1161,0.0853,0.1575,0.2958,0.2212,FCC
1,1.9,4.53,0.0282,0.1055,0.0829,0.1842,0.2955,0.2411,FCC
1,1.9,4.74,0.0315,0.1128,0.0829,0.143,0.2957,0.2146,FCC
2,1.9,4.655,0.0293,0.1096,0.0829,0.1558,0.2956,0.2225,FCC
4,1.9,4.6225,0.0267,0.1051,0.0809,0.1548,0.2955,0.2232,FCC
4,1.9,4.8,0.027,0.1016,0.0752,0.0764,0.2953,0.1927,FCC
4,1.9,4.735,0.0243,0.0968,0.074,0.0755,0.2952,0.1947,FCC
1,1.85,4.5825,0.0322,0.1179,0.0879,0.1762,0.3121,0.2468,FCC
1,1.85,4.655,0.0319,0.1188,0.0869,0.1554,0.3114,0.2352,FCC
2,1.85,4.7025,0.0246,0.1042,0.0772,0.0755,0.3101,0.2104,FCC
1,1.8,4.6225,0.0327,0.122,0.0883,0.1539,0.3239,0.2475,FCC
4,1.75,4.6375,0.0275,0.1107,0.0794,0.0748,0.3311,0.238,FCC
1,1.95,4.62,0.0315,0.1087,0.0858,0.1887,0.2969,0.2366,FCC
1,1.95,4.745,0.0298,0.1047,0.0803,0.1583,0.2988,0.2144,FCC
4,1.95,4.7125,0.0288,0.1024,0.0801,0.1575,0.2985,0.2153,FCC
4,1.95,4.595,0.0241,0.0935,0.0782,0.1671,0.297,0.2251,FCC
3,1.95,4.7925,0.0227,0.0854,0.069,0.0755,0.2997,0.1832,FCC
1,1.9,4.765,0.0316,0.1126,0.083,0.1434,0.3197,0.2215,FCC
4,1.9,4.8575,0.0268,0.1021,0.0741,0.0768,0.3197,0.1975,FCC
4,1.9,4.5625,0.025,0.0969,0.0794,0.1654,0.3188,0.239,FCC
4,1.9,4.76,0.0247,0.0968,0.0745,0.0757,0.3194,0.201,FCC
2,1.85,4.695,0.0232,0.1005,0.0768,0.0752,0.335,0.2181,FCC
4,1.8,4.695,0.0257,0.1101,0.081,0.0756,0.3473,0.2321,FCC
4,1.75,4.695,0.0297,0.1185,0.0849,0.076,0.3569,0.2452,FCC
4,1.95,4.85,0.0222,0.0857,0.0673,0.0759,0.3215,0.1853,FCC
2,1.95,4.785,0.0217,0.0827,0.0686,0.0752,0.3208,0.1882,FCC
2,1.95,4.7525,0.0206,0.08,0.0685,0.0749,0.3204,0.1896,FCC
3,1.9,4.785,0.0248,0.0966,0.0746,0.0759,0.3418,0.205,FCC
4,1.9,4.7525,0.0235,0.0937,0.0741,0.0755,0.3416,0.2063,FCC
4,1.9,4.6675,0.0205,0.0883,0.0739,0.1023,0.3411,0.2167,FCC
2,1.9,4.72,0.0217,0.0899,0.0732,0.075,0.3415,0.2076,FCC
2,1.85,4.7525,0.0264,0.1053,0.0793,0.0761,0.3583,0.2217,FCC
4,1.85,4.72,0.0243,0.1013,0.0781,0.0755,0.3582,0.2229,FCC
3,1.85,4.6875,0.0217,0.0964,0.0763,0.0749,0.3582,0.224,FCC
3,1.95,4.94,0.0189,0.0838,0.061,0.0763,0.3418,0.1835,FCC
4,1.95,4.875,0.021,0.0843,0.0656,0.0759,0.341,0.1868,FCC
4,1.95,4.8425,0.0214,0.0835,0.067,0.0757,0.3406,0.1884,FCC
1,1.95,4.81,0.0212,0.082,0.0679,0.0754,0.3401,0.19,FCC
3,1.95,4.7775,0.0206,0.0796,0.0683,0.075,0.3397,0.1915,FCC
4,1.95,4.745,0.0195,0.0764,0.0681,0.0746,0.3393,0.1931,FCC
3,1.9,4.94,0.0234,0.0998,0.0689,0.0772,0.3635,0.2013,FCC
3,1.9,4.9075,0.0245,0.0998,0.071,0.077,0.3633,0.2028,FCC
3,1.9,4.875,0.0251,0.0993,0.0725,0.0767,0.3631,0.2043,FCC
3,1.9,4.8425,0.0251,0.0981,0.0736,0.0764,0.3628,0.2058,FCC
2,1.9,4.81,0.0247,0.0963,0.0742,0.0761,0.3626,0.2072,FCC
2,1.9,4.7775,0.0238,0.0937,0.0742,0.0757,0.3624,0.2086,FCC
2,1.9,4.745,0.0223,0.0903,0.0738,0.0752,0.3621,0.21,FCC
1,1.7,4.476,0.0423,0.1882,0.1929,0.1202,0.4476,0.2652,BCC+FCC
1,1.85,4.5345,0.0405,0.1752,0.1795,0.1155,0.4236,0.2329,BCC+FCC
1,1.95,4.596,0.0458,0.1947,0.2082,0.0913,0.4589,0.1962,BCC+FCC
1,1.9,4.6095,0.0419,0.1788,0.1871,0.1153,0.462,0.2225,BCC+FCC
1,1.75,4.6095,0.045,0.1879,0.1898,0.1167,0.5097,0.2672,BCC+FCC
1,1.9,4.6345,0.0428,0.1806,0.1892,0.1154,0.4772,0.221,BCC+FCC
4,1.7,4.595,0.0371,0.1698,0.077,0.1833,0.3565,0.244,FCC
1,1.95,4.837,0.0501,0.1966,0.1952,0.1152,0.4407,0.1935,BCC+FCC
1,1.95,4.8295,0.0494,0.1951,0.195,0.1152,0.4533,0.1925,BCC+FCC
1,1.8,4.4575,0.033,0.1565,0.1167,0.2238,0.2948,0.2316,FCC
1,1.65,4.4975,0.0322,0.1445,0.0996,0.187,0.279,0.2379,FCC
1,1.75,4.47,0.0328,0.1535,0.1167,0.2131,0.3318,0.2529,FCC
1,1.95,4.67,0.0379,0.1331,0.1029,0.1949,0.2878,0.2216,FCC
1,1.95,4.82,0.0346,0.1276,0.0976,0.1564,0.3112,0.2034,FCC
4,1.8,4.805,0.0344,0.1529,0.0707,0.1489,0.264,0.1113,FCC
4,1.75,4.8125,0.0347,0.1537,0.0679,0.1565,0.2814,0.1106,FCC
4,1.7,4.7875,0.0357,0.1554,0.068,0.1636,0.297,0.111,FCC
4,1.7,4.755,0.0361,0.1567,0.0709,0.1636,0.2967,0.1126,FCC
4,1.85,4.855,0.0322,0.1495,0.0677,0.1399,0.2725,0.1233,FCC
4,1.85,4.8225,0.0325,0.1501,0.0705,0.1403,0.2724,0.1248,FCC
2,1.8,4.8625,0.0323,0.1504,0.0643,0.1484,0.2895,0.1218,FCC
4,1.8,4.83,0.033,0.1515,0.0677,0.1487,0.2894,0.1234,FCC
3,1.75,4.87,0.0325,0.1505,0.0603,0.1561,0.3051,0.1196,FCC
3,1.75,4.8375,0.0333,0.1521,0.0644,0.1563,0.3049,0.1214,FCC
4,1.75,4.805,0.0338,0.1534,0.0678,0.1565,0.3046,0.1231,FCC
4,1.7,4.845,0.0334,0.1519,0.0603,0.1634,0.3191,0.1187,FCC
2,1.7,4.7475,0.0352,0.1563,0.0707,0.1636,0.3181,0.1242,FCC
4,1.65,4.7225,0.0361,0.1582,0.0708,0.1697,0.3303,0.1233,FCC
4,1.9,4.8725,0.0306,0.1467,0.0675,0.1302,0.2807,0.1345,FCC
3,1.85,4.8475,0.0314,0.1489,0.0676,0.14,0.2972,0.1339,FCC
4,1.85,4.7825,0.0312,0.1494,0.0726,0.1407,0.2968,0.1371,FCC
4,1.8,4.8875,0.0309,0.1488,0.0602,0.1481,0.3127,0.1295,FCC
4,1.8,4.8225,0.0322,0.151,0.0676,0.1487,0.3122,0.1331,FCC
3,1.8,4.79,0.0325,0.1517,0.0704,0.149,0.3119,0.1348,FCC
4,1.8,4.7575,0.0322,0.1519,0.0726,0.1492,0.3116,0.1364,FCC
4,1.75,4.83,0.0323,0.1519,0.0643,0.1563,0.326,0.1301,FCC
3,1.75,4.7975,0.033,0.153,0.0677,0.1565,0.3257,0.1319,FCC
4,1.75,4.765,0.0333,0.1538,0.0705,0.1567,0.3254,0.1337,FCC
4,1.7,4.87,0.0319,0.15,0.0554,0.1633,0.339,0.1245,FCC
3,1.7,4.8375,0.0329,0.1519,0.0603,0.1634,0.3386,0.1265,FCC
3,1.7,4.805,0.0334,0.1536,0.0644,0.1634,0.3382,0.1285,FCC
3,1.7,4.7725,0.0337,0.1549,0.0678,0.1635,0.3377,0.1304,FCC
4,1.7,4.74,0.0342,0.1559,0.0706,0.1635,0.3373,0.1323,FCC
4,1.65,4.845,0.0328,0.1512,0.0554,0.1698,0.3498,0.1224,FCC
4,1.65,4.8125,0.0339,0.1534,0.0603,0.1698,0.3493,0.1246,FCC
4,1.65,4.78,0.0345,0.1552,0.0644,0.1698,0.3488,0.1267,FCC
3,1.65,4.7475,0.0346,0.1567,0.0678,0.1697,0.3483,0.1287,FCC
2,1.65,4.715,0.0351,0.1578,0.0706,0.1696,0.3477,0.1307,FCC
4,1.6,4.7875,0.0349,0.1547,0.0604,0.1755,0.3584,0.1223,FCC
4,1.85,4.87,0.0405,0.1954,0.074,0.1691,0.3319,0.1417,FCC
1,1.9,4.8975,0.0294,0.1454,0.064,0.1298,0.305,0.1411,FCC
3,1.9,4.865,0.0298,0.1458,0.0674,0.1303,0.3049,0.1427,FCC
4,1.9,4.8325,0.0297,0.1458,0.0701,0.1308,0.3047,0.1444,FCC
4,1.9,4.8,0.0292,0.1454,0.0723,0.1313,0.3045,0.146,FCC
3,1.85,4.8725,0.03,0.1476,0.0641,0.1397,0.3198,0.1397,FCC
1,1.85,4.84,0.0306,0.1482,0.0674,0.1401,0.3196,0.1414,FCC
2,1.85,4.8075,0.0306,0.1484,0.0702,0.1404,0.3193,0.1432,FCC
4,1.8,4.88,0.0299,0.1485,0.0601,0.1482,0.3335,0.1361,FCC
1,1.8,4.8475,0.0307,0.1497,0.0642,0.1485,0.3332,0.138,FCC
3,1.8,4.7825,0.0315,0.1509,0.0703,0.149,0.3325,0.1417,FCC
3,1.75,4.855,0.031,0.1503,0.0602,0.1562,0.3455,0.134,FCC
4,1.75,4.8225,0.0314,0.1516,0.0642,0.1564,0.3451,0.136,FCC
4,1.75,4.79,0.0321,0.1526,0.0676,0.1565,0.3447,0.138,FCC
4,1.75,4.7575,0.0324,0.1532,0.0703,0.1567,0.3443,0.1399,FCC
4,1.7,4.8625,0.0315,0.1501,0.0554,0.1632,0.3566,0.1296,FCC
2,1.7,4.83,0.0321,0.1519,0.0602,0.1633,0.3561,0.1317,FCC
2,1.7,4.7975,0.0322,0.1534,0.0643,0.1634,0.3556,0.1338,FCC
2,1.7,4.765,0.0329,0.1545,0.0676,0.1635,0.355,0.1359,FCC
4,1.7,4.7325,0.0333,0.1553,0.0704,0.1635,0.3545,0.1379,FCC
4,1.65,4.8375,0.0325,0.1514,0.0554,0.1698,0.3656,0.1268,FCC
2,1.65,4.7725,0.0334,0.1551,0.0643,0.1697,0.3644,0.1313,FCC
1,1.65,4.74,0.0337,0.1564,0.0677,0.1697,0.3638,0.1335,FCC
2,1.65,4.7075,0.0342,0.1573,0.0705,0.1696,0.3631,0.1356,FCC
3,1.9,4.9225,0.0279,0.1441,0.06,0.1294,0.3274,0.1449,FCC
1,1.9,4.89,0.0287,0.1447,0.0639,0.1299,0.3271,0.1467,FCC
3,1.9,4.8575,0.029,0.1449,0.0672,0.1304,0.3269,0.1485,FCC
3,1.9,4.825,0.0288,0.1447,0.0699,0.1309,0.3266,0.1503,FCC
4,1.85,4.93,0.0275,0.1451,0.0552,0.1389,0.3409,0.1407,FCC
2,1.85,4.8975,0.0284,0.1462,0.06,0.1393,0.3406,0.1427,FCC
3,1.85,4.865,0.0293,0.147,0.064,0.1398,0.3403,0.1447,FCC
2,1.85,4.8325,0.0297,0.1474,0.0673,0.1401,0.3399,0.1466,FCC
3,1.85,4.8,0.0297,0.1474,0.07,0.1405,0.3396,0.1485,FCC
3,1.8,4.9375,0.0281,0.1452,0.0495,0.1476,0.3532,0.1361,FCC
4,1.8,4.905,0.0286,0.1469,0.0553,0.1479,0.3528,0.1383,FCC
2,1.8,4.8725,0.029,0.1482,0.0601,0.1482,0.3524,0.1403,FCC
4,1.8,4.84,0.03,0.1492,0.0641,0.1485,0.352,0.1424,FCC
3,1.8,4.8075,0.0305,0.1498,0.0674,0.1488,0.3516,0.1444,FCC
4,1.8,4.775,0.0306,0.15,0.0701,0.149,0.3512,0.1463,FCC
2,1.75,4.88,0.0297,0.1485,0.0553,0.156,0.3633,0.1355,FCC
4,1.75,4.8475,0.0298,0.15,0.0601,0.1562,0.3628,0.1377,FCC
4,1.75,4.815,0.0307,0.1512,0.0641,0.1564,0.3623,0.1398,FCC
2,1.75,4.7825,0.0313,0.152,0.0674,0.1565,0.3618,0.1419,FCC
4,1.75,4.75,0.0314,0.1524,0.0702,0.1566,0.3612,0.144,FCC
3,1.7,4.8225,0.0311,0.1518,0.0602,0.1633,0.3715,0.1348,FCC
4,1.7,4.79,0.0313,0.1531,0.0642,0.1634,0.3709,0.137,FCC
1,1.7,4.7575,0.0321,0.154,0.0675,0.1634,0.3703,0.1392,FCC
4,1.7,4.725,0.0323,0.1547,0.0703,0.1634,0.3697,0.1414,FCC
3,1.65,4.765,0.0322,0.1548,0.0642,0.1696,0.3778,0.1339,FCC
4,1.65,4.7325,0.0329,0.156,0.0676,0.1696,0.3771,0.1362,FCC
4,1.9,4.9475,0.0261,0.1427,0.0552,0.1289,0.3479,0.1463,FCC
4,1.9,4.915,0.0273,0.1435,0.0599,0.1295,0.3476,0.1484,FCC
4,1.9,4.8825,0.028,0.1438,0.0638,0.13,0.3473,0.1503,FCC
4,1.9,4.85,0.0281,0.1438,0.0671,0.1305,0.3469,0.1523,FCC
4,1.85,4.79,0.0361,0.1916,0.0804,0.1711,0.3768,0.155,FCC
4,1.85,4.955,0.0262,0.1434,0.0495,0.1386,0.36,0.1414,FCC
1,1.85,4.9225,0.0265,0.1447,0.0552,0.139,0.3596,0.1435,FCC
3,1.85,4.89,0.0278,0.1457,0.0599,0.1394,0.3592,0.1457,FCC
1,1.85,4.8575,0.0286,0.1463,0.0639,0.1398,0.3588,0.1477,FCC
4,1.85,4.825,0.0289,0.1465,0.0672,0.1402,0.3584,0.1498,FCC
4,1.8,4.93,0.0273,0.1451,0.0495,0.1476,0.3704,0.1382,FCC
1,1.8,4.8975,0.0275,0.1466,0.0552,0.148,0.3699,0.1405,FCC
4,1.8,4.865,0.0284,0.1478,0.06,0.1483,0.3694,0.1427,FCC
1,1.8,4.8325,0.0293,0.1485,0.064,0.1486,0.3689,0.1449,FCC
2,1.8,4.8,0.0297,0.149,0.0672,0.1488,0.3684,0.147,FCC
3,1.8,4.7675,0.0296,0.149,0.0699,0.149,0.3679,0.1491,FCC
4,1.75,4.8725,0.0287,0.1484,0.0553,0.156,0.3786,0.1372,FCC
3,1.75,4.84,0.0289,0.1497,0.06,0.1562,0.378,0.1395,FCC
2,1.75,4.8075,0.03,0.1507,0.064,0.1564,0.3774,0.1418,FCC
2,1.7,4.8475,0.0299,0.15,0.0553,0.1632,0.3856,0.1336,FCC
2,1.7,4.815,0.0298,0.1515,0.0601,0.1633,0.3849,0.136,FCC
2,1.9,4.9725,0.0241,0.1412,0.0494,0.1285,0.3668,0.1457,FCC
2,1.9,4.94,0.0256,0.1421,0.0551,0.1291,0.3664,0.148,FCC
1,1.9,4.9075,0.0267,0.1427,0.0598,0.1296,0.366,0.1501,FCC
4,1.85,4.9475,0.0251,0.1431,0.0494,0.1386,0.377,0.1423,FCC
3,1.85,4.915,0.0261,0.1443,0.0552,0.1391,0.3765,0.1446,FCC
4,1.85,4.8825,0.0272,0.145,0.0599,0.1395,0.376,0.1469,FCC
3,1.8,4.9225,0.0263,0.145,0.0495,0.1477,0.3857,0.1386,FCC
3,1.8,4.89,0.0265,0.1463,0.0552,0.148,0.3851,0.1411,FCC
4,1.75,4.8975,0.0275,0.1467,0.0495,0.1558,0.3926,0.1347,FCC
4,1.75,4.865,0.0274,0.1482,0.0552,0.156,0.3919,0.1372,FCC
4,1.75,4.8325,0.0283,0.1493,0.06,0.1562,0.3912,0.1397,FCC
4,1.85,4.799,0.033,0.1315,0.1205,0.0814,0.2565,0.1111,FCC
1,1.75,4.6995,0.0492,0.2009,0.191,0.1081,0.3672,0.1304,BCC+FCC
1,1.75,4.6345,0.0462,0.2005,0.1891,0.1072,0.3658,0.1342,BCC+FCC
4,1.95,4.809,0.0302,0.1262,0.1203,0.0539,0.2485,0.1255,FCC
4,1.85,4.824,0.0316,0.1299,0.1199,0.0816,0.2796,0.1231,FCC
1,1.8,4.6845,0.0456,0.1978,0.1899,0.0995,0.373,0.1398,BCC+FCC
1,1.75,4.692,0.0481,0.2002,0.1908,0.1079,0.3797,0.1357,BCC+FCC
4,1.7,4.749,0.0346,0.1357,0.1201,0.1047,0.3116,0.121,FCC
1,1.7,4.602,0.0462,0.2017,0.189,0.1133,0.3817,0.1375,BCC+FCC
3,1.95,4.834,0.0293,0.125,0.12,0.0538,0.2731,0.1357,FCC
3,1.9,4.8415,0.0297,0.1271,0.1196,0.0695,0.2875,0.1336,FCC
3,1.9,4.809,0.0302,0.1277,0.1201,0.0693,0.287,0.1352,FCC
3,1.85,4.7515,0.0312,0.1308,0.1203,0.0805,0.2986,0.136,FCC
3,1.8,4.8565,0.0302,0.1282,0.1179,0.0918,0.3114,0.1277,FCC
4,1.8,4.7265,0.0322,0.1334,0.1204,0.0896,0.3089,0.135,FCC
4,1.75,4.8315,0.0311,0.1299,0.118,0.0996,0.3202,0.126,FCC
3,1.75,4.7015,0.0332,0.1358,0.1205,0.0968,0.3172,0.1337,FCC
4,1.7,4.8065,0.032,0.1314,0.118,0.106,0.327,0.124,FCC
3,1.7,4.774,0.0331,0.1337,0.1191,0.1052,0.3262,0.1261,FCC
1,1.7,4.6595,0.048,0.2014,0.1907,0.1143,0.391,0.1359,BCC+FCC
4,1.65,4.7815,0.0329,0.1329,0.1181,0.1111,0.3316,0.1217,FCC
4,1.6,4.6915,0.036,0.139,0.1201,0.1126,0.3312,0.1237,FCC
3,1.95,4.859,0.0281,0.1237,0.1194,0.0536,0.2952,0.1423,FCC
3,1.95,4.8265,0.0283,0.1239,0.1198,0.0536,0.2948,0.144,FCC
4,1.95,4.794,0.0281,0.1237,0.1199,0.0536,0.2943,0.1456,FCC
3,1.9,4.8665,0.0281,0.1254,0.1187,0.0695,0.3077,0.1392,FCC
4,1.9,4.7605,0.036,0.1623,0.159,0.074,0.3483,0.1481,FCC
3,1.9,4.8015,0.0292,0.1268,0.1199,0.0691,0.3066,0.1427,FCC
4,1.9,4.769,0.0291,0.1268,0.12,0.0689,0.3061,0.1445,FCC
4,1.85,4.874,0.0287,0.1262,0.1177,0.0819,0.3186,0.1355,FCC
2,1.85,4.8415,0.0292,0.1277,0.1188,0.0815,0.318,0.1375,FCC
4,1.85,4.809,0.0297,0.1288,0.1195,0.0812,0.3174,0.1394,FCC
3,1.85,4.7765,0.0301,0.1295,0.12,0.0808,0.3168,0.1412,FCC
4,1.85,4.744,0.0301,0.1298,0.1201,0.0803,0.3161,0.143,FCC
4,1.8,4.849,0.0297,0.1281,0.1178,0.0915,0.3272,0.1335,FCC
3,1.8,4.8165,0.0303,0.1298,0.1189,0.091,0.3265,0.1355,FCC
2,1.8,4.784,0.0304,0.1311,0.1196,0.0905,0.3257,0.1375,FCC
2,1.8,4.7515,0.031,0.132,0.1201,0.0899,0.325,0.1394,FCC
4,1.75,4.8565,0.0296,0.1276,0.1165,0.1,0.3347,0.1289,FCC
3,1.75,4.824,0.0307,0.1299,0.1179,0.0994,0.3338,0.1311,FCC
1,1.75,4.7095,0.047,0.1987,0.1911,0.1079,0.3981,0.1379,BCC+FCC
4,1.75,4.7915,0.0314,0.1318,0.1189,0.0987,0.333,0.1332,FCC
1,1.75,4.677,0.0459,0.1985,0.1904,0.1075,0.3969,0.1403,BCC+FCC
2,1.75,4.759,0.0316,0.1333,0.1197,0.098,0.3321,0.1353,FCC
4,1.75,4.7265,0.0319,0.1344,0.1201,0.0972,0.3312,0.1373,FCC
4,1.75,4.694,0.0321,0.1351,0.1203,0.0964,0.3303,0.1393,FCC
1,1.7,4.7495,0.0483,0.1998,0.1917,0.1157,0.3991,0.1292,BCC+FCC
1,1.7,4.717,0.0484,0.2004,0.1915,0.1152,0.3977,0.1317,BCC+FCC
4,1.7,4.799,0.0317,0.1316,0.1179,0.1057,0.3383,0.1284,FCC
4,1.7,4.734,0.0328,0.1353,0.1198,0.104,0.3362,0.1328,FCC
3,1.7,4.7015,0.0328,0.1366,0.1202,0.1031,0.3351,0.135,FCC
3,1.7,4.669,0.0331,0.1375,0.1204,0.1021,0.3341,0.1371,FCC
4,1.65,4.7415,0.0336,0.1353,0.1191,0.1097,0.3389,0.1278,FCC
3,1.95,4.884,0.0267,0.1223,0.1185,0.0534,0.315,0.1462,FCC
2,1.95,4.8515,0.0273,0.1227,0.1192,0.0535,0.3145,0.148,FCC
2,1.9,4.859,0.0273,0.1248,0.1186,0.0694,0.3251,0.1441,FCC
2,1.9,4.8265,0.028,0.1255,0.1193,0.0692,0.3245,0.146,FCC
2,1.9,4.794,0.0283,0.1258,0.1197,0.069,0.3239,0.1479,FCC
3,1.9,4.7615,0.028,0.1255,0.1198,0.0687,0.3232,0.1498,FCC
3,1.85,4.899,0.0273,0.1242,0.1163,0.082,0.3348,0.1376,FCC
2,1.85,4.834,0.028,0.1272,0.1187,0.0813,0.3334,0.1418,FCC
3,1.85,4.8015,0.0288,0.1281,0.1194,0.0809,0.3327,0.1438,FCC
3,1.85,4.769,0.0292,0.1286,0.1198,0.0805,0.3319,0.1458,FCC
4,1.8,4.809,0.0292,0.1295,0.1187,0.0908,0.3397,0.1392,FCC
2,1.8,4.7765,0.0296,0.1306,0.1195,0.0902,0.3388,0.1413,FCC
1,1.8,4.744,0.0301,0.1313,0.1199,0.0896,0.3379,0.1434,FCC
4,1.75,4.8165,0.0301,0.1298,0.1177,0.0991,0.3448,0.1341,FCC
3,1.75,4.7515,0.0304,0.1328,0.1195,0.0977,0.3427,0.1385,FCC
4,1.75,4.719,0.0309,0.1337,0.12,0.0969,0.3417,0.1407,FCC
3,1.75,4.6865,0.031,0.1342,0.1201,0.0961,0.3406,0.1428,FCC
1,1.7,4.742,0.0476,0.1994,0.1915,0.1154,0.3997,0.1279,BCC+FCC
4,1.7,4.7915,0.0313,0.1316,0.1178,0.1054,0.3465,0.1308,FCC
3,1.7,4.694,0.0318,0.1361,0.12,0.1027,0.3427,0.1378,FCC
2,1.95,4.909,0.025,0.1207,0.1174,0.0532,0.3327,0.1477,FCC
2,1.95,4.8765,0.0259,0.1214,0.1184,0.0533,0.3321,0.1497,FCC
4,1.95,4.844,0.0264,0.1216,0.1191,0.0534,0.3315,0.1517,FCC
4,1.95,4.779,0.026,0.1206,0.1195,0.0533,0.3303,0.1555,FCC
3,1.9,4.9165,0.0255,0.1219,0.1162,0.0695,0.3417,0.1429,FCC
4,1.9,4.884,0.0256,0.1232,0.1174,0.0694,0.3409,0.145,FCC
1,1.9,4.8515,0.0266,0.1241,0.1184,0.0692,0.3402,0.1471,FCC
3,1.9,4.819,0.0272,0.1246,0.1191,0.069,0.3395,0.1492,FCC
3,1.9,4.7865,0.0273,0.1246,0.1195,0.0688,0.3387,0.1512,FCC
3,1.85,4.8915,0.0266,0.124,0.1162,0.0818,0.348,0.1398,FCC
1,1.85,4.859,0.0269,0.1255,0.1175,0.0815,0.3472,0.142,FCC
3,1.85,4.8265,0.0273,0.1266,0.1185,0.0811,0.3463,0.1442,FCC
4,1.85,4.794,0.028,0.1273,0.1192,0.0807,0.3455,0.1463,FCC
4,1.8,4.8665,0.0278,0.126,0.1163,0.0915,0.3523,0.1364,FCC
2,1.8,4.834,0.0281,0.1277,0.1176,0.0911,0.3512,0.1388,FCC
3,1.8,4.8015,0.0279,0.129,0.1186,0.0905,0.3502,0.141,FCC
4,1.8,4.769,0.0288,0.1299,0.1193,0.09,0.3492,0.1433,FCC
4,1.8,4.7365,0.0291,0.1304,0.1197,0.0893,0.3481,0.1455,FCC
2,1.75,4.744,0.0295,0.1323,0.1194,0.0974,0.3502,0.14,FCC
3,1.75,4.7115,0.03,0.133,0.1198,0.0966,0.349,0.1423,FCC
1,1.7,4.7345,0.0469,0.1989,0.1914,0.1152,0.3951,0.1252,BCC+FCC
4,1.7,4.719,0.0303,0.1345,0.1194,0.1033,0.3481,0.1364,FCC
4,1.95,4.934,0.0233,0.119,0.116,0.0529,0.3484,0.1472,FCC
2,1.95,4.9015,0.0244,0.1199,0.1173,0.0531,0.3477,0.1494,FCC
1,1.95,4.869,0.0252,0.1204,0.1182,0.0532,0.347,0.1515,FCC
3,1.95,4.8365,0.0256,0.1204,0.1189,0.0532,0.3462,0.1536,FCC
2,1.95,4.804,0.0255,0.1199,0.1192,0.0532,0.3455,0.1557,FCC
3,1.9,4.909,0.0245,0.1214,0.1161,0.0693,0.3546,0.1439,FCC
1,1.9,4.8765,0.0249,0.1226,0.1173,0.0692,0.3538,0.1461,FCC
3,1.9,4.844,0.0259,0.1232,0.1183,0.0691,0.3529,0.1484,FCC
1,1.9,4.8115,0.0264,0.1235,0.119,0.0688,0.352,0.1506,FCC
4,1.9,4.779,0.0264,0.1232,0.1193,0.0686,0.3511,0.1527,FCC
3,1.9,4.7465,0.0259,0.1225,0.1193,0.0682,0.3502,0.1548,FCC
3,1.85,4.884,0.0257,0.1237,0.1161,0.0816,0.3586,0.1402,FCC
2,1.85,4.8515,0.0256,0.125,0.1174,0.0813,0.3576,0.1426,FCC
2,1.85,4.819,0.0266,0.1259,0.1184,0.0809,0.3566,0.145,FCC
1,1.85,4.7865,0.0272,0.1264,0.119,0.0805,0.3555,0.1472,FCC
3,1.85,4.754,0.0273,0.1264,0.1194,0.08,0.3545,0.1495,FCC
3,1.8,4.859,0.0269,0.1258,0.1162,0.0913,0.3601,0.1363,FCC
1,1.8,4.8265,0.0269,0.1273,0.1174,0.0908,0.3589,0.1388,FCC
4,1.8,4.794,0.0272,0.1284,0.1184,0.0903,0.3577,0.1413,FCC
4,1.8,4.7615,0.0279,0.1291,0.1191,0.0897,0.3564,0.1437,FCC
3,1.8,4.729,0.0282,0.1293,0.1195,0.0891,0.3551,0.146,FCC
4,1.75,4.8015,0.0282,0.1294,0.1175,0.0985,0.3571,0.1348,FCC
3,1.75,4.769,0.0279,0.1307,0.1185,0.0978,0.3556,0.1373,FCC
2,1.75,4.7365,0.0287,0.1316,0.1192,0.097,0.3541,0.1398,FCC
4,1.7,4.744,0.0293,0.1329,0.1186,0.1038,0.3497,0.1331,FCC
2,1.95,4.9265,0.0225,0.1184,0.1159,0.0529,0.3611,0.1472,FCC
4,1.95,4.894,0.0238,0.119,0.1171,0.053,0.3602,0.1495,FCC
1,1.95,4.8615,0.0245,0.1193,0.1181,0.0531,0.3594,0.1518,FCC
4,1.95,4.829,0.0248,0.119,0.1187,0.0531,0.3585,0.154,FCC
4,1.95,4.7965,0.0245,0.1182,0.119,0.053,0.3576,0.1562,FCC
1,1.9,4.9015,0.0232,0.1209,0.1159,0.0692,0.3649,0.1434,FCC
1,1.9,4.869,0.0243,0.1218,0.1172,0.0691,0.3639,0.1458,FCC
4,1.9,4.8365,0.0252,0.1223,0.1182,0.0689,0.3629,0.1481,FCC
4,1.9,4.804,0.0256,0.1223,0.1188,0.0686,0.3618,0.1505,FCC
3,1.9,4.7715,0.0254,0.1218,0.1191,0.0684,0.3608,0.1527,FCC
4,1.85,4.909,0.0246,0.1217,0.1144,0.0817,0.3674,0.1366,FCC
3,1.85,4.8765,0.0246,0.1233,0.116,0.0814,0.3662,0.1392,FCC
1,1.85,4.844,0.0249,0.1244,0.1173,0.0811,0.365,0.1417,FCC
4,1.85,4.8115,0.0258,0.1251,0.1182,0.0807,0.3638,0.1442,FCC
2,1.85,4.779,0.0263,0.1253,0.1189,0.0803,0.3625,0.1466,FCC
4,1.85,4.7465,0.0263,0.1251,0.1192,0.0798,0.3612,0.149,FCC
3,1.8,4.8515,0.0259,0.1255,0.1161,0.0911,0.3644,0.1348,FCC
4,1.8,4.819,0.0255,0.1268,0.1173,0.0906,0.363,0.1374,FCC
2,1.8,4.7865,0.0265,0.1277,0.1183,0.09,0.3615,0.14,FCC
2,1.8,4.754,0.0271,0.1282,0.119,0.0894,0.36,0.1425,FCC
4,1.85,4.765,0.042,0.217,0.057,0.2153,0.2421,0.129,FCC
4,1.8,4.8225,0.0352,0.1644,0.0542,0.1806,0.2503,0.1184,FCC
3,1.9,4.8325,0.0329,0.1606,0.0561,0.1642,0.2435,0.1316,FCC
4,1.85,4.84,0.0336,0.1622,0.0539,0.1725,0.2589,0.1296,FCC
3,1.85,4.775,0.0335,0.163,0.0579,0.1735,0.2579,0.1328,FCC
4,1.8,4.8475,0.0336,0.1629,0.0509,0.1803,0.2724,0.1271,FCC
4,1.8,4.815,0.0344,0.164,0.054,0.1807,0.2719,0.1288,FCC
4,1.75,4.79,0.0352,0.1658,0.0541,0.1882,0.2829,0.1278,FCC
4,1.75,4.7575,0.0356,0.1667,0.0565,0.1885,0.2822,0.1296,FCC
3,1.75,4.725,0.0354,0.1673,0.0582,0.1888,0.2815,0.1313,FCC
4,1.7,4.7325,0.0364,0.1685,0.0566,0.1953,0.2911,0.1283,FCC
4,1.7,4.7,0.0364,0.1693,0.0583,0.1955,0.2903,0.1302,FCC
4,1.85,4.815,0.0431,0.216,0.0529,0.2141,0.2868,0.1423,FCC
2,1.9,4.8575,0.032,0.1596,0.0535,0.1637,0.2672,0.1389,FCC
4,1.9,4.7925,0.0314,0.1596,0.0574,0.1649,0.2662,0.1422,FCC
4,1.85,4.865,0.0322,0.1609,0.0506,0.1721,0.2804,0.1359,FCC
4,1.85,4.8325,0.0328,0.1616,0.0536,0.1726,0.2798,0.1377,FCC
3,1.8,4.8725,0.032,0.1614,0.0468,0.1799,0.2919,0.1323,FCC
2,1.8,4.84,0.0329,0.1627,0.0507,0.1803,0.2912,0.1343,FCC
2,1.8,4.775,0.0337,0.1642,0.0561,0.1812,0.2899,0.138,FCC
3,1.75,4.8475,0.033,0.1629,0.0469,0.1876,0.3009,0.1303,FCC
2,1.75,4.815,0.0336,0.1643,0.0508,0.1879,0.3001,0.1324,FCC
4,1.75,4.7825,0.0343,0.1654,0.0539,0.1883,0.2993,0.1343,FCC
3,1.75,4.75,0.0346,0.1662,0.0562,0.1886,0.2985,0.1363,FCC
4,1.65,4.765,0.0355,0.1674,0.051,0.2013,0.3112,0.1277,FCC
4,1.6,4.675,0.0373,0.1716,0.0566,0.2072,0.3103,0.1295,FCC
3,1.9,4.8825,0.0308,0.1584,0.0503,0.1632,0.2882,0.1433,FCC
2,1.9,4.85,0.0312,0.1588,0.0533,0.1639,0.2876,0.1451,FCC
2,1.9,4.8175,0.031,0.1588,0.0555,0.1645,0.2871,0.1469,FCC
4,1.9,4.785,0.0303,0.1585,0.0571,0.165,0.2865,0.1487,FCC
2,1.85,4.8575,0.0315,0.1604,0.0504,0.1722,0.2988,0.1413,FCC
3,1.85,4.825,0.0319,0.161,0.0534,0.1727,0.2981,0.1432,FCC
2,1.85,4.7925,0.0319,0.1612,0.0557,0.1732,0.2974,0.1451,FCC
2,1.8,4.8975,0.0306,0.1598,0.0416,0.1796,0.3089,0.1349,FCC
4,1.8,4.865,0.0311,0.1612,0.0466,0.18,0.3081,0.137,FCC
4,1.8,4.8,0.0327,0.1631,0.0535,0.1809,0.3066,0.1411,FCC
4,1.8,4.7675,0.0328,0.1635,0.0558,0.1813,0.3058,0.143,FCC
2,1.75,4.8725,0.0316,0.1612,0.0417,0.1873,0.3157,0.1322,FCC
4,1.75,4.84,0.032,0.1628,0.0467,0.1877,0.3148,0.1344,FCC
2,1.75,4.8075,0.0328,0.1641,0.0506,0.188,0.3139,0.1365,FCC
3,1.75,4.775,0.0335,0.165,0.0537,0.1883,0.313,0.1386,FCC
4,1.75,4.7425,0.0336,0.1656,0.0559,0.1886,0.312,0.1407,FCC
4,1.75,4.71,0.0333,0.1659,0.0576,0.1889,0.3111,0.1427,FCC
2,1.7,4.815,0.0331,0.1643,0.0468,0.1947,0.3192,0.1315,FCC
4,1.7,4.7825,0.0335,0.1657,0.0507,0.1949,0.3181,0.1337,FCC
2,1.7,4.75,0.0343,0.1668,0.0538,0.1952,0.317,0.1359,FCC
3,1.7,4.7175,0.0345,0.1676,0.0561,0.1954,0.3159,0.1381,FCC
4,1.65,4.725,0.035,0.1685,0.0539,0.2014,0.3183,0.133,FCC
4,1.65,4.6925,0.0354,0.1695,0.0562,0.2016,0.3169,0.1353,FCC
2,1.9,4.9075,0.0294,0.1572,0.0462,0.1628,0.3068,0.1452,FCC
4,1.9,4.875,0.0301,0.1577,0.0501,0.1634,0.3061,0.1472,FCC
4,1.9,4.8425,0.0303,0.158,0.053,0.164,0.3055,0.1492,FCC
3,1.9,4.7775,0.0292,0.1572,0.0568,0.1652,0.3042,0.153,FCC
4,1.85,4.915,0.0287,0.158,0.0414,0.1713,0.3161,0.1404,FCC
3,1.85,4.8825,0.03,0.1591,0.0463,0.1718,0.3153,0.1426,FCC
4,1.85,4.85,0.0308,0.1599,0.0502,0.1723,0.3145,0.1447,FCC
2,1.85,4.8175,0.0311,0.1603,0.0531,0.1728,0.3138,0.1467,FCC
2,1.8,4.825,0.0315,0.1618,0.0503,0.1805,0.3209,0.1418,FCC
2,1.8,4.7925,0.0319,0.1624,0.0533,0.1809,0.3199,0.144,FCC
2,1.8,4.76,0.0318,0.1627,0.0555,0.1813,0.319,0.1461,FCC
2,1.75,4.865,0.0307,0.1612,0.0416,0.1874,0.327,0.1341,FCC
4,1.75,4.8,0.0321,0.1637,0.0504,0.1881,0.3248,0.1388,FCC
1,1.75,4.7675,0.0327,0.1645,0.0534,0.1884,0.3237,0.141,FCC
4,1.75,4.735,0.0327,0.1649,0.0557,0.1887,0.3226,0.1432,FCC
4,1.75,4.7025,0.0322,0.165,0.0572,0.189,0.3215,0.1454,FCC
3,1.7,4.8075,0.032,0.1642,0.0466,0.1947,0.3274,0.133,FCC
2,1.7,4.775,0.0328,0.1655,0.0505,0.195,0.3261,0.1354,FCC
4,1.7,4.7425,0.0334,0.1664,0.0535,0.1952,0.3248,0.1377,FCC
4,1.65,4.7175,0.0342,0.1682,0.0537,0.2014,0.3226,0.1342,FCC
2,1.9,4.9,0.0288,0.1566,0.046,0.1629,0.3224,0.1473,FCC
3,1.9,4.8675,0.0294,0.157,0.0498,0.1635,0.3216,0.1494,FCC
2,1.9,4.835,0.0295,0.157,0.0528,0.1641,0.3208,0.1515,FCC
3,1.9,4.8025,0.0291,0.1566,0.0549,0.1647,0.32,0.1535,FCC
4,1.85,4.9075,0.0282,0.1577,0.0413,0.1714,0.3295,0.1418,FCC
2,1.85,4.875,0.0294,0.1586,0.0461,0.1719,0.3286,0.1441,FCC
2,1.85,4.8425,0.0301,0.1592,0.05,0.1725,0.3277,0.1463,FCC
3,1.85,4.81,0.0303,0.1594,0.0529,0.173,0.3268,0.1485,FCC
2,1.85,4.7775,0.03,0.1593,0.0551,0.1734,0.3259,0.1506,FCC
3,1.85,4.745,0.0292,0.1587,0.0566,0.1739,0.3249,0.1527,FCC
2,1.8,4.8825,0.0287,0.1594,0.0413,0.1798,0.3336,0.1382,FCC
3,1.8,4.85,0.03,0.1605,0.0462,0.1802,0.3326,0.1406,FCC
1,1.8,4.8175,0.0307,0.1613,0.0501,0.1806,0.3315,0.1429,FCC
3,1.8,4.785,0.031,0.1617,0.053,0.181,0.3304,0.1452,FCC
4,1.75,4.71,0.0404,0.2168,0.0543,0.2328,0.3356,0.1456,FCC
1,1.8,4.7525,0.0309,0.1618,0.0552,0.1814,0.3293,0.1474,FCC
4,1.8,4.72,0.0302,0.1614,0.0567,0.1818,0.3282,0.1496,FCC
3,1.75,4.8575,0.0296,0.1611,0.0414,0.1874,0.3351,0.1344,FCC
2,1.75,4.7925,0.0314,0.1633,0.0502,0.1881,0.3326,0.1393,FCC
3,1.75,4.76,0.0318,0.1639,0.0531,0.1884,0.3313,0.1417,FCC
4,1.75,4.7275,0.0317,0.1641,0.0554,0.1887,0.3299,0.144,FCC
3,1.7,4.7675,0.0321,0.1651,0.0503,0.195,0.3304,0.1354,FCC
3,1.7,4.735,0.0326,0.1659,0.0533,0.1952,0.3289,0.1379,FCC
3,1.9,4.9575,0.0259,0.1544,0.0347,0.1618,0.3371,0.143,FCC
2,1.9,4.925,0.0273,0.1553,0.041,0.1624,0.3363,0.1454,FCC
4,1.9,4.8925,0.0282,0.1559,0.0458,0.1631,0.3354,0.1477,FCC
3,1.9,4.86,0.0287,0.1561,0.0496,0.1637,0.3345,0.15,FCC
3,1.9,4.8275,0.0287,0.1559,0.0525,0.1643,0.3335,0.1522,FCC
4,1.85,4.9,0.0277,0.1573,0.0411,0.1715,0.3402,0.1416,FCC
2,1.85,4.8675,0.0288,0.1581,0.0459,0.1721,0.3391,0.144,FCC
2,1.85,4.835,0.0294,0.1585,0.0497,0.1726,0.3381,0.1463,FCC
3,1.85,4.8025,0.0294,0.1585,0.0526,0.1731,0.337,0.1487,FCC
2,1.8,4.7275,0.0383,0.2133,0.0539,0.2247,0.3418,0.1484,FCC
3,1.85,4.77,0.029,0.1581,0.0548,0.1735,0.3358,0.1509,FCC
4,1.8,4.9075,0.0273,0.1579,0.0348,0.1794,0.3427,0.1349,FCC
1,1.8,4.8425,0.0294,0.1601,0.0461,0.1803,0.3402,0.14,FCC
1,1.8,4.81,0.03,0.1607,0.0498,0.1807,0.3389,0.1425,FCC
3,1.8,4.7775,0.0302,0.1609,0.0528,0.1811,0.3376,0.1449,FCC
4,1.75,4.85,0.0286,0.1609,0.0413,0.1875,0.3397,0.1331,FCC
4,1.75,4.8175,0.0299,0.162,0.0462,0.1879,0.3381,0.1357,FCC
2,1.75,4.785,0.0307,0.1627,0.05,0.1882,0.3366,0.1383,FCC
4,1.75,4.7525,0.031,0.1631,0.0529,0.1885,0.335,0.1408,FCC
4,1.9,4.8375,0.0371,0.196,0.2032,0.1958,0.236,0.1223,FCC
4,1.9,4.805,0.037,0.1966,0.2062,0.1964,0.2355,0.1239,FCC
4,1.85,4.7475,0.0374,0.1988,0.2089,0.2047,0.2495,0.1253,FCC
4,1.95,4.855,0.0355,0.1939,0.2034,0.1874,0.2449,0.133,FCC
3,1.9,4.8625,0.036,0.1948,0.2003,0.1954,0.2596,0.1304,FCC
4,1.9,4.83,0.0362,0.1956,0.2033,0.196,0.2591,0.1321,FCC
4,1.85,4.87,0.0357,0.195,0.197,0.2029,0.2725,0.1273,FCC
4,1.85,4.805,0.037,0.1972,0.2033,0.2039,0.2713,0.131,FCC
4,1.8,4.8775,0.0355,0.1947,0.1936,0.2099,0.2836,0.1236,FCC
3,1.8,4.7475,0.0378,0.1995,0.2062,0.2117,0.2806,0.1314,FCC
3,1.95,4.88,0.0346,0.1929,0.2004,0.187,0.2679,0.1388,FCC
3,1.9,4.8875,0.0346,0.1936,0.1972,0.1949,0.2804,0.1352,FCC
3,1.9,4.8225,0.0354,0.1951,0.2034,0.1961,0.2792,0.139,FCC
4,1.9,4.7575,0.0343,0.1955,0.2091,0.1972,0.2779,0.1427,FCC
4,1.85,4.83,0.0359,0.196,0.2003,0.2035,0.2898,0.1352,FCC
2,1.85,4.7975,0.0362,0.1968,0.2034,0.204,0.289,0.1372,FCC
4,1.8,4.8375,0.0357,0.1962,0.1971,0.2105,0.2985,0.1309,FCC
4,1.8,4.7725,0.037,0.1984,0.2034,0.2114,0.2968,0.1351,FCC
3,1.75,4.78,0.0373,0.1988,0.2003,0.2178,0.3032,0.1305,FCC
3,1.75,4.7475,0.0377,0.1998,0.2033,0.2182,0.3022,0.1327,FCC
3,1.7,4.69,0.0386,0.2022,0.2062,0.2248,0.3038,0.1322,FCC
4,1.95,4.8725,0.0339,0.1924,0.2005,0.1871,0.2876,0.1439,FCC
4,1.95,4.775,0.0322,0.1924,0.2093,0.1891,0.2857,0.1495,FCC
3,1.9,4.9125,0.033,0.1923,0.1939,0.1945,0.2987,0.1375,FCC
3,1.9,4.8475,0.0345,0.1941,0.2005,0.1957,0.2973,0.1416,FCC
2,1.9,4.815,0.0346,0.1946,0.2035,0.1963,0.2965,0.1436,FCC
4,1.85,4.855,0.0346,0.1948,0.1972,0.2031,0.3057,0.1369,FCC
2,1.85,4.79,0.0354,0.1963,0.2035,0.2041,0.304,0.1412,FCC
4,1.8,4.8625,0.0339,0.1948,0.1938,0.2102,0.3123,0.1317,FCC
3,1.8,4.83,0.0351,0.1961,0.1972,0.2106,0.3113,0.134,FCC
2,1.8,4.7975,0.0359,0.1972,0.2004,0.211,0.3103,0.1363,FCC
3,1.8,4.765,0.0361,0.198,0.2035,0.2114,0.3092,0.1384,FCC
3,1.8,4.7325,0.0359,0.1985,0.2064,0.2118,0.3082,0.1406,FCC
4,1.75,4.805,0.0357,0.1974,0.1972,0.2176,0.3143,0.1308,FCC
3,1.75,4.74,0.0369,0.1995,0.2034,0.2183,0.3119,0.1355,FCC
3,1.95,4.93,0.0321,0.1906,0.1941,0.1859,0.3061,0.1428,FCC
2,1.95,4.8975,0.0329,0.1914,0.1975,0.1866,0.3053,0.1449,FCC
1,1.95,4.865,0.0332,0.1918,0.2006,0.1873,0.3046,0.147,FCC
4,1.95,4.8325,0.033,0.192,0.2037,0.188,0.3039,0.1491,FCC
2,1.95,4.8,0.0323,0.1918,0.2066,0.1886,0.3032,0.1511,FCC
4,1.95,4.7675,0.0311,0.1913,0.2093,0.1892,0.3024,0.153,FCC
2,1.9,4.905,0.0325,0.1921,0.1941,0.1946,0.3137,0.1398,FCC
2,1.9,4.8725,0.0334,0.193,0.1974,0.1952,0.3129,0.142,FCC
3,1.9,4.8075,0.0337,0.1939,0.2036,0.1964,0.3112,0.1463,FCC
3,1.9,4.775,0.0332,0.194,0.2065,0.1969,0.3103,0.1484,FCC
3,1.85,4.8475,0.034,0.1945,0.1974,0.2032,0.3182,0.1388,FCC
1,1.85,4.815,0.0345,0.1953,0.2006,0.2038,0.3172,0.1411,FCC
4,1.85,4.7825,0.0345,0.1958,0.2036,0.2042,0.3162,0.1433,FCC
4,1.85,4.75,0.0341,0.196,0.2065,0.2047,0.3151,0.1455,FCC
4,1.8,4.855,0.0334,0.1948,0.194,0.2103,0.3222,0.1329,FCC
2,1.8,4.8225,0.0345,0.196,0.1973,0.2107,0.321,0.1353,FCC
2,1.8,4.79,0.0352,0.1969,0.2005,0.2111,0.3198,0.1377,FCC
1,1.8,4.7575,0.0353,0.1975,0.2036,0.2115,0.3186,0.14,FCC
2,1.8,4.725,0.035,0.1979,0.2065,0.2119,0.3174,0.1423,FCC
3,1.75,4.7975,0.0351,0.1973,0.1973,0.2176,0.3209,0.1315,FCC
4,1.75,4.765,0.0358,0.1984,0.2005,0.218,0.3195,0.134,FCC
3,1.95,4.9225,0.0316,0.1902,0.1943,0.1861,0.3207,0.1439,FCC
2,1.95,4.89,0.0323,0.1909,0.1976,0.1868,0.3199,0.1462,FCC
3,1.95,4.8575,0.0324,0.1912,0.2008,0.1875,0.3191,0.1484,FCC
3,1.9,4.8975,0.032,0.1918,0.1942,0.1948,0.326,0.1404,FCC
2,1.9,4.865,0.0328,0.1926,0.1975,0.1954,0.325,0.1427,FCC
2,1.9,4.8325,0.0331,0.1931,0.2007,0.196,0.324,0.145,FCC
2,1.9,4.8,0.0329,0.1932,0.2037,0.1965,0.323,0.1473,FCC
4,1.9,4.7675,0.0322,0.1931,0.2066,0.1971,0.322,0.1495,FCC
4,1.85,4.84,0.0334,0.1942,0.1975,0.2034,0.3276,0.139,FCC
3,1.85,4.8075,0.0338,0.1948,0.2007,0.2039,0.3264,0.1414,FCC
3,1.85,4.775,0.0337,0.1952,0.2037,0.2044,0.3252,0.1438,FCC
4,1.85,4.7425,0.0331,0.1952,0.2066,0.2048,0.324,0.1461,FCC
4,1.8,4.8475,0.0329,0.1947,0.1941,0.2104,0.3287,0.1324,FCC
4,1.8,4.815,0.0339,0.1957,0.1974,0.2108,0.3273,0.135,FCC
4,1.8,4.7825,0.0344,0.1965,0.2006,0.2112,0.3259,0.1375,FCC
4,1.75,4.79,0.0345,0.1972,0.1974,0.2177,0.3235,0.1306,FCC
4,1.95,4.72,0.0406,0.1684,0.1301,0.0994,0.2211,0.1022,FCC
3,1.95,4.7625,0.0382,0.1526,0.1186,0.0916,0.207,0.0992,FCC
4,1.95,4.73,0.0366,0.1514,0.1174,0.0922,0.2066,0.1007,FCC
3,1.9,4.77,0.0403,0.156,0.1195,0.1039,0.2247,0.0991,FCC
4,1.85,4.7775,0.0417,0.1585,0.1201,0.1146,0.24,0.0982,FCC
4,1.85,4.7125,0.0404,0.1582,0.1188,0.1151,0.2389,0.1016,FCC
4,1.85,4.755,0.0363,0.1384,0.1042,0.1052,0.2272,0.0991,FCC
4,1.8,4.7625,0.0371,0.1401,0.1043,0.1144,0.2423,0.0985,FCC
4,1.95,4.7875,0.0382,0.1521,0.1191,0.0911,0.2339,0.1137,FCC
3,1.95,4.755,0.037,0.1511,0.1183,0.0917,0.2335,0.1153,FCC
3,1.9,4.795,0.0398,0.1552,0.1197,0.1035,0.2488,0.112,FCC
4,1.85,4.8125,0.0349,0.1364,0.1037,0.105,0.2515,0.1109,FCC
4,1.85,4.8225,0.0296,0.1114,0.084,0.0927,0.2397,0.1113,FCC
4,1.85,4.715,0.0347,0.1373,0.1034,0.1052,0.2498,0.116,FCC
4,1.85,4.7575,0.0303,0.1136,0.0852,0.0923,0.2387,0.1144,FCC
4,1.75,4.73,0.0371,0.1417,0.1042,0.1222,0.2727,0.1117,FCC
4,1.7,4.78,0.0314,0.1156,0.083,0.1163,0.2759,0.1089,FCC
4,1.7,4.7475,0.0326,0.118,0.0843,0.1156,0.2751,0.1108,FCC
4,1.7,4.715,0.0333,0.1199,0.0852,0.115,0.2743,0.1127,FCC
4,1.65,4.755,0.0323,0.1173,0.0831,0.1215,0.2835,0.1078,FCC
3,1.95,4.7475,0.0358,0.1494,0.118,0.0918,0.2562,0.1267,FCC
4,1.95,4.79,0.0322,0.1304,0.1034,0.0815,0.2453,0.1263,FCC
4,1.95,4.8325,0.0272,0.1059,0.0844,0.0677,0.2325,0.1254,FCC
4,1.95,4.715,0.0339,0.1477,0.1168,0.0924,0.2556,0.1284,FCC
3,1.95,4.7575,0.0313,0.1295,0.1029,0.0819,0.2448,0.1279,FCC
3,1.9,4.83,0.0333,0.1334,0.1034,0.0939,0.26,0.1224,FCC
4,1.9,4.755,0.0381,0.1536,0.119,0.104,0.2684,0.124,FCC
3,1.9,4.7975,0.0335,0.1337,0.1037,0.0942,0.2594,0.1242,FCC
4,1.9,4.7225,0.0369,0.1526,0.1181,0.1044,0.2678,0.1258,FCC
4,1.9,4.8075,0.028,0.1091,0.0845,0.0815,0.2481,0.1254,FCC
3,1.9,4.775,0.0282,0.1095,0.0848,0.0814,0.2476,0.1269,FCC
3,1.85,4.7725,0.0344,0.1363,0.1038,0.105,0.271,0.1233,FCC
3,1.85,4.815,0.0287,0.1109,0.0838,0.0926,0.262,0.1233,FCC
3,1.85,4.7825,0.0289,0.112,0.0846,0.0924,0.2615,0.125,FCC
4,1.85,4.7075,0.0335,0.1361,0.1032,0.1051,0.2696,0.1269,FCC
4,1.85,4.75,0.0292,0.1126,0.085,0.0921,0.2609,0.1267,FCC
3,1.8,4.8225,0.0292,0.1116,0.0826,0.102,0.2741,0.1207,FCC
3,1.8,4.79,0.0298,0.1134,0.0839,0.1017,0.2735,0.1225,FCC
3,1.8,4.7575,0.0299,0.1147,0.0847,0.1013,0.2728,0.1243,FCC
4,1.8,4.725,0.0302,0.1156,0.0851,0.1009,0.2721,0.1261,FCC
3,1.75,4.7975,0.0302,0.1137,0.0827,0.1096,0.2836,0.1195,FCC
4,1.75,4.7325,0.0312,0.1173,0.0848,0.1086,0.282,0.1233,FCC
4,1.75,4.7,0.0312,0.1183,0.0852,0.1081,0.2812,0.1252,FCC
4,1.7,4.795,0.0353,0.1389,0.1021,0.1296,0.2959,0.112,FCC
2,1.7,4.805,0.0298,0.1131,0.0811,0.1166,0.2919,0.1158,FCC
4,1.7,4.7725,0.0312,0.1157,0.0828,0.116,0.2909,0.1179,FCC
4,1.7,4.6975,0.037,0.1433,0.1041,0.1287,0.2926,0.1188,FCC
4,1.7,4.74,0.032,0.1179,0.0841,0.1154,0.29,0.12,FCC
3,1.65,4.78,0.0307,0.1147,0.0812,0.1219,0.297,0.1138,FCC
3,1.65,4.7475,0.0322,0.1175,0.0829,0.1212,0.2959,0.1161,FCC
4,1.6,4.755,0.0316,0.1162,0.0812,0.1262,0.2994,0.1115,FCC
3,1.95,4.8475,0.0317,0.1297,0.1031,0.0806,0.2682,0.1319,FCC
3,1.95,4.815,0.0316,0.1296,0.1033,0.0811,0.2676,0.1337,FCC
4,1.95,4.8575,0.0258,0.1044,0.0834,0.0675,0.2571,0.134,FCC
4,1.95,4.74,0.0346,0.1476,0.1177,0.0919,0.2757,0.1347,FCC
3,1.95,4.7825,0.0311,0.1289,0.1032,0.0816,0.2671,0.1354,FCC
4,1.95,4.75,0.0301,0.1278,0.1026,0.082,0.2665,0.1371,FCC
4,1.9,4.8125,0.0383,0.1533,0.1195,0.1032,0.2873,0.1271,FCC
4,1.9,4.855,0.0319,0.132,0.1026,0.0937,0.2802,0.1285,FCC
2,1.9,4.865,0.0263,0.1063,0.0823,0.0814,0.2708,0.1313,FCC
4,1.9,4.8325,0.0266,0.1074,0.0835,0.0814,0.2702,0.1331,FCC
4,1.9,4.8,0.0271,0.108,0.0842,0.0814,0.2696,0.1348,FCC
2,1.85,4.8625,0.0318,0.1333,0.1018,0.1047,0.2904,0.1246,FCC
2,1.85,4.8725,0.0268,0.1071,0.0807,0.0927,0.2826,0.128,FCC
2,1.85,4.7975,0.0332,0.1351,0.1033,0.1049,0.2889,0.1287,FCC
2,1.85,4.84,0.0274,0.1089,0.0823,0.0926,0.282,0.1299,FCC
3,1.85,4.765,0.0334,0.1354,0.1035,0.105,0.2881,0.1307,FCC
3,1.85,4.7325,0.0331,0.1352,0.1034,0.105,0.2873,0.1327,FCC
3,1.8,4.87,0.032,0.1336,0.1005,0.1143,0.2988,0.1201,FCC
3,1.8,4.8375,0.0328,0.1353,0.1018,0.1143,0.2979,0.1224,FCC
2,1.8,4.88,0.0265,0.1068,0.0786,0.1024,0.2927,0.1242,FCC
4,1.8,4.805,0.0332,0.1366,0.1028,0.1142,0.297,0.1246,FCC
4,1.8,4.8475,0.0278,0.1093,0.0808,0.1021,0.292,0.1262,FCC
4,1.8,4.7725,0.034,0.1375,0.1034,0.1142,0.296,0.1267,FCC
2,1.8,4.815,0.0285,0.1113,0.0824,0.1018,0.2912,0.1283,FCC
3,1.8,4.74,0.0343,0.138,0.1037,0.1141,0.2951,0.1288,FCC
3,1.8,4.7075,0.0341,0.1381,0.1035,0.114,0.2942,0.1308,FCC
4,1.8,4.75,0.0289,0.114,0.0845,0.1011,0.2896,0.1321,FCC
2,1.8,4.7175,0.0291,0.1146,0.0848,0.1007,0.2888,0.134,FCC
4,1.75,4.8875,0.0256,0.1055,0.0761,0.1107,0.301,0.1198,FCC
4,1.75,4.855,0.0274,0.1087,0.0787,0.1103,0.3001,0.122,FCC
2,1.75,4.78,0.0342,0.1386,0.1029,0.1223,0.3019,0.1221,FCC
3,1.75,4.8225,0.0288,0.1114,0.0808,0.1099,0.2992,0.1242,FCC
2,1.75,4.7475,0.0348,0.1397,0.1035,0.1221,0.3009,0.1244,FCC
4,1.75,4.79,0.0296,0.1136,0.0825,0.1094,0.2983,0.1263,FCC
3,1.75,4.715,0.0352,0.1404,0.1038,0.1219,0.2997,0.1266,FCC
4,1.75,4.7575,0.03,0.1153,0.0838,0.1089,0.2973,0.1284,FCC
4,1.75,4.725,0.0299,0.1167,0.0846,0.1084,0.2964,0.1304,FCC
4,1.7,4.83,0.0283,0.1104,0.0788,0.1169,0.3051,0.1195,FCC
3,1.7,4.755,0.0353,0.1406,0.103,0.1292,0.3043,0.1194,FCC
2,1.7,4.7975,0.0298,0.1132,0.0809,0.1163,0.3041,0.1218,FCC
2,1.7,4.7225,0.0355,0.1418,0.1036,0.1289,0.303,0.1218,FCC
4,1.7,4.765,0.0308,0.1156,0.0826,0.1157,0.303,0.124,FCC
4,1.7,4.69,0.0361,0.1427,0.1039,0.1285,0.3017,0.1241,FCC
2,1.7,4.7325,0.0312,0.1176,0.0839,0.1151,0.3019,0.1262,FCC
4,1.65,4.7725,0.0308,0.115,0.081,0.1216,0.3063,0.1191,FCC
4,1.65,4.7075,0.0325,0.1197,0.084,0.1201,0.3037,0.1238,FCC
4,1.65,4.675,0.0326,0.1214,0.0848,0.1192,0.3023,0.126,FCC
1,1.95,4.8725,0.0305,0.1286,0.1024,0.0802,0.2879,0.1361,FCC
2,1.95,4.84,0.0308,0.1286,0.1029,0.0807,0.2873,0.1381,FCC
4,1.95,4.8825,0.0242,0.1026,0.082,0.0672,0.2788,0.1394,FCC
4,1.95,4.7225,0.0379,0.1627,0.1305,0.0994,0.2979,0.1362,FCC
4,1.95,4.765,0.035,0.1474,0.1184,0.0914,0.2933,0.1383,FCC
4,1.95,4.8075,0.0307,0.1282,0.1031,0.0812,0.2866,0.14,FCC
4,1.95,4.7325,0.0334,0.1456,0.1174,0.092,0.2925,0.1402,FCC
3,1.95,4.8175,0.0253,0.1033,0.0839,0.0677,0.2777,0.143,FCC
3,1.9,4.8475,0.0312,0.1312,0.1024,0.0937,0.2971,0.1339,FCC
3,1.9,4.89,0.025,0.1042,0.0804,0.0813,0.2903,0.1357,FCC
4,1.9,4.7725,0.037,0.1517,0.119,0.1037,0.3011,0.1338,FCC
3,1.9,4.815,0.0316,0.1315,0.103,0.094,0.2964,0.1359,FCC
4,1.9,4.8575,0.0252,0.1056,0.0821,0.0813,0.2897,0.1377,FCC
4,1.9,4.825,0.0257,0.1065,0.0832,0.0813,0.289,0.1396,FCC
4,1.9,4.75,0.031,0.1307,0.103,0.0944,0.2948,0.1399,FCC
2,1.9,4.7925,0.0261,0.1069,0.084,0.0813,0.2884,0.1414,FCC
4,1.85,4.8125,0.0381,0.1548,0.1192,0.1141,0.3079,0.1265,FCC
3,1.85,4.8975,0.0254,0.1047,0.0784,0.0927,0.3002,0.1315,FCC
4,1.85,4.78,0.0383,0.1549,0.1193,0.1144,0.3069,0.1288,FCC
3,1.85,4.8225,0.0318,0.1337,0.1025,0.1048,0.3042,0.1314,FCC
2,1.85,4.865,0.0261,0.1068,0.0805,0.0926,0.2994,0.1336,FCC
2,1.85,4.79,0.0324,0.1342,0.1031,0.1049,0.3033,0.1336,FCC
4,1.85,4.7575,0.0325,0.1343,0.1033,0.1049,0.3024,0.1357,FCC
3,1.85,4.8,0.0265,0.1095,0.0833,0.0923,0.2979,0.1376,FCC
3,1.85,4.7675,0.027,0.1101,0.0841,0.0921,0.2971,0.1396,FCC
4,1.8,4.8625,0.0313,0.1335,0.1004,0.1142,0.3111,0.1239,FCC
4,1.8,4.905,0.025,0.1041,0.0759,0.1024,0.3082,0.1267,FCC
3,1.8,4.8725,0.0264,0.1068,0.0785,0.1022,0.3073,0.129,FCC
2,1.8,4.7975,0.0325,0.136,0.1026,0.1142,0.309,0.1286,FCC
3,1.8,4.765,0.0332,0.1367,0.1032,0.1141,0.3079,0.1309,FCC
4,1.8,4.8075,0.0276,0.1109,0.0823,0.1016,0.3055,0.1333,FCC
4,1.8,4.7325,0.0333,0.137,0.1034,0.114,0.3068,0.1331,FCC
3,1.8,4.775,0.0275,0.1123,0.0835,0.1013,0.3046,0.1354,FCC
4,1.8,4.7,0.033,0.1369,0.1033,0.1139,0.3057,0.1353,FCC
3,1.8,4.7425,0.0279,0.1131,0.0842,0.1009,0.3036,0.1374,FCC
4,1.75,4.805,0.0329,0.1369,0.1018,0.1224,0.3123,0.1231,FCC
2,1.75,4.8475,0.0274,0.1088,0.0786,0.1101,0.3121,0.1261,FCC
3,1.75,4.815,0.0284,0.1113,0.0807,0.1097,0.311,0.1284,FCC
4,1.75,4.74,0.0339,0.1391,0.1033,0.122,0.3098,0.1279,FCC
4,1.75,4.75,0.0289,0.1149,0.0836,0.1087,0.3089,0.1329,FCC
3,1.7,4.8225,0.0284,0.1107,0.0787,0.1167,0.3143,0.123,FCC
3,1.7,4.715,0.0347,0.1413,0.1034,0.1287,0.3085,0.1247,FCC
4,1.7,4.7575,0.0301,0.1155,0.0824,0.1155,0.3118,0.1278,FCC
3,1.7,4.725,0.0302,0.1173,0.0837,0.1148,0.3104,0.1301,FCC
4,1.7,4.6925,0.0298,0.1186,0.0845,0.1141,0.3091,0.1323,FCC
4,1.95,4.8875,0.0358,0.149,0.1184,0.0888,0.3109,0.1327,FCC
4,1.95,4.8975,0.0291,0.1273,0.1013,0.0797,0.3052,0.1378,FCC
2,1.95,4.8225,0.0359,0.1482,0.1189,0.0903,0.3091,0.1372,FCC
3,1.95,4.865,0.0298,0.1275,0.1022,0.0803,0.3045,0.1399,FCC
3,1.95,4.9075,0.0228,0.1008,0.0802,0.0669,0.2979,0.1422,FCC
2,1.95,4.8325,0.03,0.1273,0.1027,0.0808,0.3037,0.142,FCC
4,1.95,4.875,0.0235,0.1016,0.0818,0.0672,0.2972,0.1442,FCC
3,1.95,4.7575,0.0339,0.1456,0.1181,0.0915,0.3073,0.1416,FCC
2,1.95,4.8,0.0297,0.1266,0.1028,0.0812,0.3029,0.144,FCC
4,1.95,4.8425,0.0241,0.102,0.0829,0.0674,0.2966,0.1461,FCC
3,1.95,4.81,0.0243,0.1018,0.0836,0.0676,0.2959,0.148,FCC
4,1.95,4.6925,0.03,0.1409,0.1158,0.0927,0.3054,0.1457,FCC
2,1.9,4.8625,0.0364,0.1514,0.1185,0.1024,0.3159,0.1293,FCC
4,1.9,4.8725,0.0296,0.1299,0.1014,0.0934,0.3122,0.1349,FCC
3,1.9,4.915,0.0238,0.102,0.0782,0.0811,0.3075,0.1376,FCC
4,1.9,4.7975,0.0366,0.1511,0.119,0.1034,0.3138,0.1341,FCC
4,1.9,4.84,0.0304,0.1303,0.1023,0.0937,0.3113,0.1371,FCC
3,1.9,4.8825,0.024,0.1037,0.0803,0.0812,0.3067,0.1397,FCC
4,1.9,4.8075,0.0308,0.1304,0.1028,0.094,0.3104,0.1393,FCC
3,1.9,4.85,0.0241,0.1048,0.0819,0.0812,0.306,0.1418,FCC
4,1.9,4.7325,0.0349,0.149,0.1182,0.1042,0.3116,0.1386,FCC
2,1.9,4.8175,0.0249,0.1054,0.083,0.0812,0.3052,0.1438,FCC
3,1.9,4.785,0.0252,0.1055,0.0837,0.0812,0.3044,0.1458,FCC
4,1.85,4.9125,0.0289,0.1297,0.0986,0.1043,0.319,0.1268,FCC
3,1.85,4.88,0.0294,0.1312,0.1002,0.1045,0.318,0.1293,FCC
4,1.85,4.805,0.0374,0.1539,0.119,0.1141,0.317,0.1282,FCC
3,1.85,4.8475,0.0302,0.1323,0.1015,0.1046,0.3169,0.1317,FCC
3,1.85,4.89,0.0249,0.1045,0.0783,0.0926,0.3144,0.1348,FCC
4,1.85,4.7725,0.0374,0.1538,0.1191,0.1144,0.3158,0.1307,FCC
1,1.85,4.815,0.0311,0.133,0.1024,0.1047,0.3159,0.134,FCC
4,1.85,4.8575,0.0253,0.1064,0.0804,0.0925,0.3135,0.137,FCC
2,1.85,4.7825,0.0315,0.1332,0.1029,0.1048,0.3148,0.1363,FCC
2,1.85,4.825,0.0252,0.1077,0.082,0.0923,0.3126,0.1392,FCC
2,1.85,4.75,0.0315,0.1331,0.1031,0.1049,0.3137,0.1386,FCC
4,1.85,4.7925,0.0257,0.1086,0.0831,0.0921,0.3116,0.1413,FCC
3,1.85,4.7175,0.031,0.1325,0.1029,0.1049,0.3126,0.1408,FCC
3,1.85,4.7275,0.026,0.1088,0.0841,0.0916,0.3098,0.1454,FCC
4,1.8,4.8875,0.0299,0.1315,0.0986,0.1141,0.3215,0.1231,FCC
3,1.8,4.8225,0.0307,0.1345,0.1015,0.1141,0.319,0.1282,FCC
3,1.8,4.865,0.026,0.1068,0.0784,0.1021,0.319,0.1316,FCC
4,1.8,4.7475,0.0382,0.1564,0.1192,0.124,0.3147,0.1269,FCC
3,1.8,4.8325,0.0265,0.1088,0.0804,0.1018,0.3179,0.134,FCC
2,1.8,4.7575,0.0323,0.1359,0.103,0.114,0.3165,0.1331,FCC
4,1.8,4.8,0.0265,0.1104,0.0821,0.1014,0.3168,0.1362,FCC
3,1.8,4.725,0.0324,0.136,0.1032,0.1139,0.3152,0.1354,FCC
3,1.8,4.7675,0.0265,0.1115,0.0832,0.1011,0.3157,0.1385,FCC
4,1.75,4.8725,0.026,0.1062,0.0759,0.1103,0.3222,0.1257,FCC
4,1.75,4.7975,0.0318,0.1366,0.1016,0.1222,0.318,0.1244,FCC
3,1.75,4.8075,0.0277,0.1111,0.0805,0.1095,0.3197,0.1307,FCC
2,1.75,4.7325,0.0331,0.1384,0.1031,0.1219,0.315,0.1295,FCC
3,1.75,4.775,0.0278,0.1129,0.0822,0.109,0.3184,0.133,FCC
2,1.75,4.7425,0.0275,0.1143,0.0833,0.1085,0.3171,0.1354,FCC
4,1.7,4.7725,0.033,0.1386,0.1017,0.1292,0.3133,0.1203,FCC
4,1.7,4.6975,0.0397,0.161,0.1194,0.1395,0.3002,0.1185,FCC
2,1.7,4.74,0.0331,0.1398,0.1026,0.1289,0.3115,0.123,FCC
4,1.7,4.7075,0.0339,0.1407,0.1032,0.1285,0.3097,0.1257,FCC
4,1.7,4.75,0.0292,0.1153,0.0822,0.1152,0.3168,0.1296,FCC
4,1.95,4.88,0.0352,0.148,0.1183,0.089,0.3227,0.1336,FCC
3,1.95,4.9225,0.0274,0.1259,0.0999,0.0793,0.3201,0.1373,FCC
4,1.95,4.8475,0.0354,0.1475,0.1187,0.0897,0.3217,0.1361,FCC
3,1.95,4.89,0.0285,0.1263,0.1011,0.0798,0.3192,0.1396,FCC
4,1.95,4.9325,0.0217,0.0988,0.078,0.0666,0.3147,0.1428,FCC
2,1.95,4.8575,0.0291,0.1264,0.102,0.0804,0.3183,0.1419,FCC
4,1.95,4.9,0.0217,0.0999,0.08,0.0669,0.3139,0.1449,FCC
2,1.95,4.8675,0.0227,0.1005,0.0816,0.0672,0.3131,0.147,FCC
3,1.95,4.7925,0.0288,0.125,0.1026,0.0813,0.3165,0.1463,FCC
2,1.95,4.835,0.0233,0.1006,0.0827,0.0674,0.3124,0.1491,FCC
4,1.95,4.76,0.0279,0.1235,0.1024,0.0817,0.3156,0.1484,FCC
4,1.95,4.77,0.0229,0.0989,0.0836,0.0676,0.3108,0.1531,FCC
2,1.9,4.8875,0.035,0.1503,0.1176,0.102,0.3261,0.1271,FCC
3,1.9,4.855,0.0358,0.1505,0.1184,0.1025,0.3249,0.1297,FCC
2,1.9,4.8975,0.0278,0.1284,0.1,0.0931,0.3248,0.1337,FCC
4,1.9,4.8225,0.036,0.1503,0.1188,0.103,0.3237,0.1323,FCC
4,1.9,4.865,0.029,0.1291,0.1012,0.0934,0.3237,0.1362,FCC
2,1.9,4.9075,0.0229,0.1016,0.0781,0.0811,0.3213,0.1396,FCC
3,1.9,4.79,0.0358,0.1497,0.1188,0.1034,0.3224,0.1348,FCC
2,1.9,4.8325,0.0297,0.1293,0.1021,0.0937,0.3227,0.1385,FCC
4,1.9,4.875,0.0228,0.103,0.0801,0.0811,0.3204,0.1419,FCC
3,1.9,4.7575,0.0351,0.1487,0.1186,0.1039,0.3211,0.1372,FCC
3,1.9,4.8,0.0299,0.1291,0.1026,0.094,0.3216,0.1408,FCC
3,1.9,4.8425,0.0234,0.1038,0.0817,0.0811,0.3195,0.1441,FCC
3,1.9,4.725,0.0339,0.1472,0.118,0.1043,0.3198,0.1396,FCC
2,1.9,4.7675,0.0297,0.1285,0.1027,0.0942,0.3205,0.1431,FCC
1,1.9,4.81,0.0241,0.1042,0.0828,0.0811,0.3186,0.1462,FCC
2,1.9,4.7775,0.0242,0.104,0.0835,0.081,0.3177,0.1484,FCC
4,1.9,4.7025,0.0276,0.1256,0.1018,0.0945,0.3183,0.1475,FCC
4,1.9,4.745,0.0239,0.1032,0.0837,0.0809,0.3167,0.1504,FCC
4,1.85,4.9475,0.0226,0.0994,0.0727,0.0927,0.3278,0.1313,FCC
2,1.85,4.8725,0.0283,0.1307,0.1001,0.1045,0.3268,0.1299,FCC
4,1.85,4.7975,0.0367,0.153,0.1188,0.1142,0.3226,0.1282,FCC
2,1.85,4.84,0.0296,0.1316,0.1013,0.1046,0.3256,0.1324,FCC
4,1.85,4.8825,0.0241,0.1042,0.0782,0.0925,0.3257,0.1362,FCC
4,1.85,4.765,0.0366,0.1526,0.1189,0.1145,0.3211,0.1308,FCC
4,1.85,4.8075,0.0304,0.1321,0.1022,0.1047,0.3243,0.1349,FCC
1,1.85,4.85,0.0242,0.1058,0.0802,0.0924,0.3247,0.1386,FCC
2,1.85,4.775,0.0307,0.1321,0.1027,0.1048,0.3231,0.1373,FCC
1,1.85,4.8175,0.0241,0.1069,0.0818,0.0922,0.3236,0.1409,FCC
3,1.85,4.7425,0.0305,0.1317,0.1028,0.1048,0.3218,0.1397,FCC
1,1.85,4.785,0.0248,0.1075,0.0829,0.092,0.3225,0.1431,FCC
4,1.85,4.71,0.0299,0.1309,0.1026,0.1048,0.3204,0.142,FCC
3,1.8,4.8475,0.0294,0.1329,0.1001,0.1141,0.3259,0.1257,FCC
4,1.8,4.89,0.0247,0.1043,0.0757,0.1022,0.3288,0.13,FCC
4,1.8,4.7725,0.0374,0.1554,0.1189,0.1238,0.3178,0.1237,FCC
2,1.8,4.815,0.0301,0.134,0.1014,0.1141,0.3244,0.1284,FCC
3,1.8,4.8575,0.0253,0.1066,0.0782,0.1019,0.3275,0.1325,FCC
4,1.8,4.74,0.0374,0.1553,0.119,0.1239,0.316,0.1265,FCC
4,1.8,4.7825,0.0311,0.1347,0.1023,0.114,0.3229,0.131,FCC
1,1.8,4.825,0.0255,0.1084,0.0803,0.1016,0.3263,0.135,FCC
2,1.8,4.7075,0.0369,0.1548,0.1188,0.1241,0.3141,0.1292,FCC
2,1.8,4.75,0.0315,0.1349,0.1028,0.1139,0.3214,0.1335,FCC
4,1.8,4.7925,0.0251,0.1098,0.0819,0.1013,0.325,0.1374,FCC
3,1.8,4.7175,0.0314,0.1348,0.1029,0.1138,0.3198,0.136,FCC
2,1.8,4.76,0.0256,0.1106,0.083,0.1009,0.3237,0.1398,FCC
2,1.8,4.7275,0.026,0.111,0.0837,0.1005,0.3224,0.1421,FCC
3,1.75,4.8225,0.0306,0.1349,0.1002,0.1223,0.3213,0.1212,FCC
4,1.75,4.8325,0.0266,0.1088,0.0783,0.1097,0.3262,0.1285,FCC
3,1.75,4.715,0.0381,0.1578,0.1191,0.1322,0.3061,0.1219,FCC
4,1.75,4.7575,0.0317,0.1371,0.1023,0.1219,0.3177,0.1267,FCC
4,1.75,4.8,0.0268,0.1109,0.0804,0.1092,0.3247,0.1311,FCC
3,1.75,4.725,0.0323,0.1376,0.1029,0.1217,0.3158,0.1294,FCC
4,1.75,4.7675,0.0266,0.1124,0.082,0.1088,0.3232,0.1337,FCC
4,1.75,4.735,0.0264,0.1135,0.0831,0.1082,0.3216,0.1361,FCC
4,1.7,4.7225,0.0387,0.16,0.1191,0.1395,0.2928,0.1138,FCC
3,1.95,4.9475,0.0254,0.1244,0.0982,0.0788,0.3325,0.1348,FCC
3,1.95,4.8725,0.0346,0.1468,0.1181,0.0891,0.3314,0.133,FCC
3,1.95,4.915,0.0269,0.125,0.0998,0.0794,0.3315,0.1373,FCC
4,1.95,4.9575,0.0205,0.0966,0.0754,0.0662,0.3291,0.1413,FCC
3,1.95,4.84,0.0347,0.1462,0.1185,0.0899,0.3302,0.1356,FCC
3,1.95,4.8825,0.0279,0.1253,0.101,0.0799,0.3304,0.1398,FCC
3,1.95,4.925,0.0205,0.098,0.0779,0.0666,0.3282,0.1436,FCC
3,1.95,4.85,0.0283,0.1251,0.1018,0.0804,0.3294,0.1422,FCC
2,1.95,4.8925,0.0211,0.0989,0.0799,0.0669,0.3273,0.1459,FCC
3,1.95,4.775,0.0332,0.1435,0.1182,0.0912,0.3277,0.1406,FCC
3,1.95,4.8175,0.0283,0.1243,0.1023,0.0809,0.3283,0.1446,FCC
2,1.95,4.86,0.022,0.0992,0.0814,0.0671,0.3264,0.1482,FCC
3,1.95,4.8275,0.0225,0.0989,0.0825,0.0673,0.3255,0.1504,FCC
4,1.95,4.795,0.0224,0.0981,0.0831,0.0675,0.3246,0.1525,FCC
3,1.9,4.9225,0.0258,0.1268,0.0983,0.0928,0.3346,0.1306,FCC
3,1.9,4.965,0.0212,0.0971,0.0725,0.0808,0.3345,0.135,FCC
4,1.9,4.89,0.0273,0.1277,0.0999,0.0931,0.3333,0.1332,FCC
4,1.9,4.9325,0.0217,0.0993,0.0755,0.0809,0.3335,0.1375,FCC
2,1.9,4.815,0.0353,0.1491,0.1186,0.1031,0.3289,0.1312,FCC
1,1.9,4.8575,0.0284,0.1281,0.1011,0.0934,0.3321,0.1358,FCC
3,1.9,4.9,0.0218,0.101,0.078,0.081,0.3324,0.14,FCC
4,1.9,4.7825,0.035,0.1483,0.1186,0.1035,0.3274,0.1339,FCC
1,1.9,4.825,0.029,0.1282,0.1019,0.0937,0.3308,0.1383,FCC
2,1.9,4.8675,0.0216,0.1021,0.08,0.081,0.3313,0.1424,FCC
4,1.9,4.75,0.0341,0.147,0.1183,0.1039,0.3259,0.1365,FCC
2,1.9,4.835,0.0227,0.1027,0.0815,0.081,0.3303,0.1447,FCC
3,1.9,4.76,0.0287,0.1268,0.1025,0.0942,0.3283,0.1432,FCC
3,1.9,4.8025,0.0232,0.1028,0.0826,0.081,0.3292,0.147,FCC
4,1.85,4.855,0.035,0.1518,0.1176,0.1135,0.3274,0.1207,FCC
4,1.85,4.8975,0.027,0.129,0.0984,0.1043,0.3336,0.126,FCC
4,1.85,4.94,0.0223,0.0995,0.0726,0.0926,0.3365,0.1308,FCC
2,1.85,4.865,0.0278,0.1301,0.0999,0.1044,0.3322,0.1288,FCC
3,1.85,4.79,0.036,0.1519,0.1187,0.1142,0.3239,0.1266,FCC
1,1.85,4.8325,0.029,0.1308,0.1011,0.1046,0.3307,0.1315,FCC
4,1.85,4.875,0.0231,0.1037,0.078,0.0924,0.334,0.136,FCC
2,1.85,4.8,0.0297,0.1311,0.102,0.1047,0.3292,0.1342,FCC
1,1.85,4.8425,0.0228,0.1051,0.08,0.0922,0.3327,0.1385,FCC
2,1.85,4.7675,0.0299,0.1309,0.1025,0.1047,0.3277,0.1367,FCC
1,1.85,4.81,0.0234,0.106,0.0816,0.0921,0.3314,0.141,FCC
4,1.85,4.7775,0.024,0.1063,0.0827,0.0918,0.3301,0.1434,FCC
3,1.85,4.745,0.0242,0.1062,0.0833,0.0916,0.3288,0.1457,FCC
3,1.8,4.7975,0.0363,0.1545,0.1184,0.1236,0.3163,0.1185,FCC
4,1.8,4.84,0.0282,0.1324,0.1,0.114,0.3273,0.124,FCC
2,1.8,4.8075,0.0295,0.1333,0.1012,0.114,0.3255,0.1269,FCC
3,1.8,4.7325,0.0365,0.1541,0.1188,0.1239,0.3119,0.1245,FCC
2,1.8,4.775,0.0303,0.1338,0.1021,0.1139,0.3237,0.1297,FCC
2,1.8,4.8175,0.0242,0.1079,0.0801,0.1014,0.331,0.1344,FCC
3,1.8,4.7425,0.0307,0.1339,0.1026,0.1138,0.3219,0.1324,FCC
1,1.8,4.785,0.024,0.109,0.0817,0.1011,0.3294,0.137,FCC
3,1.8,4.7525,0.0248,0.1096,0.0828,0.1007,0.3279,0.1395,FCC
4,1.75,4.7725,0.0369,0.1567,0.1184,0.1321,0.301,0.1129,FCC
3,1.75,4.815,0.0294,0.1345,0.1001,0.1222,0.3178,0.1189,FCC
4,1.75,4.8575,0.0254,0.1064,0.0757,0.1099,0.329,0.1244,FCC
4,1.75,4.7925,0.0257,0.1105,0.0802,0.109,0.3253,0.13,FCC
3,1.75,4.76,0.0251,0.1118,0.0818,0.1085,0.3235,0.1327,FCC
4,1.7,4.8,0.0271,0.1108,0.0783,0.1159,0.3171,0.1223,FCC
1,1.95,4.5875,0.0314,0.1086,0.0784,0.1802,0.1469,0.1458,FCC
1,1.95,4.64,0.0318,0.1069,0.0779,0.1716,0.1474,0.1401,FCC
1,1.9,4.595,0.0343,0.1149,0.0803,0.1808,0.1722,0.1515,FCC
1,1.9,4.5825,0.0316,0.1095,0.0765,0.1707,0.1722,0.1453,FCC
1,1.9,4.635,0.0318,0.107,0.0757,0.1615,0.173,0.1386,FCC
1,1.9,4.55,0.0296,0.1074,0.0744,0.1694,0.1718,0.1452,FCC
1,1.95,4.6125,0.0318,0.1084,0.0797,0.181,0.1838,0.1688,FCC
1,1.95,4.6,0.0288,0.1023,0.0759,0.1701,0.1838,0.1627,FCC
2,1.95,4.6525,0.0293,0.1007,0.0751,0.1597,0.1845,0.1558,FCC
1,1.95,4.62,0.0277,0.0986,0.0736,0.1587,0.1841,0.1561,FCC
1,1.9,4.5875,0.033,0.1128,0.0799,0.1803,0.2034,0.1723,FCC
1,1.9,4.64,0.0328,0.1103,0.0786,0.1728,0.2044,0.1655,FCC
1,1.9,4.5025,0.03,0.1111,0.0777,0.184,0.2018,0.1785,FCC
1,1.9,4.6275,0.0305,0.1051,0.0753,0.1611,0.2045,0.1589,FCC
1,1.85,4.615,0.034,0.114,0.0788,0.1724,0.2214,0.1683,FCC
1,1.85,4.635,0.0326,0.1099,0.0763,0.1628,0.222,0.161,FCC
1,1.95,4.7225,0.0317,0.1063,0.0787,0.174,0.2153,0.1777,FCC
1,1.95,4.69,0.0314,0.1055,0.0786,0.173,0.2149,0.1783,FCC
1,1.95,4.5725,0.0285,0.1029,0.0775,0.1793,0.213,0.1863,FCC
1,1.95,4.6775,0.0292,0.1,0.0756,0.1603,0.2149,0.1718,FCC
1,1.9,4.5925,0.0344,0.116,0.0829,0.1884,0.2292,0.194,FCC
1,1.9,4.62,0.0292,0.1029,0.0749,0.1607,0.2309,0.1742,FCC
4,1.9,4.535,0.0265,0.1016,0.0734,0.1684,0.2291,0.1825,FCC
1,1.85,4.5225,0.0312,0.1128,0.0779,0.1763,0.2424,0.1905,FCC
1,1.8,4.635,0.0329,0.1121,0.0764,0.1635,0.2581,0.1751,FCC
1,1.95,4.5975,0.0292,0.1031,0.0789,0.1801,0.2385,0.1991,FCC
1,1.9,4.67,0.0333,0.1127,0.0812,0.1834,0.2535,0.1981,FCC
1,1.9,4.71,0.03,0.1039,0.0757,0.1635,0.2552,0.1832,FCC
1,1.9,4.6775,0.0298,0.1034,0.0758,0.1625,0.2547,0.1841,FCC
1,1.9,4.645,0.0291,0.1023,0.0754,0.1614,0.2541,0.185,FCC
4,1.9,4.56,0.0273,0.1018,0.0752,0.1693,0.2519,0.1941,FCC
1,1.9,4.6125,0.0279,0.1006,0.0744,0.1602,0.2535,0.1859,FCC
3,1.9,4.7575,0.0237,0.0829,0.0633,0.0943,0.2577,0.1486,FCC
1,1.85,4.645,0.0342,0.1162,0.0813,0.1822,0.2648,0.1989,FCC
1,1.85,4.56,0.0343,0.118,0.0827,0.1851,0.2621,0.2074,FCC
1,1.8,4.6725,0.0331,0.1148,0.0783,0.1746,0.2761,0.1907,FCC
1,1.8,4.555,0.0341,0.1183,0.0806,0.1763,0.2722,0.2011,FCC
1,1.8,4.66,0.0318,0.1107,0.0759,0.1644,0.2766,0.1837,FCC
1,1.8,4.6275,0.0318,0.1108,0.0761,0.163,0.2757,0.1847,FCC
4,1.8,4.7075,0.0257,0.0907,0.0637,0.1066,0.2806,0.1476,FCC
1,1.75,4.595,0.036,0.1224,0.0816,0.1766,0.2807,0.1996,FCC
1,1.75,4.6675,0.0322,0.1128,0.0754,0.165,0.2849,0.1824,FCC
1,1.95,4.635,0.0323,0.1091,0.0829,0.1905,0.2604,0.2146,FCC
1,1.95,4.6225,0.0296,0.1031,0.0797,0.1809,0.2607,0.2085,FCC
1,1.95,4.7275,0.0281,0.0983,0.0752,0.1614,0.2636,0.1917,FCC
2,1.95,4.59,0.0279,0.1,0.0784,0.1797,0.26,0.2093,FCC
4,1.95,4.695,0.0277,0.0971,0.0753,0.1605,0.263,0.1927,FCC
4,1.95,4.61,0.0266,0.0965,0.0762,0.17,0.2609,0.2022,FCC
4,1.95,4.63,0.0254,0.0926,0.0738,0.1586,0.2618,0.1947,FCC
4,1.95,4.545,0.022,0.0881,0.0721,0.1677,0.2597,0.2039,FCC
1,1.9,4.61,0.0333,0.1135,0.0831,0.1889,0.2709,0.2151,FCC
4,1.9,4.735,0.0289,0.1026,0.0748,0.1641,0.2756,0.1905,FCC
1,1.9,4.5975,0.0307,0.1079,0.0799,0.1802,0.2714,0.2089,FCC
1,1.9,4.65,0.0302,0.1058,0.0781,0.1727,0.2732,0.2005,FCC
1,1.9,4.7025,0.029,0.1023,0.0754,0.1631,0.275,0.1916,FCC
1,1.9,4.6375,0.0279,0.1001,0.075,0.161,0.2736,0.1938,FCC
4,1.9,4.6975,0.0237,0.0861,0.0665,0.1159,0.2766,0.1678,FCC
4,1.85,4.605,0.0328,0.1138,0.0808,0.1801,0.2808,0.2081,FCC
1,1.85,4.71,0.0296,0.106,0.0749,0.1652,0.2851,0.1901,FCC
4,1.85,4.5725,0.0318,0.1123,0.0801,0.1785,0.2799,0.209,FCC
4,1.85,4.645,0.0297,0.1056,0.0756,0.1627,0.2835,0.1924,FCC
4,1.85,4.725,0.0236,0.0855,0.0632,0.1008,0.2883,0.1555,FCC
1,1.8,4.6125,0.0341,0.1181,0.0812,0.1793,0.2881,0.2069,FCC
1,1.8,4.7175,0.0298,0.1083,0.074,0.1666,0.2932,0.1882,FCC
1,1.8,4.685,0.0304,0.1092,0.075,0.1653,0.2923,0.1895,FCC
1,1.8,4.6525,0.0308,0.1095,0.0756,0.1639,0.2914,0.1907,FCC
4,1.8,4.5675,0.0315,0.1126,0.0779,0.1692,0.2878,0.2012,FCC
4,1.8,4.765,0.025,0.0871,0.0609,0.1081,0.298,0.1507,FCC
4,1.8,4.7325,0.0247,0.0886,0.0624,0.1072,0.2972,0.1524,FCC
1,1.75,4.5875,0.035,0.1213,0.0813,0.1759,0.2921,0.2065,FCC
1,1.75,4.555,0.0348,0.121,0.0811,0.1738,0.291,0.2076,FCC
1,1.75,4.66,0.0312,0.1121,0.0752,0.1644,0.2972,0.1887,FCC
1,1.75,4.6275,0.0317,0.1127,0.0758,0.1628,0.2961,0.19,FCC
1,1.95,4.6275,0.0312,0.1066,0.0826,0.19,0.2788,0.2225,FCC
1,1.95,4.785,0.0268,0.0975,0.0734,0.1628,0.2841,0.1962,FCC
1,1.95,4.7525,0.0273,0.0972,0.0744,0.162,0.2834,0.1974,FCC
1,1.95,4.615,0.0284,0.1002,0.0794,0.1805,0.2792,0.2162,FCC
2,1.95,4.72,0.0272,0.0963,0.0749,0.1611,0.2828,0.1986,FCC
4,1.95,4.5825,0.0265,0.0967,0.078,0.1792,0.2785,0.2172,FCC
4,1.95,4.635,0.027,0.0965,0.077,0.1707,0.2803,0.2088,FCC
2,1.95,4.6875,0.0266,0.0948,0.075,0.1602,0.2821,0.1998,FCC
4,1.95,4.7475,0.0221,0.08,0.0659,0.1106,0.285,0.1735,FCC
2,1.95,4.8,0.0206,0.0747,0.0617,0.0857,0.2865,0.1621,FCC
3,1.95,4.715,0.0214,0.0784,0.0659,0.11,0.2844,0.1749,FCC
3,1.95,4.7675,0.0205,0.0741,0.0625,0.0853,0.2859,0.1637,FCC
1,1.9,4.6025,0.0322,0.1112,0.0827,0.1884,0.2869,0.2223,FCC
1,1.9,4.675,0.0297,0.105,0.0779,0.1735,0.2905,0.2061,FCC
2,1.9,4.7275,0.028,0.1012,0.0745,0.1638,0.2926,0.1967,FCC
1,1.9,4.695,0.0281,0.1006,0.0751,0.1627,0.2918,0.1979,FCC
4,1.9,4.5775,0.0265,0.0989,0.076,0.1697,0.288,0.2095,FCC
4,1.9,4.755,0.0231,0.0854,0.0655,0.117,0.2954,0.1707,FCC
3,1.9,4.775,0.0214,0.0794,0.0618,0.0944,0.2965,0.1605,FCC
2,1.9,4.7425,0.0215,0.0793,0.0627,0.0937,0.2958,0.1622,FCC
1,1.85,4.6825,0.0306,0.1094,0.0777,0.1746,0.2981,0.2041,FCC
1,1.85,4.735,0.0282,0.1044,0.0736,0.1659,0.3005,0.1943,FCC
1,1.85,4.5975,0.0317,0.1118,0.0805,0.1795,0.2945,0.2144,FCC
1,1.85,4.7025,0.0288,0.1048,0.0747,0.1647,0.2996,0.1957,FCC
1,1.85,4.67,0.029,0.1046,0.0752,0.1635,0.2987,0.197,FCC
3,1.85,4.665,0.0237,0.0887,0.0663,0.1199,0.3014,0.1724,FCC
4,1.85,4.7175,0.0225,0.0839,0.0628,0.1005,0.3037,0.1605,FCC
1,1.8,4.6575,0.0314,0.1127,0.0778,0.1735,0.3024,0.2031,FCC
1,1.8,4.5725,0.0327,0.1158,0.0806,0.1769,0.2981,0.2137,FCC
1,1.8,4.625,0.0315,0.1126,0.0782,0.1719,0.3012,0.2044,FCC
1,1.8,4.6775,0.0296,0.1081,0.0748,0.1648,0.3043,0.1945,FCC
4,1.8,4.7575,0.0238,0.0864,0.0607,0.1077,0.3112,0.1549,FCC
4,1.8,4.725,0.0232,0.0875,0.0621,0.1068,0.3103,0.1567,FCC
3,1.8,4.6925,0.0235,0.0881,0.063,0.1059,0.3093,0.1585,FCC
4,1.75,4.7,0.0247,0.0911,0.0623,0.1111,0.3135,0.1545,FCC
2,1.95,4.6725,0.0296,0.1026,0.0801,0.1825,0.2966,0.2198,FCC
1,1.95,4.7775,0.0261,0.096,0.0732,0.1625,0.3008,0.201,FCC
1,1.95,4.745,0.0264,0.0954,0.0741,0.1616,0.3,0.2024,FCC
3,1.95,4.8575,0.0186,0.0723,0.058,0.0863,0.3053,0.1627,FCC
3,1.95,4.825,0.0192,0.0728,0.06,0.0859,0.3046,0.1645,FCC
2,1.95,4.7925,0.0196,0.0726,0.0614,0.0855,0.3039,0.1662,FCC
4,1.95,4.655,0.0203,0.0772,0.0678,0.1285,0.2994,0.1903,FCC
2,1.95,4.7075,0.0203,0.0753,0.0656,0.1097,0.3014,0.1795,FCC
4,1.9,4.72,0.0272,0.0995,0.0743,0.1634,0.3068,0.201,FCC
4,1.9,4.8325,0.0201,0.0766,0.0581,0.0952,0.3133,0.1605,FCC
2,1.9,4.8,0.02,0.0775,0.0601,0.0947,0.3125,0.1623,FCC
4,1.9,4.715,0.022,0.0828,0.0657,0.116,0.3094,0.1762,FCC
4,1.9,4.7675,0.0205,0.0777,0.0615,0.0941,0.3117,0.1641,FCC
4,1.9,4.6825,0.0214,0.0812,0.0657,0.1152,0.3085,0.1778,FCC
4,1.9,4.735,0.0205,0.0771,0.0623,0.0934,0.3108,0.1659,FCC
1,1.85,4.6225,0.0313,0.1112,0.0804,0.1806,0.3062,0.2178,FCC
1,1.85,4.675,0.0298,0.1079,0.0774,0.1741,0.3093,0.2082,FCC
1,1.85,4.7275,0.0274,0.1033,0.0734,0.1655,0.3123,0.1981,FCC
4,1.85,4.695,0.028,0.1034,0.0744,0.1643,0.3112,0.1995,FCC
4,1.85,4.84,0.0216,0.0786,0.0556,0.1031,0.3201,0.156,FCC
3,1.85,4.8075,0.0215,0.0804,0.0582,0.1025,0.3192,0.158,FCC
4,1.85,4.69,0.023,0.0876,0.0659,0.1205,0.3145,0.1742,FCC
4,1.85,4.7425,0.0214,0.0822,0.0617,0.101,0.3172,0.1618,FCC
1,1.85,4.71,0.0215,0.0821,0.0625,0.1002,0.3162,0.1637,FCC
1,1.8,4.65,0.0306,0.1114,0.0775,0.173,0.3107,0.2067,FCC
1,1.8,4.7025,0.0281,0.1066,0.0735,0.1657,0.3143,0.1964,FCC
4,1.8,4.67,0.0288,0.1069,0.0745,0.1643,0.313,0.1979,FCC
3,1.8,4.7825,0.0229,0.0839,0.0584,0.1083,0.3226,0.1553,FCC
2,1.8,4.75,0.0224,0.0854,0.0604,0.1074,0.3214,0.1573,FCC
3,1.95,4.915,0.018,0.0681,0.0518,0.0868,0.3219,0.161,FCC
4,1.95,4.8825,0.0177,0.0698,0.0551,0.0865,0.3211,0.163,FCC
4,1.95,4.7975,0.0202,0.0773,0.0636,0.1112,0.3182,0.1774,FCC
4,1.95,4.8175,0.0184,0.0709,0.0597,0.0857,0.3195,0.1668,FCC
2,1.95,4.7325,0.0199,0.0746,0.0652,0.1101,0.3165,0.1808,FCC
2,1.95,4.785,0.0186,0.0702,0.0611,0.0853,0.3187,0.1687,FCC
3,1.95,4.7,0.0191,0.072,0.0652,0.1095,0.3156,0.1825,FCC
3,1.9,4.89,0.0193,0.072,0.0519,0.096,0.3279,0.1581,FCC
3,1.9,4.8575,0.0192,0.074,0.0552,0.0955,0.3269,0.1602,FCC
4,1.9,4.7725,0.021,0.082,0.0638,0.1172,0.3234,0.175,FCC
4,1.9,4.825,0.0185,0.0753,0.0579,0.095,0.326,0.1622,FCC
2,1.9,4.7925,0.0192,0.0758,0.0599,0.0944,0.325,0.1641,FCC
3,1.9,4.7075,0.0209,0.0804,0.0654,0.1157,0.3214,0.1785,FCC
4,1.9,4.76,0.0195,0.0756,0.0612,0.0938,0.3241,0.1661,FCC
3,1.9,4.7275,0.0194,0.0747,0.062,0.0932,0.3231,0.168,FCC
3,1.85,4.865,0.0206,0.0756,0.052,0.1035,0.3315,0.155,FCC
3,1.85,4.8,0.0201,0.0794,0.058,0.1022,0.3292,0.1592,FCC
3,1.85,4.715,0.0221,0.0863,0.065,0.1211,0.3249,0.1742,FCC
4,1.85,4.7675,0.0199,0.0803,0.06,0.1014,0.3281,0.1612,FCC
4,1.85,4.735,0.0204,0.0805,0.0614,0.1007,0.3269,0.1633,FCC
4,1.8,4.7225,0.0225,0.0903,0.064,0.1256,0.3258,0.1695,FCC
3,1.8,4.775,0.0217,0.0831,0.0581,0.1079,0.3297,0.156,FCC
3,1.75,4.665,0.0316,0.1551,0.0773,0.1742,0.3593,0.1592,FCC
4,1.8,4.6825,0.0293,0.1507,0.077,0.1681,0.366,0.1644,FCC
4,1.75,4.669,0.0349,0.1538,0.1338,0.1123,0.3449,0.1387,FCC
4,1.85,4.694,0.0357,0.1629,0.1454,0.1075,0.3505,0.1375,FCC
1,1.9,4.586,0.0466,0.2069,0.2105,0.1104,0.4251,0.1691,BCC+FCC
4,1.8,4.6515,0.0297,0.1335,0.1211,0.1114,0.344,0.1613,FCC
3,1.85,4.669,0.0274,0.1284,0.1208,0.1054,0.3504,0.1654,FCC
3,1.9,4.6865,0.0251,0.1225,0.1204,0.0982,0.3567,0.1687,FCC
3,1.8,4.7015,0.0289,0.1319,0.1211,0.1123,0.3556,0.1577,FCC
1,1.75,4.692,0.046,0.1978,0.1919,0.1285,0.3804,0.1399,BCC+FCC
3,1.8,4.6925,0.039,0.1923,0.1017,0.1882,0.3252,0.1359,FCC
1,1.8,4.6675,0.0304,0.1634,0.0613,0.199,0.325,0.1634,FCC
4,1.75,4.675,0.0327,0.1669,0.0608,0.2051,0.3262,0.1585,FCC
2,1.85,4.685,0.0281,0.1588,0.0607,0.1923,0.3316,0.167,FCC
3,1.8,4.6925,0.0306,0.163,0.0603,0.1988,0.3325,0.1617,FCC
4,1.8,4.615,0.0322,0.1384,0.1034,0.1346,0.3014,0.1513,FCC
4,1.75,4.6325,0.0302,0.1208,0.0869,0.1269,0.3034,0.151,FCC
4,1.95,4.5175,0.0298,0.1268,0.1049,0.195,0.2897,0.2098,FCC
4,1.95,4.5975,0.0348,0.1514,0.1248,0.1287,0.3042,0.157,FCC
1,1.85,4.6325,0.0296,0.1327,0.1029,0.128,0.3083,0.1567,FCC
3,1.8,4.65,0.0279,0.1159,0.0864,0.1218,0.3103,0.1566,FCC
3,1.75,4.6575,0.0295,0.1198,0.0869,0.1273,0.312,0.1521,FCC
4,1.95,4.6325,0.0289,0.1367,0.1148,0.1212,0.3131,0.1614,FCC
3,1.9,4.65,0.0271,0.1262,0.1024,0.1205,0.3151,0.1613,FCC
2,1.85,4.6675,0.0256,0.1101,0.086,0.1156,0.3171,0.1613,FCC
4,1.8,4.665,0.0324,0.1375,0.1046,0.1349,0.3154,0.1512,FCC
3,1.95,4.6675,0.0246,0.1186,0.1019,0.1118,0.3218,0.1652,FCC
3,1.85,4.6925,0.0254,0.1095,0.086,0.1159,0.3251,0.1601,FCC
3,1.8,4.7,0.0267,0.114,0.0861,0.1224,0.3234,0.1546,FCC
1,1.65,4.7695,0.0494,0.2023,0.1926,0.1406,0.3946,0.1341,BCC+FCC
1,1.95,4.807,0.0501,0.1972,0.1945,0.1436,0.3915,0.181,BCC+FCC
1,1.85,4.8095,0.0497,0.1993,0.1937,0.1374,0.4024,0.1629,BCC+FCC
1,1.9,4.7595,0.0486,0.196,0.1941,0.149,0.4134,0.1763,BCC+FCC
1,1.9,4.6975,0.0357,0.1299,0.098,0.1891,0.2968,0.2032,FCC
1,1.9,4.795,0.0306,0.1217,0.0919,0.1653,0.3141,0.1859,FCC
1,1.8,4.745,0.0317,0.1272,0.092,0.1712,0.3168,0.1815,FCC
1,1.95,4.7075,0.0333,0.1226,0.0974,0.1867,0.3153,0.2114,FCC
3,1.95,4.8815,0.0372,0.1759,0.126,0.1192,0.3369,0.1487,FCC
1,1.95,4.9065,0.0368,0.1752,0.1245,0.1186,0.3581,0.151,FCC
3,1.95,4.9315,0.0362,0.1745,0.1228,0.118,0.3777,0.1512,FCC
4,1.95,4.899,0.0361,0.1742,0.1244,0.1188,0.3774,0.1532,FCC
4,1.9,4.88,0.0411,0.2036,0.0639,0.1833,0.3118,0.1457,FCC
4,1.9,4.8475,0.04,0.2031,0.0671,0.1842,0.3116,0.1474,FCC
4,1.9,4.84,0.039,0.2019,0.0669,0.1844,0.3333,0.1522,FCC
4,1.9,4.93,0.0406,0.2023,0.0554,0.1819,0.354,0.149,FCC
3,1.9,4.865,0.0394,0.2016,0.0637,0.1838,0.3534,0.1531,FCC
1,1.9,4.8575,0.0386,0.2004,0.0636,0.184,0.3715,0.1542,FCC
4,1.95,4.83,0.0353,0.1638,0.0953,0.1247,0.2509,0.1255,FCC
4,1.95,4.8225,0.0342,0.1624,0.0951,0.1249,0.2779,0.1368,FCC
4,1.95,4.88,0.0349,0.1626,0.0921,0.1235,0.3025,0.1416,FCC
3,1.95,4.815,0.0331,0.161,0.0949,0.1251,0.3022,0.145,FCC
2,1.95,4.905,0.0343,0.1619,0.0899,0.1229,0.325,0.1452,FCC
3,1.95,4.8725,0.0341,0.1614,0.0919,0.1237,0.3248,0.1471,FCC
3,1.95,4.8075,0.0321,0.1594,0.0948,0.1253,0.3243,0.1507,FCC
3,1.95,4.8975,0.0336,0.1608,0.0898,0.1231,0.3453,0.1485,FCC
3,1.95,4.865,0.0332,0.1602,0.0918,0.1239,0.345,0.1505,FCC
3,1.95,4.8325,0.0324,0.1591,0.0934,0.1247,0.3447,0.1525,FCC
4,1.95,4.8,0.031,0.1576,0.0946,0.1255,0.3444,0.1544,FCC
4,1.95,4.955,0.0324,0.1601,0.0846,0.1217,0.3646,0.1457,FCC
4,1.95,4.9225,0.0329,0.16,0.0874,0.1225,0.3642,0.1479,FCC
2,1.95,4.89,0.0329,0.1596,0.0897,0.1233,0.3638,0.1501,FCC
3,1.95,4.8575,0.0324,0.1588,0.0917,0.1241,0.3634,0.1522,FCC
4,1.95,4.825,0.0314,0.1575,0.0932,0.1249,0.363,0.1543,FCC
1,1.95,4.67,0.038,0.1626,0.0922,0.2257,0.1644,0.1343,FCC
1,1.95,4.5525,0.0324,0.1564,0.0924,0.2366,0.1652,0.1385,FCC
1,1.95,4.6575,0.0344,0.1583,0.0898,0.2128,0.1639,0.1276,FCC
1,1.95,4.5725,0.0311,0.1547,0.0905,0.2251,0.1647,0.1331,FCC
1,1.95,4.695,0.0389,0.1626,0.0917,0.2258,0.2027,0.1584,FCC
1,1.95,4.74,0.0379,0.1598,0.0881,0.2129,0.2347,0.1687,FCC
1,1.95,4.6425,0.0316,0.1539,0.0892,0.2126,0.2345,0.1703,FCC
1,1.95,4.7325,0.0369,0.1582,0.0879,0.2128,0.263,0.1818,FCC
1,1.95,4.6475,0.0341,0.1564,0.0914,0.2255,0.2628,0.1904,FCC
1,1.95,4.615,0.032,0.1534,0.0912,0.2253,0.2626,0.1911,FCC
1,1.95,4.725,0.0358,0.1564,0.0877,0.2128,0.2883,0.1919,FCC
4,1.95,4.7725,0.0284,0.1442,0.0771,0.145,0.2883,0.1585,FCC
4,1.95,4.7975,0.0286,0.1439,0.0754,0.1447,0.3119,0.164,FCC
4,1.95,4.765,0.0272,0.1423,0.0769,0.1451,0.3117,0.1655,FCC
4,1.95,4.92,0.0288,0.1447,0.0646,0.143,0.3343,0.1619,FCC
3,1.95,4.8875,0.0292,0.1447,0.0681,0.1435,0.3341,0.1637,FCC
2,1.95,4.855,0.0292,0.1443,0.071,0.1439,0.3338,0.1654,FCC
2,1.95,4.8225,0.0286,0.1435,0.0734,0.1444,0.3335,0.1671,FCC
4,1.95,4.79,0.0275,0.1421,0.0752,0.1448,0.3333,0.1688,FCC
4,1.95,4.7575,0.026,0.1403,0.0766,0.1452,0.333,0.1704,FCC
4,1.95,4.945,0.0274,0.1436,0.0603,0.1426,0.3544,0.1626,FCC
3,1.95,4.9125,0.0282,0.1438,0.0645,0.1431,0.3541,0.1645,FCC
3,1.95,4.88,0.0285,0.1436,0.068,0.1436,0.3538,0.1664,FCC
4,1.95,4.8475,0.0283,0.1429,0.0709,0.144,0.3534,0.1682,FCC
3,1.95,4.815,0.0276,0.1418,0.0732,0.1445,0.3531,0.17,FCC
4,1.95,4.7915,0.0379,0.1885,0.1195,0.155,0.2562,0.1333,FCC
3,1.95,4.8415,0.0386,0.1876,0.1188,0.1539,0.302,0.147,FCC
4,1.95,4.809,0.0373,0.1869,0.1191,0.1547,0.3015,0.1487,FCC
4,1.95,4.7765,0.0355,0.1858,0.119,0.1554,0.3011,0.1504,FCC
2,1.95,4.834,0.0376,0.1865,0.1186,0.1541,0.3209,0.1516,FCC
2,1.95,4.8915,0.0383,0.1864,0.117,0.1527,0.3389,0.1504,FCC
1,1.95,4.859,0.0377,0.186,0.1179,0.1535,0.3383,0.1524,FCC
2,1.95,4.8265,0.0367,0.1853,0.1184,0.1543,0.3377,0.1544,FCC
3,1.95,4.794,0.0352,0.1841,0.1187,0.155,0.3371,0.1564,FCC
4,1.95,4.9165,0.0377,0.1857,0.1157,0.1521,0.3543,0.1491,FCC
1,1.95,4.884,0.0376,0.1855,0.1168,0.1529,0.3536,0.1513,FCC
3,1.95,4.8515,0.0369,0.1849,0.1177,0.1537,0.3529,0.1535,FCC
2,1.95,4.819,0.0357,0.1839,0.1182,0.1545,0.3521,0.1556,FCC
2,1.95,4.9415,0.0369,0.1849,0.1141,0.1515,0.3676,0.146,FCC
2,1.95,4.909,0.0371,0.1848,0.1156,0.1524,0.3668,0.1484,FCC
3,1.95,4.8765,0.0368,0.1844,0.1167,0.1531,0.3659,0.1508,FCC
2,1.95,4.844,0.0361,0.1836,0.1175,0.1539,0.3651,0.1531,FCC
4,2,4.7815,0.0376,0.1621,0.1456,0.0673,0.2595,0.1267,FCC
4,2,4.749,0.0356,0.1604,0.1444,0.0681,0.2591,0.1282,FCC
4,2,4.7915,0.0331,0.1439,0.1336,0.0537,0.2456,0.1267,FCC
4,2,4.774,0.0365,0.1603,0.1453,0.0675,0.282,0.1367,FCC
4,2,4.784,0.0319,0.1422,0.1333,0.0538,0.2702,0.138,FCC
3,2,4.8415,0.0329,0.1427,0.1339,0.0525,0.2927,0.1429,FCC
4,2,4.809,0.0321,0.1418,0.1337,0.0532,0.2923,0.1446,FCC
3,2,4.8015,0.031,0.1402,0.1335,0.0533,0.3117,0.1502,FCC
4,2,4.769,0.0296,0.1385,0.1329,0.0539,0.3112,0.152,FCC
3,2,4.8915,0.0316,0.1412,0.1333,0.0511,0.3305,0.1479,FCC
3,2,4.859,0.0315,0.1407,0.1336,0.0519,0.3299,0.1499,FCC
1,2,4.9165,0.0306,0.1402,0.1326,0.0503,0.3463,0.1472,FCC
3,2,4.884,0.0309,0.14,0.1331,0.0512,0.3456,0.1494,FCC
3,2,4.8515,0.0307,0.1392,0.1334,0.052,0.3449,0.1515,FCC
4,2,4.819,0.03,0.138,0.1334,0.0527,0.3442,0.1537,FCC
4,2,4.7865,0.0288,0.1363,0.133,0.0534,0.3434,0.1557,FCC
2,2,4.9415,0.0293,0.1392,0.1317,0.0496,0.36,0.1447,FCC
1,2,4.909,0.03,0.1391,0.1325,0.0505,0.3591,0.1471,FCC
4,2,4.8765,0.0302,0.1386,0.133,0.0513,0.3583,0.1494,FCC
1,2,4.844,0.0299,0.1376,0.1332,0.0521,0.3574,0.1517,FCC
1,2,4.498,0.0346,0.16,0.155,0.1885,0.2577,0.1845,FCC
1,2,4.687,0.0418,0.1895,0.1885,0.1149,0.3099,0.1587,BCC+FCC
1,2,4.564,0.0311,0.1359,0.1253,0.1846,0.228,0.1839,FCC
1,2,4.669,0.0337,0.1372,0.1266,0.1623,0.2291,0.17,FCC
1,2,4.692,0.0442,0.1915,0.1905,0.1366,0.3308,0.1758,BCC+FCC
1,2,4.7445,0.044,0.1917,0.1911,0.1149,0.3315,0.1656,BCC+FCC
1,2,4.5315,0.0291,0.1316,0.1228,0.1836,0.2276,0.1841,FCC
1,2,4.689,0.0325,0.1344,0.1253,0.1473,0.2294,0.1626,FCC
1,2,4.712,0.0424,0.1898,0.1898,0.1149,0.3311,0.1669,BCC+FCC
1,2,4.5105,0.0331,0.1554,0.1543,0.1771,0.2814,0.1926,FCC
1,2,4.569,0.0337,0.1387,0.1281,0.1947,0.2532,0.2041,FCC
1,2,4.7495,0.0466,0.1937,0.1928,0.1368,0.3504,0.1802,BCC+FCC
1,2,4.4955,0.0349,0.1589,0.1577,0.1984,0.3015,0.2163,FCC
1,2,4.589,0.0322,0.1366,0.1271,0.1852,0.2537,0.1978,FCC
1,2,4.6415,0.0337,0.1375,0.1276,0.175,0.2546,0.1905,FCC
1,2,4.717,0.0449,0.1918,0.1917,0.1367,0.35,0.1816,BCC+FCC
1,2,4.7695,0.0451,0.1917,0.192,0.1148,0.3509,0.1709,BCC+FCC
1,2,4.609,0.0311,0.1344,0.126,0.1742,0.2542,0.1911,FCC
1,2,4.714,0.033,0.1343,0.126,0.1476,0.2557,0.175,FCC
1,2,4.7045,0.0418,0.1878,0.1896,0.1148,0.3501,0.1737,BCC+FCC
1,2,4.594,0.0349,0.1394,0.1296,0.1954,0.2758,0.2148,FCC
1,2,4.5615,0.0326,0.1356,0.1278,0.1943,0.2753,0.2155,FCC
1,2,4.7095,0.0442,0.1899,0.1914,0.1366,0.367,0.1865,BCC+FCC
1,2,4.4965,0.0282,0.1255,0.1228,0.192,0.2743,0.2167,FCC
1,2,4.6015,0.0297,0.1315,0.1257,0.1739,0.2766,0.2019,FCC
1,2,4.7065,0.0318,0.1322,0.1257,0.1474,0.2786,0.1849,FCC
1,2,4.7295,0.0425,0.1882,0.1907,0.1148,0.3677,0.177,BCC+FCC
1,2,4.6645,0.04,0.1828,0.1877,0.1147,0.3667,0.1801,BCC+FCC
1,2,4.767,0.0466,0.1921,0.1933,0.1367,0.3832,0.1865,BCC+FCC
1,2,4.6265,0.0311,0.1322,0.127,0.1744,0.2969,0.2092,FCC
1,2,4.7545,0.0431,0.1884,0.1916,0.1147,0.3835,0.1783,BCC+FCC
1,2,4.5415,0.0283,0.1255,0.1242,0.1835,0.2949,0.2183,FCC
1,2,4.6465,0.0298,0.1298,0.1257,0.1615,0.2977,0.2015,FCC
1,2,4.769,0.0347,0.1363,0.1281,0.1638,0.3177,0.2024,FCC
1,2,4.812,0.0456,0.1901,0.1928,0.1146,0.3982,0.1761,BCC+FCC
1,2,4.619,0.0297,0.1292,0.1267,0.1741,0.3142,0.2153,FCC
1,2,4.7145,0.0413,0.184,0.1902,0.1146,0.396,0.1816,BCC+FCC
1,2,4.682,0.04,0.1811,0.1888,0.1146,0.3953,0.1834,BCC+FCC
1,2,4.6935,0.0474,0.2037,0.214,0.0896,0.4303,0.1711,BCC+FCC
4,2,4.7515,0.0252,0.1186,0.1207,0.0794,0.3194,0.1699,FCC
1,2,4.7845,0.0466,0.1905,0.1936,0.1367,0.408,0.1866,BCC+FCC
4,2,4.744,0.0241,0.1162,0.1204,0.0792,0.3355,0.173,FCC
1,2,4.7645,0.0425,0.1848,0.1918,0.1145,0.417,0.1767,BCC+FCC
4,2,4.769,0.0243,0.1161,0.1206,0.0793,0.3501,0.1727,FCC
3,2,4.7365,0.0229,0.1135,0.1202,0.0791,0.3493,0.1746,FCC
4,1.95,4.78,0.0406,0.1916,0.1026,0.1592,0.2285,0.122,FCC
4,1.9,4.7475,0.0452,0.2267,0.0829,0.2057,0.2392,0.13,FCC
4,1.95,4.79,0.0361,0.1761,0.0839,0.1579,0.2132,0.1217,FCC
4,1.95,4.7725,0.0394,0.1901,0.1023,0.1594,0.253,0.1328,FCC
4,1.95,4.84,0.0365,0.1751,0.0826,0.1567,0.2645,0.1395,FCC
4,1.95,4.765,0.0383,0.1885,0.1021,0.1597,0.2742,0.1405,FCC
4,1.95,4.775,0.0337,0.1733,0.0833,0.1583,0.2636,0.1428,FCC
4,1.95,4.855,0.0421,0.1906,0.1017,0.1572,0.2947,0.1399,FCC
4,1.95,4.865,0.0363,0.1745,0.0813,0.1561,0.2857,0.1437,FCC
3,1.95,4.79,0.0392,0.1885,0.1021,0.159,0.2934,0.1438,FCC
3,1.95,4.8325,0.0355,0.174,0.0823,0.1569,0.2852,0.1455,FCC
4,1.95,4.7675,0.0326,0.1717,0.083,0.1585,0.2841,0.1491,FCC
4,1.95,4.88,0.0421,0.1901,0.1007,0.1565,0.3116,0.1406,FCC
4,1.95,4.89,0.0358,0.1738,0.0797,0.1555,0.3045,0.1454,FCC
4,1.95,4.8575,0.0354,0.1734,0.0811,0.1563,0.3038,0.1474,FCC
4,1.95,4.7925,0.0332,0.1715,0.0826,0.1579,0.3025,0.1513,FCC
4,1.95,4.915,0.0351,0.173,0.0776,0.1549,0.3209,0.1451,FCC
2,1.95,4.8825,0.0351,0.1728,0.0795,0.1557,0.3202,0.1473,FCC
4,1.95,4.8175,0.0336,0.1713,0.0819,0.1574,0.3187,0.1515,FCC
4,1.95,4.7425,0.036,0.183,0.1012,0.1604,0.3217,0.1506,FCC
3,1.95,4.94,0.0341,0.1721,0.0752,0.1543,0.3351,0.1428,FCC
4,1.95,4.8325,0.0396,0.1867,0.1011,0.1579,0.3352,0.1436,FCC
3,1.95,4.8,0.0381,0.1852,0.1014,0.1588,0.3341,0.146,FCC
1,1.95,4.6225,0.0364,0.1727,0.0761,0.2527,0.1592,0.1531,FCC
1,1.95,4.59,0.0341,0.1702,0.0743,0.2527,0.1589,0.1531,FCC
1,1.95,4.5575,0.0324,0.1673,0.0719,0.2527,0.1586,0.153,FCC
1,1.95,4.53,0.0327,0.1661,0.0733,0.2641,0.1928,0.1792,FCC
1,1.95,4.5825,0.0333,0.1679,0.0738,0.2527,0.1936,0.1727,FCC
4,1.95,4.7725,0.0318,0.1604,0.0622,0.1764,0.2254,0.1446,FCC
4,1.95,4.5875,0.0302,0.1611,0.0706,0.2401,0.2472,0.192,FCC
2,1.95,4.645,0.0325,0.1647,0.0732,0.2399,0.2697,0.1987,FCC
4,1.95,4.8225,0.0318,0.1593,0.0596,0.1756,0.2742,0.1591,FCC
1,1.95,4.82,0.0372,0.1679,0.0676,0.2253,0.2925,0.19,FCC
1,1.95,4.6825,0.0374,0.1692,0.0765,0.2525,0.2886,0.2105,FCC
4,1.95,4.815,0.0308,0.1581,0.0593,0.1757,0.2939,0.1641,FCC
4,1.95,4.84,0.0305,0.1575,0.0572,0.1753,0.3117,0.1655,FCC
4,1.95,4.775,0.0287,0.1555,0.0602,0.1764,0.3104,0.1691,FCC
2,1.95,4.7425,0.027,0.1539,0.0608,0.1769,0.3097,0.1708,FCC
3,1.95,4.93,0.0291,0.1567,0.0473,0.1737,0.3289,0.1609,FCC
2,1.95,4.865,0.03,0.1568,0.0545,0.1749,0.3273,0.165,FCC
4,1.95,4.8325,0.0297,0.1562,0.057,0.1754,0.3265,0.1669,FCC
3,1.95,4.8,0.0289,0.1552,0.0587,0.176,0.3257,0.1689,FCC
4,1.95,4.735,0.0259,0.1519,0.0604,0.177,0.324,0.1727,FCC
4,2,4.805,0.0383,0.2071,0.2209,0.1807,0.2416,0.1354,FCC
4,2,4.83,0.0387,0.2066,0.2184,0.1801,0.2648,0.1411,FCC
4,2,4.855,0.0389,0.2061,0.2158,0.1795,0.2852,0.1442,FCC
4,2,4.8225,0.0378,0.2056,0.2185,0.1804,0.2845,0.1461,FCC
4,2,4.9125,0.0391,0.2055,0.2102,0.178,0.3038,0.1429,FCC
4,2,4.8475,0.0381,0.2052,0.2159,0.1797,0.3024,0.1471,FCC
4,2,4.7825,0.0351,0.2035,0.2211,0.1814,0.3009,0.1512,FCC
3,2,4.9375,0.0384,0.2047,0.2073,0.1774,0.3194,0.1415,FCC
4,2,4.84,0.0372,0.2041,0.216,0.18,0.3169,0.1484,FCC
3,2,4.8075,0.0359,0.2033,0.2186,0.1808,0.3161,0.1506,FCC
3,2,4.775,0.034,0.2021,0.2211,0.1816,0.3152,0.1527,FCC
1,2,4.6325,0.0369,0.2026,0.2253,0.2607,0.1627,0.1548,FCC
4,2,4.4425,0.0321,0.1947,0.2367,0.2957,0.1601,0.1731,FCC
4,2,4.6525,0.0349,0.2007,0.2236,0.2472,0.163,0.1475,FCC
4,2,4.5675,0.0339,0.1982,0.2291,0.261,0.162,0.1553,FCC
1,2,4.5975,0.0369,0.2007,0.227,0.2732,0.2235,0.1917,FCC
1,2,4.5075,0.0337,0.1378,0.1057,0.2148,0.1635,0.1614,FCC
1,2,4.5175,0.0369,0.1516,0.1167,0.2145,0.1823,0.1621,FCC
1,2,4.6125,0.0362,0.1422,0.1095,0.1937,0.1652,0.1496,FCC
4,2,4.6325,0.035,0.14,0.1083,0.1802,0.1655,0.1427,FCC
1,2,4.495,0.0306,0.1311,0.101,0.2039,0.1635,0.1557,FCC
4,2,4.5575,0.0268,0.116,0.0893,0.1814,0.1422,0.1422,FCC
4,2,4.5675,0.0303,0.1328,0.1029,0.1795,0.1647,0.143,FCC
3,2,4.61,0.0289,0.1173,0.0908,0.1692,0.1427,0.1359,FCC
2,2,4.535,0.0286,0.1281,0.0994,0.1792,0.1643,0.1431,FCC
1,2,4.5425,0.0381,0.153,0.1197,0.2147,0.2113,0.1794,FCC
1,2,4.605,0.0347,0.1395,0.1091,0.1935,0.1977,0.1686,FCC
1,2,4.52,0.0318,0.1326,0.1043,0.2042,0.1962,0.1758,FCC
1,2,4.615,0.0311,0.1205,0.0942,0.1825,0.1805,0.1643,FCC
1,2,4.6675,0.0321,0.1204,0.0943,0.1701,0.1812,0.1572,FCC
4,2,4.53,0.027,0.1145,0.0901,0.1922,0.1793,0.1708,FCC
2,2,4.5925,0.0312,0.1337,0.1054,0.1797,0.1978,0.1621,FCC
4,2,4.635,0.03,0.1177,0.0926,0.1696,0.1808,0.1575,FCC
2,2,4.55,0.0254,0.1123,0.0888,0.1811,0.1797,0.1647,FCC
4,2,4.6025,0.0274,0.1142,0.0903,0.169,0.1805,0.1579,FCC
4,2,4.4125,0.0217,0.0946,0.0768,0.1985,0.1775,0.1762,FCC
1,2,4.705,0.0353,0.1255,0.0979,0.1842,0.2121,0.179,FCC
1,2,4.62,0.0333,0.1235,0.0973,0.1943,0.2107,0.1868,FCC
1,2,4.6725,0.034,0.1234,0.097,0.1836,0.2117,0.1796,FCC
1,2,4.565,0.0318,0.1323,0.1061,0.1929,0.2242,0.1838,FCC
4,2,4.595,0.0258,0.1109,0.0899,0.1687,0.2109,0.1742,FCC
4,2,4.6875,0.0314,0.1436,0.1162,0.1106,0.2408,0.1412,FCC
4,2,4.7725,0.027,0.1058,0.0868,0.0903,0.2137,0.1381,FCC
1,2,4.6975,0.0343,0.1233,0.0976,0.1839,0.2379,0.191,FCC
1,2,4.6125,0.032,0.1206,0.0969,0.194,0.2362,0.1995,FCC
4,2,4.4525,0.0333,0.1453,0.121,0.2222,0.2614,0.205,FCC
1,2,4.6425,0.0336,0.1351,0.1091,0.1801,0.2492,0.1858,FCC
1,2,4.685,0.0314,0.1179,0.0948,0.1702,0.2381,0.1843,FCC
1,2,4.695,0.0345,0.1356,0.1092,0.1651,0.2506,0.1767,FCC
1,2,4.61,0.0312,0.1314,0.1071,0.1798,0.2487,0.1867,FCC
4,2,4.83,0.027,0.1057,0.0866,0.09,0.2411,0.1469,FCC
3,2,4.7975,0.0267,0.105,0.0868,0.0901,0.2407,0.1483,FCC
3,2,4.7225,0.0286,0.1249,0.1031,0.1017,0.2523,0.1502,FCC
4,2,4.765,0.0258,0.1037,0.0865,0.0902,0.2403,0.1496,FCC
1,2,4.7225,0.0343,0.1231,0.0979,0.1843,0.2607,0.1992,FCC
1,2,4.5625,0.033,0.1317,0.109,0.2048,0.2664,0.2103,FCC
4,2,4.5725,0.0281,0.113,0.0944,0.1929,0.2574,0.2101,FCC
3,2,4.8225,0.026,0.1041,0.0864,0.09,0.2644,0.1551,FCC
3,2,4.79,0.0256,0.103,0.0865,0.0901,0.2639,0.1566,FCC
4,2,4.63,0.0348,0.1497,0.125,0.118,0.2872,0.1557,FCC
4,2,4.715,0.0273,0.1223,0.1028,0.1017,0.2731,0.1576,FCC
4,2,4.7575,0.0246,0.1013,0.0862,0.0901,0.2634,0.158,FCC
4,2,4.8475,0.0251,0.103,0.0856,0.0898,0.2852,0.1592,FCC
4,2,4.73,0.0325,0.1419,0.1184,0.11,0.2986,0.1577,FCC
2,2,4.815,0.0251,0.1022,0.0861,0.0899,0.2847,0.1608,FCC
4,2,4.655,0.0355,0.151,0.1272,0.1176,0.3016,0.1575,FCC
3,2,4.74,0.028,0.1225,0.1036,0.1014,0.2918,0.1612,FCC
3,2,4.7825,0.0245,0.1008,0.0862,0.09,0.2841,0.1625,FCC
4,2,4.655,0.0246,0.1183,0.1023,0.1269,0.2893,0.1745,FCC
2,2,4.7075,0.026,0.1195,0.1025,0.1017,0.2911,0.1629,FCC
3,2,4.75,0.0235,0.0988,0.0858,0.09,0.2835,0.1641,FCC
1,2,4.655,0.0326,0.1186,0.0986,0.1947,0.2943,0.2202,FCC
1,2,4.7075,0.0324,0.1186,0.0973,0.1838,0.2965,0.211,FCC
4,2,4.8725,0.024,0.1018,0.0845,0.0896,0.3037,0.1611,FCC
4,2,4.7975,0.0295,0.1245,0.1045,0.1008,0.3089,0.1607,FCC
4,2,4.68,0.0361,0.1521,0.1291,0.1171,0.3134,0.1574,FCC
3,2,4.765,0.0284,0.1225,0.1041,0.1012,0.3081,0.1626,FCC
3,2,4.8075,0.0241,0.1002,0.0859,0.0899,0.3023,0.1647,FCC
4,2,4.67,0.0231,0.0995,0.0887,0.1369,0.2979,0.1892,FCC
2,2,4.7325,0.0268,0.1199,0.1033,0.1014,0.3073,0.1644,FCC
3,2,4.7,0.0247,0.1165,0.1021,0.1017,0.3064,0.1663,FCC
3,2,4.7425,0.0223,0.0959,0.0855,0.09,0.3009,0.1682,FCC
3,2,4.93,0.0214,0.1001,0.0812,0.0893,0.3205,0.159,FCC
3,2,4.8975,0.0226,0.1005,0.0829,0.0895,0.3198,0.1611,FCC
4,2,4.6925,0.0234,0.1133,0.1018,0.1017,0.3189,0.168,FCC
1,2,4.5425,0.0351,0.1809,0.0868,0.2177,0.261,0.2017,FCC
1,2,4.5825,0.0325,0.1778,0.0836,0.1936,0.2619,0.1882,FCC
1,2,4.5875,0.0348,0.1799,0.0873,0.2066,0.2839,0.2048,FCC
1,2,4.5845,0.0456,0.1902,0.1958,0.1076,0.3994,0.1688,BCC+FCC
1,2,4.6095,0.0464,0.1921,0.1983,0.1072,0.4063,0.1656,BCC+FCC
1,2,4.6445,0.0423,0.1829,0.1936,0.0983,0.4135,0.1677,BCC+FCC
3,1.65,4.1865,0.0455,0.631,0.3002,0.1458,0.3571,0.0556,BCC
3,1.65,4.204,0.0449,0.6231,0.3089,0.1468,0.3603,0.0605,BCC
4,1.8,4.155,0.0384,0.6702,0.2869,0.1371,0.418,0.0701,BCC
3,1.8,4.1475,0.0388,0.692,0.2583,0.136,0.4015,0.066,BCC
3,1.8,4.165,0.0384,0.6838,0.2631,0.1365,0.3951,0.0692,BCC
4,1.75,4.1475,0.0385,0.6389,0.3085,0.1333,0.4193,0.0644,BCC
4,1.75,4.14,0.0398,0.6605,0.2848,0.1323,0.4029,0.0612,BCC
3,1.75,4.18,0.0341,0.5879,0.3605,0.1378,0.4564,0.0749,BCC
3,1.75,4.1575,0.0393,0.6524,0.2931,0.1345,0.4079,0.0662,BCC
3,1.75,4.15,0.0403,0.6741,0.2664,0.1333,0.3912,0.0623,BCC
3,1.75,4.1825,0.0374,0.6229,0.3248,0.1367,0.4225,0.0738,BCC
4,1.75,4.1675,0.0398,0.666,0.2729,0.1343,0.3894,0.0662,BCC
2,1.75,4.185,0.0394,0.6579,0.2782,0.1342,0.3824,0.0696,BCC
3,1.7,4.1575,0.0364,0.5993,0.3257,0.131,0.4125,0.061,BCC
3,1.7,4.175,0.0359,0.5913,0.3382,0.1338,0.4255,0.0672,BCC
2,1.7,4.1675,0.0379,0.6128,0.3178,0.1327,0.4091,0.0645,BCC
3,1.65,4.1775,0.0359,0.573,0.3314,0.1307,0.4036,0.061,BCC
4,1.65,4.17,0.0377,0.5946,0.3136,0.1296,0.387,0.0585,BCC
3,1.65,4.1625,0.0396,0.6162,0.2935,0.1285,0.37,0.0555,BCC
3,1.65,4.2025,0.0336,0.5435,0.3623,0.134,0.4315,0.0694,BCC
4,1.65,4.195,0.0354,0.5651,0.3452,0.1328,0.4152,0.0672,BCC
4,1.65,4.1875,0.0372,0.5867,0.3261,0.1316,0.3987,0.0646,BCC
4,1.65,4.18,0.039,0.6082,0.3052,0.1304,0.3818,0.0615,BCC
3,1.65,4.1725,0.041,0.6298,0.2821,0.1292,0.3646,0.0578,BCC
3,1.65,4.205,0.0366,0.5787,0.3368,0.1325,0.4018,0.0697,BCC
4,1.65,4.1975,0.0384,0.6003,0.315,0.1312,0.385,0.0665,BCC
2,1.65,4.19,0.0404,0.6219,0.2912,0.1299,0.3678,0.0627,BCC
3,1.6,4.1975,0.0348,0.5466,0.3358,0.1299,0.3943,0.0609,BCC
4,1.6,4.215,0.0342,0.5386,0.351,0.1313,0.4047,0.0672,BCC
3,1.6,4.2,0.0382,0.5819,0.3138,0.1288,0.3709,0.0616,BCC
3,1.6,4.225,0.0356,0.5524,0.3451,0.1302,0.3902,0.0698,BCC
1,1.9,4.55,0.029,0.1127,0.076,0.1679,0.1338,0.1204,FCC
4,1.85,4.525,0.0306,0.1178,0.0762,0.1675,0.1648,0.1296,FCC
4,1.8,4.5175,0.0308,0.1257,0.0788,0.1649,0.1764,0.1417,FCC
1,1.5,4.53,0.0494,0.1593,0.0935,0.1548,0.3082,0.1862,BCC+FCC
1,1.45,4.4725,0.0495,0.1615,0.0922,0.1438,0.3239,0.1901,BCC+FCC
1,1.45,4.5125,0.047,0.1552,0.0886,0.1381,0.324,0.1793,BCC+FCC
1,1.45,4.445,0.05,0.1689,0.095,0.1469,0.3237,0.2008,BCC+FCC
1,1.45,4.6025,0.0502,0.162,0.0946,0.1456,0.3226,0.1882,BCC+FCC
1,1.45,4.465,0.0489,0.1664,0.0935,0.1466,0.3234,0.1969,BCC+FCC
1,1.45,4.485,0.0478,0.1638,0.092,0.1438,0.3231,0.1926,BCC+FCC
1,1.4,4.525,0.052,0.1675,0.0957,0.1426,0.3401,0.1969,BCC+FCC
1,1.4,4.5325,0.0483,0.1613,0.0907,0.1298,0.3396,0.1866,BCC+FCC
1,1.35,4.545,0.0535,0.1731,0.0977,0.1364,0.3521,0.2035,BCC+FCC
1,1.35,4.565,0.0522,0.1702,0.0959,0.1303,0.3516,0.1987,BCC+FCC
3,1.6,4.565,0.0399,0.1525,0.0895,0.1421,0.2309,0.174,BCC+FCC
1,1.9,4.6125,0.0372,0.167,0.0959,0.2256,0.1381,0.1118,FCC
1,1.9,4.58,0.0352,0.1638,0.0948,0.2254,0.1385,0.1103,FCC
1,1.85,4.5675,0.035,0.1644,0.095,0.2129,0.1539,0.118,FCC
1,1.9,4.514,0.0341,0.1467,0.1242,0.182,0.2075,0.1623,FCC
1,1.9,4.597,0.0443,0.1924,0.184,0.1158,0.3191,0.1806,BCC+FCC
1,1.85,4.597,0.0463,0.1965,0.1847,0.1163,0.3301,0.1943,BCC+FCC
4,1.9,4.5,0.0325,0.1682,0.0692,0.2529,0.1467,0.1382,FCC
4,1.9,4.5525,0.0335,0.171,0.0716,0.2407,0.1462,0.1341,FCC
1,1.85,4.5325,0.0368,0.1776,0.077,0.2533,0.1697,0.1509,FCC
1,1.85,4.5,0.0346,0.1731,0.0727,0.2532,0.1699,0.15,FCC
1,1.95,4.555,0.0356,0.1448,0.1066,0.1929,0.1565,0.1373,FCC
1,1.95,4.5975,0.0335,0.1316,0.0958,0.1821,0.1287,0.1261,FCC
4,1.95,4.4275,0.0317,0.1416,0.104,0.2133,0.1792,0.1507,FCC
1,1.95,4.5225,0.0334,0.1399,0.1028,0.1924,0.1564,0.1366,FCC
4,1.95,4.575,0.0345,0.1431,0.1058,0.1798,0.1562,0.1319,FCC
1,1.95,4.5,0.0346,0.1477,0.1092,0.1884,0.1792,0.1408,FCC
1,1.95,4.5325,0.0287,0.1231,0.0891,0.1806,0.1287,0.1241,FCC
4,1.95,4.585,0.0293,0.1256,0.0916,0.1687,0.1281,0.1202,FCC
4,1.95,4.5,0.0268,0.1175,0.0846,0.1798,0.1287,0.1229,FCC
1,1.95,4.5525,0.0273,0.1212,0.088,0.1681,0.1281,0.1193,FCC
1,1.9,4.49,0.033,0.1397,0.0998,0.1917,0.1802,0.1483,FCC
4,1.9,4.5325,0.0316,0.1303,0.0916,0.1802,0.1541,0.1364,FCC
1,1.9,4.5425,0.035,0.1447,0.104,0.1794,0.1795,0.1449,FCC
2,1.9,4.51,0.0328,0.1389,0.0994,0.179,0.1796,0.1442,FCC
1,1.9,4.5525,0.0305,0.1287,0.0906,0.1679,0.1533,0.1327,FCC
1,1.85,4.48,0.0363,0.1564,0.1115,0.2019,0.2199,0.1701,FCC
1,1.85,4.5125,0.0342,0.1377,0.0946,0.1904,0.1731,0.149,FCC
1,1.85,4.5225,0.037,0.1509,0.1063,0.1921,0.1974,0.16,FCC
1,1.85,4.49,0.0343,0.1444,0.1012,0.1915,0.1976,0.159,FCC
1,1.85,4.5,0.0314,0.1304,0.0889,0.179,0.1724,0.1454,FCC
4,1.85,4.5525,0.0332,0.1354,0.093,0.1677,0.1711,0.144,FCC
4,1.85,4.52,0.031,0.1294,0.0882,0.1669,0.1714,0.1428,FCC
1,1.8,4.49,0.035,0.1485,0.1025,0.1913,0.2105,0.1682,FCC
1,1.75,4.49,0.0351,0.152,0.1035,0.1911,0.2201,0.1762,FCC
1,1.75,4.5,0.0337,0.1402,0.0923,0.178,0.195,0.1612,FCC
1,1.95,4.5125,0.0384,0.2149,0.1562,0.2121,0.1736,0.1366,FCC
1,1.95,4.5725,0.0366,0.1877,0.0856,0.1938,0.1971,0.1488,FCC
1,1.9,4.54,0.0376,0.1898,0.0848,0.1936,0.2147,0.1609,FCC
2,1.55,4.1465,0.0413,0.5067,0.2945,0.1464,0.4876,0.109,BCC
4,1.55,4.164,0.0407,0.4986,0.3078,0.1489,0.4791,0.1114,BCC
4,1.8,4.078,0.0372,0.5089,0.3586,0.1335,0.6358,0.1118,BCC
3,1.75,4.098,0.037,0.484,0.3547,0.1396,0.627,0.1117,BCC
4,1.75,4.0905,0.0385,0.5054,0.3486,0.1394,0.6118,0.1108,BCC
3,1.65,4.123,0.0385,0.4762,0.3351,0.1481,0.5783,0.1097,BCC
4,1.8,4.107,0.0393,0.4732,0.3814,0.144,0.6597,0.1124,BCC
3,1.8,4.092,0.0424,0.5168,0.3746,0.144,0.6291,0.1111,BCC
3,1.75,4.1485,0.0391,0.4254,0.377,0.1599,0.6595,0.1121,BCC
4,1.8,4.15,0.0425,0.4297,0.3981,0.1609,0.6769,0.1121,BCC
4,1.65,4.14,0.0432,0.5643,0.2842,0.1459,0.4658,0.1118,BCC
3,1.55,4.1625,0.0424,0.5232,0.2929,0.1423,0.4537,0.1106,BCC
4,1.75,4.11,0.0385,0.4814,0.3272,0.1282,0.6206,0.1168,BCC
4,1.75,4.1025,0.0401,0.5035,0.3294,0.128,0.6053,0.1159,BCC
3,1.75,4.0875,0.0432,0.547,0.3204,0.1275,0.5748,0.1135,BCC
3,1.75,4.13,0.0425,0.4732,0.3212,0.1343,0.6093,0.1186,BCC
4,1.75,4.1225,0.0443,0.4956,0.3297,0.1341,0.594,0.1176,BCC
4,1.65,4.1,0.0382,0.5124,0.2954,0.1285,0.5508,0.1106,BCC
3,1.65,4.135,0.0384,0.4713,0.3096,0.1371,0.5701,0.1148,BCC
2,1.65,4.1275,0.0404,0.4935,0.3102,0.1367,0.5548,0.1135,BCC
4,1.65,4.1625,0.0402,0.4384,0.2916,0.1444,0.5734,0.1175,BCC
3,1.65,4.155,0.0411,0.4613,0.3058,0.144,0.5581,0.1163,BCC
4,1.65,4.1475,0.0428,0.4839,0.3123,0.1437,0.5428,0.115,BCC
4,1.6,4.1325,0.0425,0.5104,0.2954,0.1389,0.5139,0.1105,BCC
4,1.55,4.1525,0.0399,0.4831,0.2897,0.1414,0.5035,0.1105,BCC
3,1.55,4.145,0.0423,0.5052,0.2842,0.1408,0.488,0.1087,BCC
3,1.55,4.165,0.0431,0.4943,0.2926,0.1486,0.4752,0.1098,BCC
1,1.9,4.62,0.0383,0.1659,0.0925,0.2293,0.1515,0.1078,FCC
1,1.9,4.6075,0.0345,0.1617,0.0899,0.217,0.1509,0.1004,FCC
1,1.7,4.6155,0.0472,0.1919,0.1689,0.1234,0.3262,0.1152,BCC+FCC
1,1.95,4.6895,0.0413,0.1926,0.1882,0.0984,0.3026,0.1379,BCC+FCC
1,1.9,4.5165,0.0326,0.1448,0.1231,0.1754,0.2085,0.1457,FCC
1,1.85,4.717,0.0513,0.2028,0.1928,0.1369,0.3299,0.1455,BCC+FCC
1,1.75,4.687,0.0517,0.2042,0.1921,0.1293,0.3515,0.1346,BCC+FCC
1,1.65,4.593,0.0478,0.1829,0.162,0.1455,0.3259,0.1377,BCC+FCC
1,1.6,4.5555,0.0468,0.1822,0.1601,0.1322,0.3324,0.1279,BCC+FCC
4,1.85,4.745,0.0452,0.1988,0.1034,0.1787,0.2092,0.0909,FCC
1,1.95,4.51,0.0349,0.1446,0.1055,0.2067,0.1511,0.1355,FCC
1,1.95,4.5625,0.0361,0.146,0.1076,0.1964,0.1519,0.1296,FCC
1,1.95,4.53,0.0336,0.1427,0.1046,0.1958,0.1515,0.1294,FCC
1,1.95,4.5825,0.0351,0.1438,0.1065,0.1839,0.1523,0.1227,FCC
1,1.95,4.55,0.0319,0.1407,0.1036,0.1834,0.1519,0.1225,FCC
1,1.95,4.5175,0.0302,0.1369,0.1002,0.1829,0.1514,0.1224,FCC
1,1.9,4.535,0.0307,0.1264,0.089,0.1739,0.1557,0.1195,FCC
1,1.95,4.52,0.0383,0.2153,0.1527,0.2155,0.1726,0.1304,FCC
1,1.95,4.5275,0.0355,0.1868,0.084,0.2093,0.1972,0.1462,FCC
1,1.95,4.5475,0.0338,0.1851,0.0825,0.1974,0.1973,0.14,FCC
1,1.9,4.535,0.0384,0.192,0.0871,0.2122,0.2177,0.1513,FCC
4,1.7,4.0975,0.0394,0.6792,0.2919,0.1297,0.6455,0.071,BCC
2,1.65,4.1175,0.039,0.6509,0.2895,0.1336,0.635,0.0709,BCC
2,1.65,4.11,0.0405,0.6732,0.28,0.1331,0.6196,0.0693,BCC
4,1.6,4.13,0.0397,0.6449,0.2781,0.1361,0.6091,0.0692,BCC
4,1.55,4.1425,0.0402,0.6388,0.2661,0.1378,0.5832,0.0672,BCC
3,1.55,4.135,0.0422,0.661,0.255,0.1371,0.5679,0.0649,BCC
3,1.5,4.1625,0.0382,0.6106,0.2619,0.1394,0.5724,0.0672,BCC
4,1.5,4.1475,0.0427,0.6549,0.2417,0.1378,0.5419,0.0623,BCC
3,1.75,4.22,0.0474,0.4943,0.4467,0.2011,0.503,0.0652,BCC
4,1.95,4.064,0.0401,0.7511,0.3744,0.1552,0.5138,0.072,BCC
3,1.95,4.093,0.0431,0.6989,0.4233,0.1661,0.5368,0.0737,BCC
4,1.95,4.078,0.0446,0.7446,0.3899,0.1657,0.5071,0.0708,BCC
2,1.9,4.0625,0.0368,0.7489,0.3469,0.1466,0.499,0.0714,BCC
4,1.85,4.055,0.0358,0.7138,0.3396,0.1318,0.411,0.0584,BCC
2,1.85,4.0725,0.0351,0.7057,0.3568,0.1419,0.4727,0.0662,BCC
4,1.85,4.075,0.038,0.7431,0.335,0.1487,0.4767,0.0694,BCC
4,1.8,4.075,0.0345,0.6855,0.3407,0.1364,0.4116,0.0582,BCC
2,1.8,4.0675,0.0368,0.708,0.3284,0.1359,0.3975,0.057,BCC
3,1.8,4.0925,0.0342,0.6775,0.3598,0.1451,0.4682,0.0661,BCC
4,1.8,4.085,0.0361,0.6999,0.3456,0.1446,0.4534,0.0647,BCC
4,1.8,4.0775,0.0382,0.7226,0.3292,0.144,0.4383,0.063,BCC
3,1.8,4.1025,0.0354,0.6919,0.3601,0.1513,0.4845,0.0713,BCC
2,1.8,4.095,0.0375,0.7145,0.3424,0.1507,0.4691,0.0694,BCC
2,1.8,4.0875,0.0392,0.7373,0.3229,0.15,0.4537,0.0672,BCC
3,1.8,4.0975,0.04,0.7521,0.3108,0.1542,0.4538,0.0697,BCC
4,1.75,4.095,0.035,0.6574,0.34,0.1401,0.4111,0.0579,BCC
3,1.75,4.0875,0.0361,0.6796,0.3298,0.1396,0.3967,0.0568,BCC
3,1.75,4.08,0.0378,0.7021,0.317,0.1391,0.3819,0.0553,BCC
2,1.75,4.1125,0.0347,0.6495,0.3613,0.1477,0.4631,0.0659,BCC
4,1.75,4.0975,0.0371,0.6941,0.3342,0.1464,0.4329,0.0629,BCC
2,1.75,4.09,0.0393,0.7167,0.3173,0.1458,0.4174,0.0609,BCC
3,1.75,4.1225,0.0355,0.6638,0.365,0.1528,0.4767,0.0712,BCC
4,1.75,4.115,0.0366,0.6861,0.3488,0.1521,0.4613,0.0694,BCC
4,1.75,4.1075,0.0386,0.7086,0.3306,0.1514,0.4456,0.0672,BCC
2,1.75,4.1,0.0404,0.7314,0.3104,0.1506,0.4298,0.0646,BCC
3,1.75,4.1325,0.0362,0.6781,0.3611,0.1563,0.4757,0.0749,BCC
3,1.75,4.125,0.038,0.7006,0.3418,0.1555,0.46,0.0726,BCC
2,1.75,4.1175,0.0399,0.7232,0.3208,0.1547,0.4441,0.0698,BCC
3,1.75,4.11,0.0413,0.7462,0.2978,0.1538,0.428,0.0666,BCC
3,1.75,4.1425,0.0373,0.6925,0.3514,0.1584,0.4649,0.0772,BCC
2,1.75,4.1275,0.0408,0.738,0.3059,0.1566,0.433,0.0709,BCC
3,1.75,4.1375,0.0414,0.7528,0.2864,0.1572,0.4149,0.0705,BCC
4,1.75,4.13,0.042,0.7761,0.2578,0.1562,0.3984,0.0658,BCC
3,1.75,4.155,0.0409,0.7445,0.2916,0.1578,0.4079,0.0733,BCC
3,1.75,4.165,0.0413,0.7594,0.2663,0.1563,0.3801,0.0704,BCC
4,1.7,4.1,0.0375,0.6738,0.3187,0.1419,0.3798,0.0552,BCC
3,1.7,4.0925,0.0389,0.6962,0.3052,0.1413,0.3643,0.0533,BCC
2,1.7,4.125,0.0358,0.6437,0.3507,0.1489,0.4423,0.0645,BCC
4,1.7,4.1175,0.0371,0.6658,0.3378,0.1482,0.4269,0.0628,BCC
4,1.7,4.1025,0.0404,0.7108,0.305,0.1468,0.3953,0.0585,BCC
4,1.7,4.135,0.0367,0.6579,0.3539,0.153,0.453,0.0693,BCC
2,1.65,4.135,0.0341,0.6016,0.3315,0.1453,0.4073,0.0574,BCC
4,1.65,4.12,0.0372,0.6456,0.3186,0.144,0.3769,0.055,BCC
3,1.65,4.1525,0.0336,0.5938,0.3588,0.1509,0.4515,0.0656,BCC
3,1.65,4.1225,0.0398,0.6823,0.3106,0.1479,0.3885,0.0585,BCC
4,1.65,4.115,0.0415,0.7048,0.2923,0.1471,0.372,0.0556,BCC
4,1.65,4.155,0.0363,0.63,0.3578,0.1534,0.4445,0.0693,BCC
4,1.65,4.1475,0.0378,0.6521,0.3426,0.1525,0.4286,0.0672,BCC
4,1.65,4.14,0.0394,0.6743,0.3253,0.1516,0.4124,0.0647,BCC
3,1.65,4.125,0.0429,0.7195,0.2844,0.1499,0.3793,0.0583,BCC
4,1.65,4.1575,0.0389,0.6664,0.3378,0.1542,0.424,0.07,BCC
4,1.65,4.1425,0.0423,0.7114,0.295,0.1523,0.3909,0.0633,BCC
2,1.65,4.1675,0.04,0.6808,0.3271,0.1547,0.4106,0.0713,BCC
3,1.65,4.16,0.0417,0.7033,0.304,0.1536,0.394,0.0676,BCC
3,1.6,4.155,0.0326,0.5737,0.323,0.147,0.4042,0.0572,BCC
3,1.6,4.1425,0.0392,0.654,0.3148,0.1484,0.3812,0.0584,BCC
4,1.55,4.1675,0.0325,0.5678,0.3136,0.1474,0.3847,0.0559,BCC
3,1.55,4.16,0.0345,0.5897,0.3116,0.1466,0.3688,0.0546,BCC
3,1.55,4.1725,0.0393,0.6402,0.3192,0.1498,0.3769,0.0619,BCC
3,1.55,4.175,0.0427,0.6769,0.2917,0.1488,0.3514,0.0597,BCC
4,1.75,4.1175,0.0469,0.6236,0.3218,0.1431,0.3594,0.0575,BCC
2,1.65,4.1375,0.0388,0.5906,0.2956,0.1454,0.3461,0.0525,BCC
1,1.95,4.5915,0.0383,0.1828,0.1354,0.2145,0.2011,0.1279,FCC
1,2,4.5565,0.0348,0.1526,0.1337,0.186,0.1843,0.1429,FCC
1,2,4.524,0.0328,0.1484,0.1306,0.1854,0.184,0.1427,FCC
1,1.95,4.555,0.0384,0.1836,0.0909,0.2577,0.141,0.1356,FCC
4,1.95,4.49,0.0344,0.1759,0.084,0.2579,0.1403,0.135,FCC
4,1.95,4.5,0.0382,0.1868,0.0977,0.2489,0.1629,0.1369,FCC
3,1.65,4.144,0.0446,0.6017,0.295,0.1458,0.3942,0.0714,BCC
3,1.65,4.1615,0.044,0.5938,0.3053,0.1479,0.3938,0.0747,BCC
3,1.8,4.0765,0.0371,0.5746,0.3284,0.1232,0.445,0.07,BCC
4,1.75,4.104,0.0353,0.527,0.3283,0.1285,0.4564,0.0708,BCC
2,1.75,4.0965,0.0368,0.5486,0.3249,0.1281,0.4418,0.0698,BCC
2,1.75,4.089,0.0384,0.5701,0.3177,0.1276,0.4271,0.0686,BCC
4,1.7,4.1015,0.0395,0.5656,0.3067,0.131,0.4077,0.0669,BCC
2,1.65,4.144,0.0324,0.4736,0.3042,0.1358,0.4485,0.0704,BCC
4,1.65,4.129,0.0364,0.5175,0.3088,0.1346,0.4183,0.0683,BCC
4,1.6,4.1265,0.041,0.5561,0.2836,0.1349,0.3648,0.0628,BCC
2,1.85,4.078,0.0413,0.5819,0.3553,0.1297,0.4547,0.0702,BCC
3,1.8,4.113,0.0376,0.5116,0.352,0.1363,0.4807,0.0714,BCC
2,1.8,4.098,0.0407,0.5552,0.3515,0.1359,0.4526,0.0701,BCC
3,1.75,4.1255,0.0378,0.5064,0.3437,0.1413,0.464,0.0707,BCC
3,1.75,4.118,0.0395,0.5283,0.345,0.141,0.4496,0.0699,BCC
4,1.75,4.1105,0.0413,0.5501,0.3417,0.1407,0.435,0.0688,BCC
2,1.75,4.103,0.0431,0.5719,0.3348,0.1404,0.4201,0.0674,BCC
3,1.7,4.1155,0.0437,0.5667,0.3241,0.1441,0.4006,0.0657,BCC
4,1.65,4.1655,0.0329,0.4508,0.3089,0.1493,0.4565,0.0702,BCC
2,1.65,4.158,0.0351,0.4734,0.3212,0.1488,0.4416,0.0695,BCC
4,1.65,4.1505,0.0374,0.4957,0.3263,0.1483,0.4265,0.0685,BCC
2,1.65,4.143,0.0396,0.5177,0.326,0.1478,0.4112,0.0672,BCC
4,1.65,4.1355,0.0418,0.5397,0.3214,0.1473,0.3956,0.0656,BCC
3,1.65,4.128,0.044,0.5615,0.3132,0.1468,0.3796,0.0636,BCC
3,1.85,4.0995,0.0446,0.5594,0.3769,0.1405,0.462,0.0702,BCC
3,1.8,4.1345,0.0396,0.4877,0.3596,0.1471,0.488,0.0711,BCC
2,1.8,4.1195,0.0431,0.5319,0.37,0.147,0.4601,0.07,BCC
3,1.8,4.112,0.0449,0.5539,0.3676,0.1469,0.4458,0.0691,BCC
3,1.8,4.1045,0.0467,0.5757,0.3615,0.1468,0.4313,0.0679,BCC
4,1.75,4.147,0.039,0.4819,0.3526,0.1526,0.4716,0.0705,BCC
2,1.75,4.1395,0.041,0.5042,0.3597,0.1524,0.4573,0.0698,BCC
2,1.75,4.132,0.043,0.5263,0.3612,0.1522,0.4428,0.0689,BCC
4,1.75,4.1245,0.045,0.5483,0.3581,0.152,0.4281,0.0677,BCC
2,1.75,4.117,0.047,0.5702,0.3514,0.1518,0.4131,0.0662,BCC
3,1.7,4.137,0.0448,0.5426,0.3484,0.1561,0.4089,0.0661,BCC
3,1.65,4.187,0.0349,0.4244,0.3031,0.1612,0.4644,0.07,BCC
4,1.65,4.1795,0.0358,0.4475,0.3254,0.1608,0.4496,0.0694,BCC
3,1.65,4.172,0.0371,0.4703,0.3377,0.1605,0.4347,0.0686,BCC
4,1.65,4.1645,0.0395,0.4927,0.3429,0.1601,0.4195,0.0675,BCC
3,1.8,4.141,0.0442,0.5055,0.3832,0.1567,0.4675,0.0699,BCC
2,1.8,4.1335,0.0462,0.5277,0.3856,0.1567,0.4533,0.0691,BCC
2,1.75,4.1685,0.0407,0.4545,0.3531,0.1626,0.4791,0.0702,BCC
2,1.75,4.161,0.0418,0.4771,0.3681,0.1626,0.4649,0.0697,BCC
3,1.75,4.1535,0.0433,0.4995,0.3754,0.1625,0.4505,0.069,BCC
4,1.75,4.146,0.0456,0.5217,0.3769,0.1624,0.4359,0.0679,BCC
3,1.65,4.1935,0.0396,0.4419,0.3413,0.1714,0.4428,0.0686,BCC
4,1.65,4.1785,0.0418,0.4873,0.359,0.1708,0.4124,0.0664,BCC
2,1.8,4.1625,0.0459,0.4766,0.3898,0.1653,0.4748,0.0697,BCC
2,1.8,4.155,0.0472,0.499,0.3983,0.1654,0.4608,0.0691,BCC
3,1.75,4.1975,0.0412,0.4005,0.2987,0.1715,0.5004,0.0698,BCC
4,1.75,4.085,0.0356,0.5771,0.3099,0.1217,0.457,0.0743,BCC
3,1.75,4.1025,0.0349,0.5691,0.3273,0.1287,0.4775,0.0797,BCC
2,1.75,4.105,0.0377,0.603,0.303,0.1321,0.4552,0.0794,BCC
4,1.75,4.115,0.0383,0.6159,0.2901,0.1346,0.4404,0.0799,BCC
3,1.65,4.1275,0.0368,0.5615,0.3033,0.1287,0.4274,0.0753,BCC
3,1.65,4.145,0.0361,0.5535,0.3182,0.132,0.4342,0.0796,BCC
3,1.65,4.1475,0.0395,0.5878,0.2874,0.1316,0.401,0.0768,BCC
4,1.75,4.11,0.0361,0.5228,0.3129,0.1224,0.4661,0.0749,BCC
4,1.75,4.13,0.0403,0.5122,0.3085,0.1297,0.4661,0.0779,BCC
3,1.65,4.1275,0.0383,0.5343,0.2937,0.1281,0.4094,0.0709,BCC
3,1.65,4.1475,0.0409,0.5224,0.2971,0.1363,0.4065,0.0735,BCC
2,1.65,4.1825,0.0435,0.458,0.2589,0.1447,0.4337,0.0792,BCC
4,1.45,4.4055,0.0298,0.3054,0.401,0.1464,0.5599,0.1348,BCC
3,1.5,4.403,0.0356,0.3428,0.3582,0.1402,0.4682,0.1183,BCC
3,1.5,4.383,0.0379,0.3474,0.3998,0.1679,0.5102,0.1104,BCC
4,1.5,4.3805,0.0386,0.3621,0.3965,0.1628,0.4989,0.1106,BCC
4,1.5,4.3965,0.0396,0.3525,0.3826,0.1608,0.4682,0.105,BCC
3,1.45,4.3965,0.0363,0.3464,0.3693,0.153,0.4758,0.1089,BCC
4,1.5,4.4165,0.0412,0.2954,0.3595,0.1589,0.4736,0.1051,BCC
4,1.5,4.4065,0.0398,0.3788,0.3624,0.1485,0.4242,0.1026,BCC
3,1.45,4.4165,0.039,0.2975,0.3475,0.1559,0.4812,0.1094,BCC
3,1.35,4.4165,0.0316,0.2909,0.3224,0.1445,0.4963,0.1168,BCC
3,1.65,4.1505,0.0389,0.4508,0.3153,0.1343,0.5427,0.0696,BCC
4,1.6,4.153,0.0389,0.4381,0.3113,0.1307,0.542,0.0654,BCC
3,1.6,4.1705,0.0383,0.4297,0.3238,0.134,0.5306,0.0698,BCC
3,1.55,4.173,0.0378,0.4158,0.3175,0.1307,0.5303,0.0655,BCC
2,1.55,4.1905,0.0371,0.4072,0.3312,0.1332,0.5185,0.07,BCC
4,1.65,4.1545,0.0419,0.4609,0.3403,0.146,0.5625,0.0667,BCC
3,1.6,4.157,0.0412,0.4454,0.3305,0.1419,0.5584,0.0615,BCC
4,1.6,4.1745,0.0405,0.437,0.3461,0.1469,0.5508,0.0669,BCC
2,1.55,4.177,0.0391,0.4206,0.3333,0.1432,0.5472,0.0616,BCC
2,1.55,4.1945,0.0383,0.412,0.3506,0.1472,0.5391,0.067,BCC
2,1.65,4.1585,0.0439,0.4613,0.3583,0.1538,0.5783,0.0627,BCC
3,1.65,4.176,0.0432,0.453,0.3734,0.1599,0.5713,0.0681,BCC
4,1.65,4.1935,0.0424,0.4446,0.3862,0.1645,0.5602,0.0727,BCC
4,1.55,4.1985,0.0385,0.4087,0.3616,0.1575,0.556,0.0627,BCC
2,1.65,4.18,0.0439,0.4464,0.387,0.166,0.5871,0.0637,BCC
3,1.5,4.3855,0.0379,0.3602,0.3338,0.1354,0.4594,0.1143,BCC
2,1.6,4.158,0.0451,0.4852,0.3122,0.1371,0.526,0.0588,BCC
3,1.55,4.178,0.0418,0.4579,0.3105,0.1396,0.5149,0.059,BCC
4,1.55,4.198,0.0418,0.4486,0.3196,0.1474,0.5007,0.0609,BCC
3,1.65,4.1595,0.0475,0.4906,0.3402,0.1469,0.5457,0.0602,BCC
2,1.6,4.1595,0.0437,0.466,0.3267,0.1432,0.5481,0.0579,BCC
3,1.55,4.1795,0.0406,0.439,0.3251,0.1458,0.5374,0.058,BCC
3,1.6,4.181,0.0427,0.4463,0.352,0.156,0.5569,0.0591,BCC
4,1.6,4.201,0.0433,0.4368,0.3598,0.1623,0.5436,0.0616,BCC
3,1.55,4.201,0.0386,0.418,0.3478,0.1589,0.5462,0.0591,BCC
4,1.55,4.221,0.0409,0.4072,0.3522,0.1655,0.5326,0.0616,BCC
4,1.65,4.204,0.0444,0.4248,0.3976,0.1735,0.585,0.0609,BCC
4,1.5,4.193,0.0392,0.4289,0.2928,0.1304,0.6276,0.0754,BCC
3,1.75,4.117,0.035,0.4189,0.3626,0.1259,0.6685,0.0652,BCC
4,1.65,4.1495,0.0343,0.391,0.3478,0.1346,0.6324,0.0637,BCC
4,1.65,4.142,0.0366,0.4134,0.343,0.1341,0.6171,0.0621,BCC
3,1.65,4.1345,0.0388,0.4352,0.3347,0.1336,0.6018,0.0602,BCC
4,1.6,4.162,0.0346,0.3877,0.3382,0.1372,0.6067,0.062,BCC
4,1.6,4.1545,0.037,0.4103,0.3327,0.1366,0.5914,0.0602,BCC
4,1.6,4.147,0.0394,0.4323,0.3239,0.136,0.5761,0.0579,BCC
2,1.8,4.126,0.0368,0.4145,0.3906,0.1319,0.7032,0.0663,BCC
3,1.8,4.1185,0.0386,0.4367,0.3878,0.1319,0.6875,0.0654,BCC
4,1.75,4.146,0.0352,0.3879,0.381,0.1384,0.6929,0.066,BCC
4,1.75,4.1385,0.0372,0.4108,0.3819,0.1382,0.6773,0.0652,BCC
3,1.75,4.131,0.0392,0.4332,0.3785,0.138,0.6618,0.0642,BCC
4,1.75,4.1235,0.0412,0.455,0.3716,0.1378,0.6463,0.0627,BCC
4,1.7,4.1435,0.0395,0.4294,0.369,0.1429,0.6362,0.0626,BCC
4,1.65,4.1635,0.0372,0.4029,0.364,0.1471,0.6259,0.0625,BCC
2,1.65,4.1485,0.0421,0.4477,0.3513,0.1464,0.5952,0.0587,BCC
2,1.85,4.1425,0.0369,0.3814,0.4026,0.1337,0.7542,0.0669,BCC
3,1.85,4.135,0.0386,0.4048,0.4114,0.1339,0.7382,0.0667,BCC
3,1.85,4.12,0.0422,0.45,0.4121,0.1344,0.7064,0.0656,BCC
3,1.8,4.1625,0.0345,0.3522,0.3808,0.142,0.744,0.0665,BCC
4,1.8,4.155,0.0365,0.3766,0.3962,0.1421,0.728,0.0664,BCC
4,1.8,4.1475,0.0385,0.4003,0.4039,0.1422,0.7121,0.066,BCC
2,1.8,4.14,0.0405,0.4233,0.4058,0.1423,0.6964,0.0654,BCC
4,1.8,4.125,0.0445,0.4679,0.397,0.1424,0.6652,0.0632,BCC
4,1.75,4.1675,0.0359,0.3717,0.3895,0.149,0.7019,0.0658,BCC
3,1.75,4.16,0.0381,0.3956,0.3962,0.1489,0.6862,0.0652,BCC
3,1.75,4.145,0.0425,0.4414,0.3941,0.1488,0.6551,0.063,BCC
3,1.75,4.1375,0.0448,0.4636,0.3874,0.1487,0.6397,0.0615,BCC
3,1.7,4.1725,0.0375,0.3907,0.3883,0.1544,0.6604,0.0641,BCC
4,1.7,4.165,0.0399,0.4141,0.3886,0.1542,0.6449,0.0629,BCC
4,1.7,4.1575,0.0424,0.4369,0.3848,0.154,0.6296,0.0614,BCC
2,1.65,4.185,0.0367,0.3858,0.3801,0.1587,0.6346,0.0627,BCC
3,1.65,4.1775,0.0393,0.4093,0.3797,0.1585,0.6193,0.0612,BCC
2,1.85,4.1565,0.0398,0.3857,0.4171,0.1424,0.7473,0.0662,BCC
3,1.85,4.149,0.0418,0.4093,0.426,0.1427,0.7312,0.066,BCC
4,1.85,4.1415,0.0438,0.4324,0.4289,0.143,0.7154,0.0655,BCC
3,1.8,4.1465,0.0455,0.4501,0.4183,0.1516,0.674,0.0634,BCC
4,1.75,4.1815,0.0378,0.3748,0.4043,0.1584,0.6951,0.065,BCC
3,1.75,4.1665,0.0426,0.4222,0.4124,0.1584,0.6639,0.0632,BCC
4,1.75,4.159,0.0451,0.4451,0.4093,0.1584,0.6485,0.0619,BCC
2,1.75,4.1515,0.0475,0.4675,0.4028,0.1584,0.6331,0.0601,BCC
4,1.7,4.1865,0.0391,0.3934,0.4034,0.1642,0.6537,0.063,BCC
4,1.7,4.179,0.0417,0.4169,0.4039,0.1641,0.6383,0.0617,BCC
3,1.65,4.199,0.0378,0.3878,0.3954,0.1689,0.628,0.0616,BCC
3,1.9,4.1655,0.0414,0.3675,0.4179,0.1381,0.7828,0.0659,BCC
4,1.85,4.1855,0.0387,0.336,0.3843,0.149,0.7727,0.0655,BCC
2,1.8,4.198,0.0378,0.3296,0.382,0.1586,0.7462,0.0653,BCC
4,1.8,4.1905,0.0396,0.3554,0.4092,0.1589,0.7302,0.0653,BCC
3,1.8,4.168,0.0453,0.4277,0.4355,0.1597,0.6829,0.0635,BCC
4,1.75,4.203,0.0387,0.3491,0.4043,0.1667,0.7041,0.0647,BCC
3,1.75,4.188,0.0423,0.3984,0.4259,0.167,0.6728,0.0633,BCC
3,1.75,4.1805,0.0441,0.422,0.4273,0.1671,0.6573,0.0621,BCC
2,1.9,4.187,0.0414,0.3397,0.3987,0.1433,0.7921,0.065,BCC
4,1.8,4.2045,0.0414,0.3521,0.4231,0.166,0.7233,0.0646,BCC
3,1.8,4.197,0.0434,0.3772,0.4394,0.1664,0.7075,0.0641,BCC
4,1.8,4.182,0.0474,0.425,0.45,0.1671,0.6762,0.0624,BCC
4,1.75,4.2095,0.0424,0.3707,0.4332,0.1745,0.6816,0.0632,BCC
3,1.55,4.182,0.0381,0.4084,0.3189,0.1357,0.6824,0.0776,BCC
4,1.95,4.187,0.0452,0.3547,0.401,0.1285,0.7915,0.0698,BCC
3,1.45,4.3775,0.0382,0.3709,0.3815,0.1469,0.5007,0.1082,BCC
3,1.45,4.395,0.0385,0.35,0.4088,0.1629,0.5355,0.1162,BCC
3,1.4,4.4075,0.0327,0.3398,0.4004,0.1454,0.5417,0.1266,BCC
3,1.5,4.395,0.0424,0.3579,0.3969,0.1647,0.4866,0.1052,BCC
4,1.45,4.3925,0.0381,0.3678,0.3761,0.1471,0.4821,0.109,BCC
3,1.45,4.39,0.0365,0.3747,0.363,0.136,0.4699,0.1088,BCC
4,1.4,4.395,0.0354,0.3442,0.37,0.1448,0.5016,0.1128,BCC
3,1.5,4.405,0.0402,0.3835,0.3918,0.1556,0.4789,0.1113,BCC
4,1.45,4.41,0.0375,0.346,0.4038,0.1628,0.5111,0.1165,BCC
3,1.45,4.4075,0.0375,0.3605,0.3932,0.1538,0.4987,0.1162,BCC
3,1.45,4.405,0.036,0.3676,0.3777,0.1423,0.4863,0.1158,BCC
3,1.45,4.415,0.0416,0.3018,0.3713,0.1633,0.4967,0.1096,BCC
3,1.45,4.4075,0.0378,0.3645,0.3706,0.1471,0.4598,0.1082,BCC
3,1.5,4.3775,0.0444,0.346,0.35,0.1538,0.54,0.1121,BCC
3,1.35,4.415,0.0292,0.2955,0.401,0.147,0.574,0.1383,BCC
3,1.5,4.395,0.0383,0.2956,0.3509,0.1449,0.5678,0.1344,BCC
2,1.65,4.165,0.0422,0.5071,0.2962,0.1223,0.4758,0.0699,BCC
4,1.6,4.1875,0.0446,0.499,0.3178,0.1302,0.4615,0.0681,BCC
4,1.6,4.185,0.0412,0.483,0.3061,0.1209,0.463,0.0703,BCC
2,1.55,4.1725,0.0434,0.4884,0.2892,0.1225,0.475,0.0618,BCC
2,1.55,4.19,0.0426,0.4803,0.3081,0.1267,0.4635,0.0655,BCC
3,1.55,4.21,0.0426,0.4727,0.3258,0.1369,0.4462,0.0661,BCC
4,1.55,4.2075,0.0418,0.4721,0.324,0.1295,0.4488,0.0685,BCC
3,1.55,4.2275,0.0418,0.4647,0.3432,0.14,0.4307,0.0688,BCC
3,1.5,4.395,0.0436,0.3395,0.3382,0.147,0.4664,0.1001,BCC
4,1.5,4.3925,0.0419,0.3646,0.3476,0.1474,0.4542,0.0994,BCC
3,1.65,4.235,0.042,0.375,0.3718,0.148,0.5455,0.0877,BCC
3,1.5,4.38,0.0397,0.3786,0.3628,0.1412,0.4611,0.1081,BCC
3,1.5,4.3775,0.0388,0.3858,0.3523,0.1325,0.4491,0.1078,BCC
3,1.45,4.38,0.0361,0.3637,0.3486,0.1298,0.4688,0.1119,BCC
3,1.55,4.3875,0.0412,0.3472,0.3689,0.146,0.4901,0.115,BCC
3,1.5,4.4025,0.0421,0.313,0.3433,0.1475,0.4783,0.1086,BCC
4,1.5,4.3875,0.0367,0.3434,0.356,0.1407,0.4976,0.1187,BCC
3,1.5,4.4,0.0405,0.3391,0.3587,0.148,0.4661,0.1081,BCC
3,1.5,4.3975,0.0379,0.3601,0.3623,0.1456,0.4539,0.1076,BCC
3,1.45,4.3975,0.0361,0.352,0.3485,0.137,0.4616,0.112,BCC
3,1.65,4.1375,0.0419,0.4841,0.2996,0.1135,0.5515,0.0676,BCC
3,1.65,4.13,0.0441,0.506,0.2906,0.1129,0.5362,0.0646,BCC
3,1.65,4.1575,0.0437,0.4778,0.3078,0.1223,0.5372,0.0696,BCC
2,1.65,4.2,0.0428,0.3922,0.2739,0.1314,0.5682,0.0789,BCC
3,1.65,4.1925,0.0441,0.4161,0.2953,0.131,0.553,0.0768,BCC
4,1.65,4.1775,0.0468,0.4623,0.3114,0.1301,0.5225,0.0713,BCC
4,1.6,4.17,0.0426,0.4721,0.2974,0.1252,0.5105,0.0665,BCC
3,1.6,4.2125,0.0421,0.3853,0.2679,0.1349,0.5415,0.0768,BCC
3,1.6,4.1825,0.0475,0.4786,0.3003,0.1329,0.4801,0.0642,BCC
3,1.55,4.1975,0.0385,0.4203,0.2866,0.1285,0.5144,0.0698,BCC
2,1.55,4.19,0.0396,0.4435,0.2892,0.1278,0.4991,0.0667,BCC
3,1.55,4.1825,0.0414,0.4662,0.2867,0.1271,0.4836,0.063,BCC
4,1.55,4.2325,0.0401,0.3533,0.2289,0.1381,0.53,0.0768,BCC
4,1.55,4.225,0.0415,0.3784,0.2614,0.1375,0.5147,0.0744,BCC
4,1.55,4.245,0.0441,0.3534,0.2316,0.1451,0.4991,0.0761,BCC
4,1.6,4.153,0.0373,0.4275,0.3377,0.1408,0.6758,0.0683,BCC
3,1.6,4.1555,0.0412,0.4647,0.3456,0.1471,0.6764,0.0651,BCC
3,1.6,4.1755,0.0428,0.4715,0.3636,0.1557,0.6582,0.0671,BCC
4,1.6,4.1955,0.0428,0.4648,0.3792,0.1636,0.6399,0.0688,BCC
3,1.6,4.177,0.0414,0.4515,0.3768,0.1615,0.6852,0.0663,BCC
3,1.8,4.107,0.0356,0.4454,0.4023,0.1488,0.8196,0.0719,BCC
4,1.75,4.1195,0.0366,0.4436,0.3918,0.151,0.7898,0.0703,BCC
4,1.75,4.141,0.0389,0.439,0.4207,0.1635,0.7992,0.0707,BCC
3,1.75,4.1335,0.0409,0.4606,0.4071,0.1631,0.7831,0.0691,BCC
2,1.8,4.129,0.0442,0.5611,0.319,0.145,0.379,0.0593,BCC
3,1.8,4.1465,0.0438,0.5531,0.3248,0.1472,0.375,0.0622,BCC
3,1.8,4.1815,0.0429,0.537,0.3333,0.1486,0.3534,0.0662,BCC
3,1.75,4.1315,0.0448,0.5453,0.3228,0.1418,0.3655,0.0559,BCC
3,1.75,4.1665,0.0438,0.5292,0.3368,0.1461,0.3622,0.0627,BCC
3,1.75,4.164,0.0371,0.4914,0.3137,0.1356,0.3705,0.065,BCC
3,1.75,4.184,0.0433,0.5212,0.3421,0.1467,0.3528,0.0651,BCC
3,1.65,4.1865,0.0379,0.4577,0.333,0.1311,0.3529,0.0631,BCC
3,1.75,4.133,0.0427,0.5179,0.3366,0.1482,0.3874,0.0569,BCC
4,1.75,4.1705,0.047,0.5246,0.3689,0.1601,0.3768,0.0622,BCC
3,1.75,4.203,0.0406,0.4855,0.3594,0.153,0.3685,0.0701,BCC
3,1.65,4.213,0.045,0.4754,0.3971,0.1656,0.3382,0.0601,BCC
2,1.65,4.1905,0.0407,0.4626,0.364,0.149,0.3674,0.0619,BCC
3,1.65,4.228,0.0426,0.4641,0.3952,0.1595,0.3461,0.0662,BCC
4,1.6,4.2105,0.039,0.4378,0.3728,0.1473,0.3551,0.0622,BCC
4,1.75,4.172,0.0451,0.5022,0.3817,0.1659,0.4007,0.0634,BCC
4,1.65,4.2145,0.0436,0.4598,0.4097,0.1713,0.3624,0.061,BCC
3,1.65,4.212,0.0417,0.4512,0.3995,0.1648,0.3773,0.064,BCC
4,1.65,4.2295,0.041,0.4428,0.4077,0.1656,0.3731,0.0678,BCC
3,1.65,4.1985,0.0429,0.4503,0.4097,0.1736,0.3748,0.0555,BCC
3,1.65,4.216,0.0422,0.442,0.4221,0.1768,0.385,0.0611,BCC
3,1.8,4.1965,0.0461,0.391,0.4068,0.1555,0.4557,0.0761,BCC
3,1.8,4.194,0.0415,0.4003,0.4443,0.1573,0.4772,0.0792,BCC
3,1.75,4.1965,0.0402,0.3783,0.3981,0.1526,0.4546,0.0733,BCC
3,1.75,4.2065,0.041,0.394,0.4362,0.159,0.4517,0.0774,BCC
3,1.7,4.199,0.0388,0.3556,0.3224,0.1476,0.4221,0.0664,BCC
2,1.65,4.224,0.0431,0.3535,0.3203,0.1567,0.3777,0.0664,BCC
4,1.65,4.209,0.0329,0.3526,0.3821,0.149,0.4289,0.0688,BCC
4,1.65,4.2215,0.0391,0.3652,0.3844,0.1562,0.4048,0.0699,BCC
4,1.6,4.244,0.0393,0.3746,0.4108,0.1602,0.3706,0.0706,BCC
2,1.8,4.2005,0.0468,0.3656,0.3457,0.1553,0.4411,0.0701,BCC
3,1.8,4.1955,0.0388,0.385,0.4565,0.1627,0.4953,0.077,BCC
3,1.75,4.2005,0.042,0.356,0.3409,0.1553,0.4369,0.0667,BCC
3,1.75,4.198,0.0375,0.3631,0.4106,0.1582,0.4694,0.0705,BCC
2,1.75,4.2105,0.0429,0.3723,0.4127,0.1641,0.4476,0.0722,BCC
4,1.75,4.208,0.0383,0.379,0.4484,0.1645,0.4706,0.0755,BCC
3,1.65,4.213,0.0356,0.3336,0.3314,0.1559,0.4107,0.0617,BCC
4,1.65,4.223,0.0364,0.3503,0.3971,0.1619,0.4218,0.0676,BCC
4,1.65,4.2355,0.0416,0.3584,0.3994,0.1684,0.3976,0.0685,BCC
2,1.65,4.233,0.0372,0.3665,0.4319,0.1661,0.4193,0.0718,BCC
2,1.8,4.1995,0.0411,0.3656,0.4311,0.1658,0.4852,0.0707,BCC
2,1.75,4.202,0.0395,0.3424,0.3533,0.1604,0.4454,0.0629,BCC
4,1.75,4.2145,0.0437,0.3476,0.3552,0.1654,0.4299,0.0657,BCC
2,1.75,4.1995,0.0348,0.3456,0.4228,0.1635,0.4821,0.067,BCC
4,1.7,4.227,0.043,0.3401,0.352,0.1696,0.4078,0.0643,BCC
4,1.65,4.237,0.0391,0.3453,0.4118,0.1736,0.4147,0.0664,BCC
2,1.8,4.2035,0.0422,0.3427,0.3698,0.1649,0.4577,0.0629,BCC
4,1.8,4.201,0.0386,0.3501,0.4431,0.1707,0.4967,0.0671,BCC
3,1.75,4.216,0.0414,0.3355,0.3673,0.1701,0.4384,0.062,BCC
4,1.75,4.2285,0.0447,0.3372,0.3691,0.1746,0.4229,0.0646,BCC
4,1.75,4.2135,0.0379,0.3436,0.437,0.1741,0.4753,0.0662,BCC
2,1.75,4.226,0.0425,0.3523,0.4391,0.1793,0.4556,0.0685,BCC
4,1.75,4.2235,0.0389,0.36,0.4749,0.1808,0.4813,0.0721,BCC
4,1.8,4.2025,0.0361,0.3324,0.4549,0.1754,0.5055,0.0627,BCC
3,1.8,4.215,0.041,0.3458,0.457,0.1801,0.4899,0.0663,BCC
2,1.75,4.2375,0.0413,0.3555,0.4891,0.191,0.4745,0.071,BCC
2,1.9,4.2065,0.0458,0.339,0.3982,0.1651,0.479,0.0627,BCC
2,1.85,4.219,0.0448,0.3313,0.3975,0.1738,0.4622,0.062,BCC
3,1.8,4.2065,0.0376,0.3129,0.3929,0.1739,0.4583,0.0522,BCC
4,1.8,4.219,0.0413,0.3217,0.3945,0.1776,0.4538,0.0573,BCC
4,1.8,4.239,0.0438,0.3557,0.511,0.1975,0.4918,0.0714,BCC
4,1.75,4.239,0.039,0.3404,0.501,0.1955,0.4905,0.0681,BCC
4,1.8,4.2305,0.0404,0.3252,0.4823,0.1929,0.4921,0.0612,BCC
2,1.75,4.243,0.0395,0.318,0.4766,0.1971,0.472,0.0603,BCC
3,1.9,4.2345,0.0446,0.3139,0.4222,0.1762,0.4658,0.0612,BCC
2,1.95,4.0645,0.0343,0.4663,0.4115,0.1337,0.4686,0.0585,BCC
4,1.95,4.0745,0.0349,0.4774,0.4066,0.144,0.4985,0.0646,BCC
2,1.9,4.077,0.0354,0.4657,0.4009,0.1383,0.4518,0.057,BCC
3,1.9,4.087,0.0362,0.477,0.3956,0.147,0.4771,0.0627,BCC
4,1.85,4.0795,0.0353,0.453,0.3891,0.1321,0.3817,0.0474,BCC
4,1.75,4.1295,0.0345,0.4204,0.3978,0.1475,0.4243,0.0548,BCC
4,1.75,4.1395,0.0358,0.433,0.3975,0.1526,0.4398,0.0604,BCC
4,1.95,4.076,0.0347,0.4569,0.4343,0.1311,0.4052,0.0495,BCC
2,1.95,4.086,0.0363,0.4695,0.4404,0.1451,0.4759,0.0585,BCC
2,1.95,4.0785,0.0384,0.49,0.4265,0.145,0.4619,0.0573,BCC
3,1.95,4.096,0.0377,0.4819,0.4385,0.1558,0.5066,0.065,BCC
3,1.9,4.0885,0.0363,0.4543,0.4248,0.1383,0.3984,0.0485,BCC
4,1.9,4.0985,0.0373,0.4671,0.4304,0.1502,0.4594,0.0571,BCC
3,1.9,4.091,0.0395,0.4878,0.4161,0.1499,0.445,0.0557,BCC
4,1.9,4.1185,0.0401,0.492,0.4199,0.1661,0.492,0.0675,BCC
4,1.85,4.116,0.0344,0.4079,0.4283,0.1444,0.415,0.0487,BCC
4,1.85,4.111,0.0386,0.4644,0.4202,0.1542,0.4415,0.0555,BCC
3,1.85,4.136,0.0366,0.4347,0.4481,0.1628,0.4938,0.0647,BCC
4,1.8,4.121,0.0368,0.4268,0.414,0.149,0.3902,0.047,BCC
3,1.8,4.1335,0.0411,0.4745,0.4068,0.1637,0.4406,0.0588,BCC
4,1.75,4.1535,0.0403,0.4503,0.4127,0.1654,0.4328,0.0588,BCC
3,1.75,4.1635,0.0417,0.4633,0.406,0.1692,0.4331,0.0622,BCC
3,1.95,4.105,0.0378,0.4269,0.4598,0.1406,0.4218,0.0488,BCC
3,1.95,4.0975,0.0391,0.449,0.4561,0.1408,0.4105,0.0488,BCC
4,1.95,4.09,0.0404,0.4707,0.449,0.1409,0.3988,0.0485,BCC
4,1.95,4.0825,0.0418,0.4921,0.4393,0.1411,0.3867,0.0478,BCC
3,1.95,4.1225,0.0374,0.4184,0.4839,0.1552,0.5103,0.0593,BCC
4,1.95,4.115,0.0387,0.4407,0.4768,0.1552,0.4968,0.059,BCC
3,1.95,4.1,0.0414,0.484,0.4551,0.1552,0.4693,0.0574,BCC
4,1.95,4.0925,0.0427,0.5051,0.4413,0.1551,0.4552,0.0561,BCC
4,1.95,4.1325,0.0383,0.4322,0.4943,0.1667,0.544,0.0673,BCC
4,1.95,4.125,0.0397,0.4542,0.4824,0.1666,0.5294,0.0664,BCC
3,1.95,4.1175,0.041,0.4758,0.4686,0.1664,0.5147,0.0653,BCC
3,1.95,4.11,0.0423,0.497,0.4531,0.1662,0.4999,0.0638,BCC
2,1.9,4.125,0.0368,0.4002,0.4519,0.1483,0.4287,0.0483,BCC
3,1.9,4.1175,0.0383,0.423,0.4515,0.1483,0.4168,0.0484,BCC
2,1.9,4.1025,0.0414,0.4671,0.4397,0.1484,0.3918,0.0474,BCC
3,1.9,4.095,0.043,0.4886,0.4295,0.1485,0.3787,0.0464,BCC
3,1.9,4.105,0.0441,0.5018,0.431,0.1604,0.4382,0.0543,BCC
3,1.9,4.145,0.039,0.4284,0.4849,0.1708,0.5234,0.0662,BCC
3,1.9,4.1375,0.0405,0.4505,0.4726,0.1705,0.5086,0.0651,BCC
3,1.9,4.13,0.0421,0.4722,0.4585,0.1703,0.4937,0.0637,BCC
4,1.9,4.115,0.0452,0.5148,0.4257,0.1697,0.4635,0.0597,BCC
2,1.85,4.115,0.0422,0.4633,0.4302,0.1545,0.3817,0.0461,BCC
3,1.85,4.1075,0.044,0.485,0.4197,0.1544,0.3677,0.0446,BCC
3,1.85,4.155,0.0363,0.3872,0.4712,0.1658,0.4924,0.0583,BCC
4,1.85,4.125,0.0435,0.4768,0.4351,0.1649,0.4346,0.0541,BCC
3,1.85,4.1575,0.0394,0.4244,0.4753,0.174,0.5021,0.065,BCC
3,1.85,4.1425,0.0429,0.4686,0.4483,0.1733,0.4719,0.0618,BCC
3,1.75,4.1625,0.0364,0.387,0.4281,0.1643,0.3979,0.0464,BCC
3,1.75,4.1475,0.0408,0.433,0.4198,0.1637,0.3689,0.0441,BCC
3,1.75,4.165,0.0402,0.4246,0.4393,0.1717,0.4256,0.0538,BCC
4,1.95,4.1265,0.0407,0.4113,0.4737,0.1487,0.4267,0.0478,BCC
4,1.95,4.119,0.0422,0.4342,0.4742,0.1491,0.4157,0.048,BCC
3,1.95,4.1115,0.0438,0.4566,0.4705,0.1494,0.4043,0.0479,BCC
4,1.95,4.104,0.0453,0.4787,0.4636,0.1496,0.3924,0.0474,BCC
2,1.95,4.1365,0.0418,0.4258,0.4982,0.164,0.5038,0.0585,BCC
4,1.95,4.129,0.0433,0.4483,0.4912,0.1641,0.4903,0.0581,BCC
2,1.95,4.1215,0.0449,0.4705,0.4815,0.1642,0.4765,0.0573,BCC
3,1.95,4.114,0.0464,0.4923,0.4696,0.1642,0.4626,0.0562,BCC
4,1.95,4.139,0.0444,0.4623,0.4967,0.1758,0.5227,0.0654,BCC
3,1.95,4.124,0.0475,0.5059,0.4676,0.1756,0.4932,0.0625,BCC
2,1.9,4.1465,0.0387,0.3829,0.4613,0.1569,0.4341,0.0473,BCC
4,1.9,4.139,0.0405,0.4065,0.4662,0.1571,0.4224,0.0476,BCC
2,1.9,4.1315,0.0422,0.4295,0.466,0.1572,0.4104,0.0475,BCC
2,1.9,4.1265,0.047,0.488,0.4598,0.17,0.4459,0.0546,BCC
4,1.85,4.1665,0.036,0.3531,0.4442,0.1638,0.4395,0.0468,BCC
4,1.85,4.159,0.038,0.3777,0.4546,0.1639,0.4273,0.0471,BCC
4,1.85,4.1515,0.04,0.4015,0.4586,0.1639,0.4147,0.0471,BCC
4,1.85,4.144,0.042,0.4247,0.4576,0.164,0.4017,0.0467,BCC
3,1.85,4.169,0.0395,0.3928,0.4855,0.1753,0.4858,0.0575,BCC
3,1.75,4.169,0.041,0.4147,0.4405,0.174,0.3765,0.0441,BCC
2,1.95,4.148,0.0423,0.3904,0.4817,0.1557,0.4314,0.0467,BCC
3,1.95,4.1405,0.044,0.414,0.4878,0.1562,0.4207,0.0471,BCC
2,1.95,4.133,0.0458,0.4371,0.4884,0.1566,0.4095,0.0472,BCC
4,1.95,4.1255,0.0476,0.4597,0.4849,0.157,0.398,0.0469,BCC
4,1.95,4.143,0.0471,0.4515,0.5054,0.1721,0.4837,0.0572,BCC
4,1.9,4.1605,0.0414,0.3848,0.4753,0.1647,0.4279,0.0466,BCC
3,1.9,4.153,0.0433,0.4086,0.4804,0.1649,0.4161,0.0468,BCC
3,1.85,4.188,0.0376,0.3284,0.4382,0.1718,0.4453,0.0455,BCC
2,1.85,4.1805,0.0391,0.3543,0.4579,0.172,0.4332,0.0461,BCC
4,1.85,4.173,0.0407,0.3791,0.4687,0.1721,0.4208,0.0463,BCC
3,1.85,4.1655,0.0424,0.4031,0.4728,0.1722,0.4081,0.0461,BCC
3,1.8,4.1855,0.0399,0.3732,0.4618,0.1783,0.4108,0.0457,BCC
3,1.8,4.178,0.0415,0.3974,0.4651,0.1783,0.3973,0.0452,BCC
3,1.8,4.1955,0.041,0.3887,0.4915,0.1885,0.4612,0.0555,BCC
4,1.8,4.2055,0.0423,0.404,0.5052,0.1965,0.4817,0.0625,BCC
3,1.95,4.1545,0.0467,0.4132,0.5017,0.1627,0.4146,0.0464,BCC
3,1.85,4.187,0.0432,0.3771,0.4826,0.1795,0.4144,0.0454,BCC
2,1.8,4.217,0.0418,0.3619,0.5071,0.1969,0.469,0.0553,BCC
3,1.8,4.2095,0.0436,0.3866,0.5056,0.1968,0.4544,0.0544,BCC
4,1.8,4.1615,0.0468,0.4077,0.2985,0.1315,0.3904,0.0628,BCC
4,1.75,4.1615,0.0408,0.3956,0.2928,0.1325,0.3814,0.0588,BCC
3,1.75,4.154,0.0419,0.4194,0.3203,0.1323,0.366,0.0576,BCC
3,1.75,4.1815,0.0448,0.3766,0.2484,0.1383,0.3866,0.0626,BCC
4,1.75,4.174,0.0462,0.4009,0.2949,0.1382,0.3708,0.0613,BCC
4,1.7,4.174,0.0403,0.3892,0.2886,0.1375,0.3628,0.0574,BCC
4,1.65,4.2065,0.0435,0.3623,0.2457,0.1481,0.344,0.0594,BCC
3,1.8,4.1555,0.0457,0.42,0.3415,0.137,0.3763,0.0579,BCC
4,1.8,4.183,0.0473,0.3742,0.2642,0.1415,0.3985,0.0628,BCC
3,1.75,4.143,0.034,0.387,0.3316,0.1322,0.3645,0.0491,BCC
4,1.75,4.163,0.0382,0.3808,0.3065,0.1383,0.3797,0.0542,BCC
4,1.75,4.1555,0.0393,0.4049,0.3338,0.1381,0.3649,0.0534,BCC
3,1.75,4.148,0.0404,0.4284,0.3497,0.1379,0.3497,0.0523,BCC
2,1.75,4.183,0.0424,0.3649,0.2626,0.1437,0.3894,0.0586,BCC
3,1.75,4.1755,0.0437,0.3896,0.3086,0.1436,0.3742,0.0577,BCC
4,1.75,4.168,0.045,0.4135,0.3361,0.1435,0.3586,0.0564,BCC
3,1.65,4.188,0.0371,0.3683,0.2982,0.1472,0.346,0.0518,BCC
3,1.65,4.158,0.0428,0.4626,0.3413,0.1456,0.2766,0.0432,BCC
4,1.8,4.1445,0.0372,0.394,0.3523,0.1375,0.3676,0.0489,BCC
4,1.8,4.157,0.0432,0.4072,0.3544,0.1424,0.3722,0.0535,BCC
4,1.8,4.1495,0.0445,0.4307,0.3719,0.1424,0.3576,0.0525,BCC
3,1.8,4.142,0.0459,0.4537,0.381,0.1424,0.3426,0.0512,BCC
2,1.8,4.1845,0.0449,0.3637,0.2774,0.1465,0.3988,0.0587,BCC
4,1.8,4.177,0.0465,0.3884,0.3268,0.1467,0.3841,0.0579,BCC
3,1.75,4.107,0.042,0.4786,0.3615,0.1368,0.2761,0.0374,BCC
4,1.75,4.157,0.0366,0.3884,0.347,0.1437,0.3574,0.0482,BCC
2,1.75,4.1845,0.0399,0.3515,0.2762,0.149,0.3871,0.0538,BCC
3,1.75,4.177,0.0412,0.3766,0.3218,0.1489,0.3725,0.0532,BCC
3,1.75,4.1695,0.0425,0.4009,0.3492,0.1488,0.3576,0.0523,BCC
3,1.75,4.162,0.0439,0.4245,0.3652,0.1488,0.3422,0.051,BCC
2,1.75,4.197,0.0442,0.3565,0.278,0.1536,0.3822,0.0576,BCC
4,1.75,4.2095,0.0473,0.3555,0.2797,0.1579,0.372,0.0603,BCC
3,1.7,4.1695,0.036,0.3826,0.3414,0.1486,0.3444,0.0471,BCC
2,1.9,4.126,0.0435,0.428,0.3967,0.1303,0.3602,0.0491,BCC
3,1.85,4.146,0.0414,0.3986,0.3718,0.1396,0.3681,0.0486,BCC
3,1.8,4.146,0.0353,0.3747,0.365,0.1429,0.3456,0.0419,BCC
2,1.8,4.166,0.0394,0.3682,0.3375,0.1474,0.3739,0.0482,BCC
3,1.8,4.1585,0.0407,0.3926,0.3671,0.1475,0.3607,0.048,BCC
3,1.8,4.1435,0.0436,0.4396,0.3938,0.1476,0.3329,0.0465,BCC
4,1.75,4.1585,0.0344,0.3694,0.36,0.149,0.3412,0.0415,BCC
3,1.75,4.171,0.04,0.3865,0.3621,0.1539,0.3502,0.0471,BCC
2,1.95,4.1275,0.0473,0.4309,0.4165,0.1263,0.3542,0.0487,BCC
3,1.9,4.1475,0.045,0.4012,0.39,0.138,0.3653,0.0483,BCC
4,1.85,4.1325,0.0426,0.4289,0.4136,0.145,0.3164,0.0414,BCC
3,1.85,4.16,0.0442,0.3949,0.386,0.1481,0.3614,0.0478,BCC
2,1.85,4.1525,0.0458,0.4187,0.4054,0.1484,0.3486,0.0474,BCC
3,1.8,4.18,0.0419,0.3638,0.3517,0.1562,0.3671,0.0473,BCC
3,1.8,4.1725,0.0434,0.3885,0.3816,0.1564,0.3538,0.047,BCC
2,1.8,4.165,0.045,0.4124,0.3993,0.1565,0.3399,0.0463,BCC
3,1.75,4.18,0.0362,0.3449,0.3472,0.1589,0.3472,0.0405,BCC
4,1.75,4.1925,0.0411,0.3571,0.3491,0.1632,0.3573,0.0466,BCC
4,1.75,4.185,0.0427,0.382,0.3768,0.1632,0.343,0.0459,BCC
3,1.75,4.17,0.0458,0.4296,0.4013,0.1632,0.3127,0.0433,BCC
2,1.9,4.1615,0.0471,0.3954,0.4037,0.145,0.3588,0.0475,BCC
2,1.8,4.1865,0.0453,0.382,0.3957,0.1643,0.3467,0.0459,BCC
3,1.75,4.164,0.045,0.4392,0.4163,0.1678,0.2834,0.036,BCC
3,1.75,4.178,0.0477,0.4346,0.4311,0.1761,0.2753,0.034,BCC
4,2,4.0765,0.0413,0.5261,0.4252,0.1215,0.4943,0.071,BCC
4,2,4.0615,0.0431,0.569,0.3993,0.1214,0.4644,0.0675,BCC
3,2,4.078,0.0385,0.5047,0.4376,0.1276,0.5016,0.0681,BCC
2,2,4.063,0.0408,0.5471,0.4119,0.1275,0.4726,0.0653,BCC
3,2,4.098,0.0458,0.5068,0.4496,0.1327,0.5023,0.0712,BCC
4,2,4.0905,0.0469,0.5287,0.4401,0.1328,0.4875,0.0698,BCC
4,2,4.0605,0.0357,0.5151,0.4049,0.1341,0.5089,0.0689,BCC
3,2,4.0805,0.0402,0.5391,0.4245,0.1405,0.5048,0.0715,BCC
3,2,4.073,0.0421,0.5601,0.4075,0.1402,0.4896,0.0695,BCC
3,2,4.082,0.0435,0.4969,0.4403,0.1206,0.4484,0.0601,BCC
3,2,4.0645,0.0391,0.5217,0.4244,0.1333,0.4772,0.0624,BCC
3,2,4.0995,0.0431,0.4888,0.4618,0.1381,0.5093,0.0681,BCC
4,2,4.092,0.0443,0.5107,0.4523,0.1382,0.495,0.067,BCC
4,2,4.0845,0.0454,0.5323,0.4406,0.1383,0.4805,0.0657,BCC
2,2,4.077,0.0465,0.5538,0.4269,0.1383,0.4658,0.064,BCC
3,2,4.0895,0.0362,0.4928,0.4521,0.1463,0.5319,0.0707,BCC
2,2,4.082,0.0384,0.5136,0.4367,0.1461,0.5171,0.0693,BCC
4,2,4.0745,0.0402,0.5342,0.4199,0.1458,0.5022,0.0676,BCC
3,2,4.0835,0.0408,0.4764,0.4526,0.1261,0.4359,0.0553,BCC
2,2,4.076,0.0419,0.4981,0.446,0.1265,0.4238,0.0548,BCC
2,2,4.0685,0.043,0.5195,0.4367,0.1268,0.4114,0.054,BCC
4,2,4.1035,0.0469,0.4762,0.4581,0.1294,0.4549,0.0598,BCC
4,2,4.086,0.0427,0.5114,0.4528,0.1435,0.4847,0.0625,BCC
4,2,4.121,0.0466,0.4681,0.4829,0.1473,0.517,0.068,BCC
3,2,4.111,0.0413,0.4818,0.4802,0.1567,0.54,0.0709,BCC
3,2,4.1035,0.0424,0.5034,0.4666,0.1566,0.5253,0.0697,BCC
3,2,4.0885,0.0447,0.5459,0.4347,0.1564,0.4955,0.0663,BCC
3,2,4.105,0.0445,0.4588,0.4702,0.1343,0.4415,0.0547,BCC
4,2,4.0975,0.0458,0.481,0.4671,0.1348,0.4296,0.0544,BCC
3,2,4.125,0.0463,0.4868,0.4945,0.166,0.5334,0.0699,BCC
4,1.65,4.1475,0.0411,0.5071,0.3112,0.1296,0.6133,0.0715,BCC
4,1.6,4.15,0.0408,0.4916,0.3094,0.1266,0.6214,0.0682,BCC
2,1.6,4.19,0.0449,0.4964,0.3519,0.147,0.5843,0.0702,BCC
3,1.65,4.155,0.0396,0.4702,0.3578,0.1359,0.6799,0.075,BCC
4,1.65,4.1475,0.0418,0.4921,0.3447,0.135,0.6649,0.0722,BCC
4,1.65,4.14,0.044,0.5139,0.3293,0.1342,0.65,0.069,BCC
2,1.65,4.1825,0.0389,0.4425,0.3787,0.1454,0.6763,0.0793,BCC
3,1.65,4.1675,0.0438,0.4877,0.3605,0.1439,0.6465,0.0737,BCC
3,1.6,4.1875,0.0403,0.4596,0.3608,0.145,0.6338,0.0739,BCC
3,1.95,4.075,0.0365,0.5154,0.4001,0.115,0.4802,0.0705,BCC
3,1.95,4.0675,0.0374,0.5366,0.3876,0.1147,0.4652,0.0688,BCC
2,1.95,4.105,0.0448,0.5319,0.4189,0.1338,0.4807,0.0767,BCC
2,1.95,4.095,0.0383,0.5416,0.3971,0.1347,0.4845,0.0771,BCC
3,1.95,4.08,0.0417,0.5835,0.3578,0.1335,0.453,0.0711,BCC
3,1.9,4.08,0.0391,0.5329,0.377,0.1196,0.4432,0.0667,BCC
4,1.9,4.1075,0.0445,0.5129,0.4031,0.1275,0.4543,0.0713,BCC
3,1.9,4.0925,0.0472,0.5565,0.3796,0.1268,0.4229,0.0666,BCC
3,1.9,4.125,0.0441,0.5049,0.4214,0.1378,0.4716,0.0767,BCC
4,1.9,4.135,0.0451,0.5189,0.4224,0.1452,0.4628,0.0788,BCC
3,1.85,4.1175,0.0421,0.4714,0.3788,0.1209,0.4316,0.0667,BCC
2,1.85,4.135,0.0417,0.4632,0.4071,0.1325,0.4621,0.0731,BCC
4,1.85,4.1275,0.0432,0.4856,0.4017,0.1321,0.4465,0.0713,BCC
4,1.85,4.12,0.0448,0.5077,0.3933,0.1316,0.4307,0.0692,BCC
3,1.85,4.1175,0.0388,0.4996,0.3957,0.1323,0.4557,0.0724,BCC
3,1.85,4.11,0.0401,0.521,0.3806,0.1317,0.4398,0.0698,BCC
2,1.85,4.095,0.0432,0.5634,0.345,0.1303,0.4075,0.0635,BCC
4,1.85,4.1525,0.0412,0.4551,0.4307,0.1415,0.4778,0.0787,BCC
3,1.85,4.1375,0.0443,0.4997,0.4114,0.1404,0.4464,0.0744,BCC
3,1.85,4.135,0.0384,0.4914,0.4094,0.1389,0.4643,0.0773,BCC
3,1.85,4.12,0.041,0.5342,0.3748,0.1373,0.4324,0.0714,BCC
3,1.85,4.155,0.0439,0.4917,0.4268,0.1472,0.4522,0.0789,BCC
3,1.8,4.1175,0.0359,0.4459,0.3677,0.1186,0.4257,0.0632,BCC
2,1.8,4.15,0.0459,0.4533,0.3702,0.1329,0.4081,0.0679,BCC
2,1.8,4.1425,0.0471,0.476,0.3727,0.1326,0.392,0.0658,BCC
2,1.8,4.135,0.0355,0.4376,0.3957,0.1284,0.4598,0.0702,BCC
4,1.8,4.1275,0.037,0.4599,0.3897,0.1278,0.4443,0.0686,BCC
4,1.8,4.12,0.0386,0.4818,0.3807,0.1272,0.4285,0.0667,BCC
4,1.8,4.1125,0.0401,0.5035,0.3691,0.1266,0.4126,0.0644,BCC
4,1.8,4.155,0.0395,0.435,0.4004,0.1363,0.4541,0.073,BCC
4,1.8,4.1475,0.0413,0.4578,0.3981,0.1358,0.4384,0.0713,BCC
4,1.8,4.14,0.0431,0.4803,0.3922,0.1353,0.4225,0.0692,BCC
4,1.8,4.16,0.0467,0.468,0.4006,0.1427,0.4149,0.0714,BCC
3,1.8,4.1025,0.0364,0.4999,0.3495,0.1236,0.4233,0.065,BCC
4,1.8,4.145,0.0366,0.4516,0.4101,0.1352,0.4622,0.0745,BCC
2,1.8,4.1375,0.0381,0.4737,0.3987,0.1345,0.4464,0.0724,BCC
2,1.8,4.13,0.0397,0.4954,0.3851,0.1338,0.4304,0.0699,BCC
4,1.8,4.1225,0.0412,0.517,0.3696,0.133,0.4142,0.067,BCC
3,1.8,4.115,0.0428,0.5383,0.3523,0.1322,0.3978,0.0636,BCC
4,1.8,4.1075,0.0444,0.5596,0.3331,0.1314,0.381,0.0597,BCC
4,1.8,4.1725,0.039,0.4267,0.4273,0.1441,0.4683,0.0786,BCC
2,1.8,4.165,0.0408,0.4496,0.4214,0.1435,0.4525,0.0767,BCC
2,1.8,4.1575,0.0426,0.4722,0.4126,0.1429,0.4366,0.0745,BCC
3,1.8,4.15,0.0443,0.4945,0.4013,0.1422,0.4204,0.0718,BCC
4,1.8,4.1425,0.0461,0.5165,0.3878,0.1416,0.404,0.0688,BCC
4,1.8,4.12,0.0358,0.4918,0.3606,0.1286,0.4336,0.07,BCC
3,1.8,4.1125,0.0374,0.512,0.3404,0.1277,0.4174,0.0667,BCC
2,1.8,4.105,0.0386,0.532,0.3184,0.1267,0.4009,0.0628,BCC
2,1.8,4.1625,0.0361,0.4433,0.4273,0.1408,0.4697,0.0796,BCC
3,1.8,4.155,0.0377,0.4655,0.414,0.14,0.4539,0.0773,BCC
2,1.8,4.1475,0.0392,0.4873,0.3988,0.1392,0.4379,0.0747,BCC
2,1.8,4.14,0.0408,0.5089,0.3819,0.1383,0.4217,0.0716,BCC
2,1.8,4.125,0.0439,0.5516,0.3432,0.1366,0.3885,0.064,BCC
3,1.8,4.1675,0.0438,0.4864,0.4165,0.148,0.4253,0.0762,BCC
3,1.8,4.16,0.0456,0.5085,0.4014,0.1472,0.4089,0.073,BCC
4,1.8,4.1225,0.0381,0.5239,0.3263,0.13,0.403,0.0667,BCC
3,1.8,4.165,0.0388,0.4792,0.4104,0.1431,0.4379,0.0788,BCC
3,1.8,4.185,0.0433,0.4784,0.4295,0.1522,0.4234,0.08,BCC
3,1.8,4.14,0.0376,0.5159,0.3329,0.1321,0.3991,0.0699,BCC
2,1.8,4.175,0.0399,0.4927,0.4011,0.1448,0.4162,0.0789,BCC
4,1.8,4.16,0.043,0.5356,0.359,0.1427,0.3829,0.0704,BCC
3,1.8,4.1525,0.0446,0.5567,0.3358,0.1416,0.3658,0.0652,BCC
4,1.8,4.15,0.038,0.5277,0.3129,0.1317,0.3734,0.0674,BCC
3,1.75,4.1375,0.0343,0.4186,0.3573,0.1228,0.4207,0.063,BCC
2,1.75,4.13,0.0361,0.4414,0.3588,0.1222,0.4052,0.0617,BCC
4,1.75,4.1225,0.0379,0.4637,0.3558,0.1216,0.3894,0.0599,BCC
4,1.75,4.1575,0.0378,0.4144,0.3523,0.1307,0.42,0.0664,BCC
4,1.75,4.15,0.0393,0.4377,0.3598,0.1303,0.4042,0.0649,BCC
4,1.75,4.1425,0.0413,0.4604,0.3614,0.1298,0.3881,0.063,BCC
4,1.75,4.1775,0.0432,0.4002,0.3394,0.1379,0.4169,0.0695,BCC
2,1.75,4.17,0.0443,0.4239,0.3547,0.1375,0.4009,0.0678,BCC
3,1.75,4.1625,0.0454,0.447,0.3622,0.1371,0.3845,0.0658,BCC
4,1.75,4.1475,0.0476,0.4923,0.3611,0.1363,0.3507,0.0605,BCC
3,1.75,4.1125,0.0339,0.4643,0.3557,0.1197,0.4099,0.0617,BCC
4,1.75,4.105,0.0361,0.4852,0.3412,0.1188,0.3937,0.0592,BCC
4,1.75,4.0975,0.0382,0.5058,0.3246,0.118,0.3771,0.0561,BCC
2,1.75,4.155,0.0338,0.4101,0.3895,0.1312,0.4522,0.0701,BCC
4,1.75,4.1475,0.0356,0.433,0.3865,0.1305,0.4365,0.0685,BCC
2,1.75,4.14,0.0374,0.4554,0.38,0.1298,0.4206,0.0666,BCC
3,1.75,4.1325,0.0391,0.4775,0.3705,0.1291,0.4045,0.0644,BCC
2,1.75,4.125,0.0409,0.4993,0.3584,0.1284,0.388,0.0617,BCC
3,1.75,4.1175,0.0427,0.5209,0.344,0.1276,0.3713,0.0585,BCC
4,1.75,4.11,0.0445,0.5423,0.3275,0.1269,0.3541,0.0547,BCC
3,1.75,4.1675,0.0387,0.4294,0.3919,0.1388,0.4299,0.0712,BCC
4,1.75,4.16,0.0407,0.4523,0.389,0.1382,0.4138,0.0692,BCC
4,1.75,4.145,0.0447,0.4971,0.3731,0.137,0.3808,0.0639,BCC
3,1.75,4.1375,0.0467,0.5192,0.3611,0.1363,0.3637,0.0606,BCC
3,1.75,4.1875,0.044,0.4156,0.3928,0.1464,0.4219,0.0737,BCC
3,1.75,4.1725,0.0462,0.4618,0.3915,0.1454,0.389,0.0689,BCC
3,1.75,4.165,0.0473,0.4844,0.3851,0.1448,0.372,0.0659,BCC
3,1.75,4.115,0.0375,0.4976,0.3378,0.1237,0.3976,0.0619,BCC
2,1.75,4.1575,0.0368,0.4471,0.4002,0.136,0.4369,0.0724,BCC
3,1.75,4.1425,0.0404,0.4912,0.3744,0.1344,0.4044,0.0671,BCC
2,1.75,4.135,0.0422,0.5128,0.3584,0.1335,0.3877,0.0638,BCC
4,1.75,4.12,0.0457,0.5556,0.3209,0.1318,0.3532,0.0553,BCC
2,1.75,4.185,0.0381,0.421,0.4185,0.1454,0.4427,0.0767,BCC
2,1.75,4.1775,0.0401,0.4441,0.412,0.1447,0.4266,0.0745,BCC
4,1.75,4.17,0.0421,0.4667,0.4027,0.144,0.4102,0.0719,BCC
3,1.75,4.1975,0.0447,0.4307,0.4209,0.1527,0.4152,0.0764,BCC
3,1.75,4.14,0.0347,0.4688,0.368,0.1288,0.4231,0.0701,BCC
2,1.75,4.1325,0.0369,0.4895,0.349,0.1277,0.4067,0.0668,BCC
4,1.75,4.1175,0.0399,0.5301,0.3056,0.1256,0.373,0.0585,BCC
3,1.75,4.1825,0.0345,0.416,0.4289,0.1415,0.4592,0.0796,BCC
4,1.75,4.175,0.0363,0.4388,0.4173,0.1406,0.4432,0.0774,BCC
3,1.75,4.16,0.0399,0.4831,0.388,0.1388,0.4108,0.0718,BCC
4,1.75,4.1375,0.0452,0.5476,0.3311,0.136,0.3598,0.0595,BCC
2,1.75,4.195,0.0395,0.4358,0.4314,0.1496,0.4304,0.0791,BCC
3,1.75,4.1875,0.0415,0.4586,0.4198,0.1488,0.4141,0.0764,BCC
2,1.75,4.18,0.0435,0.4811,0.4061,0.148,0.3975,0.0732,BCC
4,1.75,4.1725,0.0455,0.5032,0.3906,0.1472,0.3806,0.0695,BCC
2,1.75,4.165,0.0475,0.5252,0.3734,0.1463,0.3633,0.0653,BCC
3,1.75,4.15,0.0362,0.4813,0.3584,0.1304,0.408,0.071,BCC
3,1.75,4.1425,0.038,0.5018,0.3369,0.1292,0.3913,0.067,BCC
4,1.75,4.135,0.0394,0.5221,0.3136,0.1281,0.3743,0.0623,BCC
3,1.75,4.185,0.0376,0.4528,0.4165,0.1429,0.4263,0.0789,BCC
4,1.75,4.1775,0.0394,0.4749,0.3995,0.1419,0.41,0.0757,BCC
4,1.75,4.1625,0.0429,0.5182,0.3612,0.1398,0.3764,0.0678,BCC
3,1.75,4.155,0.0447,0.5396,0.3397,0.1388,0.359,0.0629,BCC
4,1.75,4.1825,0.047,0.5173,0.3838,0.1495,0.3606,0.0685,BCC
4,1.75,4.195,0.0388,0.4667,0.4094,0.1438,0.4038,0.0791,BCC
3,1.75,4.18,0.0424,0.5102,0.3692,0.1415,0.3701,0.0708,BCC
3,1.75,4.1725,0.0442,0.5316,0.347,0.1404,0.3526,0.0656,BCC
3,1.75,4.1875,0.0379,0.4978,0.3304,0.1286,0.3468,0.0697,BCC
3,1.7,4.155,0.0405,0.4548,0.3523,0.1326,0.3644,0.0607,BCC
4,1.7,4.19,0.0426,0.3936,0.3335,0.1413,0.3932,0.0677,BCC
3,1.7,4.16,0.0355,0.4282,0.3772,0.1317,0.4123,0.0666,BCC
3,1.7,4.145,0.0395,0.473,0.36,0.1301,0.3794,0.0617,BCC
3,1.7,4.1375,0.0415,0.4949,0.3475,0.1293,0.3623,0.0586,BCC
3,1.7,4.1875,0.0371,0.4,0.3825,0.1411,0.4211,0.0712,BCC
2,1.7,4.165,0.0421,0.4693,0.3727,0.1391,0.3714,0.064,BCC
2,1.7,4.2,0.0434,0.4091,0.3849,0.1484,0.396,0.0715,BCC
2,1.7,4.17,0.0369,0.4425,0.3901,0.1361,0.4108,0.07,BCC
4,1.7,4.1625,0.0389,0.4648,0.3779,0.1352,0.3943,0.0672,BCC
4,1.7,4.19,0.0392,0.4384,0.4025,0.1452,0.3998,0.072,BCC
4,1.7,4.1825,0.0415,0.4612,0.3927,0.1444,0.383,0.069,BCC
4,1.7,4.175,0.0437,0.4837,0.3805,0.1436,0.3658,0.0656,BCC
4,1.7,4.1525,0.0359,0.4661,0.3566,0.1273,0.3958,0.067,BCC
3,1.7,4.145,0.038,0.487,0.3371,0.1261,0.3789,0.0632,BCC
4,1.7,4.18,0.0383,0.4566,0.393,0.1388,0.3996,0.0719,BCC
4,1.7,4.1725,0.0403,0.4787,0.377,0.1378,0.3828,0.0685,BCC
4,1.7,4.165,0.0423,0.5005,0.3593,0.1368,0.3655,0.0645,BCC
2,1.7,4.1925,0.043,0.4756,0.3956,0.1474,0.3688,0.0697,BCC
4,1.65,4.1625,0.0335,0.4088,0.3404,0.1271,0.377,0.0597,BCC
3,1.65,4.19,0.036,0.3785,0.3249,0.1365,0.3902,0.0647,BCC
3,1.65,4.1825,0.0369,0.4026,0.3375,0.1359,0.3736,0.0629,BCC
3,1.65,4.175,0.0378,0.4261,0.343,0.1352,0.3567,0.0607,BCC
4,1.65,4.2025,0.0421,0.3869,0.3273,0.1438,0.3683,0.0657,BCC
3,1.65,4.195,0.0432,0.4109,0.34,0.1433,0.3511,0.0634,BCC
3,1.65,4.1675,0.0282,0.369,0.3693,0.1241,0.4264,0.0653,BCC
4,1.65,4.1725,0.0351,0.4234,0.3676,0.1322,0.3872,0.0644,BCC
2,1.65,4.165,0.0373,0.4461,0.3599,0.1313,0.3703,0.0618,BCC
4,1.65,4.1925,0.0375,0.4178,0.3744,0.1413,0.3788,0.0668,BCC
2,1.65,4.185,0.0389,0.441,0.3702,0.1405,0.3616,0.0641,BCC
3,1.65,4.205,0.044,0.4261,0.3769,0.149,0.3515,0.0661,BCC
3,1.65,4.185,0.0276,0.3599,0.3952,0.1283,0.4434,0.0718,BCC
2,1.65,4.19,0.0345,0.4149,0.3902,0.1364,0.4006,0.0701,BCC
3,1.65,4.2025,0.0382,0.4327,0.3927,0.145,0.372,0.0692,BCC
3,1.65,4.195,0.0406,0.4556,0.3825,0.1441,0.3545,0.0658,BCC
2,1.65,4.2225,0.0436,0.4179,0.4027,0.1538,0.3591,0.0708,BCC
2,1.65,4.1725,0.035,0.4419,0.3632,0.1263,0.3846,0.0672,BCC
2,1.65,4.2,0.036,0.4294,0.3968,0.1383,0.3882,0.0721,BCC
4,1.65,4.1925,0.0383,0.452,0.3823,0.1372,0.3711,0.0687,BCC
3,1.65,4.185,0.0405,0.4742,0.3659,0.1361,0.3536,0.0648,BCC
4,1.65,4.2125,0.0399,0.4474,0.3993,0.1472,0.3566,0.07,BCC
3,1.65,4.1825,0.0365,0.455,0.3554,0.1262,0.3671,0.0675,BCC
4,1.65,4.21,0.0376,0.4437,0.3951,0.1388,0.3688,0.0725,BCC
3,1.6,4.2025,0.0356,0.3722,0.3183,0.1379,0.3657,0.0628,BCC
4,1.6,4.2225,0.0368,0.4034,0.3909,0.1451,0.3607,0.0693,BCC
3,1.6,4.2325,0.0375,0.4185,0.4017,0.1465,0.3441,0.0702,BCC
4,1.9,4.789,0.0328,0.1185,0.1679,0.0788,0.2507,0.1157,FCC
4,1.9,4.7815,0.0342,0.1266,0.1701,0.0682,0.2477,0.1328,FCC
4,1.85,4.7565,0.0353,0.1299,0.1702,0.0784,0.2684,0.1363,FCC
4,1.85,4.724,0.0342,0.1291,0.1696,0.0776,0.2684,0.1368,FCC
4,1.9,4.7815,0.0317,0.1174,0.1678,0.0785,0.277,0.1336,FCC
4,1.85,4.7565,0.0327,0.1204,0.1678,0.0868,0.2929,0.1349,FCC
4,1.85,4.724,0.0324,0.1205,0.1676,0.086,0.2927,0.136,FCC
4,1.9,4.774,0.033,0.1249,0.1699,0.0679,0.2767,0.1514,FCC
4,1.8,4.7165,0.0355,0.1371,0.1716,0.0774,0.3095,0.1705,FCC
4,1.95,4.799,0.0296,0.1127,0.1675,0.0675,0.2851,0.1461,FCC
3,1.95,4.7665,0.029,0.1119,0.1673,0.067,0.2849,0.1472,FCC
4,1.9,4.8065,0.0307,0.1161,0.1676,0.0789,0.3009,0.1454,FCC
3,1.85,4.814,0.0311,0.1183,0.1674,0.0881,0.3153,0.1443,FCC
4,1.85,4.7815,0.0316,0.1191,0.1676,0.0873,0.315,0.1456,FCC
3,1.85,4.749,0.0316,0.1193,0.1677,0.0865,0.3147,0.1469,FCC
3,1.85,4.7165,0.0312,0.1191,0.1675,0.0856,0.3144,0.1482,FCC
2,1.8,4.789,0.032,0.1209,0.1674,0.0949,0.3281,0.1441,FCC
4,1.75,4.7965,0.0326,0.1216,0.167,0.1013,0.3397,0.142,FCC
3,1.75,4.764,0.0331,0.1232,0.1675,0.1002,0.3392,0.1435,FCC
3,1.75,4.7315,0.0334,0.1244,0.1678,0.0991,0.3387,0.1451,FCC
4,1.75,4.699,0.0336,0.1251,0.1678,0.0979,0.3382,0.1465,FCC
3,1.7,4.7715,0.0336,0.1236,0.167,0.1054,0.3494,0.1411,FCC
3,1.7,4.7065,0.0344,0.1267,0.1678,0.1028,0.3482,0.1443,FCC
4,1.7,4.6415,0.0345,0.1282,0.1677,0.0999,0.347,0.1474,FCC
4,1.9,4.734,0.0304,0.1214,0.1691,0.0669,0.3029,0.1662,FCC
4,1.85,4.709,0.0316,0.1254,0.1692,0.0769,0.3196,0.1672,FCC
3,1.8,4.8465,0.0341,0.1298,0.1698,0.089,0.3356,0.1624,FCC
4,1.8,4.7815,0.0351,0.1309,0.1703,0.0874,0.3354,0.1647,FCC
4,1.8,4.749,0.0348,0.1308,0.1702,0.0865,0.3352,0.1657,FCC
4,1.8,4.7165,0.0341,0.1302,0.1699,0.0855,0.3351,0.1668,FCC
3,1.75,4.7565,0.0359,0.1335,0.1704,0.0938,0.3496,0.1648,FCC
2,1.75,4.6915,0.0352,0.1334,0.17,0.0916,0.3492,0.1671,FCC
3,1.7,4.7315,0.0368,0.1361,0.1705,0.0986,0.3626,0.1647,FCC
3,1.7,4.699,0.0368,0.1364,0.1704,0.0974,0.3623,0.1659,FCC
4,1.65,4.7715,0.0368,0.1361,0.17,0.1049,0.375,0.1616,FCC
1,1.65,4.7065,0.0377,0.1384,0.1705,0.1021,0.3743,0.1643,FCC
3,1.85,4.734,0.033,0.1312,0.1713,0.0673,0.3171,0.1822,FCC
4,1.8,4.709,0.0342,0.1351,0.1714,0.077,0.3347,0.1834,FCC
4,1.7,4.659,0.0367,0.1423,0.1716,0.0899,0.3666,0.1849,FCC
2,1.95,4.7915,0.0286,0.1111,0.1674,0.0673,0.3083,0.1566,FCC
2,1.9,4.8315,0.0294,0.1147,0.1672,0.0792,0.3227,0.1536,FCC
2,1.9,4.799,0.0298,0.115,0.1674,0.0786,0.3224,0.155,FCC
4,1.9,4.7665,0.0296,0.1147,0.1674,0.0779,0.3221,0.1563,FCC
4,1.85,4.839,0.0296,0.1166,0.1668,0.0885,0.3356,0.1513,FCC
2,1.85,4.8065,0.0302,0.1176,0.1672,0.0878,0.3352,0.1528,FCC
4,1.85,4.774,0.0306,0.1181,0.1675,0.087,0.3348,0.1543,FCC
3,1.85,4.709,0.03,0.1176,0.1673,0.0852,0.334,0.1572,FCC
4,1.8,4.814,0.0308,0.119,0.1668,0.0955,0.3466,0.1503,FCC
3,1.8,4.749,0.0315,0.121,0.1676,0.0936,0.3457,0.1534,FCC
4,1.8,4.684,0.0311,0.121,0.1674,0.0914,0.3447,0.1565,FCC
4,1.75,4.854,0.0301,0.1173,0.1652,0.1029,0.3573,0.1455,FCC
3,1.75,4.8215,0.0312,0.1195,0.1661,0.1019,0.3567,0.1472,FCC
4,1.75,4.7565,0.032,0.1227,0.1674,0.0998,0.3555,0.1506,FCC
4,1.75,4.724,0.0324,0.1237,0.1676,0.0986,0.3549,0.1523,FCC
4,1.7,4.8615,0.0292,0.1162,0.1641,0.1085,0.366,0.1418,FCC
4,1.7,4.7965,0.0322,0.1214,0.1662,0.1062,0.3646,0.1456,FCC
3,1.7,4.764,0.033,0.1234,0.1669,0.1049,0.3639,0.1474,FCC
3,1.7,4.7315,0.0332,0.125,0.1674,0.1036,0.3632,0.1491,FCC
2,1.7,4.6665,0.0336,0.1269,0.1677,0.1008,0.3617,0.1526,FCC
4,1.65,4.674,0.0343,0.1285,0.1678,0.1046,0.368,0.1492,FCC
4,1.9,4.8565,0.0324,0.1239,0.1699,0.069,0.3273,0.1725,FCC
2,1.9,4.824,0.0323,0.1235,0.17,0.0684,0.3272,0.1736,FCC
4,1.9,4.759,0.0307,0.1212,0.1695,0.0672,0.327,0.1758,FCC
2,1.9,4.7265,0.0291,0.1192,0.1689,0.0665,0.3269,0.1769,FCC
2,1.85,4.864,0.0327,0.1266,0.1696,0.0802,0.3428,0.1711,FCC
3,1.85,4.799,0.0332,0.1267,0.1701,0.0789,0.3425,0.1736,FCC
2,1.85,4.7665,0.0327,0.1261,0.17,0.0781,0.3423,0.1747,FCC
2,1.85,4.734,0.0318,0.125,0.1696,0.0773,0.3422,0.1759,FCC
3,1.85,4.7015,0.0303,0.1234,0.169,0.0765,0.342,0.177,FCC
3,1.8,4.8715,0.0324,0.1281,0.1691,0.0894,0.3572,0.1693,FCC
3,1.8,4.839,0.0334,0.1291,0.1697,0.0887,0.357,0.1707,FCC
4,1.8,4.774,0.0341,0.1298,0.1702,0.087,0.3566,0.1732,FCC
2,1.8,4.7415,0.0337,0.1294,0.1701,0.0861,0.3563,0.1745,FCC
4,1.8,4.709,0.0329,0.1286,0.1697,0.0851,0.3561,0.1757,FCC
4,1.8,4.6765,0.0315,0.1273,0.1691,0.0841,0.3559,0.1769,FCC
3,1.75,4.814,0.034,0.1315,0.1697,0.0954,0.3699,0.1699,FCC
2,1.75,4.7815,0.0348,0.1323,0.1701,0.0944,0.3697,0.1713,FCC
1,1.75,4.7165,0.0347,0.1325,0.1701,0.0923,0.3691,0.174,FCC
2,1.75,4.684,0.034,0.132,0.1698,0.0911,0.3688,0.1753,FCC
4,1.75,4.6515,0.0328,0.1309,0.1692,0.0899,0.3685,0.1765,FCC
4,1.7,4.724,0.0359,0.1352,0.1703,0.0982,0.3809,0.1718,FCC
4,1.7,4.6915,0.0357,0.1354,0.1702,0.0969,0.3805,0.1732,FCC
4,1.7,4.659,0.0351,0.1351,0.1699,0.0955,0.3802,0.1746,FCC
3,1.65,4.764,0.0359,0.1358,0.1699,0.1044,0.392,0.1678,FCC
4,1.85,4.8565,0.0362,0.1348,0.1726,0.0696,0.3418,0.1891,FCC
4,1.85,4.824,0.0358,0.1341,0.1726,0.069,0.3418,0.1901,FCC
4,1.85,4.7915,0.0349,0.1329,0.1723,0.0684,0.3418,0.191,FCC
3,1.8,4.8315,0.0369,0.1378,0.1727,0.0799,0.3583,0.1892,FCC
3,1.8,4.799,0.0367,0.1373,0.1727,0.0792,0.3583,0.1903,FCC
3,1.8,4.7665,0.0359,0.1364,0.1724,0.0784,0.3582,0.1913,FCC
2,1.8,4.734,0.0347,0.1349,0.1719,0.0775,0.3582,0.1923,FCC
3,1.75,4.709,0.0358,0.1385,0.172,0.085,0.3735,0.1924,FCC
4,1.7,4.684,0.0369,0.1418,0.1721,0.0907,0.3877,0.1922,FCC
4,1.8,4.694,0.0316,0.1343,0.1719,0.0664,0.3537,0.2083,FCC
3,1.75,4.7015,0.0355,0.1416,0.1732,0.0766,0.3708,0.2082,FCC
4,1.95,4.8815,0.0273,0.1102,0.1666,0.0684,0.3302,0.16,FCC
3,1.95,4.849,0.0278,0.1105,0.167,0.068,0.3299,0.1615,FCC
3,1.95,4.8165,0.0279,0.1102,0.1672,0.0675,0.3296,0.1629,FCC
4,1.95,4.784,0.0275,0.1093,0.1672,0.067,0.3293,0.1644,FCC
3,1.95,4.7515,0.0266,0.1079,0.1669,0.0664,0.329,0.1658,FCC
3,1.9,4.889,0.0272,0.1122,0.1659,0.0801,0.3429,0.1572,FCC
1,1.9,4.8565,0.0279,0.1132,0.1666,0.0795,0.3426,0.1588,FCC
4,1.9,4.824,0.0286,0.1137,0.1671,0.0789,0.3422,0.1603,FCC
3,1.9,4.7915,0.0288,0.1137,0.1673,0.0783,0.3418,0.1619,FCC
3,1.9,4.759,0.0285,0.1132,0.1673,0.0776,0.3414,0.1634,FCC
4,1.85,4.864,0.0284,0.1148,0.166,0.0889,0.3539,0.1556,FCC
3,1.85,4.8315,0.0286,0.116,0.1667,0.0882,0.3535,0.1573,FCC
3,1.85,4.799,0.0294,0.1167,0.1671,0.0875,0.353,0.159,FCC
4,1.85,4.734,0.0295,0.1167,0.1674,0.0857,0.352,0.1622,FCC
4,1.85,4.7015,0.0288,0.116,0.1671,0.0848,0.3515,0.1637,FCC
4,1.8,4.8715,0.0288,0.1153,0.1651,0.0968,0.3639,0.152,FCC
2,1.8,4.8065,0.0296,0.1185,0.1667,0.0951,0.3628,0.1556,FCC
2,1.8,4.774,0.0302,0.1195,0.1672,0.0942,0.3622,0.1573,FCC
4,1.8,4.7415,0.0306,0.12,0.1674,0.0932,0.3616,0.159,FCC
4,1.8,4.709,0.0305,0.12,0.1674,0.0921,0.361,0.1607,FCC
3,1.8,4.6765,0.0299,0.1196,0.1672,0.091,0.3604,0.1623,FCC
2,1.75,4.749,0.0309,0.1221,0.1672,0.0993,0.3697,0.1555,FCC
2,1.75,4.7165,0.0315,0.1228,0.1675,0.0982,0.369,0.1573,FCC
1,1.75,4.684,0.0315,0.1231,0.1675,0.0969,0.3682,0.159,FCC
4,1.7,4.6915,0.0324,0.1255,0.1676,0.1018,0.3744,0.1553,FCC
2,1.9,4.8815,0.0313,0.1228,0.1695,0.0692,0.3498,0.1787,FCC
2,1.9,4.849,0.0316,0.1226,0.1698,0.0687,0.3497,0.18,FCC
3,1.9,4.8165,0.0314,0.1219,0.1699,0.0682,0.3495,0.1812,FCC
3,1.9,4.784,0.0307,0.1208,0.1697,0.0676,0.3494,0.1825,FCC
3,1.9,4.7515,0.0295,0.119,0.1693,0.0669,0.3492,0.1837,FCC
3,1.85,4.889,0.0311,0.1251,0.169,0.0805,0.364,0.1764,FCC
1,1.85,4.8565,0.032,0.1257,0.1695,0.0799,0.3638,0.1778,FCC
3,1.85,4.824,0.0324,0.1257,0.1699,0.0793,0.3636,0.1792,FCC
2,1.85,4.7915,0.0323,0.1254,0.17,0.0786,0.3634,0.1805,FCC
4,1.85,4.694,0.029,0.1211,0.1688,0.0761,0.3628,0.1844,FCC
4,1.8,4.8315,0.0326,0.1283,0.1696,0.0884,0.3766,0.1767,FCC
2,1.8,4.799,0.0331,0.1287,0.1699,0.0875,0.3764,0.1781,FCC
3,1.8,4.7665,0.0332,0.1285,0.17,0.0867,0.3761,0.1795,FCC
3,1.8,4.734,0.0327,0.128,0.1699,0.0857,0.3758,0.1809,FCC
1,1.8,4.7015,0.0317,0.1269,0.1695,0.0847,0.3755,0.1823,FCC
2,1.75,4.774,0.0339,0.1314,0.17,0.094,0.3878,0.1769,FCC
3,1.75,4.6765,0.0328,0.1304,0.1696,0.0906,0.3867,0.1812,FCC
2,1.7,4.749,0.0347,0.134,0.17,0.0989,0.398,0.1754,FCC
2,1.85,4.784,0.0338,0.1309,0.1722,0.0681,0.3652,0.1989,FCC
2,1.85,4.7515,0.0324,0.1289,0.1716,0.0674,0.3651,0.2,FCC
4,1.85,4.719,0.0304,0.1262,0.1708,0.0666,0.3651,0.2011,FCC
3,1.8,4.759,0.0348,0.1346,0.1723,0.078,0.3803,0.1985,FCC
3,1.8,4.7265,0.0335,0.1329,0.1717,0.0771,0.3802,0.1997,FCC
2,1.8,4.719,0.033,0.1348,0.1729,0.0669,0.3776,0.216,FCC
3,1.95,4.9065,0.0256,0.1087,0.1658,0.0686,0.3499,0.1635,FCC
4,1.95,4.874,0.0266,0.1091,0.1664,0.0682,0.3495,0.1651,FCC
2,1.95,4.8415,0.027,0.1091,0.1669,0.0677,0.3491,0.1668,FCC
1,1.95,4.809,0.027,0.1085,0.1671,0.0672,0.3487,0.1684,FCC
3,1.95,4.7765,0.0264,0.1073,0.167,0.0667,0.3483,0.1699,FCC
4,1.95,4.744,0.0254,0.1056,0.1668,0.0661,0.3479,0.1715,FCC
4,1.9,4.914,0.026,0.1103,0.1649,0.0803,0.3611,0.1598,FCC
1,1.9,4.8815,0.0262,0.1115,0.1658,0.0798,0.3607,0.1616,FCC
3,1.9,4.849,0.0272,0.1123,0.1665,0.0792,0.3602,0.1633,FCC
1,1.9,4.8165,0.0278,0.1125,0.1669,0.0786,0.3597,0.165,FCC
4,1.9,4.784,0.0279,0.1122,0.1672,0.078,0.3592,0.1667,FCC
3,1.9,4.7515,0.0274,0.1114,0.1671,0.0772,0.3588,0.1684,FCC
3,1.9,4.719,0.0265,0.11,0.1668,0.0764,0.3582,0.17,FCC
4,1.85,4.889,0.0271,0.1128,0.165,0.0893,0.3705,0.1576,FCC
3,1.85,4.8565,0.0273,0.1142,0.1659,0.0886,0.3699,0.1595,FCC
4,1.85,4.824,0.0279,0.1152,0.1665,0.0879,0.3694,0.1613,FCC
2,1.85,4.7915,0.0286,0.1157,0.167,0.0871,0.3688,0.1631,FCC
3,1.85,4.759,0.0287,0.1157,0.1672,0.0863,0.3682,0.1648,FCC
4,1.85,4.7265,0.0284,0.1152,0.1672,0.0854,0.3676,0.1665,FCC
4,1.8,4.7665,0.0293,0.1186,0.1671,0.0938,0.3761,0.1609,FCC
3,1.8,4.734,0.0296,0.1189,0.1673,0.0927,0.3754,0.1627,FCC
1,1.8,4.7015,0.0294,0.1187,0.1673,0.0917,0.3747,0.1645,FCC
3,1.75,4.709,0.0305,0.1219,0.1674,0.0977,0.3806,0.1604,FCC
3,1.9,4.9065,0.0299,0.1215,0.1688,0.0693,0.3708,0.1825,FCC
1,1.9,4.874,0.0306,0.1216,0.1694,0.0689,0.3706,0.1839,FCC
4,1.9,4.8415,0.0308,0.1212,0.1697,0.0684,0.3704,0.1854,FCC
2,1.9,4.809,0.0304,0.1202,0.1697,0.0679,0.3702,0.1868,FCC
4,1.9,4.7765,0.0296,0.1187,0.1696,0.0673,0.37,0.1882,FCC
3,1.9,4.744,0.0283,0.1167,0.1692,0.0666,0.3698,0.1895,FCC
3,1.85,4.784,0.0313,0.1238,0.1698,0.0782,0.3827,0.1855,FCC
2,1.85,4.719,0.0294,0.121,0.1692,0.0766,0.3821,0.1883,FCC
4,1.8,4.8565,0.031,0.1269,0.1689,0.0888,0.3951,0.1792,FCC
4,1.8,4.824,0.0319,0.1275,0.1695,0.088,0.3947,0.1808,FCC
3,1.85,4.7765,0.0328,0.1289,0.172,0.0678,0.387,0.2048,FCC
4,1.85,4.744,0.0312,0.1265,0.1714,0.067,0.3869,0.206,FCC
4,1.8,4.7515,0.0338,0.1327,0.1721,0.0776,0.401,0.2038,FCC
4,1.95,4.9315,0.0237,0.1069,0.1648,0.0687,0.3678,0.1649,FCC
1,1.95,4.899,0.025,0.1077,0.1657,0.0683,0.3674,0.1667,FCC
3,1.95,4.8665,0.0258,0.1079,0.1663,0.0679,0.3669,0.1685,FCC
4,1.95,4.834,0.0262,0.1075,0.1668,0.0675,0.3664,0.1702,FCC
2,1.95,4.8015,0.026,0.1067,0.1669,0.067,0.3659,0.172,FCC
2,1.95,4.769,0.0254,0.1052,0.1669,0.0664,0.3654,0.1737,FCC
3,1.9,4.9065,0.0249,0.1097,0.1649,0.0801,0.377,0.1624,FCC
2,1.9,4.874,0.0256,0.1107,0.1657,0.0795,0.3765,0.1643,FCC
2,1.9,4.8415,0.0265,0.1112,0.1664,0.079,0.3759,0.1661,FCC
1,1.9,4.809,0.0269,0.1112,0.1668,0.0783,0.3753,0.168,FCC
1,1.9,4.7765,0.0269,0.1106,0.167,0.0776,0.3747,0.1698,FCC
4,1.9,4.744,0.0264,0.1095,0.167,0.0769,0.3741,0.1715,FCC
2,1.9,4.7115,0.0253,0.1077,0.1667,0.0761,0.3735,0.1733,FCC
4,1.85,4.8815,0.0261,0.1123,0.1649,0.089,0.3846,0.1597,FCC
4,1.85,4.849,0.0261,0.1135,0.1658,0.0883,0.3839,0.1617,FCC
4,1.85,4.7515,0.0278,0.1142,0.1671,0.0859,0.3818,0.1674,FCC
2,1.85,4.719,0.0274,0.1135,0.167,0.085,0.381,0.1692,FCC
3,1.8,4.7265,0.0287,0.1176,0.1671,0.0923,0.3868,0.1648,FCC
2,1.9,4.834,0.0299,0.1196,0.1695,0.0681,0.3896,0.189,FCC
4,1.9,4.8015,0.0295,0.1183,0.1696,0.0676,0.3893,0.1906,FCC
4,1.85,4.744,0.0295,0.1207,0.1695,0.0771,0.4,0.1903,FCC
4,1.85,4.7115,0.0282,0.1187,0.169,0.0762,0.3997,0.1919,FCC
4,1.8,4.7515,0.0312,0.1257,0.1697,0.0859,0.4102,0.1867,FCC
2,1.95,4.924,0.0232,0.1061,0.1647,0.0685,0.3835,0.1664,FCC
1,1.95,4.8915,0.0244,0.1065,0.1656,0.0681,0.3829,0.1683,FCC
2,1.95,4.859,0.0251,0.1065,0.1662,0.0677,0.3824,0.1702,FCC
2,1.95,4.8265,0.0253,0.1058,0.1666,0.0672,0.3818,0.1721,FCC
4,1.95,4.794,0.0251,0.1046,0.1668,0.0667,0.3812,0.1739,FCC
3,1.9,4.8665,0.025,0.1097,0.1656,0.0793,0.3902,0.1654,FCC
4,1.9,4.834,0.0258,0.11,0.1663,0.0787,0.3895,0.1674,FCC
2,1.9,4.8015,0.0261,0.1097,0.1667,0.078,0.3888,0.1694,FCC
3,1.9,4.769,0.0259,0.1088,0.1669,0.0773,0.3881,0.1713,FCC
3,1.85,4.809,0.0265,0.1132,0.1663,0.0872,0.3947,0.1644,FCC
4,1.85,4.7765,0.0269,0.1132,0.1667,0.0864,0.3939,0.1664,FCC
2,1.9,4.8265,0.0291,0.1178,0.1694,0.0679,0.4072,0.1912,FCC
4,1.9,4.794,0.0285,0.1163,0.1694,0.0673,0.4068,0.1929,FCC
2,1.85,4.859,0.0332,0.1297,0.1719,0.069,0.4273,0.2071,FCC
1,1.7,4.743,0.0438,0.155,0.2322,0.1103,0.3704,0.1415,BCC+FCC
1,1.7,4.678,0.0442,0.1564,0.2319,0.1072,0.3699,0.1438,BCC+FCC
1,1.7,4.613,0.0426,0.1564,0.2307,0.1038,0.3693,0.1458,BCC+FCC
1,1.6,4.628,0.0462,0.1606,0.232,0.1076,0.3918,0.1451,BCC+FCC
1,1.75,4.728,0.0454,0.161,0.2335,0.1011,0.3583,0.1589,BCC+FCC
1,1.75,4.663,0.0427,0.1595,0.2321,0.0985,0.3583,0.1602,BCC+FCC
1,1.7,4.8005,0.0462,0.1622,0.2342,0.1084,0.3739,0.1582,BCC+FCC
1,1.65,4.743,0.0476,0.1649,0.2342,0.1095,0.3884,0.1603,BCC+FCC
1,1.55,4.693,0.0491,0.1685,0.2343,0.1103,0.4144,0.1617,BCC+FCC
1,1.7,4.7605,0.0494,0.17,0.2357,0.1019,0.3704,0.1742,BCC+FCC
1,1.65,4.6705,0.0483,0.1714,0.2346,0.1021,0.387,0.1773,BCC+FCC
1,1.6,4.7105,0.0512,0.1744,0.2359,0.107,0.4026,0.1776,BCC+FCC
1,1.6,4.613,0.0478,0.1732,0.2337,0.1016,0.4026,0.1797,BCC+FCC
1,1.5,4.628,0.0525,0.1788,0.2355,0.1044,0.4312,0.1806,BCC+FCC
1,1.65,4.6305,0.0453,0.1729,0.2336,0.0957,0.3804,0.1901,BCC+FCC
1,1.65,4.598,0.0431,0.1705,0.2321,0.094,0.3805,0.1904,BCC+FCC
1,1.5,4.6855,0.0555,0.1849,0.2377,0.1063,0.4297,0.1939,BCC+FCC
1,1.5,4.653,0.0547,0.1848,0.2371,0.1042,0.4298,0.1946,BCC+FCC
1,1.5,4.588,0.0516,0.1835,0.2352,0.0997,0.4299,0.1958,BCC+FCC
3,2,4.7955,0.0349,0.1321,0.2296,0.082,0.3012,0.1316,FCC
3,1.9,4.7455,0.0369,0.1381,0.2297,0.0966,0.3301,0.1338,FCC
4,1.85,4.6555,0.0362,0.1401,0.2287,0.0991,0.3416,0.1369,FCC
4,1.8,4.728,0.0389,0.1428,0.23,0.1065,0.3538,0.1332,FCC
4,1.8,4.6955,0.0389,0.1433,0.2298,0.1052,0.3533,0.1346,FCC
4,1.9,4.673,0.0343,0.1408,0.2292,0.0874,0.3344,0.1549,FCC
3,1.85,4.648,0.0356,0.1445,0.2293,0.0931,0.3494,0.1563,FCC
1,1.75,4.663,0.0413,0.153,0.2312,0.1031,0.3763,0.156,BCC+FCC
1,1.7,4.6705,0.0431,0.1557,0.2317,0.1066,0.3881,0.155,BCC+FCC
1,1.7,4.6055,0.0413,0.1552,0.2305,0.1032,0.3873,0.1575,BCC+FCC
1,1.65,4.678,0.0442,0.1574,0.2321,0.1092,0.3987,0.1536,BCC+FCC
1,1.75,4.753,0.045,0.1602,0.2338,0.1019,0.3806,0.171,BCC+FCC
1,1.75,4.6555,0.0414,0.1579,0.2319,0.098,0.3804,0.1736,BCC+FCC
1,1.7,4.728,0.0459,0.1626,0.2338,0.1053,0.3949,0.1716,BCC+FCC
1,1.7,4.663,0.0442,0.1619,0.2328,0.1023,0.3947,0.1736,BCC+FCC
1,1.65,4.768,0.0462,0.1636,0.2341,0.1104,0.4086,0.1698,BCC+FCC
1,1.65,4.7355,0.0467,0.1644,0.2341,0.1089,0.4084,0.1709,BCC+FCC
1,1.65,4.638,0.0453,0.1646,0.2329,0.1039,0.4079,0.1741,BCC+FCC
1,1.65,4.6055,0.0439,0.1639,0.2321,0.1021,0.4077,0.1751,BCC+FCC
1,1.6,4.678,0.0476,0.1669,0.234,0.1081,0.4205,0.1721,BCC+FCC
1,1.6,4.613,0.0464,0.1671,0.233,0.1041,0.42,0.1744,BCC+FCC
1,1.55,4.718,0.0475,0.167,0.2342,0.1116,0.4323,0.1695,BCC+FCC
1,1.8,4.803,0.0467,0.1636,0.2354,0.0911,0.3598,0.1841,BCC+FCC
1,1.65,4.6305,0.0452,0.1689,0.2334,0.0998,0.4092,0.1902,BCC+FCC
1,1.6,4.7355,0.0505,0.1735,0.236,0.108,0.4239,0.1875,BCC+FCC
1,1.6,4.703,0.0502,0.1736,0.2357,0.1064,0.4239,0.1884,BCC+FCC
1,1.6,4.638,0.0482,0.1728,0.2345,0.1028,0.4238,0.1902,BCC+FCC
1,1.55,4.7105,0.0512,0.1755,0.2361,0.1088,0.4378,0.1878,BCC+FCC
1,1.55,4.678,0.0511,0.1758,0.2358,0.1068,0.4377,0.1888,BCC+FCC
1,1.7,4.7455,0.0496,0.1733,0.2366,0.0955,0.3866,0.2005,BCC+FCC
1,1.65,4.6555,0.0466,0.1731,0.2347,0.0966,0.4041,0.2032,BCC+FCC
1,1.6,4.6955,0.0516,0.1788,0.2368,0.1022,0.4204,0.2033,BCC+FCC
1,1.6,4.6305,0.0478,0.1762,0.2348,0.0988,0.4206,0.2046,BCC+FCC
3,2,4.7555,0.0328,0.1294,0.229,0.081,0.3235,0.146,FCC
3,1.95,4.763,0.0349,0.1338,0.2295,0.0898,0.3372,0.1451,FCC
3,1.95,4.7305,0.0339,0.133,0.2291,0.089,0.3369,0.1464,FCC
4,1.9,4.803,0.0361,0.1368,0.2298,0.0981,0.3501,0.1421,FCC
4,1.9,4.7705,0.0362,0.1371,0.2298,0.0972,0.3497,0.1436,FCC
4,1.9,4.738,0.0359,0.1369,0.2296,0.0962,0.3494,0.145,FCC
2,1.9,4.7055,0.035,0.1363,0.2291,0.0952,0.349,0.1464,FCC
3,1.9,4.673,0.0337,0.1352,0.2285,0.0941,0.3486,0.1477,FCC
4,1.85,4.778,0.0368,0.1392,0.2299,0.1033,0.361,0.1416,FCC
4,1.85,4.7455,0.0371,0.1397,0.2299,0.1022,0.3605,0.1432,FCC
2,1.85,4.713,0.0369,0.1397,0.2296,0.1011,0.36,0.1446,FCC
3,1.85,4.6805,0.0361,0.1394,0.2292,0.0999,0.3596,0.1461,FCC
4,1.85,4.648,0.0349,0.1386,0.2286,0.0986,0.3591,0.1475,FCC
4,1.8,4.6555,0.0373,0.1423,0.2293,0.1033,0.3686,0.1455,FCC
3,1.8,4.623,0.0361,0.1417,0.2286,0.1018,0.368,0.147,FCC
3,1.95,4.6905,0.0315,0.1344,0.2289,0.0797,0.3415,0.1664,FCC
4,1.9,4.7305,0.0368,0.1425,0.2308,0.089,0.3566,0.1652,FCC
2,1.9,4.6655,0.0329,0.1386,0.229,0.087,0.3563,0.1672,FCC
3,1.85,4.673,0.0363,0.1444,0.2301,0.0938,0.3702,0.1666,FCC
2,1.85,4.6405,0.0342,0.1425,0.2291,0.0926,0.3699,0.1677,FCC
3,1.8,4.648,0.0375,0.1478,0.2302,0.0981,0.3826,0.1667,FCC
1,1.75,4.688,0.041,0.1522,0.2315,0.104,0.3946,0.164,BCC+FCC
1,1.65,4.638,0.043,0.1571,0.2317,0.1067,0.4132,0.1626,BCC+FCC
4,1.85,4.633,0.0325,0.1435,0.229,0.0857,0.372,0.1845,FCC
1,1.8,4.7055,0.0408,0.1545,0.2325,0.0946,0.3872,0.1825,BCC+FCC
1,1.75,4.713,0.0432,0.1586,0.2332,0.1002,0.4014,0.1817,BCC+FCC
1,1.7,4.7855,0.0448,0.1612,0.234,0.1074,0.4151,0.1782,BCC+FCC
1,1.7,4.7205,0.0449,0.1616,0.2337,0.1047,0.4147,0.1805,BCC+FCC
1,1.7,4.688,0.0442,0.1613,0.2333,0.1033,0.4145,0.1817,BCC+FCC
1,1.7,4.6555,0.043,0.1606,0.2326,0.1017,0.4143,0.1828,BCC+FCC
1,1.7,4.623,0.0413,0.1594,0.2318,0.1001,0.4141,0.1839,BCC+FCC
1,1.65,4.728,0.0459,0.1638,0.234,0.1083,0.4271,0.179,BCC+FCC
1,1.65,4.663,0.0452,0.1639,0.2334,0.105,0.4266,0.1814,BCC+FCC
1,1.6,4.6705,0.0467,0.1662,0.2338,0.1074,0.4378,0.1796,BCC+FCC
1,1.7,4.778,0.0481,0.1682,0.2358,0.1022,0.4157,0.1957,BCC+FCC
1,1.7,4.7455,0.0475,0.1678,0.2354,0.1009,0.4157,0.1966,BCC+FCC
1,1.65,4.753,0.0489,0.1706,0.2358,0.1055,0.4303,0.1958,BCC+FCC
1,1.65,4.7205,0.0484,0.1703,0.2355,0.104,0.4303,0.1968,BCC+FCC
1,1.65,4.688,0.0474,0.1697,0.235,0.1025,0.4302,0.1978,BCC+FCC
1,1.6,4.728,0.0496,0.1728,0.2359,0.1074,0.4441,0.1956,BCC+FCC
1,1.5,4.6455,0.051,0.1771,0.2357,0.1051,0.4686,0.1958,BCC+FCC
1,1.65,4.6805,0.0477,0.1731,0.2356,0.0976,0.4269,0.2129,BCC+FCC
1,1.65,4.648,0.0453,0.1711,0.2345,0.0961,0.427,0.2137,BCC+FCC
1,1.6,4.623,0.0465,0.1745,0.2346,0.0982,0.4426,0.2143,BCC+FCC
2,2,4.7805,0.0328,0.129,0.2293,0.0814,0.3443,0.1546,FCC
4,2,4.748,0.0316,0.1275,0.2288,0.0807,0.344,0.1559,FCC
3,2,4.7155,0.03,0.1255,0.2281,0.08,0.3437,0.1573,FCC
4,1.95,4.788,0.0344,0.133,0.2296,0.0903,0.3566,0.1525,FCC
2,1.95,4.7555,0.0338,0.1324,0.2294,0.0895,0.3562,0.154,FCC
2,1.95,4.723,0.0327,0.1312,0.2289,0.0886,0.3558,0.1554,FCC
3,1.95,4.6905,0.0312,0.1295,0.2282,0.0877,0.3554,0.1569,FCC
2,1.9,4.7305,0.0348,0.1356,0.2294,0.0958,0.3667,0.1532,FCC
2,1.9,4.6655,0.0324,0.1334,0.2283,0.0937,0.3657,0.1562,FCC
4,1.85,4.7055,0.0358,0.1386,0.2295,0.1007,0.3757,0.1521,FCC
2,1.85,4.6405,0.0336,0.1369,0.2284,0.0981,0.3745,0.1552,FCC
2,1.95,4.7155,0.0326,0.1346,0.2297,0.0801,0.3634,0.1754,FCC
3,1.95,4.683,0.0301,0.1317,0.2287,0.0793,0.3632,0.1765,FCC
3,1.9,4.6905,0.0338,0.1387,0.2298,0.0876,0.3769,0.1753,FCC
3,1.9,4.658,0.0314,0.1361,0.2288,0.0866,0.3767,0.1765,FCC
2,1.85,4.6655,0.035,0.1425,0.2299,0.0933,0.3892,0.1749,FCC
1,1.7,4.688,0.0414,0.1538,0.2318,0.1071,0.4199,0.1679,BCC+FCC
1,1.65,4.753,0.0448,0.1626,0.2339,0.1093,0.4447,0.1834,BCC+FCC
1,1.65,4.688,0.0448,0.1631,0.2336,0.1061,0.444,0.1862,BCC+FCC
1,1.6,4.728,0.0454,0.1646,0.234,0.1104,0.4545,0.1821,BCC+FCC
1,1.6,4.663,0.0457,0.1654,0.2337,0.1067,0.4537,0.185,BCC+FCC
1,1.55,4.6705,0.0466,0.1672,0.234,0.1081,0.4624,0.1821,BCC+FCC
1,1.75,4.698,0.0425,0.1606,0.2339,0.0938,0.4221,0.2064,BCC+FCC
1,1.65,4.7455,0.048,0.1696,0.2357,0.1049,0.4504,0.2024,BCC+FCC
1,1.6,4.7205,0.0488,0.1719,0.2358,0.1068,0.4631,0.2016,BCC+FCC
1,1.6,4.6555,0.0473,0.1711,0.2349,0.1033,0.4628,0.2041,BCC+FCC
1,1.55,4.6955,0.0496,0.1741,0.2358,0.1074,0.4749,0.2007,BCC+FCC
3,2,4.838,0.0328,0.1291,0.2295,0.0823,0.3638,0.1586,FCC
3,2,4.773,0.0317,0.1272,0.2291,0.0811,0.363,0.1617,FCC
1,2,4.708,0.0286,0.123,0.228,0.0796,0.3622,0.1647,FCC
2,1.95,4.7805,0.0334,0.1317,0.2295,0.0899,0.3738,0.1588,FCC
2,1.95,4.748,0.0327,0.1308,0.2292,0.0891,0.3733,0.1605,FCC
4,1.95,4.683,0.0299,0.1273,0.2281,0.0873,0.3724,0.1636,FCC
4,1.9,4.6905,0.0327,0.133,0.2288,0.0943,0.3815,0.1606,FCC
4,1.9,4.658,0.0311,0.1314,0.2281,0.0932,0.3809,0.1622,FCC
3,1.95,4.708,0.0312,0.1321,0.2295,0.0798,0.3836,0.1828,FCC
3,1.9,4.683,0.0325,0.1364,0.2296,0.0872,0.3957,0.1821,FCC
1,1.7,4.738,0.0434,0.1598,0.2337,0.1051,0.4505,0.1904,BCC+FCC
1,1.7,4.7055,0.043,0.1595,0.2334,0.1037,0.4502,0.1919,BCC+FCC
1,1.7,4.673,0.0421,0.1587,0.233,0.1021,0.4498,0.1933,BCC+FCC
1,1.65,4.7455,0.0441,0.162,0.2338,0.1088,0.4606,0.1873,BCC+FCC
1,1.6,4.7205,0.0447,0.164,0.2338,0.1098,0.4689,0.1855,BCC+FCC
1,1.65,4.7055,0.0465,0.1679,0.2352,0.1029,0.4691,0.2085,BCC+FCC
1,1.6,4.6805,0.0474,0.1706,0.2353,0.1045,0.4808,0.2073,BCC+FCC
1,1.65,4.698,0.0474,0.1714,0.2362,0.098,0.4699,0.2258,BCC+FCC
1,1.55,4.6805,0.0508,0.1785,0.237,0.1034,0.4973,0.2229,BCC+FCC
1,1.65,4.6905,0.0477,0.1723,0.2366,0.0923,0.4647,0.2412,BCC+FCC
1,1.6,4.6655,0.0486,0.176,0.2367,0.0957,0.4805,0.2409,BCC+FCC
1,2,4.733,0.0292,0.1231,0.2285,0.0801,0.3794,0.1683,FCC
3,1.95,4.708,0.0304,0.1273,0.2286,0.0879,0.3879,0.1666,FCC
2,1.9,4.7805,0.0336,0.1339,0.2295,0.097,0.3969,0.1592,FCC
3,1.95,4.7005,0.0299,0.1294,0.2294,0.0794,0.4022,0.1882,FCC
3,1.9,4.6755,0.0312,0.1339,0.2294,0.0868,0.413,0.1869,FCC
1,1.6,4.713,0.044,0.1634,0.2337,0.1091,0.4814,0.1874,BCC+FCC
1,1.65,4.7305,0.0464,0.1674,0.2354,0.1038,0.4871,0.2105,BCC+FCC
4,2,4.7255,0.0281,0.1206,0.2283,0.0797,0.3943,0.1716,FCC
2,2,4.693,0.026,0.1175,0.2276,0.0789,0.3937,0.1734,FCC
2,1.95,4.7005,0.0292,0.125,0.2284,0.0875,0.401,0.1694,FCC
1,1.65,4.7305,0.0426,0.1604,0.2336,0.1076,0.4872,0.1908,BCC+FCC
1,1.65,4.7155,0.0471,0.1696,0.2365,0.0983,0.5095,0.2316,BCC+FCC
3,2,4.783,0.0297,0.1228,0.229,0.0808,0.4086,0.1696,FCC
4,2,4.7505,0.0285,0.1207,0.2287,0.0801,0.4078,0.1715,FCC
4,2,4.718,0.0269,0.1179,0.2282,0.0794,0.4071,0.1734,FCC
4,1.9,4.733,0.0314,0.1303,0.2292,0.0952,0.4159,0.1636,FCC
1,1.85,4.7245,0.0445,0.1593,0.2806,0.1127,0.3684,0.119,BCC+FCC
1,1.85,4.692,0.0442,0.1595,0.2802,0.1113,0.3679,0.1204,BCC+FCC
1,1.85,4.6595,0.0435,0.1594,0.2797,0.1098,0.3675,0.1217,BCC+FCC
1,1.8,4.6995,0.0454,0.1613,0.2807,0.1142,0.3777,0.1194,BCC+FCC
1,1.8,4.5695,0.0418,0.161,0.278,0.1071,0.3754,0.1251,BCC+FCC
1,1.75,4.577,0.0447,0.1642,0.279,0.1084,0.3833,0.1241,BCC+FCC
1,1.7,4.7145,0.0458,0.1625,0.281,0.1175,0.3928,0.1156,BCC+FCC
1,1.7,4.682,0.0466,0.1639,0.281,0.1155,0.392,0.1174,BCC+FCC
1,1.7,4.617,0.0472,0.1659,0.2804,0.1111,0.3904,0.1209,BCC+FCC
1,1.95,4.7345,0.043,0.1597,0.2808,0.0989,0.349,0.1379,BCC+FCC
1,1.9,4.7745,0.0462,0.1639,0.2821,0.1058,0.3642,0.1382,BCC+FCC
1,1.85,4.717,0.0464,0.1661,0.2816,0.1082,0.3778,0.1407,BCC+FCC
1,1.8,4.7895,0.0476,0.1675,0.2826,0.1148,0.3913,0.1385,BCC+FCC
1,1.8,4.6595,0.0464,0.1681,0.281,0.1089,0.3902,0.1429,BCC+FCC
1,1.8,4.627,0.0448,0.1674,0.2801,0.1073,0.39,0.144,BCC+FCC
1,1.75,4.5695,0.0441,0.1691,0.2791,0.1058,0.4009,0.1461,BCC+FCC
1,1.7,4.7395,0.0489,0.1709,0.2827,0.1169,0.4134,0.1392,BCC+FCC
1,1.95,4.7595,0.0448,0.1644,0.282,0.0929,0.3458,0.1529,BCC+FCC
1,1.9,4.767,0.0476,0.1689,0.2829,0.0997,0.3628,0.155,BCC+FCC
1,1.9,4.702,0.0438,0.1658,0.281,0.0976,0.3629,0.1562,BCC+FCC
1,1.85,4.7745,0.0497,0.1724,0.2836,0.1055,0.3789,0.1565,BCC+FCC
1,1.85,4.677,0.045,0.1691,0.2811,0.1018,0.3789,0.1585,BCC+FCC
1,1.85,4.6445,0.0424,0.1671,0.2799,0.1005,0.3789,0.1592,BCC+FCC
1,1.8,4.7495,0.0505,0.1748,0.2836,0.1089,0.3941,0.1582,BCC+FCC
1,1.7,4.732,0.0526,0.179,0.2841,0.1139,0.4218,0.1595,BCC+FCC
1,1.65,4.707,0.0533,0.1809,0.2842,0.1138,0.4341,0.16,BCC+FCC
1,1.65,4.577,0.0499,0.1805,0.2815,0.1052,0.4331,0.1642,BCC+FCC
1,1.6,4.617,0.0536,0.1835,0.2833,0.1076,0.4446,0.1626,BCC+FCC
1,1.6,4.5845,0.0526,0.1834,0.2825,0.1051,0.4442,0.1637,BCC+FCC
1,1.9,4.6945,0.0438,0.1664,0.2807,0.0909,0.3561,0.1689,BCC+FCC
1,1.9,4.662,0.042,0.1629,0.2791,0.0898,0.3562,0.1692,BCC+FCC
1,1.85,4.767,0.0508,0.1765,0.2842,0.0995,0.3735,0.1708,BCC+FCC
1,1.85,4.637,0.0428,0.1671,0.2792,0.0948,0.374,0.1724,BCC+FCC
1,1.8,4.742,0.0518,0.1793,0.2843,0.1038,0.3905,0.1732,BCC+FCC
1,1.8,4.7095,0.0499,0.178,0.2834,0.1026,0.3906,0.1737,BCC+FCC
1,1.8,4.6445,0.0453,0.1739,0.2809,0.0999,0.3908,0.1747,BCC+FCC
1,1.75,4.6845,0.051,0.1809,0.2834,0.1054,0.4068,0.1758,BCC+FCC
1,1.75,4.587,0.0444,0.1749,0.2794,0.1005,0.407,0.1775,BCC+FCC
1,1.7,4.627,0.05,0.1824,0.2824,0.1052,0.4222,0.1782,BCC+FCC
1,1.65,4.6995,0.0558,0.1874,0.2852,0.111,0.4368,0.1773,BCC+FCC
1,1.65,4.6345,0.0532,0.1863,0.2836,0.1071,0.4367,0.1789,BCC+FCC
1,1.85,4.662,0.0449,0.1687,0.2799,0.0896,0.3639,0.1826,BCC+FCC
1,1.8,4.7345,0.0517,0.1816,0.2844,0.0981,0.3818,0.1853,BCC+FCC
1,1.75,4.742,0.0549,0.1865,0.2855,0.1033,0.3995,0.1876,BCC+FCC
1,1.75,4.677,0.0506,0.1827,0.2833,0.1006,0.3998,0.1883,BCC+FCC
1,1.75,4.612,0.0467,0.1771,0.2801,0.0976,0.4002,0.189,BCC+FCC
1,1.7,4.717,0.0559,0.1892,0.2856,0.1061,0.4166,0.1898,BCC+FCC
1,1.7,4.652,0.0515,0.186,0.2834,0.103,0.4169,0.1907,BCC+FCC
1,1.65,4.692,0.0569,0.1919,0.2857,0.1076,0.433,0.1916,BCC+FCC
1,1.55,4.642,0.0589,0.1967,0.2858,0.1066,0.4637,0.1944,BCC+FCC
1,1.55,4.6095,0.0572,0.196,0.2849,0.1042,0.4637,0.1951,BCC+FCC
1,1.8,4.727,0.0517,0.1815,0.2841,0.0916,0.369,0.1948,BCC+FCC
1,1.8,4.662,0.0472,0.1739,0.2806,0.0892,0.3696,0.1947,BCC+FCC
1,1.75,4.702,0.0527,0.1852,0.2842,0.0964,0.3882,0.1982,BCC+FCC
1,1.75,4.637,0.0482,0.1783,0.2807,0.0937,0.3888,0.1984,BCC+FCC
1,1.75,4.6045,0.046,0.174,0.2786,0.0923,0.3891,0.1984,BCC+FCC
1,1.7,4.5795,0.047,0.1786,0.2787,0.0951,0.4075,0.2017,BCC+FCC
1,1.65,4.6195,0.0524,0.1896,0.2828,0.1003,0.4247,0.2041,BCC+FCC
1,1.65,4.587,0.0502,0.1865,0.2809,0.0984,0.425,0.2044,BCC+FCC
1,1.7,4.6045,0.0476,0.1784,0.2791,0.0916,0.3936,0.2096,BCC+FCC
1,1.7,4.572,0.0451,0.173,0.2766,0.09,0.3939,0.2095,BCC+FCC
1,1.95,4.767,0.0418,0.1538,0.2804,0.1057,0.3644,0.131,BCC+FCC
1,1.85,4.7495,0.0434,0.1581,0.2807,0.1136,0.3847,0.1293,BCC+FCC
1,1.8,4.692,0.0444,0.1607,0.2806,0.1136,0.3917,0.1304,BCC+FCC
1,1.75,4.732,0.0442,0.1608,0.2809,0.1174,0.399,0.1259,BCC+FCC
1,1.7,4.642,0.0462,0.1647,0.2807,0.1126,0.4008,0.1284,BCC+FCC
1,2,4.7845,0.0423,0.1563,0.2813,0.0934,0.3561,0.1506,BCC+FCC
1,1.9,4.7345,0.0443,0.1622,0.2814,0.1043,0.3845,0.1526,BCC+FCC
1,1.9,4.702,0.043,0.1612,0.2807,0.1031,0.3843,0.1536,BCC+FCC
1,1.85,4.677,0.0441,0.1641,0.2808,0.1063,0.3968,0.1542,BCC+FCC
1,1.75,4.757,0.0475,0.1689,0.2826,0.1159,0.4197,0.149,BCC+FCC
1,1.75,4.627,0.0463,0.1695,0.2809,0.109,0.4179,0.1545,BCC+FCC
1,1.7,4.6995,0.0487,0.1714,0.2825,0.1144,0.428,0.1499,BCC+FCC
1,1.7,4.6345,0.0483,0.1722,0.2817,0.1104,0.427,0.1528,BCC+FCC
1,1.7,4.602,0.0474,0.172,0.281,0.1083,0.4264,0.1542,BCC+FCC
1,1.85,4.767,0.0487,0.1712,0.2834,0.105,0.4007,0.1694,BCC+FCC
1,1.85,4.7345,0.0475,0.1703,0.2828,0.1039,0.4006,0.1703,BCC+FCC
1,1.8,4.6445,0.0449,0.1705,0.281,0.1041,0.4145,0.1729,BCC+FCC
1,1.8,4.612,0.0423,0.1686,0.2798,0.1025,0.4143,0.1738,BCC+FCC
1,1.75,4.717,0.0505,0.1762,0.2835,0.1106,0.428,0.1704,BCC+FCC
1,1.75,4.587,0.0437,0.1719,0.2799,0.1038,0.4272,0.1745,BCC+FCC
1,1.85,4.6945,0.0454,0.1707,0.282,0.0968,0.3974,0.1862,BCC+FCC
1,1.8,4.7345,0.0507,0.1779,0.2841,0.1034,0.4133,0.1862,BCC+FCC
1,1.8,4.702,0.0487,0.1763,0.2832,0.1021,0.4133,0.1869,BCC+FCC
1,1.8,4.6045,0.0428,0.1686,0.2791,0.0978,0.4135,0.189,BCC+FCC
1,1.7,4.717,0.0539,0.1841,0.285,0.1097,0.4431,0.187,BCC+FCC
1,1.7,4.6845,0.0527,0.1834,0.2843,0.108,0.4431,0.1879,BCC+FCC
1,1.75,4.6045,0.0457,0.1744,0.2799,0.097,0.4236,0.203,BCC+FCC
1,1.7,4.5795,0.0466,0.1785,0.28,0.0988,0.4398,0.2045,BCC+FCC
1,1.5,4.6095,0.0589,0.1979,0.2858,0.1028,0.4975,0.2041,BCC+FCC
1,1.65,4.597,0.0473,0.1787,0.2792,0.0902,0.4225,0.2364,BCC+FCC
1,1.95,4.7595,0.0408,0.1527,0.2803,0.1053,0.3816,0.1412,BCC+FCC
1,1.9,4.702,0.0411,0.155,0.2799,0.1078,0.39,0.1421,BCC+FCC
1,1.85,4.6445,0.0411,0.1571,0.2793,0.1086,0.3966,0.1428,BCC+FCC
1,1.8,4.717,0.0434,0.1595,0.2807,0.1147,0.4043,0.1363,BCC+FCC
1,1.8,4.6845,0.0435,0.16,0.2804,0.113,0.4035,0.1381,BCC+FCC
1,1.75,4.692,0.0442,0.1615,0.2807,0.115,0.4078,0.1347,BCC+FCC
1,1.75,4.6595,0.0444,0.1621,0.2805,0.1131,0.4068,0.1366,BCC+FCC
1,1.7,4.667,0.0449,0.1633,0.2808,0.114,0.4087,0.1327,BCC+FCC
1,2,4.777,0.0413,0.1546,0.2811,0.0931,0.3776,0.1624,BCC+FCC
1,1.95,4.817,0.044,0.1596,0.2821,0.101,0.3915,0.1602,BCC+FCC
1,1.9,4.792,0.0448,0.1621,0.2822,0.106,0.404,0.16,BCC+FCC
1,1.85,4.6695,0.0429,0.1627,0.2806,0.1058,0.4144,0.1636,BCC+FCC
1,1.8,4.7745,0.0462,0.1664,0.2824,0.1138,0.4259,0.1573,BCC+FCC
1,1.75,4.7495,0.0468,0.1684,0.2825,0.1153,0.4347,0.1563,BCC+FCC
1,1.65,4.6995,0.0482,0.1719,0.2826,0.1146,0.4473,0.1534,BCC+FCC
1,1.85,4.727,0.0464,0.1688,0.2826,0.1034,0.4211,0.1802,BCC+FCC
1,1.8,4.702,0.0474,0.1717,0.2827,0.1065,0.4341,0.1801,BCC+FCC
1,1.75,4.7095,0.0495,0.1751,0.2834,0.11,0.4463,0.1786,BCC+FCC
1,1.7,4.717,0.0509,0.1776,0.2839,0.1126,0.4575,0.1767,BCC+FCC
1,1.7,4.6195,0.048,0.1762,0.282,0.107,0.4565,0.1806,BCC+FCC
1,1.65,4.627,0.0504,0.1795,0.2829,0.1082,0.4665,0.1786,BCC+FCC
1,1.6,4.667,0.0524,0.1816,0.284,0.1108,0.4757,0.1747,BCC+FCC
1,1.9,4.7445,0.0456,0.1674,0.2828,0.0921,0.4039,0.1957,BCC+FCC
1,1.85,4.687,0.0446,0.1684,0.2818,0.0964,0.4199,0.1974,BCC+FCC
1,1.8,4.6945,0.0475,0.1744,0.283,0.1016,0.435,0.1971,BCC+FCC
1,1.8,4.662,0.0454,0.1721,0.2819,0.1002,0.435,0.198,BCC+FCC
1,1.75,4.637,0.0462,0.1756,0.2819,0.1027,0.4493,0.1983,BCC+FCC
1,1.65,4.6845,0.0539,0.1854,0.2849,0.1097,0.4757,0.1949,BCC+FCC
1,1.65,4.652,0.0526,0.1847,0.2842,0.1077,0.4756,0.1961,BCC+FCC
1,1.6,4.627,0.0536,0.1872,0.2843,0.1066,0.4873,0.1956,BCC+FCC
1,1.55,4.6345,0.0557,0.1899,0.285,0.1065,0.4982,0.1936,BCC+FCC
1,1.8,4.752,0.0518,0.1799,0.2851,0.0984,0.4295,0.2101,BCC+FCC
1,1.8,4.687,0.0479,0.1746,0.2828,0.096,0.4298,0.2115,BCC+FCC
1,1.75,4.597,0.0448,0.1716,0.2796,0.0964,0.4461,0.2139,BCC+FCC
1,1.7,4.6695,0.0516,0.1843,0.2842,0.1034,0.4613,0.2121,BCC+FCC
1,1.6,4.6195,0.0537,0.1904,0.2844,0.1042,0.4902,0.2124,BCC+FCC
1,1.75,4.687,0.0505,0.1803,0.2837,0.0955,0.4374,0.2247,BCC+FCC
1,1.7,4.6295,0.0493,0.1808,0.2822,0.0972,0.4545,0.2264,BCC+FCC
1,1.65,4.5895,0.046,0.1746,0.279,0.0896,0.4477,0.2496,BCC+FCC
1,1.95,4.7845,0.0402,0.1519,0.2804,0.1059,0.3975,0.1469,BCC+FCC
1,1.95,4.752,0.0399,0.1515,0.2801,0.1049,0.397,0.1486,BCC+FCC
1,1.9,4.8245,0.04,0.1535,0.2805,0.1122,0.4062,0.1417,BCC+FCC
1,1.85,4.767,0.0414,0.1563,0.2806,0.114,0.4112,0.1417,BCC+FCC
1,1.8,4.6445,0.042,0.1591,0.2799,0.1107,0.4117,0.1454,BCC+FCC
1,1.75,4.652,0.0434,0.1614,0.2804,0.1124,0.4133,0.1413,BCC+FCC
1,1.7,4.7245,0.0427,0.1606,0.2806,0.1174,0.415,0.1322,BCC+FCC
1,1.7,4.6595,0.0441,0.1629,0.2807,0.1132,0.4122,0.1366,BCC+FCC
1,1.8,4.702,0.0451,0.1657,0.2818,0.1103,0.4397,0.1662,BCC+FCC
1,1.7,4.652,0.0469,0.1704,0.2819,0.111,0.4515,0.1629,BCC+FCC
1,1.9,4.8095,0.0469,0.1668,0.2835,0.1005,0.4277,0.1858,BCC+FCC
1,1.9,4.7445,0.0444,0.164,0.2824,0.0985,0.4275,0.1881,BCC+FCC
1,1.9,4.712,0.0423,0.1619,0.2816,0.0975,0.4274,0.1893,BCC+FCC
1,1.85,4.687,0.0435,0.1654,0.2816,0.1017,0.4402,0.1889,BCC+FCC
1,1.8,4.7595,0.0485,0.1721,0.2837,0.1088,0.4528,0.1843,BCC+FCC
1,1.8,4.727,0.0477,0.1714,0.2832,0.1074,0.4525,0.1856,BCC+FCC
1,1.8,4.662,0.0446,0.1687,0.2817,0.1045,0.452,0.1882,BCC+FCC
1,1.7,4.7095,0.0501,0.1768,0.2838,0.112,0.4733,0.182,BCC+FCC
1,1.9,4.7695,0.0466,0.1678,0.2836,0.0927,0.4262,0.204,BCC+FCC
1,1.9,4.7045,0.043,0.1618,0.2815,0.0907,0.4263,0.2058,BCC+FCC
1,1.85,4.777,0.0494,0.1731,0.2845,0.0993,0.4413,0.2029,BCC+FCC
1,1.8,4.752,0.0503,0.1762,0.2846,0.1037,0.4557,0.2027,BCC+FCC
1,1.8,4.687,0.0463,0.1724,0.2828,0.1011,0.4556,0.2048,BCC+FCC
1,1.75,4.727,0.0511,0.179,0.2846,0.1067,0.4692,0.2022,BCC+FCC
1,1.65,4.6445,0.0515,0.1833,0.284,0.107,0.4933,0.2018,BCC+FCC
1,1.75,4.7195,0.0517,0.1813,0.285,0.1018,0.4675,0.2186,BCC+FCC
1,1.75,4.687,0.0498,0.1789,0.284,0.1004,0.4676,0.2196,BCC+FCC
1,1.7,4.662,0.0507,0.1824,0.2841,0.1028,0.4823,0.2194,BCC+FCC
1,1.8,4.7045,0.0485,0.1733,0.2834,0.0902,0.4437,0.2333,BCC+FCC
1,1.75,4.712,0.0517,0.1811,0.2849,0.0963,0.4605,0.2331,BCC+FCC
1,1.7,4.687,0.0527,0.1849,0.285,0.0998,0.4768,0.2334,BCC+FCC
1,1.7,4.6545,0.0504,0.1817,0.2836,0.0982,0.477,0.2342,BCC+FCC
1,1.65,4.662,0.0537,0.1885,0.2851,0.1019,0.4926,0.2335,BCC+FCC
1,1.75,4.7045,0.0503,0.1782,0.2843,0.0899,0.4492,0.2457,BCC+FCC
1,1.7,4.672,0.0489,0.1773,0.2832,0.0882,0.4533,0.2579,BCC+FCC
1,1.7,4.607,0.0434,0.1642,0.2785,0.0854,0.454,0.2588,BCC+FCC
3,2.05,4.6645,0.0294,0.1345,0.2768,0.0897,0.3926,0.1634,FCC
1,1.9,4.7845,0.04,0.1534,0.2805,0.1106,0.4172,0.1478,BCC+FCC
1,1.85,4.6945,0.0407,0.1558,0.2801,0.1106,0.4186,0.1493,BCC+FCC
1,1.8,4.7345,0.0414,0.1577,0.2806,0.1151,0.4213,0.1426,BCC+FCC
1,1.75,4.742,0.0411,0.1587,0.2805,0.1173,0.4204,0.1374,BCC+FCC
1,2,4.8595,0.0421,0.155,0.282,0.0947,0.4171,0.1735,BCC+FCC
1,1.95,4.7695,0.0415,0.1559,0.2815,0.0994,0.4277,0.1752,BCC+FCC
1,1.9,4.777,0.0431,0.1598,0.2819,0.1052,0.4379,0.1722,BCC+FCC
1,1.8,4.727,0.0447,0.165,0.282,0.1113,0.4532,0.1685,BCC+FCC
1,1.75,4.6695,0.045,0.1671,0.2817,0.1107,0.4573,0.1681,BCC+FCC
1,1.7,4.677,0.0462,0.1695,0.2821,0.1123,0.4609,0.164,BCC+FCC
1,1.9,4.802,0.0461,0.1653,0.2834,0.1001,0.447,0.1915,BCC+FCC
1,1.85,4.777,0.0469,0.1682,0.2835,0.1049,0.4589,0.1903,BCC+FCC
1,1.8,4.7195,0.0467,0.17,0.2831,0.1069,0.4694,0.1904,BCC+FCC
1,1.65,4.677,0.05,0.1781,0.2837,0.111,0.4941,0.1836,BCC+FCC
1,1.9,4.7945,0.0475,0.168,0.2843,0.0932,0.4476,0.2097,BCC+FCC
1,1.9,4.762,0.0456,0.1656,0.2835,0.0923,0.4476,0.2108,BCC+FCC
1,1.75,4.7195,0.0502,0.1775,0.2845,0.1062,0.488,0.2071,BCC+FCC
1,1.85,4.697,0.0451,0.1649,0.2823,0.0901,0.4586,0.2274,BCC+FCC
1,1.8,4.672,0.046,0.1693,0.2824,0.095,0.4739,0.2272,BCC+FCC
1,1.8,4.7295,0.0496,0.1744,0.2847,0.0909,0.4667,0.2401,BCC+FCC
1,1.8,4.697,0.0474,0.1702,0.2832,0.0898,0.4669,0.241,BCC+FCC
1,1.75,4.672,0.0484,0.1747,0.2833,0.0944,0.4832,0.2409,BCC+FCC
1,1.7,4.6395,0.0478,0.1748,0.2824,0.0924,0.4904,0.2547,BCC+FCC
1,1.7,4.6645,0.0476,0.1734,0.2829,0.0877,0.4777,0.2665,BCC+FCC
3,2.05,4.657,0.0286,0.1314,0.2766,0.0893,0.4072,0.1682,FCC
1,1.8,4.7595,0.0399,0.1565,0.2804,0.1161,0.4259,0.1416,BCC+FCC
1,1.8,4.6945,0.0409,0.1574,0.2804,0.1129,0.423,0.1462,BCC+FCC
1,2,4.8195,0.0408,0.1525,0.2817,0.0936,0.4343,0.1793,BCC+FCC
1,1.95,4.7945,0.0415,0.1556,0.2817,0.0999,0.444,0.1774,BCC+FCC
1,1.85,4.777,0.0434,0.1618,0.2821,0.1097,0.4597,0.1714,BCC+FCC
1,1.8,4.687,0.0432,0.1633,0.2815,0.1092,0.4631,0.1726,BCC+FCC
1,1.95,4.8195,0.0445,0.1606,0.2832,0.0937,0.4533,0.197,BCC+FCC
1,1.95,4.787,0.0431,0.1587,0.2827,0.0929,0.4531,0.1984,BCC+FCC
1,1.75,4.7195,0.0476,0.1723,0.2835,0.1099,0.4934,0.1899,BCC+FCC
1,1.7,4.6945,0.0484,0.1748,0.2835,0.1107,0.4998,0.1876,BCC+FCC
1,1.9,4.787,0.0466,0.1659,0.2841,0.0928,0.4681,0.2146,BCC+FCC
1,1.9,4.7545,0.0448,0.1632,0.2833,0.0919,0.4681,0.2158,BCC+FCC
1,1.8,4.672,0.0446,0.168,0.2825,0.1,0.4937,0.2147,BCC+FCC
1,1.85,4.722,0.0461,0.1659,0.2834,0.0907,0.48,0.2319,BCC+FCC
1,1.8,4.697,0.047,0.1702,0.2835,0.0958,0.4946,0.231,BCC+FCC
1,1.7,4.657,0.0463,0.1693,0.2827,0.0872,0.5016,0.2731,BCC+FCC
1,1.95,4.8195,0.0413,0.1551,0.2819,0.1005,0.4589,0.1779,BCC+FCC
1,1.85,4.737,0.0423,0.16,0.2817,0.1079,0.4697,0.1745,BCC+FCC
1,1.8,4.7445,0.0433,0.1632,0.282,0.1117,0.4731,0.1696,BCC+FCC
1,1.85,4.7295,0.0439,0.1636,0.2827,0.1028,0.4908,0.1975,BCC+FCC
1,1.85,4.697,0.0422,0.1616,0.282,0.1015,0.4904,0.1991,BCC+FCC
1,1.9,4.7795,0.0457,0.1637,0.284,0.0925,0.4877,0.2179,BCC+FCC
1,1.9,4.747,0.044,0.1607,0.2831,0.0915,0.4876,0.2193,BCC+FCC
1,1.85,4.6895,0.043,0.1615,0.2822,0.0957,0.4998,0.2191,BCC+FCC
1,1.8,4.7295,0.0474,0.1709,0.2841,0.1022,0.5116,0.2145,BCC+FCC
1,1.8,4.697,0.0455,0.1685,0.2833,0.1009,0.5114,0.216,BCC+FCC
1,1.75,4.697,0.0489,0.1749,0.2845,0.1003,0.5278,0.2317,BCC+FCC
1,1.95,4.7795,0.0399,0.1523,0.2815,0.0992,0.4708,0.1805,BCC+FCC
1,1.9,4.787,0.0413,0.1567,0.2818,0.1051,0.4762,0.1756,BCC+FCC
1,1.95,4.8045,0.0428,0.1568,0.283,0.093,0.4879,0.2016,BCC+FCC
1,1.9,4.7795,0.0436,0.1603,0.283,0.099,0.4972,0.1992,BCC+FCC
1,1.9,4.747,0.0421,0.1581,0.2825,0.0979,0.4967,0.2009,BCC+FCC
1,1.85,4.7545,0.0444,0.1636,0.2831,0.1035,0.5051,0.1966,BCC+FCC
1,1.8,4.722,0.0464,0.1688,0.284,0.1018,0.528,0.2157,BCC+FCC
1,1.85,4.7395,0.0462,0.164,0.2842,0.091,0.5207,0.237,BCC+FCC
1,2.05,4.691,0.042,0.1631,0.3224,0.1059,0.3659,0.1181,BCC+FCC
1,1.95,4.576,0.0395,0.166,0.32,0.1082,0.387,0.1234,BCC+FCC
1,1.85,4.6885,0.05,0.1756,0.3251,0.1177,0.4059,0.1172,BCC+FCC
1,1.8,4.696,0.0508,0.1769,0.3256,0.1189,0.4124,0.1151,BCC+FCC
1,1.8,4.5985,0.0495,0.1778,0.3238,0.1125,0.41,0.1203,BCC+FCC
1,1.95,4.6985,0.048,0.1753,0.3246,0.11,0.398,0.1398,BCC+FCC
1,1.95,4.666,0.0458,0.1737,0.3235,0.1087,0.3978,0.1407,BCC+FCC
1,1.95,4.601,0.0413,0.1692,0.3206,0.1058,0.3974,0.1425,BCC+FCC
1,1.9,4.771,0.0522,0.1797,0.3268,0.1164,0.4111,0.1377,BCC+FCC
1,1.9,4.5435,0.0405,0.1701,0.3189,0.1054,0.4093,0.145,BCC+FCC
1,1.85,4.7135,0.0526,0.1818,0.3263,0.1164,0.4223,0.1396,BCC+FCC
1,1.75,4.696,0.0546,0.1856,0.3269,0.1174,0.4416,0.1386,BCC+FCC
1,1.7,4.671,0.0554,0.1874,0.327,0.1151,0.4489,0.1383,BCC+FCC
1,1.7,4.6385,0.0552,0.1879,0.3265,0.1126,0.4483,0.1398,BCC+FCC
1,1.7,4.5735,0.0535,0.188,0.3249,0.1073,0.447,0.1427,BCC+FCC
1,1.9,4.7635,0.0543,0.1848,0.3274,0.112,0.4139,0.1564,BCC+FCC
1,1.8,4.681,0.0548,0.189,0.3267,0.1137,0.4409,0.1597,BCC+FCC
1,1.75,4.591,0.0521,0.1896,0.3246,0.109,0.4524,0.1625,BCC+FCC
1,1.75,4.5585,0.0495,0.188,0.3232,0.1067,0.4522,0.1635,BCC+FCC
1,1.7,4.6635,0.0578,0.1939,0.3277,0.1137,0.4642,0.1598,BCC+FCC
1,1.7,4.566,0.0533,0.1922,0.3247,0.1064,0.4632,0.1631,BCC+FCC
1,1.95,4.7485,0.052,0.1826,0.3264,0.1016,0.3935,0.1697,BCC+FCC
1,1.9,4.756,0.055,0.1878,0.3276,0.1069,0.4101,0.1716,BCC+FCC
1,1.9,4.6585,0.0489,0.1806,0.3236,0.1032,0.4104,0.1731,BCC+FCC
1,1.9,4.626,0.047,0.1772,0.3218,0.1018,0.4105,0.1736,BCC+FCC
1,1.85,4.731,0.056,0.1908,0.3277,0.11,0.4261,0.1736,BCC+FCC
1,1.85,4.666,0.0518,0.1869,0.3252,0.1072,0.4262,0.1748,BCC+FCC
1,1.8,4.641,0.0527,0.1902,0.3253,0.1086,0.4414,0.1766,BCC+FCC
1,1.8,4.6085,0.0507,0.1879,0.3238,0.1068,0.4414,0.1773,BCC+FCC
1,1.65,4.566,0.0559,0.199,0.3256,0.1044,0.4818,0.1801,BCC+FCC
1,1.9,4.6835,0.0505,0.182,0.3241,0.099,0.4018,0.1843,BCC+FCC
1,1.85,4.626,0.0493,0.1823,0.3223,0.1011,0.4194,0.1875,BCC+FCC
1,1.8,4.601,0.0503,0.1865,0.3224,0.1031,0.4362,0.1901,BCC+FCC
1,1.8,4.5685,0.048,0.1825,0.3202,0.1013,0.4363,0.1905,BCC+FCC
1,1.7,4.5835,0.0545,0.197,0.3245,0.1051,0.4676,0.1936,BCC+FCC
1,1.8,4.626,0.051,0.187,0.3228,0.1003,0.4261,0.2002,BCC+FCC
1,2.1,4.7735,0.0434,0.1614,0.324,0.1027,0.3732,0.1297,BCC+FCC
1,2.1,4.741,0.0417,0.1598,0.3232,0.1018,0.3729,0.131,BCC+FCC
1,2.05,4.781,0.0455,0.1653,0.3247,0.1087,0.3852,0.1289,BCC+FCC
1,1.95,4.7635,0.0477,0.1704,0.3253,0.1166,0.4052,0.1272,BCC+FCC
1,1.95,4.6985,0.0464,0.1699,0.3242,0.1139,0.4042,0.1304,BCC+FCC
1,1.95,4.601,0.0408,0.1661,0.3212,0.1093,0.4025,0.1349,BCC+FCC
1,1.9,4.6735,0.0474,0.1724,0.3243,0.1152,0.4114,0.1299,BCC+FCC
1,1.9,4.6085,0.0444,0.1707,0.3225,0.1117,0.4101,0.1331,BCC+FCC
1,1.9,4.576,0.0421,0.1693,0.3213,0.1099,0.4094,0.1347,BCC+FCC
1,1.8,4.6885,0.05,0.1764,0.3254,0.1182,0.422,0.1243,BCC+FCC
1,1.8,4.6235,0.0494,0.177,0.3244,0.1139,0.4201,0.1281,BCC+FCC
1,1.8,4.591,0.0484,0.1768,0.3236,0.1117,0.4191,0.1299,BCC+FCC
1,1.75,4.696,0.0502,0.1773,0.3257,0.1184,0.4243,0.1207,BCC+FCC
1,1.75,4.631,0.0508,0.1788,0.3251,0.1136,0.422,0.1247,BCC+FCC
1,2.05,4.741,0.0446,0.1672,0.3243,0.1016,0.3912,0.1509,BCC+FCC
1,2.05,4.7085,0.0422,0.1648,0.3231,0.1007,0.3911,0.1519,BCC+FCC
1,2,4.781,0.049,0.1733,0.326,0.1084,0.4049,0.1496,BCC+FCC
1,2,4.7485,0.0476,0.1721,0.3253,0.1073,0.4047,0.1508,BCC+FCC
1,2,4.6835,0.0433,0.1685,0.3232,0.105,0.4043,0.1529,BCC+FCC
1,1.95,4.691,0.0468,0.1737,0.3244,0.1095,0.4168,0.1524,BCC+FCC
1,1.95,4.5935,0.0406,0.1668,0.3204,0.1052,0.416,0.1558,BCC+FCC
1,1.9,4.666,0.0479,0.1766,0.3245,0.1116,0.4279,0.1527,BCC+FCC
1,1.9,4.6335,0.0458,0.1751,0.3234,0.11,0.4275,0.1539,BCC+FCC
1,1.85,4.6735,0.0506,0.1804,0.3255,0.1141,0.4381,0.1514,BCC+FCC
1,1.85,4.6085,0.047,0.1782,0.3234,0.1105,0.4373,0.154,BCC+FCC
1,1.8,4.616,0.0501,0.1821,0.3246,0.1119,0.4461,0.1524,BCC+FCC
1,2,4.7085,0.0459,0.1714,0.324,0.1004,0.4055,0.1692,BCC+FCC
1,1.95,4.7485,0.0507,0.1794,0.3264,0.1069,0.4203,0.1686,BCC+FCC
1,1.9,4.691,0.0497,0.1807,0.3254,0.1088,0.4341,0.1704,BCC+FCC
1,1.9,4.561,0.0423,0.1693,0.3191,0.1027,0.4336,0.174,BCC+FCC
1,1.85,4.666,0.0508,0.1837,0.3255,0.1107,0.447,0.1709,BCC+FCC
1,1.8,4.576,0.0473,0.1831,0.3229,0.1073,0.4583,0.1734,BCC+FCC
1,1.75,4.616,0.053,0.1894,0.3257,0.1104,0.4696,0.1712,BCC+FCC
1,1.7,4.656,0.0569,0.1931,0.3275,0.1129,0.48,0.1683,BCC+FCC
1,1.95,4.741,0.051,0.1804,0.3262,0.1012,0.4167,0.184,BCC+FCC
1,1.9,4.6835,0.05,0.1813,0.3249,0.104,0.4326,0.1861,BCC+FCC
1,1.85,4.7235,0.0549,0.1891,0.3275,0.1095,0.4477,0.1857,BCC+FCC
1,1.8,4.6335,0.0517,0.1883,0.3251,0.108,0.4619,0.1882,BCC+FCC
1,1.8,4.601,0.0498,0.1857,0.3236,0.1061,0.4619,0.189,BCC+FCC
1,1.8,4.5685,0.0478,0.1826,0.3218,0.1043,0.4618,0.1898,BCC+FCC
1,1.75,4.6085,0.0526,0.1915,0.3252,0.108,0.4754,0.1887,BCC+FCC
1,1.7,4.6485,0.0579,0.1974,0.3277,0.111,0.4883,0.187,BCC+FCC
1,1.9,4.6435,0.0472,0.1746,0.322,0.0972,0.4259,0.1997,BCC+FCC
1,1.85,4.716,0.0549,0.1899,0.3272,0.1047,0.4421,0.1999,BCC+FCC
1,1.8,4.6585,0.0536,0.1906,0.3258,0.1058,0.4583,0.2019,BCC+FCC
1,1.8,4.5935,0.0492,0.1837,0.3222,0.1024,0.4585,0.2031,BCC+FCC
1,1.8,4.561,0.047,0.1794,0.32,0.1006,0.4586,0.2037,BCC+FCC
1,1.7,4.576,0.0534,0.1949,0.3243,0.1044,0.4885,0.2045,BCC+FCC
1,1.85,4.6435,0.0487,0.179,0.3224,0.0967,0.4325,0.2125,BCC+FCC
1,1.75,4.626,0.0534,0.1924,0.3247,0.1032,0.4666,0.2158,BCC+FCC
1,2.1,4.766,0.0423,0.1597,0.3239,0.1023,0.3914,0.1412,BCC+FCC
1,2.05,4.806,0.0453,0.1647,0.3251,0.1092,0.4025,0.1377,BCC+FCC
1,2.05,4.676,0.0394,0.1592,0.3221,0.105,0.4007,0.1438,BCC+FCC
1,2,4.651,0.0406,0.1627,0.3221,0.1083,0.4093,0.1433,BCC+FCC
1,1.95,4.691,0.0453,0.1686,0.3241,0.1134,0.4176,0.1392,BCC+FCC
1,1.95,4.6585,0.0438,0.1675,0.3232,0.1119,0.4169,0.1409,BCC+FCC
1,1.85,4.6085,0.0461,0.1731,0.3234,0.1126,0.4249,0.1383,BCC+FCC
1,1.8,4.7135,0.0488,0.1753,0.3256,0.1195,0.4299,0.1285,BCC+FCC
1,1.8,4.6485,0.049,0.1762,0.3249,0.1153,0.4276,0.1326,BCC+FCC
1,2,4.7735,0.048,0.1719,0.3258,0.108,0.4237,0.1596,BCC+FCC
1,1.9,4.6585,0.0467,0.1751,0.3243,0.111,0.4438,0.1614,BCC+FCC
1,1.85,4.6985,0.0507,0.1798,0.326,0.1152,0.4532,0.1576,BCC+FCC
1,1.85,4.666,0.0495,0.1791,0.3253,0.1135,0.4527,0.1591,BCC+FCC
1,1.8,4.6085,0.0489,0.1808,0.3245,0.1111,0.4588,0.1596,BCC+FCC
1,1.75,4.681,0.0529,0.1844,0.3267,0.116,0.466,0.1533,BCC+FCC
1,1.75,4.6485,0.0525,0.1844,0.3262,0.1138,0.4652,0.155,BCC+FCC
1,1.75,4.616,0.0515,0.1841,0.3254,0.1115,0.4644,0.1567,BCC+FCC
1,2,4.766,0.0487,0.1743,0.3261,0.102,0.4267,0.1784,BCC+FCC
1,2,4.7335,0.0468,0.1719,0.3251,0.101,0.4267,0.1794,BCC+FCC
1,1.95,4.7735,0.0515,0.1793,0.3271,0.1076,0.4406,0.1775,BCC+FCC
1,1.95,4.676,0.0459,0.1729,0.3239,0.1041,0.4403,0.1807,BCC+FCC
1,1.8,4.6335,0.0507,0.1851,0.3254,0.1105,0.4757,0.179,BCC+FCC
1,1.95,4.7335,0.0501,0.1781,0.326,0.1007,0.439,0.1951,BCC+FCC
1,1.9,4.676,0.049,0.1789,0.3247,0.1035,0.454,0.1965,BCC+FCC
1,1.7,4.6085,0.0547,0.1946,0.3264,0.108,0.5058,0.1953,BCC+FCC
1,1.85,4.676,0.0516,0.1844,0.3255,0.1029,0.4646,0.211,BCC+FCC
1,1.85,4.611,0.0471,0.1761,0.3218,0.0999,0.4648,0.2125,BCC+FCC
1,1.8,4.6835,0.0548,0.1912,0.3271,0.1068,0.4799,0.2108,BCC+FCC
1,1.8,4.6185,0.0504,0.1848,0.3239,0.1035,0.48,0.2124,BCC+FCC
1,1.75,4.626,0.0536,0.1919,0.3257,0.1062,0.4946,0.212,BCC+FCC
1,1.75,4.5935,0.0514,0.1888,0.324,0.1043,0.4947,0.2128,BCC+FCC
1,1.85,4.636,0.0475,0.1754,0.3221,0.0962,0.4563,0.2246,BCC+FCC
1,1.8,4.6435,0.0511,0.1853,0.3243,0.1007,0.4729,0.2252,BCC+FCC
1,2.1,4.8235,0.0437,0.1607,0.3249,0.1037,0.4089,0.1463,BCC+FCC
1,2.1,4.7585,0.0413,0.1579,0.3237,0.102,0.408,0.1495,BCC+FCC
1,2.05,4.7985,0.0444,0.1635,0.3249,0.1089,0.4177,0.145,BCC+FCC
1,1.95,4.781,0.0461,0.1687,0.3253,0.1169,0.4312,0.1397,BCC+FCC
1,1.85,4.666,0.0472,0.1731,0.3247,0.1158,0.4332,0.1393,BCC+FCC
1,1.8,4.641,0.048,0.1753,0.3248,0.1146,0.4306,0.1368,BCC+FCC
1,2.05,4.791,0.0462,0.1673,0.3256,0.1028,0.43,0.1678,BCC+FCC
1,2.05,4.7585,0.0444,0.1654,0.3249,0.1018,0.4297,0.1691,BCC+FCC
1,2,4.7985,0.0482,0.1716,0.3263,0.1086,0.4413,0.1655,BCC+FCC
1,2,4.766,0.0471,0.1704,0.3257,0.1076,0.441,0.1669,BCC+FCC
1,2,4.701,0.0433,0.1666,0.324,0.1053,0.4403,0.1697,BCC+FCC
1,1.85,4.626,0.0466,0.1765,0.3242,0.1111,0.4647,0.1662,BCC+FCC
1,2,4.791,0.0496,0.1745,0.3268,0.1026,0.4469,0.1854,BCC+FCC
1,2,4.726,0.046,0.1696,0.3249,0.1006,0.4467,0.1878,BCC+FCC
1,1.95,4.7335,0.0486,0.1757,0.326,0.1061,0.4596,0.1861,BCC+FCC
1,1.95,4.636,0.0433,0.167,0.3222,0.1023,0.459,0.1897,BCC+FCC
1,1.8,4.626,0.0495,0.1834,0.3252,0.1099,0.4911,0.1848,BCC+FCC
1,1.95,4.7585,0.0511,0.1787,0.327,0.1014,0.4602,0.2026,BCC+FCC
1,1.95,4.6935,0.0472,0.1721,0.3244,0.0992,0.4602,0.2046,BCC+FCC
1,1.9,4.6685,0.0481,0.1763,0.3245,0.103,0.4743,0.2045,BCC+FCC
1,1.9,4.636,0.0461,0.1725,0.3229,0.1016,0.4743,0.2055,BCC+FCC
1,1.8,4.651,0.0518,0.1866,0.3261,0.1085,0.5002,0.2025,BCC+FCC
1,1.85,4.636,0.0483,0.1775,0.3235,0.1009,0.4862,0.2201,BCC+FCC
1,1.85,4.6935,0.0513,0.1821,0.3259,0.0983,0.4789,0.2326,BCC+FCC
1,1.8,4.661,0.0497,0.181,0.3245,0.0964,0.4851,0.2459,BCC+FCC
1,2.1,4.8485,0.0434,0.1602,0.3251,0.1041,0.4244,0.1502,BCC+FCC
1,2.05,4.7585,0.0426,0.161,0.3243,0.1075,0.4304,0.1519,BCC+FCC
1,2,4.766,0.0444,0.1649,0.3249,0.1124,0.4363,0.1479,BCC+FCC
1,1.95,4.7735,0.0454,0.1678,0.3252,0.1165,0.4404,0.1434,BCC+FCC
1,1.95,4.7085,0.0444,0.1668,0.3244,0.1137,0.4385,0.1475,BCC+FCC
1,2.05,4.816,0.0466,0.1672,0.3261,0.1033,0.4475,0.172,BCC+FCC
1,2.05,4.7185,0.0415,0.1606,0.3237,0.1005,0.4465,0.1765,BCC+FCC
1,1.95,4.766,0.0481,0.173,0.3262,0.1119,0.4657,0.1688,BCC+FCC
1,1.95,4.7335,0.047,0.1718,0.3256,0.1107,0.4652,0.1704,BCC+FCC
1,1.9,4.676,0.0464,0.1733,0.3249,0.1114,0.4712,0.1703,BCC+FCC
1,1.85,4.716,0.0497,0.1782,0.3263,0.1157,0.4775,0.1647,BCC+FCC
1,1.85,4.6835,0.0488,0.1774,0.3258,0.114,0.4767,0.1665,BCC+FCC
1,1.8,4.691,0.0505,0.1806,0.3264,0.1157,0.4802,0.1623,BCC+FCC
1,1.8,4.6585,0.0497,0.18,0.3258,0.1138,0.4792,0.1642,BCC+FCC
1,2,4.7185,0.0451,0.1671,0.3247,0.1002,0.4656,0.194,BCC+FCC
1,2,4.686,0.0434,0.1635,0.3234,0.0991,0.4654,0.1952,BCC+FCC
1,1.95,4.661,0.0442,0.1678,0.3235,0.1031,0.477,0.1943,BCC+FCC
1,1.9,4.701,0.0485,0.1771,0.326,0.1087,0.4881,0.1903,BCC+FCC
1,1.8,4.651,0.0505,0.1834,0.3261,0.1111,0.5054,0.1872,BCC+FCC
1,1.85,4.701,0.0519,0.1836,0.327,0.108,0.5065,0.207,BCC+FCC
1,1.8,4.6435,0.0509,0.1845,0.3259,0.1078,0.5178,0.2072,BCC+FCC
1,1.85,4.6285,0.0472,0.1743,0.3233,0.1004,0.5069,0.2265,BCC+FCC
1,1.8,4.661,0.0512,0.1835,0.3257,0.1011,0.517,0.2394,BCC+FCC
1,1.75,4.636,0.0523,0.1879,0.3258,0.103,0.5322,0.239,BCC+FCC
1,1.8,4.6535,0.0484,0.1771,0.3242,0.0959,0.5083,0.2535,BCC+FCC
1,2.1,4.8085,0.042,0.1576,0.3246,0.103,0.4371,0.1556,BCC+FCC
1,2.1,4.776,0.0408,0.156,0.3241,0.1022,0.4364,0.1575,BCC+FCC
1,2.05,4.7835,0.0428,0.1607,0.3247,0.1081,0.4422,0.1531,BCC+FCC
1,2.05,4.751,0.0417,0.1593,0.3242,0.1071,0.4414,0.1551,BCC+FCC
1,2,4.791,0.044,0.1643,0.3251,0.1131,0.4461,0.1483,BCC+FCC
1,1.95,4.6685,0.0421,0.1641,0.3236,0.1117,0.4431,0.1517,BCC+FCC
1,2.05,4.711,0.0408,0.1581,0.3236,0.1001,0.4621,0.1807,BCC+FCC
1,1.95,4.751,0.0486,0.174,0.3266,0.1063,0.4944,0.1939,BCC+FCC
1,1.95,4.686,0.0451,0.1686,0.3246,0.1039,0.4937,0.1968,BCC+FCC
1,1.8,4.676,0.0513,0.1833,0.3268,0.1123,0.5181,0.1878,BCC+FCC
1,1.9,4.6535,0.0462,0.1706,0.3241,0.102,0.5122,0.2147,BCC+FCC
1,1.8,4.6685,0.0519,0.1849,0.3269,0.1089,0.5344,0.2089,BCC+FCC
1,1.85,4.686,0.0506,0.1799,0.3264,0.1027,0.5269,0.2287,BCC+FCC
1,2,4.7835,0.0433,0.1631,0.325,0.1127,0.4522,0.1491,BCC+FCC
1,1.95,4.726,0.0435,0.1651,0.3247,0.1141,0.448,0.1479,BCC+FCC
1,2.05,4.801,0.0449,0.1636,0.3258,0.1026,0.4776,0.1781,BCC+FCC
1,2,4.7435,0.0442,0.165,0.3253,0.1063,0.4835,0.1774,BCC+FCC
1,2,4.711,0.0422,0.1626,0.3245,0.1052,0.4828,0.1792,BCC+FCC
1,2,4.6785,0.0408,0.1596,0.3235,0.104,0.4822,0.181,BCC+FCC
1,1.95,4.6785,0.0443,0.166,0.3244,0.1034,0.5088,0.1992,BCC+FCC
1,1.9,4.686,0.0468,0.173,0.3256,0.1076,0.517,0.1954,BCC+FCC
1,1.95,4.736,0.0483,0.1712,0.3265,0.1001,0.5185,0.2164,BCC+FCC
1,1.9,4.711,0.0492,0.1753,0.3266,0.1042,0.53,0.2146,BCC+FCC
1,1.85,4.671,0.0477,0.1716,0.3252,0.0969,0.5443,0.2489,BCC+FCC
1,2.1,4.826,0.0413,0.1557,0.3248,0.1032,0.4575,0.1558,BCC+FCC
1,2.05,4.801,0.0419,0.1588,0.3248,0.1083,0.4577,0.1523,BCC+FCC
1,2,4.776,0.0426,0.1618,0.3249,0.1123,0.4546,0.1485,BCC+FCC
1,2,4.7435,0.0419,0.1606,0.3245,0.1111,0.4532,0.1508,BCC+FCC
1,2.05,4.7285,0.0409,0.1561,0.3242,0.1003,0.4886,0.1826,BCC+FCC
1,2,4.736,0.0433,0.1629,0.3251,0.1059,0.4937,0.1779,BCC+FCC
1,2,4.761,0.0461,0.1659,0.3262,0.1011,0.5156,0.1994,BCC+FCC
1,2,4.7285,0.0444,0.1626,0.3253,0.1,0.5152,0.2011,BCC+FCC
1,1.95,4.736,0.0469,0.1697,0.3263,0.1054,0.5234,0.1969,BCC+FCC
1,1.9,4.7035,0.0482,0.1727,0.3264,0.1037,0.5462,0.2159,BCC+FCC
1,2.15,4.6725,0.0428,0.169,0.3608,0.1078,0.3864,0.1169,BCC+FCC
1,2.15,4.64,0.0413,0.1658,0.3591,0.1067,0.3861,0.118,BCC+FCC
1,2.1,4.745,0.0497,0.1783,0.3646,0.1148,0.3988,0.1149,BCC+FCC
1,2.1,4.68,0.0455,0.175,0.3623,0.1124,0.3981,0.1174,BCC+FCC
1,2.1,4.6475,0.0434,0.1727,0.3609,0.1111,0.3978,0.1186,BCC+FCC
1,2.05,4.6875,0.0489,0.1798,0.3636,0.116,0.4087,0.1172,BCC+FCC
1,2.05,4.6225,0.0441,0.1762,0.361,0.1131,0.4078,0.1199,BCC+FCC
1,1.95,4.605,0.0491,0.1842,0.3626,0.1154,0.4241,0.1197,BCC+FCC
1,2.1,4.705,0.048,0.1781,0.363,0.1085,0.4045,0.137,BCC+FCC
1,2.1,4.6725,0.0463,0.1751,0.3614,0.1074,0.4044,0.1378,BCC+FCC
1,2.05,4.745,0.0529,0.1854,0.3655,0.1143,0.4181,0.1368,BCC+FCC
1,2.05,4.7125,0.0507,0.1837,0.3644,0.113,0.4179,0.1378,BCC+FCC
1,2.05,4.68,0.0488,0.1816,0.3631,0.1117,0.4177,0.1388,BCC+FCC
1,2,4.6875,0.0518,0.1868,0.3645,0.1153,0.4301,0.1391,BCC+FCC
1,2,4.6225,0.0478,0.1825,0.3616,0.1122,0.4296,0.1412,BCC+FCC
1,1.95,4.695,0.0549,0.1909,0.3657,0.1179,0.4415,0.1388,BCC+FCC
1,1.95,4.5975,0.0486,0.1859,0.3617,0.1127,0.4406,0.1423,BCC+FCC
1,1.95,4.5325,0.0451,0.1804,0.3579,0.1088,0.4399,0.1444,BCC+FCC
1,1.9,4.5725,0.0494,0.1892,0.3618,0.1119,0.4502,0.1431,BCC+FCC
1,1.85,4.5475,0.0503,0.1922,0.3619,0.1097,0.4585,0.1435,BCC+FCC
1,2.05,4.705,0.0512,0.184,0.3637,0.1081,0.4186,0.1551,BCC+FCC
1,2,4.68,0.0521,0.1876,0.3638,0.1111,0.4332,0.1571,BCC+FCC
1,2,4.5175,0.0422,0.167,0.3529,0.1034,0.4329,0.1604,BCC+FCC
1,1.9,4.565,0.0499,0.1891,0.3604,0.1095,0.4594,0.1617,BCC+FCC
1,1.85,4.54,0.0508,0.1927,0.3605,0.1081,0.471,0.1628,BCC+FCC
1,2,4.6725,0.0516,0.186,0.3625,0.1064,0.4296,0.1715,BCC+FCC
1,1.95,4.615,0.0503,0.1862,0.3605,0.1074,0.4454,0.1744,BCC+FCC
1,1.95,4.55,0.0459,0.1767,0.3557,0.1041,0.4455,0.1754,BCC+FCC
1,1.9,4.525,0.0469,0.1817,0.3558,0.1046,0.4603,0.1775,BCC+FCC
1,2.05,4.7125,0.0496,0.1796,0.3645,0.1169,0.4242,0.1283,BCC+FCC
1,2.05,4.68,0.0478,0.1782,0.3635,0.1155,0.4237,0.1298,BCC+FCC
1,2,4.5575,0.0426,0.1751,0.3592,0.1114,0.4287,0.1342,BCC+FCC
1,1.95,4.5975,0.0478,0.1826,0.3624,0.1147,0.4352,0.1305,BCC+FCC
1,1.95,4.565,0.0452,0.1809,0.361,0.1127,0.4343,0.1321,BCC+FCC
1,1.9,4.5725,0.0491,0.1855,0.3625,0.113,0.438,0.1296,BCC+FCC
1,2.1,4.6975,0.0472,0.1758,0.3628,0.1081,0.4241,0.1511,BCC+FCC
1,2.1,4.6,0.042,0.1643,0.3573,0.1044,0.4236,0.1541,BCC+FCC
1,2.05,4.6725,0.0479,0.1794,0.3629,0.1113,0.4362,0.1518,BCC+FCC
1,2.05,4.64,0.0462,0.1765,0.3613,0.1099,0.4359,0.1529,BCC+FCC
1,1.95,4.72,0.0554,0.1906,0.3665,0.119,0.458,0.1482,BCC+FCC
1,1.95,4.6875,0.0538,0.1895,0.3655,0.1173,0.4576,0.1495,BCC+FCC
1,1.95,4.6225,0.0495,0.1862,0.3631,0.1139,0.4567,0.1522,BCC+FCC
1,1.9,4.565,0.0485,0.1873,0.3616,0.1112,0.4644,0.1533,BCC+FCC
1,2.05,4.6,0.0443,0.1691,0.3576,0.1038,0.4394,0.1713,BCC+FCC
1,2,4.5425,0.0432,0.1689,0.3553,0.1045,0.4527,0.1733,BCC+FCC
1,2,4.6975,0.0527,0.187,0.3641,0.1071,0.4516,0.1847,BCC+FCC
1,1.95,4.5425,0.0448,0.1729,0.3554,0.1035,0.4665,0.1888,BCC+FCC
1,1.9,4.5825,0.0503,0.1876,0.3604,0.1078,0.4806,0.1884,BCC+FCC
1,2.1,4.795,0.0503,0.1776,0.3658,0.1161,0.4314,0.1349,BCC+FCC
1,2,4.6475,0.0477,0.1796,0.3634,0.1161,0.4419,0.1377,BCC+FCC
1,2.1,4.7875,0.0517,0.1808,0.3661,0.1109,0.4432,0.1579,BCC+FCC
1,2.1,4.69,0.0463,0.1733,0.3626,0.1077,0.4424,0.1617,BCC+FCC
1,2.05,4.7625,0.0526,0.1837,0.3662,0.1146,0.4542,0.1574,BCC+FCC
1,2.05,4.6325,0.0454,0.174,0.3611,0.1094,0.4529,0.1628,BCC+FCC
1,2.05,4.5675,0.0419,0.1658,0.3572,0.1064,0.4522,0.1652,BCC+FCC
1,1.95,4.5825,0.0469,0.1817,0.3613,0.1114,0.4704,0.1618,BCC+FCC
1,1.9,4.6225,0.0517,0.1894,0.3643,0.1146,0.4781,0.1578,BCC+FCC
1,1.85,4.5975,0.0528,0.1922,0.3644,0.1128,0.4828,0.1565,BCC+FCC
1,2.05,4.755,0.0532,0.1851,0.366,0.1095,0.4596,0.1771,BCC+FCC
1,1.95,4.64,0.051,0.1867,0.3634,0.1117,0.4837,0.1791,BCC+FCC
1,1.9,4.5825,0.05,0.1874,0.3618,0.1101,0.494,0.18,BCC+FCC
1,2,4.6575,0.0494,0.18,0.362,0.1054,0.4727,0.196,BCC+FCC
1,1.95,4.665,0.0526,0.1883,0.3639,0.1093,0.4868,0.1954,BCC+FCC
1,1.95,4.5675,0.046,0.1748,0.3577,0.1046,0.4867,0.1982,BCC+FCC
1,1.9,4.6075,0.0514,0.1887,0.3622,0.1089,0.5,0.1966,BCC+FCC
1,2.15,4.8125,0.0487,0.1735,0.3656,0.1117,0.4375,0.1431,BCC+FCC
1,2.15,4.715,0.0436,0.1676,0.363,0.1087,0.436,0.1482,BCC+FCC
1,2.15,4.6825,0.0421,0.1646,0.3617,0.1076,0.4354,0.1498,BCC+FCC
1,2.1,4.7875,0.0494,0.1763,0.3657,0.1157,0.4447,0.1415,BCC+FCC
1,2.1,4.755,0.0482,0.175,0.365,0.1146,0.4441,0.1434,BCC+FCC
1,2.1,4.7225,0.0465,0.1734,0.3641,0.1134,0.4434,0.1451,BCC+FCC
1,2.1,4.6575,0.0428,0.1686,0.3618,0.1109,0.4421,0.1486,BCC+FCC
1,2,4.6725,0.0485,0.1795,0.3643,0.1172,0.4514,0.1415,BCC+FCC
1,2.1,4.585,0.0403,0.157,0.3568,0.1034,0.4583,0.1734,BCC+FCC
1,2.05,4.5925,0.0428,0.1672,0.359,0.1074,0.4679,0.1714,BCC+FCC
1,2,4.665,0.0488,0.1812,0.364,0.1136,0.4774,0.166,BCC+FCC
1,2,4.6325,0.0471,0.1786,0.3626,0.1121,0.4768,0.1675,BCC+FCC
1,2,4.6,0.0453,0.1754,0.361,0.1104,0.4763,0.169,BCC+FCC
1,1.9,4.615,0.0505,0.1877,0.3641,0.1139,0.4885,0.1629,BCC+FCC
1,2.05,4.6825,0.0483,0.1763,0.363,0.1067,0.4782,0.1871,BCC+FCC
1,2.05,4.65,0.0463,0.1721,0.3613,0.1055,0.478,0.1882,BCC+FCC
1,1.95,4.6,0.0481,0.1809,0.3615,0.1094,0.4999,0.187,BCC+FCC
1,1.9,4.64,0.053,0.1907,0.3648,0.1133,0.51,0.1832,BCC+FCC
1,2,4.585,0.0439,0.1654,0.3573,0.102,0.4928,0.2061,BCC+FCC
1,1.95,4.69,0.0538,0.1892,0.3653,0.1102,0.5063,0.2016,BCC+FCC
1,1.95,4.585,0.0448,0.1687,0.3574,0.1013,0.5046,0.2206,BCC+FCC
1,2.15,4.805,0.0478,0.1719,0.3655,0.1114,0.4507,0.1482,BCC+FCC
1,2.15,4.6425,0.0399,0.1581,0.36,0.106,0.4473,0.1571,BCC+FCC
1,2.1,4.6825,0.0435,0.1691,0.3629,0.1117,0.4535,0.1517,BCC+FCC
1,2.1,4.6175,0.0406,0.1626,0.3601,0.109,0.4518,0.1553,BCC+FCC
1,2.05,4.69,0.0464,0.1748,0.364,0.1154,0.4571,0.1476,BCC+FCC
1,2.1,4.74,0.0481,0.1745,0.3648,0.109,0.4757,0.172,BCC+FCC
1,2.1,4.675,0.0447,0.1679,0.3622,0.1068,0.4748,0.1751,BCC+FCC
1,2.1,4.61,0.0412,0.1588,0.3587,0.1043,0.4739,0.178,BCC+FCC
1,2,4.7225,0.0516,0.1834,0.3659,0.116,0.491,0.1669,BCC+FCC
1,1.95,4.6975,0.0525,0.1864,0.366,0.1172,0.4958,0.1648,BCC+FCC
1,2.05,4.74,0.0513,0.1806,0.3657,0.1087,0.4963,0.1901,BCC+FCC
1,2.05,4.7075,0.0493,0.1773,0.3644,0.1075,0.4961,0.1915,BCC+FCC
1,2,4.65,0.0483,0.1777,0.3629,0.109,0.5062,0.1917,BCC+FCC
1,2,4.7075,0.0517,0.1825,0.3651,0.107,0.5124,0.2079,BCC+FCC
1,2,4.61,0.045,0.1676,0.3594,0.103,0.5121,0.2114,BCC+FCC
1,2.15,4.7,0.0422,0.1627,0.3626,0.1079,0.4593,0.1572,BCC+FCC
1,2.1,4.7725,0.0478,0.1733,0.3654,0.1149,0.4646,0.1486,BCC+FCC
1,2.1,4.675,0.0428,0.1667,0.3627,0.1113,0.4617,0.1547,BCC+FCC
1,2.1,4.6425,0.0413,0.1635,0.3614,0.1099,0.4607,0.1566,BCC+FCC
1,2.1,4.7325,0.0473,0.1722,0.3646,0.1086,0.4897,0.1756,BCC+FCC
1,2.1,4.7,0.0456,0.1689,0.3634,0.1075,0.4892,0.1773,BCC+FCC
1,2.1,4.6675,0.0438,0.165,0.362,0.1063,0.4886,0.1789,BCC+FCC
1,2.1,4.635,0.0421,0.1603,0.3604,0.1051,0.4881,0.1805,BCC+FCC
1,2.05,4.7075,0.0481,0.176,0.3647,0.1119,0.4961,0.1735,BCC+FCC
1,2.05,4.675,0.0463,0.173,0.3635,0.1106,0.4955,0.1752,BCC+FCC
1,2.05,4.6425,0.0446,0.1694,0.3621,0.1092,0.4948,0.1769,BCC+FCC
1,1.95,4.69,0.0515,0.1848,0.3659,0.1166,0.5038,0.1667,BCC+FCC
1,2.05,4.7,0.0484,0.1745,0.3642,0.107,0.5125,0.1954,BCC+FCC
1,2,4.6425,0.0473,0.1748,0.3627,0.1085,0.5213,0.1952,BCC+FCC
1,1.95,4.6825,0.0521,0.1856,0.3657,0.1132,0.5301,0.1901,BCC+FCC
1,1.95,4.65,0.0502,0.1826,0.3643,0.1116,0.5295,0.1917,BCC+FCC
1,1.95,4.675,0.0516,0.1839,0.3649,0.1092,0.5423,0.2106,BCC+FCC
1,1.95,4.6675,0.0498,0.1791,0.3637,0.1046,0.5451,0.2287,BCC+FCC
1,2.15,4.79,0.0462,0.1684,0.3652,0.1106,0.4703,0.1528,BCC+FCC
1,2.1,4.6925,0.0447,0.1661,0.3632,0.1071,0.5012,0.1794,BCC+FCC
1,2.05,4.6675,0.0455,0.1704,0.3633,0.1101,0.5054,0.1768,BCC+FCC
1,2.05,4.6925,0.0474,0.1715,0.364,0.1066,0.5276,0.1978,BCC+FCC
1,2,4.6675,0.0483,0.1759,0.3641,0.1094,0.5353,0.1956,BCC+FCC
1,2.15,4.75,0.0437,0.1639,0.3643,0.1092,0.4746,0.155,BCC+FCC
1,2.15,4.7175,0.0422,0.1608,0.3634,0.1082,0.4733,0.1572,BCC+FCC
1,2.2,4.6615,0.0475,0.1793,0.3978,0.1141,0.4178,0.1164,BCC+FCC
1,2.1,4.579,0.0473,0.1838,0.396,0.1154,0.4357,0.12,BCC+FCC
1,2.15,4.629,0.0484,0.181,0.3961,0.1121,0.4369,0.1387,BCC+FCC
1,2.15,4.654,0.0494,0.1821,0.3979,0.113,0.4552,0.1511,BCC+FCC
1,2.15,4.6215,0.0474,0.1779,0.3958,0.1116,0.455,0.1522,BCC+FCC
1,2.1,4.589,0.0471,0.1772,0.3935,0.1094,0.4718,0.1708,BCC+FCC
1,2.05,4.564,0.0481,0.1822,0.3936,0.1105,0.4842,0.1717,BCC+FCC
1,2.2,4.6465,0.0459,0.174,0.3973,0.1131,0.4484,0.141,BCC+FCC
1,2.1,4.564,0.0457,0.1787,0.3955,0.1141,0.4589,0.1409,BCC+FCC
1,2.15,4.6465,0.0484,0.1792,0.3977,0.1125,0.4721,0.1611,BCC+FCC
1,2.1,4.589,0.0474,0.1794,0.3957,0.1126,0.4811,0.162,BCC+FCC
1,2.1,4.5815,0.046,0.1733,0.3932,0.1088,0.4903,0.181,BCC+FCC
1,2.2,4.6715,0.0467,0.175,0.3989,0.1139,0.4616,0.1467,BCC+FCC
1,2.15,4.704,0.0514,0.184,0.401,0.1146,0.4883,0.1655,BCC+FCC
1,2.2,4.664,0.0459,0.1722,0.3987,0.1135,0.4721,0.1517,BCC+FCC
1,2.15,4.664,0.0485,0.1774,0.3991,0.1128,0.5018,0.172,BCC+FCC
1,2.15,4.599,0.0446,0.1675,0.3951,0.11,0.5007,0.1751,BCC+FCC
1,2.1,4.6065,0.0474,0.1776,0.3973,0.1131,0.5074,0.1719,BCC+FCC
1,2.15,4.664,0.0476,0.1772,0.4001,0.1165,0.4806,0.1501,BCC+FCC
1,2.15,4.6315,0.0459,0.1737,0.3985,0.115,0.4794,0.1521,BCC+FCC
1,2.2,4.6815,0.046,0.1704,0.3998,0.1138,0.4859,0.1542,BCC+FCC
1,2.15,4.6815,0.0486,0.1756,0.4004,0.1132,0.5244,0.1752,BCC+FCC
1,1.6,4.5655,0.0446,0.1702,0.1977,0.112,0.3714,0.1379,BCC+FCC
1,1.6,4.558,0.0443,0.1761,0.1983,0.1082,0.3892,0.1594,BCC+FCC
1,1.55,4.558,0.0466,0.1838,0.1999,0.1073,0.4094,0.177,BCC+FCC
1,1.7,4.567,0.0443,0.1928,0.2219,0.1137,0.4067,0.1546,BCC+FCC
1,1.65,4.583,0.0421,0.1671,0.1974,0.11,0.3778,0.1468,BCC+FCC
1,1.6,4.5905,0.0442,0.1692,0.1982,0.1131,0.384,0.144,BCC+FCC
1,1.7,4.5595,0.0435,0.195,0.2214,0.1082,0.4238,0.1763,BCC+FCC
1,1.6,4.583,0.0447,0.1755,0.1992,0.1092,0.406,0.1667,BCC+FCC
1,1.55,4.5905,0.0471,0.178,0.2001,0.1121,0.415,0.1645,BCC+FCC
1,1.6,4.568,0.0426,0.1817,0.1993,0.0998,0.4173,0.2019,BCC+FCC
1,1.7,4.5845,0.0442,0.1951,0.2228,0.1088,0.4401,0.1803,BCC+FCC
1,1.55,4.6155,0.0467,0.177,0.2006,0.1131,0.4287,0.1682,BCC+FCC
1,1.55,4.608,0.0477,0.1829,0.2017,0.1094,0.4454,0.1892,BCC+FCC
1,1.5,4.6155,0.0499,0.1854,0.2025,0.1121,0.4554,0.1867,BCC+FCC
1,1.65,4.6255,0.0425,0.1713,0.1996,0.1072,0.4274,0.1771,BCC+FCC
1,1.55,4.6405,0.0461,0.176,0.2008,0.1142,0.4405,0.1699,BCC+FCC
1,1.75,4.5945,0.0446,0.1894,0.2217,0.0961,0.4558,0.2056,BCC+FCC
1,1.75,4.6345,0.0436,0.1883,0.2235,0.1101,0.4342,0.1622,BCC+FCC
1,1.7,4.642,0.0463,0.1917,0.2244,0.1155,0.4355,0.1571,BCC+FCC
1,1.6,4.658,0.0443,0.1733,0.2006,0.112,0.4463,0.1742,BCC+FCC
1,1.55,4.6655,0.0452,0.175,0.2009,0.1152,0.45,0.1697,BCC+FCC
1,1.7,4.627,0.0476,0.1964,0.225,0.1037,0.4845,0.2042,BCC+FCC
1,1.55,4.6505,0.0489,0.1862,0.2039,0.1068,0.4885,0.2134,BCC+FCC
1,1.8,4.6435,0.0494,0.2092,0.2465,0.1094,0.468,0.1627,BCC+FCC
1,1.7,4.667,0.0465,0.1912,0.2249,0.1161,0.4395,0.1542,BCC+FCC
1,1.6,4.683,0.0436,0.1724,0.2007,0.1129,0.4557,0.173,BCC+FCC
1,1.55,4.683,0.0474,0.1809,0.2028,0.1122,0.489,0.1924,BCC+FCC
1,1.75,4.6845,0.0447,0.1877,0.2247,0.1111,0.4447,0.1564,BCC+FCC
1,1.6,4.6995,0.0515,0.2003,0.2274,0.121,0.4871,0.1662,BCC+FCC
1,1.6,4.7005,0.0457,0.1777,0.2026,0.109,0.4948,0.1951,BCC+FCC
1,1.95,4.671,0.0453,0.1917,0.2443,0.0818,0.4781,0.1723,BCC+FCC
1,1.8,4.6935,0.0507,0.2095,0.2482,0.1099,0.4706,0.1521,BCC+FCC
1,1.8,4.687,0.0456,0.1855,0.2255,0.089,0.512,0.209,BCC+FCC
1,1.75,4.5235,0.048,0.2043,0.2691,0.1143,0.4369,0.1682,BCC+FCC
1,1.6,4.5545,0.0507,0.1913,0.2538,0.1142,0.4283,0.1562,BCC+FCC
1,1.7,4.532,0.0432,0.1855,0.25,0.1057,0.4159,0.1766,BCC+FCC
1,1.65,4.5395,0.0454,0.1909,0.252,0.109,0.4289,0.1764,BCC+FCC
1,1.7,4.5245,0.0441,0.1842,0.2484,0.1009,0.4151,0.1913,BCC+FCC
1,1.65,4.532,0.0466,0.1913,0.2508,0.1049,0.4302,0.192,BCC+FCC
1,1.6,4.5395,0.0491,0.1971,0.2529,0.108,0.4445,0.1922,BCC+FCC
1,1.7,4.517,0.0437,0.18,0.246,0.0954,0.4086,0.2036,BCC+FCC
1,1.65,4.5795,0.0481,0.1827,0.2532,0.1167,0.4078,0.1406,BCC+FCC
1,1.85,4.525,0.0514,0.2128,0.2841,0.1102,0.4702,0.183,BCC+FCC
1,1.9,4.55,0.05,0.21,0.2862,0.1105,0.4595,0.1668,BCC+FCC
1,1.85,4.566,0.0438,0.1938,0.2698,0.1109,0.4321,0.1611,BCC+FCC
1,1.7,4.597,0.0458,0.1796,0.2529,0.1157,0.4137,0.1475,BCC+FCC
1,1.85,4.5585,0.0452,0.1923,0.2683,0.1048,0.4493,0.1828,BCC+FCC
1,1.75,4.582,0.0419,0.1796,0.2519,0.1082,0.4317,0.1737,BCC+FCC
1,1.6,4.597,0.0515,0.1947,0.2557,0.1137,0.4742,0.1866,BCC+FCC
1,1.95,4.5675,0.0486,0.2032,0.2857,0.1034,0.4654,0.1716,BCC+FCC
1,1.95,4.56,0.0481,0.197,0.2832,0.0953,0.4823,0.1939,BCC+FCC
1,1.9,4.5675,0.0506,0.2069,0.2861,0.1037,0.4919,0.1905,BCC+FCC
1,1.8,4.591,0.0481,0.1999,0.2721,0.1113,0.4736,0.1823,BCC+FCC
1,1.75,4.591,0.0512,0.2051,0.273,0.111,0.4971,0.2,BCC+FCC
1,1.75,4.5995,0.0434,0.1808,0.2527,0.1039,0.4596,0.1974,BCC+FCC
1,1.65,4.6145,0.0492,0.1908,0.2554,0.112,0.4802,0.192,BCC+FCC
1,1.75,4.592,0.0443,0.1793,0.2518,0.0981,0.4633,0.2151,BCC+FCC
1,1.7,4.5995,0.0468,0.1866,0.2537,0.1034,0.4766,0.2133,BCC+FCC
1,1.65,4.607,0.0493,0.1926,0.2554,0.1077,0.4892,0.2112,BCC+FCC
1,1.7,4.5685,0.046,0.189,0.2664,0.0911,0.5004,0.2632,BCC+FCC
1,1.85,4.616,0.0451,0.1945,0.2725,0.112,0.4528,0.1625,BCC+FCC
1,1.75,4.6395,0.0436,0.1756,0.2533,0.1144,0.4267,0.1534,BCC+FCC
1,1.8,4.616,0.0489,0.2004,0.2735,0.1118,0.4865,0.1826,BCC+FCC
1,1.8,4.6245,0.0406,0.1746,0.2527,0.105,0.4525,0.1821,BCC+FCC
1,1.75,4.632,0.0441,0.1795,0.2538,0.1098,0.4596,0.1784,BCC+FCC
1,1.65,4.647,0.0489,0.1862,0.2555,0.1167,0.4685,0.1699,BCC+FCC
1,1.9,4.5935,0.0446,0.1812,0.2681,0.0907,0.4807,0.2105,BCC+FCC
1,1.75,4.6245,0.0441,0.1812,0.2539,0.1046,0.4765,0.1999,BCC+FCC
1,1.9,4.626,0.0454,0.1876,0.2715,0.0991,0.4854,0.1903,BCC+FCC
1,1.8,4.6495,0.0418,0.1748,0.2536,0.1057,0.4654,0.1825,BCC+FCC
1,1.9,4.65,0.0531,0.2133,0.293,0.1117,0.4889,0.1588,BCC+FCC
1,1.8,4.682,0.0417,0.1713,0.2534,0.1118,0.4358,0.1546,BCC+FCC
1,1.9,4.651,0.0461,0.1886,0.2729,0.0994,0.498,0.1888,BCC+FCC
1,1.85,4.6585,0.0483,0.1954,0.2744,0.1066,0.5031,0.1838,BCC+FCC
1,1.8,4.666,0.0504,0.201,0.2757,0.1129,0.5061,0.1785,BCC+FCC
1,1.8,4.6745,0.0427,0.1748,0.2543,0.1064,0.4764,0.1812,BCC+FCC
1,1.75,4.682,0.0452,0.1791,0.255,0.1113,0.4796,0.1761,BCC+FCC
1,1.75,4.6595,0.047,0.1794,0.2555,0.0933,0.5222,0.2396,BCC+FCC
1,1.95,4.6675,0.0517,0.2075,0.2927,0.1042,0.494,0.16,BCC+FCC
1,1.8,4.707,0.0416,0.1708,0.2537,0.1125,0.4355,0.1503,BCC+FCC
1,1.9,4.676,0.0469,0.1894,0.2741,0.0997,0.5087,0.1858,BCC+FCC
1,1.75,4.707,0.0454,0.1787,0.2554,0.1121,0.4858,0.1727,BCC+FCC
1,1.9,4.6685,0.0473,0.1861,0.2735,0.0915,0.5303,0.2093,BCC+FCC
1,1.75,4.691,0.0548,0.207,0.2777,0.1132,0.5501,0.1944,BCC+FCC
1,1.75,4.6995,0.0468,0.1818,0.2563,0.1067,0.5188,0.1977,BCC+FCC
1,1.7,4.6845,0.0501,0.1853,0.2578,0.0938,0.5542,0.2544,BCC+FCC
1,1.8,4.5135,0.0454,0.1881,0.293,0.1075,0.4352,0.1759,BCC+FCC
1,1.65,4.5285,0.0535,0.2067,0.2981,0.1117,0.4768,0.1914,BCC+FCC
1,1.8,4.546,0.0453,0.19,0.2965,0.1126,0.4447,0.166,BCC+FCC
1,1.75,4.546,0.0488,0.1958,0.2971,0.1117,0.4661,0.1836,BCC+FCC
1,1.7,4.5535,0.0513,0.2013,0.299,0.1141,0.477,0.182,BCC+FCC
1,1.85,4.555,0.0516,0.208,0.3136,0.1174,0.4863,0.1772,BCC+FCC
1,1.8,4.571,0.0461,0.1903,0.2979,0.1135,0.4594,0.171,BCC+FCC
1,1.75,4.571,0.0496,0.1963,0.2987,0.1127,0.4831,0.1889,BCC+FCC
1,1.75,4.5635,0.0498,0.195,0.2974,0.1086,0.4891,0.2068,BCC+FCC
1,1.8,4.5485,0.0454,0.1804,0.2927,0.099,0.4726,0.2231,BCC+FCC
1,1.85,4.5885,0.0447,0.1849,0.2976,0.1108,0.4653,0.177,BCC+FCC
1,1.7,4.611,0.0531,0.1986,0.3015,0.1193,0.4812,0.166,BCC+FCC
1,1.85,4.581,0.0455,0.1833,0.2965,0.1058,0.4783,0.1972,BCC+FCC
1,1.8,4.581,0.0479,0.1881,0.297,0.1053,0.4952,0.2131,BCC+FCC
1,1.75,4.5735,0.0474,0.1858,0.2953,0.0993,0.5031,0.2429,BCC+FCC
1,1.9,4.6135,0.0414,0.179,0.2979,0.1121,0.4442,0.1584,BCC+FCC
1,1.85,4.621,0.045,0.1839,0.2991,0.1161,0.4452,0.1537,BCC+FCC
1,1.85,4.6135,0.0455,0.1854,0.2989,0.1116,0.4782,0.1785,BCC+FCC
1,1.9,4.5985,0.0439,0.1759,0.2961,0.1011,0.4844,0.2027,BCC+FCC
1,2,4.615,0.0467,0.1914,0.3141,0.1083,0.4768,0.1663,BCC+FCC
1,1.9,4.6385,0.0427,0.1792,0.2989,0.1129,0.4507,0.1576,BCC+FCC
1,1.95,4.615,0.0493,0.1959,0.3147,0.1083,0.5106,0.1862,BCC+FCC
1,1.7,4.661,0.0536,0.1976,0.3027,0.1215,0.4909,0.1631,BCC+FCC
1,1.85,4.631,0.0473,0.1852,0.2995,0.1073,0.5105,0.2008,BCC+FCC
1,1.8,4.6385,0.0498,0.1918,0.3009,0.1118,0.5188,0.197,BCC+FCC
1,1.9,4.616,0.0443,0.1716,0.2963,0.0952,0.5074,0.2234,BCC+FCC
1,1.85,4.6235,0.0471,0.1819,0.2984,0.1015,0.5198,0.2206,BCC+FCC
1,1.8,4.6235,0.0488,0.1861,0.2991,0.1012,0.5344,0.2358,BCC+FCC
1,1.75,4.6235,0.05,0.1898,0.2996,0.1008,0.5458,0.2502,BCC+FCC
1,1.7,4.616,0.0462,0.1829,0.2978,0.0943,0.544,0.2784,BCC+FCC
1,2.05,4.6325,0.0453,0.1841,0.3138,0.1014,0.4823,0.1692,BCC+FCC
1,2,4.64,0.0475,0.1924,0.3156,0.1086,0.4827,0.1635,BCC+FCC
1,1.95,4.6475,0.0496,0.1993,0.3172,0.1149,0.4803,0.1575,BCC+FCC
1,1.9,4.6635,0.0437,0.1793,0.2996,0.1136,0.4539,0.1551,BCC+FCC
1,1.85,4.671,0.0463,0.1836,0.3005,0.1177,0.4481,0.1489,BCC+FCC
1,1.95,4.64,0.0501,0.1971,0.3164,0.1087,0.5212,0.1842,BCC+FCC
1,1.9,4.6475,0.0527,0.2044,0.3181,0.1148,0.524,0.1789,BCC+FCC
1,1.8,4.671,0.0498,0.1906,0.3018,0.1171,0.4983,0.1712,BCC+FCC
1,1.75,4.6785,0.052,0.1942,0.3025,0.1202,0.496,0.1654,BCC+FCC
1,1.9,4.641,0.0453,0.1735,0.2981,0.0957,0.5258,0.2244,BCC+FCC
1,1.85,4.6485,0.0481,0.1833,0.3,0.1021,0.5373,0.221,BCC+FCC
1,1.85,4.641,0.0468,0.1774,0.2987,0.0956,0.5405,0.2397,BCC+FCC
1,1.8,4.7035,0.048,0.1863,0.3014,0.1219,0.4259,0.1363,BCC+FCC
1,2,4.6575,0.0485,0.1898,0.316,0.102,0.5268,0.1863,BCC+FCC
1,1.95,4.665,0.051,0.1982,0.3178,0.1091,0.5295,0.1807,BCC+FCC
1,1.9,4.6735,0.0466,0.1794,0.3004,0.1029,0.5304,0.2028,BCC+FCC
1,1.8,4.6885,0.0516,0.1924,0.3028,0.1133,0.5419,0.1931,BCC+FCC
1,1.85,4.666,0.0479,0.1793,0.3004,0.0962,0.5596,0.2397,BCC+FCC
1,1.85,4.5025,0.0489,0.1965,0.3332,0.1123,0.467,0.1751,BCC+FCC
1,1.95,4.5125,0.0442,0.1786,0.3298,0.1061,0.4605,0.1849,BCC+FCC
1,2,4.5375,0.0434,0.1767,0.3322,0.1074,0.46,0.1753,BCC+FCC
1,2.05,4.5625,0.0418,0.1737,0.334,0.1086,0.4485,0.1607,BCC+FCC
1,1.95,4.57,0.0468,0.1872,0.3367,0.1125,0.484,0.177,BCC+FCC
1,1.9,4.5775,0.0493,0.1946,0.3387,0.1161,0.4908,0.1737,BCC+FCC
1,1.95,4.5625,0.0462,0.1824,0.3346,0.1077,0.4969,0.1971,BCC+FCC
1,1.95,4.555,0.0444,0.174,0.3319,0.1022,0.5005,0.2146,BCC+FCC
1,2.1,4.605,0.0411,0.167,0.3355,0.1042,0.4653,0.1674,BCC+FCC
1,2.05,4.6125,0.0433,0.1762,0.3375,0.1099,0.4682,0.1629,BCC+FCC
1,2.05,4.605,0.0436,0.1715,0.336,0.104,0.4957,0.1868,BCC+FCC
1,1.95,4.6125,0.0483,0.1857,0.3386,0.1091,0.5289,0.2009,BCC+FCC
1,2,4.645,0.0462,0.1843,0.3404,0.1153,0.4716,0.1555,BCC+FCC
1,1.95,4.6375,0.0493,0.1871,0.3402,0.1098,0.5428,0.2004,BCC+FCC
1,1.9,4.6375,0.051,0.1913,0.3408,0.1094,0.5661,0.2176,BCC+FCC
1,2.1,4.655,0.0427,0.1699,0.3386,0.1053,0.4795,0.1639,BCC+FCC
1,2.05,4.6625,0.0448,0.1781,0.3401,0.1111,0.4767,0.1579,BCC+FCC
1,1.95,4.6775,0.0491,0.1903,0.3424,0.1201,0.459,0.1446,BCC+FCC
1,2.05,4.655,0.0454,0.1748,0.3393,0.1051,0.5185,0.1845,BCC+FCC
1,2,4.6625,0.0479,0.1835,0.3409,0.1108,0.5211,0.1793,BCC+FCC
1,1.9,4.67,0.0532,0.196,0.3432,0.1151,0.5598,0.1936,BCC+FCC
1,2.05,4.494,0.0431,0.1717,0.3625,0.1079,0.4793,0.1843,BCC+FCC
1,2.15,4.544,0.043,0.1714,0.3688,0.1104,0.4672,0.1606,BCC+FCC
1,2.05,4.5765,0.0484,0.1878,0.3738,0.115,0.5149,0.1787,BCC+FCC
1,2.15,4.594,0.0448,0.1754,0.3733,0.1117,0.4864,0.1631,BCC+FCC
1,2.1,4.594,0.0466,0.1791,0.3735,0.1114,0.5206,0.183,BCC+FCC
1,2.05,4.6015,0.0494,0.1894,0.3758,0.1158,0.5254,0.1788,BCC+FCC
1,2.15,4.619,0.0457,0.1771,0.3751,0.1124,0.492,0.1616,BCC+FCC
1,2.1,4.6265,0.0482,0.1863,0.3771,0.1171,0.4891,0.156,BCC+FCC
4,1.75,4.659,0.038,0.1851,0.1667,0.1976,0.3852,0.1648,FCC
4,1.8,4.669,0.0367,0.1822,0.1683,0.1853,0.4148,0.1922,FCC
1,1.5,4.564,0.0482,0.1742,0.1818,0.1237,0.3914,0.1675,BCC+FCC
1,1.65,4.524,0.0427,0.1757,0.1831,0.123,0.3623,0.1831,BCC+FCC
1,1.55,4.5415,0.043,0.1752,0.1796,0.1117,0.3757,0.1957,BCC+FCC
1,1.6,4.574,0.0425,0.1668,0.1801,0.1177,0.3854,0.1776,BCC+FCC
1,1.6,4.5965,0.0475,0.1788,0.1893,0.1395,0.3967,0.1625,BCC+FCC
1,1.5,4.614,0.0479,0.1726,0.183,0.1255,0.426,0.1808,BCC+FCC
1,1.45,4.614,0.0511,0.181,0.1851,0.1247,0.4474,0.1978,BCC+FCC
1,1.55,4.6315,0.0459,0.1694,0.1827,0.1231,0.4322,0.1869,BCC+FCC
1,1.5,4.639,0.0474,0.1717,0.1833,0.1263,0.4411,0.1839,BCC+FCC
1,1.5,4.6315,0.0491,0.1776,0.1848,0.1225,0.4536,0.2037,BCC+FCC
1,1.45,4.639,0.0509,0.1802,0.1855,0.1256,0.4647,0.2013,BCC+FCC
1,1.65,4.639,0.0456,0.1746,0.1896,0.1356,0.415,0.17,BCC+FCC
1,1.95,4.5965,0.046,0.177,0.2034,0.1228,0.3745,0.1581,BCC+FCC
1,1.65,4.664,0.0457,0.1741,0.1901,0.1359,0.4249,0.1695,BCC+FCC
1,1.8,4.624,0.0442,0.172,0.1945,0.12,0.4306,0.2003,BCC+FCC
2,1.85,4.6665,0.0355,0.1526,0.1862,0.1163,0.386,0.1619,FCC
1,1.9,4.6315,0.0448,0.1715,0.2,0.1175,0.4176,0.1821,BCC+FCC
1,1.9,4.6565,0.0457,0.1731,0.2018,0.1172,0.4293,0.1802,BCC+FCC
1,1.75,4.689,0.0474,0.1812,0.1984,0.1351,0.4361,0.1695,BCC+FCC
1,1.8,4.674,0.046,0.1743,0.1975,0.1197,0.4613,0.1993,BCC+FCC
1,1.7,4.5455,0.0437,0.1678,0.2355,0.1267,0.3602,0.1273,BCC+FCC
1,1.55,4.553,0.0517,0.1868,0.2394,0.1272,0.4227,0.1663,BCC+FCC
1,1.75,4.5055,0.0435,0.1753,0.2352,0.1248,0.3827,0.1821,BCC+FCC
1,1.65,4.5305,0.0443,0.1794,0.2354,0.1181,0.4004,0.1821,BCC+FCC
1,1.65,4.523,0.0444,0.1773,0.2337,0.1134,0.3957,0.1947,BCC+FCC
1,1.7,4.498,0.0425,0.1699,0.2319,0.1188,0.3839,0.2062,BCC+FCC
1,1.7,4.5705,0.044,0.1672,0.2363,0.1276,0.3729,0.1357,BCC+FCC
1,1.65,4.578,0.0463,0.1698,0.2372,0.1301,0.3773,0.1329,BCC+FCC
1,1.7,4.5455,0.0473,0.1877,0.2421,0.1359,0.4156,0.177,BCC+FCC
1,1.7,4.5555,0.0415,0.1736,0.2361,0.1194,0.4054,0.177,BCC+FCC
1,1.65,4.563,0.0455,0.1789,0.2377,0.1231,0.4177,0.1763,BCC+FCC
1,1.8,4.523,0.0417,0.1661,0.2347,0.1187,0.3895,0.1932,BCC+FCC
1,1.75,4.5305,0.0446,0.177,0.2378,0.1252,0.4048,0.1937,BCC+FCC
1,1.95,4.5205,0.0438,0.1702,0.2424,0.1302,0.3851,0.1705,BCC+FCC
1,1.8,4.563,0.0424,0.1758,0.2408,0.1311,0.3997,0.1673,BCC+FCC
1,1.7,4.588,0.044,0.1714,0.2375,0.1245,0.4107,0.1645,BCC+FCC
1,1.7,4.5705,0.0482,0.1881,0.2437,0.1363,0.4332,0.1832,BCC+FCC
1,1.7,4.5805,0.0428,0.1738,0.2374,0.1201,0.424,0.1844,BCC+FCC
1,1.55,4.603,0.0522,0.1856,0.241,0.1292,0.454,0.1782,BCC+FCC
1,1.65,4.5805,0.0461,0.1804,0.2386,0.1196,0.4416,0.2005,BCC+FCC
1,1.9,4.5705,0.0433,0.1771,0.2453,0.1364,0.3817,0.152,BCC+FCC
1,1.9,4.563,0.0437,0.1732,0.2436,0.1296,0.404,0.1749,BCC+FCC
1,1.8,4.588,0.0431,0.1764,0.2423,0.1315,0.4149,0.1717,BCC+FCC
1,1.7,4.613,0.0446,0.171,0.2383,0.1252,0.4243,0.1683,BCC+FCC
1,1.8,4.5805,0.0441,0.1748,0.2413,0.1256,0.4283,0.1919,BCC+FCC
1,1.75,4.598,0.0409,0.1682,0.2371,0.1161,0.4303,0.1914,BCC+FCC
1,1.6,4.6205,0.0501,0.1822,0.2407,0.1278,0.46,0.1839,BCC+FCC
1,1.7,4.598,0.0445,0.1745,0.2382,0.1158,0.4479,0.2075,BCC+FCC
1,1.7,4.5905,0.0446,0.1722,0.2373,0.1102,0.4469,0.2233,BCC+FCC
1,1.75,4.5655,0.0427,0.1643,0.2376,0.1124,0.4382,0.238,BCC+FCC
1,1.9,4.588,0.0446,0.1747,0.2457,0.1296,0.4192,0.1777,BCC+FCC
1,1.65,4.6455,0.0467,0.1736,0.2395,0.1293,0.4397,0.1658,BCC+FCC
1,1.75,4.623,0.0416,0.1686,0.2383,0.1166,0.4475,0.195,BCC+FCC
1,1.85,4.5905,0.0419,0.1605,0.2392,0.1117,0.4386,0.2159,BCC+FCC
1,1.8,4.598,0.0448,0.1718,0.2417,0.1193,0.4521,0.2139,BCC+FCC
1,1.75,4.6155,0.0429,0.1678,0.2379,0.1109,0.4541,0.2136,BCC+FCC
1,1.7,4.623,0.0454,0.1751,0.2395,0.1164,0.4668,0.2114,BCC+FCC
1,1.6,4.638,0.0512,0.1856,0.242,0.1248,0.4894,0.2061,BCC+FCC
1,1.65,4.6155,0.0479,0.1785,0.2399,0.1106,0.4786,0.2424,BCC+FCC
1,1.95,4.6055,0.043,0.1661,0.2453,0.1213,0.4253,0.1825,BCC+FCC
1,1.6,4.678,0.047,0.1747,0.24,0.1328,0.4452,0.1596,BCC+FCC
1,1.85,4.623,0.0434,0.1684,0.2426,0.1191,0.4517,0.2001,BCC+FCC
1,1.7,4.6455,0.0509,0.1889,0.2472,0.1375,0.4772,0.1892,BCC+FCC
1,1.65,4.663,0.0484,0.178,0.241,0.1261,0.479,0.1892,BCC+FCC
1,1.85,4.6155,0.0429,0.1627,0.2413,0.1118,0.4583,0.2192,BCC+FCC
1,1.75,4.6305,0.0486,0.1821,0.2455,0.1262,0.4827,0.2136,BCC+FCC
1,1.75,4.623,0.0476,0.1777,0.2444,0.1198,0.486,0.2318,BCC+FCC
1,1.65,4.648,0.0496,0.1817,0.2419,0.1167,0.5013,0.2291,BCC+FCC
1,1.7,4.633,0.0458,0.1704,0.2395,0.105,0.4848,0.2478,BCC+FCC
4,1.95,4.658,0.0313,0.1414,0.235,0.1048,0.4038,0.1669,FCC
1,1.75,4.6805,0.0431,0.1661,0.2391,0.1229,0.451,0.1731,BCC+FCC
1,1.7,4.688,0.0447,0.1695,0.2396,0.1272,0.4521,0.168,BCC+FCC
1,1.85,4.638,0.0488,0.1821,0.25,0.1301,0.4741,0.1967,BCC+FCC
1,1.8,4.6655,0.041,0.163,0.2389,0.1119,0.4694,0.2006,BCC+FCC
1,1.75,4.663,0.0493,0.1838,0.2469,0.1324,0.483,0.1924,BCC+FCC
1,1.7,4.673,0.0472,0.1759,0.2415,0.1175,0.5014,0.2139,BCC+FCC
1,1.65,4.6805,0.05,0.181,0.2424,0.1223,0.511,0.2102,BCC+FCC
1,1.75,4.658,0.0449,0.167,0.24,0.1054,0.4942,0.2359,BCC+FCC
1,1.7,4.6655,0.0477,0.1754,0.2416,0.1118,0.5074,0.2331,BCC+FCC
1,1.85,4.678,0.0486,0.1855,0.2517,0.1433,0.3952,0.1403,BCC+FCC
1,1.95,4.6555,0.0448,0.1695,0.2487,0.121,0.4499,0.1807,BCC+FCC
1,1.85,4.6805,0.0441,0.1718,0.2453,0.1261,0.455,0.1757,BCC+FCC
1,1.75,4.6955,0.0489,0.182,0.2469,0.1382,0.4542,0.1643,BCC+FCC
1,1.85,4.6655,0.045,0.1664,0.2448,0.1119,0.4948,0.2208,BCC+FCC
1,1.8,4.673,0.0478,0.176,0.2465,0.1198,0.5054,0.217,BCC+FCC
1,1.7,4.6905,0.0487,0.1761,0.2426,0.1122,0.5259,0.2331,BCC+FCC
1,1.75,4.6655,0.0478,0.1745,0.2466,0.1129,0.5245,0.2514,BCC+FCC
1,1.8,4.5195,0.0421,0.1776,0.2813,0.1245,0.3985,0.1482,BCC+FCC
1,1.85,4.4945,0.0447,0.1791,0.2809,0.1321,0.4034,0.1668,BCC+FCC
1,1.75,4.5195,0.0455,0.1836,0.2819,0.1238,0.4186,0.1662,BCC+FCC
1,1.7,4.527,0.048,0.1896,0.284,0.1266,0.4308,0.1662,BCC+FCC
1,1.65,4.527,0.0513,0.1956,0.2847,0.1257,0.4481,0.1826,BCC+FCC
1,1.7,4.5045,0.0454,0.1794,0.2775,0.1147,0.4232,0.2063,BCC+FCC
1,1.9,4.512,0.0428,0.17,0.2804,0.1268,0.4099,0.1776,BCC+FCC
1,1.8,4.5295,0.0437,0.1735,0.2796,0.1163,0.4265,0.192,BCC+FCC
1,1.75,4.537,0.0466,0.1825,0.2821,0.1205,0.4408,0.1922,BCC+FCC
1,1.7,4.5445,0.0495,0.1899,0.2843,0.124,0.4543,0.1919,BCC+FCC
1,1.65,4.5295,0.0473,0.1848,0.2803,0.1149,0.4529,0.2313,BCC+FCC
1,1.9,4.5445,0.0444,0.1777,0.2852,0.1328,0.4193,0.167,BCC+FCC
1,1.85,4.5545,0.0423,0.17,0.2812,0.1173,0.4313,0.1853,BCC+FCC
1,1.8,4.562,0.0448,0.178,0.2833,0.1217,0.4433,0.184,BCC+FCC
1,1.75,4.562,0.0476,0.1835,0.284,0.1212,0.4606,0.2001,BCC+FCC
1,1.7,4.5695,0.0505,0.1905,0.286,0.1248,0.4732,0.1989,BCC+FCC
1,1.7,4.547,0.0447,0.1747,0.2799,0.111,0.4592,0.2408,BCC+FCC
1,1.9,4.562,0.0449,0.174,0.2853,0.1274,0.4475,0.1917,BCC+FCC
1,1.85,4.5695,0.0478,0.1837,0.2877,0.1332,0.4584,0.1895,BCC+FCC
1,1.65,4.6095,0.0543,0.194,0.2889,0.1315,0.4858,0.1807,BCC+FCC
1,1.85,4.562,0.0464,0.1778,0.2856,0.1275,0.4647,0.2077,BCC+FCC
1,1.7,4.562,0.0473,0.1861,0.2862,0.1278,0.4967,0.2494,BCC+FCC
1,1.85,4.602,0.0487,0.1871,0.2906,0.1388,0.453,0.1702,BCC+FCC
1,1.8,4.6195,0.0461,0.1785,0.2864,0.1275,0.4548,0.1701,BCC+FCC
1,1.7,4.6345,0.0514,0.1862,0.2883,0.1333,0.4595,0.1615,BCC+FCC
1,1.9,4.587,0.0459,0.1757,0.2873,0.1276,0.4645,0.1952,BCC+FCC
1,1.85,4.5945,0.0488,0.1849,0.2895,0.1335,0.4742,0.1923,BCC+FCC
1,1.75,4.6195,0.0491,0.1852,0.2875,0.1269,0.4846,0.1889,BCC+FCC
1,1.75,4.612,0.0497,0.1852,0.2871,0.1226,0.4972,0.2088,BCC+FCC
1,1.7,4.6195,0.0525,0.1914,0.2886,0.1264,0.5079,0.2061,BCC+FCC
1,1.8,4.5795,0.0451,0.173,0.2856,0.1218,0.4949,0.2426,BCC+FCC
1,1.75,4.597,0.0469,0.1764,0.2844,0.1125,0.497,0.2421,BCC+FCC
1,1.7,4.5795,0.0435,0.1758,0.2857,0.1222,0.5087,0.2682,BCC+FCC
1,1.85,4.637,0.0438,0.1734,0.2862,0.124,0.4605,0.1745,BCC+FCC
1,1.75,4.652,0.0495,0.1826,0.2881,0.1315,0.4649,0.1652,BCC+FCC
1,1.7,4.6595,0.0513,0.1857,0.2887,0.1342,0.4632,0.16,BCC+FCC
1,1.95,4.5945,0.0472,0.1773,0.2913,0.132,0.4783,0.1971,BCC+FCC
1,1.9,4.612,0.0469,0.1773,0.2892,0.1278,0.4802,0.1969,BCC+FCC
1,1.8,4.637,0.0475,0.1798,0.2873,0.1237,0.4905,0.1932,BCC+FCC
1,1.85,4.612,0.0487,0.1815,0.2898,0.128,0.5012,0.2137,BCC+FCC
1,1.7,4.6445,0.0536,0.1917,0.2896,0.1271,0.5235,0.207,BCC+FCC
1,1.7,4.622,0.0489,0.1819,0.2869,0.1128,0.527,0.2593,BCC+FCC
1,2,4.6195,0.0471,0.176,0.2929,0.1314,0.4628,0.1781,BCC+FCC
1,2,4.6295,0.043,0.1643,0.2881,0.1208,0.4593,0.1826,BCC+FCC
1,1.9,4.6445,0.048,0.1816,0.2915,0.134,0.4678,0.1734,BCC+FCC
1,1.8,4.6695,0.0477,0.1784,0.2879,0.1288,0.4703,0.1683,BCC+FCC
1,1.75,4.677,0.0497,0.1822,0.2885,0.1323,0.4683,0.1628,BCC+FCC
1,1.9,4.647,0.0434,0.1659,0.2855,0.1138,0.4881,0.2008,BCC+FCC
1,1.9,4.6295,0.0466,0.1725,0.2894,0.1216,0.5072,0.2176,BCC+FCC
1,1.9,4.6395,0.0431,0.161,0.2846,0.1074,0.4976,0.2206,BCC+FCC
1,1.9,4.687,0.0424,0.1664,0.2863,0.1254,0.4251,0.1485,BCC+FCC
1,1.85,4.6945,0.0443,0.1705,0.2869,0.1298,0.4151,0.1417,BCC+FCC
1,1.8,4.702,0.0455,0.1737,0.2873,0.1336,0.3994,0.1343,BCC+FCC
1,1.95,4.672,0.041,0.161,0.2856,0.1142,0.472,0.1813,BCC+FCC
1,1.85,4.6695,0.0518,0.1879,0.2937,0.1344,0.5122,0.1906,BCC+FCC
1,1.85,4.6795,0.0468,0.1744,0.2879,0.12,0.5089,0.1956,BCC+FCC
1,1.8,4.687,0.0493,0.1805,0.2889,0.1249,0.5139,0.1908,BCC+FCC
1,1.85,4.662,0.051,0.1846,0.293,0.1285,0.5333,0.2132,BCC+FCC
1,2,4.526,0.045,0.1758,0.3236,0.1345,0.4386,0.1667,BCC+FCC
1,1.85,4.551,0.0488,0.1874,0.3253,0.127,0.4731,0.1821,BCC+FCC
1,1.85,4.5685,0.0489,0.1848,0.3253,0.1236,0.4979,0.2053,BCC+FCC
1,2.05,4.5685,0.0442,0.1684,0.3256,0.1292,0.4593,0.1774,BCC+FCC
1,1.95,4.5935,0.0454,0.1763,0.326,0.1251,0.468,0.1738,BCC+FCC
1,1.85,4.6085,0.0504,0.1894,0.3292,0.1322,0.4766,0.1661,BCC+FCC
1,1.85,4.5935,0.05,0.1862,0.3272,0.1243,0.5156,0.2088,BCC+FCC
1,2.05,4.5935,0.0452,0.1706,0.3277,0.1294,0.4721,0.1788,BCC+FCC
1,2,4.6035,0.0433,0.1631,0.3242,0.1153,0.4911,0.2,BCC+FCC
1,1.95,4.611,0.0461,0.1738,0.3263,0.1207,0.5006,0.1968,BCC+FCC
1,1.85,4.6035,0.0459,0.1727,0.3251,0.1149,0.5363,0.2457,BCC+FCC
1,1.8,4.6035,0.0456,0.1748,0.3252,0.1146,0.545,0.2592,BCC+FCC
1,1.95,4.6435,0.0472,0.178,0.3287,0.1263,0.4877,0.1738,BCC+FCC
1,1.9,4.651,0.0497,0.1845,0.33,0.1304,0.4883,0.1687,BCC+FCC
1,1.85,4.6585,0.0523,0.1897,0.3311,0.1337,0.4859,0.1633,BCC+FCC
1,2,4.6285,0.0443,0.1651,0.326,0.1157,0.5065,0.2009,BCC+FCC
1,1.9,4.636,0.0491,0.1798,0.3285,0.121,0.5381,0.2142,BCC+FCC
1,2.05,4.6435,0.0473,0.1744,0.3314,0.1298,0.4915,0.1765,BCC+FCC
1,1.95,4.6685,0.0481,0.1787,0.3297,0.1268,0.4936,0.1713,BCC+FCC
1,1.9,4.4825,0.0473,0.1865,0.3554,0.1261,0.4723,0.1805,BCC+FCC
1,1.95,4.5175,0.0425,0.1666,0.354,0.12,0.4965,0.2143,BCC+FCC
1,2.05,4.65,0.0493,0.1805,0.3676,0.1284,0.5113,0.1717,BCC+FCC
1,1.55,4.4865,0.046,0.1646,0.1748,0.138,0.3669,0.1941,BCC+FCC
1,1.55,4.5465,0.0427,0.1563,0.1723,0.1119,0.3672,0.1738,BCC+FCC
1,1.5,4.4865,0.0483,0.1724,0.1766,0.1357,0.3833,0.2069,BCC+FCC
1,1.45,4.494,0.0517,0.1763,0.1781,0.1316,0.3978,0.2088,BCC+FCC
1,1.45,4.514,0.0505,0.1737,0.1772,0.1272,0.3977,0.2028,BCC+FCC
1,1.45,4.5465,0.0473,0.1727,0.176,0.1088,0.395,0.2022,BCC+FCC
1,1.5,4.5115,0.0436,0.1703,0.1741,0.1186,0.3697,0.2141,BCC+FCC
1,1.45,4.519,0.0468,0.1769,0.1764,0.1187,0.3877,0.2174,BCC+FCC
1,1.4,4.479,0.051,0.1862,0.1788,0.1322,0.3958,0.2362,BCC+FCC
1,1.4,4.4715,0.0477,0.1835,0.1771,0.133,0.3818,0.2404,BCC+FCC
1,1.4,4.4915,0.0479,0.1825,0.1768,0.1256,0.3809,0.2373,BCC+FCC
1,1.6,4.5115,0.044,0.1557,0.1739,0.1418,0.3642,0.1917,BCC+FCC
1,1.55,4.5315,0.0454,0.1615,0.175,0.1334,0.3869,0.1993,BCC+FCC
1,1.5,4.519,0.0492,0.1676,0.177,0.1362,0.3986,0.2064,BCC+FCC
1,1.5,4.4965,0.0465,0.1741,0.1771,0.1386,0.3956,0.2388,BCC+FCC
1,1.5,4.544,0.0491,0.1668,0.1775,0.1381,0.4157,0.2142,BCC+FCC
1,1.5,4.584,0.046,0.1607,0.1754,0.1254,0.4168,0.1991,BCC+FCC
1,1.4,4.604,0.0509,0.1751,0.1788,0.1118,0.4529,0.2213,BCC+FCC
1,1.5,4.5615,0.0459,0.1715,0.1776,0.1212,0.4181,0.2406,BCC+FCC
1,1.45,4.569,0.0494,0.1774,0.1793,0.1216,0.4345,0.2413,BCC+FCC
1,1.4,4.629,0.0506,0.1744,0.1791,0.1134,0.4725,0.2265,BCC+FCC
1,1.45,4.614,0.0491,0.1753,0.1795,0.1106,0.4562,0.2425,BCC+FCC
1,1.5,4.559,0.0468,0.1724,0.1793,0.1319,0.4324,0.266,BCC+FCC
1,1.55,4.5915,0.0467,0.1674,0.1791,0.136,0.4517,0.249,BCC+FCC
1,1.5,4.6115,0.0482,0.1723,0.1801,0.1237,0.4628,0.2554,BCC+FCC
4,1.85,4.6415,0.0276,0.116,0.1675,0.1065,0.3653,0.1798,FCC
4,1.95,4.6315,0.0226,0.1025,0.1671,0.1161,0.3623,0.1972,FCC
1,1.9,4.659,0.025,0.1087,0.1672,0.1013,0.3719,0.1849,FCC
4,1.85,4.6665,0.0278,0.1157,0.1679,0.1071,0.379,0.1812,FCC
3,1.9,4.6515,0.0238,0.1097,0.1682,0.0944,0.3877,0.2052,FCC
2,1.95,4.6765,0.0225,0.1002,0.1669,0.0949,0.3783,0.1892,FCC
2,1.9,4.684,0.0255,0.1088,0.1676,0.1019,0.3853,0.1853,FCC
3,1.85,4.6915,0.0278,0.1153,0.1681,0.1078,0.3906,0.181,FCC
1,1.7,4.5355,0.0412,0.1526,0.229,0.1168,0.3531,0.1378,BCC+FCC
1,1.65,4.528,0.042,0.1654,0.2304,0.1133,0.3876,0.1729,BCC+FCC
1,1.6,4.5355,0.0458,0.1697,0.2319,0.1135,0.4008,0.1738,BCC+FCC
1,1.6,4.488,0.0462,0.1767,0.2325,0.1308,0.4031,0.2002,BCC+FCC
1,1.55,4.528,0.0464,0.1794,0.2327,0.1102,0.4147,0.2013,BCC+FCC
1,1.45,4.543,0.0541,0.1885,0.2359,0.1086,0.4451,0.2039,BCC+FCC
1,1.7,4.553,0.0407,0.1572,0.2302,0.116,0.3864,0.1675,BCC+FCC
1,1.65,4.5605,0.0437,0.1609,0.2313,0.1166,0.3966,0.1667,BCC+FCC
1,1.6,4.528,0.0488,0.1697,0.2337,0.1313,0.4036,0.1828,BCC+FCC
1,1.65,4.553,0.043,0.1653,0.2316,0.1147,0.4073,0.184,BCC+FCC
1,1.55,4.548,0.0503,0.1752,0.2345,0.123,0.43,0.1909,BCC+FCC
1,1.5,4.568,0.0518,0.1805,0.2353,0.1125,0.4501,0.1987,BCC+FCC
1,1.45,4.568,0.0547,0.1881,0.2368,0.1104,0.4655,0.2132,BCC+FCC
1,1.7,4.578,0.0412,0.1568,0.231,0.1173,0.403,0.1753,BCC+FCC
1,1.7,4.5705,0.0403,0.1602,0.2313,0.1146,0.4137,0.1929,BCC+FCC
1,1.6,4.5455,0.0494,0.1741,0.235,0.1339,0.4356,0.2064,BCC+FCC
1,1.6,4.5655,0.048,0.1715,0.2343,0.1265,0.4362,0.1987,BCC+FCC
1,1.55,4.573,0.0503,0.1745,0.2351,0.1247,0.4458,0.1973,BCC+FCC
1,1.55,4.593,0.0487,0.1716,0.2343,0.1161,0.4465,0.1889,BCC+FCC
1,1.65,4.5705,0.0426,0.1675,0.2326,0.1134,0.4301,0.2079,BCC+FCC
1,1.6,4.578,0.0464,0.1727,0.234,0.1146,0.4436,0.2073,BCC+FCC
1,1.55,4.5655,0.0509,0.1792,0.2358,0.1246,0.4561,0.2138,BCC+FCC
1,1.55,4.5855,0.0495,0.1768,0.2351,0.1149,0.4563,0.2064,BCC+FCC
1,1.5,4.593,0.0519,0.1799,0.236,0.1142,0.468,0.205,BCC+FCC
1,1.65,4.563,0.0427,0.1672,0.232,0.1103,0.4276,0.2216,BCC+FCC
1,1.55,4.5705,0.0486,0.1803,0.2349,0.1108,0.4529,0.2347,BCC+FCC
1,1.55,4.523,0.0474,0.1802,0.2344,0.1314,0.4448,0.2563,BCC+FCC
1,1.5,4.5505,0.0515,0.1874,0.2363,0.1212,0.4611,0.2523,BCC+FCC
1,1.65,4.5905,0.045,0.1625,0.2332,0.1297,0.4238,0.187,BCC+FCC
1,1.6,4.598,0.0465,0.1649,0.2337,0.1284,0.429,0.1843,BCC+FCC
1,1.55,4.618,0.0483,0.1707,0.2346,0.1177,0.461,0.1927,BCC+FCC
1,1.7,4.588,0.0404,0.1615,0.2322,0.1124,0.4365,0.2156,BCC+FCC
1,1.65,4.5555,0.0464,0.1717,0.2348,0.1369,0.4498,0.2288,BCC+FCC
1,1.6,4.603,0.0472,0.1725,0.2348,0.1159,0.4625,0.2131,BCC+FCC
1,1.5,4.618,0.0517,0.1792,0.2364,0.1158,0.4849,0.2092,BCC+FCC
1,1.7,4.608,0.0429,0.1587,0.233,0.1314,0.4298,0.1926,BCC+FCC
1,1.6,4.6355,0.0464,0.1675,0.2344,0.1193,0.467,0.1978,BCC+FCC
1,1.6,4.628,0.0478,0.1723,0.2355,0.1172,0.4802,0.2168,BCC+FCC
1,1.55,4.6355,0.0499,0.1758,0.2362,0.1178,0.4909,0.2143,BCC+FCC
1,1.65,4.593,0.046,0.1703,0.2352,0.1262,0.4703,0.242,BCC+FCC
1,1.65,4.613,0.0448,0.1686,0.2347,0.1125,0.4701,0.2351,BCC+FCC
1,1.6,4.6205,0.0478,0.1748,0.236,0.1146,0.484,0.2336,BCC+FCC
1,1.65,4.5655,0.0451,0.1689,0.235,0.1355,0.4664,0.2618,BCC+FCC
1,1.65,4.5855,0.0449,0.1679,0.2346,0.1236,0.4659,0.2558,BCC+FCC
1,1.55,4.613,0.05,0.1804,0.2371,0.1103,0.4893,0.2613,BCC+FCC
1,1.65,4.653,0.0446,0.1638,0.2342,0.1197,0.4729,0.2022,BCC+FCC
1,1.65,4.6455,0.0457,0.1677,0.2352,0.1168,0.4863,0.2215,BCC+FCC
1,1.7,4.6105,0.044,0.1634,0.2349,0.1256,0.4765,0.2477,BCC+FCC
1,1.6,4.6455,0.0489,0.1749,0.2368,0.1157,0.5033,0.2366,BCC+FCC
1,1.7,4.603,0.0426,0.1594,0.2343,0.1224,0.4722,0.262,BCC+FCC
1,1.6,4.638,0.0488,0.1754,0.2371,0.1125,0.5022,0.2526,BCC+FCC
1,1.65,4.623,0.0441,0.1634,0.2349,0.1052,0.4792,0.2682,BCC+FCC
1,1.65,4.678,0.0444,0.1632,0.2344,0.1208,0.4854,0.2021,BCC+FCC
1,1.7,4.5045,0.0477,0.1769,0.2801,0.1243,0.4094,0.1647,BCC+FCC
1,1.7,4.5245,0.0466,0.1745,0.2796,0.1159,0.4101,0.1561,BCC+FCC
1,1.75,4.5095,0.0415,0.1712,0.2772,0.1147,0.4076,0.172,BCC+FCC
1,1.7,4.517,0.0447,0.1771,0.2791,0.1148,0.4205,0.1729,BCC+FCC
1,1.6,4.517,0.0506,0.1897,0.2807,0.1112,0.4492,0.2019,BCC+FCC
1,1.5,4.4895,0.0511,0.1978,0.2799,0.116,0.455,0.239,BCC+FCC
1,1.65,4.537,0.0513,0.1799,0.2822,0.1233,0.431,0.1727,BCC+FCC
1,1.7,4.5345,0.0457,0.178,0.2796,0.1146,0.4429,0.1984,BCC+FCC
1,1.65,4.502,0.0513,0.1875,0.282,0.1308,0.4562,0.2122,BCC+FCC
1,1.55,4.557,0.0557,0.1925,0.2841,0.1117,0.4807,0.1974,BCC+FCC
1,1.7,4.527,0.0453,0.1761,0.2782,0.1123,0.4403,0.2113,BCC+FCC
1,1.65,4.582,0.0498,0.1764,0.2823,0.1179,0.4435,0.1686,BCC+FCC
1,1.65,4.547,0.0512,0.186,0.283,0.1257,0.4749,0.2134,BCC+FCC
1,1.7,4.532,0.0469,0.1783,0.2802,0.1256,0.4621,0.2276,BCC+FCC
1,1.7,4.552,0.0464,0.1772,0.28,0.1136,0.4618,0.2212,BCC+FCC
1,1.65,4.532,0.0484,0.1832,0.2808,0.124,0.472,0.24,BCC+FCC
1,1.65,4.552,0.0484,0.1822,0.2806,0.1123,0.4715,0.2341,BCC+FCC
1,1.75,4.5845,0.0447,0.1722,0.2812,0.1186,0.4618,0.1972,BCC+FCC
1,1.65,4.5995,0.0509,0.181,0.2834,0.1189,0.4797,0.1926,BCC+FCC
1,1.75,4.5495,0.0446,0.1706,0.2798,0.1264,0.4683,0.2356,BCC+FCC
1,1.7,4.577,0.0476,0.1781,0.2816,0.1148,0.4825,0.2284,BCC+FCC
1,1.75,4.542,0.042,0.1639,0.2779,0.1239,0.4622,0.2479,BCC+FCC
1,1.65,4.557,0.0498,0.1844,0.2826,0.1254,0.4936,0.248,BCC+FCC
1,1.75,4.5895,0.0473,0.1745,0.2827,0.1311,0.4767,0.2091,BCC+FCC
1,1.8,4.5945,0.0431,0.1655,0.2804,0.115,0.4749,0.2206,BCC+FCC
1,1.7,4.582,0.0494,0.1803,0.2833,0.1282,0.5026,0.2405,BCC+FCC
1,1.75,4.567,0.0434,0.166,0.28,0.125,0.4844,0.2554,BCC+FCC
1,1.85,4.612,0.0412,0.1576,0.2801,0.1129,0.481,0.2262,BCC+FCC
1,1.8,4.592,0.0436,0.1637,0.2812,0.127,0.495,0.2475,BCC+FCC
1,1.8,4.612,0.0434,0.1628,0.2809,0.1121,0.4948,0.2405,BCC+FCC
1,1.75,4.612,0.0451,0.1675,0.2817,0.1113,0.5055,0.2541,BCC+FCC
1,1.7,4.6195,0.0486,0.1772,0.2835,0.1141,0.5205,0.2525,BCC+FCC
1,1.8,4.6595,0.0439,0.1646,0.2821,0.1233,0.4693,0.184,BCC+FCC
1,1.8,4.652,0.0447,0.1672,0.2827,0.1204,0.4973,0.2061,BCC+FCC
1,1.75,4.652,0.048,0.174,0.2839,0.1194,0.5212,0.2226,BCC+FCC
1,1.8,4.6295,0.0428,0.1579,0.2813,0.1085,0.5117,0.2591,BCC+FCC
1,1.85,4.6695,0.0427,0.1614,0.2824,0.1187,0.5031,0.2094,BCC+FCC
1,1.85,4.6545,0.0425,0.1555,0.282,0.1099,0.5207,0.2473,BCC+FCC
1,1.7,4.521,0.0532,0.19,0.3243,0.1127,0.4452,0.1541,BCC+FCC
1,1.8,4.4985,0.0458,0.1816,0.3197,0.1161,0.4398,0.1721,BCC+FCC
1,1.75,4.4785,0.0489,0.1882,0.3202,0.1234,0.4557,0.1938,BCC+FCC
1,1.75,4.5385,0.0507,0.1861,0.324,0.1173,0.4511,0.1631,BCC+FCC
1,1.7,4.546,0.0537,0.1895,0.3252,0.1147,0.4564,0.1611,BCC+FCC
1,1.8,4.5235,0.0469,0.1822,0.3214,0.1176,0.4578,0.1826,BCC+FCC
1,1.7,4.5385,0.0533,0.193,0.3249,0.1151,0.4781,0.1809,BCC+FCC
1,1.7,4.5235,0.0517,0.193,0.3225,0.1141,0.4887,0.212,BCC+FCC
1,1.65,4.516,0.0498,0.1928,0.3206,0.1111,0.4909,0.2362,BCC+FCC
1,1.75,4.5635,0.0514,0.1858,0.325,0.119,0.4622,0.1684,BCC+FCC
1,1.8,4.5485,0.0479,0.1828,0.323,0.1191,0.4745,0.19,BCC+FCC
1,1.75,4.581,0.052,0.1884,0.3257,0.1201,0.4982,0.1925,BCC+FCC
1,1.85,4.5585,0.0454,0.1738,0.3213,0.1175,0.4874,0.2139,BCC+FCC
1,1.75,4.551,0.0443,0.1739,0.3197,0.1123,0.5032,0.2538,BCC+FCC
1,1.8,4.606,0.0499,0.1815,0.3256,0.1233,0.4765,0.1764,BCC+FCC
1,1.85,4.576,0.0447,0.1696,0.3214,0.1156,0.5071,0.2346,BCC+FCC
1,1.8,4.5835,0.0483,0.1798,0.3236,0.1175,0.5209,0.2332,BCC+FCC
1,1.8,4.631,0.0504,0.1812,0.3262,0.1247,0.4823,0.1764,BCC+FCC
1,1.85,4.596,0.0493,0.1795,0.3255,0.1336,0.5089,0.2111,BCC+FCC
1,1.8,4.601,0.047,0.1754,0.3237,0.1156,0.5386,0.2523,BCC+FCC
1,1.85,4.6485,0.0485,0.1769,0.326,0.1258,0.4876,0.1797,BCC+FCC
1,1.9,4.6335,0.0463,0.1716,0.3249,0.1219,0.5156,0.2063,BCC+FCC
1,1.85,4.641,0.0491,0.1784,0.3261,0.1236,0.522,0.2025,BCC+FCC
1,1.9,4.626,0.0456,0.1685,0.3242,0.1185,0.5292,0.2258,BCC+FCC
1,1.85,4.6335,0.0489,0.1773,0.3258,0.1208,0.5395,0.2227,BCC+FCC
1,1.85,4.6185,0.0445,0.1655,0.3234,0.1139,0.5447,0.2571,BCC+FCC
1,1.95,4.6435,0.0436,0.1598,0.3239,0.1162,0.5351,0.2294,BCC+FCC
1,1.9,4.505,0.0474,0.184,0.3579,0.1188,0.4766,0.182,BCC+FCC
1,1.85,4.5125,0.0506,0.1918,0.3603,0.118,0.4872,0.1814,BCC+FCC
1,1.9,4.4975,0.0454,0.1786,0.3553,0.1173,0.4806,0.197,BCC+FCC
1,1.9,4.53,0.0485,0.1852,0.3599,0.1203,0.4931,0.1896,BCC+FCC
1,1.8,4.515,0.0431,0.1765,0.3544,0.1137,0.5152,0.2448,BCC+FCC
1,1.75,4.5225,0.0475,0.19,0.3577,0.1139,0.5315,0.2455,BCC+FCC
1,1.75,4.515,0.0421,0.1778,0.354,0.1122,0.5202,0.2561,BCC+FCC
1,1.75,4.8445,0.0475,0.1896,0.2256,0.1148,0.418,0.1464,BCC+FCC
1,1.5,4.7455,0.0494,0.1829,0.2032,0.1184,0.4571,0.1808,BCC+FCC
1,1.7,4.8045,0.0522,0.1984,0.2278,0.1141,0.458,0.172,BCC+FCC
1,1.7,4.797,0.0516,0.1978,0.2277,0.1138,0.4712,0.1732,BCC+FCC
1,1.55,4.7555,0.0476,0.1807,0.203,0.1154,0.4776,0.188,BCC+FCC
1,1.45,4.698,0.0529,0.1915,0.2053,0.1149,0.5095,0.2052,BCC+FCC
1,1.7,4.797,0.0465,0.1903,0.2254,0.1195,0.445,0.1447,BCC+FCC
1,1.85,4.8645,0.0494,0.191,0.2274,0.0905,0.4613,0.182,BCC+FCC
1,1.8,4.8395,0.0452,0.1864,0.2252,0.1073,0.4524,0.151,BCC+FCC
1,1.75,4.7735,0.0556,0.2154,0.2501,0.1181,0.4709,0.1434,BCC+FCC
1,1.7,4.782,0.0504,0.1964,0.2275,0.1132,0.491,0.1717,BCC+FCC
1,1.55,4.7405,0.0464,0.1797,0.2027,0.1144,0.5009,0.1884,BCC+FCC
1,1.8,4.791,0.0544,0.2125,0.2499,0.1111,0.4758,0.1441,BCC+FCC
1,1.75,4.7995,0.0493,0.1935,0.2273,0.1068,0.4965,0.1732,BCC+FCC
1,1.7,4.792,0.0551,0.1929,0.2583,0.1156,0.4168,0.1688,BCC+FCC
1,1.65,4.767,0.0456,0.1769,0.2542,0.1257,0.4211,0.1329,BCC+FCC
1,1.8,4.8345,0.0486,0.1812,0.2562,0.1114,0.4244,0.1645,BCC+FCC
1,1.75,4.8095,0.0491,0.183,0.2563,0.1161,0.4347,0.1632,BCC+FCC
1,1.65,4.752,0.0543,0.1936,0.2581,0.118,0.466,0.1822,BCC+FCC
1,1.6,4.727,0.055,0.1954,0.2581,0.12,0.4758,0.1808,BCC+FCC
1,1.9,4.8435,0.0526,0.1991,0.277,0.11,0.4433,0.1518,BCC+FCC
1,1.75,4.7685,0.0542,0.2044,0.2771,0.1261,0.4541,0.1427,BCC+FCC
1,1.65,4.7595,0.0449,0.177,0.2542,0.1252,0.4253,0.1349,BCC+FCC
1,1.9,4.836,0.0557,0.204,0.2782,0.1024,0.458,0.1764,BCC+FCC
1,1.8,4.8195,0.0516,0.1866,0.2578,0.1047,0.449,0.1905,BCC+FCC
1,1.55,4.6945,0.0549,0.1966,0.2581,0.1202,0.4971,0.182,BCC+FCC
1,1.9,4.877,0.0418,0.1687,0.2539,0.1055,0.4217,0.1516,BCC+FCC
1,1.85,4.811,0.0525,0.2003,0.2769,0.1163,0.4585,0.1499,BCC+FCC
1,1.85,4.8035,0.0556,0.2052,0.2782,0.1096,0.4827,0.1762,BCC+FCC
1,1.75,4.787,0.0515,0.1879,0.2577,0.1098,0.4781,0.1924,BCC+FCC
1,1.9,4.8285,0.0514,0.1975,0.2767,0.1096,0.4642,0.153,BCC+FCC
1,1.75,4.787,0.0474,0.1813,0.256,0.115,0.4739,0.1704,BCC+FCC
1,1.65,4.737,0.0485,0.185,0.2561,0.1206,0.4774,0.164,BCC+FCC
1,1.85,4.8295,0.0495,0.1818,0.2575,0.0973,0.4733,0.1985,BCC+FCC
1,1.75,4.7795,0.0508,0.1869,0.2576,0.1094,0.4938,0.1942,BCC+FCC
1,1.7,4.7545,0.0515,0.1892,0.2576,0.1136,0.502,0.1917,BCC+FCC
1,2,4.912,0.0399,0.163,0.2536,0.0884,0.4338,0.1597,BCC+FCC
1,1.95,4.846,0.0502,0.1943,0.2766,0.1017,0.4699,0.1556,BCC+FCC
1,1.9,4.821,0.0508,0.1966,0.2766,0.1094,0.4706,0.1516,BCC+FCC
1,1.85,4.796,0.0513,0.1987,0.2767,0.1158,0.4683,0.1473,BCC+FCC
1,1.8,4.7635,0.0549,0.2052,0.278,0.1152,0.5091,0.1722,BCC+FCC
1,1.7,4.7545,0.0473,0.1826,0.2559,0.1179,0.4828,0.1665,BCC+FCC
1,1.85,4.8145,0.0506,0.1826,0.2584,0.0888,0.4955,0.2204,BCC+FCC
1,1.9,4.7725,0.0583,0.2195,0.297,0.1132,0.493,0.1449,BCC+FCC
1,1.85,4.7885,0.0507,0.1978,0.2766,0.1155,0.4671,0.144,BCC+FCC
1,1.8,4.7635,0.0513,0.1999,0.2766,0.1207,0.4556,0.139,BCC+FCC
1,1.95,4.831,0.0522,0.1959,0.2776,0.0928,0.5071,0.1812,BCC+FCC
1,1.9,4.847,0.0445,0.1725,0.2556,0.0971,0.4804,0.179,BCC+FCC
1,1.8,4.756,0.0542,0.204,0.2778,0.1149,0.5145,0.1698,BCC+FCC
1,1.8,4.797,0.0456,0.1774,0.2557,0.1098,0.4881,0.1721,BCC+FCC
1,1.85,4.8145,0.0481,0.179,0.2572,0.0968,0.5057,0.2,BCC+FCC
1,1.8,4.7895,0.0487,0.1818,0.2573,0.1034,0.5137,0.1971,BCC+FCC
1,1.7,4.7395,0.0501,0.187,0.2574,0.1127,0.5247,0.1908,BCC+FCC
1,1.85,4.806,0.0512,0.1881,0.3021,0.1232,0.4227,0.1326,BCC+FCC
1,1.75,4.756,0.0523,0.1912,0.3022,0.1277,0.4326,0.1289,BCC+FCC
1,1.65,4.6985,0.0577,0.2019,0.3037,0.1255,0.4694,0.1518,BCC+FCC
1,1.7,4.716,0.0599,0.2063,0.3045,0.122,0.4786,0.1756,BCC+FCC
1,1.65,4.691,0.0607,0.2083,0.3046,0.1228,0.4885,0.1746,BCC+FCC
1,1.85,4.7985,0.0506,0.1877,0.3021,0.1228,0.4346,0.138,BCC+FCC
1,1.75,4.7485,0.0517,0.1909,0.3021,0.1272,0.4398,0.133,BCC+FCC
1,1.7,4.7235,0.0523,0.1924,0.3022,0.1277,0.4383,0.1301,BCC+FCC
1,1.95,4.8,0.0604,0.2148,0.3221,0.1121,0.4707,0.1709,BCC+FCC
1,1.9,4.816,0.0536,0.1921,0.3033,0.1134,0.4437,0.1644,BCC+FCC
1,1.85,4.791,0.0543,0.1942,0.3033,0.1179,0.4538,0.1631,BCC+FCC
1,1.65,4.691,0.057,0.2015,0.3036,0.1248,0.4784,0.1556,BCC+FCC
1,2,4.825,0.057,0.208,0.3214,0.1121,0.4622,0.1519,BCC+FCC
1,1.9,4.775,0.0584,0.2124,0.3215,0.1236,0.4713,0.1463,BCC+FCC
1,1.9,4.816,0.0494,0.1854,0.3019,0.1187,0.4406,0.144,BCC+FCC
1,1.95,4.7925,0.0596,0.2134,0.322,0.1119,0.4867,0.1744,BCC+FCC
1,1.9,4.8085,0.0529,0.1911,0.3032,0.113,0.4599,0.1691,BCC+FCC
1,1.95,4.826,0.0544,0.1921,0.3039,0.1002,0.455,0.1914,BCC+FCC
1,1.85,4.776,0.0559,0.1975,0.304,0.1121,0.4798,0.1891,BCC+FCC
1,1.8,4.751,0.0567,0.2,0.3041,0.1162,0.4907,0.1876,BCC+FCC
1,1.75,4.726,0.0575,0.2023,0.3042,0.1191,0.5004,0.186,BCC+FCC
1,1.8,4.7585,0.05,0.1885,0.3019,0.1246,0.449,0.1394,BCC+FCC
1,2,4.81,0.058,0.2092,0.3217,0.1045,0.4927,0.1788,BCC+FCC
1,1.8,4.751,0.0535,0.1945,0.3032,0.1205,0.4866,0.1672,BCC+FCC
1,1.9,4.7935,0.0543,0.1934,0.3038,0.1065,0.4859,0.1942,BCC+FCC
1,1.85,4.761,0.056,0.1978,0.3043,0.1056,0.5018,0.2123,BCC+FCC
1,1.95,4.785,0.0563,0.2081,0.3212,0.1179,0.4833,0.1497,BCC+FCC
1,1.95,4.826,0.0477,0.1817,0.3016,0.1133,0.4557,0.1501,BCC+FCC
1,1.75,4.726,0.0499,0.1897,0.3018,0.1256,0.4375,0.1346,BCC+FCC
1,1.95,4.8185,0.0508,0.1863,0.3029,0.1068,0.4804,0.1762,BCC+FCC
1,1.85,4.7685,0.0522,0.1913,0.303,0.1168,0.4923,0.1707,BCC+FCC
1,1.75,4.7185,0.0535,0.1958,0.3031,0.1221,0.4954,0.1644,BCC+FCC
1,1.95,4.811,0.0527,0.1887,0.3036,0.0996,0.492,0.1986,BCC+FCC
1,1.9,4.786,0.0535,0.1918,0.3037,0.1062,0.5027,0.1966,BCC+FCC
1,1.85,4.761,0.0542,0.1946,0.3038,0.1114,0.5122,0.1943,BCC+FCC
1,1.8,4.736,0.055,0.1974,0.3038,0.1153,0.5204,0.192,BCC+FCC
1,2.05,4.8275,0.0542,0.2016,0.3209,0.104,0.4881,0.1561,BCC+FCC
1,2,4.8025,0.0549,0.2043,0.321,0.1115,0.4887,0.1521,BCC+FCC
1,1.85,4.7275,0.0569,0.2116,0.3212,0.1267,0.4678,0.1387,BCC+FCC
1,1.85,4.7685,0.0482,0.1852,0.3016,0.1212,0.4533,0.1414,BCC+FCC
1,2,4.795,0.0563,0.2057,0.3214,0.1041,0.5196,0.1795,BCC+FCC
1,1.95,4.8035,0.0519,0.1869,0.3035,0.0994,0.5087,0.2001,BCC+FCC
1,1.9,4.7785,0.0526,0.19,0.3036,0.1058,0.5181,0.1976,BCC+FCC
1,2,4.8285,0.0487,0.1804,0.3026,0.0994,0.4989,0.1794,BCC+FCC
1,1.95,4.7625,0.0562,0.2069,0.3213,0.1109,0.5325,0.1744,BCC+FCC
1,1.95,4.796,0.051,0.1849,0.3033,0.0991,0.524,0.2003,BCC+FCC
1,1.9,4.771,0.0518,0.1882,0.3034,0.1055,0.532,0.1974,BCC+FCC
1,1.85,4.731,0.0524,0.189,0.3035,0.0979,0.5598,0.2368,BCC+FCC
1,2,4.79,0.0564,0.199,0.3448,0.1149,0.4786,0.1691,BCC+FCC
1,1.95,4.765,0.0572,0.2016,0.3449,0.1193,0.4871,0.1673,BCC+FCC
1,2.05,4.815,0.0529,0.192,0.3441,0.1155,0.4652,0.1493,BCC+FCC
1,2,4.79,0.0536,0.1944,0.3442,0.1201,0.4685,0.1464,BCC+FCC
1,2,4.7825,0.0555,0.1975,0.3447,0.1146,0.493,0.1722,BCC+FCC
1,2.05,4.8,0.0539,0.1929,0.3445,0.1089,0.4989,0.1764,BCC+FCC
1,2,4.775,0.0547,0.1959,0.3445,0.1143,0.5057,0.1738,BCC+FCC
1,2,4.7675,0.0539,0.1942,0.3444,0.1139,0.5162,0.1741,BCC+FCC
1,2.1,4.8175,0.0501,0.1848,0.3437,0.1089,0.4855,0.1526,BCC+FCC
1,2,4.7675,0.0514,0.1906,0.3438,0.1191,0.4755,0.144,BCC+FCC
1,1.9,4.71,0.0546,0.1984,0.3444,0.1207,0.5198,0.1655,BCC+FCC
1,1.45,4.704,0.0511,0.1797,0.186,0.1282,0.4653,0.1985,BCC+FCC
1,1.45,4.6965,0.0504,0.1791,0.1858,0.1278,0.4811,0.2014,BCC+FCC
4,1.85,4.9115,0.0314,0.1365,0.1759,0.1054,0.3776,0.1514,FCC
1,1.75,4.808,0.0512,0.178,0.2421,0.1214,0.3931,0.1694,BCC+FCC
1,1.7,4.783,0.0519,0.18,0.2422,0.1261,0.4067,0.1695,BCC+FCC
1,1.6,4.733,0.0532,0.1837,0.2423,0.1324,0.4306,0.1688,BCC+FCC
1,1.55,4.708,0.0539,0.1853,0.2424,0.134,0.4407,0.1682,BCC+FCC
1,1.85,4.823,0.0484,0.1772,0.2462,0.1341,0.3766,0.1335,BCC+FCC
1,1.8,4.798,0.0489,0.179,0.2463,0.14,0.383,0.1316,BCC+FCC
1,1.7,4.7755,0.0511,0.1793,0.2421,0.1258,0.4255,0.1769,BCC+FCC
1,1.9,4.8405,0.0472,0.1746,0.2461,0.1272,0.383,0.1406,BCC+FCC
1,1.75,4.7655,0.0489,0.1803,0.2462,0.1448,0.3953,0.133,BCC+FCC
1,1.8,4.818,0.0491,0.174,0.2418,0.1151,0.4196,0.1846,BCC+FCC
2,1.55,4.693,0.0524,0.1845,0.2421,0.133,0.4686,0.1774,BCC+FCC
1,1.95,4.858,0.0461,0.1715,0.2459,0.1192,0.3894,0.1466,BCC+FCC
1,1.8,4.783,0.0477,0.1779,0.2461,0.1397,0.4012,0.1381,BCC+FCC
1,1.9,4.868,0.0436,0.1623,0.2398,0.108,0.4071,0.171,BCC+FCC
1,1.7,4.768,0.0458,0.1708,0.24,0.13,0.4392,0.1627,BCC+FCC
1,1.9,4.818,0.0521,0.1821,0.2487,0.1118,0.4239,0.191,BCC+FCC
1,1.9,4.8605,0.047,0.1676,0.2416,0.0998,0.4127,0.1918,BCC+FCC
1,1.85,4.8355,0.0477,0.1704,0.2417,0.1081,0.4259,0.1906,BCC+FCC
1,1.65,4.7355,0.0504,0.1799,0.2419,0.1286,0.4675,0.1841,BCC+FCC
1,1.95,4.843,0.0486,0.1749,0.2474,0.1109,0.4217,0.1743,BCC+FCC
1,1.9,4.818,0.0493,0.1777,0.2474,0.1197,0.4305,0.172,BCC+FCC
1,1.8,4.7605,0.0528,0.1864,0.2487,0.1274,0.4632,0.1905,BCC+FCC
1,1.75,4.7355,0.0536,0.1892,0.2488,0.1335,0.4716,0.1882,BCC+FCC
1,1.7,4.7105,0.0544,0.1918,0.2488,0.1387,0.4785,0.1858,BCC+FCC
1,1.7,4.753,0.049,0.1767,0.2417,0.1248,0.4735,0.1881,BCC+FCC
1,1.85,4.8205,0.0491,0.172,0.2429,0.0999,0.4473,0.2137,BCC+FCC
1,1.8,4.7955,0.0499,0.1752,0.2429,0.1078,0.4609,0.2124,BCC+FCC
1,1.75,4.7705,0.0507,0.1782,0.243,0.1142,0.4736,0.2109,BCC+FCC
1,2,4.868,0.0443,0.1667,0.2456,0.11,0.4078,0.1528,BCC+FCC
1,1.95,4.8005,0.0508,0.1845,0.253,0.1284,0.4111,0.1456,BCC+FCC
1,1.85,4.793,0.046,0.1742,0.2458,0.1336,0.4111,0.1419,BCC+FCC
1,1.95,4.8355,0.0479,0.1733,0.2472,0.1109,0.4367,0.1759,BCC+FCC
1,1.85,4.7855,0.0492,0.179,0.2474,0.1271,0.4491,0.1702,BCC+FCC
1,1.8,4.7955,0.047,0.1704,0.2415,0.1144,0.4712,0.1941,BCC+FCC
1,1.7,4.703,0.0535,0.1905,0.2487,0.1385,0.4892,0.186,BCC+FCC
1,1.7,4.7455,0.0483,0.1757,0.2416,0.1245,0.4861,0.1889,BCC+FCC
1,1.85,4.813,0.0483,0.1701,0.2427,0.0998,0.4671,0.2167,BCC+FCC
1,2,4.818,0.0495,0.1799,0.2528,0.1191,0.4168,0.1483,BCC+FCC
1,1.95,4.7855,0.0517,0.1842,0.2537,0.1203,0.4532,0.1727,BCC+FCC
1,1.9,4.7605,0.0525,0.1876,0.2538,0.1293,0.4563,0.1693,BCC+FCC
1,1.75,4.7205,0.0519,0.1861,0.2484,0.1331,0.4948,0.1883,BCC+FCC
1,1.75,4.763,0.0469,0.1718,0.2414,0.1197,0.4919,0.1916,BCC+FCC
1,1.8,4.7805,0.0482,0.1715,0.2426,0.1073,0.4975,0.2162,BCC+FCC
1,1.7,4.7155,0.0503,0.1776,0.2438,0.1065,0.5265,0.25,BCC+FCC
1,1.75,4.762,0.0502,0.1788,0.2881,0.1396,0.3924,0.1127,BCC+FCC
1,1.65,4.697,0.0552,0.19,0.2896,0.1383,0.4404,0.1451,BCC+FCC
1,1.8,4.772,0.0485,0.1768,0.2879,0.1365,0.4088,0.129,BCC+FCC
1,1.75,4.747,0.049,0.1784,0.288,0.1388,0.4105,0.1267,BCC+FCC
1,1.7,4.7145,0.0538,0.1879,0.2895,0.1369,0.4463,0.152,BCC+FCC
1,1.7,4.707,0.0568,0.1939,0.2905,0.1334,0.4658,0.1749,BCC+FCC
1,1.75,4.7395,0.0484,0.1781,0.2879,0.1384,0.4148,0.1301,BCC+FCC
1,1.95,4.832,0.0498,0.1763,0.2891,0.1174,0.4204,0.1646,BCC+FCC
1,1.8,4.757,0.0518,0.1833,0.2892,0.1319,0.4467,0.1599,BCC+FCC
1,1.75,4.732,0.0524,0.1853,0.2893,0.1347,0.4521,0.1579,BCC+FCC
1,1.7,4.707,0.0531,0.1873,0.2894,0.1365,0.4555,0.1556,BCC+FCC
1,1.95,4.782,0.0559,0.1924,0.2954,0.1224,0.4368,0.1848,BCC+FCC
1,1.95,4.8245,0.052,0.18,0.29,0.1104,0.4258,0.1851,BCC+FCC
1,1.8,4.707,0.0585,0.2015,0.2956,0.1408,0.4699,0.1812,BCC+FCC
1,1.8,4.742,0.0557,0.1911,0.2908,0.1219,0.4673,0.2015,BCC+FCC
1,2,4.8145,0.0513,0.1835,0.2941,0.129,0.4151,0.1442,BCC+FCC
1,2,4.857,0.0451,0.1674,0.2875,0.1173,0.4111,0.1465,BCC+FCC
1,1.95,4.832,0.0456,0.1697,0.2876,0.1235,0.4169,0.144,BCC+FCC
1,1.85,4.782,0.0467,0.1739,0.2877,0.1327,0.422,0.1383,BCC+FCC
1,1.75,4.732,0.0478,0.1777,0.2878,0.1379,0.4149,0.1315,BCC+FCC
1,2,4.807,0.0533,0.1864,0.2948,0.1218,0.4348,0.1695,BCC+FCC
1,1.8,4.7495,0.0511,0.1824,0.2891,0.1315,0.458,0.1628,BCC+FCC
1,1.85,4.7245,0.0567,0.1969,0.2953,0.1354,0.4759,0.1862,BCC+FCC
1,1.8,4.6995,0.0576,0.1999,0.2954,0.1405,0.4843,0.1843,BCC+FCC
1,1.8,4.742,0.0535,0.1869,0.2901,0.1268,0.4778,0.186,BCC+FCC
1,1.9,4.7845,0.0529,0.1828,0.2905,0.1101,0.4599,0.2083,BCC+FCC
1,1.85,4.7595,0.0538,0.1861,0.2905,0.1164,0.4735,0.2073,BCC+FCC
1,1.7,4.612,0.0467,0.1845,0.2888,0.1227,0.5084,0.2674,BCC+FCC
1,1.8,4.7495,0.0467,0.1753,0.2876,0.1354,0.4201,0.1354,BCC+FCC
1,1.95,4.732,0.0568,0.199,0.2997,0.139,0.4602,0.167,BCC+FCC
1,1.85,4.7245,0.0548,0.1934,0.2949,0.1408,0.4651,0.1642,BCC+FCC
1,1.8,4.742,0.0503,0.1814,0.289,0.1312,0.4668,0.1642,BCC+FCC
1,1.7,4.692,0.0517,0.1859,0.2891,0.1356,0.4646,0.1579,BCC+FCC
1,1.9,4.6995,0.0571,0.2012,0.2993,0.1395,0.4884,0.1884,BCC+FCC
1,1.9,4.742,0.0548,0.1917,0.2951,0.1292,0.4819,0.1906,BCC+FCC
1,1.85,4.7595,0.0519,0.1827,0.2899,0.1221,0.4838,0.1905,BCC+FCC
1,1.8,4.7345,0.0527,0.1855,0.29,0.1265,0.4921,0.1883,BCC+FCC
1,1.85,4.7445,0.0525,0.183,0.2903,0.1096,0.4926,0.229,BCC+FCC
1,1.75,4.717,0.0466,0.1766,0.2876,0.137,0.3978,0.1295,BCC+FCC
1,2,4.7495,0.055,0.1933,0.2994,0.1312,0.466,0.1704,BCC+FCC
1,1.95,4.8095,0.0476,0.1724,0.2887,0.1167,0.4645,0.1734,BCC+FCC
1,1.9,4.692,0.0561,0.1987,0.2991,0.1394,0.5009,0.1891,BCC+FCC
1,1.8,4.727,0.0519,0.184,0.2898,0.1261,0.5045,0.1892,BCC+FCC
1,1.75,4.702,0.0526,0.1869,0.2899,0.1294,0.5091,0.1864,BCC+FCC
1,1.9,4.7695,0.051,0.1782,0.2901,0.1096,0.4983,0.215,BCC+FCC
1,1.85,4.737,0.0515,0.1802,0.2901,0.1093,0.5127,0.2321,BCC+FCC
1,1.8,4.7045,0.0508,0.1804,0.2897,0.1088,0.5241,0.2479,BCC+FCC
1,2,4.8345,0.0433,0.164,0.2872,0.1167,0.4389,0.1493,BCC+FCC
1,1.95,4.767,0.0499,0.1821,0.2937,0.1352,0.429,0.1406,BCC+FCC
1,1.95,4.717,0.0549,0.1946,0.2993,0.1389,0.475,0.1661,BCC+FCC
1,1.95,4.7595,0.0516,0.184,0.2944,0.1288,0.4763,0.1699,BCC+FCC
1,1.9,4.777,0.0476,0.1738,0.2886,0.1222,0.478,0.1701,BCC+FCC
1,1.9,4.7685,0.0553,0.19,0.3319,0.1387,0.4059,0.113,BCC+FCC
1,1.85,4.7435,0.0559,0.1918,0.332,0.141,0.4121,0.1123,BCC+FCC
1,1.85,4.7285,0.0545,0.1906,0.3317,0.1402,0.4294,0.1267,BCC+FCC
1,1.8,4.7035,0.0552,0.1925,0.3318,0.1413,0.4279,0.1242,BCC+FCC
1,1.9,4.746,0.0565,0.1938,0.3324,0.1338,0.4523,0.155,BCC+FCC
1,1.95,4.771,0.0524,0.1857,0.3315,0.1346,0.4338,0.1358,BCC+FCC
1,1.95,4.7635,0.0548,0.19,0.3322,0.1297,0.4584,0.1616,BCC+FCC
1,1.95,4.756,0.0559,0.1922,0.3324,0.1244,0.4699,0.1832,BCC+FCC
1,1.9,4.731,0.0548,0.1913,0.3321,0.1331,0.4765,0.163,BCC+FCC
1,1.95,4.7485,0.055,0.1903,0.3322,0.1241,0.4868,0.1877,BCC+FCC
1,2.05,4.806,0.0497,0.1784,0.3311,0.1251,0.4454,0.1462,BCC+FCC
1,1.9,4.731,0.0517,0.186,0.3313,0.1369,0.4381,0.1358,BCC+FCC
1,2.05,4.756,0.0551,0.1922,0.3362,0.1309,0.4754,0.1699,BCC+FCC
1,1.95,4.7485,0.0532,0.1871,0.3319,0.1291,0.4822,0.1673,BCC+FCC
1,1.9,4.7235,0.054,0.1899,0.332,0.1327,0.4851,0.1645,BCC+FCC
1,2,4.766,0.0531,0.1847,0.332,0.1185,0.4928,0.1925,BCC+FCC
1,2.1,4.8235,0.0483,0.174,0.331,0.1189,0.4511,0.1502,BCC+FCC
1,2.05,4.7985,0.049,0.177,0.331,0.1248,0.4518,0.1467,BCC+FCC
1,2.05,4.791,0.0508,0.179,0.3316,0.1187,0.483,0.1737,BCC+FCC
1,1.95,4.741,0.0523,0.1854,0.3318,0.1288,0.4906,0.1678,BCC+FCC
1,1.85,4.691,0.0539,0.1912,0.3319,0.1349,0.4874,0.1611,BCC+FCC
1,1.9,4.6935,0.0518,0.1842,0.3308,0.1171,0.5442,0.2305,BCC+FCC
1,1.85,4.661,0.05,0.1821,0.3295,0.1162,0.5568,0.2466,BCC+FCC
1,2.1,4.816,0.0476,0.1723,0.3308,0.1187,0.4573,0.1498,BCC+FCC
1,1.95,4.7335,0.0515,0.1836,0.3316,0.1285,0.496,0.1671,BCC+FCC
1,2,4.751,0.0512,0.1799,0.3317,0.118,0.5221,0.1951,BCC+FCC
1,2.15,4.795,0.0537,0.187,0.3708,0.1271,0.4549,0.1442,BCC+FCC
1,2.05,4.7375,0.0544,0.1913,0.3708,0.1355,0.462,0.14,BCC+FCC
1,2.1,4.74,0.0524,0.184,0.3702,0.1258,0.5141,0.171,BCC+FCC
1,1.6,4.5965,0.0488,0.1601,0.1771,0.155,0.347,0.1847,BCC+FCC
1,1.55,4.5715,0.0497,0.1622,0.1772,0.1486,0.3582,0.1864,BCC+FCC
1,1.55,4.6165,0.0506,0.1662,0.1783,0.1479,0.3676,0.1923,BCC+FCC
1,1.5,4.644,0.0495,0.1641,0.1774,0.1395,0.3812,0.1864,BCC+FCC
1,1.5,4.6965,0.0469,0.1591,0.1759,0.1335,0.3816,0.1782,BCC+FCC
1,1.7,4.684,0.0494,0.1644,0.1796,0.1532,0.3151,0.194,BCC+FCC
1,1.6,4.6865,0.0506,0.1676,0.1793,0.1432,0.3509,0.195,BCC+FCC
1,1.5,4.5315,0.0536,0.1771,0.18,0.1452,0.3835,0.2119,BCC+FCC
1,1.7,4.729,0.05,0.1667,0.1806,0.1392,0.3027,0.1965,BCC+FCC
1,1.6,4.679,0.052,0.1726,0.1808,0.1411,0.3429,0.2043,BCC+FCC
1,1.55,4.564,0.0488,0.1616,0.177,0.1476,0.3744,0.1974,BCC+FCC
1,1.55,4.6615,0.0479,0.1617,0.1772,0.1422,0.3878,0.1962,BCC+FCC
1,1.65,4.7565,0.0475,0.1613,0.1782,0.1312,0.3574,0.2,BCC+FCC
1,1.5,4.6815,0.0499,0.1678,0.1784,0.1314,0.4045,0.2037,BCC+FCC
1,1.5,4.5615,0.0516,0.1764,0.1805,0.1424,0.4246,0.2402,BCC+FCC
1,1.65,4.6815,0.0487,0.1676,0.1811,0.1366,0.3644,0.2397,BCC+FCC
1,1.5,4.6065,0.052,0.1781,0.1814,0.1359,0.4183,0.2452,BCC+FCC
1,1.65,4.674,0.0471,0.1661,0.1811,0.133,0.3497,0.2476,BCC+FCC
1,1.5,4.6065,0.0508,0.174,0.1804,0.1364,0.4454,0.2416,BCC+FCC
1,1.65,4.674,0.0475,0.1652,0.1808,0.1361,0.3898,0.2513,BCC+FCC
1,1.55,4.624,0.0497,0.1728,0.181,0.1367,0.4248,0.2536,BCC+FCC
1,1.5,4.599,0.0508,0.1762,0.1811,0.1353,0.4412,0.2544,BCC+FCC
1,1.6,4.6415,0.047,0.1676,0.181,0.1341,0.3958,0.2627,BCC+FCC
1,1.55,4.6315,0.0477,0.1656,0.1787,0.1392,0.4496,0.233,BCC+FCC
1,1.55,4.624,0.0488,0.1693,0.1801,0.1379,0.4517,0.2481,BCC+FCC
1,1.55,4.6765,0.0486,0.1683,0.1798,0.1283,0.4516,0.2404,BCC+FCC
1,1.5,4.6515,0.0495,0.1711,0.1799,0.1276,0.4655,0.2399,BCC+FCC
1,1.6,4.6865,0.0478,0.1672,0.1815,0.1201,0.4198,0.2665,BCC+FCC
1,1.55,4.609,0.0469,0.1691,0.1808,0.1339,0.4385,0.2733,BCC+FCC
1,1.6,4.694,0.0468,0.1637,0.1795,0.1272,0.4578,0.2459,BCC+FCC
1,1.6,4.6865,0.0473,0.1654,0.1807,0.1236,0.4533,0.2606,BCC+FCC
1,1.75,4.708,0.0484,0.1635,0.2351,0.1489,0.3568,0.1663,BCC+FCC
1,1.6,4.6855,0.0481,0.1646,0.2343,0.1355,0.3919,0.1604,BCC+FCC
1,1.8,4.673,0.0505,0.1693,0.2366,0.1563,0.343,0.1837,BCC+FCC
1,1.7,4.6755,0.0518,0.1725,0.2366,0.146,0.3741,0.1822,BCC+FCC
1,1.7,4.728,0.0504,0.1695,0.2361,0.1369,0.3741,0.1746,BCC+FCC
1,1.7,4.7805,0.0482,0.1657,0.2352,0.125,0.3741,0.1663,BCC+FCC
1,1.65,4.6505,0.0527,0.1748,0.2366,0.1439,0.3883,0.1841,BCC+FCC
1,1.55,4.7055,0.0502,0.1708,0.2353,0.1244,0.4144,0.1694,BCC+FCC
1,1.75,4.7455,0.0518,0.173,0.2373,0.1331,0.3539,0.1848,BCC+FCC
1,1.75,4.738,0.0528,0.1764,0.2381,0.1293,0.3439,0.1944,BCC+FCC
1,1.7,4.7655,0.0536,0.1782,0.2382,0.1167,0.362,0.1921,BCC+FCC
1,1.75,4.7005,0.0476,0.1628,0.235,0.1483,0.3762,0.1785,BCC+FCC
1,1.6,4.678,0.0474,0.1644,0.2342,0.1347,0.4069,0.1697,BCC+FCC
1,1.75,4.798,0.0468,0.1631,0.235,0.1225,0.3808,0.1772,BCC+FCC
1,1.65,4.643,0.0517,0.1739,0.2365,0.1432,0.4078,0.1956,BCC+FCC
1,1.55,4.6455,0.0519,0.1748,0.2361,0.1306,0.4311,0.1879,BCC+FCC
1,1.7,4.713,0.0518,0.1744,0.2372,0.1337,0.3942,0.2008,BCC+FCC
1,1.7,4.7655,0.0507,0.1721,0.2368,0.1207,0.3939,0.1933,BCC+FCC
1,1.6,4.618,0.0491,0.1684,0.235,0.1385,0.4181,0.1868,BCC+FCC
1,1.6,4.6705,0.0467,0.1641,0.2341,0.1339,0.4199,0.1765,BCC+FCC
1,1.8,4.7105,0.0481,0.1649,0.2361,0.1459,0.3876,0.2031,BCC+FCC
1,1.8,4.8155,0.0454,0.1601,0.2349,0.1189,0.3875,0.1865,BCC+FCC
1,1.75,4.6855,0.049,0.1677,0.2362,0.1459,0.4014,0.2038,BCC+FCC
1,1.65,4.7405,0.0474,0.1666,0.235,0.1249,0.4271,0.1864,BCC+FCC
1,1.6,4.663,0.0503,0.1722,0.2359,0.1332,0.4373,0.1954,BCC+FCC
1,1.6,4.7155,0.0481,0.1684,0.2351,0.1246,0.4381,0.1859,BCC+FCC
1,1.55,4.6905,0.0488,0.1702,0.2351,0.123,0.4478,0.1851,BCC+FCC
1,1.7,4.6905,0.0511,0.1766,0.2381,0.1266,0.4019,0.2354,BCC+FCC
1,1.7,4.6305,0.0464,0.1706,0.2362,0.1359,0.3897,0.2493,BCC+FCC
1,1.8,4.7555,0.0463,0.1617,0.2355,0.1335,0.4081,0.2034,BCC+FCC
1,1.7,4.7055,0.0479,0.1669,0.2357,0.1353,0.4328,0.2027,BCC+FCC
1,1.65,4.6805,0.0487,0.1692,0.2357,0.1345,0.4435,0.202,BCC+FCC
1,1.55,4.6305,0.0502,0.1736,0.2358,0.129,0.4607,0.2001,BCC+FCC
1,1.6,4.648,0.0516,0.1771,0.2371,0.1312,0.4627,0.2185,BCC+FCC
1,1.65,4.7105,0.0522,0.1789,0.2385,0.1135,0.4423,0.2399,BCC+FCC
1,1.6,4.5655,0.0436,0.1703,0.2346,0.133,0.438,0.2743,BCC+FCC
1,1.65,4.628,0.0467,0.1649,0.2347,0.1414,0.4342,0.1971,BCC+FCC
1,1.7,4.698,0.047,0.1658,0.2355,0.1347,0.4496,0.2078,BCC+FCC
1,1.7,4.7505,0.0453,0.163,0.2347,0.123,0.4504,0.1979,BCC+FCC
1,1.6,4.7005,0.0467,0.1673,0.2348,0.1232,0.4681,0.1949,BCC+FCC
1,1.55,4.6755,0.0473,0.1693,0.2349,0.1215,0.4745,0.1931,BCC+FCC
1,1.7,4.6905,0.0489,0.1702,0.2368,0.1321,0.4565,0.2251,BCC+FCC
1,1.6,4.693,0.0498,0.1738,0.2365,0.1209,0.4808,0.2143,BCC+FCC
1,1.65,4.7105,0.0507,0.1752,0.2376,0.1171,0.4701,0.2321,BCC+FCC
1,1.6,4.633,0.0515,0.1788,0.2376,0.1289,0.4842,0.2397,BCC+FCC
1,1.65,4.598,0.0478,0.1733,0.2368,0.1373,0.4662,0.2611,BCC+FCC
1,1.65,4.6505,0.0498,0.1756,0.2377,0.1268,0.4657,0.2542,BCC+FCC
1,1.6,4.6255,0.051,0.1794,0.2378,0.1268,0.4813,0.2542,BCC+FCC
1,1.6,4.678,0.0521,0.1802,0.2384,0.1147,0.4808,0.2468,BCC+FCC
1,1.65,4.5905,0.0449,0.1684,0.2358,0.1352,0.4572,0.2728,BCC+FCC
1,1.65,4.643,0.0479,0.1727,0.2373,0.1235,0.4563,0.2667,BCC+FCC
1,1.6,4.618,0.0492,0.1773,0.2374,0.1242,0.4734,0.2671,BCC+FCC
1,1.65,4.688,0.0481,0.1717,0.2378,0.1031,0.442,0.2718,BCC+FCC
1,1.7,4.743,0.0446,0.1621,0.2346,0.1225,0.466,0.2011,BCC+FCC
1,1.7,4.6305,0.0477,0.1687,0.2366,0.1414,0.4746,0.2381,BCC+FCC
1,1.75,4.753,0.048,0.1669,0.2373,0.1112,0.4617,0.2382,BCC+FCC
1,1.7,4.623,0.0472,0.1686,0.2368,0.1395,0.4767,0.2535,BCC+FCC
1,1.7,4.6755,0.0484,0.17,0.2373,0.1286,0.4765,0.2457,BCC+FCC
1,1.65,4.703,0.0498,0.1736,0.2375,0.1166,0.4903,0.2365,BCC+FCC
1,1.75,4.6405,0.0441,0.1604,0.2363,0.1366,0.4564,0.2674,BCC+FCC
1,1.65,4.6955,0.05,0.1746,0.2381,0.1125,0.487,0.2523,BCC+FCC
1,1.65,4.6805,0.0468,0.1681,0.2376,0.1027,0.4666,0.2793,BCC+FCC
1,1.7,4.6905,0.0425,0.1576,0.2336,0.1356,0.4502,0.192,BCC+FCC
1,1.7,4.683,0.0454,0.1633,0.2353,0.1336,0.4784,0.2133,BCC+FCC
1,1.75,4.648,0.0457,0.1629,0.2363,0.1415,0.4807,0.2427,BCC+FCC
1,1.8,4.7705,0.0461,0.1609,0.2371,0.1064,0.4679,0.2432,BCC+FCC
1,1.65,4.688,0.049,0.1722,0.2379,0.112,0.5083,0.2561,BCC+FCC
1,1.7,4.7055,0.0467,0.1651,0.2378,0.1038,0.4849,0.2719,BCC+FCC
1,1.75,4.693,0.0452,0.1612,0.2362,0.1298,0.4983,0.2359,BCC+FCC
1,1.8,4.763,0.0452,0.1584,0.2369,0.106,0.4887,0.2462,BCC+FCC
1,1.75,4.738,0.0461,0.1624,0.237,0.1104,0.5025,0.2447,BCC+FCC
1,1.7,4.713,0.047,0.1662,0.2371,0.1135,0.5155,0.243,BCC+FCC
1,1.9,4.7145,0.0512,0.1724,0.2842,0.1505,0.3641,0.1633,BCC+FCC
1,1.85,4.6895,0.0521,0.1749,0.2842,0.15,0.3776,0.1653,BCC+FCC
1,1.85,4.7345,0.053,0.1777,0.2849,0.1377,0.3794,0.1716,BCC+FCC
1,1.8,4.7095,0.0539,0.1802,0.285,0.1382,0.3943,0.1737,BCC+FCC
1,1.65,4.6345,0.0565,0.187,0.2852,0.1325,0.4333,0.1778,BCC+FCC
1,1.65,4.687,0.0551,0.1839,0.285,0.1257,0.4338,0.1687,BCC+FCC
1,1.6,4.6095,0.0574,0.189,0.2852,0.1277,0.444,0.1785,BCC+FCC
1,1.85,4.7195,0.0533,0.1817,0.2853,0.1308,0.3646,0.193,BCC+FCC
1,1.8,4.6945,0.0545,0.1853,0.2854,0.1325,0.3831,0.1965,BCC+FCC
1,1.7,4.697,0.0575,0.1914,0.2862,0.1219,0.4171,0.1961,BCC+FCC
1,1.8,4.7095,0.0508,0.1737,0.2839,0.1398,0.4082,0.1692,BCC+FCC
1,1.75,4.6845,0.0516,0.1758,0.284,0.1384,0.418,0.1694,BCC+FCC
1,1.7,4.607,0.0538,0.1809,0.2843,0.1402,0.4249,0.1792,BCC+FCC
1,1.7,4.6595,0.0523,0.1778,0.284,0.1357,0.4264,0.1693,BCC+FCC
1,1.9,4.752,0.0511,0.1736,0.2847,0.1358,0.3861,0.1835,BCC+FCC
1,1.8,4.7545,0.052,0.1769,0.2847,0.126,0.4149,0.1773,BCC+FCC
1,1.75,4.7295,0.0527,0.1792,0.2847,0.1269,0.428,0.1778,BCC+FCC
1,1.65,4.5745,0.0561,0.1883,0.2849,0.1354,0.4493,0.1962,BCC+FCC
1,1.6,4.602,0.0565,0.1883,0.2851,0.1267,0.4596,0.1874,BCC+FCC
1,1.75,4.617,0.054,0.1855,0.2847,0.1433,0.4292,0.2085,BCC+FCC
1,1.6,4.647,0.0574,0.1913,0.2858,0.1211,0.4695,0.1954,BCC+FCC
1,1.85,4.7645,0.0534,0.1804,0.2858,0.1146,0.389,0.2034,BCC+FCC
1,1.7,4.6895,0.0564,0.1899,0.286,0.1213,0.4398,0.2085,BCC+FCC
1,1.7,4.6145,0.047,0.1797,0.2817,0.1243,0.4046,0.2416,BCC+FCC
1,1.9,4.752,0.0484,0.1679,0.2837,0.1388,0.4035,0.178,BCC+FCC
1,1.9,4.8045,0.0468,0.1653,0.2832,0.1253,0.404,0.1681,BCC+FCC
1,1.85,4.727,0.0492,0.1704,0.2837,0.1396,0.4145,0.1779,BCC+FCC
1,1.75,4.6245,0.0519,0.1776,0.2841,0.1439,0.431,0.187,BCC+FCC
1,1.75,4.7295,0.0488,0.1717,0.2833,0.1289,0.4339,0.1663,BCC+FCC
2,1.7,4.7045,0.0494,0.1735,0.2834,0.1277,0.4409,0.1653,BCC+FCC
1,1.65,4.627,0.0523,0.1791,0.284,0.1307,0.4438,0.1753,BCC+FCC
1,1.65,4.6795,0.0501,0.1753,0.2834,0.1253,0.446,0.164,BCC+FCC
1,1.95,4.7695,0.0493,0.1689,0.2845,0.133,0.3927,0.1937,BCC+FCC
1,1.85,4.7195,0.0511,0.175,0.2846,0.1368,0.4212,0.1951,BCC+FCC
1,1.7,4.6445,0.0537,0.1829,0.2848,0.1342,0.4563,0.1951,BCC+FCC
1,1.85,4.712,0.0517,0.1772,0.285,0.1336,0.4204,0.2097,BCC+FCC
1,1.7,4.6895,0.0546,0.1854,0.2855,0.1235,0.463,0.2031,BCC+FCC
1,1.55,4.6145,0.0573,0.1925,0.2857,0.1164,0.4978,0.202,BCC+FCC
1,1.7,4.6295,0.0543,0.1879,0.2851,0.1314,0.462,0.2255,BCC+FCC
1,1.7,4.682,0.0553,0.1882,0.2858,0.1207,0.4616,0.2182,BCC+FCC
1,1.65,4.552,0.0537,0.1904,0.2842,0.1356,0.4768,0.2333,BCC+FCC
1,1.7,4.622,0.0526,0.1869,0.2845,0.1293,0.4555,0.2377,BCC+FCC
1,1.7,4.5545,0.0406,0.1681,0.2787,0.1348,0.4316,0.2608,BCC+FCC
1,1.7,4.6595,0.0496,0.1815,0.2836,0.1092,0.4291,0.2518,BCC+FCC
1,1.65,4.5295,0.0421,0.1744,0.2788,0.1335,0.4502,0.2634,BCC+FCC
1,1.85,4.7195,0.0484,0.1693,0.2836,0.1391,0.4304,0.1847,BCC+FCC
1,1.7,4.697,0.0487,0.173,0.2833,0.127,0.4518,0.1699,BCC+FCC
1,1.65,4.6195,0.0515,0.1784,0.2838,0.1298,0.4518,0.1797,BCC+FCC
1,1.85,4.712,0.0501,0.1734,0.2845,0.1363,0.4403,0.2028,BCC+FCC
2,1.75,4.7145,0.0511,0.1772,0.2845,0.1257,0.4632,0.1922,BCC+FCC
1,1.7,4.6895,0.0519,0.1796,0.2845,0.1252,0.4727,0.1911,BCC+FCC
1,1.65,4.612,0.0537,0.1842,0.2847,0.13,0.4794,0.2,BCC+FCC
1,1.65,4.6645,0.0526,0.1818,0.2846,0.1234,0.4808,0.1898,BCC+FCC
1,1.9,4.782,0.0501,0.172,0.285,0.1151,0.4265,0.2104,BCC+FCC
1,1.85,4.7045,0.0506,0.1752,0.2848,0.1331,0.4418,0.2185,BCC+FCC
1,1.75,4.602,0.0516,0.1815,0.2843,0.142,0.4689,0.2266,BCC+FCC
1,1.8,4.672,0.0509,0.1784,0.2848,0.131,0.453,0.2329,BCC+FCC
1,1.7,4.5695,0.0512,0.1843,0.2839,0.1384,0.4829,0.2408,BCC+FCC
1,1.7,4.667,0.0535,0.1864,0.2855,0.1169,0.4773,0.2399,BCC+FCC
1,1.75,4.5795,0.0429,0.1682,0.2808,0.137,0.452,0.2628,BCC+FCC
1,1.7,4.607,0.0483,0.1795,0.283,0.1262,0.4685,0.2585,BCC+FCC
1,1.65,4.582,0.0496,0.1844,0.2831,0.1257,0.4855,0.2594,BCC+FCC
1,1.7,4.652,0.0481,0.1777,0.2834,0.1087,0.4542,0.2631,BCC+FCC
1,1.6,4.602,0.0508,0.1878,0.2836,0.1114,0.4901,0.2654,BCC+FCC
1,1.95,4.762,0.046,0.1625,0.2834,0.1363,0.4271,0.192,BCC+FCC
1,1.85,4.7645,0.046,0.1658,0.283,0.1266,0.446,0.1788,BCC+FCC
1,1.7,4.6895,0.048,0.1724,0.2831,0.1263,0.4602,0.1729,BCC+FCC
1,1.95,4.7545,0.0474,0.1651,0.2842,0.1323,0.434,0.2099,BCC+FCC
1,1.7,4.6295,0.0518,0.1804,0.2845,0.1328,0.4852,0.2052,BCC+FCC
1,1.75,4.647,0.0515,0.18,0.2848,0.1332,0.4875,0.2242,BCC+FCC
1,1.75,4.6995,0.0519,0.1798,0.2851,0.1221,0.4878,0.2153,BCC+FCC
1,1.8,4.612,0.0475,0.1729,0.2834,0.1413,0.4747,0.2475,BCC+FCC
1,1.8,4.717,0.0512,0.1775,0.2853,0.1166,0.4741,0.2323,BCC+FCC
1,1.9,4.782,0.0446,0.1621,0.2828,0.124,0.4521,0.1837,BCC+FCC
1,1.85,4.7495,0.0479,0.1693,0.2841,0.1223,0.4754,0.2028,BCC+FCC
1,1.8,4.672,0.0491,0.1732,0.2842,0.1354,0.4836,0.2113,BCC+FCC
1,1.7,4.6745,0.0502,0.1775,0.2843,0.1239,0.4987,0.1972,BCC+FCC
1,1.9,4.7145,0.0475,0.1666,0.2844,0.1303,0.4683,0.2311,BCC+FCC
1,1.85,4.6895,0.0485,0.1706,0.2845,0.1322,0.4814,0.2303,BCC+FCC
1,1.7,4.667,0.0518,0.1811,0.285,0.1216,0.5156,0.2173,BCC+FCC
1,1.8,4.657,0.0485,0.1729,0.2844,0.13,0.4951,0.2455,BCC+FCC
1,1.75,4.6245,0.0475,0.1734,0.2837,0.1276,0.5058,0.2597,BCC+FCC
1,1.75,4.677,0.05,0.177,0.285,0.1142,0.5053,0.2521,BCC+FCC
1,1.75,4.617,0.0441,0.1661,0.2824,0.1245,0.4978,0.2731,BCC+FCC
1,1.75,4.6695,0.0476,0.172,0.2841,0.1097,0.497,0.2662,BCC+FCC
1,2,4.8245,0.0426,0.1549,0.2826,0.1162,0.4499,0.1901,BCC+FCC
1,1.9,4.7745,0.0439,0.1609,0.2827,0.1236,0.4645,0.1856,BCC+FCC
1,1.8,4.7245,0.0452,0.1662,0.2828,0.1266,0.4714,0.1804,BCC+FCC
1,1.95,4.792,0.0455,0.1611,0.2838,0.1152,0.4709,0.2088,BCC+FCC
1,1.8,4.6645,0.0482,0.1714,0.2841,0.1348,0.4969,0.2135,BCC+FCC
1,1.75,4.692,0.0486,0.1736,0.2841,0.1239,0.5045,0.2007,BCC+FCC
1,1.85,4.682,0.0474,0.1681,0.2843,0.1317,0.4996,0.2338,BCC+FCC
1,1.85,4.6745,0.0462,0.1652,0.2841,0.1281,0.5012,0.2505,BCC+FCC
1,1.75,4.677,0.05,0.1765,0.285,0.1176,0.5278,0.2395,BCC+FCC
1,1.85,4.7345,0.0462,0.1659,0.2838,0.1214,0.5042,0.2061,BCC+FCC
1,1.85,4.667,0.045,0.1618,0.2839,0.1277,0.5209,0.2535,BCC+FCC
1,1.8,4.701,0.0556,0.1867,0.3275,0.1303,0.4322,0.1487,BCC+FCC
1,1.9,4.691,0.0559,0.1882,0.3275,0.1394,0.4141,0.1727,BCC+FCC
1,1.85,4.711,0.0575,0.1928,0.3281,0.1258,0.4264,0.1807,BCC+FCC
1,1.95,4.7685,0.0524,0.1793,0.3272,0.1295,0.4173,0.1583,BCC+FCC
1,1.95,4.7085,0.0538,0.1835,0.3273,0.1386,0.4205,0.1841,BCC+FCC
1,1.85,4.711,0.0559,0.1885,0.3279,0.1282,0.4472,0.1772,BCC+FCC
1,2,4.7335,0.0513,0.1766,0.3269,0.1402,0.4231,0.1775,BCC+FCC
1,1.85,4.7035,0.0549,0.1872,0.3277,0.1277,0.4652,0.1857,BCC+FCC
1,1.8,4.626,0.0557,0.1908,0.3273,0.1353,0.4751,0.1948,BCC+FCC
1,1.8,4.6785,0.0558,0.1898,0.3278,0.1272,0.4759,0.1853,BCC+FCC
1,1.75,4.6535,0.0567,0.1923,0.3279,0.1254,0.4854,0.1847,BCC+FCC
1,1.9,4.6685,0.053,0.1849,0.3268,0.1358,0.4544,0.2099,BCC+FCC
1,1.85,4.6435,0.0541,0.1886,0.3269,0.1356,0.4684,0.2106,BCC+FCC
1,1.8,4.596,0.0461,0.1792,0.3224,0.1281,0.4631,0.2472,BCC+FCC
1,1.8,4.6485,0.0503,0.1851,0.3248,0.1152,0.4621,0.2417,BCC+FCC
1,2.05,4.8035,0.0492,0.1712,0.3268,0.1232,0.43,0.1757,BCC+FCC
1,2,4.726,0.0504,0.1749,0.3268,0.1397,0.4401,0.1852,BCC+FCC
1,2,4.7785,0.05,0.1741,0.3269,0.1264,0.4409,0.175,BCC+FCC
1,2,4.7185,0.0507,0.1759,0.3269,0.1364,0.4468,0.2026,BCC+FCC
1,2,4.771,0.0513,0.1765,0.3274,0.1219,0.4469,0.1937,BCC+FCC
1,1.85,4.6435,0.0537,0.1861,0.3271,0.1368,0.4812,0.2016,BCC+FCC
1,1.85,4.696,0.054,0.1857,0.3276,0.1271,0.482,0.192,BCC+FCC
1,1.75,4.646,0.0557,0.1911,0.3277,0.1246,0.4993,0.1898,BCC+FCC
1,1.95,4.7385,0.0523,0.1803,0.3274,0.1204,0.4604,0.2101,BCC+FCC
1,1.85,4.621,0.0477,0.1781,0.3242,0.1301,0.4802,0.2456,BCC+FCC
1,2.05,4.796,0.0484,0.1695,0.3267,0.1229,0.4471,0.1815,BCC+FCC
1,1.95,4.746,0.0499,0.1755,0.3268,0.1281,0.4649,0.1787,BCC+FCC
1,1.8,4.671,0.0523,0.1832,0.327,0.1275,0.4785,0.173,BCC+FCC
1,2,4.711,0.0496,0.1735,0.3267,0.136,0.4655,0.2091,BCC+FCC
1,2,4.7635,0.0503,0.1745,0.3272,0.1216,0.4658,0.1999,BCC+FCC
1,1.95,4.731,0.0512,0.1779,0.3272,0.12,0.4807,0.2166,BCC+FCC
1,1.85,4.6285,0.0518,0.1839,0.3265,0.1344,0.506,0.224,BCC+FCC
1,1.85,4.6135,0.0463,0.1741,0.3239,0.1296,0.5025,0.2534,BCC+FCC
1,1.75,4.6085,0.0488,0.1828,0.3244,0.1152,0.5254,0.2598,BCC+FCC
1,1.85,4.6885,0.0507,0.1795,0.3268,0.1283,0.4841,0.1771,BCC+FCC
1,2,4.7035,0.0485,0.171,0.3265,0.1355,0.483,0.2139,BCC+FCC
1,2,4.756,0.0494,0.1724,0.327,0.1212,0.4835,0.2043,BCC+FCC
1,1.9,4.706,0.0512,0.1793,0.3272,0.1254,0.5032,0.2012,BCC+FCC
1,1.95,4.7235,0.0502,0.1753,0.3271,0.1196,0.5001,0.2214,BCC+FCC
1,1.9,4.646,0.0495,0.1771,0.3262,0.1342,0.512,0.2293,BCC+FCC
1,2,4.756,0.0475,0.1692,0.3265,0.1252,0.4831,0.1858,BCC+FCC
1,1.95,4.7085,0.048,0.1696,0.3267,0.1187,0.5357,0.2266,BCC+FCC
1,1.9,4.6835,0.049,0.174,0.3268,0.1209,0.5458,0.2246,BCC+FCC
1,1.9,4.676,0.0475,0.1698,0.3262,0.1169,0.5521,0.2432,BCC+FCC
1,2.05,4.7275,0.0534,0.1845,0.3662,0.1263,0.4784,0.1931,BCC+FCC
1,1.8,4.565,0.0423,0.1743,0.3569,0.1144,0.526,0.2642,BCC+FCC
1,2,4.695,0.0533,0.1858,0.3661,0.1274,0.5065,0.1977,BCC+FCC
1,2.1,4.7375,0.0496,0.1745,0.3659,0.1267,0.5015,0.186,BCC+FCC
3,1.75,4.6155,0.0852,0.367,0.2507,0.2145,0.583,0.2218,IM
2,1.7,4.489,0.1151,0.5843,0.2705,0.2454,0.6455,0.1703,IM
3,1.75,4.568,0.1045,0.507,0.3036,0.2587,0.6416,0.1481,IM
1,1.55,4.698,0.053,0.1962,0.2118,0.1315,0.5018,0.1849,BCC+FCC
1,1.6,4.7155,0.0517,0.1931,0.2116,0.1273,0.5073,0.1866,BCC+FCC
1,1.55,4.6505,0.0479,0.1801,0.203,0.1412,0.4527,0.1892,BCC+FCC
1,1.6,4.6455,0.051,0.1873,0.2066,0.133,0.5171,0.252,BCC+FCC
1,1.65,4.697,0.0521,0.1999,0.2282,0.1339,0.4895,0.179,BCC+FCC
1,1.7,4.6505,0.0472,0.1767,0.2047,0.1482,0.491,0.2294,BCC+FCC
1,1.6,4.7055,0.0473,0.1798,0.2037,0.1265,0.5044,0.2024,BCC+FCC
1,1.65,4.6555,0.0476,0.1786,0.2063,0.1262,0.5222,0.272,BCC+FCC
1,1.65,4.542,0.0398,0.1725,0.2511,0.139,0.488,0.2917,BCC+FCC
1,1.75,4.6745,0.0465,0.1791,0.2557,0.1447,0.4171,0.1685,BCC+FCC
1,1.75,4.686,0.0534,0.2041,0.2771,0.1392,0.4299,0.1505,BCC+FCC
1,1.7,4.687,0.0509,0.1883,0.2578,0.128,0.5225,0.2028,BCC+FCC
1,1.75,4.637,0.0459,0.1763,0.2567,0.1278,0.5404,0.2721,BCC+FCC
1,1.7,4.6645,0.0501,0.1861,0.2582,0.1148,0.5545,0.262,BCC+FCC
1,1.75,4.6135,0.055,0.199,0.3031,0.1434,0.4886,0.1898,BCC+FCC
1,1.75,4.576,0.0436,0.1798,0.2974,0.1308,0.5396,0.2786,BCC+FCC
1,1.85,4.626,0.0467,0.1799,0.3008,0.1335,0.5596,0.2554,BCC+FCC
1,1.65,4.6305,0.0499,0.1785,0.2415,0.1546,0.4424,0.1862,BCC+FCC
1,1.6,4.658,0.0489,0.1777,0.2409,0.1451,0.4426,0.171,BCC+FCC
1,1.6,4.613,0.0471,0.1784,0.2414,0.1242,0.4996,0.2798,BCC+FCC
1,1.65,4.622,0.0547,0.1914,0.2896,0.1461,0.4554,0.1679,BCC+FCC
1,1.7,4.5495,0.04,0.1663,0.2819,0.1406,0.4952,0.2795,BCC+FCC
1,1.75,4.612,0.0528,0.1872,0.2893,0.1557,0.4606,0.1864,BCC+FCC
1,1.75,4.627,0.049,0.1806,0.2883,0.1313,0.5389,0.2552,BCC+FCC
1,1.8,4.667,0.051,0.1824,0.2895,0.1405,0.5125,0.2008,BCC+FCC
1,1.8,4.6445,0.0465,0.1713,0.2879,0.1274,0.5449,0.2589,BCC+FCC
1,1.85,4.631,0.0539,0.1919,0.3313,0.144,0.525,0.1984,BCC+FCC
1,1.85,4.6085,0.0459,0.1752,0.3273,0.1329,0.557,0.2552,BCC+FCC
3,1.95,4.814,0.0356,0.1648,0.1735,0.134,0.3442,0.1643,FCC
3,1.95,4.839,0.036,0.1646,0.1729,0.1336,0.3665,0.1689,FCC
3,1.95,4.8065,0.0345,0.1631,0.1734,0.1341,0.3664,0.1704,FCC
4,1.95,4.8965,0.0367,0.1652,0.171,0.1328,0.3877,0.1695,FCC
4,1.95,4.889,0.036,0.1639,0.171,0.1329,0.4073,0.1717,FCC
3,2,4.768,0.0318,0.1425,0.197,0.059,0.36,0.1715,FCC
4,2,4.728,0.0283,0.1375,0.1959,0.0586,0.3778,0.1773,FCC
4,2,4.753,0.0294,0.1379,0.1966,0.0587,0.3947,0.1783,FCC
1,2,4.7135,0.0476,0.1925,0.2724,0.0822,0.3716,0.1642,BCC+FCC
1,2,4.7635,0.0491,0.1936,0.2749,0.0822,0.4144,0.1801,BCC+FCC
1,2,4.8045,0.043,0.1691,0.2546,0.0777,0.3717,0.1723,BCC+FCC
1,2,4.731,0.0477,0.1909,0.2736,0.0821,0.4142,0.1814,BCC+FCC
1,1.95,4.6985,0.0489,0.1924,0.2728,0.0826,0.4281,0.199,BCC+FCC
1,1.9,4.601,0.0452,0.181,0.2663,0.0821,0.4394,0.2168,BCC+FCC
1,2.05,4.756,0.0447,0.1857,0.2736,0.0813,0.4146,0.1671,BCC+FCC
1,2.05,4.6825,0.0502,0.2031,0.2899,0.0851,0.4517,0.1725,BCC+FCC
1,2,4.7885,0.0499,0.194,0.2759,0.0822,0.434,0.1842,BCC+FCC
1,1.95,4.8295,0.0471,0.1763,0.2567,0.0786,0.4071,0.1955,BCC+FCC
1,1.85,4.626,0.0472,0.1862,0.2691,0.0828,0.4705,0.2365,BCC+FCC
1,1.85,4.5935,0.045,0.1791,0.2662,0.0823,0.4706,0.2375,BCC+FCC
1,1.8,4.5935,0.0452,0.1811,0.2663,0.0827,0.4778,0.2507,BCC+FCC
1,2.05,4.8135,0.0467,0.1881,0.2753,0.0813,0.4317,0.1671,BCC+FCC
1,2.05,4.7075,0.051,0.2041,0.2915,0.0851,0.4665,0.1727,BCC+FCC
1,2.05,4.61,0.0466,0.1907,0.2852,0.0849,0.4649,0.1782,BCC+FCC
1,2,4.781,0.0492,0.192,0.2757,0.0821,0.4523,0.1878,BCC+FCC
1,1.95,4.716,0.049,0.1908,0.2741,0.0825,0.4687,0.2079,BCC+FCC
1,1.9,4.651,0.0473,0.1852,0.2708,0.0825,0.4819,0.226,BCC+FCC
1,1.85,4.6185,0.0462,0.1818,0.2687,0.0825,0.4924,0.2416,BCC+FCC
1,2.05,4.871,0.0489,0.1896,0.2763,0.0812,0.4474,0.1649,BCC+FCC
1,2.05,4.7325,0.0518,0.205,0.2929,0.085,0.4797,0.1713,BCC+FCC
1,2.05,4.7,0.0503,0.2014,0.2913,0.085,0.4791,0.1733,BCC+FCC
1,2,4.8385,0.0515,0.1946,0.2773,0.0822,0.4699,0.1866,BCC+FCC
1,2,4.806,0.05,0.1924,0.2765,0.0821,0.4696,0.1883,BCC+FCC
1,1.85,4.6435,0.0473,0.1843,0.2711,0.0828,0.5136,0.244,BCC+FCC
1,2.05,4.7985,0.0454,0.1843,0.275,0.0811,0.4593,0.1692,BCC+FCC
1,1.9,4.6685,0.0473,0.1834,0.2725,0.0824,0.5213,0.2296,BCC+FCC
1,2.05,4.75,0.0518,0.2035,0.2939,0.0848,0.4992,0.1661,BCC+FCC
1,2.1,4.7025,0.049,0.1964,0.3151,0.0945,0.391,0.1447,BCC+FCC
1,2.05,4.605,0.0467,0.1888,0.3089,0.0938,0.4067,0.1663,BCC+FCC
1,2.1,4.695,0.0482,0.194,0.3148,0.0944,0.4099,0.1547,BCC+FCC
1,2.05,4.695,0.051,0.1989,0.3155,0.0949,0.4273,0.1732,BCC+FCC
1,1.95,4.736,0.0511,0.189,0.3009,0.0909,0.4083,0.1949,BCC+FCC
1,2.1,4.655,0.046,0.1875,0.3127,0.0938,0.4271,0.1634,BCC+FCC
1,2.05,4.785,0.0554,0.2056,0.3199,0.0956,0.447,0.1764,BCC+FCC
1,2.05,4.7935,0.0472,0.1806,0.3012,0.091,0.4062,0.1706,BCC+FCC
1,2.05,4.6875,0.0502,0.1962,0.3152,0.0947,0.4465,0.1804,BCC+FCC
1,2.05,4.7285,0.0442,0.1754,0.2989,0.09,0.406,0.1729,BCC+FCC
1,2,4.7935,0.051,0.1869,0.3023,0.0914,0.4201,0.1875,BCC+FCC
1,2,4.6225,0.0483,0.1905,0.3111,0.0942,0.4614,0.1994,BCC+FCC
1,1.95,4.6635,0.0462,0.1775,0.297,0.0893,0.4314,0.2065,BCC+FCC
1,1.85,4.631,0.0464,0.1787,0.2954,0.0887,0.4467,0.2339,BCC+FCC
1,1.8,4.631,0.0466,0.1812,0.2956,0.0887,0.4513,0.2459,BCC+FCC
1,1.75,4.59,0.0445,0.1919,0.3076,0.0946,0.498,0.2668,BCC+FCC
1,2.1,4.745,0.0498,0.1954,0.3175,0.0946,0.4442,0.1637,BCC+FCC
1,2.1,4.786,0.043,0.1719,0.2998,0.0903,0.4065,0.1586,BCC+FCC
1,2.05,4.721,0.0435,0.1728,0.2987,0.0898,0.4255,0.1802,BCC+FCC
1,2,4.7125,0.0533,0.2017,0.3175,0.0953,0.4813,0.2013,BCC+FCC
1,2,4.6885,0.0449,0.1743,0.298,0.0895,0.4409,0.1981,BCC+FCC
1,1.95,4.615,0.0483,0.1895,0.311,0.0943,0.4942,0.2205,BCC+FCC
1,1.8,4.6235,0.0453,0.1765,0.2953,0.0884,0.4755,0.2549,BCC+FCC
1,2.1,4.8435,0.0452,0.1736,0.301,0.0908,0.4237,0.1601,BCC+FCC
1,2.1,4.729,0.0564,0.2156,0.3348,0.0985,0.493,0.1664,BCC+FCC
1,2.1,4.705,0.0476,0.1898,0.3159,0.0941,0.4582,0.1685,BCC+FCC
1,2.05,4.8435,0.049,0.1808,0.3024,0.0913,0.4447,0.1795,BCC+FCC
1,2.05,4.64,0.0468,0.1852,0.3127,0.0939,0.4809,0.1907,BCC+FCC
1,1.95,4.7785,0.0522,0.1881,0.303,0.0913,0.4742,0.2158,BCC+FCC
1,1.95,4.746,0.0502,0.1846,0.3017,0.0907,0.4742,0.2169,BCC+FCC
1,1.9,4.7135,0.0501,0.1849,0.301,0.0903,0.4846,0.2327,BCC+FCC
1,1.85,4.681,0.0489,0.1832,0.2996,0.0897,0.4927,0.2474,BCC+FCC
1,1.85,4.6485,0.0465,0.1768,0.2973,0.0889,0.4929,0.2483,BCC+FCC
1,1.8,4.616,0.044,0.1714,0.295,0.088,0.4991,0.2619,BCC+FCC
1,1.75,4.616,0.0434,0.1729,0.295,0.0879,0.5033,0.274,BCC+FCC
1,2.1,4.8275,0.0528,0.1986,0.3204,0.095,0.4733,0.1623,BCC+FCC
1,2.1,4.624,0.0504,0.1992,0.3283,0.0978,0.5012,0.1725,BCC+FCC
1,2.05,4.8035,0.0465,0.1768,0.3016,0.0907,0.4615,0.1842,BCC+FCC
1,2.05,4.73,0.0512,0.1956,0.318,0.0948,0.4974,0.1878,BCC+FCC
1,2.05,4.6325,0.046,0.1816,0.3124,0.0936,0.4961,0.1929,BCC+FCC
1,1.95,4.706,0.0473,0.1772,0.3,0.0898,0.4944,0.2221,BCC+FCC
1,1.95,4.6735,0.0453,0.172,0.2982,0.0891,0.4943,0.2234,BCC+FCC
1,1.9,4.6735,0.0468,0.1759,0.2988,0.0893,0.506,0.2382,BCC+FCC
1,1.8,4.6735,0.0481,0.182,0.2998,0.0894,0.5217,0.2654,BCC+FCC
1,1.8,4.641,0.0454,0.1746,0.2974,0.0885,0.5219,0.2663,BCC+FCC
1,2.1,4.6575,0.0447,0.1794,0.3137,0.0934,0.4802,0.1724,BCC+FCC
1,2.05,4.8285,0.0473,0.1771,0.3021,0.0909,0.4776,0.1842,BCC+FCC
1,2.05,4.7635,0.0443,0.1718,0.3005,0.09,0.4767,0.1877,BCC+FCC
1,2.05,4.731,0.0429,0.1682,0.2994,0.0895,0.4763,0.1894,BCC+FCC
1,2,4.796,0.0493,0.1808,0.3026,0.0909,0.4978,0.2039,BCC+FCC
1,1.95,4.7635,0.0503,0.1828,0.3027,0.0907,0.5139,0.222,BCC+FCC
1,1.85,4.666,0.0466,0.1749,0.2991,0.089,0.5367,0.2555,BCC+FCC
1,1.8,4.666,0.0468,0.1775,0.2996,0.0891,0.5443,0.269,BCC+FCC
1,2.1,4.78,0.0499,0.1922,0.3192,0.0945,0.4918,0.1627,BCC+FCC
1,2.1,4.715,0.0469,0.1853,0.3168,0.0939,0.4898,0.1672,BCC+FCC
1,2.05,4.7475,0.0512,0.1939,0.319,0.0948,0.524,0.1857,BCC+FCC
1,2,4.7885,0.0485,0.1784,0.3025,0.0907,0.5143,0.2047,BCC+FCC
1,2,4.7235,0.0451,0.1706,0.3002,0.0896,0.5136,0.208,BCC+FCC
1,1.95,4.6825,0.0507,0.1922,0.3171,0.0949,0.5695,0.225,BCC+FCC
1,1.95,4.691,0.0454,0.1701,0.2996,0.0892,0.532,0.2262,BCC+FCC
1,1.9,4.7235,0.0491,0.1797,0.302,0.0901,0.5466,0.2403,BCC+FCC
1,1.9,4.691,0.0469,0.174,0.3003,0.0894,0.5465,0.2417,BCC+FCC
1,1.85,4.691,0.0478,0.1773,0.3009,0.0895,0.5578,0.2563,BCC+FCC
1,2.1,4.7325,0.0504,0.19,0.3406,0.1012,0.3987,0.15,BCC+FCC
1,2.1,4.6675,0.0469,0.1831,0.3371,0.0999,0.3985,0.1517,BCC+FCC
1,2.1,4.7575,0.0513,0.1905,0.3419,0.1015,0.4193,0.161,BCC+FCC
1,2.05,4.6925,0.0503,0.189,0.3393,0.1004,0.433,0.18,BCC+FCC
1,2,4.6925,0.0522,0.1935,0.3398,0.1004,0.4438,0.1953,BCC+FCC
1,2.15,4.6765,0.0514,0.1998,0.3541,0.1051,0.4567,0.159,BCC+FCC
1,2.15,4.7175,0.0456,0.1796,0.3395,0.1005,0.4194,0.1521,BCC+FCC
1,2.1,4.7825,0.0522,0.191,0.3429,0.1019,0.4389,0.1686,BCC+FCC
1,2.1,4.7175,0.0487,0.1851,0.3402,0.1007,0.4386,0.1711,BCC+FCC
1,2.1,4.685,0.047,0.1813,0.3385,0.1,0.4384,0.1723,BCC+FCC
1,2.05,4.6525,0.0474,0.1813,0.337,0.0993,0.4536,0.1903,BCC+FCC
1,2.05,4.62,0.0454,0.1758,0.3347,0.0985,0.4536,0.1913,BCC+FCC
1,2.15,4.775,0.0478,0.1829,0.3418,0.1014,0.4363,0.1555,BCC+FCC
1,2.15,4.669,0.0506,0.1969,0.3538,0.1048,0.471,0.1635,BCC+FCC
1,2.1,4.8075,0.0531,0.1913,0.3438,0.1021,0.4575,0.1735,BCC+FCC
1,2.05,4.7425,0.0523,0.1912,0.3423,0.1012,0.4736,0.1937,BCC+FCC
1,2.05,4.71,0.0504,0.1873,0.3407,0.1005,0.4735,0.195,BCC+FCC
1,2.05,4.645,0.0464,0.1777,0.3367,0.099,0.4732,0.1973,BCC+FCC
1,2.05,4.6125,0.0444,0.1718,0.3344,0.0982,0.4731,0.1985,BCC+FCC
1,2,4.7425,0.0545,0.1959,0.343,0.1013,0.4865,0.2096,BCC+FCC
1,2,4.71,0.0523,0.1918,0.3412,0.1006,0.4866,0.2107,BCC+FCC
1,1.95,4.6775,0.0511,0.1905,0.3397,0.0998,0.4968,0.2263,BCC+FCC
1,2.15,4.8325,0.0502,0.1851,0.3434,0.1021,0.452,0.1562,BCC+FCC
1,2.15,4.67,0.0427,0.1703,0.3375,0.0993,0.4493,0.1651,BCC+FCC
1,2.1,4.6615,0.0515,0.1976,0.3539,0.1049,0.5095,0.1857,BCC+FCC
1,2.1,4.7025,0.0471,0.1796,0.3398,0.1001,0.4735,0.1825,BCC+FCC
1,2.1,4.67,0.0453,0.1751,0.3381,0.0994,0.4732,0.184,BCC+FCC
1,2.05,4.7025,0.0494,0.1843,0.3404,0.1002,0.4921,0.1999,BCC+FCC
1,2.05,4.67,0.0474,0.1795,0.3386,0.0995,0.492,0.2012,BCC+FCC
1,2.15,4.6865,0.0507,0.1952,0.3553,0.1049,0.4945,0.1656,BCC+FCC
1,2.1,4.7925,0.0514,0.1872,0.3435,0.1017,0.4902,0.1806,BCC+FCC
1,2.1,4.7275,0.048,0.1807,0.3411,0.1005,0.4893,0.1839,BCC+FCC
1,2.05,4.695,0.0485,0.1811,0.3402,0.0999,0.5097,0.2032,BCC+FCC
1,2.05,4.6625,0.0465,0.1759,0.3384,0.0991,0.5095,0.2046,BCC+FCC
1,1.95,4.695,0.0512,0.1888,0.3413,0.0999,0.5387,0.2346,BCC+FCC
1,2.15,4.72,0.0442,0.1725,0.3401,0.1,0.4735,0.1655,BCC+FCC
1,2.1,4.72,0.0471,0.1778,0.3409,0.1002,0.5032,0.1854,BCC+FCC
1,2.15,4.745,0.045,0.1735,0.3411,0.1004,0.4823,0.1631,BCC+FCC
1,2,4.68,0.048,0.1777,0.3403,0.0993,0.5617,0.2227,BCC+FCC
1,2.2,4.689,0.0499,0.1907,0.3764,0.1095,0.415,0.1305,BCC+FCC
1,2.2,4.6165,0.0456,0.1793,0.3718,0.1076,0.4318,0.145,BCC+FCC
1,2.2,4.584,0.0439,0.1739,0.3692,0.1068,0.4314,0.1463,BCC+FCC
1,2.15,4.584,0.0455,0.1774,0.3692,0.1066,0.4509,0.1651,BCC+FCC
1,2.2,4.5765,0.0431,0.1699,0.369,0.1064,0.4471,0.1554,BCC+FCC
1,2.15,4.609,0.0465,0.1795,0.3717,0.1071,0.4689,0.1729,BCC+FCC
1,2.15,4.5765,0.0446,0.1732,0.3689,0.1062,0.4687,0.1741,BCC+FCC
1,2.15,4.544,0.0426,0.1659,0.3659,0.1052,0.4684,0.1753,BCC+FCC
1,2.2,4.569,0.0422,0.1656,0.3687,0.106,0.4611,0.162,BCC+FCC
1,2.15,4.6665,0.0495,0.1866,0.3761,0.1085,0.4862,0.1765,BCC+FCC
1,2.1,4.6015,0.0466,0.1786,0.3714,0.1066,0.5042,0.1964,BCC+FCC
1,2.2,4.724,0.0501,0.1874,0.379,0.1098,0.4765,0.1578,BCC+FCC
1,2.2,4.6265,0.0449,0.1739,0.3734,0.1075,0.4745,0.1632,BCC+FCC
1,2.15,4.594,0.0446,0.1713,0.3711,0.1064,0.5006,0.1839,BCC+FCC
1,2.2,4.7815,0.0527,0.1912,0.3814,0.1108,0.4886,0.1559,BCC+FCC
1,2.2,4.749,0.0509,0.1882,0.3802,0.1102,0.4878,0.158,BCC+FCC
1,2.2,4.619,0.044,0.1701,0.3731,0.1071,0.4845,0.1657,BCC+FCC
1,2.15,4.7165,0.0516,0.1894,0.3794,0.1095,0.5162,0.1801,BCC+FCC
1,2.15,4.684,0.0496,0.1849,0.3776,0.1087,0.5157,0.1819,BCC+FCC
1,2.2,4.644,0.0449,0.172,0.375,0.1076,0.4929,0.1648,BCC+FCC
1,2.15,4.709,0.0506,0.1863,0.3792,0.1091,0.5283,0.1812,BCC+FCC
1,2.15,4.6765,0.0487,0.1815,0.3774,0.1083,0.5276,0.183,BCC+FCC
1,2.2,4.7665,0.051,0.1865,0.3811,0.1103,0.5022,0.1554,BCC+FCC
1,2.2,4.7015,0.0476,0.1787,0.3784,0.1089,0.4998,0.16,BCC+FCC
1,2.25,4.608,0.0468,0.1773,0.4084,0.1146,0.5055,0.1614,BCC+FCC
1,2.25,4.633,0.0478,0.1795,0.4106,0.1151,0.5109,0.1598,BCC+FCC
4,1.95,4.789,0.0383,0.1798,0.167,0.1675,0.2669,0.1408,FCC
3,1.95,4.7565,0.0362,0.1785,0.1667,0.168,0.2668,0.1418,FCC
4,1.9,4.724,0.0372,0.1833,0.1684,0.1696,0.284,0.1607,FCC
4,1.95,4.8315,0.0382,0.1778,0.1665,0.1667,0.3363,0.1657,FCC
4,1.95,4.734,0.0323,0.173,0.1662,0.1684,0.3353,0.1702,FCC
4,1.95,4.8565,0.0383,0.1774,0.166,0.1663,0.3556,0.1684,FCC
4,1.95,4.824,0.0372,0.1764,0.1664,0.1669,0.3552,0.1701,FCC
4,1.95,4.7915,0.0356,0.175,0.1665,0.1674,0.3548,0.1717,FCC
4,1.95,4.7265,0.0318,0.1709,0.166,0.1685,0.354,0.1749,FCC
4,1.95,4.8815,0.0382,0.177,0.1654,0.1658,0.3733,0.1691,FCC
2,1.95,4.849,0.0375,0.1761,0.1659,0.1664,0.3728,0.1709,FCC
4,1.95,4.8165,0.0363,0.1749,0.1663,0.167,0.3723,0.1727,FCC
2,1.95,4.7515,0.0324,0.1712,0.1662,0.1681,0.3713,0.1763,FCC
4,1.95,4.719,0.0314,0.1686,0.1658,0.1686,0.3708,0.178,FCC
4,1.9,4.719,0.0358,0.1748,0.1681,0.1696,0.3945,0.1962,FCC
2,1.95,4.939,0.0376,0.1766,0.1635,0.1648,0.3898,0.1661,FCC
2,1.95,4.9065,0.0378,0.1764,0.1645,0.1654,0.3892,0.1681,FCC
1,1.95,4.874,0.0375,0.1757,0.1653,0.166,0.3886,0.1701,FCC
2,1.95,4.8415,0.0366,0.1747,0.1658,0.1666,0.3881,0.172,FCC
3,1.95,4.7765,0.0335,0.1714,0.1662,0.1677,0.3869,0.1758,FCC
4,1.95,4.744,0.0318,0.1691,0.166,0.1682,0.3863,0.1777,FCC
4,2,4.754,0.0387,0.2109,0.2723,0.1917,0.2423,0.132,FCC
1,2,4.6365,0.0429,0.1723,0.1958,0.105,0.2744,0.1278,BCC+FCC
3,1.95,4.764,0.0359,0.1421,0.179,0.0741,0.2448,0.1348,FCC
1,1.95,4.604,0.0438,0.172,0.1937,0.107,0.2944,0.1483,BCC+FCC
4,2,4.714,0.0335,0.1472,0.1846,0.0866,0.2715,0.1373,FCC
4,2,4.7565,0.032,0.1309,0.1768,0.0729,0.2565,0.1343,FCC
3,2,4.814,0.0336,0.1323,0.1779,0.0726,0.2826,0.146,FCC
4,2,4.7815,0.0324,0.1308,0.1774,0.0727,0.2825,0.1472,FCC
3,2,4.7065,0.032,0.1446,0.1844,0.0866,0.2954,0.1498,FCC
3,2,4.749,0.0306,0.1287,0.1766,0.0728,0.2823,0.1483,FCC
3,1.95,4.7815,0.0353,0.14,0.1795,0.0739,0.3004,0.1654,FCC
1,2,4.6365,0.0469,0.1791,0.2039,0.1104,0.3443,0.1545,BCC+FCC
3,2,4.8065,0.0325,0.1305,0.1777,0.0726,0.306,0.1561,FCC
1,2,4.604,0.0451,0.1735,0.201,0.1112,0.3437,0.1562,BCC+FCC
3,2,4.774,0.0312,0.1287,0.1772,0.0726,0.3058,0.1574,FCC
1,1.95,4.6465,0.0447,0.1718,0.1984,0.1062,0.3604,0.1761,BCC+FCC
1,1.95,4.614,0.043,0.1662,0.1957,0.1068,0.3601,0.1775,BCC+FCC
4,1.95,4.7415,0.0319,0.1351,0.1784,0.0738,0.3246,0.1766,FCC
1,2,4.6615,0.0478,0.1808,0.2061,0.1098,0.3596,0.1567,BCC+FCC
4,2,4.8315,0.0324,0.13,0.1778,0.0724,0.3276,0.162,FCC
1,2,4.629,0.046,0.1755,0.2035,0.1106,0.3589,0.1585,BCC+FCC
3,2,4.799,0.0315,0.1285,0.1775,0.0725,0.3273,0.1635,FCC
4,2,4.7665,0.03,0.1264,0.177,0.0726,0.327,0.1649,FCC
4,1.95,4.7665,0.0329,0.1354,0.1791,0.0737,0.3471,0.183,FCC
4,1.95,4.734,0.0306,0.1324,0.1782,0.0737,0.347,0.1843,FCC
2,2,4.889,0.0322,0.1303,0.1776,0.072,0.3477,0.1638,FCC
1,2,4.654,0.0469,0.1773,0.2057,0.11,0.3719,0.1589,BCC+FCC
4,2,4.824,0.0315,0.1282,0.1777,0.0723,0.3469,0.1671,FCC
3,2,4.759,0.0288,0.1239,0.1768,0.0725,0.3461,0.1703,FCC
3,2,4.7265,0.0267,0.1209,0.1759,0.0725,0.3457,0.1719,FCC
4,1.95,4.824,0.035,0.1377,0.18,0.0735,0.3682,0.1857,FCC
3,1.95,4.7915,0.0336,0.1356,0.1796,0.0736,0.368,0.1871,FCC
3,2,4.914,0.0312,0.1294,0.1771,0.0717,0.3657,0.165,FCC
1,2,4.7115,0.0496,0.1836,0.2096,0.1085,0.3836,0.1553,BCC+FCC
1,2,4.8815,0.0315,0.1288,0.1775,0.0719,0.3653,0.1668,FCC
1,2,4.849,0.0313,0.1278,0.1776,0.0721,0.3648,0.1686,FCC
2,2,4.8165,0.0305,0.1262,0.1775,0.0722,0.3643,0.1704,FCC
2,2,4.784,0.0293,0.124,0.1772,0.0723,0.3638,0.1721,FCC
1,1.95,4.6565,0.044,0.1662,0.1998,0.106,0.4107,0.1847,BCC+FCC
1,2,4.939,0.03,0.1284,0.1764,0.0714,0.382,0.1644,FCC
4,2,4.9065,0.0306,0.128,0.177,0.0717,0.3815,0.1663,FCC
1,2,4.874,0.0308,0.1272,0.1773,0.0719,0.3809,0.1683,FCC
2,2,4.8415,0.0304,0.1259,0.1775,0.0721,0.3803,0.1702,FCC
4,2,4.809,0.0296,0.124,0.1773,0.0722,0.3798,0.1721,FCC
4,2,4.7765,0.0283,0.1215,0.177,0.0722,0.3792,0.174,FCC
3,2,4.744,0.0264,0.1184,0.1764,0.0723,0.3786,0.1758,FCC
1,2.05,4.6255,0.0468,0.181,0.2487,0.1186,0.3131,0.127,BCC+FCC
1,2.05,4.668,0.0434,0.1728,0.2457,0.1107,0.3013,0.1242,BCC+FCC
4,2.05,4.753,0.0367,0.1475,0.2359,0.0882,0.2736,0.1161,FCC
1,2,4.603,0.0429,0.1685,0.2416,0.1123,0.3199,0.1458,BCC+FCC
1,1.95,4.668,0.0487,0.1829,0.2473,0.1128,0.3347,0.1616,BCC+FCC
1,1.95,4.7105,0.046,0.1742,0.2436,0.1026,0.3193,0.1578,BCC+FCC
1,1.95,4.5605,0.0457,0.1759,0.243,0.1216,0.349,0.1662,BCC+FCC
1,1.95,4.528,0.0434,0.168,0.2392,0.122,0.349,0.1669,BCC+FCC
1,1.95,4.5705,0.0428,0.1661,0.239,0.1134,0.3348,0.1634,BCC+FCC
1,1.9,4.6455,0.0448,0.1707,0.2403,0.1035,0.3302,0.1738,BCC+FCC
1,1.9,4.613,0.0428,0.1651,0.2377,0.1034,0.3304,0.174,BCC+FCC
1,1.8,4.5805,0.0427,0.1647,0.2352,0.1046,0.345,0.1995,BCC+FCC
1,2.05,4.7155,0.0511,0.1902,0.2549,0.1172,0.3342,0.1355,BCC+FCC
1,2.05,4.7255,0.0457,0.1769,0.249,0.1101,0.3234,0.1358,BCC+FCC
1,2.05,4.693,0.0442,0.1737,0.2474,0.1104,0.3231,0.1371,BCC+FCC
1,2,4.768,0.0449,0.1715,0.2451,0.1015,0.3299,0.1537,BCC+FCC
1,1.95,4.6605,0.0478,0.1796,0.247,0.1128,0.3584,0.1748,BCC+FCC
1,1.95,4.5855,0.0468,0.1785,0.2461,0.1213,0.3715,0.1776,BCC+FCC
1,1.95,4.5205,0.0424,0.1625,0.2388,0.122,0.3714,0.1793,BCC+FCC
1,1.9,4.7455,0.0448,0.1668,0.2398,0.0903,0.3395,0.1846,BCC+FCC
1,2.05,4.7505,0.0464,0.1775,0.2501,0.1097,0.3435,0.1444,BCC+FCC
1,2.05,4.6755,0.0486,0.1837,0.2528,0.1178,0.3519,0.1459,BCC+FCC
1,2.05,4.718,0.045,0.1745,0.2488,0.1101,0.3431,0.1459,BCC+FCC
1,2.05,4.6855,0.0435,0.171,0.2471,0.1104,0.3427,0.1474,BCC+FCC
4,2.05,4.7055,0.0315,0.1401,0.2344,0.0878,0.3209,0.1482,FCC
1,2,4.7505,0.0499,0.1834,0.2513,0.1109,0.3643,0.1642,BCC+FCC
1,2,4.7605,0.0442,0.1693,0.2449,0.1015,0.3524,0.1647,BCC+FCC
1,2,4.578,0.0448,0.1712,0.2456,0.1203,0.3741,0.1696,BCC+FCC
1,2,4.5455,0.0429,0.1638,0.2423,0.1207,0.3738,0.1708,BCC+FCC
1,1.95,4.7605,0.0478,0.1756,0.2462,0.1024,0.3676,0.1818,BCC+FCC
1,1.95,4.728,0.046,0.1724,0.2448,0.1025,0.3676,0.1828,BCC+FCC
1,1.9,4.7705,0.0457,0.1675,0.2408,0.0904,0.3646,0.1964,BCC+FCC
1,1.9,4.653,0.0484,0.1801,0.2473,0.1137,0.3937,0.2004,BCC+FCC
1,1.9,4.6205,0.0462,0.1741,0.2447,0.1139,0.3938,0.2013,BCC+FCC
1,1.9,4.663,0.0449,0.1688,0.242,0.1033,0.3797,0.1997,BCC+FCC
1,1.9,4.5455,0.0436,0.1675,0.2422,0.1228,0.4071,0.2033,BCC+FCC
1,2.05,4.7755,0.0472,0.1779,0.2511,0.1094,0.3617,0.1499,BCC+FCC
1,2.05,4.7005,0.0495,0.1849,0.2544,0.1174,0.3686,0.1505,BCC+FCC
1,2.05,4.743,0.0457,0.1752,0.2499,0.1098,0.3613,0.1516,BCC+FCC
4,2.05,4.7305,0.0328,0.1406,0.2354,0.0879,0.3417,0.1567,FCC
1,2,4.7755,0.0508,0.184,0.2524,0.1106,0.3842,0.1698,BCC+FCC
1,2,4.7005,0.0518,0.1896,0.2553,0.1186,0.3935,0.1706,BCC+FCC
1,2,4.7855,0.0449,0.1697,0.2457,0.1013,0.3733,0.1715,BCC+FCC
1,2,4.753,0.0434,0.167,0.2447,0.1014,0.3731,0.1728,BCC+FCC
1,2,4.6355,0.0478,0.1797,0.2509,0.1196,0.3928,0.1735,BCC+FCC
1,2,4.603,0.0459,0.1736,0.2482,0.12,0.3924,0.175,BCC+FCC
1,1.95,4.753,0.0469,0.1732,0.246,0.1023,0.3896,0.19,BCC+FCC
1,1.95,4.678,0.0479,0.1778,0.2486,0.1126,0.4015,0.1913,BCC+FCC
1,1.95,4.7205,0.0452,0.1696,0.2446,0.1024,0.3895,0.1911,BCC+FCC
1,1.95,4.613,0.0439,0.1664,0.2439,0.113,0.4013,0.1936,BCC+FCC
1,1.95,4.5805,0.0419,0.1594,0.2411,0.1132,0.4011,0.1948,BCC+FCC
1,1.9,4.6455,0.0473,0.1763,0.247,0.1137,0.4157,0.2082,BCC+FCC
1,1.9,4.5705,0.0449,0.171,0.2455,0.1225,0.4281,0.2095,BCC+FCC
1,1.9,4.5805,0.0429,0.1622,0.2414,0.1141,0.4157,0.2102,BCC+FCC
1,2.05,4.833,0.0497,0.1802,0.2526,0.1086,0.3788,0.151,BCC+FCC
1,2.05,4.6605,0.0469,0.1774,0.2522,0.118,0.3821,0.1566,BCC+FCC
1,2,4.768,0.05,0.1817,0.2522,0.1106,0.4023,0.1747,BCC+FCC
1,2,4.8105,0.0459,0.17,0.2464,0.1011,0.3929,0.1759,BCC+FCC
1,2,4.693,0.0508,0.1865,0.2551,0.1187,0.4101,0.1749,BCC+FCC
1,2,4.628,0.0469,0.1758,0.2506,0.1196,0.4093,0.1781,BCC+FCC
1,1.95,4.8105,0.0496,0.1766,0.2479,0.1021,0.4105,0.1935,BCC+FCC
1,1.95,4.853,0.0454,0.1632,0.2412,0.0898,0.3985,0.194,BCC+FCC
1,1.95,4.7355,0.0509,0.1836,0.252,0.112,0.4215,0.1941,BCC+FCC
1,1.95,4.7455,0.0461,0.1705,0.2458,0.1023,0.4103,0.1961,BCC+FCC
1,1.95,4.628,0.0481,0.1791,0.2511,0.1207,0.4311,0.1959,BCC+FCC
1,1.95,4.6055,0.043,0.162,0.2436,0.113,0.4207,0.1994,BCC+FCC
1,1.8,4.6055,0.0444,0.1694,0.2446,0.1156,0.4586,0.2436,BCC+FCC
1,2.05,4.793,0.0473,0.1762,0.2517,0.1091,0.3924,0.1557,BCC+FCC
1,2.05,4.8355,0.043,0.1627,0.2452,0.0998,0.3868,0.1581,BCC+FCC
1,2.05,4.6855,0.0478,0.1789,0.254,0.1176,0.3947,0.1571,BCC+FCC
1,2.05,4.728,0.0443,0.1701,0.2495,0.1099,0.3911,0.1596,BCC+FCC
1,2,4.728,0.0474,0.1756,0.2507,0.111,0.4184,0.1796,BCC+FCC
1,1.95,4.803,0.0487,0.1744,0.2477,0.102,0.4301,0.1976,BCC+FCC
1,1.95,4.7705,0.047,0.1714,0.2467,0.1022,0.4299,0.199,BCC+FCC
1,1.95,4.6105,0.0491,0.1835,0.2552,0.1269,0.4562,0.1956,BCC+FCC
1,1.95,4.6955,0.0479,0.176,0.2501,0.1123,0.4396,0.1991,BCC+FCC
1,1.95,4.738,0.0453,0.1677,0.2455,0.1023,0.4297,0.2004,BCC+FCC
1,1.9,4.6205,0.0474,0.1771,0.2512,0.1219,0.4671,0.2156,BCC+FCC
1,1.85,4.6305,0.0458,0.1705,0.2469,0.1146,0.47,0.2332,BCC+FCC
1,1.85,4.6405,0.0434,0.1605,0.2419,0.1038,0.4573,0.235,BCC+FCC
1,1.8,4.6305,0.0459,0.1727,0.2473,0.1155,0.4805,0.2474,BCC+FCC
1,1.8,4.6405,0.0442,0.1635,0.2425,0.1044,0.4669,0.2488,BCC+FCC
1,2.05,4.818,0.048,0.1765,0.2523,0.1088,0.4051,0.1548,BCC+FCC
1,2.05,4.828,0.0421,0.1609,0.2451,0.0998,0.4006,0.16,BCC+FCC
1,2,4.7855,0.05,0.18,0.2529,0.1103,0.4342,0.1777,BCC+FCC
1,2,4.678,0.0489,0.1797,0.2545,0.1189,0.4381,0.1787,BCC+FCC
1,2,4.6455,0.047,0.1739,0.2524,0.1193,0.4375,0.1806,BCC+FCC
1,1.95,4.753,0.0509,0.1818,0.253,0.1118,0.4572,0.1981,BCC+FCC
1,1.95,4.6555,0.045,0.1667,0.2478,0.1126,0.4562,0.2029,BCC+FCC
1,1.9,4.7305,0.047,0.1699,0.2465,0.103,0.4649,0.2196,BCC+FCC
1,1.85,4.698,0.0468,0.1692,0.2459,0.1038,0.4782,0.2362,BCC+FCC
1,2.05,4.8105,0.0473,0.1744,0.2522,0.1088,0.4147,0.1545,BCC+FCC
1,2.05,4.853,0.0425,0.1609,0.2453,0.0996,0.413,0.1582,BCC+FCC
1,2.05,4.778,0.0458,0.1716,0.2514,0.1092,0.4137,0.1567,BCC+FCC
1,2.05,4.7455,0.0444,0.1682,0.2504,0.1096,0.4127,0.159,BCC+FCC
1,1.95,4.703,0.0515,0.1853,0.2571,0.1197,0.4793,0.1959,BCC+FCC
1,1.95,4.7455,0.05,0.1788,0.2528,0.1118,0.4729,0.1988,BCC+FCC
1,1.95,4.788,0.0471,0.1695,0.2474,0.102,0.4653,0.2014,BCC+FCC
1,1.95,4.713,0.048,0.1742,0.2513,0.1121,0.4725,0.2005,BCC+FCC
1,1.9,4.713,0.0497,0.1783,0.2523,0.1131,0.4933,0.2177,BCC+FCC
1,1.9,4.7555,0.048,0.1712,0.2476,0.1029,0.4837,0.2199,BCC+FCC
1,2.1,4.6995,0.044,0.1726,0.2886,0.1128,0.3266,0.1205,BCC+FCC
1,2,4.6345,0.046,0.1746,0.2859,0.114,0.3583,0.1597,BCC+FCC
1,2,4.5595,0.0449,0.1726,0.2839,0.1244,0.3722,0.1639,BCC+FCC
1,1.95,4.667,0.0498,0.1839,0.2887,0.1147,0.3692,0.1746,BCC+FCC
1,1.95,4.602,0.0454,0.1726,0.2835,0.1143,0.3694,0.1754,BCC+FCC
1,1.9,4.6445,0.0458,0.1714,0.2824,0.1011,0.3616,0.1843,BCC+FCC
1,1.9,4.527,0.0424,0.1674,0.2795,0.1257,0.3937,0.1935,BCC+FCC
1,2.1,4.682,0.0485,0.1832,0.2934,0.1224,0.3575,0.1354,BCC+FCC
1,2.1,4.6495,0.0468,0.179,0.2914,0.1225,0.3571,0.1368,BCC+FCC
1,2.1,4.692,0.0433,0.17,0.2884,0.1128,0.3473,0.1353,BCC+FCC
1,2.05,4.7345,0.0425,0.165,0.2854,0.1011,0.3537,0.1527,BCC+FCC
1,2,4.757,0.0529,0.1879,0.2932,0.1142,0.3812,0.1705,BCC+FCC
1,2,4.6495,0.0505,0.1874,0.2923,0.1242,0.3941,0.1741,BCC+FCC
1,2,4.6595,0.047,0.1762,0.2879,0.114,0.3812,0.173,BCC+FCC
1,1.95,4.7345,0.049,0.177,0.2873,0.102,0.3781,0.185,BCC+FCC
1,1.95,4.6695,0.045,0.1686,0.2838,0.1011,0.3784,0.1862,BCC+FCC
1,1.85,4.6045,0.0433,0.1641,0.2797,0.1005,0.3935,0.2129,BCC+FCC
1,2.1,4.717,0.044,0.1708,0.2897,0.1127,0.3664,0.1447,BCC+FCC
1,2.05,4.782,0.0508,0.1826,0.2933,0.1134,0.3872,0.1617,BCC+FCC
1,2.05,4.707,0.0519,0.1892,0.2957,0.123,0.3975,0.1634,BCC+FCC
1,2,4.7495,0.052,0.1855,0.293,0.1141,0.4029,0.1805,BCC+FCC
1,2,4.792,0.0486,0.1747,0.2886,0.102,0.3901,0.1794,BCC+FCC
1,1.95,4.717,0.0521,0.1867,0.2922,0.1147,0.4155,0.1973,BCC+FCC
1,1.95,4.6845,0.0499,0.1821,0.2903,0.1146,0.4155,0.1982,BCC+FCC
1,1.95,4.6945,0.0461,0.1701,0.2855,0.1013,0.4018,0.1974,BCC+FCC
1,1.85,4.6195,0.0465,0.1763,0.2861,0.1153,0.4333,0.2271,BCC+FCC
1,1.8,4.6095,0.0463,0.1857,0.2895,0.1269,0.4542,0.2409,BCC+FCC
1,1.8,4.6195,0.0461,0.1783,0.2862,0.1157,0.4388,0.2394,BCC+FCC
1,1.8,4.6295,0.045,0.1696,0.2825,0.101,0.423,0.2373,BCC+FCC
1,2.1,4.6995,0.0486,0.1814,0.2947,0.1222,0.391,0.15,BCC+FCC
1,2.1,4.7095,0.0433,0.1682,0.2895,0.1126,0.3835,0.1525,BCC+FCC
1,2.05,4.6995,0.051,0.1863,0.2955,0.123,0.4153,0.17,BCC+FCC
1,2.05,4.667,0.049,0.1817,0.2935,0.1232,0.415,0.1715,BCC+FCC
1,2.05,4.752,0.0425,0.1631,0.2862,0.101,0.3956,0.1719,BCC+FCC
1,2,4.817,0.0495,0.175,0.2893,0.1021,0.4117,0.1868,BCC+FCC
1,2,4.7845,0.0478,0.1725,0.2884,0.1018,0.4116,0.1879,BCC+FCC
1,2,4.7195,0.0443,0.1658,0.286,0.1012,0.4115,0.1901,BCC+FCC
1,1.95,4.6445,0.0466,0.1729,0.2879,0.1143,0.4371,0.2072,BCC+FCC
1,1.9,4.6445,0.0475,0.1763,0.2883,0.1149,0.4481,0.2217,BCC+FCC
1,1.85,4.687,0.0484,0.1754,0.2866,0.1017,0.4416,0.234,BCC+FCC
1,1.8,4.602,0.0448,0.1802,0.2891,0.1269,0.4777,0.249,BCC+FCC
1,1.8,4.612,0.0447,0.1731,0.2859,0.1155,0.4629,0.2486,BCC+FCC
1,1.75,4.622,0.0434,0.1667,0.2824,0.1008,0.4515,0.2592,BCC+FCC
1,2.1,4.832,0.0488,0.1765,0.2934,0.1124,0.4009,0.1508,BCC+FCC
1,2.1,4.8095,0.0417,0.1586,0.2865,0.1008,0.3929,0.1558,BCC+FCC
1,2.1,4.702,0.0426,0.1654,0.2893,0.1126,0.3988,0.1579,BCC+FCC
1,2.05,4.842,0.0467,0.168,0.2884,0.1016,0.4151,0.1739,BCC+FCC
1,2.05,4.777,0.0433,0.1636,0.287,0.1011,0.4146,0.1768,BCC+FCC
1,2.05,4.637,0.0422,0.1609,0.2865,0.1131,0.4226,0.1803,BCC+FCC
1,2,4.767,0.052,0.1838,0.294,0.114,0.4429,0.1923,BCC+FCC
1,2,4.702,0.0481,0.1758,0.291,0.1139,0.4426,0.1949,BCC+FCC
1,2,4.712,0.0435,0.1628,0.2858,0.101,0.4317,0.1967,BCC+FCC
1,2,4.637,0.0441,0.1651,0.2871,0.1137,0.4422,0.1975,BCC+FCC
1,1.95,4.777,0.0501,0.1761,0.2894,0.1021,0.4456,0.2102,BCC+FCC
1,1.95,4.6695,0.0477,0.1749,0.2898,0.1144,0.4577,0.2122,BCC+FCC
1,1.85,4.6795,0.0472,0.1715,0.2863,0.1015,0.4648,0.2415,BCC+FCC
1,1.75,4.647,0.0449,0.1699,0.2849,0.1012,0.4756,0.2671,BCC+FCC
1,2.1,4.867,0.043,0.1601,0.2872,0.101,0.4092,0.1561,BCC+FCC
1,2.1,4.6845,0.0469,0.1754,0.2943,0.1222,0.4161,0.1572,BCC+FCC
1,2.05,4.7495,0.053,0.1885,0.2982,0.1227,0.4472,0.1741,BCC+FCC
1,2.05,4.727,0.0465,0.172,0.2915,0.1132,0.4397,0.1795,BCC+FCC
1,2.05,4.6945,0.0448,0.1677,0.29,0.1132,0.4393,0.1811,BCC+FCC
1,2,4.7595,0.0511,0.1811,0.2938,0.1139,0.4611,0.196,BCC+FCC
1,2,4.727,0.0491,0.1772,0.2924,0.1139,0.4609,0.1974,BCC+FCC
1,2,4.6945,0.0471,0.1725,0.2908,0.1138,0.4606,0.1989,BCC+FCC
1,2,4.737,0.0444,0.1639,0.2869,0.1011,0.4509,0.2001,BCC+FCC
1,1.95,4.7695,0.0491,0.1734,0.2892,0.1019,0.4661,0.2149,BCC+FCC
1,1.95,4.6295,0.0445,0.1643,0.2873,0.1141,0.4772,0.2178,BCC+FCC
1,1.9,4.672,0.0449,0.1636,0.2854,0.101,0.478,0.2334,BCC+FCC
1,1.85,4.7045,0.0484,0.1735,0.2881,0.1018,0.4872,0.2462,BCC+FCC
1,1.85,4.6295,0.0453,0.1695,0.288,0.1151,0.501,0.247,BCC+FCC
1,2.1,4.7845,0.0456,0.1702,0.2924,0.1124,0.4255,0.1573,BCC+FCC
1,2.1,4.677,0.0461,0.172,0.2941,0.1222,0.425,0.1583,BCC+FCC
1,2.1,4.7195,0.0427,0.1634,0.2903,0.1124,0.4239,0.1614,BCC+FCC
1,2.05,4.6995,0.0536,0.1924,0.3014,0.1304,0.4635,0.1723,BCC+FCC
1,2.05,4.7095,0.0501,0.1814,0.2965,0.1228,0.4595,0.1772,BCC+FCC
1,2.05,4.7945,0.0433,0.1617,0.2875,0.1011,0.4482,0.1821,BCC+FCC
1,2,4.752,0.0501,0.1783,0.2936,0.1139,0.478,0.1982,BCC+FCC
1,2,4.7195,0.0482,0.174,0.2922,0.1138,0.4776,0.1998,BCC+FCC
1,1.95,4.7195,0.05,0.1785,0.2931,0.1144,0.4962,0.2166,BCC+FCC
1,1.9,4.7295,0.0483,0.1711,0.2887,0.1017,0.4987,0.2348,BCC+FCC
1,1.9,4.697,0.046,0.1657,0.2871,0.1013,0.4987,0.236,BCC+FCC
1,1.85,4.6645,0.0448,0.1628,0.2858,0.101,0.5091,0.2514,BCC+FCC
1,2.1,4.8095,0.0464,0.1706,0.293,0.1123,0.4354,0.1551,BCC+FCC
1,2.1,4.7345,0.0487,0.1779,0.2969,0.1218,0.4333,0.1535,BCC+FCC
1,2.1,4.777,0.0449,0.1678,0.2922,0.1123,0.4345,0.1573,BCC+FCC
1,2.05,4.6595,0.0503,0.183,0.2991,0.1308,0.4711,0.1737,BCC+FCC
1,2.05,4.702,0.0492,0.1781,0.2963,0.1228,0.4702,0.1772,BCC+FCC
1,2.05,4.787,0.0426,0.1593,0.2874,0.1009,0.4625,0.1832,BCC+FCC
1,2,4.722,0.0427,0.1576,0.2865,0.1008,0.4853,0.2048,BCC+FCC
1,1.95,4.6795,0.0468,0.1691,0.2911,0.1142,0.5135,0.2195,BCC+FCC
1,1.95,4.722,0.0453,0.1629,0.2875,0.1011,0.504,0.2215,BCC+FCC
1,1.85,4.6895,0.0461,0.1653,0.2876,0.1013,0.5302,0.253,BCC+FCC
1,2.15,4.6985,0.043,0.1689,0.3259,0.1108,0.3507,0.1177,BCC+FCC
1,2.1,4.6885,0.0511,0.1875,0.331,0.1237,0.3802,0.1409,BCC+FCC
1,2.1,4.731,0.0481,0.178,0.3282,0.1115,0.3678,0.1375,BCC+FCC
1,2.1,4.6985,0.0464,0.1748,0.3266,0.1111,0.3677,0.1383,BCC+FCC
1,2,4.6335,0.0468,0.1753,0.3234,0.1104,0.3917,0.1723,BCC+FCC
1,2.05,4.6585,0.0462,0.1727,0.3251,0.1106,0.4034,0.1711,BCC+FCC
1,2,4.691,0.0502,0.182,0.3276,0.1113,0.4147,0.1858,BCC+FCC
1,2.15,4.7385,0.0503,0.184,0.3333,0.1232,0.398,0.1407,BCC+FCC
1,2.1,4.781,0.0499,0.179,0.3304,0.1119,0.4093,0.1605,BCC+FCC
1,2.1,4.6835,0.0447,0.1691,0.3262,0.1107,0.4087,0.1641,BCC+FCC
1,2.1,4.651,0.043,0.1645,0.3243,0.1102,0.4085,0.1652,BCC+FCC
1,2.05,4.6835,0.0472,0.1742,0.3268,0.1109,0.4245,0.1812,BCC+FCC
1,2.05,4.651,0.0452,0.1692,0.3248,0.1103,0.4245,0.1822,BCC+FCC
1,2,4.651,0.0469,0.1734,0.3252,0.1105,0.437,0.1976,BCC+FCC
1,2.15,4.806,0.0472,0.1726,0.3301,0.1117,0.4069,0.1469,BCC+FCC
1,2.1,4.7635,0.0541,0.1902,0.3353,0.1238,0.4374,0.1664,BCC+FCC
1,2.1,4.7735,0.0491,0.1768,0.3302,0.1117,0.4279,0.1683,BCC+FCC
1,2.05,4.731,0.0543,0.1917,0.3345,0.1242,0.4557,0.1859,BCC+FCC
1,2,4.741,0.0525,0.1845,0.3306,0.1119,0.4581,0.2032,BCC+FCC
1,1.95,4.676,0.0493,0.1791,0.3276,0.111,0.4688,0.2198,BCC+FCC
1,2.15,4.7985,0.0463,0.1707,0.3299,0.1115,0.422,0.1523,BCC+FCC
1,2.15,4.7335,0.0431,0.1651,0.3279,0.1108,0.4209,0.1558,BCC+FCC
1,2.1,4.7235,0.0512,0.1841,0.3336,0.1236,0.453,0.1727,BCC+FCC
1,2.1,4.6585,0.0473,0.1748,0.33,0.1232,0.4522,0.1759,BCC+FCC
1,2.05,4.691,0.051,0.1841,0.3325,0.1239,0.4735,0.1923,BCC+FCC
1,2.05,4.7335,0.0493,0.1766,0.3297,0.1114,0.4638,0.1931,BCC+FCC
1,2.05,4.6685,0.0453,0.1673,0.3263,0.1104,0.4634,0.1957,BCC+FCC
1,2,4.701,0.0492,0.1769,0.3288,0.1111,0.4785,0.2104,BCC+FCC
1,2,4.6685,0.047,0.1715,0.3269,0.1106,0.4785,0.2116,BCC+FCC
1,1.9,4.636,0.046,0.1712,0.3252,0.1101,0.4994,0.2411,BCC+FCC
1,2.15,4.716,0.0478,0.1761,0.3327,0.123,0.4378,0.1553,BCC+FCC
1,2.15,4.7585,0.0439,0.1658,0.3289,0.111,0.4345,0.1577,BCC+FCC
1,2.15,4.726,0.0424,0.1624,0.3277,0.1106,0.4339,0.1595,BCC+FCC
1,2.1,4.791,0.0491,0.1751,0.3309,0.1117,0.4615,0.1761,BCC+FCC
1,2.1,4.716,0.0503,0.1811,0.3334,0.1235,0.4674,0.1758,BCC+FCC
1,2.1,4.7585,0.0474,0.172,0.3299,0.1114,0.461,0.1777,BCC+FCC
1,2.1,4.6085,0.0473,0.175,0.3312,0.1334,0.471,0.1772,BCC+FCC
1,2.05,4.6185,0.0455,0.1681,0.3279,0.1233,0.4896,0.1987,BCC+FCC
1,2.05,4.6285,0.0424,0.1573,0.3241,0.1096,0.4808,0.2014,BCC+FCC
1,2,4.726,0.0504,0.1784,0.3302,0.1114,0.4981,0.2136,BCC+FCC
1,2,4.6935,0.0482,0.1734,0.3285,0.1109,0.498,0.2149,BCC+FCC
1,2.15,4.7835,0.0447,0.1663,0.3296,0.1112,0.4463,0.1576,BCC+FCC
1,2.15,4.676,0.0452,0.1685,0.3309,0.1227,0.4455,0.1587,BCC+FCC
1,2.15,4.7185,0.0417,0.1596,0.3276,0.1104,0.4446,0.1616,BCC+FCC
1,2.1,4.741,0.0513,0.1823,0.3347,0.1235,0.4806,0.1756,BCC+FCC
1,2.1,4.7835,0.0483,0.1727,0.3307,0.1116,0.4757,0.1781,BCC+FCC
1,2.1,4.7085,0.0493,0.178,0.3332,0.1234,0.4799,0.1774,BCC+FCC
1,2.1,4.676,0.0473,0.1729,0.3315,0.1232,0.4793,0.1792,BCC+FCC
1,2.1,4.6435,0.0454,0.1671,0.3296,0.123,0.4786,0.181,BCC+FCC
1,2.1,4.686,0.0431,0.1606,0.327,0.1103,0.4741,0.1834,BCC+FCC
1,2.05,4.6435,0.0467,0.1706,0.33,0.1234,0.5051,0.1994,BCC+FCC
1,2.05,4.6535,0.0434,0.1595,0.3259,0.1099,0.4975,0.2029,BCC+FCC
1,2.1,4.776,0.0474,0.1701,0.3306,0.1114,0.4882,0.1788,BCC+FCC
1,2.1,4.701,0.0484,0.1746,0.333,0.1233,0.4903,0.1777,BCC+FCC
1,2.1,4.7435,0.0457,0.1664,0.3295,0.111,0.4875,0.1807,BCC+FCC
1,2.1,4.6685,0.0464,0.1691,0.3313,0.1231,0.4895,0.1796,BCC+FCC
1,2.1,4.711,0.044,0.162,0.3282,0.1105,0.4868,0.1826,BCC+FCC
1,2.05,4.6685,0.0478,0.1729,0.3318,0.1235,0.5192,0.1985,BCC+FCC
1,2,4.711,0.0482,0.1715,0.3298,0.111,0.534,0.2181,BCC+FCC
1,2.2,4.6875,0.0476,0.1789,0.3649,0.1197,0.3845,0.1174,BCC+FCC
1,2.15,4.6875,0.0503,0.1841,0.3654,0.1198,0.4024,0.1385,BCC+FCC
1,2.2,4.7125,0.0485,0.1798,0.3664,0.12,0.4028,0.1307,BCC+FCC
1,2.2,4.6475,0.045,0.172,0.3627,0.1189,0.4021,0.1333,BCC+FCC
1,2.15,4.705,0.0503,0.1824,0.3668,0.1199,0.4407,0.1612,BCC+FCC
1,2.15,4.64,0.0464,0.1732,0.3628,0.1187,0.4401,0.1637,BCC+FCC
1,2.05,4.565,0.0455,0.1748,0.3599,0.1317,0.4827,0.1988,BCC+FCC
1,2.15,4.73,0.0514,0.1834,0.3682,0.1202,0.4581,0.1672,BCC+FCC
1,2.15,4.6325,0.0454,0.1695,0.3625,0.1184,0.4571,0.1714,BCC+FCC
1,2.1,4.6975,0.0514,0.1841,0.367,0.1197,0.4763,0.1864,BCC+FCC
1,2.15,4.6575,0.0465,0.1713,0.3644,0.1188,0.4729,0.1755,BCC+FCC
1,2.1,4.69,0.0503,0.1808,0.3668,0.1195,0.4941,0.1919,BCC+FCC
1,2.2,4.715,0.0469,0.1725,0.3671,0.1196,0.4584,0.1554,BCC+FCC
1,2.1,4.65,0.047,0.1714,0.3645,0.1186,0.5103,0.1971,BCC+FCC
1,2.15,4.6425,0.0446,0.1635,0.364,0.1183,0.4988,0.1812,BCC+FCC
1,2.1,4.6425,0.0459,0.1672,0.3643,0.1183,0.5253,0.1995,BCC+FCC
1,2.2,4.7325,0.047,0.1707,0.3681,0.1197,0.473,0.1548,BCC+FCC
1,2.15,4.69,0.0511,0.1825,0.3715,0.1322,0.5115,0.1729,BCC+FCC
1,2.1,4.6675,0.0471,0.1695,0.3661,0.1187,0.5393,0.1988,BCC+FCC
1,2,4.589,0.0315,0.1236,0.1704,0.1709,0.2099,0.1519,FCC
1,2,4.5765,0.0273,0.117,0.1679,0.1587,0.2096,0.1462,FCC
4,2,4.4915,0.025,0.1076,0.1637,0.1672,0.2096,0.1504,FCC
2,2,4.544,0.0256,0.112,0.1658,0.1576,0.2095,0.1458,FCC
1,1.95,4.524,0.0298,0.1214,0.1677,0.1677,0.2287,0.1629,FCC
1,1.95,4.5765,0.0308,0.1251,0.1695,0.1581,0.2282,0.1592,FCC
1,1.9,4.4915,0.0295,0.1209,0.1659,0.1654,0.2434,0.1726,FCC
1,1.85,4.4915,0.0309,0.1262,0.1668,0.1644,0.2544,0.1817,FCC
1,1.75,4.734,0.0453,0.1598,0.1792,0.1134,0.2618,0.192,BCC+FCC
1,2,4.5615,0.0315,0.1224,0.1709,0.1798,0.2404,0.1803,FCC
1,2,4.614,0.0329,0.1243,0.1717,0.1717,0.2405,0.1749,FCC
1,2,4.4765,0.0278,0.1126,0.167,0.1844,0.2401,0.1847,FCC
1,2,4.529,0.0293,0.1173,0.1689,0.1784,0.2403,0.1802,FCC
1,2,4.5815,0.03,0.1203,0.1702,0.1705,0.2404,0.175,FCC
1,2,4.634,0.0318,0.1218,0.1709,0.1604,0.2404,0.1691,FCC
1,1.95,4.509,0.0323,0.1259,0.1708,0.1848,0.2597,0.1959,FCC
1,1.95,4.4765,0.0296,0.1192,0.1681,0.1831,0.2597,0.1955,FCC
1,1.95,4.4965,0.0293,0.1181,0.1677,0.176,0.2594,0.1914,FCC
1,1.95,4.6215,0.0301,0.1242,0.1704,0.1459,0.2584,0.1768,FCC
1,1.95,4.5365,0.0278,0.1155,0.1668,0.1566,0.2588,0.1821,FCC
1,1.9,4.4765,0.0308,0.1249,0.1692,0.1818,0.2747,0.2052,FCC
1,1.9,4.5815,0.0357,0.1352,0.1733,0.1689,0.2734,0.1984,FCC
1,1.8,4.464,0.0293,0.1249,0.1673,0.1709,0.2944,0.2186,FCC
1,1.8,4.5165,0.0332,0.1337,0.1706,0.1644,0.2933,0.2166,FCC
1,2,4.639,0.0341,0.1248,0.1728,0.1724,0.2676,0.1918,FCC
1,2,4.7115,0.0334,0.1219,0.1717,0.1486,0.2679,0.1783,FCC
1,2,4.574,0.029,0.1166,0.1699,0.1701,0.2672,0.1925,FCC
1,2,4.594,0.0274,0.1144,0.1691,0.159,0.2673,0.1864,FCC
4,2,4.739,0.0278,0.1097,0.1678,0.0886,0.2677,0.1559,FCC
1,1.95,4.5015,0.031,0.1214,0.1704,0.1842,0.2866,0.215,FCC
1,1.95,4.6065,0.0343,0.1293,0.1733,0.1705,0.2864,0.2048,FCC
1,1.95,4.5215,0.0306,0.1202,0.1699,0.1769,0.2864,0.2102,FCC
1,1.95,4.6265,0.0328,0.1272,0.1725,0.1595,0.2862,0.1992,FCC
1,1.95,4.5415,0.0298,0.1188,0.1694,0.168,0.2863,0.2052,FCC
1,1.95,4.5615,0.0288,0.1172,0.1688,0.1573,0.2861,0.1998,FCC
1,1.95,4.614,0.0293,0.1207,0.1701,0.1455,0.2859,0.1937,FCC
1,1.95,4.529,0.0269,0.1107,0.1665,0.1561,0.2861,0.2,FCC
1,1.9,4.5015,0.0324,0.1273,0.1717,0.1829,0.302,0.2254,FCC
1,1.9,4.554,0.0351,0.1328,0.1736,0.1774,0.3015,0.2211,FCC
1,1.9,4.5615,0.0315,0.1242,0.1703,0.1566,0.3008,0.2117,FCC
1,1.9,4.5815,0.0306,0.1229,0.1697,0.1441,0.3004,0.2065,FCC
1,1.85,4.489,0.0306,0.1241,0.1695,0.1732,0.3135,0.231,FCC
1,1.8,4.489,0.031,0.1283,0.1704,0.172,0.3226,0.2401,FCC
1,2,4.579,0.0316,0.1199,0.172,0.1802,0.2912,0.2117,FCC
1,2,4.684,0.0336,0.1224,0.1726,0.1617,0.2921,0.1976,FCC
1,2,4.599,0.03,0.1177,0.1712,0.1708,0.2914,0.2055,FCC
1,2,4.6515,0.0315,0.1193,0.1716,0.1607,0.2919,0.1983,FCC
1,2,4.6715,0.0303,0.1165,0.1707,0.1474,0.2921,0.1913,FCC
4,2,4.5865,0.0265,0.1106,0.1689,0.1586,0.2914,0.1996,FCC
4,2,4.554,0.0248,0.1048,0.167,0.1575,0.2911,0.2002,FCC
4,2,4.7315,0.0265,0.1072,0.1676,0.0883,0.2925,0.1678,FCC
1,1.95,4.494,0.0297,0.1165,0.1701,0.1836,0.3111,0.23,FCC
1,1.95,4.5665,0.031,0.1205,0.1712,0.1688,0.3111,0.2188,FCC
1,1.95,4.619,0.0318,0.1238,0.1722,0.1591,0.3112,0.2124,FCC
1,1.9,4.494,0.0309,0.1223,0.1713,0.1823,0.3272,0.2409,FCC
1,1.9,4.5665,0.0333,0.1273,0.1727,0.168,0.3267,0.2307,FCC
1,2,4.6115,0.0275,0.1118,0.1701,0.1593,0.3134,0.209,FCC
1,2,4.579,0.0257,0.1064,0.1686,0.1582,0.3131,0.2099,FCC
1,2,4.6315,0.0264,0.1093,0.1693,0.1462,0.3138,0.2019,FCC
2,2,4.724,0.0252,0.1043,0.1674,0.0881,0.315,0.1768,FCC
1,1.95,4.539,0.0306,0.1176,0.1715,0.1774,0.3338,0.2357,FCC
1,1.95,4.5915,0.0321,0.122,0.1727,0.1696,0.334,0.2291,FCC
1,1.95,4.579,0.0289,0.1146,0.1703,0.1576,0.3339,0.2235,FCC
1,2,4.669,0.0312,0.1167,0.1722,0.1609,0.3338,0.2148,FCC
2,2,4.7165,0.0239,0.1012,0.1672,0.0878,0.3354,0.1834,FCC
4,1.9,4.6515,0.0259,0.111,0.1688,0.0869,0.372,0.2176,FCC
4,2,4.7415,0.0245,0.1015,0.1677,0.0881,0.3542,0.1867,FCC
4,2,4.709,0.0226,0.0978,0.167,0.0875,0.3538,0.1882,FCC
2,2,4.7665,0.0248,0.1015,0.1679,0.0884,0.3713,0.1881,FCC
4,2,4.734,0.0233,0.0983,0.1675,0.0878,0.3708,0.1897,FCC
4,2,4.7015,0.0213,0.0941,0.1668,0.0873,0.3702,0.1913,FCC
1,2.05,4.513,0.0308,0.1269,0.2259,0.1704,0.2582,0.1553,FCC
1,1.8,4.743,0.048,0.1689,0.2364,0.1003,0.3074,0.1922,BCC+FCC
1,2.05,4.4655,0.0305,0.1246,0.226,0.1841,0.2834,0.1878,FCC
1,2.05,4.5905,0.0329,0.1319,0.2291,0.1627,0.2841,0.1712,FCC
1,1.95,4.433,0.0289,0.1258,0.2243,0.1792,0.3172,0.2086,FCC
1,1.85,4.768,0.0461,0.1632,0.2361,0.1008,0.3307,0.1997,BCC+FCC
1,1.85,4.683,0.043,0.1577,0.234,0.1196,0.3321,0.205,BCC+FCC
1,1.8,4.703,0.0447,0.1621,0.2346,0.0991,0.3367,0.2114,BCC+FCC
1,2.05,4.583,0.032,0.1284,0.2289,0.1622,0.3074,0.1871,FCC
1,2,4.5105,0.0332,0.1316,0.2287,0.1777,0.3262,0.2119,FCC
1,2,4.478,0.0305,0.1243,0.2262,0.1761,0.3261,0.2121,FCC
1,1.9,4.7605,0.0417,0.1538,0.2345,0.1004,0.3496,0.2012,BCC+FCC
1,2.05,4.5555,0.0321,0.1261,0.2291,0.1717,0.3282,0.2061,FCC
1,1.8,4.7205,0.0447,0.1602,0.2357,0.0992,0.3897,0.2383,BCC+FCC
1,1.85,4.718,0.0432,0.1537,0.2359,0.12,0.4309,0.2478,BCC+FCC
1,1.8,4.6855,0.0429,0.1542,0.2358,0.1187,0.4391,0.2612,BCC+FCC
1,2,4.6795,0.0424,0.1592,0.2804,0.1268,0.329,0.1635,BCC+FCC
1,2,4.732,0.0428,0.1606,0.2814,0.109,0.3283,0.157,BCC+FCC
1,1.9,4.712,0.0498,0.1747,0.2838,0.127,0.3456,0.1889,BCC+FCC
1,1.9,4.647,0.0448,0.1661,0.2802,0.1249,0.3461,0.1884,BCC+FCC
1,1.85,4.627,0.0457,0.1713,0.281,0.1389,0.3523,0.2028,BCC+FCC
1,1.85,4.6795,0.0489,0.1757,0.2829,0.1255,0.3511,0.1994,BCC+FCC
1,1.85,4.732,0.0513,0.1788,0.2843,0.1085,0.3498,0.1955,BCC+FCC
1,1.8,4.6995,0.0502,0.1794,0.2834,0.1072,0.3536,0.2056,BCC+FCC
1,2.05,4.757,0.041,0.1536,0.2811,0.1095,0.3404,0.1581,BCC+FCC
1,2,4.7245,0.0419,0.1581,0.2812,0.1087,0.3534,0.1744,BCC+FCC
1,1.95,4.737,0.0485,0.1695,0.2839,0.128,0.3638,0.1942,BCC+FCC
1,1.9,4.7045,0.0486,0.1718,0.2836,0.1266,0.3718,0.2068,BCC+FCC
1,1.9,4.6595,0.0435,0.1617,0.2798,0.1064,0.3716,0.2019,BCC+FCC
1,1.85,4.7245,0.0501,0.1759,0.2841,0.1081,0.3766,0.2133,BCC+FCC
1,2.05,4.762,0.0433,0.1561,0.2823,0.129,0.3632,0.1782,BCC+FCC
1,2,4.7295,0.0445,0.1606,0.2826,0.1279,0.3772,0.194,BCC+FCC
1,2,4.7495,0.0428,0.1587,0.2821,0.1091,0.3769,0.187,BCC+FCC
1,1.95,4.697,0.0452,0.1633,0.2824,0.1266,0.3882,0.2083,BCC+FCC
1,1.95,4.717,0.0443,0.1619,0.282,0.1082,0.3878,0.202,BCC+FCC
1,1.95,4.6845,0.0423,0.1578,0.2805,0.1072,0.3879,0.2025,BCC+FCC
1,1.9,4.7495,0.0491,0.1714,0.2844,0.1089,0.3959,0.2146,BCC+FCC
1,2.05,4.807,0.0423,0.1537,0.2822,0.1104,0.3844,0.179,BCC+FCC
1,1.95,4.7095,0.0433,0.1589,0.2818,0.1078,0.4109,0.2124,BCC+FCC
1,1.85,4.657,0.045,0.165,0.2821,0.1243,0.4278,0.2445,BCC+FCC
1,2.05,4.7995,0.0414,0.1517,0.282,0.1101,0.4042,0.1863,BCC+FCC
1,2,4.7995,0.0448,0.1594,0.2835,0.1101,0.4203,0.2026,BCC+FCC
1,1.95,4.7345,0.0444,0.1599,0.2829,0.1083,0.433,0.2195,BCC+FCC
1,1.9,4.682,0.045,0.1622,0.2829,0.1255,0.4435,0.2406,BCC+FCC
1,1.9,4.7345,0.047,0.1657,0.284,0.1082,0.4429,0.2334,BCC+FCC
1,1.95,4.707,0.0442,0.1583,0.2832,0.1265,0.4543,0.2328,BCC+FCC
1,1.95,4.7595,0.0454,0.1608,0.2838,0.1089,0.4542,0.2244,BCC+FCC
1,2,4.7845,0.043,0.1548,0.2832,0.1094,0.4591,0.2118,BCC+FCC
1,2,4.752,0.0412,0.1515,0.2824,0.1086,0.4589,0.2132,BCC+FCC
1,1.9,4.687,0.0426,0.1539,0.2821,0.1064,0.4866,0.2453,BCC+FCC
1,2.05,4.8095,0.0401,0.1476,0.2821,0.1099,0.4556,0.1956,BCC+FCC
1,1.85,4.6795,0.0429,0.1542,0.2828,0.1057,0.5177,0.2625,BCC+FCC
1,2.1,4.6885,0.0423,0.1621,0.3222,0.1157,0.3546,0.1429,BCC+FCC
1,2.05,4.681,0.0492,0.1746,0.325,0.1472,0.3679,0.1717,BCC+FCC
1,2.05,4.721,0.0473,0.1716,0.3244,0.1164,0.3671,0.1588,BCC+FCC
1,2.05,4.6235,0.0414,0.1594,0.3192,0.1134,0.3674,0.1597,BCC+FCC
1,1.95,4.6885,0.0498,0.1787,0.3242,0.1147,0.3843,0.1865,BCC+FCC
1,1.9,4.6885,0.0511,0.1832,0.3247,0.1143,0.3897,0.1982,BCC+FCC
1,2.1,4.746,0.0449,0.1657,0.3246,0.1172,0.3769,0.1582,BCC+FCC
1,2.1,4.7135,0.0432,0.1628,0.3234,0.1163,0.3768,0.1589,BCC+FCC
1,2,4.746,0.0512,0.1783,0.3265,0.1167,0.4006,0.189,BCC+FCC
1,2,4.7135,0.049,0.1748,0.325,0.1157,0.4008,0.1895,BCC+FCC
1,2,4.681,0.0468,0.1707,0.3234,0.1147,0.4009,0.1899,BCC+FCC
1,2,4.616,0.0423,0.1603,0.3193,0.1125,0.4012,0.1907,BCC+FCC
1,2.1,4.751,0.0476,0.168,0.3259,0.1349,0.3979,0.1776,BCC+FCC
1,2.1,4.771,0.046,0.166,0.3255,0.1177,0.3979,0.1694,BCC+FCC
1,2.1,4.706,0.0424,0.1602,0.3232,0.1159,0.3976,0.1714,BCC+FCC
1,2.05,4.706,0.0454,0.1663,0.3241,0.1157,0.4123,0.1874,BCC+FCC
1,2,4.686,0.0483,0.173,0.3251,0.132,0.4241,0.2085,BCC+FCC
1,2,4.641,0.0435,0.1622,0.3212,0.1132,0.4239,0.2032,BCC+FCC
1,2.1,4.796,0.0469,0.1662,0.3261,0.1182,0.4177,0.1773,BCC+FCC
1,2.05,4.731,0.0465,0.1672,0.3252,0.1163,0.4332,0.1959,BCC+FCC
1,2.05,4.666,0.0425,0.1589,0.3223,0.1143,0.433,0.1978,BCC+FCC
1,2,4.731,0.0491,0.173,0.3261,0.116,0.4456,0.2108,BCC+FCC
1,1.9,4.6135,0.0434,0.1658,0.3218,0.1278,0.4638,0.2451,BCC+FCC
1,1.9,4.666,0.0472,0.1724,0.324,0.113,0.463,0.2388,BCC+FCC
1,1.85,4.6335,0.0446,0.1688,0.3221,0.1111,0.4687,0.2512,BCC+FCC
1,2.1,4.7235,0.0424,0.1583,0.3241,0.1161,0.4354,0.1866,BCC+FCC
1,2.05,4.6585,0.0416,0.1553,0.3221,0.1139,0.4527,0.2052,BCC+FCC
1,2,4.691,0.0458,0.1655,0.3244,0.1145,0.4667,0.2191,BCC+FCC
1,1.95,4.691,0.0475,0.1702,0.3251,0.1141,0.4775,0.233,BCC+FCC
1,1.95,4.651,0.0438,0.1603,0.323,0.1126,0.4988,0.2399,BCC+FCC
1,2.1,4.741,0.0425,0.1563,0.3248,0.1163,0.4679,0.1933,BCC+FCC
1,2.05,4.676,0.0416,0.1533,0.3232,0.1141,0.4888,0.2131,BCC+FCC
1,2,4.7085,0.0459,0.1636,0.3255,0.1148,0.506,0.2273,BCC+FCC
1,1.95,4.676,0.0451,0.1625,0.3247,0.1133,0.5193,0.2432,BCC+FCC
1,1.9,4.6435,0.0432,0.1592,0.3233,0.1116,0.5297,0.258,BCC+FCC
1,2.1,4.766,0.0434,0.157,0.3255,0.1169,0.4821,0.1934,BCC+FCC
1,1.95,4.58,0.0437,0.1715,0.355,0.1158,0.4281,0.2005,BCC+FCC
1,1.9,4.5725,0.0418,0.168,0.3544,0.1144,0.4569,0.2282,BCC+FCC
1,2.1,4.695,0.049,0.176,0.3634,0.1219,0.4459,0.1867,BCC+FCC
1,2.05,4.63,0.0459,0.1704,0.3598,0.119,0.4583,0.2031,BCC+FCC
1,2.15,4.7,0.0485,0.173,0.3643,0.1384,0.4483,0.1864,BCC+FCC
1,2.15,4.72,0.0476,0.1716,0.364,0.123,0.4486,0.1778,BCC+FCC
1,2.1,4.72,0.0501,0.1771,0.3647,0.1225,0.4657,0.1944,BCC+FCC
2,2.1,4.6875,0.0479,0.1729,0.3631,0.1215,0.4656,0.1955,BCC+FCC
1,2.05,4.68,0.0484,0.1741,0.3635,0.1205,0.4992,0.2174,BCC+FCC
1,2.15,4.7375,0.0477,0.1697,0.3649,0.1232,0.481,0.1871,BCC+FCC
1,2.1,4.705,0.048,0.1711,0.3643,0.1217,0.5018,0.2056,BCC+FCC
1,2,4.6325,0.0441,0.163,0.3613,0.1177,0.5512,0.242,BCC+FCC
1,2.1,4.69,0.0459,0.1642,0.3639,0.1209,0.5328,0.2104,BCC+FCC
1,2.2,4.6515,0.0478,0.1755,0.3976,0.1264,0.4611,0.1701,BCC+FCC
1,2.2,4.669,0.0479,0.1737,0.3991,0.1268,0.4932,0.1829,BCC+FCC
1,2,4.7205,0.0434,0.1982,0.2345,0.1224,0.4688,0.1958,BCC+FCC
1,2.05,4.692,0.0478,0.2084,0.2825,0.1328,0.4661,0.191,BCC+FCC
1,2.05,4.7495,0.0501,0.2121,0.2845,0.1327,0.4823,0.1894,BCC+FCC
1,2.05,4.717,0.0486,0.2092,0.2835,0.1327,0.4819,0.1911,BCC+FCC
1,2.1,4.807,0.0485,0.209,0.2843,0.1318,0.4682,0.1656,BCC+FCC
1,2.1,4.7745,0.0473,0.2071,0.2838,0.1319,0.4674,0.1678,BCC+FCC
1,2.1,4.742,0.046,0.2048,0.2831,0.132,0.4666,0.1698,BCC+FCC
2,1.75,4.473,0.0966,0.5281,0.3274,0.2432,0.6154,0.2007,IM
3,1.8,4.468,0.0973,0.5145,0.3325,0.2418,0.6049,0.2017,IM
4,1.8,4.463,0.0944,0.4979,0.3403,0.239,0.5989,0.2194,IM
2,1.85,4.488,0.0827,0.4313,0.3367,0.2243,0.5503,0.2219,IM
2,1.85,4.528,0.0977,0.4875,0.3137,0.2409,0.5916,0.164,IM
4,1.8,4.528,0.0954,0.4867,0.317,0.2427,0.5988,0.1843,IM
3,1.85,4.523,0.0936,0.4699,0.3212,0.2392,0.585,0.1854,IM
2,1.8,4.523,0.0916,0.4695,0.3244,0.2408,0.5931,0.2036,IM
2,1.85,4.518,0.0887,0.4519,0.3281,0.2337,0.578,0.2046,IM
2,1.8,4.588,0.0935,0.4579,0.3,0.2434,0.5924,0.1647,IM
4,1.85,4.583,0.0918,0.4398,0.3037,0.2407,0.5797,0.166,IM
4,1.9,4.578,0.0891,0.4203,0.3069,0.2347,0.5622,0.1672,IM
3,1.9,4.573,0.0828,0.4007,0.3125,0.226,0.554,0.1883,IM
2,1.9,4.603,0.0902,0.422,0.3043,0.2338,0.5815,0.164,IM
3,1.9,4.467,0.0926,0.4819,0.3643,0.2538,0.5819,0.1611,IM
3,1.9,4.492,0.0936,0.485,0.3616,0.2529,0.6035,0.1609,IM
1,1.95,4.5405,0.0449,0.1739,0.2114,0.1086,0.4003,0.1843,BCC+FCC
1,1.9,4.5505,0.0429,0.1673,0.207,0.1024,0.4093,0.2031,BCC+FCC
1,1.95,4.5785,0.0474,0.1906,0.2415,0.0845,0.4677,0.1982,BCC+FCC
1,2,4.6285,0.0476,0.1921,0.2461,0.0826,0.4677,0.176,BCC+FCC
1,2,4.6505,0.0433,0.1707,0.2161,0.0982,0.4186,0.1676,BCC+FCC
1,1.95,4.6505,0.0455,0.1746,0.217,0.0996,0.453,0.1879,BCC+FCC
1,1.95,4.4745,0.043,0.1862,0.2597,0.1366,0.4608,0.1888,BCC+FCC
1,1.9,4.486,0.0431,0.1914,0.2702,0.1305,0.4996,0.2129,BCC+FCC
1,1.95,4.5295,0.0458,0.1793,0.2592,0.1229,0.4516,0.1988,BCC+FCC
1,1.9,4.551,0.0446,0.1774,0.2664,0.0972,0.4737,0.2234,BCC+FCC
1,1.8,4.5395,0.042,0.1734,0.2552,0.1181,0.4785,0.2447,BCC+FCC
1,1.95,4.556,0.0489,0.1935,0.2761,0.1166,0.4973,0.2047,BCC+FCC
1,1.9,4.566,0.0472,0.1878,0.2729,0.1088,0.5051,0.2239,BCC+FCC
1,1.8,4.566,0.045,0.1883,0.2723,0.1106,0.528,0.2531,BCC+FCC
1,1.8,4.5745,0.0433,0.1718,0.2557,0.1077,0.4868,0.25,BCC+FCC
1,1.75,4.5645,0.0417,0.1772,0.2586,0.1188,0.5081,0.262,BCC+FCC
1,2,4.591,0.0482,0.1878,0.2758,0.1068,0.4817,0.1903,BCC+FCC
1,1.9,4.5995,0.0449,0.1722,0.2583,0.1061,0.4849,0.2238,BCC+FCC
1,1.8,4.601,0.0463,0.1864,0.2725,0.0986,0.5361,0.257,BCC+FCC
1,1.7,4.601,0.0435,0.1868,0.2723,0.0998,0.5491,0.2834,BCC+FCC
1,2.05,4.626,0.0441,0.1774,0.2734,0.0947,0.4592,0.1739,BCC+FCC
1,1.95,4.6145,0.0479,0.1816,0.2648,0.1146,0.4924,0.204,BCC+FCC
1,1.95,4.626,0.0473,0.1839,0.2744,0.0964,0.5131,0.2111,BCC+FCC
1,1.9,4.6245,0.0461,0.1751,0.2608,0.106,0.5035,0.2244,BCC+FCC
1,1.85,4.626,0.0482,0.1883,0.275,0.098,0.5461,0.2431,BCC+FCC
1,2,4.6295,0.0508,0.1906,0.2712,0.1202,0.4786,0.1774,BCC+FCC
1,2,4.651,0.0469,0.183,0.2759,0.0955,0.502,0.1909,BCC+FCC
1,1.95,4.6395,0.049,0.1843,0.2672,0.1143,0.5067,0.202,BCC+FCC
1,1.8,4.6595,0.046,0.1736,0.2592,0.0947,0.5378,0.2576,BCC+FCC
1,2.1,4.565,0.0455,0.1797,0.311,0.107,0.461,0.1717,BCC+FCC
1,2.05,4.5635,0.0443,0.1705,0.2986,0.116,0.4591,0.186,BCC+FCC
1,2.1,4.59,0.0464,0.1822,0.3135,0.107,0.472,0.1712,BCC+FCC
1,2.05,4.6135,0.0463,0.1759,0.3035,0.1159,0.4862,0.186,BCC+FCC
1,1.95,4.6235,0.0453,0.1718,0.3001,0.1047,0.5238,0.2245,BCC+FCC
1,2.05,4.6485,0.0437,0.1677,0.3011,0.104,0.4937,0.1889,BCC+FCC
1,2,4.6385,0.0483,0.1812,0.306,0.1166,0.5268,0.2025,BCC+FCC
1,2.05,4.5375,0.0429,0.166,0.3315,0.1134,0.4834,0.1996,BCC+FCC
1,2.15,4.5775,0.0465,0.1768,0.3402,0.1255,0.4649,0.1629,BCC+FCC
1,2.15,4.5875,0.0432,0.1671,0.3369,0.1134,0.4635,0.1675,BCC+FCC
1,2.05,4.5875,0.0452,0.1725,0.3371,0.1139,0.5176,0.2045,BCC+FCC
1,2.15,4.6015,0.0474,0.1787,0.3761,0.1226,0.5293,0.182,BCC+FCC
1,1.85,4.485,0.0457,0.1931,0.2443,0.1062,0.4678,0.2333,BCC+FCC
1,1.8,4.485,0.0446,0.1927,0.2435,0.1067,0.4762,0.2465,BCC+FCC
1,1.8,4.5185,0.0431,0.1809,0.2307,0.1025,0.4565,0.2463,BCC+FCC
1,1.85,4.5435,0.0441,0.1831,0.2344,0.1023,0.4691,0.2379,BCC+FCC
1,1.9,4.5685,0.0444,0.184,0.2373,0.1019,0.4761,0.2261,BCC+FCC
1,1.75,4.5485,0.0437,0.1875,0.2374,0.1252,0.5091,0.2746,BCC+FCC
1,1.85,4.5935,0.0462,0.1889,0.2403,0.1026,0.5097,0.2422,BCC+FCC
1,2,4.635,0.0505,0.2049,0.263,0.1042,0.5029,0.1849,BCC+FCC
1,1.95,4.6435,0.046,0.1876,0.2436,0.1016,0.5044,0.2075,BCC+FCC
1,1.8,4.652,0.0447,0.176,0.2245,0.0989,0.5223,0.2568,BCC+FCC
1,2,4.4875,0.0428,0.1808,0.2761,0.1319,0.4533,0.2101,BCC+FCC
1,1.8,4.5575,0.045,0.1918,0.2821,0.1131,0.5425,0.2661,BCC+FCC
1,1.95,4.571,0.0418,0.1717,0.2677,0.1282,0.4865,0.2312,BCC+FCC
1,1.85,4.571,0.0426,0.1761,0.2683,0.1281,0.5143,0.2596,BCC+FCC
1,1.7,4.591,0.0422,0.1799,0.2687,0.1084,0.5349,0.2911,BCC+FCC
1,1.9,4.596,0.0435,0.177,0.2704,0.1286,0.5211,0.2469,BCC+FCC
1,2,4.641,0.0428,0.1726,0.2711,0.1081,0.4962,0.2057,BCC+FCC
1,1.75,4.6495,0.0433,0.1664,0.255,0.1033,0.5332,0.2808,BCC+FCC
1,1.85,4.485,0.0385,0.168,0.2995,0.1325,0.4914,0.256,BCC+FCC
1,2.05,4.53,0.0416,0.17,0.3048,0.1158,0.4632,0.1998,BCC+FCC
1,2.1,4.5465,0.0468,0.1905,0.3229,0.1208,0.4886,0.186,BCC+FCC
1,2.1,4.555,0.0414,0.1699,0.3074,0.1161,0.4551,0.1852,BCC+FCC
1,1.85,4.535,0.0413,0.177,0.3068,0.1337,0.5356,0.2676,BCC+FCC
1,1.85,4.5435,0.0388,0.1589,0.2915,0.1274,0.4943,0.2627,BCC+FCC
1,2.05,4.63,0.0457,0.18,0.3142,0.1172,0.5208,0.2014,BCC+FCC
1,1.9,4.6385,0.0439,0.1674,0.2985,0.1117,0.5466,0.2508,BCC+FCC
1,1.85,4.6385,0.0441,0.17,0.2989,0.1115,0.5582,0.265,BCC+FCC
1,1.95,4.5775,0.0424,0.167,0.3339,0.1174,0.539,0.2456,BCC+FCC
4,1.85,4.4915,0.0995,0.5031,0.3623,0.2651,0.6097,0.2252,IM
2,1.7,4.474,0.0895,0.4605,0.2918,0.2523,0.5493,0.2388,IM
1,1.8,4.638,0.0431,0.1611,0.2445,0.1273,0.5104,0.2616,BCC+FCC
1,1.75,4.648,0.0417,0.1538,0.2399,0.1143,0.5057,0.277,BCC+FCC
1,1.9,4.577,0.0413,0.1581,0.2849,0.135,0.4908,0.2413,BCC+FCC
1,1.9,4.602,0.0426,0.1616,0.2874,0.1352,0.5107,0.2437,BCC+FCC
1,1.9,4.637,0.0421,0.1548,0.2851,0.1222,0.5188,0.2474,BCC+FCC
3,1.9,4.523,0.0729,0.3753,0.3135,0.1993,0.5743,0.2298,IM
4,1.85,4.6205,0.0995,0.4844,0.3117,0.2353,0.5847,0.1798,IM
1,2,4.8695,0.0504,0.1844,0.2629,0.0922,0.4412,0.1809,BCC+FCC
1,2.05,4.852,0.052,0.1906,0.2682,0.1014,0.4357,0.1562,BCC+FCC
1,2.05,4.8945,0.0464,0.177,0.2614,0.0909,0.4319,0.1597,BCC+FCC
1,2,4.862,0.0497,0.1828,0.2628,0.0921,0.4573,0.1821,BCC+FCC
1,2.05,4.846,0.0538,0.2004,0.2827,0.0936,0.4738,0.1572,BCC+FCC
1,2.05,4.887,0.0458,0.1756,0.2613,0.0909,0.4434,0.159,BCC+FCC
1,2.1,4.8175,0.0585,0.2114,0.3259,0.1071,0.4776,0.1568,BCC+FCC
1,2.05,4.826,0.054,0.1932,0.3083,0.105,0.47,0.1788,BCC+FCC
1,2.1,4.81,0.0576,0.2095,0.3258,0.1071,0.4865,0.1558,BCC+FCC
1,2.1,4.851,0.0511,0.1871,0.3075,0.1042,0.4564,0.1567,BCC+FCC
1,2.05,4.8185,0.0532,0.1912,0.3081,0.1049,0.4845,0.1796,BCC+FCC
1,1.85,4.7405,0.0475,0.1728,0.2057,0.1375,0.4066,0.2409,BCC+FCC
1,1.8,4.708,0.0475,0.1749,0.206,0.1368,0.4162,0.2546,BCC+FCC
1,2,4.8535,0.0543,0.2065,0.2504,0.1011,0.455,0.179,BCC+FCC
1,1.65,4.6145,0.0437,0.1842,0.2245,0.1215,0.5002,0.2978,BCC+FCC
1,2,4.7935,0.0535,0.2049,0.2503,0.1256,0.4662,0.1909,BCC+FCC
1,1.95,4.8545,0.0488,0.1859,0.2279,0.0988,0.4568,0.1994,BCC+FCC
1,1.75,4.713,0.0466,0.1724,0.2063,0.1179,0.4695,0.2714,BCC+FCC
1,1.7,4.6805,0.0451,0.171,0.2058,0.1172,0.4762,0.2849,BCC+FCC
1,1.8,4.738,0.046,0.1688,0.206,0.1183,0.4821,0.26,BCC+FCC
1,1.75,4.6645,0.0468,0.1855,0.2279,0.1221,0.5329,0.2768,BCC+FCC
1,1.75,4.6745,0.0504,0.1914,0.2568,0.1251,0.3896,0.2424,BCC+FCC
1,1.8,4.692,0.0499,0.1858,0.2576,0.1254,0.4352,0.2531,BCC+FCC
1,1.95,4.8345,0.0495,0.1785,0.2579,0.1066,0.4284,0.208,BCC+FCC
1,1.85,4.6645,0.0472,0.1789,0.2568,0.1418,0.4517,0.2543,BCC+FCC
1,1.85,4.717,0.0499,0.1828,0.2581,0.126,0.4511,0.2471,BCC+FCC
1,1.75,4.652,0.0461,0.1799,0.256,0.1241,0.4646,0.2733,BCC+FCC
1,2.05,4.7985,0.0512,0.192,0.2772,0.1313,0.4453,0.1877,BCC+FCC
1,2.05,4.8395,0.044,0.1659,0.2556,0.1278,0.4091,0.1854,BCC+FCC
1,2.05,4.851,0.0508,0.1917,0.277,0.1098,0.4466,0.1758,BCC+FCC
1,1.9,4.7945,0.0503,0.1805,0.2585,0.1062,0.462,0.2288,BCC+FCC
1,1.85,4.762,0.0508,0.1828,0.2587,0.1059,0.4726,0.2443,BCC+FCC
1,1.8,4.7295,0.0502,0.1833,0.2585,0.1054,0.481,0.2588,BCC+FCC
1,1.75,4.6445,0.0447,0.1755,0.2557,0.1238,0.4882,0.2795,BCC+FCC
1,1.7,4.612,0.0415,0.1698,0.2537,0.1225,0.493,0.2919,BCC+FCC
1,2.05,4.791,0.0504,0.1902,0.277,0.1312,0.4578,0.1885,BCC+FCC
1,2.05,4.8435,0.0501,0.1902,0.2769,0.1097,0.4595,0.1762,BCC+FCC
1,2.05,4.7835,0.0495,0.1882,0.2769,0.131,0.468,0.1881,BCC+FCC
1,2.05,4.8245,0.0425,0.1626,0.2553,0.1274,0.4363,0.1884,BCC+FCC
1,2.05,4.877,0.0411,0.1615,0.2546,0.1059,0.4381,0.1761,BCC+FCC
1,1.9,4.686,0.0498,0.1915,0.2766,0.1302,0.5396,0.2439,BCC+FCC
1,1.8,4.662,0.0446,0.1706,0.2566,0.1242,0.5255,0.2734,BCC+FCC
1,1.8,4.6735,0.0491,0.1916,0.2758,0.1096,0.5656,0.2667,BCC+FCC
1,1.8,4.7145,0.0479,0.1764,0.258,0.1049,0.525,0.2652,BCC+FCC
1,2.05,4.79,0.0574,0.2075,0.3213,0.1199,0.4653,0.189,BCC+FCC
1,1.95,4.766,0.054,0.1919,0.3036,0.1151,0.4533,0.2178,BCC+FCC
1,1.9,4.681,0.0507,0.1895,0.3016,0.132,0.4635,0.2401,BCC+FCC
1,1.85,4.6485,0.0483,0.1874,0.3001,0.1308,0.471,0.2533,BCC+FCC
1,1.75,4.636,0.0461,0.1856,0.2981,0.1115,0.4796,0.2714,BCC+FCC
1,2.1,4.815,0.0552,0.2021,0.321,0.1197,0.4595,0.1719,BCC+FCC
1,2.05,4.8235,0.0508,0.1828,0.303,0.1157,0.4444,0.1889,BCC+FCC
1,1.95,4.7585,0.0529,0.1894,0.3034,0.1149,0.4744,0.2235,BCC+FCC
1,2.1,4.796,0.048,0.1763,0.3022,0.1348,0.4368,0.1836,BCC+FCC
1,2.1,4.8075,0.0544,0.2003,0.3209,0.1195,0.4723,0.1733,BCC+FCC
1,2.05,4.775,0.0555,0.2034,0.321,0.1195,0.4977,0.1942,BCC+FCC
1,1.9,4.7185,0.0512,0.1871,0.3027,0.1139,0.5062,0.2433,BCC+FCC
1,1.85,4.686,0.0495,0.1855,0.3016,0.113,0.5154,0.258,BCC+FCC
1,2.1,4.7475,0.0528,0.1972,0.3202,0.1385,0.4808,0.186,BCC+FCC
1,2.1,4.7885,0.0472,0.1744,0.302,0.1346,0.4493,0.1854,BCC+FCC
1,2.05,4.8085,0.0491,0.179,0.3027,0.1153,0.4769,0.194,BCC+FCC
1,1.95,4.691,0.0485,0.1803,0.302,0.1321,0.5137,0.2394,BCC+FCC
1,1.95,4.7435,0.0508,0.1839,0.3031,0.1143,0.5139,0.2302,BCC+FCC
1,1.9,4.651,0.0455,0.1743,0.3007,0.1307,0.5468,0.2571,BCC+FCC
1,2.15,4.8125,0.052,0.1871,0.3439,0.1239,0.4512,0.167,BCC+FCC
1,2.1,4.78,0.0535,0.191,0.3441,0.1233,0.4741,0.1874,BCC+FCC
1,2.15,4.805,0.0512,0.1853,0.3438,0.1237,0.464,0.1696,BCC+FCC
1,2.1,4.7725,0.0526,0.1887,0.3439,0.1231,0.4896,0.1903,BCC+FCC
1,2,4.6925,0.0498,0.1838,0.3423,0.1208,0.5617,0.2297,BCC+FCC
1,2.2,4.7465,0.0518,0.1878,0.3814,0.1296,0.5,0.1674,BCC+FCC
1,1.8,4.459,0.0301,0.1396,0.177,0.1975,0.34,0.2494,FCC
1,1.95,4.788,0.0483,0.1676,0.2424,0.1361,0.3771,0.2039,BCC+FCC
1,1.7,4.678,0.0473,0.1755,0.2417,0.1154,0.4145,0.2633,BCC+FCC
1,1.7,4.618,0.0414,0.1632,0.2391,0.1332,0.441,0.2784,BCC+FCC
1,2,4.8155,0.0485,0.1722,0.2476,0.126,0.4107,0.1877,BCC+FCC
1,1.8,4.6755,0.0457,0.1666,0.2419,0.1345,0.4536,0.261,BCC+FCC
1,1.7,4.6205,0.0424,0.1669,0.2435,0.128,0.4801,0.2804,BCC+FCC
1,1.95,4.818,0.0456,0.1616,0.2418,0.1156,0.4383,0.2106,BCC+FCC
1,1.85,4.7105,0.0489,0.1753,0.248,0.1275,0.4784,0.2426,BCC+FCC
1,1.75,4.6455,0.0444,0.1685,0.2454,0.1279,0.4974,0.2719,BCC+FCC
1,2.05,4.7905,0.049,0.1762,0.2529,0.1337,0.413,0.1664,BCC+FCC
1,1.95,4.7255,0.0503,0.1798,0.2533,0.1356,0.4723,0.2082,BCC+FCC
1,1.85,4.7455,0.0467,0.1644,0.2429,0.1154,0.4866,0.2464,BCC+FCC
1,1.75,4.6805,0.0444,0.1615,0.242,0.1148,0.5056,0.276,BCC+FCC
1,1.75,4.6345,0.0447,0.1744,0.2851,0.1225,0.452,0.264,BCC+FCC
1,2.1,4.812,0.0506,0.1786,0.294,0.1351,0.4001,0.1618,BCC+FCC
1,2.05,4.7695,0.0485,0.17,0.289,0.1431,0.4142,0.1933,BCC+FCC
1,1.75,4.5845,0.0403,0.1668,0.2853,0.1357,0.4921,0.2739,BCC+FCC
1,1.75,4.627,0.0432,0.1692,0.2848,0.1222,0.4764,0.2728,BCC+FCC
1,2.05,4.762,0.0475,0.1678,0.2889,0.1429,0.4313,0.198,BCC+FCC
1,1.95,4.7495,0.0499,0.1748,0.2896,0.1243,0.4662,0.2228,BCC+FCC
1,1.9,4.6645,0.0465,0.1705,0.2878,0.141,0.4786,0.2465,BCC+FCC
1,1.85,4.632,0.044,0.1672,0.2863,0.1401,0.4883,0.2605,BCC+FCC
1,1.85,4.642,0.0466,0.1768,0.2906,0.136,0.5013,0.2529,BCC+FCC
1,2.05,4.807,0.0468,0.1663,0.2888,0.1244,0.448,0.1902,BCC+FCC
1,1.95,4.6995,0.0499,0.1791,0.2933,0.1358,0.4961,0.2249,BCC+FCC
1,1.95,4.742,0.0488,0.1718,0.2895,0.124,0.4857,0.2263,BCC+FCC
1,1.85,4.6345,0.0451,0.172,0.2903,0.1358,0.5224,0.2566,BCC+FCC
1,2.05,4.757,0.0494,0.1753,0.2939,0.1353,0.4668,0.1888,BCC+FCC
1,2.05,4.7995,0.046,0.1641,0.2887,0.1242,0.4622,0.1915,BCC+FCC
1,2,4.767,0.0474,0.1673,0.2892,0.1241,0.4855,0.2107,BCC+FCC
1,1.95,4.692,0.0487,0.1754,0.2931,0.1357,0.5135,0.2265,BCC+FCC
1,1.9,4.6595,0.0467,0.1724,0.2919,0.1357,0.5299,0.2433,BCC+FCC
1,1.9,4.702,0.047,0.1681,0.2888,0.1234,0.5189,0.2449,BCC+FCC
1,1.8,4.5485,0.0372,0.1643,0.3211,0.1423,0.504,0.2663,BCC+FCC
1,2.1,4.7785,0.0514,0.179,0.3315,0.1325,0.4451,0.1819,BCC+FCC
1,2.05,4.6935,0.0501,0.1787,0.3302,0.1481,0.4635,0.2096,BCC+FCC
1,1.95,4.681,0.05,0.1814,0.3295,0.1308,0.4905,0.2325,BCC+FCC
1,1.85,4.5735,0.041,0.1698,0.3249,0.1426,0.5213,0.2609,BCC+FCC
1,1.85,4.616,0.044,0.1725,0.3253,0.129,0.5069,0.2603,BCC+FCC
1,2.15,4.796,0.0481,0.1708,0.3309,0.1324,0.4457,0.1669,BCC+FCC
1,1.95,4.666,0.0474,0.1735,0.329,0.1303,0.5311,0.2411,BCC+FCC
1,2.15,4.746,0.0505,0.1794,0.3352,0.1433,0.4524,0.164,BCC+FCC
3,1.7,4.467,0.091,0.5362,0.3306,0.2224,0.6647,0.2013,IM
2,1.7,4.4955,0.0965,0.5221,0.311,0.2272,0.6406,0.2198,IM
3,1.7,4.493,0.0972,0.5331,0.3142,0.2623,0.6436,0.1716,IM
3,1.8,4.489,0.1061,0.6494,0.3242,0.2572,0.5688,0.147,IM
4,1.8,4.4665,0.1091,0.6404,0.3255,0.2596,0.5918,0.171,IM
2,1.8,4.484,0.1086,0.6345,0.3376,0.2697,0.5617,0.1708,IM
4,1.75,4.479,0.1068,0.5987,0.3231,0.2578,0.5989,0.1958,IM
2,1.75,4.474,0.1068,0.583,0.3349,0.2645,0.5925,0.2146,IM
2,1.7,4.494,0.0955,0.517,0.296,0.2258,0.6134,0.2174,IM
3,1.7,4.514,0.086,0.4706,0.3007,0.2217,0.5936,0.2164,IM
2,1.7,4.489,0.0928,0.5007,0.3044,0.2244,0.6079,0.2345,IM
2,1.75,4.539,0.0894,0.4753,0.2944,0.2188,0.6082,0.1964,IM
2,1.85,4.463,0.0823,0.4833,0.3555,0.218,0.6215,0.1427,IM
2,1.85,4.483,0.0733,0.4364,0.3551,0.2152,0.6014,0.1418,IM
2,1.8,4.498,0.077,0.4498,0.3439,0.221,0.6046,0.1468,IM
3,1.75,4.463,0.0926,0.5265,0.3376,0.2372,0.6303,0.1965,IM
3,1.85,4.498,0.0869,0.4895,0.3434,0.2234,0.6296,0.1452,IM
3,1.85,4.518,0.0773,0.4426,0.3441,0.2204,0.6095,0.1446,IM
4,1.85,4.493,0.0842,0.4738,0.35,0.2244,0.6215,0.1695,IM
3,1.8,4.503,0.0853,0.4716,0.3436,0.2315,0.6202,0.1947,IM
2,1.85,4.533,0.0915,0.4932,0.3308,0.2286,0.6376,0.1473,IM
2,1.8,4.468,0.0683,0.3918,0.2961,0.2164,0.6601,0.182,IM
3,1.85,4.4755,0.0755,0.4173,0.2869,0.2166,0.6987,0.1815,IM
2,1.7,4.489,0.0986,0.5259,0.295,0.2267,0.6577,0.2236,IM
2,1.7,4.4915,0.0941,0.4915,0.2964,0.2246,0.6647,0.2433,IM
3,1.8,4.4805,0.0933,0.4924,0.3395,0.2342,0.6919,0.2228,IM
3,1.75,4.5655,0.0943,0.4864,0.3106,0.2412,0.6437,0.1839,IM
1,2.35,4.293,0.0312,0.1663,0.4389,0.2092,0.5778,0.1998,BCC+FCC
3,1.95,4.779,0.0355,0.1629,0.1715,0.1425,0.2709,0.11,FCC
4,1.95,4.8365,0.0362,0.1627,0.1702,0.1419,0.2967,0.1226,FCC
4,1.95,4.804,0.0355,0.1623,0.1709,0.1422,0.2966,0.1241,FCC
4,1.95,4.7715,0.0343,0.1616,0.1714,0.1426,0.2965,0.1255,FCC
4,1.9,4.8115,0.0371,0.165,0.1702,0.1505,0.3127,0.1228,FCC
4,1.9,4.7465,0.0354,0.1643,0.1715,0.151,0.3124,0.1258,FCC
3,1.85,4.7215,0.0365,0.167,0.1715,0.1584,0.3268,0.1258,FCC
4,1.75,4.6715,0.0388,0.1718,0.1717,0.1711,0.3514,0.1247,FCC
2,1.95,4.8615,0.0356,0.1618,0.1692,0.1415,0.3203,0.1319,FCC
2,1.95,4.829,0.0353,0.1616,0.1701,0.1419,0.3201,0.1335,FCC
3,1.95,4.7965,0.0345,0.1611,0.1708,0.1423,0.32,0.1351,FCC
2,1.95,4.764,0.0331,0.1601,0.1713,0.1426,0.3198,0.1366,FCC
4,1.9,4.804,0.0362,0.1641,0.1701,0.1505,0.3345,0.1327,FCC
3,1.9,4.7715,0.0355,0.1638,0.1709,0.1507,0.3342,0.1344,FCC
3,1.9,4.739,0.0342,0.163,0.1714,0.151,0.334,0.136,FCC
4,1.85,4.7465,0.0365,0.1663,0.1709,0.1583,0.3472,0.1334,FCC
4,1.85,4.714,0.0354,0.1658,0.1714,0.1584,0.3468,0.1351,FCC
4,1.8,4.754,0.038,0.1686,0.1702,0.1651,0.3591,0.1303,FCC
4,1.8,4.7215,0.0375,0.1687,0.171,0.1651,0.3587,0.1321,FCC
3,1.8,4.689,0.0365,0.1684,0.1715,0.1651,0.3583,0.134,FCC
2,1.75,4.664,0.0376,0.1708,0.1715,0.171,0.3682,0.1325,FCC
3,1.95,4.8865,0.0348,0.1608,0.168,0.1412,0.3421,0.1377,FCC
2,1.95,4.854,0.0348,0.1608,0.1691,0.1416,0.3418,0.1395,FCC
4,1.95,4.8215,0.0343,0.1605,0.17,0.142,0.3416,0.1413,FCC
4,1.95,4.789,0.0334,0.1597,0.1707,0.1423,0.3413,0.143,FCC
4,1.95,4.7565,0.0319,0.1585,0.1712,0.1427,0.3411,0.1447,FCC
2,1.9,4.894,0.0348,0.1624,0.1666,0.1497,0.3553,0.134,FCC
4,1.9,4.829,0.0356,0.1632,0.1691,0.1503,0.3547,0.1379,FCC
2,1.9,4.7965,0.0352,0.1631,0.17,0.1505,0.3544,0.1397,FCC
1,1.9,4.764,0.0344,0.1625,0.1708,0.1508,0.3541,0.1416,FCC
4,1.85,4.7715,0.0361,0.1655,0.1701,0.1582,0.3658,0.138,FCC
2,1.85,4.739,0.0354,0.1652,0.1708,0.1583,0.3654,0.1399,FCC
1,1.8,4.714,0.0364,0.1677,0.1709,0.165,0.3753,0.1379,FCC
2,1.75,4.689,0.0374,0.1701,0.1709,0.171,0.3836,0.1356,FCC
4,1.95,4.9115,0.0336,0.1598,0.1666,0.1409,0.3622,0.1408,FCC
1,1.95,4.879,0.034,0.16,0.1679,0.1413,0.3619,0.1428,FCC
3,1.95,4.8465,0.034,0.1598,0.169,0.1417,0.3615,0.1447,FCC
4,1.95,4.814,0.0334,0.1592,0.1699,0.1421,0.3612,0.1466,FCC
1,1.95,4.7815,0.0323,0.1582,0.1706,0.1424,0.3609,0.1484,FCC
4,1.9,4.919,0.0332,0.1612,0.1651,0.1494,0.3741,0.1363,FCC
2,1.9,4.8865,0.0342,0.1619,0.1666,0.1497,0.3737,0.1384,FCC
2,1.9,4.854,0.0347,0.1623,0.1679,0.15,0.3733,0.1404,FCC
3,1.9,4.8215,0.0347,0.1623,0.1691,0.1503,0.3729,0.1425,FCC
2,1.9,4.789,0.0343,0.1619,0.17,0.1506,0.3725,0.1444,FCC
3,1.9,4.7565,0.0333,0.1612,0.1707,0.1508,0.3721,0.1464,FCC
2,1.85,4.764,0.0352,0.1645,0.17,0.1582,0.3823,0.142,FCC
3,1.85,4.7315,0.0343,0.164,0.1707,0.1583,0.3818,0.1441,FCC
4,1.8,4.8365,0.0353,0.1657,0.1667,0.1648,0.3924,0.1327,FCC
2,1.8,4.739,0.0361,0.1669,0.17,0.165,0.3906,0.1394,FCC
4,1.8,4.7065,0.0353,0.1666,0.1708,0.165,0.39,0.1415,FCC
2,1.95,4.904,0.033,0.159,0.1665,0.1409,0.3803,0.1437,FCC
1,1.95,4.8715,0.0333,0.159,0.1678,0.1414,0.3799,0.1459,FCC
3,1.95,4.839,0.0331,0.1586,0.1689,0.1417,0.3795,0.1479,FCC
2,1.95,4.8065,0.0324,0.1579,0.1698,0.1421,0.3791,0.1499,FCC
4,1.95,4.7415,0.0296,0.155,0.171,0.1428,0.3783,0.1539,FCC
4,1.9,4.9115,0.0327,0.1607,0.165,0.1495,0.3907,0.1385,FCC
4,1.9,4.879,0.0336,0.1612,0.1666,0.1498,0.3903,0.1408,FCC
4,1.9,4.8465,0.034,0.1614,0.1679,0.1501,0.3898,0.143,FCC
2,1.9,4.814,0.0339,0.1613,0.169,0.1503,0.3893,0.1451,FCC
3,1.9,4.7815,0.0333,0.1607,0.1699,0.1506,0.3888,0.1472,FCC
4,1.9,4.749,0.0322,0.1597,0.1706,0.1508,0.3883,0.1493,FCC
4,1.85,4.7565,0.0342,0.1634,0.1699,0.1582,0.3969,0.1443,FCC
2,1.95,4.8965,0.0324,0.1582,0.1665,0.141,0.3967,0.145,FCC
2,1.95,4.864,0.0326,0.158,0.1678,0.1414,0.3962,0.1472,FCC
4,1.95,4.799,0.0315,0.1564,0.1697,0.1422,0.3952,0.1516,FCC
2,1.9,4.839,0.0333,0.1605,0.1678,0.1501,0.4044,0.1438,FCC
1,1.9,4.6735,0.0473,0.2065,0.2449,0.1021,0.3791,0.1335,BCC+FCC
1,1.8,4.762,0.0469,0.1843,0.224,0.1135,0.3593,0.1171,BCC+FCC
1,1.75,4.607,0.0453,0.1873,0.2218,0.1154,0.3625,0.1235,BCC+FCC
1,1.7,4.582,0.0465,0.1894,0.2219,0.1189,0.3662,0.1221,BCC+FCC
1,1.95,4.7235,0.0473,0.2038,0.2458,0.0928,0.3861,0.1397,BCC+FCC
1,1.9,4.6985,0.0484,0.2064,0.2459,0.1022,0.3938,0.1379,BCC+FCC
4,1.9,4.7155,0.0358,0.1481,0.1958,0.0923,0.3143,0.1255,FCC
1,1.85,4.7145,0.0444,0.1824,0.2231,0.1057,0.3645,0.13,BCC+FCC
1,1.8,4.6245,0.0427,0.1839,0.2215,0.1104,0.3689,0.1322,BCC+FCC
4,2,4.823,0.0339,0.1421,0.1961,0.0729,0.3109,0.1332,FCC
1,1.95,4.7485,0.0482,0.2037,0.2466,0.0928,0.4007,0.1423,BCC+FCC
4,1.95,4.8305,0.0347,0.1445,0.1961,0.0846,0.323,0.1306,FCC
3,1.95,4.733,0.0335,0.144,0.1955,0.0834,0.3215,0.1357,FCC
4,1.9,4.7405,0.0354,0.1473,0.196,0.0927,0.3319,0.133,FCC
4,1.9,4.708,0.0346,0.1469,0.1956,0.092,0.3313,0.1347,FCC
1,1.85,4.772,0.0445,0.1815,0.2237,0.1065,0.3785,0.1314,BCC+FCC
1,1.85,4.6985,0.0502,0.2084,0.2468,0.1102,0.4102,0.1369,BCC+FCC
3,1.85,4.748,0.0366,0.1495,0.1963,0.1005,0.3407,0.1298,FCC
4,1.85,4.683,0.0357,0.1497,0.1957,0.099,0.3392,0.1335,FCC
4,1.8,4.788,0.0364,0.1497,0.1961,0.108,0.3485,0.1239,FCC
1,1.75,4.657,0.0453,0.1858,0.2231,0.1165,0.3818,0.1305,BCC+FCC
1,1.75,4.6245,0.0442,0.1857,0.2224,0.1156,0.3806,0.1327,BCC+FCC
1,1.65,4.7045,0.0469,0.1873,0.224,0.1265,0.3795,0.1165,BCC+FCC
2,2,4.848,0.0331,0.1411,0.196,0.0729,0.3302,0.139,FCC
2,2,4.8155,0.033,0.1409,0.196,0.0727,0.3297,0.1408,FCC
3,2,4.7505,0.0312,0.1392,0.1953,0.0722,0.3287,0.1443,FCC
3,1.95,4.823,0.0339,0.1437,0.196,0.0844,0.34,0.1374,FCC
1,1.95,4.7085,0.0452,0.2008,0.2454,0.0925,0.4118,0.1469,BCC+FCC
3,1.95,4.758,0.0333,0.1433,0.1958,0.0836,0.3388,0.1411,FCC
4,1.95,4.7255,0.0323,0.1425,0.1954,0.0831,0.3382,0.1429,FCC
4,1.9,4.863,0.033,0.1444,0.1954,0.0945,0.3495,0.1314,FCC
1,1.9,4.716,0.0482,0.2049,0.2465,0.1021,0.4162,0.1417,BCC+FCC
4,1.9,4.798,0.0347,0.1461,0.1961,0.0935,0.3481,0.1355,FCC
1,1.9,4.6835,0.046,0.2036,0.2455,0.1018,0.4152,0.1439,BCC+FCC
3,1.9,4.7655,0.0347,0.1463,0.1961,0.093,0.3474,0.1374,FCC
4,1.9,4.733,0.0343,0.1462,0.1959,0.0924,0.3467,0.1393,FCC
3,1.9,4.7005,0.0334,0.1456,0.1954,0.0917,0.3459,0.1412,FCC
1,1.85,4.797,0.0436,0.1805,0.2236,0.1067,0.3896,0.1322,BCC+FCC
1,1.85,4.732,0.0432,0.1808,0.2233,0.1057,0.3877,0.1367,BCC+FCC
3,1.85,4.773,0.0354,0.1483,0.1961,0.1009,0.3543,0.1333,FCC
3,1.85,4.708,0.0353,0.1488,0.196,0.0995,0.3525,0.1373,FCC
2,1.85,4.6755,0.0345,0.1485,0.1955,0.0987,0.3516,0.1393,FCC
3,1.8,4.6505,0.0356,0.1512,0.1956,0.1041,0.3551,0.1371,FCC
2,2,4.873,0.032,0.14,0.1957,0.0729,0.3474,0.1422,FCC
2,2,4.8405,0.0323,0.14,0.1958,0.0728,0.3468,0.1441,FCC
3,2,4.7755,0.0313,0.1387,0.1956,0.0723,0.3457,0.1479,FCC
4,1.95,4.8805,0.0319,0.1419,0.1953,0.0848,0.3562,0.1377,FCC
2,1.95,4.848,0.0327,0.1425,0.1957,0.0845,0.3555,0.1398,FCC
4,1.95,4.8155,0.033,0.1427,0.1959,0.0842,0.3548,0.1419,FCC
2,1.95,4.783,0.0329,0.1425,0.1959,0.0838,0.354,0.1439,FCC
1,1.95,4.7505,0.0323,0.1419,0.1957,0.0833,0.3533,0.1458,FCC
2,1.95,4.718,0.0311,0.1409,0.1952,0.0829,0.3526,0.1477,FCC
1,1.9,4.7085,0.0471,0.2035,0.2464,0.102,0.4229,0.142,BCC+FCC
4,1.9,4.7905,0.0338,0.1453,0.196,0.0933,0.3607,0.1393,FCC
1,1.9,4.676,0.0452,0.2021,0.2453,0.1017,0.4217,0.1444,BCC+FCC
2,1.9,4.758,0.0338,0.1453,0.196,0.0927,0.3599,0.1414,FCC
3,1.9,4.7255,0.0332,0.1449,0.1957,0.0921,0.359,0.1435,FCC
2,1.9,4.693,0.0322,0.1441,0.1953,0.0915,0.3581,0.1455,FCC
1,1.85,4.7485,0.051,0.2075,0.2479,0.1106,0.4234,0.133,BCC+FCC
1,1.85,4.7245,0.0422,0.1798,0.2231,0.1055,0.3948,0.1381,BCC+FCC
4,1.85,4.7655,0.0346,0.1476,0.196,0.1006,0.3645,0.1365,FCC
4,1.85,4.7005,0.0342,0.1477,0.1958,0.0991,0.3624,0.1409,FCC
2,1.85,4.668,0.0333,0.1472,0.1954,0.0983,0.3614,0.143,FCC
1,1.8,4.6995,0.0431,0.1821,0.2232,0.1117,0.3927,0.1345,BCC+FCC
4,1.8,4.7405,0.0354,0.1498,0.1961,0.1065,0.3657,0.1334,FCC
1,1.8,4.667,0.0422,0.1818,0.2227,0.111,0.3913,0.1369,BCC+FCC
3,1.8,4.6755,0.0352,0.1504,0.1959,0.1047,0.3632,0.138,FCC
1,1.65,4.6895,0.0455,0.1868,0.2238,0.1257,0.3649,0.1159,BCC+FCC
4,2,4.898,0.0307,0.1388,0.1952,0.0729,0.3627,0.1431,FCC
2,2,4.8655,0.0313,0.1391,0.1955,0.0728,0.362,0.1452,FCC
2,2,4.833,0.0314,0.1388,0.1957,0.0726,0.3613,0.1473,FCC
2,2,4.8005,0.0311,0.1382,0.1957,0.0724,0.3606,0.1493,FCC
3,2,4.768,0.0302,0.1371,0.1954,0.0721,0.3599,0.1513,FCC
4,2,4.7355,0.0288,0.1354,0.1949,0.0718,0.3592,0.1533,FCC
4,1.95,4.9055,0.0301,0.1404,0.1946,0.0849,0.3696,0.1378,FCC
4,1.95,4.873,0.0313,0.1412,0.1952,0.0846,0.3688,0.14,FCC
2,1.95,4.8405,0.032,0.1417,0.1956,0.0843,0.368,0.1423,FCC
1,1.95,4.808,0.0322,0.1417,0.1958,0.084,0.3672,0.1444,FCC
3,1.95,4.7755,0.0319,0.1413,0.1957,0.0836,0.3663,0.1466,FCC
1,1.95,4.743,0.0312,0.1404,0.1955,0.0831,0.3654,0.1487,FCC
1,1.9,4.831,0.0507,0.2051,0.2483,0.1026,0.4316,0.1302,BCC+FCC
1,1.9,4.7985,0.0503,0.2049,0.2481,0.1025,0.4303,0.133,BCC+FCC
1,1.9,4.766,0.0494,0.2043,0.2476,0.1023,0.4289,0.1356,BCC+FCC
4,1.9,4.848,0.0318,0.1435,0.1953,0.094,0.3728,0.1367,FCC
4,1.9,4.8155,0.0327,0.1441,0.1956,0.0935,0.3718,0.1391,FCC
1,1.9,4.718,0.0322,0.1436,0.1956,0.0918,0.3687,0.1457,FCC
3,1.9,4.6855,0.031,0.1425,0.1951,0.0912,0.3676,0.1479,FCC
1,1.85,4.806,0.0513,0.207,0.2484,0.111,0.4265,0.1252,BCC+FCC
1,1.85,4.717,0.0413,0.1788,0.223,0.1052,0.3983,0.138,BCC+FCC
1,1.85,4.693,0.0332,0.1465,0.1956,0.0988,0.3693,0.1426,FCC
2,1.8,4.7005,0.0346,0.1494,0.1959,0.1053,0.3682,0.1368,FCC
4,2,4.858,0.0306,0.138,0.1954,0.0726,0.3743,0.1465,FCC
4,2,4.8255,0.0306,0.1375,0.1956,0.0724,0.3735,0.1487,FCC
1,2,4.711,0.0434,0.1921,0.2447,0.081,0.4329,0.1498,BCC+FCC
2,2,4.793,0.0301,0.1366,0.1955,0.0722,0.3726,0.1509,FCC
2,2,4.7605,0.0291,0.1352,0.1953,0.0719,0.3718,0.153,FCC
2,2,4.728,0.0276,0.1333,0.1948,0.0716,0.3709,0.1551,FCC
1,1.95,4.8485,0.0496,0.2022,0.2481,0.0925,0.437,0.1322,BCC+FCC
4,1.95,4.898,0.0296,0.1399,0.1945,0.0847,0.3799,0.1383,FCC
1,1.95,4.751,0.0461,0.1993,0.2468,0.0924,0.4329,0.1403,BCC+FCC
3,1.95,4.833,0.0313,0.1407,0.1955,0.0841,0.3779,0.143,FCC
4,1.95,4.8005,0.0314,0.1405,0.1957,0.0837,0.3769,0.1453,FCC
4,1.95,4.768,0.031,0.1399,0.1956,0.0833,0.3759,0.1476,FCC
4,1.95,4.7355,0.0301,0.1388,0.1953,0.0829,0.3748,0.1498,FCC
1,1.95,4.703,0.0287,0.1372,0.1948,0.0823,0.3738,0.152,FCC
1,1.9,4.6935,0.0452,0.2005,0.246,0.1016,0.4249,0.1383,BCC+FCC
4,1.9,4.743,0.0319,0.1429,0.1957,0.0922,0.3765,0.1441,FCC
2,1.9,4.7105,0.0311,0.1421,0.1954,0.0915,0.3752,0.1464,FCC
1,1.85,4.7095,0.0403,0.1776,0.2228,0.105,0.3975,0.1363,BCC+FCC
4,1.85,4.7505,0.0329,0.1459,0.1958,0.1,0.3754,0.1378,FCC
4,1.85,4.718,0.0328,0.1458,0.1957,0.0993,0.3739,0.1403,FCC
1,2,4.883,0.0295,0.137,0.195,0.0726,0.3851,0.1439,FCC
2,2,4.8505,0.0299,0.1367,0.1953,0.0725,0.384,0.1463,FCC
4,2,4.818,0.0298,0.1361,0.1955,0.0723,0.383,0.1486,FCC
3,2,4.7855,0.0292,0.1349,0.1954,0.072,0.382,0.1509,FCC
4,2,4.753,0.028,0.1332,0.1951,0.0717,0.3809,0.1532,FCC
4,2,4.7205,0.0264,0.131,0.1946,0.0714,0.3799,0.1554,FCC
1,1.95,4.841,0.049,0.2012,0.248,0.0924,0.4368,0.128,BCC+FCC
1,1.95,4.8085,0.0482,0.2004,0.2477,0.0924,0.4351,0.131,BCC+FCC
2,1.95,4.858,0.0301,0.1396,0.195,0.0843,0.3861,0.1398,FCC
1,1.95,4.711,0.0443,0.1958,0.2457,0.0922,0.4299,0.1396,BCC+FCC
4,1.95,4.793,0.0305,0.1392,0.1955,0.0835,0.3836,0.1447,FCC
3,1.95,4.728,0.029,0.137,0.1952,0.0826,0.3811,0.1495,FCC
1,1.9,4.7835,0.0489,0.2028,0.2478,0.1022,0.4244,0.1254,BCC+FCC
4,1.9,4.768,0.0313,0.1421,0.1956,0.0925,0.3811,0.1406,FCC
1,1.9,4.7355,0.0309,0.1415,0.1955,0.0919,0.3796,0.1431,FCC
1,1.85,4.7995,0.0406,0.1775,0.2231,0.1063,0.3976,0.1243,BCC+FCC
1,2.05,4.7125,0.0509,0.2109,0.2916,0.0955,0.3906,0.1325,BCC+FCC
1,2.05,4.7535,0.0449,0.1875,0.273,0.0917,0.3502,0.1222,BCC+FCC
1,2.05,4.721,0.0426,0.186,0.2719,0.0914,0.3498,0.1237,BCC+FCC
1,2,4.6875,0.0515,0.2138,0.2917,0.1046,0.3998,0.1314,BCC+FCC
1,2,4.6635,0.0412,0.1873,0.2707,0.0998,0.3603,0.1252,BCC+FCC
1,1.95,4.736,0.0487,0.1934,0.2741,0.1085,0.3712,0.1197,BCC+FCC
1,1.95,4.7445,0.0418,0.164,0.2521,0.1033,0.3305,0.1092,BCC+FCC
1,1.9,4.7845,0.0429,0.1654,0.2527,0.1106,0.3415,0.1057,BCC+FCC
1,1.9,4.7195,0.0428,0.1663,0.2521,0.109,0.3404,0.1093,BCC+FCC
1,1.9,4.6135,0.0438,0.1931,0.2709,0.1126,0.3771,0.1242,BCC+FCC
1,1.9,4.6545,0.0406,0.1657,0.2508,0.1072,0.3392,0.1128,BCC+FCC
1,1.85,4.727,0.044,0.168,0.2526,0.1145,0.3492,0.1072,BCC+FCC
1,1.85,4.6945,0.0438,0.1684,0.2522,0.1136,0.3485,0.1091,BCC+FCC
1,1.8,4.637,0.0442,0.1708,0.2517,0.1157,0.3539,0.1104,BCC+FCC
1,1.75,4.7095,0.0453,0.1705,0.2528,0.1218,0.3608,0.1031,BCC+FCC
1,1.75,4.5795,0.0443,0.173,0.251,0.1161,0.3567,0.1115,BCC+FCC
1,1.7,4.6195,0.0468,0.1742,0.2524,0.1201,0.3603,0.106,BCC+FCC
1,2.05,4.7375,0.0516,0.2111,0.2928,0.0954,0.4066,0.1377,BCC+FCC
1,2.05,4.705,0.0503,0.2091,0.2914,0.0953,0.4061,0.1396,BCC+FCC
1,2.05,4.7135,0.0413,0.1843,0.2717,0.0912,0.3674,0.1339,BCC+FCC
1,2,4.7125,0.0521,0.2139,0.2929,0.1047,0.4141,0.1358,BCC+FCC
1,2,4.721,0.0448,0.1888,0.2729,0.1004,0.3772,0.1312,BCC+FCC
1,1.95,4.6875,0.0527,0.2165,0.293,0.1125,0.4199,0.1337,BCC+FCC
1,1.95,4.7285,0.0476,0.1923,0.2739,0.1083,0.3855,0.1279,BCC+FCC
1,1.95,4.631,0.0411,0.1886,0.2706,0.1066,0.3835,0.1335,BCC+FCC
1,1.9,4.736,0.0497,0.1949,0.2746,0.1151,0.3923,0.1241,BCC+FCC
1,1.9,4.606,0.0424,0.1916,0.2707,0.1123,0.389,0.1321,BCC+FCC
1,1.75,4.6045,0.0441,0.1721,0.2516,0.1171,0.3652,0.1179,BCC+FCC
1,1.7,4.612,0.0457,0.1737,0.2522,0.1195,0.3646,0.1135,BCC+FCC
1,2.05,4.73,0.051,0.2094,0.2926,0.0953,0.4203,0.1423,BCC+FCC
1,2.05,4.7385,0.0425,0.1844,0.2727,0.0913,0.3837,0.1393,BCC+FCC
1,2,4.811,0.0479,0.19,0.2749,0.1013,0.3932,0.1316,BCC+FCC
1,1.95,4.786,0.0487,0.1921,0.2749,0.1091,0.3992,0.1292,BCC+FCC
1,1.9,4.737,0.0412,0.1645,0.2522,0.1092,0.3685,0.1259,BCC+FCC
1,1.9,4.7045,0.0406,0.1644,0.2518,0.1084,0.3676,0.1279,BCC+FCC
1,1.9,4.672,0.0396,0.1639,0.2512,0.1074,0.3668,0.1299,BCC+FCC
1,1.85,4.7035,0.0496,0.1961,0.2746,0.12,0.4036,0.126,BCC+FCC
1,1.85,4.712,0.0421,0.1667,0.2523,0.1138,0.3723,0.1238,BCC+FCC
1,1.85,4.647,0.0407,0.1665,0.2513,0.1117,0.3703,0.128,BCC+FCC
1,2.05,4.82,0.0545,0.2125,0.2955,0.0954,0.4341,0.1384,BCC+FCC
1,2.05,4.755,0.0516,0.2096,0.2937,0.0953,0.4326,0.1428,BCC+FCC
1,2.05,4.7635,0.0435,0.1843,0.2734,0.0914,0.3981,0.1421,BCC+FCC
1,2.05,4.625,0.0467,0.1988,0.2874,0.0948,0.4294,0.1512,BCC+FCC
1,2,4.836,0.0476,0.1893,0.2751,0.1014,0.4061,0.1331,BCC+FCC
1,2,4.7625,0.0536,0.2138,0.2947,0.1049,0.437,0.1374,BCC+FCC
1,2,4.73,0.0522,0.2124,0.2937,0.1047,0.4361,0.1397,BCC+FCC
1,1.95,4.705,0.0527,0.2151,0.2938,0.1125,0.4371,0.1363,BCC+FCC
1,1.95,4.681,0.0436,0.1886,0.2727,0.1073,0.4063,0.1391,BCC+FCC
1,1.95,4.6485,0.0411,0.1869,0.2715,0.1067,0.4053,0.1412,BCC+FCC
1,1.85,4.7045,0.0411,0.1659,0.2522,0.1134,0.3796,0.1281,BCC+FCC
1,1.85,4.672,0.0405,0.1658,0.2518,0.1123,0.3784,0.1304,BCC+FCC
1,2.05,4.7065,0.0579,0.2276,0.3107,0.0985,0.4697,0.1432,BCC+FCC
1,2.05,4.7475,0.051,0.2079,0.2935,0.0952,0.4419,0.1437,BCC+FCC
1,2.05,4.6825,0.0486,0.203,0.2908,0.095,0.4399,0.1482,BCC+FCC
1,2,4.8285,0.0469,0.1884,0.2749,0.1012,0.416,0.1349,BCC+FCC
1,2,4.796,0.0462,0.1879,0.2746,0.1009,0.4151,0.1372,BCC+FCC
1,2,4.6985,0.0413,0.184,0.2724,0.0998,0.4122,0.144,BCC+FCC
1,1.95,4.836,0.0476,0.1906,0.2752,0.1095,0.4185,0.1287,BCC+FCC
1,1.95,4.7625,0.0552,0.216,0.2955,0.113,0.4432,0.1309,BCC+FCC
1,1.95,4.8035,0.0476,0.1906,0.275,0.1091,0.4174,0.1312,BCC+FCC
1,1.95,4.771,0.047,0.1902,0.2747,0.1086,0.4163,0.1337,BCC+FCC
1,1.95,4.7385,0.046,0.1895,0.2741,0.1081,0.4151,0.1361,BCC+FCC
1,1.95,4.665,0.0509,0.2118,0.2924,0.1119,0.439,0.1386,BCC+FCC
1,1.95,4.706,0.0444,0.1885,0.2734,0.1076,0.4139,0.1385,BCC+FCC
1,1.9,4.7135,0.0468,0.192,0.2742,0.1143,0.413,0.1324,BCC+FCC
1,1.9,4.681,0.0454,0.1911,0.2735,0.1136,0.4116,0.1349,BCC+FCC
1,1.8,4.7045,0.0412,0.167,0.2523,0.1175,0.3792,0.1242,BCC+FCC
1,2.05,4.846,0.0455,0.185,0.2748,0.0917,0.4219,0.1388,BCC+FCC
1,2.05,4.74,0.0504,0.2061,0.2933,0.0951,0.4482,0.1431,BCC+FCC
1,2.05,4.781,0.0432,0.1827,0.2738,0.0913,0.42,0.1436,BCC+FCC
1,2.05,4.7485,0.0413,0.1809,0.2731,0.0911,0.419,0.1458,BCC+FCC
1,2,4.8535,0.0465,0.1877,0.275,0.1013,0.4242,0.1324,BCC+FCC
1,2,4.821,0.0462,0.1874,0.2748,0.1011,0.4231,0.1349,BCC+FCC
1,2,4.756,0.0441,0.1855,0.2739,0.1004,0.4208,0.1399,BCC+FCC
1,2,4.6825,0.0498,0.2069,0.2921,0.1041,0.4443,0.1414,BCC+FCC
1,1.95,4.796,0.0469,0.1897,0.2749,0.1089,0.4213,0.1307,BCC+FCC
1,1.95,4.69,0.0515,0.212,0.2935,0.1121,0.4394,0.1344,BCC+FCC
1,1.95,4.666,0.0412,0.1853,0.2723,0.1068,0.4156,0.1409,BCC+FCC
1,1.9,4.771,0.0475,0.1918,0.2749,0.1153,0.4158,0.1262,BCC+FCC
1,1.9,4.6735,0.0443,0.1898,0.2733,0.1133,0.4107,0.1343,BCC+FCC
1,2.05,4.724,0.058,0.2262,0.3118,0.0983,0.4724,0.1349,BCC+FCC
1,2,4.7725,0.0529,0.211,0.2951,0.1047,0.4478,0.1306,BCC+FCC
1,2,4.8135,0.0455,0.1862,0.2747,0.1009,0.4267,0.1335,BCC+FCC
1,2,4.781,0.0446,0.1853,0.2743,0.1006,0.4253,0.1361,BCC+FCC
1,2,4.675,0.0492,0.2048,0.2919,0.1039,0.4426,0.139,BCC+FCC
1,1.95,4.756,0.0453,0.1879,0.2744,0.1082,0.4193,0.1315,BCC+FCC
1,1.85,4.706,0.0469,0.1928,0.2745,0.1195,0.3912,0.1212,BCC+FCC
1,2.05,4.7165,0.0573,0.224,0.3116,0.0983,0.4652,0.1299,BCC+FCC
1,2,4.8385,0.0453,0.1858,0.2748,0.101,0.4278,0.1276,BCC+FCC
1,1.95,4.8135,0.0459,0.1881,0.2748,0.1089,0.4173,0.1221,BCC+FCC
1,1.9,4.7235,0.0453,0.1892,0.2743,0.1142,0.3955,0.1226,BCC+FCC
1,1.85,4.7635,0.047,0.1923,0.2749,0.1208,0.3758,0.1098,BCC+FCC
1,1.85,4.731,0.0468,0.1922,0.2747,0.12,0.3724,0.1133,BCC+FCC
1,2.05,4.7585,0.045,0.1749,0.2992,0.1061,0.3525,0.1067,BCC+FCC
1,2.05,4.685,0.0478,0.1995,0.3161,0.1101,0.391,0.121,BCC+FCC
1,2.05,4.726,0.0436,0.174,0.2984,0.1054,0.352,0.1084,BCC+FCC
1,2.05,4.6525,0.0466,0.1976,0.3146,0.1095,0.3904,0.1227,BCC+FCC
1,2,4.7335,0.046,0.1773,0.2992,0.1118,0.3621,0.1069,BCC+FCC
1,2,4.701,0.0447,0.1767,0.2985,0.111,0.3616,0.1086,BCC+FCC
1,1.95,4.676,0.0458,0.1792,0.2985,0.1153,0.3694,0.1085,BCC+FCC
1,1.95,4.6435,0.0441,0.1785,0.2976,0.1143,0.3687,0.1103,BCC+FCC
1,1.85,4.7885,0.048,0.1809,0.3006,0.127,0.3839,0.0957,BCC+FCC
1,1.85,4.7235,0.0495,0.183,0.3004,0.1246,0.382,0.1004,BCC+FCC
1,1.85,4.5935,0.0465,0.1835,0.2977,0.1192,0.3781,0.109,BCC+FCC
1,1.8,4.731,0.0497,0.1836,0.3006,0.1276,0.3849,0.0963,BCC+FCC
1,2.1,4.7675,0.0498,0.1983,0.3182,0.1034,0.3984,0.1272,BCC+FCC
1,2.1,4.776,0.0429,0.1709,0.299,0.0988,0.3593,0.1195,BCC+FCC
1,2.1,4.7025,0.0467,0.1947,0.3158,0.1027,0.3973,0.1309,BCC+FCC
1,2,4.685,0.0498,0.2023,0.3172,0.1164,0.4111,0.126,BCC+FCC
1,2,4.6935,0.0435,0.1754,0.2983,0.1106,0.3758,0.1199,BCC+FCC
1,1.95,4.7985,0.0469,0.1784,0.3004,0.1187,0.3848,0.1105,BCC+FCC
1,1.95,4.766,0.0471,0.1788,0.3002,0.1178,0.384,0.1126,BCC+FCC
1,1.95,4.7335,0.0468,0.1789,0.2997,0.1169,0.3832,0.1148,BCC+FCC
1,1.85,4.716,0.0487,0.1826,0.3003,0.1241,0.3898,0.1087,BCC+FCC
1,1.85,4.6185,0.0468,0.1829,0.2985,0.1201,0.3862,0.1156,BCC+FCC
1,1.85,4.586,0.0452,0.1824,0.2975,0.1187,0.385,0.1177,BCC+FCC
1,1.8,4.691,0.0494,0.1843,0.3003,0.1256,0.3885,0.1062,BCC+FCC
1,1.8,4.626,0.0489,0.1852,0.2994,0.1226,0.3857,0.1111,BCC+FCC
1,2.1,4.7275,0.0473,0.195,0.3169,0.1029,0.4116,0.1356,BCC+FCC
1,2.05,4.776,0.044,0.1732,0.2995,0.1062,0.3836,0.1255,BCC+FCC
1,2,4.7835,0.0455,0.1759,0.3,0.1127,0.3903,0.1216,BCC+FCC
1,2,4.71,0.0508,0.2022,0.3182,0.1168,0.4215,0.1289,BCC+FCC
1,1.9,4.7985,0.0463,0.179,0.3004,0.1232,0.3979,0.112,BCC+FCC
1,1.9,4.7335,0.047,0.1801,0.3001,0.1211,0.3957,0.1169,BCC+FCC
1,1.9,4.701,0.0467,0.1802,0.2997,0.12,0.3945,0.1192,BCC+FCC
1,1.9,4.636,0.0445,0.1794,0.2983,0.1176,0.3921,0.1237,BCC+FCC
1,1.9,4.6035,0.0427,0.1784,0.2973,0.1164,0.3909,0.1259,BCC+FCC
1,1.85,4.7735,0.0468,0.1806,0.3004,0.1261,0.3969,0.1089,BCC+FCC
1,1.85,4.6435,0.0468,0.1823,0.2991,0.121,0.3913,0.1189,BCC+FCC
1,2.1,4.809,0.0597,0.2224,0.338,0.1075,0.4575,0.133,BCC+FCC
1,2.1,4.8175,0.0513,0.198,0.3195,0.1037,0.4255,0.1333,BCC+FCC
1,2.1,4.6465,0.0523,0.2105,0.3308,0.1064,0.4529,0.1444,BCC+FCC
1,2.05,4.63,0.0448,0.1913,0.3139,0.1087,0.4244,0.1413,BCC+FCC
1,2,4.7435,0.044,0.1745,0.2994,0.1116,0.3993,0.1287,BCC+FCC
1,1.95,4.751,0.0454,0.1773,0.2999,0.1171,0.4015,0.1236,BCC+FCC
1,1.95,4.7185,0.0449,0.177,0.2995,0.1162,0.4003,0.126,BCC+FCC
1,1.95,4.686,0.0438,0.1764,0.2989,0.1152,0.3991,0.1283,BCC+FCC
1,2.1,4.8425,0.0516,0.1977,0.3199,0.1038,0.436,0.1328,BCC+FCC
1,2.1,4.704,0.0545,0.2145,0.3342,0.1068,0.461,0.1405,BCC+FCC
1,2.1,4.7125,0.0461,0.1911,0.3165,0.1025,0.4322,0.1421,BCC+FCC
1,2.1,4.68,0.0449,0.1883,0.3152,0.1021,0.4312,0.1442,BCC+FCC
1,2.1,4.6475,0.0436,0.1851,0.3136,0.1016,0.4302,0.1464,BCC+FCC
1,2.05,4.679,0.0552,0.2178,0.3343,0.1143,0.4585,0.1366,BCC+FCC
1,2.05,4.6225,0.0442,0.189,0.3137,0.1085,0.4303,0.1433,BCC+FCC
1,2,4.8335,0.044,0.1742,0.3001,0.1136,0.4096,0.1244,BCC+FCC
1,2,4.695,0.0486,0.1993,0.3178,0.1162,0.4315,0.1328,BCC+FCC
1,2,4.736,0.043,0.1733,0.2993,0.1113,0.4061,0.1316,BCC+FCC
1,1.95,4.7435,0.0446,0.1763,0.2998,0.1168,0.4053,0.1258,BCC+FCC
1,1.85,4.6935,0.0462,0.1807,0.2999,0.1227,0.3893,0.1179,BCC+FCC
1,1.85,4.661,0.0457,0.1807,0.2995,0.1214,0.3872,0.1206,BCC+FCC
1,2.1,4.794,0.0582,0.2194,0.3377,0.1072,0.4679,0.1315,BCC+FCC
1,2.1,4.876,0.0423,0.1688,0.2999,0.0996,0.414,0.1326,BCC+FCC
1,2.1,4.729,0.0553,0.2151,0.3354,0.1069,0.4651,0.1368,BCC+FCC
1,2.1,4.664,0.0523,0.2089,0.3323,0.1063,0.4623,0.1419,BCC+FCC
1,2.1,4.705,0.0455,0.1889,0.3163,0.1023,0.4383,0.1427,BCC+FCC
1,2.1,4.6725,0.0443,0.1859,0.315,0.1019,0.4371,0.145,BCC+FCC
1,2.05,4.704,0.0559,0.2182,0.3355,0.1145,0.4587,0.1323,BCC+FCC
1,2.05,4.786,0.0422,0.1702,0.2996,0.106,0.413,0.1339,BCC+FCC
1,2.05,4.6715,0.0545,0.2157,0.334,0.1141,0.457,0.135,BCC+FCC
1,2.05,4.7535,0.0412,0.1691,0.2991,0.1053,0.4118,0.1363,BCC+FCC
1,2.05,4.639,0.053,0.2126,0.3324,0.1137,0.4552,0.1376,BCC+FCC
1,2.05,4.68,0.0461,0.1924,0.3164,0.1094,0.4354,0.1389,BCC+FCC
1,2,4.7935,0.0434,0.1733,0.2999,0.1126,0.4123,0.1276,BCC+FCC
1,2,4.7285,0.0421,0.172,0.2991,0.111,0.4094,0.1327,BCC+FCC
1,2,4.696,0.0406,0.1707,0.2985,0.1101,0.408,0.1351,BCC+FCC
1,1.95,4.671,0.0416,0.1736,0.2986,0.1144,0.4014,0.1313,BCC+FCC
1,1.9,4.711,0.0445,0.1777,0.2997,0.1199,0.3942,0.1217,BCC+FCC
1,1.9,4.6785,0.0438,0.1772,0.2993,0.1187,0.3921,0.1245,BCC+FCC
1,2.1,4.7865,0.0575,0.2178,0.3375,0.1071,0.467,0.1285,BCC+FCC
1,2.1,4.8275,0.0502,0.1951,0.3196,0.1035,0.4464,0.1314,BCC+FCC
1,2.1,4.7215,0.0546,0.213,0.3352,0.1067,0.4636,0.1342,BCC+FCC
1,2.1,4.7625,0.0474,0.1918,0.3183,0.1029,0.4436,0.1367,BCC+FCC
1,2.1,4.6565,0.0516,0.2063,0.332,0.1062,0.4601,0.1397,BCC+FCC
1,2.05,4.8025,0.0509,0.1977,0.3197,0.1112,0.4406,0.1265,BCC+FCC
1,2.05,4.77,0.0496,0.1965,0.3191,0.1107,0.4389,0.1294,BCC+FCC
1,2.05,4.811,0.042,0.1697,0.2997,0.1063,0.4177,0.1311,BCC+FCC
1,2.05,4.7785,0.0414,0.1688,0.2994,0.1057,0.4163,0.1337,BCC+FCC
1,2.05,4.6725,0.0455,0.1903,0.3162,0.1092,0.4337,0.1375,BCC+FCC
1,2,4.7125,0.0487,0.1977,0.3184,0.1164,0.4258,0.1273,BCC+FCC
1,2,4.68,0.0473,0.1959,0.3175,0.1157,0.4237,0.1301,BCC+FCC
1,2.1,4.779,0.0568,0.216,0.3374,0.107,0.4605,0.1241,BCC+FCC
1,2.1,4.7225,0.0456,0.1873,0.3172,0.1023,0.4404,0.1369,BCC+FCC
1,2.1,4.69,0.0443,0.1842,0.316,0.1019,0.4386,0.1395,BCC+FCC
1,2.05,4.7625,0.0487,0.1949,0.319,0.1105,0.4325,0.126,BCC+FCC
1,2.05,4.73,0.0474,0.1931,0.3182,0.11,0.4304,0.129,BCC+FCC
1,1.95,4.786,0.0427,0.1739,0.2999,0.1175,0.3913,0.1157,BCC+FCC
1,2.15,4.74,0.0463,0.183,0.3404,0.1081,0.3734,0.1059,BCC+FCC
1,2.15,4.7075,0.0439,0.1812,0.3392,0.1075,0.3729,0.1076,BCC+FCC
1,2.15,4.6425,0.0411,0.1762,0.3361,0.106,0.372,0.1107,BCC+FCC
1,2.05,4.6575,0.0463,0.1873,0.3393,0.1171,0.3897,0.1078,BCC+FCC
1,2.05,4.625,0.0436,0.1856,0.3379,0.1161,0.389,0.1096,BCC+FCC
1,2.15,4.6915,0.0517,0.2043,0.3557,0.1124,0.4249,0.1275,BCC+FCC
1,2.1,4.7725,0.0496,0.1867,0.3421,0.1149,0.3979,0.1137,BCC+FCC
1,2.1,4.675,0.0438,0.1826,0.3391,0.1125,0.3959,0.1195,BCC+FCC
1,2.05,4.65,0.045,0.1857,0.3391,0.1167,0.4015,0.1185,BCC+FCC
1,2.15,4.7165,0.0525,0.2047,0.357,0.1127,0.4371,0.1314,BCC+FCC
1,2.15,4.6925,0.0424,0.1772,0.3388,0.1069,0.4022,0.1291,BCC+FCC
1,2.15,4.619,0.0481,0.1955,0.3517,0.111,0.4347,0.1374,BCC+FCC
1,2.1,4.765,0.0486,0.1854,0.3419,0.1146,0.41,0.1215,BCC+FCC
1,2.05,4.675,0.0461,0.1857,0.3402,0.1173,0.4117,0.1237,BCC+FCC
1,2.15,4.7825,0.0468,0.1812,0.3417,0.1086,0.416,0.1291,BCC+FCC
1,2.15,4.709,0.0518,0.2027,0.3569,0.1125,0.4462,0.135,BCC+FCC
1,2.15,4.75,0.045,0.1796,0.3409,0.108,0.4152,0.1312,BCC+FCC
1,2.15,4.644,0.0488,0.1965,0.3535,0.1114,0.4442,0.1394,BCC+FCC
1,2.15,4.685,0.0418,0.175,0.3386,0.1066,0.4136,0.1353,BCC+FCC
1,2.1,4.79,0.0489,0.1851,0.3425,0.1151,0.4205,0.1243,BCC+FCC
1,2.1,4.6275,0.0411,0.1758,0.3372,0.1109,0.4156,0.1351,BCC+FCC
1,2.05,4.7,0.047,0.1856,0.341,0.118,0.4194,0.1261,BCC+FCC
1,2.15,4.734,0.0526,0.2032,0.358,0.1128,0.4535,0.1344,BCC+FCC
1,2.15,4.775,0.0459,0.1796,0.3416,0.1083,0.4254,0.1326,BCC+FCC
1,2.1,4.815,0.0489,0.1846,0.3428,0.1155,0.4285,0.1247,BCC+FCC
1,2.15,4.7915,0.0548,0.2055,0.36,0.1135,0.4591,0.1292,BCC+FCC
1,2.15,4.8,0.0464,0.1796,0.3421,0.1087,0.433,0.1318,BCC+FCC
1,2.15,4.694,0.0504,0.1983,0.3565,0.112,0.4549,0.1369,BCC+FCC
1,2.05,4.7175,0.0467,0.1839,0.3416,0.1182,0.4231,0.1266,BCC+FCC
1,2.15,4.825,0.0468,0.1794,0.3425,0.109,0.4376,0.129,BCC+FCC
1,2.15,4.7925,0.0456,0.1779,0.342,0.1084,0.4362,0.1317,BCC+FCC
1,2.15,4.7275,0.0425,0.1737,0.3404,0.1071,0.4333,0.1368,BCC+FCC
1,2.15,4.6625,0.04,0.1674,0.338,0.1056,0.4303,0.1416,BCC+FCC
1,2.1,4.694,0.0518,0.2024,0.3577,0.1182,0.4428,0.128,BCC+FCC
1,2.1,4.7025,0.043,0.1772,0.3405,0.1126,0.4264,0.1326,BCC+FCC
1,2.15,4.8175,0.046,0.1779,0.3424,0.1087,0.4366,0.1271,BCC+FCC
1,2.1,4.695,0.0424,0.1751,0.3403,0.1122,0.4191,0.1307,BCC+FCC
1,2.2,4.599,0.0446,0.1824,0.372,0.1129,0.401,0.1104,BCC+FCC
1,2.2,4.6565,0.0468,0.1868,0.3758,0.1144,0.4156,0.1191,BCC+FCC
1,2.2,4.6815,0.0476,0.1874,0.3773,0.1149,0.4276,0.1254,BCC+FCC
1,2.2,4.6165,0.0446,0.1806,0.3737,0.1132,0.426,0.1293,BCC+FCC
1,2.2,4.739,0.0498,0.1904,0.3799,0.1162,0.4385,0.1267,BCC+FCC
1,2.2,4.7065,0.0484,0.188,0.3786,0.1154,0.4375,0.1289,BCC+FCC
1,2.2,4.674,0.0469,0.1851,0.3771,0.1146,0.4365,0.131,BCC+FCC
1,2.2,4.609,0.0439,0.1776,0.3734,0.1128,0.4345,0.1351,BCC+FCC
1,2.2,4.7315,0.0491,0.1884,0.3797,0.1159,0.4448,0.1298,BCC+FCC
1,2.2,4.699,0.0476,0.1857,0.3784,0.1151,0.4436,0.1321,BCC+FCC
1,2.2,4.634,0.0447,0.1788,0.3752,0.1134,0.4412,0.1366,BCC+FCC
1,2.15,4.609,0.0453,0.183,0.3753,0.1172,0.4379,0.1336,BCC+FCC
1,2.2,4.749,0.0492,0.1867,0.3805,0.116,0.4476,0.1279,BCC+FCC
1,2.2,4.684,0.0462,0.1808,0.378,0.1144,0.4441,0.1332,BCC+FCC
1,2.2,4.7415,0.0485,0.1846,0.3803,0.1157,0.4405,0.1257,BCC+FCC
4,1.9,4.7465,0.0389,0.1783,0.1647,0.1829,0.2525,0.1055,FCC
4,1.95,4.764,0.0366,0.1748,0.1645,0.175,0.261,0.1204,FCC
4,1.95,4.789,0.0367,0.1742,0.1643,0.1746,0.2835,0.1307,FCC
3,1.95,4.7815,0.0356,0.1731,0.1641,0.1748,0.3031,0.1392,FCC
3,1.85,4.699,0.0364,0.1775,0.1643,0.1903,0.3205,0.1381,FCC
4,1.95,4.8715,0.0362,0.1728,0.1625,0.1734,0.3222,0.1393,FCC
4,1.95,4.774,0.0345,0.1718,0.164,0.1749,0.3203,0.1451,FCC
3,1.9,4.7165,0.0341,0.1736,0.1641,0.1832,0.3275,0.145,FCC
3,1.85,4.6915,0.0352,0.1763,0.1642,0.1904,0.3332,0.1428,FCC
4,1.8,4.699,0.0375,0.1793,0.1642,0.1968,0.3376,0.1383,FCC
3,1.8,4.6665,0.0363,0.1789,0.1643,0.197,0.3365,0.1404,FCC
3,1.95,4.864,0.0355,0.172,0.1624,0.1735,0.3374,0.1427,FCC
3,1.95,4.8315,0.0353,0.1719,0.1631,0.174,0.3366,0.1448,FCC
2,1.95,4.799,0.0346,0.1714,0.1636,0.1745,0.3359,0.1469,FCC
2,1.95,4.7665,0.0335,0.1705,0.1639,0.175,0.3351,0.1489,FCC
3,1.95,4.734,0.0318,0.1692,0.1639,0.1754,0.3343,0.1508,FCC
3,1.9,4.774,0.0355,0.1739,0.1637,0.1825,0.3417,0.1442,FCC
4,1.9,4.709,0.0329,0.1722,0.1639,0.1833,0.3398,0.1483,FCC
4,1.85,4.749,0.0364,0.1763,0.1637,0.1899,0.3452,0.1413,FCC
2,1.8,4.6915,0.0365,0.1783,0.1641,0.1968,0.3447,0.1403,FCC
3,1.95,4.889,0.0346,0.1711,0.1614,0.1731,0.3509,0.1421,FCC
3,1.95,4.8565,0.0348,0.1711,0.1623,0.1736,0.35,0.1444,FCC
4,1.95,4.824,0.0345,0.1708,0.163,0.1741,0.3491,0.1466,FCC
1,1.95,4.7915,0.0337,0.1701,0.1635,0.1746,0.3482,0.1488,FCC
4,1.95,4.759,0.0324,0.169,0.1637,0.1751,0.3473,0.1509,FCC
3,1.95,4.7265,0.0306,0.1675,0.1637,0.1755,0.3464,0.153,FCC
4,1.9,4.8965,0.0344,0.1726,0.1603,0.1809,0.3557,0.1362,FCC
1,1.9,4.7665,0.0346,0.1728,0.1635,0.1826,0.3516,0.1455,FCC
4,1.9,4.734,0.0334,0.1719,0.1638,0.183,0.3505,0.1478,FCC
4,1.9,4.7015,0.0317,0.1706,0.1638,0.1833,0.3494,0.1499,FCC
4,1.85,4.7415,0.0355,0.1753,0.1636,0.1899,0.3521,0.1421,FCC
3,1.85,4.709,0.0344,0.1746,0.1638,0.1902,0.3508,0.1444,FCC
4,1.8,4.7165,0.0364,0.1776,0.1637,0.1966,0.3495,0.1383,FCC
4,1.95,4.8815,0.034,0.1703,0.1613,0.1732,0.361,0.142,FCC
4,1.95,4.849,0.0341,0.1702,0.1622,0.1737,0.36,0.1444,FCC
2,1.95,4.8165,0.0337,0.1696,0.1629,0.1742,0.3589,0.1468,FCC
4,1.95,4.784,0.0327,0.1687,0.1633,0.1747,0.3579,0.1491,FCC
2,1.95,4.7515,0.0313,0.1674,0.1636,0.1752,0.3568,0.1513,FCC
3,1.95,4.719,0.0294,0.1656,0.1635,0.1756,0.3557,0.1536,FCC
4,1.9,4.9215,0.0327,0.1714,0.1589,0.1805,0.3645,0.1328,FCC
4,1.9,4.824,0.0347,0.1725,0.1623,0.1819,0.3608,0.1405,FCC
2,1.9,4.7915,0.0344,0.1722,0.1629,0.1823,0.3596,0.143,FCC
2,1.9,4.759,0.0336,0.1715,0.1634,0.1827,0.3583,0.1454,FCC
3,1.9,4.7265,0.0323,0.1704,0.1636,0.183,0.357,0.1477,FCC
4,1.85,4.864,0.0343,0.1739,0.1602,0.1887,0.3614,0.131,FCC
2,1.85,4.7665,0.0352,0.1746,0.163,0.1897,0.357,0.1389,FCC
4,1.85,4.734,0.0345,0.1741,0.1635,0.19,0.3554,0.1414,FCC
4,2,4.7055,0.0357,0.1826,0.2265,0.1846,0.3347,0.1394,FCC
3,1.95,4.6805,0.0369,0.1856,0.2266,0.1918,0.3423,0.1379,FCC
4,2,4.7305,0.0368,0.1826,0.2268,0.1844,0.3498,0.1431,FCC
4,2,4.698,0.0344,0.1808,0.2263,0.1847,0.349,0.145,FCC
2,1.95,4.673,0.0356,0.1839,0.2264,0.1918,0.3544,0.1428,FCC
4,2,4.723,0.0356,0.1809,0.2266,0.1844,0.3617,0.1464,FCC
2,2,4.6905,0.0337,0.1788,0.2262,0.1848,0.3608,0.1485,FCC
4,1.95,4.6655,0.0343,0.1821,0.2262,0.1919,0.3637,0.1458,FCC
4,2,4.748,0.0366,0.1809,0.2268,0.1841,0.372,0.1459,FCC
2,2,4.7155,0.0345,0.179,0.2265,0.1845,0.3709,0.1481,FCC
2,2,4.683,0.0334,0.1767,0.226,0.1849,0.3698,0.1502,FCC
3,1.95,4.6905,0.0356,0.1822,0.2266,0.1917,0.371,0.1448,FCC
2,2,4.708,0.0337,0.1771,0.2263,0.1846,0.377,0.1482,FCC
4,2,4.754,0.038,0.2063,0.2676,0.1985,0.2619,0.1248,FCC
4,2,4.7465,0.0369,0.2053,0.2676,0.1986,0.2832,0.1351,FCC
4,2,4.7715,0.0375,0.2049,0.2656,0.1982,0.3025,0.1407,FCC
4,2,4.7965,0.0379,0.2044,0.2634,0.1978,0.3194,0.1437,FCC
4,1.85,4.689,0.0394,0.2103,0.2656,0.2199,0.3325,0.1379,FCC
3,2,4.724,0.0333,0.2014,0.2678,0.199,0.3316,0.1506,FCC
4,1.95,4.699,0.0344,0.204,0.2678,0.2066,0.3359,0.1478,FCC
4,1.9,4.739,0.0387,0.2077,0.2635,0.2129,0.3401,0.1403,FCC
4,1.9,4.7065,0.0373,0.2072,0.2657,0.2133,0.3389,0.1426,FCC
3,2,4.7165,0.0321,0.1999,0.2678,0.1991,0.3425,0.152,FCC
4,1.95,4.789,0.0379,0.205,0.2612,0.2053,0.3476,0.1418,FCC
4,1.95,4.724,0.0353,0.2038,0.2657,0.2063,0.3453,0.1465,FCC
4,1.9,4.7315,0.0377,0.2068,0.2635,0.213,0.3454,0.1404,FCC
3,2,4.729,0.036,0.1469,0.1843,0.0973,0.2389,0.0976,FCC
3,2,4.7715,0.033,0.1274,0.1756,0.0846,0.2246,0.093,FCC
4,1.95,4.769,0.0395,0.1516,0.1859,0.1075,0.2551,0.0964,FCC
4,1.95,4.7365,0.0386,0.1511,0.1853,0.1076,0.2547,0.0979,FCC
3,1.95,4.704,0.0372,0.1501,0.1844,0.1076,0.2542,0.0994,FCC
1,1.9,4.6915,0.0487,0.1875,0.2025,0.1341,0.2854,0.0987,BCC+FCC
4,1.9,4.7865,0.0355,0.1328,0.1761,0.1043,0.2578,0.0947,FCC
1,1.85,4.774,0.0474,0.1745,0.1961,0.1343,0.2892,0.0933,BCC+FCC
3,2,4.7865,0.0375,0.1475,0.1856,0.0969,0.2635,0.1118,FCC
3,2,4.754,0.0363,0.1466,0.185,0.0971,0.2631,0.1133,FCC
3,2,4.7965,0.0325,0.1265,0.1757,0.0845,0.251,0.1112,FCC
4,2,4.7215,0.0346,0.1451,0.1841,0.0973,0.2626,0.1148,FCC
4,2,4.764,0.0318,0.1259,0.1754,0.0845,0.2506,0.1126,FCC
4,1.95,4.7615,0.0385,0.1504,0.1857,0.1074,0.2766,0.112,FCC
4,1.95,4.804,0.0336,0.1294,0.1759,0.0953,0.2662,0.1105,FCC
4,1.95,4.729,0.0374,0.1497,0.1851,0.1075,0.276,0.1136,FCC
4,1.95,4.7715,0.0335,0.1296,0.1758,0.0951,0.2657,0.1121,FCC
4,1.95,4.6965,0.0359,0.1485,0.1842,0.1075,0.2755,0.1153,FCC
1,1.9,4.7815,0.0516,0.1885,0.2049,0.1332,0.3029,0.1032,BCC+FCC
4,1.9,4.714,0.034,0.1323,0.1756,0.1034,0.278,0.1141,FCC
4,1.85,4.7865,0.0348,0.1335,0.1759,0.1119,0.2907,0.1089,FCC
4,1.85,4.7215,0.0355,0.135,0.176,0.1109,0.2894,0.1125,FCC
3,1.85,4.689,0.0351,0.1352,0.1756,0.1104,0.2888,0.1142,FCC
4,1.8,4.794,0.0351,0.134,0.1756,0.1187,0.3006,0.1064,FCC
3,2,4.779,0.0364,0.1461,0.1854,0.0969,0.2845,0.1237,FCC
2,2,4.7565,0.0306,0.1243,0.1752,0.0844,0.2735,0.1263,FCC
3,1.95,4.829,0.0324,0.1281,0.1757,0.0953,0.2875,0.1211,FCC
4,1.95,4.754,0.0374,0.1491,0.1855,0.1074,0.2953,0.1229,FCC
4,1.95,4.7215,0.0362,0.1482,0.1849,0.1074,0.2946,0.1247,FCC
4,1.95,4.764,0.0324,0.1283,0.1757,0.0949,0.2864,0.1245,FCC
1,1.9,4.7415,0.0498,0.1869,0.2041,0.1336,0.3144,0.1129,BCC+FCC
2,1.9,4.8365,0.0324,0.1297,0.1754,0.1046,0.2989,0.1184,FCC
3,1.9,4.804,0.0332,0.1306,0.1757,0.1043,0.2983,0.1203,FCC
3,1.9,4.7715,0.0336,0.1312,0.1758,0.1039,0.2976,0.1221,FCC
4,1.9,4.739,0.0334,0.1313,0.1757,0.1036,0.297,0.1239,FCC
3,1.9,4.7065,0.0328,0.131,0.1754,0.1032,0.2963,0.1256,FCC
3,1.85,4.8115,0.0334,0.1318,0.1754,0.1122,0.3079,0.1172,FCC
3,1.85,4.779,0.034,0.133,0.1758,0.1117,0.3072,0.1192,FCC
3,1.85,4.6815,0.0339,0.134,0.1755,0.1101,0.3049,0.1248,FCC
2,1.8,4.7865,0.0344,0.1338,0.1755,0.1185,0.3149,0.1156,FCC
2,1.8,4.7215,0.0353,0.1361,0.176,0.1173,0.3131,0.1198,FCC
3,1.8,4.689,0.0354,0.1367,0.1759,0.1166,0.3122,0.1217,FCC
4,1.75,4.664,0.0364,0.1392,0.176,0.1213,0.3164,0.1202,FCC
4,1.75,4.6315,0.0362,0.1396,0.1756,0.1204,0.3153,0.1222,FCC
4,1.7,4.639,0.0374,0.1415,0.176,0.1249,0.3179,0.1183,FCC
2,2,4.8465,0.0308,0.1244,0.1755,0.0844,0.2951,0.131,FCC
4,2,4.7715,0.0353,0.1445,0.1853,0.0969,0.3027,0.1321,FCC
2,2,4.7815,0.0304,0.1236,0.1754,0.0843,0.2941,0.1345,FCC
2,2,4.749,0.0294,0.1225,0.175,0.0842,0.2935,0.1361,FCC
1,1.95,4.7265,0.0463,0.1815,0.2029,0.1242,0.3202,0.1228,BCC+FCC
2,1.95,4.854,0.0309,0.1267,0.1752,0.0953,0.3063,0.1278,FCC
2,1.95,4.8215,0.0316,0.1272,0.1755,0.0952,0.3057,0.1297,FCC
2,1.95,4.789,0.0317,0.1273,0.1756,0.095,0.3051,0.1316,FCC
4,1.95,4.724,0.0305,0.1261,0.1751,0.0945,0.3038,0.1351,FCC
4,1.9,4.819,0.0379,0.151,0.1859,0.1164,0.3206,0.1224,FCC
1,1.9,4.7015,0.0473,0.1844,0.203,0.1339,0.3224,0.12,BCC+FCC
3,1.9,4.829,0.0316,0.1291,0.1753,0.1044,0.3151,0.1261,FCC
4,1.9,4.7965,0.0323,0.1299,0.1756,0.1041,0.3144,0.1281,FCC
4,1.9,4.7215,0.0373,0.1507,0.1854,0.1162,0.3179,0.1287,FCC
4,1.9,4.7315,0.0324,0.1301,0.1756,0.1034,0.3128,0.132,FCC
4,1.9,4.699,0.0316,0.1296,0.1752,0.1029,0.312,0.1338,FCC
4,1.85,4.7065,0.0334,0.1331,0.1756,0.1105,0.3192,0.1303,FCC
3,1.75,4.7215,0.0347,0.1368,0.1758,0.1226,0.327,0.1215,FCC
3,1.75,4.6565,0.0354,0.1384,0.1758,0.121,0.3244,0.126,FCC
4,1.7,4.6965,0.0359,0.1389,0.1758,0.1265,0.3256,0.1187,FCC
2,2,4.8715,0.0295,0.1232,0.175,0.0843,0.3136,0.1357,FCC
4,2,4.7965,0.0353,0.1441,0.1855,0.0966,0.3192,0.1359,FCC
2,2,4.839,0.03,0.1232,0.1753,0.0843,0.313,0.1376,FCC
3,2,4.774,0.0293,0.1219,0.1753,0.0842,0.3117,0.1413,FCC
3,2,4.7415,0.0282,0.1205,0.1748,0.0841,0.3111,0.1431,FCC
2,1.95,4.879,0.0292,0.1251,0.1746,0.0953,0.3229,0.1315,FCC
2,1.95,4.814,0.0307,0.1262,0.1754,0.095,0.3214,0.1356,FCC
4,1.95,4.739,0.0353,0.1462,0.1852,0.1073,0.3249,0.1357,FCC
3,1.95,4.749,0.0303,0.1255,0.1753,0.0946,0.3199,0.1395,FCC
4,1.9,4.7465,0.0371,0.15,0.1857,0.1162,0.33,0.131,FCC
3,1.9,4.789,0.0315,0.129,0.1755,0.1039,0.3278,0.1333,FCC
3,1.9,4.7565,0.0316,0.1291,0.1756,0.1036,0.3269,0.1354,FCC
3,1.9,4.6815,0.035,0.1481,0.1846,0.116,0.3278,0.1354,FCC
3,1.9,4.724,0.0313,0.1288,0.1754,0.1032,0.326,0.1374,FCC
4,1.9,4.6915,0.0304,0.128,0.175,0.1027,0.3251,0.1394,FCC
4,1.85,4.7965,0.0315,0.1309,0.1752,0.1118,0.333,0.1286,FCC
4,1.85,4.7215,0.038,0.1527,0.1857,0.1239,0.3316,0.1281,FCC
3,1.85,4.764,0.0323,0.1316,0.1755,0.1113,0.332,0.1308,FCC
4,1.85,4.7315,0.0325,0.132,0.1756,0.1108,0.3309,0.133,FCC
4,1.85,4.699,0.0323,0.1319,0.1755,0.1102,0.3298,0.1351,FCC
1,2,4.864,0.0288,0.1221,0.1749,0.0842,0.3291,0.1398,FCC
4,2,4.789,0.0343,0.1425,0.1853,0.0966,0.3326,0.1395,FCC
1,2,4.8315,0.0291,0.1219,0.1752,0.0842,0.3284,0.1419,FCC
3,2,4.799,0.0289,0.1213,0.1753,0.0842,0.3276,0.1439,FCC
2,2,4.7665,0.0282,0.1201,0.1751,0.0841,0.3269,0.1459,FCC
3,1.95,4.904,0.0276,0.1235,0.1737,0.0953,0.3372,0.1327,FCC
3,1.95,4.7965,0.0358,0.1465,0.1856,0.1071,0.3376,0.1343,FCC
3,1.95,4.839,0.0295,0.125,0.175,0.0951,0.3355,0.1372,FCC
4,1.95,4.8065,0.0299,0.1251,0.1753,0.0949,0.3346,0.1393,FCC
4,1.95,4.7315,0.0342,0.1445,0.185,0.1072,0.3355,0.1388,FCC
3,1.95,4.774,0.0298,0.1247,0.1753,0.0947,0.3337,0.1414,FCC
4,1.95,4.699,0.0327,0.1427,0.1843,0.1072,0.3344,0.1409,FCC
3,1.95,4.7415,0.0292,0.1238,0.1752,0.0945,0.3328,0.1435,FCC
4,1.95,4.6665,0.0306,0.1405,0.1834,0.1072,0.3333,0.1431,FCC
3,1.95,4.709,0.0281,0.1224,0.1747,0.0942,0.3319,0.1455,FCC
1,1.9,4.784,0.0491,0.1848,0.2046,0.133,0.3345,0.1148,BCC+FCC
1,1.9,4.7515,0.0483,0.184,0.2042,0.1334,0.3328,0.1177,BCC+FCC
4,1.9,4.879,0.0287,0.1257,0.1738,0.1046,0.3416,0.1295,FCC
4,1.9,4.814,0.0302,0.1277,0.175,0.1041,0.3396,0.1342,FCC
3,1.9,4.739,0.0361,0.1487,0.1855,0.1161,0.338,0.1334,FCC
3,1.9,4.7815,0.0307,0.128,0.1753,0.1037,0.3385,0.1365,FCC
2,1.9,4.749,0.0307,0.1279,0.1754,0.1034,0.3375,0.1387,FCC
4,1.9,4.674,0.0338,0.1463,0.1844,0.1159,0.3354,0.138,FCC
3,1.9,4.7165,0.0302,0.1273,0.1752,0.103,0.3364,0.1408,FCC
3,1.9,4.684,0.0293,0.1262,0.1748,0.1025,0.3353,0.1429,FCC
4,1.85,4.6815,0.0362,0.1509,0.1852,0.1235,0.3347,0.1323,FCC
3,1.85,4.724,0.0316,0.1309,0.1755,0.1105,0.3386,0.1356,FCC
3,1.85,4.6915,0.0312,0.1306,0.1753,0.11,0.3373,0.1379,FCC
3,1.8,4.7315,0.0322,0.1333,0.1755,0.1171,0.338,0.1299,FCC
4,1.8,4.699,0.0325,0.1337,0.1755,0.1164,0.3365,0.1323,FCC
4,1.75,4.7065,0.033,0.1357,0.1755,0.122,0.3323,0.1262,FCC
4,2,4.879,0.0342,0.1433,0.1852,0.0958,0.3462,0.1341,FCC
4,2,4.9215,0.0263,0.1203,0.1736,0.084,0.3439,0.1376,FCC
2,2,4.889,0.0275,0.1208,0.1743,0.0841,0.343,0.1399,FCC
3,2,4.814,0.0342,0.142,0.1854,0.0964,0.3441,0.1389,FCC
2,2,4.8565,0.0281,0.1209,0.1748,0.0841,0.3422,0.1421,FCC
1,2,4.824,0.0283,0.1205,0.1751,0.0841,0.3413,0.1443,FCC
3,2,4.749,0.0321,0.1389,0.1847,0.0968,0.342,0.1434,FCC
2,2,4.7915,0.028,0.1195,0.1751,0.0841,0.3404,0.1465,FCC
3,2,4.674,0.0338,0.1508,0.1916,0.1071,0.3399,0.1423,FCC
2,2,4.759,0.0272,0.1181,0.1749,0.084,0.3395,0.1486,FCC
4,2,4.684,0.0281,0.1336,0.183,0.0971,0.3399,0.1478,FCC
4,1.95,4.854,0.0348,0.1459,0.1852,0.1069,0.348,0.1303,FCC
4,1.95,4.864,0.028,0.1236,0.1744,0.0951,0.3471,0.1366,FCC
3,1.95,4.7565,0.0343,0.1441,0.1853,0.1071,0.3443,0.1377,FCC
3,1.95,4.799,0.0291,0.1238,0.1751,0.0948,0.345,0.1412,FCC
2,1.95,4.724,0.0331,0.1426,0.1848,0.1072,0.343,0.1401,FCC
2,1.95,4.7665,0.0289,0.1232,0.1752,0.0946,0.344,0.1434,FCC
3,1.95,4.6915,0.0315,0.1406,0.1841,0.1072,0.3417,0.1424,FCC
3,1.95,4.7015,0.027,0.1203,0.1746,0.094,0.3418,0.1478,FCC
3,1.9,4.8715,0.0276,0.1253,0.1737,0.1045,0.3498,0.1304,FCC
2,1.9,4.839,0.0286,0.1263,0.1744,0.1042,0.3486,0.1329,FCC
2,1.9,4.774,0.0298,0.1269,0.1752,0.1035,0.3461,0.1378,FCC
3,1.9,4.699,0.0341,0.1461,0.1849,0.1159,0.3408,0.1364,FCC
2,1.9,4.7415,0.0297,0.1265,0.1753,0.1032,0.3449,0.1401,FCC
3,1.9,4.709,0.0291,0.1257,0.1751,0.1027,0.3436,0.1424,FCC
3,1.85,4.749,0.0306,0.1298,0.1753,0.1108,0.3441,0.1341,FCC
4,1.85,4.7165,0.0306,0.1297,0.1753,0.1103,0.3425,0.1365,FCC
3,1.8,4.724,0.0314,0.1325,0.1753,0.1168,0.3381,0.1301,FCC
2,2,4.904,0.033,0.1423,0.1846,0.0955,0.3554,0.1311,FCC
4,2,4.9465,0.0243,0.1187,0.1726,0.0838,0.3556,0.1355,FCC
4,2,4.8715,0.0336,0.1421,0.1851,0.0958,0.3542,0.1338,FCC
3,2,4.914,0.0258,0.1195,0.1735,0.0839,0.3546,0.138,FCC
3,2,4.839,0.0337,0.1415,0.1853,0.0961,0.353,0.1363,FCC
3,2,4.8815,0.0269,0.1198,0.1742,0.084,0.3535,0.1404,FCC
1,2,4.849,0.0274,0.1196,0.1747,0.084,0.3525,0.1428,FCC
4,2,4.7315,0.036,0.1545,0.1936,0.1064,0.3467,0.137,FCC
2,2,4.774,0.0324,0.1388,0.185,0.0966,0.3505,0.1413,FCC
3,2,4.8165,0.0275,0.1189,0.1749,0.084,0.3515,0.1451,FCC
2,2,4.7415,0.031,0.1368,0.1845,0.0968,0.3493,0.1437,FCC
3,2,4.784,0.027,0.1176,0.175,0.084,0.3504,0.1474,FCC
4,2,4.7515,0.0261,0.1158,0.1747,0.0839,0.3493,0.1496,FCC
4,1.95,4.9215,0.0252,0.1212,0.1727,0.0952,0.3573,0.1314,FCC
3,1.95,4.889,0.0263,0.1222,0.1736,0.0951,0.3561,0.134,FCC
1,1.95,4.6865,0.0489,0.1875,0.2098,0.1303,0.3159,0.1159,BCC+FCC
4,1.95,4.814,0.0344,0.1445,0.1853,0.1069,0.3514,0.1321,FCC
3,1.95,4.8565,0.0274,0.1227,0.1743,0.095,0.3548,0.1365,FCC
4,1.95,4.824,0.0281,0.1228,0.1747,0.0948,0.3536,0.139,FCC
4,1.95,4.749,0.0333,0.1424,0.1851,0.1071,0.3484,0.1373,FCC
2,1.95,4.7915,0.0282,0.1224,0.175,0.0946,0.3524,0.1414,FCC
4,1.95,4.7165,0.032,0.1406,0.1846,0.1071,0.3469,0.1398,FCC
1,1.95,4.759,0.0279,0.1215,0.175,0.0944,0.3511,0.1438,FCC
2,1.9,4.8965,0.0264,0.1235,0.1727,0.1045,0.356,0.1269,FCC
3,1.9,4.8315,0.028,0.1255,0.1743,0.104,0.3531,0.1323,FCC
4,1.9,4.799,0.0287,0.1258,0.1748,0.1037,0.3516,0.1349,FCC
4,1.9,4.724,0.0342,0.1458,0.1852,0.116,0.3423,0.133,FCC
2,1.9,4.7665,0.029,0.1256,0.1751,0.1034,0.3501,0.1375,FCC
3,1.9,4.734,0.0288,0.125,0.1751,0.103,0.3485,0.14,FCC
2,1.85,4.8065,0.0285,0.128,0.1744,0.1116,0.3475,0.1278,FCC
4,1.85,4.7315,0.0357,0.1497,0.1855,0.1238,0.3336,0.1255,FCC
2,1.85,4.774,0.0294,0.1286,0.1749,0.1111,0.3457,0.1306,FCC
4,1.85,4.7415,0.0298,0.1287,0.1751,0.1106,0.3439,0.1332,FCC
4,1.8,4.739,0.0364,0.1525,0.1855,0.1307,0.3195,0.1174,FCC
1,2.05,4.698,0.0493,0.1904,0.2543,0.1266,0.2997,0.0981,BCC+FCC
3,2.05,4.728,0.0353,0.1423,0.2345,0.0975,0.2682,0.0942,FCC
1,2,4.758,0.0438,0.1657,0.2434,0.1187,0.2935,0.0947,BCC+FCC
1,2,4.6505,0.0422,0.1774,0.2468,0.1284,0.3008,0.1004,BCC+FCC
1,1.95,4.6905,0.0481,0.1838,0.2495,0.1363,0.3111,0.0968,BCC+FCC
1,1.9,4.7405,0.0464,0.1707,0.2441,0.1333,0.314,0.0935,BCC+FCC
1,1.85,4.6505,0.0458,0.1728,0.2429,0.1381,0.3194,0.0973,BCC+FCC
1,1.8,4.7555,0.0474,0.1732,0.2446,0.1449,0.328,0.0873,BCC+FCC
1,2.05,4.7755,0.0417,0.1615,0.2431,0.1097,0.3011,0.1096,BCC+FCC
4,2,4.6955,0.0353,0.144,0.2344,0.1056,0.3019,0.1133,FCC
1,1.95,4.7155,0.0487,0.1835,0.2503,0.1362,0.3259,0.1066,BCC+FCC
1,1.95,4.683,0.0469,0.1824,0.2493,0.1362,0.325,0.1087,BCC+FCC
1,1.9,4.798,0.0454,0.1693,0.2444,0.1337,0.3297,0.1013,BCC+FCC
1,1.85,4.708,0.0463,0.1721,0.244,0.1388,0.3326,0.1043,BCC+FCC
1,1.8,4.7155,0.0472,0.1737,0.2444,0.1441,0.3359,0.1001,BCC+FCC
1,1.8,4.683,0.0472,0.1742,0.244,0.1436,0.3347,0.1025,BCC+FCC
1,1.75,4.6905,0.048,0.1755,0.2444,0.1482,0.3353,0.0977,BCC+FCC
1,2.05,4.683,0.0479,0.1861,0.2538,0.1267,0.3298,0.1193,BCC+FCC
4,2.05,4.8105,0.0364,0.1422,0.2359,0.0978,0.3109,0.1206,FCC
4,2.05,4.7455,0.0344,0.1402,0.2349,0.0974,0.3099,0.124,FCC
4,2.05,4.713,0.0327,0.1385,0.2342,0.0972,0.3094,0.1256,FCC
1,2,4.7005,0.0446,0.1777,0.2491,0.1282,0.3319,0.1187,BCC+FCC
4,2,4.688,0.034,0.1422,0.2342,0.1054,0.3193,0.1252,FCC
1,1.95,4.643,0.0433,0.179,0.2479,0.1361,0.3352,0.119,BCC+FCC
1,2.05,4.708,0.0487,0.1866,0.2551,0.1264,0.3419,0.1229,BCC+FCC
4,2.05,4.803,0.0354,0.1409,0.2357,0.0977,0.3282,0.1295,FCC
4,2.05,4.7705,0.0346,0.1399,0.2354,0.0975,0.3276,0.1313,FCC
4,2.05,4.738,0.0333,0.1384,0.2348,0.0973,0.327,0.1331,FCC
3,2.05,4.7055,0.0314,0.1363,0.234,0.097,0.3264,0.1348,FCC
4,2,4.7455,0.0356,0.1431,0.2354,0.106,0.3357,0.1299,FCC
1,1.95,4.798,0.0496,0.1832,0.2518,0.136,0.3492,0.1124,BCC+FCC
1,1.95,4.7655,0.0491,0.1827,0.2514,0.1361,0.348,0.115,BCC+FCC
1,1.95,4.668,0.0445,0.1791,0.249,0.1361,0.3444,0.1222,BCC+FCC
3,1.95,4.688,0.0355,0.1452,0.2349,0.1125,0.3409,0.1301,FCC
4,1.9,4.6305,0.0351,0.1472,0.2342,0.1174,0.3435,0.1303,FCC
3,2,4.7705,0.0354,0.1425,0.2357,0.1061,0.3493,0.1334,FCC
4,2,4.7055,0.0332,0.1401,0.2347,0.1054,0.3475,0.1374,FCC
4,2,4.673,0.0313,0.1381,0.2339,0.1049,0.3466,0.1394,FCC
3,1.95,4.713,0.0355,0.1447,0.2353,0.1128,0.3521,0.1331,FCC
4,1.95,4.6805,0.0343,0.1436,0.2348,0.1122,0.351,0.1352,FCC
4,1.95,4.648,0.0326,0.1419,0.234,0.1116,0.3499,0.1372,FCC
4,2.05,4.853,0.0342,0.1393,0.2357,0.0977,0.3575,0.1351,FCC
1,2.05,4.693,0.0473,0.1819,0.2547,0.1265,0.3548,0.1277,BCC+FCC
4,2.05,4.788,0.0335,0.1377,0.2355,0.0974,0.3558,0.1395,FCC
4,2.05,4.7555,0.0325,0.1362,0.2351,0.0972,0.3549,0.1415,FCC
3,2.05,4.723,0.0309,0.1342,0.2344,0.0969,0.3541,0.1436,FCC
4,2.05,4.6905,0.0288,0.1315,0.2336,0.0966,0.3531,0.1456,FCC
4,2,4.828,0.0349,0.1421,0.2357,0.1066,0.3615,0.1321,FCC
1,1.95,4.6855,0.0444,0.1774,0.2496,0.136,0.3511,0.1238,BCC+FCC
2,1.95,4.7705,0.0357,0.1446,0.2358,0.1136,0.3617,0.1312,FCC
4,1.95,4.738,0.0353,0.1441,0.2356,0.1131,0.3605,0.1336,FCC
2,1.95,4.673,0.0331,0.1417,0.2346,0.112,0.3579,0.1381,FCC
4,2.05,4.8455,0.0335,0.1381,0.2356,0.0976,0.3678,0.1369,FCC
3,2.05,4.7805,0.0326,0.136,0.2353,0.0973,0.3657,0.1415,FCC
2,2.05,4.7155,0.0297,0.1318,0.2343,0.0968,0.3636,0.1459,FCC
4,2.05,4.683,0.0275,0.1288,0.2334,0.0965,0.3625,0.148,FCC
1,2,4.703,0.0424,0.1721,0.2494,0.128,0.3568,0.1276,BCC+FCC
3,2,4.723,0.0324,0.1379,0.235,0.1054,0.3653,0.1404,FCC
2,2,4.6905,0.0308,0.1359,0.2343,0.105,0.364,0.1427,FCC
3,1.95,4.698,0.0334,0.1415,0.235,0.1123,0.3627,0.1369,FCC
1,2.05,4.7105,0.0473,0.1802,0.2556,0.1263,0.3525,0.1226,BCC+FCC
1,2.05,4.7405,0.0303,0.1319,0.2347,0.0969,0.3713,0.1442,FCC
3,2.05,4.708,0.0285,0.1292,0.2341,0.0966,0.37,0.1465,FCC
3,2,4.748,0.0325,0.1377,0.2352,0.1056,0.37,0.138,FCC
4,2,4.7155,0.0313,0.1359,0.2348,0.1052,0.3685,0.1404,FCC
2,1.95,4.723,0.0334,0.1411,0.2353,0.1126,0.3635,0.1338,FCC
1,2.1,4.5995,0.044,0.1773,0.289,0.1305,0.3229,0.1012,BCC+FCC
1,2.05,4.7145,0.0463,0.1773,0.2905,0.1282,0.327,0.0944,BCC+FCC
1,2,4.6895,0.0474,0.1801,0.2905,0.1347,0.3355,0.0947,BCC+FCC
1,1.95,4.697,0.05,0.1835,0.2916,0.1406,0.3428,0.0924,BCC+FCC
1,1.95,4.6745,0.044,0.1662,0.2846,0.1262,0.3369,0.0953,BCC+FCC
1,1.85,4.722,0.0472,0.17,0.2862,0.1357,0.3503,0.0882,BCC+FCC
1,1.85,4.6895,0.0473,0.1707,0.2859,0.1347,0.3493,0.0905,BCC+FCC
1,2.05,4.772,0.0483,0.178,0.292,0.1285,0.3437,0.1043,BCC+FCC
1,2.05,4.782,0.0428,0.1609,0.2855,0.1164,0.3367,0.1058,BCC+FCC
1,2.05,4.717,0.0406,0.1592,0.2843,0.1155,0.3356,0.1094,BCC+FCC
1,2,4.682,0.0462,0.1786,0.2904,0.1345,0.3486,0.1074,BCC+FCC
1,1.95,4.6995,0.044,0.1656,0.2851,0.1267,0.3506,0.1065,BCC+FCC
1,1.85,4.6495,0.046,0.1703,0.2853,0.1332,0.3562,0.1039,BCC+FCC
1,1.8,4.6895,0.0471,0.1714,0.2862,0.1375,0.3576,0.097,BCC+FCC
1,2.1,4.7145,0.0485,0.1852,0.2957,0.1301,0.354,0.1164,BCC+FCC
1,2.05,4.807,0.0424,0.1601,0.2858,0.1166,0.3525,0.1145,BCC+FCC
1,2.05,4.7745,0.0419,0.1597,0.2854,0.1162,0.3518,0.1165,BCC+FCC
1,2,4.7395,0.0482,0.1794,0.2919,0.135,0.3612,0.1117,BCC+FCC
1,2,4.707,0.0469,0.1784,0.2912,0.1347,0.3602,0.114,BCC+FCC
1,1.95,4.7895,0.0437,0.1645,0.2861,0.1285,0.364,0.1088,BCC+FCC
1,1.95,4.757,0.044,0.1648,0.2859,0.1279,0.3631,0.1112,BCC+FCC
1,1.9,4.7645,0.0444,0.1665,0.2861,0.1327,0.366,0.1065,BCC+FCC
1,1.9,4.732,0.0447,0.167,0.2859,0.1319,0.3648,0.1089,BCC+FCC
1,1.8,4.682,0.0463,0.1709,0.2861,0.137,0.3587,0.1034,BCC+FCC
1,2.1,4.8245,0.0408,0.1563,0.2856,0.1091,0.3591,0.1238,BCC+FCC
1,2.05,4.757,0.0464,0.1753,0.2917,0.1283,0.3675,0.1199,BCC+FCC
1,2,4.7645,0.0482,0.1789,0.2924,0.1352,0.3703,0.1148,BCC+FCC
1,1.95,4.6745,0.0468,0.1798,0.2911,0.14,0.3663,0.1168,BCC+FCC
1,1.85,4.6995,0.0447,0.1684,0.2859,0.1346,0.3643,0.1108,BCC+FCC
1,2.1,4.6995,0.047,0.1808,0.2953,0.13,0.3722,0.1263,BCC+FCC
1,2.1,4.6345,0.0441,0.1737,0.2921,0.1302,0.3698,0.1309,BCC+FCC
1,2.05,4.8145,0.0473,0.1759,0.2926,0.1285,0.3775,0.1188,BCC+FCC
1,2.05,4.782,0.0466,0.175,0.2922,0.1283,0.3763,0.1213,BCC+FCC
1,2,4.7895,0.048,0.1783,0.2926,0.1353,0.3764,0.1153,BCC+FCC
1,2.1,4.692,0.0463,0.1784,0.2951,0.13,0.3763,0.1281,BCC+FCC
1,2.1,4.6595,0.0448,0.1748,0.2936,0.1301,0.3748,0.1305,BCC+FCC
1,2,4.782,0.0473,0.1772,0.2925,0.1351,0.3773,0.1162,BCC+FCC
1,2.1,4.7595,0.0426,0.167,0.2912,0.1204,0.3851,0.1298,BCC+FCC
1,2.05,4.767,0.0449,0.1721,0.2919,0.1281,0.3811,0.1229,BCC+FCC
1,2,4.742,0.0457,0.175,0.2919,0.1347,0.371,0.1182,BCC+FCC
1,2.1,4.742,0.0478,0.1797,0.297,0.1297,0.3748,0.1207,BCC+FCC
1,2.05,4.7595,0.0441,0.1704,0.2917,0.128,0.3761,0.1211,BCC+FCC
1,2,4.696,0.0493,0.1797,0.3288,0.1333,0.3658,0.0904,BCC+FCC
1,1.85,4.686,0.0529,0.1857,0.3303,0.1417,0.373,0.082,BCC+FCC
1,2.15,4.6985,0.041,0.1665,0.3264,0.1174,0.3569,0.1087,BCC+FCC
1,2,4.6885,0.0482,0.1785,0.3287,0.1329,0.3761,0.1028,BCC+FCC
1,1.9,4.7035,0.0513,0.1833,0.3301,0.14,0.3788,0.0942,BCC+FCC
1,2.15,4.7885,0.0456,0.17,0.3291,0.1186,0.3732,0.1142,BCC+FCC
1,2.1,4.7535,0.0519,0.1885,0.3347,0.137,0.3824,0.1093,BCC+FCC
1,2.05,4.7285,0.0528,0.1912,0.3348,0.1427,0.3841,0.1069,BCC+FCC
1,1.95,4.6885,0.0492,0.1804,0.3294,0.1364,0.3832,0.1063,BCC+FCC
1,1.9,4.696,0.0505,0.1826,0.33,0.1396,0.3797,0.1008,BCC+FCC
1,2.15,4.8135,0.0458,0.1697,0.3296,0.1188,0.3864,0.1196,BCC+FCC
1,2.15,4.796,0.0508,0.184,0.3352,0.1303,0.3971,0.1191,BCC+FCC
1,2.15,4.8385,0.0457,0.1693,0.3299,0.119,0.3973,0.122,BCC+FCC
1,2.15,4.6885,0.0515,0.1904,0.3369,0.1397,0.3914,0.1208,BCC+FCC
1,2,4.544,0.0319,0.1223,0.1696,0.1802,0.2055,0.1495,FCC
1,2,4.5965,0.0333,0.1225,0.1702,0.173,0.2061,0.1435,FCC
4,2,4.5515,0.0271,0.1134,0.1664,0.1603,0.2058,0.1368,FCC
1,1.95,4.7015,0.0346,0.1218,0.1702,0.1548,0.2515,0.1508,FCC
1,1.95,4.459,0.0296,0.1228,0.1683,0.1813,0.2464,0.1807,FCC
1,1.95,4.564,0.0332,0.1244,0.1701,0.1719,0.2489,0.1675,FCC
1,2,4.509,0.0298,0.1183,0.1698,0.1859,0.2555,0.1938,FCC
1,2,4.5615,0.0316,0.1198,0.1706,0.1807,0.2567,0.1871,FCC
1,2,4.654,0.0302,0.1136,0.1689,0.1506,0.2591,0.1649,FCC
1,2,4.569,0.0268,0.1107,0.1675,0.1606,0.2576,0.1739,FCC
1,1.95,4.5165,0.034,0.1272,0.1715,0.1845,0.2683,0.1956,FCC
1,1.95,4.569,0.0352,0.1273,0.1719,0.1804,0.2698,0.1885,FCC
1,1.95,4.5365,0.0329,0.1246,0.1707,0.1788,0.2692,0.1891,FCC
1,1.95,4.589,0.0339,0.1244,0.171,0.1728,0.2707,0.1815,FCC
1,1.95,4.694,0.0336,0.1204,0.1701,0.1544,0.2734,0.1644,FCC
1,1.95,4.4515,0.0285,0.1192,0.1679,0.1806,0.267,0.1965,FCC
1,1.95,4.5565,0.0318,0.1219,0.1698,0.1713,0.2701,0.1822,FCC
1,1.95,4.524,0.0292,0.1187,0.1684,0.1698,0.2695,0.1828,FCC
1,1.95,4.629,0.0314,0.1179,0.169,0.1522,0.2723,0.1662,FCC
4,1.95,4.7215,0.0286,0.1075,0.1661,0.1036,0.2749,0.1376,FCC
1,2,4.704,0.0354,0.1235,0.1725,0.1765,0.2803,0.1894,FCC
1,2,4.5665,0.0339,0.1229,0.1725,0.1886,0.2769,0.2056,FCC
1,2,4.744,0.0321,0.116,0.17,0.153,0.2818,0.1734,FCC
1,2,4.574,0.0291,0.1141,0.1695,0.1716,0.2781,0.1926,FCC
4,2,4.594,0.0279,0.1112,0.1686,0.1614,0.2789,0.1852,FCC
1,2,4.6465,0.0289,0.1111,0.1687,0.1502,0.2803,0.1765,FCC
4,2,4.804,0.0271,0.103,0.166,0.0978,0.2838,0.1454,FCC
4,2,4.7715,0.0269,0.1026,0.166,0.0972,0.2834,0.1468,FCC
1,1.95,4.6665,0.034,0.1224,0.1711,0.1655,0.2915,0.183,FCC
1,1.95,4.719,0.0329,0.1195,0.1701,0.1551,0.2931,0.1736,FCC
1,1.95,4.6865,0.0325,0.1187,0.1699,0.154,0.2925,0.1747,FCC
1,1.95,4.549,0.0304,0.1191,0.1696,0.1708,0.2885,0.1935,FCC
1,1.9,4.6415,0.035,0.1259,0.1712,0.1654,0.3005,0.1832,FCC
1,1.9,4.504,0.0328,0.1265,0.1706,0.1751,0.2954,0.2014,FCC
1,1.9,4.609,0.034,0.1248,0.1706,0.164,0.2997,0.1843,FCC
1,2,4.6115,0.0334,0.1205,0.1723,0.1825,0.2963,0.2075,FCC
1,2,4.5265,0.0298,0.1157,0.1709,0.1864,0.2938,0.2162,FCC
4,2,4.494,0.0276,0.1106,0.1692,0.1847,0.293,0.217,FCC
4,2,4.514,0.0262,0.1084,0.1685,0.1781,0.2942,0.2101,FCC
1,2,4.5665,0.0276,0.1108,0.1692,0.1712,0.296,0.202,FCC
1,2,4.6715,0.0292,0.111,0.1692,0.1508,0.2994,0.1841,FCC
4,2,4.7315,0.0251,0.0995,0.1657,0.0964,0.3021,0.1563,FCC
1,1.95,4.5865,0.0345,0.125,0.1724,0.1809,0.3044,0.2077,FCC
1,1.95,4.6065,0.0331,0.122,0.1714,0.1732,0.3057,0.2001,FCC
1,1.95,4.7115,0.032,0.118,0.1699,0.1547,0.3097,0.1812,FCC
1,1.95,4.5215,0.0301,0.1187,0.1702,0.1776,0.3027,0.2096,FCC
4,1.95,4.739,0.0268,0.1048,0.166,0.1038,0.3123,0.1537,FCC
4,1.95,4.7065,0.0262,0.1039,0.1658,0.103,0.3116,0.1553,FCC
1,1.9,4.6665,0.0345,0.1252,0.1713,0.1663,0.3153,0.1892,FCC
3,1.9,4.6815,0.0273,0.1079,0.1658,0.1082,0.3192,0.154,FCC
1,2,4.794,0.0303,0.114,0.1694,0.154,0.3183,0.1851,FCC
1,2,4.5515,0.0313,0.1166,0.172,0.1875,0.3094,0.223,FCC
1,2,4.624,0.0308,0.1149,0.1711,0.1733,0.3129,0.207,FCC
1,2,4.6765,0.0309,0.1143,0.1706,0.1639,0.3149,0.1977,FCC
1,2,4.729,0.0301,0.1124,0.1697,0.1523,0.3168,0.1878,FCC
3,2,4.789,0.0252,0.0998,0.1657,0.0973,0.3201,0.1588,FCC
3,2,4.7565,0.0248,0.0988,0.1657,0.0967,0.3194,0.1605,FCC
2,2,4.724,0.0239,0.0971,0.1655,0.0961,0.3188,0.1621,FCC
1,1.95,4.579,0.0333,0.1225,0.1722,0.1804,0.3173,0.2142,FCC
1,1.95,4.6315,0.0334,0.1218,0.1719,0.1742,0.3198,0.2051,FCC
1,1.95,4.704,0.031,0.1163,0.1698,0.1543,0.3237,0.1867,FCC
1,1.95,4.6715,0.0303,0.115,0.1695,0.1532,0.3228,0.1881,FCC
4,1.95,4.764,0.0261,0.1037,0.1658,0.1042,0.3278,0.157,FCC
2,1.95,4.699,0.025,0.1018,0.1656,0.1026,0.3261,0.1605,FCC
2,1.9,4.674,0.0261,0.1061,0.1657,0.1078,0.3314,0.1586,FCC
1,1.85,4.6865,0.0328,0.1234,0.1699,0.157,0.3316,0.1823,FCC
1,1.8,4.694,0.0329,0.1258,0.1697,0.1579,0.3322,0.1789,FCC
1,2,4.5965,0.031,0.1147,0.1719,0.1815,0.3241,0.2199,FCC
3,2,4.7815,0.0242,0.0979,0.1656,0.097,0.3346,0.1624,FCC
4,2,4.749,0.0237,0.0966,0.1656,0.0964,0.3338,0.1642,FCC
4,2,4.7165,0.0227,0.0945,0.1653,0.0958,0.333,0.166,FCC
1,1.95,4.624,0.0323,0.1196,0.1717,0.1737,0.3302,0.2095,FCC
4,1.95,4.789,0.025,0.1025,0.1654,0.1046,0.3409,0.1581,FCC
3,1.95,4.7565,0.0251,0.1021,0.1656,0.1039,0.34,0.1601,FCC
1,1.9,4.704,0.0312,0.119,0.1697,0.1562,0.338,0.1871,FCC
4,1.9,4.7315,0.026,0.1059,0.1657,0.1093,0.3429,0.1575,FCC
1,1.85,4.679,0.032,0.1222,0.1697,0.1565,0.337,0.185,FCC
4,1.85,4.7065,0.0269,0.1094,0.1658,0.1136,0.343,0.1547,FCC
1,2,4.6215,0.0318,0.1152,0.1725,0.1824,0.3349,0.2224,FCC
4,2,4.839,0.023,0.0974,0.1648,0.0979,0.3484,0.1604,FCC
3,2,4.8065,0.0234,0.0969,0.1652,0.0973,0.3475,0.1624,FCC
4,2,4.774,0.0233,0.0958,0.1654,0.0968,0.3465,0.1644,FCC
2,2,4.7415,0.0226,0.0941,0.1654,0.0962,0.3456,0.1663,FCC
2,2,4.709,0.0215,0.0916,0.1651,0.0955,0.3446,0.1682,FCC
4,1.95,4.8465,0.0227,0.1006,0.1641,0.1056,0.3526,0.1553,FCC
2,1.95,4.749,0.0241,0.1002,0.1655,0.1036,0.3493,0.1615,FCC
4,1.95,4.7165,0.0236,0.0989,0.1655,0.1028,0.3481,0.1635,FCC
4,1.9,4.789,0.0244,0.1045,0.1649,0.1107,0.3519,0.1542,FCC
3,1.9,4.7565,0.0249,0.1047,0.1653,0.1099,0.3506,0.1563,FCC
4,1.9,4.724,0.025,0.1043,0.1656,0.109,0.3492,0.1585,FCC
4,1.85,4.7315,0.0257,0.1081,0.1654,0.1142,0.3474,0.153,FCC
1,2.05,4.5005,0.0324,0.1324,0.2275,0.1791,0.2512,0.1528,FCC
1,2.05,4.5455,0.032,0.1313,0.2286,0.1728,0.2747,0.1663,FCC
1,2.05,4.5855,0.0301,0.1267,0.2275,0.1527,0.2758,0.1516,FCC
1,2.05,4.498,0.0336,0.1318,0.2292,0.1852,0.2928,0.1946,FCC
1,2.05,4.538,0.0311,0.1281,0.2283,0.1723,0.2945,0.1813,FCC
1,2.05,4.578,0.0285,0.1237,0.2273,0.1523,0.296,0.1663,FCC
1,2,4.4405,0.0322,0.1324,0.2274,0.1786,0.3016,0.1971,FCC
1,2.05,4.6355,0.0323,0.1274,0.2295,0.1542,0.315,0.1753,FCC
1,2,4.4855,0.0324,0.1319,0.2287,0.1759,0.3183,0.2008,FCC
1,2,4.558,0.0324,0.1315,0.2291,0.1635,0.3217,0.1848,FCC
1,2.05,4.483,0.0312,0.1242,0.2287,0.1839,0.3239,0.2162,FCC
1,2.05,4.503,0.0303,0.1226,0.2283,0.1784,0.3253,0.2091,FCC
1,2.05,4.5755,0.0296,0.1235,0.2288,0.1636,0.3286,0.1929,FCC
1,2.05,4.628,0.031,0.1248,0.2293,0.1538,0.3306,0.1834,FCC
1,2.05,4.5955,0.0285,0.1212,0.2282,0.1526,0.3298,0.1846,FCC
2,1.75,4.609,0.1024,0.4501,0.2421,0.2467,0.5656,0.136,IM
3,1.75,4.468,0.1088,0.5684,0.3073,0.2572,0.6191,0.1271,IM
3,1.8,4.463,0.1097,0.551,0.3132,0.258,0.6017,0.1287,IM
4,1.75,4.498,0.1049,0.5199,0.3051,0.2609,0.5857,0.1317,IM
4,1.8,4.493,0.1037,0.5013,0.3099,0.2597,0.5698,0.1331,IM
3,1.75,4.5005,0.1069,0.5085,0.3065,0.2687,0.5837,0.1271,IM
4,1.8,4.5155,0.1028,0.5127,0.3053,0.2505,0.5917,0.136,IM
3,1.8,4.488,0.1109,0.5528,0.3097,0.257,0.6211,0.1251,IM
2,1.8,4.5405,0.104,0.5149,0.302,0.2495,0.6133,0.1329,IM
4,1.85,4.5355,0.1029,0.4968,0.307,0.2487,0.5957,0.1345,IM
2,1.8,4.5955,0.0992,0.4671,0.2935,0.2511,0.6015,0.135,IM
2,1.85,4.5905,0.0976,0.4473,0.2974,0.2482,0.5837,0.1366,IM
2,1.85,4.4795,0.0982,0.5106,0.3541,0.2624,0.6036,0.1319,IM
2,1.9,4.4745,0.0978,0.4943,0.3583,0.2612,0.5879,0.1334,IM
3,1.9,4.4995,0.0988,0.4966,0.3555,0.2603,0.6079,0.1316,IM
2,1.85,4.6195,0.082,0.361,0.3191,0.262,0.5464,0.1411,IM
2,1.8,4.5005,0.0975,0.4613,0.2738,0.252,0.6659,0.1487,IM
3,1.75,4.6255,0.0884,0.3673,0.2562,0.2608,0.5853,0.1412,IM
2,1.85,4.5795,0.0835,0.3748,0.309,0.2612,0.5827,0.1485,IM
3,1.75,4.592,0.0885,0.4043,0.3104,0.2734,0.6096,0.1416,IM
1,1.85,4.592,0.0413,0.1916,0.2268,0.1182,0.3836,0.1405,BCC+FCC
1,2,4.573,0.0455,0.183,0.2173,0.1167,0.3548,0.1405,BCC+FCC
1,1.75,4.6305,0.0462,0.1878,0.2131,0.1397,0.345,0.1222,BCC+FCC
1,1.95,4.6155,0.0429,0.1815,0.2158,0.1194,0.3617,0.1389,BCC+FCC
1,1.9,4.6345,0.0409,0.1867,0.2277,0.1106,0.3939,0.1427,BCC+FCC
1,1.85,4.642,0.043,0.1919,0.229,0.1185,0.3891,0.1361,BCC+FCC
4,1.95,4.6605,0.0309,0.1529,0.2024,0.098,0.3722,0.1486,FCC
1,1.9,4.6595,0.0414,0.187,0.2287,0.1107,0.3944,0.1386,BCC+FCC
4,1.9,4.668,0.0344,0.1589,0.2035,0.1068,0.3708,0.1425,FCC
1,1.95,4.6655,0.0442,0.1831,0.2186,0.1189,0.3595,0.1302,BCC+FCC
1,1.95,4.667,0.0469,0.1948,0.2353,0.1121,0.3888,0.1322,BCC+FCC
1,1.95,4.677,0.0405,0.1816,0.2284,0.1016,0.3996,0.1404,BCC+FCC
4,1.95,4.6855,0.0321,0.1532,0.2032,0.098,0.3765,0.1453,FCC
1,1.9,4.673,0.046,0.1893,0.22,0.128,0.345,0.1219,BCC+FCC
1,1.75,4.537,0.0464,0.189,0.2564,0.1344,0.356,0.1111,BCC+FCC
1,1.7,4.5445,0.0496,0.1918,0.2577,0.1375,0.3556,0.1072,BCC+FCC
1,1.75,4.562,0.047,0.1885,0.2574,0.1351,0.3615,0.1163,BCC+FCC
1,1.9,4.5545,0.0436,0.1897,0.2598,0.135,0.3665,0.1287,BCC+FCC
1,1.8,4.5795,0.0445,0.1849,0.2572,0.1318,0.3674,0.1237,BCC+FCC
1,1.85,4.597,0.042,0.1807,0.2569,0.1276,0.3731,0.13,BCC+FCC
1,1.75,4.612,0.0475,0.1874,0.2589,0.1364,0.3603,0.1182,BCC+FCC
1,1.95,4.622,0.0437,0.185,0.2624,0.1286,0.3782,0.1331,BCC+FCC
1,2,4.6395,0.0426,0.1788,0.2621,0.1209,0.3835,0.1363,BCC+FCC
1,1.85,4.672,0.0437,0.1799,0.259,0.1288,0.3605,0.1217,BCC+FCC
1,2.05,4.647,0.0468,0.1844,0.2674,0.1211,0.378,0.1309,BCC+FCC
1,2,4.666,0.0459,0.1914,0.2778,0.1129,0.4077,0.1335,BCC+FCC
1,1.85,4.6885,0.0519,0.2063,0.281,0.1338,0.3342,0.1058,BCC+FCC
1,1.75,4.712,0.0454,0.184,0.2598,0.1386,0.2567,0.0939,BCC+FCC
1,2.05,4.5535,0.045,0.1845,0.3014,0.1303,0.3921,0.1353,BCC+FCC
1,2.1,4.6475,0.0484,0.1925,0.3193,0.115,0.425,0.1342,BCC+FCC
1,1.9,4.686,0.0487,0.1913,0.3058,0.1358,0.3237,0.106,BCC+FCC
1,1.65,4.5255,0.0445,0.1675,0.1976,0.1379,0.3309,0.1381,BCC+FCC
1,1.65,4.5755,0.0434,0.1654,0.1985,0.1403,0.3435,0.1484,BCC+FCC
1,1.95,4.5835,0.043,0.1926,0.2409,0.1166,0.4163,0.1659,BCC+FCC
1,1.7,4.6295,0.0466,0.1891,0.2242,0.1362,0.3724,0.1404,BCC+FCC
1,1.7,4.6345,0.0479,0.191,0.2254,0.15,0.3567,0.1498,BCC+FCC
1,1.7,4.6545,0.0461,0.1882,0.2244,0.1369,0.3619,0.1364,BCC+FCC
1,1.65,4.662,0.0467,0.1896,0.2247,0.1397,0.3387,0.1289,BCC+FCC
1,2,4.626,0.0424,0.1869,0.2422,0.1092,0.4283,0.1666,BCC+FCC
1,1.65,4.687,0.0455,0.1884,0.2245,0.1405,0.3076,0.1221,BCC+FCC
1,1.7,4.5595,0.0466,0.1772,0.2524,0.1302,0.3605,0.1292,BCC+FCC
1,1.7,4.6095,0.0455,0.1752,0.2532,0.1326,0.3576,0.1325,BCC+FCC
1,2.05,4.565,0.0451,0.1923,0.285,0.1186,0.4352,0.1662,BCC+FCC
1,1.9,4.671,0.0456,0.1903,0.2744,0.132,0.3877,0.1405,BCC+FCC
2,1.85,4.6665,0.0373,0.1888,0.1745,0.1946,0.3463,0.1406,FCC
2,1.9,4.684,0.0352,0.1841,0.1742,0.1871,0.3522,0.1436,FCC
4,1.9,4.674,0.0319,0.1711,0.1649,0.2002,0.3533,0.1621,FCC
1,1.95,4.649,0.0265,0.121,0.1748,0.1176,0.3387,0.1615,FCC
3,1.9,4.6565,0.0294,0.1275,0.1757,0.1239,0.3399,0.1568,FCC
4,2,4.6565,0.0283,0.1329,0.1836,0.1225,0.3443,0.1604,FCC
2,1.95,4.674,0.0271,0.1211,0.1754,0.1179,0.3461,0.1605,FCC
4,1.85,4.689,0.0313,0.1319,0.1764,0.1299,0.3386,0.1491,FCC
3,1.75,4.589,0.1199,0.5584,0.2464,0.2421,0.6091,0.1212,IM
3,1.7,4.588,0.1178,0.5226,0.2955,0.2742,0.5576,0.1117,IM
2,1.75,4.588,0.1105,0.5304,0.2945,0.2572,0.607,0.1243,IM
2,1.8,4.6155,0.112,0.5131,0.2962,0.255,0.5898,0.1232,IM
3,1.7,4.563,0.1115,0.5335,0.2944,0.2679,0.6223,0.1198,IM
2,1.8,4.608,0.1108,0.5112,0.2964,0.2554,0.6092,0.1216,IM
3,1.8,4.5695,0.1109,0.5226,0.3454,0.2756,0.5756,0.1118,IM
1,2.05,4.867,0.05,0.1891,0.2672,0.1111,0.3938,0.1257,BCC+FCC
1,2.05,4.902,0.0425,0.1721,0.2596,0.1009,0.4014,0.1294,BCC+FCC
1,2,4.877,0.043,0.1744,0.2596,0.1104,0.4001,0.1249,BCC+FCC
1,1.85,4.802,0.0443,0.1804,0.2598,0.1312,0.3709,0.1091,BCC+FCC
1,2.1,4.8175,0.0565,0.2089,0.3255,0.1155,0.4409,0.1232,BCC+FCC
1,2.1,4.8585,0.0484,0.1842,0.3065,0.1126,0.419,0.1255,BCC+FCC
1,2.1,4.81,0.0558,0.2073,0.3254,0.1155,0.4356,0.1193,BCC+FCC
1,2.1,4.851,0.0478,0.1829,0.3064,0.1125,0.419,0.1231,BCC+FCC
1,1.95,4.776,0.0495,0.1903,0.3066,0.1326,0.3686,0.1055,BCC+FCC
1,1.65,4.712,0.0512,0.1926,0.2262,0.1554,0.3704,0.1341,BCC+FCC
1,1.7,4.782,0.0468,0.1865,0.2247,0.1415,0.3796,0.1264,BCC+FCC
1,1.8,4.7645,0.0477,0.1878,0.2257,0.149,0.3883,0.1522,BCC+FCC
1,1.65,4.6895,0.0494,0.1924,0.2259,0.154,0.3699,0.1429,BCC+FCC
1,1.7,4.6995,0.0476,0.1903,0.2256,0.1524,0.3622,0.1449,BCC+FCC
1,2,4.8535,0.0511,0.2023,0.249,0.11,0.4367,0.1506,BCC+FCC
1,2,4.846,0.0505,0.2011,0.2488,0.1099,0.4399,0.1476,BCC+FCC
1,1.75,4.716,0.0519,0.2005,0.2762,0.1439,0.3829,0.1263,BCC+FCC
1,2,4.7735,0.0494,0.191,0.2762,0.1421,0.4216,0.1597,BCC+FCC
1,1.95,4.801,0.0485,0.1916,0.2758,0.1298,0.4196,0.1403,BCC+FCC
1,2.05,4.8435,0.0468,0.1858,0.2756,0.1171,0.431,0.1467,BCC+FCC
1,1.95,4.7935,0.0479,0.1906,0.2757,0.1296,0.4135,0.1373,BCC+FCC
1,1.9,4.7685,0.0485,0.1929,0.2757,0.1343,0.3959,0.1321,BCC+FCC
1,1.85,4.7435,0.049,0.195,0.2758,0.138,0.3694,0.1266,BCC+FCC
3,1.8,4.5785,0.0965,0.4845,0.3423,0.2432,0.6829,0.1227,IM
3,1.7,4.589,0.1152,0.5617,0.2937,0.274,0.5885,0.1199,IM
3,1.7,4.573,0.1097,0.5258,0.3218,0.2865,0.6128,0.1177,IM
3,1.75,4.4865,0.09,0.5167,0.2995,0.2116,0.6109,0.1128,IM
3,1.8,4.4705,0.0776,0.4637,0.35,0.2241,0.6029,0.1091,IM
2,1.75,4.4655,0.0873,0.5229,0.3344,0.2289,0.6241,0.1167,IM
2,1.75,4.4855,0.0806,0.477,0.3379,0.2282,0.6042,0.1152,IM
4,1.8,4.5055,0.0822,0.4692,0.3384,0.2297,0.611,0.1129,IM
2,1.8,4.5205,0.0959,0.5187,0.3228,0.2371,0.6391,0.1168,IM
2,1.75,4.5555,0.0911,0.4866,0.3129,0.2398,0.6204,0.1227,IM
2,1.75,4.473,0.0681,0.4068,0.3084,0.2195,0.6327,0.1262,IM
3,1.7,4.5765,0.1098,0.5201,0.2522,0.2398,0.6877,0.1274,IM
2,1.75,4.5305,0.1011,0.5419,0.3074,0.2404,0.6852,0.1315,IM
3,1.7,4.578,0.1036,0.4786,0.2873,0.265,0.6816,0.1284,IM
3,1.7,4.5705,0.1056,0.4963,0.2956,0.2661,0.6688,0.1252,IM
1,2,4.509,0.034,0.1625,0.1772,0.2402,0.2231,0.143,FCC
1,2,4.5815,0.0343,0.164,0.1766,0.218,0.2225,0.1313,FCC
1,2,4.5415,0.0317,0.1569,0.1753,0.2177,0.2525,0.1549,FCC
1,2,4.474,0.0319,0.1561,0.1774,0.2494,0.2791,0.1914,FCC
1,2,4.579,0.0354,0.1636,0.178,0.2299,0.2794,0.1784,FCC
1,2,4.5465,0.0335,0.1594,0.1771,0.2296,0.2793,0.1788,FCC
1,2,4.599,0.0343,0.1621,0.177,0.218,0.2794,0.1715,FCC
2,1.9,4.563,0.11,0.5474,0.3062,0.2336,0.6138,0.1297,IM
2,1.85,4.598,0.1052,0.5162,0.2985,0.2366,0.5975,0.1346,IM
4,1.85,4.5655,0.103,0.5108,0.302,0.2381,0.5976,0.1371,IM
2,1.9,4.593,0.104,0.4977,0.3036,0.2363,0.5818,0.1361,IM
3,1.9,4.618,0.105,0.4994,0.3003,0.2354,0.6018,0.1317,IM
3,1.9,4.5855,0.103,0.495,0.3038,0.2368,0.6018,0.1344,IM
2,1.85,4.6205,0.0981,0.4634,0.2935,0.2402,0.5858,0.1393,IM
2,1.9,4.6155,0.0966,0.4439,0.2975,0.2377,0.5699,0.1408,IM
2,1.85,4.5705,0.0921,0.4342,0.2726,0.2347,0.6245,0.1563,IM
1,2.05,4.7205,0.0449,0.1844,0.2181,0.0955,0.3259,0.1329,BCC+FCC
4,2.05,4.773,0.0358,0.1561,0.204,0.0749,0.3081,0.1355,FCC
1,2.05,4.563,0.0478,0.1855,0.2194,0.1101,0.3455,0.1383,BCC+FCC
1,2.05,4.607,0.048,0.1929,0.2336,0.0983,0.3757,0.1462,BCC+FCC
1,2.05,4.6495,0.0445,0.1866,0.2306,0.0896,0.372,0.1485,BCC+FCC
1,2.05,4.688,0.0485,0.1893,0.224,0.1023,0.3647,0.1377,BCC+FCC
1,2.05,4.6995,0.0457,0.1888,0.234,0.0887,0.3952,0.1476,BCC+FCC
1,2.05,4.6805,0.0478,0.1863,0.2237,0.1025,0.3689,0.1369,BCC+FCC
1,2.05,4.648,0.0463,0.1815,0.2216,0.1033,0.3674,0.1395,BCC+FCC
1,2.05,4.6495,0.0488,0.1929,0.2377,0.0973,0.3978,0.1424,BCC+FCC
1,2.05,4.7155,0.0431,0.1751,0.2184,0.0955,0.3763,0.1397,BCC+FCC
1,2.1,4.686,0.0515,0.2042,0.281,0.1039,0.3731,0.1324,BCC+FCC
1,2.1,4.652,0.0475,0.1894,0.2648,0.111,0.3402,0.1254,BCC+FCC
1,2.1,4.786,0.049,0.1973,0.2797,0.0932,0.3827,0.136,BCC+FCC
1,2.1,4.7945,0.0416,0.1704,0.2586,0.0906,0.3427,0.1309,BCC+FCC
1,2.1,4.6785,0.0507,0.2016,0.2807,0.1039,0.3873,0.1383,BCC+FCC
1,2.1,4.8095,0.0475,0.1857,0.2659,0.1009,0.3663,0.1321,BCC+FCC
1,2.1,4.8195,0.0421,0.1702,0.2591,0.0904,0.3597,0.1358,BCC+FCC
1,2.1,4.671,0.05,0.1989,0.2805,0.104,0.3992,0.1421,BCC+FCC
1,2.1,4.637,0.0461,0.1833,0.2643,0.1111,0.3673,0.1383,BCC+FCC
1,2.1,4.606,0.0471,0.1898,0.2759,0.1046,0.3976,0.1462,BCC+FCC
1,2.1,4.836,0.0505,0.1974,0.2811,0.0927,0.4104,0.1383,BCC+FCC
1,2.1,4.802,0.0466,0.1839,0.2657,0.1009,0.3789,0.1355,BCC+FCC
1,2.1,4.7695,0.0451,0.1818,0.2648,0.1013,0.3781,0.1377,BCC+FCC
1,2.1,4.737,0.0439,0.1791,0.2637,0.1016,0.3773,0.1398,BCC+FCC
1,2.1,4.7045,0.0427,0.176,0.2623,0.1019,0.3765,0.1419,BCC+FCC
1,2.1,4.817,0.0535,0.198,0.2729,0.1083,0.3909,0.1282,BCC+FCC
1,2.1,4.8595,0.0487,0.1855,0.2668,0.1002,0.391,0.1322,BCC+FCC
1,2.1,4.8695,0.0424,0.1696,0.2596,0.09,0.3879,0.1381,BCC+FCC
1,2.1,4.721,0.0516,0.201,0.2836,0.1033,0.4175,0.1396,BCC+FCC
1,2.1,4.7635,0.0472,0.1916,0.2792,0.0932,0.4183,0.1435,BCC+FCC
1,2.1,4.69,0.0526,0.2081,0.2955,0.0961,0.4455,0.1453,BCC+FCC
1,2.1,4.821,0.0491,0.1941,0.2808,0.0927,0.4271,0.1376,BCC+FCC
1,2.1,4.712,0.0484,0.1871,0.2692,0.11,0.3914,0.1351,BCC+FCC
1,2.1,4.7135,0.0509,0.1984,0.2834,0.1033,0.4209,0.1381,BCC+FCC
1,2.1,4.7545,0.0439,0.1774,0.2645,0.1013,0.3951,0.1394,BCC+FCC
1,2.1,4.647,0.0454,0.1782,0.2656,0.1109,0.3885,0.1402,BCC+FCC
1,2.1,4.805,0.0571,0.216,0.3007,0.0948,0.4531,0.1283,BCC+FCC
1,2.1,4.8445,0.0473,0.1823,0.2665,0.1003,0.4028,0.1299,BCC+FCC
1,2.1,4.7795,0.0446,0.1779,0.2652,0.101,0.4,0.1354,BCC+FCC
1,2.1,4.706,0.0501,0.1956,0.2831,0.1034,0.4199,0.1353,BCC+FCC
1,2.15,4.626,0.0458,0.1848,0.302,0.1148,0.3468,0.1141,BCC+FCC
1,2.15,4.716,0.0495,0.1929,0.3077,0.1144,0.3646,0.1206,BCC+FCC
1,2.15,4.7175,0.052,0.2041,0.3205,0.1067,0.3959,0.1297,BCC+FCC
1,2.15,4.7085,0.0488,0.1906,0.3074,0.1144,0.379,0.1286,BCC+FCC
1,2.15,4.645,0.0483,0.1945,0.3165,0.1067,0.4084,0.1398,BCC+FCC
1,2.15,4.6125,0.0468,0.19,0.3141,0.1066,0.4077,0.1417,BCC+FCC
1,2.15,4.7985,0.0525,0.1962,0.3111,0.1138,0.3935,0.1275,BCC+FCC
1,2.15,4.766,0.051,0.194,0.31,0.114,0.3927,0.1297,BCC+FCC
1,2.15,4.701,0.0481,0.1881,0.3072,0.1144,0.3911,0.1339,BCC+FCC
1,2.15,4.7025,0.0506,0.1994,0.3201,0.1066,0.4213,0.14,BCC+FCC
1,2.15,4.67,0.0491,0.1957,0.3183,0.1066,0.4205,0.142,BCC+FCC
1,2.15,4.7925,0.0543,0.2056,0.324,0.1064,0.4333,0.1352,BCC+FCC
1,2.15,4.8335,0.0474,0.182,0.3059,0.1036,0.4015,0.1333,BCC+FCC
1,2.15,4.726,0.0489,0.1889,0.3085,0.1142,0.4017,0.1349,BCC+FCC
1,2.15,4.695,0.0499,0.1968,0.3199,0.1065,0.4305,0.1421,BCC+FCC
1,2.15,4.586,0.047,0.1816,0.3047,0.1236,0.3975,0.1387,BCC+FCC
1,2.15,4.816,0.0526,0.1946,0.3117,0.1136,0.412,0.1288,BCC+FCC
1,2.15,4.7835,0.0511,0.1924,0.3108,0.1138,0.4108,0.1313,BCC+FCC
1,2.15,4.7525,0.0521,0.201,0.3227,0.1064,0.439,0.1377,BCC+FCC
1,2.15,4.7935,0.0448,0.1784,0.305,0.1035,0.4104,0.1374,BCC+FCC
1,2.15,4.7185,0.0481,0.1864,0.3083,0.1142,0.4085,0.1362,BCC+FCC
1,2.15,4.6875,0.0491,0.1941,0.3197,0.1065,0.4367,0.1426,BCC+FCC
1,2.15,4.776,0.0504,0.1902,0.3106,0.1138,0.4147,0.1307,BCC+FCC
1,2.15,4.7025,0.0546,0.2063,0.3257,0.1162,0.4345,0.1314,BCC+FCC
1,2.15,4.745,0.0514,0.1986,0.3225,0.1064,0.4421,0.1364,BCC+FCC
1,2.15,4.786,0.0442,0.1764,0.3049,0.1034,0.4171,0.1376,BCC+FCC
1,2.15,4.801,0.0512,0.1907,0.3114,0.1136,0.4159,0.1256,BCC+FCC
1,2.15,4.8435,0.0463,0.1786,0.306,0.1033,0.4231,0.1309,BCC+FCC
1,2.15,4.77,0.0522,0.1994,0.3235,0.1062,0.4426,0.1308,BCC+FCC
1,2.15,4.705,0.0492,0.1924,0.3209,0.1063,0.4391,0.1364,BCC+FCC
1,2.15,4.6725,0.0477,0.188,0.3192,0.1063,0.4373,0.1391,BCC+FCC
1,2.2,4.7725,0.0508,0.1925,0.3461,0.1148,0.4022,0.1239,BCC+FCC
1,2.2,4.7325,0.0486,0.1879,0.3447,0.1145,0.4134,0.1315,BCC+FCC
1,2.2,4.6675,0.0457,0.1809,0.3414,0.114,0.4117,0.1356,BCC+FCC
1,2.2,4.79,0.0509,0.1909,0.3468,0.1147,0.4246,0.1305,BCC+FCC
1,2.2,4.6925,0.0464,0.182,0.343,0.1141,0.4217,0.1372,BCC+FCC
1,2.2,4.685,0.0457,0.1791,0.3427,0.114,0.4278,0.1389,BCC+FCC
1,2.2,4.8075,0.0509,0.1893,0.3474,0.1146,0.436,0.1288,BCC+FCC
1,2.2,4.71,0.0465,0.1802,0.3441,0.1141,0.4318,0.1366,BCC+FCC
1,2.2,4.6775,0.045,0.1761,0.3425,0.1138,0.4304,0.1391,BCC+FCC
1,2.2,4.7675,0.0487,0.1845,0.3464,0.1144,0.4336,0.1296,BCC+FCC
1,2.05,4.548,0.033,0.1453,0.1949,0.1766,0.247,0.1616,FCC
1,2.05,4.5405,0.0321,0.142,0.1946,0.1762,0.2712,0.1791,FCC
1,2.05,4.613,0.0309,0.1426,0.1955,0.1519,0.2723,0.1643,FCC
1,2.05,4.5805,0.0294,0.1388,0.1937,0.1512,0.272,0.1649,FCC
1,2.05,4.5655,0.0331,0.1432,0.1963,0.1768,0.293,0.1917,FCC
1,2.05,4.6705,0.0346,0.1462,0.198,0.153,0.295,0.1751,FCC
1,2.05,4.7135,0.0455,0.1961,0.2447,0.1007,0.3823,0.1609,BCC+FCC
1,2.05,4.6485,0.043,0.19,0.2412,0.1006,0.3814,0.1641,BCC+FCC
1,2.05,4.538,0.0331,0.1413,0.1966,0.1864,0.3113,0.209,FCC
1,2.05,4.7385,0.0461,0.1965,0.2458,0.1006,0.3981,0.1633,BCC+FCC
1,2.05,4.578,0.031,0.1382,0.1955,0.1649,0.3128,0.1944,FCC
1,2.05,4.706,0.0449,0.1939,0.2444,0.1006,0.3975,0.1651,BCC+FCC
1,2.05,4.6325,0.0501,0.2094,0.2612,0.1036,0.4319,0.1695,BCC+FCC
1,2.05,4.6735,0.0437,0.1909,0.2428,0.1006,0.3969,0.1668,BCC+FCC
1,2.05,4.6,0.0486,0.2049,0.2587,0.1037,0.4312,0.1713,BCC+FCC
1,2.05,4.625,0.0494,0.2064,0.2609,0.1036,0.4425,0.1705,BCC+FCC
1,2.05,4.666,0.0431,0.1883,0.2426,0.1005,0.41,0.1693,BCC+FCC
1,2.05,4.715,0.0531,0.2151,0.2666,0.1032,0.4536,0.1638,BCC+FCC
1,2.05,4.7235,0.045,0.1923,0.2454,0.1004,0.4224,0.1664,BCC+FCC
1,2.05,4.691,0.0437,0.1892,0.244,0.1004,0.4216,0.1684,BCC+FCC
1,2.05,4.761,0.0485,0.1969,0.248,0.1249,0.4312,0.173,BCC+FCC
1,2.05,4.7975,0.0561,0.2191,0.2699,0.1027,0.4653,0.1512,BCC+FCC
1,2.05,4.765,0.0546,0.2166,0.2689,0.1029,0.4639,0.1538,BCC+FCC
1,2.05,4.806,0.0475,0.1955,0.2479,0.1002,0.44,0.1571,BCC+FCC
1,2.05,4.68,0.052,0.211,0.2665,0.1275,0.4582,0.171,BCC+FCC
1,2.05,4.7325,0.0532,0.2136,0.2676,0.1031,0.4624,0.1563,BCC+FCC
1,2.05,4.7735,0.0462,0.1933,0.2471,0.1003,0.4388,0.1595,BCC+FCC
1,2.05,4.741,0.045,0.1906,0.2462,0.1003,0.4375,0.1618,BCC+FCC
1,2.1,4.4845,0.0348,0.1521,0.2464,0.1869,0.2873,0.1701,FCC
1,2.1,4.6125,0.0466,0.1972,0.2857,0.1118,0.395,0.1567,BCC+FCC
1,2.1,4.4495,0.0322,0.1443,0.2459,0.1931,0.3252,0.2063,FCC
1,2.1,4.776,0.0451,0.1851,0.2741,0.109,0.3743,0.1503,BCC+FCC
1,2.1,4.4695,0.0325,0.1438,0.2458,0.186,0.326,0.1998,FCC
1,2.1,4.7025,0.0503,0.2053,0.2914,0.1122,0.4115,0.1576,BCC+FCC
1,2.1,4.7075,0.0521,0.2072,0.2931,0.134,0.4242,0.1701,BCC+FCC
1,2.1,4.801,0.0459,0.1851,0.2747,0.1091,0.3904,0.1539,BCC+FCC
1,2.1,4.6625,0.0481,0.1995,0.2895,0.1119,0.424,0.163,BCC+FCC
1,2.1,4.5975,0.0452,0.1909,0.2851,0.1115,0.4226,0.1665,BCC+FCC
1,2.1,4.826,0.0465,0.185,0.2752,0.1091,0.4046,0.1554,BCC+FCC
1,2.1,4.7,0.0513,0.2049,0.2929,0.1338,0.435,0.1721,BCC+FCC
1,2.1,4.655,0.0474,0.1968,0.2892,0.1118,0.4347,0.165,BCC+FCC
1,2.1,4.7985,0.0474,0.1855,0.2758,0.131,0.4148,0.1682,BCC+FCC
1,2.1,4.745,0.0512,0.2043,0.2937,0.1121,0.4459,0.1593,BCC+FCC
1,2.1,4.7535,0.0425,0.1795,0.2736,0.1086,0.4145,0.161,BCC+FCC
1,2.1,4.6065,0.0516,0.2097,0.3042,0.1149,0.4694,0.165,BCC+FCC
1,2.1,4.791,0.0466,0.1838,0.2756,0.1309,0.4234,0.1686,BCC+FCC
1,2.1,4.7175,0.0513,0.2034,0.2939,0.1338,0.4495,0.17,BCC+FCC
1,2.1,4.7375,0.0504,0.2021,0.2935,0.112,0.4516,0.1582,BCC+FCC
1,2.1,4.6935,0.0421,0.1759,0.2729,0.1298,0.4203,0.1746,BCC+FCC
1,2.1,4.751,0.0443,0.1796,0.2747,0.1304,0.4277,0.1699,BCC+FCC
1,2.1,4.7185,0.0429,0.1767,0.2738,0.13,0.4265,0.172,BCC+FCC
1,2.1,4.73,0.0497,0.1998,0.2933,0.1119,0.4536,0.1558,BCC+FCC
1,2.15,4.6925,0.0462,0.1884,0.3156,0.1181,0.416,0.1556,BCC+FCC
1,2.15,4.6975,0.0481,0.1905,0.3172,0.1378,0.4263,0.1678,BCC+FCC
1,2.15,4.685,0.0455,0.1859,0.3154,0.1179,0.4269,0.1588,BCC+FCC
1,2.15,4.6525,0.044,0.182,0.3137,0.1175,0.426,0.1607,BCC+FCC
1,2.15,4.816,0.0425,0.1669,0.3001,0.1151,0.4073,0.1528,BCC+FCC
1,2.15,4.7835,0.0411,0.1651,0.2996,0.1146,0.4065,0.1547,BCC+FCC
1,2.15,4.8,0.05,0.1925,0.3196,0.119,0.4453,0.1516,BCC+FCC
1,2.15,4.8085,0.0416,0.1651,0.3,0.1149,0.4163,0.154,BCC+FCC
1,2.15,4.801,0.0408,0.1632,0.2999,0.1146,0.4222,0.1537,BCC+FCC
1,2.15,4.695,0.0448,0.1814,0.3162,0.1177,0.4433,0.157,BCC+FCC
1,2.15,4.6625,0.0433,0.1772,0.3148,0.1173,0.4418,0.1593,BCC+FCC
1,2.2,4.7165,0.0505,0.194,0.3577,0.1266,0.4563,0.1486,BCC+FCC
4,2,4.754,0.039,0.1881,0.1748,0.1694,0.2329,0.1054,FCC
4,2,4.779,0.04,0.188,0.1751,0.1689,0.2586,0.1202,FCC
4,2,4.7465,0.0377,0.1866,0.1746,0.1696,0.2583,0.1216,FCC
4,2,4.739,0.0364,0.1849,0.1744,0.1697,0.2806,0.1332,FCC
3,2,4.764,0.0376,0.1849,0.1747,0.1693,0.3008,0.1397,FCC
4,2,4.7565,0.0364,0.1832,0.1746,0.1694,0.3181,0.1454,FCC
4,2,4.8065,0.0382,0.1832,0.1746,0.1684,0.3471,0.1466,FCC
3,2,4.774,0.0364,0.1815,0.1745,0.1691,0.3463,0.1488,FCC
3,2,4.7415,0.0349,0.1794,0.1742,0.1698,0.3453,0.1509,FCC
1,2,4.5265,0.0374,0.1787,0.1684,0.2688,0.2144,0.1619,FCC
1,2,4.5115,0.0352,0.1728,0.1678,0.2686,0.2636,0.1952,FCC
1,2,4.6615,0.0366,0.1761,0.1685,0.2328,0.2877,0.1812,FCC
1,2,4.509,0.0355,0.1719,0.1697,0.2787,0.3003,0.2212,FCC
4,2,4.4765,0.0331,0.1668,0.1679,0.2784,0.2996,0.2221,FCC
1,2,4.6015,0.0357,0.1725,0.1685,0.2458,0.3043,0.1981,FCC
1,2.05,4.559,0.0344,0.1362,0.178,0.1963,0.2025,0.1519,FCC
1,2.05,4.579,0.0329,0.1342,0.1774,0.186,0.2028,0.1458,FCC
4,2.05,4.5665,0.0294,0.128,0.1748,0.1734,0.2028,0.1391,FCC
4,2.05,4.4815,0.027,0.1188,0.1703,0.1834,0.2017,0.1455,FCC
1,2.05,4.414,0.0357,0.1639,0.1934,0.2346,0.2692,0.1863,FCC
1,2.05,4.4665,0.0353,0.151,0.1868,0.2181,0.2531,0.1811,FCC
1,2.05,4.499,0.0319,0.1294,0.1761,0.2037,0.2292,0.1788,FCC
1,2.05,4.5515,0.0333,0.1329,0.1777,0.196,0.2302,0.1726,FCC
1,2.05,4.604,0.0342,0.1349,0.1788,0.1865,0.2311,0.1659,FCC
1,2.05,4.5815,0.0357,0.146,0.1845,0.1852,0.2444,0.1628,FCC
1,2.05,4.4965,0.0323,0.1369,0.18,0.1964,0.2428,0.171,FCC
1,2.05,4.539,0.03,0.1263,0.1751,0.1849,0.2303,0.1665,FCC
1,2.05,4.6015,0.0344,0.1443,0.184,0.1712,0.245,0.155,FCC
4,2.05,4.454,0.0266,0.1151,0.1702,0.193,0.2289,0.1732,FCC
1,2.05,4.559,0.0286,0.1245,0.1745,0.1731,0.2307,0.1597,FCC
1,2.05,4.4715,0.0363,0.1537,0.1897,0.2286,0.2719,0.2,FCC
1,2.05,4.439,0.0333,0.1465,0.1864,0.228,0.2711,0.2007,FCC
1,2.05,4.4815,0.0339,0.1406,0.1831,0.2171,0.2631,0.198,FCC
1,2.05,4.544,0.0322,0.1293,0.1774,0.1956,0.254,0.1884,FCC
1,2.05,4.5215,0.0334,0.1388,0.1824,0.1968,0.2649,0.1845,FCC
1,2.05,4.6265,0.0353,0.1452,0.1855,0.1714,0.2677,0.1674,FCC
1,2.05,4.669,0.033,0.1306,0.1783,0.1611,0.2568,0.1653,FCC
4,2.05,4.489,0.0312,0.1324,0.1797,0.1962,0.2643,0.1851,FCC
1,2.05,4.584,0.0295,0.1256,0.1762,0.1736,0.2553,0.1745,FCC
1,2.05,4.509,0.0308,0.1316,0.1794,0.1841,0.2652,0.1778,FCC
1,2.05,4.604,0.0277,0.1235,0.1755,0.16,0.2559,0.1669,FCC
1,2.05,4.5065,0.0353,0.1426,0.1853,0.2176,0.2822,0.2086,FCC
1,2.05,4.6015,0.0356,0.1348,0.1806,0.1972,0.2759,0.1991,FCC
1,2.05,4.484,0.0354,0.1489,0.1892,0.2182,0.2894,0.2029,FCC
1,2.05,4.484,0.0295,0.1207,0.1754,0.2029,0.2732,0.2079,FCC
1,2.05,4.5465,0.0346,0.1404,0.1844,0.1972,0.2844,0.1943,FCC
1,2.05,4.6415,0.033,0.1303,0.1789,0.1747,0.2775,0.1844,FCC
1,2.05,4.6515,0.0362,0.146,0.1868,0.1715,0.2877,0.1763,FCC
4,2.05,4.514,0.0324,0.1346,0.1821,0.1966,0.2837,0.1952,FCC
1,2.05,4.5665,0.0338,0.1391,0.1839,0.1848,0.2854,0.1866,FCC
1,2.05,4.609,0.0304,0.1266,0.1776,0.174,0.277,0.1853,FCC
1,2.05,4.6615,0.0317,0.1279,0.1781,0.1609,0.2783,0.1763,FCC
4,2.05,4.534,0.0318,0.1335,0.1817,0.1844,0.2847,0.1876,FCC
1,2.05,4.5865,0.0327,0.1377,0.1834,0.1709,0.2864,0.1785,FCC
1,2.05,4.544,0.0269,0.1166,0.1739,0.1726,0.2758,0.187,FCC
4,2.05,4.7215,0.028,0.1196,0.1753,0.1029,0.2804,0.149,FCC
1,2.05,4.6465,0.0354,0.1332,0.1807,0.1872,0.2957,0.1998,FCC
1,2.05,4.7815,0.0469,0.1773,0.2043,0.1279,0.3218,0.1425,BCC+FCC
1,2.05,4.6665,0.034,0.1308,0.1798,0.1751,0.2967,0.1919,FCC
1,2.05,4.719,0.0344,0.1309,0.1796,0.1617,0.2982,0.1823,FCC
4,2.05,4.4765,0.0283,0.1158,0.1751,0.2025,0.2907,0.2178,FCC
1,2.05,4.539,0.0335,0.1365,0.1841,0.1969,0.3004,0.2024,FCC
1,2.05,4.6015,0.0295,0.1232,0.1773,0.1738,0.2954,0.194,FCC
1,2.05,4.569,0.0278,0.1181,0.1756,0.173,0.2947,0.1951,FCC
1,2.05,4.8065,0.0478,0.1774,0.2049,0.1275,0.334,0.1428,BCC+FCC
1,2.05,4.639,0.0342,0.1303,0.1805,0.1869,0.3115,0.2063,FCC
1,2.05,4.699,0.0484,0.1827,0.2091,0.134,0.3314,0.1442,BCC+FCC
3,2.05,4.7065,0.0254,0.1141,0.1749,0.1026,0.3165,0.1625,FCC
3,2.05,4.6915,0.0228,0.1076,0.1744,0.1024,0.3426,0.1682,FCC
1,2.1,4.403,0.0324,0.1506,0.2369,0.2304,0.2879,0.1888,FCC
1,2.1,4.413,0.0347,0.1606,0.2409,0.2311,0.2958,0.1844,FCC
1,2.1,4.488,0.0346,0.1406,0.2333,0.205,0.2708,0.1806,FCC
1,2.1,4.433,0.032,0.1397,0.2328,0.2092,0.2805,0.1791,FCC
1,2.1,4.443,0.0348,0.1513,0.2373,0.2107,0.29,0.1751,FCC
1,2.1,4.5805,0.0349,0.1417,0.2344,0.1781,0.2731,0.1603,FCC
1,2.1,4.453,0.0325,0.1395,0.2329,0.1995,0.2813,0.1723,FCC
1,2.1,4.438,0.0328,0.1426,0.2355,0.2183,0.2977,0.1988,FCC
1,2.1,4.533,0.0356,0.1411,0.2349,0.198,0.2918,0.1888,FCC
1,2.1,4.468,0.0307,0.1287,0.2304,0.1957,0.2907,0.1899,FCC
1,2.1,4.5205,0.0327,0.1344,0.2325,0.1877,0.2921,0.1825,FCC
1,2.1,4.6255,0.0344,0.1408,0.2353,0.1659,0.2947,0.1657,FCC
1,2.1,4.593,0.0327,0.1367,0.2337,0.1652,0.2942,0.1665,FCC
1,2.1,4.508,0.03,0.127,0.23,0.1761,0.2923,0.1759,FCC
1,2.1,4.4705,0.0326,0.1372,0.2351,0.1997,0.3153,0.1951,FCC
1,2.1,4.683,0.0459,0.1732,0.2546,0.1403,0.3576,0.1442,BCC+FCC
1,2.15,4.812,0.0468,0.1715,0.2927,0.1346,0.3692,0.1401,BCC+FCC
1,2.15,4.8045,0.046,0.1698,0.2926,0.1345,0.3792,0.1431,BCC+FCC
1,2.05,4.494,0.035,0.1842,0.1696,0.21,0.2781,0.1834,FCC
2,1.7,4.581,0.0804,0.3834,0.2949,0.2674,0.5871,0.1432,IM
2,1.75,4.601,0.0814,0.3718,0.2913,0.2693,0.5911,0.1402,IM
2,1.75,4.4735,0.0848,0.5221,0.3348,0.2121,0.6541,0.1408,IM
3,1.8,4.4985,0.0895,0.4688,0.3313,0.2199,0.6095,0.1479,IM
2,1.85,4.472,0.0972,0.4966,0.3191,0.221,0.5882,0.147,IM
2,1.75,4.4985,0.0864,0.5272,0.3317,0.2109,0.6775,0.1354,IM
4,1.85,4.4885,0.0948,0.5051,0.3402,0.2154,0.6488,0.1387,IM
3,1.85,4.51,0.0892,0.4636,0.3543,0.2133,0.6566,0.1404,IM
3,1.8,4.5235,0.0909,0.4725,0.3288,0.2188,0.6317,0.1441,IM
3,1.9,4.492,0.0988,0.4835,0.3201,0.2177,0.5877,0.1451,IM
3,1.8,4.582,0.0967,0.4731,0.299,0.2212,0.6343,0.1386,IM
3,1.85,4.607,0.0901,0.4045,0.2901,0.2196,0.585,0.1473,IM
3,1.85,4.466,0.091,0.5077,0.3598,0.2327,0.6362,0.1399,IM
2,1.85,4.496,0.089,0.4627,0.3526,0.2363,0.6023,0.1447,IM
2,1.9,4.4695,0.0963,0.4901,0.3406,0.237,0.5808,0.1433,IM
3,1.85,4.521,0.0903,0.4663,0.3502,0.2353,0.6244,0.142,IM
2,1.9,4.516,0.0905,0.4514,0.3529,0.2333,0.609,0.1435,IM
3,1.9,4.5195,0.0986,0.4957,0.3348,0.2351,0.6215,0.1372,IM
2,1.9,4.5495,0.0925,0.4465,0.3275,0.2362,0.5894,0.1433,IM
3,1.85,4.5795,0.095,0.4662,0.3215,0.2374,0.6269,0.1375,IM
2,1.85,4.4765,0.0734,0.4009,0.3486,0.225,0.7004,0.153,IM
2,1.75,4.567,0.073,0.3701,0.3121,0.2743,0.5658,0.1301,IM
2,1.65,4.474,0.0995,0.5672,0.2525,0.2371,0.6062,0.1266,IM
3,1.7,4.509,0.1043,0.5531,0.2516,0.2397,0.6069,0.1279,IM
2,1.7,4.468,0.0917,0.5459,0.3019,0.2411,0.6078,0.1344,IM
2,1.75,4.478,0.0961,0.499,0.3022,0.2624,0.5679,0.1378,IM
2,1.7,4.493,0.0932,0.551,0.2984,0.2399,0.6307,0.1307,IM
3,1.75,4.473,0.0987,0.5473,0.3061,0.2531,0.6191,0.1271,IM
4,1.75,4.488,0.0978,0.5412,0.3037,0.2474,0.6181,0.1323,IM
2,1.7,4.508,0.0948,0.5148,0.2956,0.2545,0.6055,0.1327,IM
2,1.8,4.483,0.1007,0.5288,0.3086,0.2532,0.6004,0.1339,IM
2,1.75,4.503,0.0973,0.5027,0.2994,0.2613,0.5878,0.1343,IM
3,1.75,4.518,0.0963,0.4965,0.298,0.2551,0.5847,0.1382,IM
3,1.8,4.513,0.0971,0.4822,0.3016,0.2593,0.5686,0.1397,IM
2,1.8,4.523,0.1009,0.526,0.303,0.2451,0.6187,0.1339,IM
2,1.85,4.543,0.1031,0.5134,0.3047,0.2471,0.6204,0.13,IM
2,1.8,4.563,0.0994,0.4878,0.2959,0.2572,0.6077,0.1303,IM
2,1.8,4.578,0.0983,0.4816,0.2943,0.2497,0.6069,0.1359,IM
2,1.85,4.573,0.0971,0.4644,0.2982,0.2509,0.5891,0.1375,IM
2,1.75,4.5645,0.0828,0.4013,0.3022,0.2805,0.5847,0.1424,IM
2,1.8,4.5995,0.082,0.3828,0.3022,0.2755,0.5854,0.1442,IM
2,1.85,4.4705,0.1005,0.6187,0.3584,0.2603,0.5848,0.1237,IM
3,1.9,4.4655,0.1059,0.608,0.3667,0.2696,0.5679,0.1253,IM
4,1.85,4.483,0.1026,0.5817,0.3514,0.2595,0.5819,0.1302,IM
3,1.85,4.508,0.104,0.5855,0.3473,0.2583,0.6034,0.1265,IM
3,1.9,4.503,0.1073,0.572,0.3549,0.2652,0.5858,0.1281,IM
2,1.9,4.5155,0.1049,0.5307,0.3389,0.2561,0.5839,0.1348,IM
2,1.9,4.5455,0.0993,0.4822,0.339,0.2604,0.5517,0.1402,IM
2,1.85,4.563,0.1042,0.5433,0.3489,0.2657,0.5916,0.1285,IM
3,1.85,4.5755,0.1012,0.5016,0.3298,0.2574,0.5889,0.1354,IM
3,1.9,4.5705,0.1003,0.4844,0.3356,0.2595,0.5719,0.1369,IM
2,1.85,4.484,0.0913,0.4898,0.2968,0.2099,0.5656,0.1302,IM
4,1.9,4.483,0.0918,0.4886,0.3335,0.2287,0.5857,0.1309,IM
2,1.85,4.492,0.0902,0.5127,0.3594,0.2437,0.6357,0.1284,IM
2,1.9,4.487,0.0921,0.5012,0.3638,0.246,0.6233,0.13,IM
2,1.9,4.507,0.0835,0.4545,0.3665,0.2436,0.6033,0.1285,IM
3,1.85,4.4745,0.0695,0.3903,0.3383,0.2352,0.621,0.1398,IM
3,1.85,4.464,0.1066,0.532,0.27,0.2461,0.5616,0.1566,IM
3,1.9,4.488,0.0978,0.4858,0.3141,0.2764,0.5823,0.1655,IM
2,1.85,4.5805,0.0946,0.4521,0.291,0.2352,0.6569,0.1454,IM
2,1.9,4.5755,0.0934,0.435,0.2907,0.2341,0.6403,0.147,IM
3,1.9,4.487,0.0901,0.4604,0.3525,0.2508,0.6121,0.1476,IM
2,1.8,4.6435,0.0715,0.3442,0.3209,0.2236,0.5986,0.1311,IM
3,1.75,4.5935,0.0939,0.5024,0.3198,0.2139,0.6419,0.1374,IM
3,1.8,4.621,0.0991,0.4942,0.3205,0.214,0.6312,0.1364,IM
3,1.85,4.611,0.0965,0.4837,0.3422,0.2313,0.646,0.1321,IM
3,1.9,4.713,0.0845,0.3855,0.4413,0.2934,0.5905,0.1379,IM
3,1.9,4.7555,0.0887,0.3861,0.4282,0.2982,0.5735,0.1414,IM
2,1.85,4.758,0.0856,0.3633,0.3679,0.2698,0.5504,0.1384,IM
3,1.7,4.573,0.1002,0.5321,0.2891,0.2512,0.6053,0.1272,IM
3,1.85,4.6155,0.1086,0.5272,0.2975,0.2437,0.6012,0.1273,IM
2,1.85,4.594,0.1192,0.5936,0.2752,0.2334,0.5838,0.1267,IM
3,1.85,4.554,0.0935,0.5125,0.3004,0.1983,0.5375,0.1179,IM
3,1.85,4.569,0.1075,0.5581,0.2789,0.2066,0.5655,0.1241,IM
2,1.85,4.5815,0.0982,0.5091,0.2867,0.2049,0.5657,0.122,IM
2,1.85,4.6015,0.0909,0.4625,0.2894,0.202,0.5457,0.1208,IM
3,1.8,4.5965,0.1016,0.5237,0.2704,0.21,0.5692,0.1277,IM
2,1.85,4.483,0.0855,0.5091,0.3484,0.2123,0.5868,0.1154,IM
2,1.9,4.4905,0.0966,0.5513,0.344,0.2153,0.5898,0.1161,IM
3,1.9,4.503,0.0875,0.501,0.3495,0.2138,0.5893,0.1141,IM
3,1.85,4.538,0.0823,0.4683,0.3384,0.2168,0.575,0.1184,IM
2,1.9,4.5455,0.0931,0.5075,0.337,0.2189,0.5778,0.1189,IM
3,1.85,4.5805,0.0886,0.4755,0.3262,0.222,0.5613,0.1223,IM
2,1.85,4.5105,0.0897,0.5099,0.336,0.2191,0.6162,0.119,IM
4,1.9,4.5805,0.0985,0.5076,0.3241,0.2242,0.5858,0.1228,IM
3,1.85,4.5655,0.086,0.4673,0.3265,0.223,0.6043,0.1212,IM
3,1.8,4.5805,0.0901,0.4815,0.313,0.2277,0.6038,0.1274,IM
2,1.9,4.573,0.0973,0.5044,0.3242,0.2247,0.6053,0.1209,IM
3,1.85,4.6005,0.0918,0.4689,0.314,0.2283,0.6124,0.1241,IM
3,1.9,4.572,0.0878,0.4702,0.3613,0.2407,0.6031,0.1233,IM
4,1.85,4.5765,0.0845,0.4343,0.2489,0.194,0.6086,0.1353,IM
2,1.85,4.569,0.083,0.4298,0.2488,0.1946,0.6287,0.1317,IM
3,1.85,4.498,0.066,0.4,0.3094,0.201,0.5738,0.1244,IM
4,1.8,4.498,0.0671,0.398,0.3084,0.2063,0.6158,0.1305,IM
3,1.85,4.5255,0.0696,0.403,0.3036,0.2077,0.6041,0.1294,IM
3,1.9,4.5755,0.0846,0.433,0.2901,0.2141,0.6288,0.1363,IM
3,1.9,4.568,0.0833,0.4286,0.29,0.2145,0.649,0.1331,IM
1,2.05,4.877,0.0479,0.1881,0.2325,0.1077,0.4062,0.1519,BCC+FCC
1,2.05,4.817,0.0482,0.1875,0.233,0.132,0.4098,0.1648,BCC+FCC
1,2.1,4.8295,0.0462,0.1746,0.2612,0.1388,0.3852,0.1621,BCC+FCC
1,2.1,4.8745,0.0442,0.1718,0.2605,0.1172,0.3972,0.1492,BCC+FCC
3,1.7,4.5245,0.0905,0.5209,0.3176,0.2482,0.6672,0.1198,IM
3,1.75,4.526,0.0881,0.5064,0.3435,0.2442,0.6878,0.1211,IM
4,1.8,4.527,0.0819,0.4687,0.331,0.2018,0.6523,0.1191,IM
2,1.8,4.5285,0.0824,0.4733,0.3448,0.204,0.6803,0.1206,IM
4,1.85,4.4695,0.0831,0.5015,0.3623,0.2157,0.6568,0.1165,IM
2,1.85,4.4895,0.0764,0.4553,0.3635,0.214,0.6366,0.1158,IM
4,1.85,4.5045,0.0889,0.5094,0.35,0.2218,0.665,0.1187,IM
2,1.8,4.5395,0.0845,0.4765,0.3399,0.2244,0.6457,0.1254,IM
2,1.85,4.4785,0.0643,0.3849,0.3349,0.207,0.6948,0.1269,IM
2,1.8,4.52,0.0649,0.3817,0.3695,0.235,0.6741,0.137,IM
2,1.85,4.584,0.1132,0.6082,0.3412,0.2734,0.618,0.126,IM
2,1.6,4.469,0.0774,0.5046,0.2766,0.2065,0.6046,0.1192,IM
3,1.8,4.468,0.0861,0.5159,0.3368,0.2239,0.6364,0.1147,IM
2,1.75,4.468,0.0878,0.5341,0.3244,0.2314,0.6439,0.1156,IM
2,1.7,4.468,0.0886,0.552,0.3117,0.2365,0.6513,0.1163,IM
2,1.75,4.503,0.0817,0.4827,0.3264,0.2258,0.6177,0.1206,IM
3,1.7,4.483,0.0878,0.546,0.3091,0.2314,0.6451,0.1227,IM
2,1.7,4.503,0.0839,0.501,0.3144,0.2329,0.6252,0.1219,IM
2,1.8,4.523,0.0849,0.4781,0.3271,0.2301,0.6244,0.1167,IM
2,1.8,4.558,0.0901,0.4831,0.3147,0.2362,0.6325,0.1189,IM
3,1.7,4.4705,0.0861,0.5382,0.3067,0.2338,0.7105,0.1255,IM
2,1.8,4.5715,0.0984,0.5389,0.3439,0.2501,0.5542,0.1193,IM
4,1.85,4.5205,0.0879,0.4988,0.3636,0.2376,0.6068,0.1166,IM
4,1.85,4.498,0.099,0.5839,0.358,0.2504,0.6165,0.1182,IM
3,1.85,4.5555,0.0931,0.5035,0.3504,0.2438,0.6149,0.1193,IM
2,1.85,4.5755,0.0842,0.4569,0.3579,0.243,0.5949,0.1187,IM
4,1.8,4.5765,0.0924,0.4887,0.3502,0.237,0.6222,0.129,IM
2,1.85,4.548,0.0879,0.4606,0.3186,0.2499,0.6128,0.1413,IM
2,1.85,4.4705,0.0827,0.4847,0.3384,0.2118,0.6876,0.1253,IM
2,1.85,4.5255,0.0813,0.447,0.3177,0.2167,0.6755,0.1268,IM
2,1.85,4.518,0.0837,0.4665,0.3305,0.2177,0.6627,0.1236,IM
1,1.85,4.722,0.0474,0.1895,0.2243,0.0985,0.3426,0.1344,BCC+FCC
1,1.8,4.632,0.0445,0.1903,0.2221,0.1045,0.3555,0.1376,BCC+FCC
1,1.75,4.672,0.0496,0.194,0.2244,0.1117,0.3681,0.1356,BCC+FCC
1,1.75,4.607,0.0458,0.1928,0.2222,0.1101,0.3674,0.1383,BCC+FCC
1,1.75,4.648,0.0423,0.1643,0.1976,0.1044,0.3245,0.1239,BCC+FCC
1,1.7,4.688,0.0448,0.1659,0.1988,0.1107,0.3377,0.1229,BCC+FCC
1,1.7,4.582,0.0472,0.1953,0.2223,0.1145,0.3779,0.1385,BCC+FCC
1,1.65,4.6305,0.0455,0.1685,0.1985,0.1125,0.3484,0.1251,BCC+FCC
1,1.6,4.638,0.0468,0.1695,0.199,0.1158,0.3585,0.1241,BCC+FCC
1,1.6,4.573,0.0459,0.1709,0.1979,0.1126,0.3573,0.127,BCC+FCC
1,1.85,4.682,0.0443,0.1913,0.2232,0.0895,0.3437,0.154,BCC+FCC
1,1.7,4.778,0.047,0.1719,0.2013,0.108,0.3449,0.1405,BCC+FCC
1,1.7,4.713,0.0469,0.173,0.2008,0.1062,0.3447,0.1424,BCC+FCC
1,1.7,4.6155,0.0431,0.1722,0.1983,0.103,0.3443,0.1449,BCC+FCC
1,1.65,4.753,0.0478,0.1735,0.2014,0.1125,0.3593,0.1417,BCC+FCC
1,1.6,4.5655,0.0458,0.1772,0.1985,0.1088,0.3711,0.148,BCC+FCC
1,1.55,4.6705,0.0499,0.1778,0.2014,0.1164,0.384,0.1444,BCC+FCC
1,1.55,4.573,0.0485,0.1796,0.1997,0.1116,0.383,0.1479,BCC+FCC
1,1.8,4.617,0.0453,0.1922,0.2205,0.0889,0.3564,0.1717,BCC+FCC
1,1.7,4.673,0.0463,0.1782,0.201,0.0989,0.3436,0.1594,BCC+FCC
1,1.65,4.6155,0.0454,0.1798,0.1999,0.1026,0.36,0.1622,BCC+FCC
1,1.55,4.5655,0.0481,0.185,0.2001,0.1079,0.3897,0.1657,BCC+FCC
1,1.5,4.703,0.0531,0.1858,0.2037,0.1171,0.4038,0.1621,BCC+FCC
1,1.65,4.673,0.0488,0.1855,0.2027,0.0987,0.3548,0.1747,BCC+FCC
1,1.95,4.6385,0.0445,0.1932,0.2703,0.0998,0.3634,0.1358,BCC+FCC
1,1.9,4.752,0.046,0.1735,0.2538,0.1036,0.3337,0.1178,BCC+FCC
1,1.9,4.6785,0.049,0.1998,0.2734,0.1079,0.3768,0.1344,BCC+FCC
1,1.9,4.7195,0.0449,0.1732,0.2531,0.1029,0.3335,0.1189,BCC+FCC
1,1.85,4.7595,0.0475,0.1756,0.2543,0.1101,0.3475,0.1183,BCC+FCC
1,1.85,4.686,0.0523,0.2032,0.2747,0.1144,0.3889,0.1336,BCC+FCC
1,1.85,4.6945,0.046,0.1756,0.2532,0.1083,0.3469,0.1206,BCC+FCC
1,1.85,4.6295,0.0425,0.1742,0.2512,0.1064,0.3464,0.1229,BCC+FCC
1,1.8,4.767,0.0483,0.1769,0.2547,0.1156,0.3602,0.118,BCC+FCC
1,1.8,4.702,0.048,0.1779,0.2539,0.1136,0.3595,0.1207,BCC+FCC
1,1.75,4.5795,0.0452,0.1795,0.2514,0.1128,0.3689,0.1255,BCC+FCC
1,1.7,4.782,0.0477,0.1773,0.2547,0.1241,0.3818,0.1156,BCC+FCC
1,1.7,4.6845,0.0502,0.1811,0.2545,0.1202,0.3802,0.1204,BCC+FCC
1,1.7,4.652,0.05,0.1818,0.2541,0.1188,0.3796,0.122,BCC+FCC
1,1.65,4.692,0.0506,0.1816,0.2548,0.1229,0.3887,0.1187,BCC+FCC
1,1.95,4.7285,0.0505,0.2004,0.2743,0.0928,0.3648,0.1515,BCC+FCC
1,1.95,4.737,0.0435,0.1741,0.2534,0.0877,0.3176,0.1348,BCC+FCC
1,1.9,4.712,0.0447,0.1771,0.2535,0.0957,0.3348,0.1377,BCC+FCC
1,1.85,4.752,0.0492,0.1817,0.2553,0.1037,0.3509,0.1386,BCC+FCC
1,1.85,4.6545,0.0435,0.1786,0.2523,0.1012,0.3507,0.1409,BCC+FCC
1,1.8,4.686,0.0552,0.2099,0.2759,0.1143,0.4083,0.1538,BCC+FCC
1,1.8,4.727,0.0502,0.184,0.2554,0.1091,0.3659,0.1405,BCC+FCC
1,1.75,4.702,0.0512,0.1861,0.2555,0.1132,0.3798,0.1419,BCC+FCC
1,1.7,4.677,0.0522,0.1882,0.2556,0.1162,0.3925,0.143,BCC+FCC
1,1.65,4.6845,0.0536,0.1897,0.2562,0.1194,0.4044,0.1425,BCC+FCC
1,1.65,4.587,0.0508,0.19,0.2539,0.1148,0.4034,0.146,BCC+FCC
1,1.9,4.631,0.0488,0.1971,0.2695,0.092,0.3769,0.1701,BCC+FCC
1,1.85,4.647,0.0434,0.1797,0.2518,0.0942,0.3477,0.1559,BCC+FCC
1,1.75,4.5645,0.0433,0.1842,0.2501,0.1033,0.3805,0.1617,BCC+FCC
1,1.7,4.702,0.0544,0.1939,0.257,0.1128,0.3958,0.1602,BCC+FCC
1,1.85,4.7045,0.0478,0.1849,0.2543,0.0877,0.3387,0.1672,BCC+FCC
1,1.75,4.622,0.0476,0.1892,0.2528,0.0998,0.3755,0.1739,BCC+FCC
1,1.75,4.5895,0.0459,0.1863,0.2508,0.0987,0.3756,0.1742,BCC+FCC
1,1.7,4.597,0.0484,0.1926,0.2529,0.104,0.3924,0.1765,BCC+FCC
1,1.7,4.532,0.0449,0.1869,0.2487,0.1014,0.3926,0.1774,BCC+FCC
1,1.65,4.6045,0.0509,0.1978,0.2547,0.1084,0.4084,0.1782,BCC+FCC
1,2,4.6685,0.0429,0.1799,0.2974,0.1042,0.3547,0.1187,BCC+FCC
1,1.95,4.741,0.0502,0.1862,0.3007,0.112,0.3685,0.1172,BCC+FCC
1,1.95,4.676,0.0468,0.1845,0.2987,0.1103,0.368,0.1196,BCC+FCC
1,1.9,4.716,0.0512,0.1885,0.3007,0.1164,0.3805,0.1185,BCC+FCC
1,1.85,4.691,0.0522,0.1907,0.3008,0.1197,0.3911,0.1193,BCC+FCC
1,1.85,4.6585,0.051,0.1904,0.3,0.1184,0.3906,0.1207,BCC+FCC
1,1.95,4.6035,0.0433,0.181,0.2947,0.1023,0.3715,0.1404,BCC+FCC
1,1.9,4.5785,0.0439,0.1847,0.2948,0.1069,0.3859,0.1428,BCC+FCC
1,1.85,4.716,0.0544,0.196,0.302,0.1161,0.4001,0.14,BCC+FCC
1,1.85,4.6835,0.0527,0.1952,0.301,0.115,0.3999,0.141,BCC+FCC
1,1.8,4.691,0.0554,0.1982,0.302,0.1191,0.4126,0.1411,BCC+FCC
1,1.8,4.5285,0.0453,0.1917,0.295,0.1121,0.4113,0.1463,BCC+FCC
1,1.75,4.536,0.0477,0.1967,0.297,0.1147,0.4227,0.1464,BCC+FCC
1,1.9,4.6685,0.0498,0.1924,0.2991,0.104,0.3849,0.1565,BCC+FCC
1,1.85,4.676,0.0523,0.1977,0.3007,0.1097,0.4006,0.1582,BCC+FCC
1,1.7,4.536,0.0512,0.2029,0.2977,0.1136,0.442,0.1645,BCC+FCC
1,1.85,4.636,0.0509,0.1949,0.2979,0.1029,0.3953,0.1724,BCC+FCC
1,1.85,4.5385,0.0449,0.1823,0.2906,0.0996,0.3958,0.1733,BCC+FCC
1,1.8,4.5385,0.0464,0.1861,0.2907,0.0992,0.4039,0.1866,BCC+FCC
1,2.1,4.6825,0.0469,0.1872,0.3387,0.1071,0.3757,0.1164,BCC+FCC
1,2.1,4.6175,0.0439,0.1811,0.3349,0.1054,0.3753,0.1183,BCC+FCC
1,2.05,4.7225,0.0515,0.1942,0.3415,0.1139,0.3889,0.1162,BCC+FCC
1,2,4.6,0.0468,0.1915,0.3371,0.1149,0.3996,0.1212,BCC+FCC
1,2.05,4.6825,0.0503,0.1929,0.3393,0.107,0.392,0.1371,BCC+FCC
1,2.05,4.65,0.0486,0.1898,0.3374,0.1062,0.3919,0.1378,BCC+FCC
1,2,4.69,0.0528,0.1987,0.341,0.1129,0.4063,0.1384,BCC+FCC
1,2.15,4.574,0.0463,0.1858,0.3699,0.112,0.4078,0.1194,BCC+FCC
1,2.1,4.549,0.0471,0.1902,0.3701,0.1154,0.4189,0.1213,BCC+FCC
1,1.95,4.684,0.0472,0.1859,0.2008,0.1157,0.2666,0.1099,BCC+FCC
4,1.95,4.6615,0.0396,0.169,0.1915,0.1086,0.2518,0.1069,FCC
4,1.95,4.7465,0.0358,0.1383,0.1773,0.0855,0.2178,0.093,FCC
4,1.9,4.754,0.0382,0.1421,0.1781,0.0958,0.2388,0.0975,FCC
1,1.85,4.6765,0.0464,0.1796,0.195,0.1272,0.2847,0.1103,BCC+FCC
4,1.85,4.7615,0.0398,0.1449,0.1786,0.1045,0.2578,0.1008,FCC
1,1.8,4.684,0.0494,0.1832,0.1963,0.1351,0.2988,0.1108,BCC+FCC
1,1.85,4.744,0.0456,0.1694,0.1894,0.1092,0.2739,0.125,BCC+FCC
1,1.85,4.6365,0.0441,0.179,0.1929,0.1195,0.2892,0.1313,BCC+FCC
1,1.7,4.7665,0.0506,0.1769,0.1913,0.1322,0.3242,0.1298,BCC+FCC
1,1.7,4.6365,0.0473,0.1766,0.1886,0.1306,0.3234,0.1337,BCC+FCC
1,1.65,4.709,0.0514,0.1793,0.1911,0.1373,0.3379,0.1322,BCC+FCC
1,1.65,4.644,0.05,0.1795,0.1898,0.1362,0.3373,0.1344,BCC+FCC
1,1.65,4.6115,0.0486,0.1791,0.1887,0.1356,0.337,0.1354,BCC+FCC
1,1.65,4.6215,0.0445,0.1618,0.1798,0.12,0.3255,0.133,BCC+FCC
1,1.55,4.6365,0.048,0.1654,0.1813,0.1276,0.3519,0.1344,BCC+FCC
1,1.55,4.604,0.0477,0.1661,0.1808,0.1263,0.3515,0.1355,BCC+FCC
1,1.8,4.5715,0.0441,0.1775,0.1889,0.1204,0.305,0.1501,BCC+FCC
1,1.65,4.6465,0.0459,0.1678,0.1817,0.1157,0.3273,0.1488,BCC+FCC
1,1.6,4.6215,0.0471,0.1704,0.1818,0.1196,0.3435,0.1514,BCC+FCC
1,1.55,4.629,0.0495,0.173,0.1828,0.1236,0.3586,0.1528,BCC+FCC
1,1.5,4.7015,0.0508,0.1729,0.1841,0.1294,0.373,0.1518,BCC+FCC
1,1.5,4.6365,0.0512,0.1747,0.1835,0.1269,0.3726,0.1536,BCC+FCC
1,1.5,4.5715,0.0495,0.1752,0.182,0.1242,0.3722,0.1553,BCC+FCC
1,1.6,4.6465,0.0485,0.1758,0.1836,0.1154,0.3404,0.1648,BCC+FCC
1,1.6,4.614,0.0463,0.1746,0.1822,0.1145,0.3405,0.1651,BCC+FCC
1,1.55,4.6215,0.0497,0.1784,0.1837,0.1192,0.3575,0.1676,BCC+FCC
1,2,4.7155,0.0478,0.1847,0.2495,0.1202,0.294,0.1055,BCC+FCC
1,2,4.7255,0.0433,0.1697,0.2431,0.1107,0.2803,0.1013,BCC+FCC
1,1.9,4.708,0.0476,0.1768,0.2443,0.1267,0.3111,0.1061,BCC+FCC
1,1.9,4.7505,0.044,0.16,0.2378,0.1141,0.299,0.1016,BCC+FCC
1,1.9,4.6855,0.0417,0.1589,0.2364,0.113,0.2986,0.1035,BCC+FCC
1,1.85,4.618,0.0447,0.1773,0.2421,0.1322,0.3233,0.1106,BCC+FCC
1,1.85,4.6605,0.0429,0.1617,0.2365,0.1185,0.3129,0.1065,BCC+FCC
1,1.8,4.7005,0.046,0.1646,0.2379,0.1247,0.3264,0.1065,BCC+FCC
1,1.75,4.6755,0.047,0.1667,0.238,0.1283,0.3378,0.1081,BCC+FCC
1,1.7,4.683,0.048,0.1679,0.2385,0.1321,0.3482,0.1078,BCC+FCC
1,1.7,4.5855,0.0466,0.1693,0.2367,0.1285,0.3464,0.1121,BCC+FCC
1,1.7,4.553,0.0451,0.169,0.2357,0.1272,0.3458,0.1135,BCC+FCC
1,1.65,4.593,0.0487,0.1712,0.2376,0.1311,0.355,0.1116,BCC+FCC
1,1.85,4.708,0.0505,0.1843,0.2457,0.1271,0.331,0.1286,BCC+FCC
1,1.85,4.7505,0.0472,0.1688,0.2395,0.1143,0.3176,0.1242,BCC+FCC
1,1.85,4.6755,0.0484,0.1829,0.2445,0.1268,0.3309,0.1294,BCC+FCC
1,1.85,4.643,0.0457,0.1811,0.2431,0.1265,0.3308,0.1302,BCC+FCC
1,1.75,4.7005,0.0492,0.1735,0.2396,0.1244,0.3479,0.1292,BCC+FCC
1,1.7,4.708,0.0506,0.1753,0.2402,0.1289,0.3614,0.1299,BCC+FCC
1,1.7,4.578,0.0461,0.1745,0.2369,0.1246,0.3603,0.1339,BCC+FCC
1,1.7,4.5455,0.0437,0.1733,0.2355,0.1234,0.36,0.1348,BCC+FCC
1,1.65,4.7155,0.0513,0.1763,0.2405,0.1326,0.3738,0.13,BCC+FCC
1,1.65,4.618,0.0504,0.1778,0.2391,0.1291,0.3728,0.1335,BCC+FCC
1,1.65,4.553,0.0474,0.1771,0.237,0.1264,0.372,0.1356,BCC+FCC
1,1.9,4.693,0.0476,0.1805,0.244,0.112,0.3118,0.1423,BCC+FCC
1,1.9,4.628,0.0441,0.1737,0.24,0.1118,0.312,0.1429,BCC+FCC
1,1.85,4.678,0.0431,0.1696,0.2378,0.1064,0.3144,0.1406,BCC+FCC
1,1.8,4.653,0.0444,0.1729,0.2379,0.1125,0.3323,0.1444,BCC+FCC
1,1.75,4.693,0.05,0.1787,0.2403,0.1191,0.349,0.1465,BCC+FCC
1,1.7,4.7005,0.0524,0.1817,0.2412,0.1242,0.3648,0.1483,BCC+FCC
1,1.7,4.6355,0.0493,0.1804,0.2394,0.1223,0.3646,0.1496,BCC+FCC
1,1.7,4.5705,0.0443,0.1775,0.2365,0.1202,0.3645,0.1508,BCC+FCC
1,1.65,4.708,0.0541,0.1839,0.2419,0.1285,0.3796,0.1494,BCC+FCC
1,1.85,4.7355,0.0472,0.1752,0.2403,0.0997,0.305,0.1519,BCC+FCC
1,1.85,4.628,0.0467,0.1787,0.2407,0.1124,0.3228,0.1584,BCC+FCC
1,1.85,4.6705,0.0437,0.1694,0.2372,0.0988,0.3055,0.1518,BCC+FCC
1,1.85,4.553,0.0459,0.1793,0.2397,0.1232,0.3393,0.1642,BCC+FCC
1,1.8,4.6455,0.0445,0.1734,0.2373,0.1059,0.3253,0.1564,BCC+FCC
1,1.75,4.6855,0.0495,0.1817,0.2405,0.1132,0.3437,0.1599,BCC+FCC
1,1.75,4.6205,0.0453,0.1772,0.2374,0.1117,0.3439,0.1604,BCC+FCC
1,1.7,4.563,0.0444,0.178,0.2355,0.1153,0.3616,0.1641,BCC+FCC
1,1.7,4.5305,0.0426,0.1748,0.2333,0.1143,0.3617,0.1644,BCC+FCC
1,1.75,4.6455,0.0476,0.1793,0.2382,0.106,0.3335,0.1701,BCC+FCC
1,1.7,4.538,0.0461,0.1812,0.2359,0.1196,0.3578,0.1884,BCC+FCC
1,1.6,4.5305,0.0476,0.1852,0.2346,0.1134,0.3791,0.1906,BCC+FCC
1,2.05,4.7245,0.0427,0.1657,0.2848,0.1089,0.3066,0.0972,BCC+FCC
1,2,4.732,0.0459,0.1702,0.2859,0.1161,0.3219,0.1,BCC+FCC
1,2,4.592,0.0431,0.1765,0.2854,0.1277,0.3326,0.108,BCC+FCC
1,1.95,4.697,0.0515,0.1887,0.2918,0.1351,0.3463,0.1057,BCC+FCC
1,1.95,4.7395,0.0483,0.1736,0.2867,0.1224,0.336,0.1017,BCC+FCC
1,1.95,4.6745,0.0452,0.1719,0.2849,0.1211,0.3354,0.104,BCC+FCC
1,1.95,4.642,0.0429,0.1704,0.2837,0.1204,0.3351,0.105,BCC+FCC
1,1.85,4.592,0.0455,0.1764,0.2839,0.1278,0.3582,0.1096,BCC+FCC
1,1.8,4.7295,0.0518,0.1796,0.2879,0.1357,0.3702,0.1037,BCC+FCC
1,1.75,4.737,0.0519,0.1802,0.2882,0.1389,0.379,0.1024,BCC+FCC
1,1.75,4.607,0.0514,0.1825,0.2862,0.1339,0.3763,0.1091,BCC+FCC
1,1.75,4.542,0.0482,0.1817,0.2841,0.131,0.375,0.1122,BCC+FCC
1,1.7,4.712,0.0526,0.1817,0.2882,0.1401,0.3854,0.1024,BCC+FCC
1,1.7,4.5495,0.0513,0.1846,0.2853,0.1327,0.3814,0.1112,BCC+FCC
1,2,4.7145,0.0506,0.1874,0.2914,0.1219,0.3373,0.1247,BCC+FCC
1,1.95,4.6995,0.0465,0.1761,0.2859,0.1157,0.3396,0.1234,BCC+FCC
1,1.95,4.667,0.0438,0.1741,0.2846,0.1151,0.3395,0.1241,BCC+FCC
1,1.95,4.5595,0.0444,0.178,0.2835,0.1275,0.3521,0.1303,BCC+FCC
1,1.9,4.642,0.0452,0.1774,0.2847,0.1203,0.3546,0.1272,BCC+FCC
1,1.85,4.6495,0.049,0.1821,0.2861,0.1252,0.3687,0.1289,BCC+FCC
1,1.8,4.722,0.0543,0.1865,0.2889,0.1314,0.3823,0.1279,BCC+FCC
1,1.8,4.6895,0.0535,0.1863,0.2882,0.1305,0.382,0.1289,BCC+FCC
1,1.8,4.592,0.0478,0.1836,0.2849,0.1273,0.3812,0.1319,BCC+FCC
1,1.75,4.697,0.0552,0.1885,0.289,0.1341,0.3941,0.1292,BCC+FCC
1,1.75,4.632,0.0532,0.1881,0.2874,0.1318,0.3934,0.1315,BCC+FCC
1,1.75,4.567,0.0492,0.1864,0.285,0.1293,0.3927,0.1336,BCC+FCC
1,1.65,4.6795,0.0571,0.1916,0.2896,0.1379,0.4142,0.1292,BCC+FCC
1,1.95,4.6495,0.0498,0.1867,0.2885,0.122,0.3513,0.1443,BCC+FCC
1,1.95,4.627,0.0433,0.17,0.2817,0.1079,0.3365,0.1392,BCC+FCC
1,1.9,4.6995,0.0492,0.1829,0.287,0.1158,0.3536,0.1421,BCC+FCC
1,1.9,4.592,0.0487,0.187,0.2864,0.1282,0.3676,0.1479,BCC+FCC
1,1.9,4.5695,0.0423,0.1704,0.2796,0.1129,0.3537,0.1435,BCC+FCC
1,1.9,4.692,0.0498,0.1828,0.2862,0.1092,0.3464,0.1546,BCC+FCC
1,1.9,4.627,0.0459,0.1752,0.2823,0.108,0.3468,0.1547,BCC+FCC
1,1.85,4.6345,0.0487,0.1834,0.2845,0.1144,0.3647,0.1587,BCC+FCC
1,1.85,4.602,0.0467,0.1797,0.2824,0.1136,0.3648,0.1589,BCC+FCC
1,1.8,4.5445,0.0457,0.1799,0.2802,0.1171,0.3821,0.1627,BCC+FCC
1,1.8,4.512,0.0437,0.1753,0.2775,0.116,0.3821,0.163,BCC+FCC
1,1.75,4.552,0.0485,0.1878,0.2827,0.1214,0.3982,0.1656,BCC+FCC
1,1.85,4.627,0.0479,0.1799,0.2828,0.1081,0.3546,0.1684,BCC+FCC
1,1.75,4.6095,0.0521,0.1925,0.2853,0.1187,0.3911,0.1764,BCC+FCC
1,1.75,4.577,0.0499,0.1888,0.283,0.1177,0.3913,0.1766,BCC+FCC
1,1.8,4.552,0.0462,0.1816,0.2809,0.1219,0.3778,0.187,BCC+FCC
1,1.8,4.5945,0.0468,0.1786,0.2805,0.1074,0.3607,0.1804,BCC+FCC
1,1.8,4.5195,0.0435,0.1738,0.2772,0.1214,0.378,0.1868,BCC+FCC
1,1.75,4.5695,0.0479,0.1838,0.2807,0.1124,0.38,0.1851,BCC+FCC
1,1.75,4.627,0.0501,0.1878,0.2835,0.1081,0.3643,0.1916,BCC+FCC
1,1.75,4.5945,0.0474,0.1819,0.2807,0.1073,0.3647,0.1912,BCC+FCC
1,1.75,4.5195,0.0428,0.1752,0.2768,0.1216,0.3827,0.1979,BCC+FCC
1,1.7,4.5695,0.0486,0.1873,0.2808,0.1122,0.3846,0.1962,BCC+FCC
1,1.65,4.537,0.0458,0.1835,0.2776,0.1108,0.388,0.2059,BCC+FCC
1,2.05,4.6885,0.0474,0.1806,0.3277,0.1236,0.3572,0.1014,BCC+FCC
1,1.95,4.736,0.0546,0.1889,0.3309,0.1342,0.3811,0.1016,BCC+FCC
1,1.95,4.671,0.0519,0.1877,0.3291,0.1324,0.3802,0.1045,BCC+FCC
1,1.95,4.6385,0.0498,0.1865,0.3279,0.1314,0.3798,0.1058,BCC+FCC
1,1.9,4.6135,0.0511,0.1892,0.328,0.1338,0.3889,0.1073,BCC+FCC
1,1.85,4.686,0.0564,0.193,0.331,0.1391,0.3984,0.1034,BCC+FCC
1,2.05,4.681,0.048,0.1811,0.3269,0.1176,0.3608,0.1219,BCC+FCC
1,2.05,4.6485,0.0462,0.178,0.3251,0.117,0.3608,0.1225,BCC+FCC
1,2.05,4.616,0.0445,0.1742,0.3231,0.1163,0.3607,0.1231,BCC+FCC
1,1.95,4.631,0.0495,0.1881,0.3271,0.1269,0.3891,0.1277,BCC+FCC
1,2,4.681,0.051,0.1868,0.3276,0.1177,0.3743,0.1407,BCC+FCC
1,1.95,4.6235,0.0499,0.1873,0.3258,0.1219,0.3901,0.1444,BCC+FCC
1,1.95,4.519,0.0324,0.1301,0.1696,0.1781,0.1996,0.1321,FCC
1,1.9,4.4865,0.0328,0.1328,0.1686,0.1753,0.2196,0.1425,FCC
1,1.65,4.5515,0.0454,0.1555,0.1742,0.1477,0.3125,0.1602,BCC+FCC
1,1.6,4.5715,0.0496,0.1612,0.1769,0.1533,0.3269,0.1696,BCC+FCC
1,1.6,4.624,0.0481,0.1572,0.1761,0.1505,0.3275,0.1626,BCC+FCC
1,1.6,4.5915,0.0481,0.1579,0.1758,0.1483,0.3272,0.163,BCC+FCC
1,1.6,4.5265,0.0466,0.1581,0.1743,0.1435,0.3267,0.1636,BCC+FCC
1,1.6,4.494,0.0452,0.1576,0.1732,0.141,0.3264,0.1639,BCC+FCC
1,1.6,4.5465,0.0454,0.1549,0.1734,0.1368,0.3269,0.1567,BCC+FCC
1,1.6,4.514,0.0441,0.1546,0.1723,0.1345,0.3267,0.1571,BCC+FCC
1,1.55,4.5665,0.0491,0.1599,0.1758,0.1432,0.3401,0.1657,BCC+FCC
1,1.55,4.5865,0.0476,0.1564,0.1747,0.1375,0.3405,0.1584,BCC+FCC
1,1.7,4.6665,0.0483,0.16,0.1778,0.1542,0.2955,0.1656,BCC+FCC
1,1.65,4.589,0.0497,0.165,0.1781,0.1584,0.3139,0.1753,BCC+FCC
1,1.6,4.5315,0.0493,0.1669,0.1771,0.1518,0.3305,0.1796,BCC+FCC
1,1.6,4.689,0.0474,0.1581,0.176,0.1331,0.3302,0.161,BCC+FCC
1,1.6,4.499,0.0472,0.1657,0.1757,0.1493,0.3305,0.1795,BCC+FCC
1,1.6,4.604,0.048,0.1618,0.1762,0.1401,0.3303,0.1681,BCC+FCC
1,1.6,4.624,0.0466,0.1587,0.1752,0.1297,0.3301,0.1616,BCC+FCC
1,1.6,4.6115,0.0443,0.1553,0.1734,0.1149,0.3299,0.155,BCC+FCC
1,1.55,4.539,0.0519,0.1701,0.1783,0.1485,0.346,0.1834,BCC+FCC
1,1.55,4.5915,0.0513,0.1672,0.178,0.1464,0.3461,0.1774,BCC+FCC
1,1.55,4.559,0.0505,0.1672,0.1773,0.144,0.346,0.1776,BCC+FCC
1,1.55,4.579,0.0491,0.1642,0.1763,0.1373,0.346,0.1714,BCC+FCC
1,1.55,4.619,0.0464,0.1577,0.1742,0.1166,0.3459,0.1576,BCC+FCC
1,1.55,4.5865,0.0455,0.1578,0.1735,0.1147,0.3458,0.1581,BCC+FCC
1,1.5,4.5665,0.0523,0.1693,0.1781,0.141,0.3606,0.1803,BCC+FCC
1,1.5,4.639,0.0491,0.1619,0.1762,0.13,0.3609,0.1664,BCC+FCC
1,1.5,4.6065,0.0492,0.1627,0.1759,0.1278,0.3607,0.1669,BCC+FCC
1,1.5,4.5615,0.0467,0.1602,0.1736,0.113,0.3605,0.1606,BCC+FCC
1,1.65,4.634,0.0501,0.1676,0.179,0.1515,0.3076,0.1776,BCC+FCC
1,1.65,4.6865,0.0499,0.1658,0.1789,0.1425,0.3069,0.173,BCC+FCC
1,1.65,4.6015,0.0482,0.1663,0.1779,0.1498,0.3078,0.1773,BCC+FCC
1,1.65,4.6415,0.0457,0.1613,0.1762,0.1268,0.3066,0.1675,BCC+FCC
1,1.6,4.5565,0.0506,0.1718,0.1788,0.1546,0.3271,0.1867,BCC+FCC
1,1.6,4.629,0.0498,0.1678,0.1782,0.1405,0.3261,0.1774,BCC+FCC
1,1.6,4.734,0.0483,0.1622,0.1772,0.1174,0.3248,0.1658,BCC+FCC
1,1.55,4.479,0.0507,0.1754,0.1781,0.1501,0.3451,0.1955,BCC+FCC
1,1.55,4.584,0.0523,0.1731,0.1792,0.1465,0.3443,0.1867,BCC+FCC
1,1.55,4.604,0.0509,0.1704,0.1783,0.1387,0.3439,0.1814,BCC+FCC
1,1.55,4.709,0.0492,0.1642,0.1773,0.1189,0.343,0.1692,BCC+FCC
1,1.55,4.519,0.0484,0.171,0.1767,0.142,0.3444,0.1865,BCC+FCC
1,1.55,4.559,0.0462,0.166,0.1751,0.1247,0.3437,0.176,BCC+FCC
1,1.55,4.5265,0.0438,0.1647,0.1736,0.1226,0.3438,0.176,BCC+FCC
1,1.5,4.7165,0.0497,0.1654,0.1775,0.1209,0.36,0.1716,BCC+FCC
1,1.5,4.494,0.0498,0.1739,0.1768,0.1367,0.361,0.1905,BCC+FCC
1,1.45,4.4815,0.0543,0.1801,0.1791,0.1347,0.3767,0.1992,BCC+FCC
1,1.45,4.5015,0.0531,0.1775,0.1783,0.1327,0.3766,0.1939,BCC+FCC
1,1.45,4.659,0.0509,0.1681,0.1774,0.118,0.3761,0.1745,BCC+FCC
1,1.45,4.5215,0.0518,0.1748,0.1775,0.1282,0.3764,0.1883,BCC+FCC
1,1.7,4.724,0.048,0.1644,0.179,0.1232,0.2718,0.169,BCC+FCC
1,1.7,4.6915,0.0458,0.1626,0.1778,0.1221,0.2722,0.1684,BCC+FCC
1,1.7,4.744,0.0466,0.162,0.178,0.1042,0.2709,0.1647,BCC+FCC
1,1.6,4.654,0.0516,0.1729,0.1801,0.1401,0.3161,0.1844,BCC+FCC
1,1.6,4.569,0.0481,0.1716,0.1781,0.1468,0.3174,0.1875,BCC+FCC
1,1.6,4.7265,0.0501,0.1686,0.179,0.1131,0.3144,0.1752,BCC+FCC
1,1.5,4.5515,0.0532,0.1797,0.1799,0.1425,0.3552,0.198,BCC+FCC
1,1.5,4.709,0.0526,0.1733,0.1796,0.1179,0.353,0.1829,BCC+FCC
1,1.5,4.5715,0.052,0.1774,0.1791,0.135,0.3547,0.1934,BCC+FCC
1,1.5,4.5065,0.0468,0.1742,0.1759,0.1306,0.355,0.1931,BCC+FCC
1,1.45,4.534,0.0499,0.1766,0.177,0.1206,0.372,0.1923,BCC+FCC
1,1.4,4.6265,0.0541,0.1776,0.1793,0.1143,0.3881,0.1891,BCC+FCC
1,1.55,4.6415,0.0509,0.1764,0.1799,0.1251,0.3224,0.1906,BCC+FCC
1,1.55,4.5565,0.047,0.1736,0.177,0.1339,0.3239,0.1932,BCC+FCC
1,1.5,4.6165,0.0521,0.1795,0.18,0.1251,0.3427,0.1956,BCC+FCC
1,1.5,4.5315,0.0482,0.1773,0.1772,0.132,0.3441,0.1988,BCC+FCC
1,1.5,4.584,0.0495,0.1777,0.1784,0.1232,0.343,0.1953,BCC+FCC
1,1.5,4.499,0.0457,0.1744,0.1749,0.1299,0.3443,0.1983,BCC+FCC
1,1.5,4.604,0.0484,0.1756,0.1777,0.1095,0.3422,0.191,BCC+FCC
1,1.5,4.5715,0.0455,0.1736,0.176,0.1077,0.3425,0.1907,BCC+FCC
1,1.45,4.539,0.052,0.1829,0.1792,0.1311,0.363,0.204,BCC+FCC
1,1.45,4.579,0.0497,0.1787,0.1779,0.1094,0.3617,0.1953,BCC+FCC
1,1.4,4.554,0.0511,0.1816,0.178,0.108,0.3802,0.199,BCC+FCC
1,1.65,4.664,0.0483,0.1708,0.1801,0.1331,0.2583,0.1812,BCC+FCC
1,1.6,4.594,0.0438,0.1659,0.1752,0.1173,0.283,0.1849,BCC+FCC
1,1.55,4.569,0.045,0.1704,0.1754,0.1187,0.3063,0.1921,BCC+FCC
1,1.45,4.519,0.0472,0.1787,0.1757,0.1179,0.3491,0.2043,BCC+FCC
1,1.55,4.5615,0.0428,0.1658,0.1734,0.1151,0.2859,0.1912,BCC+FCC
1,1.5,4.5815,0.0496,0.1809,0.1795,0.1324,0.3098,0.2031,BCC+FCC
1,1.5,4.569,0.0467,0.1756,0.1765,0.1178,0.3091,0.2001,BCC+FCC
1,1.5,4.504,0.0413,0.1655,0.1703,0.1144,0.31,0.198,BCC+FCC
1,1.7,4.6205,0.0461,0.1563,0.232,0.1342,0.3381,0.1296,BCC+FCC
1,1.7,4.608,0.0444,0.1534,0.2307,0.1216,0.3383,0.1204,BCC+FCC
1,1.65,4.693,0.0448,0.1541,0.2324,0.1378,0.3491,0.1282,BCC+FCC
1,1.65,4.648,0.0452,0.1534,0.2314,0.124,0.3488,0.1197,BCC+FCC
1,1.85,4.7005,0.0468,0.1596,0.2343,0.1468,0.3037,0.1434,BCC+FCC
1,1.85,4.7205,0.0453,0.1566,0.2335,0.1335,0.3035,0.1361,BCC+FCC
1,1.75,4.618,0.0479,0.1643,0.2338,0.1444,0.3353,0.1514,BCC+FCC
1,1.75,4.6055,0.0452,0.1609,0.2322,0.1321,0.3352,0.1443,BCC+FCC
1,1.75,4.6255,0.0439,0.158,0.2315,0.1191,0.3353,0.1363,BCC+FCC
1,1.7,4.658,0.0502,0.1667,0.235,0.1461,0.3497,0.1536,BCC+FCC
1,1.7,4.763,0.0455,0.1578,0.2333,0.1275,0.3504,0.1355,BCC+FCC
1,1.7,4.678,0.0485,0.1634,0.2341,0.1365,0.3499,0.1456,BCC+FCC
1,1.7,4.633,0.0462,0.1607,0.2323,0.1211,0.3496,0.1385,BCC+FCC
1,1.7,4.568,0.0436,0.16,0.2306,0.1174,0.3491,0.1398,BCC+FCC
1,1.7,4.5355,0.0415,0.1591,0.2294,0.1154,0.3489,0.1404,BCC+FCC
1,1.65,4.528,0.0529,0.175,0.2354,0.1472,0.3609,0.1714,BCC+FCC
1,1.65,4.7055,0.0472,0.1608,0.2334,0.1259,0.3633,0.1383,BCC+FCC
1,1.65,4.6205,0.0493,0.1659,0.2338,0.1327,0.3624,0.1487,BCC+FCC
1,1.65,4.588,0.0487,0.1662,0.2332,0.1306,0.3621,0.1493,BCC+FCC
1,1.65,4.503,0.0471,0.1683,0.2319,0.1334,0.3611,0.1583,BCC+FCC
1,1.6,4.608,0.052,0.1706,0.2351,0.1385,0.3738,0.1581,BCC+FCC
1,1.6,4.4905,0.0513,0.1742,0.2338,0.1339,0.372,0.1676,BCC+FCC
1,1.6,4.5505,0.0476,0.1654,0.2318,0.1156,0.3737,0.1436,BCC+FCC
1,1.85,4.693,0.0474,0.164,0.2351,0.1438,0.2993,0.1532,BCC+FCC
1,1.75,4.6305,0.0465,0.1662,0.2336,0.1312,0.3353,0.1565,BCC+FCC
1,1.75,4.6505,0.0453,0.1636,0.2329,0.117,0.335,0.1498,BCC+FCC
1,1.7,4.6905,0.049,0.1674,0.2346,0.1213,0.3515,0.1525,BCC+FCC
1,1.7,4.553,0.0468,0.1702,0.233,0.1392,0.3518,0.1668,BCC+FCC
1,1.7,4.6055,0.0478,0.1691,0.2337,0.131,0.3517,0.1602,BCC+FCC
1,1.65,4.6255,0.053,0.1756,0.2362,0.1426,0.3672,0.1695,BCC+FCC
1,1.65,4.5405,0.0515,0.1769,0.235,0.1448,0.3671,0.1762,BCC+FCC
1,1.65,4.6005,0.0477,0.1691,0.2331,0.118,0.3669,0.1564,BCC+FCC
1,1.6,4.548,0.0544,0.1803,0.2362,0.1417,0.3812,0.1792,BCC+FCC
1,1.6,4.5355,0.0515,0.177,0.2345,0.1339,0.3811,0.1731,BCC+FCC
1,1.6,4.503,0.0494,0.1761,0.2332,0.1313,0.381,0.1734,BCC+FCC
1,1.55,4.5105,0.0527,0.1795,0.2346,0.1279,0.3941,0.1757,BCC+FCC
1,1.55,4.5505,0.0502,0.174,0.2333,0.1137,0.3945,0.1611,BCC+FCC
1,1.85,4.7255,0.0442,0.1617,0.2341,0.1064,0.2876,0.15,BCC+FCC
1,1.8,4.733,0.0475,0.1668,0.2352,0.1119,0.3083,0.1557,BCC+FCC
1,1.8,4.543,0.0418,0.1617,0.2306,0.1488,0.3111,0.1684,BCC+FCC
1,1.75,4.7205,0.0516,0.1734,0.2368,0.1323,0.3284,0.1662,BCC+FCC
1,1.75,4.688,0.05,0.1723,0.236,0.131,0.3286,0.1661,BCC+FCC
1,1.75,4.6555,0.0479,0.1707,0.2349,0.1296,0.3288,0.166,BCC+FCC
1,1.75,4.708,0.0486,0.1698,0.2353,0.1153,0.328,0.1604,BCC+FCC
1,1.75,4.623,0.0453,0.1686,0.2336,0.1283,0.3289,0.1658,BCC+FCC
1,1.75,4.6105,0.0412,0.1642,0.2315,0.1114,0.3285,0.1602,BCC+FCC
1,1.7,4.6955,0.0526,0.1761,0.2369,0.1333,0.3469,0.1704,BCC+FCC
1,1.7,4.5855,0.0427,0.1678,0.2316,0.1131,0.3469,0.1647,BCC+FCC
1,1.65,4.6705,0.0536,0.1786,0.237,0.1332,0.3644,0.1741,BCC+FCC
1,1.65,4.5855,0.0516,0.1791,0.2357,0.1397,0.3649,0.18,BCC+FCC
1,1.65,4.6055,0.0504,0.1768,0.2351,0.1297,0.3645,0.1744,BCC+FCC
1,1.65,4.6255,0.0491,0.1744,0.2345,0.1171,0.3642,0.1683,BCC+FCC
1,1.65,4.5405,0.0451,0.1733,0.2322,0.1259,0.3647,0.1745,BCC+FCC
1,1.6,4.5405,0.0541,0.1842,0.2363,0.1428,0.3815,0.1891,BCC+FCC
1,1.6,4.508,0.0515,0.1826,0.2348,0.1402,0.3815,0.1891,BCC+FCC
1,1.6,4.4755,0.0487,0.1806,0.2331,0.1374,0.3815,0.1891,BCC+FCC
1,1.6,4.5805,0.0516,0.1795,0.2352,0.1279,0.381,0.1778,BCC+FCC
1,1.6,4.568,0.0482,0.176,0.2333,0.1147,0.3807,0.1719,BCC+FCC
1,1.6,4.5355,0.0456,0.1745,0.2318,0.1126,0.3807,0.1721,BCC+FCC
1,1.55,4.483,0.0529,0.1856,0.235,0.1334,0.3967,0.1927,BCC+FCC
1,1.55,4.503,0.0517,0.1834,0.2345,0.129,0.3966,0.1871,BCC+FCC
1,1.8,4.6205,0.0447,0.1656,0.2332,0.1375,0.2972,0.1691,BCC+FCC
1,1.75,4.713,0.0518,0.1764,0.2373,0.1285,0.3167,0.1733,BCC+FCC
1,1.75,4.628,0.0482,0.1733,0.2351,0.1397,0.3181,0.1765,BCC+FCC
1,1.75,4.5955,0.0458,0.17,0.2333,0.1383,0.3184,0.1758,BCC+FCC
1,1.75,4.648,0.0472,0.1716,0.2346,0.1261,0.3173,0.1725,BCC+FCC
1,1.75,4.7005,0.048,0.1723,0.2355,0.1104,0.3162,0.1684,BCC+FCC
1,1.7,4.688,0.0529,0.1795,0.2374,0.1302,0.3369,0.1785,BCC+FCC
1,1.7,4.5705,0.0469,0.1741,0.2334,0.138,0.3384,0.1818,BCC+FCC
1,1.7,4.623,0.0482,0.1753,0.2347,0.1274,0.3374,0.1779,BCC+FCC
1,1.7,4.6755,0.0493,0.1756,0.2356,0.1135,0.3365,0.1734,BCC+FCC
1,1.7,4.538,0.0444,0.1705,0.2313,0.1363,0.3386,0.1813,BCC+FCC
1,1.65,4.598,0.0492,0.1788,0.2348,0.1275,0.3565,0.1828,BCC+FCC
1,1.65,4.4805,0.0431,0.1709,0.2291,0.1326,0.3577,0.1863,BCC+FCC
1,1.6,4.468,0.0473,0.1801,0.2318,0.1384,0.3761,0.1958,BCC+FCC
1,1.6,4.488,0.0466,0.1787,0.2316,0.1316,0.3755,0.1915,BCC+FCC
1,1.6,4.593,0.0492,0.1801,0.2345,0.1142,0.3741,0.1819,BCC+FCC
1,1.6,4.508,0.0457,0.1771,0.2313,0.1223,0.375,0.1869,BCC+FCC
1,1.6,4.528,0.0445,0.1755,0.231,0.1103,0.3745,0.1819,BCC+FCC
1,1.55,4.6005,0.0529,0.1845,0.2359,0.1153,0.3914,0.1852,BCC+FCC
1,1.5,4.5755,0.0542,0.1872,0.236,0.1132,0.408,0.1882,BCC+FCC
1,1.5,4.543,0.0518,0.186,0.2347,0.1108,0.408,0.1885,BCC+FCC
1,1.45,4.583,0.0571,0.1902,0.2372,0.1123,0.4237,0.1904,BCC+FCC
1,1.75,4.6405,0.0462,0.1698,0.2338,0.1221,0.3015,0.1757,BCC+FCC
1,1.75,4.6605,0.0456,0.1686,0.2334,0.1038,0.3005,0.1724,BCC+FCC
1,1.65,4.623,0.0509,0.1815,0.2359,0.1265,0.3437,0.1888,BCC+FCC
1,1.65,4.5905,0.0484,0.1783,0.234,0.1249,0.3441,0.1883,BCC+FCC
1,1.65,4.558,0.0459,0.1746,0.2319,0.1233,0.3444,0.1878,BCC+FCC
1,1.65,4.6105,0.0476,0.1769,0.2337,0.1099,0.3432,0.1844,BCC+FCC
1,1.6,4.513,0.0474,0.1801,0.2322,0.1331,0.3648,0.197,BCC+FCC
1,1.6,4.5855,0.0486,0.1807,0.2338,0.1111,0.363,0.1894,BCC+FCC
1,1.5,4.568,0.0528,0.1898,0.2357,0.1116,0.3998,0.1977,BCC+FCC
1,1.65,4.5955,0.049,0.1805,0.235,0.1364,0.3284,0.1942,BCC+FCC
1,1.65,4.6355,0.0488,0.1783,0.2345,0.1069,0.3263,0.1887,BCC+FCC
1,1.65,4.5505,0.0436,0.1699,0.2299,0.1202,0.3282,0.1899,BCC+FCC
1,1.6,4.5055,0.0444,0.1756,0.2301,0.1319,0.3502,0.1993,BCC+FCC
1,1.6,4.473,0.0415,0.1699,0.227,0.1299,0.3506,0.1984,BCC+FCC
1,1.55,4.5205,0.0461,0.1788,0.23,0.1061,0.3686,0.199,BCC+FCC
1,1.6,4.5305,0.0434,0.1741,0.2304,0.132,0.3318,0.1995,BCC+FCC
1,1.6,4.5505,0.0443,0.1738,0.2304,0.1193,0.3307,0.1978,BCC+FCC
1,1.6,4.5705,0.045,0.1734,0.2303,0.1033,0.3296,0.1957,BCC+FCC
1,1.5,4.5205,0.0474,0.1833,0.2306,0.1048,0.372,0.2083,BCC+FCC
1,2,4.722,0.0427,0.1555,0.2802,0.1195,0.309,0.1059,BCC+FCC
1,1.85,4.712,0.0471,0.1633,0.2815,0.1283,0.3503,0.114,BCC+FCC
1,1.8,4.6545,0.0478,0.1658,0.2811,0.1266,0.3606,0.1171,BCC+FCC
1,1.8,4.622,0.0472,0.1659,0.2805,0.1248,0.3601,0.1182,BCC+FCC
1,1.75,4.6945,0.0485,0.1661,0.2819,0.1292,0.3709,0.1162,BCC+FCC
1,1.75,4.662,0.0489,0.1671,0.2816,0.1273,0.3703,0.1175,BCC+FCC
1,2,4.6945,0.0437,0.1614,0.281,0.1316,0.3089,0.1297,BCC+FCC
1,1.95,4.722,0.0456,0.1638,0.2815,0.1191,0.3259,0.1265,BCC+FCC
1,1.95,4.657,0.0413,0.1605,0.2794,0.1169,0.3259,0.1271,BCC+FCC
1,1.9,4.6895,0.0511,0.1729,0.2836,0.1496,0.3423,0.1457,BCC+FCC
1,1.9,4.677,0.0481,0.1693,0.2822,0.1363,0.3421,0.1385,BCC+FCC
1,1.85,4.6195,0.0474,0.171,0.2812,0.1351,0.3568,0.1425,BCC+FCC
1,1.85,4.672,0.0478,0.1695,0.2817,0.1236,0.357,0.1337,BCC+FCC
1,1.85,4.6395,0.0462,0.1685,0.2807,0.1221,0.3568,0.1343,BCC+FCC
1,1.8,4.647,0.0489,0.172,0.2818,0.1242,0.3708,0.1366,BCC+FCC
1,1.75,4.602,0.0514,0.1772,0.2824,0.1338,0.383,0.1475,BCC+FCC
1,1.75,4.6545,0.051,0.1746,0.2826,0.1254,0.3836,0.1381,BCC+FCC
1,1.7,4.662,0.0524,0.1763,0.2832,0.1258,0.3954,0.1389,BCC+FCC
1,1.7,4.5445,0.0511,0.1791,0.2815,0.1279,0.3938,0.1504,BCC+FCC
1,1.65,4.6695,0.053,0.1773,0.2836,0.1254,0.406,0.1392,BCC+FCC
1,1.65,4.637,0.0532,0.1781,0.2832,0.123,0.4056,0.1402,BCC+FCC
1,1.65,4.572,0.0523,0.1789,0.282,0.118,0.4047,0.1423,BCC+FCC
1,1.95,4.6945,0.0463,0.1685,0.2821,0.1311,0.3215,0.1455,BCC+FCC
1,1.95,4.682,0.0427,0.164,0.2803,0.113,0.3211,0.1391,BCC+FCC
1,1.85,4.7295,0.0512,0.1756,0.2837,0.1225,0.3562,0.1475,BCC+FCC
1,1.85,4.6445,0.0488,0.1753,0.2823,0.1341,0.3566,0.1548,BCC+FCC
1,1.75,4.712,0.054,0.1808,0.2845,0.1264,0.3876,0.1531,BCC+FCC
1,1.7,4.687,0.0549,0.1829,0.2846,0.126,0.4018,0.1554,BCC+FCC
1,1.7,4.537,0.0501,0.1827,0.2812,0.1276,0.4013,0.1651,BCC+FCC
1,1.65,4.5445,0.0537,0.1867,0.2826,0.1258,0.4143,0.167,BCC+FCC
1,1.65,4.532,0.0503,0.1833,0.2809,0.1149,0.4143,0.1601,BCC+FCC
1,1.9,4.6295,0.045,0.1686,0.2799,0.1282,0.3315,0.1586,BCC+FCC
1,1.9,4.6495,0.0441,0.1672,0.2796,0.1116,0.3309,0.1534,BCC+FCC
1,1.85,4.702,0.0528,0.1808,0.2845,0.1337,0.3498,0.1645,BCC+FCC
1,1.85,4.657,0.0469,0.1743,0.2814,0.1158,0.3496,0.1587,BCC+FCC
1,1.85,4.592,0.043,0.1677,0.2778,0.1131,0.3499,0.1584,BCC+FCC
1,1.8,4.6445,0.0514,0.182,0.2833,0.1331,0.3679,0.1689,BCC+FCC
1,1.8,4.5995,0.0458,0.1752,0.2798,0.1163,0.3676,0.1631,BCC+FCC
1,1.8,4.5145,0.0425,0.1694,0.2759,0.1265,0.3683,0.1686,BCC+FCC
1,1.75,4.7045,0.0554,0.1857,0.2851,0.1234,0.3842,0.1663,BCC+FCC
1,1.7,4.5745,0.0551,0.1902,0.2839,0.1398,0.4012,0.1822,BCC+FCC
1,1.7,4.627,0.0561,0.1896,0.2847,0.1332,0.4009,0.1761,BCC+FCC
1,1.7,4.5945,0.0538,0.1882,0.2835,0.1312,0.4009,0.1763,BCC+FCC
1,1.65,4.517,0.0536,0.1914,0.2824,0.1327,0.4163,0.1856,BCC+FCC
1,1.6,4.532,0.0526,0.1903,0.2819,0.1129,0.4303,0.1757,BCC+FCC
1,1.55,4.572,0.058,0.1946,0.2845,0.1137,0.4441,0.1766,BCC+FCC
1,1.85,4.7145,0.0511,0.1796,0.2837,0.1133,0.3376,0.1668,BCC+FCC
1,1.85,4.597,0.0447,0.1695,0.2785,0.1263,0.3392,0.1699,BCC+FCC
1,1.8,4.572,0.0458,0.1742,0.2786,0.1273,0.3587,0.1757,BCC+FCC
1,1.75,4.6445,0.0543,0.1883,0.2843,0.1322,0.3765,0.1815,BCC+FCC
1,1.75,4.632,0.0509,0.184,0.2824,0.1169,0.3761,0.1763,BCC+FCC
1,1.75,4.5995,0.0486,0.1811,0.2806,0.1153,0.3763,0.1762,BCC+FCC
1,1.7,4.502,0.0483,0.1841,0.2789,0.1349,0.3954,0.1901,BCC+FCC
1,1.7,4.5095,0.0452,0.1779,0.2764,0.1117,0.3945,0.1803,BCC+FCC
1,1.65,4.477,0.0495,0.1882,0.2791,0.1306,0.4122,0.1944,BCC+FCC
1,1.8,4.6095,0.0485,0.1798,0.2814,0.1401,0.3452,0.1842,BCC+FCC
1,1.8,4.5645,0.0433,0.1684,0.2764,0.1241,0.345,0.1795,BCC+FCC
1,1.8,4.617,0.0462,0.1733,0.2789,0.1093,0.3438,0.1767,BCC+FCC
1,1.75,4.5195,0.0439,0.1742,0.2765,0.1363,0.3658,0.1892,BCC+FCC
1,1.75,4.572,0.0472,0.1789,0.2791,0.1263,0.3647,0.1864,BCC+FCC
1,1.75,4.5395,0.0445,0.1738,0.2765,0.1246,0.365,0.1858,BCC+FCC
1,1.75,4.5595,0.0448,0.1732,0.2765,0.1101,0.3642,0.1821,BCC+FCC
1,1.7,4.547,0.0484,0.1835,0.2792,0.1258,0.3839,0.1918,BCC+FCC
1,1.7,4.5345,0.0459,0.1781,0.2767,0.1109,0.3834,0.1874,BCC+FCC
1,1.7,4.502,0.0434,0.1729,0.2739,0.109,0.3836,0.187,BCC+FCC
1,1.6,4.5495,0.0531,0.194,0.2815,0.113,0.4191,0.1963,BCC+FCC
1,1.6,4.517,0.0506,0.1908,0.2794,0.1107,0.4193,0.1963,BCC+FCC
1,1.75,4.577,0.0458,0.1784,0.2794,0.1376,0.3494,0.192,BCC+FCC
1,1.75,4.5445,0.0426,0.172,0.2766,0.136,0.3498,0.191,BCC+FCC
1,1.7,4.6245,0.0513,0.1871,0.2818,0.1123,0.3676,0.1933,BCC+FCC
1,1.7,4.507,0.0421,0.1711,0.2738,0.1217,0.3696,0.1945,BCC+FCC
1,1.65,4.462,0.0423,0.177,0.2737,0.1304,0.3902,0.2036,BCC+FCC
1,1.6,4.542,0.051,0.1915,0.2797,0.111,0.4069,0.203,BCC+FCC
1,1.7,4.5445,0.0421,0.1748,0.2767,0.1349,0.3521,0.1983,BCC+FCC
1,1.7,4.597,0.0469,0.1816,0.2797,0.1239,0.3506,0.1976,BCC+FCC
1,1.95,4.6935,0.0501,0.1748,0.3251,0.1297,0.3712,0.1127,BCC+FCC
1,2,4.6835,0.0505,0.1794,0.325,0.1358,0.3606,0.1487,BCC+FCC
1,2,4.671,0.0472,0.1749,0.3232,0.1192,0.3603,0.1422,BCC+FCC
1,1.95,4.711,0.0523,0.1832,0.3261,0.1241,0.3768,0.146,BCC+FCC
1,1.95,4.6835,0.053,0.1853,0.3258,0.1351,0.3705,0.1628,BCC+FCC
1,1.95,4.7035,0.0521,0.1838,0.3255,0.1199,0.3699,0.1571,BCC+FCC
1,1.95,4.671,0.0499,0.1806,0.3239,0.1187,0.3701,0.157,BCC+FCC
1,1.9,4.561,0.0467,0.1783,0.3201,0.1313,0.3883,0.1671,BCC+FCC
1,1.85,4.686,0.0564,0.1927,0.3271,0.1248,0.4041,0.1649,BCC+FCC
1,1.85,4.5885,0.0497,0.1851,0.3223,0.12,0.4044,0.1655,BCC+FCC
1,1.85,4.491,0.043,0.1726,0.3152,0.1145,0.4046,0.1658,BCC+FCC
1,1.8,4.5635,0.0507,0.1889,0.3224,0.1194,0.4202,0.169,BCC+FCC
1,1.9,4.671,0.0521,0.1859,0.3245,0.1181,0.3775,0.1702,BCC+FCC
1,1.9,4.6385,0.0496,0.1819,0.3225,0.1168,0.3778,0.1699,BCC+FCC
1,1.85,4.646,0.0532,0.1899,0.3246,0.12,0.3958,0.1748,BCC+FCC
1,1.85,4.6135,0.0507,0.1863,0.3227,0.1185,0.396,0.1747,BCC+FCC
1,1.85,4.516,0.0433,0.1714,0.3151,0.1135,0.3966,0.1742,BCC+FCC
1,1.8,4.5885,0.0518,0.1903,0.3228,0.1189,0.4135,0.1789,BCC+FCC
1,1.8,4.491,0.0444,0.1767,0.3152,0.1132,0.414,0.1788,BCC+FCC
1,1.75,4.4785,0.0478,0.1873,0.3181,0.124,0.431,0.1881,BCC+FCC
1,1.75,4.531,0.0505,0.1907,0.3207,0.1159,0.4304,0.1827,BCC+FCC
1,1.85,4.6185,0.0504,0.1871,0.323,0.1307,0.3841,0.1855,BCC+FCC
1,1.85,4.671,0.0536,0.1908,0.3251,0.1175,0.383,0.1819,BCC+FCC
1,1.85,4.5735,0.0455,0.1755,0.3179,0.1132,0.3839,0.1806,BCC+FCC
1,1.7,4.4985,0.0491,0.1907,0.3183,0.1121,0.4383,0.1949,BCC+FCC
1,2.1,4.6925,0.0503,0.182,0.3634,0.1263,0.3838,0.1268,BCC+FCC
1,1.85,4.495,0.0505,0.1934,0.3586,0.1172,0.4528,0.158,BCC+FCC
1,1.9,4.505,0.0448,0.1784,0.3526,0.1166,0.433,0.1773,BCC+FCC
1,1.9,4.4725,0.0421,0.1713,0.3492,0.1146,0.4331,0.1772,BCC+FCC
1,1.6,4.5205,0.0459,0.1741,0.1977,0.1245,0.3558,0.1389,BCC+FCC
1,1.6,4.478,0.0437,0.184,0.1963,0.1296,0.3733,0.191,BCC+FCC
1,1.55,4.4855,0.0465,0.1902,0.1988,0.1307,0.3894,0.1935,BCC+FCC
1,1.55,4.5055,0.045,0.1885,0.1984,0.1181,0.3891,0.1873,BCC+FCC
1,1.65,4.4745,0.0451,0.1932,0.2129,0.1151,0.3933,0.2084,BCC+FCC
1,1.7,4.502,0.0454,0.1837,0.2506,0.1258,0.3765,0.1381,BCC+FCC
1,1.65,4.5095,0.049,0.1868,0.2521,0.1263,0.3841,0.1375,BCC+FCC
1,1.7,4.467,0.0448,0.188,0.2485,0.1332,0.3955,0.1787,BCC+FCC
1,1.65,4.4945,0.0463,0.1926,0.2507,0.1223,0.4094,0.1732,BCC+FCC
1,1.7,4.4595,0.044,0.1851,0.2461,0.1309,0.3934,0.1898,BCC+FCC
1,1.7,4.4795,0.0437,0.1842,0.2461,0.1172,0.3931,0.184,BCC+FCC
1,1.5,4.519,0.0491,0.1776,0.1816,0.1356,0.3718,0.1641,BCC+FCC
1,1.45,4.519,0.0514,0.1852,0.1833,0.1345,0.3888,0.1796,BCC+FCC
1,1.65,4.508,0.0475,0.1742,0.2364,0.1401,0.3524,0.126,BCC+FCC
1,1.7,4.4705,0.0405,0.1666,0.228,0.1257,0.3544,0.1792,BCC+FCC
1,1.65,4.478,0.0437,0.177,0.2313,0.129,0.3723,0.1836,BCC+FCC
1,1.75,4.4355,0.0371,0.1558,0.2256,0.1439,0.3567,0.1945,BCC+FCC
1,1.65,4.453,0.0396,0.1678,0.2275,0.137,0.3643,0.2027,BCC+FCC
1,1.85,4.442,0.0406,0.1677,0.2737,0.1435,0.3804,0.1711,BCC+FCC
1,1.6,4.6755,0.0501,0.1762,0.2026,0.1553,0.3575,0.1514,BCC+FCC
1,1.65,4.483,0.0548,0.1925,0.2045,0.1721,0.3568,0.1959,BCC+FCC
1,1.65,4.6405,0.0548,0.1866,0.2052,0.1626,0.3584,0.1756,BCC+FCC
1,1.6,4.6155,0.0557,0.1886,0.2053,0.1604,0.3709,0.1773,BCC+FCC
1,1.6,4.668,0.054,0.185,0.2047,0.154,0.3716,0.169,BCC+FCC
1,1.6,4.773,0.0484,0.1758,0.2023,0.1338,0.3727,0.1499,BCC+FCC
1,1.55,4.643,0.0548,0.1866,0.2048,0.1522,0.383,0.1701,BCC+FCC
1,1.6,4.713,0.0552,0.1887,0.2057,0.1426,0.3759,0.1758,BCC+FCC
1,1.55,4.7405,0.0537,0.1865,0.2048,0.1318,0.3904,0.1687,BCC+FCC
1,1.5,4.714,0.0518,0.1751,0.1853,0.1443,0.3731,0.1595,BCC+FCC
4,2,4.7305,0.0377,0.1656,0.2041,0.0768,0.257,0.1155,FCC
1,2.05,4.7095,0.0481,0.1906,0.2628,0.1032,0.3138,0.12,BCC+FCC
1,2.05,4.6785,0.0491,0.1989,0.2752,0.0951,0.3472,0.1347,BCC+FCC
1,2.05,4.602,0.0482,0.1909,0.2608,0.1128,0.326,0.1256,BCC+FCC
1,2,4.5695,0.0479,0.1888,0.2577,0.1142,0.3437,0.1462,BCC+FCC
1,1.95,4.687,0.0474,0.1854,0.2571,0.0936,0.3271,0.154,BCC+FCC
1,1.9,4.5045,0.044,0.1773,0.2491,0.1167,0.3689,0.1791,BCC+FCC
1,1.9,4.5895,0.044,0.1752,0.25,0.0937,0.3369,0.1694,BCC+FCC
1,1.85,4.4945,0.0431,0.1828,0.2502,0.1256,0.3928,0.1962,BCC+FCC
1,2.1,4.666,0.0508,0.1963,0.305,0.1155,0.3504,0.1209,BCC+FCC
1,2.1,4.7085,0.0472,0.1872,0.3023,0.1044,0.3383,0.1171,BCC+FCC
1,2.05,4.676,0.0487,0.1893,0.3011,0.1049,0.3538,0.1381,BCC+FCC
1,1.9,4.6595,0.0473,0.1904,0.2231,0.1223,0.3209,0.179,BCC+FCC
1,1.85,4.7005,0.0451,0.1742,0.2021,0.1184,0.2762,0.1709,BCC+FCC
1,1.85,4.668,0.0432,0.1708,0.2002,0.1178,0.2765,0.1706,BCC+FCC
1,1.85,4.562,0.0427,0.1804,0.2156,0.121,0.3302,0.1918,BCC+FCC
1,1.85,4.582,0.0431,0.1801,0.2156,0.0984,0.3295,0.1866,BCC+FCC
1,1.8,4.668,0.0456,0.1762,0.2013,0.1179,0.2831,0.1818,BCC+FCC
1,1.8,4.603,0.0412,0.1668,0.1964,0.1165,0.2838,0.1807,BCC+FCC
1,1.8,4.5295,0.041,0.1765,0.2121,0.1204,0.337,0.2029,BCC+FCC
1,1.75,4.668,0.0475,0.1811,0.2024,0.1179,0.2877,0.1918,BCC+FCC
1,1.75,4.6355,0.045,0.1764,0.1999,0.1172,0.2881,0.1911,BCC+FCC
1,1.75,4.603,0.0426,0.1709,0.1971,0.1164,0.2885,0.1904,BCC+FCC
1,1.7,4.6355,0.0461,0.1805,0.2007,0.1171,0.291,0.1999,BCC+FCC
1,2.05,4.681,0.0475,0.1922,0.2724,0.1305,0.3345,0.1492,BCC+FCC
1,1.95,4.701,0.0522,0.2013,0.2738,0.11,0.3598,0.1737,BCC+FCC
1,1.95,4.6685,0.0502,0.1978,0.2718,0.1096,0.36,0.1741,BCC+FCC
1,1.95,4.5185,0.0415,0.1774,0.2605,0.1279,0.361,0.1815,BCC+FCC
1,1.9,4.657,0.0467,0.1802,0.253,0.1254,0.3206,0.1741,BCC+FCC
1,1.9,4.6245,0.0445,0.1759,0.2509,0.1246,0.3209,0.1739,BCC+FCC
1,1.9,4.5185,0.042,0.1799,0.2604,0.1278,0.3701,0.1941,BCC+FCC
1,1.9,4.571,0.0454,0.1869,0.2641,0.1084,0.3692,0.1886,BCC+FCC
1,1.85,4.6445,0.0461,0.1796,0.2513,0.1044,0.3266,0.181,BCC+FCC
1,1.85,4.612,0.0439,0.1743,0.2488,0.1036,0.327,0.1807,BCC+FCC
1,1.8,4.6245,0.047,0.1841,0.252,0.1243,0.3322,0.1956,BCC+FCC
1,1.8,4.571,0.0461,0.1918,0.2641,0.1087,0.3806,0.212,BCC+FCC
1,1.8,4.612,0.045,0.178,0.2492,0.1036,0.3316,0.1914,BCC+FCC
1,1.75,4.6245,0.0473,0.1875,0.2524,0.124,0.3353,0.2048,BCC+FCC
1,1.75,4.5795,0.0429,0.1743,0.2463,0.1027,0.335,0.2005,BCC+FCC
1,2.1,4.666,0.0413,0.172,0.2959,0.1135,0.3251,0.1234,BCC+FCC
1,2.05,4.6985,0.0463,0.1811,0.2984,0.1142,0.3399,0.1414,BCC+FCC
1,2.05,4.6335,0.0429,0.174,0.2946,0.1129,0.3399,0.1421,BCC+FCC
1,1.95,4.6985,0.0516,0.1918,0.2998,0.1143,0.3601,0.1716,BCC+FCC
1,1.9,4.6135,0.0478,0.1877,0.2959,0.1307,0.368,0.1888,BCC+FCC
1,1.9,4.666,0.0509,0.1922,0.2983,0.1135,0.3669,0.1843,BCC+FCC
1,1.85,4.5285,0.0409,0.1766,0.2896,0.1427,0.3744,0.2022,BCC+FCC
1,1.85,4.5485,0.0422,0.1773,0.2899,0.1283,0.3736,0.1987,BCC+FCC
1,2.05,4.505,0.0405,0.1685,0.3263,0.1338,0.3897,0.1666,BCC+FCC
1,2,4.4915,0.0365,0.1512,0.1819,0.2073,0.2153,0.1469,FCC
1,2,4.479,0.0339,0.1443,0.1785,0.196,0.2151,0.1414,FCC
1,2,4.489,0.0304,0.1297,0.1717,0.1833,0.1958,0.1301,FCC
1,1.95,4.4065,0.0344,0.1609,0.185,0.2268,0.2692,0.1758,FCC
1,1.95,4.499,0.0354,0.1484,0.179,0.184,0.235,0.1495,FCC
1,1.9,4.489,0.0337,0.1404,0.1733,0.1822,0.2308,0.1531,FCC
1,1.85,4.4265,0.0308,0.1467,0.1755,0.2043,0.2634,0.1761,FCC
1,1.8,4.699,0.0459,0.1674,0.1845,0.1278,0.2448,0.1644,BCC+FCC
1,2.05,4.623,0.0435,0.1729,0.2441,0.1348,0.2773,0.1156,BCC+FCC
1,1.9,4.688,0.047,0.1718,0.2396,0.1353,0.2857,0.1576,BCC+FCC
1,1.9,4.6755,0.044,0.1666,0.2374,0.115,0.2851,0.1521,BCC+FCC
1,1.85,4.623,0.0442,0.1681,0.2363,0.1342,0.2936,0.1682,BCC+FCC
1,1.85,4.6755,0.0464,0.172,0.2383,0.1153,0.2923,0.1646,BCC+FCC
1,1.85,4.643,0.0442,0.1673,0.2361,0.1148,0.2927,0.1641,BCC+FCC
1,1.8,4.6105,0.0432,0.1659,0.2341,0.1144,0.2983,0.1743,BCC+FCC
1,1.8,4.493,0.0386,0.1586,0.2305,0.1378,0.3365,0.19,BCC+FCC
1,1.8,4.578,0.0408,0.1592,0.231,0.1138,0.2987,0.1735,BCC+FCC
1,2.05,4.5895,0.0431,0.1692,0.2833,0.1348,0.321,0.1317,BCC+FCC
1,1.95,4.5245,0.0409,0.1624,0.2772,0.1347,0.3453,0.1626,BCC+FCC
1,1.9,4.547,0.0408,0.1629,0.277,0.139,0.3371,0.1718,BCC+FCC
1,1.8,4.5995,0.0449,0.176,0.2804,0.1223,0.3449,0.189,BCC+FCC
1,2.05,4.6535,0.0485,0.1801,0.3256,0.131,0.358,0.1443,BCC+FCC
1,1.9,4.556,0.0428,0.1716,0.3175,0.1283,0.3816,0.1829,BCC+FCC
1,1.85,4.556,0.0423,0.1731,0.3172,0.1281,0.3855,0.193,BCC+FCC
1,1.8,4.412,0.0371,0.1594,0.2029,0.1437,0.3714,0.2135,BCC+FCC
1,2.35,4.2665,0.0283,0.1464,0.4233,0.2173,0.5475,0.1893,BCC+FCC
1,2.35,4.268,0.0296,0.1556,0.4275,0.2084,0.5749,0.196,BCC+FCC
1,2.35,4.2895,0.0262,0.1568,0.4144,0.2082,0.5973,0.1788,BCC+FCC
1,2.35,4.2765,0.0316,0.1544,0.4318,0.2016,0.5479,0.1897,BCC+FCC
1,2.3,4.2865,0.0264,0.1425,0.4214,0.2086,0.5852,0.1972,BCC+FCC
4,1.75,4.4075,0.0443,0.2454,0.4015,0.2908,0.5127,0.1453,BCC
3,1.75,4.4045,0.0474,0.2731,0.4665,0.2984,0.486,0.1374,BCC
1,1.95,4.5115,0.0352,0.1689,0.1767,0.2326,0.213,0.1122,FCC
3,1.7,4.4695,0.1105,0.526,0.3514,0.2962,0.5636,0.0996,IM
4,1.95,4.738,0.0432,0.2037,0.1953,0.1752,0.2651,0.1041,FCC
1,1.95,4.703,0.0441,0.1819,0.2117,0.1102,0.2827,0.0984,BCC+FCC
1,1.9,4.7445,0.0505,0.1979,0.231,0.1115,0.3312,0.1098,BCC+FCC
1,1.9,4.6795,0.047,0.1966,0.229,0.1113,0.3302,0.1132,BCC+FCC
1,1.85,4.718,0.0495,0.1882,0.2139,0.1275,0.3071,0.0967,BCC+FCC
1,1.85,4.7605,0.0449,0.1708,0.2059,0.1162,0.2986,0.0946,BCC+FCC
1,1.8,4.758,0.0513,0.1895,0.215,0.1349,0.3176,0.0925,BCC+FCC
1,1.8,4.5955,0.0457,0.1889,0.2107,0.1337,0.314,0.1024,BCC+FCC
1,1.75,4.678,0.0466,0.1751,0.2057,0.1277,0.3177,0.0974,BCC+FCC
1,1.7,4.718,0.047,0.1748,0.2062,0.1335,0.3263,0.093,BCC+FCC
1,1.7,4.6855,0.0475,0.176,0.2061,0.1328,0.3254,0.0951,BCC+FCC
1,1.7,4.653,0.0476,0.1769,0.2057,0.132,0.3246,0.0972,BCC+FCC
1,1.7,4.6205,0.0471,0.1775,0.2052,0.1312,0.3237,0.0992,BCC+FCC
1,1.65,4.6605,0.0484,0.1775,0.2062,0.1363,0.3302,0.0944,BCC+FCC
1,2.05,4.6535,0.0464,0.1972,0.2746,0.1045,0.3403,0.1134,BCC+FCC
1,2,4.7345,0.0454,0.1792,0.2584,0.1104,0.3092,0.0939,BCC+FCC
1,1.95,4.677,0.0448,0.1809,0.2575,0.1175,0.3206,0.0969,BCC+FCC
1,1.95,4.6445,0.0425,0.1797,0.2562,0.1171,0.3201,0.0985,BCC+FCC
1,1.9,4.717,0.0488,0.1844,0.2593,0.1246,0.3318,0.0943,BCC+FCC
1,1.75,4.707,0.052,0.1888,0.2605,0.1395,0.3534,0.0891,BCC+FCC
1,1.7,4.747,0.0507,0.1874,0.2607,0.1442,0.358,0.0824,BCC+FCC
1,1.7,4.5845,0.0521,0.1925,0.2589,0.1391,0.3523,0.0951,BCC+FCC
1,1.95,4.707,0.0461,0.1845,0.2241,0.1346,0.3072,0.1325,BCC+FCC
1,1.7,4.712,0.0523,0.1928,0.2263,0.1537,0.3574,0.1294,BCC+FCC
1,1.7,4.7645,0.0491,0.188,0.2252,0.1413,0.3596,0.1151,BCC+FCC
1,1.7,4.6995,0.0511,0.1908,0.2252,0.1393,0.358,0.1188,BCC+FCC
1,1.65,4.7395,0.0497,0.1891,0.2252,0.1435,0.3642,0.1139,BCC+FCC
1,1.65,4.5655,0.0465,0.1677,0.1985,0.1404,0.3219,0.1254,BCC+FCC
1,1.65,4.5855,0.0451,0.1643,0.1975,0.1291,0.3234,0.1135,BCC+FCC
1,2.05,4.676,0.0429,0.1879,0.2712,0.1161,0.3297,0.1223,BCC+FCC
1,1.95,4.6795,0.0448,0.1705,0.253,0.1398,0.3101,0.1179,BCC+FCC
1,1.95,4.691,0.0497,0.1962,0.2739,0.1286,0.3538,0.1219,BCC+FCC
1,1.85,4.6945,0.0483,0.175,0.2543,0.146,0.3322,0.1189,BCC+FCC
1,1.85,4.6495,0.0456,0.1724,0.2525,0.1298,0.3319,0.1097,BCC+FCC
1,1.8,4.7545,0.0463,0.1714,0.2538,0.1364,0.3428,0.104,BCC+FCC
1,1.75,4.632,0.0484,0.1761,0.2532,0.1336,0.3468,0.1094,BCC+FCC
1,1.75,4.5995,0.0478,0.1766,0.2526,0.132,0.3459,0.1111,BCC+FCC
1,1.75,4.5345,0.0453,0.1766,0.2508,0.1288,0.3441,0.1142,BCC+FCC
4,1.95,4.694,0.0438,0.205,0.1837,0.1811,0.2379,0.0908,FCC
4,1.95,4.7365,0.0416,0.1922,0.1751,0.1783,0.2235,0.0855,FCC
4,1.9,4.7115,0.0428,0.1947,0.1752,0.1866,0.2408,0.0886,FCC
4,2,4.5165,0.0293,0.1322,0.173,0.175,0.1918,0.1171,FCC
3,1.7,4.51,0.1127,0.5444,0.3575,0.2482,0.6224,0.1184,IM
3,1.7,4.5725,0.1117,0.4959,0.3465,0.2458,0.5919,0.1207,IM
3,1.8,4.574,0.0934,0.4511,0.3462,0.2385,0.6519,0.1411,IM
4,1.7,4.606,0.1053,0.4451,0.3074,0.2634,0.6011,0.1319,IM
3,1.6,4.477,0.1044,0.5655,0.3398,0.3008,0.5812,0.107,IM
3,1.6,4.5655,0.1129,0.4864,0.2673,0.2905,0.6013,0.1286,IM
3,1.65,4.5795,0.0988,0.4828,0.303,0.2955,0.5595,0.1243,IM
3,1.8,4.513,0.0853,0.4534,0.2967,0.2317,0.5878,0.126,IM
3,1.75,4.5905,0.1179,0.505,0.3037,0.2658,0.5686,0.124,IM
3,1.75,4.583,0.1201,0.5216,0.3086,0.2672,0.5557,0.1172,IM
2,1.7,4.5655,0.119,0.507,0.3037,0.2754,0.5818,0.1209,IM
3,1.8,4.602,0.1114,0.4741,0.3428,0.2755,0.5559,0.1136,IM
1,2,4.5465,0.0381,0.1765,0.1845,0.225,0.2093,0.1097,FCC
1,2.05,4.617,0.0421,0.1839,0.2242,0.1323,0.2896,0.1349,BCC+FCC
2,1.85,4.482,0.0706,0.4308,0.2943,0.1786,0.6187,0.1345,IM
3,1.6,4.469,0.0847,0.5476,0.2789,0.2128,0.5302,0.1137,IM
2,1.75,4.468,0.0828,0.5108,0.3399,0.229,0.5356,0.1073,IM
3,1.75,4.397,0.0465,0.2961,0.5024,0.2789,0.5367,0.1424,BCC
4,1.75,4.371,0.0421,0.2679,0.4077,0.2457,0.5329,0.1416,BCC
3,1.75,4.3815,0.0445,0.3513,0.5002,0.23,0.5969,0.1176,BCC
3,1.75,4.4185,0.0472,0.279,0.4885,0.2871,0.5308,0.1081,BCC
4,1.75,4.153,0.0346,0.4509,0.4004,0.1704,0.4283,0.0704,BCC
4,1.75,4.1455,0.0369,0.4716,0.3818,0.1696,0.412,0.0671,BCC
3,1.75,4.138,0.0386,0.492,0.3617,0.1687,0.3955,0.0633,BCC
2,1.75,4.163,0.0362,0.4634,0.3904,0.1713,0.4171,0.0713,BCC
2,1.75,4.1555,0.038,0.4838,0.3694,0.1703,0.4005,0.0673,BCC
4,1.75,4.173,0.0374,0.4756,0.3759,0.1711,0.3988,0.0706,BCC
3,1.7,4.1655,0.0358,0.4486,0.3894,0.169,0.4018,0.0673,BCC
3,1.65,4.168,0.0353,0.433,0.3837,0.1665,0.3795,0.0625,BCC
3,1.65,4.1955,0.0362,0.4376,0.3878,0.1676,0.3774,0.0679,BCC
2,1.75,4.1885,0.0406,0.4529,0.4471,0.1954,0.4305,0.07,BCC
3,1.75,4.181,0.0428,0.4749,0.4303,0.1947,0.4142,0.0668,BCC
4,1.85,4.8225,0.0355,0.1582,0.0794,0.1322,0.2401,0.1312,FCC
4,1.8,4.7975,0.0365,0.1607,0.0795,0.1416,0.2617,0.1333,FCC
4,1.85,4.8475,0.0351,0.1574,0.0774,0.1318,0.2701,0.1453,FCC
3,1.85,4.815,0.0345,0.1571,0.0792,0.1322,0.2702,0.1464,FCC
4,1.8,4.8225,0.036,0.1598,0.0774,0.1413,0.2895,0.1461,FCC
3,1.8,4.7575,0.0345,0.1593,0.0807,0.1419,0.2895,0.1483,FCC
4,1.75,4.8625,0.0362,0.1607,0.0724,0.1493,0.3074,0.144,FCC
4,1.7,4.87,0.036,0.1612,0.069,0.1569,0.3241,0.1425,FCC
4,1.7,4.805,0.0375,0.1635,0.0753,0.1572,0.3239,0.1453,FCC
3,1.7,4.7725,0.0378,0.1641,0.0776,0.1573,0.3238,0.1466,FCC
3,1.65,4.7475,0.0386,0.1661,0.0777,0.1641,0.3389,0.1465,FCC
4,1.65,4.715,0.0385,0.1666,0.0796,0.1641,0.3388,0.1479,FCC
2,1.85,4.84,0.0341,0.1564,0.0772,0.1319,0.2974,0.1564,FCC
3,1.85,4.8075,0.0334,0.1559,0.079,0.1323,0.2974,0.1576,FCC
3,1.8,4.88,0.0348,0.1583,0.0722,0.1406,0.315,0.1536,FCC
2,1.8,4.8475,0.0352,0.1588,0.075,0.141,0.3149,0.1549,FCC
3,1.8,4.815,0.035,0.1589,0.0773,0.1413,0.3149,0.1563,FCC
4,1.8,4.7825,0.0344,0.1586,0.0791,0.1417,0.3148,0.1576,FCC
4,1.75,4.855,0.0355,0.1603,0.0723,0.1493,0.3313,0.153,FCC
3,1.7,4.8625,0.0351,0.161,0.0689,0.1569,0.3465,0.1506,FCC
3,1.7,4.765,0.0368,0.1635,0.0775,0.1573,0.346,0.1552,FCC
3,1.65,4.8375,0.0361,0.1626,0.069,0.164,0.3604,0.1495,FCC
4,1.65,4.7075,0.0374,0.1659,0.0794,0.1641,0.3595,0.1558,FCC
2,1.6,4.6825,0.0384,0.168,0.0795,0.1699,0.3718,0.1547,FCC
4,1.8,4.8725,0.0381,0.1656,0.0816,0.1325,0.3103,0.1733,FCC
3,1.8,4.84,0.0376,0.1652,0.0835,0.133,0.3104,0.1744,FCC
3,1.75,4.75,0.0362,0.1662,0.0861,0.1429,0.329,0.1767,FCC
4,1.7,4.7575,0.0386,0.1698,0.0852,0.1507,0.3461,0.1756,FCC
4,1.85,4.8975,0.0334,0.1555,0.072,0.131,0.3224,0.1618,FCC
2,1.85,4.865,0.0336,0.1556,0.0748,0.1315,0.3224,0.1632,FCC
2,1.85,4.8325,0.0332,0.1553,0.0771,0.132,0.3223,0.1646,FCC
3,1.85,4.8,0.0323,0.1545,0.0788,0.1324,0.3223,0.166,FCC
4,1.8,4.905,0.0333,0.1571,0.0688,0.1403,0.3386,0.1592,FCC
2,1.8,4.8725,0.0341,0.1577,0.0721,0.1407,0.3385,0.1608,FCC
1,1.8,4.84,0.0343,0.158,0.0749,0.141,0.3384,0.1623,FCC
3,1.8,4.8075,0.0341,0.1579,0.0771,0.1414,0.3383,0.1637,FCC
3,1.75,4.815,0.0351,0.1602,0.0749,0.1496,0.3532,0.1611,FCC
2,1.7,4.8225,0.0354,0.1617,0.0722,0.1571,0.367,0.158,FCC
3,1.7,4.79,0.0359,0.1624,0.075,0.1572,0.3668,0.1597,FCC
2,1.7,4.7575,0.0359,0.1627,0.0773,0.1573,0.3665,0.1613,FCC
3,1.65,4.7325,0.0367,0.1649,0.0774,0.164,0.3788,0.1598,FCC
3,1.65,4.7,0.0363,0.165,0.0792,0.164,0.3785,0.1614,FCC
4,1.6,4.7075,0.0376,0.1669,0.0775,0.17,0.3898,0.158,FCC
4,1.8,4.8325,0.0367,0.164,0.0833,0.1331,0.3361,0.1825,FCC
3,1.8,4.8,0.0355,0.163,0.0848,0.1335,0.3362,0.1837,FCC
4,1.75,4.775,0.0365,0.1659,0.0849,0.1426,0.3531,0.1833,FCC
2,1.7,4.7825,0.0384,0.1691,0.0835,0.1506,0.3691,0.1812,FCC
4,1.7,4.75,0.0375,0.1686,0.085,0.1508,0.369,0.1825,FCC
2,1.85,4.9225,0.0322,0.1544,0.0687,0.1306,0.3457,0.1658,FCC
4,1.85,4.89,0.0327,0.1546,0.0719,0.1311,0.3456,0.1674,FCC
3,1.85,4.8575,0.0327,0.1545,0.0747,0.1316,0.3455,0.169,FCC
3,1.85,4.825,0.0322,0.154,0.0769,0.1321,0.3454,0.1705,FCC
3,1.8,4.93,0.0316,0.1557,0.0648,0.14,0.3606,0.1624,FCC
2,1.8,4.8975,0.0328,0.1565,0.0687,0.1404,0.3604,0.1641,FCC
1,1.8,4.865,0.0334,0.157,0.072,0.1407,0.3603,0.1658,FCC
2,1.8,4.8325,0.0335,0.1571,0.0747,0.1411,0.3601,0.1674,FCC
4,1.8,4.8,0.0331,0.1568,0.077,0.1414,0.3599,0.1691,FCC
1,1.75,4.8725,0.0333,0.1585,0.0687,0.1491,0.374,0.1622,FCC
4,1.75,4.8075,0.0343,0.1594,0.0748,0.1496,0.3735,0.1657,FCC
4,1.75,4.7425,0.0333,0.1589,0.0788,0.15,0.373,0.169,FCC
4,1.7,4.7175,0.0343,0.1616,0.0789,0.1574,0.3851,0.1672,FCC
4,1.65,4.725,0.0358,0.1641,0.0772,0.164,0.3963,0.1633,FCC
2,1.8,4.9225,0.0365,0.1638,0.0763,0.1317,0.36,0.1844,FCC
4,1.8,4.89,0.0367,0.1638,0.079,0.1322,0.36,0.1858,FCC
3,1.8,4.8575,0.0365,0.1634,0.0813,0.1327,0.3601,0.1872,FCC
3,1.8,4.825,0.0357,0.1626,0.0832,0.1331,0.3601,0.1886,FCC
3,1.8,4.7925,0.0344,0.1614,0.0846,0.1336,0.3601,0.1899,FCC
2,1.75,4.7675,0.0354,0.1644,0.0847,0.1427,0.3758,0.1888,FCC
1,1.85,4.9475,0.0307,0.1532,0.0647,0.1302,0.3674,0.1677,FCC
3,1.85,4.915,0.0316,0.1536,0.0686,0.1307,0.3673,0.1695,FCC
4,1.85,4.8825,0.032,0.1537,0.0718,0.1312,0.3671,0.1712,FCC
4,1.85,4.85,0.0319,0.1534,0.0745,0.1317,0.3669,0.1729,FCC
2,1.85,4.8175,0.0313,0.1526,0.0767,0.1321,0.3668,0.1745,FCC
3,1.85,4.785,0.0302,0.1515,0.0784,0.1326,0.3666,0.1762,FCC
2,1.8,4.9225,0.0312,0.1552,0.0647,0.14,0.3809,0.1654,FCC
4,1.8,4.89,0.0322,0.1559,0.0686,0.1404,0.3807,0.1673,FCC
3,1.8,4.8575,0.0327,0.1561,0.0719,0.1408,0.3804,0.169,FCC
4,1.75,4.8975,0.0316,0.1572,0.0648,0.1488,0.3932,0.1629,FCC
4,1.8,4.9475,0.0353,0.1628,0.0729,0.1313,0.3827,0.1867,FCC
3,1.8,4.915,0.0359,0.163,0.0762,0.1318,0.3827,0.1883,FCC
1,1.8,4.8825,0.036,0.1628,0.0789,0.1323,0.3827,0.1898,FCC
2,1.85,4.94,0.0302,0.1525,0.0647,0.1303,0.3875,0.1696,FCC
4,1.85,4.875,0.0313,0.1526,0.0717,0.1313,0.3871,0.1734,FCC
3,1.8,4.915,0.0307,0.1547,0.0647,0.1401,0.3997,0.1669,FCC
1,1.8,4.8825,0.0316,0.1551,0.0685,0.1405,0.3994,0.1688,FCC
4,1.9,4.769,0.0314,0.135,0.1232,0.055,0.295,0.1586,FCC
3,1.85,4.809,0.0336,0.1388,0.1237,0.0702,0.3107,0.156,FCC
3,1.85,4.7765,0.0333,0.1387,0.1237,0.0699,0.3105,0.1573,FCC
3,1.85,4.744,0.0325,0.1382,0.1233,0.0695,0.3102,0.1586,FCC
4,1.8,4.784,0.0345,0.1414,0.1238,0.0815,0.3246,0.1556,FCC
4,1.8,4.7515,0.0343,0.1415,0.1238,0.081,0.3243,0.157,FCC
4,1.8,4.719,0.0336,0.1412,0.1234,0.0805,0.324,0.1583,FCC
4,1.75,4.824,0.0343,0.1419,0.123,0.0916,0.3379,0.1518,FCC
4,1.75,4.759,0.0354,0.1438,0.1239,0.0904,0.3371,0.1549,FCC
4,1.75,4.694,0.0348,0.1441,0.1235,0.0891,0.3363,0.1578,FCC
3,1.7,4.7665,0.0358,0.1451,0.1237,0.0984,0.3486,0.1523,FCC
2,1.65,4.7415,0.0367,0.147,0.1238,0.1042,0.3581,0.151,FCC
3,1.8,4.7765,0.0365,0.1485,0.127,0.0707,0.329,0.1754,FCC
3,1.8,4.744,0.0354,0.1477,0.1265,0.0703,0.329,0.1765,FCC
4,1.65,4.799,0.0388,0.1546,0.1269,0.0992,0.372,0.1704,FCC
1,1.5,4.6505,0.05,0.1929,0.1651,0.1177,0.4379,0.1721,BCC+FCC
2,1.9,4.859,0.0319,0.1351,0.1232,0.0551,0.3184,0.1629,FCC
3,1.9,4.794,0.0313,0.1344,0.1234,0.055,0.3179,0.1657,FCC
3,1.9,4.7615,0.0302,0.1333,0.123,0.0548,0.3177,0.167,FCC
3,1.85,4.8665,0.0321,0.1372,0.1227,0.0705,0.3324,0.1604,FCC
2,1.85,4.834,0.0326,0.1377,0.1233,0.0703,0.3321,0.1619,FCC
4,1.8,4.874,0.0319,0.1383,0.1219,0.0825,0.3452,0.1575,FCC
3,1.8,4.744,0.0333,0.1404,0.1236,0.0808,0.3437,0.1638,FCC
4,1.8,4.7115,0.0325,0.1399,0.1232,0.0802,0.3433,0.1653,FCC
3,1.75,4.849,0.0329,0.1402,0.122,0.0919,0.3563,0.1559,FCC
4,1.75,4.8165,0.0334,0.1415,0.1229,0.0914,0.3559,0.1576,FCC
2,1.75,4.784,0.0342,0.1425,0.1235,0.0908,0.3554,0.1593,FCC
4,1.75,4.7515,0.0345,0.143,0.1237,0.0902,0.3549,0.1609,FCC
4,1.7,4.889,0.0316,0.138,0.1194,0.1008,0.367,0.1504,FCC
2,1.7,4.7915,0.0343,0.1435,0.1229,0.0988,0.3653,0.1558,FCC
3,1.7,4.759,0.035,0.1446,0.1235,0.0981,0.3647,0.1576,FCC
4,1.7,4.7265,0.0354,0.1454,0.1238,0.0973,0.3642,0.1593,FCC
4,1.7,4.6615,0.0347,0.1457,0.1234,0.0955,0.363,0.1626,FCC
4,1.65,4.799,0.0349,0.1437,0.1221,0.1056,0.3738,0.152,FCC
2,1.65,4.7665,0.0354,0.1453,0.123,0.1047,0.3731,0.1538,FCC
4,1.65,4.669,0.0363,0.1481,0.1239,0.1018,0.371,0.1592,FCC
4,1.8,4.834,0.0364,0.148,0.1269,0.0712,0.3516,0.1804,FCC
3,1.8,4.8015,0.0362,0.1478,0.127,0.0708,0.3515,0.1817,FCC
3,1.75,4.809,0.0372,0.1505,0.127,0.0823,0.3656,0.1795,FCC
3,1.75,4.7765,0.037,0.1505,0.1271,0.0817,0.3654,0.1809,FCC
3,1.75,4.7115,0.0353,0.1493,0.1263,0.0806,0.365,0.1835,FCC
4,1.7,4.8165,0.0374,0.1522,0.1267,0.0917,0.3787,0.177,FCC
4,1.7,4.7515,0.0379,0.153,0.1272,0.0904,0.3782,0.1799,FCC
4,1.7,4.719,0.0374,0.1528,0.127,0.0896,0.3779,0.1813,FCC
4,1.7,4.6865,0.0364,0.1523,0.1264,0.0888,0.3776,0.1826,FCC
2,1.9,4.884,0.0307,0.1339,0.1225,0.055,0.3395,0.167,FCC
4,1.9,4.8515,0.031,0.134,0.123,0.055,0.3393,0.1686,FCC
1,1.9,4.819,0.0309,0.1337,0.1233,0.0549,0.339,0.1701,FCC
3,1.9,4.754,0.029,0.1315,0.1227,0.0546,0.3383,0.1731,FCC
2,1.85,4.8915,0.0304,0.1357,0.1218,0.0705,0.3522,0.1637,FCC
1,1.85,4.859,0.0314,0.1365,0.1226,0.0704,0.3518,0.1653,FCC
1,1.85,4.8265,0.0318,0.1368,0.1231,0.0701,0.3514,0.167,FCC
3,1.85,4.794,0.0317,0.1367,0.1233,0.0698,0.351,0.1686,FCC
3,1.85,4.7615,0.0312,0.1361,0.1232,0.0695,0.3507,0.1702,FCC
4,1.85,4.729,0.0302,0.1351,0.1228,0.0691,0.3503,0.1718,FCC
3,1.8,4.899,0.0305,0.1366,0.1207,0.0826,0.3635,0.1599,FCC
2,1.8,4.8665,0.031,0.1379,0.1218,0.0823,0.3631,0.1617,FCC
4,1.8,4.834,0.032,0.1388,0.1227,0.0819,0.3626,0.1635,FCC
4,1.8,4.8015,0.0326,0.1394,0.1232,0.0815,0.3621,0.1652,FCC
3,1.8,4.769,0.0326,0.1395,0.1234,0.081,0.3617,0.1669,FCC
2,1.8,4.7365,0.0322,0.1392,0.1234,0.0805,0.3612,0.1686,FCC
3,1.75,4.8415,0.0319,0.1399,0.1219,0.0917,0.3725,0.1596,FCC
1,1.75,4.7765,0.0334,0.1418,0.1233,0.0905,0.3713,0.1632,FCC
1,1.75,4.7115,0.0332,0.1421,0.1235,0.0892,0.3702,0.1667,FCC
4,1.7,4.719,0.0344,0.1446,0.1236,0.0969,0.3781,0.1628,FCC
2,1.7,4.6865,0.0342,0.1448,0.1236,0.096,0.3774,0.1646,FCC
2,1.65,4.694,0.0353,0.1469,0.1237,0.1025,0.3835,0.1604,FCC
2,1.85,4.884,0.0347,0.1445,0.1263,0.0564,0.3587,0.1855,FCC
2,1.85,4.819,0.0343,0.1435,0.1267,0.0563,0.3584,0.1882,FCC
3,1.85,4.7865,0.0334,0.1424,0.1264,0.0561,0.3583,0.1896,FCC
4,1.8,4.794,0.0352,0.1465,0.1268,0.0706,0.3722,0.1871,FCC
3,1.8,4.7615,0.0344,0.1457,0.1265,0.0702,0.372,0.1885,FCC
4,1.8,4.729,0.033,0.1444,0.126,0.0698,0.3718,0.1898,FCC
4,1.75,4.7365,0.0354,0.1488,0.1267,0.0809,0.3845,0.1871,FCC
4,1.7,4.809,0.0367,0.1516,0.1265,0.0914,0.3969,0.181,FCC
2,1.7,4.7115,0.0364,0.1516,0.1268,0.0893,0.3958,0.1856,FCC
3,1.9,4.909,0.0293,0.1327,0.1216,0.0548,0.359,0.1689,FCC
1,1.9,4.8765,0.03,0.133,0.1224,0.0548,0.3586,0.1707,FCC
2,1.9,4.844,0.0302,0.1328,0.1229,0.0548,0.3583,0.1724,FCC
1,1.9,4.8115,0.0299,0.1322,0.1231,0.0548,0.3579,0.1741,FCC
4,1.85,4.9165,0.0285,0.1342,0.1205,0.0705,0.3702,0.1649,FCC
1,1.85,4.884,0.0298,0.1351,0.1216,0.0704,0.3697,0.1667,FCC
1,1.85,4.8515,0.0306,0.1356,0.1224,0.0702,0.3693,0.1685,FCC
3,1.85,4.819,0.031,0.1357,0.1229,0.0699,0.3688,0.1703,FCC
4,1.85,4.7865,0.0308,0.1354,0.1231,0.0696,0.3683,0.172,FCC
3,1.85,4.754,0.0301,0.1346,0.123,0.0692,0.3679,0.1737,FCC
4,1.8,4.8265,0.0313,0.1381,0.1225,0.0817,0.3784,0.1661,FCC
4,1.8,4.794,0.0317,0.1384,0.123,0.0813,0.3778,0.168,FCC
2,1.8,4.7615,0.0317,0.1383,0.1232,0.0808,0.3773,0.1698,FCC
3,1.8,4.729,0.0311,0.1378,0.1231,0.0802,0.3767,0.1716,FCC
4,1.75,4.7365,0.0326,0.1411,0.1233,0.0896,0.3845,0.1673,FCC
3,1.7,4.7115,0.0335,0.1437,0.1234,0.0966,0.3897,0.1647,FCC
4,1.85,4.8115,0.0334,0.142,0.1265,0.0561,0.3789,0.1924,FCC
2,1.85,4.779,0.0323,0.1406,0.1262,0.0559,0.3787,0.1938,FCC
3,1.8,4.7865,0.0343,0.1452,0.1266,0.0704,0.3914,0.1907,FCC
3,1.8,4.754,0.0333,0.1441,0.1263,0.07,0.3911,0.1922,FCC
4,1.75,4.7615,0.0351,0.1481,0.1267,0.0812,0.4026,0.1888,FCC
4,1.9,4.934,0.0276,0.1313,0.1204,0.0546,0.3768,0.169,FCC
4,1.9,4.9015,0.0287,0.1318,0.1214,0.0547,0.3763,0.1709,FCC
1,1.9,4.869,0.0293,0.1319,0.1222,0.0547,0.3759,0.1728,FCC
2,1.9,4.8365,0.0294,0.1315,0.1227,0.0547,0.3754,0.1746,FCC
4,1.9,4.804,0.029,0.1306,0.1229,0.0546,0.3749,0.1764,FCC
2,1.85,4.8765,0.0292,0.1344,0.1215,0.0702,0.3854,0.1682,FCC
3,1.85,4.7465,0.0291,0.1329,0.1228,0.069,0.3831,0.1757,FCC
2,1.8,4.7865,0.0309,0.1374,0.1229,0.081,0.3915,0.1692,FCC
4,1.8,4.754,0.0307,0.1371,0.123,0.0805,0.3908,0.1711,FCC
4,1.75,4.7615,0.0317,0.1401,0.1229,0.0899,0.3967,0.1662,FCC
3,1.85,4.7715,0.0312,0.1387,0.126,0.0557,0.3976,0.1966,FCC
4,1.8,4.7465,0.0322,0.1423,0.1261,0.0697,0.4086,0.1945,FCC
1,1.9,4.894,0.0281,0.1308,0.1213,0.0546,0.3918,0.1715,FCC
2,1.9,4.8615,0.0286,0.1306,0.1221,0.0546,0.3913,0.1734,FCC
2,1.9,4.829,0.0285,0.13,0.1225,0.0545,0.3907,0.1754,FCC
4,1.9,4.7965,0.028,0.1289,0.1227,0.0544,0.3901,0.1773,FCC
4,1.85,4.869,0.0286,0.1335,0.1214,0.07,0.3991,0.1683,FCC
4,1.85,4.804,0.0293,0.1332,0.1226,0.0695,0.3977,0.1723,FCC
4,1.85,4.7715,0.0289,0.1324,0.1228,0.0692,0.397,0.1743,FCC
3,1.85,4.8615,0.0326,0.1409,0.1258,0.056,0.416,0.1928,FCC
4,1.85,4.8325,0.0363,0.1696,0.064,0.1653,0.2677,0.1524,FCC
4,1.85,4.8,0.0356,0.1694,0.0652,0.1659,0.2676,0.1536,FCC
4,1.85,4.7675,0.0344,0.1688,0.0658,0.1664,0.2674,0.1548,FCC
4,1.8,4.7425,0.0355,0.1714,0.066,0.1749,0.2835,0.155,FCC
4,1.75,4.7175,0.0366,0.1739,0.0661,0.1827,0.298,0.1548,FCC
4,1.75,4.7025,0.0356,0.1803,0.0761,0.1695,0.3011,0.1903,FCC
4,1.85,4.76,0.0332,0.1674,0.0654,0.1665,0.2914,0.1638,FCC
4,1.8,4.865,0.0363,0.1704,0.0599,0.1731,0.3069,0.1573,FCC
4,1.8,4.8325,0.0365,0.1709,0.0622,0.1736,0.3065,0.1588,FCC
4,1.75,4.775,0.0372,0.1732,0.064,0.182,0.319,0.1593,FCC
4,1.7,4.88,0.0357,0.1714,0.0533,0.1881,0.3321,0.1513,FCC
3,1.7,4.75,0.0381,0.1753,0.0642,0.1893,0.3301,0.158,FCC
4,1.65,4.8875,0.0355,0.1709,0.0487,0.1948,0.3426,0.1477,FCC
4,1.65,4.7575,0.0389,0.1765,0.0625,0.1958,0.3403,0.1548,FCC
4,1.6,4.8625,0.0363,0.172,0.0488,0.2013,0.3509,0.1455,FCC
4,1.8,4.825,0.0389,0.177,0.0707,0.1665,0.3114,0.1793,FCC
4,1.65,4.7175,0.0407,0.1836,0.0719,0.1903,0.3542,0.1786,FCC
3,1.85,4.8825,0.0349,0.1678,0.0596,0.1644,0.3143,0.1643,FCC
2,1.85,4.85,0.0349,0.1679,0.0618,0.165,0.314,0.1658,FCC
3,1.85,4.8175,0.0344,0.1676,0.0635,0.1656,0.3137,0.1674,FCC
3,1.85,4.785,0.0335,0.167,0.0646,0.1661,0.3134,0.1689,FCC
4,1.85,4.7525,0.032,0.166,0.0651,0.1667,0.313,0.1704,FCC
4,1.8,4.89,0.0349,0.1692,0.0567,0.1727,0.3274,0.1611,FCC
3,1.8,4.825,0.0357,0.1701,0.062,0.1737,0.3266,0.1644,FCC
4,1.75,4.865,0.0355,0.171,0.0568,0.1809,0.3386,0.1592,FCC
3,1.75,4.7675,0.0362,0.1724,0.0638,0.1821,0.3372,0.1644,FCC
2,1.7,4.84,0.036,0.1726,0.0569,0.1885,0.3483,0.1571,FCC
2,1.7,4.7425,0.0371,0.1745,0.0639,0.1894,0.3465,0.1625,FCC
2,1.7,4.71,0.0365,0.1745,0.065,0.1897,0.3459,0.1642,FCC
4,1.65,4.685,0.0375,0.1767,0.0652,0.1962,0.3532,0.1622,FCC
4,1.8,4.85,0.0387,0.1763,0.0692,0.1661,0.3345,0.1843,FCC
3,1.8,4.8175,0.0379,0.1758,0.0705,0.1666,0.3343,0.1856,FCC
4,1.8,4.785,0.0367,0.1749,0.0712,0.1672,0.3341,0.1869,FCC
4,1.75,4.7925,0.0388,0.1783,0.0706,0.1752,0.3485,0.1846,FCC
3,1.7,4.735,0.0387,0.1802,0.0715,0.1833,0.3611,0.1847,FCC
2,1.85,4.9075,0.0338,0.1667,0.0565,0.1639,0.3345,0.1666,FCC
1,1.85,4.875,0.0342,0.167,0.0594,0.1645,0.3341,0.1684,FCC
3,1.85,4.8425,0.0341,0.1669,0.0616,0.1651,0.3337,0.17,FCC
4,1.85,4.81,0.0335,0.1665,0.0632,0.1657,0.3333,0.1717,FCC
3,1.8,4.915,0.0333,0.1679,0.0529,0.1723,0.346,0.1626,FCC
1,1.8,4.8825,0.0343,0.1687,0.0565,0.1728,0.3456,0.1645,FCC
4,1.8,4.85,0.0348,0.1692,0.0595,0.1734,0.3451,0.1663,FCC
3,1.8,4.8175,0.0349,0.1693,0.0617,0.1738,0.3446,0.168,FCC
3,1.8,4.785,0.0344,0.169,0.0634,0.1743,0.3441,0.1698,FCC
4,1.8,4.7525,0.0334,0.1684,0.0644,0.1748,0.3436,0.1715,FCC
3,1.75,4.89,0.0338,0.1696,0.053,0.1806,0.3556,0.1602,FCC
2,1.75,4.8575,0.0349,0.1706,0.0566,0.181,0.355,0.1621,FCC
3,1.75,4.7925,0.0356,0.1715,0.0618,0.1818,0.3538,0.1658,FCC
4,1.75,4.76,0.0353,0.1715,0.0635,0.1822,0.3532,0.1676,FCC
3,1.7,4.865,0.0342,0.1712,0.053,0.1882,0.3634,0.1575,FCC
4,1.7,4.8325,0.0354,0.1723,0.0567,0.1885,0.3627,0.1595,FCC
3,1.7,4.8,0.0362,0.1731,0.0597,0.1888,0.362,0.1614,FCC
3,1.7,4.7675,0.0364,0.1736,0.062,0.1891,0.3613,0.1633,FCC
2,1.8,4.9075,0.0381,0.1756,0.065,0.1651,0.3561,0.1856,FCC
2,1.8,4.875,0.0382,0.1756,0.0673,0.1657,0.3559,0.1872,FCC
3,1.8,4.8425,0.0378,0.1753,0.069,0.1662,0.3556,0.1887,FCC
3,1.8,4.81,0.037,0.1745,0.0702,0.1668,0.3554,0.1901,FCC
4,1.8,4.7775,0.0356,0.1734,0.0709,0.1673,0.3552,0.1916,FCC
2,1.75,4.915,0.0379,0.1771,0.0622,0.1734,0.3693,0.1822,FCC
3,1.75,4.7525,0.0366,0.1763,0.071,0.1757,0.3679,0.19,FCC
2,1.7,4.76,0.0387,0.1796,0.0705,0.183,0.3796,0.1867,FCC
3,1.7,4.7275,0.0376,0.179,0.0712,0.1834,0.3792,0.1883,FCC
1,1.85,4.9325,0.0324,0.1656,0.0527,0.1635,0.3529,0.167,FCC
3,1.85,4.9,0.0332,0.166,0.0563,0.1641,0.3524,0.1689,FCC
2,1.85,4.8675,0.0335,0.1661,0.0591,0.1647,0.3519,0.1708,FCC
2,1.85,4.835,0.0332,0.1659,0.0613,0.1653,0.3514,0.1726,FCC
1,1.85,4.8025,0.0325,0.1652,0.0629,0.1658,0.3509,0.1744,FCC
4,1.85,4.77,0.0313,0.1642,0.064,0.1664,0.3504,0.1761,FCC
4,1.8,4.94,0.0315,0.1666,0.0482,0.1719,0.3628,0.1623,FCC
3,1.8,4.9075,0.0328,0.1675,0.0527,0.1725,0.3623,0.1643,FCC
1,1.8,4.875,0.0337,0.1681,0.0564,0.173,0.3617,0.1663,FCC
1,1.8,4.8425,0.0341,0.1684,0.0593,0.1735,0.3611,0.1682,FCC
2,1.8,4.81,0.034,0.1683,0.0615,0.1739,0.3605,0.1701,FCC
4,1.8,4.7775,0.0334,0.1679,0.0631,0.1744,0.3599,0.1719,FCC
4,1.8,4.745,0.0323,0.1671,0.0641,0.1749,0.3593,0.1737,FCC
4,1.75,4.915,0.0318,0.1682,0.0483,0.1803,0.3706,0.1593,FCC
3,1.75,4.85,0.0343,0.1701,0.0565,0.1811,0.3692,0.1634,FCC
2,1.75,4.8175,0.0348,0.1705,0.0594,0.1815,0.3685,0.1654,FCC
4,1.75,4.785,0.0348,0.1707,0.0616,0.1819,0.3678,0.1673,FCC
4,1.75,4.7525,0.0343,0.1704,0.0632,0.1823,0.3671,0.1693,FCC
2,1.75,4.72,0.0333,0.1698,0.0643,0.1826,0.3663,0.1712,FCC
4,1.7,4.76,0.0356,0.1729,0.0617,0.1892,0.3731,0.1644,FCC
4,1.7,4.7275,0.0352,0.1728,0.0634,0.1895,0.3722,0.1664,FCC
4,1.65,4.735,0.0364,0.1749,0.0618,0.1959,0.3762,0.1613,FCC
2,1.8,4.9,0.0375,0.1748,0.0648,0.1652,0.3757,0.1882,FCC
3,1.8,4.8675,0.0375,0.1746,0.0671,0.1658,0.3754,0.1898,FCC
3,1.8,4.835,0.037,0.1741,0.0688,0.1664,0.3752,0.1915,FCC
3,1.8,4.8025,0.036,0.1732,0.0699,0.1669,0.3749,0.193,FCC
4,1.8,4.7375,0.0325,0.17,0.0707,0.1679,0.3743,0.1962,FCC
4,1.75,4.9075,0.0375,0.1766,0.062,0.1735,0.3876,0.1842,FCC
2,1.85,4.9575,0.0308,0.1644,0.048,0.163,0.3694,0.1657,FCC
4,1.85,4.925,0.0319,0.165,0.0525,0.1636,0.3689,0.1677,FCC
1,1.85,4.8925,0.0326,0.1653,0.0561,0.1642,0.3683,0.1697,FCC
3,1.85,4.86,0.0327,0.1652,0.0589,0.1648,0.3677,0.1717,FCC
1,1.85,4.8275,0.0324,0.1647,0.0611,0.1654,0.3671,0.1736,FCC
2,1.85,4.795,0.0316,0.1638,0.0627,0.166,0.3665,0.1756,FCC
3,1.85,4.7625,0.0303,0.1625,0.0636,0.1665,0.3659,0.1774,FCC
4,1.8,4.9325,0.0311,0.1662,0.0481,0.172,0.3771,0.1624,FCC
4,1.8,4.9,0.0324,0.167,0.0526,0.1726,0.3764,0.1645,FCC
3,1.8,4.8675,0.0331,0.1674,0.0562,0.1731,0.3757,0.1666,FCC
4,1.8,4.835,0.0334,0.1675,0.059,0.1736,0.375,0.1687,FCC
2,1.8,4.8025,0.0332,0.1673,0.0612,0.1741,0.3742,0.1707,FCC
3,1.8,4.77,0.0325,0.1666,0.0628,0.1745,0.3735,0.1726,FCC
4,1.75,4.875,0.0328,0.1689,0.0527,0.1808,0.382,0.1611,FCC
3,1.75,4.81,0.0341,0.1698,0.0591,0.1816,0.3803,0.1654,FCC
4,1.75,4.7775,0.034,0.1697,0.0613,0.182,0.3794,0.1675,FCC
4,1.75,4.745,0.0334,0.1693,0.0629,0.1823,0.3785,0.1695,FCC
4,1.8,4.925,0.0365,0.174,0.0618,0.1648,0.3941,0.1876,FCC
4,1.8,4.8925,0.0369,0.1739,0.0646,0.1654,0.3938,0.1894,FCC
1,1.8,4.86,0.0368,0.1736,0.0668,0.1659,0.3934,0.1911,FCC
4,1.75,4.9,0.037,0.176,0.0619,0.1736,0.4043,0.1848,FCC
4,1.9,4.765,0.0371,0.2022,0.2151,0.1903,0.2434,0.1474,FCC
4,1.9,4.815,0.0377,0.2011,0.2101,0.1894,0.2934,0.163,FCC
4,1.9,4.75,0.0347,0.2,0.2153,0.1906,0.2928,0.1659,FCC
4,1.9,4.8725,0.0379,0.2004,0.2044,0.1883,0.3152,0.1651,FCC
3,1.9,4.84,0.0376,0.2004,0.2073,0.1889,0.3149,0.1668,FCC
2,1.9,4.8075,0.0367,0.2002,0.2102,0.1895,0.3145,0.1684,FCC
4,1.9,4.775,0.0354,0.1996,0.2128,0.1902,0.3141,0.1699,FCC
4,1.9,4.93,0.0367,0.1989,0.1982,0.1871,0.3352,0.1648,FCC
3,1.9,4.8975,0.0372,0.1995,0.2014,0.1878,0.3347,0.1666,FCC
4,1.9,4.7675,0.0343,0.1984,0.2129,0.1903,0.3329,0.1736,FCC
3,1.85,4.905,0.0371,0.2005,0.1981,0.1957,0.3456,0.1623,FCC
4,1.85,4.8725,0.0377,0.2012,0.2014,0.1963,0.345,0.1642,FCC
4,1.85,4.84,0.0379,0.2015,0.2045,0.1969,0.3445,0.1661,FCC
4,1.85,4.8075,0.0375,0.2016,0.2074,0.1974,0.3439,0.1679,FCC
4,1.85,4.775,0.0366,0.2014,0.2102,0.1979,0.3434,0.1697,FCC
3,1.8,4.9125,0.0363,0.2009,0.1947,0.2032,0.3549,0.1576,FCC
4,1.8,4.88,0.0376,0.2019,0.1981,0.2037,0.3543,0.1596,FCC
4,1.8,4.815,0.0385,0.2033,0.2044,0.2047,0.353,0.1635,FCC
3,1.8,4.75,0.0375,0.2035,0.2102,0.2056,0.3516,0.1673,FCC
4,1.8,4.71,0.0363,0.2064,0.2188,0.1999,0.3682,0.1918,FCC
1,1.9,4.9225,0.0362,0.1985,0.1983,0.1873,0.3524,0.1663,FCC
1,1.9,4.89,0.0366,0.1989,0.2015,0.188,0.3518,0.1682,FCC
4,1.9,4.8575,0.0365,0.1989,0.2046,0.1886,0.3513,0.1701,FCC
2,1.9,4.825,0.0359,0.1987,0.2075,0.1892,0.3507,0.172,FCC
4,1.9,4.7925,0.0348,0.1981,0.2103,0.1899,0.3502,0.1739,FCC
4,1.9,4.76,0.0332,0.1972,0.213,0.1905,0.3496,0.1757,FCC
2,1.85,4.93,0.0356,0.1993,0.1949,0.1953,0.3616,0.1612,FCC
2,1.85,4.8975,0.0366,0.2001,0.1983,0.1959,0.3609,0.1633,FCC
2,1.85,4.865,0.0371,0.2006,0.2015,0.1964,0.3603,0.1653,FCC
3,1.85,4.8325,0.0372,0.2009,0.2046,0.197,0.3596,0.1673,FCC
4,1.85,4.8,0.0367,0.2008,0.2075,0.1975,0.359,0.1692,FCC
3,1.85,4.735,0.0342,0.1997,0.2129,0.1986,0.3576,0.1731,FCC
2,1.8,4.905,0.036,0.2007,0.1948,0.2033,0.3684,0.1579,FCC
4,1.8,4.8725,0.0371,0.2017,0.1982,0.2038,0.3677,0.1601,FCC
4,1.8,4.84,0.0377,0.2023,0.2014,0.2043,0.3669,0.1622,FCC
2,1.8,4.8075,0.0378,0.2027,0.2045,0.2048,0.3661,0.1643,FCC
4,1.8,4.7425,0.0366,0.2026,0.2103,0.2057,0.3645,0.1683,FCC
4,1.9,4.73,0.0392,0.1595,0.1203,0.0936,0.2336,0.1246,FCC
4,1.9,4.74,0.0351,0.1414,0.1061,0.0836,0.2164,0.1216,FCC
4,1.8,4.7325,0.0342,0.1271,0.0902,0.0928,0.2394,0.1223,FCC
4,1.9,4.7975,0.0364,0.1419,0.1075,0.0829,0.2459,0.136,FCC
4,1.9,4.7225,0.0378,0.1577,0.1199,0.0937,0.2603,0.1392,FCC
4,1.9,4.7325,0.0338,0.1396,0.1058,0.0836,0.2455,0.1382,FCC
4,1.85,4.8075,0.0346,0.131,0.0944,0.0706,0.2482,0.1531,FCC
4,1.85,4.775,0.0337,0.1302,0.0939,0.0706,0.2483,0.1539,FCC
4,1.8,4.7825,0.0356,0.1341,0.0946,0.0833,0.2682,0.1548,FCC
4,1.8,4.75,0.0348,0.1335,0.0941,0.0831,0.2681,0.1556,FCC
4,1.9,4.79,0.0353,0.1405,0.1073,0.0829,0.2716,0.1479,FCC
4,1.9,4.8325,0.0306,0.1188,0.0895,0.0691,0.2574,0.1467,FCC
4,1.9,4.8,0.0304,0.1185,0.0896,0.0692,0.2573,0.1479,FCC
4,1.85,4.84,0.0312,0.1214,0.0891,0.0825,0.2745,0.1457,FCC
3,1.8,4.815,0.0319,0.124,0.0892,0.0933,0.2896,0.1456,FCC
2,1.8,4.7825,0.0324,0.1247,0.0897,0.093,0.2893,0.147,FCC
3,1.8,4.75,0.0324,0.1249,0.0899,0.0927,0.2889,0.1483,FCC
3,1.75,4.79,0.0327,0.1264,0.0893,0.1021,0.303,0.1452,FCC
3,1.75,4.725,0.0334,0.1278,0.09,0.1012,0.3022,0.1481,FCC
4,1.7,4.82,0.0378,0.1488,0.1067,0.1231,0.3245,0.1391,FCC
4,1.7,4.83,0.0324,0.1253,0.087,0.1104,0.3158,0.1414,FCC
3,1.7,4.7975,0.0334,0.1272,0.0884,0.1099,0.3153,0.143,FCC
3,1.7,4.7325,0.0342,0.1298,0.09,0.1088,0.3143,0.1461,FCC
4,1.65,4.74,0.0349,0.1308,0.0895,0.1154,0.3249,0.1436,FCC
3,1.85,4.8325,0.0341,0.1302,0.0943,0.0704,0.2765,0.1652,FCC
3,1.8,4.8075,0.035,0.1332,0.0944,0.0833,0.2943,0.1658,FCC
2,1.8,4.775,0.0346,0.1328,0.0943,0.0832,0.2942,0.1668,FCC
4,1.8,4.7425,0.0336,0.1319,0.0938,0.083,0.2941,0.1678,FCC
3,1.75,4.815,0.0357,0.1357,0.0942,0.0939,0.3108,0.1649,FCC
4,1.75,4.7825,0.0359,0.136,0.0945,0.0936,0.3107,0.166,FCC
4,1.75,4.75,0.0356,0.1358,0.0944,0.0933,0.3105,0.1672,FCC
4,1.75,4.7175,0.0347,0.1352,0.0939,0.0929,0.3103,0.1683,FCC
3,1.7,4.725,0.0365,0.1387,0.0945,0.1016,0.3253,0.1673,FCC
3,1.65,4.83,0.0359,0.1378,0.0926,0.1106,0.34,0.1618,FCC
4,1.65,4.765,0.0372,0.1403,0.0944,0.1096,0.3394,0.1645,FCC
3,1.9,4.8575,0.0295,0.1176,0.0888,0.0689,0.2826,0.1551,FCC
4,1.9,4.7925,0.0293,0.1169,0.0893,0.0692,0.2821,0.1578,FCC
4,1.85,4.855,0.0359,0.143,0.1071,0.0948,0.3089,0.1511,FCC
3,1.85,4.865,0.0296,0.1199,0.0879,0.0824,0.2977,0.1531,FCC
3,1.85,4.8325,0.0303,0.1205,0.0889,0.0824,0.2973,0.1546,FCC
4,1.85,4.7675,0.0303,0.1204,0.0895,0.0822,0.2967,0.1574,FCC
4,1.8,4.83,0.0366,0.1453,0.1072,0.1057,0.3208,0.1498,FCC
3,1.8,4.8725,0.03,0.1211,0.0867,0.0935,0.3113,0.1506,FCC
3,1.8,4.7975,0.037,0.1457,0.1076,0.1058,0.3203,0.1514,FCC
3,1.8,4.84,0.0303,0.1224,0.088,0.0933,0.3109,0.1522,FCC
4,1.8,4.765,0.0369,0.1456,0.1076,0.1058,0.3198,0.1531,FCC
2,1.8,4.8075,0.0311,0.1233,0.089,0.0931,0.3105,0.1537,FCC
4,1.8,4.7325,0.0363,0.1452,0.1073,0.1058,0.3193,0.1547,FCC
3,1.8,4.775,0.0314,0.1237,0.0895,0.0929,0.3101,0.1552,FCC
2,1.75,4.88,0.03,0.1213,0.085,0.1029,0.3235,0.1476,FCC
4,1.75,4.805,0.0372,0.1475,0.1073,0.1149,0.3309,0.1482,FCC
3,1.75,4.7725,0.0377,0.1481,0.1077,0.1148,0.3304,0.1499,FCC
3,1.75,4.7825,0.0319,0.1258,0.0891,0.1019,0.3221,0.1526,FCC
2,1.75,4.75,0.0323,0.1265,0.0896,0.1015,0.3216,0.1542,FCC
2,1.7,4.855,0.0309,0.1231,0.0851,0.1106,0.3337,0.146,FCC
3,1.7,4.79,0.0325,0.1269,0.0882,0.1097,0.3325,0.1495,FCC
3,1.7,4.715,0.0386,0.1507,0.1078,0.1223,0.3379,0.15,FCC
3,1.7,4.7575,0.0327,0.1282,0.0892,0.1091,0.3319,0.1512,FCC
4,1.65,4.8625,0.0301,0.1221,0.0829,0.1176,0.3429,0.1422,FCC
4,1.6,4.7075,0.0351,0.1325,0.0894,0.1199,0.3461,0.1478,FCC
4,1.85,4.8575,0.0333,0.1292,0.0938,0.0702,0.3022,0.1737,FCC
4,1.85,4.7275,0.0297,0.1245,0.0923,0.0704,0.3018,0.1782,FCC
2,1.8,4.865,0.0336,0.1319,0.0932,0.0834,0.3184,0.1721,FCC
2,1.8,4.8325,0.0341,0.1321,0.0939,0.0833,0.3183,0.1734,FCC
3,1.8,4.8,0.034,0.132,0.0941,0.0832,0.3181,0.1746,FCC
3,1.8,4.7675,0.0335,0.1313,0.094,0.083,0.318,0.1758,FCC
4,1.75,4.84,0.0343,0.1343,0.0933,0.094,0.3332,0.1715,FCC
3,1.75,4.8075,0.0348,0.1348,0.094,0.0937,0.333,0.1729,FCC
3,1.75,4.7425,0.0345,0.1345,0.0941,0.0931,0.3326,0.1754,FCC
3,1.75,4.71,0.0336,0.1337,0.0936,0.0927,0.3323,0.1767,FCC
3,1.7,4.8475,0.0341,0.1356,0.0923,0.103,0.347,0.1693,FCC
4,1.7,4.7825,0.0356,0.1374,0.0941,0.1023,0.3464,0.1721,FCC
3,1.7,4.75,0.0358,0.1377,0.0944,0.1018,0.3461,0.1735,FCC
3,1.65,4.855,0.0343,0.1359,0.0909,0.1109,0.3596,0.1666,FCC
4,1.65,4.8225,0.0351,0.1375,0.0924,0.1104,0.3592,0.1681,FCC
2,1.65,4.79,0.0356,0.1388,0.0935,0.1099,0.3589,0.1696,FCC
2,1.65,4.7575,0.0364,0.1397,0.0942,0.1093,0.3585,0.1711,FCC
4,1.65,4.725,0.0367,0.1402,0.0945,0.1087,0.3581,0.1725,FCC
2,1.6,4.7975,0.0361,0.1394,0.0925,0.1165,0.37,0.1668,FCC
4,1.6,4.765,0.0365,0.1408,0.0936,0.1158,0.3696,0.1683,FCC
4,1.6,4.7,0.0376,0.1426,0.0946,0.1143,0.3687,0.1714,FCC
4,1.6,4.6675,0.0375,0.143,0.0945,0.1135,0.3682,0.1729,FCC
4,1.8,4.8575,0.037,0.1397,0.0984,0.0715,0.3174,0.1903,FCC
4,1.8,4.7925,0.0357,0.1378,0.0981,0.0715,0.3175,0.1923,FCC
2,1.75,4.8,0.0375,0.1421,0.0986,0.084,0.3346,0.1914,FCC
3,1.75,4.735,0.0353,0.1397,0.0975,0.0836,0.3345,0.1935,FCC
2,1.7,4.8725,0.0376,0.1446,0.0973,0.0948,0.3507,0.1877,FCC
3,1.7,4.84,0.0383,0.1451,0.0982,0.0946,0.3507,0.1889,FCC
4,1.7,4.8075,0.0386,0.1453,0.0986,0.0943,0.3506,0.1901,FCC
3,1.7,4.7425,0.0377,0.1443,0.0984,0.0936,0.3505,0.1923,FCC
3,1.7,4.71,0.0364,0.1432,0.0976,0.0932,0.3504,0.1934,FCC
4,1.65,4.815,0.039,0.1475,0.0983,0.103,0.3656,0.1884,FCC
4,1.65,4.7175,0.0387,0.1473,0.0985,0.1016,0.3652,0.192,FCC
3,1.65,4.685,0.0376,0.1465,0.0978,0.101,0.3651,0.1931,FCC
3,1.6,4.8225,0.0387,0.1487,0.0975,0.1106,0.3796,0.1863,FCC
2,1.6,4.79,0.0397,0.1496,0.0984,0.11,0.3794,0.1876,FCC
3,1.55,4.765,0.0403,0.1517,0.0985,0.1157,0.3921,0.1866,FCC
4,1.9,4.8725,0.0345,0.1394,0.1068,0.0817,0.3163,0.1581,FCC
2,1.9,4.84,0.0346,0.1391,0.1071,0.0822,0.3159,0.1597,FCC
1,1.9,4.85,0.0287,0.1164,0.0885,0.0688,0.305,0.1622,FCC
3,1.9,4.8175,0.0287,0.1161,0.089,0.069,0.3046,0.1637,FCC
4,1.85,4.88,0.0345,0.1418,0.1062,0.0946,0.3284,0.1546,FCC
3,1.85,4.89,0.0279,0.1182,0.0865,0.0823,0.3187,0.1577,FCC
3,1.85,4.815,0.0354,0.142,0.1072,0.0951,0.3274,0.1581,FCC
4,1.85,4.8575,0.0289,0.1191,0.0878,0.0823,0.3183,0.1593,FCC
2,1.85,4.825,0.0295,0.1195,0.0886,0.0823,0.3179,0.1609,FCC
4,1.85,4.7925,0.0296,0.1194,0.0891,0.0822,0.3175,0.1625,FCC
3,1.85,4.76,0.0292,0.1189,0.0892,0.0821,0.317,0.1641,FCC
4,1.8,4.855,0.0351,0.144,0.1063,0.1056,0.3385,0.1526,FCC
1,1.8,4.8975,0.0286,0.1191,0.0848,0.0935,0.3307,0.1543,FCC
3,1.8,4.865,0.029,0.1206,0.0865,0.0934,0.3302,0.156,FCC
2,1.8,4.79,0.0361,0.1447,0.1073,0.1057,0.3373,0.1562,FCC
4,1.8,4.8325,0.0295,0.1217,0.0879,0.0932,0.3297,0.1578,FCC
4,1.8,4.8,0.0303,0.1224,0.0888,0.0929,0.3292,0.1594,FCC
4,1.8,4.735,0.0302,0.1223,0.0893,0.0924,0.3282,0.1627,FCC
4,1.75,4.8725,0.0295,0.1212,0.0849,0.1027,0.3406,0.1523,FCC
4,1.75,4.84,0.0301,0.1229,0.0866,0.1024,0.3401,0.1542,FCC
3,1.75,4.8075,0.0302,0.1242,0.0879,0.1021,0.3395,0.1559,FCC
4,1.75,4.775,0.031,0.1251,0.0889,0.1017,0.3389,0.1577,FCC
3,1.75,4.7425,0.0314,0.1255,0.0894,0.1013,0.3383,0.1594,FCC
4,1.7,4.88,0.0294,0.1208,0.0828,0.1108,0.3496,0.1482,FCC
3,1.7,4.7825,0.0315,0.1265,0.088,0.1094,0.3475,0.1539,FCC
4,1.7,4.7075,0.0377,0.1498,0.1076,0.1222,0.3507,0.1537,FCC
2,1.7,4.75,0.0318,0.1276,0.089,0.1089,0.3468,0.1557,FCC
4,1.7,4.7175,0.0323,0.1283,0.0895,0.1083,0.346,0.1575,FCC
4,1.65,4.725,0.0326,0.1299,0.0891,0.1148,0.3527,0.1535,FCC
4,1.6,4.7,0.0338,0.1321,0.0892,0.1195,0.3564,0.1511,FCC
4,1.8,4.7825,0.0385,0.1508,0.111,0.0963,0.3511,0.179,FCC
4,1.8,4.825,0.0332,0.131,0.0936,0.0832,0.3402,0.1798,FCC
4,1.8,4.7925,0.0331,0.1306,0.0939,0.083,0.3399,0.1812,FCC
4,1.8,4.76,0.0324,0.1297,0.0937,0.0829,0.3397,0.1825,FCC
2,1.75,4.8975,0.0317,0.1318,0.0906,0.0942,0.3542,0.1742,FCC
3,1.75,4.8325,0.0336,0.1336,0.0931,0.0938,0.3537,0.1772,FCC
3,1.75,4.7675,0.034,0.1337,0.094,0.0932,0.3531,0.1801,FCC
3,1.75,4.735,0.0334,0.1331,0.0939,0.0929,0.3528,0.1815,FCC
2,1.7,4.8725,0.0327,0.1338,0.0907,0.1032,0.3663,0.1726,FCC
2,1.7,4.84,0.0332,0.1351,0.0921,0.1029,0.366,0.1742,FCC
2,1.7,4.8075,0.0342,0.136,0.0932,0.1025,0.3656,0.1758,FCC
3,1.7,4.775,0.0348,0.1365,0.0939,0.1021,0.3652,0.1773,FCC
2,1.7,4.7425,0.0348,0.1366,0.0941,0.1016,0.3649,0.1788,FCC
4,1.7,4.71,0.0344,0.1362,0.094,0.1011,0.3645,0.1803,FCC
4,1.65,4.815,0.0341,0.1372,0.0922,0.1102,0.3766,0.1725,FCC
2,1.65,4.7825,0.0349,0.1383,0.0933,0.1096,0.3762,0.1741,FCC
4,1.65,4.75,0.0356,0.139,0.094,0.109,0.3757,0.1757,FCC
2,1.65,4.7175,0.0357,0.1393,0.0942,0.1084,0.3753,0.1773,FCC
2,1.8,4.85,0.0362,0.1384,0.0982,0.0714,0.3418,0.1975,FCC
3,1.8,4.8175,0.0356,0.1374,0.0982,0.0714,0.3418,0.1987,FCC
3,1.8,4.785,0.0346,0.1359,0.0978,0.0714,0.3418,0.1998,FCC
3,1.8,4.7525,0.033,0.1338,0.097,0.0714,0.3417,0.2009,FCC
1,1.75,4.89,0.0364,0.1416,0.0971,0.0842,0.3577,0.1944,FCC
4,1.75,4.8575,0.0369,0.1417,0.0979,0.0841,0.3577,0.1956,FCC
3,1.75,4.76,0.0356,0.1395,0.0979,0.0836,0.3574,0.1993,FCC
3,1.7,4.7675,0.0374,0.1437,0.0984,0.0938,0.3721,0.1973,FCC
4,1.7,4.735,0.0366,0.1428,0.0981,0.0934,0.372,0.1985,FCC
2,1.65,4.71,0.0376,0.146,0.0982,0.1013,0.3855,0.1976,FCC
4,1.75,4.7525,0.0359,0.1424,0.1007,0.0724,0.3547,0.216,FCC
4,1.9,4.8975,0.0334,0.1384,0.1059,0.0813,0.3355,0.1602,FCC
2,1.9,4.865,0.0338,0.1383,0.1066,0.0818,0.335,0.162,FCC
2,1.9,4.9075,0.0266,0.1147,0.0862,0.0684,0.3259,0.1638,FCC
3,1.9,4.875,0.0275,0.1151,0.0875,0.0686,0.3255,0.1655,FCC
3,1.9,4.8,0.0332,0.1368,0.1069,0.0826,0.334,0.1655,FCC
3,1.9,4.81,0.0278,0.1145,0.0888,0.0689,0.3247,0.1688,FCC
3,1.9,4.7775,0.0272,0.1133,0.0888,0.069,0.3243,0.1704,FCC
2,1.85,4.905,0.0329,0.1404,0.105,0.0943,0.3459,0.1559,FCC
2,1.85,4.8725,0.0339,0.141,0.106,0.0946,0.3453,0.1578,FCC
4,1.85,4.915,0.0266,0.1164,0.0846,0.0822,0.3377,0.16,FCC
1,1.85,4.84,0.0345,0.1411,0.1067,0.0948,0.3448,0.1597,FCC
2,1.85,4.8825,0.0272,0.1175,0.0863,0.0822,0.3372,0.1618,FCC
4,1.85,4.85,0.0282,0.1182,0.0876,0.0822,0.3367,0.1635,FCC
3,1.85,4.775,0.0341,0.1401,0.107,0.0953,0.3436,0.1634,FCC
4,1.85,4.7425,0.0331,0.1389,0.1066,0.0954,0.343,0.1652,FCC
3,1.8,4.9225,0.0271,0.117,0.0825,0.0935,0.3481,0.1558,FCC
2,1.8,4.89,0.0278,0.1188,0.0847,0.0934,0.3475,0.1577,FCC
2,1.8,4.815,0.0351,0.1437,0.1068,0.1056,0.3528,0.1572,FCC
2,1.8,4.8575,0.0279,0.1201,0.0864,0.0932,0.3469,0.1596,FCC
4,1.8,4.7825,0.0353,0.1436,0.1071,0.1057,0.3521,0.1592,FCC
3,1.8,4.825,0.0288,0.121,0.0877,0.093,0.3463,0.1614,FCC
3,1.8,4.75,0.035,0.1432,0.1071,0.1057,0.3514,0.1611,FCC
3,1.8,4.7925,0.0294,0.1214,0.0885,0.0928,0.3457,0.1632,FCC
4,1.75,4.79,0.0358,0.1461,0.1069,0.1147,0.3589,0.1545,FCC
3,1.75,4.8325,0.0291,0.1225,0.0865,0.1022,0.3549,0.1571,FCC
2,1.75,4.7575,0.0361,0.1463,0.1072,0.1146,0.3581,0.1565,FCC
1,1.75,4.8,0.0295,0.1236,0.0878,0.1019,0.3542,0.1591,FCC
3,1.75,4.725,0.0358,0.1461,0.1072,0.1145,0.3572,0.1585,FCC
4,1.75,4.7675,0.0302,0.1242,0.0886,0.1015,0.3534,0.1609,FCC
3,1.7,4.7325,0.0369,0.1488,0.1073,0.1223,0.3618,0.1537,FCC
4,1.7,4.775,0.0302,0.126,0.0878,0.1092,0.36,0.1565,FCC
3,1.7,4.7,0.0367,0.1488,0.1073,0.122,0.3608,0.1557,FCC
4,1.7,4.7425,0.031,0.1269,0.0887,0.1086,0.3592,0.1584,FCC
2,1.7,4.71,0.0313,0.1273,0.0892,0.108,0.3583,0.1604,FCC
3,1.65,4.7175,0.0318,0.1294,0.0889,0.1145,0.3627,0.1557,FCC
4,1.6,4.725,0.0328,0.1304,0.088,0.1201,0.3648,0.1506,FCC
4,1.85,4.8975,0.0377,0.1485,0.1103,0.0828,0.3589,0.1799,FCC
1,1.85,4.9075,0.0309,0.127,0.0917,0.0698,0.3476,0.1828,FCC
4,1.85,4.875,0.0315,0.127,0.0927,0.07,0.3474,0.1843,FCC
4,1.85,4.8425,0.0316,0.1266,0.0933,0.0701,0.3472,0.1858,FCC
2,1.8,4.915,0.0303,0.129,0.0904,0.0832,0.3611,0.1797,FCC
3,1.8,4.8825,0.0315,0.1297,0.0918,0.0832,0.3608,0.1812,FCC
2,1.8,4.8075,0.0383,0.1503,0.111,0.0961,0.3702,0.1812,FCC
4,1.8,4.85,0.0322,0.13,0.0928,0.0831,0.3605,0.1828,FCC
2,1.8,4.8175,0.0324,0.1298,0.0934,0.083,0.3602,0.1843,FCC
3,1.8,4.7425,0.0363,0.1478,0.1102,0.0964,0.3694,0.1844,FCC
4,1.75,4.89,0.0307,0.1313,0.0905,0.0941,0.373,0.1778,FCC
4,1.75,4.8575,0.032,0.1322,0.0919,0.0939,0.3727,0.1794,FCC
4,1.75,4.825,0.0329,0.1327,0.0929,0.0937,0.3723,0.181,FCC
2,1.75,4.7925,0.0332,0.1328,0.0935,0.0934,0.3719,0.1826,FCC
2,1.75,4.76,0.033,0.1324,0.0938,0.0931,0.3716,0.1842,FCC
4,1.75,4.7275,0.0323,0.1315,0.0936,0.0927,0.3712,0.1857,FCC
4,1.7,4.8,0.0335,0.1353,0.093,0.1023,0.3827,0.1791,FCC
2,1.7,4.7675,0.034,0.1356,0.0936,0.1018,0.3823,0.1807,FCC
3,1.7,4.735,0.0339,0.1354,0.0939,0.1014,0.3818,0.1824,FCC
4,1.8,4.9075,0.0353,0.138,0.0968,0.0711,0.3646,0.2002,FCC
1,1.8,4.875,0.0356,0.1376,0.0976,0.0712,0.3646,0.2015,FCC
1,1.8,4.8425,0.0354,0.1369,0.0979,0.0713,0.3645,0.2028,FCC
4,1.8,4.81,0.0347,0.1356,0.0979,0.0713,0.3644,0.2041,FCC
4,1.75,4.85,0.0362,0.1406,0.0977,0.084,0.3792,0.2002,FCC
3,1.75,4.785,0.0356,0.1391,0.098,0.0837,0.3789,0.2029,FCC
4,1.75,4.7525,0.0345,0.1376,0.0976,0.0835,0.3788,0.2043,FCC
3,1.7,4.7275,0.0355,0.1411,0.0978,0.0932,0.3921,0.203,FCC
4,1.75,4.745,0.0347,0.1399,0.1004,0.0723,0.3782,0.2219,FCC
1,1.9,4.9225,0.032,0.1373,0.1048,0.0809,0.3527,0.1603,FCC
4,1.9,4.89,0.0328,0.1374,0.1058,0.0814,0.3521,0.1623,FCC
4,1.9,4.9325,0.0248,0.1131,0.0844,0.0681,0.3446,0.1648,FCC
1,1.9,4.8575,0.0331,0.137,0.1064,0.0819,0.3515,0.1642,FCC
4,1.9,4.9,0.026,0.1138,0.086,0.0684,0.3441,0.1667,FCC
4,1.9,4.825,0.0329,0.1363,0.1067,0.0823,0.351,0.1661,FCC
4,1.9,4.8675,0.0268,0.1139,0.0873,0.0686,0.3437,0.1685,FCC
4,1.9,4.7925,0.0322,0.135,0.1066,0.0827,0.3504,0.168,FCC
4,1.9,4.835,0.027,0.1136,0.0881,0.0687,0.3432,0.1703,FCC
4,1.9,4.76,0.0311,0.1332,0.1062,0.083,0.3498,0.1698,FCC
2,1.9,4.8025,0.0268,0.1127,0.0885,0.0688,0.3427,0.172,FCC
4,1.9,4.77,0.0261,0.1112,0.0885,0.0689,0.3422,0.1738,FCC
4,1.85,4.8975,0.0324,0.1397,0.1049,0.0943,0.3608,0.1574,FCC
3,1.85,4.94,0.0254,0.1145,0.0823,0.0821,0.3548,0.1603,FCC
2,1.85,4.865,0.0333,0.1401,0.1059,0.0946,0.3601,0.1594,FCC
1,1.85,4.9075,0.0255,0.1158,0.0844,0.0821,0.3542,0.1622,FCC
4,1.85,4.875,0.0266,0.1167,0.0861,0.0821,0.3537,0.1642,FCC
2,1.85,4.8425,0.0274,0.1171,0.0874,0.0821,0.3531,0.1661,FCC
4,1.85,4.7675,0.0331,0.1385,0.1068,0.0952,0.358,0.1654,FCC
3,1.85,4.81,0.0278,0.117,0.0882,0.082,0.3525,0.1679,FCC
3,1.85,4.7775,0.0277,0.1165,0.0886,0.0819,0.3519,0.1697,FCC
4,1.85,4.745,0.0271,0.1153,0.0886,0.0818,0.3513,0.1715,FCC
3,1.8,4.8725,0.0329,0.142,0.1049,0.1054,0.367,0.1542,FCC
3,1.8,4.915,0.0265,0.1168,0.0824,0.0934,0.3628,0.1574,FCC
3,1.8,4.8825,0.0267,0.1183,0.0845,0.0933,0.3621,0.1594,FCC
3,1.8,4.8075,0.0344,0.1427,0.1066,0.1056,0.3654,0.1585,FCC
2,1.8,4.85,0.0271,0.1194,0.0862,0.0931,0.3614,0.1614,FCC
1,1.8,4.8175,0.0281,0.1201,0.0875,0.0929,0.3607,0.1634,FCC
4,1.8,4.785,0.0286,0.1203,0.0883,0.0926,0.36,0.1653,FCC
4,1.8,4.7525,0.0286,0.12,0.0887,0.0923,0.3593,0.1672,FCC
4,1.75,4.89,0.0276,0.1189,0.0825,0.1027,0.369,0.1543,FCC
4,1.75,4.815,0.0345,0.1449,0.106,0.1147,0.3701,0.1531,FCC
4,1.75,4.8575,0.0279,0.1206,0.0846,0.1024,0.3681,0.1564,FCC
3,1.75,4.75,0.0352,0.1452,0.107,0.1145,0.3681,0.1574,FCC
3,1.75,4.7925,0.0288,0.1228,0.0876,0.1017,0.3665,0.1606,FCC
3,1.75,4.7175,0.0349,0.1448,0.107,0.1144,0.367,0.1595,FCC
3,1.75,4.76,0.0294,0.1232,0.0884,0.1013,0.3656,0.1626,FCC
3,1.75,4.7275,0.0295,0.1232,0.0889,0.1008,0.3647,0.1645,FCC
4,1.7,4.865,0.0287,0.1208,0.0825,0.1104,0.373,0.151,FCC
4,1.7,4.7575,0.0358,0.1477,0.1068,0.1224,0.3703,0.1518,FCC
4,1.7,4.725,0.036,0.1479,0.1071,0.1221,0.369,0.154,FCC
2,1.7,4.7675,0.0294,0.1254,0.0877,0.109,0.3699,0.1575,FCC
3,1.7,4.735,0.0302,0.126,0.0885,0.1084,0.3689,0.1596,FCC
3,1.65,4.7425,0.0301,0.1278,0.0877,0.1149,0.3708,0.1542,FCC
2,1.85,4.89,0.0371,0.1474,0.1101,0.0829,0.3775,0.1823,FCC
2,1.85,4.9325,0.0294,0.1257,0.0902,0.0696,0.3679,0.1844,FCC
4,1.85,4.8575,0.0371,0.1467,0.1106,0.0833,0.3772,0.184,FCC
2,1.85,4.9,0.0303,0.1259,0.0915,0.0698,0.3676,0.186,FCC
3,1.85,4.8675,0.0308,0.1257,0.0925,0.0699,0.3673,0.1876,FCC
1,1.85,4.835,0.0308,0.125,0.0931,0.07,0.367,0.1892,FCC
2,1.85,4.77,0.0293,0.122,0.093,0.0701,0.3664,0.1923,FCC
3,1.8,4.9075,0.0298,0.1283,0.0903,0.0831,0.3797,0.1822,FCC
1,1.8,4.875,0.0309,0.1288,0.0916,0.0831,0.3793,0.1839,FCC
3,1.8,4.8425,0.0315,0.1288,0.0926,0.083,0.3789,0.1855,FCC
4,1.8,4.81,0.0316,0.1284,0.0932,0.0829,0.3786,0.1872,FCC
3,1.8,4.7775,0.0312,0.1275,0.0934,0.0828,0.3782,0.1888,FCC
4,1.8,4.745,0.0303,0.126,0.0931,0.0826,0.3778,0.1904,FCC
3,1.8,4.9,0.0347,0.1368,0.0966,0.0711,0.386,0.2035,FCC
4,1.8,4.8675,0.0349,0.1363,0.0974,0.0712,0.3858,0.205,FCC
2,1.75,4.875,0.0352,0.1396,0.0967,0.084,0.3994,0.2018,FCC
2,1.9,4.915,0.0315,0.1363,0.1047,0.0809,0.3673,0.1608,FCC
1,1.9,4.9575,0.0231,0.1114,0.0822,0.0678,0.3615,0.1641,FCC
1,1.9,4.8825,0.0322,0.1362,0.1056,0.0814,0.3667,0.1629,FCC
4,1.9,4.925,0.0243,0.1123,0.0842,0.0681,0.3609,0.1661,FCC
4,1.9,4.85,0.0324,0.1356,0.1062,0.0819,0.366,0.165,FCC
1,1.9,4.8925,0.0254,0.1127,0.0859,0.0683,0.3603,0.168,FCC
4,1.9,4.8175,0.0321,0.1346,0.1065,0.0823,0.3652,0.167,FCC
1,1.9,4.86,0.0261,0.1126,0.0871,0.0685,0.3598,0.17,FCC
3,1.9,4.785,0.0313,0.1331,0.1064,0.0827,0.3645,0.169,FCC
3,1.9,4.8275,0.0262,0.1119,0.0879,0.0687,0.3592,0.1719,FCC
2,1.9,4.795,0.0259,0.1107,0.0882,0.0688,0.3586,0.1737,FCC
1,1.85,4.89,0.032,0.1389,0.1047,0.0943,0.3734,0.1574,FCC
2,1.85,4.9325,0.0243,0.114,0.0822,0.082,0.3694,0.1609,FCC
3,1.85,4.8575,0.0327,0.139,0.1057,0.0946,0.3726,0.1596,FCC
2,1.85,4.9,0.0247,0.1151,0.0843,0.082,0.3687,0.163,FCC
2,1.85,4.825,0.033,0.1387,0.1063,0.0948,0.3717,0.1617,FCC
3,1.85,4.8675,0.026,0.1158,0.0859,0.082,0.368,0.165,FCC
1,1.85,4.835,0.0267,0.1159,0.0872,0.082,0.3673,0.1671,FCC
4,1.85,4.76,0.0322,0.1367,0.1065,0.0952,0.37,0.1659,FCC
3,1.85,4.8025,0.027,0.1156,0.088,0.0819,0.3665,0.169,FCC
4,1.85,4.77,0.0268,0.1147,0.0884,0.0818,0.3658,0.171,FCC
4,1.85,4.7375,0.026,0.1133,0.0883,0.0816,0.3651,0.1729,FCC
2,1.8,4.865,0.0324,0.1414,0.1048,0.1054,0.3773,0.1538,FCC
3,1.8,4.9075,0.0256,0.1164,0.0823,0.0933,0.3753,0.1576,FCC
4,1.8,4.8325,0.0333,0.1417,0.1058,0.1055,0.3763,0.156,FCC
2,1.8,4.875,0.0254,0.1177,0.0844,0.0931,0.3745,0.1597,FCC
4,1.8,4.8425,0.0265,0.1186,0.086,0.0929,0.3737,0.1619,FCC
4,1.8,4.725,0.0385,0.1587,0.1218,0.1157,0.3733,0.1566,FCC
4,1.8,4.7675,0.0336,0.1411,0.1067,0.1055,0.3743,0.1605,FCC
4,1.8,4.81,0.0274,0.119,0.0873,0.0927,0.3728,0.1639,FCC
2,1.8,4.735,0.0331,0.1402,0.1066,0.1055,0.3732,0.1626,FCC
4,1.75,4.84,0.0328,0.1436,0.1049,0.1147,0.3787,0.1499,FCC
4,1.75,4.8175,0.0271,0.1213,0.0861,0.1019,0.3771,0.1584,FCC
2,1.75,4.785,0.0281,0.1219,0.0874,0.1015,0.3761,0.1606,FCC
3,1.75,4.7525,0.0285,0.1221,0.0882,0.1011,0.3751,0.1627,FCC
4,1.7,4.815,0.0333,0.1458,0.1049,0.1227,0.377,0.1458,FCC
4,1.7,4.7825,0.0344,0.1465,0.1059,0.1225,0.3756,0.1482,FCC
4,1.7,4.825,0.0281,0.1225,0.0845,0.1098,0.3792,0.1525,FCC
3,1.7,4.76,0.0287,0.1246,0.0875,0.1087,0.3768,0.1571,FCC
4,1.65,4.7675,0.0291,0.1261,0.0863,0.1153,0.3758,0.1509,FCC
4,1.85,4.8825,0.0365,0.1461,0.11,0.0829,0.3945,0.1833,FCC
3,1.85,4.925,0.0289,0.1247,0.09,0.0695,0.3862,0.1859,FCC
3,1.85,4.8925,0.0297,0.1247,0.0914,0.0697,0.3859,0.1877,FCC
1,1.85,4.86,0.0301,0.1243,0.0923,0.0698,0.3855,0.1894,FCC
4,1.85,4.8275,0.03,0.1233,0.0928,0.0699,0.3852,0.1911,FCC
4,1.85,4.795,0.0293,0.1218,0.093,0.07,0.3848,0.1928,FCC
4,1.85,4.7625,0.0282,0.1197,0.0927,0.07,0.3844,0.1944,FCC
2,1.8,4.8675,0.0303,0.1277,0.0914,0.083,0.3961,0.1851,FCC
4,1.8,4.8925,0.0341,0.1355,0.0965,0.071,0.4059,0.2055,FCC
1,1.8,4.86,0.0341,0.1347,0.0972,0.0711,0.4057,0.2071,FCC
4,1.75,4.8675,0.0346,0.1385,0.0965,0.0839,0.4181,0.2033,FCC
1,1.9,4.66,0.0332,0.1148,0.0803,0.1596,0.1769,0.1488,FCC
1,1.9,4.5225,0.0282,0.1121,0.077,0.1766,0.1771,0.1578,FCC
1,1.9,4.575,0.0302,0.1131,0.0784,0.1687,0.177,0.1535,FCC
4,1.9,4.6275,0.0315,0.1128,0.0787,0.1586,0.1768,0.1485,FCC
4,1.9,4.5425,0.0274,0.1095,0.0754,0.1674,0.1769,0.1531,FCC
4,1.9,4.595,0.0292,0.1101,0.0765,0.1575,0.1767,0.1483,FCC
1,1.85,4.5825,0.0339,0.1204,0.0809,0.1698,0.2013,0.1594,FCC
4,1.85,4.55,0.0317,0.118,0.0786,0.1685,0.2011,0.1592,FCC
2,1.85,4.57,0.0307,0.1149,0.0767,0.1584,0.201,0.1537,FCC
1,1.85,4.555,0.0332,0.1251,0.0838,0.177,0.1991,0.1696,FCC
1,1.85,4.6075,0.0349,0.1258,0.0848,0.1691,0.1985,0.1662,FCC
1,1.85,4.47,0.0291,0.1178,0.0776,0.1812,0.1997,0.1715,FCC
1,1.85,4.49,0.0281,0.1159,0.0764,0.1741,0.1993,0.1682,FCC
2,1.85,4.595,0.0313,0.12,0.0805,0.1569,0.1981,0.1612,FCC
4,1.85,4.4575,0.0258,0.1099,0.0713,0.1726,0.1993,0.1674,FCC
1,1.85,4.5625,0.0283,0.1163,0.0775,0.1558,0.1982,0.1608,FCC
1,1.8,4.53,0.0346,0.1299,0.0841,0.1755,0.2229,0.1758,FCC
1,1.8,4.55,0.0337,0.1274,0.0825,0.1675,0.2226,0.1715,FCC
1,1.8,4.5175,0.0306,0.124,0.0793,0.166,0.2226,0.1711,FCC
1,1.8,4.6475,0.035,0.1295,0.0851,0.1445,0.213,0.169,FCC
1,1.75,4.5425,0.0346,0.1341,0.0854,0.1648,0.227,0.185,FCC
1,1.75,4.5625,0.0336,0.1324,0.0842,0.1544,0.2261,0.1821,FCC
1,1.9,4.56,0.0334,0.1192,0.084,0.1867,0.2116,0.1868,FCC
1,1.9,4.685,0.0332,0.1143,0.081,0.1602,0.2117,0.1703,FCC
1,1.9,4.495,0.0276,0.1109,0.078,0.1836,0.2112,0.1864,FCC
2,1.9,4.6525,0.0319,0.1126,0.0799,0.1592,0.2116,0.1705,FCC
4,1.9,4.4625,0.0253,0.1053,0.0738,0.1819,0.211,0.1862,FCC
1,1.9,4.515,0.0265,0.1085,0.0764,0.1761,0.2112,0.1816,FCC
1,1.9,4.62,0.03,0.1102,0.0783,0.1582,0.2115,0.1707,FCC
1,1.9,4.5875,0.0277,0.1071,0.076,0.1571,0.2113,0.1708,FCC
1,1.85,4.64,0.0357,0.1218,0.0834,0.172,0.2321,0.1797,FCC
1,1.85,4.555,0.0336,0.1211,0.0824,0.1777,0.2315,0.1857,FCC
1,1.85,4.6075,0.0344,0.1202,0.0822,0.1707,0.2319,0.1799,FCC
1,1.85,4.66,0.0343,0.1182,0.0812,0.1615,0.2322,0.1735,FCC
1,1.85,4.7125,0.0336,0.115,0.0792,0.1501,0.2324,0.1665,FCC
1,1.85,4.575,0.0325,0.118,0.0805,0.1693,0.2317,0.1801,FCC
1,1.85,4.6275,0.0331,0.1168,0.0801,0.1604,0.232,0.1738,FCC
1,1.8,4.4975,0.0325,0.1228,0.0801,0.1737,0.2488,0.1892,FCC
1,1.85,4.58,0.0346,0.1256,0.086,0.1779,0.2325,0.1935,FCC
1,1.85,4.495,0.0304,0.1192,0.0813,0.1823,0.2328,0.1972,FCC
1,1.85,4.705,0.0347,0.1217,0.0834,0.1463,0.2313,0.178,FCC
1,1.85,4.62,0.0323,0.1203,0.0825,0.1576,0.2318,0.1837,FCC
1,1.8,4.575,0.0348,0.1277,0.0845,0.1684,0.2528,0.1927,FCC
1,1.8,4.595,0.0337,0.1249,0.0827,0.1585,0.2526,0.1874,FCC
1,1.8,4.5625,0.0312,0.122,0.0803,0.1572,0.2526,0.1875,FCC
1,1.8,4.515,0.0319,0.125,0.0831,0.174,0.2486,0.2034,FCC
1,1.8,4.5675,0.0331,0.1279,0.0852,0.1666,0.2479,0.1998,FCC
1,1.8,4.64,0.0335,0.1269,0.0846,0.1441,0.2466,0.1907,FCC
1,1.8,4.555,0.0295,0.1213,0.0804,0.1547,0.2475,0.1952,FCC
1,1.75,4.4825,0.0313,0.1256,0.0813,0.1713,0.2611,0.2122,FCC
1,1.75,4.6075,0.0333,0.1316,0.0856,0.1426,0.2584,0.2018,FCC
1,1.7,4.4825,0.0326,0.1313,0.0837,0.17,0.2704,0.2205,FCC
1,1.9,4.5925,0.0297,0.1105,0.0798,0.169,0.2408,0.1936,FCC
1,1.9,4.6125,0.0286,0.1074,0.0778,0.1578,0.2409,0.1874,FCC
1,1.85,4.495,0.0305,0.1175,0.081,0.182,0.2571,0.2078,FCC
1,1.85,4.6525,0.0332,0.1163,0.0808,0.1611,0.2589,0.1885,FCC
1,1.85,4.705,0.0325,0.1135,0.0788,0.1498,0.2593,0.1809,FCC
1,1.85,4.64,0.0306,0.111,0.0774,0.1478,0.2588,0.1822,FCC
1,1.8,4.5025,0.0346,0.1258,0.0839,0.1803,0.2724,0.2099,FCC
1,1.8,4.66,0.035,0.1209,0.0815,0.1628,0.2748,0.1895,FCC
1,1.8,4.595,0.033,0.1188,0.0799,0.1602,0.2742,0.1907,FCC
4,1.8,4.7075,0.0287,0.1035,0.0705,0.1006,0.2758,0.1589,FCC
4,1.75,4.6825,0.0298,0.1071,0.0707,0.1058,0.2903,0.1594,FCC
4,1.7,4.6575,0.031,0.1103,0.0708,0.1096,0.3031,0.1597,FCC
1,1.85,4.5725,0.0331,0.1226,0.0856,0.1775,0.2616,0.2113,FCC
1,1.85,4.625,0.0344,0.1234,0.0859,0.1695,0.2615,0.2059,FCC
1,1.85,4.5925,0.032,0.1201,0.0838,0.1682,0.2615,0.2061,FCC
1,1.85,4.5075,0.0281,0.1133,0.0793,0.1746,0.2615,0.2115,FCC
1,1.85,4.6125,0.0309,0.1175,0.082,0.1572,0.2613,0.2006,FCC
1,1.8,4.4625,0.0303,0.1212,0.0809,0.1787,0.2795,0.2195,FCC
1,1.8,4.515,0.0315,0.1238,0.083,0.1744,0.2796,0.2143,FCC
1,1.8,4.5675,0.0334,0.125,0.084,0.1679,0.2797,0.2087,FCC
1,1.8,4.5875,0.0322,0.1223,0.0822,0.158,0.2796,0.203,FCC
3,1.8,4.7,0.0294,0.1114,0.0752,0.0935,0.2792,0.1756,FCC
1,1.8,4.5075,0.0307,0.1209,0.0825,0.1735,0.2779,0.2224,FCC
1,1.8,4.6125,0.0332,0.1265,0.0859,0.1566,0.2769,0.2127,FCC
1,1.75,4.4625,0.0326,0.1285,0.0839,0.1771,0.297,0.2301,FCC
1,1.75,4.5275,0.0322,0.1263,0.0842,0.1638,0.2899,0.2283,FCC
1,1.75,4.58,0.0337,0.1301,0.0866,0.1547,0.2891,0.2239,FCC
1,1.9,4.715,0.0342,0.1168,0.0837,0.173,0.2676,0.2044,FCC
1,1.9,4.6825,0.0335,0.1154,0.0833,0.172,0.2673,0.2051,FCC
1,1.9,4.5125,0.0276,0.1081,0.0803,0.1841,0.2656,0.2192,FCC
4,1.9,4.48,0.0254,0.1024,0.0768,0.1824,0.2652,0.2196,FCC
1,1.9,4.69,0.0295,0.1062,0.0779,0.146,0.2675,0.192,FCC
1,1.9,4.5525,0.0256,0.1031,0.0768,0.1673,0.2662,0.2074,FCC
3,1.9,4.75,0.0253,0.0935,0.0698,0.0857,0.268,0.1684,FCC
1,1.85,4.52,0.0318,0.1182,0.0833,0.1832,0.2805,0.2206,FCC
1,1.85,4.5725,0.033,0.1186,0.0835,0.1782,0.2813,0.214,FCC
1,1.85,4.73,0.0318,0.1125,0.0785,0.1504,0.2835,0.1911,FCC
1,1.85,4.645,0.032,0.1143,0.0804,0.1607,0.2825,0.2001,FCC
1,1.85,4.6125,0.0305,0.1122,0.0793,0.1595,0.2822,0.2008,FCC
1,1.85,4.58,0.0285,0.1095,0.0776,0.1583,0.2818,0.2015,FCC
4,1.85,4.7575,0.0269,0.0985,0.0699,0.0945,0.2841,0.1676,FCC
1,1.8,4.685,0.0343,0.1199,0.0814,0.1636,0.2969,0.1991,FCC
1,1.8,4.5475,0.0342,0.1231,0.0836,0.1761,0.2944,0.2152,FCC
1,1.8,4.5675,0.033,0.1199,0.0816,0.1688,0.295,0.2086,FCC
1,1.8,4.62,0.0331,0.1183,0.0806,0.1611,0.296,0.2008,FCC
4,1.8,4.7325,0.0279,0.1022,0.0701,0.1011,0.2984,0.1675,FCC
2,1.8,4.7,0.0275,0.102,0.0701,0.1003,0.298,0.1687,FCC
1,1.85,4.7025,0.0351,0.1227,0.0858,0.16,0.2879,0.2121,FCC
1,1.85,4.565,0.0317,0.1194,0.0851,0.177,0.2877,0.2253,FCC
1,1.85,4.5325,0.0293,0.1146,0.0823,0.1755,0.2876,0.2257,FCC
3,1.85,4.75,0.0282,0.1066,0.0754,0.0861,0.2873,0.185,FCC
3,1.8,4.725,0.0293,0.1108,0.0756,0.0939,0.3044,0.1855,FCC
3,1.8,4.6925,0.0281,0.1092,0.0748,0.0931,0.3042,0.1864,FCC
1,1.8,4.5525,0.0309,0.1207,0.0842,0.1657,0.3042,0.232,FCC
1,1.9,4.655,0.0339,0.1166,0.0853,0.1814,0.29,0.2216,FCC
1,1.9,4.7075,0.0333,0.1149,0.0834,0.1727,0.2907,0.2141,FCC
1,1.9,4.76,0.0318,0.1121,0.0805,0.1619,0.2914,0.206,FCC
1,1.9,4.7475,0.0299,0.1071,0.0781,0.1473,0.2914,0.1995,FCC
1,1.9,4.5775,0.0269,0.1039,0.0789,0.1681,0.2893,0.2172,FCC
4,1.9,4.63,0.028,0.1046,0.0787,0.1581,0.2901,0.2096,FCC
1,1.9,4.5975,0.0258,0.1009,0.0769,0.157,0.2897,0.2104,FCC
4,1.9,4.8075,0.025,0.0932,0.069,0.0865,0.2923,0.1747,FCC
3,1.9,4.7425,0.0241,0.0912,0.0694,0.0854,0.2917,0.1772,FCC
1,1.85,4.5975,0.0335,0.1187,0.0845,0.1792,0.3025,0.2229,FCC
1,1.85,4.5125,0.0304,0.1149,0.0828,0.1826,0.3009,0.2308,FCC
1,1.85,4.565,0.0317,0.1159,0.083,0.1776,0.302,0.2237,FCC
1,1.85,4.6375,0.0308,0.112,0.0801,0.1603,0.3036,0.209,FCC
1,1.85,4.69,0.0304,0.11,0.0782,0.149,0.3046,0.2005,FCC
4,1.85,4.75,0.0258,0.0968,0.0696,0.0942,0.306,0.1754,FCC
3,1.85,4.7175,0.0252,0.0959,0.0696,0.0935,0.3056,0.1767,FCC
1,1.8,4.71,0.0334,0.1188,0.0808,0.1644,0.3167,0.206,FCC
1,1.8,4.625,0.0344,0.1213,0.0833,0.1713,0.3149,0.2154,FCC
1,1.8,4.6775,0.0334,0.1185,0.0811,0.1632,0.3162,0.207,FCC
3,1.8,4.725,0.0268,0.1008,0.0698,0.1008,0.3184,0.1747,FCC
4,1.8,4.6925,0.0264,0.1002,0.0698,0.0999,0.3179,0.176,FCC
1,1.75,4.705,0.0324,0.1176,0.078,0.1539,0.3277,0.1976,FCC
1,1.85,4.5375,0.0318,0.1179,0.0862,0.1839,0.3113,0.2421,FCC
1,1.85,4.59,0.033,0.1202,0.0869,0.1779,0.3116,0.2358,FCC
1,1.85,4.695,0.0341,0.1205,0.0854,0.1596,0.3121,0.2219,FCC
1,1.85,4.61,0.0318,0.1176,0.085,0.1686,0.3117,0.2297,FCC
1,1.85,4.715,0.0325,0.1172,0.0831,0.1462,0.3121,0.2151,FCC
1,1.85,4.5975,0.0281,0.111,0.0811,0.1564,0.3116,0.2241,FCC
3,1.85,4.7425,0.027,0.1044,0.0751,0.0858,0.3119,0.1938,FCC
3,1.85,4.71,0.0256,0.1021,0.0742,0.0852,0.3118,0.1948,FCC
1,1.8,4.605,0.0318,0.1198,0.0833,0.1584,0.3265,0.2239,FCC
3,1.8,4.75,0.029,0.11,0.0755,0.0944,0.3275,0.1925,FCC
4,1.75,4.725,0.03,0.1138,0.0757,0.1007,0.3416,0.192,FCC
3,1.75,4.6925,0.0292,0.1128,0.0754,0.0998,0.3413,0.1932,FCC
3,1.75,4.66,0.028,0.1114,0.0746,0.0988,0.3411,0.1943,FCC
3,1.7,4.7325,0.0311,0.1173,0.0756,0.1067,0.3546,0.19,FCC
4,1.7,4.6675,0.0303,0.1166,0.0756,0.1046,0.354,0.1925,FCC
4,1.65,4.7075,0.032,0.1203,0.0757,0.1106,0.3661,0.189,FCC
1,1.8,4.6775,0.0259,0.1098,0.0774,0.0847,0.3277,0.2108,FCC
4,1.75,4.6525,0.0273,0.115,0.0776,0.0919,0.3441,0.211,FCC
4,1.7,4.6925,0.0321,0.1239,0.0805,0.0996,0.3596,0.2089,FCC
4,1.75,4.645,0.0256,0.1149,0.0793,0.084,0.3403,0.2254,FCC
4,1.7,4.645,0.0296,0.123,0.083,0.084,0.35,0.2383,FCC
4,1.65,4.645,0.033,0.1302,0.0864,0.084,0.3573,0.2504,FCC
1,1.9,4.6475,0.0329,0.1141,0.085,0.1809,0.3104,0.2294,FCC
1,1.9,4.615,0.0312,0.1112,0.084,0.1796,0.3099,0.2303,FCC
1,1.9,4.6675,0.0313,0.1108,0.0827,0.1712,0.3109,0.2224,FCC
1,1.9,4.5825,0.0291,0.1074,0.0824,0.1783,0.3094,0.2312,FCC
4,1.9,4.8325,0.0238,0.0918,0.0677,0.0867,0.3141,0.1795,FCC
4,1.9,4.7675,0.0237,0.0904,0.0691,0.0857,0.3134,0.1823,FCC
3,1.9,4.735,0.0229,0.0887,0.069,0.0852,0.3131,0.1836,FCC
1,1.85,4.6625,0.0308,0.1117,0.0804,0.161,0.3229,0.2147,FCC
4,1.85,4.8075,0.0246,0.0956,0.0678,0.0952,0.3264,0.1782,FCC
4,1.85,4.7425,0.0247,0.095,0.0693,0.0939,0.3256,0.1811,FCC
3,1.85,4.71,0.0241,0.0937,0.0692,0.0932,0.3251,0.1826,FCC
1,1.8,4.67,0.0324,0.1169,0.0808,0.1627,0.3332,0.2129,FCC
1,1.8,4.7225,0.0308,0.1133,0.0776,0.1525,0.3347,0.2037,FCC
2,1.8,4.7825,0.0254,0.0991,0.0679,0.1021,0.3372,0.1767,FCC
2,1.8,4.75,0.0258,0.0994,0.069,0.1013,0.3367,0.1783,FCC
4,1.8,4.7175,0.0257,0.0992,0.0694,0.1005,0.3361,0.1798,FCC
4,1.8,4.685,0.0252,0.0983,0.0694,0.0996,0.3356,0.1813,FCC
4,1.75,4.725,0.0267,0.103,0.0691,0.1066,0.3456,0.1767,FCC
4,1.75,4.6925,0.0267,0.103,0.0696,0.1056,0.345,0.1782,FCC
2,1.85,4.8,0.0275,0.1052,0.0749,0.0867,0.3349,0.198,FCC
4,1.85,4.7675,0.0269,0.1039,0.0751,0.0861,0.3347,0.1992,FCC
2,1.85,4.735,0.0258,0.1019,0.0747,0.0855,0.3345,0.2004,FCC
3,1.85,4.7025,0.0243,0.0992,0.0738,0.0849,0.3343,0.2016,FCC
3,1.8,4.775,0.0284,0.1091,0.075,0.0948,0.3488,0.197,FCC
4,1.8,4.7425,0.0279,0.1082,0.0752,0.094,0.3486,0.1983,FCC
4,1.8,4.71,0.0269,0.1066,0.0749,0.0933,0.3483,0.1996,FCC
3,1.8,4.6775,0.0255,0.1043,0.074,0.0925,0.3481,0.2008,FCC
3,1.75,4.685,0.028,0.1109,0.075,0.0994,0.3608,0.1986,FCC
3,1.8,4.7025,0.0269,0.1102,0.0787,0.0851,0.3512,0.2169,FCC
2,1.8,4.67,0.0245,0.1065,0.077,0.0844,0.3512,0.2179,FCC
4,1.75,4.6775,0.0281,0.1152,0.0789,0.0924,0.3664,0.2164,FCC
4,1.9,4.8575,0.0224,0.0902,0.0659,0.0869,0.334,0.1821,FCC
3,1.9,4.825,0.023,0.0901,0.0674,0.0865,0.3336,0.1837,FCC
4,1.9,4.7925,0.0231,0.0894,0.0684,0.086,0.3331,0.1852,FCC
2,1.9,4.76,0.0227,0.088,0.0688,0.0855,0.3327,0.1867,FCC
2,1.9,4.7275,0.0218,0.0859,0.0687,0.0849,0.3322,0.1882,FCC
2,1.85,4.8325,0.0231,0.0939,0.066,0.0955,0.3446,0.1803,FCC
3,1.85,4.8,0.0238,0.0942,0.0676,0.0949,0.3441,0.1819,FCC
1,1.85,4.7675,0.0239,0.0939,0.0685,0.0943,0.3436,0.1835,FCC
1,1.85,4.735,0.0237,0.0929,0.069,0.0936,0.343,0.1851,FCC
1,1.85,4.7025,0.0229,0.0913,0.0688,0.0929,0.3425,0.1866,FCC
4,1.8,4.8075,0.0237,0.0973,0.0662,0.1025,0.3536,0.1782,FCC
4,1.8,4.775,0.0245,0.0979,0.0677,0.1018,0.353,0.1799,FCC
3,1.8,4.7425,0.0248,0.0979,0.0687,0.101,0.3524,0.1816,FCC
1,1.8,4.71,0.0246,0.0974,0.0691,0.1001,0.3517,0.1832,FCC
3,1.75,4.75,0.0253,0.1014,0.0678,0.1072,0.3601,0.1777,FCC
1,1.75,4.7175,0.0257,0.1017,0.0688,0.1062,0.3593,0.1794,FCC
4,1.7,4.725,0.0261,0.1045,0.0679,0.1114,0.3651,0.1753,FCC
2,1.85,4.7925,0.0265,0.1033,0.0746,0.0864,0.3558,0.2025,FCC
4,1.85,4.76,0.0258,0.1016,0.0747,0.0858,0.3555,0.2038,FCC
4,1.85,4.7275,0.0246,0.0992,0.0743,0.0852,0.3553,0.2052,FCC
1,1.85,4.695,0.023,0.096,0.0734,0.0846,0.355,0.2065,FCC
4,1.8,4.7675,0.0274,0.1074,0.0747,0.0945,0.3682,0.2011,FCC
1,1.8,4.735,0.0268,0.1061,0.0749,0.0937,0.3679,0.2025,FCC
2,1.8,4.7025,0.0257,0.1041,0.0745,0.0929,0.3676,0.2038,FCC
3,1.75,4.775,0.0283,0.1116,0.0742,0.1017,0.3798,0.1979,FCC
4,1.75,4.71,0.0278,0.1103,0.075,0.1,0.379,0.2009,FCC
3,1.7,4.75,0.0291,0.1149,0.0744,0.107,0.3896,0.1961,FCC
2,1.8,4.695,0.0255,0.1071,0.0783,0.0848,0.3732,0.222,FCC
1,1.9,4.85,0.0217,0.0887,0.0657,0.0867,0.3515,0.1846,FCC
1,1.9,4.8175,0.0221,0.0883,0.0672,0.0862,0.3509,0.1863,FCC
1,1.9,4.785,0.0221,0.0872,0.0681,0.0857,0.3504,0.1879,FCC
1,1.9,4.7525,0.0216,0.0854,0.0685,0.0852,0.3499,0.1896,FCC
4,1.9,4.72,0.0206,0.0828,0.0683,0.0846,0.3493,0.1912,FCC
4,1.85,4.9225,0.0215,0.0891,0.0578,0.0968,0.3621,0.1769,FCC
3,1.85,4.89,0.0216,0.0909,0.0611,0.0963,0.3615,0.1787,FCC
1,1.85,4.8575,0.0213,0.092,0.0638,0.0958,0.3609,0.1805,FCC
3,1.85,4.825,0.0223,0.0926,0.0658,0.0953,0.3603,0.1823,FCC
1,1.85,4.7925,0.0229,0.0926,0.0673,0.0947,0.3597,0.184,FCC
1,1.85,4.76,0.023,0.0919,0.0682,0.094,0.359,0.1857,FCC
4,1.85,4.7275,0.0226,0.0906,0.0686,0.0933,0.3584,0.1874,FCC
3,1.8,4.865,0.0229,0.094,0.0612,0.1036,0.3688,0.1761,FCC
2,1.8,4.8,0.023,0.0963,0.0659,0.1022,0.3673,0.1797,FCC
4,1.8,4.7675,0.0237,0.0966,0.0674,0.1014,0.3666,0.1815,FCC
3,1.8,4.735,0.0239,0.0963,0.0684,0.1006,0.3658,0.1833,FCC
4,1.75,4.775,0.0237,0.0996,0.066,0.1078,0.3724,0.177,FCC
4,1.75,4.7425,0.0245,0.1002,0.0676,0.1068,0.3714,0.1789,FCC
4,1.85,4.8825,0.0251,0.1035,0.0711,0.0876,0.3759,0.2009,FCC
3,1.85,4.85,0.0257,0.1033,0.0727,0.0871,0.3756,0.2025,FCC
3,1.85,4.8175,0.0259,0.1025,0.0737,0.0867,0.3752,0.204,FCC
1,1.85,4.785,0.0256,0.1011,0.0743,0.0861,0.3749,0.2055,FCC
2,1.85,4.7525,0.0248,0.099,0.0744,0.0856,0.3746,0.2069,FCC
4,1.85,4.72,0.0234,0.0962,0.0739,0.0849,0.3743,0.2084,FCC
4,1.8,4.8575,0.0256,0.1069,0.0712,0.0961,0.3871,0.1989,FCC
2,1.8,4.76,0.0265,0.1055,0.0745,0.0941,0.3859,0.2036,FCC
1,1.8,4.7275,0.0258,0.1038,0.0745,0.0934,0.3855,0.2051,FCC
4,1.75,4.735,0.0273,0.1095,0.0746,0.1005,0.3955,0.2015,FCC
4,1.65,4.75,0.0284,0.1164,0.0731,0.1116,0.4113,0.1934,FCC
1,1.7,4.578,0.0434,0.1932,0.1679,0.1091,0.4086,0.1835,BCC+FCC
1,1.7,4.653,0.0453,0.1941,0.1723,0.1095,0.4533,0.1853,BCC+FCC
1,1.5,4.4765,0.05,0.1798,0.1332,0.156,0.3659,0.1997,BCC+FCC
1,1.5,4.5365,0.0463,0.1713,0.1296,0.1338,0.3677,0.1773,BCC+FCC
1,1.6,4.563,0.0469,0.1927,0.1643,0.1403,0.4195,0.1983,BCC+FCC
1,1.8,4.577,0.0427,0.1949,0.1869,0.1147,0.4193,0.1853,BCC+FCC
1,1.6,4.5955,0.0472,0.188,0.1642,0.1443,0.4058,0.1794,BCC+FCC
1,1.55,4.603,0.0489,0.1899,0.1649,0.1463,0.4068,0.1753,BCC+FCC
1,1.6,4.608,0.0463,0.1902,0.1644,0.1259,0.435,0.1917,BCC+FCC
1,1.7,4.542,0.0448,0.1929,0.1844,0.123,0.4607,0.2583,BCC+FCC
1,1.9,4.5785,0.0472,0.2028,0.2087,0.102,0.4529,0.1932,BCC+FCC
1,1.75,4.602,0.0467,0.2009,0.19,0.1152,0.4599,0.2035,BCC+FCC
1,1.5,4.648,0.0502,0.1943,0.1663,0.1336,0.4569,0.1834,BCC+FCC
1,1.85,4.612,0.0432,0.1865,0.1872,0.0991,0.4564,0.2106,BCC+FCC
1,1.65,4.6505,0.0447,0.186,0.1648,0.1225,0.454,0.1954,BCC+FCC
1,1.55,4.6655,0.0486,0.1917,0.1661,0.1311,0.4626,0.1861,BCC+FCC
1,1.9,4.6285,0.0488,0.2056,0.213,0.1018,0.4764,0.1886,BCC+FCC
1,1.85,4.617,0.0444,0.1887,0.1896,0.1228,0.4712,0.2186,BCC+FCC
1,1.65,4.6555,0.0468,0.188,0.1664,0.1396,0.4636,0.2032,BCC+FCC
1,1.65,4.648,0.0475,0.1904,0.1676,0.1352,0.4863,0.2245,BCC+FCC
1,1.65,4.6405,0.048,0.1904,0.1681,0.1304,0.4965,0.2436,BCC+FCC
1,1.8,4.657,0.0469,0.1984,0.193,0.1355,0.4563,0.1881,BCC+FCC
1,1.8,4.677,0.0452,0.1966,0.1922,0.1155,0.4585,0.1771,BCC+FCC
1,1.75,4.6845,0.0474,0.2012,0.1932,0.1225,0.4561,0.1708,BCC+FCC
1,1.75,4.677,0.049,0.2025,0.1939,0.1158,0.4974,0.1969,BCC+FCC
1,1.7,4.6845,0.0512,0.2074,0.1951,0.1226,0.5003,0.1914,BCC+FCC
1,1.65,4.6655,0.0491,0.191,0.1693,0.1308,0.5138,0.2427,BCC+FCC
3,1.6,4.464,0.0979,0.4899,0.2756,0.2233,0.5714,0.2334,IM
2,1.6,4.478,0.0852,0.4437,0.2975,0.2034,0.5767,0.2534,IM
3,1.85,4.495,0.1189,0.5479,0.3375,0.3017,0.613,0.1689,IM
4,1.7,4.5,0.1092,0.5158,0.3046,0.2801,0.5922,0.2013,IM
3,1.7,4.4925,0.1053,0.5129,0.3129,0.2732,0.5857,0.222,IM
4,1.75,4.5175,0.1078,0.5117,0.305,0.2708,0.5982,0.204,IM
2,1.7,4.5175,0.1061,0.5139,0.3088,0.2723,0.6075,0.2211,IM
2,1.85,4.575,0.1103,0.4972,0.3376,0.3037,0.6232,0.1682,IM
2,1.75,4.5725,0.0974,0.4598,0.3039,0.2688,0.5863,0.2056,IM
2,1.75,4.5075,0.0992,0.4578,0.3295,0.2633,0.6865,0.2184,IM
4,1.7,4.515,0.1017,0.4647,0.3276,0.272,0.7017,0.2132,IM
2,1.7,4.5075,0.0972,0.4587,0.332,0.2649,0.6942,0.2353,IM
2,1.8,4.555,0.0947,0.4224,0.3188,0.2618,0.6506,0.1992,IM
3,1.75,4.7025,0.0372,0.1844,0.0876,0.1864,0.3794,0.166,FCC
3,1.75,4.6425,0.0325,0.1714,0.068,0.1999,0.3503,0.1828,FCC
4,1.85,4.6325,0.0289,0.162,0.069,0.2032,0.3471,0.2,FCC
2,1.8,4.66,0.0299,0.1664,0.0674,0.1933,0.357,0.1873,FCC
2,1.75,4.6675,0.0333,0.1713,0.0679,0.1997,0.3643,0.1833,FCC
1,1.8,4.685,0.031,0.1664,0.0674,0.1931,0.3707,0.1869,FCC
4,1.9,4.4825,0.0278,0.1158,0.0915,0.1912,0.2986,0.2259,FCC
4,1.75,4.625,0.0307,0.1274,0.0903,0.1214,0.3354,0.1744,FCC
4,1.75,4.6175,0.0299,0.131,0.0924,0.1154,0.3514,0.1942,FCC
4,1.8,4.6425,0.0282,0.1214,0.0898,0.1156,0.3422,0.1801,FCC
4,1.75,4.65,0.0308,0.127,0.0909,0.1218,0.3499,0.1767,FCC
4,1.7,4.6575,0.0327,0.1311,0.0916,0.1272,0.3559,0.1729,FCC
3,1.8,4.635,0.0271,0.1237,0.0918,0.1087,0.3583,0.2003,FCC
4,1.75,4.6275,0.0312,0.1296,0.0957,0.1014,0.3785,0.2324,FCC
4,1.85,4.64,0.0269,0.1175,0.0911,0.1295,0.3479,0.1944,FCC
4,1.85,4.66,0.0256,0.1145,0.0892,0.1086,0.349,0.185,FCC
2,1.8,4.6675,0.0285,0.1212,0.0904,0.1158,0.3565,0.1812,FCC
2,1.75,4.675,0.0306,0.1263,0.0912,0.1222,0.3623,0.1772,FCC
2,1.85,4.6525,0.0244,0.1152,0.0912,0.1008,0.3651,0.2055,FCC
4,1.9,4.6775,0.0231,0.1063,0.0887,0.1004,0.3556,0.1892,FCC
4,1.85,4.685,0.0262,0.1146,0.09,0.1088,0.363,0.1851,FCC
3,1.8,4.6925,0.0285,0.1209,0.0907,0.1161,0.3686,0.1807,FCC
4,1.75,4.7,0.0302,0.1256,0.091,0.1225,0.3721,0.176,FCC
4,1.7,4.7075,0.0311,0.1291,0.0909,0.1281,0.3733,0.1708,FCC
1,1.7,4.7455,0.0508,0.1881,0.1668,0.1578,0.3536,0.1712,BCC+FCC
1,1.5,4.6265,0.0507,0.1757,0.1347,0.1589,0.3682,0.1893,BCC+FCC
1,1.65,4.713,0.0508,0.1894,0.1667,0.1595,0.3798,0.1781,BCC+FCC
1,1.6,4.688,0.0515,0.1909,0.1668,0.1606,0.387,0.1771,BCC+FCC
1,1.7,4.783,0.0516,0.1913,0.1679,0.139,0.3815,0.1878,BCC+FCC
1,1.7,4.772,0.0525,0.2072,0.1948,0.1301,0.4524,0.1652,BCC+FCC
1,1.5,4.7055,0.049,0.1927,0.1662,0.1355,0.4647,0.179,BCC+FCC
1,1.85,4.8395,0.0502,0.2004,0.1945,0.1084,0.4543,0.1745,BCC+FCC
1,1.8,4.762,0.0521,0.2043,0.1954,0.137,0.4548,0.184,BCC+FCC
1,1.8,4.8145,0.0508,0.2025,0.1946,0.1168,0.4574,0.1708,BCC+FCC
1,1.75,4.7895,0.0513,0.2046,0.1946,0.1239,0.4579,0.1669,BCC+FCC
1,1.7,4.7455,0.048,0.1871,0.1671,0.1376,0.4608,0.2025,BCC+FCC
1,1.85,4.7795,0.0507,0.2006,0.1952,0.1307,0.4604,0.1856,BCC+FCC
1,1.75,4.7295,0.0521,0.2055,0.1953,0.142,0.4564,0.178,BCC+FCC
1,1.75,4.703,0.0484,0.186,0.1692,0.1442,0.4832,0.2363,BCC+FCC
4,1.7,4.61,0.0831,0.3788,0.3187,0.1607,0.6056,0.2201,IM
3,1.7,4.59,0.1129,0.5196,0.2914,0.277,0.6124,0.1958,IM
3,1.75,4.6075,0.1116,0.5165,0.2918,0.2676,0.6184,0.1977,IM
3,1.8,4.6975,0.111,0.494,0.3605,0.3301,0.6518,0.1875,IM
3,1.6,4.6,0.1016,0.4441,0.3197,0.2801,0.6113,0.2276,IM
3,1.7,4.5725,0.0969,0.4632,0.3327,0.2547,0.6572,0.2534,IM
2,1.8,4.93,0.0391,0.1848,0.0797,0.1745,0.3693,0.1571,FCC
4,1.85,4.9475,0.0384,0.1825,0.0795,0.1652,0.3758,0.1601,FCC
2,1.7,4.4675,0.1188,0.6135,0.2966,0.2643,0.5405,0.2288,IM
2,1.75,4.5925,0.1027,0.4808,0.3248,0.2579,0.5795,0.2273,IM
2,1.7,4.57,0.101,0.49,0.3607,0.2818,0.5496,0.2421,IM
2,1.7,4.5625,0.1002,0.4873,0.3609,0.2822,0.5696,0.2414,IM
2,1.6,4.4685,0.0872,0.4978,0.3341,0.2163,0.6682,0.2211,IM
3,1.7,4.545,0.0918,0.4845,0.331,0.2081,0.7109,0.1504,IM
3,1.6,4.567,0.0941,0.486,0.2819,0.22,0.6471,0.1834,IM
2,1.7,4.4705,0.1073,0.5733,0.2893,0.2157,0.6708,0.1937,IM
2,1.7,4.615,0.1207,0.5625,0.3066,0.292,0.672,0.1598,IM
3,1.6,4.5175,0.1152,0.5773,0.2478,0.2561,0.5935,0.1952,IM
2,1.7,4.5175,0.1173,0.5962,0.2738,0.2601,0.5836,0.1933,IM
2,1.7,4.5775,0.1162,0.5666,0.2626,0.2592,0.5796,0.1732,IM
2,1.55,4.465,0.1138,0.5699,0.3537,0.2975,0.6116,0.2005,IM
2,1.65,4.4675,0.1074,0.6092,0.3668,0.2697,0.6126,0.182,IM
2,1.6,4.4775,0.111,0.5679,0.321,0.2659,0.6682,0.1834,IM
3,1.6,4.4825,0.1115,0.5629,0.354,0.2873,0.6177,0.2021,IM
2,1.55,4.495,0.1054,0.5198,0.3238,0.2802,0.6246,0.2242,IM
2,1.7,4.475,0.1034,0.5859,0.3563,0.2479,0.6619,0.1844,IM
3,1.7,4.485,0.1046,0.5986,0.3672,0.2581,0.6186,0.1831,IM
2,1.65,4.5,0.1092,0.5553,0.3542,0.2767,0.6237,0.2033,IM
3,1.6,4.5275,0.107,0.5419,0.341,0.2787,0.5936,0.2048,IM
2,1.7,4.5125,0.1059,0.5506,0.3214,0.2432,0.6805,0.184,IM
2,1.6,4.475,0.0957,0.503,0.2663,0.2225,0.5819,0.2288,IM
3,1.6,4.515,0.1035,0.5189,0.2414,0.2307,0.5972,0.2138,IM
3,1.6,4.4775,0.1131,0.5498,0.2406,0.238,0.6832,0.1996,IM
3,1.6,4.47,0.1155,0.5672,0.2447,0.2394,0.6701,0.1975,IM
2,1.6,4.4625,0.1179,0.5845,0.2428,0.2407,0.6569,0.1951,IM
2,1.6,4.47,0.1072,0.5416,0.2468,0.23,0.6799,0.223,IM
3,1.6,4.4725,0.1096,0.5316,0.2461,0.2356,0.6744,0.219,IM
2,1.6,4.465,0.1123,0.5489,0.2524,0.2373,0.6612,0.2169,IM
3,1.6,4.51,0.1193,0.604,0.3326,0.3046,0.6942,0.1709,IM
3,1.6,4.565,0.1167,0.5563,0.3361,0.3132,0.6821,0.1719,IM
3,1.7,4.58,0.1193,0.5558,0.3305,0.3098,0.6955,0.1726,IM
3,1.65,4.61,0.1089,0.5066,0.3421,0.3182,0.6676,0.1992,IM
3,1.55,4.4625,0.0995,0.5034,0.3333,0.2837,0.7219,0.2461,IM
2,1.75,4.6125,0.1204,0.5463,0.3458,0.336,0.6406,0.174,IM
2,1.7,4.4625,0.0985,0.5267,0.3454,0.2594,0.6256,0.2101,IM
3,1.7,4.4825,0.0896,0.4805,0.3571,0.2556,0.6056,0.2092,IM
2,1.7,4.51,0.0878,0.4706,0.3506,0.2519,0.6066,0.2324,IM
3,1.6,4.4675,0.1098,0.5228,0.3433,0.2824,0.7392,0.2245,IM
2,1.65,4.47,0.1055,0.527,0.3509,0.2667,0.7228,0.2447,IM
3,1.7,4.48,0.1141,0.5635,0.3353,0.2664,0.7128,0.22,IM
3,1.7,4.4725,0.1168,0.5808,0.3253,0.2675,0.6999,0.218,IM
2,1.7,4.48,0.1063,0.5375,0.3487,0.2577,0.7165,0.2436,IM
4,1.7,4.4725,0.109,0.5553,0.3426,0.2589,0.7039,0.2416,IM
3,1.7,4.575,0.1179,0.5269,0.3559,0.317,0.7222,0.1766,IM
4,1.7,4.5675,0.1208,0.5434,0.3403,0.3178,0.7094,0.1743,IM
3,1.55,4.4625,0.1062,0.5367,0.3289,0.287,0.5736,0.2489,IM
2,1.6,4.4925,0.1013,0.4901,0.2882,0.2569,0.6488,0.2393,IM
4,1.6,4.4625,0.1055,0.5361,0.302,0.2545,0.6098,0.2521,IM
4,1.6,4.4875,0.1017,0.5129,0.3355,0.2764,0.5923,0.2542,IM
2,1.7,4.4825,0.1063,0.5369,0.3398,0.2613,0.6303,0.2385,IM
3,1.7,4.4675,0.1116,0.5725,0.3243,0.2633,0.6042,0.2342,IM
3,1.7,4.5,0.1055,0.5313,0.3652,0.2793,0.6008,0.2388,IM
2,1.65,4.52,0.1018,0.4964,0.3319,0.2727,0.6122,0.2385,IM
3,1.9,4.855,0.0387,0.1715,0.099,0.1256,0.2948,0.1559,FCC
4,1.9,4.88,0.0386,0.171,0.0975,0.125,0.32,0.1623,FCC
3,1.9,4.8475,0.0377,0.1701,0.0988,0.1258,0.3199,0.1638,FCC
3,1.9,4.905,0.0384,0.1704,0.0956,0.1244,0.3434,0.1662,FCC
3,1.9,4.8075,0.0352,0.1671,0.0997,0.1267,0.3431,0.1709,FCC
1,1.9,4.93,0.0378,0.1698,0.0935,0.1238,0.3652,0.1679,FCC
2,1.9,4.8975,0.0376,0.1693,0.0955,0.1246,0.365,0.1696,FCC
1,1.9,4.865,0.037,0.1684,0.0972,0.1254,0.3649,0.1714,FCC
3,1.9,4.8325,0.0358,0.167,0.0985,0.1262,0.3647,0.1731,FCC
4,1.9,4.7675,0.032,0.163,0.1001,0.1276,0.3644,0.1764,FCC
4,1.9,4.955,0.037,0.1691,0.091,0.1232,0.3856,0.1677,FCC
2,1.9,4.89,0.0369,0.168,0.0954,0.1248,0.3852,0.1715,FCC
4,1.9,4.4875,0.0307,0.153,0.0919,0.2358,0.1853,0.1496,FCC
1,1.9,4.54,0.0322,0.1569,0.0927,0.225,0.1843,0.1461,FCC
1,1.85,4.4875,0.0324,0.1578,0.095,0.2357,0.2,0.1603,FCC
1,1.9,4.63,0.0372,0.1652,0.0961,0.2256,0.2206,0.1723,FCC
1,1.9,4.545,0.0341,0.1594,0.0958,0.2364,0.2214,0.177,FCC
1,1.9,4.565,0.0333,0.1581,0.094,0.2251,0.2208,0.1721,FCC
1,1.75,4.4925,0.0346,0.1682,0.1042,0.2455,0.255,0.2095,FCC
1,1.7,4.4925,0.0342,0.1712,0.1067,0.2453,0.2606,0.2169,FCC
1,1.65,4.5125,0.0351,0.1741,0.1081,0.2356,0.2631,0.2219,FCC
1,1.85,4.5375,0.035,0.1613,0.0989,0.2362,0.2668,0.2081,FCC
1,1.85,4.5575,0.0347,0.1604,0.0973,0.2251,0.2662,0.2032,FCC
1,1.75,4.485,0.033,0.1637,0.1037,0.2453,0.2867,0.2316,FCC
4,1.9,4.7575,0.0289,0.1486,0.0825,0.1461,0.3522,0.1888,FCC
4,1.9,4.7665,0.0398,0.1957,0.1227,0.1569,0.2501,0.1416,FCC
4,1.95,4.724,0.0369,0.1675,0.1453,0.0707,0.2559,0.1371,FCC
4,1.95,4.7665,0.0355,0.1529,0.1356,0.0563,0.2391,0.1337,FCC
4,1.95,4.7165,0.0361,0.1652,0.145,0.0708,0.2819,0.1503,FCC
4,1.95,4.759,0.0342,0.1511,0.1354,0.0564,0.2672,0.1485,FCC
4,1.95,4.8015,0.0342,0.149,0.1364,0.0554,0.3367,0.1705,FCC
3,1.95,4.8265,0.0344,0.1488,0.1367,0.0549,0.3561,0.1726,FCC
3,1.95,4.794,0.0331,0.1471,0.1362,0.0555,0.3557,0.1743,FCC
1,1.95,4.4865,0.0314,0.1382,0.1227,0.1913,0.2226,0.1819,FCC
1,1.95,4.7195,0.047,0.1977,0.1916,0.1156,0.329,0.175,BCC+FCC
4,1.95,4.579,0.0305,0.1385,0.1236,0.1602,0.222,0.1671,FCC
4,1.95,4.5465,0.0287,0.1341,0.1207,0.1594,0.222,0.1671,FCC
1,1.95,4.622,0.0425,0.1889,0.1855,0.1153,0.3287,0.1777,BCC+FCC
1,1.75,4.474,0.0326,0.1492,0.1231,0.178,0.2735,0.2148,FCC
1,1.95,4.5115,0.0327,0.1398,0.1255,0.1921,0.2516,0.202,FCC
1,1.95,4.692,0.0476,0.1973,0.192,0.137,0.3511,0.1923,BCC+FCC
1,1.95,4.7445,0.0477,0.198,0.1928,0.1156,0.3513,0.1832,BCC+FCC
1,1.95,4.438,0.0321,0.1551,0.1522,0.196,0.3033,0.2179,FCC
1,1.95,4.6365,0.0337,0.1428,0.1277,0.1614,0.2517,0.1849,FCC
1,1.95,4.6145,0.0418,0.1862,0.1852,0.1152,0.3507,0.1874,BCC+FCC
1,1.9,4.604,0.0347,0.1464,0.1278,0.1604,0.2693,0.1982,FCC
1,1.9,4.519,0.0314,0.1378,0.1227,0.1709,0.2696,0.2036,FCC
1,1.9,4.5715,0.0327,0.142,0.1252,0.1596,0.2693,0.1983,FCC
1,1.85,4.479,0.0328,0.1444,0.1251,0.189,0.2847,0.223,FCC
1,1.85,4.582,0.0443,0.1897,0.1839,0.116,0.3795,0.2178,BCC+FCC
1,1.8,4.4665,0.031,0.1406,0.1216,0.1784,0.2953,0.2284,FCC
1,1.8,4.519,0.0345,0.1479,0.1256,0.1697,0.2944,0.2249,FCC
1,1.95,4.5565,0.0331,0.1397,0.1271,0.1837,0.2777,0.2114,FCC
1,1.95,4.4715,0.029,0.1297,0.1217,0.1904,0.2771,0.2176,FCC
1,1.95,4.5765,0.032,0.1381,0.1262,0.1729,0.2778,0.2054,FCC
1,1.95,4.607,0.0411,0.1832,0.1848,0.1151,0.371,0.1948,BCC+FCC
1,1.9,4.4915,0.0305,0.1344,0.1227,0.1808,0.2963,0.224,FCC
1,1.9,4.5115,0.0303,0.1335,0.1222,0.1705,0.2962,0.2187,FCC
1,1.9,4.6165,0.0325,0.1416,0.1265,0.1457,0.2958,0.2063,FCC
1,1.9,4.6395,0.0453,0.192,0.1884,0.1158,0.3885,0.2093,BCC+FCC
1,1.85,4.524,0.0346,0.146,0.1279,0.1812,0.3111,0.2349,FCC
1,1.85,4.5115,0.032,0.1387,0.1237,0.1699,0.3107,0.2302,FCC
1,1.75,4.542,0.0428,0.1842,0.1806,0.1164,0.4213,0.2526,BCC+FCC
1,1.95,4.7945,0.0494,0.1982,0.1945,0.1155,0.3916,0.192,BCC+FCC
1,1.95,4.529,0.0328,0.1376,0.1276,0.1924,0.3007,0.2289,FCC
1,1.95,4.4965,0.0303,0.1318,0.1247,0.1912,0.3004,0.2294,FCC
1,1.95,4.6015,0.033,0.1391,0.1281,0.1735,0.3014,0.2159,FCC
1,1.95,4.677,0.0459,0.1928,0.1915,0.1368,0.3904,0.2048,BCC+FCC
1,1.95,4.697,0.0448,0.1914,0.1909,0.1154,0.3907,0.1962,BCC+FCC
1,1.95,4.6415,0.0298,0.1351,0.1259,0.1462,0.3018,0.2022,FCC
1,1.95,4.6645,0.0434,0.1882,0.1891,0.1153,0.3904,0.1976,BCC+FCC
1,1.95,4.632,0.0419,0.1844,0.1869,0.1152,0.3901,0.1989,BCC+FCC
1,1.9,4.5365,0.0315,0.1355,0.1251,0.1711,0.3205,0.2301,FCC
1,1.85,4.4965,0.0329,0.1421,0.1279,0.1894,0.3363,0.2525,FCC
1,1.95,4.5415,0.031,0.1324,0.1264,0.1829,0.3219,0.2319,FCC
1,1.95,4.614,0.0306,0.134,0.1267,0.1606,0.3231,0.2174,FCC
1,1.85,4.6245,0.0454,0.1898,0.1888,0.1161,0.4442,0.2339,BCC+FCC
1,1.85,4.592,0.0435,0.1842,0.186,0.1159,0.4441,0.2351,BCC+FCC
1,1.8,4.592,0.0445,0.1872,0.1867,0.1163,0.4569,0.2492,BCC+FCC
1,1.75,4.592,0.0449,0.1897,0.1874,0.1167,0.4668,0.2626,BCC+FCC
1,1.95,4.812,0.0494,0.1966,0.1949,0.1153,0.4257,0.195,BCC+FCC
1,1.95,4.747,0.0464,0.1925,0.1931,0.1153,0.4248,0.1983,BCC+FCC
1,1.95,4.617,0.0404,0.1782,0.1863,0.1149,0.4229,0.2047,BCC+FCC
1,1.9,4.682,0.0462,0.1915,0.1918,0.1158,0.4462,0.2184,BCC+FCC
1,1.85,4.617,0.0445,0.1862,0.1885,0.116,0.4636,0.2367,BCC+FCC
1,1.95,4.6745,0.0427,0.1838,0.1901,0.1151,0.4378,0.2023,BCC+FCC
1,1.9,4.707,0.0471,0.1925,0.1932,0.1158,0.4631,0.2178,BCC+FCC
1,1.8,4.6955,0.0458,0.1795,0.1685,0.1338,0.4576,0.256,BCC+FCC
1,1.95,4.6995,0.0435,0.1848,0.1914,0.1151,0.4505,0.2,BCC+FCC
3,1.85,4.4885,0.0994,0.5073,0.3465,0.1804,0.5987,0.2048,IM
2,1.85,4.592,0.0954,0.4543,0.3079,0.1728,0.5321,0.2062,IM
4,1.8,4.4785,0.0876,0.4485,0.3411,0.1756,0.6035,0.2268,IM
2,1.8,4.541,0.0809,0.4026,0.3229,0.1617,0.5729,0.2285,IM
2,1.8,4.571,0.072,0.3469,0.2991,0.1426,0.5414,0.231,IM
2,1.75,4.4785,0.0853,0.4477,0.3437,0.1773,0.6172,0.2427,IM
2,1.75,4.5195,0.087,0.4455,0.3187,0.1789,0.5774,0.2423,IM
2,1.75,4.5085,0.0771,0.3969,0.3266,0.1644,0.585,0.2454,IM
3,1.8,4.482,0.0962,0.4923,0.3263,0.1863,0.6135,0.2227,IM
2,1.8,4.6155,0.0806,0.3852,0.2717,0.164,0.514,0.2275,IM
2,1.75,4.583,0.0762,0.3834,0.2767,0.1665,0.5253,0.244,IM
3,1.8,4.5755,0.0773,0.3793,0.2739,0.1653,0.5331,0.2298,IM
2,1.7,4.69,0.0811,0.3652,0.3587,0.319,0.5029,0.2156,IM
4,1.9,4.6,0.1097,0.5069,0.2968,0.2476,0.5587,0.1895,IM
4,1.85,4.6,0.108,0.5093,0.3008,0.2493,0.5681,0.2075,IM
4,1.85,4.6325,0.103,0.4861,0.3826,0.3164,0.5634,0.2151,IM
3,1.8,4.6325,0.1012,0.4877,0.3863,0.3181,0.5608,0.2306,IM
3,1.9,4.5625,0.1154,0.5436,0.3375,0.2823,0.6304,0.1921,IM
4,1.85,4.5925,0.1073,0.5075,0.301,0.2497,0.5895,0.2074,IM
3,1.8,4.625,0.1005,0.4854,0.3865,0.3185,0.5865,0.2329,IM
2,1.85,4.6125,0.0917,0.4204,0.3215,0.2427,0.6078,0.2247,IM
2,1.9,4.605,0.0929,0.4164,0.3189,0.2414,0.6219,0.206,IM
3,1.85,4.6275,0.0839,0.3815,0.3152,0.2432,0.584,0.2249,IM
2,1.85,4.595,0.082,0.3778,0.3173,0.2444,0.5842,0.2265,IM
4,1.9,4.715,0.0409,0.1944,0.1043,0.1623,0.2533,0.1461,FCC
4,1.9,4.815,0.0396,0.1833,0.0885,0.1587,0.265,0.1533,FCC
4,1.9,4.8075,0.0385,0.1819,0.0883,0.1589,0.2894,0.1617,FCC
4,1.9,4.865,0.04,0.1824,0.087,0.1575,0.3119,0.1647,FCC
4,1.9,4.8,0.0375,0.1804,0.088,0.1591,0.3113,0.1678,FCC
3,1.9,4.8575,0.0392,0.1813,0.0868,0.1577,0.3319,0.1686,FCC
3,1.9,4.915,0.0394,0.1813,0.0839,0.1563,0.3507,0.1671,FCC
3,1.9,4.8825,0.0391,0.1808,0.0854,0.1571,0.3502,0.169,FCC
4,1.85,4.7525,0.0379,0.1814,0.0918,0.1615,0.3724,0.1948,FCC
1,1.9,4.94,0.0387,0.1806,0.0819,0.1557,0.3674,0.1656,FCC
1,1.9,4.9075,0.0388,0.1803,0.0838,0.1565,0.3668,0.1677,FCC
4,1.9,4.8425,0.0375,0.1786,0.0863,0.1581,0.3656,0.1716,FCC
1,1.9,4.5775,0.0344,0.1718,0.0742,0.2406,0.1869,0.1611,FCC
1,1.9,4.545,0.0326,0.1681,0.071,0.2407,0.1869,0.161,FCC
4,1.85,4.4925,0.0335,0.1696,0.072,0.2531,0.2081,0.1779,FCC
1,1.9,4.4775,0.0332,0.1682,0.0752,0.2746,0.22,0.197,FCC
1,1.9,4.53,0.0352,0.1717,0.0773,0.2644,0.2202,0.192,FCC
1,1.9,4.55,0.0345,0.1705,0.0756,0.253,0.2202,0.1865,FCC
4,1.9,4.5375,0.0318,0.1651,0.0704,0.2406,0.22,0.1809,FCC
1,1.85,4.4775,0.0345,0.1727,0.0785,0.2747,0.241,0.2079,FCC
1,1.85,4.5175,0.0347,0.1712,0.0758,0.2532,0.2404,0.1988,FCC
1,1.8,4.465,0.0331,0.1702,0.0755,0.2643,0.2565,0.2138,FCC
1,1.7,4.445,0.0314,0.1757,0.0812,0.2744,0.2787,0.2347,FCC
1,1.65,4.445,0.0321,0.1776,0.0831,0.2743,0.2856,0.2421,FCC
1,1.85,4.5025,0.0359,0.1744,0.0818,0.2748,0.2692,0.2247,FCC
1,1.85,4.49,0.0335,0.1684,0.0766,0.2643,0.269,0.2199,FCC
1,1.85,4.5625,0.0354,0.1716,0.0772,0.241,0.2687,0.2088,FCC
1,1.75,4.49,0.035,0.1758,0.0825,0.2645,0.2975,0.2411,FCC
1,1.7,4.49,0.0348,0.1788,0.0851,0.2646,0.307,0.2505,FCC
1,1.9,4.705,0.0376,0.1738,0.077,0.2266,0.2751,0.1972,FCC
1,1.9,4.5675,0.0346,0.1686,0.0773,0.2529,0.2738,0.2132,FCC
4,1.9,4.5025,0.0306,0.1594,0.0709,0.2528,0.2732,0.2144,FCC
4,1.9,4.7575,0.0323,0.1653,0.0681,0.1776,0.2989,0.1806,FCC
3,1.9,4.7175,0.0288,0.1613,0.0675,0.1782,0.3196,0.1874,FCC
4,1.9,4.71,0.0275,0.1591,0.0671,0.1783,0.3385,0.1911,FCC
2,1.9,4.735,0.0287,0.1594,0.0671,0.178,0.3559,0.1917,FCC
3,1.9,4.7025,0.0269,0.1567,0.0667,0.1784,0.3553,0.1934,FCC
4,1.95,4.47,0.0348,0.2011,0.238,0.2854,0.1527,0.1555,FCC
4,1.95,4.4425,0.0334,0.1987,0.2394,0.2959,0.1911,0.1849,FCC
4,1.95,4.4625,0.0337,0.1981,0.238,0.2853,0.1911,0.1803,FCC
1,1.95,4.475,0.033,0.1381,0.1035,0.2137,0.1942,0.1734,FCC
1,1.95,4.5175,0.0321,0.1279,0.0945,0.2015,0.1735,0.1652,FCC
1,1.95,4.58,0.0367,0.1458,0.1094,0.1932,0.1944,0.1638,FCC
1,1.95,4.485,0.0296,0.1222,0.0904,0.2004,0.1734,0.1646,FCC
2,1.95,4.495,0.0328,0.1372,0.1029,0.2036,0.1942,0.1687,FCC
1,1.95,4.505,0.0359,0.1504,0.1137,0.202,0.2126,0.1701,FCC
2,1.95,4.5375,0.0311,0.1262,0.0934,0.192,0.1733,0.1608,FCC
4,1.95,4.59,0.0319,0.1286,0.0954,0.1818,0.1732,0.1563,FCC
1,1.95,4.6425,0.0337,0.1296,0.0964,0.1697,0.1729,0.1511,FCC
4,1.95,4.505,0.0288,0.1208,0.0895,0.1911,0.1732,0.1603,FCC
2,1.95,4.5575,0.0298,0.1243,0.0923,0.1811,0.1731,0.156,FCC
2,1.95,4.61,0.031,0.1263,0.094,0.1691,0.1729,0.1509,FCC
4,1.95,4.4725,0.0266,0.1143,0.0847,0.1902,0.1731,0.1598,FCC
1,1.95,4.4825,0.0301,0.1298,0.0976,0.1916,0.194,0.1634,FCC
1,1.95,4.525,0.0278,0.1191,0.0885,0.1803,0.173,0.1556,FCC
1,1.95,4.535,0.0315,0.1348,0.1015,0.1792,0.1941,0.158,FCC
3,1.95,4.5775,0.0282,0.1222,0.0911,0.1685,0.1728,0.1507,FCC
3,1.95,4.4925,0.0258,0.113,0.0839,0.1795,0.1729,0.1552,FCC
1,1.9,4.6225,0.0372,0.1401,0.101,0.1823,0.1949,0.1691,FCC
1,1.9,4.4625,0.0361,0.159,0.1191,0.2101,0.2518,0.1885,FCC
1,1.9,4.5475,0.0367,0.1474,0.1082,0.1926,0.2161,0.1762,FCC
1,1.9,4.4625,0.0316,0.1356,0.0996,0.2026,0.2165,0.1799,FCC
1,1.9,4.525,0.0374,0.1544,0.1147,0.1887,0.2347,0.1776,FCC
1,1.9,4.4725,0.0287,0.1207,0.0869,0.1896,0.1957,0.1708,FCC
1,1.9,4.4925,0.0349,0.1478,0.1098,0.1885,0.2346,0.1776,FCC
2,1.9,4.525,0.0305,0.1262,0.091,0.1799,0.1951,0.1676,FCC
4,1.9,4.4925,0.0283,0.1197,0.0862,0.1791,0.1952,0.167,FCC
1,1.9,4.545,0.0296,0.1248,0.09,0.1676,0.1946,0.1632,FCC
1,1.85,4.4525,0.0336,0.1512,0.1109,0.2133,0.2524,0.1982,FCC
1,1.85,4.515,0.0357,0.1467,0.1057,0.1919,0.2327,0.187,FCC
1,1.85,4.4825,0.033,0.1396,0.1006,0.1913,0.2328,0.1865,FCC
1,1.85,4.525,0.0326,0.1325,0.0932,0.1795,0.2115,0.1782,FCC
1,1.85,4.545,0.0321,0.1313,0.0924,0.1674,0.2108,0.1745,FCC
1,1.8,4.4425,0.0347,0.1625,0.1195,0.2226,0.2837,0.215,FCC
1,1.75,4.4725,0.0339,0.1566,0.1122,0.2017,0.2749,0.2137,FCC
1,1.95,4.5425,0.0334,0.1292,0.0974,0.2021,0.2083,0.1887,FCC
1,1.95,4.6475,0.036,0.1325,0.0995,0.183,0.2085,0.178,FCC
1,1.95,4.615,0.0334,0.1293,0.0975,0.1823,0.2084,0.1781,FCC
1,1.95,4.6775,0.0375,0.146,0.1115,0.1654,0.2262,0.1694,FCC
1,1.95,4.4975,0.0347,0.1462,0.1132,0.2018,0.2408,0.1877,FCC
1,1.95,4.53,0.03,0.1223,0.0929,0.1917,0.2081,0.1836,FCC
1,1.95,4.6875,0.0335,0.1271,0.0962,0.1552,0.2083,0.1656,FCC
2,1.95,4.6025,0.0294,0.1231,0.0936,0.1689,0.2081,0.1724,FCC
4,1.95,4.5375,0.0256,0.1132,0.0868,0.1676,0.2079,0.1727,FCC
4,1.95,4.7475,0.0297,0.1178,0.0907,0.0913,0.2078,0.143,FCC
1,1.9,4.5425,0.0356,0.1361,0.1,0.2015,0.2297,0.1998,FCC
1,1.9,4.6475,0.0386,0.1407,0.1027,0.1827,0.229,0.1907,FCC
1,1.9,4.4675,0.0327,0.1385,0.1045,0.213,0.2473,0.2056,FCC
1,1.9,4.615,0.0361,0.1372,0.1005,0.182,0.229,0.1907,FCC
1,1.9,4.4875,0.033,0.138,0.104,0.2031,0.2471,0.201,FCC
1,1.9,4.5825,0.0339,0.1329,0.0978,0.1812,0.229,0.1906,FCC
1,1.9,4.55,0.0317,0.1279,0.0944,0.1804,0.229,0.1905,FCC
1,1.9,4.655,0.0335,0.1329,0.0978,0.1548,0.2282,0.1798,FCC
1,1.85,4.4675,0.0331,0.1427,0.1059,0.2125,0.2643,0.2159,FCC
1,1.85,4.6025,0.0355,0.1382,0.0993,0.1685,0.2442,0.1973,FCC
1,1.85,4.465,0.0288,0.1209,0.088,0.1886,0.2457,0.205,FCC
1,1.85,4.6225,0.0344,0.1365,0.0982,0.1543,0.2436,0.1924,FCC
1,1.8,4.425,0.0301,0.1471,0.1106,0.2232,0.295,0.2314,FCC
1,1.8,4.455,0.0309,0.1378,0.1012,0.2016,0.277,0.2215,FCC
1,1.8,4.55,0.0356,0.14,0.0991,0.1796,0.257,0.2117,FCC
1,1.8,4.59,0.035,0.138,0.0974,0.1536,0.2555,0.2037,FCC
1,1.75,4.445,0.0318,0.1496,0.1112,0.2128,0.3049,0.2369,FCC
1,1.75,4.5075,0.0352,0.1498,0.1078,0.1912,0.2858,0.2275,FCC
1,1.75,4.5175,0.0338,0.1379,0.0964,0.1783,0.2664,0.2204,FCC
4,1.95,4.3975,0.0328,0.1537,0.1247,0.2414,0.2854,0.2181,FCC
4,1.95,4.4075,0.0306,0.1446,0.1171,0.2333,0.2755,0.2164,FCC
1,1.95,4.5025,0.0359,0.1489,0.1173,0.2141,0.2654,0.2071,FCC
1,1.95,4.545,0.0353,0.1405,0.1094,0.2044,0.2525,0.204,FCC
1,1.95,4.47,0.0332,0.142,0.113,0.2136,0.265,0.2076,FCC
1,1.95,4.5125,0.0329,0.1348,0.1059,0.2038,0.2522,0.2044,FCC
1,1.95,4.6075,0.032,0.1262,0.0971,0.182,0.2381,0.1946,FCC
1,1.95,4.575,0.0298,0.1218,0.0944,0.1813,0.2379,0.1949,FCC
1,1.95,4.6375,0.034,0.1401,0.109,0.165,0.2535,0.1838,FCC
1,1.95,4.68,0.0322,0.1246,0.0959,0.155,0.2384,0.181,FCC
1,1.95,4.51,0.0336,0.1411,0.1122,0.1883,0.2659,0.1946,FCC
4,1.95,4.73,0.0325,0.1363,0.1068,0.1027,0.2542,0.1592,FCC
4,1.95,4.6975,0.0301,0.1335,0.1051,0.1029,0.254,0.1602,FCC
4,1.95,4.74,0.0284,0.1155,0.0903,0.0912,0.2384,0.158,FCC
1,1.9,4.44,0.0332,0.156,0.1233,0.2337,0.3013,0.2283,FCC
1,1.9,4.535,0.0343,0.1323,0.0995,0.2011,0.259,0.2177,FCC
1,1.9,4.5125,0.0344,0.1403,0.1078,0.2035,0.2744,0.2168,FCC
1,1.9,4.49,0.0345,0.1458,0.1139,0.2017,0.2886,0.2144,FCC
1,1.9,4.5225,0.0312,0.125,0.0949,0.1908,0.2588,0.2129,FCC
1,1.9,4.49,0.0288,0.1181,0.0906,0.1899,0.2587,0.213,FCC
1,1.9,4.5425,0.0306,0.1237,0.0939,0.1801,0.2586,0.2077,FCC
1,1.9,4.595,0.0316,0.1276,0.0961,0.1685,0.2584,0.2019,FCC
4,1.9,4.51,0.0284,0.1171,0.0898,0.1793,0.2585,0.2079,FCC
1,1.9,4.52,0.0318,0.132,0.1023,0.1788,0.2742,0.2059,FCC
4,1.9,4.665,0.0311,0.1377,0.1057,0.1041,0.2738,0.1778,FCC
1,1.85,4.45,0.0323,0.1486,0.1153,0.2239,0.3069,0.2368,FCC
1,1.85,4.4925,0.0348,0.1454,0.1101,0.2131,0.2918,0.2329,FCC
1,1.85,4.46,0.0315,0.1375,0.1053,0.2122,0.2918,0.2329,FCC
1,1.85,4.48,0.0324,0.1375,0.1049,0.2025,0.2915,0.2283,FCC
1,1.85,4.6475,0.0354,0.1376,0.1004,0.1546,0.2736,0.2085,FCC
1,1.8,4.47,0.0332,0.1516,0.116,0.2133,0.3209,0.2427,FCC
4,1.8,4.4375,0.0272,0.1191,0.0893,0.1961,0.2885,0.2375,FCC
1,1.8,4.51,0.0316,0.1282,0.094,0.1784,0.2872,0.2298,FCC
1,1.75,4.5,0.0336,0.1445,0.1072,0.191,0.3144,0.2445,FCC
1,1.75,4.51,0.0323,0.1326,0.0958,0.1779,0.2967,0.2395,FCC
1,1.75,4.5625,0.0357,0.14,0.0999,0.167,0.2957,0.2357,FCC
2,1.95,4.5275,0.031,0.1214,0.0964,0.2014,0.2632,0.2199,FCC
1,1.95,4.58,0.0323,0.1249,0.098,0.1928,0.2638,0.2136,FCC
1,1.95,4.7375,0.0344,0.127,0.0977,0.1557,0.2653,0.1914,FCC
1,1.95,4.6525,0.0321,0.1245,0.0971,0.1696,0.2646,0.2,FCC
1,1.95,4.6625,0.0349,0.1408,0.1107,0.1652,0.2781,0.1937,FCC
1,1.95,4.5775,0.0326,0.134,0.1071,0.1795,0.277,0.2026,FCC
1,1.95,4.5975,0.0315,0.1324,0.106,0.1647,0.2774,0.1954,FCC
3,1.95,4.765,0.0287,0.1153,0.091,0.0911,0.2655,0.1682,FCC
1,1.9,4.705,0.0358,0.1338,0.1005,0.1553,0.2852,0.2066,FCC
1,1.9,4.535,0.0295,0.1193,0.0933,0.1798,0.285,0.2212,FCC
1,1.9,4.64,0.0311,0.1267,0.0969,0.1544,0.285,0.2079,FCC
1,1.85,4.495,0.0315,0.1269,0.0974,0.1989,0.3022,0.2431,FCC
1,1.85,4.5475,0.0344,0.1331,0.1005,0.1909,0.3019,0.238,FCC
1,1.85,4.5875,0.0334,0.1307,0.0984,0.168,0.3013,0.2273,FCC
1,1.85,4.64,0.0345,0.1343,0.1,0.1544,0.3009,0.221,FCC
1,1.8,4.555,0.033,0.1302,0.0972,0.167,0.314,0.2392,FCC
4,1.8,4.635,0.0305,0.126,0.0932,0.0928,0.3119,0.2167,FCC
4,1.75,4.4625,0.0286,0.1262,0.096,0.1961,0.3259,0.2629,FCC
1,1.95,4.5525,0.0323,0.123,0.0989,0.2021,0.2862,0.2301,FCC
1,1.95,4.7625,0.0345,0.1268,0.098,0.1559,0.2892,0.1992,FCC
1,1.95,4.53,0.0329,0.1325,0.1085,0.2039,0.2972,0.2252,FCC
1,1.95,4.6975,0.0317,0.1222,0.0965,0.1551,0.2886,0.2012,FCC
4,1.95,4.79,0.0288,0.1149,0.0912,0.091,0.2897,0.1753,FCC
3,1.95,4.7575,0.0275,0.1129,0.0906,0.091,0.2895,0.1766,FCC
4,1.95,4.725,0.0258,0.1103,0.0896,0.091,0.2892,0.1778,FCC
1,1.9,4.6125,0.0317,0.1252,0.0979,0.1686,0.3093,0.2241,FCC
1,1.9,4.665,0.0322,0.1276,0.0986,0.1547,0.3095,0.2166,FCC
1,1.9,4.6325,0.0302,0.1233,0.0965,0.1542,0.3094,0.2175,FCC
1,1.85,4.58,0.0323,0.1265,0.0979,0.1677,0.3262,0.2377,FCC
4,1.85,4.6175,0.032,0.1317,0.1042,0.1049,0.3394,0.2122,FCC
4,1.8,4.6275,0.0297,0.1217,0.0927,0.0927,0.3379,0.2262,FCC
4,1.75,4.6275,0.0326,0.1278,0.0953,0.0932,0.3476,0.2391,FCC
1,1.95,4.6825,0.0353,0.1279,0.1009,0.1833,0.309,0.222,FCC
1,1.95,4.755,0.0335,0.1247,0.0977,0.1557,0.3104,0.2057,FCC
1,1.95,4.67,0.0319,0.1221,0.0979,0.1697,0.3091,0.2157,FCC
3,1.95,4.75,0.0263,0.1104,0.0903,0.0909,0.311,0.1827,FCC
2,1.95,4.7175,0.0245,0.1073,0.0893,0.0909,0.3107,0.1841,FCC
4,1.9,4.685,0.0245,0.1131,0.0915,0.0916,0.332,0.202,FCC
4,1.8,4.6525,0.0305,0.1235,0.0955,0.0928,0.3622,0.2326,FCC
2,1.95,4.8075,0.0276,0.1124,0.0908,0.0909,0.3313,0.1839,FCC
2,1.95,4.775,0.0266,0.1103,0.0906,0.0909,0.3309,0.1855,FCC
3,1.95,4.7425,0.0252,0.1076,0.09,0.0909,0.3304,0.187,FCC
2,1.9,4.6775,0.0232,0.1093,0.091,0.0915,0.3528,0.2068,FCC
4,1.95,4.865,0.0273,0.1131,0.0897,0.0906,0.3498,0.183,FCC
3,1.95,4.8325,0.0272,0.1119,0.0903,0.0907,0.3493,0.1847,FCC
4,1.95,4.8,0.0266,0.1101,0.0905,0.0908,0.3488,0.1864,FCC
4,1.95,4.7675,0.0255,0.1077,0.0903,0.0908,0.3483,0.188,FCC
3,1.95,4.735,0.024,0.1045,0.0896,0.0908,0.3477,0.1897,FCC
1,1.95,4.5575,0.0387,0.2143,0.1541,0.1998,0.2094,0.1594,FCC
1,1.95,4.525,0.037,0.2115,0.1545,0.1995,0.2093,0.1593,FCC
1,1.95,4.5125,0.0348,0.1832,0.0825,0.2058,0.2304,0.1774,FCC
1,1.95,4.565,0.0358,0.1853,0.0851,0.1937,0.2302,0.172,FCC
1,1.95,4.525,0.0332,0.1792,0.0807,0.1932,0.2589,0.1898,FCC
1,1.95,4.4975,0.0329,0.1772,0.0812,0.2054,0.2844,0.2097,FCC
2,1.75,4.606,0.0829,0.3869,0.3758,0.2523,0.5538,0.1926,IM
2,1.7,4.4625,0.0795,0.4531,0.3426,0.2023,0.6357,0.1934,IM
2,1.7,4.471,0.0847,0.5137,0.3207,0.1992,0.6565,0.1671,IM
2,1.75,4.496,0.0888,0.4591,0.3146,0.2038,0.6111,0.1737,IM
3,1.7,4.466,0.0861,0.5,0.3276,0.203,0.6514,0.1888,IM
2,1.75,4.486,0.0842,0.4259,0.3231,0.1957,0.5988,0.2132,IM
2,1.7,4.496,0.0863,0.5187,0.3178,0.198,0.6796,0.1621,IM
4,1.75,4.491,0.0911,0.5082,0.3218,0.1997,0.6667,0.1635,IM
2,1.7,4.526,0.0876,0.4754,0.3096,0.2032,0.6447,0.1686,IM
3,1.75,4.521,0.0902,0.4627,0.3123,0.2026,0.633,0.1699,IM
3,1.75,4.486,0.091,0.4929,0.3283,0.2006,0.6599,0.186,IM
2,1.7,4.4995,0.0927,0.5017,0.3002,0.2067,0.6323,0.1887,IM
3,1.7,4.521,0.0871,0.46,0.3152,0.2047,0.6396,0.1902,IM
3,1.8,4.511,0.088,0.4303,0.3186,0.193,0.6086,0.1926,IM
2,1.7,4.4645,0.0935,0.5311,0.3139,0.2052,0.6609,0.2037,IM
3,1.7,4.486,0.0878,0.4899,0.3313,0.2026,0.6684,0.205,IM
4,1.8,4.476,0.0902,0.4622,0.3367,0.1888,0.6309,0.2073,IM
3,1.75,4.468,0.0993,0.5124,0.2931,0.2069,0.6048,0.2078,IM
3,1.8,4.506,0.0837,0.4123,0.322,0.1817,0.6002,0.2119,IM
2,1.8,4.511,0.0956,0.4986,0.3226,0.1974,0.6677,0.1586,IM
3,1.75,4.4895,0.0981,0.5375,0.3073,0.202,0.673,0.1796,IM
3,1.75,4.5195,0.0959,0.491,0.3012,0.204,0.6402,0.1859,IM
3,1.75,4.5495,0.0913,0.4424,0.2907,0.2038,0.6073,0.1913,IM
3,1.75,4.4845,0.0974,0.5215,0.3153,0.2016,0.6652,0.2006,IM
3,1.7,4.528,0.0956,0.4832,0.2787,0.2102,0.6076,0.2082,IM
3,1.8,4.5095,0.0923,0.4572,0.3108,0.1913,0.6109,0.2072,IM
3,1.8,4.5445,0.1001,0.4948,0.2949,0.2009,0.6476,0.1585,IM
2,1.75,4.5795,0.0957,0.4627,0.2822,0.205,0.6352,0.1646,IM
2,1.8,4.5745,0.095,0.4453,0.2851,0.2009,0.6165,0.1661,IM
2,1.8,4.5395,0.0972,0.4773,0.302,0.1979,0.6383,0.1819,IM
2,1.8,4.5695,0.0904,0.4267,0.2904,0.1946,0.6079,0.1883,IM
2,1.75,4.578,0.0872,0.4174,0.2678,0.1998,0.581,0.2107,IM
2,1.8,4.5995,0.0962,0.4474,0.2825,0.1999,0.6354,0.1596,IM
2,1.75,4.608,0.0937,0.4383,0.2591,0.2057,0.6087,0.187,IM
3,1.8,4.603,0.0901,0.4184,0.262,0.1971,0.588,0.1882,IM
1,1.6,4.465,0.0648,0.3819,0.285,0.2022,0.6547,0.2213,IM
2,1.75,4.4765,0.0726,0.3969,0.2951,0.1909,0.7097,0.1778,IM
2,1.7,4.615,0.1078,0.5319,0.3127,0.2675,0.5748,0.1769,IM
3,1.8,4.6075,0.1117,0.5356,0.3531,0.2951,0.5925,0.1804,IM
2,1.85,4.5975,0.1064,0.499,0.375,0.3115,0.5916,0.2009,IM
2,1.75,4.6,0.1003,0.479,0.3457,0.2895,0.5707,0.2158,IM
2,1.8,4.625,0.1032,0.4798,0.3377,0.2868,0.596,0.1974,IM
2,1.8,4.6225,0.1052,0.5015,0.3744,0.3122,0.6142,0.2171,IM
2,1.75,4.625,0.1012,0.4808,0.3416,0.2886,0.5954,0.215,IM
2,1.7,4.625,0.0992,0.4814,0.3453,0.2903,0.5938,0.2313,IM
3,1.75,4.575,0.0959,0.4488,0.3206,0.2484,0.673,0.2212,IM
2,1.8,4.485,0.1049,0.5332,0.3581,0.2549,0.5841,0.1954,IM
3,1.75,4.53,0.1036,0.5773,0.3488,0.2447,0.5856,0.1655,IM
2,1.75,4.515,0.1034,0.5497,0.3492,0.2462,0.6222,0.1895,IM
2,1.75,4.525,0.1048,0.5624,0.3598,0.2574,0.5792,0.1877,IM
3,1.75,4.5375,0.104,0.5229,0.3416,0.2557,0.5765,0.1929,IM
3,1.7,4.5225,0.0981,0.4921,0.327,0.2494,0.621,0.2316,IM
2,1.75,4.58,0.1045,0.5012,0.2992,0.2403,0.6015,0.1722,IM
4,1.75,4.5625,0.1053,0.526,0.3381,0.2546,0.5977,0.1884,IM
2,1.75,4.575,0.1021,0.4842,0.307,0.2475,0.5951,0.1938,IM
4,1.7,4.575,0.0995,0.4831,0.3103,0.2494,0.6026,0.2123,IM
3,1.75,4.565,0.094,0.4487,0.3206,0.255,0.5813,0.2316,IM
2,1.75,4.61,0.105,0.4991,0.3267,0.2621,0.5733,0.1872,IM
2,1.8,4.595,0.1019,0.469,0.3081,0.2496,0.5964,0.1898,IM
2,1.75,4.47,0.0823,0.4723,0.2788,0.1871,0.5616,0.1715,IM
2,1.75,4.47,0.1034,0.5096,0.2467,0.2116,0.582,0.2141,IM
2,1.9,4.5705,0.0884,0.4176,0.3574,0.2415,0.594,0.196,IM
2,1.75,4.4695,0.0902,0.4604,0.3165,0.2097,0.6005,0.2247,IM
2,1.75,4.491,0.0826,0.418,0.3231,0.2013,0.6084,0.226,IM
3,1.65,4.468,0.0915,0.4745,0.2933,0.2344,0.5958,0.2398,IM
3,1.7,4.4695,0.0879,0.4592,0.3193,0.2114,0.6163,0.2409,IM
2,1.7,4.503,0.0893,0.4545,0.2928,0.2138,0.5965,0.2408,IM
3,1.75,4.467,0.0911,0.4796,0.3633,0.2245,0.5993,0.2403,IM
1,1.9,4.583,0.0461,0.1849,0.1783,0.1162,0.4329,0.2035,BCC+FCC
1,1.9,4.593,0.0428,0.1753,0.1716,0.1085,0.425,0.2071,BCC+FCC
1,1.9,4.5945,0.0451,0.1868,0.191,0.1009,0.4544,0.2106,BCC+FCC
1,1.95,4.6195,0.0441,0.1854,0.1927,0.0997,0.4425,0.1914,BCC+FCC
1,1.9,4.608,0.0471,0.1873,0.1812,0.1158,0.4475,0.2023,BCC+FCC
1,1.95,4.6245,0.0449,0.1876,0.1951,0.1252,0.4519,0.1986,BCC+FCC
1,1.95,4.6445,0.0449,0.1871,0.1947,0.0994,0.4534,0.1883,BCC+FCC
2,1.7,4.4895,0.0701,0.3875,0.323,0.1667,0.601,0.2545,IM
2,1.75,4.5145,0.0735,0.392,0.3195,0.1642,0.6076,0.2369,IM
2,1.75,4.4785,0.0816,0.4245,0.3322,0.1744,0.6498,0.2443,IM
3,1.7,4.4645,0.0842,0.4462,0.3182,0.1855,0.6666,0.2606,IM
2,1.8,4.5755,0.0738,0.357,0.2572,0.1614,0.5645,0.2322,IM
4,1.85,4.515,0.1139,0.5382,0.3447,0.2918,0.6121,0.1733,IM
2,1.85,4.495,0.1155,0.5635,0.3433,0.2868,0.6301,0.1927,IM
4,1.7,4.4725,0.1116,0.572,0.3044,0.2703,0.6285,0.2012,IM
3,1.7,4.5025,0.1068,0.5241,0.3072,0.2775,0.5964,0.2061,IM
2,1.7,4.5325,0.0994,0.4748,0.3075,0.2835,0.5639,0.2102,IM
2,1.7,4.4825,0.1084,0.5489,0.3114,0.271,0.6183,0.2231,IM
3,1.85,4.54,0.1149,0.5398,0.3404,0.2907,0.6341,0.1694,IM
2,1.85,4.57,0.107,0.4895,0.3477,0.298,0.6003,0.175,IM
2,1.85,4.55,0.1093,0.5155,0.3474,0.2922,0.6184,0.1943,IM
4,1.75,4.5075,0.1118,0.5513,0.3035,0.2681,0.6292,0.2022,IM
2,1.85,4.4925,0.1019,0.5041,0.3248,0.2483,0.5816,0.2083,IM
2,1.85,4.51,0.1053,0.5481,0.3677,0.2729,0.6651,0.2022,IM
2,1.85,4.52,0.1085,0.545,0.357,0.2793,0.6498,0.2073,IM
2,1.9,4.565,0.1021,0.5002,0.3679,0.2755,0.6482,0.1844,IM
2,1.9,4.585,0.0924,0.4534,0.3848,0.2741,0.6282,0.184,IM
2,1.9,4.595,0.0935,0.4488,0.3745,0.2797,0.6139,0.1896,IM
2,1.9,4.615,0.0832,0.4004,0.3895,0.2774,0.5941,0.1889,IM
2,1.9,4.4625,0.1077,0.5124,0.3319,0.2486,0.596,0.1998,IM
3,1.85,4.4625,0.1057,0.5129,0.3353,0.2503,0.6052,0.2172,IM
3,1.85,4.5175,0.0973,0.4643,0.3309,0.2502,0.5933,0.2188,IM
3,1.9,4.5825,0.0949,0.436,0.388,0.2853,0.6319,0.2071,IM
3,1.9,4.5775,0.1059,0.4892,0.3817,0.2804,0.6905,0.1978,IM
2,1.9,4.57,0.1088,0.5068,0.3692,0.2812,0.6782,0.1956,IM
2,1.9,4.6,0.0988,0.4553,0.3742,0.2853,0.6432,0.201,IM
3,1.85,4.57,0.1068,0.5078,0.3728,0.283,0.6821,0.214,IM
3,1.85,4.5625,0.1097,0.5253,0.3582,0.2837,0.67,0.2117,IM
2,1.85,4.5675,0.0989,0.4673,0.3242,0.2484,0.6357,0.2128,IM
3,1.6,4.4775,0.101,0.5153,0.2424,0.2491,0.599,0.2369,IM
2,1.6,4.606,0.0656,0.347,0.277,0.1947,0.5464,0.1852,IM
2,1.65,4.6245,0.0677,0.3327,0.2569,0.19,0.5386,0.1821,IM
2,1.6,4.6395,0.0706,0.3487,0.2533,0.1984,0.5281,0.1851,IM
3,1.75,4.4795,0.1037,0.5675,0.3269,0.1973,0.6081,0.2192,IM
3,1.7,4.466,0.0912,0.5294,0.3451,0.1995,0.6517,0.2217,IM
2,1.7,4.507,0.0981,0.5322,0.3181,0.2023,0.61,0.2216,IM
3,1.7,4.526,0.0918,0.5034,0.3285,0.2006,0.6456,0.2048,IM
2,1.7,4.478,0.1032,0.5687,0.2965,0.206,0.625,0.22,IM
3,1.7,4.4995,0.0969,0.5282,0.3183,0.2027,0.6324,0.2216,IM
3,1.75,4.5775,0.0919,0.4837,0.3309,0.1947,0.6741,0.16,IM
3,1.7,4.5695,0.0985,0.5335,0.2856,0.1998,0.6369,0.1625,IM
4,1.7,4.591,0.0935,0.4926,0.304,0.1998,0.6442,0.1641,IM
2,1.7,4.543,0.1038,0.5578,0.2714,0.2041,0.6245,0.1831,IM
2,1.7,4.586,0.0925,0.4761,0.3101,0.2015,0.6391,0.1862,IM
3,1.8,4.5785,0.1001,0.4978,0.3233,0.1915,0.6402,0.1809,IM
3,1.75,4.5705,0.1084,0.5472,0.2733,0.203,0.6113,0.1823,IM
3,1.7,4.497,0.0962,0.5397,0.3105,0.2036,0.6607,0.2018,IM
4,1.7,4.4705,0.102,0.5645,0.2967,0.2064,0.647,0.2193,IM
3,1.75,4.57,0.0905,0.4792,0.331,0.1952,0.6958,0.1556,IM
3,1.75,4.611,0.0971,0.4801,0.3045,0.1983,0.6545,0.1599,IM
3,1.8,4.569,0.1166,0.5701,0.2488,0.2027,0.6047,0.178,IM
3,1.8,4.5905,0.1097,0.5304,0.2753,0.1994,0.6125,0.1795,IM
2,1.75,4.7275,0.0807,0.3686,0.3817,0.2726,0.5062,0.1842,IM
2,1.7,4.675,0.1101,0.5252,0.3159,0.2741,0.5719,0.1934,IM
4,1.6,4.685,0.0737,0.3681,0.3042,0.2598,0.4279,0.2318,IM
3,1.75,4.565,0.1167,0.6043,0.278,0.2543,0.5473,0.1757,IM
3,1.8,4.595,0.1146,0.5737,0.3379,0.2395,0.5704,0.1699,IM
2,1.75,4.5175,0.1047,0.5978,0.367,0.2451,0.5816,0.189,IM
3,1.75,4.6025,0.1073,0.5132,0.318,0.2435,0.5693,0.2139,IM
2,1.75,4.56,0.1068,0.5781,0.3357,0.2323,0.6064,0.1683,IM
2,1.75,4.5,0.102,0.5797,0.3564,0.2351,0.6465,0.1885,IM
4,1.75,4.555,0.1074,0.5623,0.3453,0.2439,0.6004,0.1902,IM
3,1.75,4.565,0.1088,0.5748,0.3554,0.2551,0.5575,0.1876,IM
2,1.7,4.5725,0.1041,0.5362,0.3099,0.2323,0.6085,0.1942,IM
2,1.8,4.5825,0.1123,0.5532,0.3475,0.25,0.5841,0.1894,IM
2,1.7,4.5675,0.1032,0.5201,0.3173,0.241,0.6036,0.2136,IM
3,1.75,4.595,0.1062,0.5101,0.3181,0.244,0.5912,0.2128,IM
3,1.7,4.5175,0.1016,0.5364,0.3611,0.2573,0.6017,0.2289,IM
2,1.7,4.565,0.1027,0.5318,0.31,0.2328,0.6317,0.1917,IM
2,1.8,4.575,0.1111,0.5498,0.3477,0.2505,0.6039,0.1865,IM
2,1.75,4.5875,0.1051,0.5068,0.3183,0.2444,0.6127,0.2108,IM
3,1.7,4.6075,0.1017,0.4896,0.3071,0.2479,0.6024,0.2105,IM
2,1.75,4.4725,0.0821,0.4908,0.2822,0.1741,0.561,0.1425,IM
2,1.75,4.6175,0.0963,0.4689,0.2393,0.1986,0.5376,0.199,IM
3,1.6,4.4795,0.0939,0.518,0.3153,0.2403,0.5753,0.2353,IM
3,1.75,4.469,0.1118,0.607,0.3433,0.2675,0.5363,0.2308,IM
3,1.75,4.4995,0.0822,0.4504,0.3366,0.174,0.6011,0.2348,IM
3,1.75,4.5195,0.0733,0.4019,0.3275,0.1615,0.5811,0.234,IM
2,1.7,4.508,0.0806,0.4421,0.3164,0.1789,0.5725,0.2509,IM
2,1.7,4.5295,0.0731,0.3991,0.3218,0.1652,0.58,0.2527,IM
3,1.7,4.592,0.0657,0.3511,0.2957,0.1482,0.5468,0.2532,IM
3,1.75,4.5745,0.0667,0.3509,0.3012,0.1466,0.569,0.2355,IM
3,1.7,4.5675,0.1183,0.5994,0.3326,0.2816,0.6385,0.1815,IM
3,1.7,4.535,0.1054,0.5248,0.3249,0.2572,0.6965,0.2117,IM
3,1.7,4.5925,0.1,0.4736,0.3209,0.2639,0.6574,0.2332,IM
2,1.85,4.475,0.1255,0.6889,0.3136,0.2756,0.5879,0.1949,IM
3,1.8,4.4875,0.1218,0.6453,0.3206,0.2751,0.5934,0.2166,IM
3,1.9,4.625,0.124,0.5879,0.3386,0.2989,0.6255,0.1815,IM
2,1.85,4.545,0.1013,0.5235,0.338,0.2343,0.586,0.196,IM
4,1.85,4.565,0.0924,0.4773,0.3502,0.2308,0.5661,0.1949,IM
3,1.85,4.5875,0.1062,0.5226,0.3231,0.2386,0.5731,0.1987,IM
2,1.8,4.5125,0.0965,0.5191,0.3456,0.2376,0.5951,0.2152,IM
3,1.85,4.5375,0.1003,0.5208,0.3382,0.2348,0.6064,0.1952,IM
3,1.85,4.58,0.1052,0.5204,0.3233,0.239,0.5941,0.1985,IM
3,1.85,4.6,0.0955,0.4742,0.3364,0.2351,0.5741,0.1977,IM
4,1.8,4.5475,0.1009,0.5176,0.3311,0.2422,0.6031,0.2178,IM
3,1.9,4.7025,0.104,0.4892,0.4155,0.3211,0.6055,0.1927,IM
2,1.85,4.5725,0.1043,0.5181,0.3235,0.2394,0.6144,0.1972,IM
4,1.85,4.5825,0.0891,0.4336,0.3469,0.2278,0.6491,0.2099,IM
4,1.85,4.6075,0.0762,0.3726,0.3516,0.2217,0.5839,0.2037,IM
3,1.8,4.5625,0.0779,0.3976,0.3531,0.2282,0.6246,0.226,IM
4,1.8,4.575,0.0714,0.3666,0.3554,0.2248,0.5924,0.2226,IM
4,1.8,4.5875,0.0649,0.334,0.3577,0.2209,0.5602,0.2186,IM
3,1.8,4.6175,0.0745,0.3691,0.3459,0.2281,0.5782,0.2252,IM
4,1.75,4.5725,0.0772,0.3946,0.3474,0.2348,0.6154,0.2462,IM
3,1.75,4.585,0.0702,0.3634,0.3498,0.2311,0.5837,0.2424,IM
3,1.8,4.61,0.0735,0.3658,0.3459,0.2285,0.6005,0.2248,IM
3,1.6,4.47,0.1,0.5523,0.3269,0.2587,0.5829,0.2248,IM
2,1.6,4.4725,0.0981,0.5263,0.3318,0.2649,0.5965,0.2436,IM
2,1.6,4.465,0.0969,0.5209,0.3319,0.2654,0.6163,0.2421,IM
3,1.6,4.5675,0.097,0.4775,0.3133,0.279,0.547,0.2412,IM
2,1.7,4.5975,0.0967,0.4667,0.3216,0.2633,0.5528,0.2452,IM
2,1.75,4.59,0.0897,0.4421,0.333,0.2483,0.5657,0.2437,IM
3,1.75,4.5175,0.1109,0.5661,0.3442,0.2695,0.5422,0.2371,IM
2,1.75,4.5775,0.1011,0.4921,0.3319,0.2515,0.5654,0.245,IM
2,1.75,4.57,0.1002,0.4892,0.3321,0.2519,0.5857,0.2442,IM
2,1.75,4.5805,0.1035,0.5265,0.335,0.2439,0.6911,0.182,IM
3,1.65,4.466,0.084,0.5256,0.3241,0.2174,0.6999,0.1727,IM
2,1.6,4.468,0.0916,0.5557,0.2801,0.2151,0.6522,0.2015,IM
4,1.7,4.4795,0.095,0.556,0.3047,0.2105,0.6927,0.1725,IM
3,1.7,4.501,0.09,0.515,0.3235,0.2108,0.7006,0.1734,IM
3,1.7,4.4745,0.0958,0.541,0.3129,0.2145,0.6841,0.1944,IM
3,1.7,4.508,0.1017,0.5395,0.2838,0.2181,0.6639,0.1944,IM
2,1.7,4.5845,0.0719,0.3802,0.3833,0.241,0.5614,0.1987,IM
2,1.6,4.607,0.065,0.3296,0.328,0.2271,0.5538,0.2404,IM
2,1.75,4.4755,0.0936,0.6432,0.3453,0.2418,0.5653,0.1489,IM
2,1.7,4.4655,0.0962,0.5967,0.3485,0.2499,0.5948,0.1974,IM
4,1.75,4.4955,0.0988,0.6197,0.328,0.2352,0.6141,0.1497,IM
4,1.75,4.477,0.0972,0.5762,0.3343,0.2192,0.6751,0.1735,IM
2,1.7,4.508,0.0982,0.5788,0.3226,0.2351,0.6196,0.1781,IM
4,1.75,4.468,0.1033,0.596,0.3361,0.2415,0.6291,0.1947,IM
3,1.75,4.472,0.0982,0.5612,0.3442,0.224,0.6669,0.1952,IM
2,1.7,4.499,0.1045,0.5988,0.3189,0.254,0.5756,0.1973,IM
3,1.7,4.4855,0.1,0.5698,0.3127,0.2263,0.6444,0.1987,IM
3,1.7,4.4765,0.1059,0.5892,0.3145,0.2484,0.5998,0.2164,IM
4,1.7,4.568,0.0997,0.5536,0.3119,0.2333,0.6135,0.1562,IM
2,1.75,4.524,0.1091,0.6046,0.3104,0.2508,0.5873,0.1736,IM
2,1.75,4.528,0.104,0.5698,0.3261,0.2403,0.625,0.1743,IM
2,1.7,4.563,0.1001,0.538,0.323,0.2422,0.6078,0.1794,IM
3,1.75,4.5015,0.11,0.5941,0.3062,0.2453,0.6093,0.1946,IM
4,1.75,4.5055,0.1044,0.5594,0.3156,0.2275,0.6469,0.1951,IM
3,1.7,4.5365,0.1057,0.5625,0.3041,0.2473,0.5944,0.1988,IM
3,1.7,4.5965,0.1055,0.5349,0.2928,0.2461,0.5887,0.1793,IM
3,1.75,4.463,0.0873,0.5333,0.3729,0.2227,0.7269,0.1839,IM
2,1.7,4.4755,0.0866,0.4939,0.3206,0.2161,0.7322,0.2095,IM
3,1.7,4.4895,0.0833,0.4716,0.3366,0.2179,0.7271,0.2087,IM
3,1.75,4.4895,0.0751,0.4516,0.3256,0.1799,0.6443,0.1468,IM
2,1.75,4.471,0.0802,0.5019,0.341,0.1849,0.6927,0.1481,IM
2,1.7,4.5045,0.0771,0.4644,0.3142,0.1858,0.6465,0.1529,IM
2,1.7,4.486,0.0805,0.5141,0.3277,0.1899,0.6943,0.1546,IM
2,1.75,4.4645,0.0811,0.4841,0.3331,0.1859,0.6566,0.1715,IM
3,1.75,4.4845,0.0739,0.4373,0.3297,0.1817,0.6364,0.1713,IM
4,1.75,4.466,0.081,0.4885,0.347,0.1878,0.6848,0.1727,IM
2,1.7,4.4995,0.0767,0.4505,0.3193,0.1897,0.6406,0.1765,IM
3,1.65,4.4945,0.0837,0.5094,0.3064,0.1979,0.6567,0.1818,IM
3,1.7,4.4745,0.0827,0.4829,0.3267,0.1949,0.6545,0.1978,IM
3,1.7,4.476,0.0828,0.4873,0.3407,0.1965,0.6823,0.1993,IM
3,1.7,4.488,0.0708,0.4156,0.3129,0.1862,0.6002,0.2144,IM
2,1.65,4.478,0.0817,0.4617,0.3116,0.1998,0.6144,0.236,IM
2,1.75,4.5245,0.0809,0.4594,0.3142,0.1862,0.6524,0.1481,IM
2,1.7,4.5395,0.0835,0.4728,0.302,0.1924,0.6547,0.1545,IM
3,1.75,4.4795,0.0931,0.5367,0.3176,0.1952,0.6852,0.1725,IM
3,1.75,4.4995,0.0869,0.4908,0.321,0.1915,0.6648,0.1726,IM
2,1.7,4.5145,0.0892,0.5042,0.3075,0.1987,0.6689,0.1782,IM
3,1.7,4.5345,0.0825,0.4577,0.3077,0.1955,0.6488,0.1781,IM
2,1.75,4.4745,0.0929,0.5214,0.3254,0.1958,0.6767,0.1944,IM
4,1.7,4.508,0.0875,0.484,0.2996,0.1985,0.635,0.1977,IM
3,1.75,4.578,0.0783,0.4111,0.2819,0.1863,0.6126,0.1481,IM
3,1.75,4.5595,0.0867,0.4644,0.3023,0.1921,0.6605,0.1491,IM
4,1.75,4.528,0.0888,0.4729,0.3002,0.1937,0.6363,0.1943,IM
3,1.7,4.543,0.0927,0.4873,0.2863,0.2035,0.6431,0.1992,IM
3,1.75,4.568,0.0967,0.4912,0.2798,0.2003,0.6529,0.1734,IM
4,1.75,4.588,0.0886,0.4441,0.2803,0.1953,0.6327,0.1736,IM
3,1.7,4.4785,0.0823,0.4752,0.3198,0.1961,0.7413,0.2051,IM
3,1.7,4.471,0.0841,0.4946,0.3326,0.1976,0.7284,0.2034,IM
3,1.7,4.4635,0.0859,0.5139,0.3381,0.199,0.7155,0.2015,IM
2,1.65,4.477,0.0874,0.5222,0.3109,0.2035,0.6842,0.205,IM
2,1.7,4.467,0.0843,0.4643,0.2765,0.1956,0.7532,0.2267,IM
2,1.7,4.4445,0.0902,0.5221,0.3272,0.2004,0.7141,0.2217,IM
3,1.7,4.4735,0.0826,0.4612,0.3202,0.1951,0.7349,0.2244,IM
2,1.65,4.473,0.088,0.4922,0.2823,0.2035,0.7089,0.2289,IM
3,1.6,4.493,0.0881,0.4977,0.2859,0.2095,0.6561,0.2282,IM
3,1.65,4.468,0.0878,0.478,0.2834,0.2037,0.7038,0.2463,IM
3,1.65,4.4745,0.0859,0.4747,0.316,0.2031,0.6864,0.2433,IM
4,1.75,4.482,0.0924,0.5259,0.3111,0.1943,0.7457,0.1774,IM
3,1.75,4.4745,0.0941,0.5448,0.3157,0.1956,0.7323,0.1759,IM
3,1.75,4.496,0.0891,0.5037,0.3279,0.1943,0.7404,0.1766,IM
3,1.75,4.51,0.0858,0.4812,0.3442,0.1933,0.735,0.1758,IM
3,1.7,4.5095,0.0906,0.5122,0.3023,0.1989,0.7145,0.1823,IM
2,1.75,4.477,0.0928,0.5112,0.3151,0.1957,0.7374,0.1993,IM
3,1.75,4.4695,0.0948,0.5299,0.3218,0.1972,0.7239,0.1978,IM
3,1.75,4.491,0.0891,0.4887,0.3317,0.1938,0.732,0.1985,IM
4,1.7,4.498,0.0926,0.5009,0.2783,0.2002,0.7264,0.2059,IM
3,1.7,4.4905,0.0946,0.5198,0.2897,0.2015,0.7135,0.2042,IM
4,1.7,4.497,0.0929,0.5163,0.3117,0.2026,0.6956,0.2014,IM
2,1.75,4.4655,0.0941,0.4996,0.2837,0.1945,0.7476,0.2212,IM
2,1.7,4.493,0.092,0.4858,0.2799,0.2006,0.7199,0.2251,IM
2,1.7,4.507,0.0879,0.463,0.2973,0.1983,0.7148,0.2243,IM
4,1.7,4.4995,0.0901,0.482,0.3115,0.2001,0.7019,0.2226,IM
2,1.7,4.492,0.0923,0.5008,0.3179,0.2019,0.689,0.2207,IM
2,1.7,4.543,0.0972,0.5127,0.2743,0.2028,0.6948,0.1822,IM
2,1.7,4.538,0.0962,0.4966,0.2802,0.2047,0.6886,0.2033,IM
2,1.75,4.498,0.0989,0.5122,0.3008,0.1984,0.6944,0.2176,IM
2,1.7,4.5255,0.0965,0.4986,0.2905,0.205,0.6693,0.2207,IM
4,1.7,4.598,0.096,0.4689,0.2573,0.2054,0.6828,0.183,IM
3,1.7,4.575,0.1126,0.5772,0.3228,0.2758,0.6794,0.1828,IM
2,1.65,4.5825,0.0889,0.463,0.3193,0.2498,0.5817,0.2229,IM
2,1.6,4.51,0.0682,0.386,0.3531,0.2392,0.5743,0.2429,IM
2,1.75,4.52,0.0841,0.4471,0.349,0.2302,0.6961,0.2088,IM
3,1.8,4.545,0.0875,0.4536,0.3445,0.227,0.7143,0.1834,IM
2,1.8,4.5575,0.0822,0.4249,0.347,0.2264,0.6812,0.1819,IM
2,1.75,4.555,0.0891,0.4514,0.3385,0.2359,0.7045,0.2096,IM
2,1.75,4.5675,0.0832,0.4225,0.341,0.2349,0.6721,0.2078,IM
2,1.7,4.61,0.1024,0.4986,0.3356,0.3022,0.5972,0.2229,IM
2,1.6,4.4775,0.0869,0.5646,0.3057,0.2148,0.6668,0.1572,IM
2,1.7,4.4675,0.0945,0.5953,0.3684,0.2392,0.6241,0.1829,IM
2,1.6,4.4725,0.0907,0.5536,0.3133,0.2303,0.6597,0.181,IM
2,1.6,4.4825,0.0918,0.5668,0.337,0.2384,0.6165,0.1802,IM
4,1.65,4.465,0.0956,0.5623,0.3563,0.2488,0.6345,0.2031,IM
2,1.65,4.475,0.0968,0.5754,0.3684,0.2571,0.5917,0.2017,IM
2,1.6,4.4675,0.0934,0.5416,0.3202,0.244,0.652,0.2023,IM
3,1.6,4.4775,0.0947,0.5547,0.3463,0.253,0.6091,0.2013,IM
3,1.6,4.4825,0.0926,0.5356,0.3188,0.2396,0.6476,0.2072,IM
3,1.55,4.475,0.0941,0.5211,0.3175,0.2613,0.6182,0.22,IM
2,1.65,4.475,0.0966,0.5434,0.3621,0.2564,0.6233,0.2263,IM
2,1.6,4.4925,0.0932,0.5166,0.3242,0.2457,0.6309,0.2297,IM
2,1.6,4.4875,0.0936,0.5029,0.3305,0.2546,0.6261,0.2468,IM
3,1.7,4.51,0.0973,0.58,0.337,0.2276,0.6494,0.1594,IM
3,1.7,4.5,0.1011,0.5524,0.3555,0.2532,0.6352,0.2038,IM
3,1.6,4.5875,0.0992,0.5271,0.2807,0.2347,0.6107,0.1616,IM
2,1.65,4.57,0.1004,0.5196,0.3001,0.2408,0.6298,0.1864,IM
2,1.6,4.475,0.089,0.5216,0.2469,0.2084,0.5932,0.1724,IM
2,1.55,4.465,0.0915,0.5125,0.2491,0.2344,0.5873,0.2135,IM
2,1.75,4.4725,0.0992,0.562,0.2901,0.2118,0.5915,0.169,IM
2,1.75,4.47,0.1045,0.6017,0.295,0.2278,0.5816,0.1697,IM
2,1.7,4.4775,0.0994,0.5444,0.2934,0.2268,0.5828,0.2138,IM
3,1.75,4.52,0.0887,0.4811,0.3393,0.2263,0.6126,0.1799,IM
2,1.75,4.5175,0.095,0.5211,0.3618,0.2397,0.6024,0.1807,IM
2,1.75,4.5125,0.0943,0.5062,0.3704,0.2493,0.595,0.2015,IM
4,1.7,4.53,0.0902,0.4794,0.3328,0.2361,0.6085,0.2054,IM
2,1.7,4.52,0.0849,0.4477,0.3445,0.2463,0.5959,0.2415,IM
4,1.75,4.5675,0.1025,0.5543,0.3476,0.2463,0.5745,0.157,IM
2,1.75,4.555,0.0939,0.4859,0.327,0.2329,0.6206,0.1809,IM
4,1.75,4.5675,0.0875,0.4579,0.3297,0.2333,0.5879,0.1787,IM
2,1.75,4.5525,0.1008,0.5262,0.3484,0.2467,0.6105,0.1818,IM
2,1.75,4.565,0.0957,0.4987,0.3511,0.2481,0.5778,0.1795,IM
2,1.7,4.57,0.0971,0.4998,0.313,0.2346,0.6224,0.1863,IM
2,1.75,4.5525,0.0838,0.428,0.2848,0.2165,0.6228,0.2011,IM
2,1.7,4.5675,0.0876,0.4426,0.2761,0.2224,0.6274,0.206,IM
2,1.75,4.545,0.0887,0.4528,0.3393,0.2435,0.6048,0.2212,IM
2,1.75,4.59,0.0992,0.4885,0.3142,0.2392,0.6287,0.1816,IM
2,1.7,4.465,0.101,0.5829,0.3727,0.2617,0.5927,0.2238,IM
3,1.75,4.495,0.1037,0.6058,0.354,0.2462,0.6121,0.1816,IM
3,1.75,4.4875,0.1054,0.6247,0.3383,0.2463,0.5995,0.1792,IM
4,1.75,4.49,0.1055,0.5914,0.3652,0.2585,0.6049,0.2024,IM
3,1.75,4.475,0.1095,0.6287,0.3335,0.2588,0.5795,0.1976,IM
2,1.7,4.5075,0.1022,0.565,0.3437,0.2486,0.6175,0.2063,IM
2,1.7,4.5,0.1042,0.5837,0.3321,0.2488,0.6052,0.2039,IM
2,1.7,4.4925,0.1062,0.6023,0.3179,0.2491,0.5929,0.2014,IM
2,1.75,4.4775,0.1086,0.5949,0.3621,0.2694,0.5845,0.2192,IM
2,1.7,4.4925,0.1011,0.5374,0.3338,0.2431,0.6548,0.2266,IM
3,1.7,4.5025,0.1026,0.5501,0.3536,0.2582,0.6116,0.225,IM
4,1.7,4.4875,0.1071,0.5872,0.3298,0.259,0.5868,0.2201,IM
2,1.7,4.49,0.1045,0.5532,0.3535,0.2665,0.5928,0.24,IM
3,1.7,4.4825,0.1069,0.5715,0.3413,0.2671,0.5803,0.2375,IM
4,1.75,4.5325,0.1068,0.5718,0.3364,0.2453,0.6305,0.1817,IM
3,1.75,4.525,0.1088,0.5902,0.3243,0.2455,0.6178,0.1796,IM
3,1.75,4.535,0.1102,0.6028,0.3255,0.2564,0.575,0.1779,IM
3,1.75,4.5275,0.1122,0.6211,0.3071,0.2565,0.5623,0.1753,IM
3,1.75,4.5275,0.1068,0.5561,0.3465,0.2551,0.6231,0.2027,IM
4,1.75,4.52,0.109,0.5743,0.3354,0.2555,0.6103,0.2007,IM
3,1.75,4.5125,0.1113,0.5925,0.3218,0.2559,0.5975,0.1985,IM
3,1.75,4.505,0.1135,0.6107,0.3056,0.2563,0.5847,0.1961,IM
3,1.7,4.545,0.1031,0.5299,0.3151,0.2425,0.6365,0.2068,IM
3,1.7,4.5375,0.1053,0.5483,0.3087,0.2431,0.6241,0.2047,IM
4,1.75,4.515,0.1082,0.558,0.3462,0.2636,0.6023,0.2199,IM
4,1.7,4.525,0.1066,0.5502,0.3096,0.2506,0.6055,0.2213,IM
4,1.75,4.58,0.1088,0.547,0.3245,0.2538,0.6058,0.1806,IM
4,1.75,4.5725,0.1111,0.565,0.3117,0.2542,0.5931,0.1784,IM
3,1.7,4.5925,0.1031,0.5042,0.304,0.249,0.6123,0.2057,IM
4,1.7,4.585,0.1055,0.5223,0.2967,0.2497,0.5999,0.2036,IM
2,1.75,4.465,0.0949,0.5205,0.2624,0.2189,0.5898,0.1855,IM
3,1.7,4.465,0.0837,0.477,0.2737,0.1899,0.6169,0.198,IM
2,1.7,4.467,0.0739,0.4171,0.3285,0.1744,0.6461,0.2537,IM
3,1.75,4.485,0.1113,0.6773,0.3475,0.2798,0.6188,0.1727,IM
2,1.65,4.4675,0.0839,0.4746,0.3552,0.2597,0.6038,0.2114,IM
2,1.75,4.4825,0.0863,0.4853,0.3584,0.2457,0.6171,0.2122,IM
3,1.7,4.4625,0.1012,0.5514,0.3334,0.2576,0.6446,0.2133,IM
2,1.65,4.4625,0.1049,0.5712,0.3195,0.265,0.652,0.2138,IM
2,1.7,4.4925,0.0873,0.4829,0.3517,0.2535,0.612,0.2334,IM
3,1.7,4.465,0.0833,0.4516,0.3512,0.2484,0.7003,0.2225,IM
3,1.65,4.465,0.1043,0.5613,0.3341,0.263,0.711,0.2196,IM
2,1.8,4.475,0.1069,0.5855,0.3701,0.2827,0.5784,0.2124,IM
3,1.75,4.4625,0.111,0.5982,0.3661,0.278,0.6467,0.2397,IM
2,1.85,4.475,0.1187,0.6451,0.3564,0.2762,0.6542,0.1962,IM
3,1.75,4.475,0.0934,0.4999,0.3643,0.2408,0.6815,0.2411,IM
2,1.75,4.495,0.0833,0.4531,0.3681,0.2374,0.6614,0.2407,IM
3,1.7,4.475,0.1056,0.5592,0.3573,0.2725,0.5932,0.2369,IM
3,1.6,4.49,0.0966,0.497,0.2935,0.2573,0.6213,0.2568,IM
2,1.6,4.4825,0.0992,0.5155,0.2956,0.2582,0.6086,0.2547,IM
4,1.9,4.839,0.0392,0.1799,0.1274,0.1309,0.3065,0.1347,FCC
4,1.9,4.8315,0.0382,0.1789,0.1273,0.1311,0.3295,0.143,FCC
4,1.9,4.799,0.0372,0.1783,0.1281,0.1316,0.3294,0.1446,FCC
4,1.9,4.7665,0.0356,0.1774,0.1287,0.1322,0.3292,0.1463,FCC
4,1.9,4.889,0.0382,0.1783,0.1246,0.13,0.3512,0.1451,FCC
2,1.9,4.8565,0.038,0.1783,0.126,0.1306,0.3509,0.1469,FCC
4,1.9,4.824,0.0373,0.1778,0.1272,0.1312,0.3507,0.1487,FCC
2,1.9,4.914,0.0373,0.1774,0.1229,0.1295,0.371,0.1465,FCC
1,1.9,4.8815,0.0375,0.1775,0.1246,0.1301,0.3707,0.1485,FCC
3,1.9,4.849,0.0372,0.1773,0.1259,0.1307,0.3704,0.1505,FCC
4,1.9,4.784,0.035,0.1756,0.1279,0.1319,0.3698,0.1544,FCC
4,1.8,4.734,0.037,0.181,0.128,0.1504,0.3907,0.1493,FCC
4,1.9,4.939,0.0362,0.1764,0.1209,0.129,0.3894,0.1459,FCC
2,1.9,4.9065,0.0367,0.1767,0.1228,0.1296,0.389,0.1481,FCC
3,1.9,4.874,0.0368,0.1766,0.1245,0.1303,0.3887,0.1503,FCC
4,1.9,4.8415,0.0363,0.1762,0.1258,0.1309,0.3883,0.1524,FCC
3,1.85,4.8075,0.039,0.2031,0.0669,0.1944,0.3644,0.1523,FCC
3,1.85,4.775,0.0372,0.2021,0.0694,0.1952,0.364,0.1543,FCC
3,1.8,4.75,0.0382,0.2046,0.0695,0.2042,0.3737,0.1515,FCC
3,1.85,4.8,0.038,0.2019,0.0667,0.1946,0.3808,0.1531,FCC
4,1.85,4.7875,0.0383,0.17,0.0956,0.1458,0.2612,0.1127,FCC
4,1.9,4.8375,0.037,0.1668,0.0941,0.1353,0.2698,0.1244,FCC
4,1.9,4.8625,0.0365,0.166,0.0923,0.1348,0.2948,0.133,FCC
4,1.85,4.8375,0.0373,0.1682,0.0923,0.145,0.31,0.132,FCC
2,1.75,4.885,0.0364,0.1693,0.085,0.1615,0.3371,0.1229,FCC
3,1.75,4.755,0.0388,0.1727,0.0941,0.1628,0.3355,0.131,FCC
4,1.9,4.8875,0.0357,0.1651,0.0901,0.1343,0.3177,0.1383,FCC
4,1.85,4.895,0.0358,0.1667,0.0877,0.1441,0.3315,0.1345,FCC
3,1.85,4.8625,0.0364,0.1672,0.0902,0.1446,0.3312,0.1365,FCC
4,1.85,4.83,0.0364,0.1674,0.0922,0.1451,0.3309,0.1384,FCC
3,1.8,4.805,0.0372,0.1696,0.0923,0.1543,0.3429,0.1364,FCC
3,1.75,4.8775,0.0356,0.1691,0.0849,0.1616,0.3549,0.1276,FCC
4,1.75,4.8125,0.0377,0.1712,0.0903,0.1622,0.3539,0.132,FCC
4,1.75,4.78,0.038,0.1717,0.0923,0.1625,0.3534,0.1341,FCC
3,1.75,4.7475,0.0378,0.1719,0.094,0.1628,0.3529,0.1362,FCC
4,1.7,4.755,0.0388,0.1737,0.0924,0.17,0.3623,0.1316,FCC
4,1.9,4.9125,0.0346,0.1641,0.0876,0.1338,0.3386,0.141,FCC
4,1.9,4.88,0.035,0.1643,0.09,0.1345,0.3383,0.143,FCC
3,1.9,4.8475,0.0348,0.164,0.092,0.1351,0.338,0.145,FCC
4,1.85,4.92,0.0342,0.1655,0.0848,0.1436,0.351,0.1363,FCC
1,1.85,4.8875,0.0352,0.1662,0.0876,0.1442,0.3506,0.1385,FCC
4,1.85,4.855,0.0357,0.1665,0.0901,0.1447,0.3502,0.1406,FCC
4,1.85,4.8225,0.0356,0.1665,0.0921,0.1453,0.3498,0.1426,FCC
4,1.8,4.9275,0.0331,0.1661,0.0815,0.1526,0.3621,0.1311,FCC
3,1.8,4.895,0.0347,0.1673,0.0848,0.1531,0.3616,0.1334,FCC
1,1.8,4.8625,0.0358,0.1681,0.0877,0.1535,0.3612,0.1356,FCC
2,1.8,4.83,0.0363,0.1686,0.0901,0.154,0.3607,0.1378,FCC
4,1.8,4.7975,0.0364,0.1688,0.0921,0.1544,0.3602,0.14,FCC
3,1.8,4.765,0.036,0.1686,0.0938,0.1548,0.3596,0.1421,FCC
3,1.75,4.805,0.037,0.1706,0.0902,0.1623,0.3695,0.1349,FCC
4,1.75,4.74,0.0369,0.171,0.0939,0.1629,0.3683,0.1393,FCC
3,1.75,4.7075,0.0361,0.1707,0.0951,0.1631,0.3676,0.1415,FCC
3,1.65,4.7225,0.0387,0.175,0.0923,0.1767,0.3808,0.1305,FCC
4,1.9,4.9375,0.0333,0.163,0.0847,0.1332,0.3579,0.1414,FCC
2,1.9,4.905,0.034,0.1633,0.0875,0.1339,0.3575,0.1436,FCC
1,1.9,4.8725,0.0343,0.1633,0.0899,0.1346,0.3571,0.1458,FCC
4,1.9,4.84,0.034,0.1629,0.0919,0.1353,0.3567,0.1478,FCC
3,1.9,4.775,0.032,0.1609,0.0947,0.1365,0.3558,0.1519,FCC
1,1.85,4.945,0.0324,0.1642,0.0815,0.1432,0.3688,0.1359,FCC
2,1.85,4.9125,0.0338,0.165,0.0847,0.1437,0.3683,0.1382,FCC
4,1.85,4.88,0.0346,0.1655,0.0876,0.1443,0.3678,0.1405,FCC
3,1.85,4.8475,0.0349,0.1657,0.09,0.1449,0.3673,0.1427,FCC
2,1.85,4.815,0.0348,0.1655,0.0919,0.1454,0.3668,0.1449,FCC
3,1.85,4.7825,0.0341,0.1649,0.0935,0.1459,0.3663,0.1471,FCC
4,1.8,4.92,0.0328,0.1659,0.0815,0.1527,0.3778,0.1323,FCC
4,1.9,4.9625,0.0318,0.1618,0.0814,0.1327,0.3754,0.1399,FCC
4,1.9,4.93,0.0329,0.1623,0.0846,0.1334,0.3749,0.1422,FCC
4,1.9,4.8975,0.0335,0.1625,0.0874,0.1341,0.3744,0.1446,FCC
4,1.9,4.8325,0.0332,0.1616,0.0918,0.1354,0.3734,0.1491,FCC
3,1.85,4.9375,0.0321,0.1637,0.0814,0.1433,0.3842,0.136,FCC
4,1.85,4.8725,0.034,0.1648,0.0875,0.1444,0.3831,0.1409,FCC
3,1.8,4.9125,0.0324,0.1655,0.0815,0.1528,0.3914,0.1319,FCC
1,1.9,4.665,0.038,0.1634,0.0899,0.2173,0.1916,0.1335,FCC
1,1.9,4.6375,0.038,0.1641,0.0921,0.2293,0.2253,0.1623,FCC
1,1.9,4.54,0.031,0.1563,0.0903,0.2284,0.2251,0.1629,FCC
4,1.9,4.755,0.0307,0.1491,0.0774,0.1535,0.2803,0.1492,FCC
3,1.9,4.7475,0.0295,0.1475,0.0772,0.1536,0.3041,0.1579,FCC
3,1.85,4.7225,0.0306,0.1506,0.0773,0.1612,0.3185,0.1571,FCC
4,1.75,4.6725,0.0328,0.1564,0.0775,0.1743,0.3428,0.1548,FCC
3,1.9,4.805,0.0304,0.1479,0.0736,0.153,0.3264,0.1611,FCC
3,1.9,4.7725,0.0296,0.1471,0.0755,0.1533,0.3261,0.1627,FCC
4,1.9,4.74,0.0283,0.1458,0.077,0.1536,0.3258,0.1643,FCC
4,1.85,4.7475,0.0306,0.1501,0.0756,0.1611,0.3388,0.1612,FCC
2,1.85,4.715,0.0294,0.1491,0.0771,0.1613,0.3385,0.1628,FCC
4,1.8,4.82,0.0319,0.1528,0.0684,0.1677,0.3514,0.1541,FCC
3,1.8,4.755,0.0322,0.1533,0.0738,0.168,0.3506,0.1577,FCC
3,1.8,4.7225,0.0316,0.153,0.0757,0.168,0.3501,0.1594,FCC
3,1.75,4.7625,0.0331,0.1555,0.0714,0.1743,0.361,0.1537,FCC
2,1.75,4.73,0.0331,0.1557,0.0739,0.1743,0.3604,0.1556,FCC
1,1.75,4.6975,0.0326,0.1556,0.0758,0.1743,0.3599,0.1574,FCC
4,1.7,4.7375,0.0339,0.1576,0.0715,0.18,0.3693,0.1514,FCC
4,1.7,4.705,0.034,0.1581,0.074,0.18,0.3687,0.1533,FCC
4,1.9,4.9275,0.0283,0.1465,0.0604,0.1517,0.3475,0.1579,FCC
3,1.9,4.895,0.0294,0.1471,0.0646,0.1521,0.3472,0.1598,FCC
4,1.9,4.83,0.0299,0.1472,0.0711,0.1528,0.3465,0.1634,FCC
4,1.9,4.7975,0.0295,0.1466,0.0735,0.1531,0.3462,0.1652,FCC
2,1.9,4.765,0.0285,0.1455,0.0753,0.1534,0.3458,0.1669,FCC
4,1.85,4.8375,0.0306,0.1498,0.0682,0.1605,0.3583,0.1593,FCC
1,1.85,4.805,0.0307,0.1498,0.0712,0.1607,0.3578,0.1612,FCC
3,1.85,4.7725,0.0304,0.1495,0.0736,0.1609,0.3574,0.163,FCC
3,1.85,4.74,0.0295,0.1487,0.0754,0.1611,0.3569,0.1648,FCC
4,1.85,4.7075,0.0282,0.1474,0.0769,0.1613,0.3565,0.1666,FCC
2,1.8,4.78,0.0315,0.1524,0.0712,0.1678,0.3676,0.1587,FCC
2,1.8,4.7475,0.0313,0.1522,0.0736,0.1679,0.3671,0.1607,FCC
2,1.8,4.715,0.0305,0.1517,0.0755,0.168,0.3665,0.1625,FCC
2,1.75,4.755,0.0323,0.1547,0.0713,0.1742,0.3758,0.1561,FCC
2,1.75,4.7225,0.0321,0.1548,0.0737,0.1742,0.3751,0.1581,FCC
2,1.7,4.73,0.033,0.157,0.0714,0.18,0.3821,0.1532,FCC
3,1.9,4.92,0.0278,0.1459,0.0604,0.1518,0.3658,0.1598,FCC
2,1.9,4.8875,0.0288,0.1463,0.0645,0.1521,0.3654,0.1618,FCC
3,1.9,4.855,0.0292,0.1463,0.068,0.1525,0.365,0.1638,FCC
3,1.9,4.8225,0.0291,0.1459,0.0709,0.1528,0.3646,0.1657,FCC
2,1.9,4.79,0.0285,0.1451,0.0733,0.1531,0.3641,0.1676,FCC
4,1.9,4.7575,0.0275,0.1438,0.0752,0.1534,0.3637,0.1694,FCC
4,1.85,4.895,0.0283,0.1481,0.0604,0.16,0.3758,0.1569,FCC
4,1.85,4.8625,0.0293,0.1487,0.0646,0.1603,0.3753,0.1589,FCC
2,1.85,4.83,0.0298,0.1489,0.0681,0.1605,0.3747,0.161,FCC
3,1.85,4.7975,0.0299,0.1487,0.071,0.1607,0.3742,0.163,FCC
4,1.85,4.765,0.0294,0.1482,0.0734,0.1609,0.3737,0.1649,FCC
3,1.85,4.7325,0.0285,0.1471,0.0752,0.1611,0.3731,0.1668,FCC
4,1.8,4.9025,0.0276,0.149,0.0554,0.1672,0.3847,0.1515,FCC
4,1.8,4.87,0.0287,0.1501,0.0604,0.1674,0.3841,0.1537,FCC
3,1.8,4.7725,0.0307,0.1514,0.0711,0.1678,0.3822,0.16,FCC
3,1.8,4.74,0.0303,0.151,0.0735,0.1679,0.3816,0.162,FCC
4,1.75,4.7475,0.0314,0.1539,0.0712,0.1742,0.3884,0.1568,FCC
4,1.9,4.8165,0.0395,0.1899,0.1189,0.1639,0.3137,0.1453,FCC
4,1.9,4.7515,0.0366,0.1885,0.1191,0.1651,0.3126,0.1489,FCC
4,1.9,4.8415,0.0393,0.1893,0.1181,0.1634,0.3313,0.1474,FCC
4,1.9,4.809,0.0385,0.1889,0.1187,0.164,0.3307,0.1494,FCC
3,1.9,4.899,0.0389,0.1884,0.1159,0.1622,0.3476,0.1452,FCC
3,1.9,4.834,0.0385,0.1883,0.1179,0.1635,0.3462,0.1496,FCC
3,1.9,4.8015,0.0376,0.1878,0.1185,0.1642,0.3455,0.1516,FCC
3,1.9,4.769,0.0362,0.1869,0.1188,0.1648,0.3447,0.1537,FCC
4,1.85,4.7115,0.0354,0.1884,0.1188,0.1743,0.3495,0.1529,FCC
3,1.75,4.694,0.0392,0.1942,0.119,0.1895,0.3544,0.1442,FCC
4,1.9,4.924,0.0378,0.1875,0.1143,0.1616,0.3612,0.1432,FCC
1,1.9,4.8915,0.0383,0.1877,0.1157,0.1623,0.3604,0.1455,FCC
1,1.9,4.859,0.0382,0.1877,0.1169,0.163,0.3595,0.1478,FCC
3,1.9,4.8265,0.0377,0.1873,0.1178,0.1637,0.3586,0.1501,FCC
2,1.9,4.794,0.0366,0.1866,0.1183,0.1643,0.3578,0.1523,FCC
4,1.9,4.729,0.0331,0.1839,0.1185,0.1656,0.356,0.1567,FCC
3,1.85,4.7365,0.0361,0.1882,0.1187,0.1739,0.36,0.1511,FCC
2,1.8,4.744,0.0384,0.1914,0.1185,0.1816,0.3618,0.145,FCC
2,1.9,4.9165,0.0374,0.1869,0.1142,0.1618,0.3715,0.1418,FCC
1,1.9,4.884,0.0377,0.187,0.1156,0.1625,0.3705,0.1443,FCC
3,1.9,4.8515,0.0375,0.1867,0.1168,0.1632,0.3694,0.1468,FCC
2,1.9,4.7865,0.0357,0.1852,0.1181,0.1645,0.3674,0.1516,FCC
2,1.85,4.7615,0.0366,0.1879,0.1182,0.1735,0.3678,0.1476,FCC
4,1.8,4.769,0.0384,0.1909,0.1178,0.1813,0.3666,0.1407,FCC
4,1.8,4.7365,0.0375,0.1903,0.1183,0.1817,0.3651,0.1433,FCC
4,1.95,4.764,0.0399,0.1665,0.1459,0.0837,0.2509,0.1139,FCC
4,1.9,4.749,0.0365,0.1511,0.134,0.0853,0.2533,0.114,FCC
4,1.95,4.799,0.0352,0.1476,0.1342,0.0714,0.2622,0.1257,FCC
4,1.95,4.7665,0.0342,0.147,0.1337,0.0718,0.2618,0.1271,FCC
4,1.9,4.8065,0.0366,0.1503,0.1345,0.0851,0.277,0.1241,FCC
3,1.9,4.7665,0.0351,0.1492,0.1341,0.0851,0.2968,0.135,FCC
1,1.85,4.692,0.0479,0.2084,0.1979,0.1023,0.3841,0.1418,BCC+FCC
3,1.95,4.849,0.034,0.1459,0.134,0.0707,0.3053,0.1397,FCC
4,1.95,4.784,0.0331,0.145,0.1338,0.0714,0.3043,0.1432,FCC
3,1.95,4.7515,0.0319,0.1439,0.1332,0.0717,0.3038,0.145,FCC
2,1.9,4.8565,0.0344,0.148,0.1337,0.0847,0.3163,0.1359,FCC
3,1.9,4.824,0.0348,0.1484,0.1341,0.0849,0.3157,0.1379,FCC
3,1.85,4.8315,0.035,0.1501,0.1338,0.0962,0.325,0.1338,FCC
4,1.85,4.799,0.0355,0.1507,0.1342,0.0962,0.3243,0.1358,FCC
1,1.85,4.683,0.0449,0.1957,0.178,0.11,0.3629,0.1389,BCC+FCC
3,1.85,4.734,0.0351,0.1507,0.134,0.096,0.3228,0.1398,FCC
4,1.85,4.7015,0.0341,0.1502,0.1334,0.0959,0.3221,0.1417,FCC
4,1.8,4.7415,0.0364,0.1533,0.1343,0.1054,0.33,0.1356,FCC
4,1.8,4.709,0.0361,0.1534,0.1341,0.1051,0.3291,0.1376,FCC
4,1.8,4.6765,0.0352,0.153,0.1335,0.1048,0.3282,0.1396,FCC
4,1.75,4.814,0.0357,0.1528,0.1333,0.1141,0.3373,0.1263,FCC
4,1.95,4.809,0.0328,0.1444,0.1338,0.0711,0.3223,0.1463,FCC
4,1.9,4.8165,0.0339,0.1474,0.1339,0.0848,0.3313,0.142,FCC
4,1.9,4.7515,0.033,0.1466,0.1337,0.085,0.3298,0.146,FCC
2,1.85,4.889,0.0323,0.1476,0.1322,0.0961,0.3402,0.1327,FCC
4,1.85,4.824,0.0343,0.1495,0.1337,0.0961,0.3385,0.1372,FCC
1,1.85,4.6755,0.0437,0.1941,0.1778,0.11,0.3704,0.14,BCC+FCC
2,1.85,4.759,0.0346,0.1499,0.134,0.096,0.3368,0.1415,FCC
4,1.8,4.8965,0.0326,0.1478,0.1311,0.106,0.3458,0.127,FCC
4,1.8,4.799,0.035,0.1517,0.1337,0.1056,0.3428,0.1341,FCC
3,1.8,4.7665,0.0355,0.1522,0.1341,0.1054,0.3418,0.1364,FCC
4,1.8,4.734,0.0355,0.1525,0.1341,0.1052,0.3408,0.1386,FCC
4,1.8,4.7015,0.035,0.1523,0.1339,0.1049,0.3397,0.1408,FCC
2,1.75,4.709,0.0364,0.1548,0.1342,0.1129,0.3421,0.1356,FCC
4,1.95,4.899,0.0317,0.1437,0.1328,0.0699,0.3395,0.1429,FCC
1,1.95,4.8665,0.0323,0.1439,0.1334,0.0704,0.3388,0.1451,FCC
4,1.95,4.834,0.0323,0.1436,0.1337,0.0708,0.3381,0.1472,FCC
4,1.95,4.8015,0.0319,0.143,0.1336,0.0711,0.3374,0.1493,FCC
3,1.9,4.9065,0.0311,0.1453,0.132,0.0842,0.3469,0.1375,FCC
4,1.9,4.874,0.0323,0.146,0.1329,0.0844,0.346,0.1398,FCC
4,1.9,4.8415,0.0329,0.1464,0.1334,0.0846,0.3452,0.142,FCC
4,1.9,4.809,0.0331,0.1464,0.1337,0.0848,0.3443,0.1442,FCC
3,1.9,4.7765,0.0327,0.146,0.1337,0.0849,0.3434,0.1464,FCC
4,1.85,4.914,0.0309,0.146,0.1309,0.096,0.3523,0.1315,FCC
1,1.85,4.7005,0.0448,0.1941,0.1787,0.1098,0.3759,0.137,BCC+FCC
2,1.85,4.784,0.0339,0.149,0.1338,0.096,0.3483,0.141,FCC
2,1.8,4.759,0.0346,0.1515,0.1339,0.1053,0.3497,0.1376,FCC
2,1.8,4.7265,0.0345,0.1515,0.1339,0.1051,0.3484,0.1399,FCC
3,1.8,4.694,0.0339,0.1511,0.1337,0.1048,0.3471,0.1422,FCC
2,1.75,4.734,0.0354,0.1538,0.134,0.1131,0.3479,0.1338,FCC
4,1.75,4.7015,0.0354,0.154,0.134,0.1127,0.3464,0.1363,FCC
3,1.95,4.924,0.0302,0.1425,0.1318,0.0695,0.3534,0.1414,FCC
4,1.95,4.8915,0.0311,0.1429,0.1327,0.07,0.3526,0.1438,FCC
4,1.95,4.859,0.0316,0.1428,0.1332,0.0704,0.3518,0.1461,FCC
1,1.95,4.8265,0.0315,0.1423,0.1335,0.0708,0.3509,0.1483,FCC
4,1.95,4.7615,0.0298,0.14,0.1331,0.0714,0.3491,0.1527,FCC
4,1.9,4.899,0.0307,0.1447,0.1319,0.0842,0.3577,0.1377,FCC
4,1.9,4.834,0.0322,0.1455,0.1333,0.0846,0.3557,0.1425,FCC
2,1.9,4.769,0.0318,0.1446,0.1335,0.0848,0.3536,0.1471,FCC
3,1.9,4.7365,0.0308,0.1435,0.1332,0.0849,0.3526,0.1494,FCC
4,1.85,4.874,0.0311,0.1469,0.1319,0.096,0.3595,0.1336,FCC
3,1.85,4.8415,0.0322,0.1476,0.1328,0.096,0.3583,0.1362,FCC
4,1.85,4.7765,0.033,0.148,0.1336,0.0959,0.3559,0.1411,FCC
2,1.85,4.744,0.0327,0.1476,0.1336,0.0958,0.3546,0.1435,FCC
2,1.85,4.7115,0.0318,0.1467,0.1333,0.0957,0.3533,0.1459,FCC
3,1.8,4.7515,0.0338,0.1506,0.1337,0.1052,0.3539,0.1371,FCC
4,1.8,4.719,0.0336,0.1504,0.1337,0.1049,0.3524,0.1396,FCC
4,1.75,4.759,0.0342,0.1526,0.1335,0.1133,0.35,0.1301,FCC
3,1.75,4.7265,0.0346,0.153,0.1338,0.1129,0.3482,0.1328,FCC
4,1.95,4.949,0.0285,0.1412,0.1306,0.0691,0.365,0.1381,FCC
3,1.95,4.9165,0.0297,0.1417,0.1317,0.0696,0.364,0.1406,FCC
2,1.95,4.884,0.0305,0.1419,0.1325,0.07,0.363,0.1431,FCC
2,1.95,4.8515,0.0308,0.1416,0.1331,0.0704,0.362,0.1456,FCC
3,1.95,4.819,0.0306,0.1409,0.1333,0.0708,0.361,0.1479,FCC
3,1.95,4.754,0.0288,0.1381,0.1329,0.0714,0.3589,0.1526,FCC
3,1.9,4.924,0.0288,0.1433,0.1307,0.084,0.3668,0.1337,FCC
3,1.9,4.8915,0.0302,0.1441,0.1318,0.0842,0.3656,0.1363,FCC
1,1.9,4.859,0.0311,0.1445,0.1326,0.0844,0.3644,0.1389,FCC
1,1.9,4.8265,0.0315,0.1444,0.1331,0.0846,0.3632,0.1415,FCC
4,1.9,4.794,0.0314,0.144,0.1334,0.0847,0.362,0.144,FCC
3,1.9,4.719,0.0347,0.1596,0.1453,0.0967,0.3567,0.142,FCC
4,1.9,4.7615,0.0308,0.1431,0.1333,0.0848,0.3607,0.1464,FCC
2,1.9,4.729,0.0298,0.1417,0.133,0.0848,0.3595,0.1488,FCC
3,1.85,4.8665,0.0306,0.1463,0.1318,0.0959,0.3642,0.1317,FCC
3,1.85,4.834,0.0316,0.1469,0.1327,0.0959,0.3628,0.1344,FCC
4,1.85,4.8015,0.0322,0.1471,0.1332,0.0959,0.3613,0.1371,FCC
2,1.85,4.769,0.0322,0.1468,0.1335,0.0958,0.3598,0.1397,FCC
2,1.85,4.7365,0.0317,0.1462,0.1334,0.0957,0.3583,0.1423,FCC
2,1.8,4.7765,0.0328,0.1495,0.1333,0.1052,0.3556,0.1324,FCC
4,1.8,4.744,0.033,0.1495,0.1336,0.105,0.3538,0.1352,FCC
3,1.75,4.7515,0.0335,0.1519,0.1334,0.1131,0.3452,0.1274,FCC
1,1.95,4.599,0.0353,0.1436,0.1268,0.1764,0.2191,0.1629,FCC
1,1.85,4.697,0.0471,0.1989,0.1908,0.116,0.3482,0.146,BCC+FCC
1,1.85,4.632,0.0425,0.1967,0.1882,0.1153,0.3472,0.149,BCC+FCC
1,1.7,4.687,0.0524,0.2051,0.1927,0.1345,0.3729,0.139,BCC+FCC
1,1.6,4.5605,0.0478,0.1842,0.1619,0.1459,0.3419,0.1462,BCC+FCC
1,1.95,4.752,0.0471,0.1959,0.1923,0.1232,0.344,0.1637,BCC+FCC
1,1.95,4.6315,0.0317,0.1362,0.1241,0.1505,0.2463,0.1652,FCC
1,1.9,4.6945,0.0462,0.1973,0.1913,0.1301,0.3543,0.1643,BCC+FCC
1,1.9,4.639,0.0349,0.1417,0.1255,0.1543,0.2619,0.1661,FCC
1,1.9,4.6065,0.033,0.1401,0.1242,0.1534,0.2614,0.1668,FCC
1,1.9,4.597,0.041,0.1917,0.1866,0.1292,0.3528,0.1685,BCC+FCC
1,1.85,4.6895,0.0459,0.1977,0.1906,0.1158,0.3643,0.1529,BCC+FCC
1,1.7,4.777,0.0511,0.2025,0.1931,0.1361,0.3859,0.1375,BCC+FCC
1,1.7,4.7445,0.0517,0.2034,0.1931,0.1355,0.3849,0.1396,BCC+FCC
1,1.95,4.5115,0.0325,0.1396,0.1261,0.193,0.2667,0.2063,FCC
1,1.95,4.7445,0.0461,0.1945,0.1921,0.1231,0.3615,0.1696,BCC+FCC
1,1.95,4.479,0.0302,0.1351,0.1234,0.1917,0.2662,0.2068,FCC
1,1.95,4.6365,0.0336,0.1389,0.1264,0.1648,0.2696,0.1845,FCC
1,1.95,4.689,0.0341,0.1379,0.1261,0.1516,0.2706,0.1758,FCC
1,1.9,4.5065,0.0319,0.1423,0.1253,0.1842,0.2795,0.2012,FCC
1,1.9,4.687,0.045,0.1959,0.1911,0.13,0.3699,0.1697,BCC+FCC
1,1.9,4.579,0.0327,0.1406,0.1251,0.1657,0.2817,0.1861,FCC
1,1.9,4.6315,0.0336,0.1399,0.1253,0.154,0.283,0.1773,FCC
1,1.9,4.642,0.0398,0.1904,0.1876,0.1073,0.3697,0.1628,BCC+FCC
1,1.85,4.6945,0.0481,0.1996,0.1923,0.1363,0.3778,0.1664,BCC+FCC
1,1.85,4.747,0.0478,0.1979,0.1921,0.1162,0.3797,0.1539,BCC+FCC
1,1.85,4.682,0.0447,0.1964,0.1904,0.1156,0.3783,0.1575,BCC+FCC
1,1.8,4.702,0.0504,0.2025,0.1931,0.142,0.3841,0.1628,BCC+FCC
1,1.7,4.7695,0.0505,0.2023,0.1929,0.1358,0.3936,0.1398,BCC+FCC
1,1.7,4.7045,0.051,0.2037,0.1927,0.1347,0.3913,0.1442,BCC+FCC
1,1.95,4.589,0.0348,0.1416,0.1286,0.1865,0.2884,0.2087,FCC
1,1.95,4.504,0.0314,0.1363,0.1257,0.1925,0.2864,0.2171,FCC
1,1.95,4.5565,0.0321,0.1384,0.1269,0.1854,0.2879,0.2095,FCC
4,1.95,4.4715,0.0292,0.1314,0.123,0.1912,0.2858,0.2178,FCC
1,1.95,4.6815,0.0329,0.136,0.1259,0.1513,0.2913,0.1849,FCC
4,1.95,4.4915,0.0281,0.1299,0.1222,0.183,0.2867,0.2111,FCC
1,1.9,4.8095,0.0495,0.198,0.1936,0.1308,0.3863,0.1663,BCC+FCC
1,1.9,4.692,0.0475,0.1978,0.1928,0.1486,0.383,0.1816,BCC+FCC
1,1.9,4.712,0.046,0.1958,0.192,0.1301,0.3842,0.1716,BCC+FCC
1,1.9,4.499,0.031,0.1394,0.1249,0.1837,0.2972,0.2108,FCC
1,1.9,4.604,0.0336,0.1406,0.1263,0.1664,0.3006,0.194,FCC
1,1.9,4.624,0.0323,0.1379,0.125,0.1536,0.3016,0.1858,FCC
1,1.9,4.6145,0.0411,0.1901,0.1879,0.1292,0.382,0.1767,BCC+FCC
1,1.85,4.752,0.0496,0.1998,0.1934,0.1369,0.3911,0.1657,BCC+FCC
1,1.85,4.772,0.0478,0.1973,0.1924,0.1162,0.3925,0.1545,BCC+FCC
1,1.65,4.7045,0.0509,0.2043,0.1929,0.1392,0.3913,0.1391,BCC+FCC
1,1.95,4.7745,0.049,0.1963,0.1941,0.1434,0.3908,0.1827,BCC+FCC
1,1.95,4.5815,0.0335,0.139,0.1283,0.1861,0.3059,0.2164,FCC
1,1.95,4.549,0.0311,0.1354,0.1266,0.185,0.3052,0.2174,FCC
1,1.95,4.6215,0.031,0.1343,0.1259,0.1642,0.308,0.2011,FCC
1,1.95,4.697,0.0424,0.1895,0.1906,0.1228,0.3898,0.1778,BCC+FCC
4,1.95,4.734,0.0275,0.1247,0.121,0.0902,0.3121,0.1639,FCC
1,1.9,4.672,0.043,0.1926,0.1907,0.1297,0.3947,0.1754,BCC+FCC
1,1.9,4.692,0.0412,0.1907,0.1899,0.1074,0.3961,0.1646,BCC+FCC
1,1.9,4.6595,0.0398,0.1887,0.1886,0.1072,0.3953,0.1665,BCC+FCC
1,1.85,4.6995,0.0444,0.1949,0.191,0.1156,0.4001,0.1596,BCC+FCC
1,1.85,4.6345,0.0403,0.1919,0.1887,0.115,0.398,0.1637,BCC+FCC
4,1.8,4.659,0.0309,0.1349,0.1214,0.1117,0.3345,0.1587,FCC
1,1.95,4.767,0.0482,0.1949,0.1939,0.1433,0.4019,0.1837,BCC+FCC
1,1.9,4.717,0.0423,0.1907,0.1907,0.1075,0.406,0.1628,BCC+FCC
2,1.9,4.7015,0.0275,0.1265,0.1209,0.0986,0.336,0.1661,FCC
1,1.85,4.7695,0.0488,0.1983,0.1934,0.1369,0.4078,0.1646,BCC+FCC
1,1.85,4.737,0.048,0.1977,0.1931,0.1366,0.4066,0.1668,BCC+FCC
1,1.85,4.692,0.0433,0.1935,0.1908,0.1155,0.4063,0.1593,BCC+FCC
2,1.85,4.6765,0.0286,0.1301,0.121,0.1057,0.3412,0.1638,FCC
1,1.7,4.747,0.0487,0.2012,0.1926,0.1351,0.3934,0.1372,BCC+FCC
1,1.7,4.7145,0.0488,0.2016,0.1925,0.1345,0.3913,0.1399,BCC+FCC
1,1.95,4.727,0.0457,0.1917,0.193,0.1429,0.4093,0.1854,BCC+FCC
1,1.95,4.7145,0.0425,0.1878,0.1912,0.1227,0.4101,0.1767,BCC+FCC
3,1.95,4.719,0.0252,0.1205,0.1205,0.0898,0.3427,0.1707,FCC
1,1.9,4.7095,0.0413,0.1891,0.1905,0.1073,0.412,0.1617,BCC+FCC
3,1.9,4.7265,0.0274,0.126,0.1211,0.0989,0.3487,0.1662,FCC
4,1.9,4.694,0.0263,0.1246,0.1207,0.0984,0.3477,0.1681,FCC
4,1.95,4.7765,0.0262,0.1218,0.1209,0.0903,0.3561,0.1678,FCC
3,1.95,4.744,0.0253,0.1203,0.1207,0.09,0.3552,0.1698,FCC
3,1.95,4.7115,0.024,0.1182,0.1203,0.0896,0.3542,0.1718,FCC
4,1.9,4.7515,0.0271,0.1254,0.121,0.0991,0.3589,0.1647,FCC
2,1.9,4.719,0.0263,0.1242,0.1209,0.0987,0.3578,0.1667,FCC
4,1.8,4.734,0.0289,0.1321,0.1209,0.1131,0.3572,0.1554,FCC
3,1.9,4.6075,0.1244,0.5417,0.3541,0.3226,0.5639,0.1427,IM
4,1.85,4.5175,0.1251,0.5519,0.3282,0.3079,0.5776,0.1391,IM
4,1.9,4.6,0.1269,0.5515,0.3189,0.2957,0.5833,0.1395,IM
4,1.9,4.5675,0.1252,0.5503,0.3237,0.297,0.5835,0.1417,IM
2,1.85,4.5425,0.126,0.5521,0.3236,0.307,0.599,0.1384,IM
3,1.9,4.5925,0.1261,0.5505,0.3191,0.2961,0.6049,0.1397,IM
4,1.9,4.625,0.1245,0.5408,0.3498,0.3221,0.6123,0.1458,IM
2,1.9,4.56,0.1244,0.5491,0.324,0.2974,0.605,0.1421,IM
3,1.9,4.5275,0.1227,0.5475,0.3288,0.2987,0.6051,0.1445,IM
3,1.9,4.59,0.1135,0.4966,0.3332,0.3014,0.5718,0.1465,IM
3,1.9,4.6175,0.1236,0.5397,0.3501,0.3225,0.6365,0.1459,IM
2,1.9,4.615,0.1142,0.4968,0.3288,0.3005,0.5932,0.1443,IM
2,1.85,4.625,0.1261,0.5427,0.345,0.3311,0.6542,0.1396,IM
3,1.85,4.5875,0.1124,0.4704,0.3884,0.3027,0.6391,0.1598,IM
3,1.85,4.61,0.1031,0.4332,0.3813,0.3066,0.5928,0.16,IM
2,1.9,4.595,0.1003,0.4281,0.385,0.2986,0.5991,0.1656,IM
2,1.85,4.58,0.1116,0.4691,0.3885,0.303,0.6615,0.1583,IM
4,1.9,4.7875,0.0435,0.195,0.103,0.1688,0.2448,0.1205,FCC
4,1.9,4.755,0.0417,0.1942,0.1027,0.1695,0.2443,0.1221,FCC
4,1.9,4.7225,0.0395,0.193,0.1021,0.1703,0.2438,0.1237,FCC
4,1.9,4.7475,0.0406,0.1928,0.1025,0.1697,0.2662,0.132,FCC
4,1.9,4.7575,0.036,0.1775,0.0837,0.168,0.2552,0.1336,FCC
4,1.85,4.765,0.0384,0.1805,0.0837,0.1765,0.2687,0.1313,FCC
3,1.9,4.8475,0.0379,0.1777,0.0816,0.1661,0.2779,0.1364,FCC
4,1.9,4.75,0.0349,0.1761,0.0834,0.1682,0.2762,0.1417,FCC
4,1.85,4.855,0.0385,0.1794,0.0802,0.1748,0.2895,0.1328,FCC
4,1.8,4.7975,0.0394,0.1817,0.0818,0.184,0.2978,0.1328,FCC
3,1.9,4.8725,0.0372,0.1768,0.0799,0.1656,0.297,0.1396,FCC
3,1.85,4.815,0.0378,0.179,0.0815,0.1756,0.3051,0.1393,FCC
4,1.85,4.75,0.0363,0.1784,0.0831,0.1768,0.3036,0.1433,FCC
4,1.8,4.79,0.0386,0.1811,0.0816,0.1842,0.3118,0.1367,FCC
3,1.8,4.7575,0.0382,0.1811,0.0827,0.1847,0.3108,0.1388,FCC
3,1.9,4.865,0.0365,0.176,0.0798,0.1657,0.3131,0.1427,FCC
4,1.85,4.905,0.0359,0.1771,0.0756,0.1738,0.3214,0.1351,FCC
3,1.85,4.84,0.0371,0.1781,0.0799,0.1751,0.3197,0.1397,FCC
4,1.85,4.8075,0.037,0.1781,0.0813,0.1757,0.3187,0.1419,FCC
4,1.85,4.775,0.0363,0.1778,0.0823,0.1763,0.3178,0.1441,FCC
3,1.85,4.7425,0.0352,0.1771,0.0829,0.1769,0.3169,0.1462,FCC
4,1.8,4.9125,0.0349,0.1776,0.0727,0.1821,0.327,0.1292,FCC
4,1.8,4.7175,0.0362,0.1797,0.083,0.1853,0.3206,0.1432,FCC
4,1.7,4.7,0.039,0.1845,0.0827,0.1998,0.3209,0.1341,FCC
4,1.9,4.89,0.0356,0.1751,0.0777,0.1652,0.3274,0.1417,FCC
1,1.9,4.8575,0.0357,0.1751,0.0796,0.1659,0.3265,0.144,FCC
2,1.9,4.825,0.0354,0.1748,0.081,0.1666,0.3256,0.1463,FCC
4,1.9,4.7925,0.0345,0.1741,0.082,0.1673,0.3247,0.1485,FCC
4,1.9,4.7275,0.0313,0.1714,0.0825,0.1687,0.3228,0.1527,FCC
3,1.85,4.8325,0.0364,0.1774,0.0797,0.1753,0.3306,0.1405,FCC
2,1.85,4.7675,0.0354,0.1767,0.0821,0.1765,0.3284,0.1451,FCC
4,1.85,4.735,0.0341,0.1758,0.0826,0.1771,0.3273,0.1474,FCC
4,1.8,4.905,0.0346,0.1774,0.0726,0.1822,0.3357,0.129,FCC
4,1.8,4.7425,0.0363,0.1792,0.0822,0.1849,0.3294,0.1416,FCC
2,1.8,4.71,0.0351,0.1785,0.0827,0.1854,0.3281,0.1439,FCC
4,1.75,4.75,0.0377,0.1816,0.0813,0.1923,0.3287,0.1352,FCC
4,1.75,4.7175,0.0372,0.1815,0.0823,0.1927,0.3271,0.1377,FCC
3,1.7,4.725,0.0385,0.1837,0.0814,0.1995,0.3228,0.1309,FCC
4,1.9,4.9475,0.0335,0.1737,0.0724,0.1639,0.3403,0.1363,FCC
2,1.9,4.915,0.0345,0.1742,0.0753,0.1646,0.3393,0.1389,FCC
2,1.9,4.8825,0.035,0.1743,0.0776,0.1654,0.3382,0.1413,FCC
2,1.9,4.85,0.035,0.1742,0.0794,0.1661,0.3372,0.1438,FCC
4,1.9,4.8175,0.0345,0.1736,0.0808,0.1668,0.3361,0.1462,FCC
3,1.9,4.785,0.0335,0.1727,0.0817,0.1675,0.335,0.1485,FCC
4,1.9,4.71,0.036,0.1844,0.1011,0.1707,0.3326,0.1469,FCC
3,1.85,4.89,0.035,0.1761,0.0753,0.1742,0.3409,0.1346,FCC
2,1.85,4.8575,0.0356,0.1765,0.0776,0.1748,0.3396,0.1372,FCC
2,1.85,4.825,0.0357,0.1765,0.0795,0.1754,0.3384,0.1397,FCC
4,1.85,4.7925,0.0353,0.1761,0.0809,0.176,0.3371,0.1422,FCC
4,1.85,4.7175,0.038,0.1895,0.1016,0.1794,0.3316,0.1403,FCC
3,1.85,4.76,0.0344,0.1754,0.0818,0.1766,0.3358,0.1447,FCC
2,1.85,4.7275,0.0331,0.1743,0.0823,0.1772,0.3345,0.1471,FCC
3,1.8,4.8975,0.0342,0.1771,0.0725,0.1824,0.3409,0.1272,FCC
2,1.8,4.735,0.0353,0.178,0.082,0.185,0.3333,0.1406,FCC
4,1.75,4.775,0.037,0.1807,0.0797,0.1919,0.3306,0.1308,FCC
1,1.9,4.5975,0.0377,0.176,0.0763,0.2569,0.1829,0.1573,FCC
4,1.9,4.585,0.0337,0.1718,0.0723,0.2449,0.1829,0.1507,FCC
1,1.9,4.6225,0.0389,0.176,0.0771,0.2569,0.2133,0.1746,FCC
1,1.9,4.485,0.0346,0.1718,0.0754,0.2776,0.2108,0.1882,FCC
1,1.9,4.6425,0.0376,0.1738,0.0746,0.2448,0.2138,0.1675,FCC
1,1.9,4.555,0.0357,0.1717,0.0772,0.2678,0.2591,0.2063,FCC
1,1.9,4.68,0.0359,0.1697,0.0716,0.2316,0.2629,0.1817,FCC
1,1.9,4.595,0.0324,0.168,0.0727,0.2448,0.2609,0.1917,FCC
4,1.9,4.5625,0.0309,0.1652,0.0709,0.2448,0.2603,0.1926,FCC
4,1.9,4.7725,0.0329,0.1626,0.0613,0.1842,0.2656,0.1528,FCC
4,1.9,4.74,0.0317,0.1619,0.062,0.1846,0.2651,0.1543,FCC
1,1.85,4.57,0.0336,0.1715,0.0729,0.249,0.272,0.1919,FCC
4,1.8,4.69,0.0339,0.1673,0.0624,0.1989,0.2874,0.1526,FCC
1,1.9,4.6,0.035,0.1702,0.0759,0.2568,0.2795,0.2062,FCC
1,1.9,4.6525,0.0361,0.1703,0.0741,0.2447,0.2812,0.1973,FCC
1,1.9,4.62,0.0337,0.1683,0.0734,0.2447,0.2805,0.1984,FCC
4,1.9,4.7975,0.0326,0.1619,0.0597,0.1838,0.2863,0.1578,FCC
4,1.9,4.765,0.0318,0.1614,0.061,0.1843,0.2857,0.1594,FCC
2,1.9,4.7325,0.0305,0.1605,0.0617,0.1847,0.2851,0.161,FCC
2,1.85,4.74,0.0328,0.1641,0.0612,0.1918,0.2957,0.158,FCC
2,1.85,4.7075,0.0316,0.1634,0.0618,0.1921,0.295,0.1596,FCC
4,1.9,4.855,0.0321,0.1611,0.0551,0.183,0.3051,0.1587,FCC
4,1.9,4.8225,0.0321,0.1611,0.0576,0.1835,0.3045,0.1605,FCC
4,1.9,4.79,0.0317,0.1608,0.0595,0.1839,0.3038,0.1622,FCC
2,1.9,4.7575,0.0308,0.1601,0.0607,0.1844,0.3031,0.164,FCC
4,1.9,4.725,0.0293,0.1589,0.0613,0.1848,0.3024,0.1657,FCC
4,1.8,4.7075,0.0328,0.1655,0.061,0.1987,0.3164,0.1597,FCC
4,1.9,4.7825,0.0307,0.1596,0.0592,0.184,0.3187,0.1649,FCC
4,1.9,4.75,0.0297,0.1586,0.0604,0.1845,0.3179,0.1667,FCC
2,1.9,4.7175,0.0282,0.1572,0.0609,0.1849,0.3171,0.1686,FCC
4,1.85,4.8225,0.032,0.1625,0.055,0.1909,0.3262,0.1583,FCC
2,1.85,4.7575,0.0316,0.1623,0.0593,0.1916,0.3243,0.1623,FCC
3,1.85,4.725,0.0307,0.1616,0.0605,0.1919,0.3233,0.1642,FCC
3,1.85,4.6925,0.0293,0.1604,0.0611,0.1923,0.3223,0.1661,FCC
4,1.8,4.7,0.0317,0.1643,0.0607,0.1988,0.3262,0.1614,FCC
4,1.75,4.7075,0.0334,0.1672,0.0596,0.2049,0.3276,0.1564,FCC
4,1.9,4.8075,0.0305,0.159,0.0571,0.1837,0.332,0.164,FCC
2,1.9,4.775,0.0298,0.1582,0.0589,0.1841,0.331,0.166,FCC
4,1.9,4.71,0.027,0.1554,0.0606,0.185,0.329,0.1699,FCC
4,1.85,4.8475,0.0309,0.1614,0.0516,0.1905,0.3373,0.1565,FCC
3,1.85,4.815,0.0313,0.1617,0.0548,0.1909,0.3362,0.1587,FCC
4,1.85,4.7825,0.0312,0.1616,0.0572,0.1913,0.335,0.1608,FCC
3,1.85,4.75,0.0307,0.161,0.059,0.1917,0.3339,0.1629,FCC
3,1.85,4.7175,0.0296,0.1601,0.0602,0.192,0.3327,0.165,FCC
4,1.8,4.8225,0.0314,0.1635,0.0517,0.1977,0.338,0.1529,FCC
2,1.8,4.7575,0.032,0.164,0.0574,0.1983,0.3353,0.1574,FCC
3,1.8,4.725,0.0316,0.1637,0.0592,0.1986,0.3339,0.1596,FCC
4,1.75,4.7975,0.032,0.1654,0.0518,0.2043,0.3354,0.1491,FCC
4,1.9,4.765,0.0386,0.209,0.2185,0.1988,0.3141,0.1433,FCC
4,1.9,4.7325,0.0371,0.2084,0.221,0.1994,0.3131,0.1455,FCC
4,1.85,4.74,0.0395,0.2111,0.2185,0.2069,0.3166,0.14,FCC
3,1.85,4.7075,0.0381,0.2106,0.221,0.2075,0.3154,0.1423,FCC
4,1.95,4.945,0.0381,0.2059,0.2041,0.1864,0.3259,0.1353,FCC
3,1.95,4.7825,0.0368,0.2057,0.2186,0.1902,0.321,0.1472,FCC
4,1.9,4.79,0.0388,0.2085,0.2159,0.1983,0.3245,0.1413,FCC
3,1.9,4.7575,0.0376,0.208,0.2186,0.1989,0.3233,0.1436,FCC
4,1.9,4.725,0.036,0.2072,0.2211,0.1996,0.3221,0.146,FCC
3,1.85,4.7325,0.0385,0.2101,0.2186,0.2071,0.3226,0.1398,FCC
1,1.95,4.615,0.0387,0.2069,0.2252,0.2657,0.1497,0.1373,FCC
1,1.95,4.555,0.0376,0.2053,0.2289,0.2778,0.1845,0.1652,FCC
1,1.95,4.6075,0.0375,0.2054,0.2253,0.2658,0.1854,0.158,FCC
1,1.95,4.5275,0.0378,0.205,0.2305,0.2889,0.2127,0.1878,FCC
4,1.9,4.69,0.0319,0.1953,0.2138,0.2149,0.307,0.1637,FCC
1,1.95,4.5875,0.0375,0.1464,0.1097,0.1967,0.187,0.1536,FCC
1,1.95,4.45,0.0324,0.1381,0.1019,0.2151,0.1842,0.1661,FCC
1,1.95,4.4925,0.0304,0.1258,0.0921,0.2021,0.167,0.1589,FCC
4,1.95,4.545,0.0323,0.1274,0.0939,0.1944,0.1679,0.1536,FCC
1,1.95,4.47,0.0316,0.1368,0.1012,0.2057,0.1849,0.1603,FCC
1,1.95,4.5325,0.0364,0.1539,0.1156,0.1929,0.2022,0.1519,FCC
2,1.95,4.565,0.0314,0.1248,0.0925,0.1841,0.1683,0.1475,FCC
1,1.95,4.575,0.0335,0.1413,0.1061,0.1837,0.187,0.1468,FCC
2,1.95,4.6175,0.0328,0.1247,0.0932,0.1729,0.1691,0.1407,FCC
2,1.95,4.5325,0.0283,0.1213,0.0896,0.1832,0.1679,0.1475,FCC
4,1.95,4.5425,0.0311,0.1378,0.1031,0.1832,0.1866,0.1471,FCC
2,1.95,4.585,0.0304,0.1221,0.091,0.1722,0.1687,0.1409,FCC
4,1.95,4.4475,0.0249,0.1137,0.0827,0.1913,0.1666,0.153,FCC
4,1.95,4.5,0.0253,0.1171,0.086,0.1823,0.1675,0.1474,FCC
3,1.95,4.5525,0.0275,0.1188,0.0882,0.1715,0.1683,0.1409,FCC
1,1.9,4.52,0.0338,0.132,0.0941,0.1947,0.1889,0.1583,FCC
1,1.9,4.55,0.035,0.1455,0.1063,0.1869,0.2055,0.1502,FCC
1,1.9,4.5175,0.0318,0.1424,0.1034,0.1863,0.2049,0.1506,FCC
4,1.9,4.56,0.0318,0.1266,0.0912,0.1744,0.1901,0.1451,FCC
1,1.95,4.685,0.038,0.1436,0.11,0.1704,0.2175,0.1546,FCC
1,1.95,4.4525,0.0343,0.1479,0.1124,0.2165,0.2248,0.1826,FCC
1,1.95,4.5375,0.0308,0.1244,0.0934,0.194,0.1996,0.1742,FCC
1,1.95,4.515,0.0316,0.1364,0.1036,0.1953,0.2141,0.1721,FCC
1,1.95,4.5575,0.0298,0.122,0.092,0.1838,0.2002,0.1678,FCC
1,1.95,4.5675,0.032,0.1385,0.1056,0.1835,0.2154,0.1645,FCC
1,1.95,4.61,0.0313,0.1223,0.0927,0.1726,0.2012,0.1605,FCC
4,1.95,4.4725,0.0259,0.1153,0.0866,0.192,0.1986,0.1746,FCC
4,1.95,4.525,0.0267,0.118,0.0891,0.1829,0.1997,0.1681,FCC
1,1.9,4.735,0.0356,0.1274,0.0946,0.1648,0.2211,0.1525,FCC
1,1.9,4.7025,0.0354,0.1272,0.0944,0.1642,0.2206,0.1532,FCC
1,1.9,4.6175,0.0346,0.1286,0.0946,0.1758,0.219,0.1625,FCC
1,1.9,4.67,0.0346,0.1265,0.0938,0.1635,0.2201,0.154,FCC
1,1.9,4.5325,0.0312,0.1267,0.0922,0.185,0.2172,0.1706,FCC
1,1.9,4.585,0.0327,0.1266,0.0929,0.175,0.2185,0.163,FCC
4,1.9,4.795,0.0307,0.1147,0.0874,0.1099,0.2227,0.1237,FCC
4,1.85,4.705,0.0316,0.1183,0.0875,0.1167,0.2376,0.1273,FCC
1,1.95,4.5425,0.0332,0.1274,0.0969,0.2036,0.2257,0.1957,FCC
1,1.95,4.52,0.0339,0.1392,0.1073,0.2066,0.2375,0.1922,FCC
1,1.95,4.6775,0.0368,0.1417,0.1097,0.1703,0.2419,0.1672,FCC
1,1.95,4.4875,0.0317,0.1345,0.104,0.2059,0.2368,0.1928,FCC
1,1.95,4.5075,0.0307,0.1329,0.1031,0.1951,0.2378,0.1859,FCC
4,1.95,4.705,0.0311,0.1312,0.1036,0.112,0.2436,0.1403,FCC
1,1.9,4.5175,0.0346,0.1321,0.0971,0.203,0.2393,0.1977,FCC
1,1.9,4.57,0.0358,0.1323,0.0976,0.1961,0.2409,0.1905,FCC
1,1.9,4.5375,0.0335,0.1297,0.0957,0.195,0.2403,0.1911,FCC
1,1.9,4.5575,0.0324,0.127,0.0941,0.1856,0.2412,0.1842,FCC
1,1.9,4.63,0.032,0.1233,0.0924,0.1626,0.2436,0.168,FCC
4,1.85,4.645,0.0376,0.1571,0.1184,0.1381,0.2751,0.1384,FCC
3,1.85,4.6975,0.0304,0.117,0.0872,0.1165,0.2594,0.1394,FCC
1,1.95,4.7775,0.033,0.1221,0.0938,0.1609,0.2544,0.1737,FCC
1,1.95,4.555,0.0307,0.122,0.095,0.1943,0.2489,0.2013,FCC
1,1.95,4.565,0.0337,0.1383,0.1085,0.1961,0.2593,0.1948,FCC
1,1.95,4.66,0.0325,0.1222,0.095,0.1734,0.252,0.185,FCC
1,1.95,4.67,0.0356,0.1396,0.1094,0.1701,0.2628,0.1767,FCC
1,1.95,4.7125,0.0322,0.1206,0.0937,0.16,0.2533,0.1759,FCC
1,1.95,4.5325,0.0317,0.1342,0.1058,0.1955,0.2586,0.1957,FCC
1,1.95,4.5425,0.0355,0.1486,0.1175,0.1928,0.2676,0.1879,FCC
1,1.95,4.575,0.0296,0.1195,0.0935,0.184,0.2499,0.1942,FCC
1,1.95,4.585,0.0321,0.1363,0.1073,0.1836,0.2604,0.1871,FCC
4,1.95,4.8375,0.0276,0.1092,0.0862,0.1007,0.2565,0.1451,FCC
1,1.95,4.5525,0.0303,0.1323,0.1048,0.1831,0.2597,0.1881,FCC
4,1.95,4.595,0.0285,0.1168,0.0919,0.1721,0.2508,0.1868,FCC
1,1.95,4.605,0.031,0.1341,0.106,0.1695,0.2615,0.1789,FCC
4,1.95,4.7725,0.0277,0.1089,0.0869,0.1006,0.2555,0.148,FCC
4,1.95,4.655,0.0313,0.1453,0.116,0.1211,0.2733,0.1494,FCC
4,1.95,4.6975,0.0298,0.1291,0.1033,0.1119,0.265,0.1497,FCC
2,1.95,4.74,0.027,0.1079,0.0866,0.1005,0.255,0.1494,FCC
1,1.9,4.7,0.0354,0.1286,0.0963,0.1775,0.2651,0.1833,FCC
1,1.9,4.7525,0.0338,0.1252,0.0939,0.1649,0.2667,0.1737,FCC
1,1.9,4.6675,0.0348,0.1277,0.0959,0.1767,0.2644,0.1843,FCC
1,1.9,4.635,0.0336,0.1263,0.0951,0.176,0.2637,0.1853,FCC
1,1.9,4.57,0.0298,0.1216,0.0921,0.1743,0.2623,0.1873,FCC
4,1.9,4.7475,0.0287,0.1125,0.087,0.1094,0.2682,0.1475,FCC
4,1.9,4.715,0.0281,0.1119,0.0868,0.1091,0.2676,0.149,FCC
1,1.85,4.6425,0.0357,0.1311,0.0961,0.1786,0.2741,0.1844,FCC
4,1.85,4.68,0.0337,0.1379,0.1047,0.1285,0.2851,0.1461,FCC
4,1.8,4.655,0.0348,0.1411,0.1048,0.1351,0.2916,0.1447,FCC
4,1.8,4.6975,0.0307,0.119,0.0873,0.1228,0.2875,0.1456,FCC
4,1.8,4.665,0.0303,0.1189,0.0871,0.1223,0.2866,0.1472,FCC
4,1.75,4.6725,0.0317,0.1219,0.0874,0.1279,0.2938,0.1442,FCC
4,1.75,4.64,0.0314,0.1221,0.0872,0.1272,0.2928,0.146,FCC
1,1.95,4.75,0.034,0.1245,0.0959,0.175,0.2738,0.19,FCC
1,1.95,4.7175,0.0336,0.1235,0.0959,0.1744,0.2731,0.1911,FCC
1,1.95,4.5275,0.0306,0.1209,0.0961,0.2028,0.2669,0.2175,FCC
1,1.95,4.685,0.0327,0.122,0.0955,0.1738,0.2725,0.1922,FCC
1,1.95,4.5475,0.0293,0.1187,0.0946,0.194,0.2681,0.2105,FCC
4,1.95,4.8625,0.0261,0.1077,0.0849,0.1007,0.278,0.1507,FCC
4,1.95,4.515,0.027,0.1139,0.092,0.193,0.2674,0.2114,FCC
4,1.95,4.83,0.0268,0.108,0.0859,0.1006,0.2774,0.1524,FCC
4,1.95,4.535,0.0254,0.1118,0.0906,0.1828,0.2685,0.2041,FCC
3,1.95,4.7975,0.0269,0.1079,0.0865,0.1006,0.2768,0.154,FCC
2,1.95,4.7225,0.0303,0.129,0.1041,0.1118,0.2842,0.1548,FCC
2,1.95,4.765,0.0266,0.1072,0.0866,0.1005,0.2762,0.1556,FCC
4,1.95,4.7325,0.0258,0.1059,0.0863,0.1004,0.2756,0.1571,FCC
1,1.9,4.7775,0.0326,0.124,0.0932,0.1652,0.2854,0.1794,FCC
1,1.9,4.6925,0.0345,0.1271,0.096,0.1772,0.2827,0.1907,FCC
1,1.9,4.5025,0.0317,0.1262,0.0963,0.2021,0.2752,0.2178,FCC
1,1.9,4.555,0.0331,0.1273,0.0969,0.1953,0.2775,0.2097,FCC
1,1.9,4.6075,0.0338,0.1272,0.0966,0.1868,0.2798,0.2011,FCC
1,1.9,4.68,0.0322,0.1225,0.0936,0.1634,0.2831,0.1833,FCC
2,1.9,4.7725,0.0278,0.1114,0.0866,0.1094,0.2873,0.1527,FCC
4,1.9,4.74,0.0276,0.111,0.0868,0.1092,0.2866,0.1543,FCC
4,1.9,4.6225,0.0312,0.1469,0.1158,0.1301,0.2956,0.1536,FCC
2,1.9,4.665,0.0297,0.1309,0.1031,0.1206,0.2918,0.1549,FCC
4,1.9,4.7075,0.0269,0.11,0.0865,0.1089,0.2859,0.1559,FCC
4,1.85,4.7475,0.0287,0.1146,0.0867,0.1169,0.2958,0.1511,FCC
4,1.85,4.715,0.0286,0.1145,0.0869,0.1165,0.2949,0.1528,FCC
3,1.85,4.64,0.0309,0.1348,0.1033,0.1282,0.2978,0.1532,FCC
3,1.85,4.6825,0.028,0.1139,0.0866,0.1161,0.2941,0.1545,FCC
1,1.8,4.695,0.0345,0.1298,0.0939,0.1701,0.2979,0.1786,FCC
1,1.8,4.61,0.0357,0.1329,0.0959,0.1793,0.2939,0.1904,FCC
1,1.8,4.6625,0.0346,0.1299,0.0941,0.1693,0.2969,0.18,FCC
3,1.8,4.69,0.0296,0.1178,0.087,0.1226,0.301,0.1511,FCC
4,1.8,4.6575,0.0291,0.1175,0.0868,0.122,0.3,0.1529,FCC
1,1.75,4.7025,0.0346,0.1318,0.0935,0.1727,0.302,0.1757,FCC
1,1.75,4.67,0.0353,0.1325,0.094,0.1717,0.3008,0.1772,FCC
4,1.95,4.7425,0.0331,0.1229,0.0957,0.1748,0.291,0.1958,FCC
1,1.95,4.71,0.0326,0.1217,0.0956,0.1742,0.2903,0.1971,FCC
1,1.95,4.5725,0.0306,0.1195,0.0963,0.1946,0.2852,0.2165,FCC
1,1.95,4.645,0.0301,0.1174,0.0943,0.1729,0.2887,0.1996,FCC
1,1.95,4.6975,0.0301,0.1165,0.0931,0.1596,0.2907,0.1898,FCC
4,1.95,4.56,0.0267,0.1128,0.0927,0.1834,0.2857,0.21,FCC
4,1.95,4.8225,0.0259,0.1067,0.0857,0.1006,0.2956,0.1574,FCC
4,1.95,4.79,0.026,0.1063,0.0862,0.1005,0.2949,0.1592,FCC
3,1.95,4.715,0.0291,0.1268,0.1038,0.1118,0.3,0.1593,FCC
3,1.95,4.7575,0.0255,0.1052,0.0863,0.1004,0.2942,0.1609,FCC
2,1.95,4.725,0.0246,0.1036,0.086,0.1003,0.2935,0.1625,FCC
1,1.9,4.665,0.0352,0.1288,0.0979,0.1883,0.2958,0.2045,FCC
1,1.9,4.58,0.034,0.1276,0.0981,0.196,0.2922,0.2149,FCC
1,1.9,4.685,0.0335,0.1254,0.0958,0.1769,0.2974,0.1961,FCC
1,1.9,4.7375,0.0321,0.1226,0.0935,0.1644,0.2998,0.1857,FCC
4,1.9,4.5475,0.0318,0.1245,0.0965,0.1949,0.2912,0.216,FCC
1,1.9,4.6525,0.0326,0.1239,0.0953,0.1761,0.2965,0.1974,FCC
1,1.9,4.705,0.0318,0.1219,0.0936,0.1638,0.2989,0.1872,FCC
4,1.9,4.83,0.0261,0.1097,0.0848,0.1097,0.3047,0.1536,FCC
2,1.9,4.7975,0.0267,0.1101,0.0858,0.1095,0.3039,0.1554,FCC
4,1.9,4.69,0.0302,0.1308,0.1039,0.1206,0.306,0.1572,FCC
3,1.9,4.6575,0.0284,0.1286,0.1028,0.1206,0.305,0.159,FCC
4,1.9,4.7,0.0257,0.108,0.0861,0.1088,0.3014,0.1608,FCC
1,1.85,4.68,0.0327,0.1253,0.0937,0.1668,0.304,0.1857,FCC
4,1.85,4.6975,0.0325,0.1358,0.1048,0.1284,0.3106,0.1529,FCC
4,1.85,4.665,0.0313,0.1345,0.1041,0.1282,0.3095,0.1548,FCC
3,1.85,4.7075,0.0275,0.113,0.0866,0.1163,0.3081,0.157,FCC
1,1.95,4.735,0.0323,0.1212,0.0954,0.1746,0.3055,0.1999,FCC
4,1.95,4.5975,0.0317,0.1201,0.0976,0.1952,0.2995,0.2204,FCC
1,1.95,4.65,0.0321,0.1205,0.0968,0.1855,0.3021,0.2111,FCC
2,1.95,4.8475,0.0247,0.1054,0.0845,0.1005,0.3119,0.1587,FCC
2,1.95,4.815,0.0251,0.1052,0.0855,0.1005,0.3111,0.1606,FCC
3,1.95,4.74,0.0294,0.1267,0.1043,0.1116,0.314,0.1601,FCC
3,1.95,4.7825,0.025,0.1045,0.086,0.1004,0.3103,0.1625,FCC
1,1.95,4.675,0.0259,0.1215,0.1023,0.1118,0.312,0.1639,FCC
2,1.95,4.7175,0.0234,0.1011,0.0857,0.1001,0.3086,0.1661,FCC
1,1.9,4.73,0.0313,0.1211,0.0932,0.1642,0.312,0.1891,FCC
4,1.9,4.8225,0.0253,0.1087,0.0846,0.1096,0.318,0.1561,FCC
3,1.9,4.79,0.0259,0.1088,0.0856,0.1094,0.317,0.1581,FCC
3,1.9,4.7575,0.0259,0.1084,0.0861,0.1092,0.3161,0.16,FCC
2,1.9,4.6825,0.029,0.1286,0.1036,0.1205,0.3163,0.1594,FCC
3,1.9,4.725,0.0254,0.1074,0.0862,0.1089,0.3151,0.1619,FCC
3,1.9,4.6925,0.0245,0.1058,0.0858,0.1086,0.3141,0.1638,FCC
3,1.85,4.765,0.0266,0.1121,0.0857,0.1169,0.3206,0.1553,FCC
3,1.85,4.69,0.0314,0.1341,0.1045,0.1283,0.3181,0.1544,FCC
2,1.85,4.7325,0.0268,0.112,0.0862,0.1165,0.3195,0.1573,FCC
3,1.85,4.7,0.0264,0.1114,0.0863,0.1161,0.3183,0.1593,FCC
3,1.8,4.7075,0.0277,0.1154,0.0864,0.1227,0.32,0.1544,FCC
4,1.95,4.905,0.0219,0.1033,0.0812,0.1004,0.3267,0.156,FCC
2,1.95,4.8075,0.0243,0.1035,0.0853,0.1004,0.3239,0.1622,FCC
2,1.95,4.7325,0.0283,0.1244,0.104,0.1116,0.3241,0.1612,FCC
4,1.95,4.775,0.0241,0.1025,0.0857,0.1003,0.323,0.1642,FCC
2,1.95,4.7,0.0267,0.1218,0.1032,0.1117,0.323,0.1632,FCC
4,1.95,4.7425,0.0234,0.1008,0.0858,0.1002,0.322,0.1661,FCC
4,1.95,4.71,0.0222,0.0983,0.0853,0.1,0.321,0.168,FCC
3,1.9,4.8475,0.0237,0.1072,0.0831,0.1096,0.3295,0.1549,FCC
3,1.9,4.815,0.0246,0.1075,0.0844,0.1095,0.3284,0.157,FCC
3,1.9,4.74,0.0304,0.1301,0.1045,0.1205,0.3259,0.1558,FCC
1,1.9,4.7075,0.0293,0.1285,0.1041,0.1205,0.3246,0.1579,FCC
4,1.9,4.75,0.025,0.1066,0.0858,0.109,0.3261,0.1612,FCC
2,1.9,4.7175,0.0244,0.1053,0.0859,0.1087,0.325,0.1632,FCC
4,1.85,4.855,0.0242,0.109,0.0814,0.1177,0.3318,0.1492,FCC
4,1.85,4.79,0.0253,0.1108,0.0845,0.1171,0.3292,0.1537,FCC
2,1.85,4.715,0.0313,0.1336,0.1046,0.1283,0.3233,0.1522,FCC
4,1.85,4.7575,0.0258,0.1109,0.0855,0.1167,0.3278,0.1559,FCC
3,1.85,4.725,0.0258,0.1105,0.086,0.1163,0.3264,0.158,FCC
4,1.8,4.7975,0.0252,0.1129,0.0833,0.124,0.3282,0.1478,FCC
3,1.8,4.765,0.026,0.1138,0.0846,0.1235,0.3266,0.1501,FCC
1,1.95,4.5125,0.0375,0.2136,0.1526,0.2154,0.2052,0.1558,FCC
1,1.95,4.5525,0.0364,0.1871,0.0864,0.2097,0.2272,0.1678,FCC
1,1.95,4.605,0.0375,0.1871,0.087,0.1981,0.2278,0.1608,FCC
1,1.95,4.5725,0.0346,0.1853,0.0848,0.1977,0.2275,0.1612,FCC
1,1.95,4.54,0.0331,0.183,0.082,0.1973,0.2272,0.1615,FCC
1,1.95,4.4925,0.0349,0.184,0.0843,0.2194,0.2521,0.1908,FCC
1,1.95,4.5325,0.0324,0.1809,0.0814,0.1971,0.253,0.1777,FCC
1,1.95,4.5175,0.036,0.1846,0.087,0.2199,0.2749,0.2032,FCC
1,1.95,4.505,0.033,0.1801,0.0824,0.2087,0.275,0.1971,FCC
1,1.95,4.525,0.0316,0.1786,0.0809,0.1969,0.2757,0.1901,FCC
2,1.7,4.486,0.0985,0.482,0.309,0.2241,0.6118,0.1428,IM
3,1.75,4.465,0.0917,0.5257,0.3422,0.2053,0.6904,0.1312,IM
2,1.7,4.4785,0.0931,0.5343,0.3143,0.2087,0.6669,0.1365,IM
3,1.75,4.4735,0.0973,0.5211,0.3184,0.2101,0.6503,0.1381,IM
3,1.75,4.5035,0.0959,0.4738,0.3092,0.2126,0.6179,0.1452,IM
2,1.8,4.477,0.1027,0.4981,0.2974,0.2129,0.5894,0.1447,IM
2,1.7,4.4895,0.1055,0.525,0.29,0.2254,0.6245,0.1362,IM
3,1.7,4.512,0.1004,0.533,0.2855,0.2126,0.6475,0.1364,IM
2,1.8,4.4935,0.1013,0.5084,0.3193,0.2076,0.6446,0.1329,IM
3,1.7,4.5275,0.0981,0.4947,0.3279,0.2179,0.6915,0.1235,IM
4,1.7,4.5145,0.107,0.5272,0.2867,0.2243,0.6442,0.1301,IM
3,1.7,4.536,0.1013,0.4867,0.304,0.2221,0.652,0.1317,IM
2,1.7,4.537,0.1019,0.5359,0.2821,0.2114,0.6691,0.1292,IM
2,1.75,4.532,0.1044,0.5199,0.287,0.2126,0.6503,0.131,IM
2,1.75,4.5535,0.0987,0.4791,0.3041,0.2105,0.6581,0.1324,IM
2,1.75,4.562,0.1009,0.4707,0.2787,0.2148,0.6185,0.1396,IM
3,1.7,4.548,0.1108,0.5195,0.2558,0.2276,0.6243,0.13,IM
2,1.8,4.49,0.0886,0.4368,0.2728,0.1977,0.7194,0.1422,IM
2,1.85,4.555,0.1161,0.5162,0.3295,0.3012,0.6069,0.1476,IM
2,1.85,4.55,0.1256,0.5685,0.3155,0.2948,0.6631,0.1369,IM
4,1.85,4.58,0.117,0.5168,0.3251,0.3003,0.6292,0.1439,IM
3,1.85,4.6075,0.1252,0.5593,0.3412,0.3174,0.6914,0.1403,IM
2,1.8,4.61,0.1214,0.5394,0.3117,0.2956,0.6629,0.1369,IM
2,1.85,4.605,0.1179,0.5174,0.3206,0.2994,0.6512,0.1385,IM
3,1.75,4.525,0.1146,0.5012,0.316,0.2688,0.7058,0.148,IM
4,1.7,4.575,0.1111,0.5014,0.3031,0.258,0.6904,0.1513,IM
3,1.8,4.5425,0.1125,0.4957,0.3161,0.2583,0.712,0.148,IM
2,1.75,4.5725,0.1104,0.4677,0.3066,0.2724,0.6805,0.1467,IM
2,1.85,4.585,0.1115,0.4969,0.3816,0.278,0.7182,0.1565,IM
2,1.7,4.625,0.1133,0.5104,0.3582,0.2831,0.6968,0.1517,IM
3,1.75,4.595,0.1113,0.4837,0.3037,0.2606,0.703,0.1452,IM
4,1.8,4.59,0.1086,0.463,0.3068,0.2622,0.6866,0.1469,IM
3,1.7,4.51,0.1129,0.5898,0.332,0.2555,0.6274,0.1346,IM
4,1.7,4.5325,0.1143,0.56,0.3241,0.2656,0.5826,0.1399,IM
2,1.7,4.545,0.112,0.5167,0.2953,0.2611,0.5803,0.1467,IM
4,1.75,4.5275,0.1101,0.581,0.3323,0.2436,0.6335,0.135,IM
4,1.75,4.55,0.1117,0.5523,0.3244,0.2541,0.5886,0.1412,IM
3,1.7,4.57,0.1133,0.5185,0.292,0.2601,0.6006,0.1407,IM
4,1.75,4.575,0.1131,0.5548,0.3207,0.2529,0.6086,0.1336,IM
2,1.85,4.469,0.1231,0.5619,0.3579,0.3057,0.6397,0.1409,IM
4,1.9,4.5165,0.1127,0.5063,0.3666,0.3002,0.6128,0.1491,IM
1,1.95,4.582,0.0434,0.1899,0.1925,0.1327,0.3993,0.1798,BCC+FCC
4,1.9,4.6165,0.0327,0.1586,0.1429,0.1233,0.3402,0.1615,FCC
4,1.85,4.634,0.0312,0.1482,0.1333,0.1197,0.3421,0.1614,FCC
1,1.95,4.607,0.0442,0.1912,0.1945,0.1326,0.4056,0.1772,BCC+FCC
1,1.95,4.652,0.0441,0.1913,0.1956,0.1089,0.4113,0.1614,BCC+FCC
4,1.85,4.684,0.0323,0.148,0.1346,0.12,0.354,0.1575,FCC
2,1.85,4.4975,0.118,0.5429,0.3405,0.3002,0.5981,0.1487,IM
2,1.8,4.6125,0.1224,0.5415,0.3555,0.3265,0.6951,0.1342,IM
2,1.75,4.62,0.1253,0.5458,0.3506,0.3353,0.7123,0.1255,IM
2,1.85,4.5175,0.1177,0.5163,0.361,0.3071,0.6455,0.1485,IM
2,1.85,4.51,0.1205,0.533,0.3459,0.3079,0.6328,0.1448,IM
2,1.9,4.565,0.105,0.4599,0.3666,0.3012,0.6184,0.1567,IM
3,1.8,4.6075,0.1203,0.5107,0.3836,0.3403,0.7207,0.1391,IM
3,1.85,4.65,0.0314,0.1748,0.0846,0.1963,0.323,0.1634,FCC
3,1.8,4.6575,0.0349,0.1797,0.0853,0.2031,0.3243,0.1584,FCC
3,1.9,4.6675,0.03,0.1692,0.0841,0.1887,0.3296,0.1669,FCC
2,1.85,4.675,0.0326,0.175,0.0848,0.196,0.3307,0.1616,FCC
3,1.6,4.5735,0.1131,0.5094,0.2979,0.2406,0.62,0.1251,IM
3,1.75,4.571,0.1062,0.5402,0.309,0.2052,0.6503,0.1297,IM
4,1.75,4.612,0.1125,0.5355,0.2796,0.2084,0.6101,0.1328,IM
3,1.75,4.585,0.0997,0.4964,0.3254,0.204,0.6782,0.1264,IM
3,1.7,4.5985,0.1013,0.5054,0.2979,0.2091,0.6547,0.1324,IM
3,1.7,4.5795,0.1124,0.5363,0.2797,0.2213,0.6443,0.1241,IM
3,1.7,4.601,0.1067,0.4963,0.2984,0.2192,0.6521,0.1257,IM
2,1.75,4.5775,0.0983,0.4928,0.3255,0.2045,0.6977,0.12,IM
2,1.75,4.6185,0.1042,0.4899,0.2985,0.2074,0.6582,0.1263,IM
3,1.7,4.5685,0.099,0.4688,0.2614,0.2131,0.7372,0.128,IM
3,1.7,4.64,0.122,0.6009,0.2875,0.263,0.5811,0.1431,IM
2,1.8,4.7275,0.1263,0.556,0.3286,0.2972,0.562,0.146,IM
3,1.8,4.6675,0.1321,0.5878,0.3254,0.3072,0.6181,0.1409,IM
2,1.8,4.72,0.1253,0.5544,0.3289,0.2977,0.5878,0.1476,IM
3,1.8,4.66,0.1311,0.5864,0.3257,0.3077,0.6436,0.1407,IM
3,1.75,4.685,0.1223,0.5702,0.3245,0.2905,0.6125,0.1485,IM
3,1.8,4.7125,0.1242,0.5527,0.3292,0.2982,0.6135,0.1476,IM
3,1.85,4.74,0.1239,0.5329,0.3338,0.3047,0.613,0.1467,IM
3,1.7,4.6275,0.1247,0.5833,0.2926,0.2827,0.6501,0.1367,IM
4,1.8,4.705,0.1231,0.5509,0.3295,0.2986,0.6393,0.1462,IM
3,1.7,4.62,0.1214,0.5353,0.3678,0.2901,0.7103,0.1485,IM
3,1.6,4.5975,0.1194,0.5179,0.2967,0.2769,0.7015,0.1402,IM
3,1.6,4.5675,0.126,0.5732,0.2953,0.2711,0.5713,0.1372,IM
3,1.75,4.5825,0.1241,0.5785,0.3081,0.2461,0.5907,0.1439,IM
2,1.65,4.585,0.1234,0.5683,0.2956,0.2601,0.5774,0.1405,IM
3,1.6,4.515,0.1228,0.6124,0.3273,0.2761,0.595,0.1323,IM
3,1.75,4.5825,0.1174,0.5984,0.3278,0.2402,0.5708,0.1435,IM
2,1.7,4.5125,0.1136,0.6389,0.3479,0.2525,0.5888,0.1349,IM
2,1.7,4.5575,0.1187,0.6024,0.3277,0.2528,0.5862,0.1392,IM
2,1.75,4.575,0.1228,0.5762,0.3082,0.2466,0.6103,0.141,IM
3,1.65,4.5325,0.12,0.6061,0.3276,0.2649,0.601,0.1345,IM
3,1.65,4.5775,0.1221,0.5661,0.2957,0.2606,0.5986,0.1388,IM
4,1.75,4.575,0.1159,0.5951,0.328,0.2408,0.5922,0.141,IM
2,1.7,4.505,0.1121,0.6349,0.3482,0.2531,0.6093,0.1314,IM
3,1.7,4.55,0.1173,0.5992,0.3279,0.2533,0.6071,0.1361,IM
3,1.7,4.595,0.1196,0.5604,0.296,0.2492,0.6047,0.1405,IM
3,1.7,4.605,0.121,0.5724,0.3159,0.2618,0.5618,0.1373,IM
2,1.65,4.57,0.1208,0.5637,0.2959,0.261,0.6193,0.1356,IM
4,1.6,4.6,0.1228,0.5362,0.2842,0.2786,0.5885,0.1323,IM
3,1.75,4.5675,0.1145,0.5916,0.3282,0.2413,0.6131,0.1371,IM
3,1.75,4.6225,0.1185,0.5662,0.3162,0.2502,0.5678,0.1393,IM
2,1.7,4.5875,0.1183,0.5578,0.2961,0.2496,0.6253,0.1366,IM
3,1.7,4.5975,0.1197,0.5698,0.3161,0.2623,0.5825,0.1345,IM
3,1.6,4.59,0.1176,0.5479,0.2827,0.2634,0.6109,0.1351,IM
3,1.7,4.58,0.117,0.555,0.2963,0.2501,0.6454,0.1313,IM
2,1.7,4.5925,0.1251,0.5735,0.2033,0.2234,0.6151,0.1311,IM
3,1.55,4.6075,0.1324,0.5872,0.3544,0.3346,0.621,0.1264,IM
2,1.85,4.61,0.1385,0.6308,0.3362,0.34,0.6542,0.1233,IM
3,1.8,4.6925,0.1332,0.5529,0.3915,0.3571,0.5648,0.1337,IM
3,1.85,4.5975,0.1228,0.5562,0.3674,0.3188,0.7087,0.1205,IM
3,1.7,4.5635,0.1036,0.5271,0.3713,0.2554,0.7297,0.1255,IM
3,1.7,4.5445,0.1151,0.5574,0.3475,0.2672,0.7239,0.1165,IM
2,1.7,4.5995,0.1125,0.5082,0.3464,0.2705,0.7115,0.1177,IM
3,1.6,4.582,0.1026,0.4897,0.3567,0.2648,0.7249,0.1394,IM
3,1.6,4.531,0.0971,0.5252,0.2985,0.2298,0.6913,0.1204,IM
3,1.7,4.5205,0.1043,0.6112,0.3021,0.2337,0.6334,0.1206,IM
3,1.7,4.5755,0.1075,0.5678,0.3035,0.2421,0.6215,0.1221,IM
3,1.7,4.492,0.0895,0.532,0.3067,0.1974,0.674,0.1182,IM
3,1.7,4.527,0.0965,0.5365,0.293,0.204,0.6822,0.1194,IM
3,1.65,4.5735,0.0994,0.4881,0.2936,0.2209,0.7049,0.1239,IM
3,1.65,4.61,0.1222,0.5689,0.3104,0.296,0.695,0.1186,IM
3,1.7,4.625,0.1274,0.5678,0.3413,0.3271,0.7212,0.1236,IM
2,1.6,4.5975,0.1145,0.5396,0.3523,0.2902,0.7322,0.1245,IM
2,1.6,4.5875,0.1126,0.5263,0.2895,0.2684,0.7199,0.122,IM
3,1.75,4.58,0.1185,0.653,0.3069,0.2755,0.6098,0.133,IM
2,1.8,4.6325,0.1231,0.6274,0.3319,0.2988,0.6191,0.1383,IM
2,1.8,4.62,0.1296,0.6205,0.3241,0.3137,0.6077,0.1231,IM
2,1.7,4.6225,0.1234,0.5806,0.2839,0.2832,0.6133,0.1247,IM
2,1.8,4.575,0.1033,0.5086,0.3685,0.2768,0.6639,0.117,IM
2,1.75,4.57,0.114,0.5693,0.3303,0.2769,0.6783,0.1247,IM
4,1.8,4.61,0.1079,0.5053,0.3538,0.2825,0.6722,0.1187,IM
3,1.8,4.6225,0.1148,0.5408,0.366,0.3045,0.6923,0.1301,IM
2,1.7,4.52,0.0962,0.5056,0.3346,0.2371,0.7128,0.133,IM
2,1.7,4.59,0.1084,0.5068,0.3103,0.2498,0.7297,0.134,IM
3,1.7,4.6025,0.1031,0.4783,0.313,0.2502,0.6967,0.1324,IM
3,1.7,4.6275,0.104,0.4855,0.371,0.2772,0.6824,0.1408,IM
4,1.75,4.58,0.1099,0.4904,0.3685,0.3246,0.6958,0.1776,IM
2,1.7,4.6075,0.1143,0.4973,0.3627,0.3162,0.7134,0.1589,IM
3,1.8,4.6,0.1086,0.4715,0.371,0.3278,0.7136,0.1731,IM
2,1.65,4.5925,0.1204,0.5451,0.2885,0.268,0.7067,0.1303,IM
3,1.65,4.585,0.1226,0.5622,0.2784,0.2686,0.6942,0.1277,IM
2,1.6,4.62,0.1182,0.5319,0.2731,0.2704,0.6676,0.135,IM
2,1.7,4.5725,0.1064,0.557,0.2725,0.2365,0.5664,0.1182,IM
2,1.7,4.51,0.096,0.5616,0.3429,0.2278,0.6098,0.1294,IM
2,1.7,4.5225,0.0935,0.5351,0.3456,0.2306,0.5775,0.1258,IM
3,1.7,4.5075,0.0985,0.6008,0.348,0.2335,0.5992,0.1305,IM
2,1.7,4.5575,0.0999,0.5403,0.3314,0.2384,0.5855,0.1278,IM
2,1.7,4.605,0.1014,0.5153,0.3196,0.248,0.5612,0.1261,IM
3,1.7,4.5675,0.1071,0.4746,0.2439,0.2859,0.6189,0.1672,IM
3,1.6,4.5725,0.1115,0.5712,0.2733,0.2459,0.6168,0.1344,IM
3,1.8,4.605,0.1311,0.6277,0.3506,0.3241,0.6706,0.1189,IM
3,1.85,4.7245,0.0916,0.3819,0.4074,0.2814,0.5198,0.1591,IM
3,1.85,4.692,0.0896,0.3779,0.4109,0.2828,0.5202,0.1609,IM
2,1.8,4.722,0.0944,0.4008,0.4016,0.2788,0.5462,0.1607,IM
2,1.85,4.7495,0.0926,0.3832,0.404,0.2805,0.5446,0.1599,IM
3,1.85,4.717,0.0906,0.3794,0.4076,0.2818,0.545,0.1618,IM
3,1.8,4.7195,0.0869,0.3564,0.34,0.2488,0.5217,0.1593,IM
2,1.85,4.758,0.0894,0.3702,0.3813,0.2845,0.5016,0.1589,IM
2,1.85,4.7145,0.0811,0.3327,0.3433,0.2459,0.5151,0.1605,IM
2,1.8,4.747,0.0956,0.4025,0.3981,0.2778,0.5711,0.1597,IM
2,1.9,4.7395,0.0954,0.403,0.4461,0.3069,0.5896,0.1636,IM
2,1.85,4.742,0.0916,0.3808,0.4042,0.2809,0.5696,0.1609,IM
3,1.85,4.7095,0.0896,0.3768,0.4078,0.2822,0.5701,0.163,IM
4,1.9,4.737,0.086,0.3575,0.4101,0.2819,0.5659,0.1622,IM
3,1.85,4.7505,0.0886,0.368,0.3815,0.2849,0.5269,0.1617,IM
2,1.8,4.6885,0.0885,0.3706,0.3167,0.2258,0.5488,0.1505,IM
2,1.75,4.5895,0.0693,0.3338,0.2607,0.1803,0.5215,0.1346,IM
2,1.85,4.4665,0.0903,0.5172,0.3703,0.1866,0.636,0.1443,IM
2,1.9,4.4725,0.1022,0.5511,0.3558,0.1855,0.6042,0.1412,IM
2,1.85,4.486,0.1037,0.56,0.3279,0.1919,0.5887,0.1426,IM
2,1.8,4.469,0.0841,0.4752,0.3592,0.1924,0.6201,0.1506,IM
4,1.85,4.475,0.0957,0.5125,0.3479,0.1915,0.5964,0.1473,IM
4,1.85,4.4965,0.0907,0.4712,0.3586,0.1879,0.604,0.1497,IM
3,1.8,4.51,0.0922,0.4802,0.3348,0.1956,0.5788,0.15,IM
3,1.9,4.5025,0.1008,0.5031,0.3482,0.1859,0.5745,0.1464,IM
2,1.85,4.516,0.1026,0.5121,0.3217,0.1946,0.5564,0.1464,IM
3,1.8,4.4725,0.0901,0.5209,0.3448,0.1926,0.6342,0.1451,IM
2,1.75,4.486,0.0915,0.5294,0.3172,0.1959,0.6053,0.1467,IM
2,1.8,4.5135,0.0988,0.5244,0.3182,0.196,0.5933,0.1458,IM
4,1.9,4.506,0.1079,0.5456,0.3294,0.1891,0.5841,0.141,IM
2,1.85,4.5195,0.1097,0.5546,0.2996,0.1957,0.5692,0.1424,IM
3,1.85,4.582,0.1089,0.5098,0.2908,0.1965,0.5369,0.1441,IM
2,1.85,4.487,0.1069,0.5491,0.3031,0.1974,0.5692,0.1447,IM
2,1.85,4.53,0.0956,0.4676,0.3345,0.1913,0.5844,0.1496,IM
3,1.85,4.571,0.1002,0.4647,0.3089,0.1941,0.5445,0.149,IM
3,1.85,4.476,0.0985,0.5023,0.3247,0.1967,0.5768,0.1494,IM
3,1.75,4.511,0.0932,0.5334,0.3142,0.1946,0.628,0.1435,IM
3,1.8,4.517,0.1054,0.5678,0.2944,0.1951,0.6072,0.1404,IM
3,1.8,4.5385,0.1003,0.5273,0.3152,0.1948,0.6147,0.1425,IM
3,1.8,4.5795,0.1071,0.5256,0.2865,0.1982,0.5739,0.1434,IM
3,1.8,4.601,0.1015,0.485,0.3038,0.1964,0.5813,0.1457,IM
4,1.8,4.465,0.0886,0.5156,0.3449,0.1931,0.6555,0.1429,IM
2,1.85,4.471,0.1009,0.5521,0.3282,0.1929,0.6276,0.1401,IM
4,1.85,4.4925,0.0958,0.5114,0.3455,0.1908,0.6354,0.1419,IM
3,1.8,4.506,0.0974,0.5202,0.3183,0.1965,0.6148,0.145,IM
2,1.8,4.547,0.1044,0.5201,0.2899,0.1998,0.574,0.1457,IM
4,1.8,4.5685,0.0987,0.4793,0.3065,0.198,0.5815,0.148,IM
3,1.85,4.5745,0.1077,0.5072,0.291,0.1969,0.5572,0.1448,IM
2,1.8,4.495,0.0894,0.4709,0.335,0.1965,0.6224,0.1495,IM
2,1.85,4.501,0.0999,0.505,0.322,0.1955,0.5965,0.1465,IM
2,1.8,4.536,0.096,0.473,0.3091,0.1996,0.5816,0.1503,IM
4,1.85,4.5635,0.099,0.4616,0.309,0.1945,0.5648,0.1494,IM
3,1.85,4.5095,0.1028,0.4973,0.2973,0.2001,0.5572,0.1493,IM
3,1.85,4.5935,0.0927,0.4098,0.2933,0.1927,0.5326,0.1536,IM
2,1.75,4.536,0.0948,0.5372,0.3111,0.1933,0.6505,0.1386,IM
2,1.75,4.577,0.1034,0.539,0.2818,0.197,0.6087,0.1409,IM
4,1.75,4.5985,0.0984,0.4983,0.3008,0.197,0.6161,0.1429,IM
3,1.85,4.591,0.1068,0.5185,0.3132,0.1911,0.6157,0.1364,IM
2,1.8,4.49,0.0903,0.5198,0.3423,0.1919,0.6763,0.1366,IM
2,1.75,4.5445,0.1005,0.5322,0.2854,0.1988,0.6089,0.1434,IM
4,1.75,4.566,0.0954,0.4912,0.3036,0.1988,0.6163,0.1454,IM
3,1.85,4.537,0.1098,0.5536,0.2964,0.195,0.6078,0.1373,IM
3,1.8,4.572,0.1058,0.5224,0.2867,0.1987,0.5953,0.1424,IM
2,1.8,4.5935,0.1001,0.4817,0.3039,0.1969,0.6028,0.1444,IM
2,1.85,4.5995,0.109,0.5088,0.2879,0.1958,0.5769,0.1414,IM
2,1.8,4.613,0.111,0.5179,0.2556,0.2019,0.5546,0.1432,IM
2,1.85,4.485,0.0944,0.507,0.3456,0.1913,0.6537,0.1383,IM
3,1.8,4.4985,0.096,0.5158,0.3185,0.197,0.6359,0.1428,IM
4,1.8,4.561,0.0974,0.4757,0.3066,0.1985,0.6029,0.1469,IM
2,1.85,4.567,0.1066,0.5044,0.2911,0.1974,0.5768,0.1439,IM
3,1.8,4.5805,0.1085,0.5135,0.2594,0.2036,0.5547,0.1455,IM
3,1.85,4.608,0.11,0.4981,0.2607,0.2004,0.5375,0.1446,IM
2,1.85,4.5345,0.1041,0.4995,0.2943,0.199,0.5767,0.1463,IM
4,1.85,4.556,0.0978,0.4584,0.3091,0.195,0.5844,0.1484,IM
3,1.85,4.5755,0.1078,0.4944,0.2643,0.2019,0.5375,0.1469,IM
4,1.85,4.597,0.1008,0.4536,0.2816,0.1977,0.5452,0.1493,IM
3,1.85,4.586,0.0917,0.4068,0.2933,0.1931,0.5528,0.1538,IM
3,1.75,4.5695,0.102,0.5351,0.282,0.1975,0.6312,0.1385,IM
3,1.85,4.6245,0.1103,0.5103,0.2847,0.1947,0.5958,0.1363,IM
3,1.8,4.5235,0.0975,0.5191,0.3155,0.1958,0.6564,0.1365,IM
2,1.85,4.551,0.1028,0.5101,0.3164,0.1933,0.6338,0.1354,IM
2,1.8,4.5645,0.1045,0.5191,0.2869,0.1992,0.6163,0.1401,IM
2,1.8,4.586,0.0988,0.4783,0.3041,0.1974,0.6239,0.1418,IM
4,1.75,4.5995,0.1006,0.4874,0.275,0.2026,0.5972,0.1453,IM
3,1.85,4.592,0.1078,0.5062,0.288,0.1963,0.5957,0.139,IM
2,1.8,4.6055,0.1098,0.5153,0.2558,0.2024,0.576,0.1423,IM
4,1.85,4.5185,0.1,0.504,0.3194,0.1949,0.6336,0.1382,IM
2,1.75,4.567,0.0979,0.4809,0.2782,0.2043,0.5974,0.1478,IM
2,1.85,4.5595,0.1054,0.5015,0.2913,0.1979,0.5956,0.1417,IM
4,1.85,4.581,0.0991,0.4606,0.3067,0.1939,0.6034,0.1434,IM
3,1.85,4.527,0.1029,0.4963,0.2945,0.1995,0.5955,0.1443,IM
2,1.85,4.568,0.1067,0.4918,0.2645,0.2024,0.557,0.1462,IM
4,1.85,4.5895,0.0998,0.4509,0.2817,0.1981,0.5647,0.1482,IM
2,1.75,4.5835,0.0955,0.4902,0.301,0.1981,0.661,0.1362,IM
2,1.75,4.603,0.1077,0.5304,0.2504,0.2016,0.612,0.1384,IM
3,1.8,4.557,0.1032,0.5156,0.287,0.1997,0.6366,0.1364,IM
3,1.8,4.5785,0.0975,0.4746,0.3042,0.1978,0.6443,0.1379,IM
3,1.75,4.592,0.0993,0.4837,0.2752,0.2031,0.6196,0.1428,IM
3,1.85,4.5845,0.1066,0.5034,0.2882,0.1968,0.6137,0.1353,IM
4,1.8,4.598,0.1086,0.5125,0.256,0.2029,0.5967,0.14,IM
3,1.8,4.6195,0.1023,0.4719,0.2758,0.2009,0.6043,0.1417,IM
3,1.85,4.6255,0.1101,0.4971,0.2574,0.1997,0.5759,0.1389,IM
2,1.8,4.5655,0.1061,0.5075,0.2597,0.2046,0.5968,0.1426,IM
4,1.8,4.587,0.0998,0.4667,0.2788,0.2025,0.6044,0.1443,IM
3,1.85,4.582,0.0987,0.4481,0.2818,0.1985,0.5834,0.1459,IM
3,1.8,4.623,0.1099,0.5143,0.2523,0.2018,0.6169,0.1335,IM
3,1.85,4.607,0.0998,0.4499,0.2791,0.1975,0.6013,0.1395,IM
3,1.8,4.5835,0.0961,0.4616,0.261,0.1883,0.62,0.1601,IM
2,1.85,4.5075,0.0886,0.468,0.2763,0.1799,0.7136,0.1516,IM
3,1.75,4.5625,0.0856,0.4398,0.2835,0.1905,0.6486,0.1579,IM
2,1.8,4.576,0.0947,0.4575,0.2609,0.1888,0.6426,0.1584,IM
2,1.85,4.571,0.096,0.4413,0.2538,0.1867,0.6276,0.1598,IM
2,1.75,4.527,0.0898,0.4801,0.2481,0.1885,0.6819,0.1578,IM
2,1.8,4.5685,0.0932,0.4532,0.2607,0.1893,0.6649,0.1555,IM
2,1.8,4.6135,0.0902,0.3909,0.2511,0.1956,0.5725,0.1608,IM
3,1.8,4.581,0.0877,0.3844,0.2508,0.1971,0.5727,0.1629,IM
3,1.75,4.58,0.0858,0.4386,0.2835,0.1898,0.6952,0.1486,IM
2,1.75,4.5745,0.0934,0.4577,0.2426,0.1943,0.6578,0.1564,IM
3,1.85,4.601,0.0868,0.3678,0.2447,0.1886,0.5783,0.1611,IM
2,1.8,4.69,0.0843,0.3865,0.3825,0.2587,0.5272,0.1387,IM
3,1.85,4.6275,0.1123,0.5029,0.3252,0.2783,0.4995,0.1505,IM
2,1.8,4.6575,0.1152,0.5244,0.3121,0.2708,0.5259,0.1519,IM
3,1.85,4.6225,0.1164,0.5408,0.3486,0.2923,0.5442,0.1562,IM
2,1.9,4.6175,0.1151,0.5211,0.3578,0.3004,0.545,0.1573,IM
2,1.85,4.62,0.1113,0.5007,0.3255,0.2787,0.5248,0.1549,IM
3,1.85,4.6475,0.1176,0.5423,0.344,0.2912,0.5695,0.1568,IM
3,1.85,4.615,0.1154,0.5381,0.3489,0.2928,0.57,0.1588,IM
3,1.9,4.6425,0.1161,0.5223,0.3533,0.2994,0.57,0.158,IM
2,1.9,4.67,0.1222,0.5639,0.3593,0.3064,0.6102,0.1583,IM
3,1.85,4.6075,0.1215,0.5641,0.2636,0.2413,0.608,0.1413,IM
3,1.9,4.6675,0.1171,0.5234,0.3488,0.2983,0.595,0.1569,IM
3,1.85,4.7575,0.1068,0.4543,0.3154,0.2809,0.5621,0.154,IM
2,1.9,4.7225,0.1091,0.4724,0.3555,0.3054,0.5839,0.159,IM
2,1.9,4.72,0.0992,0.4291,0.328,0.2858,0.5576,0.1576,IM
2,1.9,4.615,0.1058,0.4555,0.3094,0.241,0.6349,0.1634,IM
2,1.9,4.71,0.0923,0.3922,0.356,0.2851,0.5572,0.1677,IM
3,1.9,4.4675,0.1114,0.5605,0.3311,0.226,0.6043,0.1576,IM
3,1.8,4.5675,0.1116,0.5843,0.332,0.2295,0.577,0.1481,IM
2,1.85,4.595,0.1178,0.5739,0.3344,0.2374,0.5601,0.1471,IM
3,1.8,4.6125,0.1144,0.5484,0.2996,0.2256,0.574,0.152,IM
2,1.85,4.5875,0.1165,0.5707,0.3346,0.2379,0.5796,0.1439,IM
3,1.8,4.5825,0.1118,0.5515,0.3243,0.2411,0.5529,0.1489,IM
3,1.85,4.6,0.1144,0.5275,0.3044,0.2331,0.5779,0.1507,IM
2,1.8,4.5975,0.1118,0.5417,0.2999,0.2267,0.6169,0.1452,IM
4,1.75,4.625,0.1099,0.5282,0.2869,0.2287,0.5848,0.1487,IM
3,1.8,4.575,0.1105,0.5478,0.3245,0.2417,0.574,0.1461,IM
3,1.85,4.5925,0.1132,0.5245,0.3045,0.2336,0.5971,0.1468,IM
3,1.8,4.62,0.111,0.5111,0.2921,0.236,0.5714,0.1502,IM
1,1.95,4.5875,0.0372,0.1702,0.1079,0.2321,0.2221,0.1643,FCC
1,1.95,4.64,0.0377,0.1717,0.1071,0.2189,0.2219,0.1572,FCC
1,1.95,4.555,0.0352,0.1663,0.1065,0.232,0.222,0.1645,FCC
1,1.95,4.575,0.0343,0.165,0.105,0.219,0.2218,0.1579,FCC
4,1.95,4.7565,0.0412,0.2032,0.1329,0.1574,0.2446,0.1221,FCC
1,2,4.614,0.0378,0.1567,0.1381,0.1869,0.2162,0.1644,FCC
1,2,4.4355,0.0349,0.1671,0.159,0.2105,0.2699,0.1946,FCC
1,2,4.529,0.0348,0.151,0.1339,0.1973,0.2153,0.1711,FCC
1,2,4.4965,0.0326,0.1462,0.1307,0.1965,0.2149,0.1711,FCC
1,2,4.6015,0.0343,0.1516,0.1351,0.1731,0.2161,0.1579,FCC
1,2,4.6955,0.0438,0.1896,0.176,0.1051,0.2863,0.1393,BCC+FCC
1,2,4.459,0.0347,0.1564,0.1396,0.2181,0.253,0.1977,FCC
1,2,4.479,0.035,0.1559,0.1394,0.2075,0.2537,0.1914,FCC
1,2,4.7005,0.0461,0.1917,0.1782,0.1305,0.3072,0.1579,BCC+FCC
1,2,4.6465,0.0339,0.1502,0.1359,0.1582,0.2438,0.1658,FCC
1,2,4.5265,0.0356,0.1503,0.1367,0.2076,0.2646,0.2069,FCC
4,2,4.419,0.0307,0.1447,0.1349,0.2172,0.273,0.2104,FCC
1,2,4.6715,0.0352,0.1506,0.1372,0.1584,0.2679,0.1767,FCC
1,2,4.534,0.0319,0.1428,0.1325,0.1853,0.2654,0.1942,FCC
1,2,4.5865,0.0327,0.1459,0.1344,0.1727,0.2665,0.1862,FCC
1,2,4.639,0.0326,0.1477,0.1356,0.158,0.2675,0.1776,FCC
1,2,4.669,0.0458,0.1861,0.1626,0.1174,0.2993,0.147,BCC+FCC
1,2,4.4765,0.0348,0.1544,0.1425,0.2183,0.2921,0.2184,FCC
1,2,4.539,0.0338,0.1455,0.1356,0.1972,0.2854,0.2103,FCC
1,2,4.718,0.0461,0.19,0.1793,0.1303,0.3428,0.1686,BCC+FCC
1,2,4.7195,0.0486,0.2014,0.1988,0.1242,0.375,0.1739,BCC+FCC
1,2,4.5165,0.0351,0.1531,0.1417,0.1957,0.2942,0.204,FCC
1,2,4.559,0.033,0.1442,0.1348,0.1857,0.2863,0.2032,FCC
1,2,4.5365,0.0347,0.1523,0.1412,0.1822,0.2953,0.1963,FCC
1,2,4.579,0.0318,0.1427,0.134,0.1725,0.2871,0.1957,FCC
1,2,4.684,0.0327,0.146,0.1358,0.1406,0.2896,0.177,FCC
1,2,4.622,0.0442,0.1916,0.1929,0.1246,0.3732,0.1787,BCC+FCC
1,2,4.5315,0.0328,0.1418,0.1352,0.1969,0.3029,0.218,FCC
1,2,4.6865,0.0458,0.1844,0.1641,0.117,0.3291,0.1539,BCC+FCC
1,2,4.6555,0.0468,0.1921,0.1826,0.1124,0.3611,0.1605,BCC+FCC
1,2,4.667,0.0441,0.1916,0.1944,0.0982,0.3883,0.1692,BCC+FCC
1,2,4.5905,0.0438,0.1826,0.1772,0.1136,0.3593,0.1643,BCC+FCC
1,2,4.6345,0.0428,0.1877,0.1923,0.0985,0.3876,0.171,BCC+FCC
4,2,4.674,0.0323,0.1528,0.1429,0.1039,0.3171,0.1631,FCC
1,2,4.768,0.0476,0.1907,0.1813,0.1298,0.3706,0.1696,BCC+FCC
1,2,4.703,0.0447,0.1855,0.1788,0.1304,0.3688,0.1734,BCC+FCC
1,2,4.6155,0.0446,0.1843,0.1798,0.1131,0.3697,0.1634,BCC+FCC
1,2,4.6405,0.0454,0.1859,0.182,0.1126,0.3772,0.1609,BCC+FCC
1,2,4.652,0.0429,0.186,0.1939,0.0982,0.4081,0.1695,BCC+FCC
1,2,4.7855,0.0477,0.1891,0.1817,0.1295,0.3876,0.1663,BCC+FCC
1,2,4.7545,0.0487,0.1982,0.2004,0.1238,0.4163,0.1705,BCC+FCC
1,2,4.722,0.0472,0.1954,0.1992,0.124,0.4151,0.1727,BCC+FCC
3,1.75,4.4825,0.1185,0.6162,0.3346,0.273,0.5805,0.1423,IM
3,1.75,4.475,0.1172,0.6126,0.3348,0.2735,0.602,0.1418,IM
2,1.85,4.4975,0.1248,0.6198,0.3279,0.2757,0.5936,0.1438,IM
3,1.8,4.485,0.119,0.5899,0.3381,0.2815,0.5813,0.1465,IM
3,1.9,4.565,0.1282,0.5993,0.3219,0.2776,0.5941,0.1432,IM
2,1.85,4.585,0.1246,0.5751,0.3278,0.2829,0.5817,0.1437,IM
2,1.8,4.51,0.1203,0.592,0.3338,0.2804,0.6027,0.1434,IM
3,1.85,4.52,0.1201,0.5676,0.3371,0.2861,0.582,0.1483,IM
3,1.85,4.61,0.1257,0.5762,0.3234,0.2819,0.6031,0.1399,IM
2,1.85,4.5775,0.1235,0.5729,0.3281,0.2834,0.6032,0.1425,IM
4,1.9,4.62,0.123,0.5492,0.3267,0.285,0.5823,0.1454,IM
3,1.8,4.565,0.1176,0.5446,0.3371,0.2897,0.5908,0.1453,IM
4,1.9,4.5875,0.1211,0.5465,0.3314,0.2865,0.5825,0.1478,IM
3,1.9,4.555,0.1191,0.5433,0.336,0.288,0.5826,0.1501,IM
2,1.9,4.58,0.1201,0.5445,0.3317,0.287,0.604,0.1465,IM
2,1.9,4.5475,0.1181,0.5411,0.3363,0.2884,0.6041,0.1489,IM
3,1.85,4.59,0.1136,0.5046,0.3808,0.2833,0.6088,0.1623,IM
4,1.95,4.4825,0.0335,0.1726,0.0834,0.2578,0.178,0.1595,FCC
1,1.95,4.4675,0.0348,0.1758,0.0891,0.2808,0.2076,0.1897,FCC
4,1.95,4.715,0.0316,0.172,0.085,0.1799,0.2826,0.1615,FCC
4,1.95,4.74,0.0327,0.1721,0.0852,0.1795,0.3008,0.1642,FCC
4,1.95,4.7075,0.0303,0.17,0.0846,0.1801,0.3001,0.1659,FCC
4,1.95,4.7,0.03,0.1677,0.0843,0.1802,0.3149,0.1687,FCC
4,2,4.705,0.0349,0.2038,0.2274,0.2018,0.2816,0.1625,FCC
2,1.75,4.637,0.0841,0.3641,0.3429,0.2882,0.5777,0.1831,IM
2,1.85,4.552,0.1004,0.4821,0.3612,0.2426,0.6423,0.1501,IM
2,1.85,4.547,0.1047,0.5328,0.3559,0.2363,0.699,0.1352,IM
3,1.8,4.582,0.1008,0.501,0.3517,0.2386,0.6756,0.1424,IM
3,1.9,4.542,0.1061,0.516,0.3624,0.2388,0.6817,0.1369,IM
4,1.85,4.577,0.1017,0.4845,0.3578,0.2416,0.6647,0.144,IM
3,1.9,4.583,0.1066,0.4965,0.3826,0.2756,0.6544,0.1531,IM
2,1.9,4.572,0.101,0.4664,0.3635,0.2422,0.6491,0.1456,IM
3,1.85,4.602,0.103,0.4867,0.3543,0.2405,0.6869,0.1363,IM
3,1.8,4.5655,0.097,0.4651,0.3492,0.2351,0.693,0.1581,IM
2,1.85,4.5855,0.0992,0.4523,0.3494,0.2376,0.7074,0.1522,IM
3,1.85,4.608,0.0959,0.4204,0.3429,0.243,0.6601,0.1583,IM
2,1.85,4.6105,0.1004,0.4548,0.3471,0.2365,0.7303,0.1432,IM
2,1.6,4.473,0.091,0.5268,0.251,0.2248,0.6022,0.1357,IM
2,1.75,4.4725,0.0834,0.5299,0.3402,0.1992,0.7156,0.121,IM
2,1.7,4.486,0.0846,0.5381,0.3121,0.1994,0.6944,0.1287,IM
2,1.6,4.498,0.0927,0.5316,0.2478,0.2235,0.6216,0.1284,IM
2,1.7,4.4795,0.0929,0.5436,0.2886,0.2125,0.655,0.1294,IM
3,1.75,4.481,0.0908,0.5291,0.3163,0.2047,0.6758,0.1305,IM
3,1.7,4.501,0.0885,0.5025,0.3053,0.2153,0.6628,0.1307,IM
2,1.8,4.476,0.0954,0.5173,0.3201,0.2077,0.6499,0.1323,IM
2,1.7,4.5095,0.0943,0.4998,0.28,0.2206,0.6233,0.1383,IM
4,1.75,4.511,0.0919,0.4848,0.3073,0.2108,0.6437,0.1396,IM
3,1.75,4.5145,0.0985,0.5296,0.2879,0.2089,0.6557,0.1304,IM
3,1.7,4.568,0.1016,0.5012,0.2465,0.2235,0.623,0.1305,IM
4,1.75,4.5695,0.0989,0.4861,0.2766,0.2135,0.6435,0.1316,IM
2,1.75,4.471,0.0837,0.4532,0.2518,0.211,0.7034,0.1402,IM
2,1.75,4.472,0.0883,0.5821,0.3573,0.2307,0.585,0.1354,IM
2,1.8,4.466,0.0885,0.5854,0.3682,0.2208,0.6601,0.1234,IM
2,1.8,4.492,0.0962,0.5784,0.361,0.2394,0.5905,0.1318,IM
2,1.8,4.4785,0.0927,0.5495,0.3501,0.2132,0.6584,0.1317,IM
3,1.8,4.483,0.1036,0.581,0.319,0.232,0.5808,0.1369,IM
2,1.8,4.5045,0.0985,0.5404,0.3482,0.2353,0.5884,0.1388,IM
3,1.8,4.5085,0.094,0.5053,0.3488,0.2198,0.6262,0.1401,IM
3,1.85,4.5035,0.0967,0.4914,0.3535,0.2216,0.6042,0.1417,IM
3,1.8,4.4995,0.0983,0.5885,0.3402,0.2252,0.6402,0.1233,IM
3,1.8,4.5255,0.1046,0.5787,0.3323,0.2437,0.5709,0.1316,IM
3,1.8,4.5295,0.1001,0.5439,0.3445,0.2341,0.6085,0.1327,IM
2,1.75,4.547,0.0971,0.5176,0.3158,0.2197,0.6228,0.1384,IM
2,1.8,4.542,0.0999,0.5033,0.3213,0.2236,0.6065,0.14,IM
3,1.8,4.5505,0.1061,0.582,0.328,0.2425,0.5906,0.1246,IM
2,1.75,4.572,0.0986,0.521,0.3122,0.2185,0.6444,0.1311,IM
2,1.8,4.563,0.1064,0.5411,0.3155,0.2381,0.5889,0.1326,IM
2,1.8,4.567,0.1013,0.5062,0.3179,0.2224,0.6264,0.1329,IM
3,1.75,4.5805,0.1031,0.5151,0.286,0.2237,0.6035,0.1383,IM
3,1.8,4.593,0.1036,0.493,0.3183,0.2454,0.5569,0.1405,IM
3,1.8,4.618,0.1049,0.4953,0.3145,0.2443,0.5769,0.134,IM
2,1.8,4.4835,0.0848,0.4683,0.3477,0.2111,0.6895,0.1495,IM
3,1.8,4.4945,0.0893,0.4956,0.3303,0.2073,0.7159,0.1421,IM
2,1.85,4.494,0.1032,0.5162,0.3378,0.2329,0.6168,0.1522,IM
3,1.7,4.5705,0.092,0.5081,0.3317,0.2227,0.6321,0.1449,IM
3,1.8,4.538,0.098,0.5105,0.3477,0.2288,0.6521,0.1418,IM
3,1.8,4.5815,0.1055,0.5215,0.3417,0.247,0.5895,0.1407,IM
2,1.8,4.598,0.0976,0.4435,0.2908,0.2243,0.6251,0.1481,IM
2,1.8,4.4675,0.0771,0.4603,0.3525,0.1832,0.668,0.1307,IM
2,1.8,4.4775,0.0825,0.4638,0.3439,0.1903,0.656,0.1393,IM
3,1.75,4.468,0.0895,0.5096,0.2876,0.192,0.5962,0.1385,IM
2,1.8,4.4645,0.0927,0.5026,0.3069,0.1967,0.6083,0.1429,IM
2,1.8,4.4725,0.0828,0.5113,0.3517,0.1848,0.7081,0.1215,IM
2,1.75,4.486,0.0842,0.5197,0.3245,0.1875,0.6868,0.1287,IM
3,1.75,4.506,0.0802,0.4739,0.3256,0.1858,0.6665,0.1288,IM
2,1.8,4.501,0.0835,0.4635,0.3279,0.1872,0.648,0.1306,IM
2,1.8,4.488,0.0933,0.5012,0.2888,0.1934,0.6008,0.1354,IM
2,1.8,4.511,0.0884,0.4648,0.3187,0.1941,0.6363,0.1392,IM
3,1.8,4.506,0.0906,0.5139,0.3256,0.189,0.6876,0.1214,IM
2,1.8,4.513,0.0946,0.5046,0.2856,0.1922,0.6204,0.1289,IM
2,1.8,4.536,0.0898,0.4683,0.3164,0.1929,0.6561,0.1318,IM
2,1.75,4.5945,0.0862,0.4333,0.2836,0.1936,0.6349,0.1301,IM
2,1.8,4.5895,0.0873,0.4174,0.285,0.1923,0.616,0.1318,IM
2,1.75,4.47,0.0659,0.398,0.2942,0.1792,0.7019,0.1447,IM
3,1.75,4.4945,0.0921,0.4698,0.2849,0.248,0.5988,0.1739,IM
3,1.85,4.466,0.0958,0.4955,0.324,0.2186,0.6332,0.1545,IM
3,1.85,4.4745,0.099,0.4891,0.2994,0.2227,0.5953,0.1596,IM
2,1.8,4.568,0.0985,0.4538,0.2536,0.2286,0.5851,0.1596,IM
2,1.75,4.47,0.0797,0.499,0.3394,0.1904,0.7054,0.1405,IM
2,1.8,4.4725,0.0839,0.4715,0.3313,0.191,0.7024,0.1447,IM
3,1.8,4.465,0.0855,0.4909,0.3414,0.1923,0.6894,0.1422,IM
3,1.85,4.463,0.101,0.4921,0.2783,0.2019,0.5947,0.1563,IM
2,1.7,4.516,0.0813,0.4932,0.3055,0.1895,0.7094,0.1413,IM
3,1.7,4.5085,0.0827,0.5127,0.3105,0.1904,0.6971,0.1387,IM
4,1.8,4.491,0.0869,0.4794,0.2952,0.1879,0.7419,0.1389,IM
2,1.8,4.4835,0.0885,0.4986,0.3134,0.1891,0.7285,0.1371,IM
2,1.8,4.49,0.0872,0.4954,0.3393,0.1911,0.7099,0.1339,IM
3,1.75,4.511,0.087,0.4848,0.3067,0.1935,0.6984,0.1429,IM
3,1.85,4.4785,0.0927,0.4874,0.313,0.1896,0.7037,0.1389,IM
3,1.85,4.4925,0.0894,0.4647,0.3294,0.1885,0.6982,0.1379,IM
3,1.85,4.485,0.0912,0.4837,0.341,0.1902,0.6845,0.1357,IM
2,1.75,4.5335,0.0893,0.4595,0.3002,0.1998,0.6514,0.1485,IM
3,1.85,4.501,0.0933,0.4599,0.3072,0.1932,0.6599,0.1462,IM
2,1.85,4.4665,0.1086,0.5355,0.2601,0.2025,0.6058,0.1498,IM
3,1.75,4.5285,0.0902,0.5083,0.311,0.1934,0.7079,0.132,IM
3,1.8,4.5235,0.0943,0.4961,0.3137,0.195,0.6896,0.1339,IM
2,1.75,4.625,0.0816,0.4066,0.3871,0.2638,0.5947,0.1321,IM
2,1.8,4.665,0.0876,0.3861,0.3699,0.2851,0.5796,0.1436,IM
2,1.75,4.475,0.1137,0.5987,0.3302,0.2717,0.6387,0.1423,IM
2,1.75,4.505,0.1123,0.5519,0.338,0.2831,0.6046,0.1487,IM
4,1.75,4.515,0.1141,0.5956,0.3204,0.2674,0.6498,0.142,IM
2,1.8,4.51,0.1169,0.5796,0.3291,0.2779,0.6394,0.1436,IM
2,1.7,4.58,0.1082,0.5168,0.3278,0.2792,0.5856,0.153,IM
3,1.75,4.54,0.1156,0.5983,0.3158,0.2663,0.6732,0.1354,IM
3,1.7,4.6075,0.1105,0.5561,0.3504,0.2812,0.6334,0.1507,IM
2,1.8,4.535,0.1182,0.5818,0.3247,0.2768,0.6615,0.1371,IM
2,1.8,4.615,0.1146,0.5546,0.376,0.3036,0.625,0.1589,IM
4,1.75,4.595,0.1151,0.5529,0.3201,0.2763,0.6614,0.1367,IM
3,1.8,4.59,0.1155,0.5349,0.3285,0.2857,0.6495,0.1384,IM
2,1.7,4.485,0.1012,0.5301,0.309,0.243,0.6963,0.1432,IM
2,1.7,4.5,0.1004,0.524,0.3083,0.2388,0.6908,0.1508,IM
2,1.7,4.5475,0.1034,0.5015,0.2985,0.2487,0.6663,0.1496,IM
3,1.7,4.575,0.1042,0.5394,0.3641,0.2549,0.7292,0.143,IM
3,1.7,4.5725,0.1048,0.5048,0.2957,0.2475,0.6886,0.1411,IM
4,1.75,4.585,0.1066,0.5197,0.3668,0.2627,0.7048,0.1522,IM
3,1.75,4.5675,0.1062,0.4893,0.299,0.2562,0.6717,0.1429,IM
2,1.8,4.58,0.1082,0.5042,0.3728,0.2724,0.699,0.1538,IM
2,1.7,4.595,0.104,0.4756,0.2883,0.2577,0.642,0.1484,IM
2,1.85,4.575,0.1082,0.487,0.3786,0.2806,0.6897,0.1553,IM
2,1.75,4.6125,0.0989,0.4256,0.2843,0.2733,0.5812,0.1551,IM
3,1.7,4.6225,0.107,0.5152,0.3529,0.2657,0.7053,0.1419,IM
3,1.8,4.605,0.1095,0.5067,0.3694,0.2713,0.7232,0.1454,IM
2,1.85,4.575,0.1134,0.5771,0.3694,0.27,0.59,0.1436,IM
3,1.85,4.4825,0.0945,0.5122,0.3324,0.2241,0.5862,0.1328,IM
3,1.85,4.5275,0.0864,0.4688,0.3403,0.2224,0.5877,0.1275,IM
3,1.9,4.57,0.0995,0.4884,0.3667,0.2643,0.6157,0.1411,IM
2,1.85,4.5725,0.0964,0.4673,0.3156,0.2356,0.5825,0.1379,IM
2,1.85,4.565,0.1072,0.4951,0.3305,0.3154,0.5766,0.1804,IM
2,1.85,4.61,0.0926,0.401,0.2958,0.2872,0.6006,0.1866,IM
4,1.7,4.56,0.1043,0.5438,0.2906,0.2315,0.6311,0.1309,IM
2,1.8,4.57,0.1029,0.5037,0.3063,0.2303,0.6047,0.1409,IM
2,1.85,4.4825,0.1056,0.5088,0.3156,0.2584,0.5779,0.1702,IM
2,1.8,4.56,0.106,0.5008,0.2977,0.2586,0.5927,0.1621,IM
2,1.8,4.48,0.1078,0.601,0.3172,0.234,0.5734,0.1439,IM
2,1.85,4.4715,0.1137,0.5683,0.3662,0.2832,0.644,0.1453,IM
2,1.85,4.495,0.1119,0.5247,0.3699,0.2877,0.6286,0.1566,IM
3,1.9,4.53,0.1108,0.5023,0.369,0.2892,0.6292,0.1579,IM
4,1.9,4.555,0.1119,0.504,0.3652,0.2881,0.6504,0.1521,IM
2,1.7,4.6335,0.0738,0.3965,0.3883,0.2226,0.5962,0.1428,IM
2,1.8,4.7255,0.0902,0.4045,0.4047,0.262,0.5789,0.1446,IM
3,1.8,4.7665,0.093,0.3989,0.3783,0.2652,0.5357,0.1442,IM
3,1.8,4.621,0.1024,0.5219,0.3712,0.2311,0.67,0.1409,IM
3,1.7,4.566,0.0949,0.5208,0.2998,0.2117,0.663,0.1244,IM
3,1.7,4.581,0.0942,0.5147,0.2986,0.2037,0.6601,0.1322,IM
3,1.7,4.622,0.1023,0.5161,0.2693,0.2074,0.6186,0.1361,IM
3,1.7,4.57,0.082,0.4558,0.2833,0.1968,0.7176,0.1397,IM
4,1.8,4.5685,0.1002,0.5654,0.3641,0.226,0.6078,0.1308,IM
2,1.75,4.586,0.0976,0.5393,0.3365,0.2115,0.6193,0.1363,IM
3,1.8,4.6095,0.1089,0.5651,0.3359,0.2296,0.5674,0.1331,IM
3,1.75,4.596,0.0956,0.529,0.3604,0.2283,0.6109,0.1336,IM
2,1.8,4.5805,0.1125,0.6019,0.3055,0.2267,0.5807,0.1287,IM
2,1.8,4.598,0.112,0.5963,0.3228,0.2397,0.5505,0.1288,IM
3,1.8,4.602,0.1074,0.5617,0.3361,0.2302,0.5883,0.1306,IM
3,1.8,4.6235,0.1024,0.5213,0.3628,0.2329,0.5959,0.1325,IM
2,1.8,4.528,0.1055,0.632,0.3192,0.2312,0.6027,0.1199,IM
3,1.8,4.571,0.0967,0.5506,0.3827,0.2409,0.6181,0.1231,IM
3,1.75,4.5845,0.098,0.5592,0.3516,0.2375,0.5949,0.1289,IM
2,1.8,4.573,0.1111,0.5984,0.3058,0.2272,0.6009,0.1251,IM
2,1.8,4.5905,0.1105,0.5927,0.3231,0.2402,0.5709,0.1259,IM
3,1.8,4.5945,0.106,0.5581,0.3363,0.2307,0.6085,0.1267,IM
3,1.8,4.612,0.1055,0.5524,0.3549,0.2446,0.5786,0.1277,IM
3,1.8,4.616,0.101,0.5176,0.363,0.2334,0.6162,0.1283,IM
4,1.75,4.5905,0.1081,0.5726,0.2807,0.2136,0.615,0.1311,IM
3,1.75,4.608,0.1076,0.5669,0.3033,0.2288,0.5844,0.1317,IM
3,1.8,4.5655,0.1096,0.5947,0.306,0.2278,0.6204,0.12,IM
3,1.75,4.6005,0.1061,0.5631,0.3036,0.2293,0.6062,0.1279,IM
4,1.8,4.6065,0.1175,0.5925,0.2738,0.2315,0.5812,0.125,IM
3,1.8,4.5705,0.1028,0.5593,0.3512,0.2155,0.6342,0.1468,IM
2,1.8,4.6115,0.1115,0.5597,0.3244,0.2194,0.593,0.1496,IM
4,1.8,4.569,0.1063,0.6022,0.3646,0.2336,0.5748,0.1399,IM
3,1.75,4.6045,0.0969,0.5189,0.3565,0.2226,0.6177,0.1449,IM
3,1.75,4.6185,0.094,0.4965,0.3724,0.2267,0.6129,0.1434,IM
3,1.85,4.5865,0.1131,0.5819,0.3585,0.2318,0.5994,0.1413,IM
2,1.75,4.579,0.1022,0.5713,0.3426,0.2252,0.6071,0.142,IM
3,1.75,4.593,0.0993,0.5492,0.359,0.2311,0.6022,0.1405,IM
3,1.75,4.607,0.0965,0.5269,0.375,0.2365,0.5974,0.139,IM
4,1.75,4.601,0.0914,0.4788,0.3362,0.2097,0.6791,0.1411,IM
3,1.85,4.579,0.1116,0.5782,0.3587,0.2323,0.6184,0.1366,IM
2,1.8,4.6205,0.1066,0.5424,0.3614,0.2388,0.5883,0.1394,IM
3,1.8,4.613,0.1052,0.5386,0.3616,0.2393,0.609,0.1351,IM
2,1.8,4.47,0.0706,0.4701,0.369,0.1653,0.6317,0.1241,IM
2,1.75,4.4835,0.0721,0.4784,0.3457,0.1681,0.6059,0.1264,IM
4,1.8,4.491,0.084,0.5269,0.3468,0.1717,0.6114,0.1266,IM
4,1.8,4.511,0.0788,0.481,0.3453,0.1694,0.5915,0.1253,IM
3,1.75,4.5045,0.0855,0.5354,0.3195,0.1735,0.5842,0.1277,IM
2,1.85,4.5185,0.0904,0.523,0.3473,0.1717,0.5919,0.1255,IM
2,1.8,4.552,0.0852,0.4857,0.3202,0.1733,0.551,0.1249,IM
3,1.8,4.4625,0.0691,0.463,0.369,0.1659,0.6518,0.1211,IM
2,1.8,4.4825,0.0641,0.416,0.3589,0.1629,0.6316,0.1206,IM
2,1.8,4.502,0.0771,0.4708,0.3316,0.1674,0.5844,0.1205,IM
3,1.8,4.4835,0.0826,0.5213,0.347,0.1724,0.6321,0.1247,IM
3,1.8,4.5035,0.0775,0.4754,0.3454,0.17,0.612,0.1239,IM
2,1.8,4.5235,0.0707,0.4282,0.3369,0.1668,0.592,0.123,IM
3,1.75,4.497,0.0841,0.5297,0.3197,0.1741,0.6067,0.1275,IM
3,1.75,4.517,0.0792,0.4839,0.3204,0.1729,0.5868,0.1262,IM
2,1.85,4.5095,0.0884,0.5136,0.3336,0.17,0.5824,0.1204,IM
4,1.85,4.511,0.0891,0.5186,0.3474,0.1723,0.6103,0.1235,IM
2,1.85,4.531,0.0821,0.4723,0.3448,0.1683,0.5902,0.1228,IM
2,1.8,4.5245,0.0908,0.5274,0.3205,0.1764,0.592,0.1264,IM
3,1.8,4.5445,0.084,0.4812,0.3203,0.1739,0.572,0.1252,IM
2,1.8,4.5645,0.0772,0.4339,0.3135,0.1706,0.552,0.1237,IM
3,1.8,4.546,0.0851,0.4863,0.3344,0.1762,0.5995,0.1289,IM
2,1.8,4.5655,0.0973,0.5284,0.2924,0.1803,0.5516,0.1265,IM
3,1.8,4.5855,0.0904,0.4821,0.2935,0.1776,0.5316,0.1247,IM
2,1.75,4.4685,0.0693,0.4635,0.3459,0.1693,0.65,0.1222,IM
2,1.8,4.4745,0.0818,0.5111,0.3332,0.1703,0.6242,0.1189,IM
3,1.8,4.496,0.0762,0.4694,0.3454,0.1706,0.632,0.121,IM
3,1.75,4.4895,0.0827,0.5237,0.3198,0.1747,0.6288,0.1257,IM
2,1.75,4.5095,0.0779,0.478,0.3205,0.1735,0.6089,0.1249,IM
2,1.75,4.5295,0.0715,0.431,0.315,0.1717,0.589,0.124,IM
2,1.8,4.517,0.0895,0.5227,0.3207,0.177,0.6124,0.1246,IM
3,1.8,4.537,0.0829,0.4765,0.3204,0.1744,0.5924,0.1238,IM
2,1.75,4.552,0.0856,0.4903,0.3084,0.1803,0.5949,0.1298,IM
3,1.75,4.575,0.081,0.4532,0.3327,0.1827,0.6296,0.135,IM
3,1.8,4.558,0.0961,0.5247,0.2925,0.1808,0.5725,0.1263,IM
4,1.8,4.578,0.0888,0.4784,0.2936,0.1782,0.5525,0.125,IM
3,1.8,4.5795,0.0901,0.4838,0.3085,0.1804,0.5801,0.1287,IM
2,1.8,4.5995,0.0844,0.4365,0.3031,0.1768,0.5601,0.1276,IM
2,1.8,4.581,0.0915,0.4891,0.323,0.1825,0.6076,0.1319,IM
3,1.85,4.587,0.1019,0.5191,0.3085,0.1821,0.58,0.1286,IM
2,1.8,4.622,0.0984,0.4876,0.296,0.186,0.5671,0.1332,IM
2,1.8,4.4685,0.0797,0.5092,0.3472,0.1736,0.6715,0.1163,IM
3,1.8,4.5095,0.0882,0.5178,0.3208,0.1775,0.6323,0.1212,IM
3,1.8,4.511,0.0881,0.5225,0.335,0.18,0.6603,0.123,IM
2,1.8,4.531,0.0825,0.4764,0.3346,0.1773,0.64,0.1229,IM
3,1.75,4.5445,0.0843,0.4852,0.3085,0.1808,0.617,0.1277,IM
2,1.8,4.5505,0.095,0.5208,0.2927,0.1814,0.5928,0.1244,IM
2,1.8,4.5705,0.0873,0.4744,0.2937,0.1788,0.5728,0.1236,IM
3,1.8,4.572,0.0886,0.4798,0.3086,0.181,0.6005,0.1265,IM
2,1.8,4.5735,0.0902,0.485,0.3231,0.1831,0.6282,0.1289,IM
2,1.75,4.5655,0.0976,0.5348,0.2772,0.1863,0.5957,0.1306,IM
2,1.75,4.5855,0.0906,0.4887,0.2804,0.1847,0.5758,0.1297,IM
2,1.75,4.567,0.098,0.54,0.2928,0.1889,0.6229,0.1335,IM
2,1.75,4.5885,0.093,0.4992,0.3107,0.1895,0.6303,0.1355,IM
2,1.75,4.6085,0.0867,0.4523,0.3078,0.1868,0.6104,0.1349,IM
4,1.8,4.5915,0.1006,0.5194,0.2623,0.1852,0.553,0.1261,IM
4,1.8,4.593,0.102,0.525,0.2785,0.1875,0.5805,0.1295,IM
3,1.8,4.6145,0.097,0.4844,0.2962,0.1866,0.5881,0.1317,IM
2,1.8,4.5035,0.0867,0.5173,0.3351,0.1806,0.6796,0.1174,IM
3,1.75,4.517,0.0882,0.5258,0.3068,0.1829,0.6588,0.1242,IM
4,1.75,4.537,0.083,0.4798,0.3086,0.1814,0.6386,0.1241,IM
2,1.7,4.552,0.0847,0.493,0.2954,0.1858,0.6371,0.1311,IM
2,1.8,4.566,0.0889,0.4807,0.3231,0.1836,0.6481,0.1245,IM
2,1.75,4.578,0.0894,0.4845,0.2806,0.1853,0.5977,0.1276,IM
2,1.75,4.598,0.0827,0.4373,0.2777,0.183,0.5778,0.1269,IM
3,1.75,4.5795,0.0907,0.4896,0.2959,0.1877,0.6251,0.13,IM
3,1.75,4.5995,0.0839,0.4426,0.2931,0.1852,0.6052,0.1295,IM
3,1.8,4.584,0.0991,0.5161,0.2625,0.1857,0.5732,0.1243,IM
3,1.8,4.6055,0.0941,0.4753,0.2809,0.1851,0.5809,0.1264,IM
2,1.8,4.607,0.0955,0.4809,0.2963,0.1871,0.6085,0.1288,IM
2,1.75,4.6205,0.0971,0.49,0.2666,0.1914,0.5839,0.1327,IM
2,1.75,4.572,0.0893,0.4851,0.2961,0.1883,0.6468,0.1256,IM
3,1.75,4.5735,0.0901,0.4901,0.3109,0.1906,0.6746,0.1269,IM
3,1.8,4.578,0.0996,0.5182,0.2788,0.1886,0.6205,0.1228,IM
2,1.8,4.598,0.0927,0.4718,0.281,0.1856,0.6004,0.1227,IM
2,1.75,4.593,0.1027,0.5326,0.2623,0.1938,0.6257,0.1301,IM
2,1.75,4.613,0.0957,0.4864,0.2668,0.1919,0.6058,0.1298,IM
2,1.75,4.6145,0.0971,0.4918,0.2827,0.1942,0.6332,0.1318,IM
4,1.8,4.619,0.1054,0.5151,0.247,0.1921,0.5812,0.1268,IM
2,1.8,4.613,0.1057,0.5179,0.2641,0.1948,0.6285,0.1241,IM
3,1.8,4.494,0.065,0.4129,0.3108,0.1636,0.6981,0.1368,IM
3,1.75,4.536,0.0783,0.4628,0.2802,0.1723,0.66,0.1479,IM
3,1.75,4.5485,0.0752,0.4356,0.2824,0.1716,0.6279,0.1436,IM
3,1.75,4.561,0.0708,0.4075,0.2846,0.1704,0.596,0.1385,IM
3,1.85,4.5,0.0739,0.4349,0.2875,0.1622,0.7017,0.1317,IM
3,1.8,4.515,0.0754,0.4478,0.2925,0.1698,0.7117,0.1393,IM
2,1.8,4.5275,0.0722,0.4204,0.2945,0.1681,0.6782,0.1367,IM
2,1.8,4.581,0.0756,0.3997,0.2785,0.1695,0.6047,0.1361,IM
2,1.8,4.5935,0.0721,0.3695,0.2806,0.1664,0.5722,0.1311,IM
2,1.75,4.5695,0.0854,0.4657,0.2585,0.177,0.6409,0.1478,IM
3,1.8,4.597,0.0911,0.4603,0.2531,0.1775,0.6288,0.1468,IM
2,1.8,4.622,0.0829,0.4019,0.258,0.173,0.5641,0.1374,IM
3,1.8,4.4935,0.0767,0.4636,0.2763,0.169,0.7384,0.1346,IM
3,1.8,4.531,0.0651,0.3808,0.2826,0.1642,0.6376,0.1276,IM
2,1.8,4.572,0.0729,0.3891,0.2637,0.168,0.5979,0.131,IM
3,1.75,4.573,0.0781,0.4275,0.2451,0.1742,0.6045,0.1388,IM
3,1.75,4.5855,0.074,0.3986,0.2477,0.1731,0.5724,0.134,IM
2,1.75,4.5745,0.0796,0.4324,0.2609,0.1768,0.6318,0.1412,IM
2,1.85,4.5745,0.0869,0.4415,0.2523,0.1703,0.6428,0.1368,IM
2,1.85,4.576,0.0882,0.4469,0.2672,0.1722,0.671,0.138,IM
2,1.8,4.6005,0.0842,0.4217,0.2395,0.174,0.5903,0.1378,IM
2,1.8,4.582,0.088,0.4515,0.2528,0.1786,0.6717,0.1391,IM
3,1.75,4.6095,0.0865,0.4373,0.2532,0.1836,0.6399,0.1431,IM
3,1.85,4.495,0.0924,0.4662,0.3369,0.2519,0.6045,0.1814,IM
3,1.75,4.6045,0.1005,0.4887,0.2739,0.2237,0.62,0.1535,IM
3,1.7,4.585,0.0843,0.475,0.3089,0.188,0.6679,0.1482,IM
3,1.7,4.57,0.084,0.4885,0.3202,0.1896,0.6801,0.1417,IM
3,1.7,4.623,0.1016,0.5104,0.2458,0.196,0.6469,0.1429,IM
2,1.8,4.567,0.1021,0.5294,0.2909,0.1914,0.7147,0.1213,IM
3,1.6,4.6,0.1128,0.5879,0.2603,0.242,0.603,0.1292,IM
3,1.75,4.6125,0.1223,0.6128,0.3057,0.2623,0.649,0.1339,IM
3,1.55,4.5875,0.1023,0.5499,0.2807,0.2332,0.6394,0.1371,IM
3,1.65,4.58,0.103,0.5674,0.3609,0.2434,0.7027,0.145,IM
2,1.55,4.595,0.1001,0.5388,0.279,0.2311,0.651,0.1393,IM
2,1.7,4.6,0.1094,0.5578,0.3636,0.2554,0.7212,0.1382,IM
3,1.65,4.6125,0.1085,0.5504,0.3534,0.258,0.6962,0.1362,IM
3,1.7,4.615,0.1086,0.5517,0.3601,0.2525,0.7033,0.1459,IM
3,1.8,4.6825,0.1198,0.6011,0.3315,0.2819,0.5672,0.1479,IM
3,1.8,4.6125,0.089,0.4883,0.3781,0.2417,0.5492,0.1305,IM
3,1.75,4.6075,0.1007,0.5485,0.342,0.2386,0.5522,0.1365,IM
3,1.9,4.595,0.1132,0.5655,0.3076,0.2222,0.5692,0.1259,IM
2,1.8,4.605,0.088,0.4842,0.3783,0.2422,0.5742,0.1319,IM
2,1.8,4.5975,0.1026,0.5652,0.3724,0.2574,0.5946,0.141,IM
2,1.8,4.6175,0.0954,0.5195,0.3938,0.2605,0.5759,0.1393,IM
2,1.85,4.6125,0.0858,0.4344,0.3421,0.218,0.5676,0.1209,IM
2,1.85,4.63,0.1115,0.5875,0.3761,0.2798,0.6166,0.1479,IM
2,1.8,4.64,0.0943,0.4856,0.364,0.2492,0.5823,0.1358,IM
3,1.85,4.635,0.0993,0.4837,0.3184,0.2248,0.5739,0.1269,IM
4,1.9,4.605,0.1081,0.5475,0.3503,0.2532,0.65,0.1284,IM
4,1.9,4.625,0.1008,0.5017,0.3687,0.2539,0.6301,0.128,IM
2,1.8,4.73,0.1131,0.5215,0.3482,0.2815,0.5737,0.1508,IM
3,1.85,4.75,0.1132,0.5026,0.3528,0.2894,0.6005,0.1494,IM
2,1.85,4.5825,0.088,0.4615,0.3484,0.2087,0.6042,0.1399,IM
3,1.85,4.5625,0.0918,0.4855,0.346,0.2087,0.6591,0.1412,IM
4,1.85,4.5875,0.0823,0.4286,0.3509,0.2095,0.5947,0.1333,IM
3,1.85,4.6,0.0782,0.3989,0.3534,0.2093,0.5625,0.1281,IM
2,1.8,4.5775,0.0952,0.4996,0.3346,0.2103,0.6532,0.1474,IM
2,1.9,4.59,0.0962,0.4762,0.3456,0.2122,0.6451,0.1401,IM
2,1.85,4.6175,0.0945,0.4624,0.3373,0.2155,0.6123,0.1426,IM
2,1.85,4.5675,0.0849,0.453,0.3486,0.2098,0.6492,0.134,IM
3,1.8,4.57,0.094,0.4951,0.3347,0.2108,0.6773,0.1437,IM
2,1.8,4.595,0.0834,0.4389,0.3399,0.2127,0.6135,0.137,IM
3,1.85,4.6225,0.0884,0.4297,0.3399,0.216,0.6028,0.1359,IM
2,1.85,4.59,0.0964,0.4835,0.3349,0.2162,0.6901,0.1376,IM
4,1.85,4.6025,0.0917,0.4551,0.3375,0.2165,0.6573,0.1354,IM
3,1.85,4.615,0.087,0.426,0.34,0.2165,0.6248,0.1325,IM
3,1.8,4.6175,0.0947,0.4697,0.3255,0.219,0.6535,0.1423,IM
3,1.85,4.625,0.1026,0.484,0.3232,0.2229,0.6985,0.138,IM
2,1.8,4.7025,0.091,0.4192,0.3764,0.2566,0.5824,0.1422,IM
2,1.85,4.64,0.1173,0.5457,0.3437,0.3255,0.5714,0.1766,IM
2,1.8,4.635,0.1128,0.5229,0.3125,0.3072,0.5784,0.1756,IM
3,1.9,4.7075,0.11,0.482,0.4133,0.3493,0.5974,0.1894,IM
2,1.75,4.69,0.115,0.5634,0.341,0.2699,0.6003,0.157,IM
2,1.6,4.49,0.0879,0.6045,0.2993,0.1979,0.6141,0.1381,IM
2,1.6,4.5,0.0887,0.6178,0.32,0.2037,0.5712,0.1356,IM
2,1.55,4.5025,0.0874,0.5969,0.2888,0.2001,0.589,0.1353,IM
2,1.65,4.5325,0.0994,0.6028,0.2984,0.2083,0.5936,0.1429,IM
3,1.65,4.49,0.0883,0.6313,0.3394,0.2078,0.5744,0.1324,IM
2,1.6,4.4825,0.0861,0.5969,0.2995,0.1986,0.6348,0.1334,IM
2,1.55,4.495,0.0856,0.5893,0.289,0.2008,0.6094,0.131,IM
2,1.65,4.535,0.0987,0.6101,0.3192,0.2162,0.5719,0.1369,IM
3,1.6,4.5375,0.0971,0.5896,0.2881,0.2122,0.5896,0.1366,IM
2,1.7,4.5525,0.1077,0.5949,0.2999,0.2206,0.5953,0.1382,IM
2,1.75,4.565,0.1089,0.6089,0.3289,0.2215,0.5762,0.1442,IM
3,1.7,4.5675,0.107,0.5888,0.2977,0.2166,0.5942,0.1442,IM
2,1.75,4.595,0.1147,0.5807,0.2991,0.2263,0.5767,0.1431,IM
4,1.6,4.475,0.0844,0.5889,0.2997,0.1993,0.6549,0.1274,IM
3,1.7,4.515,0.0977,0.6117,0.3302,0.214,0.6179,0.1356,IM
3,1.8,4.585,0.1154,0.5968,0.3316,0.2321,0.579,0.14,IM
2,1.75,4.6025,0.1125,0.5711,0.297,0.2221,0.5949,0.1454,IM
3,1.7,4.5075,0.096,0.6054,0.3304,0.2146,0.6382,0.1301,IM
2,1.7,4.5625,0.105,0.5921,0.3185,0.2267,0.5933,0.1342,IM
2,1.7,4.6075,0.1102,0.5599,0.2866,0.2285,0.5909,0.139,IM
4,1.7,4.57,0.1027,0.5809,0.3149,0.2239,0.6096,0.1365,IM
2,1.7,4.6175,0.1077,0.5582,0.3026,0.2354,0.5855,0.135,IM
2,1.8,4.575,0.0901,0.477,0.2858,0.1952,0.5783,0.1351,IM
2,1.8,4.5725,0.0974,0.5175,0.3261,0.2116,0.5681,0.1359,IM
2,1.8,4.57,0.1032,0.5574,0.3452,0.2228,0.5578,0.1367,IM
2,1.75,4.575,0.1033,0.5585,0.3087,0.2094,0.6003,0.1458,IM
2,1.8,4.605,0.1028,0.5105,0.2712,0.2014,0.598,0.144,IM
3,1.8,4.6175,0.098,0.4823,0.2741,0.2018,0.5656,0.14,IM
2,1.8,4.6025,0.1095,0.5508,0.3101,0.217,0.5875,0.1448,IM
2,1.8,4.615,0.1044,0.5229,0.3129,0.2185,0.5551,0.1407,IM
2,1.75,4.5325,0.0971,0.594,0.3481,0.2196,0.5833,0.1356,IM
2,1.8,4.5675,0.0891,0.4726,0.2859,0.1958,0.5986,0.1315,IM
3,1.8,4.565,0.0962,0.5131,0.3263,0.2121,0.5886,0.1325,IM
2,1.8,4.5625,0.1019,0.553,0.3454,0.2234,0.5785,0.1335,IM
3,1.75,4.58,0.0985,0.5268,0.3117,0.2122,0.5909,0.1391,IM
3,1.75,4.5775,0.1031,0.5665,0.3285,0.2218,0.58,0.14,IM
4,1.8,4.61,0.0966,0.4787,0.2741,0.2024,0.5864,0.1371,IM
2,1.8,4.6075,0.1032,0.5193,0.313,0.2191,0.5762,0.1381,IM
2,1.8,4.555,0.1006,0.5483,0.3456,0.2239,0.5986,0.129,IM
3,1.75,4.5725,0.0972,0.522,0.3119,0.2128,0.6129,0.1352,IM
3,1.75,4.57,0.1017,0.5617,0.3287,0.2223,0.6022,0.1363,IM
4,1.75,4.5825,0.0986,0.5347,0.3315,0.2251,0.57,0.133,IM
3,1.8,4.6025,0.0951,0.4749,0.2742,0.2029,0.6066,0.1329,IM
3,1.8,4.6,0.102,0.5156,0.3132,0.2196,0.5966,0.134,IM
3,1.75,4.615,0.1049,0.5297,0.2978,0.22,0.599,0.1409,IM
2,1.8,4.5925,0.1008,0.5116,0.3133,0.2202,0.6164,0.1286,IM
2,1.8,4.57,0.1185,0.6411,0.2871,0.2286,0.5606,0.1324,IM
3,1.75,4.595,0.1138,0.5973,0.2787,0.218,0.5841,0.1413,IM
3,1.8,4.615,0.1218,0.6031,0.2691,0.2256,0.5581,0.1366,IM
3,1.75,4.56,0.1062,0.6199,0.3171,0.2282,0.5791,0.1343,IM
2,1.8,4.5775,0.1135,0.6013,0.3175,0.2289,0.6065,0.1351,IM
2,1.8,4.57,0.1153,0.6194,0.3038,0.229,0.5938,0.1322,IM
3,1.75,4.605,0.1118,0.5878,0.3015,0.23,0.5758,0.1387,IM
3,1.85,4.5875,0.1204,0.596,0.2974,0.2237,0.6147,0.1324,IM
2,1.8,4.615,0.1185,0.5827,0.2819,0.2258,0.5916,0.1369,IM
3,1.8,4.615,0.1152,0.5619,0.2913,0.2259,0.6247,0.1348,IM
3,1.8,4.6075,0.1172,0.5796,0.2821,0.2263,0.6119,0.1323,IM
3,1.8,4.5775,0.1009,0.5207,0.2418,0.183,0.5911,0.1298,IM
2,1.65,4.5755,0.0967,0.5493,0.3146,0.2334,0.6868,0.1307,IM
3,1.85,4.588,0.1097,0.6007,0.3734,0.2707,0.6932,0.1304,IM
2,1.75,4.597,0.0869,0.4689,0.3663,0.2258,0.6788,0.132,IM
4,1.85,4.603,0.087,0.429,0.3671,0.2221,0.7243,0.1215,IM
2,1.6,4.484,0.0858,0.6263,0.2917,0.2116,0.5876,0.1187,IM
3,1.6,4.488,0.0835,0.5917,0.3068,0.2133,0.6255,0.1192,IM
3,1.7,4.5755,0.0986,0.5689,0.3237,0.2377,0.5964,0.123,IM
3,1.55,4.5085,0.0639,0.4668,0.3296,0.2073,0.6873,0.1327,IM
2,1.7,4.4665,0.0837,0.5882,0.3584,0.2099,0.678,0.1231,IM
2,1.65,4.493,0.0796,0.4977,0.282,0.1932,0.6388,0.1165,IM
2,1.6,4.473,0.0827,0.56,0.2651,0.1966,0.6665,0.1162,IM
2,1.7,4.5095,0.088,0.539,0.294,0.1951,0.6877,0.1184,IM
3,1.75,4.488,0.0838,0.5396,0.3487,0.2069,0.6033,0.118,IM
2,1.75,4.483,0.0886,0.6164,0.3441,0.2224,0.5823,0.1199,IM
4,1.75,4.4895,0.0819,0.5433,0.3623,0.2102,0.6308,0.1201,IM
2,1.75,4.578,0.0926,0.5098,0.3332,0.2237,0.5994,0.1215,IM
2,1.75,4.598,0.0857,0.4633,0.344,0.2244,0.5795,0.1214,IM
2,1.75,4.5755,0.0972,0.5496,0.338,0.235,0.589,0.1227,IM
3,1.75,4.477,0.0881,0.5836,0.3553,0.2509,0.6073,0.1443,IM
3,1.75,4.5695,0.0965,0.5132,0.3387,0.2554,0.6142,0.1467,IM
2,1.8,4.4905,0.0973,0.6411,0.3457,0.2305,0.6172,0.1175,IM
2,1.75,4.519,0.0948,0.611,0.347,0.2239,0.6202,0.1299,IM
2,1.75,4.563,0.0993,0.5764,0.3352,0.2325,0.6215,0.1257,IM
2,1.75,4.463,0.0844,0.5078,0.297,0.2067,0.6316,0.1401,IM
3,1.75,4.498,0.0908,0.5152,0.283,0.2131,0.6397,0.1419,IM
2,1.75,4.518,0.0844,0.469,0.2854,0.2114,0.6196,0.1416,IM
2,1.75,4.553,0.0901,0.4735,0.272,0.2173,0.6277,0.1432,IM
3,1.75,4.476,0.0643,0.4139,0.3181,0.1677,0.6971,0.1236,IM
3,1.75,4.5795,0.084,0.4419,0.2772,0.1865,0.6937,0.1245,IM
2,1.75,4.572,0.086,0.4612,0.2905,0.1877,0.6809,0.1223,IM
3,1.75,4.585,0.1145,0.6306,0.3168,0.2627,0.6542,0.1281,IM
2,1.7,4.5875,0.1123,0.6106,0.3151,0.2595,0.6734,0.1268,IM
2,1.7,4.52,0.0953,0.5607,0.3537,0.2406,0.6687,0.1231,IM
4,1.7,4.555,0.1017,0.567,0.3386,0.2487,0.6769,0.1245,IM
4,1.7,4.575,0.0959,0.5214,0.3563,0.2522,0.657,0.1246,IM
2,1.8,4.595,0.0933,0.4905,0.3732,0.2597,0.663,0.1177,IM
2,1.75,4.575,0.1061,0.5567,0.3425,0.2594,0.6908,0.117,IM
3,1.75,4.5875,0.1109,0.5915,0.3547,0.271,0.711,0.1294,IM
2,1.75,4.6075,0.1048,0.5459,0.3765,0.2748,0.6911,0.1297,IM
2,1.7,4.61,0.1017,0.525,0.3415,0.2599,0.6652,0.1258,IM
2,1.7,4.505,0.0911,0.5218,0.3249,0.2188,0.7412,0.1212,IM
2,1.6,4.56,0.0876,0.4943,0.3042,0.2202,0.6678,0.1354,IM
2,1.75,4.54,0.0958,0.511,0.3244,0.2238,0.7419,0.1217,IM
3,1.75,4.565,0.0967,0.5186,0.3866,0.2452,0.738,0.1339,IM
2,1.7,4.58,0.1115,0.5682,0.3138,0.2851,0.6702,0.1492,IM
3,1.75,4.6175,0.109,0.5281,0.3481,0.3229,0.6106,0.1792,IM
2,1.6,4.5525,0.1008,0.5732,0.2806,0.2287,0.6981,0.1247,IM
3,1.7,4.5925,0.1075,0.5614,0.3495,0.2535,0.742,0.1313,IM
2,1.7,4.585,0.1093,0.5798,0.3359,0.2534,0.7297,0.1295,IM
4,1.9,4.5875,0.1073,0.5705,0.3758,0.2745,0.6148,0.121,IM
3,1.85,4.5125,0.0922,0.4643,0.3218,0.2926,0.5839,0.1748,IM
2,1.85,4.5225,0.0896,0.4675,0.3304,0.2686,0.5966,0.1571,IM
3,1.8,4.57,0.0918,0.4709,0.3621,0.2972,0.5933,0.1683,IM
2,1.85,4.5575,0.0949,0.4678,0.316,0.2737,0.6047,0.1592,IM
2,1.8,4.6125,0.1078,0.5175,0.378,0.3192,0.6438,0.1852,IM
3,1.7,4.4675,0.0888,0.556,0.2825,0.1913,0.5859,0.1131,IM
2,1.6,4.4825,0.0883,0.6231,0.2761,0.2073,0.5602,0.1164,IM
3,1.6,4.575,0.0999,0.5586,0.2587,0.2273,0.5667,0.119,IM
2,1.65,4.5775,0.0972,0.5287,0.2883,0.2229,0.6169,0.1274,IM
2,1.6,4.485,0.0839,0.6079,0.305,0.2031,0.6177,0.1265,IM
2,1.6,4.4775,0.0851,0.6277,0.2903,0.2027,0.6051,0.1236,IM
2,1.6,4.47,0.0862,0.6476,0.2729,0.2023,0.5926,0.1203,IM
3,1.7,4.5175,0.096,0.6252,0.3185,0.219,0.6003,0.1287,IM
3,1.65,4.52,0.0944,0.6044,0.304,0.215,0.6183,0.1275,IM
3,1.6,4.5225,0.0928,0.5837,0.2795,0.2109,0.6363,0.126,IM
3,1.65,4.5675,0.102,0.5869,0.291,0.228,0.5939,0.1261,IM
2,1.6,4.57,0.1001,0.5665,0.2666,0.2238,0.6118,0.1246,IM
3,1.6,4.5625,0.1016,0.5853,0.2554,0.2237,0.5992,0.122,IM
3,1.75,4.52,0.093,0.5099,0.317,0.237,0.6136,0.1518,IM
3,1.75,4.5675,0.0948,0.4884,0.3063,0.2456,0.5893,0.1504,IM
2,1.75,4.565,0.1008,0.5285,0.323,0.2559,0.5787,0.1513,IM
2,1.75,4.4825,0.083,0.4992,0.3075,0.1842,0.6037,0.12,IM
3,1.75,4.475,0.0852,0.5187,0.3042,0.1847,0.5912,0.1163,IM
3,1.75,4.48,0.0872,0.5382,0.3279,0.1973,0.5934,0.1211,IM
3,1.75,4.4725,0.0892,0.5575,0.3177,0.1975,0.5808,0.1172,IM
3,1.75,4.4775,0.0899,0.5766,0.3345,0.2058,0.5829,0.1221,IM
2,1.75,4.57,0.0939,0.5086,0.3098,0.2156,0.5896,0.1246,IM
2,1.75,4.5625,0.0961,0.5273,0.3012,0.216,0.577,0.1213,IM
3,1.8,4.1665,0.0412,0.6384,0.3464,0.1527,0.4444,0.0707,BCC
2,1.8,4.159,0.0429,0.6603,0.3234,0.1518,0.4283,0.0676,BCC
3,1.8,4.1915,0.0392,0.6087,0.3755,0.1559,0.4593,0.078,BCC
3,1.8,4.1765,0.0424,0.6523,0.3299,0.1539,0.4274,0.0718,BCC
3,1.8,4.169,0.0437,0.6742,0.3046,0.1529,0.411,0.068,BCC
4,1.75,4.1765,0.0398,0.5977,0.366,0.1505,0.4445,0.068,BCC
2,1.75,4.1615,0.043,0.6413,0.3257,0.1488,0.4122,0.0626,BCC
2,1.75,4.154,0.0448,0.6633,0.3028,0.1479,0.3957,0.0592,BCC
3,1.75,4.194,0.0394,0.5898,0.3763,0.1533,0.4496,0.0734,BCC
2,1.75,4.1865,0.0409,0.6116,0.356,0.1523,0.4336,0.0708,BCC
4,1.75,4.179,0.0425,0.6334,0.3342,0.1513,0.4173,0.0677,BCC
4,1.75,4.1715,0.0442,0.6553,0.3106,0.1503,0.4008,0.0641,BCC
4,1.75,4.1965,0.042,0.6254,0.3413,0.1528,0.4156,0.072,BCC
3,1.75,4.189,0.0437,0.6473,0.3172,0.1517,0.3991,0.0683,BCC
4,1.7,4.1865,0.0377,0.5569,0.3742,0.1481,0.4375,0.0636,BCC
2,1.7,4.179,0.0395,0.5787,0.3593,0.1472,0.4216,0.0617,BCC
2,1.7,4.1715,0.0413,0.6004,0.3425,0.1464,0.4053,0.0594,BCC
4,1.7,4.164,0.043,0.6223,0.3237,0.1455,0.3888,0.0567,BCC
4,1.7,4.1815,0.0425,0.6144,0.3347,0.1485,0.402,0.0627,BCC
4,1.65,4.189,0.0366,0.5376,0.357,0.1445,0.4046,0.0558,BCC
4,1.65,4.1915,0.04,0.5734,0.3481,0.1465,0.3963,0.0594,BCC
3,1.65,4.184,0.042,0.5952,0.3307,0.1455,0.3796,0.0567,BCC
4,1.65,4.224,0.0355,0.5218,0.393,0.1509,0.4406,0.07,BCC
4,1.65,4.2165,0.0375,0.5437,0.3781,0.1499,0.4245,0.068,BCC
2,1.65,4.209,0.0395,0.5655,0.3614,0.1489,0.4081,0.0656,BCC
3,1.65,4.2015,0.0415,0.5873,0.3428,0.1479,0.3915,0.0628,BCC
3,1.65,4.194,0.0435,0.6091,0.3225,0.1468,0.3745,0.0595,BCC
4,1.65,4.2265,0.0389,0.5577,0.3727,0.1502,0.4113,0.071,BCC
4,1.65,4.2115,0.0429,0.6013,0.3319,0.148,0.3777,0.0645,BCC
4,1.65,4.229,0.0423,0.5934,0.3399,0.1481,0.3745,0.0687,BCC
4,1.6,4.2115,0.0382,0.5462,0.3524,0.1461,0.387,0.0594,BCC
3,1.6,4.2365,0.0353,0.5164,0.3825,0.1489,0.4141,0.068,BCC
4,1.6,4.229,0.0375,0.5384,0.3671,0.1478,0.3975,0.0657,BCC
4,1.6,4.2215,0.0397,0.5602,0.3499,0.1467,0.3806,0.0629,BCC
4,1.6,4.214,0.042,0.582,0.3309,0.1457,0.3634,0.0596,BCC
3,1.6,4.239,0.0391,0.5524,0.3613,0.1473,0.3829,0.0681,BCC
2,1.6,4.2315,0.0413,0.5742,0.3412,0.1462,0.3657,0.0647,BCC
3,1.8,4.168,0.0426,0.5876,0.3967,0.1597,0.4625,0.0642,BCC
3,1.8,4.188,0.0448,0.6157,0.3832,0.1672,0.4535,0.0718,BCC
3,1.75,4.178,0.04,0.546,0.3929,0.1561,0.4411,0.0575,BCC
4,1.75,4.1955,0.0395,0.5382,0.4123,0.162,0.4701,0.0655,BCC
3,1.75,4.188,0.0413,0.5601,0.4002,0.1613,0.4546,0.0641,BCC
4,1.75,4.1905,0.0443,0.5961,0.3817,0.1642,0.4376,0.0666,BCC
2,1.75,4.208,0.0438,0.5882,0.3917,0.1672,0.4428,0.0719,BCC
2,1.7,4.2005,0.0413,0.5544,0.3898,0.1617,0.4305,0.0623,BCC
3,1.65,4.203,0.0396,0.5345,0.3731,0.1582,0.3974,0.0545,BCC
2,1.65,4.2205,0.0389,0.5267,0.3922,0.1622,0.4218,0.0622,BCC
4,1.65,4.213,0.0412,0.5487,0.3793,0.1614,0.4056,0.0602,BCC
3,1.65,4.2055,0.0434,0.5706,0.3643,0.1606,0.389,0.0578,BCC
2,1.65,4.238,0.0383,0.5189,0.4084,0.1651,0.4337,0.0687,BCC
2,1.65,4.2305,0.0405,0.5409,0.3937,0.1642,0.4174,0.0666,BCC
3,1.65,4.223,0.0427,0.5628,0.3772,0.1633,0.4009,0.064,BCC
4,1.65,4.2405,0.0421,0.555,0.3883,0.1649,0.4042,0.0693,BCC
3,1.75,4.192,0.0432,0.5412,0.4083,0.1678,0.4341,0.0564,BCC
4,1.75,4.165,0.041,0.5988,0.357,0.141,0.4297,0.066,BCC
1,1.85,4.575,0.0346,0.1662,0.0931,0.2169,0.1715,0.1161,FCC
4,1.85,4.5425,0.0329,0.163,0.0916,0.2167,0.1718,0.115,FCC
4,1.9,4.529,0.0304,0.1424,0.1213,0.1618,0.2121,0.1484,FCC
1,1.85,4.5795,0.0446,0.1989,0.1861,0.1294,0.3366,0.1681,BCC+FCC
1,1.8,4.693,0.0463,0.1825,0.1638,0.1324,0.3052,0.1534,BCC+FCC
1,1.65,4.5655,0.0494,0.1915,0.164,0.1548,0.3447,0.1666,BCC+FCC
1,1.65,4.618,0.0496,0.1891,0.1641,0.1431,0.3457,0.157,BCC+FCC
1,1.65,4.6705,0.049,0.1861,0.1638,0.1286,0.3466,0.1465,BCC+FCC
1,1.65,4.5855,0.0482,0.189,0.1631,0.1421,0.3453,0.158,BCC+FCC
1,1.6,4.678,0.0502,0.1871,0.1643,0.1328,0.3579,0.1454,BCC+FCC
1,1.6,4.5605,0.0494,0.1911,0.1632,0.1436,0.3558,0.1587,BCC+FCC
1,1.55,4.6855,0.0506,0.1874,0.1645,0.1363,0.3679,0.1439,BCC+FCC
1,1.55,4.6205,0.051,0.1895,0.164,0.134,0.3668,0.1467,BCC+FCC
1,1.85,4.489,0.0352,0.1519,0.1244,0.1819,0.2314,0.1694,FCC
1,1.85,4.572,0.0451,0.1967,0.1841,0.123,0.3366,0.1827,BCC+FCC
1,1.8,4.6855,0.0459,0.1861,0.1646,0.1267,0.305,0.1683,BCC+FCC
1,1.75,4.6605,0.0471,0.1889,0.1647,0.1318,0.3223,0.1706,BCC+FCC
1,1.7,4.733,0.0526,0.193,0.1677,0.1382,0.3387,0.1703,BCC+FCC
1,1.7,4.603,0.0459,0.1903,0.1633,0.1352,0.3383,0.1731,BCC+FCC
1,1.65,4.578,0.0473,0.193,0.1634,0.1383,0.3532,0.1747,BCC+FCC
1,1.65,4.5455,0.0445,0.1917,0.1615,0.1373,0.353,0.1754,BCC+FCC
1,1.5,4.5565,0.0498,0.1749,0.1321,0.146,0.3494,0.1729,BCC+FCC
1,1.5,4.544,0.0476,0.1721,0.1298,0.1344,0.3495,0.1659,BCC+FCC
1,1.75,4.6855,0.0485,0.1928,0.1665,0.1268,0.3175,0.1829,BCC+FCC
1,1.7,4.693,0.052,0.1969,0.168,0.1324,0.3357,0.1848,BCC+FCC
1,1.7,4.628,0.0474,0.1939,0.1649,0.1311,0.3359,0.1857,BCC+FCC
1,1.65,4.558,0.0432,0.1911,0.16,0.1156,0.3527,0.1822,BCC+FCC
1,1.75,4.548,0.0411,0.178,0.1548,0.1185,0.3083,0.1932,BCC+FCC
2,1.75,4.4825,0.0976,0.4825,0.3582,0.1913,0.5779,0.2008,IM
2,1.75,4.495,0.1092,0.469,0.3241,0.278,0.5913,0.1793,IM
2,1.6,4.615,0.1074,0.4519,0.3868,0.3273,0.5657,0.2013,IM
4,1.85,4.7475,0.0407,0.1878,0.0891,0.1693,0.196,0.1101,FCC
1,1.9,4.52,0.0331,0.1348,0.0942,0.1932,0.1609,0.1382,FCC
1,1.9,4.54,0.0317,0.1327,0.093,0.1831,0.1607,0.1336,FCC
1,1.9,4.5075,0.0296,0.1286,0.0893,0.1822,0.1606,0.1328,FCC
4,1.9,4.5175,0.0334,0.1438,0.1023,0.1829,0.183,0.1382,FCC
4,1.9,4.56,0.0309,0.1305,0.0918,0.1715,0.1604,0.1284,FCC
2,1.9,4.5275,0.028,0.1266,0.0883,0.1707,0.1603,0.1277,FCC
1,1.85,4.515,0.0333,0.1374,0.0933,0.1841,0.1867,0.1409,FCC
4,1.85,4.535,0.0325,0.1351,0.092,0.1734,0.1867,0.1355,FCC
1,1.85,4.4975,0.0366,0.1512,0.1049,0.1947,0.206,0.1563,FCC
1,1.85,4.5275,0.0314,0.1342,0.0909,0.1703,0.1835,0.1412,FCC
1,1.8,4.535,0.0343,0.143,0.0949,0.173,0.209,0.1491,FCC
3,1.6,4.465,0.1208,0.6094,0.3572,0.2867,0.5846,0.1824,IM
2,1.55,4.4775,0.1158,0.566,0.3272,0.2816,0.5912,0.2048,IM
2,1.6,4.505,0.1179,0.5495,0.3277,0.2827,0.575,0.2041,IM
2,1.55,4.48,0.1189,0.5522,0.3276,0.2929,0.5888,0.2018,IM
2,1.6,4.478,0.1107,0.5302,0.2999,0.2295,0.5904,0.2138,IM
2,1.6,4.507,0.1004,0.4734,0.2918,0.2168,0.6112,0.2195,IM
2,1.55,4.468,0.1062,0.4987,0.2743,0.2343,0.6289,0.2188,IM
2,1.55,4.4745,0.104,0.4932,0.3087,0.2288,0.6104,0.2139,IM
2,1.6,4.4705,0.1055,0.5265,0.3055,0.2221,0.5888,0.2326,IM
3,1.55,4.465,0.1018,0.5503,0.3295,0.2696,0.6507,0.2319,IM
3,1.55,4.615,0.1131,0.4709,0.3746,0.3361,0.5723,0.1937,IM
3,1.55,4.6075,0.1155,0.4873,0.3633,0.3371,0.5607,0.1879,IM
1,1.95,4.524,0.0353,0.1543,0.1321,0.1852,0.2091,0.1565,FCC
1,1.95,4.4915,0.0331,0.1489,0.1283,0.1845,0.209,0.1561,FCC
1,1.95,4.544,0.0346,0.1531,0.1316,0.1723,0.2088,0.1511,FCC
1,1.85,4.628,0.0461,0.1898,0.1679,0.1245,0.2958,0.1821,BCC+FCC
4,1.9,4.4375,0.0338,0.1757,0.0826,0.27,0.1718,0.1529,FCC
4,1.9,4.51,0.0362,0.1797,0.0856,0.2456,0.1714,0.1437,FCC
2,1.7,4.4735,0.0921,0.6013,0.3261,0.2042,0.6184,0.1576,IM
2,1.75,4.4835,0.0928,0.561,0.344,0.1886,0.5977,0.1795,IM
3,1.75,4.555,0.0702,0.3691,0.2725,0.1667,0.5842,0.206,IM
4,1.5,4.1925,0.0431,0.4856,0.2792,0.1477,0.5662,0.1177,BCC
4,1.75,4.0965,0.0369,0.5174,0.343,0.1449,0.5937,0.1166,BCC
4,1.65,4.129,0.0369,0.4917,0.3364,0.1478,0.5563,0.115,BCC
2,1.65,4.1215,0.0391,0.5124,0.3194,0.147,0.541,0.1132,BCC
4,1.6,4.134,0.0402,0.5097,0.3071,0.147,0.5144,0.1112,BCC
2,1.55,4.154,0.0391,0.4857,0.3128,0.1473,0.5031,0.1113,BCC
3,1.8,4.088,0.0384,0.5219,0.3693,0.1456,0.6289,0.1149,BCC
3,1.75,4.137,0.0391,0.4605,0.4008,0.1614,0.6429,0.116,BCC
3,1.75,4.1295,0.0409,0.4825,0.395,0.1612,0.6275,0.1151,BCC
4,1.8,4.1115,0.0424,0.4867,0.3516,0.1332,0.6391,0.117,BCC
2,1.8,4.104,0.0439,0.5089,0.3549,0.1332,0.6237,0.1162,BCC
3,1.75,4.104,0.0377,0.4844,0.3434,0.134,0.6244,0.1143,BCC
4,1.75,4.089,0.0408,0.5277,0.3347,0.1336,0.5938,0.1124,BCC
3,1.75,4.124,0.0422,0.4813,0.3436,0.1398,0.614,0.1161,BCC
3,1.75,4.109,0.0457,0.5255,0.3436,0.1395,0.5834,0.114,BCC
4,1.75,4.1015,0.0475,0.5474,0.3374,0.1394,0.5682,0.1126,BCC
3,1.75,4.1515,0.0449,0.4452,0.3206,0.145,0.618,0.1188,BCC
3,1.6,4.1415,0.0385,0.4705,0.3149,0.1455,0.5496,0.1111,BCC
2,1.6,4.134,0.0407,0.4926,0.3104,0.145,0.5343,0.1097,BCC
3,1.6,4.1265,0.0429,0.5144,0.3021,0.1445,0.5189,0.1081,BCC
3,1.55,4.154,0.0383,0.4657,0.3048,0.1475,0.5243,0.1097,BCC
2,1.55,4.1465,0.0407,0.4878,0.2996,0.1469,0.5089,0.1082,BCC
4,1.8,4.1055,0.0416,0.4923,0.3683,0.1387,0.6423,0.1145,BCC
3,1.8,4.098,0.0432,0.5142,0.3667,0.1387,0.627,0.1137,BCC
4,1.8,4.0905,0.0447,0.5359,0.3613,0.1387,0.6118,0.1127,BCC
3,1.8,4.133,0.044,0.4615,0.3577,0.1431,0.6478,0.1171,BCC
4,1.75,4.133,0.0382,0.4424,0.3486,0.1453,0.6484,0.1149,BCC
4,1.75,4.1255,0.04,0.465,0.3571,0.1452,0.633,0.1144,BCC
2,1.75,4.118,0.0418,0.4873,0.3596,0.1451,0.6177,0.1136,BCC
4,1.75,4.1105,0.0436,0.5093,0.3573,0.145,0.6025,0.1127,BCC
4,1.8,4.1345,0.0418,0.4472,0.3707,0.1481,0.6664,0.115,BCC
2,1.8,4.127,0.0436,0.4698,0.3804,0.1482,0.651,0.1145,BCC
3,1.75,4.0925,0.0351,0.5114,0.3404,0.1316,0.6044,0.1169,BCC
2,1.75,4.1275,0.0381,0.4733,0.3614,0.1396,0.622,0.1207,BCC
3,1.75,4.105,0.0427,0.539,0.3432,0.1384,0.5762,0.1169,BCC
2,1.75,4.0975,0.0443,0.5606,0.331,0.138,0.5609,0.1152,BCC
2,1.75,4.1475,0.042,0.4651,0.3618,0.1461,0.6085,0.1223,BCC
3,1.75,4.1025,0.0366,0.5244,0.3454,0.1393,0.586,0.1188,BCC
4,1.75,4.095,0.0387,0.5452,0.3291,0.1387,0.5708,0.1171,BCC
4,1.75,4.1225,0.0423,0.5311,0.3623,0.147,0.5714,0.1199,BCC
2,1.75,4.115,0.0438,0.5527,0.3482,0.1465,0.5562,0.1181,BCC
3,1.75,4.1125,0.038,0.5372,0.3423,0.1449,0.5628,0.1198,BCC
3,1.75,4.105,0.0398,0.5579,0.3227,0.1442,0.5477,0.1177,BCC
2,1.65,4.11,0.0394,0.5255,0.3049,0.1356,0.5373,0.1124,BCC
2,1.65,4.1525,0.0378,0.4631,0.3432,0.1455,0.5697,0.1184,BCC
4,1.65,4.145,0.0398,0.4854,0.3394,0.1449,0.5545,0.1169,BCC
3,1.65,4.1375,0.0418,0.5075,0.3318,0.1443,0.5392,0.1153,BCC
3,1.65,4.13,0.0438,0.5293,0.3213,0.1437,0.5239,0.1135,BCC
3,1.65,4.1275,0.0389,0.5175,0.3223,0.1415,0.533,0.1153,BCC
2,1.65,4.145,0.0384,0.5094,0.337,0.1458,0.5241,0.1179,BCC
2,1.65,4.1375,0.0402,0.5305,0.3183,0.1449,0.5089,0.1156,BCC
3,1.65,4.13,0.0422,0.5515,0.2975,0.144,0.4935,0.113,BCC
4,1.6,4.1575,0.0396,0.4803,0.3292,0.1465,0.5282,0.1154,BCC
4,1.6,4.1325,0.042,0.535,0.2922,0.1406,0.4908,0.1109,BCC
4,1.6,4.1575,0.0394,0.5057,0.3251,0.1449,0.4969,0.1157,BCC
4,1.55,4.135,0.0415,0.518,0.2803,0.1369,0.4846,0.1085,BCC
4,1.55,4.17,0.0392,0.475,0.3188,0.1473,0.5016,0.1136,BCC
4,1.55,4.1625,0.0416,0.4972,0.31,0.1466,0.4861,0.1116,BCC
3,1.55,4.17,0.0402,0.5019,0.313,0.1434,0.4694,0.1134,BCC
2,1.55,4.1875,0.0396,0.4938,0.3256,0.1448,0.4563,0.1153,BCC
3,1.75,4.4625,0.0947,0.5361,0.3445,0.205,0.6064,0.1421,IM
2,1.8,4.4685,0.1065,0.5679,0.3277,0.2046,0.5827,0.1384,IM
2,1.8,4.49,0.1014,0.5276,0.3451,0.2024,0.5903,0.1412,IM
2,1.75,4.476,0.1108,0.577,0.3243,0.2156,0.5965,0.1326,IM
2,1.75,4.517,0.1174,0.5712,0.2955,0.2186,0.5571,0.131,IM
3,1.75,4.465,0.1028,0.5318,0.345,0.2147,0.6042,0.1378,IM
2,1.75,4.506,0.109,0.5276,0.3186,0.2174,0.5647,0.1365,IM
4,1.75,4.4735,0.1063,0.5231,0.3215,0.2189,0.5647,0.1387,IM
2,1.75,4.495,0.1006,0.4827,0.3343,0.2148,0.5724,0.1417,IM
2,1.7,4.511,0.1059,0.4801,0.3086,0.2283,0.5467,0.1364,IM
1,1.9,4.5975,0.0385,0.1771,0.107,0.2239,0.1764,0.1129,FCC
1,1.9,4.565,0.0367,0.1744,0.1058,0.2238,0.1764,0.1125,FCC
1,1.95,4.5315,0.0357,0.157,0.1339,0.1884,0.2055,0.148,FCC
1,1.95,4.499,0.0337,0.1533,0.1308,0.1877,0.2052,0.1479,FCC
4,1.95,4.519,0.0325,0.1517,0.1302,0.1756,0.2055,0.1414,FCC
1,1.75,4.6205,0.0472,0.1923,0.1696,0.1369,0.3167,0.1276,BCC+FCC
3,1.7,4.57,0.1221,0.5227,0.3766,0.313,0.5904,0.1501,IM
3,1.7,4.62,0.1227,0.4995,0.372,0.3218,0.5848,0.1455,IM
3,1.6,4.5525,0.1263,0.5291,0.3729,0.3321,0.6226,0.1414,IM
3,1.65,4.595,0.1236,0.5012,0.372,0.3317,0.6012,0.1425,IM
3,1.65,4.5625,0.1216,0.5001,0.3755,0.333,0.6014,0.1447,IM
2,1.6,4.6025,0.1264,0.5036,0.3683,0.3401,0.617,0.1371,IM
3,1.6,4.57,0.1244,0.5028,0.3719,0.3414,0.6172,0.1394,IM
3,1.6,4.6045,0.1234,0.504,0.3471,0.2958,0.5915,0.118,IM
3,1.6,4.5345,0.1178,0.5793,0.2819,0.2479,0.5766,0.1218,IM
3,1.6,4.576,0.1009,0.496,0.2562,0.2327,0.6266,0.1428,IM
2,1.6,4.534,0.1211,0.5831,0.3237,0.2674,0.5906,0.1374,IM
3,1.6,4.566,0.11,0.5039,0.335,0.2572,0.6186,0.1367,IM
4,1.55,4.564,0.1248,0.5554,0.3129,0.2847,0.5603,0.1308,IM
3,1.55,4.568,0.1197,0.5214,0.2924,0.27,0.5982,0.135,IM
3,1.75,4.4935,0.0813,0.4923,0.3452,0.1838,0.5854,0.1212,IM
2,1.8,4.5225,0.0872,0.4912,0.358,0.1836,0.5936,0.1246,IM
3,1.75,4.5145,0.0947,0.5409,0.3202,0.1899,0.5649,0.1218,IM
3,1.8,4.5845,0.1075,0.5309,0.308,0.1943,0.535,0.1241,IM
4,1.7,4.4895,0.0959,0.5455,0.3202,0.2036,0.5799,0.1181,IM
4,1.7,4.5095,0.0886,0.4995,0.3201,0.201,0.5599,0.116,IM
3,1.75,4.581,0.1038,0.4941,0.3225,0.2042,0.5566,0.124,IM
2,1.8,4.4885,0.0772,0.4488,0.2747,0.1742,0.6487,0.134,IM
3,1.75,4.474,0.0965,0.5567,0.3665,0.2037,0.7013,0.1323,IM
3,1.65,4.602,0.1209,0.5158,0.2798,0.2369,0.5657,0.1265,IM
3,1.55,4.571,0.1149,0.4987,0.2924,0.2491,0.606,0.1268,IM
3,1.6,4.5705,0.1239,0.5235,0.2544,0.2481,0.5971,0.1303,IM
3,1.6,4.577,0.1221,0.5178,0.2798,0.2474,0.5789,0.1228,IM
3,1.55,4.635,0.1262,0.5061,0.2883,0.3029,0.5784,0.136,IM
3,1.7,4.605,0.1179,0.4952,0.3224,0.268,0.5937,0.1383,IM
3,1.7,4.618,0.129,0.5674,0.3741,0.3103,0.5896,0.1269,IM
3,1.7,4.573,0.1334,0.5928,0.3696,0.3149,0.6179,0.1228,IM
3,1.75,4.1065,0.0422,0.6567,0.3287,0.1378,0.6802,0.0727,BCC
3,1.75,4.099,0.0436,0.679,0.3209,0.1376,0.6647,0.0714,BCC
4,1.7,4.1115,0.0444,0.6727,0.3099,0.1423,0.6388,0.0698,BCC
3,1.65,4.154,0.0379,0.578,0.3104,0.1475,0.6747,0.0732,BCC
3,1.65,4.1465,0.0397,0.6,0.3144,0.1472,0.6592,0.0724,BCC
2,1.65,4.1315,0.0433,0.6441,0.3076,0.1464,0.6284,0.0697,BCC
2,1.65,4.124,0.045,0.6664,0.2986,0.146,0.6131,0.068,BCC
2,1.5,4.1765,0.0408,0.603,0.2812,0.1531,0.5659,0.0658,BCC
3,1.5,4.169,0.0432,0.6251,0.2735,0.1525,0.5506,0.0634,BCC
2,1.75,4.1205,0.0467,0.6484,0.3454,0.1486,0.6735,0.0717,BCC
3,1.6,4.173,0.042,0.5848,0.3222,0.1618,0.6266,0.07,BCC
4,1.5,4.198,0.0398,0.5717,0.303,0.1661,0.5747,0.0665,BCC
3,1.5,4.1905,0.0425,0.5937,0.2996,0.1655,0.5594,0.0643,BCC
3,1.5,4.183,0.0451,0.6156,0.2923,0.165,0.5441,0.0617,BCC
4,1.75,4.1025,0.0377,0.6772,0.3257,0.136,0.67,0.0785,BCC
4,1.75,4.095,0.0388,0.6997,0.3122,0.1356,0.6546,0.0769,BCC
4,1.65,4.145,0.0396,0.6574,0.3216,0.1469,0.6087,0.08,BCC
4,1.65,4.1375,0.0412,0.6797,0.3052,0.1461,0.5936,0.0777,BCC
3,1.65,4.13,0.0427,0.7022,0.2864,0.1454,0.5785,0.075,BCC
3,1.65,4.1475,0.0423,0.6943,0.2998,0.1497,0.5668,0.079,BCC
3,1.6,4.15,0.0422,0.6737,0.2927,0.1462,0.5667,0.0751,BCC
3,1.6,4.16,0.0435,0.6882,0.2868,0.1488,0.5396,0.0759,BCC
4,1.55,4.1525,0.0416,0.6532,0.2783,0.1426,0.5638,0.0705,BCC
2,1.55,4.145,0.0436,0.6755,0.2619,0.1417,0.5485,0.0676,BCC
4,1.55,4.1775,0.039,0.6232,0.3129,0.1475,0.5701,0.0778,BCC
4,1.55,4.17,0.041,0.6454,0.2976,0.1466,0.555,0.0752,BCC
3,1.55,4.1625,0.043,0.6676,0.2798,0.1457,0.5398,0.0722,BCC
4,1.55,4.19,0.0438,0.6742,0.285,0.1488,0.4973,0.0756,BCC
3,1.5,4.1875,0.0354,0.5809,0.2984,0.1449,0.5828,0.075,BCC
2,1.5,4.18,0.0376,0.6029,0.2908,0.1441,0.5676,0.0729,BCC
2,1.5,4.165,0.042,0.647,0.2655,0.1423,0.5372,0.0677,BCC
2,1.5,4.1575,0.0442,0.6693,0.2482,0.1414,0.5219,0.0645,BCC
3,1.5,4.1975,0.0369,0.5952,0.3144,0.1474,0.5583,0.0779,BCC
3,1.5,4.2075,0.0385,0.6094,0.3188,0.1485,0.5304,0.0795,BCC
3,1.5,4.2,0.0407,0.6315,0.3014,0.1475,0.5153,0.0763,BCC
3,1.5,4.1925,0.043,0.6536,0.2816,0.1464,0.5001,0.0727,BCC
2,1.5,4.2175,0.0401,0.6237,0.3152,0.1484,0.4999,0.0797,BCC
4,1.5,4.21,0.0423,0.6458,0.2944,0.1473,0.4847,0.0759,BCC
4,1.75,4.1125,0.0434,0.6442,0.3185,0.1321,0.6744,0.0766,BCC
4,1.75,4.105,0.0447,0.6665,0.3142,0.1319,0.6589,0.0753,BCC
3,1.65,4.1375,0.0436,0.6313,0.2982,0.141,0.6221,0.0736,BCC
3,1.6,4.15,0.0434,0.6248,0.2876,0.1439,0.596,0.0718,BCC
3,1.55,4.1625,0.043,0.6182,0.2766,0.1459,0.5699,0.0697,BCC
2,1.5,4.19,0.0375,0.5677,0.2676,0.1485,0.5742,0.0717,BCC
4,1.5,4.1825,0.0399,0.5897,0.2689,0.1478,0.5589,0.0697,BCC
3,1.5,4.175,0.0424,0.6117,0.2651,0.1471,0.5436,0.0673,BCC
4,1.5,4.1675,0.0448,0.6337,0.2571,0.1464,0.5283,0.0645,BCC
4,1.5,4.2025,0.0446,0.5637,0.2706,0.1556,0.5449,0.072,BCC
2,1.9,4.084,0.0394,0.7219,0.3812,0.1589,0.5073,0.0719,BCC
3,1.9,4.0765,0.0413,0.7449,0.363,0.1585,0.4922,0.0701,BCC
4,1.85,4.0765,0.0393,0.6865,0.3675,0.1439,0.4178,0.0583,BCC
2,1.85,4.069,0.0401,0.7091,0.3561,0.1437,0.4043,0.0573,BCC
4,1.85,4.094,0.039,0.6786,0.3862,0.1542,0.4805,0.0663,BCC
4,1.85,4.0865,0.0399,0.7011,0.3728,0.1538,0.4659,0.0651,BCC
4,1.85,4.0965,0.0405,0.7158,0.3701,0.1614,0.4851,0.0701,BCC
4,1.85,4.089,0.0425,0.7387,0.3515,0.161,0.4699,0.068,BCC
3,1.8,4.0965,0.0395,0.658,0.3665,0.1487,0.4187,0.058,BCC
3,1.8,4.089,0.0406,0.6803,0.3572,0.1484,0.4048,0.0571,BCC
4,1.8,4.0815,0.0417,0.7029,0.3452,0.1481,0.3905,0.0558,BCC
3,1.8,4.114,0.0392,0.6502,0.3874,0.1577,0.4761,0.0662,BCC
2,1.8,4.1065,0.0403,0.6724,0.3758,0.1573,0.4614,0.065,BCC
2,1.8,4.099,0.0414,0.6949,0.3619,0.1569,0.4465,0.0635,BCC
4,1.8,4.1315,0.0388,0.6424,0.4051,0.1648,0.5081,0.0731,BCC
2,1.8,4.124,0.0399,0.6646,0.3915,0.1643,0.4929,0.0717,BCC
4,1.8,4.1165,0.0411,0.687,0.376,0.1638,0.4777,0.07,BCC
4,1.8,4.109,0.0422,0.7096,0.3587,0.1632,0.4623,0.068,BCC
3,1.8,4.1415,0.0396,0.6567,0.4049,0.1698,0.5093,0.0775,BCC
3,1.8,4.119,0.0431,0.7243,0.3495,0.1678,0.4627,0.0709,BCC
4,1.8,4.1115,0.0449,0.7474,0.3278,0.1672,0.4469,0.068,BCC
3,1.75,4.1165,0.039,0.6297,0.3632,0.1527,0.4185,0.0578,BCC
2,1.75,4.109,0.0404,0.6518,0.3564,0.1523,0.4042,0.0569,BCC
4,1.75,4.094,0.043,0.6966,0.3341,0.1515,0.3747,0.0539,BCC
3,1.75,4.119,0.0413,0.6663,0.3652,0.1596,0.4412,0.0634,BCC
4,1.75,4.104,0.044,0.7113,0.3343,0.1585,0.4103,0.0594,BCC
3,1.75,4.1515,0.0383,0.6142,0.4067,0.1667,0.5005,0.0729,BCC
3,1.75,4.1215,0.0436,0.7033,0.3472,0.1643,0.4387,0.0657,BCC
3,1.75,4.114,0.0449,0.7261,0.3276,0.1636,0.4227,0.0629,BCC
3,1.75,4.1615,0.0392,0.6285,0.4098,0.1708,0.5,0.0775,BCC
4,1.75,4.154,0.0405,0.6506,0.3942,0.1701,0.4845,0.0757,BCC
2,1.75,4.1465,0.0419,0.6729,0.3769,0.1694,0.4689,0.0735,BCC
4,1.75,4.139,0.0432,0.6954,0.358,0.1686,0.4531,0.071,BCC
2,1.75,4.1315,0.0445,0.7181,0.3375,0.1679,0.4372,0.0681,BCC
3,1.75,4.174,0.0424,0.6796,0.3751,0.1739,0.4563,0.0796,BCC
2,1.7,4.154,0.0375,0.5938,0.3843,0.1628,0.4658,0.0658,BCC
3,1.7,4.1465,0.039,0.6158,0.377,0.1622,0.4507,0.0647,BCC
4,1.7,4.139,0.0406,0.6379,0.3669,0.1617,0.4354,0.0633,BCC
3,1.7,4.124,0.0437,0.6824,0.3395,0.1605,0.4041,0.0593,BCC
3,1.7,4.164,0.0386,0.6081,0.3967,0.1674,0.4772,0.0715,BCC
4,1.7,4.1415,0.0433,0.6746,0.3536,0.1654,0.4302,0.0657,BCC
2,1.65,4.1565,0.0362,0.5734,0.3484,0.1586,0.4151,0.0572,BCC
3,1.65,4.134,0.0415,0.6394,0.3357,0.157,0.3696,0.0536,BCC
2,1.65,4.174,0.0357,0.5657,0.3792,0.1645,0.4598,0.0656,BCC
4,1.65,4.1665,0.0374,0.5877,0.3748,0.1639,0.4445,0.0645,BCC
4,1.65,4.159,0.0392,0.6096,0.367,0.1632,0.4291,0.0631,BCC
4,1.65,4.184,0.0369,0.58,0.397,0.1682,0.4689,0.0714,BCC
3,1.65,4.169,0.0405,0.624,0.3738,0.1668,0.4375,0.068,BCC
4,1.65,4.1615,0.0422,0.6461,0.359,0.166,0.4215,0.0657,BCC
4,1.65,4.154,0.044,0.6683,0.3421,0.1653,0.4052,0.063,BCC
3,1.65,4.1715,0.0435,0.6605,0.3542,0.1681,0.4169,0.0683,BCC
3,1.6,4.1865,0.0352,0.5595,0.3701,0.165,0.438,0.0643,BCC
3,1.6,4.1715,0.0392,0.6034,0.3567,0.1636,0.4064,0.0613,BCC
4,1.6,4.1965,0.0366,0.5738,0.3871,0.1678,0.4446,0.0698,BCC
4,1.6,4.1815,0.0406,0.6178,0.363,0.1662,0.4124,0.0657,BCC
3,1.55,4.2015,0.0382,0.5895,0.3657,0.166,0.4031,0.0657,BCC
3,1.55,4.194,0.0405,0.6115,0.352,0.1651,0.3864,0.0631,BCC
4,1.9,4.078,0.044,0.6857,0.3933,0.1483,0.422,0.0584,BCC
2,1.9,4.0705,0.0449,0.7083,0.3826,0.1483,0.409,0.0575,BCC
3,1.9,4.098,0.0453,0.7151,0.3966,0.1697,0.5005,0.0707,BCC
4,1.85,4.1155,0.0436,0.6492,0.4127,0.1651,0.4882,0.0664,BCC
3,1.85,4.108,0.0448,0.6715,0.4017,0.1649,0.4738,0.0653,BCC
4,1.85,4.118,0.0455,0.6861,0.4023,0.1729,0.4935,0.0706,BCC
2,1.8,4.118,0.0432,0.6284,0.3883,0.1596,0.4257,0.0578,BCC
2,1.8,4.1105,0.0446,0.6505,0.3823,0.1595,0.412,0.057,BCC
4,1.8,4.103,0.0459,0.6728,0.3732,0.1592,0.3979,0.0559,BCC
2,1.8,4.1205,0.0455,0.665,0.3914,0.1683,0.4546,0.0638,BCC
2,1.8,4.113,0.0468,0.6874,0.3778,0.168,0.4396,0.0622,BCC
2,1.8,4.1455,0.0438,0.6351,0.4203,0.176,0.5014,0.072,BCC
3,1.8,4.138,0.0451,0.6573,0.4069,0.1756,0.4862,0.0706,BCC
4,1.75,4.138,0.0418,0.6,0.3821,0.164,0.4257,0.0575,BCC
2,1.75,4.1305,0.0434,0.622,0.3791,0.1637,0.4117,0.0568,BCC
3,1.75,4.1155,0.0465,0.6663,0.3629,0.1631,0.3825,0.0543,BCC
2,1.75,4.148,0.0429,0.6143,0.4023,0.1718,0.4644,0.065,BCC
4,1.75,4.133,0.046,0.6586,0.381,0.171,0.4342,0.0621,BCC
3,1.75,4.1655,0.0425,0.6067,0.4219,0.1782,0.4938,0.0719,BCC
4,1.75,4.1505,0.0456,0.6509,0.3964,0.1772,0.463,0.0687,BCC
4,1.75,4.143,0.0471,0.6731,0.3807,0.1766,0.4474,0.0666,BCC
2,1.7,4.168,0.041,0.586,0.3997,0.1743,0.4589,0.0648,BCC
4,1.7,4.1605,0.0428,0.6079,0.3927,0.1738,0.4438,0.0636,BCC
3,1.7,4.1705,0.0441,0.6223,0.3999,0.1787,0.4549,0.0686,BCC
3,1.65,4.178,0.0375,0.5432,0.3593,0.1706,0.4228,0.0569,BCC
4,1.65,4.1705,0.039,0.5652,0.3644,0.1701,0.4082,0.0562,BCC
3,1.65,4.188,0.0385,0.5576,0.3947,0.1763,0.4529,0.0646,BCC
3,1.65,4.1805,0.0404,0.5795,0.3904,0.1757,0.4376,0.0634,BCC
3,1.65,4.198,0.0399,0.5719,0.4122,0.1804,0.4621,0.0703,BCC
3,1.65,4.1905,0.0419,0.5939,0.402,0.1797,0.4464,0.0686,BCC
4,1.65,4.183,0.0439,0.6159,0.3895,0.1791,0.4305,0.0665,BCC
4,1.85,4.1195,0.0474,0.6257,0.4126,0.1639,0.431,0.0578,BCC
4,1.85,4.137,0.047,0.6181,0.4361,0.175,0.4959,0.0662,BCC
3,1.8,4.1395,0.0457,0.5972,0.4059,0.1694,0.4325,0.0574,BCC
4,1.8,4.1495,0.0468,0.6115,0.4268,0.179,0.4773,0.0652,BCC
4,1.75,4.1595,0.0435,0.5686,0.3959,0.1741,0.4329,0.0571,BCC
4,1.75,4.177,0.0433,0.5611,0.4268,0.1827,0.4872,0.0658,BCC
3,1.75,4.1695,0.0446,0.583,0.4239,0.1824,0.4725,0.065,BCC
2,1.75,4.191,0.0471,0.5503,0.4414,0.1921,0.4805,0.0649,BCC
3,1.75,4.119,0.0446,0.6162,0.3358,0.1485,0.3479,0.0529,BCC
2,1.9,4.0725,0.0412,0.7186,0.3704,0.1444,0.4788,0.0695,BCC
4,1.9,4.065,0.0419,0.7415,0.3551,0.1441,0.464,0.0679,BCC
2,1.85,4.075,0.0421,0.6974,0.3541,0.1382,0.423,0.0622,BCC
3,1.85,4.085,0.0427,0.7121,0.3595,0.1483,0.4587,0.0679,BCC
3,1.8,4.095,0.0422,0.6685,0.3529,0.1431,0.4214,0.062,BCC
4,1.8,4.0875,0.0433,0.6909,0.3435,0.1428,0.4068,0.0607,BCC
4,1.8,4.1125,0.0418,0.6607,0.3743,0.1522,0.4679,0.0693,BCC
2,1.8,4.105,0.0429,0.6831,0.3625,0.1518,0.4528,0.0678,BCC
3,1.8,4.13,0.0415,0.6529,0.3923,0.1594,0.4936,0.0755,BCC
4,1.8,4.1225,0.0426,0.6752,0.3786,0.1588,0.4782,0.0738,BCC
3,1.8,4.115,0.0437,0.6977,0.3628,0.1582,0.4627,0.0718,BCC
2,1.8,4.1075,0.0448,0.7205,0.3452,0.1577,0.4471,0.0694,BCC
4,1.75,4.1075,0.0429,0.6621,0.3427,0.1467,0.404,0.0606,BCC
3,1.75,4.1,0.0442,0.6844,0.3326,0.1463,0.3888,0.0589,BCC
2,1.75,4.1325,0.0411,0.6321,0.3737,0.155,0.4618,0.0692,BCC
4,1.75,4.125,0.0425,0.6543,0.364,0.1545,0.4465,0.0677,BCC
3,1.75,4.1175,0.0438,0.6766,0.3517,0.154,0.431,0.0659,BCC
4,1.75,4.11,0.0451,0.6991,0.337,0.1534,0.4153,0.0637,BCC
3,1.75,4.1525,0.046,0.6085,0.3831,0.1618,0.4583,0.0721,BCC
3,1.75,4.1425,0.0421,0.6466,0.3819,0.1606,0.4698,0.0738,BCC
2,1.75,4.1275,0.0448,0.6913,0.3515,0.1593,0.4384,0.0695,BCC
2,1.75,4.1125,0.0474,0.7368,0.3134,0.158,0.4061,0.0635,BCC
4,1.75,4.145,0.0444,0.6834,0.3638,0.1638,0.4493,0.0744,BCC
4,1.7,4.1275,0.0418,0.6334,0.3397,0.1499,0.4005,0.0604,BCC
3,1.7,4.1475,0.044,0.6624,0.3567,0.1604,0.4294,0.0695,BCC
3,1.65,4.155,0.0383,0.583,0.3346,0.153,0.4117,0.0614,BCC
4,1.65,4.175,0.0435,0.5588,0.3321,0.1601,0.4129,0.065,BCC
3,1.65,4.1675,0.0442,0.5806,0.3372,0.1596,0.3971,0.0637,BCC
4,1.65,4.16,0.0449,0.6025,0.3369,0.1591,0.3811,0.062,BCC
3,1.65,4.1725,0.0378,0.5754,0.366,0.1589,0.4482,0.0689,BCC
3,1.65,4.165,0.0396,0.5973,0.3614,0.1582,0.4325,0.0675,BCC
2,1.65,4.15,0.0431,0.6414,0.3427,0.1569,0.4006,0.0637,BCC
2,1.65,4.185,0.044,0.5731,0.3685,0.1657,0.4271,0.0704,BCC
2,1.65,4.1775,0.0447,0.595,0.364,0.1651,0.4111,0.0685,BCC
4,1.65,4.19,0.0373,0.5677,0.3918,0.1633,0.4678,0.0753,BCC
4,1.65,4.175,0.0408,0.6117,0.3735,0.1618,0.4362,0.0718,BCC
4,1.65,4.1675,0.0426,0.6338,0.3605,0.1611,0.4201,0.0696,BCC
3,1.65,4.16,0.0444,0.6559,0.3454,0.1603,0.4037,0.0669,BCC
3,1.65,4.2,0.0385,0.5821,0.403,0.1657,0.4606,0.0791,BCC
4,1.65,4.1775,0.0439,0.6482,0.359,0.1632,0.4123,0.0718,BCC
3,1.6,4.1925,0.0352,0.547,0.3579,0.16,0.4407,0.0687,BCC
3,1.6,4.185,0.0371,0.569,0.3567,0.1593,0.425,0.0674,BCC
3,1.6,4.1975,0.0437,0.5664,0.3593,0.1664,0.4026,0.0684,BCC
3,1.6,4.1975,0.042,0.6197,0.3646,0.1626,0.4014,0.0719,BCC
3,1.55,4.205,0.035,0.5406,0.3491,0.1598,0.417,0.0673,BCC
3,1.55,4.1975,0.0362,0.5625,0.3472,0.159,0.4008,0.0656,BCC
3,1.55,4.19,0.0384,0.5845,0.3414,0.1582,0.3843,0.0636,BCC
4,1.55,4.2075,0.0378,0.5769,0.3637,0.161,0.4006,0.0696,BCC
3,1.6,4.486,0.0814,0.5511,0.3033,0.2103,0.6001,0.1355,IM
3,1.7,4.472,0.098,0.6193,0.2948,0.2063,0.5869,0.1316,IM
2,1.7,4.4935,0.0942,0.5785,0.3149,0.2107,0.5946,0.134,IM
3,1.75,4.4625,0.0889,0.5547,0.3437,0.2066,0.615,0.1384,IM
3,1.75,4.484,0.0852,0.5137,0.3554,0.2084,0.6227,0.1406,IM
3,1.7,4.476,0.0901,0.5631,0.3163,0.2058,0.5918,0.1397,IM
2,1.65,4.4635,0.0847,0.526,0.308,0.2161,0.5795,0.1425,IM
2,1.7,4.465,0.0829,0.5116,0.3334,0.2107,0.5994,0.1446,IM
2,1.75,4.471,0.0961,0.5515,0.3201,0.2121,0.5755,0.1411,IM
4,1.8,4.4725,0.094,0.5368,0.3458,0.2018,0.5957,0.1432,IM
2,1.75,4.4925,0.0916,0.5107,0.3331,0.2137,0.5831,0.1437,IM
3,1.8,4.466,0.1004,0.5377,0.3235,0.2161,0.5532,0.1425,IM
2,1.75,4.5625,0.0895,0.4563,0.2778,0.1998,0.6145,0.1568,IM
3,1.8,4.4875,0.0774,0.481,0.3607,0.1732,0.5978,0.1322,IM
2,1.8,4.4775,0.0874,0.5295,0.3538,0.1839,0.6042,0.1398,IM
3,1.8,4.4975,0.0828,0.4835,0.3522,0.181,0.5844,0.1382,IM
3,1.8,4.4665,0.0797,0.4781,0.3675,0.1849,0.6118,0.1447,IM
3,1.85,4.471,0.0912,0.5119,0.3432,0.1824,0.5607,0.1366,IM
2,1.85,4.481,0.0962,0.5113,0.334,0.1893,0.5484,0.1416,IM
3,1.85,4.481,0.0733,0.4316,0.272,0.1608,0.6356,0.1413,IM
4,1.8,4.5025,0.0901,0.4933,0.3312,0.1889,0.6149,0.1545,IM
2,1.8,4.495,0.0917,0.5121,0.3411,0.1902,0.6026,0.1501,IM
2,1.8,4.484,0.0841,0.4614,0.3484,0.1904,0.6102,0.1548,IM
2,1.9,4.47,0.0953,0.4935,0.3342,0.1814,0.6258,0.1562,IM
3,1.85,4.465,0.0906,0.4718,0.3317,0.1894,0.6011,0.158,IM
3,1.75,4.406,0.0439,0.3,0.5088,0.2455,0.5858,0.1443,BCC
4,1.55,4.154,0.0424,0.5501,0.267,0.1336,0.5606,0.0787,BCC
2,1.55,4.1755,0.0423,0.5269,0.2965,0.1483,0.5694,0.0798,BCC
2,1.8,4.0865,0.0383,0.588,0.3385,0.1335,0.4721,0.0749,BCC
2,1.8,4.104,0.0376,0.5801,0.3553,0.1418,0.4949,0.0803,BCC
4,1.8,4.0965,0.0398,0.6015,0.3391,0.1412,0.4795,0.0784,BCC
2,1.8,4.1065,0.041,0.6149,0.3327,0.1468,0.4743,0.0805,BCC
4,1.75,4.1215,0.0348,0.519,0.357,0.138,0.4957,0.0774,BCC
4,1.75,4.114,0.0364,0.5407,0.35,0.1374,0.4807,0.0763,BCC
2,1.75,4.099,0.0395,0.5837,0.3272,0.1363,0.4501,0.0731,BCC
3,1.75,4.124,0.0375,0.5542,0.3586,0.144,0.4862,0.0803,BCC
3,1.75,4.119,0.0422,0.6106,0.3204,0.1471,0.4484,0.0778,BCC
3,1.7,4.1115,0.0408,0.5791,0.3157,0.1382,0.4272,0.071,BCC
3,1.7,4.1365,0.0385,0.5497,0.3477,0.1449,0.4617,0.0784,BCC
3,1.65,4.154,0.0338,0.4876,0.3419,0.1422,0.4664,0.0761,BCC
3,1.65,4.1315,0.0398,0.553,0.3178,0.14,0.4194,0.071,BCC
3,1.65,4.124,0.0418,0.5745,0.3038,0.1393,0.4033,0.0687,BCC
2,1.65,4.164,0.0352,0.5015,0.3606,0.1466,0.4681,0.0802,BCC
3,1.65,4.1565,0.0372,0.5233,0.3498,0.1458,0.4524,0.0784,BCC
4,1.65,4.149,0.0392,0.545,0.3365,0.145,0.4365,0.0762,BCC
3,1.65,4.134,0.0432,0.5881,0.3029,0.1433,0.4039,0.0708,BCC
2,1.65,4.159,0.0406,0.5587,0.3352,0.1477,0.4272,0.0781,BCC
2,1.65,4.1515,0.0426,0.5802,0.3161,0.1467,0.4109,0.075,BCC
2,1.6,4.1515,0.0382,0.5265,0.3181,0.1413,0.4112,0.071,BCC
4,1.85,4.1105,0.0382,0.5306,0.3915,0.1428,0.5307,0.0786,BCC
4,1.85,4.103,0.0395,0.5524,0.3859,0.1425,0.5161,0.0778,BCC
3,1.85,4.088,0.0422,0.5957,0.3657,0.142,0.4865,0.0754,BCC
2,1.8,4.123,0.0387,0.5255,0.3823,0.1472,0.5102,0.0777,BCC
4,1.8,4.1155,0.0403,0.5473,0.3761,0.1468,0.4954,0.0766,BCC
3,1.8,4.108,0.0418,0.5691,0.3669,0.1465,0.4804,0.0753,BCC
3,1.8,4.1005,0.0434,0.5908,0.355,0.1461,0.4653,0.0737,BCC
2,1.8,4.118,0.0429,0.5829,0.3713,0.1545,0.4881,0.0791,BCC
4,1.8,4.1105,0.0445,0.6045,0.3555,0.154,0.4726,0.077,BCC
3,1.75,4.143,0.0372,0.4984,0.3762,0.151,0.504,0.0775,BCC
3,1.75,4.1355,0.039,0.5204,0.373,0.1506,0.489,0.0765,BCC
4,1.75,4.128,0.0408,0.5422,0.3662,0.1501,0.4739,0.0752,BCC
4,1.75,4.1205,0.0426,0.564,0.3564,0.1497,0.4586,0.0737,BCC
4,1.75,4.113,0.0443,0.5857,0.3441,0.1492,0.4432,0.0718,BCC
3,1.75,4.138,0.0421,0.5561,0.3746,0.1569,0.4794,0.0791,BCC
3,1.75,4.1305,0.0438,0.5778,0.3604,0.1564,0.4639,0.0771,BCC
4,1.7,4.133,0.0431,0.5588,0.3458,0.152,0.4359,0.0718,BCC
4,1.7,4.158,0.0405,0.5291,0.3765,0.1588,0.4705,0.0791,BCC
4,1.65,4.153,0.0412,0.5318,0.3458,0.1542,0.4282,0.0718,BCC
4,1.65,4.1455,0.0434,0.5536,0.3349,0.1536,0.4123,0.0696,BCC
2,1.65,4.178,0.0383,0.5018,0.3766,0.1601,0.4613,0.0791,BCC
4,1.65,4.1705,0.0405,0.5238,0.366,0.1594,0.4455,0.0771,BCC
3,1.65,4.163,0.0427,0.5457,0.353,0.1587,0.4295,0.0748,BCC
4,1.8,4.1445,0.0408,0.502,0.4002,0.1584,0.5183,0.0777,BCC
3,1.8,4.137,0.0426,0.5241,0.3978,0.1582,0.5035,0.0768,BCC
3,1.8,4.1295,0.0444,0.546,0.3918,0.1579,0.4886,0.0756,BCC
3,1.8,4.1395,0.0456,0.5601,0.4006,0.1664,0.4967,0.0798,BCC
3,1.75,4.172,0.0365,0.4513,0.3835,0.1629,0.527,0.0781,BCC
4,1.75,4.1645,0.0384,0.4739,0.3904,0.1626,0.5122,0.0775,BCC
2,1.75,4.1495,0.0424,0.5184,0.3887,0.1619,0.4822,0.0755,BCC
2,1.75,4.142,0.0444,0.5405,0.3821,0.1616,0.467,0.0741,BCC
3,1.75,4.1345,0.0464,0.5624,0.3725,0.1612,0.4517,0.0725,BCC
4,1.75,4.1595,0.0438,0.5326,0.4022,0.1692,0.4881,0.0797,BCC
3,1.7,4.1695,0.0397,0.4906,0.383,0.1652,0.4753,0.0754,BCC
3,1.7,4.162,0.0419,0.5128,0.3793,0.1648,0.46,0.0741,BCC
3,1.65,4.182,0.0388,0.4847,0.3741,0.1673,0.4526,0.074,BCC
3,1.8,4.1735,0.0409,0.4526,0.4049,0.1686,0.541,0.0781,BCC
3,1.8,4.1585,0.0437,0.4977,0.4153,0.1683,0.5117,0.0768,BCC
3,1.75,4.186,0.0404,0.4464,0.3984,0.173,0.5203,0.0774,BCC
4,1.75,4.1785,0.0415,0.4692,0.4055,0.1728,0.5054,0.0767,BCC
4,1.75,4.171,0.0427,0.4916,0.4069,0.1725,0.4905,0.0757,BCC
4,1.75,4.1635,0.0449,0.5139,0.404,0.1723,0.4754,0.0745,BCC
3,1.75,4.156,0.0471,0.536,0.3976,0.172,0.4602,0.073,BCC
4,1.75,4.1315,0.0381,0.4991,0.3228,0.1358,0.474,0.0748,BCC
2,1.75,4.124,0.0399,0.5212,0.3298,0.1355,0.4593,0.074,BCC
4,1.75,4.1165,0.0417,0.5432,0.331,0.1352,0.4444,0.0729,BCC
4,1.75,4.109,0.0434,0.5651,0.3276,0.1348,0.4292,0.0715,BCC
3,1.75,4.144,0.0433,0.506,0.3253,0.1418,0.4592,0.077,BCC
4,1.75,4.129,0.0469,0.5502,0.3337,0.1413,0.4287,0.0742,BCC
3,1.7,4.1715,0.0411,0.4547,0.2794,0.1468,0.4683,0.0778,BCC
2,1.65,4.149,0.0391,0.5099,0.312,0.1424,0.418,0.0713,BCC
2,1.65,4.1415,0.0414,0.532,0.3116,0.1419,0.4022,0.0697,BCC
3,1.65,4.134,0.0436,0.5539,0.3068,0.1414,0.3861,0.0677,BCC
4,1.65,4.1265,0.0458,0.5758,0.2983,0.1408,0.3697,0.0654,BCC
3,1.6,4.169,0.036,0.4818,0.2983,0.1451,0.4116,0.0712,BCC
3,1.6,4.1465,0.0433,0.5482,0.2959,0.1433,0.3626,0.0654,BCC
2,1.8,4.133,0.0417,0.5007,0.3463,0.1418,0.4859,0.0749,BCC
4,1.8,4.1255,0.0435,0.5229,0.3544,0.1417,0.4714,0.0742,BCC
3,1.75,4.1305,0.0449,0.5391,0.3476,0.1469,0.4374,0.0718,BCC
4,1.75,4.173,0.0449,0.4528,0.3004,0.1528,0.4824,0.0779,BCC
3,1.65,4.1705,0.0396,0.4826,0.3238,0.1551,0.4265,0.0716,BCC
4,1.65,4.163,0.0411,0.5049,0.329,0.1547,0.4108,0.0702,BCC
2,1.75,4.1595,0.0445,0.4882,0.3549,0.1577,0.4604,0.0731,BCC
3,1.7,4.172,0.0439,0.4819,0.3477,0.1624,0.4405,0.072,BCC
4,1.65,4.192,0.0423,0.4527,0.3277,0.1664,0.4349,0.0718,BCC
4,1.65,4.177,0.0445,0.4979,0.3455,0.1658,0.4037,0.069,BCC
4,1.8,4.1,0.0379,0.5634,0.3465,0.1281,0.4904,0.08,BCC
4,1.8,4.0925,0.0392,0.5851,0.3368,0.1276,0.4752,0.0785,BCC
3,1.8,4.085,0.0405,0.6068,0.3244,0.1271,0.4599,0.0767,BCC
3,1.8,4.105,0.0465,0.5982,0.3396,0.1347,0.4542,0.0788,BCC
4,1.8,4.095,0.0416,0.6205,0.3251,0.1349,0.4622,0.0793,BCC
4,1.8,4.105,0.043,0.6343,0.3186,0.1405,0.4538,0.0806,BCC
2,1.75,4.12,0.0372,0.5367,0.3433,0.1316,0.4831,0.0799,BCC
3,1.75,4.1125,0.0387,0.5584,0.3361,0.131,0.4677,0.0785,BCC
3,1.75,4.105,0.0403,0.5801,0.3258,0.1304,0.4523,0.0767,BCC
2,1.75,4.0975,0.0418,0.6018,0.3128,0.1298,0.4366,0.0746,BCC
3,1.75,4.13,0.0383,0.5505,0.3575,0.1384,0.4842,0.0836,BCC
2,1.75,4.1075,0.0429,0.6156,0.313,0.1362,0.4369,0.0768,BCC
3,1.75,4.15,0.0428,0.5407,0.3701,0.1465,0.4742,0.0856,BCC
3,1.75,4.155,0.0363,0.5208,0.3877,0.1448,0.506,0.09,BCC
4,1.75,4.1175,0.0442,0.6294,0.306,0.1407,0.4271,0.0776,BCC
3,1.75,4.15,0.0405,0.5781,0.3572,0.1463,0.4583,0.0872,BCC
2,1.75,4.145,0.0448,0.6352,0.3014,0.146,0.4037,0.0794,BCC
4,1.65,4.1525,0.0358,0.5044,0.3278,0.1358,0.4518,0.0783,BCC
4,1.65,4.13,0.0418,0.57,0.303,0.1335,0.4038,0.0723,BCC
4,1.65,4.155,0.0392,0.5403,0.336,0.1394,0.4333,0.0795,BCC
4,1.65,4.1675,0.0441,0.5509,0.3387,0.1475,0.4057,0.0785,BCC
2,1.55,4.473,0.0797,0.5552,0.2702,0.1952,0.5653,0.1226,IM
4,1.6,4.4745,0.0773,0.5413,0.2982,0.1967,0.5855,0.1247,IM
3,1.7,4.476,0.0754,0.5096,0.3352,0.1881,0.5982,0.1251,IM
2,1.7,4.482,0.0896,0.572,0.3103,0.1983,0.5781,0.1231,IM
3,1.8,4.4635,0.0899,0.5837,0.3451,0.1823,0.6113,0.1247,IM
2,1.75,4.4635,0.0899,0.6028,0.3329,0.1928,0.6186,0.1262,IM
2,1.75,4.497,0.0878,0.5469,0.321,0.1819,0.5702,0.1244,IM
2,1.75,4.4985,0.0868,0.5514,0.3352,0.1849,0.5976,0.129,IM
2,1.7,4.5185,0.0845,0.525,0.3238,0.1954,0.5851,0.1295,IM
3,1.8,4.471,0.0708,0.4458,0.2733,0.1702,0.6541,0.1342,IM
3,1.7,4.471,0.0879,0.6027,0.3221,0.1997,0.639,0.1312,IM
3,1.85,4.5095,0.0811,0.4785,0.3551,0.1844,0.598,0.1367,IM
2,1.85,4.483,0.0835,0.4989,0.309,0.1583,0.5872,0.1295,IM
2,1.85,4.4845,0.0837,0.5036,0.3229,0.161,0.6149,0.1329,IM
3,1.85,4.477,0.0857,0.5225,0.3365,0.1624,0.602,0.1286,IM
3,1.85,4.497,0.0794,0.4764,0.3253,0.1595,0.582,0.1274,IM
3,1.85,4.4985,0.08,0.4811,0.3388,0.1619,0.6098,0.131,IM
4,1.5,4.389,0.037,0.3791,0.3729,0.1449,0.4771,0.1119,BCC
4,1.5,4.409,0.0388,0.363,0.3972,0.1637,0.4789,0.1119,BCC
3,1.5,4.404,0.038,0.3775,0.3666,0.1457,0.454,0.1108,BCC
3,1.45,4.4065,0.0353,0.3558,0.37,0.1438,0.4741,0.1157,BCC
3,1.5,4.408,0.0375,0.3597,0.3967,0.1621,0.4929,0.119,BCC
3,1.5,4.3855,0.0364,0.3522,0.3536,0.1415,0.5,0.1217,BCC
4,1.45,4.4105,0.03,0.2985,0.3942,0.1472,0.5398,0.1378,BCC
3,1.5,4.388,0.0307,0.295,0.3967,0.1444,0.5696,0.1445,BCC
3,1.75,4.3115,0.0378,0.2701,0.4047,0.2284,0.5049,0.1115,BCC
3,1.65,4.149,0.0408,0.4857,0.3008,0.1271,0.5173,0.0688,BCC
2,1.65,4.169,0.0448,0.5046,0.3248,0.1373,0.5003,0.0696,BCC
4,1.65,4.189,0.0473,0.5053,0.3466,0.1466,0.4831,0.0702,BCC
4,1.65,4.1865,0.0442,0.4965,0.3356,0.1403,0.4847,0.0724,BCC
2,1.6,4.1715,0.0437,0.487,0.318,0.1337,0.5013,0.0664,BCC
2,1.6,4.189,0.043,0.4789,0.332,0.1373,0.488,0.0699,BCC
4,1.6,4.209,0.0442,0.4779,0.3523,0.1469,0.4706,0.0705,BCC
4,1.55,4.174,0.042,0.469,0.3043,0.1298,0.4997,0.0624,BCC
2,1.55,4.194,0.0422,0.4662,0.3197,0.1391,0.484,0.0638,BCC
2,1.55,4.214,0.0439,0.4531,0.332,0.1477,0.4679,0.065,BCC
3,1.55,4.1715,0.0394,0.4476,0.3028,0.1233,0.5055,0.0654,BCC
4,1.55,4.1915,0.0412,0.4607,0.3226,0.1339,0.4892,0.0667,BCC
3,1.55,4.2115,0.0414,0.4581,0.3399,0.1436,0.4725,0.0677,BCC
3,1.55,4.2315,0.0435,0.445,0.3545,0.1524,0.4554,0.0685,BCC
3,1.55,4.189,0.0387,0.4393,0.317,0.1258,0.4928,0.0693,BCC
3,1.55,4.209,0.0404,0.4525,0.3381,0.1367,0.4755,0.0702,BCC
3,1.55,4.229,0.0405,0.4499,0.3569,0.1467,0.4579,0.0709,BCC
4,1.65,4.153,0.0437,0.4888,0.3264,0.1396,0.5381,0.0668,BCC
3,1.65,4.173,0.0464,0.4959,0.3466,0.1481,0.5221,0.0681,BCC
2,1.65,4.1705,0.0431,0.4806,0.3387,0.1439,0.5261,0.0707,BCC
3,1.6,4.1555,0.0428,0.4721,0.3162,0.1355,0.5351,0.0622,BCC
2,1.6,4.1755,0.0444,0.4771,0.3332,0.144,0.5202,0.064,BCC
4,1.6,4.1955,0.0443,0.4692,0.3475,0.1519,0.5048,0.0655,BCC
2,1.6,4.173,0.0421,0.4639,0.3322,0.1404,0.5263,0.067,BCC
2,1.55,4.1755,0.0405,0.4466,0.319,0.1366,0.5237,0.0624,BCC
3,1.55,4.1955,0.041,0.4496,0.334,0.1455,0.5086,0.0641,BCC
3,1.55,4.193,0.0398,0.4382,0.3368,0.1407,0.5144,0.0671,BCC
3,1.55,4.233,0.041,0.4322,0.368,0.1584,0.4815,0.0697,BCC
3,1.55,4.2105,0.039,0.4298,0.3518,0.1435,0.5017,0.0712,BCC
4,1.55,4.228,0.0382,0.4213,0.3645,0.1452,0.4862,0.0746,BCC
4,1.75,4.152,0.0474,0.5191,0.3589,0.1565,0.559,0.0721,BCC
3,1.65,4.157,0.0455,0.4841,0.3446,0.148,0.5552,0.0636,BCC
4,1.65,4.197,0.0474,0.4703,0.3739,0.1619,0.5254,0.067,BCC
2,1.65,4.1745,0.0448,0.476,0.3601,0.1541,0.5469,0.0684,BCC
3,1.6,4.177,0.0429,0.4578,0.3471,0.1501,0.5439,0.0637,BCC
3,1.6,4.197,0.0431,0.4546,0.3611,0.1576,0.529,0.0656,BCC
4,1.6,4.1945,0.0422,0.4495,0.3643,0.1553,0.5351,0.0685,BCC
4,1.55,4.197,0.0397,0.4306,0.348,0.1516,0.5325,0.0638,BCC
3,1.55,4.237,0.0428,0.4115,0.3681,0.1667,0.5019,0.0674,BCC
3,1.5,4.374,0.0405,0.3902,0.358,0.1469,0.4764,0.1079,BCC
3,1.45,4.379,0.0371,0.3553,0.352,0.149,0.5075,0.1116,BCC
4,1.5,4.3765,0.0398,0.3655,0.3411,0.1459,0.5129,0.1116,BCC
4,1.5,4.394,0.0394,0.3569,0.3612,0.1533,0.4813,0.1081,BCC
3,1.5,4.3705,0.0369,0.3455,0.3973,0.1607,0.5422,0.118,BCC
4,1.5,4.3815,0.0381,0.3656,0.3759,0.1478,0.4884,0.115,BCC
3,1.5,4.3765,0.0358,0.3609,0.35,0.1287,0.4645,0.1148,BCC
3,1.5,4.399,0.0366,0.35,0.3756,0.1518,0.4809,0.1155,BCC
4,1.5,4.3965,0.0379,0.3627,0.3708,0.1469,0.4688,0.1151,BCC
3,1.5,4.394,0.0377,0.3673,0.3597,0.1395,0.4565,0.1147,BCC
4,1.65,4.1655,0.0351,0.4102,0.3546,0.1363,0.5728,0.076,BCC
3,1.6,4.143,0.0375,0.4259,0.3132,0.1269,0.5648,0.0633,BCC
3,1.6,4.1605,0.0368,0.4174,0.3294,0.1317,0.5572,0.0686,BCC
3,1.55,4.163,0.036,0.403,0.3161,0.1279,0.5536,0.0633,BCC
2,1.8,4.107,0.0372,0.455,0.3745,0.1321,0.6639,0.0708,BCC
3,1.8,4.1245,0.0365,0.4467,0.3901,0.1418,0.6582,0.0765,BCC
2,1.75,4.1345,0.0345,0.4103,0.386,0.1368,0.6683,0.0721,BCC
4,1.75,4.127,0.0363,0.4319,0.3762,0.1364,0.6528,0.0707,BCC
2,1.75,4.1195,0.0382,0.453,0.3638,0.136,0.6374,0.0689,BCC
3,1.75,4.1445,0.0358,0.4234,0.3936,0.1448,0.6465,0.0765,BCC
4,1.75,4.137,0.0375,0.4446,0.3794,0.1443,0.6313,0.0746,BCC
3,1.75,4.1395,0.0409,0.4776,0.3561,0.1493,0.5905,0.0741,BCC
4,1.7,4.132,0.0393,0.4507,0.353,0.1388,0.6111,0.0668,BCC
3,1.7,4.142,0.0408,0.4632,0.3519,0.1452,0.5892,0.0697,BCC
2,1.65,4.152,0.0381,0.4267,0.3552,0.1414,0.6,0.0668,BCC
3,1.65,4.1445,0.0404,0.4481,0.3419,0.1408,0.5848,0.0643,BCC
3,1.65,4.1695,0.0375,0.4181,0.3725,0.1474,0.5928,0.0723,BCC
4,1.65,4.162,0.0397,0.4397,0.3574,0.1467,0.5776,0.0697,BCC
4,1.6,4.172,0.0363,0.4016,0.3557,0.1434,0.5889,0.0667,BCC
2,1.6,4.1645,0.0387,0.4238,0.3444,0.1427,0.5736,0.0644,BCC
4,1.6,4.182,0.038,0.4152,0.3616,0.1477,0.566,0.0698,BCC
3,1.55,4.202,0.0357,0.3895,0.3645,0.1481,0.5543,0.0699,BCC
3,1.85,4.1085,0.0405,0.4746,0.4005,0.1389,0.6838,0.0713,BCC
4,1.8,4.1285,0.0399,0.4501,0.4018,0.1444,0.6728,0.0712,BCC
4,1.8,4.121,0.0416,0.4716,0.3902,0.1442,0.6573,0.0695,BCC
4,1.8,4.146,0.0393,0.4417,0.419,0.1543,0.6671,0.0771,BCC
4,1.75,4.141,0.0406,0.4467,0.3918,0.1486,0.6463,0.0695,BCC
4,1.75,4.1335,0.0426,0.4683,0.3797,0.1483,0.6309,0.0676,BCC
3,1.75,4.166,0.038,0.4161,0.4208,0.1576,0.6554,0.077,BCC
3,1.75,4.151,0.042,0.46,0.3949,0.1567,0.6248,0.0732,BCC
3,1.75,4.1435,0.044,0.4814,0.3791,0.1562,0.6096,0.0707,BCC
3,1.65,4.181,0.0365,0.3941,0.3898,0.1553,0.6241,0.0693,BCC
3,1.65,4.1735,0.039,0.417,0.3819,0.1548,0.6088,0.0675,BCC
2,1.65,4.166,0.0414,0.4394,0.3713,0.1543,0.5935,0.0653,BCC
4,1.65,4.1835,0.0407,0.4309,0.3882,0.1605,0.5864,0.0708,BCC
2,1.8,4.15,0.0419,0.4374,0.4261,0.1552,0.6817,0.0715,BCC
3,1.8,4.135,0.0459,0.4815,0.4056,0.1549,0.6507,0.0683,BCC
2,1.8,4.145,0.0473,0.495,0.4053,0.1646,0.63,0.0717,BCC
4,1.75,4.1775,0.0374,0.3868,0.4266,0.1603,0.6862,0.0725,BCC
3,1.75,4.1625,0.0419,0.433,0.4167,0.1599,0.6551,0.0699,BCC
3,1.7,4.1675,0.0441,0.451,0.3972,0.1632,0.6134,0.0661,BCC
3,1.65,4.2025,0.0359,0.3769,0.4096,0.1672,0.6329,0.0697,BCC
3,1.65,4.195,0.0386,0.4007,0.4051,0.1668,0.6176,0.0681,BCC
4,1.8,4.164,0.0449,0.4418,0.4409,0.1648,0.6751,0.0704,BCC
4,1.75,4.1915,0.0395,0.3901,0.4413,0.1701,0.6796,0.0715,BCC
4,1.75,4.169,0.0468,0.4593,0.4223,0.1696,0.6332,0.0669,BCC
3,1.75,4.198,0.0435,0.4136,0.4528,0.1789,0.6575,0.0692,BCC
4,1.75,4.1265,0.0451,0.4956,0.3379,0.1196,0.5975,0.0711,BCC
3,1.75,4.1765,0.0416,0.3929,0.2985,0.1269,0.6448,0.0804,BCC
3,1.65,4.1465,0.0379,0.4417,0.3196,0.1214,0.5892,0.0687,BCC
2,1.65,4.1315,0.0423,0.4858,0.3057,0.1202,0.5587,0.0638,BCC
3,1.65,4.1665,0.0396,0.44,0.3232,0.1295,0.5755,0.0711,BCC
4,1.65,4.159,0.0421,0.4627,0.3224,0.129,0.5602,0.0687,BCC
3,1.65,4.2015,0.0403,0.3799,0.2886,0.1375,0.5917,0.0774,BCC
4,1.65,4.194,0.0416,0.4041,0.3098,0.1371,0.5765,0.0755,BCC
4,1.65,4.1865,0.043,0.4276,0.3213,0.1368,0.5613,0.0733,BCC
3,1.65,4.214,0.0447,0.3835,0.291,0.1437,0.5618,0.0776,BCC
4,1.6,4.1515,0.0402,0.4595,0.3037,0.1233,0.5478,0.0639,BCC
4,1.6,4.144,0.0426,0.4815,0.2942,0.1226,0.5325,0.0608,BCC
2,1.6,4.179,0.0386,0.4345,0.3139,0.1324,0.5491,0.0688,BCC
2,1.6,4.164,0.0439,0.4797,0.3066,0.1313,0.5185,0.0628,BCC
3,1.6,4.199,0.0423,0.4213,0.313,0.1401,0.5347,0.0709,BCC
3,1.6,4.1915,0.0436,0.4445,0.3167,0.1396,0.5194,0.0679,BCC
4,1.6,4.184,0.045,0.4673,0.3151,0.1391,0.504,0.0645,BCC
3,1.6,4.234,0.0424,0.3512,0.2516,0.1479,0.5503,0.0777,BCC
4,1.55,4.2065,0.0347,0.3813,0.2925,0.1358,0.5532,0.0711,BCC
3,1.55,4.199,0.0358,0.4054,0.3017,0.1352,0.5379,0.0688,BCC
4,1.55,4.1915,0.0373,0.4288,0.3044,0.1345,0.5226,0.0661,BCC
2,1.55,4.184,0.0402,0.4517,0.302,0.1338,0.5073,0.0629,BCC
2,1.55,4.219,0.0403,0.391,0.2951,0.1431,0.5233,0.0709,BCC
4,1.55,4.2115,0.0416,0.4149,0.3044,0.1426,0.508,0.0681,BCC
4,1.55,4.204,0.043,0.4382,0.3071,0.142,0.4925,0.0647,BCC
4,1.8,4.1155,0.0429,0.4823,0.3614,0.1198,0.6456,0.0713,BCC
3,1.75,4.123,0.0354,0.4257,0.3527,0.1197,0.6631,0.0696,BCC
2,1.75,4.1155,0.0371,0.4476,0.3491,0.1194,0.6476,0.0683,BCC
2,1.75,4.108,0.0389,0.4692,0.3418,0.1191,0.6322,0.0667,BCC
3,1.75,4.1505,0.0371,0.4097,0.3481,0.1267,0.6658,0.0738,BCC
3,1.75,4.1355,0.0411,0.4554,0.3553,0.1263,0.6349,0.0712,BCC
3,1.75,4.128,0.0431,0.4776,0.3517,0.1261,0.6196,0.0694,BCC
4,1.75,4.1205,0.0451,0.4996,0.3445,0.1258,0.6043,0.0673,BCC
4,1.75,4.1705,0.0405,0.4027,0.3366,0.1327,0.6523,0.0767,BCC
2,1.75,4.1555,0.0434,0.4493,0.357,0.1325,0.6216,0.0738,BCC
2,1.75,4.148,0.0457,0.472,0.3579,0.1324,0.6063,0.0719,BCC
2,1.75,4.198,0.0424,0.3616,0.2733,0.1381,0.6537,0.0806,BCC
3,1.75,4.1905,0.044,0.3864,0.3144,0.1381,0.6383,0.0794,BCC
4,1.65,4.148,0.0361,0.4183,0.3339,0.1281,0.6112,0.0665,BCC
3,1.65,4.1405,0.0383,0.4406,0.3289,0.1276,0.5959,0.0646,BCC
3,1.65,4.168,0.038,0.4226,0.3373,0.1357,0.598,0.0693,BCC
2,1.65,4.153,0.0429,0.468,0.3316,0.1348,0.5675,0.0649,BCC
2,1.65,4.1455,0.0453,0.4901,0.3232,0.1344,0.5522,0.062,BCC
4,1.65,4.203,0.0378,0.3658,0.3029,0.1433,0.6148,0.0752,BCC
3,1.65,4.1805,0.0418,0.4376,0.3399,0.1423,0.569,0.0697,BCC
4,1.65,4.173,0.0436,0.4604,0.3392,0.1419,0.5538,0.0671,BCC
4,1.65,4.2005,0.0455,0.4208,0.3378,0.1487,0.5548,0.0719,BCC
3,1.6,4.1605,0.0362,0.4144,0.3241,0.1308,0.5852,0.0646,BCC
3,1.6,4.153,0.0386,0.4368,0.3184,0.1301,0.5699,0.0624,BCC
4,1.6,4.1805,0.0371,0.4174,0.3283,0.1388,0.5718,0.0673,BCC
3,1.6,4.1655,0.0425,0.463,0.3212,0.1377,0.5413,0.0621,BCC
4,1.6,4.208,0.0385,0.3841,0.317,0.1465,0.5732,0.0719,BCC
3,1.6,4.2005,0.0398,0.4081,0.3273,0.1461,0.5579,0.0697,BCC
4,1.6,4.193,0.0411,0.4316,0.3309,0.1456,0.5427,0.0672,BCC
3,1.6,4.1855,0.0425,0.4546,0.3295,0.1451,0.5274,0.0642,BCC
2,1.55,4.173,0.036,0.4103,0.314,0.1325,0.5592,0.0623,BCC
2,1.55,4.1655,0.0386,0.4328,0.3076,0.1317,0.5439,0.0598,BCC
2,1.55,4.228,0.0365,0.3526,0.2917,0.1496,0.562,0.0718,BCC
3,1.55,4.2205,0.0378,0.3777,0.3097,0.1491,0.5467,0.0697,BCC
4,1.55,4.213,0.0392,0.4019,0.3189,0.1486,0.5315,0.0673,BCC
4,1.55,4.2405,0.0409,0.3584,0.2941,0.1561,0.5321,0.0719,BCC
4,1.55,4.233,0.0424,0.3833,0.3122,0.1556,0.5168,0.0693,BCC
3,1.8,4.1245,0.039,0.439,0.3775,0.126,0.6825,0.0698,BCC
3,1.8,4.117,0.0407,0.4612,0.3747,0.126,0.6669,0.0687,BCC
3,1.8,4.152,0.0404,0.4161,0.3708,0.1314,0.6855,0.074,BCC
4,1.8,4.137,0.0444,0.4619,0.38,0.1314,0.6544,0.0717,BCC
4,1.8,4.1295,0.0464,0.4842,0.3773,0.1314,0.639,0.0701,BCC
3,1.8,4.1795,0.0424,0.3804,0.3312,0.1358,0.6878,0.0779,BCC
4,1.8,4.172,0.044,0.4046,0.3577,0.136,0.6722,0.077,BCC
3,1.75,4.1445,0.0371,0.412,0.3679,0.1326,0.672,0.0697,BCC
4,1.75,4.1295,0.0411,0.457,0.3652,0.1322,0.641,0.0671,BCC
3,1.75,4.122,0.0431,0.4789,0.3582,0.132,0.6257,0.0654,BCC
2,1.75,4.172,0.038,0.3867,0.3499,0.1384,0.6747,0.0738,BCC
4,1.75,4.157,0.0417,0.4338,0.3703,0.1382,0.6437,0.0716,BCC
2,1.75,4.142,0.0461,0.479,0.3678,0.138,0.613,0.0681,BCC
4,1.75,4.1995,0.0401,0.3486,0.2869,0.1434,0.6767,0.0777,BCC
4,1.75,4.1845,0.0432,0.3982,0.3521,0.1434,0.6457,0.0757,BCC
3,1.75,4.212,0.0437,0.3528,0.2887,0.1479,0.6471,0.0797,BCC
4,1.7,4.157,0.0369,0.4074,0.3596,0.1377,0.6459,0.0684,BCC
2,1.7,4.1495,0.0391,0.4303,0.3597,0.1374,0.6305,0.067,BCC
2,1.7,4.142,0.0413,0.4527,0.3556,0.1371,0.6152,0.0653,BCC
3,1.7,4.1345,0.0435,0.4747,0.3479,0.1368,0.5999,0.0632,BCC
3,1.65,4.177,0.034,0.379,0.3465,0.1422,0.6353,0.0682,BCC
2,1.65,4.1695,0.0364,0.4027,0.3511,0.1418,0.6199,0.0669,BCC
4,1.65,4.162,0.0388,0.4257,0.3504,0.1414,0.6046,0.0652,BCC
3,1.65,4.1545,0.0413,0.4483,0.3456,0.1409,0.5893,0.0632,BCC
4,1.65,4.197,0.0367,0.3748,0.3375,0.1486,0.6221,0.0713,BCC
4,1.65,4.1895,0.038,0.399,0.349,0.1483,0.6068,0.0698,BCC
4,1.65,4.182,0.0395,0.4226,0.3536,0.148,0.5915,0.068,BCC
2,1.65,4.167,0.0449,0.4683,0.3483,0.1473,0.561,0.0632,BCC
3,1.65,4.217,0.0401,0.3603,0.3189,0.1545,0.6083,0.0742,BCC
4,1.6,4.1745,0.0384,0.421,0.3409,0.1443,0.5787,0.0632,BCC
2,1.6,4.167,0.041,0.4437,0.3355,0.1438,0.5634,0.0608,BCC
3,1.6,4.187,0.041,0.44,0.3436,0.1509,0.5501,0.0633,BCC
2,1.55,4.187,0.0377,0.4162,0.3311,0.1464,0.5527,0.0608,BCC
3,1.55,4.242,0.0386,0.3462,0.3084,0.1615,0.5555,0.0705,BCC
4,1.55,4.2345,0.0401,0.3716,0.3263,0.161,0.5403,0.0683,BCC
3,1.55,4.227,0.0417,0.396,0.3355,0.1606,0.525,0.0656,BCC
3,1.85,4.1335,0.0408,0.4261,0.3988,0.1286,0.7176,0.0708,BCC
4,1.85,4.1185,0.0443,0.4711,0.3994,0.129,0.6862,0.069,BCC
2,1.85,4.111,0.0461,0.4931,0.3937,0.1292,0.6706,0.0677,BCC
2,1.8,4.146,0.0404,0.4211,0.3912,0.1369,0.6914,0.0698,BCC
4,1.8,4.1385,0.0424,0.4439,0.393,0.137,0.6758,0.0689,BCC
3,1.8,4.131,0.0444,0.4664,0.3903,0.137,0.6603,0.0676,BCC
4,1.8,4.1235,0.0464,0.4884,0.3841,0.137,0.6448,0.066,BCC
4,1.8,4.166,0.0432,0.4143,0.3859,0.1413,0.6788,0.0731,BCC
2,1.75,4.166,0.0377,0.3925,0.3768,0.1438,0.6809,0.0696,BCC
4,1.75,4.1585,0.0399,0.416,0.3833,0.1437,0.6653,0.0687,BCC
3,1.75,4.151,0.0421,0.439,0.3844,0.1436,0.6498,0.0674,BCC
3,1.75,4.136,0.0465,0.4837,0.3742,0.1434,0.6191,0.064,BCC
2,1.75,4.1785,0.0425,0.4082,0.3791,0.1486,0.6526,0.0718,BCC
2,1.75,4.171,0.044,0.4316,0.3857,0.1486,0.6372,0.0704,BCC
4,1.75,4.1635,0.0458,0.4546,0.3868,0.1486,0.6218,0.0687,BCC
2,1.7,4.156,0.044,0.4566,0.3716,0.1487,0.6086,0.0639,BCC
3,1.65,4.1835,0.0381,0.4055,0.367,0.1535,0.6134,0.0657,BCC
2,1.65,4.176,0.0408,0.4287,0.3665,0.1532,0.5981,0.0639,BCC
3,1.65,4.1685,0.0434,0.4515,0.3619,0.1528,0.5828,0.0617,BCC
2,1.65,4.1885,0.044,0.4428,0.369,0.1588,0.5697,0.0643,BCC
3,1.65,4.2235,0.0434,0.3775,0.3554,0.1645,0.5866,0.0712,BCC
2,1.55,4.236,0.0378,0.3582,0.34,0.1663,0.5632,0.0666,BCC
3,1.9,4.1425,0.0426,0.4097,0.4109,0.1267,0.7532,0.0711,BCC
4,1.85,4.155,0.0417,0.4041,0.4048,0.1375,0.7267,0.0705,BCC
3,1.85,4.1475,0.0437,0.4275,0.4136,0.1378,0.7108,0.07,BCC
4,1.8,4.1825,0.0378,0.3492,0.3563,0.146,0.7321,0.0706,BCC
4,1.8,4.175,0.0394,0.3742,0.3829,0.1462,0.7161,0.0703,BCC
4,1.8,4.1675,0.0409,0.3984,0.3984,0.1463,0.7004,0.0697,BCC
3,1.8,4.1525,0.0451,0.445,0.4082,0.1466,0.6691,0.0678,BCC
2,1.8,4.145,0.0473,0.4676,0.4056,0.1468,0.6536,0.0664,BCC
3,1.8,4.1875,0.0439,0.3857,0.385,0.1499,0.6878,0.0731,BCC
4,1.8,4.18,0.0457,0.4097,0.4006,0.1502,0.6722,0.0721,BCC
3,1.8,4.1725,0.0474,0.4332,0.4085,0.1504,0.6567,0.0709,BCC
4,1.75,4.1875,0.0386,0.3682,0.3777,0.1535,0.6898,0.0695,BCC
3,1.75,4.18,0.0401,0.3926,0.3918,0.1536,0.6742,0.0687,BCC
3,1.75,4.2075,0.0412,0.3541,0.355,0.1576,0.677,0.0729,BCC
2,1.75,4.2,0.043,0.3791,0.3798,0.1577,0.6614,0.072,BCC
3,1.75,4.1925,0.0448,0.4033,0.394,0.1578,0.646,0.0708,BCC
4,1.75,4.185,0.0466,0.4269,0.4009,0.1579,0.6306,0.0693,BCC
4,1.75,4.22,0.0443,0.3576,0.3569,0.1613,0.648,0.075,BCC
3,1.7,4.2,0.0378,0.3621,0.3721,0.1596,0.6636,0.0685,BCC
4,1.7,4.185,0.0409,0.4106,0.3907,0.1594,0.6327,0.0662,BCC
3,1.65,4.1975,0.0402,0.4048,0.3826,0.164,0.6068,0.0644,BCC
4,1.65,4.19,0.0419,0.4282,0.3822,0.1638,0.5916,0.0625,BCC
4,1.65,4.2325,0.0395,0.34,0.3473,0.1694,0.6243,0.0705,BCC
3,1.65,4.21,0.0448,0.4141,0.385,0.169,0.5785,0.0652,BCC
4,1.9,4.164,0.0435,0.3841,0.4062,0.1336,0.7624,0.0707,BCC
4,1.85,4.184,0.0409,0.3529,0.3727,0.1446,0.7519,0.0704,BCC
4,1.85,4.1765,0.0426,0.3779,0.4019,0.1451,0.7358,0.0702,BCC
3,1.85,4.169,0.0444,0.4021,0.4192,0.1455,0.7198,0.0698,BCC
3,1.8,4.189,0.0418,0.3716,0.3972,0.1545,0.7094,0.0695,BCC
3,1.8,4.174,0.0453,0.4197,0.4209,0.155,0.678,0.068,BCC
4,1.8,4.194,0.0473,0.403,0.4152,0.158,0.6655,0.0711,BCC
4,1.75,4.2015,0.0409,0.3651,0.3922,0.1623,0.6831,0.0687,BCC
3,1.75,4.194,0.0427,0.3897,0.4065,0.1624,0.6675,0.0678,BCC
3,1.75,4.1865,0.0444,0.4136,0.4134,0.1625,0.652,0.0666,BCC
4,1.75,4.179,0.0462,0.4369,0.4148,0.1626,0.6366,0.0651,BCC
3,1.75,4.214,0.0443,0.3717,0.3942,0.1659,0.6548,0.071,BCC
3,1.75,4.2065,0.0463,0.3962,0.4087,0.166,0.6394,0.0697,BCC
2,1.9,4.1855,0.0433,0.3547,0.3876,0.1392,0.7717,0.0701,BCC
3,1.8,4.1955,0.0453,0.3909,0.4273,0.1623,0.6869,0.068,BCC
2,1.75,4.2155,0.0423,0.3594,0.4064,0.1701,0.6764,0.0678,BCC
3,1.75,4.2355,0.0426,0.3368,0.3829,0.1729,0.6637,0.0711,BCC
3,1.75,4.2405,0.0464,0.3599,0.4104,0.176,0.6196,0.0713,BCC
3,1.9,4.1995,0.0441,0.3476,0.4003,0.1445,0.7646,0.0696,BCC
4,1.8,4.2095,0.0463,0.3837,0.4414,0.1689,0.6802,0.067,BCC
3,1.8,4.237,0.0435,0.3332,0.3987,0.17,0.6834,0.0713,BCC
3,1.75,4.222,0.0452,0.3767,0.4353,0.1775,0.6542,0.0657,BCC
3,1.75,4.242,0.0446,0.3514,0.4223,0.1798,0.6416,0.0689,BCC
4,1.45,4.3775,0.0392,0.3588,0.396,0.1616,0.5667,0.1184,BCC
4,1.45,4.39,0.0373,0.3628,0.3424,0.1457,0.511,0.1152,BCC
3,1.5,4.3825,0.0394,0.3608,0.3943,0.157,0.5178,0.1154,BCC
3,1.45,4.3825,0.0365,0.3514,0.3809,0.1471,0.5253,0.1185,BCC
3,1.5,4.3975,0.0384,0.3569,0.3896,0.156,0.4957,0.1156,BCC
4,1.45,4.3975,0.0361,0.348,0.3761,0.1466,0.5032,0.1194,BCC
4,1.5,4.3975,0.036,0.3555,0.3961,0.1478,0.524,0.1316,BCC
3,1.5,4.3875,0.0351,0.3441,0.3795,0.1383,0.5311,0.1343,BCC
4,1.5,4.4,0.0367,0.3518,0.3821,0.1469,0.5012,0.1251,BCC
4,1.5,4.3975,0.0369,0.3605,0.3737,0.1399,0.4888,0.1247,BCC
3,1.4,4.405,0.0303,0.3019,0.3504,0.1398,0.5405,0.1321,BCC
4,1.75,4.135,0.047,0.5556,0.3148,0.1299,0.5142,0.0718,BCC
2,1.65,4.1475,0.0435,0.4979,0.3129,0.1213,0.5294,0.0693,BCC
2,1.65,4.175,0.0429,0.4698,0.3359,0.131,0.529,0.074,BCC
2,1.65,4.18,0.0384,0.4454,0.3564,0.1294,0.5488,0.0796,BCC
3,1.65,4.165,0.0428,0.4899,0.3316,0.1277,0.5186,0.0732,BCC
2,1.65,4.1575,0.045,0.5117,0.3156,0.1268,0.5033,0.0693,BCC
4,1.65,4.185,0.0447,0.4842,0.348,0.137,0.5019,0.0743,BCC
2,1.65,4.19,0.04,0.4596,0.3627,0.1333,0.5197,0.0802,BCC
3,1.65,4.1825,0.0422,0.4818,0.3473,0.1323,0.5046,0.0766,BCC
2,1.65,4.1925,0.0438,0.4956,0.3421,0.1345,0.473,0.0751,BCC
3,1.65,4.22,0.0433,0.4681,0.3801,0.1454,0.47,0.0798,BCC
4,1.65,4.21,0.0431,0.4875,0.3523,0.1363,0.4543,0.0771,BCC
4,1.6,4.1675,0.0411,0.4711,0.3135,0.1232,0.5177,0.0694,BCC
3,1.6,4.195,0.0398,0.4412,0.3312,0.1333,0.5172,0.0742,BCC
2,1.6,4.1875,0.0419,0.464,0.3255,0.1326,0.5019,0.0708,BCC
4,1.6,4.1975,0.0438,0.4785,0.337,0.1373,0.4743,0.0704,BCC
4,1.55,4.18,0.0407,0.4662,0.3021,0.1235,0.4905,0.066,BCC
3,1.55,4.215,0.0382,0.4119,0.3237,0.1349,0.5053,0.0743,BCC
2,1.55,4.2075,0.0393,0.4353,0.3213,0.1341,0.4899,0.071,BCC
2,1.55,4.2,0.0406,0.4582,0.3148,0.1333,0.4745,0.0672,BCC
3,1.55,4.235,0.0424,0.3943,0.3239,0.1436,0.489,0.0757,BCC
3,1.55,4.2275,0.0438,0.4181,0.3264,0.1429,0.4736,0.0722,BCC
4,1.55,4.22,0.0451,0.4414,0.324,0.1422,0.458,0.0682,BCC
3,1.55,4.1975,0.0399,0.458,0.3229,0.1278,0.4789,0.0699,BCC
3,1.55,4.2175,0.0401,0.45,0.338,0.1379,0.4619,0.0707,BCC
2,1.55,4.2375,0.0447,0.4333,0.3501,0.1471,0.4444,0.0714,BCC
3,1.5,4.3825,0.0409,0.348,0.3355,0.1404,0.498,0.1118,BCC
3,1.45,4.38,0.0369,0.3609,0.331,0.1326,0.4935,0.1154,BCC
3,1.8,4.07,0.0391,0.5564,0.3125,0.1482,0.6654,0.1108,BCC
2,1.65,4.1515,0.0438,0.506,0.3387,0.1441,0.6427,0.0698,BCC
3,1.65,4.169,0.0432,0.4979,0.3494,0.1469,0.6219,0.0735,BCC
4,1.6,4.1515,0.0391,0.4622,0.3238,0.1339,0.6485,0.0686,BCC
4,1.6,4.1715,0.042,0.4805,0.3456,0.144,0.63,0.07,BCC
4,1.65,4.153,0.042,0.4811,0.3523,0.1505,0.67,0.0699,BCC
3,1.65,4.173,0.0447,0.4902,0.373,0.159,0.6514,0.0714,BCC
3,1.65,4.1745,0.0431,0.4695,0.386,0.1648,0.6788,0.0713,BCC
4,1.8,4.119,0.0363,0.4608,0.4017,0.1379,0.7939,0.0794,BCC
2,1.8,4.1315,0.0427,0.4873,0.4042,0.1447,0.7587,0.0801,BCC
4,1.75,4.1315,0.037,0.4571,0.3917,0.1402,0.7646,0.0778,BCC
4,1.75,4.124,0.0388,0.4788,0.3798,0.1396,0.7489,0.076,BCC
3,1.75,4.1515,0.0408,0.46,0.4036,0.1478,0.7454,0.0801,BCC
4,1.65,4.149,0.04,0.471,0.3583,0.1416,0.6922,0.0715,BCC
2,1.65,4.1415,0.0422,0.4926,0.3433,0.1408,0.6771,0.0687,BCC
2,1.65,4.1615,0.0446,0.4942,0.361,0.1494,0.6588,0.0704,BCC
4,1.65,4.1965,0.0424,0.4386,0.3942,0.1585,0.6701,0.0778,BCC
3,1.6,4.1415,0.0375,0.4497,0.3289,0.1319,0.6826,0.0668,BCC
3,1.8,4.1055,0.0372,0.4769,0.3895,0.1429,0.7907,0.0742,BCC
4,1.75,4.133,0.0349,0.4313,0.4045,0.1463,0.7932,0.0756,BCC
3,1.65,4.1505,0.0382,0.4465,0.3717,0.1479,0.7196,0.0703,BCC
3,1.65,4.163,0.043,0.4763,0.3743,0.1553,0.6859,0.0699,BCC
4,1.65,4.1905,0.0413,0.4479,0.3996,0.1635,0.6825,0.0745,BCC
3,1.6,4.163,0.0387,0.443,0.3609,0.148,0.6915,0.0679,BCC
2,1.75,4.132,0.0429,0.4857,0.3944,0.1576,0.7549,0.0711,BCC
3,1.95,4.069,0.0358,0.5113,0.4004,0.1214,0.4745,0.0664,BCC
2,1.95,4.0615,0.0378,0.532,0.386,0.1211,0.4596,0.0647,BCC
3,1.95,4.0965,0.0413,0.4999,0.4254,0.1283,0.4884,0.0709,BCC
2,1.95,4.089,0.0424,0.5217,0.4153,0.1281,0.4734,0.0693,BCC
4,1.95,4.0815,0.0435,0.5432,0.403,0.1279,0.4583,0.0675,BCC
4,1.95,4.074,0.0447,0.5647,0.3886,0.1277,0.443,0.0652,BCC
2,1.95,4.099,0.0432,0.5352,0.4172,0.1394,0.482,0.0732,BCC
2,1.95,4.1165,0.0429,0.5273,0.4293,0.1484,0.4933,0.0781,BCC
4,1.95,4.109,0.044,0.5488,0.4122,0.1479,0.4777,0.0756,BCC
2,1.95,4.0915,0.04,0.5689,0.3561,0.1456,0.4618,0.0719,BCC
4,1.9,4.099,0.0411,0.4814,0.3992,0.1208,0.4414,0.0637,BCC
2,1.9,4.0915,0.0424,0.5033,0.3945,0.1207,0.4268,0.0624,BCC
4,1.9,4.0965,0.0342,0.466,0.4133,0.1271,0.484,0.0676,BCC
3,1.9,4.089,0.0353,0.4873,0.4028,0.1267,0.4691,0.0663,BCC
3,1.9,4.074,0.0389,0.5291,0.3752,0.1259,0.4388,0.0626,BCC
2,1.9,4.109,0.042,0.4953,0.4158,0.1337,0.467,0.0692,BCC
2,1.9,4.1015,0.0433,0.5171,0.4053,0.1333,0.4517,0.0674,BCC
3,1.9,4.0915,0.0383,0.5211,0.3879,0.1354,0.4653,0.0686,BCC
3,1.9,4.084,0.0401,0.5417,0.3699,0.1348,0.4497,0.0661,BCC
3,1.9,4.1115,0.0443,0.5307,0.4067,0.1429,0.4578,0.0708,BCC
3,1.85,4.1115,0.0414,0.4765,0.3903,0.127,0.4231,0.0622,BCC
2,1.85,4.104,0.0429,0.4986,0.385,0.1267,0.4079,0.0606,BCC
4,1.85,4.139,0.0438,0.4464,0.3907,0.1334,0.4399,0.0669,BCC
2,1.85,4.1315,0.0454,0.4691,0.3941,0.1333,0.4246,0.0655,BCC
4,1.85,4.124,0.0472,0.4915,0.3927,0.1331,0.4092,0.0637,BCC
3,1.85,4.1165,0.034,0.4408,0.412,0.1314,0.4782,0.0674,BCC
2,1.85,4.109,0.0353,0.4626,0.4036,0.1309,0.4632,0.0661,BCC
4,1.85,4.1015,0.0367,0.484,0.3926,0.1304,0.4479,0.0645,BCC
3,1.85,4.0865,0.04,0.5261,0.3641,0.1294,0.4169,0.0601,BCC
4,1.85,4.1365,0.0394,0.4459,0.4197,0.1386,0.4754,0.0706,BCC
4,1.85,4.129,0.0409,0.4684,0.4145,0.1382,0.4601,0.0692,BCC
4,1.85,4.1215,0.0425,0.4905,0.4061,0.1378,0.4447,0.0674,BCC
3,1.85,4.114,0.044,0.5124,0.3952,0.1374,0.429,0.0652,BCC
4,1.85,4.1065,0.0456,0.5341,0.382,0.137,0.4132,0.0627,BCC
4,1.85,4.1565,0.0435,0.4382,0.4236,0.1451,0.4707,0.0735,BCC
3,1.85,4.149,0.0449,0.461,0.4221,0.1448,0.4552,0.0719,BCC
4,1.85,4.119,0.0363,0.4758,0.4084,0.1388,0.4725,0.0708,BCC
4,1.85,4.1115,0.0376,0.4971,0.3935,0.1382,0.4569,0.0687,BCC
3,1.85,4.104,0.0394,0.518,0.3768,0.1375,0.4411,0.0661,BCC
2,1.85,4.0965,0.0413,0.5388,0.3585,0.1369,0.4252,0.0631,BCC
4,1.85,4.154,0.0389,0.4376,0.4431,0.1475,0.4955,0.0768,BCC
4,1.85,4.139,0.042,0.4824,0.424,0.1465,0.4645,0.0732,BCC
2,1.85,4.1315,0.0436,0.5044,0.411,0.1459,0.4488,0.0709,BCC
2,1.85,4.129,0.0372,0.4889,0.4055,0.1445,0.4687,0.0739,BCC
3,1.85,4.1215,0.0387,0.5099,0.3876,0.1437,0.4529,0.0712,BCC
3,1.85,4.139,0.0382,0.5018,0.3968,0.1484,0.456,0.0756,BCC
2,1.85,4.124,0.0417,0.5434,0.3548,0.1467,0.4239,0.0684,BCC
2,1.85,4.134,0.0424,0.5559,0.3373,0.1489,0.4042,0.0672,BCC
4,1.8,4.139,0.0379,0.4263,0.3808,0.1326,0.4338,0.0633,BCC
3,1.8,4.124,0.0415,0.4716,0.3812,0.1319,0.4033,0.0605,BCC
4,1.8,4.1165,0.0432,0.4937,0.3753,0.1315,0.3876,0.0586,BCC
2,1.8,4.144,0.0446,0.4633,0.3857,0.1385,0.4033,0.0637,BCC
3,1.8,4.1365,0.0466,0.4858,0.3837,0.1383,0.3873,0.0616,BCC
2,1.8,4.179,0.0465,0.3994,0.3599,0.1449,0.4326,0.0699,BCC
2,1.8,4.1165,0.0273,0.3919,0.4001,0.1267,0.4736,0.0638,BCC
4,1.8,4.1365,0.0332,0.4146,0.4085,0.1349,0.472,0.0673,BCC
4,1.8,4.129,0.0347,0.437,0.4026,0.1344,0.4568,0.066,BCC
2,1.8,4.1215,0.0363,0.459,0.3937,0.1338,0.4414,0.0644,BCC
3,1.8,4.114,0.0378,0.4805,0.3823,0.1332,0.4258,0.0625,BCC
3,1.8,4.1065,0.0394,0.5018,0.3686,0.1326,0.41,0.0601,BCC
4,1.8,4.099,0.0411,0.5229,0.3529,0.132,0.3939,0.0573,BCC
4,1.8,4.1565,0.0374,0.4179,0.4131,0.1424,0.4683,0.0705,BCC
2,1.8,4.149,0.0392,0.4409,0.4109,0.142,0.4529,0.0691,BCC
4,1.8,4.1415,0.0409,0.4634,0.4051,0.1415,0.4373,0.0673,BCC
2,1.8,4.134,0.0427,0.4856,0.3963,0.141,0.4215,0.0652,BCC
3,1.8,4.1265,0.0445,0.5076,0.3849,0.1405,0.4054,0.0627,BCC
2,1.8,4.119,0.0463,0.5294,0.3713,0.1399,0.389,0.0598,BCC
2,1.8,4.1765,0.0418,0.4088,0.413,0.1493,0.4628,0.0734,BCC
4,1.8,4.169,0.043,0.4322,0.4154,0.1489,0.4472,0.0718,BCC
4,1.8,4.1615,0.0441,0.4552,0.4133,0.1485,0.4314,0.07,BCC
2,1.8,4.154,0.046,0.4778,0.4076,0.1481,0.4153,0.0677,BCC
3,1.8,4.189,0.0474,0.4149,0.4153,0.1552,0.4399,0.0744,BCC
4,1.8,4.1265,0.0283,0.4047,0.4089,0.133,0.4865,0.0697,BCC
4,1.8,4.0965,0.036,0.4858,0.344,0.1298,0.4239,0.061,BCC
2,1.8,4.1315,0.0374,0.4723,0.398,0.1403,0.4482,0.0687,BCC
3,1.8,4.124,0.0389,0.4937,0.3827,0.1396,0.4323,0.0662,BCC
4,1.8,4.1165,0.0405,0.5148,0.3656,0.1388,0.4162,0.0632,BCC
4,1.8,4.1665,0.0387,0.4325,0.4339,0.1495,0.471,0.0751,BCC
4,1.8,4.159,0.0404,0.4552,0.4251,0.1489,0.4553,0.0732,BCC
4,1.8,4.1515,0.0422,0.4775,0.4139,0.1483,0.4395,0.0709,BCC
3,1.8,4.144,0.044,0.4996,0.4006,0.1477,0.4234,0.0683,BCC
2,1.8,4.1365,0.0458,0.5214,0.3853,0.1471,0.4071,0.0652,BCC
3,1.8,4.1865,0.0426,0.4239,0.4421,0.1568,0.4615,0.0774,BCC
4,1.8,4.164,0.0474,0.4922,0.4165,0.1552,0.4133,0.0701,BCC
2,1.8,4.1215,0.034,0.458,0.3737,0.1356,0.4536,0.0694,BCC
2,1.8,4.114,0.0355,0.4777,0.3539,0.1347,0.4376,0.0665,BCC
2,1.8,4.1565,0.0354,0.4423,0.4264,0.1464,0.4744,0.0762,BCC
3,1.8,4.149,0.0369,0.4641,0.4114,0.1456,0.4586,0.074,BCC
4,1.8,4.1415,0.0385,0.4856,0.3947,0.1448,0.4427,0.0713,BCC
4,1.8,4.134,0.04,0.5067,0.3764,0.144,0.4266,0.0682,BCC
4,1.8,4.1265,0.0419,0.5277,0.3566,0.1432,0.4103,0.0646,BCC
2,1.8,4.119,0.0435,0.5484,0.3352,0.1423,0.3936,0.0604,BCC
3,1.8,4.184,0.0381,0.4241,0.4533,0.1554,0.4786,0.0804,BCC
3,1.8,4.1765,0.0399,0.4469,0.4421,0.1547,0.4629,0.0783,BCC
3,1.8,4.154,0.0452,0.5134,0.3973,0.1526,0.4146,0.0698,BCC
3,1.8,4.1965,0.0434,0.4388,0.4557,0.1624,0.4505,0.0801,BCC
2,1.8,4.1665,0.0365,0.4558,0.4228,0.1495,0.4608,0.0786,BCC
4,1.8,4.159,0.038,0.4774,0.4049,0.1487,0.4449,0.0757,BCC
3,1.8,4.144,0.0413,0.5196,0.3649,0.1468,0.4125,0.0687,BCC
3,1.8,4.1365,0.043,0.5404,0.3428,0.1459,0.3959,0.0643,BCC
2,1.8,4.1865,0.0412,0.4612,0.4417,0.1582,0.4471,0.0801,BCC
3,1.8,4.179,0.0429,0.4834,0.4253,0.1574,0.431,0.0771,BCC
3,1.8,4.164,0.0465,0.5271,0.3882,0.1558,0.3982,0.0697,BCC
3,1.8,4.1415,0.0354,0.4808,0.3463,0.1392,0.4239,0.0713,BCC
2,1.8,4.134,0.0362,0.4998,0.3219,0.1381,0.4075,0.0669,BCC
3,1.8,4.1615,0.0407,0.5115,0.3719,0.1493,0.4086,0.0721,BCC
4,1.8,4.154,0.0425,0.5324,0.3491,0.1483,0.392,0.0675,BCC
3,1.8,4.1965,0.0424,0.4753,0.435,0.1604,0.4256,0.0806,BCC
2,1.8,4.1515,0.0357,0.4918,0.3266,0.139,0.4003,0.0699,BCC
2,1.8,4.1715,0.042,0.5243,0.3543,0.1495,0.3833,0.0701,BCC
3,1.8,4.189,0.0415,0.5163,0.3586,0.1498,0.3707,0.0721,BCC
3,1.75,4.139,0.0322,0.3962,0.3706,0.1295,0.4268,0.0592,BCC
4,1.75,4.1315,0.034,0.4191,0.3722,0.1289,0.4118,0.0582,BCC
3,1.75,4.124,0.0357,0.4415,0.3693,0.1284,0.3965,0.0568,BCC
4,1.75,4.144,0.0393,0.444,0.3747,0.1361,0.3981,0.0604,BCC
4,1.75,4.1365,0.0413,0.4665,0.3719,0.1356,0.3821,0.0585,BCC
4,1.75,4.129,0.0433,0.4887,0.3654,0.1351,0.3658,0.0562,BCC
4,1.75,4.179,0.0405,0.387,0.3525,0.1438,0.4285,0.0666,BCC
4,1.75,4.1715,0.0416,0.411,0.3678,0.1434,0.4129,0.0653,BCC
2,1.75,4.164,0.0427,0.4344,0.3754,0.1431,0.397,0.0636,BCC
4,1.75,4.149,0.0457,0.4799,0.3744,0.1423,0.3641,0.0591,BCC
4,1.75,4.129,0.0285,0.3899,0.3905,0.1284,0.4528,0.0625,BCC
3,1.75,4.149,0.0334,0.4105,0.3994,0.1371,0.45,0.0659,BCC
4,1.75,4.1415,0.0352,0.4331,0.393,0.1364,0.4344,0.0643,BCC
4,1.75,4.1265,0.0388,0.4769,0.3718,0.1351,0.4027,0.0601,BCC
3,1.75,4.119,0.0405,0.4983,0.3576,0.1344,0.3863,0.0574,BCC
3,1.75,4.1115,0.0423,0.5195,0.3414,0.1336,0.3696,0.0541,BCC
4,1.75,4.1765,0.0348,0.3888,0.4032,0.1455,0.4608,0.0703,BCC
4,1.75,4.1615,0.0387,0.4357,0.4019,0.1444,0.4295,0.0673,BCC
2,1.75,4.1465,0.0427,0.4806,0.3862,0.1432,0.3972,0.0628,BCC
3,1.75,4.139,0.0447,0.5027,0.3744,0.1426,0.3807,0.0599,BCC
4,1.75,4.189,0.0413,0.4026,0.4055,0.1522,0.4388,0.0718,BCC
3,1.75,4.1665,0.0451,0.4719,0.398,0.1507,0.3902,0.0651,BCC
3,1.75,4.2015,0.0467,0.4082,0.4078,0.1584,0.4148,0.0723,BCC
2,1.75,4.124,0.0338,0.4449,0.369,0.1318,0.4313,0.0638,BCC
3,1.75,4.159,0.0347,0.4246,0.4129,0.1425,0.455,0.0707,BCC
3,1.75,4.1515,0.0365,0.4469,0.4012,0.1418,0.4392,0.0687,BCC
2,1.75,4.144,0.0383,0.4687,0.3874,0.141,0.4231,0.0662,BCC
2,1.75,4.1365,0.04,0.4902,0.3717,0.1402,0.4068,0.0633,BCC
3,1.75,4.129,0.0418,0.5114,0.3542,0.1394,0.3903,0.0599,BCC
4,1.75,4.1215,0.0437,0.5324,0.3349,0.1386,0.3733,0.056,BCC
4,1.75,4.1865,0.0362,0.404,0.431,0.1515,0.4617,0.0751,BCC
2,1.75,4.179,0.0382,0.4273,0.4246,0.1508,0.4459,0.0732,BCC
3,1.75,4.1715,0.0402,0.4501,0.4154,0.1501,0.4299,0.071,BCC
3,1.75,4.164,0.0422,0.4725,0.4038,0.1494,0.4137,0.0684,BCC
4,1.75,4.199,0.0421,0.4178,0.4333,0.1584,0.4357,0.0754,BCC
4,1.75,4.1915,0.0432,0.4411,0.4271,0.1579,0.4195,0.073,BCC
3,1.75,4.184,0.0445,0.4639,0.4179,0.1572,0.4031,0.0703,BCC
4,1.75,4.134,0.0351,0.4569,0.3623,0.1349,0.4276,0.0666,BCC
2,1.75,4.1765,0.0342,0.4161,0.4297,0.1471,0.4642,0.0763,BCC
3,1.75,4.169,0.036,0.4385,0.4161,0.1462,0.4484,0.074,BCC
4,1.75,4.154,0.0395,0.482,0.3837,0.1445,0.4161,0.0684,BCC
2,1.75,4.139,0.0431,0.5244,0.3447,0.1427,0.3827,0.0607,BCC
3,1.75,4.1965,0.0376,0.4189,0.4437,0.1557,0.4524,0.0783,BCC
3,1.75,4.1815,0.0416,0.4644,0.4187,0.1541,0.4201,0.0731,BCC
4,1.75,4.159,0.0476,0.5304,0.3677,0.1517,0.3698,0.0619,BCC
2,1.75,4.194,0.046,0.4784,0.4212,0.1616,0.3903,0.0713,BCC
2,1.75,4.1515,0.0344,0.4486,0.3715,0.1375,0.4311,0.0712,BCC
4,1.75,4.144,0.0361,0.4686,0.3503,0.1364,0.4148,0.0677,BCC
3,1.75,4.1715,0.039,0.4738,0.3938,0.1475,0.4174,0.0727,BCC
4,1.75,4.164,0.0408,0.4952,0.3742,0.1465,0.4009,0.069,BCC
4,1.75,4.1565,0.0426,0.5163,0.3531,0.1455,0.3841,0.0647,BCC
4,1.75,4.1915,0.043,0.4785,0.4146,0.1567,0.403,0.0739,BCC
3,1.75,4.184,0.045,0.5005,0.3965,0.1558,0.3862,0.07,BCC
3,1.75,4.1765,0.047,0.5224,0.3769,0.1549,0.3691,0.0654,BCC
4,1.75,4.189,0.0385,0.4656,0.4025,0.1493,0.4129,0.0763,BCC
3,1.75,4.174,0.042,0.5083,0.3601,0.1472,0.3795,0.0679,BCC
4,1.75,4.194,0.0464,0.5144,0.3846,0.1569,0.3628,0.0683,BCC
4,1.75,4.179,0.0349,0.4521,0.3633,0.1382,0.4042,0.0747,BCC
2,1.75,4.1715,0.0363,0.472,0.3393,0.1369,0.3875,0.0702,BCC
4,1.75,4.199,0.0397,0.4789,0.3885,0.149,0.3871,0.0753,BCC
3,1.75,4.1915,0.0415,0.5002,0.366,0.1478,0.3702,0.0705,BCC
4,1.7,4.1715,0.0345,0.392,0.3585,0.14,0.4081,0.0617,BCC
4,1.7,4.1565,0.0388,0.4387,0.3658,0.1389,0.3761,0.0584,BCC
4,1.7,4.1915,0.04,0.3806,0.3468,0.1472,0.4062,0.0651,BCC
2,1.7,4.184,0.0411,0.4047,0.3608,0.1468,0.3901,0.0635,BCC
4,1.7,4.1765,0.0422,0.4283,0.3674,0.1463,0.3737,0.0615,BCC
3,1.7,4.169,0.0433,0.4513,0.3683,0.1458,0.3568,0.0591,BCC
3,1.7,4.1465,0.0375,0.4513,0.3734,0.1369,0.3949,0.0601,BCC
3,1.7,4.139,0.0395,0.4731,0.361,0.1361,0.3783,0.0574,BCC
2,1.7,4.1665,0.0403,0.4531,0.3858,0.1453,0.3887,0.0628,BCC
4,1.7,4.159,0.0425,0.4756,0.376,0.1447,0.3719,0.0599,BCC
2,1.7,4.2015,0.0407,0.3962,0.3977,0.1543,0.414,0.0699,BCC
2,1.7,4.194,0.0419,0.42,0.3986,0.1537,0.3976,0.0677,BCC
3,1.7,4.1865,0.043,0.4432,0.3952,0.1531,0.3809,0.0652,BCC
3,1.7,4.1715,0.0349,0.4205,0.403,0.1427,0.4299,0.0687,BCC
3,1.7,4.164,0.0369,0.4429,0.3909,0.1419,0.4137,0.0663,BCC
3,1.7,4.1565,0.0389,0.4649,0.3767,0.141,0.3972,0.0634,BCC
3,1.7,4.1415,0.0429,0.5079,0.3425,0.1392,0.3632,0.0562,BCC
3,1.7,4.1915,0.0375,0.422,0.4152,0.1514,0.4201,0.071,BCC
4,1.7,4.184,0.0397,0.4449,0.4055,0.1506,0.4037,0.0684,BCC
3,1.7,4.1765,0.0419,0.4674,0.3935,0.1499,0.387,0.0654,BCC
4,1.7,4.169,0.0441,0.4897,0.3793,0.1491,0.3699,0.0619,BCC
3,1.7,4.174,0.0383,0.4566,0.3899,0.1445,0.4053,0.0685,BCC
3,1.7,4.1665,0.0403,0.4783,0.3725,0.1435,0.3886,0.065,BCC
4,1.7,4.159,0.0423,0.4998,0.3534,0.1426,0.3715,0.061,BCC
3,1.7,4.214,0.0434,0.4498,0.4247,0.1622,0.3786,0.0715,BCC
3,1.7,4.184,0.0398,0.4701,0.3827,0.1457,0.3891,0.0692,BCC
4,1.7,4.1765,0.0418,0.4916,0.3626,0.1447,0.372,0.065,BCC
3,1.65,4.179,0.0273,0.3383,0.3362,0.1353,0.4181,0.0587,BCC
3,1.65,4.149,0.0362,0.4333,0.35,0.1324,0.3541,0.0527,BCC
3,1.65,4.1915,0.0332,0.3617,0.3385,0.1428,0.402,0.0616,BCC
4,1.65,4.184,0.034,0.3863,0.3511,0.1422,0.386,0.0601,BCC
2,1.65,4.1765,0.0355,0.4101,0.3566,0.1415,0.3695,0.0583,BCC
2,1.65,4.204,0.0394,0.374,0.3408,0.1497,0.3828,0.0634,BCC
4,1.65,4.1965,0.0405,0.3984,0.3535,0.1492,0.3661,0.0615,BCC
2,1.65,4.159,0.0378,0.4472,0.363,0.1372,0.3699,0.0574,BCC
4,1.65,4.2015,0.0338,0.3775,0.3874,0.1483,0.4128,0.0671,BCC
2,1.65,4.194,0.0348,0.4015,0.3875,0.1476,0.3965,0.0652,BCC
3,1.65,4.1865,0.0373,0.4249,0.3834,0.1469,0.3798,0.0628,BCC
2,1.65,4.179,0.0397,0.4479,0.3759,0.1461,0.3627,0.06,BCC
2,1.65,4.2065,0.0413,0.4137,0.3899,0.1549,0.3713,0.0652,BCC
2,1.65,4.184,0.0349,0.4163,0.3929,0.1422,0.4039,0.0663,BCC
3,1.65,4.169,0.0394,0.4609,0.3657,0.1403,0.3702,0.0602,BCC
2,1.65,4.204,0.0365,0.4165,0.4056,0.1513,0.3934,0.0685,BCC
2,1.65,4.2165,0.0421,0.4289,0.4081,0.1589,0.3645,0.0674,BCC
3,1.65,4.174,0.0331,0.4117,0.3763,0.1337,0.4067,0.0668,BCC
3,1.65,4.2015,0.0343,0.4077,0.4095,0.145,0.4109,0.0716,BCC
4,1.65,4.194,0.0365,0.4304,0.3951,0.144,0.3943,0.0686,BCC
2,1.65,4.2065,0.0407,0.4541,0.3977,0.1526,0.3637,0.0667,BCC
3,1.65,4.234,0.0418,0.4206,0.4268,0.1623,0.3667,0.0717,BCC
3,1.65,4.1765,0.0366,0.4454,0.348,0.1325,0.3747,0.0642,BCC
3,1.65,4.2115,0.0358,0.4219,0.4077,0.1456,0.3939,0.073,BCC
3,1.65,4.204,0.0381,0.4443,0.3903,0.1445,0.377,0.0694,BCC
4,1.65,4.224,0.04,0.4458,0.4103,0.1545,0.3614,0.0705,BCC
3,1.65,4.2165,0.0424,0.4684,0.3929,0.1534,0.3436,0.0661,BCC
4,1.65,4.244,0.0426,0.4356,0.4286,0.1637,0.3449,0.0714,BCC
2,1.65,4.194,0.036,0.437,0.3559,0.1324,0.3704,0.0679,BCC
3,1.65,4.2215,0.0374,0.4359,0.3998,0.145,0.371,0.073,BCC
4,1.6,4.184,0.0288,0.3583,0.341,0.1356,0.381,0.0563,BCC
4,1.6,4.1965,0.0336,0.3804,0.3435,0.1435,0.3624,0.0582,BCC
4,1.6,4.2015,0.0281,0.3491,0.3768,0.1405,0.4112,0.064,BCC
2,1.6,4.2065,0.0342,0.3958,0.3785,0.1478,0.3705,0.0628,BCC
3,1.6,4.1965,0.0347,0.4119,0.3827,0.1411,0.377,0.0636,BCC
4,1.6,4.1865,0.0339,0.4093,0.3652,0.1312,0.3789,0.0637,BCC
2,1.95,4.073,0.0401,0.5089,0.4092,0.1194,0.4286,0.0591,BCC
3,1.95,4.063,0.0361,0.5019,0.3988,0.1276,0.4661,0.0619,BCC
3,1.95,4.098,0.0387,0.4792,0.4378,0.1342,0.4971,0.0679,BCC
4,1.95,4.0905,0.0398,0.5008,0.4279,0.1341,0.4825,0.0667,BCC
2,1.95,4.083,0.0409,0.5222,0.4156,0.1339,0.4677,0.0652,BCC
2,1.95,4.1105,0.0462,0.5017,0.4403,0.1397,0.4817,0.0697,BCC
4,1.95,4.0805,0.0354,0.4938,0.4113,0.1385,0.5022,0.0688,BCC
3,1.95,4.1005,0.0406,0.5141,0.4296,0.1452,0.4972,0.0715,BCC
2,1.95,4.093,0.0417,0.5354,0.4139,0.1449,0.4819,0.0695,BCC
3,1.95,4.0855,0.0434,0.5565,0.3966,0.1445,0.4665,0.0671,BCC
2,1.95,4.0905,0.0363,0.5056,0.4035,0.1465,0.506,0.0727,BCC
4,1.95,4.083,0.0374,0.5254,0.3837,0.1459,0.4906,0.0703,BCC
3,1.9,4.1005,0.0386,0.4613,0.4119,0.127,0.4418,0.0598,BCC
3,1.9,4.083,0.0352,0.4797,0.4028,0.1326,0.4619,0.0618,BCC
2,1.9,4.1105,0.0395,0.4751,0.4284,0.1396,0.4772,0.0665,BCC
4,1.9,4.103,0.0409,0.4968,0.418,0.1393,0.4622,0.0651,BCC
4,1.9,4.0955,0.0422,0.5182,0.4054,0.139,0.4471,0.0632,BCC
3,1.9,4.088,0.0435,0.5396,0.3908,0.1387,0.4318,0.061,BCC
2,1.9,4.138,0.0433,0.4517,0.4431,0.1457,0.4904,0.071,BCC
3,1.9,4.123,0.0464,0.4964,0.4308,0.1453,0.4601,0.068,BCC
2,1.9,4.093,0.0365,0.4919,0.4006,0.1416,0.4798,0.0669,BCC
4,1.9,4.0855,0.0381,0.512,0.3829,0.141,0.4645,0.0647,BCC
4,1.9,4.113,0.0418,0.5102,0.4193,0.1487,0.4739,0.0695,BCC
3,1.9,4.1055,0.0431,0.5315,0.4032,0.1482,0.4584,0.0671,BCC
3,1.9,4.098,0.0446,0.5527,0.3855,0.1478,0.4427,0.0643,BCC
4,1.9,4.103,0.0375,0.504,0.3924,0.1482,0.4815,0.0703,BCC
4,1.9,4.0955,0.0387,0.5239,0.3722,0.1476,0.4659,0.0676,BCC
2,1.85,4.1205,0.0375,0.4345,0.4045,0.1333,0.4403,0.0595,BCC
3,1.85,4.113,0.0391,0.4569,0.4031,0.1331,0.4259,0.0586,BCC
4,1.85,4.1055,0.0406,0.4789,0.3979,0.1329,0.4113,0.0574,BCC
4,1.85,4.0905,0.0437,0.5222,0.3787,0.1324,0.3811,0.0537,BCC
4,1.85,4.1405,0.0415,0.4315,0.4034,0.1391,0.4458,0.0635,BCC
2,1.85,4.133,0.0433,0.4544,0.4069,0.139,0.4311,0.0624,BCC
2,1.85,4.1255,0.045,0.4769,0.4056,0.1388,0.4161,0.061,BCC
3,1.85,4.1605,0.046,0.4182,0.3957,0.1443,0.448,0.0671,BCC
4,1.85,4.103,0.0342,0.4565,0.4054,0.1367,0.4571,0.0617,BCC
2,1.85,4.0955,0.0362,0.4774,0.3924,0.1363,0.4421,0.06,BCC
3,1.85,4.138,0.0371,0.4261,0.4322,0.1444,0.4864,0.0675,BCC
3,1.85,4.1305,0.0386,0.4486,0.427,0.1441,0.4714,0.0664,BCC
2,1.85,4.123,0.0402,0.4708,0.4188,0.1437,0.4563,0.065,BCC
3,1.85,4.1155,0.0417,0.4926,0.408,0.1433,0.441,0.0632,BCC
2,1.85,4.108,0.0433,0.5142,0.3949,0.1429,0.4255,0.061,BCC
3,1.85,4.1505,0.0428,0.4462,0.4346,0.1504,0.4686,0.0695,BCC
3,1.85,4.143,0.0445,0.4688,0.4294,0.1501,0.4532,0.0679,BCC
4,1.85,4.1355,0.0463,0.4911,0.4212,0.1498,0.4377,0.066,BCC
4,1.85,4.113,0.0355,0.4692,0.4062,0.1443,0.4722,0.0669,BCC
4,1.85,4.1055,0.0376,0.4898,0.3897,0.1438,0.4567,0.0647,BCC
2,1.85,4.1255,0.0428,0.5061,0.4088,0.1512,0.45,0.0671,BCC
3,1.85,4.123,0.037,0.4816,0.4003,0.1499,0.4721,0.0704,BCC
4,1.85,4.108,0.0401,0.5222,0.3606,0.1485,0.4405,0.0645,BCC
4,1.85,4.1355,0.0439,0.5195,0.4029,0.1571,0.446,0.0695,BCC
2,1.8,4.1055,0.0344,0.4408,0.3859,0.131,0.4015,0.0531,BCC
2,1.8,4.098,0.036,0.4621,0.377,0.1305,0.3867,0.0517,BCC
3,1.8,4.0905,0.0379,0.4831,0.3655,0.1301,0.3716,0.0498,BCC
3,1.8,4.133,0.0375,0.4299,0.3962,0.1382,0.4232,0.0584,BCC
2,1.8,4.1255,0.0393,0.4524,0.3942,0.1379,0.4084,0.0572,BCC
4,1.8,4.118,0.0411,0.4745,0.3884,0.1376,0.3932,0.0556,BCC
4,1.8,4.1105,0.0429,0.4964,0.3796,0.1372,0.3777,0.0536,BCC
2,1.8,4.103,0.0447,0.518,0.3682,0.1369,0.3618,0.0512,BCC
2,1.8,4.1605,0.0395,0.4023,0.3873,0.1447,0.4418,0.0633,BCC
4,1.8,4.153,0.0406,0.4258,0.396,0.1445,0.4269,0.0622,BCC
3,1.8,4.1455,0.0426,0.4488,0.3986,0.1442,0.4116,0.0609,BCC
3,1.8,4.138,0.0446,0.4714,0.3966,0.144,0.3961,0.0591,BCC
2,1.8,4.1305,0.0466,0.4937,0.3909,0.1437,0.3802,0.057,BCC
4,1.8,4.173,0.0453,0.4117,0.3895,0.1501,0.4274,0.0657,BCC
4,1.8,4.1655,0.0466,0.4351,0.3983,0.15,0.4119,0.0642,BCC
3,1.8,4.123,0.034,0.4323,0.4065,0.1401,0.4517,0.0615,BCC
2,1.8,4.1155,0.0355,0.4538,0.3952,0.1395,0.4365,0.0599,BCC
4,1.8,4.108,0.0372,0.4749,0.3817,0.139,0.4211,0.0579,BCC
4,1.8,4.158,0.0353,0.3982,0.4256,0.1482,0.4803,0.0673,BCC
4,1.8,4.1505,0.037,0.4214,0.4235,0.1478,0.4652,0.0662,BCC
4,1.8,4.143,0.0388,0.4441,0.4177,0.1474,0.4499,0.0648,BCC
2,1.8,4.1355,0.0406,0.4663,0.409,0.1469,0.4344,0.0631,BCC
2,1.8,4.128,0.0424,0.4883,0.3978,0.1464,0.4187,0.061,BCC
2,1.8,4.1205,0.0441,0.51,0.3844,0.1459,0.4028,0.0585,BCC
3,1.8,4.113,0.0459,0.5315,0.369,0.1454,0.3865,0.0554,BCC
4,1.8,4.178,0.0392,0.3937,0.4254,0.1548,0.4768,0.0707,BCC
3,1.8,4.1705,0.0403,0.4174,0.4279,0.1544,0.4614,0.0694,BCC
4,1.8,4.163,0.042,0.4406,0.4259,0.154,0.4459,0.0679,BCC
4,1.8,4.1555,0.044,0.4633,0.4202,0.1537,0.4303,0.066,BCC
2,1.8,4.148,0.046,0.4857,0.4115,0.1533,0.4143,0.0637,BCC
2,1.8,4.1905,0.0449,0.4033,0.4276,0.1605,0.4559,0.0723,BCC
2,1.8,4.183,0.0462,0.4269,0.4302,0.1602,0.4402,0.0706,BCC
4,1.8,4.1755,0.0476,0.45,0.4283,0.1599,0.4243,0.0686,BCC
4,1.8,4.133,0.0351,0.4455,0.4107,0.1465,0.4642,0.0668,BCC
2,1.8,4.1255,0.0366,0.4666,0.3956,0.1458,0.4486,0.0647,BCC
2,1.8,4.118,0.0387,0.4874,0.3787,0.1451,0.4328,0.0622,BCC
2,1.8,4.1605,0.0383,0.4357,0.4376,0.1547,0.4726,0.0713,BCC
4,1.8,4.1455,0.0418,0.4801,0.4132,0.1536,0.4412,0.0672,BCC
3,1.8,4.138,0.0436,0.5019,0.3981,0.153,0.4252,0.0645,BCC
4,1.8,4.1305,0.0454,0.5234,0.3813,0.1524,0.409,0.0613,BCC
2,1.8,4.188,0.04,0.409,0.4544,0.1623,0.4798,0.0756,BCC
2,1.8,4.1805,0.0415,0.4323,0.4487,0.1618,0.4642,0.0739,BCC
2,1.8,4.173,0.0435,0.4552,0.44,0.1613,0.4484,0.0718,BCC
4,1.8,4.193,0.0472,0.442,0.451,0.1679,0.4387,0.074,BCC
2,1.8,4.143,0.0362,0.4584,0.4073,0.151,0.4625,0.0704,BCC
3,1.8,4.1355,0.0381,0.4793,0.3892,0.1503,0.4467,0.0677,BCC
4,1.8,4.1205,0.0414,0.5202,0.3487,0.1487,0.4144,0.061,BCC
2,1.8,4.178,0.0378,0.4273,0.4544,0.1605,0.4833,0.077,BCC
3,1.8,4.1705,0.0396,0.4498,0.4412,0.1598,0.4676,0.0749,BCC
4,1.8,4.163,0.0413,0.472,0.4264,0.1591,0.4518,0.0725,BCC
2,1.8,4.1555,0.0431,0.4938,0.4099,0.1584,0.4358,0.0696,BCC
2,1.8,4.148,0.0449,0.5154,0.3919,0.1577,0.4196,0.0663,BCC
3,1.8,4.198,0.0409,0.424,0.4678,0.1679,0.4719,0.0791,BCC
4,1.8,4.1905,0.0429,0.447,0.4568,0.1673,0.4561,0.0769,BCC
4,1.8,4.138,0.0409,0.5121,0.356,0.1523,0.419,0.0654,BCC
3,1.8,4.188,0.039,0.4415,0.4538,0.1641,0.4699,0.0796,BCC
2,1.8,4.1805,0.0408,0.4638,0.4375,0.1633,0.4541,0.077,BCC
2,1.8,4.173,0.0426,0.4857,0.4198,0.1625,0.4381,0.074,BCC
4,1.8,4.1655,0.0444,0.5073,0.4008,0.1617,0.4219,0.0705,BCC
4,1.8,4.158,0.0461,0.5288,0.3805,0.1609,0.4054,0.0665,BCC
2,1.8,4.1705,0.0368,0.4628,0.4058,0.1566,0.4492,0.0766,BCC
3,1.8,4.163,0.0388,0.4836,0.3846,0.1556,0.4332,0.0731,BCC
4,1.8,4.1555,0.0404,0.504,0.3621,0.1546,0.417,0.0691,BCC
2,1.8,4.1905,0.0421,0.4775,0.4283,0.1654,0.4343,0.0778,BCC
3,1.8,4.183,0.0438,0.4993,0.4083,0.1645,0.4181,0.0741,BCC
3,1.8,4.1755,0.0456,0.5208,0.3872,0.1636,0.4016,0.0699,BCC
4,1.75,4.118,0.0354,0.4377,0.3761,0.1343,0.3845,0.0515,BCC
4,1.75,4.1105,0.0372,0.4592,0.3667,0.1338,0.369,0.0497,BCC
4,1.75,4.1605,0.0334,0.3781,0.3785,0.1429,0.4347,0.059,BCC
4,1.75,4.153,0.0354,0.4019,0.386,0.1425,0.4198,0.0582,BCC
4,1.75,4.1455,0.0374,0.4251,0.3877,0.1421,0.4047,0.057,BCC
2,1.75,4.138,0.0394,0.4478,0.385,0.1417,0.3893,0.0555,BCC
2,1.75,4.1805,0.0378,0.372,0.3653,0.1494,0.4372,0.063,BCC
4,1.75,4.173,0.0389,0.3964,0.3807,0.1491,0.422,0.062,BCC
3,1.75,4.1655,0.0401,0.42,0.3883,0.1487,0.4066,0.0607,BCC
4,1.75,4.193,0.0433,0.381,0.3675,0.155,0.4215,0.0655,BCC
4,1.75,4.1855,0.0446,0.4052,0.383,0.1548,0.4057,0.0641,BCC
3,1.75,4.1705,0.0473,0.4518,0.3926,0.1542,0.3733,0.06,BCC
4,1.75,4.2055,0.0476,0.3831,0.3696,0.1603,0.4026,0.0671,BCC
4,1.75,4.143,0.0331,0.4071,0.4058,0.1427,0.4459,0.0613,BCC
4,1.75,4.1355,0.0349,0.4293,0.3966,0.1421,0.4305,0.0598,BCC
2,1.75,4.128,0.0366,0.4509,0.3849,0.1414,0.4149,0.0579,BCC
3,1.75,4.1205,0.0384,0.4721,0.371,0.1408,0.399,0.0555,BCC
3,1.75,4.1705,0.0348,0.3932,0.4173,0.1508,0.4585,0.0661,BCC
2,1.75,4.1555,0.0388,0.4394,0.4083,0.1497,0.4274,0.063,BCC
2,1.75,4.1405,0.0428,0.4839,0.3875,0.1486,0.3954,0.0585,BCC
3,1.75,4.133,0.0448,0.5056,0.3736,0.1481,0.3789,0.0555,BCC
4,1.75,4.1905,0.0386,0.3877,0.418,0.1577,0.4539,0.0693,BCC
3,1.75,4.183,0.0397,0.4116,0.4197,0.1573,0.4383,0.0678,BCC
2,1.75,4.1755,0.0411,0.4349,0.417,0.1568,0.4224,0.0659,BCC
2,1.75,4.168,0.0433,0.4577,0.4108,0.1563,0.4063,0.0637,BCC
4,1.75,4.1605,0.0455,0.4802,0.4017,0.1558,0.3899,0.0611,BCC
3,1.75,4.203,0.0442,0.3967,0.4203,0.1637,0.4318,0.0706,BCC
4,1.75,4.1955,0.0456,0.4205,0.4221,0.1633,0.4158,0.0686,BCC
4,1.75,4.188,0.0469,0.4438,0.4195,0.1629,0.3994,0.0662,BCC
3,1.75,4.153,0.0343,0.4207,0.4139,0.148,0.4559,0.0667,BCC
2,1.75,4.1455,0.0361,0.4425,0.4002,0.1473,0.4402,0.0647,BCC
2,1.75,4.138,0.0379,0.4639,0.3847,0.1465,0.4243,0.0622,BCC
2,1.75,4.1305,0.0398,0.4849,0.3675,0.1458,0.4081,0.0593,BCC
3,1.75,4.1805,0.0362,0.408,0.4371,0.1567,0.4638,0.0713,BCC
3,1.75,4.173,0.0382,0.431,0.4279,0.156,0.4481,0.0694,BCC
3,1.75,4.1655,0.0402,0.4536,0.4164,0.1554,0.4322,0.0672,BCC
4,1.75,4.158,0.0422,0.4757,0.4028,0.1547,0.416,0.0646,BCC
2,1.75,4.1505,0.0442,0.4976,0.3874,0.154,0.3996,0.0615,BCC
3,1.75,4.143,0.0462,0.5192,0.3702,0.1533,0.3829,0.0578,BCC
3,1.75,4.2005,0.0394,0.4031,0.4457,0.164,0.4549,0.0738,BCC
4,1.75,4.193,0.0405,0.4266,0.4395,0.1634,0.439,0.0718,BCC
2,1.75,4.178,0.0449,0.4722,0.4189,0.1623,0.4065,0.0667,BCC
3,1.75,4.1705,0.0471,0.4945,0.4054,0.1617,0.3899,0.0634,BCC
4,1.75,4.2055,0.0465,0.4356,0.4419,0.1698,0.4124,0.0715,BCC
2,1.75,4.163,0.0356,0.4341,0.4133,0.1517,0.4527,0.0704,BCC
3,1.75,4.1555,0.0374,0.4556,0.3964,0.1508,0.4367,0.0678,BCC
3,1.75,4.148,0.0392,0.4767,0.378,0.15,0.4205,0.0647,BCC
4,1.75,4.1405,0.0412,0.4974,0.3581,0.1491,0.4041,0.0612,BCC
2,1.75,4.1755,0.0416,0.4675,0.4159,0.1593,0.4254,0.0697,BCC
4,1.75,4.168,0.0436,0.4895,0.399,0.1585,0.409,0.0665,BCC
2,1.75,4.1605,0.0456,0.5112,0.3807,0.1578,0.3923,0.0627,BCC
4,1.75,4.1955,0.0442,0.4641,0.4336,0.1672,0.4131,0.0714,BCC
2,1.75,4.188,0.0465,0.4865,0.4184,0.1665,0.3965,0.068,BCC
3,1.75,4.1805,0.0351,0.4256,0.4244,0.1548,0.4563,0.0754,BCC
4,1.75,4.1655,0.0386,0.4685,0.387,0.1529,0.4242,0.0694,BCC
3,1.75,4.2005,0.039,0.4369,0.4436,0.1635,0.4429,0.0771,BCC
4,1.75,4.193,0.041,0.4593,0.427,0.1626,0.4268,0.0742,BCC
4,1.75,4.178,0.045,0.5031,0.3896,0.1609,0.3938,0.0668,BCC
2,1.75,4.1905,0.0363,0.4389,0.4148,0.1557,0.4376,0.0768,BCC
3,1.75,4.1755,0.04,0.4811,0.373,0.1537,0.405,0.0694,BCC
3,1.75,4.1955,0.0445,0.495,0.3972,0.163,0.3892,0.0702,BCC
2,1.7,4.1655,0.0348,0.3969,0.3781,0.1455,0.4004,0.0568,BCC
4,1.7,4.178,0.0395,0.4141,0.3805,0.152,0.385,0.0589,BCC
3,1.7,4.1705,0.0407,0.4374,0.3815,0.1516,0.3686,0.0569,BCC
2,1.7,4.2055,0.0426,0.3742,0.362,0.1588,0.399,0.0639,BCC
4,1.7,4.148,0.0355,0.426,0.3865,0.1433,0.4081,0.0578,BCC
2,1.7,4.168,0.0385,0.4346,0.3988,0.1513,0.4039,0.0609,BCC
4,1.7,4.1955,0.0392,0.4057,0.4113,0.1593,0.4142,0.0659,BCC
4,1.7,4.1805,0.0424,0.4521,0.4013,0.1582,0.3813,0.0611,BCC
3,1.7,4.173,0.0448,0.4747,0.3917,0.1576,0.3643,0.058,BCC
3,1.7,4.2155,0.0436,0.3901,0.4127,0.1661,0.4068,0.0685,BCC
4,1.7,4.158,0.037,0.4394,0.3897,0.1474,0.4154,0.0622,BCC
3,1.7,4.1505,0.039,0.461,0.3737,0.1466,0.399,0.0593,BCC
3,1.7,4.1855,0.0379,0.4262,0.4182,0.1566,0.4228,0.0672,BCC
2,1.7,4.178,0.0401,0.4489,0.4062,0.1559,0.4065,0.0646,BCC
4,1.7,4.163,0.0446,0.4931,0.3764,0.1544,0.373,0.058,BCC
3,1.7,4.2055,0.04,0.4208,0.4302,0.1644,0.413,0.0695,BCC
4,1.7,4.198,0.0417,0.4439,0.4207,0.1637,0.3965,0.0668,BCC
3,1.7,4.168,0.0384,0.4526,0.3854,0.15,0.4102,0.0649,BCC
3,1.7,4.1605,0.0404,0.4739,0.3666,0.1491,0.3935,0.0613,BCC
3,1.7,4.1955,0.0395,0.4405,0.4208,0.1597,0.4147,0.0698,BCC
4,1.7,4.1805,0.0439,0.485,0.3881,0.158,0.3813,0.0629,BCC
3,1.65,4.193,0.0303,0.3424,0.3518,0.1488,0.411,0.0577,BCC
3,1.65,4.178,0.0339,0.3917,0.3699,0.1476,0.3794,0.0552,BCC
2,1.65,4.1705,0.0364,0.4152,0.3702,0.147,0.3631,0.0533,BCC
3,1.65,4.2055,0.0367,0.3594,0.354,0.1554,0.3948,0.0604,BCC
2,1.65,4.198,0.0378,0.3841,0.3667,0.1549,0.3786,0.0588,BCC
4,1.65,4.1905,0.039,0.4081,0.3724,0.1544,0.362,0.0568,BCC
2,1.65,4.218,0.042,0.3672,0.3563,0.1617,0.3754,0.0621,BCC
4,1.65,4.1805,0.0381,0.4297,0.389,0.1522,0.3793,0.0585,BCC
3,1.65,4.208,0.0386,0.3996,0.4028,0.1606,0.3891,0.0637,BCC
2,1.65,4.2005,0.0397,0.4232,0.3988,0.16,0.3723,0.0612,BCC
4,1.65,4.2205,0.0443,0.4074,0.4052,0.1673,0.3638,0.0635,BCC
2,1.65,4.178,0.0354,0.414,0.3933,0.1478,0.4061,0.0622,BCC
2,1.65,4.1705,0.0376,0.4361,0.3789,0.1469,0.3896,0.0594,BCC
3,1.65,4.1905,0.0398,0.4441,0.3959,0.1557,0.3799,0.0617,BCC
2,1.65,4.183,0.0423,0.4665,0.3815,0.1549,0.3627,0.0582,BCC
4,1.65,4.218,0.0394,0.4149,0.4207,0.1647,0.3861,0.0668,BCC
4,1.65,4.2105,0.0405,0.4381,0.4108,0.164,0.369,0.0637,BCC
3,1.65,4.203,0.0431,0.4609,0.3985,0.1632,0.3515,0.06,BCC
3,1.65,4.238,0.0439,0.399,0.4304,0.1723,0.3743,0.0688,BCC
3,1.65,4.1955,0.0347,0.4053,0.4078,0.1505,0.4161,0.068,BCC
2,1.65,4.188,0.0369,0.4277,0.3919,0.1496,0.3995,0.065,BCC
3,1.65,4.2155,0.0367,0.4128,0.4245,0.1596,0.4038,0.0699,BCC
3,1.65,4.228,0.0402,0.4298,0.427,0.1673,0.3736,0.0684,BCC
2,1.65,4.218,0.0408,0.45,0.4055,0.1597,0.3697,0.0673,BCC
4,1.6,4.228,0.037,0.369,0.3946,0.162,0.38,0.0637,BCC
4,1.6,4.1905,0.0355,0.4103,0.3828,0.1467,0.3798,0.0595,BCC
3,1.6,4.2105,0.0366,0.4162,0.3982,0.1559,0.3695,0.0618,BCC
3,1.6,4.208,0.0348,0.4017,0.3973,0.1487,0.3886,0.0651,BCC
2,1.6,4.2005,0.0373,0.4242,0.3809,0.1476,0.3715,0.0617,BCC
2,1.6,4.218,0.0366,0.4156,0.3919,0.1485,0.3725,0.0663,BCC
4,1.6,4.2355,0.0358,0.407,0.4013,0.1484,0.3676,0.0702,BCC
3,1.95,4.0745,0.0374,0.4849,0.4218,0.1254,0.4212,0.0548,BCC
2,1.95,4.067,0.0386,0.506,0.4119,0.1255,0.408,0.0538,BCC
4,1.95,4.102,0.0428,0.4701,0.4353,0.13,0.4493,0.0599,BCC
4,1.95,4.0945,0.0441,0.4922,0.4314,0.1302,0.4357,0.0591,BCC
4,1.95,4.087,0.0454,0.514,0.4243,0.1303,0.4218,0.0579,BCC
4,1.95,4.0795,0.0468,0.5357,0.4144,0.1305,0.4077,0.0564,BCC
3,1.95,4.077,0.0402,0.5188,0.414,0.1395,0.4593,0.0607,BCC
2,1.95,4.1195,0.0424,0.4619,0.4597,0.1451,0.505,0.0679,BCC
2,1.95,4.112,0.0437,0.4841,0.4525,0.1451,0.4904,0.0669,BCC
3,1.95,4.102,0.0379,0.4897,0.4419,0.1507,0.5104,0.0692,BCC
3,1.95,4.0945,0.0395,0.5107,0.4263,0.1504,0.4954,0.0676,BCC
2,1.95,4.087,0.0414,0.5314,0.4091,0.1501,0.4803,0.0655,BCC
3,1.95,4.1045,0.0408,0.5234,0.4185,0.1587,0.4993,0.0713,BCC
2,1.95,4.097,0.0423,0.544,0.3989,0.1582,0.4838,0.0687,BCC
4,1.9,4.087,0.0387,0.4815,0.4122,0.1327,0.4095,0.0536,BCC
2,1.9,4.0795,0.0401,0.5027,0.4019,0.1326,0.3956,0.0523,BCC
2,1.9,4.107,0.0445,0.4874,0.4224,0.138,0.4209,0.0577,BCC
2,1.9,4.0995,0.0461,0.5093,0.4147,0.1379,0.4064,0.0563,BCC
4,1.9,4.092,0.0476,0.5311,0.4044,0.1379,0.3917,0.0544,BCC
3,1.9,4.142,0.0455,0.4345,0.4251,0.1424,0.4567,0.0636,BCC
4,1.9,4.1045,0.0384,0.4733,0.4305,0.145,0.4698,0.062,BCC
3,1.9,4.0895,0.0413,0.5156,0.4035,0.1444,0.4402,0.0587,BCC
4,1.9,4.132,0.0425,0.457,0.4508,0.1509,0.4853,0.0667,BCC
4,1.9,4.1245,0.044,0.4793,0.4432,0.1507,0.4704,0.0654,BCC
4,1.9,4.117,0.0456,0.5013,0.4329,0.1505,0.4554,0.0638,BCC
4,1.9,4.1095,0.0472,0.5231,0.4205,0.1503,0.4402,0.0618,BCC
3,1.9,4.1145,0.0393,0.4865,0.4316,0.1542,0.4883,0.0675,BCC
3,1.9,4.107,0.0406,0.5076,0.4157,0.1538,0.473,0.0655,BCC
4,1.9,4.0995,0.0426,0.5284,0.3982,0.1534,0.4576,0.0631,BCC
2,1.85,4.122,0.0352,0.4118,0.4171,0.1391,0.4374,0.0547,BCC
2,1.85,4.1145,0.0367,0.4343,0.4158,0.1389,0.4237,0.0542,BCC
2,1.85,4.107,0.0383,0.4563,0.4107,0.1387,0.4098,0.0533,BCC
2,1.85,4.0995,0.0399,0.478,0.4025,0.1385,0.3955,0.0521,BCC
3,1.85,4.142,0.0394,0.4145,0.4158,0.1445,0.4477,0.0593,BCC
4,1.85,4.1345,0.0411,0.4376,0.4194,0.1444,0.4335,0.0586,BCC
3,1.85,4.147,0.0461,0.4516,0.4218,0.1494,0.4241,0.0613,BCC
2,1.85,4.132,0.0363,0.4258,0.4394,0.1497,0.4799,0.0629,BCC
2,1.85,4.117,0.0394,0.4697,0.4206,0.149,0.4502,0.0604,BCC
2,1.85,4.1095,0.041,0.4912,0.4077,0.1487,0.4351,0.0586,BCC
4,1.85,4.102,0.0425,0.5123,0.3929,0.1483,0.4198,0.0564,BCC
3,1.85,4.152,0.0406,0.4292,0.4469,0.1557,0.4796,0.0665,BCC
4,1.85,4.1445,0.0424,0.452,0.4418,0.1554,0.4646,0.0653,BCC
3,1.85,4.1295,0.0459,0.4964,0.4231,0.1549,0.434,0.0618,BCC
4,1.85,4.157,0.0473,0.4662,0.4442,0.1608,0.4463,0.0667,BCC
3,1.85,4.1195,0.0421,0.5043,0.405,0.1564,0.4498,0.0631,BCC
3,1.85,4.112,0.0438,0.5253,0.3872,0.1559,0.4341,0.0604,BCC
3,1.85,4.1395,0.0472,0.5103,0.4238,0.163,0.443,0.0656,BCC
3,1.85,4.1445,0.0401,0.4748,0.4328,0.1633,0.4809,0.0713,BCC
2,1.85,4.137,0.0416,0.4961,0.4153,0.1627,0.4653,0.0688,BCC
3,1.85,4.122,0.045,0.5381,0.3762,0.1615,0.4335,0.0625,BCC
2,1.85,4.147,0.0427,0.5091,0.4043,0.1669,0.4552,0.0706,BCC
4,1.8,4.1345,0.0354,0.4076,0.4089,0.144,0.4233,0.0539,BCC
2,1.8,4.127,0.0372,0.4303,0.407,0.1437,0.409,0.053,BCC
4,1.8,4.1195,0.039,0.4525,0.4013,0.1434,0.3945,0.0518,BCC
2,1.8,4.112,0.0407,0.4743,0.3926,0.1431,0.3795,0.0502,BCC
2,1.8,4.1045,0.0425,0.4957,0.3813,0.1428,0.3642,0.0482,BCC
4,1.8,4.162,0.0368,0.3853,0.3998,0.1501,0.4455,0.059,BCC
2,1.8,4.1545,0.0387,0.4091,0.4086,0.1499,0.431,0.0583,BCC
3,1.8,4.147,0.0407,0.4323,0.4113,0.1497,0.4163,0.0573,BCC
2,1.8,4.1395,0.0427,0.455,0.4094,0.1495,0.4013,0.0559,BCC
4,1.8,4.132,0.0447,0.4774,0.4038,0.1492,0.386,0.0542,BCC
4,1.8,4.1245,0.0467,0.4995,0.3952,0.149,0.3703,0.052,BCC
3,1.8,4.182,0.0415,0.3744,0.3849,0.1554,0.4498,0.0631,BCC
4,1.8,4.167,0.0441,0.4224,0.4109,0.1551,0.4199,0.0611,BCC
3,1.8,4.1595,0.0455,0.4456,0.4137,0.155,0.4045,0.0596,BCC
4,1.8,4.152,0.047,0.4683,0.4118,0.1548,0.3888,0.0577,BCC
3,1.8,4.187,0.0476,0.4041,0.4041,0.16,0.4204,0.0645,BCC
2,1.8,4.1445,0.0367,0.4218,0.4303,0.153,0.4599,0.0617,BCC
4,1.8,4.137,0.0384,0.4441,0.4216,0.1526,0.4448,0.0603,BCC
4,1.8,4.1295,0.0402,0.466,0.4105,0.1521,0.4295,0.0585,BCC
4,1.8,4.122,0.042,0.4876,0.3973,0.1517,0.414,0.0564,BCC
2,1.8,4.1795,0.0365,0.3765,0.4376,0.1601,0.4885,0.0673,BCC
4,1.8,4.172,0.0381,0.4005,0.4403,0.1597,0.4735,0.0664,BCC
2,1.8,4.157,0.0421,0.4468,0.4327,0.159,0.443,0.0636,BCC
4,1.8,4.1495,0.0441,0.4693,0.4241,0.1587,0.4274,0.0617,BCC
2,1.8,4.142,0.0461,0.4915,0.4131,0.1583,0.4116,0.0594,BCC
4,1.8,4.192,0.0424,0.3902,0.4398,0.1655,0.4699,0.0696,BCC
3,1.8,4.177,0.0451,0.4374,0.4407,0.165,0.439,0.0666,BCC
4,1.8,4.162,0.0362,0.4132,0.4499,0.1603,0.4882,0.0689,BCC
3,1.8,4.1545,0.0379,0.4357,0.4388,0.1598,0.4729,0.0673,BCC
3,1.8,4.147,0.0397,0.4578,0.4257,0.1593,0.4574,0.0654,BCC
4,1.8,4.132,0.0433,0.5008,0.3942,0.1581,0.4258,0.0604,BCC
4,1.8,4.1745,0.0415,0.4385,0.4523,0.1666,0.4658,0.0701,BCC
4,1.8,4.167,0.0435,0.4611,0.4413,0.1662,0.4501,0.068,BCC
4,1.8,4.187,0.046,0.4522,0.4547,0.1725,0.4415,0.0704,BCC
3,1.8,4.172,0.0374,0.4273,0.4534,0.1654,0.487,0.0734,BCC
2,1.8,4.1645,0.0392,0.4494,0.4386,0.1648,0.4714,0.0713,BCC
2,1.8,4.157,0.041,0.4712,0.4223,0.1641,0.4557,0.0689,BCC
2,1.8,4.1495,0.0427,0.4927,0.4045,0.1635,0.4397,0.066,BCC
3,1.8,4.142,0.0445,0.5139,0.3852,0.1628,0.4236,0.0627,BCC
2,1.8,4.177,0.0449,0.4753,0.4411,0.1714,0.4449,0.0709,BCC
2,1.8,4.1695,0.0469,0.4974,0.4248,0.1708,0.4288,0.0678,BCC
3,1.8,4.1745,0.0405,0.463,0.4321,0.1682,0.4603,0.0738,BCC
4,1.8,4.167,0.0422,0.4845,0.4132,0.1675,0.4444,0.0707,BCC
3,1.8,4.1595,0.044,0.5058,0.3931,0.1667,0.4283,0.0672,BCC
3,1.8,4.192,0.0399,0.4547,0.4403,0.1711,0.4583,0.078,BCC
3,1.75,4.147,0.0354,0.4033,0.4006,0.1479,0.4073,0.0528,BCC
3,1.75,4.1395,0.0374,0.4261,0.398,0.1475,0.3924,0.0516,BCC
2,1.75,4.132,0.0394,0.4485,0.3918,0.1471,0.3772,0.0501,BCC
3,1.75,4.1245,0.0414,0.4704,0.3826,0.1467,0.3616,0.048,BCC
2,1.75,4.117,0.0434,0.492,0.3708,0.1462,0.3456,0.0455,BCC
3,1.75,4.182,0.0352,0.3548,0.3779,0.1548,0.4425,0.0587,BCC
2,1.75,4.167,0.0377,0.4036,0.4011,0.1542,0.4128,0.0571,BCC
2,1.75,4.1445,0.0444,0.4723,0.3943,0.1532,0.366,0.0519,BCC
4,1.75,4.1945,0.0408,0.3678,0.38,0.1602,0.4303,0.0621,BCC
2,1.75,4.187,0.0421,0.3924,0.3956,0.16,0.415,0.0609,BCC
2,1.75,4.1795,0.0435,0.4162,0.4034,0.1597,0.3994,0.0595,BCC
2,1.75,4.172,0.0448,0.4395,0.4054,0.1595,0.3835,0.0576,BCC
2,1.75,4.207,0.0453,0.3728,0.3821,0.1652,0.4144,0.0644,BCC
3,1.75,4.1995,0.0468,0.3973,0.3978,0.1651,0.3985,0.0628,BCC
3,1.75,4.172,0.0328,0.3709,0.4298,0.1565,0.4693,0.0625,BCC
4,1.75,4.157,0.0368,0.4176,0.421,0.1555,0.4389,0.0601,BCC
2,1.75,4.142,0.0408,0.4621,0.4004,0.1544,0.4077,0.0563,BCC
4,1.75,4.1345,0.0428,0.4838,0.3867,0.1539,0.3917,0.0538,BCC
3,1.75,4.1845,0.0371,0.395,0.4322,0.1627,0.4516,0.065,BCC
2,1.75,4.177,0.0393,0.4185,0.4295,0.1622,0.4361,0.0635,BCC
3,1.75,4.1695,0.0415,0.4416,0.4234,0.1618,0.4203,0.0616,BCC
3,1.75,4.162,0.0438,0.4642,0.4144,0.1613,0.4044,0.0594,BCC
4,1.75,4.1545,0.046,0.4864,0.4029,0.1609,0.3881,0.0567,BCC
2,1.75,4.197,0.0431,0.4078,0.4345,0.1685,0.4313,0.0665,BCC
3,1.75,4.1895,0.0444,0.4313,0.4319,0.1681,0.4153,0.0645,BCC
2,1.75,4.1745,0.0475,0.4769,0.4169,0.1673,0.3826,0.0593,BCC
4,1.75,4.167,0.0382,0.4317,0.4289,0.1611,0.449,0.0654,BCC
4,1.75,4.1595,0.0402,0.4539,0.4154,0.1604,0.4332,0.0632,BCC
3,1.75,4.152,0.0422,0.4757,0.4001,0.1598,0.4172,0.0605,BCC
4,1.75,4.1445,0.0442,0.4972,0.3832,0.1592,0.4009,0.0573,BCC
4,1.75,4.202,0.0367,0.3863,0.4579,0.1693,0.4726,0.0717,BCC
3,1.75,4.1945,0.0387,0.41,0.4518,0.1688,0.457,0.07,BCC
3,1.75,4.172,0.0453,0.4784,0.418,0.1671,0.4089,0.0628,BCC
2,1.75,4.1645,0.0476,0.5005,0.4027,0.1666,0.3924,0.0595,BCC
2,1.75,4.1995,0.0454,0.4462,0.4452,0.1745,0.4158,0.0679,BCC
3,1.75,4.192,0.0468,0.4689,0.4339,0.174,0.3993,0.0649,BCC
2,1.75,4.1845,0.0377,0.4232,0.4434,0.1658,0.4616,0.0713,BCC
3,1.75,4.177,0.0397,0.4455,0.4283,0.165,0.4458,0.0689,BCC
4,1.75,4.1695,0.0417,0.4674,0.4116,0.1643,0.4297,0.0661,BCC
4,1.75,4.197,0.0425,0.4477,0.4458,0.1726,0.4346,0.0709,BCC
4,1.75,4.1895,0.0447,0.4702,0.4308,0.172,0.4183,0.068,BCC
2,1.75,4.182,0.0469,0.4924,0.4141,0.1713,0.4019,0.0645,BCC
3,1.75,4.2095,0.0463,0.4609,0.4483,0.1791,0.406,0.0696,BCC
3,1.75,4.1945,0.0391,0.4371,0.4392,0.1684,0.4495,0.0739,BCC
3,1.75,4.187,0.0411,0.4592,0.4213,0.1676,0.4335,0.0709,BCC
2,1.75,4.1795,0.0431,0.4809,0.4022,0.1668,0.4172,0.0674,BCC
3,1.75,4.197,0.0425,0.4727,0.4095,0.1689,0.4145,0.0714,BCC
2,1.7,4.1795,0.0368,0.398,0.3934,0.1575,0.3932,0.0556,BCC
2,1.7,4.207,0.0401,0.3611,0.3747,0.164,0.4095,0.0608,BCC
4,1.7,4.1845,0.0441,0.4334,0.3969,0.163,0.3611,0.0553,BCC
2,1.7,4.162,0.039,0.4359,0.402,0.1565,0.4009,0.0563,BCC
3,1.7,4.1545,0.0412,0.4581,0.39,0.1559,0.3847,0.0538,BCC
3,1.7,4.197,0.0365,0.3893,0.4239,0.1648,0.4288,0.0634,BCC
3,1.7,4.182,0.0408,0.4362,0.414,0.1637,0.3967,0.0594,BCC
4,1.7,4.1745,0.0432,0.4589,0.4045,0.1632,0.3802,0.0567,BCC
3,1.7,4.217,0.0411,0.3772,0.4251,0.1713,0.4232,0.0665,BCC
3,1.7,4.2095,0.0424,0.4015,0.4262,0.1709,0.407,0.0645,BCC
2,1.7,4.187,0.0361,0.4047,0.4307,0.1624,0.4404,0.0653,BCC
4,1.7,4.172,0.0406,0.4498,0.405,0.161,0.4082,0.0605,BCC
4,1.7,4.1645,0.0428,0.4717,0.3893,0.1603,0.3917,0.0574,BCC
2,1.7,4.192,0.0425,0.4507,0.4214,0.1686,0.3993,0.0629,BCC
4,1.7,4.1845,0.045,0.4732,0.4076,0.1679,0.3826,0.0596,BCC
4,1.7,4.1895,0.0399,0.4415,0.4178,0.1647,0.4195,0.0662,BCC
2,1.7,4.182,0.0421,0.4635,0.4008,0.1639,0.403,0.063,BCC
3,1.7,4.1995,0.0415,0.4552,0.4105,0.1664,0.4058,0.0676,BCC
4,1.65,4.207,0.0341,0.3426,0.3669,0.1609,0.4039,0.0566,BCC
4,1.65,4.1995,0.0352,0.3679,0.3797,0.1605,0.3881,0.0554,BCC
2,1.65,4.192,0.0363,0.3922,0.3854,0.16,0.372,0.0538,BCC
4,1.65,4.212,0.0408,0.3793,0.382,0.1665,0.3711,0.0574,BCC
3,1.65,4.182,0.0365,0.4088,0.4019,0.1581,0.3937,0.0562,BCC
4,1.65,4.202,0.0371,0.4074,0.4116,0.1656,0.3886,0.0593,BCC
4,1.65,4.1945,0.0398,0.4307,0.4044,0.165,0.3719,0.0567,BCC
3,1.65,4.187,0.0425,0.4536,0.3945,0.1643,0.3547,0.0536,BCC
4,1.65,4.2295,0.0404,0.3706,0.4175,0.1731,0.3984,0.0645,BCC
4,1.65,4.222,0.0418,0.3951,0.4178,0.1725,0.3818,0.0621,BCC
4,1.65,4.2145,0.0431,0.4189,0.414,0.172,0.3648,0.0594,BCC
3,1.65,4.242,0.0448,0.3747,0.4198,0.179,0.3734,0.0646,BCC
3,1.65,4.192,0.0382,0.4232,0.4087,0.1616,0.3989,0.0606,BCC
2,1.65,4.1845,0.0407,0.4456,0.3944,0.1609,0.3822,0.0575,BCC
3,1.65,4.212,0.039,0.4224,0.4234,0.1695,0.3894,0.063,BCC
4,1.65,4.2045,0.0417,0.4454,0.4112,0.1688,0.3724,0.0598,BCC
3,1.65,4.232,0.0427,0.4105,0.4356,0.1769,0.3787,0.0651,BCC
3,1.65,4.217,0.0351,0.3914,0.4369,0.1655,0.4253,0.069,BCC
2,1.65,4.2095,0.0375,0.4146,0.4229,0.1647,0.409,0.0663,BCC
3,1.65,4.202,0.04,0.4373,0.4071,0.1638,0.3923,0.0631,BCC
4,1.6,4.212,0.0352,0.3955,0.4109,0.1619,0.3893,0.0606,BCC
2,1.6,4.2045,0.0379,0.4187,0.3983,0.161,0.3724,0.0576,BCC
4,1.95,4.1035,0.0403,0.4501,0.4476,0.1354,0.4402,0.0549,BCC
3,1.95,4.0885,0.0429,0.4939,0.4367,0.1358,0.4146,0.0537,BCC
3,1.95,4.081,0.0443,0.5155,0.4269,0.1359,0.4013,0.0526,BCC
4,1.95,4.121,0.0399,0.4418,0.4718,0.1503,0.5098,0.064,BCC
3,1.95,4.0985,0.0439,0.5074,0.4429,0.1502,0.4671,0.061,BCC
2,1.95,4.141,0.0448,0.44,0.478,0.1547,0.5128,0.0678,BCC
3,1.95,4.116,0.0435,0.4993,0.4565,0.1614,0.5037,0.0681,BCC
3,1.95,4.101,0.0462,0.5421,0.4241,0.161,0.4735,0.064,BCC
4,1.9,4.1235,0.0391,0.423,0.4397,0.1432,0.4429,0.0545,BCC
4,1.9,4.116,0.0406,0.4456,0.4392,0.1433,0.4298,0.0542,BCC
2,1.9,4.101,0.0437,0.4897,0.4273,0.1433,0.4027,0.0524,BCC
4,1.9,4.1435,0.043,0.4196,0.4373,0.1474,0.456,0.0592,BCC
3,1.9,4.136,0.0447,0.4427,0.442,0.1476,0.4423,0.0587,BCC
3,1.9,4.1335,0.0402,0.4373,0.463,0.156,0.4921,0.0631,BCC
2,1.9,4.126,0.0417,0.4596,0.4554,0.1559,0.4776,0.0621,BCC
4,1.9,4.1185,0.0433,0.4816,0.4453,0.1557,0.463,0.0609,BCC
3,1.9,4.111,0.0448,0.5033,0.4329,0.1555,0.4482,0.0592,BCC
4,1.9,4.1535,0.0442,0.4344,0.4698,0.1608,0.4933,0.0668,BCC
3,1.9,4.1285,0.0444,0.4952,0.4464,0.1653,0.4815,0.0662,BCC
2,1.9,4.121,0.0459,0.5167,0.4306,0.165,0.4662,0.064,BCC
2,1.9,4.1135,0.0475,0.5381,0.4133,0.1646,0.4507,0.0615,BCC
3,1.85,4.136,0.039,0.4183,0.4318,0.1497,0.4307,0.0538,BCC
3,1.85,4.1285,0.0408,0.441,0.4307,0.1496,0.417,0.0532,BCC
2,1.85,4.121,0.0426,0.4634,0.4257,0.1495,0.4029,0.0521,BCC
3,1.85,4.106,0.0461,0.5071,0.407,0.1493,0.3738,0.0489,BCC
4,1.85,4.1635,0.041,0.39,0.4203,0.1544,0.455,0.0589,BCC
4,1.85,4.1485,0.0439,0.4371,0.4342,0.1544,0.4266,0.0575,BCC
3,1.85,4.1835,0.0445,0.375,0.4034,0.1585,0.4613,0.0632,BCC
3,1.85,4.176,0.0461,0.3994,0.4224,0.1586,0.4468,0.0624,BCC
4,1.85,4.1535,0.0385,0.4097,0.4591,0.1608,0.4878,0.0628,BCC
3,1.85,4.146,0.0403,0.4326,0.4541,0.1606,0.4731,0.0619,BCC
2,1.85,4.1385,0.042,0.4551,0.4461,0.1604,0.4583,0.0607,BCC
4,1.85,4.1235,0.0456,0.499,0.4228,0.1598,0.4282,0.0572,BCC
2,1.85,4.1735,0.0419,0.4053,0.4626,0.1661,0.4878,0.0666,BCC
3,1.85,4.166,0.0434,0.4288,0.4614,0.1659,0.4728,0.0655,BCC
2,1.85,4.1585,0.0454,0.4517,0.4565,0.1657,0.4577,0.0641,BCC
3,1.85,4.141,0.0451,0.4909,0.4361,0.1682,0.4585,0.064,BCC
2,1.85,4.1335,0.0468,0.5126,0.42,0.1678,0.4429,0.0615,BCC
3,1.8,4.1635,0.0347,0.3657,0.4121,0.1553,0.4444,0.0538,BCC
4,1.8,4.156,0.0367,0.3899,0.421,0.1552,0.4306,0.0535,BCC
4,1.8,4.141,0.0407,0.4363,0.422,0.1548,0.4021,0.0519,BCC
4,1.8,4.1185,0.0467,0.5027,0.3969,0.1541,0.3568,0.0464,BCC
4,1.8,4.1835,0.039,0.3592,0.3971,0.1603,0.453,0.0586,BCC
2,1.8,4.1685,0.0416,0.4079,0.4233,0.1601,0.4241,0.0573,BCC
4,1.8,4.161,0.043,0.4313,0.4262,0.16,0.4093,0.0561,BCC
4,1.8,4.196,0.0437,0.3682,0.399,0.1648,0.443,0.0622,BCC
4,1.8,4.1885,0.0453,0.3928,0.4164,0.1648,0.428,0.0612,BCC
4,1.8,4.181,0.0468,0.4166,0.4255,0.1648,0.4128,0.0599,BCC
2,1.8,4.1735,0.0361,0.3811,0.4525,0.1649,0.4829,0.0626,BCC
2,1.8,4.1585,0.0401,0.4279,0.4451,0.1643,0.4531,0.0605,BCC
3,1.8,4.1435,0.0441,0.4727,0.4256,0.1636,0.4225,0.0571,BCC
4,1.8,4.136,0.0461,0.4946,0.4125,0.1632,0.4069,0.0547,BCC
3,1.8,4.1935,0.0399,0.3752,0.4519,0.1704,0.4817,0.0664,BCC
4,1.8,4.186,0.0413,0.3994,0.4548,0.1702,0.4667,0.0653,BCC
2,1.8,4.1785,0.0426,0.423,0.4529,0.1699,0.4514,0.064,BCC
3,1.8,4.171,0.0445,0.4461,0.4475,0.1697,0.436,0.0623,BCC
2,1.8,4.1985,0.0464,0.4083,0.457,0.1752,0.4476,0.0671,BCC
3,1.8,4.1835,0.0375,0.3961,0.473,0.1722,0.4967,0.0691,BCC
3,1.8,4.176,0.0395,0.4194,0.4645,0.1718,0.4814,0.0678,BCC
4,1.8,4.1685,0.0415,0.4422,0.4535,0.1714,0.466,0.0661,BCC
2,1.8,4.146,0.0475,0.5083,0.4094,0.1699,0.4187,0.0586,BCC
2,1.8,4.196,0.0422,0.4146,0.4753,0.1779,0.4745,0.0706,BCC
3,1.8,4.1885,0.0439,0.4378,0.4669,0.1775,0.4589,0.0688,BCC
3,1.8,4.181,0.0461,0.4606,0.456,0.1771,0.4432,0.0666,BCC
4,1.8,4.186,0.041,0.4338,0.4679,0.1772,0.4802,0.0721,BCC
3,1.8,4.1785,0.043,0.4563,0.4533,0.1767,0.4646,0.0699,BCC
3,1.8,4.171,0.045,0.4784,0.437,0.1761,0.4488,0.0672,BCC
3,1.8,4.1635,0.047,0.5002,0.4194,0.1755,0.4328,0.0642,BCC
4,1.8,4.181,0.0464,0.4921,0.428,0.1798,0.4376,0.0689,BCC
4,1.75,4.176,0.0337,0.3603,0.4058,0.1597,0.4294,0.0531,BCC
2,1.75,4.1685,0.036,0.3847,0.4136,0.1595,0.415,0.0526,BCC
4,1.75,4.161,0.0382,0.4084,0.4156,0.1592,0.4003,0.0516,BCC
4,1.75,4.1535,0.0404,0.4315,0.4132,0.1589,0.3853,0.0503,BCC
3,1.75,4.146,0.0426,0.454,0.4071,0.1586,0.3699,0.0485,BCC
2,1.75,4.1385,0.0448,0.4763,0.3981,0.1582,0.3541,0.0463,BCC
2,1.75,4.196,0.0383,0.3528,0.3923,0.1652,0.4357,0.0578,BCC
4,1.75,4.1885,0.0396,0.3778,0.408,0.165,0.4208,0.057,BCC
3,1.75,4.181,0.041,0.402,0.4159,0.1648,0.4058,0.0559,BCC
2,1.75,4.1735,0.0423,0.4255,0.418,0.1645,0.3904,0.0544,BCC
4,1.75,4.166,0.0442,0.4486,0.4156,0.1643,0.3746,0.0526,BCC
4,1.75,4.1585,0.0466,0.4712,0.4096,0.164,0.3585,0.0502,BCC
3,1.75,4.2085,0.043,0.3612,0.3943,0.17,0.4233,0.061,BCC
3,1.75,4.201,0.0445,0.386,0.4102,0.1699,0.4079,0.0598,BCC
3,1.75,4.1935,0.0461,0.4101,0.4182,0.1697,0.3922,0.0581,BCC
3,1.75,4.186,0.0476,0.4336,0.4204,0.1695,0.3761,0.0561,BCC
4,1.75,4.221,0.0464,0.3629,0.3964,0.1745,0.4072,0.0632,BCC
4,1.75,4.1785,0.0375,0.3998,0.4419,0.1675,0.4473,0.0604,BCC
4,1.75,4.171,0.0398,0.423,0.4359,0.167,0.432,0.0589,BCC
2,1.75,4.1635,0.042,0.4458,0.4269,0.1666,0.4164,0.057,BCC
2,1.75,4.156,0.0442,0.4681,0.4156,0.1662,0.4005,0.0547,BCC
2,1.75,4.1985,0.0406,0.3934,0.4468,0.1735,0.4447,0.0639,BCC
4,1.75,4.1835,0.0435,0.4403,0.4383,0.1727,0.4132,0.0602,BCC
3,1.75,4.176,0.0459,0.4631,0.4294,0.1724,0.3971,0.0577,BCC
4,1.75,4.2185,0.0441,0.3774,0.447,0.179,0.44,0.067,BCC
4,1.75,4.211,0.0456,0.4017,0.4491,0.1787,0.4242,0.0652,BCC
3,1.75,4.2035,0.0472,0.4254,0.4467,0.1784,0.4081,0.063,BCC
3,1.75,4.196,0.0369,0.3911,0.464,0.174,0.4733,0.0677,BCC
4,1.75,4.1885,0.0391,0.4145,0.455,0.1735,0.4578,0.066,BCC
4,1.75,4.1735,0.0436,0.4599,0.4304,0.1724,0.4262,0.0615,BCC
3,1.75,4.166,0.0458,0.482,0.4153,0.1719,0.41,0.0587,BCC
4,1.75,4.216,0.0402,0.3847,0.4724,0.1804,0.4658,0.0706,BCC
4,1.75,4.2085,0.0415,0.4087,0.4663,0.1799,0.4501,0.0687,BCC
3,1.75,4.201,0.0429,0.4321,0.4574,0.1795,0.4342,0.0666,BCC
3,1.75,4.1935,0.0452,0.455,0.4462,0.179,0.4181,0.064,BCC
3,1.75,4.186,0.0476,0.4775,0.4329,0.1785,0.4017,0.061,BCC
3,1.75,4.1985,0.0407,0.429,0.458,0.1779,0.4548,0.0699,BCC
3,1.75,4.191,0.0429,0.4516,0.443,0.1773,0.4389,0.0673,BCC
2,1.75,4.1835,0.0451,0.4738,0.4265,0.1766,0.4227,0.0643,BCC
2,1.75,4.201,0.0445,0.4656,0.436,0.1802,0.4265,0.0691,BCC
3,1.7,4.1585,0.0423,0.4492,0.3976,0.1616,0.3506,0.0462,BCC
2,1.7,4.201,0.039,0.3715,0.4015,0.1687,0.4015,0.0557,BCC
3,1.7,4.1835,0.0392,0.418,0.4266,0.1691,0.4097,0.0569,BCC
4,1.7,4.176,0.0416,0.4409,0.4172,0.1685,0.3937,0.0547,BCC
3,1.7,4.186,0.0434,0.4551,0.4201,0.1733,0.401,0.0587,BCC
4,1.65,4.186,0.0365,0.398,0.3987,0.1649,0.3627,0.0482,BCC
3,1.65,4.1985,0.041,0.4136,0.4011,0.1708,0.3478,0.0501,BCC
3,1.65,4.226,0.043,0.3723,0.397,0.1771,0.3636,0.0559,BCC
3,1.65,4.196,0.0384,0.4129,0.4171,0.1704,0.3864,0.0546,BCC
4,1.65,4.1885,0.041,0.4359,0.4073,0.1698,0.3697,0.0519,BCC
2,1.65,4.231,0.0379,0.3561,0.4299,0.1782,0.414,0.062,BCC
3,1.65,4.2235,0.0395,0.4191,0.4377,0.1776,0.4018,0.0645,BCC
2,1.95,4.125,0.043,0.4311,0.4617,0.1441,0.4462,0.0543,BCC
3,1.95,4.1025,0.0476,0.4982,0.4514,0.1449,0.4079,0.0526,BCC
3,1.95,4.1375,0.0467,0.482,0.4848,0.1713,0.512,0.0684,BCC
4,1.9,4.145,0.0408,0.4025,0.4494,0.1522,0.4492,0.0539,BCC
2,1.9,4.185,0.0469,0.3742,0.4207,0.1586,0.4717,0.0631,BCC
3,1.9,4.1625,0.0403,0.3939,0.4822,0.1656,0.514,0.0634,BCC
3,1.9,4.155,0.0421,0.4174,0.4818,0.1656,0.4998,0.0629,BCC
4,1.9,4.1475,0.0438,0.4404,0.4775,0.1655,0.4854,0.0621,BCC
3,1.9,4.14,0.0456,0.463,0.47,0.1655,0.4709,0.061,BCC
2,1.9,4.1325,0.0474,0.4852,0.4599,0.1654,0.4562,0.0596,BCC
4,1.85,4.1575,0.04,0.397,0.4425,0.1592,0.4376,0.0533,BCC
3,1.85,4.1425,0.044,0.4435,0.4454,0.1593,0.4102,0.0521,BCC
3,1.85,4.135,0.046,0.466,0.4406,0.1593,0.396,0.0509,BCC
2,1.85,4.1775,0.0437,0.3863,0.4343,0.1632,0.4483,0.0581,BCC
4,1.85,4.1825,0.0381,0.3639,0.4708,0.1709,0.51,0.0631,BCC
2,1.85,4.1675,0.0414,0.412,0.4735,0.1707,0.4811,0.0619,BCC
2,1.85,4.16,0.0434,0.4352,0.4686,0.1705,0.4664,0.0609,BCC
2,1.85,4.1525,0.0454,0.4579,0.4607,0.1703,0.4515,0.0595,BCC
3,1.85,4.18,0.0464,0.4255,0.4758,0.1752,0.466,0.0644,BCC
4,1.8,4.185,0.0365,0.3418,0.409,0.1651,0.4514,0.0531,BCC
2,1.8,4.1775,0.0378,0.367,0.4264,0.1651,0.4377,0.053,BCC
2,1.8,4.17,0.0391,0.3914,0.4355,0.165,0.4238,0.0525,BCC
3,1.8,4.155,0.0434,0.4382,0.4368,0.1648,0.3951,0.0506,BCC
2,1.8,4.1475,0.0456,0.4609,0.4315,0.1646,0.3802,0.0491,BCC
2,1.8,4.19,0.043,0.3798,0.4285,0.1694,0.4319,0.0571,BCC
2,1.8,4.21,0.0452,0.3599,0.4129,0.1734,0.4361,0.0612,BCC
2,1.8,4.2025,0.047,0.3847,0.4306,0.1735,0.421,0.0601,BCC
2,1.8,4.195,0.0374,0.358,0.4639,0.1752,0.4909,0.0624,BCC
3,1.8,4.1875,0.0388,0.3827,0.4668,0.175,0.4761,0.0617,BCC
3,1.8,4.18,0.0405,0.4066,0.4651,0.1748,0.4613,0.0607,BCC
2,1.8,4.1725,0.0427,0.4299,0.4597,0.1745,0.4462,0.0593,BCC
3,1.8,4.1575,0.0472,0.4751,0.4404,0.174,0.4154,0.0555,BCC
4,1.8,4.1925,0.0456,0.4193,0.4674,0.1796,0.4445,0.0628,BCC
3,1.8,4.1825,0.0443,0.4444,0.4681,0.182,0.4591,0.0647,BCC
2,1.8,4.175,0.0465,0.467,0.4552,0.1816,0.4435,0.0625,BCC
3,1.8,4.2,0.0437,0.4361,0.4823,0.1881,0.4735,0.0707,BCC
3,1.75,4.1975,0.0358,0.3356,0.4044,0.17,0.4368,0.0526,BCC
2,1.75,4.175,0.0401,0.4095,0.4305,0.1694,0.3932,0.0504,BCC
3,1.75,4.16,0.045,0.4556,0.4222,0.169,0.3625,0.0469,BCC
2,1.75,4.21,0.0407,0.348,0.4064,0.1746,0.4288,0.0569,BCC
3,1.75,4.2225,0.0443,0.3526,0.4084,0.179,0.4162,0.0599,BCC
3,1.75,4.215,0.0461,0.3777,0.4246,0.1789,0.4007,0.0585,BCC
3,1.75,4.235,0.0468,0.3512,0.4104,0.183,0.4,0.0619,BCC
4,1.75,4.2075,0.0368,0.352,0.4569,0.1786,0.4707,0.0614,BCC
4,1.75,4.2,0.0381,0.3769,0.4589,0.1783,0.4556,0.0605,BCC
2,1.75,4.1925,0.0394,0.401,0.4565,0.178,0.4404,0.0592,BCC
3,1.75,4.185,0.0419,0.4244,0.4506,0.1776,0.4249,0.0575,BCC
3,1.75,4.1775,0.0443,0.4474,0.4418,0.1773,0.4092,0.0555,BCC
4,1.75,4.17,0.0468,0.4699,0.4305,0.1769,0.3933,0.053,BCC
4,1.75,4.22,0.0418,0.3644,0.4591,0.1836,0.4532,0.0641,BCC
3,1.75,4.2125,0.0433,0.3891,0.4612,0.1834,0.4377,0.0626,BCC
4,1.75,4.1975,0.0464,0.4364,0.453,0.1828,0.406,0.0586,BCC
4,1.75,4.23,0.0429,0.3804,0.4867,0.1906,0.4589,0.0693,BCC
3,1.75,4.2225,0.0444,0.4046,0.4808,0.1902,0.4431,0.0674,BCC
4,1.75,4.215,0.046,0.4282,0.472,0.1899,0.4272,0.065,BCC
4,1.75,4.2425,0.0468,0.3851,0.489,0.1957,0.4341,0.0698,BCC
4,1.7,4.2025,0.0365,0.355,0.4139,0.1736,0.4056,0.0512,BCC
4,1.95,4.1465,0.0445,0.4076,0.4699,0.1514,0.4521,0.0535,BCC
2,1.95,4.139,0.0462,0.4309,0.4759,0.1519,0.4398,0.0535,BCC
3,1.9,4.1665,0.0422,0.3775,0.4516,0.1601,0.4555,0.0531,BCC
3,1.9,4.159,0.0438,0.4017,0.4634,0.1604,0.4428,0.0531,BCC
4,1.9,4.1515,0.0453,0.4252,0.4684,0.1606,0.4298,0.0528,BCC
4,1.85,4.1865,0.0399,0.3462,0.4268,0.1675,0.4575,0.0527,BCC
4,1.85,4.164,0.0445,0.4194,0.4608,0.1679,0.4173,0.0518,BCC
4,1.85,4.1565,0.0464,0.4425,0.46,0.168,0.4033,0.0509,BCC
3,1.85,4.199,0.0439,0.3552,0.4286,0.171,0.4556,0.0577,BCC
2,1.85,4.1915,0.0457,0.3802,0.4482,0.1712,0.4416,0.0572,BCC
3,1.85,4.2115,0.0468,0.3572,0.4305,0.1741,0.4478,0.0614,BCC
3,1.85,4.1815,0.0441,0.411,0.4878,0.1796,0.4743,0.0609,BCC
3,1.8,4.1915,0.0407,0.3651,0.4405,0.1739,0.431,0.0521,BCC
4,1.8,4.184,0.0422,0.3896,0.4498,0.1739,0.417,0.0515,BCC
2,1.8,4.1765,0.0438,0.4135,0.453,0.1739,0.4026,0.0506,BCC
4,1.8,4.169,0.0453,0.4368,0.4515,0.1738,0.388,0.0493,BCC
4,1.8,4.2115,0.0431,0.3481,0.4246,0.1777,0.4395,0.0569,BCC
3,1.8,4.204,0.0448,0.3733,0.4426,0.1778,0.425,0.0561,BCC
2,1.8,4.1965,0.0466,0.3977,0.452,0.1778,0.4102,0.055,BCC
3,1.8,4.224,0.0458,0.3497,0.4265,0.1812,0.4291,0.0602,BCC
3,1.8,4.209,0.0402,0.3561,0.478,0.1844,0.4841,0.0615,BCC
4,1.8,4.2015,0.0418,0.3809,0.4811,0.1842,0.4694,0.0607,BCC
3,1.8,4.194,0.0433,0.405,0.4795,0.1841,0.4544,0.0595,BCC
2,1.8,4.1865,0.0449,0.4285,0.4742,0.1839,0.4393,0.0581,BCC
4,1.8,4.179,0.047,0.4515,0.4659,0.1837,0.4239,0.0562,BCC
3,1.8,4.234,0.0472,0.3662,0.4823,0.1926,0.4493,0.0663,BCC
3,1.8,4.204,0.0444,0.4201,0.4933,0.1921,0.4678,0.0653,BCC
2,1.8,4.1965,0.0463,0.4433,0.4825,0.1918,0.4522,0.0633,BCC
4,1.75,4.1815,0.0446,0.4309,0.4429,0.1787,0.3708,0.0474,BCC
3,1.75,4.174,0.0466,0.4539,0.4371,0.1785,0.3551,0.0452,BCC
4,1.75,4.224,0.0422,0.3408,0.4203,0.1833,0.4218,0.0559,BCC
3,1.75,4.2165,0.0439,0.3664,0.4366,0.1832,0.4068,0.0548,BCC
4,1.75,4.2215,0.0394,0.3496,0.471,0.1882,0.4639,0.0604,BCC
3,1.75,4.234,0.0434,0.3575,0.4732,0.1927,0.4462,0.0629,BCC
2,1.75,4.2265,0.0452,0.3825,0.4755,0.1925,0.4307,0.0614,BCC
3,1.75,4.219,0.047,0.4066,0.4733,0.1923,0.4149,0.0594,BCC
3,1.75,4.2465,0.0462,0.3588,0.4754,0.197,0.426,0.0644,BCC
4,1.75,4.2315,0.0405,0.3658,0.4987,0.1952,0.4752,0.0668,BCC
3,1.75,4.2165,0.0437,0.4142,0.484,0.1945,0.444,0.0632,BCC
2,1.75,4.209,0.0452,0.4375,0.4729,0.1941,0.4281,0.0609,BCC
4,1.75,4.2415,0.0416,0.3817,0.5111,0.2005,0.4726,0.0714,BCC
4,1.75,4.2265,0.0448,0.4292,0.4868,0.1996,0.441,0.0668,BCC
4,1.95,4.168,0.0453,0.3802,0.4702,0.1577,0.4578,0.0527,BCC
3,1.95,4.1605,0.0471,0.4043,0.4837,0.1582,0.4458,0.0528,BCC
3,1.9,4.188,0.0427,0.3485,0.4435,0.1669,0.4617,0.0522,BCC
2,1.9,4.1805,0.0445,0.3737,0.4652,0.1673,0.4491,0.0524,BCC
4,1.85,4.193,0.0436,0.3671,0.46,0.1753,0.4378,0.0519,BCC
4,1.85,4.1855,0.0453,0.3916,0.4708,0.1755,0.4243,0.0515,BCC
2,1.85,4.178,0.0471,0.4155,0.4751,0.1757,0.4105,0.0508,BCC
4,1.85,4.213,0.0449,0.3466,0.4419,0.178,0.4489,0.0568,BCC
3,1.8,4.2255,0.0439,0.3392,0.4381,0.1852,0.4327,0.0559,BCC
4,1.8,4.2155,0.044,0.3765,0.4952,0.1928,0.4626,0.0596,BCC
4,1.8,4.208,0.0457,0.4008,0.4937,0.1927,0.4475,0.0583,BCC
2,1.8,4.2005,0.0475,0.4244,0.4885,0.1926,0.4323,0.0567,BCC
4,1.75,4.1955,0.0471,0.4264,0.4575,0.1873,0.3634,0.0457,BCC
4,1.75,4.238,0.0429,0.3316,0.4339,0.1912,0.4148,0.0548,BCC
2,1.75,4.2305,0.0449,0.3575,0.4506,0.1913,0.3997,0.0536,BCC
4,1.75,4.243,0.0468,0.3557,0.4527,0.1947,0.3862,0.0558,BCC
2,1.75,4.2355,0.0413,0.3445,0.4851,0.197,0.457,0.0594,BCC
3,1.75,4.228,0.0431,0.3698,0.4875,0.1968,0.4418,0.0582,BCC
2,1.75,4.2205,0.0448,0.3943,0.4853,0.1966,0.4264,0.0566,BCC
3,1.75,4.213,0.0466,0.4181,0.4796,0.1964,0.4107,0.0546,BCC
2,1.75,4.2405,0.0463,0.3738,0.4897,0.201,0.4236,0.06,BCC
3,1.75,4.2455,0.0426,0.361,0.5128,0.2044,0.4683,0.0657,BCC
4,1.75,4.238,0.0443,0.3858,0.507,0.2041,0.4527,0.0639,BCC
4,1.75,4.2305,0.0461,0.4098,0.4983,0.2038,0.437,0.0618,BCC
3,1.95,4.182,0.0469,0.3742,0.4835,0.1635,0.4516,0.052,BCC
2,1.8,4.237,0.0433,0.3443,0.5058,0.2006,0.4706,0.0596,BCC
4,1.8,4.2295,0.0453,0.3697,0.5093,0.2006,0.4557,0.0585,BCC
3,1.8,4.222,0.0473,0.3942,0.5079,0.2006,0.4406,0.0571,BCC
2,1.8,4.242,0.0477,0.3709,0.5115,0.2041,0.4391,0.0606,BCC
4,1.75,4.242,0.0443,0.3627,0.5016,0.2051,0.4348,0.0569,BCC
4,1.75,4.2345,0.0463,0.3874,0.4996,0.2049,0.4193,0.0551,BCC
3,1.75,4.1325,0.0422,0.5146,0.3663,0.1388,0.6855,0.0791,BCC
3,1.65,4.1375,0.0397,0.4945,0.3219,0.1282,0.6488,0.0717,BCC
3,1.65,4.165,0.0412,0.484,0.3603,0.1393,0.6449,0.0764,BCC
3,1.65,4.185,0.0431,0.4797,0.3778,0.1485,0.6262,0.0776,BCC
3,1.65,4.175,0.0427,0.4978,0.3556,0.1413,0.609,0.0764,BCC
4,1.6,4.1975,0.0422,0.4741,0.3671,0.1479,0.5989,0.0742,BCC
3,1.6,4.195,0.0405,0.4712,0.3624,0.1404,0.5962,0.0766,BCC
