Al,Co,Cr,Cu,Fe,Ni,Mo,Ti,W,Nb,Ta,V,Mn,Hf,Zr,Phase,Pm,ΔH,ΔS,Ω,δ-r,VEC,n,e/n,Tm,ρ,r,χ,m,e/a,Ec,EWF,ABE,SHA,SLHF,α,HD,YM,B,G,υ,G/B,ad-VEC,ad-n,ad-e/n,ad-Tm,ad-ρ,ad-r,ad-χ,ad-m,ad-e/a,ad-Ec,ad-EWF,ad-ABE,ad-SHA,ad-SLHF,ad-α,ad-HD,ad-YM,ad-B,ad-G,ad-υ,ad-G/B,δ-VEC,δ-n,δ-e/n,δ-Tm,δ-ρ,δ-χ,δ-m,δ-e/a,δ-Ec,δ-EWF,δ-ABE,δ-SHA,δ-SLHF,δ-α,δ-HD,δ-YM,δ-B,δ-G,δ-υ,δ-G/B
0.0,0.0,26.0416667,3.6458333,26.0416667,0.0,0.0,0.0,0.0,0.0,0.0,26.0416667,18.2291667,0.0,0.0,BCC+FCC,3,-1.2339,12.3228,19.3168,0.0336,6.625,24.625,0.2667,1934.224,7.2059,128.3911,1.6852,53.6813,1.7031,4.2246,4.3805,54.2651,7.9013,2.2981,11.4135,192.1875,201.7708,153.4318,79.9797,0.2793,0.5257,1.1719,1.1719,0.0344,257.5792,0.5738,4.0808,0.0911,2.3044,0.4175,0.5941,0.1442,6.4087,0.8685,0.3031,4.337,112.2233,45.0304,11.8774,18.7712,0.0504,0.1392,0.2137,0.0575,0.1517,0.1456,0.1027,0.0635,0.0519,0.2683,0.1896,0.0369,0.1531,0.14,0.1536,0.4795,0.7696,0.2796,0.0978,0.3027,0.2043,0.2973
12.2807,0.0,17.5439,17.5439,17.5439,35.0877,0.0,0.0,0.0,0.0,0.0,0.0,0.0,0.0,0.0,BCC+FCC,1,-4.0872,12.8122,5.2015,0.0473,8.2632,25.2807,0.318,1659.3176,7.6702,127.4087,1.8135,53.9756,1.7719,4.0567,4.7274,55.2615,6.5374,2.2695,13.6526,75.5264,187.5441,155.7563,75.4632,0.2964,0.4753,2.1791,3.4657,0.0489,284.1178,1.3892,4.0086,0.1038,7.3245,0.5417,0.3626,0.2966,8.1108,2.0493,0.4462,3.5125,31.2097,49.0612,25.1141,21.2447,0.0325,0.091,0.3129,0.1935,0.1711,0.2206,0.2576,0.0649,0.1984,0.3665,0.1021,0.069,0.1838,0.3672,0.2415,0.3601,0.5317,0.3328,0.2114,0.3498,0.1494,0.2606
0.0,0.0,25.0,0.0,0.0,0.0,25.0,25.0,0.0,25.0,0.0,0.0,0.0,0.0,0.0,BCC,2,-5.0813,11.5256,5.5385,0.0591,5.25,32.25,0.1742,2441.75,7.625,137.555,1.74,72.1797,1.25,5.835,4.4325,59.05,7.5075,2.495,7.2,115.0,207.25,178.3,75.65,0.326,0.4075,0.75,9.25,0.0417,381.25,1.78,6.97,0.21,22.2482,0.375,1.36,0.1175,9.55,1.3875,0.435,1.55,57.5,96.75,43.35,43.45,0.072,0.1875,0.1579,0.2879,0.2799,0.1613,0.2755,0.1415,0.3093,0.3464,0.2418,0.0278,0.1745,0.2046,0.2116,0.2637,0.5849,0.4749,0.3046,0.5819,0.2412,0.5099
13.0,0.0,0.0,0.0,36.0,18.0,0.0,0.0,0.0,0.0,0.0,0.0,33.0,0.0,0.0,IM,3,-9.1652,10.8708,1.8806,0.0534,7.38,24.34,0.2975,1585.56,7.2567,130.2715,1.7234,52.3061,2.13,3.7443,4.4564,49.771,6.9167,2.0466,16.871,232.65,186.4,144.415,73.852,0.282,0.5134,1.3896,2.9484,0.0288,213.5952,1.1847,6.4744,0.1439,6.5843,0.2262,0.6362,0.2811,11.9473,1.5156,0.2953,4.9367,176.451,30.264,30.4038,11.6095,0.0277,0.077,0.2681,0.1849,0.1238,0.177,0.2521,0.086,0.1888,0.1579,0.1753,0.0819,0.2463,0.317,0.2099,0.2972,0.8297,0.2433,0.2352,0.2352,0.1161,0.1751
0.0,19.26782274,19.26782274,0.0,19.26782274,19.26782274,3.66088632,0.0,0.0,0.0,0.0,0.0,19.26782274,0.0,0.0,IM,3,-4.0121,14.1962,6.5151,0.0349,7.9268,26.5857,0.2997,1841.2794,8.1375,127.0924,1.7804,57.5406,1.7707,4.1283,4.6482,56.5703,7.8983,2.3422,13.0576,212.2736,223.4123,170.3757,81.1374,0.2901,0.497,1.2407,1.8332,0.0382,207.7524,0.7216,3.7185,0.1352,3.7929,0.3534,0.4765,0.329,7.8384,0.7379,0.3533,3.7099,127.8693,29.152,23.5557,16.9074,0.0502,0.1372,0.1814,0.1245,0.1606,0.1598,0.0985,0.0869,0.1373,0.2374,0.185,0.0802,0.1753,0.1073,0.1617,0.3919,0.7312,0.1616,0.1828,0.3027,0.2261,0.3511
0.0,16.66666667,16.66666667,0.0,16.66666667,16.66666667,0.0,0.0,0.0,0.0,0.0,16.66666667,16.66666667,0.0,0.0,IM,3,-7.2767,14.8968,3.8177,0.0329,7.5,25.5,0.2909,1864.8333,7.735,127.5533,1.7433,55.2245,1.8333,4.24,4.5917,56.9833,7.8183,2.2833,12.5167,199.8333,204.1667,165.1667,74.5833,0.3008,0.4683,1.5,1.5,0.0418,211.1111,0.8083,3.8311,0.13,2.5992,0.2778,0.4867,0.3222,7.0556,0.6317,0.3044,3.75,117.7778,28.8333,18.3667,19.6222,0.0542,0.145,0.2277,0.067,0.164,0.1297,0.1249,0.0781,0.0548,0.2033,0.166,0.0806,0.1603,0.0968,0.1496,0.3925,0.7341,0.2147,0.143,0.3241,0.2187,0.3742
0.0,21.0526,21.0526,0.0,21.0526,21.0526,0.0,0.0,0.0,15.7895,0.0,0.0,0.0,0.0,0.0,IM,1,-12.013,13.3319,2.2311,0.0522,7.7368,28.5789,0.282,2010.4194,8.2642,127.5567,1.7853,62.1361,1.6316,4.8184,4.7105,61.621,7.9721,2.4147,10.6474,130.1051,205.8418,176.7682,73.7736,0.3161,0.4295,1.5956,3.9224,0.064,304.9524,0.6141,4.8451,0.1112,9.7168,0.4654,0.8689,0.3069,4.1019,0.6424,0.2945,2.9296,60.1218,34.3048,12.7844,24.3701,0.0608,0.1565,0.2329,0.1941,0.2778,0.1793,0.0809,0.067,0.2184,0.2957,0.2485,0.0683,0.0725,0.0892,0.1377,0.2938,0.5375,0.2546,0.0819,0.3794,0.2253,0.438
15.3846,15.3846,15.3846,0.0,15.3846,15.3846,23.0769,0.0,0.0,0.0,0.0,0.0,0.0,0.0,0.0,IM,1,-9.3856,14.7843,3.0932,0.056,6.9231,27.8461,0.2605,1963.6903,7.8254,130.1968,1.8662,60.9806,1.7692,4.7431,4.6661,58.6153,7.4085,2.3323,11.7461,141.2306,224.9998,182.569,82.2076,0.3065,0.4515,1.9172,6.5799,0.0666,496.8511,1.7725,6.79,0.1534,16.1397,0.5917,0.9586,0.2516,8.8403,1.7744,0.5498,4.774,78.0591,64.6153,43.8177,29.3917,0.0394,0.103,0.3228,0.3273,0.2958,0.3177,0.3072,0.1032,0.3585,0.3937,0.2501,0.0627,0.2005,0.3349,0.2783,0.5218,0.6133,0.3667,0.3182,0.4316,0.1822,0.3296
30.0,16.6666667,16.6666667,0.0,16.6666667,16.6666667,0.0,3.3333333,0.0,0.0,0.0,0.0,0.0,0.0,0.0,IM,3,-16.074,13.8767,1.3747,0.0678,6.5333,22.1333,0.2833,1592.4333,6.43,130.9427,1.7477,47.268,2.1333,4.047,4.62,51.9667,6.1463,1.9803,14.9367,99.5,174.7,145.97,62.8033,0.3158,0.4277,2.4667,5.4889,0.0494,395.66,2.3667,8.3502,0.1257,12.1716,0.52,0.3942,0.3033,11.4778,2.6749,0.573,5.198,68.0,66.7333,42.0067,30.2633,0.0478,0.1257,0.4159,0.2777,0.1861,0.2865,0.4037,0.0743,0.2869,0.3141,0.1121,0.0728,0.2455,0.479,0.3398,0.4143,0.8263,0.4336,0.3205,0.5153,0.1931,0.3795
0.0,0.0,0.0,0.0,0.0,0.0,0.0,12.5,0.0,12.5,0.0,62.5,0.0,0.0,12.5,IM,3,-1.5207,8.9256,13.011,0.0717,4.75,27.25,0.1864,2216.75,6.2737,138.4125,1.5775,60.8384,1.875,5.6525,4.2725,57.8375,6.81,2.005,8.1,124.375,116.125,148.375,41.6875,0.3743,0.2762,0.375,6.625,0.0388,133.3125,0.6356,8.5156,0.0712,15.6133,0.2188,0.6288,0.0556,7.0438,1.1125,0.25,0.775,27.1875,14.8438,17.0625,10.2656,0.0228,0.0547,0.0912,0.2811,0.2433,0.0975,0.1656,0.0622,0.2969,0.1764,0.1435,0.0198,0.1441,0.1969,0.1594,0.1417,0.2567,0.1707,0.1373,0.2893,0.0657,0.2141
6.850665352,13.7013307,13.7013307,13.7013307,13.7013307,13.7013307,0.0,24.64268112,0.0,0.0,0.0,0.0,0.0,0.0,0.0,IM,3,-14.7924,15.7176,1.8638,0.0719,7.2198,24.6718,0.2836,1754.1138,7.0156,131.665,1.7476,53.2428,1.7945,4.2636,4.6212,52.9346,6.4302,2.0579,12.5977,99.1173,174.3677,150.1259,58.0123,0.3361,0.3761,2.4993,3.1001,0.0666,228.2052,1.8311,8.7154,0.1452,6.5892,0.4354,0.3765,0.2566,8.3747,1.8878,0.4073,3.1535,56.1112,55.2244,29.9775,28.8175,0.056,0.1457,0.3796,0.1633,0.257,0.1818,0.2989,0.087,0.1665,0.3054,0.1123,0.0653,0.1783,0.3287,0.2418,0.3366,0.7107,0.3532,0.2306,0.5483,0.1991,0.4667
5.882352941,0.0,0.0,0.0,0.0,0.0,0.0,23.52941176,0.0,23.52941176,23.52941176,23.52941176,0.0,0.0,0.0,BCC,3,-4.5572,12.7076,6.8217,0.0382,4.6471,38.1765,0.1523,2446.4118,8.6012,141.0453,1.57,89.2731,1.8235,6.2771,4.2941,59.5588,6.7218,2.0612,8.9882,90.5294,130.0,154.6176,44.8706,0.3706,0.2853,0.4983,17.7163,0.0537,539.8478,3.8018,4.4448,0.0471,44.8517,0.3875,1.4663,0.0224,10.2699,1.2822,0.3136,2.2893,28.2076,26.3529,27.081,13.7689,0.0258,0.0615,0.1266,0.5496,0.3846,0.2586,0.5553,0.032,0.6092,0.2812,0.245,0.0065,0.2017,0.2449,0.1876,0.4329,0.3829,0.2602,0.2129,0.3671,0.0734,0.2275
0.0,0.0,0.0,0.0,0.0,0.0,0.0,30.0,0.0,25.0,20.0,0.0,0.0,0.0,25.0,BCC,3,2.3029,11.4419,12.2215,0.0477,4.45,41.45,0.1237,2459.8,8.4585,148.2325,1.4945,96.5826,1.75,6.53,4.2365,55.225,5.9505,1.9065,7.635,95.5,115.25,144.43,35.985,0.3916,0.2345,0.495,12.62,0.0348,477.18,3.3494,6.0088,0.0823,33.747,0.375,1.148,0.0933,12.5775,1.4375,0.4281,1.539,29.05,28.75,33.033,15.8035,0.0218,0.0529,0.1118,0.4269,0.3393,0.2101,0.5177,0.0675,0.4797,0.2474,0.1955,0.0262,0.2306,0.2645,0.2349,0.2307,0.3604,0.3455,0.2339,0.5134,0.0718,0.2878
20.0,20.0,20.0,0.0,20.0,20.0,0.0,0.0,0.0,0.0,0.0,0.0,0.0,0.0,0.0,BCC,1,-11.5489,13.381,1.9511,0.0577,7.2,23.6,0.2958,1684.0,7.104,128.378,1.778,50.4898,2.0,4.12,4.686,55.2,6.88,2.138,13.74,114.6,193.8,157.84,69.76,0.309,0.446,2.16,4.24,0.0443,300.4,1.7616,5.9168,0.1144,9.4031,0.4,0.3,0.3112,8.76,2.036,0.4984,3.968,69.52,49.52,31.416,27.968,0.0492,0.1288,0.3447,0.2315,0.163,0.2427,0.3227,0.0678,0.238,0.3162,0.093,0.0706,0.2057,0.3788,0.2899,0.4092,0.7131,0.3511,0.2642,0.4454,0.2054,0.3796
15.78947368,0.0,0.0,0.0,0.0,0.0,21.05263158,21.05263158,0.0,21.05263158,0.0,21.05263158,0.0,0.0,0.0,BCC,3,-10.7179,13.3319,2.7417,0.0386,4.6842,29.0,0.1763,2204.1579,6.6221,139.85,1.7132,64.8214,1.7368,5.7037,4.3663,56.4789,6.4026,2.1095,10.2316,109.9474,153.7895,162.2053,54.7158,0.3583,0.3174,0.8199,10.5263,0.0369,521.1302,2.3435,4.9853,0.1881,24.9319,0.6205,1.2558,0.0984,12.3634,1.9504,0.5228,4.2216,63.6233,73.7729,47.8271,29.046,0.0334,0.082,0.2084,0.3843,0.233,0.2986,0.3989,0.1359,0.4073,0.4111,0.2496,0.0279,0.2388,0.372,0.3006,0.5893,0.6668,0.6,0.3796,0.6731,0.1094,0.3072
0.0,20.0,20.0,10.0,20.0,20.0,10.0,0.0,0.0,0.0,0.0,0.0,0.0,0.0,0.0,IM,1,0.1127,14.5336,247.961,0.0278,8.3,28.1,0.3018,1922.8,8.481,126.15,1.862,61.043,1.6,4.473,4.755,60.23,7.841,2.412,11.2,139.6,225.7,182.25,81.02,0.3062,0.453,1.5,2.96,0.0525,297.52,0.7568,2.352,0.0936,7.482,0.48,0.4694,0.256,5.29,0.9966,0.376,3.22,67.6,41.98,24.31,22.992,0.0475,0.125,0.209,0.1739,0.2217,0.2046,0.1051,0.0719,0.1981,0.3062,0.1849,0.0567,0.1034,0.1817,0.1662,0.3347,0.5464,0.2337,0.1818,0.3601,0.2071,0.3736
13.04347826,0.0,0.0,0.0,0.0,0.0,21.73913043,21.73913043,0.0,0.0,21.73913043,21.73913043,0.0,0.0,0.0,BCC,3,-9.5881,13.2417,3.2634,0.0391,4.7391,36.4783,0.1628,2363.0,8.5109,139.7635,1.6948,85.1953,1.913,5.8943,4.3583,58.2,6.8161,2.0952,9.6217,117.3913,174.1304,168.887,61.6348,0.348,0.3417,0.775,18.2798,0.0497,634.7826,4.2992,5.0726,0.2023,46.3085,0.397,1.3614,0.1051,12.4783,2.0008,0.4628,3.8979,59.225,72.4953,51.5331,30.2306,0.0287,0.0711,0.1989,0.5838,0.3554,0.317,0.5791,0.1473,0.6449,0.3049,0.2614,0.0299,0.2389,0.3481,0.2846,0.5925,0.604,0.509,0.3652,0.5931,0.1046,0.2654
0.0,0.0,0.0,0.0,20.0,0.0,20.0,20.0,0.0,20.0,0.0,20.0,0.0,0.0,0.0,IM,3,-7.7589,13.381,3.9945,0.0579,5.6,30.8,0.1944,2316.2,7.462,136.206,1.752,68.702,1.6,5.766,4.406,60.34,7.584,2.278,8.54,132.2,177.8,175.54,63.9,0.348,0.344,1.12,8.56,0.0546,405.44,1.7216,6.6768,0.1944,20.5808,0.48,1.1432,0.1152,7.112,1.1712,0.3616,1.968,49.76,73.76,35.784,30.96,0.0432,0.1088,0.2422,0.287,0.3367,0.187,0.2657,0.129,0.3083,0.3062,0.2141,0.0277,0.1492,0.1864,0.1942,0.2712,0.4526,0.4743,0.2789,0.5533,0.1351,0.3423
12.28070175,0.0,17.54385965,0.0,35.0877193,13.15789474,0.0,0.0,0.0,0.0,0.0,0.0,21.92982456,0.0,0.0,IM,3,-7.6472,12.7202,2.816,0.0528,7.0789,24.0965,0.2886,1692.9561,7.1684,129.0459,1.7223,51.801,1.9474,3.8619,4.4708,51.2482,7.2488,2.1791,14.6351,188.4649,201.3158,147.6202,80.3228,0.2725,0.5411,1.4151,2.7593,0.0315,262.9524,1.0975,6.0805,0.125,6.0959,0.3324,0.529,0.2095,10.1207,1.6078,0.3573,5.3006,136.6382,34.0536,27.1401,13.5753,0.0362,0.1018,0.2706,0.1789,0.1312,0.2082,0.2436,0.0767,0.1829,0.2791,0.1504,0.0692,0.2166,0.3076,0.2369,0.412,0.9068,0.2815,0.2168,0.2862,0.1491,0.2103
14.0,0.0,0.0,0.0,33.0,19.0,0.0,0.0,0.0,0.0,0.0,0.0,34.0,0.0,0.0,IM,3,-9.9033,11.0031,1.7477,0.0538,7.34,24.22,0.2969,1573.03,7.2111,130.5755,1.7192,52.0369,2.14,3.7234,4.4567,49.378,6.8081,2.0378,17.103,233.95,184.75,143.29,73.311,0.2821,0.5132,1.4464,3.1416,0.03,215.9488,1.2631,6.5351,0.1456,7.0154,0.2408,0.6397,0.292,12.1269,1.5194,0.3075,4.9451,180.914,32.13,31.0344,12.3511,0.0286,0.0794,0.278,0.1919,0.1276,0.1816,0.2619,0.087,0.1959,0.1621,0.1771,0.0838,0.2514,0.3268,0.2174,0.2931,0.839,0.2524,0.2418,0.2442,0.1187,0.1791
28.5714,14.2857,14.2857,0.0,14.2857,14.2857,0.0,14.2857,0.0,0.0,0.0,0.0,0.0,0.0,0.0,IM,1,-21.8715,14.5318,1.072,0.0728,6.1429,21.8571,0.2702,1613.427,6.1029,133.0299,1.72,46.7568,2.1429,4.12,4.5771,50.5571,5.9171,1.9157,14.6428,92.5713,164.9998,140.6284,57.3285,0.3267,0.4,2.449,5.0612,0.0536,388.8166,2.4024,9.5428,0.1314,11.2999,0.4898,0.4229,0.2845,11.449,2.5547,0.5563,5.1184,62.2448,68.2857,42.1102,30.6326,0.0503,0.1314,0.4388,0.2695,0.2179,0.2802,0.4175,0.0804,0.2782,0.2981,0.1231,0.0718,0.2454,0.4784,0.3384,0.4179,0.8457,0.4508,0.3242,0.5728,0.1938,0.417
7.695857852,11.53801777,11.53801777,11.53801777,11.53801777,11.53801777,0.0,11.53801777,0.0,0.0,0.0,11.53801777,11.53801777,0.0,0.0,IM,3,-10.8906,18.2136,2.9157,0.0589,7.1537,24.538,0.2839,1743.4304,7.1133,130.9293,1.7277,53.1622,1.8462,4.1584,4.5442,52.6454,6.6175,2.0746,13.585,152.187,175.1113,149.705,62.0257,0.3209,0.415,2.1657,2.8406,0.0558,269.0315,1.5115,6.4905,0.1406,6.033,0.3905,0.5718,0.2694,9.3857,1.6626,0.3396,4.1825,103.5251,51.1003,27.3394,25.1753,0.0553,0.1454,0.3504,0.1627,0.225,0.2011,0.2662,0.085,0.1658,0.2887,0.17,0.0724,0.1987,0.3093,0.2217,0.3871,0.9316,0.3331,0.2197,0.4545,0.202,0.413
0.0,20.0,20.0,0.0,20.0,20.0,0.0,0.0,20.0,0.0,0.0,0.0,0.0,0.0,0.0,IM,1,-2.8904,13.381,10.3533,0.0379,7.8,35.8,0.2658,2236.4,10.446,127.084,1.928,81.8614,1.8,5.222,4.74,66.3,9.198,2.666,9.92,173.6,262.0,203.52,95.32,0.2982,0.474,1.44,15.28,0.0803,583.44,3.5856,3.8464,0.1728,40.7914,0.32,1.4712,0.268,9.16,1.6728,0.5072,3.656,86.32,66.4,41.672,32.344,0.045,0.1192,0.2051,0.5348,0.3729,0.334,0.4334,0.1207,0.6236,0.2222,0.3529,0.0587,0.1813,0.2354,0.2318,0.3858,0.5419,0.3041,0.2651,0.407,0.2097,0.3501
0.0,0.0,0.0,0.0,0.0,0.0,25.0,25.0,0.0,25.0,0.0,25.0,0.0,0.0,0.0,BCC,3,-2.42,11.5256,11.6328,0.0407,5.0,32.0,0.166,2442.5,7.3575,139.2275,1.7325,71.9163,1.5,6.1375,4.3825,60.75,7.2675,2.3025,7.725,127.75,169.5,177.75,59.5,0.3625,0.3075,0.5,9.5,0.0336,380.5,2.0475,5.2975,0.2137,22.5118,0.5,1.0575,0.1088,8.275,1.1475,0.4275,1.525,57.75,79.75,43.625,32.1,0.0355,0.0875,0.1414,0.2973,0.2205,0.1611,0.2997,0.1437,0.3137,0.3333,0.1796,0.0288,0.165,0.1945,0.2135,0.2381,0.5178,0.5454,0.3067,0.6434,0.1142,0.3359
0.0,20.6186,20.6186,0.0,20.6186,20.6186,17.5258,0.0,0.0,0.0,0.0,0.0,0.0,0.0,0.0,IM,1,-4.3738,13.3643,6.2677,0.0348,7.8557,29.0104,0.2824,2051.2618,8.5599,126.7097,1.8796,63.3041,1.6186,4.7437,4.7546,62.2269,8.3308,2.5037,10.1928,155.3611,243.0211,192.8148,87.5765,0.3015,0.4659,1.4157,4.5531,0.0622,349.1864,0.8453,3.3478,0.111,11.443,0.4719,0.7278,0.2642,4.5169,0.6275,0.3618,3.4316,66.426,44.9742,28.1005,23.7646,0.0437,0.1162,0.2027,0.2115,0.2613,0.206,0.1176,0.0831,0.2411,0.3001,0.2033,0.0578,0.083,0.0827,0.1576,0.3543,0.4779,0.2013,0.1877,0.3326,0.2089,0.3596
0.0,0.0,0.0,0.0,0.0,0.0,9.090909091,18.18181818,0.0,18.18181818,18.18181818,0.0,0.0,18.18181818,18.18181818,BCC,3,0.5667,14.6974,66.3136,0.0548,4.5455,48.9091,0.109,2556.9091,9.9391,148.76,1.5182,116.2567,1.7273,6.6582,4.2055,55.7818,6.2264,2.0,7.0273,123.2727,130.4545,153.1818,44.4091,0.3795,0.2645,0.595,17.157,0.0374,398.4463,3.719,7.4473,0.1544,46.1551,0.3967,0.8853,0.1676,12.5256,1.5451,0.4473,1.2529,47.2066,56.2975,41.3983,23.395,0.0295,0.0721,0.1442,0.3902,0.4032,0.1825,0.4287,0.1529,0.4357,0.2578,0.1621,0.0477,0.2271,0.2746,0.2488,0.2295,0.4279,0.569,0.3103,0.6826,0.0959,0.3386
10.01050053,0.0,12.00560028,0.0,35.00175009,19.9859993,0.0,0.0,0.0,0.0,0.0,0.0,22.99614981,0.0,0.0,FCC,4,-7.6855,12.572,2.7542,0.0507,7.4291,24.6283,0.2966,1683.6713,7.3902,128.7178,1.7392,52.8542,1.98,3.8885,4.5159,52.2481,7.2897,2.1919,14.8853,192.7809,199.861,150.7606,79.7613,0.2763,0.5298,1.4273,2.479,0.032,226.028,0.9871,5.7828,0.1319,5.3859,0.2353,0.5453,0.2535,10.2665,1.4117,0.3284,4.879,141.2971,26.8554,26.6149,10.9329,0.0326,0.0918,0.2584,0.1652,0.132,0.1862,0.2246,0.08,0.1671,0.2368,0.1544,0.0785,0.2178,0.2808,0.2161,0.3751,0.8991,0.2494,0.2096,0.2523,0.1357,0.1983
0.0,0.0,0.0,0.0,0.0,0.0,8.3333333,27.7777778,0.0,27.7777778,0.0,8.3333333,0.0,0.0,27.7777778,BCC,3,-0.2376,12.3178,120.1409,0.0619,4.5278,34.0278,0.1422,2317.4167,6.8042,147.1272,1.5575,76.6846,1.6389,6.1969,4.2639,53.9389,5.8969,1.9492,7.5889,111.4722,118.3611,146.7028,37.8,0.3917,0.2353,0.5864,8.5201,0.0347,336.7546,1.5575,7.2904,0.1361,20.3002,0.4614,0.8961,0.1188,11.321,1.4577,0.4935,1.5691,46.0802,36.713,36.0586,18.1667,0.0225,0.0559,0.1424,0.2612,0.2737,0.156,0.2707,0.1372,0.2762,0.2931,0.1713,0.0362,0.2138,0.2778,0.2757,0.2417,0.4633,0.5643,0.3013,0.7391,0.0842,0.3485
28.5714,0.0,14.2857,0.0,14.2857,14.2857,28.5714,0.0,0.0,0.0,0.0,0.0,0.0,0.0,0.0,BCC,1,-10.3677,12.8852,2.375,0.0597,6.0,26.8571,0.2375,1910.9981,7.12,133.2113,1.8486,58.9139,1.8571,4.7486,4.5586,55.1428,6.6643,2.2543,12.6714,113.5713,212.5712,171.2713,83.5713,0.296,0.4771,1.7143,8.9796,0.0578,639.7134,2.5257,7.4327,0.1955,21.1634,0.7347,1.1837,0.1927,12.351,2.7853,0.6922,6.4245,76.9387,85.5101,57.2816,31.7673,0.0263,0.0731,0.3883,0.411,0.3077,0.394,0.4187,0.1205,0.4463,0.4485,0.2871,0.0595,0.2631,0.4712,0.3488,0.594,0.75,0.4782,0.4118,0.4544,0.1321,0.2281
8.196721311,16.39344262,16.39344262,16.39344262,16.39344262,16.39344262,0.0,9.836065574,0.0,0.0,0.0,0.0,0.0,0.0,0.0,BCC+FCC,3,-7.9257,15.9242,3.4506,0.0591,7.8525,25.1967,0.3036,1717.3934,7.5098,128.8189,1.7884,54.299,1.7541,4.1484,4.6784,54.6508,6.6661,2.14,13.0689,106.8033,185.8361,156.8508,64.8328,0.3224,0.4107,2.1607,3.0207,0.0535,246.423,1.4855,5.7621,0.1202,6.4986,0.4945,0.356,0.2601,7.7694,1.9494,0.4066,3.2325,62.0962,51.0347,27.0481,27.771,0.0535,0.1403,0.326,0.1671,0.2062,0.1962,0.2587,0.074,0.172,0.337,0.106,0.0637,0.1723,0.3357,0.2361,0.3435,0.6993,0.329,0.217,0.4697,0.2013,0.4187
0.0,0.0,0.0,0.0,0.0,0.0,5.0,23.75,0.0,23.75,23.75,0.0,0.0,0.0,23.75,IM,3,1.1989,12.5997,26.7536,0.0504,4.575,43.9,0.1193,2545.6875,9.1256,147.4843,1.5259,102.8724,1.7125,6.6989,4.2509,57.27,6.2535,1.9896,7.3325,104.125,129.2625,154.04,42.5463,0.3837,0.2539,0.5463,13.8225,0.0333,485.6281,3.6988,6.0637,0.1053,37.0869,0.4097,1.0914,0.0958,12.844,1.5851,0.4604,1.3621,34.3781,46.9241,37.8005,20.7284,0.0298,0.072,0.1283,0.408,0.3413,0.2063,0.4948,0.1149,0.4585,0.2643,0.1832,0.0313,0.2263,0.277,0.2481,0.2332,0.4183,0.4789,0.2742,0.6264,0.0921,0.3392
0.0,12.5,31.25,0.0,12.5,25.0,0.0,18.75,0.0,0.0,0.0,0.0,0.0,0.0,0.0,BCC+FCC,1,-14.6473,12.8351,1.6865,0.065,7.25,25.25,0.2816,1924.5625,7.4081,128.7375,1.7488,54.2443,1.6875,4.3844,4.6931,56.9875,7.5806,2.3738,10.375,106.0,211.4375,163.375,76.1875,0.3046,0.4612,2.0,2.0,0.0572,165.8125,1.2269,6.5297,0.1338,3.7967,0.4297,0.2038,0.3052,6.1625,1.0418,0.4295,2.675,47.75,42.2266,20.35,28.7797,0.0631,0.1689,0.3026,0.0869,0.2253,0.0969,0.2112,0.0811,0.0765,0.2747,0.0595,0.069,0.1297,0.1675,0.198,0.2941,0.5846,0.2662,0.1623,0.4469,0.2545,0.4463
0.0,0.0,0.0,0.0,0.0,0.0,0.0,30.0030003,0.0,20.0120012,9.9909991,0.0,0.0,15.00150015,24.99249925,BCC,4,2.1879,12.8404,13.9042,0.0491,4.3,42.8971,0.1191,2369.1701,8.3529,150.449,1.4595,100.6079,1.7999,6.3075,4.1815,51.5054,5.567,1.8206,7.5653,107.4437,103.0954,134.2303,31.4134,0.396,0.224,0.42,14.7469,0.0387,377.4766,3.2331,7.0895,0.1126,39.4209,0.3201,0.9033,0.1502,10.3169,1.1076,0.3517,1.581,40.9406,25.0718,26.9208,11.4075,0.017,0.0414,0.1066,0.437,0.3877,0.1821,0.4771,0.0813,0.4893,0.2223,0.1794,0.0386,0.2201,0.243,0.2247,0.2375,0.4088,0.3275,0.2219,0.4678,0.0565,0.2405
14.4144,18.018,18.018,13.5135,18.018,18.018,0.0,0.0,0.0,0.0,0.0,0.0,0.0,0.0,0.0,BCC+FCC,1,-5.0299,14.8392,4.918,0.0502,7.8649,24.7117,0.3094,1667.0073,7.5108,127.7667,1.8005,53.1012,1.8288,4.0612,4.6958,54.9612,6.6769,2.1467,13.7847,109.4594,189.6395,157.9485,68.1864,0.313,0.4344,2.0745,3.6328,0.0447,295.1226,1.5025,4.4494,0.1056,7.9282,0.5227,0.3479,0.2733,8.15,2.1269,0.4396,3.6231,66.3354,50.6096,28.1461,26.8975,0.0487,0.1286,0.3222,0.2045,0.1679,0.2278,0.2769,0.0647,0.2117,0.3586,0.0995,0.0649,0.1883,0.3744,0.2602,0.371,0.7192,0.3398,0.2368,0.4341,0.1961,0.3782
0.0,17.3553719,17.3553719,17.3553719,17.3553719,17.3553719,0.0,0.0,0.0,13.2231405,0.0,0.0,0.0,0.0,0.0,IM,3,-3.8302,14.8588,7.3659,0.0476,8.2975,28.6777,0.2986,1898.719,8.3821,127.6307,1.8048,62.4444,1.5207,4.5936,4.6992,59.2165,7.2842,2.329,11.6909,116.0992,192.4711,169.9802,69.1116,0.3214,0.4136,1.7728,3.3707,0.0636,322.7669,0.5881,4.0969,0.1044,8.4384,0.4991,0.7872,0.2609,5.7098,1.214,0.3252,3.0672,59.2865,44.817,16.0504,24.945,0.0557,0.1456,0.2477,0.1768,0.2696,0.2169,0.0786,0.065,0.1987,0.3285,0.2625,0.0625,0.1125,0.2237,0.1526,0.3126,0.6063,0.2895,0.1164,0.3957,0.2044,0.4215
5.660377358,0.0,0.0,0.0,0.0,0.0,0.0,18.86792453,0.0,18.86792453,18.86792453,0.0,0.0,18.86792453,18.86792453,BCC,3,-3.857,14.4319,9.1037,0.0497,4.3208,47.5283,0.1127,2433.0,9.5019,149.6228,1.4628,113.1192,1.8679,6.4579,4.1725,53.1906,5.6975,1.8555,8.1472,107.0755,108.3019,138.4509,36.0679,0.3847,0.2511,0.5126,18.8466,0.043,470.566,4.1344,7.0771,0.1116,50.2648,0.3275,1.0393,0.149,12.2713,1.4471,0.3883,2.524,41.0751,32.225,32.9804,14.3638,0.0227,0.0545,0.1332,0.4436,0.463,0.2429,0.4892,0.0823,0.4894,0.2555,0.2061,0.0389,0.2439,0.3065,0.237,0.5007,0.4394,0.3824,0.2561,0.4833,0.0748,0.2757
16.0,16.0,16.0,0.0,16.0,16.0,20.0,0.0,0.0,0.0,0.0,0.0,0.0,0.0,0.0,IM,1,-9.6915,14.8652,2.9548,0.0564,6.96,27.28,0.2652,1926.4,7.7292,129.9544,1.8544,59.5818,1.8,4.66,4.6688,58.16,7.338,2.3064,12.012,137.68,220.84,179.272,80.548,0.3068,0.4508,1.9584,6.1184,0.0648,468.992,1.7819,6.7512,0.1482,14.5473,0.576,0.864,0.26,8.9024,1.8003,0.5469,4.6925,77.7728,61.8752,42.4051,29.2787,0.0408,0.1064,0.3263,0.3238,0.2822,0.3152,0.3107,0.1009,0.3545,0.3849,0.2432,0.0638,0.2022,0.3413,0.2812,0.508,0.6279,0.3687,0.3169,0.4368,0.1855,0.3366
17.8571,17.8571,0.0,0.0,17.8571,17.8571,0.0,0.0,0.0,0.0,0.0,0.0,28.5714,0.0,0.0,FCC,1,-12.7412,13.2066,1.6048,0.0556,7.3571,23.9285,0.2994,1548.2826,7.1932,130.889,1.7339,51.4916,2.1786,3.7807,4.5518,50.357,6.5007,1.9604,17.3607,229.1068,179.7854,147.9104,64.1249,0.307,0.4496,1.7602,3.9031,0.0356,236.4793,1.6047,6.7349,0.1494,8.7535,0.2934,0.6314,0.3737,13.0102,1.6824,0.3181,4.7079,163.3288,39.2093,38.167,20.9464,0.0454,0.1176,0.3108,0.2174,0.1401,0.1986,0.3021,0.0882,0.2241,0.1758,0.1729,0.0911,0.2636,0.3573,0.2394,0.2766,0.8187,0.2861,0.2853,0.346,0.1843,0.3287
0.0,22.2222,22.2222,0.0,22.2222,22.2222,0.0,0.0,0.0,11.1111,0.0,0.0,0.0,0.0,0.0,IM,1,-9.8898,13.1453,2.6176,0.0453,7.8889,27.8889,0.2909,1969.3314,8.2467,126.7043,1.7956,60.4266,1.6667,4.6656,4.7333,61.311,8.0255,2.4111,10.8333,132.8888,211.4442,176.9776,75.5888,0.312,0.44,1.4815,2.963,0.0557,267.1102,0.6326,3.5989,0.1037,7.2176,0.4444,0.6454,0.3037,4.0543,0.6306,0.3077,2.8444,60.9876,30.0245,13.3086,23.3037,0.0587,0.1511,0.2191,0.1736,0.2425,0.1646,0.0828,0.0637,0.195,0.2828,0.2217,0.0666,0.0716,0.0862,0.1415,0.2871,0.5329,0.227,0.0839,0.3658,0.2274,0.4267
0.0,0.0,0.0,0.0,0.0,0.0,4.761904762,19.04761905,0.0,19.04761905,19.04761905,0.0,0.0,19.04761905,19.04761905,BCC,3,1.4669,14.3353,24.8296,0.0526,4.4762,49.2381,0.1074,2540.7619,9.9252,149.3552,1.4876,117.2237,1.7619,6.6505,4.1867,55.1048,6.0862,1.9533,7.119,118.1905,121.0,147.8571,40.6333,0.3833,0.2548,0.5442,17.7234,0.0373,398.966,3.8803,7.3484,0.1315,47.6162,0.3628,0.9186,0.1613,12.3483,1.4585,0.4152,1.2426,43.6463,44.5714,37.2844,18.9333,0.025,0.0606,0.1312,0.3955,0.4129,0.1856,0.4393,0.1274,0.4406,0.2417,0.166,0.0443,0.2281,0.2664,0.2355,0.2239,0.4098,0.5098,0.2824,0.6269,0.0848,0.3116
7.5,13.3333333,13.3333333,0.0,13.3333333,45.0,0.0,7.5,0.0,0.0,0.0,0.0,0.0,0.0,0.0,IM,3,-13.5633,12.9187,1.6773,0.0562,8.0917,25.4917,0.3104,1761.0167,7.7375,127.6485,1.8117,54.2621,1.9417,4.3187,4.8299,58.7642,7.1735,2.3087,12.76,100.6083,197.15,167.655,72.8975,0.3131,0.4332,1.9597,2.7953,0.0481,153.9175,1.3873,5.1034,0.1115,5.6555,0.2511,0.2079,0.3334,7.0185,1.0991,0.4146,2.3893,53.8089,31.245,23.4992,22.6603,0.0419,0.1067,0.2907,0.1573,0.1838,0.1587,0.2422,0.0713,0.156,0.2331,0.0731,0.0718,0.1582,0.2486,0.2156,0.308,0.68,0.261,0.1939,0.3774,0.1845,0.3512
0.0,0.0,0.0,0.0,0.0,0.0,0.0,14.2857143,0.0,28.5714286,0.0,14.2857143,0.0,14.2857143,28.5714286,BCC,3,1.0877,12.8852,27.7305,0.0679,4.4286,39.8571,0.1284,2340.8571,7.7257,148.8286,1.4757,92.2227,1.7143,6.32,4.1757,53.1714,5.7214,1.8871,7.2857,119.1429,95.4286,137.3429,31.9857,0.3947,0.2271,0.4898,9.9184,0.0407,280.9796,2.0751,9.0755,0.1335,25.0382,0.4082,0.7486,0.1506,10.4245,1.2902,0.4024,1.1306,39.2653,20.6531,26.0204,10.3265,0.0165,0.0404,0.1117,0.3839,0.3924,0.1289,0.3398,0.0931,0.4321,0.2635,0.1505,0.0382,0.2011,0.2461,0.234,0.2003,0.3453,0.2335,0.195,0.3498,0.0511,0.2153
0.0,0.0,0.0,0.0,0.0,0.0,20.0,20.0,0.0,20.0,0.0,0.0,0.0,20.0,20.0,BCC,2,-1.4947,13.381,21.8812,0.0609,4.6,43.4,0.1205,2444.2,8.62,148.662,1.586,101.2874,1.6,6.386,4.236,54.02,6.122,2.046,6.94,138.6,139.2,156.74,47.4,0.3794,0.266,0.72,11.44,0.0341,327.76,2.508,8.2704,0.2352,30.881,0.48,0.6688,0.2088,11.664,1.5744,0.5472,1.448,54.88,75.92,49.808,30.52,0.0326,0.0816,0.1739,0.3708,0.3501,0.148,0.3509,0.1952,0.4192,0.3062,0.1396,0.0571,0.2213,0.2956,0.2903,0.2566,0.448,0.6931,0.3738,0.8194,0.1116,0.3983
86.2069,3.4483,3.4483,0.0,3.4483,3.4483,0.0,0.0,0.0,0.0,0.0,0.0,0.0,0.0,0.0,BCC,1,-6.9071,4.9254,0.7576,0.0454,3.7241,14.8276,0.242,1062.4846,3.4593,140.6198,1.639,31.0351,2.8276,3.5159,4.35,37.407,2.6676,1.2624,21.9,32.1725,91.345,92.8416,36.1932,0.3313,0.3831,1.2485,3.151,0.0193,223.2483,1.3092,4.3971,0.0499,6.9881,0.2973,0.217,0.1207,6.3913,1.5131,0.3145,2.931,29.6078,36.8017,23.3474,12.0572,0.0131,0.0352,0.508,0.3104,0.1309,0.3111,0.5541,0.0493,0.3282,0.1627,0.0906,0.0473,0.2511,0.8271,0.3765,0.2007,1.5748,0.5981,0.37,0.5534,0.0853,0.1982
0.0,0.0,0.0,0.0,0.0,0.0,24.5283019,18.8679245,0.0,18.8679245,0.0,18.8679245,0.0,0.0,18.8679245,IM,3,-2.8183,13.3303,11.3935,0.0677,4.8679,34.0755,0.1523,2408.8302,7.3602,143.026,1.6808,76.9196,1.566,6.1974,4.3321,57.9811,6.7474,2.1649,7.2132,137.7358,159.3774,170.3962,55.6057,0.3693,0.2908,0.655,8.7362,0.0357,367.7323,1.8681,7.6785,0.2351,20.7661,0.4913,0.8433,0.1314,10.7405,1.632,0.5188,1.57,51.1214,83.2111,47.392,33.4048,0.04,0.099,0.1598,0.2653,0.2688,0.1586,0.2808,0.1735,0.2795,0.3165,0.1566,0.0419,0.197,0.2785,0.2746,0.2549,0.4527,0.619,0.3432,0.7249,0.123,0.3896
20.0,20.0,0.0,0.0,20.0,20.0,0.0,20.0,0.0,0.0,0.0,0.0,0.0,0.0,0.0,BCC+FCC,1,-24.4262,13.381,0.8963,0.0745,6.8,23.2,0.2821,1636.2,6.566,132.626,1.754,49.664,2.2,4.27,4.652,53.08,6.202,1.89,14.54,108.6,161.2,149.16,51.52,0.3482,0.342,2.64,4.56,0.0607,281.28,2.3728,9.6272,0.1432,9.7916,0.32,0.352,0.3384,11.304,2.1536,0.424,3.624,74.32,54.56,41.248,24.664,0.0458,0.1136,0.4097,0.2367,0.2329,0.2193,0.3829,0.0855,0.2422,0.1818,0.1125,0.0766,0.2297,0.4038,0.2709,0.3233,0.7769,0.3578,0.3009,0.5002,0.141,0.3573
22.77992278,0.0,25.74002574,0.0,25.74002574,25.74002574,0.0,0.0,0.0,0.0,0.0,0.0,0.0,0.0,0.0,IM,3,-11.9964,11.5146,1.617,0.0607,6.861,23.0386,0.288,1684.6088,6.7875,128.7839,1.7567,49.0124,1.9704,4.0721,4.6172,53.6485,6.7733,2.2177,13.4327,81.9241,193.5521,149.4158,78.5179,0.2835,0.5116,2.2023,4.5736,0.0457,342.4318,1.8623,6.5543,0.1166,10.037,0.4996,0.3108,0.2743,9.0885,2.2704,0.5378,4.6322,39.203,56.2902,31.9447,22.4692,0.0378,0.1073,0.3704,0.2447,0.1717,0.2631,0.3396,0.0691,0.249,0.3532,0.0958,0.0705,0.2136,0.4098,0.3011,0.4571,0.5859,0.3813,0.2622,0.3811,0.1631,0.2537
0.0,14.2857143,0.0,9.5238095,0.0,28.5714286,0.0,28.5714286,0.0,0.0,0.0,0.0,0.0,9.5238095,9.5238095,IM,3,-28.2245,13.8482,0.9183,0.0996,7.0952,31.5714,0.2525,1871.5238,7.8305,137.6829,1.6857,70.6038,1.9048,4.8224,4.6229,53.319,5.9533,1.971,11.4286,107.381,146.4286,149.2857,45.3619,0.3701,0.2867,2.9478,9.3061,0.107,209.4059,2.1546,12.9592,0.2245,24.4774,0.1723,0.5958,0.4141,9.698,1.2971,0.3595,2.751,62.2222,48.4898,34.3837,21.9909,0.0424,0.1035,0.4215,0.4433,0.4502,0.1497,0.332,0.1409,0.5226,0.1541,0.1711,0.098,0.185,0.2349,0.2172,0.2822,0.6638,0.3549,0.2387,0.5576,0.1234,0.3906
14.27958834,14.27958834,0.0,14.27958834,14.27958834,42.88164666,0.0,0.0,0.0,0.0,0.0,0.0,0.0,0.0,0.0,FCC,3,-5.9487,12.2615,3.2551,0.0502,8.7148,25.5725,0.3318,1579.2067,7.8704,127.7072,1.85,54.4854,2.0,4.1244,4.8401,57.0178,6.3318,2.1331,15.1135,94.7015,174.2967,162.3237,64.0082,0.327,0.3929,1.8363,3.5906,0.0357,247.7261,1.4766,4.4425,0.0743,7.8547,0.2856,0.3909,0.3114,9.3204,1.9573,0.4139,2.8768,61.0015,42.4371,30.7432,21.455,0.0303,0.0767,0.2858,0.2035,0.1393,0.1888,0.2719,0.0549,0.2096,0.2672,0.1059,0.0689,0.196,0.3645,0.2406,0.2464,0.7892,0.2858,0.2369,0.3473,0.1125,0.2351
83.3333,4.1667,4.1667,0.0,4.1667,4.1667,0.0,0.0,0.0,0.0,0.0,0.0,0.0,0.0,0.0,BCC+FCC,1,-8.0883,5.6668,0.7633,0.0492,3.875,15.2084,0.2443,1089.4605,3.6175,140.0885,1.645,31.8795,2.7917,3.5421,4.3646,38.1792,2.8504,1.3004,21.5458,35.7502,95.7919,95.6627,37.6501,0.3304,0.3858,1.4583,3.6806,0.0226,260.7663,1.5292,5.1361,0.0583,8.1625,0.3472,0.2535,0.141,7.4654,1.7674,0.3674,3.4236,34.5836,42.9865,27.2711,14.0835,0.0156,0.0419,0.5284,0.3271,0.1406,0.3282,0.5728,0.0533,0.3454,0.1785,0.0972,0.0512,0.266,0.8367,0.3956,0.2207,1.5391,0.6169,0.3883,0.5773,0.0937,0.2157
18.1818,0.0,18.1818,9.0909,18.1818,18.1818,0.0,0.0,0.0,0.0,0.0,0.0,18.1818,0.0,0.0,BCC,1,-8.0661,14.6974,2.932,0.0559,7.1818,23.7272,0.2937,1609.0893,7.0218,130.1253,1.7291,50.9503,1.9091,3.7955,4.5191,49.8454,6.3945,2.1236,15.4454,153.6362,185.9998,142.2635,74.5545,0.2824,0.5145,2.0165,3.9008,0.0437,324.2643,1.5716,6.516,0.1336,8.7158,0.4959,0.5213,0.2532,10.5686,2.1061,0.4688,5.4678,125.9502,52.3637,30.3669,21.4479,0.0417,0.1167,0.3503,0.2231,0.1714,0.2482,0.3039,0.0812,0.2299,0.3499,0.1474,0.0755,0.2325,0.399,0.2791,0.3998,1.0979,0.3598,0.2501,0.3688,0.1686,0.2573
15.78947368,21.05263158,21.05263158,0.0,21.05263158,21.05263158,0.0,0.0,0.0,0.0,0.0,0.0,0.0,0.0,0.0,BCC+FCC,2,-10.248,13.3319,2.2422,0.0529,7.4211,24.1579,0.2992,1723.5263,7.3358,127.5995,1.7868,51.7271,1.9474,4.1584,4.7074,56.3316,7.1479,2.1937,13.2211,119.8421,200.3158,161.9737,71.8947,0.3076,0.45,1.9945,3.59,0.0423,249.6399,1.5253,4.917,0.1093,7.8142,0.3989,0.2673,0.3096,7.7917,1.692,0.4601,3.5546,68.7645,41.2853,27.2332,26.7435,0.05,0.1305,0.3162,0.2077,0.1573,0.2206,0.2878,0.0656,0.213,0.3105,0.085,0.0692,0.1863,0.3344,0.2667,0.3994,0.6717,0.3167,0.2382,0.4231,0.2106,0.384
4.545454545,18.18181818,18.18181818,13.63636364,18.18181818,18.18181818,0.0,9.090909091,0.0,0.0,0.0,0.0,0.0,0.0,0.0,FCC,3,-6.7314,15.5474,4.0773,0.0545,8.0,25.6364,0.3057,1765.3182,7.7182,127.8977,1.7959,55.2374,1.7273,4.2,4.7041,56.1091,7.0341,2.2073,12.4773,114.4091,194.9091,161.9909,68.0045,0.3192,0.4195,1.9091,2.405,0.0496,200.3223,1.2334,4.707,0.1129,5.0874,0.4628,0.3036,0.2698,6.9719,1.6268,0.3874,2.943,63.3388,43.405,23.5008,27.3405,0.0558,0.146,0.2919,0.1344,0.1956,0.1688,0.218,0.0709,0.137,0.3114,0.0943,0.0632,0.1513,0.2837,0.2129,0.3227,0.6517,0.2913,0.189,0.4449,0.2102,0.4237
0.0,0.0,0.0,0.0,0.0,0.0,22.22222222,11.11111111,22.22222222,22.22222222,22.22222222,0.0,0.0,0.0,0.0,BCC,3,-5.6524,13.1453,7.0293,0.0261,5.3333,53.5556,0.1122,3022.5556,12.7,140.43,1.8644,128.351,1.5556,7.5144,4.4144,71.1556,8.9767,2.7244,6.3333,166.6667,242.0,221.1,89.4556,0.336,0.3733,0.5926,17.7284,0.0334,417.7284,4.7511,3.5111,0.3516,48.0391,0.4938,0.9007,0.1427,8.2617,2.043,0.556,1.363,91.8519,113.7778,58.0,45.2395,0.0409,0.1037,0.125,0.3504,0.3348,0.1708,0.4025,0.1939,0.392,0.3194,0.1574,0.0332,0.1761,0.2918,0.2397,0.2717,0.581,0.5003,0.2873,0.5445,0.1384,0.3119
0.0,25.0,25.0,22.5,25.0,2.5,0.0,0.0,0.0,0.0,0.0,0.0,0.0,0.0,0.0,FCC,1,5.3615,12.2013,4.0701,0.0107,8.475,26.475,0.317,1788.5,8.2118,125.4023,1.8178,57.4587,1.525,4.0888,4.675,56.66,7.4235,2.2495,12.04,136.125,209.0,166.99,71.8225,0.3117,0.4402,1.475,1.475,0.0382,207.0,0.6767,1.079,0.0789,3.5382,0.4988,0.2694,0.1862,4.962,1.5397,0.3328,3.04,65.375,36.0,17.1705,26.7464,0.0621,0.1652,0.2094,0.067,0.1454,0.1585,0.0877,0.0521,0.0718,0.3275,0.0832,0.0466,0.1031,0.2529,0.1725,0.3134,0.559,0.2455,0.1314,0.4093,0.2301,0.4362
22.22222222,0.0,11.11111111,0.0,0.0,0.0,0.0,22.22222222,0.0,22.22222222,0.0,22.22222222,0.0,0.0,0.0,BCC,2,-14.9666,13.1453,1.7365,0.0522,4.4444,24.6667,0.1949,1977.1111,5.6656,139.1722,1.6022,54.3767,1.8889,5.1489,4.3244,52.0222,5.7778,1.9444,11.6667,75.7778,124.1111,134.4333,44.6111,0.354,0.3311,0.8395,7.2593,0.0382,480.0988,1.836,6.5348,0.0286,17.1241,0.5926,1.1477,0.0415,11.6198,2.0158,0.5195,5.3037,34.0247,36.1481,32.7407,17.8815,0.04,0.1037,0.2151,0.3884,0.2269,0.3156,0.3722,0.0235,0.415,0.3902,0.284,0.0149,0.2436,0.4104,0.3059,0.5568,0.5673,0.4709,0.2646,0.5953,0.1614,0.4564
0.0,16.0,16.0,0.0,16.0,32.0,0.0,12.0,0.0,0.0,0.0,8.0,0.0,0.0,0.0,IM,1,-13.8783,14.14,1.9174,0.0551,7.76,25.76,0.296,1881.96,7.7064,127.7956,1.7856,55.285,1.84,4.4708,4.7516,59.416,7.6196,2.3192,11.232,118.16,200.0,169.548,71.236,0.3193,0.4192,1.9072,1.9072,0.0547,157.7088,1.1886,5.0138,0.124,3.5277,0.2688,0.2253,0.3345,5.3581,0.8036,0.3592,2.327,56.992,31.68,19.0579,24.7859,0.0541,0.1386,0.2783,0.0838,0.2092,0.0956,0.1903,0.076,0.0718,0.1992,0.0717,0.0725,0.1128,0.1401,0.1721,0.2412,0.5709,0.2394,0.1433,0.4036,0.2056,0.412
10.2041,20.4082,20.4082,0.0,20.4082,20.4082,0.0,0.0,0.0,8.1633,0.0,0.0,0.0,0.0,0.0,IM,1,-12.5478,14.4228,2.1237,0.0556,7.449,26.1021,0.2882,1847.6569,7.6739,128.0543,1.7806,56.3512,1.8163,4.4761,4.6959,58.3736,7.41,2.2739,12.2082,121.939,199.1841,167.0922,71.5593,0.3129,0.4369,1.8992,3.5735,0.0545,282.9761,1.2126,5.5089,0.1135,7.9779,0.4665,0.5051,0.3095,6.4939,1.2735,0.4142,3.4202,64.9481,41.7408,21.257,26.3357,0.0549,0.1425,0.2947,0.2344,0.2288,0.2289,0.2345,0.0677,0.2532,0.3276,0.2166,0.0697,0.159,0.2702,0.228,0.396,0.6271,0.3085,0.1965,0.4148,0.2157,0.4097
20.0,20.0,0.0,20.0,20.0,20.0,0.0,0.0,0.0,0.0,0.0,0.0,0.0,0.0,0.0,BCC+FCC,1,-5.6017,13.381,3.6299,0.056,8.2,24.6,0.3216,1519.6,7.454,128.956,1.826,52.7998,2.0,3.998,4.716,53.78,5.96,1.946,15.84,106.6,164.0,153.52,56.32,0.3362,0.37,2.16,4.64,0.0419,299.28,1.9016,5.6856,0.0864,10.3271,0.4,0.4464,0.2872,10.464,2.444,0.3568,3.448,75.92,51.2,36.016,20.824,0.0314,0.08,0.3397,0.2393,0.1595,0.2203,0.3233,0.061,0.2489,0.3162,0.115,0.0677,0.2186,0.4432,0.2552,0.2647,0.8031,0.3397,0.2764,0.3912,0.119,0.2719
0.0,0.0,0.0,0.0,0.0,0.0,25.0,25.0,0.0,25.0,25.0,0.0,0.0,0.0,0.0,BCC,3,-2.6129,11.5256,11.9947,0.0254,5.0,44.5,0.1288,2719.25,9.9975,142.0775,1.7,104.4183,1.5,6.835,4.37,63.275,7.4075,2.34,7.275,117.5,184.0,186.3,64.3,0.3583,0.3175,0.5,14.25,0.0335,389.125,3.4575,2.9087,0.23,38.2659,0.5,1.0,0.115,9.5375,1.2875,0.39,1.475,56.25,73.5,41.85,32.1,0.0398,0.0975,0.1414,0.4108,0.3175,0.1805,0.4387,0.1576,0.4608,0.3333,0.1804,0.0311,0.1759,0.1987,0.2056,0.2561,0.5657,0.4853,0.2859,0.5907,0.1192,0.3336
11.7647,0.0,11.7647,0.0,23.5294,0.0,11.7647,11.7647,11.7647,17.6471,0.0,0.0,0.0,0.0,0.0,IM,1,-11.9996,15.8415,3.0118,0.0635,5.7059,33.9412,0.1982,2281.412,8.5482,135.2682,1.8106,77.3746,1.7059,5.6441,4.4365,60.0118,7.8124,2.3976,9.9,132.3529,209.9411,178.8353,79.1,0.3173,0.4247,1.2872,13.8131,0.0714,642.602,2.9626,7.6835,0.2206,34.903,0.5813,1.7225,0.11,11.755,2.3078,0.5907,4.1882,73.0796,92.0692,50.5951,38.2824,0.0509,0.1309,0.2804,0.5104,0.4005,0.3393,0.5295,0.15,0.5784,0.3901,0.3293,0.0263,0.2557,0.3916,0.3113,0.5704,0.6689,0.5276,0.3769,0.5669,0.1896,0.3698
33.3333,16.6667,16.6667,0.0,16.6667,16.6667,0.0,0.0,0.0,0.0,0.0,0.0,0.0,0.0,0.0,BCC+FCC,1,-14.4091,12.9758,1.4038,0.0667,6.5,21.8334,0.285,1558.8355,6.37,130.8435,1.75,46.5719,2.1667,3.9983,4.6183,51.6167,6.0317,1.9617,15.3833,98.0002,173.1669,144.7502,63.0001,0.3135,0.4333,2.5,5.8889,0.0478,417.2217,2.4467,8.2178,0.1233,13.0599,0.5556,0.4056,0.3044,11.9444,2.8278,0.5917,5.4778,69.0001,68.7777,43.6333,30.0667,0.0455,0.12,0.4237,0.2914,0.1763,0.2992,0.4175,0.0724,0.3015,0.3172,0.1108,0.0732,0.2539,0.5045,0.3515,0.4103,0.8503,0.4468,0.3317,0.5102,0.1875,0.3626
22.49718785,0.0,0.0,20.0,15.0056243,20.0,0.0,22.49718785,0.0,0.0,0.0,0.0,0.0,0.0,0.0,FCC,3,-19.6673,13.2991,1.0383,0.0715,6.9753,23.1755,0.2863,1535.521,6.3722,134.1918,1.7453,49.6666,2.025,4.082,4.5723,48.8936,5.1633,1.843,15.3747,62.3813,139.5066,133.3289,50.1406,0.3404,0.3598,3.1273,5.1073,0.072,342.109,2.4947,9.4202,0.1532,11.0165,0.4387,0.5482,0.2622,9.4256,1.9751,0.4347,4.231,27.3429,45.6534,32.152,22.6351,0.0317,0.0798,0.4706,0.2598,0.2695,0.2469,0.4083,0.0904,0.2679,0.3217,0.1433,0.0696,0.2279,0.4641,0.2835,0.3211,0.6591,0.3744,0.2822,0.5,0.1184,0.2782
0.0,17.2414,17.2414,0.0,17.2414,17.2414,0.0,13.7931,0.0,0.0,0.0,0.0,17.2414,0.0,0.0,BCC+FCC,1,-11.3592,14.8707,2.3833,0.0596,7.4483,25.4483,0.2885,1820.4846,7.5672,129.4208,1.7348,54.9481,1.8276,4.1397,4.6059,54.4242,7.4886,2.2245,12.9242,190.6899,205.1382,159.7622,71.7656,0.3058,0.4569,1.6052,1.6052,0.0457,157.2184,1.0098,6.5389,0.1433,2.9748,0.2854,0.4342,0.3235,8.4839,0.9945,0.3555,3.4578,128.1453,28.8228,24.591,24.1855,0.0618,0.1618,0.2557,0.0748,0.1917,0.1125,0.1836,0.0866,0.0674,0.2067,0.1442,0.0802,0.1824,0.1582,0.1849,0.3668,0.8171,0.2212,0.1848,0.4072,0.2415,0.4254
20.0,0.0,0.0,0.0,0.0,0.0,0.0,20.0,0.0,20.0,0.0,20.0,0.0,0.0,20.0,IM,2,-16.6903,13.381,1.593,0.0634,4.2,27.8,0.1704,1987.0,5.682,144.814,1.542,61.9842,2.0,5.474,4.252,50.0,5.126,1.736,11.04,89.2,97.4,127.58,32.62,0.3812,0.26,0.64,10.16,0.0475,440.0,1.6656,6.7088,0.0856,24.0646,0.4,1.1488,0.0808,11.52,1.8088,0.4472,5.024,45.04,22.72,29.976,10.304,0.0282,0.068,0.1782,0.3937,0.3025,0.298,0.3481,0.0714,0.4181,0.3162,0.2552,0.024,0.2489,0.414,0.29,0.5834,0.5677,0.2496,0.2629,0.3465,0.0806,0.2868
6.25,0.0,20.8333333,0.0,31.25,20.8333333,0.0,0.0,0.0,0.0,0.0,0.0,20.8333333,0.0,0.0,BCC,3,-6.1907,12.6137,3.5756,0.0454,7.4792,24.9792,0.2954,1754.875,7.5417,127.8398,1.7392,53.6436,1.8542,3.9369,4.5383,53.3458,7.5692,2.3029,13.7458,184.2708,211.3542,154.4667,84.7312,0.2687,0.5512,1.3759,1.9054,0.0334,212.2135,0.7816,4.8997,0.128,4.0192,0.3559,0.4921,0.2549,8.8498,1.2384,0.3642,4.546,131.5538,28.1858,22.0903,12.4036,0.0364,0.1031,0.2379,0.1351,0.1346,0.1734,0.1836,0.0781,0.1346,0.2694,0.1457,0.0772,0.1978,0.23,0.1979,0.4137,0.9039,0.2252,0.1812,0.2332,0.1476,0.2035
30.7692,0.0,15.3846,0.0,15.3846,15.3846,23.0769,0.0,0.0,0.0,0.0,0.0,0.0,0.0,0.0,BCC,1,-11.1554,13.0111,2.1405,0.0617,6.0,25.6923,0.2447,1835.2289,6.8808,132.9768,1.8246,56.065,1.9231,4.5892,4.5554,53.9999,6.4715,2.1985,13.2538,104.6153,203.6152,164.0614,80.4845,0.2958,0.4777,1.8462,8.3314,0.0556,595.6676,2.5728,7.7879,0.1827,19.217,0.7101,1.0296,0.2035,12.4923,2.8809,0.694,6.3811,71.8342,83.3372,53.626,31.5598,0.0282,0.0783,0.403,0.4123,0.2892,0.3968,0.4304,0.1168,0.448,0.4308,0.2795,0.0618,0.2673,0.4911,0.3588,0.5659,0.7819,0.4913,0.4147,0.4681,0.1372,0.2364
0.0,11.6149285,23.26473666,0.0,23.26473666,34.87966516,0.0,6.975933031,0.0,0.0,0.0,0.0,0.0,0.0,0.0,FCC,4,-8.8774,12.3189,2.5977,0.0436,8.0694,26.0694,0.3057,1871.9711,7.9545,126.1184,1.8039,55.745,1.7674,4.3465,4.7729,59.5942,7.8767,2.425,11.1411,112.0785,216.1238,171.3948,80.9366,0.2977,0.4756,1.5629,1.5629,0.0432,152.9551,0.8723,2.7948,0.1038,2.8435,0.357,0.1456,0.3158,4.7946,0.7995,0.3338,2.4303,50.3806,29.256,15.5546,17.458,0.0444,0.1204,0.2336,0.0723,0.1732,0.0952,0.1476,0.0666,0.0617,0.2391,0.0437,0.0675,0.0987,0.1251,0.1554,0.2584,0.544,0.192,0.1173,0.3237,0.2117,0.3536
14.28571429,14.28571429,14.28571429,14.28571429,14.28571429,14.28571429,0.0,0.0,0.0,0.0,0.0,14.28571429,0.0,0.0,0.0,BCC+FCC,3,-7.7226,16.1784,3.5797,0.0495,7.4286,24.2857,0.2965,1708.7143,7.2257,128.7557,1.7743,52.4196,1.8571,4.2,4.6257,55.0429,6.5829,2.1029,13.3857,109.1429,175.2857,154.8571,63.7143,0.321,0.4129,2.3673,3.6735,0.0547,321.8367,1.6192,4.931,0.1208,7.8111,0.4898,0.4629,0.2637,8.2653,2.1016,0.3882,3.9837,61.8776,56.5306,26.4898,25.1592,0.0454,0.1204,0.3587,0.2061,0.2005,0.2409,0.289,0.0704,0.2123,0.344,0.1424,0.067,0.187,0.3727,0.2516,0.3948,0.6756,0.3682,0.232,0.4388,0.1774,0.3693
1.9608,19.6078,19.6078,19.6078,19.6078,19.6078,0.0,0.0,0.0,0.0,0.0,0.0,0.0,0.0,0.0,FCC,1,2.128,13.921,11.4652,0.0222,8.6863,26.5294,0.3236,1752.6042,8.2412,125.6541,1.8316,57.1982,1.6274,4.1253,4.7506,57.5234,7.2174,2.282,12.5804,119.5095,203.1368,167.7506,72.5136,0.3115,0.4386,1.5456,1.7301,0.0388,196.5402,0.7712,1.5282,0.0766,3.7558,0.4921,0.2879,0.2544,5.8547,1.4668,0.3592,2.8082,64.3059,35.1327,18.9795,24.1799,0.0512,0.1349,0.2169,0.0966,0.1425,0.1617,0.1272,0.0527,0.0997,0.321,0.0866,0.0574,0.1236,0.262,0.1794,0.2996,0.6257,0.2484,0.1457,0.377,0.2051,0.3898
88.2353,2.9412,2.9412,0.0,2.9412,2.9412,0.0,0.0,0.0,0.0,0.0,0.0,0.0,0.0,0.0,BCC,1,-6.0198,4.3674,0.757,0.0423,3.6177,14.5588,0.2404,1043.443,3.3477,140.9948,1.6347,30.4391,2.8529,3.4974,4.3397,36.8618,2.5385,1.2356,22.15,29.6472,88.2061,90.8502,35.1648,0.332,0.3812,1.09,2.7509,0.0169,194.8984,1.1429,3.8387,0.0436,6.1007,0.2595,0.1895,0.1054,5.5797,1.3209,0.2746,2.5588,25.848,32.1283,20.3826,10.5261,0.0113,0.0304,0.4881,0.2953,0.1228,0.2959,0.5348,0.0461,0.3126,0.1505,0.085,0.0442,0.238,0.812,0.3591,0.1853,1.5916,0.5785,0.3532,0.5307,0.0787,0.1844
0.0,0.0,0.0,0.0,0.0,0.0,6.9767442,23.255814,0.0,23.255814,0.0,23.255814,0.0,0.0,23.255814,BCC,3,-1.0703,12.8252,27.507,0.07,4.6047,32.2326,0.1544,2295.5349,6.6928,144.5995,1.5693,72.494,1.6977,6.0526,4.2698,55.186,6.184,1.9753,7.7047,116.2791,119.9302,148.3953,39.7698,0.3859,0.2491,0.5625,9.0535,0.042,295.165,1.3713,8.0004,0.1249,21.4786,0.4218,0.9047,0.1022,10.6382,1.4874,0.4375,1.4375,43.0503,32.9259,31.7631,17.0416,0.0262,0.0638,0.1336,0.2822,0.2924,0.1457,0.2546,0.1257,0.2978,0.2705,0.1693,0.0332,0.198,0.2642,0.2507,0.2205,0.417,0.5104,0.2738,0.6525,0.0853,0.3264
0.0,13.6986,13.6986,0.0,13.6986,27.3973,0.0,0.0,0.0,10.9589,0.0,6.8493,13.6986,0.0,0.0,IM,1,-11.403,15.5463,2.6194,0.0488,7.7397,27.7123,0.2865,1921.2994,8.0992,128.5519,1.7582,60.1224,1.7534,4.559,4.6562,58.8986,7.6641,2.3601,12.3411,172.26,197.945,169.1985,73.7849,0.3073,0.451,1.6551,3.07,0.0573,288.357,0.7526,5.3288,0.1362,7.1854,0.3716,0.7628,0.3648,6.903,0.6459,0.3001,3.4892,111.9119,29.9532,17.437,19.5823,0.0516,0.1335,0.2401,0.1777,0.2519,0.1851,0.105,0.0808,0.1965,0.2458,0.2639,0.0845,0.1555,0.0976,0.1379,0.377,0.8363,0.2382,0.1315,0.3238,0.2104,0.3789
0.0,27.3973,27.3973,0.0,13.6986,13.6986,2.7397,0.0,0.0,15.0685,0.0,0.0,0.0,0.0,0.0,IM,1,-11.3416,13.6166,2.4734,0.0518,7.4932,28.6986,0.2732,2060.1643,8.2649,127.8318,1.7825,62.7099,1.5479,4.8481,4.6986,61.4685,8.0349,2.4334,10.1575,141.7808,214.8356,179.7397,74.5822,0.3168,0.4299,1.6513,4.4361,0.0654,319.358,0.6945,5.0029,0.1221,10.9215,0.4954,0.9284,0.2888,4.4125,0.6061,0.3343,3.3068,68.0278,41.4141,16.8035,28.8205,0.0704,0.1832,0.236,0.2078,0.2876,0.1828,0.0941,0.0756,0.232,0.3215,0.2527,0.065,0.0786,0.0851,0.1536,0.335,0.5338,0.2692,0.1186,0.4258,0.2484,0.4856
9.6154,19.2308,19.2308,13.4615,19.2308,19.2308,0.0,0.0,0.0,0.0,0.0,0.0,0.0,0.0,0.0,BCC+FCC,1,-3.1723,14.6605,7.9134,0.0428,8.1154,25.3462,0.3133,1712.3288,7.7746,126.878,1.8106,54.5078,1.7692,4.1054,4.7202,56.2578,6.9844,2.2104,13.1904,115.4809,197.1156,162.6809,70.6366,0.3114,0.439,1.8417,2.892,0.0423,245.2654,1.2007,3.3814,0.0965,6.2594,0.503,0.3053,0.2729,7.2027,1.797,0.4074,3.2234,66.1687,42.5147,24.0606,25.8809,0.0501,0.1319,0.2846,0.1709,0.1584,0.2022,0.2298,0.061,0.1765,0.3437,0.0922,0.063,0.1649,0.3243,0.2319,0.3549,0.6724,0.3008,0.2048,0.4096,0.2026,0.3843
13.3333,0.0,13.3333,0.0,20.0,0.0,13.3333,13.3333,0.0,26.6667,0.0,0.0,0.0,0.0,0.0,IM,1,-14.0157,14.541,2.2363,0.0647,5.4667,29.6,0.2015,2155.5316,7.1467,136.3292,1.722,65.6499,1.6,5.4293,4.408,56.6866,6.9473,2.2413,10.32,103.9999,176.0664,162.0732,66.0199,0.3287,0.3967,1.2978,9.3867,0.0633,521.0307,1.8916,7.9474,0.16,22.6166,0.64,1.5125,0.1125,9.9627,1.8332,0.4946,4.1333,51.9999,82.2043,35.1253,34.5013,0.0553,0.1431,0.2901,0.3484,0.3467,0.2922,0.328,0.1139,0.375,0.4449,0.2958,0.0267,0.2129,0.3435,0.2718,0.5506,0.6107,0.5113,0.3175,0.5657,0.1951,0.4233
11.1111,0.0,11.1111,0.0,22.2222,0.0,11.1111,11.1111,11.1111,22.2222,0.0,0.0,0.0,0.0,0.0,IM,1,-12.3122,15.7063,2.9435,0.0629,5.6667,34.3333,0.194,2307.4421,8.55,135.6921,1.7989,78.2374,1.6667,5.7511,4.4289,60.4111,7.7678,2.4022,9.7555,129.4443,204.1109,178.5109,76.9888,0.3213,0.4144,1.2593,13.4815,0.0712,635.8263,2.8,7.5393,0.2188,33.9227,0.5926,1.7457,0.1123,11.5457,2.2291,0.562,4.0839,71.6049,93.432,47.9282,38.5012,0.0526,0.1351,0.2759,0.4926,0.4077,0.3293,0.5145,0.1492,0.5577,0.4,0.3233,0.0265,0.2484,0.3835,0.3021,0.5658,0.6711,0.5404,0.3671,0.5772,0.1892,0.3822
0.0,10.0,10.0,0.0,45.0,25.0,0.0,0.0,0.0,0.0,0.0,10.0,0.0,0.0,0.0,FCC,3,-5.4717,11.6121,3.9474,0.0174,8.1,26.1,0.3078,1860.05,7.9885,125.1625,1.818,55.9906,1.9,4.416,4.6925,60.7,8.2135,2.325,11.465,132.15,206.55,172.69,77.955,0.3036,0.457,1.13,1.13,0.0297,128.58,0.6311,1.2875,0.0692,1.9397,0.18,0.1908,0.2903,2.98,0.6541,0.2485,1.686,42.005,18.985,11.187,13.122,0.031,0.0823,0.1909,0.0592,0.1387,0.0883,0.105,0.051,0.0467,0.1579,0.0711,0.0666,0.0549,0.0833,0.12,0.1991,0.4087,0.165,0.0743,0.2454,0.1567,0.2759
0.0,0.0,0.0,0.0,0.0,0.0,0.0,40.0,0.0,25.0,10.0,0.0,0.0,0.0,25.0,BCC,3,2.1061,10.7244,11.8385,0.0464,4.35,36.35,0.1351,2324.9,7.2405,148.5475,1.4985,83.2743,1.75,6.205,4.2445,52.475,5.6515,1.8445,8.005,91.5,108.25,136.89,31.405,0.3983,0.2185,0.455,11.48,0.0374,405.57,2.5576,5.8513,0.0843,28.3258,0.375,1.084,0.0972,11.2075,1.193,0.4008,1.756,30.95,21.75,28.937,12.3865,0.016,0.0391,0.1096,0.413,0.3023,0.1957,0.4882,0.0679,0.4642,0.2474,0.2013,0.027,0.2252,0.2455,0.2371,0.2335,0.3929,0.2974,0.2247,0.4794,0.0556,0.244
0.0,0.0,0.0,0.0,0.0,0.0,0.0,20.0,0.0,20.0,20.0,0.0,0.0,20.0,20.0,BCC,1,2.5489,13.381,13.245,0.0498,4.4,49.6,0.1056,2523.0,9.91,150.01,1.454,118.2874,1.8,6.642,4.166,54.36,5.932,1.902,7.22,112.6,110.6,142.0,36.48,0.3876,0.244,0.48,18.32,0.0371,397.6,4.056,7.192,0.1112,49.1461,0.32,0.9544,0.1528,12.072,1.3464,0.3744,1.224,39.12,32.32,32.12,14.896,0.0205,0.0488,0.1113,0.4009,0.4232,0.1888,0.4508,0.0813,0.4455,0.2222,0.1702,0.0396,0.2285,0.2535,0.2147,0.217,0.3775,0.3755,0.2347,0.4897,0.0696,0.2651
11.11111111,0.0,22.22222222,0.0,22.22222222,22.22222222,0.0,0.0,0.0,0.0,0.0,0.0,22.22222222,0.0,0.0,IM,3,-8.7717,13.1453,2.5658,0.0512,7.2222,24.3333,0.2912,1712.1111,7.2889,128.9344,1.7233,52.214,1.8889,3.8744,4.5311,51.8778,7.17,2.2622,14.4,180.5556,205.1111,149.7667,82.6222,0.2693,0.55,1.5802,2.6667,0.0367,258.963,1.0637,5.8593,0.1304,5.704,0.3951,0.5319,0.2751,10.2074,1.4311,0.4247,5.2889,141.9753,35.4568,27.1111,14.4247,0.0394,0.1111,0.2828,0.1744,0.1472,0.2078,0.2381,0.0805,0.1762,0.2999,0.1521,0.0807,0.2203,0.2917,0.2358,0.4279,0.9707,0.2786,0.2162,0.2833,0.1588,0.2187
0.0,0.0,15.0,0.0,37.5,37.5,0.0,0.0,0.0,0.0,0.0,0.0,10.0,0.0,0.0,BCC,3,-3.6987,10.3963,5.0764,0.0253,8.35,26.35,0.3148,1806.025,8.1218,125.5028,1.8065,56.245,1.85,4.177,4.7038,58.445,7.9982,2.4225,12.5125,144.125,215.775,167.92,86.7375,0.2782,0.5235,1.2375,1.2375,0.0317,115.9237,0.5912,1.8995,0.0953,1.836,0.255,0.2745,0.3347,5.1825,0.8253,0.2704,2.4281,75.5812,18.9675,12.285,8.3287,0.0281,0.0802,0.1726,0.0547,0.1206,0.0983,0.0805,0.0656,0.0405,0.193,0.104,0.0775,0.133,0.106,0.1202,0.3079,0.8628,0.1255,0.104,0.1355,0.1216,0.1849
0.0,0.0,0.0,0.0,0.0,0.0,11.1111111,22.2222222,0.0,22.2222222,0.0,22.2222222,0.0,0.0,22.2222222,BCC,3,-1.5637,13.1453,19.5218,0.0696,4.6667,32.6667,0.1539,2322.2222,6.85,144.2289,1.5956,73.5364,1.6667,6.0867,4.2844,55.8444,6.3167,2.02,7.5889,121.3333,129.2222,153.5778,43.5,0.382,0.2589,0.5926,9.037,0.0406,317.6296,1.52,7.9743,0.1427,21.4506,0.4444,0.8948,0.1042,10.7506,1.5393,0.4578,1.4765,45.6296,44.3951,34.958,20.6667,0.0302,0.0741,0.1429,0.2791,0.2872,0.1506,0.2654,0.143,0.2944,0.2828,0.1666,0.036,0.1989,0.271,0.2606,0.23,0.4358,0.5706,0.3022,0.7058,0.0967,0.3538
25.0,12.5,12.5,12.5,12.5,12.5,0.0,12.5,0.0,0.0,0.0,0.0,0.0,0.0,0.0,BCC,1,-15.9701,15.848,1.5694,0.0697,6.75,22.75,0.2838,1581.5,6.4575,132.3762,1.7425,48.8555,2.0,4.0412,4.5862,50.2,5.68,1.9163,14.9,87.25,160.625,140.2625,56.075,0.3291,0.3925,2.75,5.0625,0.0605,380.125,2.3681,8.8403,0.1375,11.1839,0.5,0.4634,0.2603,10.375,2.4725,0.4872,4.8,57.8125,64.125,37.2125,27.7438,0.0458,0.1206,0.4429,0.2635,0.232,0.2726,0.3966,0.0818,0.2737,0.3536,0.1282,0.0673,0.2319,0.4791,0.3165,0.3868,0.8547,0.4391,0.3041,0.551,0.181,0.4008
18.1818,18.1818,18.1818,0.0,18.1818,18.1818,0.0,0.0,0.0,9.0909,0.0,0.0,0.0,0.0,0.0,IM,1,-15.4067,14.6974,1.6989,0.0632,7.0,25.1818,0.28,1780.9073,7.2382,129.6981,1.7618,54.3458,1.9091,4.4336,4.6509,56.2909,6.8918,2.1691,13.1545,111.4544,185.7271,159.218,67.1545,0.3164,0.4273,2.1818,4.8595,0.0575,332.264,1.6678,7.2991,0.1217,10.805,0.4959,0.5726,0.3084,8.757,1.8552,0.4757,4.0859,65.4875,56.7604,29.0612,28.2677,0.0528,0.1375,0.3499,0.2868,0.2425,0.2784,0.3076,0.0714,0.3079,0.3499,0.2384,0.0719,0.2019,0.3606,0.2762,0.4311,0.7048,0.3754,0.2512,0.4579,0.2049,0.4024
0.0,0.0,0.0,0.0,0.0,0.0,31.6456,0.0,5.0633,31.6456,31.6456,0.0,0.0,0.0,0.0,BCC,1,-5.0993,10.3374,6.1119,0.0228,5.3671,53.114,0.1096,3014.9398,12.2138,140.5166,1.7841,126.3357,1.3671,7.5677,4.3918,70.6241,8.399,2.6314,6.2089,145.4432,217.0129,214.7255,81.9684,0.3393,0.3644,0.4647,14.7012,0.0289,242.9589,3.5554,3.0804,0.2963,40.3894,0.4647,0.4732,0.1478,2.5621,0.9924,0.3309,0.8749,70.1812,90.5225,41.2347,34.0106,0.0321,0.0816,0.0898,0.2872,0.2851,0.0903,0.3102,0.1753,0.3318,0.3526,0.0789,0.0353,0.0659,0.1711,0.1469,0.1562,0.5165,0.4642,0.2063,0.4593,0.1149,0.2675
19.2307692,0.0,19.2307692,19.2307692,19.2307692,23.0769231,0.0,0.0,0.0,0.0,0.0,0.0,0.0,0.0,0.0,IM,3,-4.9484,13.3573,4.3374,0.0555,7.6923,24.1538,0.307,1606.8462,7.1927,128.7515,1.7869,51.6924,1.8077,3.9592,4.6365,52.5038,6.1523,2.15,14.2808,73.6538,178.8462,146.9538,71.6038,0.2975,0.4731,2.4556,4.3491,0.0512,354.8817,1.729,5.5456,0.1169,9.504,0.6213,0.3994,0.2422,9.0799,2.4979,0.5,4.5148,35.6509,60.6509,29.5799,25.6568,0.0365,0.1015,0.3708,0.2361,0.1879,0.2595,0.3183,0.0695,0.244,0.4065,0.1076,0.0656,0.2064,0.4418,0.2866,0.3948,0.6009,0.3941,0.2475,0.4103,0.1588,0.2784
0.0,16.66666667,16.66666667,0.0,33.33333333,33.33333333,0.0,0.0,0.0,0.0,0.0,0.0,0.0,0.0,0.0,FCC,4,-3.1145,11.0548,6.5227,0.0029,8.5,26.5,0.3188,1837.6667,8.2683,124.5717,1.8367,56.6675,1.8333,4.3217,4.8,61.0167,8.12,2.3983,11.7,128.8333,218.3333,176.8167,80.7167,0.3005,0.4667,1.1667,1.1667,0.0304,114.1111,0.6183,0.3011,0.0633,2.1055,0.2778,0.1017,0.3,3.6167,0.6533,0.295,1.8333,55.5,20.2222,12.5833,13.4389,0.0372,0.1,0.1629,0.0522,0.1154,0.0853,0.0798,0.0466,0.0435,0.2033,0.0276,0.0634,0.0634,0.0849,0.1329,0.2201,0.5107,0.1261,0.078,0.2667,0.189,0.3237
9.090909091,0.0,0.0,0.0,0.0,0.0,0.0,18.18181818,0.0,18.18181818,18.18181818,0.0,0.0,18.18181818,18.18181818,BCC,3,-7.3738,14.6974,4.7407,0.0495,4.2727,46.2727,0.117,2378.4545,9.2545,149.3882,1.4682,109.9869,1.9091,6.3464,4.1764,52.4818,5.5555,1.8273,8.7091,103.7273,106.9091,136.3,35.8182,0.3829,0.2555,0.5289,19.0744,0.0461,512.9587,4.164,6.9904,0.1114,50.715,0.3306,1.1167,0.1464,12.3405,1.4979,0.3947,3.2496,42.0165,32.0661,33.3455,14.0231,0.0245,0.0588,0.1443,0.4686,0.4769,0.2709,0.5119,0.0826,0.5154,0.2694,0.2249,0.0385,0.2524,0.3355,0.2493,0.5672,0.4752,0.3861,0.268,0.4791,0.0775,0.28
0.0,0.0,0.0,0.0,0.0,0.0,0.0,25.0,0.0,12.5,12.5,0.0,0.0,25.0,25.0,BCC,3,1.9544,12.9664,15.9144,0.0485,4.25,47.75,0.1082,2398.75,9.23,151.775,1.43,113.6273,1.875,6.3438,4.1387,50.5875,5.5113,1.785,7.3,118.25,101.875,131.9625,31.825,0.3934,0.23,0.375,18.4375,0.0403,364.25,3.8875,7.225,0.115,49.2621,0.2188,0.7938,0.1638,9.4313,1.0519,0.2925,1.45,43.25,28.875,25.0938,11.6375,0.0186,0.045,0.1019,0.4257,0.4418,0.1809,0.4664,0.0827,0.4722,0.1764,0.168,0.042,0.2169,0.2468,0.2074,0.2371,0.3851,0.3627,0.2227,0.4884,0.0612,0.2516
10.6383,21.2766,21.2766,0.0,21.2766,21.2766,0.0,0.0,0.0,4.2553,0.0,0.0,0.0,0.0,0.0,IM,1,-10.7513,14.0487,2.3641,0.0515,7.5532,25.4681,0.2953,1809.2551,7.6353,127.4223,1.7883,54.7956,1.8511,4.3445,4.7128,57.9979,7.427,2.2651,12.417,123.7234,203.1915,166.8404,72.8553,0.3096,0.4453,1.847,3.2775,0.0477,238.5693,1.2396,4.6678,0.1086,7.1091,0.4346,0.3345,0.3083,6.5306,1.3059,0.4225,3.3436,66.1929,38.0534,21.8941,25.8017,0.0531,0.1379,0.2888,0.2121,0.1948,0.2143,0.2393,0.0655,0.2256,0.3148,0.1716,0.0686,0.1602,0.275,0.2329,0.3887,0.627,0.2929,0.2008,0.4066,0.2163,0.3997
0.0,0.0,0.0,0.0,0.0,0.0,14.2857143,14.2857143,14.2857143,14.2857143,14.2857143,0.0,0.0,14.2857143,14.2857143,IM,3,-3.498,16.1784,12.6898,0.0602,4.8571,52.0,0.1074,2743.7143,11.3129,146.1443,1.6843,124.461,1.7143,6.99,4.2829,61.5714,7.4586,2.3157,6.5286,157.5714,184.7143,183.2429,66.1571,0.3597,0.3143,0.7347,18.0,0.0356,473.1837,4.409,7.3478,0.329,48.542,0.4082,1.0286,0.1853,14.8041,2.3984,0.638,1.2694,68.6531,106.2449,61.2204,43.2367,0.0458,0.1135,0.1715,0.3699,0.3851,0.2092,0.4437,0.2264,0.4121,0.2635,0.1767,0.0541,0.2652,0.3956,0.3306,0.2641,0.5235,0.6728,0.3926,0.7571,0.1385,0.3955
0.0,0.0,24.3902,0.0,0.0,24.3902,0.0,24.3902,0.0,24.3902,2.439,0.0,0.0,0.0,0.0,IM,1,-19.0703,12.1978,1.3928,0.0735,6.2195,29.8292,0.2238,2177.5564,7.5239,134.8412,1.6732,65.7455,1.5122,5.3097,4.5622,58.1633,7.059,2.3966,9.1829,74.3901,175.2679,158.9338,65.6121,0.3278,0.4015,1.8441,7.555,0.0778,334.6929,1.6379,9.8453,0.1155,18.8686,0.4997,1.2387,0.2867,8.4521,0.9161,0.3757,2.5045,11.6002,63.1885,20.9924,32.5972,0.0691,0.1791,0.363,0.3352,0.4008,0.191,0.2985,0.0847,0.3847,0.3305,0.2683,0.0751,0.1598,0.1708,0.1907,0.3002,0.1674,0.3968,0.1644,0.5371,0.2355,0.5082
0.0,6.398809524,0.0,6.398809524,6.398809524,6.398809524,0.0,0.0,0.0,74.4047619,0.0,0.0,0.0,0.0,0.0,IM,4,-11.4169,7.6789,1.6631,0.0554,6.1518,37.5446,0.1789,2472.6116,8.596,138.4215,1.6717,84.2928,1.192,6.6946,4.4344,65.05,7.0081,2.3987,8.9893,92.6696,126.1161,172.7632,46.731,0.3762,0.2733,1.714,5.1419,0.0847,412.7803,0.1154,6.6645,0.1066,12.8173,0.3102,1.3026,0.2,3.2058,0.3824,0.1467,2.5138,27.8554,31.4227,5.2632,9.1896,0.0242,0.0589,0.3322,0.1576,0.5476,0.1948,0.0262,0.0737,0.175,0.3304,0.2248,0.0596,0.0775,0.1309,0.0814,0.3356,0.4992,0.3154,0.0674,0.2939,0.0866,0.294
0.0,0.0,0.0,0.0,0.0,0.0,25.0,25.0,0.0,0.0,25.0,25.0,0.0,0.0,0.0,BCC,3,-2.3827,11.5256,12.4679,0.0408,5.0,40.0,0.1527,2577.5,9.3825,139.2525,1.7075,93.9273,1.75,6.27,4.37,61.875,7.57,2.2475,7.525,132.75,189.75,182.325,66.5,0.3498,0.3375,0.5,17.5,0.047,515.5,4.0725,5.3225,0.2263,44.5227,0.375,1.19,0.115,8.975,1.17,0.3725,1.725,52.75,69.625,45.825,29.9,0.0312,0.0775,0.1414,0.5163,0.3621,0.2098,0.5012,0.1555,0.572,0.2474,0.2047,0.0311,0.1761,0.1922,0.2139,0.2546,0.4748,0.4461,0.3,0.5536,0.1107,0.286
0.0,11.11111111,0.0,11.11111111,11.11111111,11.11111111,0.0,0.0,0.0,55.55555556,0.0,0.0,0.0,0.0,0.0,IM,4,-14.2304,10.8337,1.7269,0.0647,7.0,35.0,0.2208,2268.3333,8.6078,135.1233,1.7244,77.9497,1.3333,6.05,4.5333,63.4667,7.0067,2.3389,10.2333,102.0,141.6667,172.5889,50.8778,0.3661,0.2978,2.2222,6.6667,0.1098,535.1852,0.1926,8.6407,0.1383,16.6181,0.4444,1.6889,0.2667,4.563,0.6637,0.2148,3.2593,44.2222,43.3333,9.0617,13.9877,0.0352,0.0859,0.3367,0.1928,0.5068,0.2433,0.0344,0.0816,0.2158,0.3536,0.2841,0.0692,0.0974,0.1725,0.1027,0.3407,0.5809,0.3294,0.0889,0.333,0.1093,0.3324
24.99375156,16.67083229,16.67083229,0.0,16.67083229,16.67083229,8.32291927,0.0,0.0,0.0,0.0,0.0,0.0,0.0,0.0,IM,3,-12.3507,14.5339,2.0268,0.0621,6.7506,24.2492,0.2776,1722.3687,6.9976,130.2651,1.7958,52.3169,2.0,4.284,4.6451,54.6424,6.647,2.12,13.8415,115.915,194.7488,160.222,70.8736,0.3103,0.4417,2.25,5.7063,0.0551,394.5857,2.1483,7.4487,0.1382,12.7713,0.4999,0.5095,0.2867,10.4686,2.4279,0.5766,4.878,76.0613,62.3588,40.7583,30.992,0.0444,0.1164,0.3783,0.3247,0.2251,0.3217,0.3726,0.0903,0.3499,0.3535,0.2017,0.0694,0.2343,0.4308,0.3241,0.4606,0.7471,0.4189,0.3368,0.4852,0.1886,0.3537
12.987,12.987,12.987,0.0,35.0649,12.987,12.987,0.0,0.0,0.0,0.0,0.0,0.0,0.0,0.0,IM,1,-7.8958,14.0751,3.3325,0.0537,7.2208,26.5195,0.2786,1869.4397,7.6813,128.4614,1.8391,57.576,1.8701,4.506,4.6338,57.8947,7.6123,2.2566,12.1896,137.4025,215.1556,173.7128,79.3571,0.3034,0.4588,1.7305,4.5303,0.0551,347.3018,1.4215,5.8459,0.1124,10.6098,0.452,0.601,0.2292,7.0882,1.6038,0.439,3.6704,62.9111,46.1527,33.1846,23.1466,0.035,0.0926,0.2881,0.2824,0.2349,0.2771,0.2756,0.0864,0.3099,0.3265,0.2104,0.0599,0.1792,0.3056,0.2537,0.4391,0.5554,0.3283,0.2812,0.387,0.1706,0.3
18.1818,18.1818,18.1818,0.0,18.1818,18.1818,0.0,9.0909,0.0,0.0,0.0,0.0,0.0,0.0,0.0,BCC+FCC,1,-16.7594,14.6974,1.4973,0.067,6.9091,23.4545,0.2854,1707.3619,6.8673,129.9935,1.7564,50.2513,2.0,4.1864,4.6536,54.1999,6.73,2.0927,13.4182,109.6363,186.7271,154.0271,65.5363,0.3178,0.4236,2.281,4.0661,0.0516,281.5876,1.9458,7.7289,0.1276,8.8951,0.3636,0.321,0.3064,9.2727,2.0691,0.5025,3.8413,66.8098,55.3058,34.1058,30.033,0.0543,0.1415,0.3675,0.2229,0.1978,0.2323,0.3365,0.0762,0.2285,0.3015,0.1006,0.0713,0.2081,0.3759,0.2905,0.4066,0.725,0.3675,0.2697,0.4959,0.2096,0.416
0.0,0.0,0.0,0.0,0.0,0.0,0.0,25.0,0.0,25.0,0.0,25.0,0.0,0.0,25.0,BCC,3,-0.1236,11.5256,209.8573,0.0704,4.5,31.5,0.1553,2250.5,6.4275,145.225,1.525,70.7348,1.75,5.995,4.245,54.075,5.96,1.9,7.9,107.75,104.25,139.65,33.475,0.3925,0.2325,0.5,9.0,0.0443,249.75,1.1175,7.975,0.0975,21.3303,0.375,0.915,0.0975,10.325,1.375,0.395,1.35,37.75,18.125,25.4,12.025,0.0195,0.0475,0.1111,0.2862,0.3007,0.1342,0.2261,0.0768,0.3021,0.2474,0.1735,0.0267,0.1945,0.2461,0.2247,0.2023,0.3577,0.2154,0.1865,0.3731,0.0594,0.2421
27.2727273,0.0,0.0,0.0,0.0,0.0,18.1818182,18.1818182,0.0,18.1818182,0.0,18.1818182,0.0,0.0,0.0,BCC,3,-14.7083,13.2541,1.83,0.0366,4.4545,26.8182,0.1837,2030.8182,6.0873,140.3027,1.6991,59.6615,1.9091,5.3882,4.3545,53.3727,5.7736,1.9691,12.0545,97.0,142.3636,150.9,51.2364,0.3553,0.3245,0.9587,10.6777,0.038,631.4711,2.4248,4.6347,0.1676,25.2848,0.6612,1.314,0.0893,14.0661,2.3706,0.6046,6.2975,64.3636,67.8678,51.7818,26.3504,0.0313,0.0777,0.2415,0.4371,0.2314,0.37,0.4599,0.129,0.4653,0.4151,0.2864,0.0268,0.2768,0.4713,0.349,0.6008,0.7786,0.6353,0.4235,0.6895,0.1047,0.2846
0.0,0.0,0.0,0.0,0.0,0.0,0.0,25.0,25.0,25.0,25.0,0.0,0.0,0.0,0.0,BCC,2,-4.3709,11.5256,7.6971,0.0241,5.0,52.5,0.1133,2919.0,12.2925,142.1875,1.75,126.3908,1.75,7.355,4.3575,68.075,8.46,2.525,7.125,137.5,204.5,196.975,72.625,0.3542,0.3275,0.5,21.0,0.0386,573.5,5.7525,2.7438,0.305,56.0042,0.375,1.2525,0.0962,12.375,2.46,0.5975,1.625,86.25,103.25,55.3625,42.1875,0.0438,0.1075,0.1414,0.42,0.3906,0.225,0.4888,0.2023,0.4607,0.2474,0.2069,0.0263,0.2357,0.3585,0.2992,0.2874,0.7316,0.6025,0.3539,0.7074,0.1369,0.3686
0.0,23.25581395,23.25581395,0.0,23.25581395,23.25581395,0.0,6.976744186,0.0,0.0,0.0,0.0,0.0,0.0,0.0,FCC,4,-8.368,12.8252,2.8761,0.0434,7.9535,25.9535,0.3029,1876.5814,7.9465,126.1779,1.8005,55.7737,1.7674,4.3407,4.7556,59.4326,7.9486,2.3493,11.2,133.9535,217.1628,173.1791,75.9512,0.3095,0.4465,1.4602,1.4602,0.0415,150.1136,0.8637,2.7868,0.1017,2.8604,0.3569,0.1402,0.2971,4.6209,0.7315,0.3634,2.4651,62.834,28.7615,17.4613,23.8821,0.0579,0.1491,0.2252,0.069,0.1676,0.0932,0.147,0.0652,0.0621,0.239,0.0433,0.0642,0.0967,0.1207,0.1697,0.2613,0.5431,0.1896,0.1258,0.3844,0.2323,0.4262
17.3913,17.3913,17.3913,0.0,17.3913,17.3913,13.0435,0.0,0.0,0.0,0.0,0.0,0.0,0.0,0.0,IM,1,-10.3632,14.8549,2.6405,0.0572,7.0435,26.0,0.2758,1842.0872,7.5117,129.4061,1.8278,56.4194,1.8696,4.4722,4.6748,57.1304,7.1787,2.2478,12.613,129.6522,211.4348,171.8174,76.7957,0.3076,0.4491,2.0416,5.2174,0.0593,392.4691,1.7856,6.5754,0.1341,11.9775,0.5293,0.6125,0.2784,8.9603,1.8743,0.5334,4.4733,76.1588,54.1702,38.3138,29.2144,0.0438,0.1142,0.3336,0.3085,0.2478,0.3032,0.3172,0.0935,0.3363,0.3633,0.2185,0.0663,0.2049,0.3552,0.2864,0.4754,0.6598,0.3694,0.3088,0.4453,0.1928,0.352
5.005250263,0.0,12.00560028,0.0,35.00175009,19.9859993,0.0,0.0,0.0,0.0,0.0,0.0,28.00140007,0.0,0.0,FCC,3,-5.5106,12.0559,3.7476,0.0454,7.6293,25.2289,0.299,1713.0021,7.6289,128.3088,1.7362,54.2535,1.93,3.865,4.5069,52.4633,7.5324,2.2369,14.7902,217.0564,206.2678,152.9979,82.2038,0.2715,0.5428,1.2071,1.6474,0.0293,186.7287,0.6878,5.2349,0.1352,3.2721,0.2233,0.5768,0.2571,9.9781,1.1835,0.2995,4.7516,158.4564,20.7766,23.6172,8.1529,0.0324,0.0914,0.2143,0.1217,0.1216,0.1551,0.1656,0.0821,0.1206,0.2106,0.1625,0.0805,0.2109,0.2156,0.1803,0.3684,0.8318,0.1939,0.1818,0.2003,0.1313,0.1851
15.38638985,15.38638985,15.38638985,0.0,15.38638985,15.38638985,0.0,23.06805075,0.0,0.0,0.0,0.0,0.0,0.0,0.0,IM,3,-22.3281,14.7845,1.1543,0.0748,6.4618,23.2309,0.2695,1743.2849,6.5033,132.4777,1.7231,49.8848,2.0,4.2884,4.6039,52.6625,6.4994,2.0231,12.9234,102.0048,175.8531,148.1653,59.0426,0.3314,0.3893,2.3432,3.7162,0.0584,254.0508,2.0946,9.5982,0.1387,7.9787,0.3077,0.337,0.29,9.7396,2.0348,0.4895,3.6711,61.2349,60.1878,36.0777,31.4105,0.0585,0.1515,0.3963,0.2083,0.2375,0.2148,0.3522,0.0846,0.2125,0.2774,0.1062,0.071,0.2086,0.3676,0.288,0.3986,0.738,0.3872,0.2741,0.5683,0.2084,0.4652
26.6667,0.0,0.0,0.0,13.3333,0.0,6.6667,13.3333,0.0,13.3333,0.0,0.0,26.6667,0.0,0.0,BCC+FCC,1,-17.2398,14.0626,1.398,0.0497,5.3333,24.8,0.2273,1713.8663,6.1887,138.352,1.6493,54.4577,2.0667,4.364,4.292,46.4667,5.6713,1.8547,16.3267,191.3335,151.0001,132.6267,56.2867,0.3183,0.422,1.6889,7.04,0.0514,520.3914,2.3109,5.8619,0.1163,16.4113,0.4978,1.312,0.1088,11.9289,2.1877,0.4704,6.7449,169.7779,64.8001,37.5023,27.2925,0.052,0.1355,0.3469,0.3891,0.2725,0.3769,0.4055,0.0991,0.4185,0.329,0.3705,0.0347,0.2867,0.4563,0.3055,0.4279,1.0185,0.4856,0.366,0.5285,0.1876,0.3672
0.0,23.8095,23.8095,0.0,23.8095,23.8095,0.0,0.0,0.0,4.7619,0.0,0.0,0.0,0.0,0.0,IM,1,-6.5384,12.5685,3.6784,0.031,8.0952,26.9524,0.303,1913.5695,8.2228,125.5475,1.8095,58.1067,1.7143,4.4581,4.7643,60.8904,8.0981,2.4062,11.0857,136.6665,219.0474,177.2617,78.0523,0.3064,0.4543,1.3379,1.8594,0.0425,206.5296,0.6551,1.6525,0.0912,3.9869,0.4082,0.2964,0.2959,3.9433,0.6066,0.3249,2.6871,61.746,28.5486,13.9886,21.449,0.0549,0.1435,0.1977,0.1283,0.1852,0.1342,0.0852,0.0582,0.1419,0.2635,0.1587,0.0637,0.0696,0.0814,0.1466,0.2767,0.5256,0.1827,0.0865,0.3457,0.229,0.4101
0.0,0.0,0.0,0.0,0.0,0.0,22.2222222,22.2222222,0.0,22.2222222,0.0,0.0,0.0,11.1111111,22.2222222,BCC,3,-1.8461,13.1453,17.3552,0.0609,4.6667,40.2222,0.1277,2437.3333,8.1022,147.6522,1.6178,92.7093,1.5556,6.38,4.2733,54.9778,6.2178,2.0778,7.0111,134.7778,146.0,161.1333,49.4111,0.3788,0.2678,0.7407,8.1975,0.0308,358.0741,2.3086,7.843,0.241,20.5901,0.4938,0.7378,0.1822,12.1086,1.6642,0.5798,1.5457,57.5802,81.3333,51.437,33.0173,0.0359,0.0899,0.175,0.3398,0.299,0.1562,0.3376,0.1919,0.384,0.3194,0.1472,0.0529,0.2225,0.3029,0.2975,0.2658,0.4773,0.6809,0.3735,0.8185,0.1177,0.4165
18.2927,12.1951,12.1951,0.0,32.9268,12.1951,12.1951,0.0,0.0,0.0,0.0,0.0,0.0,0.0,0.0,IM,1,-9.3467,14.1581,2.7453,0.0584,6.9634,25.6951,0.2756,1812.3392,7.3776,129.3583,1.8251,55.7105,1.939,4.4379,4.6122,56.4194,7.2573,2.1849,12.8854,129.9388,206.3046,167.9559,76.2987,0.3054,0.4534,1.92,5.058,0.055,353.9784,1.7571,6.7363,0.119,11.4165,0.4581,0.5815,0.2258,8.707,2.0002,0.4647,4.2442,67.6308,51.4055,35.3735,25.9871,0.0355,0.0932,0.3238,0.3092,0.2337,0.3033,0.3216,0.0896,0.337,0.3355,0.2156,0.0611,0.2056,0.3652,0.2848,0.4549,0.6121,0.3721,0.3123,0.4206,0.1662,0.2979
0.0,0.0,0.0,0.0,0.0,0.0,17.5,25.0,0.0,25.0,0.0,7.5,0.0,0.0,25.0,BCC,3,-1.6749,12.7953,18.1458,0.0633,4.675,34.825,0.1423,2375.275,7.1467,146.0405,1.6178,78.6111,1.575,6.2592,4.2975,55.545,6.2243,2.0522,7.34,123.325,139.425,158.5325,46.39,0.3824,0.2587,0.675,8.1862,0.0313,369.6162,1.7958,7.1595,0.1916,19.5224,0.4888,0.8516,0.1237,11.795,1.6392,0.5472,1.574,53.325,66.3513,44.4974,27.585,0.0335,0.0831,0.1614,0.2517,0.2596,0.1618,0.2836,0.1679,0.266,0.3139,0.1636,0.0414,0.2152,0.2953,0.2905,0.258,0.4909,0.6418,0.3465,0.7969,0.11,0.4055
23.5294118,0.0,0.0,0.0,0.0,0.0,0.0,23.5294118,0.0,23.5294118,0.0,23.5294118,0.0,0.0,5.8823529,IM,3,-16.2962,12.7076,1.53,0.0496,4.2353,25.6471,0.1828,1962.1176,5.5359,142.09,1.5794,56.8242,2.0,5.3371,4.2876,51.1824,5.3353,1.8006,11.9647,78.4706,102.5882,130.2235,34.9176,0.3747,0.2759,0.7197,8.9135,0.0388,494.2284,1.822,4.9365,0.0479,21.0267,0.4706,1.1582,0.0316,12.4401,1.8821,0.4653,5.4754,38.5606,19.4048,32.7779,9.9599,0.027,0.0651,0.1904,0.4089,0.2505,0.3257,0.3815,0.0445,0.4355,0.343,0.276,0.0144,0.2569,0.4194,0.2887,0.5487,0.6044,0.2214,0.2744,0.3072,0.0769,0.2527
13.0,0.0,0.0,0.0,31.0,18.0,0.0,0.0,0.0,0.0,0.0,0.0,38.0,0.0,0.0,IM,3,-9.5976,10.8467,1.7754,0.0526,7.33,24.29,0.2961,1570.96,7.2362,130.8155,1.7094,52.2608,2.13,3.6763,4.4364,48.736,6.8062,2.0366,17.366,250.15,185.75,142.28,73.677,0.2795,0.5204,1.3766,2.9354,0.0292,205.3592,1.1794,6.3924,0.147,6.5725,0.2262,0.6492,0.2963,12.0687,1.4305,0.2917,4.9147,189.886,30.095,30.2676,11.564,0.03,0.0833,0.2695,0.1848,0.1248,0.1758,0.2521,0.0881,0.1887,0.1579,0.1817,0.0841,0.2531,0.3156,0.2104,0.2866,0.8014,0.2427,0.2379,0.2349,0.1213,0.1791
0.0,0.0,0.0,0.0,0.0,0.0,0.0,28.9855072,0.0,28.9855072,28.9855072,0.0,0.0,0.0,13.0434783,BCC,3,2.0488,11.1618,14.1151,0.0386,4.5797,44.6377,0.121,2590.8985,9.4752,146.1341,1.5184,105.1518,1.7101,6.763,4.2616,58.7203,6.4443,2.028,7.713,89.1304,126.8406,153.8754,41.2522,0.3835,0.2541,0.4873,16.4419,0.0359,497.5089,4.1767,3.6917,0.0598,43.941,0.4117,1.2428,0.0619,12.4402,1.3573,0.3966,1.4417,22.1802,34.2953,32.7822,16.1437,0.0258,0.0614,0.1078,0.4415,0.363,0.2112,0.5127,0.0543,0.4928,0.2653,0.1985,0.0205,0.2166,0.2329,0.2062,0.2148,0.3149,0.3191,0.2206,0.4721,0.0777,0.2805
0.0,0.0,25.0,0.0,0.0,0.0,0.0,25.0,0.0,25.0,25.0,0.0,0.0,0.0,0.0,BCC,3,-4.1236,11.5256,7.1001,0.0602,5.0,40.0,0.1556,2540.25,9.2375,139.24,1.575,93.4297,1.5,6.155,4.345,59.475,7.27,2.315,7.55,82.5,171.5,159.875,62.0,0.3362,0.38,0.5,17.0,0.0603,479.75,3.7212,7.165,0.055,43.7601,0.5,1.68,0.0775,9.975,1.15,0.365,1.325,12.5,61.0,22.275,29.8,0.0631,0.17,0.1414,0.5108,0.4349,0.206,0.4915,0.0385,0.5727,0.3333,0.278,0.0216,0.1812,0.1814,0.1938,0.2095,0.1793,0.4047,0.174,0.5553,0.2289,0.5393
0.0,59.06674542,22.74069699,0.0,9.096278795,9.096278795,0.0,0.0,0.0,0.0,0.0,0.0,0.0,0.0,0.0,IM,4,-3.2337,9.0117,5.1889,0.0024,8.3178,26.3178,0.3142,1861.9646,8.3838,124.9213,1.8282,57.0528,1.7726,4.3186,4.8545,61.3486,8.0801,2.2415,11.8443,189.4625,224.2817,186.0511,64.8826,0.341,0.3674,1.112,1.112,0.0304,144.647,0.6346,0.2112,0.0765,2.5196,0.3514,0.1064,0.2257,3.4603,0.3856,0.3556,2.5752,75.0591,24.8866,16.0058,28.9222,0.0756,0.1977,0.1596,0.0505,0.1158,0.0932,0.0839,0.0508,0.0504,0.2365,0.0287,0.0507,0.063,0.056,0.1756,0.2629,0.4151,0.1329,0.0939,0.4799,0.2397,0.5889
0.0,23.2558,23.2558,0.0,23.2558,23.2558,6.9767,0.0,0.0,0.0,0.0,0.0,0.0,0.0,0.0,IM,1,-4.0187,12.8252,6.2015,0.0237,8.093,27.3488,0.3002,1943.207,8.3463,125.4878,1.8437,59.1283,1.6977,4.4781,4.7744,61.2325,8.2235,2.4428,10.8442,145.8138,232.023,183.5812,82.9557,0.302,0.4653,1.3088,2.3472,0.0453,243.0813,0.7547,1.503,0.0918,5.1378,0.4218,0.3268,0.2796,4.1698,0.6079,0.3514,2.9616,63.5478,35.3811,19.1455,20.4705,0.0489,0.1306,0.19,0.1557,0.1923,0.1614,0.103,0.069,0.1766,0.2705,0.1459,0.0599,0.0755,0.0801,0.1547,0.3054,0.5046,0.1742,0.1467,0.3343,0.2214,0.3823
22.9885,11.4943,11.4943,0.0,31.0345,11.4943,11.4943,0.0,0.0,0.0,0.0,0.0,0.0,0.0,0.0,IM,1,-10.4214,14.0981,2.3834,0.0616,6.7356,24.9656,0.2731,1761.8089,7.1088,130.1524,1.8128,54.0596,2.0,4.3777,4.5931,55.1139,6.9431,2.1214,13.5012,123.3337,198.4718,162.8613,73.5921,0.3071,0.4486,2.0558,5.7233,0.0547,388.8301,2.027,7.3894,0.1283,12.9238,0.4598,0.5786,0.2232,9.9175,2.3692,0.5182,4.7119,70.8814,59.0671,39.2374,28.0404,0.0358,0.0933,0.3527,0.3309,0.2322,0.3245,0.3584,0.0918,0.3591,0.339,0.2194,0.0619,0.2258,0.4134,0.3095,0.4602,0.6626,0.4081,0.3373,0.4488,0.1621,0.2955
25.0,25.0,0.0,0.0,25.0,25.0,0.0,0.0,0.0,0.0,0.0,0.0,0.0,0.0,0.0,BCC,3,-12.6209,11.5256,1.4246,0.0623,7.5,23.5,0.3072,1560.0,7.0825,129.245,1.8075,50.1133,2.25,4.125,4.7325,55.3,6.445,1.9525,15.625,120.75,172.5,157.475,58.575,0.3337,0.3775,2.25,5.25,0.0382,313.5,2.1913,6.9625,0.0987,11.5656,0.375,0.3675,0.3425,10.8,2.3275,0.4375,3.9875,80.75,51.25,39.0875,23.775,0.0368,0.0925,0.359,0.2597,0.1545,0.2328,0.3618,0.065,0.2676,0.1925,0.1038,0.0751,0.2296,0.4262,0.2843,0.2984,0.7481,0.3439,0.296,0.4116,0.133,0.2946
16.6666667,16.6666667,16.6666667,0.0,16.6666667,16.6666667,0.0,0.0,0.0,0.0,0.0,16.6666667,0.0,0.0,0.0,BCC,3,-14.1385,14.8968,1.8619,0.0532,6.8333,23.5,0.2827,1767.1667,6.94,128.915,1.7533,50.5652,2.0,4.3183,4.6217,56.2667,7.01,2.1333,12.8333,119.0,182.8333,157.7167,66.45,0.3168,0.425,2.1667,3.6667,0.05,291.1111,1.6867,5.6467,0.12,7.8611,0.3333,0.395,0.3022,8.0111,1.74,0.42,4.0667,62.3333,55.8889,26.3444,26.6167,0.0488,0.1283,0.3526,0.2124,0.1869,0.2359,0.3062,0.0702,0.217,0.2887,0.1308,0.0724,0.1891,0.3419,0.2652,0.43,0.6323,0.3653,0.2414,0.4411,0.191,0.3801
0.0,23.2558,23.2558,0.0,23.2558,23.2558,0.0,0.0,0.0,6.9767,0.0,0.0,0.0,0.0,0.0,IM,1,-7.7689,12.8252,3.1911,0.037,8.0232,27.279,0.2988,1933.021,8.2312,125.951,1.8046,58.9159,1.6977,4.5305,4.7535,61.0371,8.0728,2.4079,10.9977,135.3487,216.3952,177.1626,77.193,0.3084,0.4493,1.3737,2.2498,0.0473,228.8683,0.6476,2.3648,0.0958,4.7507,0.4218,0.4241,0.2991,3.9881,0.616,0.319,2.7474,61.5359,29.1183,13.7555,22.1493,0.0563,0.1452,0.2056,0.1473,0.2069,0.1466,0.0844,0.0603,0.1645,0.2705,0.1858,0.0648,0.0704,0.0832,0.1448,0.2805,0.5282,0.1993,0.0856,0.3529,0.2286,0.416
26.6667,13.3333,13.3333,13.3333,13.3333,13.3333,0.0,6.6667,0.0,0.0,0.0,0.0,0.0,0.0,0.0,BCC,1,-12.9607,15.5994,1.8746,0.0669,6.9333,22.8,0.2907,1557.5313,6.588,131.4579,1.756,48.9213,2.0,3.9873,4.6033,50.5999,5.71,1.9347,15.2133,89.0665,163.5997,141.8864,58.2599,0.324,0.4053,2.7378,5.3333,0.0573,386.2936,2.352,8.2053,0.1323,11.8416,0.5333,0.4512,0.264,10.64,2.6053,0.499,4.8693,60.2132,65.2266,37.9609,27.8453,0.0448,0.1184,0.4326,0.2714,0.2144,0.2792,0.3936,0.0779,0.2823,0.3651,0.1228,0.0676,0.2355,0.4918,0.3215,0.3825,0.8608,0.4393,0.3071,0.5268,0.1791,0.3803
0.0,25.0,25.0,0.0,0.0,0.0,25.0,0.0,0.0,25.0,0.0,0.0,0.0,0.0,0.0,IM,3,-10.8006,11.5256,2.5595,0.0579,6.5,33.5,0.2121,2398.5,8.71,132.2925,1.825,74.9463,1.25,5.72,4.6,63.925,8.17,2.5725,8.1,163.25,230.5,199.225,79.925,0.3258,0.4075,1.25,8.0,0.0796,424.5,0.825,7.2875,0.195,19.4818,0.375,1.475,0.2,4.675,0.725,0.3575,2.85,78.25,73.5,33.075,39.175,0.0718,0.1875,0.2308,0.2411,0.4018,0.1883,0.1238,0.1204,0.2624,0.3464,0.2626,0.0554,0.0895,0.0993,0.1575,0.4175,0.4824,0.3647,0.204,0.4918,0.2406,0.5099
12.5,0.0,0.0,0.0,0.0,0.0,0.0,25.0,0.0,25.0,12.5,0.0,0.0,0.0,25.0,IM,4,-10.3281,12.9664,2.8029,0.0482,4.25,36.5,0.1384,2232.625,7.32,148.0962,1.5063,83.9908,1.875,6.1037,4.2363,51.85,5.2962,1.79,9.5875,86.875,104.25,134.2,33.2875,0.3879,0.2437,0.5625,13.125,0.0448,523.0312,2.97,6.0769,0.0897,32.3141,0.4375,1.3053,0.0931,12.6375,1.5878,0.4625,3.8094,34.8438,26.6875,33.675,12.8594,0.0252,0.0606,0.1556,0.4716,0.3674,0.2977,0.5493,0.0715,0.5245,0.3197,0.2514,0.026,0.2604,0.3681,0.2845,0.5781,0.4959,0.3518,0.2749,0.4745,0.0793,0.3049
0.0,0.0,0.0,0.0,0.0,0.0,0.0,37.5,0.0,0.0,12.5,0.0,0.0,18.75,31.25,BCC,3,0.8097,10.8506,30.4733,0.0466,4.125,43.375,0.1184,2274.0,8.2969,152.3375,1.4244,102.5433,2.0,5.9919,4.1519,47.5813,5.2062,1.6556,7.6313,114.3125,102.625,124.5375,28.9938,0.3974,0.22,0.2188,18.1406,0.0475,341.0,3.9645,6.975,0.1056,48.0817,0.0,0.8564,0.1581,6.0297,0.7914,0.1902,1.9266,44.3125,30.875,16.6906,10.1414,0.0193,0.0462,0.0802,0.4826,0.4359,0.1904,0.5369,0.075,0.5351,0.0,0.1753,0.0405,0.1922,0.2458,0.1635,0.2626,0.408,0.3678,0.2031,0.5352,0.0624,0.2708
0.0,0.0,0.0,0.0,0.0,0.0,0.0,14.2857143,0.0,14.2857143,0.0,57.1428571,0.0,0.0,14.2857143,IM,3,-1.4998,9.5923,14.2085,0.0736,4.7143,27.8571,0.1819,2221.5714,6.2957,139.3857,1.57,62.2521,1.8571,5.7014,4.2686,57.3,6.6886,1.99,8.0714,122.0,114.4286,147.1286,40.5143,0.3769,0.27,0.4082,7.2245,0.0406,150.9796,0.7139,8.898,0.0771,17.0359,0.2449,0.6906,0.0624,7.7429,1.202,0.2771,0.8694,29.7143,15.9592,18.7878,10.8939,0.0238,0.0571,0.0958,0.2875,0.2573,0.1039,0.1762,0.0654,0.3034,0.1884,0.1502,0.021,0.1532,0.2081,0.1704,0.1517,0.2742,0.1804,0.1461,0.3075,0.0669,0.2249
12.5,0.0,12.5,0.0,18.75,0.0,12.5,12.5,0.0,31.25,0.0,0.0,0.0,0.0,0.0,IM,1,-13.8754,14.2759,2.256,0.0635,5.4375,30.3125,0.1965,2192.6875,7.2363,136.74,1.7144,67.3534,1.5625,5.5631,4.4013,57.3438,6.9512,2.2563,10.1312,102.5,171.625,162.7562,64.4625,0.3325,0.3869,1.2422,9.6016,0.0636,524.1484,1.8297,7.81,0.1548,23.1195,0.6328,1.5685,0.1114,9.8328,1.7206,0.4767,4.0102,49.6875,80.9531,33.4422,33.7078,0.0552,0.1427,0.2832,0.3418,0.3578,0.2857,0.3173,0.1121,0.3672,0.4508,0.2946,0.0266,0.2085,0.3325,0.2627,0.5478,0.6026,0.5176,0.3065,0.5687,0.1919,0.4315
6.666666667,13.33333333,13.33333333,13.33333333,13.33333333,13.33333333,0.0,0.0,0.0,0.0,0.0,26.66666667,0.0,0.0,0.0,BCC,3,-6.885,15.5994,4.1319,0.0388,7.4,24.8667,0.2903,1823.6667,7.38,128.174,1.766,53.9184,1.8,4.402,4.6053,57.34,7.046,2.172,12.0267,119.6667,176.0,160.1933,64.1733,0.3247,0.4033,2.24,2.8089,0.0576,286.6667,1.3467,3.8267,0.1216,5.6916,0.4267,0.4944,0.2624,6.4,1.5077,0.3051,3.6018,55.0222,52.0,18.672,23.1147,0.0453,0.12,0.3339,0.1546,0.2125,0.2013,0.2285,0.0705,0.1557,0.3009,0.1461,0.0671,0.1449,0.2848,0.199,0.3784,0.5611,0.3335,0.1762,0.4049,0.1732,0.373
0.0,0.0,0.0,0.0,0.0,0.0,16.66666667,16.66666667,16.66666667,16.66666667,16.66666667,16.66666667,0.0,0.0,0.0,BCC,3,-4.7721,14.8968,8.7172,0.0357,5.1667,45.8333,0.1356,2792.5,10.92,139.435,1.7983,108.7425,1.6667,6.925,4.3883,67.3167,8.445,2.5317,6.9833,153.5,212.5,201.6667,77.35,0.3452,0.35,0.5556,18.4444,0.0451,501.1667,4.75,4.5817,0.3078,49.1017,0.4444,1.265,0.1244,9.65,1.8867,0.5456,1.6167,77.6667,105.0,56.4556,42.0,0.0388,0.0967,0.133,0.4593,0.3876,0.2154,0.4952,0.1858,0.5081,0.2828,0.2094,0.0307,0.1986,0.2978,0.2631,0.275,0.5797,0.5491,0.3234,0.6144,0.13,0.3207
9.090909091,18.18181818,18.18181818,9.090909091,18.18181818,18.18181818,0.0,9.090909091,0.0,0.0,0.0,0.0,0.0,0.0,0.0,BCC+FCC,3,-10.1922,15.7452,2.6973,0.0595,7.6364,24.9091,0.2989,1746.0,7.4345,128.5964,1.7827,53.5754,1.8182,4.1955,4.6873,55.4727,6.9327,2.1691,12.7909,112.8182,192.1818,159.3364,67.1818,0.3187,0.4209,2.0992,3.0248,0.0515,224.9091,1.4833,5.8413,0.1202,6.4474,0.4463,0.3094,0.282,7.6661,1.7742,0.4192,3.2281,64.4959,47.3719,26.3967,28.238,0.0553,0.1445,0.3221,0.1707,0.1989,0.192,0.2632,0.0734,0.1748,0.3162,0.0965,0.0662,0.1722,0.3163,0.241,0.3577,0.676,0.3179,0.2187,0.4621,0.21,0.4212
0.0,11.11111111,44.44444444,0.0,0.0,44.44444444,0.0,0.0,0.0,0.0,0.0,0.0,0.0,0.0,0.0,FCC,4,-6.0809,8.0227,2.5507,0.0015,8.1111,26.1111,0.3069,1933.3333,8.1378,124.7889,1.7956,55.7432,1.5556,4.2833,4.8444,60.3667,7.9333,2.6522,10.2,97.0,236.1111,174.8889,92.3556,0.2734,0.5422,1.8765,1.8765,0.0505,219.2593,0.8425,0.1768,0.1205,3.3309,0.4938,0.163,0.3062,4.9481,0.6104,0.2025,3.5556,34.6667,38.1235,13.8568,19.684,0.0564,0.158,0.2357,0.0732,0.1673,0.1143,0.1042,0.0677,0.0601,0.3194,0.0384,0.0643,0.0828,0.0808,0.106,0.3511,0.5814,0.1629,0.0839,0.2551,0.2349,0.3239
6.975933031,0.0,23.26473666,0.0,34.87966516,11.6149285,0.0,0.0,0.0,0.0,0.0,0.0,23.26473666,0.0,0.0,BCC+FCC,3,-5.219,12.3189,4.1496,0.0469,7.1856,24.6275,0.2882,1758.0248,7.3824,128.2185,1.7193,53.0559,1.8371,3.8782,4.4671,51.9762,7.6052,2.2684,13.7978,198.1775,212.6819,150.9916,84.9121,0.2646,0.5631,1.2219,1.9142,0.0296,233.298,0.7428,5.2414,0.1216,4.1309,0.3895,0.514,0.1969,9.053,1.3406,0.3616,5.0445,140.4364,30.8575,22.5614,13.7671,0.0368,0.1042,0.229,0.1379,0.1236,0.1828,0.1866,0.0754,0.1397,0.2859,0.1492,0.0666,0.1984,0.2414,0.207,0.4353,0.8612,0.2357,0.1825,0.2458,0.151,0.2003
0.0,0.0,30.0,10.0,20.0,20.0,0.0,0.0,0.0,0.0,0.0,0.0,20.0,0.0,0.0,BCC+FCC,3,0.1808,12.9459,128.9864,0.0325,7.9,25.9,0.3019,1801.4,7.903,126.995,1.746,55.8486,1.6,3.907,4.565,53.57,7.538,2.408,12.89,175.0,218.5,156.56,87.62,0.2644,0.564,1.5,1.5,0.0399,231.0,0.6102,3.363,0.13,2.6772,0.48,0.4782,0.251,7.402,1.174,0.36,4.45,130.0,36.3,16.796,16.128,0.0424,0.12,0.2225,0.0679,0.1525,0.1567,0.0895,0.0791,0.0624,0.3062,0.1421,0.0741,0.1713,0.1927,0.1582,0.4297,0.9459,0.207,0.1316,0.2309,0.174,0.2304
0.0,33.33333333,0.0,0.0,33.33333333,33.33333333,0.0,0.0,0.0,0.0,0.0,0.0,0.0,0.0,0.0,FCC,4,-1.0238,9.1338,15.7821,0.0032,9.0,27.0,0.3327,1769.0,8.5433,124.6033,1.8733,57.8237,2.0,4.37,4.8833,62.5,7.9967,2.2433,12.9667,156.0,206.6667,183.5333,68.3667,0.333,0.38,0.6667,0.6667,0.0167,28.0,0.4422,0.3311,0.0289,1.3191,0.0,0.06,0.2556,2.5333,0.5689,0.2378,0.7778,64.6667,4.4444,11.2222,18.6444,0.048,0.12,0.0907,0.0302,0.0606,0.0192,0.055,0.0176,0.0243,0.0,0.0153,0.0569,0.044,0.0818,0.12,0.0655,0.4927,0.0231,0.0732,0.2894,0.1538,0.3377
0.0,0.0,0.0,0.0,0.0,0.0,0.0,30.3030303,0.0,30.3030303,0.0,9.0909091,0.0,0.0,30.3030303,BCC,3,1.3506,10.8364,18.1715,0.0599,4.3939,33.303,0.1421,2264.8182,6.4927,148.1152,1.5027,74.9332,1.697,6.1403,4.2333,52.4788,5.5994,1.8555,7.8152,100.697,99.2121,135.9485,29.9909,0.4002,0.2139,0.4775,8.7236,0.0377,294.0496,1.2755,7.3545,0.1047,20.7658,0.4224,0.933,0.1111,10.5803,1.2296,0.4248,1.5335,37.2084,18.9164,26.3012,10.3526,0.0143,0.0351,0.1112,0.2684,0.286,0.146,0.2453,0.0782,0.2839,0.2708,0.1777,0.0287,0.2083,0.2439,0.2467,0.2237,0.3867,0.2176,0.2006,0.3648,0.0444,0.2023
16.66666667,0.0,20.83333333,0.0,20.83333333,20.83333333,0.0,0.0,0.0,0.0,0.0,0.0,20.83333333,0.0,0.0,IM,3,-10.7517,13.3508,2.0655,0.056,6.9583,23.625,0.2874,1663.4167,7.0021,129.8242,1.7162,50.637,1.9583,3.8442,4.5154,50.7417,6.8337,2.1883,14.975,170.2083,196.6667,145.3625,79.2833,0.2735,0.5387,1.7188,3.5417,0.0375,303.6458,1.434,6.6052,0.1281,7.885,0.3993,0.5365,0.2644,10.9896,1.762,0.4597,5.6771,137.4132,42.2222,30.9219,17.2292,0.0404,0.1135,0.32,0.2091,0.1531,0.2361,0.2876,0.0799,0.2133,0.312,0.1516,0.0796,0.2347,0.3523,0.2699,0.4252,1.0245,0.3268,0.2455,0.3291,0.1625,0.2308
0.0,23.0,20.0,0.0,20.0,17.0,0.0,0.0,0.0,0.0,0.0,0.0,20.0,0.0,0.0,FCC,3,-3.9237,13.3433,6.1294,0.0326,7.97,25.97,0.3049,1802.4,8.0559,126.7593,1.7651,56.0882,1.8,4.0245,4.6455,56.018,7.8686,2.2985,13.375,217.24,219.67,167.239,78.236,0.2928,0.4905,1.176,1.176,0.0319,154.48,0.6511,3.2963,0.1281,2.1942,0.32,0.4418,0.3346,7.6944,0.6984,0.3351,3.5255,129.5536,23.732,20.6868,17.499,0.0554,0.1476,0.1734,0.0532,0.1217,0.1187,0.0869,0.0779,0.0459,0.2222,0.1402,0.0806,0.1733,0.1041,0.1593,0.3716,0.7186,0.1369,0.1556,0.3127,0.2378,0.3766
20.0,0.0,0.0,0.0,0.0,0.0,20.0,20.0,0.0,20.0,0.0,20.0,0.0,0.0,0.0,BCC,1,-12.381,13.381,2.3135,0.0379,4.6,28.2,0.179,2140.6,6.426,140.016,1.708,62.9294,1.8,5.588,4.362,55.34,6.172,2.058,10.9,105.2,149.6,158.06,53.44,0.3572,0.32,0.88,10.64,0.0372,562.88,2.3832,4.8688,0.1808,25.1989,0.64,1.2856,0.0952,13.112,2.1296,0.5584,5.08,64.24,71.76,48.752,28.104,0.0326,0.08,0.2217,0.4046,0.2333,0.3265,0.4222,0.1335,0.4294,0.4157,0.2642,0.0275,0.2539,0.4098,0.3195,0.6018,0.7071,0.6134,0.3965,0.6797,0.1078,0.2991
0.0,0.0,0.0,0.0,0.0,0.0,31.25,20.8333333,0.0,20.8333333,0.0,6.25,0.0,0.0,20.8333333,BCC,3,-3.2219,12.6137,9.6389,0.0636,4.8958,36.0208,0.1424,2462.0625,7.6606,144.4104,1.7081,81.501,1.4792,6.3527,4.3479,57.9542,6.7152,2.2069,6.9667,141.1042,171.0208,176.2771,59.275,0.3683,0.294,0.7465,7.4696,0.0261,391.1849,1.9889,7.3247,0.2824,17.834,0.4991,0.7993,0.1576,11.8368,1.7752,0.597,1.6528,59.2665,98.737,55.4518,40.2656,0.0455,0.1133,0.1731,0.2342,0.2368,0.1629,0.2843,0.1873,0.2473,0.3377,0.1508,0.0454,0.21,0.2986,0.2922,0.2755,0.4824,0.6315,0.3628,0.7486,0.1347,0.4218
0.0,0.0,20.0,0.0,20.0,0.0,20.0,20.0,0.0,20.0,0.0,0.0,0.0,0.0,0.0,IM,3,-8.5895,13.381,3.6073,0.067,5.8,31.0,0.2009,2315.6,7.676,134.868,1.758,68.9128,1.4,5.524,4.446,58.98,7.776,2.432,8.12,122.0,208.0,175.98,76.82,0.3188,0.424,1.04,8.4,0.0624,405.92,1.4648,8.2824,0.1896,20.4122,0.48,1.3368,0.1048,7.696,1.3248,0.4176,2.304,54.4,78.0,35.608,35.696,0.0634,0.1632,0.2287,0.2797,0.3432,0.1871,0.2451,0.1269,0.3048,0.3499,0.2547,0.0255,0.1563,0.1897,0.2009,0.3084,0.5063,0.4233,0.2773,0.5135,0.2252,0.4451
0.0,15.3846,15.3846,15.3846,15.3846,15.3846,0.0,23.0769,0.0,0.0,0.0,0.0,0.0,0.0,0.0,FCC,1,-10.6152,14.7843,2.5191,0.0681,7.6923,25.6923,0.2923,1808.6905,7.4631,130.1145,1.7677,55.5097,1.6923,4.3038,4.6608,54.8153,6.8423,2.1523,11.8615,107.3845,185.0767,157.146,61.823,0.3329,0.3846,2.2249,2.2249,0.064,176.0236,1.4516,7.4009,0.1382,4.6086,0.426,0.3205,0.2549,7.0935,1.6125,0.3702,2.5278,57.9171,48.8284,25.0201,28.8402,0.0599,0.1557,0.328,0.0982,0.2466,0.1329,0.2326,0.0841,0.0965,0.2727,0.0989,0.0636,0.1465,0.2583,0.2012,0.2675,0.6511,0.3033,0.1862,0.5121,0.208,0.4729
11.1,0.0,22.23333333,0.0,33.33333333,11.1,0.0,0.0,0.0,0.0,0.0,0.0,22.23333333,0.0,0.0,BCC,3,-6.8661,12.6604,3.1742,0.0515,7.0,24.112,0.2857,1721.4487,7.1748,128.8813,1.7144,51.8999,1.8887,3.8566,4.4588,51.166,7.3474,2.2157,14.2323,190.0567,206.3563,147.8133,82.4422,0.2678,0.5545,1.3327,2.5167,0.0306,265.0578,0.9934,5.8928,0.1205,5.5318,0.3952,0.52,0.1992,9.7319,1.5677,0.3807,5.4002,137.8215,35.398,25.7989,14.4232,0.038,0.1072,0.2607,0.1697,0.1287,0.2075,0.2308,0.0751,0.1737,0.3,0.1489,0.0658,0.2103,0.2936,0.2347,0.4363,0.9,0.2769,0.2078,0.2839,0.1558,0.2113
0.0,17.34605377,17.34605377,0.0,17.34605377,17.34605377,0.0,0.0,0.0,0.0,0.0,13.26973114,17.34605377,0.0,0.0,IM,2,-6.7493,14.8602,4.0773,0.0329,7.6019,25.6019,0.2939,1851.8638,7.8008,127.3884,1.748,55.3991,1.8265,4.1964,4.6036,56.7951,7.8248,2.2904,12.6886,202.2316,207.2715,165.4955,75.5895,0.2986,0.4744,1.4551,1.4551,0.0404,201.7191,0.7728,3.7584,0.1305,2.5234,0.2867,0.4762,0.3271,7.2126,0.6507,0.312,3.724,120.9148,26.7773,18.7731,19.0258,0.054,0.1446,0.219,0.065,0.1574,0.1285,0.1189,0.0783,0.0534,0.2073,0.1628,0.081,0.1632,0.0986,0.1514,0.389,0.7376,0.202,0.1453,0.3192,0.2216,0.3713
7.470440702,14.92296668,14.92296668,14.92296668,14.92296668,14.92296668,0.0,0.0,0.0,0.0,0.0,17.9147259,0.0,0.0,0.0,BCC,3,-5.6094,15.9728,5.0706,0.04,7.686,25.0883,0.299,1780.7141,7.5299,127.7666,1.7822,54.2711,1.7762,4.2936,4.6417,56.8296,6.9723,2.1793,12.4723,117.112,181.7175,160.5552,65.8732,0.3209,0.4133,2.1657,2.8792,0.0541,272.3466,1.3282,3.6849,0.1167,5.9491,0.4634,0.4367,0.2611,6.7863,1.6554,0.3349,3.5676,58.9317,51.3738,20.5742,24.3484,0.0474,0.1254,0.3205,0.1599,0.1993,0.2053,0.2289,0.0684,0.1625,0.32,0.1383,0.0662,0.1523,0.3028,0.2096,0.3704,0.6029,0.3279,0.1859,0.4098,0.1819,0.378
16.6667,16.6667,16.6667,0.0,16.6667,16.6667,0.0,0.0,0.0,0.0,0.0,0.0,16.6667,0.0,0.0,BCC,1,-11.2177,14.8968,2.1998,0.0556,7.1667,23.8334,0.2932,1656.5033,7.165,129.4819,1.74,51.2313,2.0,3.92,4.5883,52.3334,6.84,2.1117,15.0667,178.8337,194.5004,152.2003,71.1335,0.2975,0.4767,1.8333,3.6111,0.0396,286.9995,1.4883,6.4023,0.1333,8.083,0.3333,0.51,0.3244,10.9889,1.75,0.4417,5.0556,131.7782,41.4998,33.7,24.2222,0.0508,0.1367,0.3163,0.2104,0.1515,0.2283,0.2927,0.0799,0.2166,0.2887,0.1448,0.0813,0.2329,0.3481,0.2694,0.3934,0.905,0.3195,0.2635,0.4011,0.213,0.3547
0.0,17.2414,17.2414,0.0,17.2414,17.2414,17.2414,0.0,0.0,13.7931,0.0,0.0,0.0,0.0,0.0,IM,1,-10.5452,14.8707,3.0594,0.054,7.4138,31.0,0.2567,2169.4848,8.6059,129.1898,1.8483,68.2314,1.5172,5.1872,4.6879,63.1139,8.1704,2.5128,9.6621,146.8967,226.2071,191.9485,82.1001,0.3136,0.4348,1.6409,6.5517,0.0787,414.293,0.7457,6.2203,0.1397,16.365,0.4994,1.2203,0.2669,4.3888,0.7341,0.3178,3.4186,66.314,53.6505,27.8289,25.8966,0.0526,0.1347,0.239,0.232,0.3472,0.2167,0.1113,0.0972,0.2617,0.3293,0.2582,0.0632,0.0816,0.0971,0.1468,0.3651,0.5033,0.2978,0.1866,0.3873,0.2079,0.3953
0.0,0.0,0.0,0.0,0.0,0.0,28.3286,0.0,15.0142,28.3286,28.3286,0.0,0.0,0.0,0.0,BCC,1,-5.9239,11.2791,5.8762,0.0231,5.4334,55.3031,0.1066,3086.2184,12.9681,140.1164,1.8444,132.363,1.4334,7.7074,4.4084,72.5711,8.9211,2.7455,6.0297,162.6913,237.3457,224.4706,89.8329,0.3333,0.3797,0.4911,15.6409,0.0293,298.2643,4.0375,3.2108,0.3336,42.9858,0.4911,0.5806,0.1511,4.9934,1.48,0.4255,0.9861,82.3697,104.0744,47.9553,39.3574,0.0354,0.0903,0.0912,0.2855,0.2894,0.1073,0.3245,0.1868,0.3279,0.3457,0.0904,0.035,0.0992,0.2291,0.1803,0.1752,0.5356,0.4732,0.2257,0.4719,0.1225,0.2698
0.0,15.3846,38.4615,0.0,15.3846,30.7692,0.0,0.0,0.0,0.0,0.0,0.0,0.0,0.0,0.0,BCC,1,-4.8618,10.859,4.2901,0.0025,8.0,26.0,0.3046,1920.7673,8.0792,124.7191,1.7969,55.7159,1.6154,4.2769,4.7769,59.9384,8.1231,2.5431,10.4154,116.6153,233.4613,174.3306,88.3922,0.2812,0.5215,1.5385,1.5385,0.042,199.4076,0.7453,0.2639,0.1053,2.8615,0.4734,0.1361,0.2982,4.3337,0.6059,0.2942,3.2426,52.2366,35.0295,13.91,20.0828,0.0548,0.1527,0.2137,0.0658,0.1512,0.1076,0.0968,0.0619,0.0557,0.3012,0.0348,0.0634,0.076,0.0793,0.1357,0.3249,0.5508,0.1551,0.086,0.2844,0.238,0.3472
0.0,22.22222222,22.22222222,0.0,0.0,0.0,22.22222222,11.11111111,0.0,22.22222222,0.0,0.0,0.0,0.0,0.0,IM,3,-11.9359,13.1453,2.5855,0.063,6.2222,32.2222,0.2087,2347.6667,8.2422,133.8322,1.7933,71.9374,1.3333,5.6233,4.57,61.7333,7.8433,2.4689,8.3333,151.7778,217.7778,189.9667,73.6333,0.3347,0.3844,1.2346,8.2469,0.0737,422.5185,1.2993,7.8464,0.2015,19.9916,0.4444,1.397,0.2044,6.9778,0.9511,0.4148,2.8444,79.7531,76.642,37.6296,40.4148,0.0717,0.1872,0.26,0.2616,0.3876,0.1915,0.2025,0.1258,0.2836,0.3536,0.2565,0.0558,0.1331,0.1529,0.195,0.3907,0.5339,0.3997,0.2443,0.5584,0.2333,0.537
5.0505,0.0,5.0505,0.0,5.0505,0.0,5.0505,0.0,0.0,0.0,0.0,79.798,0.0,0.0,0.0,BCC,1,-4.2391,6.512,3.2827,0.0273,5.1515,23.6566,0.2205,2136.9394,6.2978,131.704,1.6674,52.3059,1.9495,5.1762,4.3343,60.1253,7.5484,2.1443,8.9818,137.0101,147.0404,159.2162,57.4404,0.3414,0.3589,0.4591,2.1243,0.0128,154.5331,0.6471,1.6184,0.0662,4.766,0.1918,0.3796,0.0603,3.3511,0.5817,0.1623,1.7612,17.0727,38.1695,11.4496,14.8867,0.0234,0.0621,0.1664,0.2043,0.1238,0.1548,0.2025,0.0731,0.2186,0.198,0.1238,0.0199,0.1096,0.1855,0.1621,0.397,0.2653,0.3935,0.1878,0.3897,0.1045,0.2686
8.771929825,17.54385965,17.54385965,17.54385965,17.54385965,17.54385965,0.0,3.50877193,0.0,0.0,0.0,0.0,0.0,0.0,0.0,FCC,3,-4.0125,15.445,6.5502,0.0492,8.1228,25.4211,0.3121,1701.7018,7.7211,127.6026,1.8058,54.7504,1.7368,4.0991,4.7028,55.3842,6.7668,2.1751,13.2702,110.0877,190.7368,159.7246,67.7474,0.3165,0.4254,1.976,2.9178,0.0468,255.4571,1.2933,4.1019,0.1042,6.3212,0.5171,0.3381,0.2612,7.4903,1.9448,0.3982,3.2121,64.149,47.7378,25.0619,26.6519,0.0511,0.1346,0.299,0.1679,0.1779,0.2016,0.2373,0.0658,0.1735,0.3499,0.1006,0.0624,0.1681,0.3371,0.2319,0.3449,0.6921,0.3161,0.2089,0.4336,0.1994,0.3955
18.1818182,0.0,0.0,0.0,0.0,0.0,0.0,18.1818182,0.0,18.1818182,0.0,18.1818182,0.0,0.0,27.2727273,IM,3,-16.5023,13.2541,1.6062,0.0671,4.1818,28.9091,0.164,1999.8182,5.7573,146.2173,1.5227,64.6424,2.0,5.5445,4.2336,49.3909,5.0182,1.7027,10.5636,94.7273,94.7273,126.2182,31.4364,0.3845,0.2518,0.595,10.4463,0.0502,409.3223,1.5689,7.6542,0.1051,24.7768,0.3636,1.1213,0.1002,10.9157,1.762,0.4307,4.7405,46.9752,23.5702,28.2413,10.2281,0.028,0.0678,0.1712,0.3808,0.3241,0.2831,0.3302,0.0798,0.4037,0.3015,0.2435,0.0268,0.2434,0.4089,0.2886,0.5986,0.5421,0.2605,0.2557,0.3629,0.081,0.3004
0.0,0.0,25.0,0.0,0.0,0.0,0.0,25.0,25.0,25.0,0.0,0.0,0.0,0.0,0.0,BCC,3,-6.1071,11.5256,4.9852,0.0589,5.25,40.25,0.1586,2641.5,9.92,137.665,1.79,94.1523,1.5,6.355,4.42,63.85,8.56,2.68,7.05,135.0,227.75,188.975,83.975,0.322,0.4175,0.75,17.25,0.0573,581.0,4.745,6.86,0.285,44.8439,0.5,1.88,0.105,14.35,2.44,0.62,1.7,87.5,117.25,59.3625,51.775,0.076,0.1975,0.1579,0.5177,0.4022,0.2557,0.5718,0.1854,0.5809,0.3333,0.3078,0.0242,0.2623,0.354,0.2794,0.2942,0.7527,0.5544,0.3795,0.6464,0.2495,0.5065
0.0,21.7391,21.7391,0.0,21.7391,21.7391,13.0435,0.0,0.0,0.0,0.0,0.0,0.0,0.0,0.0,IM,1,-4.2482,13.2417,6.2507,0.031,7.9565,28.3043,0.29,2005.3462,8.4691,126.1903,1.8643,61.5297,1.6522,4.6309,4.763,61.8043,8.2852,2.4778,10.4696,151.3042,238.3476,188.8911,85.613,0.3017,0.4657,1.3611,3.5728,0.0557,308.2792,0.8123,2.6268,0.1038,8.9792,0.4537,0.5711,0.2713,4.3951,0.6219,0.359,3.2571,64.7447,41.3232,24.5103,22.4952,0.0459,0.1223,0.1978,0.1936,0.2345,0.1914,0.1125,0.0782,0.2208,0.2883,0.185,0.0588,0.0804,0.0819,0.1569,0.3345,0.4898,0.1923,0.1742,0.3345,0.2143,0.3694
0.0,0.0,0.0,0.0,0.0,0.0,23.52941176,5.882352941,23.52941176,23.52941176,23.52941176,0.0,0.0,0.0,0.0,BCC,3,-6.017,12.7076,6.5178,0.0249,5.4118,55.4118,0.1082,3086.1765,13.1824,140.0935,1.8835,133.0854,1.5294,7.6712,4.4194,72.7412,9.1971,2.7882,6.1059,172.9412,249.4118,227.2882,93.3471,0.3319,0.3835,0.5536,17.0242,0.0315,382.4221,4.5766,3.401,0.3543,46.4091,0.4983,0.7801,0.1464,7.7453,1.9684,0.5287,1.2291,91.3495,113.4948,55.5875,44.2381,0.0394,0.1002,0.1108,0.3182,0.3195,0.1482,0.3675,0.1928,0.3585,0.3264,0.1329,0.0338,0.1512,0.2749,0.2206,0.2431,0.5552,0.4834,0.2634,0.5069,0.1343,0.2913
0.0,0.0,27.7777778,0.0,27.7777778,0.0,0.0,0.0,8.3333333,0.0,8.3333333,27.7777778,0.0,0.0,0.0,IM,3,-5.9592,12.3178,4.7481,0.0455,6.1944,32.5278,0.2277,2297.0833,8.8936,129.0389,1.7439,74.5056,1.7222,5.2194,4.4278,62.0472,8.7806,2.49,8.2222,140.0,221.4167,175.7778,87.1472,0.2895,0.4975,1.0031,13.6574,0.0568,398.4722,3.0505,5.0265,0.1505,35.9631,0.4012,1.1438,0.1006,6.1343,0.8052,0.4217,2.0309,34.4444,63.588,24.5741,26.8381,0.0454,0.1257,0.1933,0.5644,0.336,0.2455,0.4703,0.1206,0.6482,0.2601,0.2978,0.024,0.1503,0.1669,0.1966,0.3003,0.4081,0.3634,0.2322,0.3693,0.1952,0.3121
7.692307692,15.38461538,15.38461538,15.38461538,15.38461538,15.38461538,0.0,0.0,0.0,0.0,0.0,15.38461538,0.0,0.0,0.0,IM,3,-5.1523,16.0056,5.4935,0.0403,7.7692,25.1538,0.3016,1768.3846,7.5738,127.6469,1.7869,54.3763,1.7692,4.2623,4.6523,56.6846,6.9515,2.1815,12.6,116.3846,183.3846,160.6692,66.3692,0.3198,0.4162,2.1302,2.8876,0.0527,267.3373,1.3153,3.6516,0.1146,6.0036,0.4734,0.4218,0.2601,6.8805,1.6961,0.3437,3.5385,59.9527,50.9112,21.1053,24.6438,0.0479,0.1266,0.3159,0.1612,0.1947,0.2059,0.2286,0.0676,0.1642,0.3254,0.1349,0.0658,0.1542,0.3078,0.2125,0.3674,0.6148,0.3257,0.1885,0.4107,0.1843,0.3791
0.0,20.0,0.0,0.0,20.0,20.0,20.0,0.0,0.0,0.0,0.0,20.0,0.0,0.0,0.0,IM,3,-8.5013,13.381,3.2695,0.0375,7.6,29.2,0.2717,2077.2,8.396,128.334,1.882,64.0726,1.8,5.048,4.71,63.82,8.164,2.364,10.46,167.8,215.4,194.54,75.74,0.3306,0.386,1.68,5.12,0.0732,369.84,1.1168,4.4768,0.1224,12.751,0.32,0.8136,0.292,2.984,0.6768,0.3408,3.008,58.96,45.44,30.208,24.472,0.0399,0.1008,0.244,0.2265,0.2941,0.212,0.1622,0.0903,0.2528,0.2222,0.19,0.0673,0.059,0.0889,0.1588,0.3154,0.4018,0.2997,0.196,0.3874,0.1325,0.286
0.0,44.44444444,11.11111111,0.0,0.0,44.44444444,0.0,0.0,0.0,0.0,0.0,0.0,0.0,0.0,0.0,FCC,4,-2.3307,8.0227,6.1822,0.0019,9.1111,27.1111,0.3346,1796.0,8.6878,124.8522,1.8689,58.0556,1.8889,4.38,5.0111,63.3333,7.6867,2.3422,12.7333,151.3333,212.7778,188.3222,67.6556,0.3384,0.3689,0.7901,0.7901,0.02,85.3333,0.3328,0.2331,0.0464,1.3466,0.1975,0.0622,0.1235,1.8963,0.3793,0.3486,1.4519,90.3704,14.716,10.0247,24.2272,0.0592,0.1501,0.1313,0.0441,0.0955,0.0763,0.0611,0.0402,0.037,0.1664,0.0232,0.0387,0.0488,0.0573,0.154,0.1823,0.6029,0.1118,0.0666,0.3858,0.1944,0.464
0.0,22.2222,22.2222,11.1111,22.2222,22.2222,0.0,0.0,0.0,0.0,0.0,0.0,0.0,0.0,0.0,FCC,1,0.5553,13.1453,42.9575,0.0083,8.5555,26.5555,0.3195,1814.6649,8.2867,125.0265,1.8289,57.1644,1.6667,4.2122,4.7722,59.1444,7.6933,2.3489,11.8778,129.5554,214.222,173.0554,76.2777,0.3071,0.4511,1.3827,1.3827,0.0361,162.3692,0.6681,0.6488,0.0751,2.8835,0.4444,0.2104,0.2691,4.6716,1.0089,0.3477,2.558,63.9505,28.79,16.795,22.3852,0.0521,0.1368,0.1918,0.0618,0.1349,0.1292,0.0858,0.0517,0.0608,0.2828,0.0673,0.0585,0.0946,0.1855,0.1586,0.2795,0.5702,0.1966,0.1118,0.352,0.2175,0.3952
15.3846,15.3846,15.3846,0.0,38.4615,15.3846,0.0,0.0,0.0,0.0,0.0,0.0,0.0,0.0,0.0,BCC,1,-8.8123,12.6322,2.456,0.0529,7.3846,24.1538,0.2985,1713.306,7.2831,127.3953,1.79,51.7256,2.0,4.1569,4.6431,56.0076,7.3346,2.1477,13.2923,122.7691,197.769,159.8845,72.4692,0.3046,0.4562,1.7751,3.4793,0.0358,240.0956,1.4388,4.8536,0.0954,7.6134,0.3077,0.2535,0.2658,7.2355,1.729,0.3893,3.3302,61.0177,39.3137,24.9752,23.1811,0.0405,0.1072,0.2983,0.2027,0.1427,0.2115,0.2797,0.0603,0.2084,0.2774,0.0825,0.0648,0.1798,0.3316,0.2532,0.376,0.5963,0.304,0.2299,0.3822,0.1846,0.3281
0.0,25.0,25.0,25.0,25.0,0.0,0.0,0.0,0.0,0.0,0.0,0.0,0.0,0.0,0.0,FCC,1,6.278,11.5256,3.2665,0.0111,8.5,26.5,0.3176,1779.25,8.2125,125.4825,1.8175,57.58,1.5,4.065,4.6625,56.225,7.3425,2.2325,12.125,135.75,207.25,165.825,70.925,0.3127,0.4375,1.5,1.5,0.0387,216.25,0.6775,1.1588,0.0787,3.6595,0.5,0.2875,0.1688,4.975,1.6612,0.3237,3.125,65.75,38.625,17.325,27.075,0.0628,0.1675,0.2121,0.068,0.147,0.1637,0.0878,0.052,0.0735,0.3333,0.0855,0.0438,0.104,0.2658,0.1734,0.3166,0.5634,0.2546,0.134,0.4171,0.23,0.4404
0.0,16.6667,16.6667,16.6667,16.6667,16.6667,0.0,16.6667,0.0,0.0,0.0,0.0,0.0,0.0,0.0,IM,1,-7.5535,14.8968,3.5453,0.061,8.0,26.0001,0.3015,1797.6703,7.71,128.7786,1.7867,56.1468,1.6667,4.2583,4.6883,55.7001,6.9767,2.195,12.0,111.3336,190.8337,160.5837,65.0335,0.3268,0.4,2.0,2.0,0.0571,179.667,1.2433,5.7907,0.1244,4.244,0.4444,0.3089,0.2578,6.8,1.5678,0.3633,2.6,60.1113,45.2222,22.95,28.0334,0.0588,0.1533,0.2976,0.0916,0.2232,0.1374,0.2039,0.0777,0.0905,0.2828,0.0966,0.0623,0.1388,0.2544,0.193,0.272,0.6411,0.2862,0.1733,0.4744,0.21,0.4525
0.0,0.0,0.0,0.0,0.0,0.0,27.26281352,18.18429662,0.0,18.18429662,0.0,18.18429662,0.0,0.0,18.18429662,BCC,2,-3.0089,13.2542,10.6886,0.0671,4.9089,34.3626,0.1519,2426.4815,7.4642,142.7809,1.6981,77.6091,1.5455,6.2199,4.3418,58.4166,6.8351,2.1944,7.1366,141.0788,165.5232,173.8239,58.0729,0.3667,0.2972,0.6611,8.6285,0.0347,373.6671,1.9139,7.6219,0.2518,20.5153,0.4959,0.8291,0.1408,10.6681,1.6367,0.5322,1.5966,51.7294,89.1368,49.7143,35.7836,0.0414,0.1025,0.1614,0.2619,0.2647,0.1591,0.2811,0.1766,0.2758,0.3222,0.1543,0.0427,0.1957,0.2779,0.2749,0.2589,0.4508,0.6156,0.3456,0.7158,0.1269,0.3907
0.0,15.3846,15.3846,0.0,15.3846,30.7692,0.0,15.3846,0.0,0.0,0.0,7.6923,0.0,0.0,0.0,IM,1,-15.4912,14.2324,1.7311,0.0603,7.6154,25.6154,0.2916,1884.2289,7.5831,128.5014,1.7762,54.9996,1.8462,4.4854,4.7354,58.8307,7.5277,2.2931,11.1923,115.923,196.769,167.4844,69.3922,0.3226,0.4108,2.0118,2.0118,0.058,154.4373,1.2947,5.9069,0.1309,3.7432,0.2604,0.2391,0.3366,5.7822,0.8717,0.3695,2.2864,56.5206,35.432,20.2296,26.1018,0.0561,0.1437,0.2938,0.0873,0.2215,0.0938,0.2064,0.0795,0.0753,0.1954,0.0719,0.0733,0.1223,0.1519,0.1799,0.2381,0.5787,0.2523,0.155,0.4274,0.2061,0.4248
0.0,0.0,0.0,0.0,0.0,0.0,18.1818182,18.1818182,0.0,18.1818182,0.0,0.0,0.0,27.2727273,18.1818182,BCC,3,-1.2347,13.2541,26.298,0.0604,4.5455,46.0,0.1146,2449.8182,9.0436,149.4882,1.56,108.3058,1.6364,6.3909,4.2055,53.2364,6.0436,2.02,6.8818,141.7273,133.6364,153.1455,45.7545,0.3799,0.2645,0.6942,14.1818,0.0375,302.0496,2.7421,8.4198,0.2327,38.2823,0.4628,0.6116,0.2231,11.1736,1.4883,0.5164,1.3587,52.1653,71.0413,47.8942,28.3438,0.0298,0.0747,0.172,0.3785,0.3869,0.141,0.3516,0.1964,0.4263,0.294,0.133,0.0595,0.2191,0.2885,0.2833,0.2481,0.4235,0.7009,0.3723,0.8173,0.1064,0.3822
8.0,17.0,17.0,8.0,17.0,33.0,0.0,0.0,0.0,0.0,0.0,0.0,0.0,0.0,0.0,FCC,3,-4.8871,13.9147,4.933,0.0398,8.33,25.69,0.3181,1732.55,7.9362,126.3944,1.824,54.9625,1.83,4.1865,4.7939,58.119,7.1701,2.2897,13.019,110.46,200.83,167.531,73.764,0.3087,0.445,1.7572,2.605,0.0407,190.859,1.1106,2.909,0.09,5.4855,0.415,0.2683,0.3051,6.7025,1.3648,0.4055,2.7329,61.9072,32.8134,21.971,22.7082,0.0431,0.1121,0.2625,0.1572,0.1493,0.1804,0.2116,0.0592,0.1601,0.2999,0.0829,0.0664,0.1536,0.2802,0.2143,0.3288,0.671,0.2653,0.1862,0.3652,0.1908,0.3535
0.0,20.0,20.0,0.0,0.0,20.0,0.0,0.0,20.0,20.0,0.0,0.0,0.0,0.0,0.0,BCC+FCC,1,-12.6211,13.381,2.5702,0.0579,7.2,38.8,0.2286,2424.2,10.586,130.84,1.882,89.2736,1.6,5.88,4.7,68.0,8.83,2.726,9.02,159.6,240.8,204.78,87.24,0.3182,0.424,1.84,14.96,0.1018,638.64,3.5296,7.168,0.2024,39.2795,0.48,1.884,0.3,8.48,1.82,0.4592,3.624,97.52,83.36,41.168,38.808,0.0634,0.1632,0.2693,0.4779,0.4836,0.3029,0.4209,0.1422,0.5533,0.3062,0.3353,0.0683,0.1678,0.2652,0.2133,0.4222,0.6357,0.4216,0.2595,0.5113,0.2262,0.4471
0.0,0.0,23.8095238,4.7619048,23.8095238,0.0,0.0,0.0,0.0,0.0,0.0,23.8095238,23.8095238,0.0,0.0,BCC+FCC,3,-0.4266,12.5685,55.8698,0.0346,6.7143,24.7143,0.2693,1896.3333,7.2495,128.8548,1.6786,53.912,1.7143,4.121,4.3643,53.0095,7.7557,2.27,12.2238,212.1429,200.4762,151.1048,79.3714,0.2774,0.5305,1.1565,1.1565,0.0339,271.5873,0.5662,4.2336,0.0932,2.3266,0.4082,0.642,0.1565,7.6531,0.9327,0.2905,4.9388,137.0748,42.4036,14.1837,17.7415,0.0499,0.1376,0.2163,0.0588,0.1524,0.1566,0.102,0.0663,0.0542,0.2635,0.2038,0.0399,0.1698,0.154,0.1542,0.4818,0.7696,0.2724,0.1079,0.2958,0.2022,0.2894
78.9474,5.2632,5.2632,0.0,5.2632,5.2632,0.0,0.0,0.0,0.0,0.0,0.0,0.0,0.0,0.0,BCC+FCC,1,-9.7197,6.7052,0.78,0.0541,4.1053,15.7895,0.2479,1130.635,3.859,139.2776,1.6542,33.1684,2.7368,3.5821,4.3869,39.358,3.1295,1.3584,21.0053,41.2108,102.5793,99.9687,39.8738,0.3289,0.39,1.7452,4.4045,0.027,312.0532,1.8299,6.1461,0.0698,9.7679,0.4155,0.3033,0.1687,8.9336,2.115,0.4396,4.097,41.3854,51.4409,32.6347,16.8533,0.0192,0.0516,0.5469,0.3448,0.1526,0.3463,0.5877,0.0583,0.3632,0.1999,0.1052,0.0562,0.2824,0.8339,0.4152,0.2481,1.4722,0.6311,0.4068,0.6004,0.1054,0.2387
10.0,20.0,20.0,0.0,20.0,20.0,10.0,0.0,0.0,0.0,0.0,0.0,0.0,0.0,0.0,IM,3,-8.1872,14.5336,3.3378,0.0487,7.5,26.5,0.287,1880.3,7.857,127.687,1.833,57.3866,1.8,4.463,4.718,58.83,7.618,2.328,11.89,136.1,219.7,176.41,79.21,0.3052,0.456,1.8,3.9,0.0549,323.02,1.2982,4.8112,0.115,8.8538,0.48,0.4714,0.2856,6.69,1.3088,0.46,3.67,71.1,45.58,30.15,25.526,0.0461,0.122,0.2813,0.2505,0.2248,0.2489,0.2457,0.0832,0.2746,0.3333,0.1881,0.0646,0.1626,0.2684,0.238,0.4282,0.5949,0.2969,0.2487,0.3997,0.206,0.3672
0.0,24.3902,24.3902,0.0,24.3902,24.3902,0.0,0.0,0.0,2.439,0.0,0.0,0.0,0.0,0.0,IM,1,-5.1771,12.1978,4.4605,0.0227,8.1707,26.6097,0.3074,1893.1668,8.2141,125.1241,1.8146,57.2578,1.7317,4.3822,4.7756,60.7365,8.1246,2.4044,11.178,138.0485,221.8288,177.3655,78.9535,0.3044,0.4595,1.2968,1.5705,0.037,181.7109,0.6626,0.8669,0.0859,3.256,0.3926,0.1875,0.2921,3.8893,0.5955,0.3311,2.6175,61.9035,27.8879,14.2284,20.6532,0.0533,0.1419,0.189,0.1016,0.1596,0.1182,0.0861,0.0559,0.1097,0.2559,0.1187,0.0625,0.0687,0.0793,0.1484,0.2725,0.5226,0.1635,0.0874,0.3379,0.2293,0.4036
0.0,20.0,20.0,0.0,20.0,20.0,0.0,10.0,0.0,10.0,0.0,0.0,0.0,0.0,0.0,IM,1,-14.3327,14.5336,1.9941,0.062,7.5,27.3,0.28,1966.5,7.872,128.649,1.77,59.1707,1.7,4.684,4.693,59.6,7.746,2.334,10.77,125.6,201.9,170.87,70.36,0.3214,0.416,1.8,3.02,0.0632,242.1,0.9472,6.3504,0.124,6.7471,0.42,0.6104,0.3056,5.36,0.8448,0.354,2.636,60.72,37.32,17.29,27.248,0.0641,0.1648,0.2683,0.1802,0.2661,0.1565,0.1648,0.0751,0.1994,0.2696,0.2098,0.0688,0.1109,0.1375,0.1705,0.2745,0.5625,0.2664,0.1352,0.4344,0.227,0.4618
0.0,0.0,0.0,0.0,0.0,0.0,0.0,35.0,0.0,5.0,5.0,0.0,0.0,27.5,27.5,BCC,3,0.8494,11.4487,30.4036,0.0449,4.1,44.2,0.1159,2255.7,8.2803,152.8975,1.4173,104.6176,1.95,5.9708,4.1292,46.8075,5.122,1.6718,7.5875,118.825,95.3,121.975,27.1125,0.3994,0.2155,0.18,18.17,0.0467,290.525,3.6198,6.7127,0.1125,48.2631,0.095,0.7845,0.1697,4.5285,0.6501,0.1882,1.8288,46.9425,24.53,12.035,6.8006,0.0149,0.0359,0.0732,0.4702,0.4485,0.1549,0.4871,0.0809,0.5214,0.1118,0.1568,0.0436,0.1628,0.2002,0.1665,0.2565,0.4104,0.3065,0.1668,0.4038,0.0471,0.2103
0.0,0.0,20.0,0.0,20.0,0.0,20.0,20.0,20.0,0.0,0.0,0.0,0.0,0.0,0.0,BCC,1,-5.4268,13.381,6.1757,0.0617,6.0,37.6,0.1926,2504.6,9.842,133.628,1.91,87.0996,1.6,5.79,4.496,63.38,9.05,2.68,7.56,168.0,269.2,202.92,100.0,0.2972,0.478,0.8,16.32,0.069,632.72,3.9824,7.2904,0.28,42.2363,0.48,1.656,0.0664,12.976,1.78,0.616,2.752,81.6,84.56,66.744,38.08,0.0438,0.1144,0.2108,0.5194,0.4129,0.2809,0.5203,0.1607,0.5896,0.3062,0.3161,0.0202,0.2418,0.2864,0.2661,0.3843,0.5461,0.3738,0.3528,0.4527,0.2113,0.3464
9.0909,18.1818,18.1818,0.0,18.1818,18.1818,0.0,0.0,0.0,0.0,0.0,0.0,18.1818,0.0,0.0,FCC,1,-8.3568,14.6974,3.029,0.048,7.5454,24.8182,0.2988,1722.271,7.5709,128.2371,1.7518,53.4356,1.9091,3.9682,4.6164,54.0272,7.2991,2.2055,14.2909,193.7271,205.818,158.8271,74.9454,0.294,0.4864,1.5868,2.4463,0.037,217.4221,1.0608,5.1742,0.1326,5.3333,0.3306,0.4863,0.3336,9.524,1.2555,0.3888,4.3868,132.9254,29.6529,27.124,20.8794,0.0516,0.1385,0.2612,0.1601,0.1406,0.1873,0.2219,0.0795,0.1631,0.2694,0.1434,0.0817,0.2091,0.2619,0.2255,0.3903,0.831,0.2513,0.2205,0.3564,0.2213,0.3565
0.0,25.0,25.0,12.5,25.0,12.5,0.0,0.0,0.0,0.0,0.0,0.0,0.0,0.0,0.0,FCC,1,1.5216,12.9664,15.5561,0.0087,8.375,26.375,0.3148,1825.5,8.2088,125.0812,1.8188,56.9734,1.625,4.1837,4.725,58.4,7.7475,2.3175,11.7,137.625,216.0,171.65,75.4125,0.3075,0.4512,1.375,1.375,0.036,177.25,0.6737,0.6891,0.0794,3.0529,0.4688,0.2153,0.2438,4.475,1.0537,0.3519,2.75,63.875,31.5,17.1375,24.5344,0.0584,0.1537,0.1974,0.0627,0.1382,0.1351,0.0874,0.0526,0.0639,0.2979,0.0689,0.055,0.0941,0.1943,0.1656,0.2975,0.5414,0.2053,0.117,0.376,0.2303,0.4191
3.0,31.3333333,31.3333333,0.0,0.0,31.3333333,0.0,3.0,0.0,0.0,0.0,0.0,0.0,0.0,0.0,IM,3,-8.6767,10.8185,2.325,0.0374,8.0433,25.8033,0.307,1864.7,8.0305,126.0543,1.8022,55.3937,1.7167,4.2986,4.8486,59.865,7.6554,2.4097,11.448,130.09,221.1533,176.0587,76.1797,0.3102,0.4464,1.8257,2.1265,0.0478,202.166,1.0584,2.2327,0.1164,4.2855,0.4491,0.179,0.2837,5.6839,0.7452,0.414,3.3636,77.0236,36.2506,19.9171,28.4135,0.0667,0.1738,0.2501,0.1119,0.1682,0.1379,0.1714,0.0681,0.1096,0.2988,0.0546,0.0624,0.1171,0.1634,0.1936,0.3485,0.6481,0.2146,0.1473,0.4206,0.2552,0.4725
0.0,11.1111,11.1111,0.0,11.1111,11.1111,0.0,0.0,0.0,55.5556,0.0,0.0,0.0,0.0,0.0,IM,1,-18.2002,10.8337,1.4046,0.0672,6.4444,34.4445,0.2065,2359.6671,8.4133,134.8022,1.6978,76.6663,1.3333,6.1178,4.5167,64.2556,7.5178,2.4456,9.0667,106.4444,158.2222,174.9889,58.3444,0.351,0.34,1.7037,7.2839,0.0938,433.7036,0.3904,8.9975,0.117,18.0441,0.4444,1.6136,0.2481,3.4593,0.6215,0.1691,2.6,42.2469,59.1358,7.5383,23.1481,0.0553,0.1422,0.2936,0.2147,0.4751,0.1918,0.0607,0.0748,0.2381,0.3536,0.2658,0.0688,0.0666,0.0938,0.0997,0.3111,0.532,0.3989,0.061,0.4468,0.181,0.4888
15.3846,15.3846,15.3846,15.3846,15.3846,23.0769,0.0,0.0,0.0,0.0,0.0,0.0,0.0,0.0,0.0,BCC+FCC,1,-5.4047,14.7843,4.4786,0.0513,8.0,24.7692,0.3133,1637.2291,7.5254,127.9976,1.8069,53.1294,1.8462,4.0477,4.7161,54.8076,6.4692,2.14,14.1615,100.8461,184.4614,156.7768,67.3384,0.3143,0.43,2.1538,3.858,0.0466,302.6039,1.5879,4.6683,0.1058,8.3941,0.5207,0.374,0.2876,8.684,2.1934,0.4523,3.6852,61.9407,51.9764,29.7089,26.1893,0.0443,0.1169,0.3289,0.212,0.1702,0.2308,0.2861,0.0654,0.2191,0.3584,0.1038,0.0671,0.1959,0.3888,0.264,0.3566,0.7539,0.3473,0.2431,0.4274,0.1823,0.3567
0.0,0.0,22.22222222,0.0,22.22222222,22.22222222,0.0,0.0,22.22222222,0.0,0.0,11.11111111,0.0,0.0,0.0,IM,3,-5.6334,13.1453,5.4476,0.0401,7.2222,36.3333,0.2454,2334.5556,10.3222,128.0267,1.9056,83.5211,1.7778,5.4167,4.6333,66.3556,9.32,2.7633,8.8778,152.3333,258.8889,199.2333,102.4778,0.2809,0.5178,1.5802,16.7407,0.0794,604.642,4.039,4.6489,0.204,44.5862,0.3457,1.5481,0.2296,10.1531,1.8044,0.477,3.2642,70.0741,76.5432,48.2074,29.5753,0.0315,0.0899,0.2423,0.5559,0.4023,0.3211,0.4772,0.1379,0.6428,0.2339,0.3494,0.0615,0.1915,0.2416,0.2096,0.3924,0.5907,0.3543,0.2948,0.3352,0.1544,0.2337
20.0,0.0,20.0,0.0,20.0,20.0,20.0,0.0,0.0,0.0,0.0,0.0,0.0,0.0,0.0,IM,3,-10.125,13.381,2.5237,0.0594,6.6,26.6,0.2577,1909.6,7.382,130.61,1.834,57.8932,1.8,4.606,4.606,56.46,7.138,2.344,12.0,110.0,217.8,170.92,86.42,0.2876,0.5,1.92,6.72,0.0598,502.72,1.9496,7.284,0.1608,15.5426,0.64,0.8856,0.2176,9.768,2.1392,0.5712,5.16,64.0,68.96,42.984,26.144,0.031,0.088,0.3534,0.3491,0.2817,0.3347,0.3462,0.107,0.3818,0.4157,0.2526,0.0633,0.2218,0.3856,0.2945,0.5497,0.6736,0.4019,0.3469,0.3833,0.1454,0.2346
20.83333333,0.0,20.83333333,0.0,20.83333333,20.83333333,16.66666667,0.0,0.0,0.0,0.0,0.0,0.0,0.0,0.0,IM,3,-10.5221,13.3508,2.3708,0.06,6.625,25.9583,0.2625,1868.5,7.2633,130.3746,1.8204,56.3075,1.8333,4.5137,4.6062,55.8958,7.0533,2.3175,12.2875,105.0,213.1667,167.0,84.8667,0.2872,0.5012,1.9792,6.2153,0.0583,472.2917,1.9319,7.2932,0.1545,14.2081,0.625,0.7687,0.2266,9.7049,2.1931,0.5729,5.1354,60.4167,66.0417,39.875,25.2917,0.0322,0.0911,0.3588,0.3436,0.2671,0.3313,0.3497,0.1035,0.3751,0.4066,0.2425,0.0646,0.223,0.3937,0.2985,0.5352,0.6797,0.4048,0.3428,0.3877,0.1485,0.2385
0.0,0.0,0.0,0.0,0.0,0.0,0.0,25.00937383,0.0,37.49531309,25.00937383,0.0,0.0,0.0,12.48593926,IM,3,2.081,10.9812,13.7466,0.0383,4.625,44.1264,0.1208,2605.0622,9.3269,145.9041,1.5263,103.4513,1.625,6.8575,4.2638,59.5891,6.4841,2.0763,7.6379,88.7402,123.3888,155.7549,40.9665,0.3847,0.2513,0.4687,14.4422,0.0314,451.287,3.6779,3.7054,0.0622,38.7639,0.4687,1.1558,0.0603,11.7651,1.2626,0.3946,1.2815,20.9298,31.3173,30.7115,14.1722,0.0229,0.0544,0.1047,0.4159,0.3381,0.1972,0.486,0.0551,0.4671,0.2979,0.1862,0.0201,0.2061,0.2213,0.204,0.2041,0.3056,0.3143,0.2088,0.4455,0.0728,0.2666
4.7619,19.0476,19.0476,0.0,19.0476,19.0476,0.0,0.0,0.0,0.0,0.0,19.0476,0.0,0.0,0.0,BCC+FCC,1,-10.4981,14.3353,2.5758,0.0358,7.3809,25.0,0.2901,1886.3314,7.5457,126.8784,1.7738,53.9341,1.8571,4.4509,4.6705,59.4904,7.7557,2.2838,11.2952,133.857,198.9522,168.9189,71.7714,0.3141,0.4329,1.8503,2.2857,0.0486,224.8882,1.1401,3.3501,0.1137,4.4451,0.3265,0.3273,0.3082,4.5442,0.7935,0.3476,3.0821,54.2585,39.3107,17.5473,24.3374,0.0527,0.1377,0.2788,0.1295,0.1807,0.1546,0.1977,0.0666,0.1268,0.2512,0.1063,0.0707,0.1143,0.1876,0.1882,0.3527,0.5125,0.2761,0.1512,0.383,0.2045,0.3956
0.0,19.0476,19.0476,0.0,19.0476,19.0476,0.0,9.5238,0.0,14.2857,0.0,0.0,0.0,0.0,0.0,IM,1,-15.5324,14.677,1.8935,0.0646,7.3809,27.9524,0.2725,2003.8075,7.9057,129.3275,1.7619,60.7771,1.6667,4.8214,4.6743,59.9618,7.7109,2.341,10.6048,123.4284,197.2855,170.9713,68.9666,0.3247,0.4076,1.8503,3.746,0.0688,280.3165,0.9312,7.082,0.1273,9.1796,0.4444,0.7907,0.3053,5.4494,0.8446,0.3438,2.6993,59.4829,41.8504,16.5633,27.5428,0.0648,0.1665,0.2757,0.201,0.294,0.1714,0.1613,0.0764,0.2233,0.2828,0.2362,0.0697,0.1109,0.1363,0.1664,0.2809,0.5641,0.2859,0.1319,0.4418,0.2239,0.469
12.5,0.0,12.5,0.0,18.75,0.0,12.5,12.5,12.5,18.75,0.0,0.0,0.0,0.0,0.0,IM,1,-11.9513,16.0245,3.0984,0.0616,5.5625,34.4375,0.1914,2310.8125,8.59,135.965,1.8094,78.7202,1.6875,5.7294,4.4325,60.0938,7.7475,2.4112,9.7812,131.25,209.875,179.5938,78.95,0.319,0.4206,1.2422,14.2422,0.0682,657.0391,3.115,7.2056,0.233,35.9071,0.6016,1.7555,0.1134,12.418,2.3953,0.6123,4.3164,76.4062,97.7656,53.3781,40.5438,0.0526,0.1355,0.2768,0.5151,0.4013,0.3413,0.5428,0.1547,0.5817,0.404,0.3287,0.0269,0.2632,0.4056,0.3182,0.593,0.6945,0.544,0.3865,0.5854,0.1932,0.3828
0.0,20.0,0.0,20.0,0.0,20.0,0.0,0.0,0.0,10.0,0.0,30.0,0.0,0.0,0.0,IM,1,-8.5398,12.9459,2.8814,0.0413,8.0,27.8,0.2914,1900.7,8.032,129.268,1.787,60.8076,1.7,4.814,4.68,60.5,6.831,2.175,11.98,123.9,156.7,168.75,53.26,0.3568,0.318,2.4,3.2,0.0782,339.24,1.1472,4.1256,0.1316,7.515,0.42,0.8488,0.316,5.12,1.1244,0.231,3.144,61.9,38.24,19.41,11.976,0.0259,0.0628,0.3162,0.179,0.2927,0.2133,0.1563,0.0755,0.1913,0.2696,0.232,0.0748,0.1095,0.2094,0.1215,0.2858,0.5931,0.2536,0.129,0.2894,0.0953,0.2626
0.0,22.2222,11.1111,0.0,22.2222,22.2222,0.0,11.1111,0.0,11.1111,0.0,0.0,0.0,0.0,0.0,BCC+FCC,1,-15.7998,14.4258,1.7738,0.0644,7.6667,27.6666,0.2833,1942.7758,7.9478,129.0643,1.7822,59.9678,1.7778,4.7489,4.7144,60.1333,7.6489,2.2733,11.2778,129.5554,193.3331,172.1554,65.4555,0.3338,0.3822,1.7778,3.1111,0.0658,232.0975,0.9647,6.8713,0.1215,7.3195,0.3457,0.6494,0.3205,5.363,0.8523,0.3259,2.2519,63.9505,36.8149,17.7827,25.916,0.0602,0.1531,0.268,0.1827,0.2747,0.1624,0.1694,0.0755,0.203,0.2339,0.2138,0.0707,0.1124,0.1412,0.1641,0.2369,0.5667,0.2576,0.1395,0.4314,0.1984,0.4501
0.0,10.0069979,15.01049685,0.0,34.98950315,24.98250525,0.0,0.0,0.0,0.0,0.0,10.0069979,5.00349895,0.0,0.0,FCC,4,-5.9555,13.3785,4.1872,0.024,7.9493,25.9493,0.3035,1863.9661,7.9332,125.747,1.7954,55.7517,1.8499,4.339,4.6724,59.4683,8.0915,2.35,11.6794,146.6774,209.3027,170.1813,79.428,0.2971,0.4755,1.2704,1.2704,0.0357,158.728,0.6696,2.0974,0.0983,2.1716,0.2551,0.255,0.3042,4.0875,0.6894,0.284,2.3213,58.9615,22.1116,12.9423,13.8637,0.0368,0.099,0.2047,0.0627,0.1478,0.1041,0.1087,0.0633,0.0496,0.1931,0.105,0.0719,0.1019,0.0912,0.1322,0.2939,0.6657,0.18,0.0987,0.2609,0.1795,0.3005
0.0,0.0,0.0,0.0,0.0,0.0,21.05263158,15.78947368,21.05263158,21.05263158,21.05263158,0.0,0.0,0.0,0.0,BCC,3,-5.3293,13.3319,7.4189,0.0269,5.2632,51.8947,0.1159,2965.6316,12.2684,140.7311,1.8474,124.115,1.5789,7.3742,4.41,69.7368,8.7795,2.6674,6.5368,161.0526,235.3684,215.5632,85.9737,0.3397,0.3642,0.6205,18.1939,0.0347,443.6787,4.8645,3.5798,0.3475,49.0779,0.4875,1.0305,0.1389,9.1324,2.1015,0.5748,1.4781,91.7452,113.374,59.61,45.7906,0.0421,0.1059,0.1356,0.3773,0.3429,0.188,0.4321,0.1945,0.4203,0.3127,0.1758,0.0326,0.195,0.3057,0.2551,0.2882,0.6036,0.5148,0.3069,0.5776,0.141,0.3288
0.0,20.0,20.0,0.0,20.0,20.0,0.0,0.0,0.0,0.0,0.0,0.0,20.0,0.0,0.0,FCC,1,-4.07,13.381,5.9218,0.0327,8.0,26.0,0.3056,1801.2,8.058,126.744,1.766,56.081,1.8,4.026,4.65,56.06,7.85,2.318,13.36,211.6,219.4,166.78,79.52,0.2898,0.498,1.2,1.2,0.0325,155.44,0.6536,3.3024,0.1288,2.1856,0.32,0.4424,0.34,7.728,0.72,0.3376,3.512,131.92,23.84,20.136,16.256,0.0518,0.1416,0.1768,0.0544,0.1239,0.119,0.0872,0.0783,0.0458,0.2222,0.1404,0.0816,0.1738,0.1051,0.1572,0.3719,0.7471,0.1377,0.1533,0.2962,0.2306,0.3568
0.0,25.0,0.0,25.0,25.0,25.0,0.0,0.0,0.0,0.0,0.0,0.0,0.0,0.0,0.0,FCC,3,5.0796,11.5256,3.7807,0.0114,9.5,27.5,0.3443,1666.25,8.6425,125.4025,1.88,59.2543,1.75,4.15,4.825,58.8,7.0025,2.1625,13.9,129.5,187.5,172.075,63.1,0.3362,0.37,1.0,1.0,0.0239,154.125,0.3812,1.1988,0.025,2.1459,0.375,0.33,0.25,5.6,1.4912,0.2275,1.4,72.0,28.75,19.875,19.25,0.0393,0.1,0.1177,0.0407,0.0775,0.1083,0.0511,0.0164,0.0466,0.2474,0.0929,0.0541,0.1163,0.2589,0.1257,0.1278,0.6244,0.1784,0.1337,0.3077,0.133,0.304
0.0,22.2222,22.2222,0.0,22.2222,22.2222,0.0,11.1111,0.0,0.0,0.0,0.0,0.0,0.0,0.0,IM,1,-10.8014,13.1453,2.2873,0.0532,7.7778,25.7778,0.2976,1879.4426,7.7933,127.0654,1.7889,55.4223,1.7778,4.3633,4.7367,58.7555,7.8278,2.3178,11.1555,130.6665,212.6665,170.6332,73.611,0.3138,0.4356,1.6296,1.6296,0.0469,147.2585,1.0,4.2409,0.1126,3.2018,0.3457,0.1541,0.3007,5.0173,0.8296,0.3753,2.4148,62.9629,29.4813,18.9481,25.9407,0.061,0.157,0.2483,0.0749,0.1867,0.0912,0.1725,0.0708,0.0678,0.2339,0.0485,0.0656,0.1095,0.1396,0.1796,0.2571,0.5566,0.2132,0.1427,0.4148,0.2328,0.4427
0.0,0.0,35.0,5.0,20.0,20.0,0.0,0.0,0.0,0.0,0.0,0.0,20.0,0.0,0.0,BCC+FCC,3,-1.4734,12.3288,15.4173,0.0327,7.65,25.65,0.2954,1842.5,7.8155,126.8505,1.734,55.2711,1.6,3.9375,4.5575,53.925,7.768,2.456,12.365,177.0,225.95,157.64,90.98,0.2576,0.583,1.415,1.415,0.038,236.25,0.576,3.3547,0.1254,2.4258,0.48,0.4517,0.2463,6.9925,1.0292,0.3544,4.5415,129.2,37.135,15.45,16.464,0.0404,0.1147,0.2159,0.0644,0.148,0.149,0.0872,0.0776,0.0561,0.3062,0.1392,0.0742,0.1684,0.1575,0.1534,0.4568,0.9279,0.1868,0.1278,0.2064,0.1686,0.2117
0.0,0.0,0.0,0.0,0.0,0.0,20.0,0.0,20.0,20.0,20.0,20.0,0.0,0.0,0.0,BCC,3,-5.6918,13.381,6.9653,0.0315,5.4,50.6,0.1263,2962.8,12.204,138.092,1.85,120.9176,1.6,7.34,4.4,71.94,9.088,2.71,6.34,172.2,231.8,218.82,88.16,0.333,0.38,0.48,18.32,0.0431,423.76,4.6728,3.8864,0.328,49.1819,0.48,1.02,0.14,6.904,1.7496,0.512,1.232,78.24,110.56,54.024,41.752,0.0344,0.088,0.0907,0.393,0.419,0.1722,0.4113,0.1856,0.4355,0.3062,0.1664,0.0329,0.1291,0.2487,0.2157,0.2198,0.4997,0.5123,0.2641,0.5084,0.1174,0.2594
9.8039,19.6078,19.6078,0.0,19.6078,19.6078,0.0,0.0,0.0,11.7647,0.0,0.0,0.0,0.0,0.0,IM,1,-14.0349,14.6102,1.9602,0.0587,7.3529,26.6862,0.2817,1883.0356,7.7094,128.636,1.7735,57.7845,1.7843,4.5974,4.6804,58.7195,7.3943,2.282,12.0157,120.2939,195.4898,167.3232,70.3646,0.3159,0.4292,1.9377,4.0061,0.06,320.4441,1.1859,6.2058,0.1174,9.0704,0.4921,0.6994,0.3095,6.4506,1.242,0.4058,3.4748,63.6907,45.8979,20.6505,26.7082,0.0563,0.146,0.2997,0.2495,0.2565,0.239,0.2299,0.0695,0.2714,0.3387,0.2445,0.0705,0.1576,0.2656,0.2234,0.4023,0.6267,0.322,0.1924,0.4219,0.2147,0.4184
38.4615,15.3846,15.3846,0.0,15.3846,15.3846,0.0,0.0,0.0,0.0,0.0,0.0,0.0,0.0,0.0,BCC+FCC,1,-14.9995,12.6322,1.2723,0.0683,6.2308,21.1538,0.2808,1510.6908,6.0877,131.7914,1.7392,45.0649,2.2308,3.9515,4.5923,50.2384,5.7054,1.8938,16.0154,91.6153,165.2306,139.7152,60.3999,0.3152,0.4285,2.5562,6.2722,0.0479,444.3786,2.6059,8.7526,0.1238,13.9099,0.5917,0.432,0.297,12.7219,3.0118,0.626,5.8343,67.6212,73.2544,46.4734,30.1538,0.0436,0.1153,0.4502,0.3096,0.1794,0.3165,0.4494,0.0732,0.321,0.3123,0.1153,0.0734,0.268,0.5494,0.3712,0.4026,0.9066,0.4797,0.353,0.5326,0.1802,0.3545
0.0,0.0,25.0,15.0,20.0,20.0,0.0,0.0,0.0,0.0,0.0,0.0,20.0,0.0,0.0,BCC+FCC,3,1.5877,13.2759,14.7191,0.0322,8.15,26.15,0.3084,1760.3,7.9905,127.1395,1.758,56.4261,1.6,3.8765,4.5725,53.215,7.308,2.36,13.415,173.0,211.05,155.48,84.26,0.2712,0.545,1.595,1.595,0.0408,230.13,0.6527,3.3424,0.1322,3.0427,0.48,0.4986,0.2543,7.7405,1.2728,0.356,4.2995,130.8,33.975,17.926,15.12,0.0431,0.1215,0.2238,0.0698,0.1536,0.1614,0.0903,0.0799,0.0664,0.3062,0.1445,0.074,0.174,0.2214,0.1605,0.4006,0.9641,0.2221,0.135,0.2498,0.1751,0.2449
0.0,25.0,0.0,0.0,25.0,25.0,0.0,25.0,0.0,0.0,0.0,0.0,0.0,0.0,0.0,FCC,1,-18.8409,11.5256,1.1085,0.0718,7.75,25.75,0.295,1812.0,7.5325,129.99,1.79,55.3345,2.0,4.49,4.745,57.925,7.305,2.0925,12.275,132.0,184.0,166.625,57.1,0.3513,0.335,1.875,1.875,0.0566,64.5,1.5163,8.08,0.125,3.7338,0.0,0.18,0.33,6.8625,1.06,0.2975,1.275,69.5,34.0,25.3625,25.25,0.0543,0.135,0.2939,0.0885,0.2293,0.0442,0.2386,0.0822,0.0809,0.0,0.0481,0.0716,0.1428,0.1814,0.1673,0.1145,0.5946,0.2146,0.1891,0.4548,0.1551,0.4052
0.0,14.8148,14.8148,0.0,14.8148,29.6296,0.0,18.5185,0.0,0.0,0.0,7.4074,0.0,0.0,0.0,IM,1,-16.8315,14.2518,1.5972,0.0643,7.4815,25.4815,0.2876,1886.3314,7.4689,129.1551,1.7674,54.7355,1.8518,4.4989,4.7204,58.2888,7.4426,2.2689,11.1555,113.8517,193.7776,165.5739,67.6851,0.3257,0.403,2.096,2.096,0.0607,151.2094,1.3821,6.6565,0.1364,3.9176,0.2524,0.2502,0.3374,6.2519,0.9277,0.3773,2.2453,55.9615,38.5515,21.5122,27.1583,0.0577,0.1476,0.3073,0.0902,0.2319,0.0921,0.2199,0.0823,0.0783,0.1918,0.072,0.074,0.1301,0.1616,0.1866,0.235,0.5856,0.2635,0.1647,0.4488,0.2061,0.4363
0.0,0.0,0.0,0.0,0.0,0.0,0.0,16.6666667,0.0,16.6666667,0.0,50.0,0.0,0.0,16.6666667,IM,3,-1.3792,10.3298,16.6871,0.0748,4.6667,28.6667,0.176,2228.0,6.325,140.6833,1.56,64.1372,1.8333,5.7667,4.2633,56.5833,6.5267,1.97,8.0333,118.8333,112.1667,145.4667,38.95,0.3803,0.2617,0.4444,7.8889,0.0433,174.0,0.8133,9.0833,0.0833,18.6186,0.2778,0.7622,0.0711,8.5556,1.2944,0.31,0.9889,32.5556,17.1111,20.8111,11.6667,0.0243,0.0583,0.101,0.2923,0.2732,0.1116,0.189,0.069,0.3085,0.2033,0.1575,0.0225,0.1642,0.2208,0.1839,0.1641,0.2958,0.1915,0.1567,0.3287,0.0674,0.236
0.0,10.0,25.0,0.0,20.0,40.0,0.0,0.0,0.0,0.0,0.0,0.0,5.0,0.0,0.0,FCC,3,-4.5424,11.7645,4.7943,0.0182,8.35,26.35,0.3142,1851.15,8.195,125.1475,1.8105,56.2854,1.75,4.242,4.79,59.75,7.949,2.49,11.695,128.8,222.75,173.045,86.145,0.2846,0.5095,1.45,1.45,0.0381,164.425,0.701,0.9853,0.1013,2.4556,0.375,0.2032,0.33,5.07,0.6959,0.283,2.7475,70.44,28.125,14.315,14.1775,0.0418,0.1173,0.1941,0.0615,0.1376,0.1075,0.0901,0.0644,0.0495,0.2474,0.0784,0.0717,0.1098,0.0934,0.1297,0.3203,0.7966,0.1472,0.0995,0.2383,0.1955,0.2968
3.0,0.0,0.0,0.0,0.0,0.0,0.0,24.25,0.0,24.25,0.0,0.0,0.0,24.25,24.25,BCC,3,-1.4689,12.3002,19.17,0.0489,4.2125,42.8275,0.1183,2289.3025,8.052,151.5047,1.4475,100.3526,1.7875,6.1909,4.149,49.5352,5.2529,1.7905,7.886,112.7275,91.0975,128.1637,28.3513,0.3978,0.2197,0.3819,14.1487,0.0393,328.5366,2.7917,7.2704,0.1285,37.8967,0.3819,0.8184,0.1688,8.5674,0.8556,0.3344,2.0651,47.3093,18.8204,21.7456,6.6942,0.0137,0.0336,0.1132,0.4312,0.4136,0.1713,0.4155,0.0904,0.4824,0.2667,0.1731,0.0427,0.2055,0.2352,0.2363,0.41,0.438,0.2144,0.204,0.2831,0.0424,0.1873
0.0,0.0,0.0,0.0,0.0,0.0,15.0,21.25,0.0,21.25,21.25,0.0,0.0,0.0,21.25,IM,3,-0.794,13.3111,43.2957,0.0535,4.725,43.7,0.1218,2582.5625,9.2419,146.3028,1.5926,102.1437,1.6375,6.7116,4.2876,58.61,6.5605,2.0939,7.0975,117.375,150.2875,165.72,51.0888,0.3747,0.2766,0.6162,12.4525,0.0319,465.8531,3.4576,5.9276,0.1733,33.4927,0.4622,0.9874,0.117,12.631,1.6792,0.5005,1.4046,47.6531,68.7916,43.7495,29.4382,0.0382,0.0934,0.1496,0.3879,0.3218,0.1968,0.4636,0.1605,0.4373,0.2936,0.1731,0.0386,0.2195,0.2846,0.2661,0.2475,0.4811,0.5641,0.3168,0.6936,0.1135,0.3797
0.0,22.72727273,0.0,0.0,22.72727273,22.72727273,9.090909091,0.0,0.0,0.0,0.0,22.72727273,0.0,0.0,0.0,IM,3,-9.3194,13.0108,2.7441,0.032,7.8182,27.4545,0.2892,1965.5455,8.1459,127.2532,1.8441,59.7257,1.9091,4.8064,4.725,62.9773,8.0268,2.28,11.1909,159.3182,199.9091,184.9318,69.2,0.335,0.3745,1.6116,2.8926,0.0593,268.0165,1.0417,3.6134,0.1037,6.5862,0.1653,0.595,0.3182,2.5702,0.582,0.2727,2.4215,55.4339,32.686,21.2252,21.8636,0.0413,0.1041,0.2397,0.1797,0.2366,0.1737,0.1546,0.0782,0.1986,0.1506,0.1556,0.0709,0.0508,0.0828,0.1397,0.2514,0.4242,0.2617,0.1607,0.3604,0.134,0.3015
0.0,0.0,29.7619048,1.7857143,29.7619048,0.0,0.0,0.0,0.0,0.0,0.0,29.7619048,8.9285714,0.0,0.0,BCC+FCC,3,-2.7981,11.3874,8.1287,0.0308,6.4762,24.4762,0.2625,1997.375,7.1332,127.6185,1.6961,53.2968,1.6845,4.3974,4.4074,56.3577,8.1438,2.345,10.0631,158.9286,203.9286,157.3101,80.9935,0.2824,0.5177,1.1621,1.1621,0.0342,219.1964,0.6031,3.6946,0.087,2.1759,0.4319,0.5432,0.1189,4.5146,0.7038,0.3185,3.3489,60.9056,48.8946,6.7737,20.2459,0.0506,0.1405,0.207,0.0548,0.1491,0.1208,0.1031,0.058,0.0467,0.2759,0.1588,0.0305,0.1149,0.1092,0.1507,0.4348,0.693,0.2905,0.0734,0.3131,0.2072,0.3099
14.2857,0.0,14.2857,0.0,14.2857,28.5714,0.0,0.0,14.2857,14.2857,0.0,0.0,0.0,0.0,0.0,IM,1,-15.2787,14.5318,2.0143,0.0634,6.8571,33.4285,0.2436,2117.855,9.0828,131.5684,1.84,75.5649,1.8571,5.3029,4.6329,61.9714,7.7386,2.5057,11.4286,110.7142,210.8569,179.2284,84.2428,0.3023,0.4614,2.1224,13.7551,0.085,648.9786,2.9506,8.0183,0.1886,35.8902,0.4898,1.6755,0.2955,11.0612,2.1812,0.5078,4.6531,68.1631,76.6938,39.604,29.4326,0.0357,0.0959,0.3523,0.545,0.4144,0.3866,0.5143,0.1336,0.6307,0.344,0.3615,0.0735,0.2477,0.4093,0.2929,0.5205,0.8077,0.4941,0.3474,0.4729,0.1674,0.2927
19.3548,16.129,16.129,16.129,16.129,16.129,0.0,0.0,0.0,0.0,0.0,0.0,0.0,0.0,0.0,BCC+FCC,1,-5.9602,14.8761,4.0114,0.0556,7.6774,24.129,0.3072,1607.1903,7.2581,128.7617,1.7923,51.8372,1.871,3.9948,4.6671,53.2967,6.2545,2.0687,14.5355,100.9675,179.5158,152.0578,64.8289,0.3158,0.4265,2.3517,4.3496,0.048,341.3634,1.7864,5.5771,0.1132,9.6215,0.5619,0.397,0.2632,9.3913,2.449,0.469,4.2071,64.8593,58.3663,32.7961,27.3267,0.0463,0.1228,0.36,0.2349,0.1785,0.2521,0.3197,0.0679,0.244,0.3777,0.1074,0.0655,0.2093,0.4302,0.2855,0.3731,0.7794,0.3811,0.2658,0.4598,0.1858,0.3688
71.4285714,9.5238095,9.5238095,0.0,0.0,9.5238095,0.0,0.0,0.0,0.0,0.0,0.0,0.0,0.0,0.0,IM,3,-13.221,7.5836,0.6923,0.0599,4.5238,16.8095,0.2544,1207.0,4.3038,137.9405,1.669,35.4273,2.619,3.6529,4.4524,41.5571,3.5414,1.479,20.0286,49.5714,115.5238,108.3762,43.5333,0.3275,0.3948,2.1769,5.4422,0.0346,391.4286,2.2912,7.4707,0.0861,12.0648,0.5442,0.3755,0.2463,11.2245,2.502,0.5701,5.102,49.3878,65.034,41.5374,21.073,0.0269,0.0725,0.5692,0.3624,0.1756,0.3702,0.5974,0.0664,0.38,0.2493,0.1159,0.0697,0.3046,0.7864,0.4492,0.2968,1.4226,0.6441,0.432,0.6404,0.1362,0.3041
0.0,18.18181818,18.18181818,0.0,18.18181818,38.19709702,0.0,0.0,0.0,7.257448434,0.0,0.0,0.0,0.0,0.0,IM,2,-8.4645,12.3701,2.7865,0.0376,8.3644,27.6707,0.3073,1906.7166,8.3733,125.9843,1.822,59.4842,1.7456,4.5672,4.8247,61.9615,7.8909,2.4477,11.3918,120.2704,211.1054,178.5163,77.7446,0.309,0.4457,1.4806,2.1863,0.0477,221.7775,0.6097,2.4553,0.0912,4.8511,0.3794,0.4359,0.3123,3.7902,0.6139,0.2783,2.4819,59.076,24.6889,12.0852,18.8988,0.0467,0.1192,0.2056,0.1444,0.2099,0.1507,0.0803,0.0599,0.163,0.2495,0.1859,0.0669,0.0676,0.0871,0.1298,0.2573,0.5769,0.1955,0.0769,0.3178,0.2049,0.3761
4.761904762,19.04761905,19.04761905,9.523809524,19.04761905,19.04761905,0.0,9.523809524,0.0,0.0,0.0,0.0,0.0,0.0,0.0,FCC,3,-8.4419,15.4329,3.2627,0.0557,7.8571,25.4762,0.3022,1784.7143,7.66,127.9024,1.791,54.8417,1.7619,4.2338,4.7067,56.5095,7.1776,2.221,12.2762,117.4762,198.0,163.1476,68.9905,0.3179,0.4233,1.9048,2.4127,0.0496,190.3673,1.2533,4.9298,0.1149,5.0659,0.4354,0.273,0.2806,6.8463,1.4855,0.3955,2.8916,64.0181,40.7619,23.298,27.5156,0.057,0.1486,0.292,0.1352,0.195,0.1631,0.222,0.0716,0.1371,0.2985,0.0882,0.0646,0.1501,0.2686,0.2146,0.3268,0.6379,0.2842,0.1892,0.4438,0.2151,0.4278
0.0,0.0,0.0,0.0,0.0,0.0,0.0,0.0,25.0,25.0,25.0,25.0,0.0,0.0,0.0,BCC,3,-6.2635,11.5256,5.4826,0.0343,5.25,52.75,0.1222,2979.5,12.6975,138.55,1.7725,127.1595,1.75,7.47,4.35,72.425,9.0675,2.6425,6.65,157.75,207.5,207.275,79.275,0.3417,0.3575,0.375,20.75,0.0476,513.0,5.3475,4.4,0.2937,55.2355,0.375,1.08,0.1,8.3875,2.1563,0.5388,1.15,76.125,101.75,50.2125,38.8625,0.0312,0.0775,0.0825,0.4115,0.4783,0.191,0.4334,0.1933,0.4498,0.2474,0.1786,0.027,0.1426,0.2786,0.2406,0.2099,0.5744,0.5838,0.2858,0.5803,0.1144,0.2743
0.0,12.5,12.5,0.0,50.0,0.0,0.0,0.0,0.0,0.0,0.0,0.0,25.0,0.0,0.0,IM,3,-1.0344,10.085,17.3421,0.0362,7.625,25.625,0.2968,1778.75,7.8113,127.0613,1.745,55.5231,1.875,3.9312,4.4625,53.6625,8.1475,2.1888,13.825,242.875,216.0,159.2125,79.6125,0.2819,0.5175,0.7188,0.7188,0.0201,132.5625,0.3259,3.9694,0.1188,1.1743,0.2188,0.5056,0.1812,7.8312,0.8206,0.1728,3.9375,131.0938,15.75,17.6062,10.6094,0.0389,0.1069,0.1124,0.0334,0.0805,0.1089,0.0589,0.0732,0.0319,0.1764,0.1497,0.0592,0.1736,0.1133,0.1274,0.3604,0.6349,0.113,0.1462,0.2339,0.1947,0.2818
25.0,0.0,0.0,0.0,0.0,0.0,12.5,25.0,0.0,0.0,12.5,0.0,0.0,0.0,25.0,IM,3,-21.5599,12.9664,1.2171,0.0543,4.125,33.125,0.1546,2023.75,6.7912,147.3,1.5775,76.1308,2.125,5.4875,4.2713,48.0125,4.9138,1.6775,11.35,97.5,127.875,133.9875,42.125,0.3696,0.2888,0.6875,15.625,0.0517,586.75,3.3319,6.475,0.1619,38.7063,0.4375,1.3675,0.1159,11.4188,2.0488,0.4713,6.125,60.0,64.8125,47.0813,27.1375,0.0424,0.1038,0.2247,0.5669,0.3731,0.3819,0.6455,0.1541,0.6276,0.2821,0.2836,0.0382,0.2878,0.5121,0.3615,0.6437,0.7207,0.6658,0.4415,0.8154,0.1197,0.3776
20.0,20.0,0.0,0.0,0.0,0.0,0.0,20.0,0.0,20.0,0.0,0.0,0.0,0.0,20.0,IM,1,-29.3176,13.381,0.869,0.078,5.0,28.6,0.1936,1904.0,6.226,143.514,1.592,63.5824,2.0,5.29,4.392,50.42,5.17,1.704,12.14,111.6,113.6,136.08,30.72,0.391,0.236,1.6,9.52,0.0708,442.8,2.1008,7.7488,0.1256,22.7861,0.4,1.296,0.2432,12.024,1.844,0.4088,5.248,71.92,39.12,40.176,8.024,0.0224,0.0552,0.4195,0.3744,0.4318,0.3088,0.3792,0.1105,0.3999,0.3162,0.277,0.0728,0.2551,0.4209,0.2836,0.5229,0.7439,0.4516,0.3217,0.2847,0.0739,0.2991
4.7619,19.0476,19.0476,0.0,19.0476,19.0476,0.0,0.0,0.0,0.0,0.0,0.0,19.0476,0.0,0.0,FCC,1,-6.4316,14.3353,3.9225,0.0419,7.7619,25.3809,0.3021,1759.8554,7.8028,127.5261,1.7586,54.6953,1.8571,3.9957,4.6324,54.9952,7.5614,2.259,13.8476,202.2379,212.2855,162.6141,77.1237,0.292,0.4919,1.415,1.8503,0.035,182.6395,0.8463,4.337,0.1312,3.6677,0.3265,0.4675,0.3372,8.5769,1.0155,0.3664,3.9202,132.7708,25.4148,23.9075,18.5542,0.0518,0.1395,0.2246,0.1219,0.1332,0.1586,0.1706,0.0791,0.1222,0.2512,0.1421,0.0817,0.1934,0.2012,0.196,0.384,0.7905,0.2043,0.1915,0.3288,0.2258,0.3569
30.29385035,0.0,23.23538322,0.0,23.23538322,23.23538322,0.0,0.0,0.0,0.0,0.0,0.0,0.0,0.0,0.0,IM,3,-13.4282,11.466,1.376,0.0658,6.4853,22.0618,0.2825,1611.4732,6.3898,130.1837,1.7424,46.8687,2.0706,4.0057,4.5844,51.7074,6.2884,2.107,14.422,75.412,181.5298,142.5932,73.719,0.2886,0.4978,2.3372,5.4903,0.0464,411.0713,2.2356,7.8681,0.1186,12.0489,0.5631,0.3731,0.2628,10.9103,2.7255,0.6222,5.5607,41.4408,67.5734,38.3479,26.973,0.0365,0.1033,0.412,0.2777,0.1769,0.2956,0.3917,0.0708,0.284,0.3517,0.1054,0.0709,0.2396,0.4807,0.3409,0.4553,0.6594,0.4357,0.299,0.4336,0.1615,0.2617
0.0,24.99375156,16.67083229,0.0,16.67083229,24.99375156,0.0,16.67083229,0.0,0.0,0.0,0.0,0.0,0.0,0.0,IM,2,-14.4701,13.2117,1.7007,0.0623,7.7496,25.7496,0.2958,1862.6953,7.6989,128.2867,1.7858,55.357,1.8333,4.4125,4.7591,58.4819,7.5683,2.2542,11.4745,129.4926,203.2497,169.6194,67.4514,0.3282,0.3975,1.8335,1.8335,0.0533,131.9027,1.2362,5.9559,0.1239,3.6179,0.2778,0.1596,0.3158,5.9894,0.9338,0.3815,2.1835,68.5758,30.7149,22.325,28.2431,0.0643,0.1646,0.2744,0.0826,0.2092,0.0849,0.2032,0.0774,0.075,0.2033,0.0514,0.0683,0.1257,0.1573,0.1893,0.2324,0.5975,0.2332,0.1645,0.4622,0.2197,0.4753
9.0909,18.1818,18.1818,0.0,18.1818,18.1818,0.0,18.1818,0.0,0.0,0.0,0.0,0.0,0.0,0.0,IM,1,-18.2472,14.6974,1.449,0.0703,7.0,24.2727,0.281,1798.9982,7.0309,130.2644,1.75,52.1499,1.9091,4.3191,4.6582,55.1545,7.0427,2.1436,12.2,113.7272,190.9089,157.3544,64.9999,0.3242,0.4082,2.1818,2.9752,0.0564,194.5454,1.7078,8.1229,0.1345,6.1895,0.3306,0.2628,0.3031,8.0132,1.6142,0.4469,3.0545,63.8346,49.2232,29.2662,30.6182,0.0613,0.1583,0.3446,0.1695,0.2215,0.1752,0.293,0.0811,0.171,0.2694,0.0873,0.0702,0.1788,0.294,0.2523,0.3647,0.6645,0.3275,0.2326,0.5098,0.2197,0.459
0.0,20.0,20.0,15.0,20.0,20.0,5.0,0.0,0.0,0.0,0.0,0.0,0.0,0.0,0.0,IM,1,1.856,14.316,14.2381,0.0213,8.55,27.45,0.3137,1845.9,8.4165,125.727,1.849,59.4228,1.6,4.3065,4.7575,59.115,7.5835,2.359,11.78,130.6,215.75,175.885,77.2,0.3086,0.4465,1.495,2.14,0.0449,238.65,0.7052,1.6752,0.0832,4.8897,0.48,0.3382,0.254,5.3165,1.1984,0.3669,2.9,66.66,36.625,21.7635,23.69,0.0498,0.1305,0.2042,0.1356,0.1853,0.1856,0.0957,0.0626,0.1533,0.3062,0.1522,0.0564,0.1078,0.2128,0.1663,0.3104,0.5796,0.2367,0.1622,0.3669,0.2073,0.3829
30.76923077,15.38461538,15.38461538,0.0,15.38461538,15.38461538,7.692307692,0.0,0.0,0.0,0.0,0.0,0.0,0.0,0.0,IM,3,-13.364,14.2324,1.7697,0.0648,6.4615,23.3846,0.274,1661.6923,6.6669,131.26,1.7815,50.3702,2.0769,4.2154,4.6169,53.0308,6.2731,2.04,14.5923,108.1538,185.1538,154.0,67.6692,0.3123,0.4362,2.3432,6.3905,0.0542,448.426,2.4412,8.0985,0.143,14.3927,0.568,0.5434,0.2819,11.8959,2.7588,0.6185,5.5432,76.1893,70.8639,45.9692,32.0639,0.0431,0.1134,0.41,0.348,0.2239,0.3445,0.4132,0.0918,0.3741,0.3514,0.205,0.0703,0.2547,0.4847,0.351,0.456,0.8085,0.4599,0.3647,0.5151,0.1814,0.3468
21.2766,0.0,21.2766,0.0,21.2766,21.2766,0.0,10.6383,4.2553,0.0,0.0,0.0,0.0,0.0,0.0,BCC,1,-16.8164,14.0487,1.4862,0.0698,6.4255,24.8511,0.2665,1779.0422,6.9813,131.3202,1.7557,54.0888,2.0,4.3436,4.5755,53.6681,6.7683,2.1923,12.9574,87.6595,191.5319,150.8702,74.7766,0.2977,0.4749,2.191,6.0118,0.0561,381.7381,2.3497,8.6556,0.1487,13.7492,0.4255,0.5365,0.2445,10.5115,2.4457,0.5961,4.6745,46.4463,67.7863,37.8959,30.3468,0.042,0.1137,0.3942,0.4694,0.2563,0.3308,0.4983,0.1038,0.5494,0.3262,0.2436,0.0683,0.2511,0.4454,0.3324,0.4756,0.7433,0.4528,0.3362,0.4953,0.1908,0.3221
0.0,0.0,0.0,0.0,0.0,0.0,0.0,33.33333333,0.0,0.0,33.33333333,0.0,0.0,0.0,33.33333333,IM,3,1.6542,9.1338,13.5444,0.0501,4.3333,45.0,0.1168,2453.0,9.23,149.8,1.4567,106.6803,2.0,6.4,4.21,53.0667,5.7967,1.7567,7.5,103.3333,123.3333,139.9333,37.3333,0.3877,0.2433,0.4444,18.6667,0.0434,558.0,4.9667,6.9667,0.0844,49.5131,0.0,1.1333,0.1067,12.4222,1.6156,0.3356,1.8,31.1111,41.7778,34.2444,21.1778,0.0324,0.0778,0.1088,0.4693,0.4089,0.2433,0.5776,0.0625,0.5195,0.0,0.208,0.028,0.2484,0.3093,0.2121,0.2574,0.3563,0.3929,0.2597,0.603,0.0897,0.3427
3.6363636,27.2727273,18.1818182,0.0,18.1818182,27.2727273,0.0,5.4545455,0.0,0.0,0.0,0.0,0.0,0.0,0.0,IM,3,-9.4033,13.3673,2.5857,0.0462,8.0545,25.7636,0.308,1818.8909,7.9245,126.5535,1.8107,55.2794,1.8545,4.3196,4.7964,59.4,7.6558,2.2896,12.0782,134.1818,209.5091,173.1782,71.6782,0.3186,0.4216,1.5769,1.9802,0.0406,144.6334,1.0369,3.3463,0.0989,4.0606,0.3107,0.1619,0.304,5.4545,0.9071,0.384,2.4436,70.562,25.8116,20.4783,25.4278,0.0579,0.1488,0.2442,0.1168,0.1633,0.1301,0.1882,0.0645,0.1158,0.2393,0.0572,0.0656,0.1242,0.1873,0.1951,0.2931,0.5949,0.2181,0.1598,0.4061,0.2178,0.4336
0.0,0.0,25.0,0.0,25.0,0.0,0.0,0.0,0.0,0.0,0.0,25.0,25.0,0.0,0.0,BCC,3,-2.1555,11.5256,10.2837,0.0354,6.5,24.5,0.2638,1923.25,7.165,128.9075,1.6675,53.4303,1.75,4.1525,4.35,53.275,7.9425,2.2875,12.0,220.25,204.0,151.775,80.975,0.274,0.54,1.0,1.0,0.0301,258.25,0.5225,4.3925,0.0813,1.9612,0.375,0.6425,0.15,7.6375,0.7925,0.2963,4.85,139.875,41.0,13.8875,17.025,0.049,0.135,0.172,0.0456,0.1276,0.1446,0.0909,0.0612,0.0378,0.2474,0.2043,0.0381,0.1716,0.1101,0.1528,0.4956,0.7406,0.2627,0.1082,0.2829,0.2018,0.2799
17.2413793,17.2413793,17.2413793,0.0,17.2413793,17.2413793,0.0,0.0,0.0,0.0,0.0,13.7931034,0.0,0.0,0.0,BCC,3,-13.8209,14.8707,1.886,0.0541,6.8966,23.5172,0.285,1752.8276,6.9683,128.8224,1.7576,50.5522,2.0,4.2841,4.6328,56.0828,6.9876,2.1341,12.9897,118.2414,184.7241,157.7379,67.0207,0.3155,0.4286,2.176,3.7693,0.0494,291.2604,1.7058,5.7137,0.1197,8.1276,0.3448,0.3732,0.305,8.1605,1.7923,0.4337,4.0452,63.698,55.2081,27.2235,26.9441,0.0491,0.129,0.3518,0.2158,0.1835,0.2377,0.3093,0.07,0.2207,0.2936,0.1268,0.0723,0.1921,0.3484,0.2697,0.427,0.6463,0.3634,0.2454,0.4424,0.1937,0.3805
14.2857,14.2857,14.2857,0.0,14.2857,0.0,14.2857,14.2857,0.0,0.0,0.0,14.2857,0.0,0.0,0.0,BCC+FCC,1,-14.2774,16.1784,2.2197,0.0632,5.8571,25.2857,0.2377,1958.8552,6.78,133.0442,1.7586,55.5021,1.8571,4.7343,4.5014,55.2428,7.0286,2.1171,11.2857,134.1427,191.7141,163.2713,66.0714,0.3287,0.3957,1.5918,5.4694,0.0508,394.9789,2.0057,7.5563,0.1698,12.6347,0.4898,0.7935,0.1706,9.4367,2.0106,0.4824,4.3837,67.8367,74.6122,40.4244,34.7102,0.0538,0.1408,0.3344,0.3176,0.2601,0.2788,0.3517,0.1131,0.3441,0.344,0.2147,0.0516,0.2084,0.3495,0.2913,0.5106,0.5994,0.4485,0.3357,0.5725,0.1962,0.4299
23.0769,15.3846,15.3846,0.0,15.3846,15.3846,0.0,15.3846,0.0,0.0,0.0,0.0,0.0,0.0,0.0,IM,1,-21.2654,14.7843,1.1581,0.0728,6.3846,22.5384,0.2732,1665.7676,6.3646,132.2499,1.7285,48.278,2.0769,4.1761,4.6,51.8538,6.2346,1.98,13.9538,98.5384,172.3075,145.346,59.4922,0.326,0.4023,2.4142,4.568,0.0549,338.2017,2.2651,9.3169,0.1337,9.9554,0.426,0.3863,0.2923,10.7337,2.3605,0.5292,4.4521,63.3608,64.5444,39.5432,30.9917,0.0535,0.1394,0.4146,0.2465,0.2197,0.2559,0.3859,0.081,0.2535,0.2963,0.1155,0.0718,0.23,0.431,0.3173,0.4159,0.7927,0.4189,0.302,0.5564,0.2014,0.4298
0.0,18.0327869,18.0327869,18.0327869,18.0327869,18.0327869,0.0,0.0,0.0,9.8360656,0.0,0.0,0.0,0.0,0.0,IM,3,-2.2101,14.7375,12.4396,0.0424,8.4262,28.1967,0.3055,1865.4918,8.3744,127.0348,1.8128,61.2554,1.541,4.4774,4.7148,58.9049,7.2949,2.3231,11.8623,117.5082,195.8852,169.8623,70.2049,0.3188,0.4203,1.7028,2.8084,0.0561,287.4308,0.6055,3.397,0.097,7.0525,0.4966,0.6084,0.2598,5.5955,1.2498,0.3316,2.9621,60.5843,41.641,16.5494,24.7357,0.0549,0.1439,0.2359,0.1608,0.2421,0.2054,0.0801,0.0619,0.1806,0.3234,0.2396,0.0612,0.112,0.2276,0.1554,0.3051,0.6074,0.2757,0.1187,0.3889,0.2056,0.4144
25.0,25.0,25.0,0.0,0.0,25.0,0.0,0.0,0.0,0.0,0.0,0.0,0.0,0.0,0.0,IM,3,-14.5619,11.5256,1.3077,0.0612,7.0,23.0,0.2928,1652.25,6.91,129.4425,1.765,49.151,2.0,4.08,4.7325,54.325,6.3875,2.1275,14.225,105.75,189.5,155.625,66.825,0.3138,0.435,2.5,5.0,0.0524,359.625,2.105,6.8637,0.13,11.0845,0.5,0.345,0.3425,10.3125,2.2987,0.6125,4.6875,73.625,59.75,38.1625,32.025,0.0568,0.15,0.3912,0.2591,0.1827,0.2732,0.3656,0.0746,0.2665,0.3536,0.1027,0.0751,0.2309,0.4223,0.3255,0.4352,0.8435,0.3982,0.2979,0.5105,0.2236,0.4315
0.0,0.0,0.0,0.0,0.0,0.0,14.27958834,14.27958834,0.0,14.27958834,0.0,42.88164666,0.0,0.0,14.27958834,BCC,3,-2.2293,12.2615,12.7789,0.0705,4.8572,30.5682,0.1713,2323.3684,6.8825,140.0478,1.6457,68.6743,1.7144,5.9169,4.3114,58.5013,6.9046,2.1143,7.6146,134.717,143.1364,162.5405,51.0566,0.3686,0.2914,0.4896,8.9377,0.0425,285.3814,1.4408,8.3269,0.1469,21.1501,0.4081,0.8252,0.0877,8.4257,1.3249,0.3517,1.3262,36.9653,53.0811,32.2487,20.7463,0.0309,0.0755,0.1315,0.2961,0.2685,0.1412,0.2555,0.1412,0.3121,0.2635,0.1552,0.0342,0.1675,0.2351,0.2304,0.2094,0.3764,0.5479,0.2882,0.6254,0.1013,0.3178
0.0,19.2308,38.4615,0.0,19.2308,19.2308,3.8462,0.0,0.0,0.0,0.0,0.0,0.0,0.0,0.0,IM,1,-4.3759,12.0052,5.4058,0.0179,7.7308,26.4231,0.2936,1970.4252,8.0877,125.1697,1.8023,57.0487,1.5769,4.3604,4.725,59.827,8.2815,2.5165,10.0616,133.4618,239.1925,177.3464,88.2385,0.2843,0.5142,1.4645,2.0266,0.0451,232.4121,0.7704,0.8532,0.1095,4.3496,0.4882,0.2312,0.2692,4.3003,0.5473,0.3473,3.3521,59.7634,37.5297,17.9764,22.929,0.0572,0.1583,0.2078,0.132,0.1777,0.138,0.1059,0.0707,0.1461,0.3133,0.1173,0.0595,0.0787,0.0733,0.1507,0.3438,0.5184,0.1642,0.1319,0.3139,0.249,0.3703
5.6497,5.6497,0.0,0.0,5.6497,5.6497,0.0,0.0,0.0,0.0,0.0,0.0,77.4011,0.0,0.0,BCC+FCC,1,-6.046,7.0477,1.7815,0.0338,7.113,24.661,0.2862,1528.264,7.3824,133.6993,1.6082,53.8476,2.0565,3.1923,4.2429,41.9096,6.5959,1.9738,20.3271,414.2936,192.2371,131.5648,73.6101,0.2612,0.5729,0.6397,1.3176,0.0158,81.6036,0.5291,3.0835,0.0901,3.0357,0.1066,0.4215,0.2213,6.9797,0.543,0.1037,2.4951,132.6751,13.8123,17.6163,8.7707,0.0328,0.0883,0.1823,0.1204,0.0883,0.1135,0.1665,0.0754,0.1242,0.1123,0.1703,0.074,0.2248,0.1983,0.1338,0.1659,0.3966,0.1568,0.1992,0.1909,0.1705,0.2061
20.0040008,16.66333267,16.66333267,0.0,16.66333267,16.66333267,0.0,13.34266853,0.0,0.0,0.0,0.0,0.0,0.0,0.0,IM,3,-19.5213,14.8412,1.2873,0.071,6.6327,23.0324,0.2784,1693.2022,6.6094,131.2434,1.7406,49.3545,2.0334,4.193,4.6249,53.0141,6.4898,2.0362,13.5971,103.9876,179.2837,149.6203,62.206,0.3228,0.4106,2.3668,4.2893,0.0543,304.1417,2.127,8.7495,0.1327,9.3478,0.3867,0.3523,0.3,10.0792,2.2165,0.517,4.0696,64.9953,60.6097,37.1321,30.8545,0.0548,0.1427,0.3922,0.2323,0.2128,0.2412,0.3608,0.0796,0.2384,0.2973,0.1082,0.0717,0.2186,0.3999,0.3028,0.411,0.756,0.3931,0.2853,0.5308,0.2065,0.4281
18.18429662,18.18429662,0.0,18.18429662,18.18429662,27.26281352,0.0,0.0,0.0,0.0,0.0,0.0,0.0,0.0,0.0,IM,3,-5.881,13.2542,3.4674,0.0544,8.3634,24.9087,0.3249,1538.5196,7.5862,128.5596,1.8336,53.3348,2.0,4.0381,4.7554,54.8077,6.078,2.0054,15.6094,102.8233,167.2683,156.3144,58.7603,0.3333,0.3773,2.0828,4.331,0.0404,285.8714,1.777,5.3136,0.0826,9.5841,0.3637,0.4351,0.3041,10.2615,2.308,0.3877,3.3027,71.7746,48.929,34.7788,21.596,0.0317,0.0807,0.3236,0.2287,0.1538,0.2111,0.3078,0.0594,0.2371,0.3015,0.113,0.0692,0.2129,0.4189,0.254,0.2603,0.8023,0.3236,0.265,0.3809,0.1178,0.2615
0.0,19.2308,19.2308,0.0,19.2308,19.2308,23.0769,0.0,0.0,0.0,0.0,0.0,0.0,0.0,0.0,IM,1,-4.4773,13.3573,6.2892,0.0384,7.7308,29.8846,0.273,2108.117,8.6723,127.3524,1.8985,65.5014,1.5769,4.8835,4.7442,62.7501,8.3873,2.5358,9.85,160.3847,248.8079,197.6732,90.0078,0.3013,0.4662,1.4645,5.5917,0.0689,391.2874,0.8749,4.1113,0.1251,14.0533,0.4882,0.8938,0.2544,4.6154,0.6287,0.3621,3.5962,67.7516,48.6243,31.8151,24.9704,0.0409,0.1086,0.2078,0.2263,0.2907,0.218,0.122,0.0877,0.2574,0.3133,0.2185,0.0566,0.0853,0.0832,0.1575,0.377,0.462,0.2087,0.1991,0.3283,0.2019,0.3471
0.0,16.6667,16.6667,0.0,16.6667,16.6667,0.0,16.6667,0.0,16.6667,0.0,0.0,0.0,0.0,0.0,BCC+FCC,1,-18.1667,14.8968,1.6643,0.0716,7.0,28.0001,0.2587,2029.6707,7.65,131.2953,1.7367,61.0401,1.6667,4.9383,4.63,58.9501,7.475,2.2883,10.4334,116.3336,186.667,166.467,64.0001,0.3342,0.3833,2.0,4.3334,0.0741,290.2242,1.2033,8.8201,0.1367,10.6221,0.4444,0.8772,0.2967,6.3833,0.975,0.365,2.5333,56.778,50.7778,19.2444,29.0667,0.0662,0.17,0.3086,0.2192,0.3247,0.175,0.2001,0.0823,0.2419,0.2828,0.2427,0.0705,0.132,0.1608,0.1811,0.2745,0.5834,0.3204,0.1564,0.4926,0.2171,0.496
8.4746,8.4746,0.0,0.0,8.4746,8.4746,0.0,0.0,0.0,0.0,0.0,0.0,66.1017,0.0,0.0,BCC+FCC,1,-8.3697,9.2311,1.6907,0.0407,7.1695,24.4915,0.2892,1532.8999,7.3387,133.0493,1.6373,53.3025,2.0847,3.3285,4.3144,43.8645,6.5739,1.9707,19.6407,371.4408,189.3561,135.3476,71.4153,0.2718,0.5444,0.9308,1.9477,0.0221,120.0528,0.7862,4.2944,0.12,4.4611,0.1551,0.54,0.2893,9.4758,0.8108,0.1545,3.3936,169.96,20.2297,24.5014,12.4119,0.042,0.1132,0.2211,0.148,0.1054,0.1385,0.2049,0.0854,0.1526,0.1336,0.187,0.0843,0.2515,0.2437,0.1641,0.2014,0.5036,0.1932,0.2322,0.235,0.189,0.2497
0.0,0.0,30.3030303,0.0,30.3030303,30.3030303,0.0,9.090909091,0.0,0.0,0.0,0.0,0.0,0.0,0.0,BCC+FCC,3,-9.4555,10.8364,2.1883,0.0492,7.6364,25.6364,0.2937,1909.4848,7.6758,126.5045,1.7764,54.8164,1.697,4.3258,4.6815,58.1394,7.9694,2.4703,10.4121,97.8788,219.6364,165.1727,86.7242,0.2805,0.5212,1.6529,1.6529,0.0469,169.6786,0.8718,3.5719,0.1135,2.9729,0.4224,0.1646,0.2839,4.5583,0.928,0.3269,2.5914,31.5886,35.978,12.5179,16.8338,0.0428,0.1205,0.2535,0.0755,0.1863,0.0982,0.1576,0.07,0.0623,0.2708,0.049,0.0668,0.1029,0.1373,0.1537,0.2799,0.3684,0.2128,0.1121,0.2851,0.1995,0.2921
20.0,10.0,20.0,0.0,20.0,20.0,10.0,0.0,0.0,0.0,0.0,0.0,0.0,0.0,0.0,IM,3,-11.021,14.5336,2.3695,0.0592,6.9,25.1,0.2767,1796.8,7.243,129.494,1.806,54.1915,1.9,4.363,4.646,55.83,7.009,2.241,12.87,112.3,205.8,164.38,78.09,0.2983,0.473,2.1,5.28,0.0558,378.8,1.8384,6.8236,0.1368,11.762,0.54,0.5276,0.2724,9.264,2.0876,0.547,4.65,66.76,56.64,36.064,27.094,0.0387,0.1056,0.3517,0.3093,0.2331,0.3051,0.3357,0.0915,0.3353,0.3684,0.2062,0.0677,0.2144,0.3828,0.2963,0.481,0.6949,0.3854,0.3143,0.4249,0.1837,0.3132
0.0,0.0,0.0,0.0,0.0,0.0,0.0,37.50937734,0.0,12.49062266,12.49062266,0.0,0.0,12.49062266,25.01875469,BCC,3,1.7411,12.4206,16.6067,0.0478,4.2498,41.4921,0.124,2327.9047,8.1305,150.3272,1.46,97.2786,1.8751,6.1446,4.1925,50.4325,5.5068,1.7698,7.7877,104.1257,106.614,131.7868,31.0678,0.396,0.2237,0.3748,15.4923,0.0434,390.2785,3.5344,6.8195,0.105,41.1898,0.2186,0.9712,0.1444,9.5016,1.0533,0.2999,1.8097,40.16,26.8728,25.1627,12.0071,0.0185,0.0447,0.1019,0.4719,0.3925,0.1959,0.5228,0.0765,0.5267,0.1763,0.1907,0.0375,0.2191,0.2471,0.2109,0.2465,0.4213,0.3376,0.2235,0.5081,0.061,0.2596
0.0,0.0,0.0,0.0,0.0,0.0,22.2222222,22.2222222,0.0,22.2222222,0.0,0.0,0.0,22.2222222,11.1111111,BCC,3,-1.5985,13.1453,20.3889,0.0586,4.6667,43.7778,0.1227,2479.3333,8.8544,147.3744,1.6144,102.4056,1.5556,6.4011,4.2567,55.2111,6.3644,2.1211,7.0667,137.3333,147.1111,161.6444,50.4889,0.3751,0.2767,0.7407,12.5432,0.0352,317.3333,2.5783,7.4726,0.2425,33.8153,0.4938,0.723,0.2044,11.9012,1.5338,0.5412,1.4963,59.8519,80.8395,50.9827,32.5383,0.0343,0.0859,0.175,0.3866,0.3575,0.1472,0.3502,0.1943,0.4357,0.3194,0.1466,0.0579,0.2178,0.2745,0.2731,0.2595,0.4757,0.6701,0.3698,0.7875,0.1134,0.3848
18.01763965,0.0,19.99160017,0.0,19.99160017,41.99916002,0.0,0.0,0.0,0.0,0.0,0.0,0.0,0.0,0.0,IM,3,-12.0407,10.9479,1.5382,0.056,7.5393,24.0979,0.3031,1691.7148,7.2413,127.9077,1.79,51.0712,1.9803,4.1509,4.7334,56.1039,6.8642,2.2981,13.4365,77.9819,194.5695,156.8651,79.388,0.2882,0.4976,2.2512,4.0383,0.0473,273.405,1.657,5.4998,0.1168,8.6806,0.3919,0.2945,0.35,8.5946,1.8285,0.4862,3.6624,33.6003,44.889,27.9508,18.0854,0.0313,0.0889,0.3452,0.2247,0.1725,0.2326,0.3078,0.0697,0.2264,0.3112,0.0912,0.0767,0.2002,0.3601,0.2669,0.4051,0.5517,0.3365,0.2403,0.335,0.1447,0.236
0.0,0.0,0.0,0.0,0.0,0.0,27.2727273,18.1818182,0.0,18.1818182,0.0,0.0,0.0,18.1818182,18.1818182,BCC,3,-2.4587,13.2541,13.3973,0.0633,4.7273,43.2727,0.1225,2485.2727,8.7664,147.5345,1.6382,100.8022,1.5455,6.4255,4.2691,55.4727,6.3991,2.1309,6.7727,146.9091,156.4545,166.5818,54.3364,0.372,0.2845,0.7934,10.4463,0.0327,327.8347,2.4397,8.3385,0.2846,28.2501,0.4959,0.6367,0.2139,12.1884,1.7336,0.5901,1.438,55.9339,94.1157,56.0165,37.8347,0.0404,0.1012,0.1824,0.3547,0.3325,0.1483,0.3332,0.2064,0.4019,0.3222,0.1337,0.0594,0.2216,0.3024,0.2941,0.2626,0.4409,0.6836,0.3839,0.7921,0.1255,0.4105
6.25,25.0,0.0,18.75,25.0,25.0,0.0,0.0,0.0,0.0,0.0,0.0,0.0,0.0,0.0,FCC,1,0.3194,12.6944,65.1686,0.0358,9.0,26.5,0.3351,1639.6875,8.2525,126.3631,1.8619,56.969,1.875,4.1437,4.8019,57.925,6.8631,2.11,14.3313,127.3125,183.75,168.425,61.9688,0.3356,0.3719,1.25,1.9375,0.0276,193.9688,0.8803,2.6397,0.0474,4.3104,0.3281,0.3394,0.2731,6.8625,1.7003,0.28,2.0469,74.1875,34.375,23.525,20.3813,0.0386,0.0981,0.2079,0.1374,0.1099,0.1488,0.1815,0.0386,0.143,0.2582,0.0957,0.0604,0.1521,0.3059,0.1778,0.2017,0.6552,0.2284,0.1859,0.3353,0.133,0.3017
0.0,26.455,26.455,0.0,13.2275,13.2275,2.6455,0.0,0.0,17.9894,0.0,0.0,0.0,0.0,0.0,IM,1,-12.412,13.6631,2.2939,0.055,7.4074,29.1217,0.268,2083.8868,8.2758,128.3499,1.7762,63.7484,1.5291,4.9417,4.6849,61.6655,7.9997,2.435,10.0592,139.6559,211.058,179.5078,73.4306,0.3193,0.4233,1.6853,4.955,0.0686,333.4799,0.6792,5.6534,0.1249,12.1943,0.4983,1.045,0.2897,4.4172,0.6151,0.3241,3.2971,67.4868,42.1882,16.4218,29.1087,0.0708,0.1841,0.2425,0.2154,0.3059,0.1875,0.0926,0.0769,0.2403,0.3264,0.2635,0.0659,0.0788,0.0871,0.1509,0.3364,0.5386,0.2855,0.1169,0.433,0.2458,0.4913
16.3934426,16.3934426,16.3934426,0.0,16.3934426,34.4262295,0.0,0.0,0.0,0.0,0.0,0.0,0.0,0.0,0.0,BCC+FCC,3,-11.1838,12.9105,1.9532,0.0537,7.7049,24.3934,0.3068,1691.9344,7.4297,127.6949,1.8018,51.9691,2.0,4.1777,4.7697,56.9852,6.9485,2.2213,13.6607,105.6557,194.918,162.6115,72.1836,0.3081,0.4467,2.1016,3.8646,0.0436,248.831,1.6293,5.0738,0.1094,8.1925,0.3279,0.2837,0.3374,8.351,1.6913,0.4767,3.3045,62.8487,40.9567,28.401,24.5138,0.0409,0.106,0.3234,0.2143,0.1617,0.2189,0.2946,0.0668,0.218,0.2863,0.0881,0.0731,0.1924,0.3402,0.265,0.3728,0.7232,0.3163,0.2404,0.3962,0.1866,0.3431
22.2222,0.0,22.2222,0.0,22.2222,22.2222,0.0,0.0,0.0,0.0,0.0,0.0,11.1111,0.0,0.0,BCC+FCC,1,-12.1998,13.1453,1.7746,0.0603,6.7778,23.0,0.2857,1646.9984,6.7589,129.8421,1.73,49.1077,2.0,3.9267,4.5511,51.3999,6.6311,2.1622,14.6111,126.6665,190.8887,144.7999,77.1999,0.28,0.5211,2.0247,4.4445,0.0415,345.778,1.804,7.0696,0.1244,9.8337,0.4444,0.4622,0.2662,10.8445,2.1516,0.5215,5.5704,93.3332,53.7284,33.7333,21.3334,0.04,0.1126,0.3599,0.2399,0.1641,0.2616,0.333,0.0761,0.2451,0.3333,0.1322,0.0761,0.2348,0.4066,0.3001,0.4404,1.1031,0.3736,0.2676,0.3739,0.1642,0.2467
19.0476,19.0476,19.0476,0.0,19.0476,19.0476,0.0,0.0,0.0,4.7619,0.0,0.0,0.0,0.0,0.0,IM,1,-13.692,14.3353,1.8163,0.0609,7.0952,24.4285,0.2875,1734.7602,7.1743,129.0694,1.7695,52.5096,1.9524,4.2843,4.6676,55.7714,6.8862,2.1543,13.4333,112.9523,189.5712,158.5617,68.3952,0.3129,0.4362,2.1769,4.517,0.0517,308.0092,1.7045,6.6887,0.1186,9.9205,0.4535,0.4125,0.3104,8.7782,1.9414,0.4871,4.0127,67.4648,53.6055,30.1951,28.1959,0.0513,0.1339,0.3477,0.2658,0.2082,0.2645,0.3149,0.0699,0.2819,0.3344,0.1924,0.0714,0.2039,0.3694,0.2828,0.421,0.7091,0.3642,0.2574,0.4522,0.2055,0.3919
0.0,0.0,0.0,0.0,0.0,0.0,18.1818182,18.1818182,0.0,27.2727273,0.0,0.0,0.0,18.1818182,18.1818182,BCC,3,-0.974,13.2541,33.6387,0.0594,4.6364,43.1818,0.1206,2472.0,8.6164,148.1382,1.5873,100.5255,1.5455,6.4936,4.2418,55.2182,6.2027,2.0855,6.9727,133.2727,136.0909,158.2182,46.8273,0.3804,0.2636,0.6942,10.4793,0.0311,318.1818,2.2826,7.8995,0.2152,28.3507,0.4959,0.7058,0.194,11.9107,1.5193,0.5405,1.3521,55.7025,70.1488,46.8926,27.9537,0.03,0.075,0.1664,0.3557,0.3335,0.144,0.3347,0.186,0.4034,0.3222,0.141,0.0546,0.2176,0.2812,0.2781,0.2439,0.4619,0.6798,0.3543,0.7918,0.1065,0.3842
17.98975672,30.02560819,9.987195903,0.0,9.987195903,32.01024328,0.0,0.0,0.0,0.0,0.0,0.0,0.0,0.0,0.0,BCC+FCC,3,-11.6418,12.4266,1.7617,0.0553,7.8412,24.402,0.3116,1650.4232,7.4972,128.0706,1.8141,52.1071,2.08,4.1862,4.8186,57.363,6.7567,2.1174,14.4442,123.4392,188.3041,165.7501,63.5908,0.3293,0.3915,2.1096,4.1827,0.0422,258.1254,1.7874,5.4327,0.1042,9.0621,0.331,0.3037,0.3211,9.0258,1.787,0.4738,3.2942,83.1082,42.5652,32.3927,26.3,0.0479,0.1227,0.3239,0.2238,0.1559,0.2178,0.3084,0.0655,0.2294,0.2514,0.0921,0.0711,0.2009,0.3528,0.2734,0.3328,0.7438,0.317,0.2562,0.4415,0.1799,0.3952
0.0,0.0,0.0,0.0,0.0,0.0,0.0,30.0,0.0,30.0,10.0,0.0,0.0,0.0,30.0,BCC,3,2.4444,10.9231,10.6116,0.0498,4.4,38.2,0.128,2374.7,7.545,149.09,1.491,87.6941,1.7,6.411,4.229,53.58,5.676,1.873,7.64,97.0,105.3,139.58,32.11,0.3981,0.219,0.48,9.72,0.0323,408.24,2.448,6.696,0.0966,23.8963,0.42,1.0332,0.1074,11.796,1.3092,0.4416,1.536,32.4,22.56,30.396,12.792,0.0167,0.0408,0.1113,0.3731,0.2994,0.1887,0.4547,0.0737,0.4201,0.2696,0.1863,0.0282,0.226,0.258,0.2491,0.2322,0.3775,0.3154,0.2253,0.4736,0.0565,0.248
21.7391304,0.0,21.7391304,21.7391304,21.7391304,13.0434783,0.0,0.0,0.0,0.0,0.0,0.0,0.0,0.0,0.0,IM,3,-3.4583,13.2417,6.092,0.0575,7.3913,23.6522,0.3004,1591.0435,6.9687,129.2943,1.7709,50.7793,1.7826,3.8965,4.5696,50.8609,6.0078,2.0913,14.4087,74.7826,176.087,142.0826,70.0913,0.2966,0.4761,2.5142,4.6314,0.0522,387.4291,1.856,6.0329,0.1181,10.3467,0.6805,0.397,0.1864,8.8355,2.6981,0.5142,4.9924,39.3195,66.1626,29.2023,27.6881,0.0405,0.1121,0.3924,0.2486,0.1938,0.2771,0.3362,0.0696,0.2587,0.4363,0.1062,0.0561,0.2056,0.4758,0.3022,0.4152,0.6277,0.4231,0.2528,0.4411,0.1691,0.2936
16.67083229,16.67083229,16.67083229,0.0,24.99375156,16.67083229,8.32291927,0.0,0.0,0.0,0.0,0.0,0.0,0.0,0.0,IM,3,-9.8469,14.5339,2.6501,0.0562,7.1667,25.3312,0.284,1795.4439,7.4288,128.6796,1.8141,54.7191,1.9168,4.358,4.6634,56.7231,7.2346,2.2116,12.8594,127.151,206.4841,167.4963,75.2265,0.3065,0.4517,1.9725,4.5552,0.0526,319.1903,1.6563,6.0932,0.1194,10.156,0.4583,0.4478,0.2745,8.3175,1.8153,0.4803,4.0416,70.5019,47.668,32.5369,26.9577,0.0427,0.1117,0.3214,0.2806,0.2158,0.2787,0.3052,0.0839,0.3041,0.3339,0.1885,0.0659,0.1967,0.3468,0.2765,0.4406,0.64,0.3507,0.2875,0.4263,0.19,0.3435
0.0,8.681462141,0.0,8.681462141,8.681462141,8.681462141,0.0,0.0,0.0,65.27415144,0.0,0.0,0.0,0.0,0.0,IM,4,-13.3723,9.371,1.6634,0.0612,6.5627,36.312,0.1992,2373.6586,8.6017,136.8238,1.6972,81.2201,1.2604,6.3824,4.4823,64.283,7.0074,2.3697,9.5919,97.1893,133.6488,172.6788,48.7397,0.3713,0.2851,2.04,6.1201,0.1008,491.3073,0.1536,7.9323,0.1269,15.2557,0.3852,1.5504,0.238,3.9499,0.5187,0.1839,2.992,36.2228,38.0341,7.1114,11.6715,0.0302,0.0737,0.3415,0.1779,0.5372,0.2219,0.0305,0.0793,0.1983,0.3482,0.2576,0.0655,0.0883,0.1524,0.093,0.3453,0.547,0.3288,0.0786,0.3182,0.0989,0.318
16.6667,0.0,16.6667,0.0,33.3333,33.3333,0.0,0.0,0.0,0.0,0.0,0.0,0.0,0.0,0.0,BCC+FCC,1,-10.395,11.0548,1.8063,0.0547,7.5,24.1667,0.3017,1698.4999,7.245,127.5833,1.7917,51.3423,2.0,4.155,4.68,56.0167,7.105,2.2533,13.3333,89.1666,195.1666,156.7666,78.85,0.289,0.495,2.0,3.7778,0.0409,255.1671,1.5333,5.1956,0.1044,8.1201,0.3333,0.2733,0.3133,7.8445,1.7717,0.44,3.4222,40.8333,41.7223,25.8223,16.55,0.0263,0.075,0.3243,0.2142,0.1596,0.2209,0.2929,0.065,0.2167,0.2887,0.0869,0.0729,0.1899,0.348,0.2575,0.3885,0.5431,0.3189,0.2288,0.3187,0.1333,0.2188
8.7108,0.0,8.7108,0.0,8.7108,0.0,8.7108,0.0,0.0,0.0,0.0,65.1568,0.0,0.0,0.0,BCC,1,-6.4121,9.3906,3.0807,0.0358,5.2613,24.1324,0.2228,2103.5575,6.4266,131.7794,1.6945,53.2944,1.9129,5.0792,4.3592,59.0564,7.4675,2.1692,9.476,134.1185,160.8397,160.7498,62.9052,0.3307,0.3871,0.7345,3.4382,0.0209,254.898,1.0488,2.765,0.1047,7.8757,0.3181,0.6041,0.091,5.2211,0.9891,0.267,2.8655,28.4385,58.6203,19.1987,22.8196,0.0338,0.0904,0.2115,0.2612,0.1602,0.2051,0.2588,0.0913,0.2803,0.2633,0.1631,0.0244,0.1439,0.2457,0.2097,0.4876,0.3544,0.4535,0.2438,0.4477,0.1327,0.3071
0.0,17.99669785,12.49312053,0.0,55.03577325,6.989543203,7.484865162,0.0,0.0,0.0,0.0,0.0,0.0,0.0,0.0,IM,4,-2.1764,10.6183,9.3906,0.025,7.9202,27.2675,0.2962,1924.7705,8.2145,125.3366,1.8481,59.1207,1.8002,4.4786,4.6429,60.4057,8.5595,2.3153,11.0637,161.0875,227.1987,180.2842,81.5035,0.3023,0.4623,0.7672,2.3078,0.0345,209.1627,0.6241,1.6352,0.0669,5.5132,0.3197,0.3505,0.1994,3.2782,0.4262,0.2804,2.108,43.3984,28.1826,20.1955,14.7984,0.0372,0.0961,0.1413,0.1578,0.1723,0.1584,0.0944,0.0601,0.1804,0.2221,0.15,0.0504,0.066,0.0614,0.145,0.2494,0.3523,0.1627,0.1531,0.2938,0.1826,0.3144
0.0,0.0,22.2222,11.1111,22.2222,22.2222,0.0,0.0,0.0,0.0,0.0,0.0,22.2222,0.0,0.0,FCC,1,0.1946,13.1453,118.8435,0.0337,8.1111,26.1111,0.3077,1759.3316,7.9822,127.2265,1.7556,56.2766,1.6667,3.8856,4.5722,53.4333,7.4178,2.3556,13.6333,184.4443,211.7776,156.2554,84.6332,0.2704,0.5467,1.4815,1.4815,0.0379,209.9255,0.6252,3.5822,0.1338,2.6893,0.4444,0.517,0.2741,8.1333,1.1709,0.3417,4.2667,140.2467,29.8764,18.4593,13.274,0.0404,0.1141,0.2131,0.0662,0.1462,0.1513,0.088,0.0811,0.0607,0.2828,0.1496,0.0779,0.1809,0.1999,0.1552,0.392,0.932,0.2015,0.1388,0.2259,0.1648,0.2296
15.0,0.0,0.0,0.0,30.0,20.0,0.0,0.0,0.0,0.0,0.0,0.0,35.0,0.0,0.0,IM,3,-10.6507,11.0999,1.6263,0.0541,7.3,24.1,0.2964,1560.5,7.1655,130.8795,1.715,51.7677,2.15,3.7025,4.457,48.985,6.6995,2.029,17.335,235.25,183.1,142.165,72.77,0.2822,0.513,1.5,3.33,0.0311,217.3,1.3397,6.5715,0.147,7.4357,0.255,0.6415,0.303,12.275,1.5145,0.319,4.935,185.325,33.93,31.575,13.071,0.0295,0.0819,0.2877,0.1985,0.1313,0.1858,0.2715,0.088,0.2028,0.1661,0.1787,0.0857,0.2562,0.336,0.2248,0.2885,0.8479,0.2612,0.2481,0.253,0.1212,0.183
0.0,0.0,0.0,0.0,0.0,0.0,25.0,0.0,0.0,25.0,25.0,25.0,0.0,0.0,0.0,BCC,3,-3.0594,11.5256,10.4721,0.0347,5.25,44.75,0.1377,2779.75,10.4025,138.44,1.7225,105.187,1.5,6.95,4.3625,67.625,8.015,2.4575,6.8,137.75,187.0,196.6,70.95,0.3458,0.3475,0.375,14.125,0.0425,313.25,3.1387,4.51,0.2188,37.8815,0.5,0.885,0.1187,3.225,0.68,0.2725,1.0,47.75,71.0,34.2,26.375,0.0272,0.0675,0.0825,0.4017,0.3879,0.1429,0.3757,0.1493,0.4489,0.3333,0.1511,0.0318,0.0567,0.0989,0.1339,0.1721,0.4183,0.466,0.2101,0.4523,0.0958,0.2385
0.0,0.0,0.0,0.0,0.0,0.0,22.22222222,22.22222222,0.0,22.22222222,0.0,11.11111111,0.0,0.0,22.22222222,BCC,3,-2.4383,13.1453,12.9466,0.0655,4.7778,34.7778,0.1456,2401.4444,7.3067,144.7467,1.6544,78.5373,1.5556,6.2544,4.3178,56.7778,6.4844,2.1167,7.2333,131.2222,151.5556,165.5667,51.7,0.3756,0.2756,0.6914,8.2963,0.032,374.716,1.8652,7.5141,0.2247,19.7636,0.4938,0.836,0.1309,11.5802,1.6884,0.5452,1.5852,54.4198,78.8642,47.4963,32.0,0.0388,0.0963,0.1644,0.2539,0.2616,0.1615,0.284,0.175,0.2679,0.3194,0.1593,0.0426,0.2092,0.2928,0.2871,0.2605,0.48,0.6388,0.3516,0.7702,0.12,0.4081
0.0,16.6667,16.6667,0.0,16.6667,16.6667,0.0,16.6667,0.0,0.0,0.0,16.6667,0.0,0.0,0.0,IM,1,-15.0707,14.8968,1.9128,0.0611,7.0,25.0,0.2746,1935.1705,7.24,129.4119,1.7417,54.0461,1.8333,4.5617,4.63,58.0168,7.5833,2.2267,10.6,126.5003,190.5004,163.817,65.4668,0.3285,0.3967,2.0,2.0,0.0582,166.167,1.3033,6.309,0.1317,3.7777,0.2778,0.3456,0.2967,5.6778,0.8922,0.3422,2.3667,54.8334,45.6666,19.7167,27.6001,0.0605,0.1567,0.3086,0.0864,0.2296,0.0961,0.2149,0.0795,0.0758,0.2033,0.0886,0.0705,0.1213,0.1562,0.1836,0.2548,0.5234,0.2886,0.159,0.4677,0.2107,0.4595
0.0,33.3333333,0.0,0.0,0.0,33.3333333,0.0,0.0,0.0,0.0,0.0,0.0,33.3333333,0.0,0.0,FCC,3,-5.9127,9.1338,2.5824,0.0374,8.6667,26.6667,0.3235,1671.6667,8.4067,128.23,1.78,57.5213,2.0,3.9167,4.75,55.6,7.26,2.1767,16.2667,272.6667,202.3333,169.3,67.2,0.3163,0.4267,1.1111,1.1111,0.029,101.7778,0.6244,4.5133,0.1533,1.7222,0.0,0.6644,0.4333,11.7333,0.4133,0.2822,3.6222,151.5556,4.4444,30.2,17.8667,0.0591,0.1511,0.1439,0.0468,0.0997,0.0653,0.0789,0.0916,0.0318,0.0,0.18,0.0976,0.2241,0.0697,0.1376,0.2365,0.6533,0.0236,0.1928,0.2838,0.2147,0.4133
6.850665352,13.7013307,13.7013307,13.7013307,13.7013307,13.7013307,0.0,0.0,0.0,0.0,0.0,24.64268112,0.0,0.0,0.0,BCC,3,-6.629,15.7176,4.3005,0.0391,7.4662,24.9182,0.2924,1813.7491,7.4148,128.0794,1.7698,54.0005,1.7945,4.3769,4.6138,57.2224,7.0291,2.1737,12.1295,119.0779,177.3248,160.2787,64.5673,0.3238,0.4056,2.2292,2.8299,0.057,282.3491,1.3457,3.8027,0.1208,5.7586,0.4354,0.4807,0.2627,6.4961,1.5424,0.3121,3.6025,55.9761,51.9831,19.1172,23.4288,0.0459,0.1214,0.3311,0.1559,0.2098,0.2025,0.2287,0.0701,0.1573,0.3054,0.1448,0.067,0.1466,0.289,0.2015,0.3768,0.5708,0.3324,0.1785,0.4063,0.1753,0.3744
0.0,0.0,0.0,0.0,0.0,0.0,0.0,38.0952381,0.0,14.28571429,0.0,19.04761905,0.0,9.523809524,19.04761905,BCC,3,-0.2257,12.4816,121.2267,0.0655,4.3333,33.0952,0.1524,2192.0952,6.6105,146.7048,1.5029,75.5856,1.8571,5.7443,4.2257,50.7429,5.7043,1.8095,8.2143,106.1905,103.9524,131.4,30.7762,0.3945,0.2276,0.4444,12.2993,0.0471,219.1927,1.8331,7.2639,0.1045,30.507,0.2449,0.8468,0.129,8.8381,1.1181,0.306,1.5456,42.6757,18.6395,21.6762,10.2349,0.0177,0.043,0.1088,0.4567,0.3397,0.1279,0.3867,0.0803,0.5135,0.1884,0.1662,0.0351,0.1877,0.2265,0.1988,0.2137,0.4139,0.2099,0.1787,0.3707,0.0537,0.2248
0.0,19.00057002,19.00057002,0.0,19.00057002,19.00057002,0.0,0.0,0.0,0.0,0.0,4.997149914,19.00057002,0.0,0.0,IM,2,-5.1946,14.3619,5.0327,0.0329,7.8501,25.8501,0.3012,1820.2791,7.9612,126.9867,1.7592,55.8242,1.81,4.0902,4.6325,56.3368,7.8405,2.3076,13.1071,208.072,214.8326,166.2963,78.0398,0.2931,0.4891,1.3109,1.3109,0.0359,172.9494,0.6945,3.5062,0.1301,2.2795,0.3078,0.4447,0.3363,7.5522,0.6948,0.3286,3.602,128.0091,24.3843,19.6508,17.1311,0.0529,0.1416,0.1943,0.059,0.1382,0.1235,0.1011,0.0785,0.0491,0.2167,0.1511,0.0815,0.17,0.1027,0.1552,0.379,0.7442,0.1655,0.1504,0.3056,0.2276,0.3629
0.0,15.3846,15.3846,0.0,15.3846,30.7692,0.0,0.0,0.0,0.0,0.0,7.6923,15.3846,0.0,0.0,FCC,1,-6.6612,14.2324,3.8872,0.0313,8.0769,26.0769,0.3068,1819.3059,8.04,126.786,1.7777,56.0875,1.8462,4.1885,4.7,57.8769,7.7446,2.3454,12.9615,183.6152,209.3844,168.7306,77.8076,0.2971,0.4769,1.4675,1.4675,0.0394,166.9338,0.7815,3.2679,0.129,2.4789,0.2604,0.4175,0.3692,7.0627,0.6511,0.3212,3.155,118.698,21.9171,19.0793,15.8036,0.0465,0.1259,0.2087,0.0646,0.1497,0.1192,0.1098,0.078,0.0509,0.1954,0.1457,0.0841,0.159,0.0974,0.1458,0.3519,0.8102,0.1724,0.1395,0.2855,0.2061,0.3422
20.0,0.0,0.0,0.0,0.0,0.0,0.0,30.0,0.0,30.0,10.0,0.0,0.0,0.0,10.0,BCC,3,-14.6804,12.5108,1.8201,0.0347,4.2,32.8,0.1542,2135.7,6.783,145.674,1.547,74.8457,1.9,5.839,4.275,51.66,5.246,1.815,11.2,70.0,105.7,132.92,34.03,0.3817,0.259,0.64,14.4,0.0473,599.44,3.0576,3.2008,0.057,35.3327,0.54,1.573,0.05,13.332,1.6532,0.488,4.96,28.0,22.24,35.724,11.256,0.0268,0.0646,0.1782,0.5284,0.3397,0.3463,0.5836,0.0524,0.5865,0.3684,0.2927,0.0185,0.2743,0.3988,0.2964,0.5699,0.5336,0.31,0.2939,0.4135,0.0799,0.2845
10.0,0.0,0.0,0.0,0.0,0.0,0.0,30.0,0.0,20.0,16.0,4.0,0.0,0.0,20.0,IM,3,-8.3018,13.778,3.759,0.0492,4.3,36.7,0.1417,2264.92,7.5516,146.936,1.5142,84.874,1.9,6.0664,4.249,52.666,5.5596,1.816,9.412,87.14,111.28,136.712,35.102,0.3855,0.2494,0.56,14.656,0.048,522.0576,3.3324,5.3256,0.0782,36.4971,0.36,1.3256,0.0796,12.6192,1.5995,0.4312,3.3104,33.568,28.08,33.6144,14.4624,0.0271,0.0652,0.1489,0.5063,0.3727,0.2889,0.5771,0.0659,0.5638,0.2834,0.2502,0.0242,0.2536,0.3464,0.262,0.5336,0.471,0.3438,0.267,0.4887,0.0807,0.3006
0.0,20.83333333,0.0,0.0,20.83333333,20.83333333,16.66666667,0.0,0.0,0.0,0.0,20.83333333,0.0,0.0,0.0,IM,3,-8.76,13.3508,3.1138,0.0361,7.6667,28.6667,0.277,2043.0833,8.3196,128.0037,1.8704,62.7444,1.8333,4.9742,4.7146,63.5625,8.1221,2.3383,10.6833,165.2083,210.6667,191.6042,73.7417,0.332,0.3825,1.6667,4.4444,0.0696,342.6042,1.0997,4.2505,0.117,11.0685,0.2778,0.7552,0.3003,2.8438,0.6526,0.3229,2.8542,58.1771,39.5833,27.7969,23.8264,0.0405,0.1021,0.2431,0.2164,0.278,0.2036,0.1606,0.0874,0.2413,0.2033,0.1823,0.0684,0.057,0.0875,0.1544,0.2973,0.4091,0.2919,0.1881,0.3829,0.1332,0.291
0.0,20.0,20.0,0.0,20.0,20.0,20.0,0.0,0.0,0.0,0.0,0.0,0.0,0.0,0.0,IM,1,-4.427,13.381,6.2767,0.0366,7.8,29.4,0.2782,2076.6,8.61,126.996,1.888,64.2834,1.6,4.806,4.75,62.46,8.356,2.518,10.04,157.6,245.6,194.98,88.66,0.3014,0.466,1.44,5.04,0.0654,369.12,0.86,3.7056,0.1176,12.6666,0.48,0.8056,0.26,4.568,0.6288,0.3624,3.512,67.12,46.72,29.856,24.352,0.0425,0.1128,0.2051,0.219,0.2748,0.212,0.1198,0.0854,0.2494,0.3062,0.2109,0.0573,0.0842,0.083,0.1577,0.3646,0.471,0.2051,0.1934,0.331,0.2058,0.3541
20.0,0.0,0.0,0.0,0.0,0.0,0.0,20.0,0.0,20.0,0.0,0.0,0.0,20.0,20.0,IM,3,-18.4619,13.381,1.487,0.0496,4.0,37.6,0.138,2051.6,7.114,150.044,1.476,87.4938,2.0,5.7,4.172,46.76,4.646,1.666,10.64,95.6,87.4,119.6,28.5,0.387,0.246,0.4,16.08,0.0546,491.68,3.0528,7.1648,0.1288,40.0554,0.4,1.264,0.1576,8.176,1.4248,0.3632,5.184,52.72,18.48,21.36,5.64,0.0212,0.0512,0.1581,0.5384,0.4468,0.3055,0.514,0.0908,0.5951,0.3162,0.2531,0.0404,0.236,0.3723,0.2819,0.6256,0.6092,0.2228,0.2521,0.256,0.0725,0.2776
0.0,21.0526,21.0526,0.0,21.0526,21.0526,0.0,10.5263,0.0,5.2632,0.0,0.0,0.0,0.0,0.0,IM,1,-12.7877,14.1674,2.133,0.0584,7.6316,26.5789,0.2883,1925.2616,7.8347,127.8988,1.7789,57.3951,1.7368,4.5321,4.7137,59.1999,7.7847,2.3263,10.9526,127.9998,206.9997,170.7577,71.8999,0.3178,0.4253,1.7285,2.2936,0.0561,197.3848,0.9735,5.4213,0.1192,4.932,0.3878,0.3867,0.3043,5.221,0.8403,0.3645,2.544,61.8946,32.8422,18.082,26.7368,0.0629,0.1618,0.2593,0.1461,0.2316,0.1331,0.1686,0.0733,0.1591,0.2535,0.1644,0.0674,0.1105,0.1386,0.1749,0.2667,0.5601,0.2428,0.1388,0.4255,0.23,0.4531
5.6604,18.8679,18.8679,0.0,37.7358,18.8679,0.0,0.0,0.0,0.0,0.0,0.0,0.0,0.0,0.0,FCC,1,-5.4942,12.2572,4.0316,0.0344,7.9057,25.4528,0.3066,1807.1489,7.8321,125.6208,1.81,54.605,1.8679,4.2466,4.7045,58.6999,7.924,2.2857,12.0717,134.4338,213.396,169.8847,77.332,0.3018,0.4643,1.2745,1.958,0.0299,143.6031,0.8233,1.9866,0.0792,4.1117,0.3275,0.1523,0.2796,4.3019,0.9616,0.3429,2.4208,56.4898,24.756,16.6529,19.3856,0.0436,0.1158,0.2229,0.1301,0.1282,0.1474,0.1797,0.0538,0.1317,0.2555,0.0562,0.063,0.1213,0.2046,0.1922,0.3198,0.5172,0.2104,0.1552,0.3328,0.202,0.3493
7.4074,0.0,18.5185,18.5185,18.5185,37.037,0.0,0.0,0.0,0.0,0.0,0.0,0.0,0.0,0.0,BCC+FCC,1,-1.7469,12.4506,12.1139,0.0385,8.5555,25.9629,0.3229,1699.665,7.9463,126.5328,1.8248,55.4751,1.7037,4.0937,4.7522,56.4592,6.8011,2.3356,13.1,78.8888,194.0739,160.0035,78.0333,0.2941,0.4811,1.9753,2.6475,0.0463,240.124,1.0819,2.934,0.0929,5.5098,0.5213,0.3278,0.2946,7.2305,1.7724,0.3975,3.037,30.4526,42.1125,20.4774,18.6173,0.0327,0.0918,0.2724,0.156,0.1603,0.1956,0.2057,0.0605,0.1595,0.3505,0.0962,0.0667,0.1601,0.3208,0.2071,0.3389,0.4889,0.2961,0.1769,0.3165,0.1512,0.2591
9.2593,9.2593,0.0,0.0,9.2593,9.2593,0.0,0.0,0.0,0.0,0.0,0.0,62.963,0.0,0.0,BCC+FCC,1,-8.9324,9.7489,1.6744,0.0424,7.1852,24.4445,0.2901,1534.1883,7.3265,132.8688,1.6454,53.1512,2.0926,3.3663,4.3343,44.4075,6.5678,1.9698,19.45,359.5374,188.5559,136.3985,70.8057,0.2747,0.5365,1.0082,2.1193,0.0237,130.4546,0.8567,4.5917,0.1266,4.8461,0.168,0.562,0.305,10.0515,0.8848,0.1684,3.6018,176.8796,21.9545,26.1864,13.3354,0.0437,0.1178,0.2305,0.1548,0.1094,0.1446,0.2144,0.0872,0.1597,0.1385,0.1894,0.0863,0.2562,0.2549,0.1716,0.2098,0.5318,0.2023,0.2394,0.246,0.1919,0.26
7.8125,7.8125,0.0,0.0,7.8125,7.8125,0.0,0.0,0.0,0.0,0.0,0.0,68.75,0.0,0.0,BCC+FCC,1,-7.8669,8.7653,1.7067,0.0393,7.1562,24.5312,0.2885,1531.8125,7.3489,133.2016,1.6305,53.4303,2.0781,3.2966,4.2977,43.4062,6.5791,1.9714,19.8016,381.4844,190.0312,134.4609,71.9297,0.2693,0.5511,0.8643,1.8018,0.0207,111.1816,0.7264,4.0304,0.1138,4.1325,0.144,0.5178,0.2745,8.9502,0.7483,0.1426,3.2039,162.959,18.7549,23.0027,11.603,0.0403,0.1085,0.2128,0.1419,0.1018,0.1331,0.1965,0.0836,0.1464,0.1291,0.1843,0.0824,0.2467,0.2338,0.1575,0.1938,0.4794,0.1853,0.2255,0.2253,0.1858,0.2405
6.5217391,21.7391304,21.7391304,6.5217391,21.7391304,21.7391304,0.0,0.0,0.0,0.0,0.0,0.0,0.0,0.0,0.0,FCC,3,-4.1737,13.9934,5.9579,0.0364,8.087,25.5652,0.3111,1777.0217,7.8939,126.0893,1.8115,54.9186,1.7826,4.19,4.7454,57.9826,7.468,2.2848,12.4326,125.5435,208.4783,168.4783,74.4674,0.3073,0.4507,1.6087,2.3195,0.0385,189.9811,0.9896,2.451,0.0922,4.9146,0.4423,0.2348,0.2866,5.8922,1.2808,0.3958,2.9849,66.0491,31.9849,20.4102,24.2599,0.0513,0.1342,0.2524,0.1431,0.1475,0.1725,0.1945,0.0588,0.1461,0.3075,0.0753,0.0634,0.1399,0.255,0.2093,0.3452,0.6119,0.2516,0.1745,0.3821,0.2147,0.3906
0.0,16.6667,16.6667,0.0,16.6667,33.3333,0.0,8.3333,0.0,0.0,0.0,8.3333,0.0,0.0,0.0,IM,1,-11.9371,13.9362,2.1943,0.0479,7.9167,25.9167,0.3008,1879.5,7.84,127.0308,1.7958,55.5941,1.8333,4.455,4.7692,60.05,7.7192,2.3475,11.275,120.5834,203.5001,171.7834,73.2334,0.3157,0.4283,1.7778,1.7778,0.0507,161.0,1.06,3.948,0.1156,3.2626,0.2778,0.2083,0.3308,4.8417,0.7308,0.3458,2.3667,57.3473,29.5,17.6167,23.1555,0.0516,0.1322,0.2602,0.0795,0.1947,0.0974,0.1709,0.0716,0.0673,0.2033,0.0713,0.0714,0.101,0.1256,0.1627,0.2445,0.562,0.2242,0.1288,0.3767,0.2044,0.3974
3.7037,3.7037,0.0,0.0,3.7037,3.7037,0.0,0.0,0.0,0.0,0.0,0.0,85.1852,0.0,0.0,BCC,1,-4.1741,5.1952,1.8981,0.0277,7.0741,24.7778,0.284,1525.0741,7.4126,134.1474,1.5881,54.2232,2.037,3.0985,4.1937,40.563,6.6111,1.9759,20.8,443.8149,194.2222,128.9593,75.1222,0.2539,0.5926,0.428,0.8724,0.0108,54.2057,0.3491,2.1209,0.065,2.0179,0.0713,0.3041,0.1596,4.8749,0.3571,0.0683,1.7407,95.7228,9.2016,12.1276,5.9737,0.0237,0.0637,0.1486,0.0972,0.0728,0.0922,0.1344,0.0643,0.1003,0.0927,0.148,0.0627,0.1936,0.1603,0.1082,0.1349,0.3135,0.1265,0.1669,0.1539,0.1474,0.1677
0.0,0.0,20.0,0.0,20.0,0.0,20.0,0.0,0.0,20.0,0.0,20.0,0.0,0.0,0.0,IM,3,-6.3109,13.381,5.0124,0.0535,6.0,31.2,0.208,2364.0,8.0,131.958,1.776,69.5278,1.4,5.616,4.44,62.46,8.262,2.526,7.74,138.2,210.4,184.22,82.14,0.3088,0.448,0.8,8.24,0.0604,367.2,1.124,6.0976,0.1752,19.9202,0.48,1.2632,0.112,4.912,0.7416,0.3232,1.848,42.56,75.12,32.312,29.568,0.0514,0.1344,0.1826,0.2715,0.3291,0.1697,0.1724,0.1171,0.2937,0.3499,0.2447,0.027,0.0885,0.0973,0.1401,0.2965,0.3868,0.407,0.2214,0.4037,0.1999,0.368
0.0,0.0,20.0,0.0,0.0,0.0,10.0,20.0,0.0,20.0,10.0,0.0,0.0,0.0,20.0,IM,3,-4.539,14.5336,7.7436,0.0803,4.9,36.9,0.1519,2418.4,8.047,142.768,1.592,84.4886,1.5,6.046,4.321,56.07,6.699,2.198,7.06,109.0,165.1,157.79,58.98,0.3485,0.349,0.72,11.12,0.0512,402.48,2.3764,8.4448,0.144,27.6457,0.5,1.2568,0.131,10.364,1.6912,0.5544,1.352,40.6,82.52,34.832,37.176,0.0674,0.1748,0.1695,0.3982,0.3908,0.1824,0.4144,0.1381,0.4501,0.3333,0.2338,0.0397,0.2031,0.2814,0.2767,0.2397,0.4614,0.5556,0.2882,0.6938,0.2236,0.5888
35.7143,14.2857,14.2857,0.0,14.2857,14.2857,0.0,7.1429,0.0,0.0,0.0,0.0,0.0,0.0,0.0,IM,1,-19.1702,13.8692,1.1152,0.071,6.0714,21.2143,0.2737,1541.4285,5.9743,132.8172,1.725,45.2651,2.2143,4.0157,4.5736,49.8071,5.6714,1.8757,15.6,89.3571,161.7142,138.0142,57.75,0.3217,0.4121,2.5102,5.8673,0.0506,434.5919,2.5494,9.2996,0.1271,13.0593,0.5612,0.4469,0.2865,12.3061,2.8355,0.602,5.7143,64.2653,72.0408,45.098,30.2714,0.046,0.121,0.4552,0.2977,0.2003,0.3074,0.4466,0.0771,0.3083,0.3043,0.1236,0.0725,0.2624,0.533,0.3628,0.4097,0.9003,0.4788,0.3472,0.5617,0.185,0.3828
4.7619048,23.8095238,23.8095238,0.0,23.8095238,23.8095238,0.0,0.0,0.0,0.0,0.0,0.0,0.0,0.0,0.0,IM,3,-5.9365,12.5685,3.8681,0.0315,8.0,25.619,0.3082,1827.0476,7.9429,125.5605,1.81,54.9675,1.8095,4.259,4.7633,59.2952,7.8495,2.3395,11.8619,133.5714,217.381,172.8,77.4857,0.3039,0.4605,1.4286,1.9728,0.0353,168.0726,0.8878,1.6771,0.0905,4.0803,0.3855,0.1585,0.2968,4.8617,0.8578,0.3814,2.7256,64.6939,29.3424,18.2381,22.2585,0.0513,0.1376,0.2282,0.1237,0.1381,0.1458,0.1717,0.0577,0.1242,0.276,0.0545,0.064,0.1177,0.1894,0.1928,0.3328,0.5653,0.2076,0.1499,0.3596,0.2239,0.3934
0.0,0.0,0.0,0.0,0.0,0.0,0.0,42.10526316,0.0,5.263157895,0.0,21.05263158,0.0,10.52631579,21.05263158,BCC,3,-1.0326,11.741,24.2571,0.0681,4.2632,32.2632,0.1556,2133.3684,6.4032,147.1053,1.4926,73.7624,1.9474,5.5521,4.2179,49.0105,5.5668,1.7389,8.3105,108.9474,103.8421,127.0211,29.6895,0.3949,0.2263,0.3878,12.5429,0.048,164.2548,1.7219,7.7756,0.109,31.4153,0.0997,0.6932,0.1376,7.2155,1.0332,0.2387,1.5911,44.2659,20.5319,17.5047,9.7108,0.019,0.0459,0.1033,0.4854,0.3434,0.1056,0.4064,0.082,0.5473,0.1147,0.1418,0.0365,0.1692,0.2305,0.1732,0.2189,0.4162,0.2208,0.159,0.3862,0.0563,0.237
0.0,20.0,20.0,20.0,20.0,0.0,0.0,0.0,0.0,0.0,0.0,0.0,20.0,0.0,0.0,BCC+FCC,3,4.172,13.381,5.5397,0.0314,8.2,26.2,0.3101,1727.2,8.064,127.386,1.764,57.0516,1.6,3.836,4.55,52.58,7.202,2.182,14.04,208.6,205.4,157.46,72.34,0.2982,0.476,1.44,1.44,0.037,230.96,0.6608,3.2112,0.1272,3.3503,0.48,0.5048,0.22,7.784,1.4976,0.2792,4.128,134.32,33.12,21.288,22.792,0.0618,0.1648,0.2098,0.0657,0.1432,0.1624,0.088,0.0773,0.0689,0.3062,0.1443,0.0637,0.1706,0.2455,0.1653,0.3664,0.7716,0.2304,0.165,0.3679,0.2368,0.3965
71.4286,7.1429,7.1429,0.0,7.1429,7.1429,0.0,0.0,0.0,0.0,0.0,0.0,0.0,0.0,0.0,BCC+FCC,1,-12.0346,8.267,0.8252,0.0606,4.5,16.7858,0.254,1201.2178,4.2729,137.8874,1.67,35.3777,2.6429,3.6507,4.425,41.3787,3.6079,1.4579,20.0786,50.5717,114.2147,107.3503,43.6859,0.3264,0.3971,2.1429,5.4082,0.0337,383.166,2.247,7.5469,0.0871,11.9939,0.5102,0.3725,0.2071,10.9695,2.597,0.5398,5.0306,50.8166,63.1636,40.0717,21.1634,0.025,0.0669,0.5556,0.3597,0.167,0.3621,0.5888,0.0647,0.3776,0.2309,0.1145,0.0627,0.2981,0.8021,0.4307,0.2887,1.3503,0.6297,0.4204,0.6153,0.1228,0.2708
0.0,34.60207612,19.23875433,0.0,23.07958478,23.07958478,0.0,0.0,0.0,0.0,0.0,0.0,0.0,0.0,0.0,FCC,4,-3.1602,11.3162,6.6173,0.003,8.4228,26.4228,0.3169,1847.9561,8.3172,124.7196,1.8331,56.8303,1.8076,4.3204,4.823,61.1569,8.1031,2.332,11.7609,154.4792,220.8516,180.7224,74.0197,0.3176,0.4247,1.1274,1.1274,0.03,127.7622,0.6355,0.3366,0.068,2.3149,0.3107,0.1034,0.2734,3.58,0.5436,0.3345,2.1397,68.1805,22.3741,14.7154,23.2662,0.0605,0.1555,0.1619,0.0516,0.1158,0.089,0.0819,0.0485,0.0467,0.2181,0.0281,0.0585,0.0633,0.0742,0.1547,0.2395,0.5019,0.1298,0.0892,0.3672,0.2246,0.4429
20.0,16.0,16.0,0.0,16.0,16.0,0.0,0.0,0.0,0.0,0.0,0.0,16.0,0.0,0.0,BCC,3,-12.2715,14.8652,1.9716,0.058,7.0,23.4,0.2907,1627.56,6.9864,130.0292,1.7348,50.2612,2.04,3.8988,4.576,51.588,6.638,2.0704,15.408,172.28,189.52,149.284,69.456,0.299,0.4724,1.92,4.16,0.0404,312.5632,1.7146,6.847,0.133,9.3117,0.384,0.5167,0.3194,11.5034,1.9392,0.4636,5.2902,130.7008,47.808,36.0845,25.4003,0.0503,0.1353,0.3381,0.2287,0.1555,0.2437,0.3197,0.0799,0.2361,0.2935,0.1452,0.0809,0.2421,0.3817,0.2863,0.3923,0.9391,0.3461,0.28,0.4195,0.2092,0.3535
0.0,0.0,0.0,0.0,0.0,0.0,0.0,33.3333333,0.0,33.3333333,0.0,0.0,0.0,33.3333333,0.0,BCC,3,2.61,9.1338,8.3954,0.0428,4.3333,45.0,0.1198,2399.0,8.7867,148.9333,1.48,106.421,1.6667,6.2867,4.1767,52.2667,5.8333,1.96,7.9333,104.3333,99.6667,135.3667,31.2333,0.3937,0.23,0.4444,18.0,0.0428,305.3333,2.9956,5.8778,0.12,48.046,0.4444,0.9578,0.1844,9.9556,0.7844,0.3467,1.5111,45.7778,14.4444,25.0889,6.5778,0.0082,0.02,0.1088,0.4579,0.4303,0.1412,0.4083,0.0876,0.5091,0.2828,0.1775,0.0469,0.2022,0.1426,0.1893,0.2085,0.4719,0.1602,0.1966,0.2367,0.0228,0.0939
16.6667,16.6667,16.6667,0.0,16.6667,16.6667,16.6667,0.0,0.0,0.0,0.0,0.0,0.0,0.0,0.0,IM,1,-10.0168,14.8968,2.8048,0.0568,7.0,26.6667,0.2703,1886.0038,7.625,129.6919,1.8417,58.0666,1.8333,4.57,4.6717,57.6668,7.2617,2.2783,12.3,133.8336,216.3338,175.7004,78.7502,0.3072,0.45,2.0,5.6667,0.0624,434.6688,1.7867,6.6823,0.1417,13.1255,0.5556,0.75,0.2689,8.9444,1.8244,0.5417,4.6,77.1668,58.4447,40.6001,29.3,0.0422,0.11,0.3299,0.318,0.2664,0.3106,0.3141,0.0977,0.3476,0.3748,0.2331,0.065,0.2036,0.3481,0.284,0.4926,0.6434,0.3697,0.314,0.4415,0.1891,0.344
13.7931,17.2414,17.2414,17.2414,17.2414,17.2414,0.0,0.0,0.0,0.0,0.0,0.0,0.0,0.0,0.0,BCC+FCC,1,-3.7357,14.8707,6.5828,0.0491,8.0,24.8966,0.3124,1653.6915,7.5724,127.7684,1.8048,53.5515,1.7931,4.0366,4.6938,54.6483,6.5624,2.1369,13.9104,106.8967,187.0692,157.076,67.2863,0.3144,0.4303,2.069,3.591,0.0457,300.7724,1.476,4.2597,0.1037,7.8659,0.547,0.3668,0.2629,8.1748,2.1932,0.4308,3.635,65.2439,51.9738,28.1367,26.6695,0.0481,0.1272,0.32,0.2016,0.1689,0.2278,0.2714,0.0641,0.2092,0.3699,0.102,0.0635,0.1872,0.3816,0.2566,0.3621,0.7292,0.3431,0.2344,0.4349,0.1922,0.3762
0.0,0.0,28.57142857,0.0,28.57142857,28.57142857,0.0,14.28571429,0.0,0.0,0.0,0.0,0.0,0.0,0.0,BCC,3,-11.9371,11.2386,1.7994,0.0593,7.4286,25.4286,0.2873,1911.2857,7.4943,127.6271,1.7629,54.4193,1.7143,4.3557,4.6614,57.3429,7.8129,2.4229,10.4,95.7143,213.7143,162.3571,83.1,0.2877,0.5029,1.7959,1.7959,0.0515,162.0408,1.0294,5.2922,0.1224,3.2568,0.4082,0.1894,0.2792,5.2082,1.0539,0.3624,2.4571,31.0204,37.3061,15.0204,18.0,0.0444,0.1241,0.2774,0.081,0.2058,0.0954,0.185,0.0752,0.0678,0.2635,0.0549,0.0674,0.116,0.1585,0.1717,0.2721,0.3771,0.2403,0.1312,0.3389,0.2143,0.3293
0.0,0.0,29.4117647,0.0,29.4117647,0.0,0.0,0.0,5.8823529,0.0,5.8823529,29.4117647,0.0,0.0,0.0,BCC,3,-5.587,11.7487,4.6826,0.0416,6.2353,30.1176,0.2368,2226.7647,8.3553,128.4029,1.7329,68.1591,1.7059,5.0265,4.4294,60.9647,8.6618,2.4606,8.3824,136.1765,216.8824,171.4412,85.6235,0.2883,0.5012,1.0381,10.2076,0.0495,297.8201,2.2799,4.574,0.1309,26.879,0.4152,0.9841,0.0972,4.9585,0.6658,0.3949,2.0104,31.4187,59.3772,18.3668,25.3834,0.0468,0.1298,0.1947,0.5274,0.2907,0.2224,0.4348,0.106,0.6127,0.2671,0.2727,0.0232,0.1337,0.1473,0.1848,0.2906,0.3704,0.3494,0.2042,0.3583,0.1994,0.3152
0.0,26.6667,13.3333,0.0,6.6667,26.6667,0.0,13.3333,0.0,13.3333,0.0,0.0,0.0,0.0,0.0,BCC+FCC,1,-18.9492,14.0626,1.4613,0.0674,7.6,28.0,0.2785,1969.1328,7.9613,130.0533,1.7727,60.7925,1.7333,4.8427,4.7573,60.42,7.4087,2.292,11.1733,125.4667,189.8,173.2467,62.2467,0.3425,0.3607,2.08,3.4667,0.0751,264.4618,1.1396,7.7182,0.1381,8.5636,0.3911,0.7292,0.3388,6.0533,0.7666,0.3712,2.6187,71.2889,42.2932,19.9502,27.6764,0.0629,0.1607,0.2954,0.1956,0.3031,0.1724,0.1852,0.0821,0.2169,0.2551,0.2247,0.0735,0.122,0.1385,0.1771,0.2609,0.636,0.2838,0.1511,0.4806,0.2023,0.5016
23.80952381,19.04761905,19.04761905,0.0,19.04761905,19.04761905,0.0,0.0,0.0,0.0,0.0,0.0,0.0,0.0,0.0,BCC,2,-12.5614,13.3448,1.751,0.0611,7.0,23.0952,0.2927,1648.2381,6.8943,129.0824,1.77,49.3704,2.0476,4.0852,4.6667,54.1762,6.6376,2.0876,14.2095,109.8571,187.9048,154.1,67.8286,0.3103,0.4424,2.2857,4.8073,0.0457,340.5896,1.9973,6.7084,0.1181,10.6611,0.4535,0.3311,0.3111,9.7506,2.3084,0.5322,4.4717,69.8231,56.1451,35.619,28.8435,0.0483,0.1268,0.3689,0.2507,0.1676,0.2607,0.3519,0.0695,0.2583,0.3189,0.0991,0.0717,0.2213,0.4165,0.3092,0.4134,0.7512,0.3802,0.2855,0.4648,0.2004,0.3753
12.5,0.0,0.0,0.0,34.6153846,17.3076923,0.0,3.8461538,0.0,0.0,0.0,0.0,31.7307692,0.0,0.0,IM,3,-11.0743,11.8082,1.7052,0.0571,7.25,24.25,0.293,1599.2308,7.1507,130.8822,1.7163,52.1354,2.125,3.7868,4.4515,49.5567,6.8518,2.031,16.6144,226.0096,183.6923,143.3183,71.9077,0.2868,0.5013,1.4712,2.9856,0.0324,217.4734,1.3166,6.8596,0.1457,6.6167,0.2187,0.6493,0.2753,11.7103,1.5246,0.3002,4.9738,173.8785,33.6302,30.3733,14.416,0.0297,0.0816,0.2823,0.183,0.1447,0.1773,0.2616,0.0871,0.1864,0.1556,0.179,0.0806,0.2435,0.3174,0.2109,0.3058,0.8503,0.2531,0.2355,0.2727,0.1394,0.213
0.0,0.0,20.0,0.0,0.0,0.0,20.0,20.0,0.0,20.0,0.0,0.0,0.0,0.0,20.0,IM,3,-5.3231,13.381,5.9802,0.0818,5.0,33.8,0.1593,2379.0,7.402,142.094,1.658,75.9886,1.4,5.918,4.356,55.9,6.794,2.27,6.92,122.0,179.4,165.16,64.44,0.3444,0.36,0.8,8.64,0.0452,355.2,1.6024,9.2072,0.2016,20.8457,0.48,1.1544,0.1552,10.16,1.7672,0.612,1.464,54.4,99.68,43.072,43.728,0.0723,0.188,0.1789,0.2622,0.331,0.1572,0.2609,0.1656,0.2812,0.3499,0.2151,0.0433,0.1997,0.2916,0.2873,0.2584,0.5063,0.5807,0.3344,0.7032,0.2305,0.5798
22.2222222,0.0,0.0,0.0,0.0,0.0,0.0,22.2222222,0.0,22.2222222,0.0,22.2222222,0.0,0.0,11.1111111,IM,3,-16.559,13.1453,1.5649,0.056,4.2222,26.4444,0.1782,1971.3333,5.59,143.0989,1.5656,58.7353,2.0,5.3878,4.2744,50.7444,5.2578,1.7767,11.6222,82.4444,100.6667,129.2444,34.0667,0.3771,0.27,0.6914,9.4815,0.0424,474.963,1.7689,5.199,0.0637,22.4067,0.4444,1.1615,0.0499,12.1383,1.8464,0.4607,5.3235,41.037,20.8889,31.8272,10.163,0.0277,0.0667,0.1861,0.405,0.2715,0.3157,0.3694,0.0569,0.4309,0.3333,0.2685,0.019,0.2544,0.418,0.2897,0.5623,0.5934,0.233,0.2705,0.3229,0.0788,0.2665
16.66666667,0.0,16.66666667,16.66666667,16.66666667,16.66666667,0.0,16.66666667,0.0,0.0,0.0,0.0,0.0,0.0,0.0,IM,2,-13.3192,14.8968,1.8549,0.0699,7.0,23.6667,0.2845,1658.5,6.6867,131.79,1.7417,50.8215,1.8333,4.0917,4.5683,50.7,5.9617,2.05,13.6333,71.6667,167.6667,140.5333,63.1667,0.3153,0.4283,2.6667,4.1111,0.0636,342.0,2.0578,8.58,0.1383,8.9313,0.5556,0.4344,0.2211,8.8333,2.2817,0.5033,4.3444,32.2222,62.3333,29.5667,29.9,0.0473,0.125,0.4206,0.2245,0.2462,0.2457,0.3474,0.0832,0.2311,0.3748,0.1257,0.0628,0.2019,0.4266,0.2909,0.4009,0.5791,0.4143,0.2485,0.5157,0.1896,0.3724
0.0,0.0,0.0,0.0,0.0,0.0,21.05263158,21.05263158,0.0,21.05263158,0.0,15.78947368,0.0,0.0,21.05263158,BCC,3,-2.4538,13.3319,12.985,0.0672,4.7895,34.1579,0.1494,2389.9474,7.2442,144.0547,1.6532,77.0849,1.5789,6.2047,4.3168,57.0316,6.5463,2.1163,7.2895,131.7368,150.3158,165.1211,51.6053,0.3745,0.2779,0.6648,8.6427,0.0351,364.6759,1.8196,7.7013,0.2134,20.558,0.4875,0.853,0.1248,11.1845,1.6516,0.5168,1.549,51.9889,75.2355,45.3717,30.3557,0.0381,0.0942,0.16,0.2631,0.2703,0.1592,0.2812,0.1705,0.2774,0.3127,0.16,0.0414,0.2036,0.2852,0.2795,0.2537,0.4657,0.6279,0.3433,0.7511,0.1177,0.3955
0.0,13.3333,33.3333,0.0,13.3333,26.6667,0.0,13.3333,0.0,0.0,0.0,0.0,0.0,0.0,0.0,BCC+FCC,1,-12.3275,12.6758,1.9778,0.0571,7.4667,25.4666,0.2883,1923.4647,7.602,127.5765,1.7627,54.6694,1.6667,4.3533,4.7173,57.8399,7.7373,2.4227,10.3867,109.0665,217.7998,166.5398,79.7133,0.2979,0.4787,1.9022,1.9022,0.0539,175.6975,1.1019,4.9528,0.1278,3.5963,0.4444,0.1884,0.3061,5.664,0.9232,0.3995,2.8409,49.2976,40.7999,18.3307,25.5271,0.0607,0.1639,0.2804,0.0822,0.2077,0.1001,0.1865,0.0769,0.072,0.2828,0.0549,0.0679,0.118,0.1489,0.1834,0.3034,0.5759,0.24,0.1458,0.4041,0.253,0.4197
0.0,0.0,27.77777778,0.0,27.77777778,27.77777778,0.0,16.66666667,0.0,0.0,0.0,0.0,0.0,0.0,0.0,BCC,3,-12.9522,11.3574,1.6767,0.0629,7.3333,25.3333,0.2844,1912.1111,7.4111,128.1417,1.7567,54.2373,1.7222,4.3694,4.6522,56.9778,7.7411,2.4011,10.3944,94.7222,211.0,161.0667,81.4389,0.291,0.4944,1.8519,1.8519,0.0533,158.4568,1.0932,6.0028,0.1259,3.3686,0.4012,0.1994,0.2765,5.4691,1.1043,0.3765,2.3951,30.7099,37.7778,16.037,19.3796,0.0456,0.1253,0.2875,0.0832,0.2139,0.094,0.1961,0.0773,0.0699,0.2601,0.0571,0.0676,0.1212,0.167,0.179,0.2685,0.3808,0.2518,0.1388,0.3617,0.2193,0.3452
0.0,0.0,0.0,0.0,0.0,0.0,0.0,25.0,0.0,12.5,0.0,12.5,0.0,25.0,25.0,BCC,3,0.179,12.9664,163.737,0.0643,4.25,41.5,0.1268,2260.375,7.91,150.35,1.4463,97.3762,1.875,5.995,4.145,49.325,5.4413,1.7663,7.525,123.375,94.625,127.6875,29.425,0.3955,0.225,0.375,15.25,0.0502,245.2188,2.8525,8.65,0.1313,40.5569,0.2188,0.7438,0.17,7.5375,0.9469,0.2644,1.5312,42.5312,21.625,18.6813,8.0375,0.0165,0.04,0.1019,0.4641,0.4484,0.1217,0.4205,0.093,0.5175,0.1764,0.1456,0.043,0.1794,0.2255,0.1975,0.2298,0.3689,0.2394,0.1723,0.3448,0.0493,0.2096
14.2857143,14.2857143,14.2857143,14.2857143,14.2857143,0.0,0.0,14.2857143,0.0,0.0,0.0,0.0,14.2857143,0.0,0.0,IM,3,-10.56,16.1784,2.5191,0.0646,6.8571,23.7143,0.2804,1644.2857,6.7886,132.3214,1.71,51.4439,1.8571,3.9171,4.48,48.6857,6.1471,1.9471,14.8571,159.7143,173.2857,140.3571,59.1714,0.319,0.4214,2.1633,3.551,0.0512,320.8163,1.822,7.8159,0.1371,8.0111,0.4898,0.5576,0.2086,8.898,2.1147,0.3433,4.9796,123.8776,58.2449,29.8653,27.5673,0.062,0.1645,0.3773,0.2038,0.2191,0.2323,0.3179,0.0846,0.2136,0.344,0.1589,0.0601,0.2087,0.3938,0.2584,0.389,0.9825,0.3797,0.2578,0.5186,0.2215,0.4436
7.936507937,15.87301587,15.87301587,15.87301587,15.87301587,15.87301587,0.0,0.0,0.0,0.0,0.0,12.6984127,0.0,0.0,0.0,IM,3,-4.6301,15.995,6.0635,0.0406,7.8571,25.2222,0.3042,1755.2222,7.62,127.5214,1.7919,54.4853,1.7619,4.229,4.6635,56.5286,6.929,2.1838,12.7365,115.6032,185.1429,160.7825,66.8921,0.3187,0.4192,2.0862,2.8924,0.0509,265.2557,1.2984,3.6082,0.1119,6.0558,0.4837,0.4088,0.2613,6.9751,1.7392,0.3531,3.4991,60.9877,50.2948,21.6674,24.9282,0.0483,0.1277,0.3108,0.1625,0.1896,0.2064,0.2282,0.0666,0.1661,0.331,0.1306,0.0652,0.1563,0.3131,0.2155,0.3641,0.6276,0.3231,0.1913,0.4115,0.1867,0.38
7.470440702,14.92296668,14.92296668,14.92296668,14.92296668,14.92296668,0.0,17.9147259,0.0,0.0,0.0,0.0,0.0,0.0,0.0,IM,3,-12.074,15.9728,2.2984,0.0674,7.5068,24.9092,0.2927,1737.3604,7.2397,130.3732,1.7661,53.7202,1.7762,4.2112,4.6471,53.7125,6.5369,2.0951,12.8127,102.601,179.5677,153.1743,61.1079,0.3299,0.3918,2.3795,3.093,0.0617,236.1959,1.6747,7.5647,0.136,6.6067,0.4634,0.3711,0.2563,8.1928,1.9287,0.4103,3.212,59.0346,53.9403,29.0111,28.6152,0.0554,0.1447,0.3569,0.1655,0.2362,0.1887,0.2823,0.082,0.1694,0.32,0.1104,0.0649,0.1763,0.3326,0.24,0.3405,0.7067,0.3434,0.2253,0.5136,0.2012,0.446
0.0,0.0,0.0,0.0,0.0,25.0,0.0,25.0,0.0,25.0,25.0,0.0,0.0,0.0,0.0,IM,1,-20.5174,11.5256,1.3635,0.0612,6.0,41.0,0.1823,2427.25,9.6675,139.16,1.6375,95.104,1.75,6.24,4.5075,62.05,6.93,2.245,9.325,76.25,151.75,166.125,54.175,0.3598,0.3125,2.0,16.0,0.0874,592.75,3.5063,7.285,0.1362,42.923,0.375,1.595,0.3213,8.925,0.85,0.3025,2.425,13.75,41.25,25.1125,21.975,0.0383,0.0925,0.3909,0.4807,0.5953,0.2584,0.4557,0.0985,0.5497,0.2474,0.2584,0.0825,0.1705,0.1559,0.1648,0.287,0.2041,0.275,0.1789,0.4319,0.1129,0.3163
0.0,18.699187,18.699187,18.699187,18.699187,18.699187,0.0,0.0,0.0,6.504065,0.0,0.0,0.0,0.0,0.0,IM,3,-0.4866,14.5112,54.6572,0.0357,8.5528,27.7236,0.3122,1832.8049,8.3668,126.4485,1.8207,60.0857,1.561,4.3631,4.7301,58.5984,7.3054,2.3173,12.0309,118.8943,199.2439,169.7463,71.2805,0.3161,0.427,1.6236,2.3078,0.0497,249.1553,0.6222,2.6455,0.0888,5.5634,0.4926,0.456,0.258,5.4963,1.2841,0.3373,2.8824,61.7864,38.1555,17.0309,24.443,0.054,0.1417,0.2232,0.1398,0.212,0.1908,0.0815,0.0585,0.1566,0.3179,0.2084,0.0597,0.1112,0.2313,0.1581,0.2972,0.6082,0.2612,0.1209,0.3818,0.2065,0.4071
22.22222222,22.22222222,22.22222222,0.0,22.22222222,0.0,11.11111111,0.0,0.0,0.0,0.0,0.0,0.0,0.0,0.0,IM,3,-9.6338,13.1453,2.4682,0.0604,6.4444,24.6667,0.2652,1808.8889,7.05,130.0956,1.7911,53.718,1.8889,4.3489,4.5733,54.6444,7.05,2.1289,12.8778,138.4444,207.4444,163.8667,72.7667,0.3089,0.4478,1.8272,5.4815,0.0492,407.4568,1.9333,7.1807,0.1388,12.648,0.5926,0.5674,0.1956,9.3086,2.3378,0.5457,5.1753,76.3951,61.0864,39.6148,33.7481,0.0548,0.1447,0.3361,0.3277,0.2202,0.3189,0.3531,0.094,0.3555,0.3902,0.2179,0.0545,0.2208,0.4029,0.3179,0.507,0.6373,0.4028,0.3351,0.5043,0.2167,0.3989
16.6667,0.0,16.6667,0.0,16.6667,16.6667,16.6667,0.0,16.6667,0.0,0.0,0.0,0.0,0.0,0.0,BCC,1,-7.4999,14.8968,4.384,0.0565,6.5,34.5001,0.2282,2207.1711,9.3867,131.6253,1.9217,78.8845,1.8333,5.3217,4.5967,61.9168,8.1783,2.5733,10.75,143.3336,250.0005,193.7171,98.1835,0.2867,0.5017,1.6667,15.6667,0.0776,725.5585,3.6222,7.085,0.2256,40.6739,0.5556,1.6922,0.1856,12.85,2.4356,0.6289,5.4833,86.6668,89.6668,61.7558,33.5501,0.0271,0.0756,0.3294,0.5679,0.4096,0.4009,0.5383,0.1382,0.6477,0.3748,0.3609,0.0581,0.27,0.4187,0.3157,0.6175,0.7022,0.4303,0.3838,0.4082,0.1334,0.2136
23.0769,15.3846,15.3846,15.3846,15.3846,15.3846,0.0,0.0,0.0,0.0,0.0,0.0,0.0,0.0,0.0,BCC+FCC,1,-7.2589,14.7843,3.21,0.0588,7.4615,23.6154,0.3036,1576.0753,7.0477,129.4268,1.7838,50.6901,1.9231,3.9669,4.6492,52.3923,6.0485,2.0231,14.9538,96.9999,174.4614,148.6999,63.1846,0.3168,0.4238,2.5089,4.8994,0.0501,363.9053,2.0066,6.3429,0.1183,10.9422,0.568,0.413,0.2622,10.071,2.5896,0.4895,4.5278,64.3076,61.8935,35.4154,27.5834,0.045,0.1195,0.3849,0.2544,0.1841,0.2666,0.349,0.07,0.2645,0.3795,0.1103,0.0666,0.2222,0.4613,0.303,0.3763,0.8139,0.405,0.2846,0.4757,0.1814,0.3635
0.0,23.80952381,23.80952381,0.0,23.80952381,23.80952381,0.0,4.761904762,0.0,0.0,0.0,0.0,0.0,0.0,0.0,FCC,4,-6.9571,12.5685,3.3874,0.0365,8.0476,26.0476,0.3058,1875.0476,8.0286,125.7024,1.8067,55.962,1.7619,4.3286,4.7657,59.7952,8.0133,2.3662,11.2238,135.7143,219.5714,174.5429,77.2048,0.3072,0.4524,1.3832,1.3832,0.0384,151.4966,0.8061,1.9474,0.0952,2.7152,0.3628,0.132,0.2946,4.3855,0.6873,0.356,2.4898,62.6531,28.2993,16.5782,22.6599,0.056,0.1454,0.2117,0.0654,0.1562,0.0942,0.1311,0.0618,0.0586,0.2417,0.0399,0.0633,0.0887,0.109,0.1639,0.2635,0.5357,0.1756,0.1154,0.3675,0.2317,0.417
0.0,0.0,0.0,0.0,0.0,0.0,12.5,25.0,0.0,12.5,0.0,0.0,0.0,25.0,25.0,BCC,3,-0.8596,12.9664,35.4404,0.057,4.375,43.875,0.1175,2349.5,8.4238,150.9325,1.5125,103.0023,1.75,6.1837,4.1825,50.375,5.63,1.875,7.125,134.5,119.75,141.175,38.65,0.3883,0.2437,0.5625,14.0625,0.0397,315.0,2.9188,8.0675,0.1975,37.7439,0.375,0.6669,0.2075,9.1125,1.23,0.4275,1.5813,50.875,52.3125,38.9125,21.875,0.0242,0.0597,0.1591,0.4094,0.3949,0.1459,0.395,0.1788,0.4593,0.2474,0.1403,0.0552,0.2099,0.286,0.2818,0.2622,0.429,0.6789,0.3577,0.8489,0.0936,0.3726
0.0,23.8095,23.8095,0.0,23.8095,23.8095,4.7619,0.0,0.0,0.0,0.0,0.0,0.0,0.0,0.0,IM,1,-3.9178,12.5685,6.1611,0.0199,8.1428,27.0,0.304,1920.5219,8.3014,125.2313,1.8362,58.2516,1.7143,4.4224,4.7786,61.0237,8.2009,2.43,10.9809,143.8094,229.7141,181.6427,81.9856,0.302,0.4652,1.2925,1.9048,0.041,216.4615,0.7299,1.0502,0.0868,4.1249,0.4082,0.2367,0.2823,4.0703,0.6009,0.3476,2.8367,63.1519,32.925,17.7551,20.034,0.05,0.1336,0.1868,0.1352,0.1744,0.1459,0.0987,0.0648,0.1521,0.2635,0.1246,0.0603,0.0733,0.0792,0.1536,0.294,0.5096,0.1654,0.1327,0.3333,0.224,0.3869
16.6667,0.0,16.6667,16.6667,16.6667,33.3333,0.0,0.0,0.0,0.0,0.0,0.0,0.0,0.0,0.0,BCC+FCC,1,-5.9623,12.9758,3.5322,0.0531,8.0,24.6667,0.3137,1623.0015,7.4217,128.1968,1.8033,52.6259,1.8333,4.0233,4.705,54.1834,6.3,2.21,14.15,72.5001,181.6668,151.9335,73.1501,0.2983,0.47,2.3333,4.1111,0.0508,318.3334,1.6511,4.9912,0.1122,8.7579,0.5556,0.3889,0.2967,8.9889,2.2633,0.4833,4.0,31.6667,54.4445,28.9555,23.2667,0.0322,0.09,0.3461,0.2216,0.1796,0.2405,0.2977,0.0682,0.2277,0.3748,0.1066,0.0707,0.2023,0.4061,0.2687,0.3717,0.5697,0.3634,0.238,0.3778,0.1476,0.2615
0.0,0.0,0.0,0.0,0.0,0.0,18.1818182,18.1818182,0.0,18.1818182,0.0,0.0,0.0,18.1818182,27.2727273,BCC,3,-1.4004,13.2541,22.8611,0.0618,4.5455,43.0909,0.1186,2415.4545,8.4282,149.7155,1.5627,100.3725,1.6364,6.3736,4.2191,53.0455,5.9236,1.9845,6.8364,139.6364,132.7273,152.7273,44.8727,0.3829,0.2573,0.6942,10.5124,0.0331,329.3223,2.4747,8.6678,0.2307,28.4063,0.4628,0.6215,0.2083,11.3124,1.5755,0.5421,1.3917,50.6446,71.3719,48.1983,28.6645,0.0309,0.0774,0.172,0.3568,0.3427,0.1477,0.3496,0.1947,0.4044,0.294,0.1335,0.0561,0.2226,0.31,0.3017,0.2529,0.4246,0.7101,0.3751,0.8443,0.1094,0.407
0.0,0.0,0.0,0.0,0.0,0.0,28.2608696,21.7391304,0.0,21.7391304,0.0,6.5217391,0.0,0.0,21.7391304,BCC,3,-2.9477,12.7241,10.5463,0.0637,4.8478,35.7609,0.1423,2443.1957,7.5489,144.7648,1.6885,80.8727,1.5,6.3324,4.337,57.4304,6.6085,2.1733,7.0478,137.2391,164.1522,172.4196,56.4739,0.3713,0.2863,0.7372,7.6474,0.0273,389.3261,1.9637,7.335,0.2665,18.2543,0.5,0.8137,0.1487,11.896,1.7595,0.5893,1.6435,58.4688,93.1749,52.5804,37.9974,0.0435,0.1082,0.1719,0.2384,0.2419,0.1633,0.2857,0.1849,0.2517,0.3333,0.1537,0.0449,0.2118,0.2997,0.2935,0.2724,0.4876,0.6401,0.3627,0.765,0.1304,0.4226
0.0,14.2857,35.7143,0.0,14.2857,28.5714,0.0,7.1429,0.0,0.0,0.0,0.0,0.0,0.0,0.0,BCC+FCC,1,-9.1718,12.2226,2.5616,0.0438,7.7143,25.7143,0.2959,1922.2144,7.8236,126.25,1.7786,55.1554,1.6429,4.3179,4.745,58.8143,7.9164,2.4786,10.4,112.5714,225.0714,170.1571,83.7428,0.2901,0.4986,1.7551,1.7551,0.0491,186.8163,0.9273,2.8429,0.1188,3.2979,0.4592,0.1664,0.3043,4.9878,0.7693,0.3561,3.0286,50.8163,38.5204,16.4939,21.9694,0.0573,0.1582,0.2519,0.0756,0.1843,0.1037,0.1522,0.0708,0.0655,0.2917,0.0477,0.0661,0.1016,0.1225,0.1637,0.3136,0.5649,0.2052,0.1226,0.3518,0.2483,0.3874
0.0,5.0,0.0,5.0,0.0,40.0,0.0,40.0,0.0,0.0,0.0,0.0,0.0,0.0,10.0,IM,3,-30.5044,10.4994,0.6322,0.0925,7.0,26.8,0.2612,1836.7,6.904,136.966,1.702,57.8704,1.95,4.735,4.6795,53.62,5.985,2.0265,11.505,80.15,150.15,148.205,48.945,0.3634,0.304,3.0,3.84,0.0958,141.7,2.002,12.004,0.204,8.0027,0.095,0.395,0.4085,10.192,1.2095,0.4588,2.185,31.255,45.765,34.0155,27.404,0.0492,0.1204,0.4309,0.1955,0.3782,0.0931,0.3015,0.1249,0.2139,0.1118,0.1255,0.0912,0.1917,0.2159,0.2394,0.2273,0.5959,0.3214,0.234,0.5859,0.1386,0.4063
0.0,25.0,17.85714286,0.0,28.57142857,28.57142857,0.0,0.0,0.0,0.0,0.0,0.0,0.0,0.0,0.0,FCC,4,-3.1344,11.3907,6.6956,0.003,8.4643,26.4643,0.3179,1842.4286,8.2911,124.6404,1.835,56.7434,1.8214,4.3211,4.8107,61.0821,8.1121,2.3675,11.7286,140.75,219.5,178.6321,77.6036,0.3085,0.4471,1.1454,1.1454,0.0301,120.5612,0.6281,0.3261,0.0654,2.2089,0.2934,0.1024,0.2885,3.6048,0.603,0.3159,1.9745,61.4107,21.25,13.7227,18.6018,0.0483,0.1236,0.1625,0.052,0.1156,0.0871,0.0809,0.0475,0.0451,0.2103,0.0278,0.0612,0.0634,0.0801,0.1438,0.2294,0.516,0.128,0.0843,0.3163,0.2092,0.3815
0.0,0.0,0.0,0.0,0.0,0.0,0.0,25.0,0.0,0.0,25.0,0.0,0.0,25.0,25.0,BCC,3,1.6146,11.5256,17.605,0.0484,4.25,51.75,0.1015,2466.25,10.2425,151.7875,1.4175,124.6328,2.0,6.41,4.1325,51.15,5.6625,1.7575,7.2,120.75,112.0,134.25,35.325,0.387,0.245,0.375,20.75,0.0402,431.75,4.7375,7.2125,0.1025,55.0873,0.0,0.86,0.1575,10.275,1.2788,0.2525,1.5,40.75,39.0,28.525,16.8875,0.025,0.06,0.1019,0.4195,0.4839,0.2098,0.4822,0.0734,0.4588,0.0,0.1799,0.0408,0.2324,0.2772,0.1836,0.2432,0.3635,0.4136,0.2457,0.5606,0.0778,0.295
17.3913,17.3913,17.3913,0.0,17.3913,17.3913,0.0,0.0,0.0,13.0435,0.0,0.0,0.0,0.0,0.0,IM,1,-16.7778,14.8549,1.6141,0.0649,6.913,25.8696,0.2731,1823.0437,7.2965,130.2722,1.7548,56.0224,1.8696,4.57,4.6357,56.7652,6.897,2.1826,12.9,110.0869,182.2174,159.8174,66.0217,0.3196,0.4191,2.1777,5.1267,0.0622,365.9738,1.6358,7.7804,0.1237,11.5632,0.5293,0.7826,0.3056,8.7062,1.7763,0.4653,4.1739,63.5917,59.1758,28.186,28.2208,0.0538,0.14,0.3515,0.3001,0.2702,0.2872,0.3008,0.0726,0.3241,0.3633,0.266,0.0723,0.1997,0.3524,0.27,0.4398,0.7003,0.385,0.2454,0.4626,0.2039,0.4114
10.0,0.0,20.0,0.0,0.0,0.0,0.0,40.0,0.0,20.0,0.0,10.0,0.0,0.0,0.0,IM,2,-10.6145,12.2284,2.3893,0.06,4.6,25.4,0.1919,2074.0,5.836,139.499,1.592,55.9196,1.7,5.144,4.35,51.61,6.163,2.047,9.97,73.6,143.0,136.46,48.35,0.3516,0.341,0.8,6.24,0.0361,334.6,1.696,7.4154,0.0416,14.7946,0.56,1.0036,0.06,9.51,1.621,0.519,2.91,22.6,54.4,27.88,26.77,0.0598,0.1574,0.1992,0.3285,0.2277,0.2323,0.3241,0.0294,0.3526,0.3767,0.2564,0.0177,0.2075,0.3178,0.2834,0.4826,0.4152,0.4863,0.221,0.7085,0.2112,0.578
16.6667,27.7778,27.7778,0.0,0.0,27.7778,0.0,0.0,0.0,0.0,0.0,0.0,0.0,0.0,0.0,BCC+FCC,1,-12.1627,11.3574,1.6175,0.0533,7.4445,24.1111,0.2997,1732.1682,7.3778,127.9174,1.7822,51.6143,1.8889,4.1567,4.7828,56.6167,6.8983,2.2439,13.1833,115.8334,202.778,164.1057,71.0056,0.3113,0.4422,2.284,3.7654,0.0506,268.7039,1.6636,5.0844,0.1253,8.2107,0.4938,0.287,0.3247,8.6482,1.7028,0.5512,3.8796,76.2038,45.8025,30.9383,30.9383,0.0603,0.1586,0.3387,0.2159,0.1736,0.2327,0.3001,0.0716,0.2209,0.348,0.0888,0.0709,0.1954,0.3392,0.2809,0.4273,0.7636,0.3332,0.2489,0.471,0.2362,0.4444
33.3333,0.0,0.0,0.0,0.0,0.0,22.2222,0.0,0.0,22.2222,22.2222,0.0,0.0,0.0,0.0,IM,1,-14.3844,11.3813,1.8173,0.0199,4.5556,39.0,0.151,2296.7755,8.7867,141.5365,1.7056,91.173,1.8889,6.1278,4.3489,57.6555,6.0189,2.0756,12.0667,96.111,161.111,166.2776,61.711,0.3402,0.3611,1.037,17.3333,0.0532,909.185,4.1496,2.3453,0.202,42.7941,0.7901,1.8252,0.1116,15.9704,2.8193,0.6637,7.6889,61.2345,85.6789,57.9852,30.8345,0.0221,0.0543,0.2558,0.5647,0.4101,0.4276,0.5877,0.1446,0.6176,0.4632,0.3236,0.0311,0.295,0.5111,0.3593,0.6786,0.8217,0.6166,0.4183,0.5871,0.0907,0.2131
0.0,20.0,20.0,5.0,20.0,20.0,15.0,0.0,0.0,0.0,0.0,0.0,0.0,0.0,0.0,IM,1,-1.9817,14.316,14.446,0.0327,8.05,28.75,0.29,1999.7,8.5455,126.573,1.875,62.6632,1.6,4.6395,4.7525,61.345,8.0985,2.465,10.62,148.6,235.65,188.615,84.84,0.3038,0.4595,1.455,4.0,0.0601,341.01,0.8084,3.0288,0.104,10.0743,0.48,0.6542,0.258,5.0405,0.8306,0.3745,3.424,66.74,45.345,27.3095,23.522,0.0448,0.1196,0.2096,0.2001,0.2511,0.2123,0.1131,0.0793,0.2281,0.3062,0.2026,0.057,0.0957,0.1419,0.1633,0.3531,0.5101,0.2229,0.1912,0.3478,0.2066,0.364
0.0,0.0,0.0,0.0,0.0,0.0,0.0,36.36363636,0.0,18.18181818,0.0,18.18181818,0.0,9.090909091,18.18181818,BCC,3,0.0766,12.6017,364.8002,0.0643,4.3636,33.4545,0.1511,2217.4545,6.7,146.5318,1.5073,76.3729,1.8182,5.8273,4.2291,51.4909,5.7636,1.84,8.1727,105.0,104.0,133.2909,31.2455,0.3943,0.2282,0.4628,12.1322,0.0465,246.1157,1.88,7.0281,0.1021,29.9792,0.2975,0.8988,0.125,9.3884,1.1428,0.3309,1.5207,41.8182,17.8182,23.0975,10.3669,0.0172,0.0417,0.1102,0.4442,0.3375,0.1342,0.3778,0.0794,0.4987,0.2121,0.1729,0.0344,0.1926,0.2241,0.2055,0.2112,0.4123,0.205,0.1839,0.3633,0.0526,0.2194
9.090909091,0.0,18.18181818,0.0,36.36363636,13.63636364,0.0,0.0,0.0,0.0,0.0,0.0,22.72727273,0.0,0.0,IM,3,-6.4112,12.5062,3.3563,0.0496,7.2273,24.5,0.2907,1720.5909,7.3309,128.5323,1.7264,52.7035,1.9091,3.8791,4.4777,51.8864,7.4473,2.2191,14.3091,194.7727,206.0909,150.1045,82.1818,0.2702,0.5473,1.3182,2.2727,0.0305,234.8306,0.8932,5.6013,0.1255,4.9339,0.3306,0.5249,0.2076,9.6186,1.4466,0.3442,5.0488,138.7397,30.0826,24.7393,12.0298,0.0356,0.1004,0.2466,0.156,0.1269,0.1901,0.2116,0.0769,0.1586,0.2694,0.1505,0.0699,0.2077,0.2695,0.2164,0.4114,0.8763,0.2511,0.1983,0.2579,0.1461,0.2028
0.0,0.0,23.2558,0.0,0.0,23.2558,0.0,23.2558,0.0,23.2558,6.9767,0.0,0.0,0.0,0.0,IM,1,-18.6994,12.8252,1.529,0.0727,6.1628,31.8372,0.2166,2229.2997,7.9498,135.2208,1.6651,71.1038,1.5349,5.4395,4.5477,58.793,7.113,2.3902,9.0581,75.5813,175.7673,160.4394,65.7744,0.3283,0.3995,1.7847,10.0054,0.0809,390.1876,1.9579,9.7404,0.1139,25.4677,0.4976,1.3621,0.2801,8.6447,0.9237,0.3671,2.5041,12.1687,60.7139,21.2461,31.232,0.0663,0.1725,0.3602,0.419,0.4317,0.2103,0.3673,0.0859,0.4869,0.325,0.2776,0.075,0.1618,0.169,0.1871,0.3036,0.176,0.3866,0.1646,0.5233,0.2297,0.4991
18.1818182,0.0,27.2727273,0.0,0.0,0.0,0.0,18.1818182,0.0,18.1818182,0.0,18.1818182,0.0,0.0,0.0,IM,3,-13.3044,13.2541,2.0064,0.0628,4.7273,24.5455,0.2049,2014.0,5.9427,136.5791,1.6127,53.9438,1.7273,4.9582,4.3564,52.5273,6.2945,2.1145,10.6727,78.3636,152.2727,138.9545,57.3182,0.3278,0.4018,0.8926,5.9835,0.0386,419.6364,1.7038,8.1755,0.0321,14.1681,0.6612,1.0777,0.0783,9.8744,2.0251,0.5504,4.7008,29.719,69.124,30.076,31.1901,0.0643,0.1736,0.2226,0.3532,0.2211,0.2829,0.3359,0.0252,0.3788,0.434,0.2789,0.0205,0.2192,0.3827,0.3063,0.5849,0.5011,0.5239,0.2416,0.6299,0.2314,0.505
24.3902439,0.0,0.0,0.0,0.0,0.0,0.0,24.3902439,0.0,24.3902439,0.0,24.3902439,0.0,0.0,2.4390244,IM,3,-16.0481,12.1978,1.4867,0.0441,4.2439,25.122,0.1859,1956.0488,5.5002,141.4256,1.5885,55.5657,2.0,5.3037,4.2963,51.4707,5.3863,1.8163,12.1902,75.8537,103.8537,130.8683,35.478,0.3731,0.2798,0.7377,8.4711,0.0373,506.3891,1.8539,4.793,0.0363,19.9542,0.4878,1.1548,0.02,12.6139,1.9011,0.467,5.5657,37.4182,18.2629,33.348,9.7775,0.0265,0.0637,0.1932,0.4102,0.2354,0.3322,0.3895,0.0331,0.4371,0.3492,0.2808,0.01,0.2584,0.4199,0.2877,0.5394,0.6096,0.213,0.2768,0.2961,0.0753,0.2428
16.6667,0.0,16.6667,0.0,16.6667,33.3333,0.0,0.0,16.6667,0.0,0.0,0.0,0.0,0.0,0.0,IM,1,-9.5111,12.9758,2.7456,0.0578,7.1667,32.1667,0.2639,2012.5023,9.1667,129.6801,1.88,72.6749,2.0,4.925,4.6883,61.1001,7.86,2.51,12.1167,115.8335,228.5003,180.2668,91.4334,0.2877,0.4983,2.1667,13.9445,0.0767,616.6684,3.4145,6.8367,0.18,37.0552,0.3333,1.325,0.3078,12.0334,2.4233,0.5867,4.6167,76.1113,77.6669,45.1668,29.5445,0.0278,0.0778,0.3457,0.6029,0.3598,0.417,0.5499,0.1296,0.7004,0.2887,0.3681,0.072,0.2687,0.4333,0.3158,0.5085,0.8256,0.4481,0.3727,0.4221,0.1342,0.2175
26.4706,14.7059,14.7059,14.7059,14.7059,14.7059,0.0,0.0,0.0,0.0,0.0,0.0,0.0,0.0,0.0,BCC+FCC,1,-8.3104,14.6436,2.7272,0.0612,7.2647,23.1471,0.3004,1547.7076,6.8559,130.0334,1.7762,49.6443,1.9706,3.9415,4.6329,51.5677,5.8606,1.9815,15.3353,93.3825,169.8531,145.6384,61.6854,0.3176,0.4215,2.6298,5.372,0.0517,381.2284,2.2002,6.9548,0.1221,11.9976,0.5709,0.4247,0.2651,10.5969,2.6964,0.5046,4.7768,63.5987,64.5848,37.455,27.6895,0.0438,0.1163,0.4066,0.2706,0.1886,0.2788,0.3742,0.0716,0.2817,0.3791,0.1127,0.0673,0.2329,0.4888,0.3178,0.377,0.846,0.4259,0.3005,0.4897,0.1774,0.3583
25.0,0.0,25.0,0.0,0.0,0.0,25.0,25.0,0.0,0.0,0.0,0.0,0.0,0.0,0.0,BCC,2,-13.3843,11.5256,1.7115,0.0594,4.75,25.25,0.2014,1987.5,6.155,137.6225,1.7425,55.6988,1.75,4.79,4.4275,50.675,6.2025,2.145,11.275,98.75,198.5,154.875,72.675,0.3125,0.44,1.25,8.375,0.039,550.5,2.555,7.0375,0.2087,20.1256,0.75,1.045,0.1225,11.725,2.6925,0.785,6.1625,65.625,105.5,57.275,46.425,0.0585,0.155,0.2735,0.4167,0.2082,0.3537,0.4621,0.1405,0.4506,0.4738,0.2674,0.0291,0.2649,0.4774,0.3778,0.6532,0.8136,0.5451,0.4494,0.641,0.2263,0.4279
0.0,0.0,0.0,0.0,0.0,0.0,25.0,25.0,0.0,25.0,0.0,0.0,0.0,0.0,25.0,BCC,1,-2.3375,11.5256,11.9755,0.0598,4.75,36.25,0.1367,2428.75,7.455,146.39,1.6575,81.9868,1.5,6.3725,4.32,56.175,6.3375,2.1175,7.1,130.0,154.5,166.625,51.925,0.378,0.27,0.75,7.125,0.0257,394.25,1.95,6.93,0.2513,17.0599,0.5,0.8225,0.145,12.425,1.7525,0.6125,1.65,60.0,87.25,52.375,35.8875,0.04,0.1,0.1746,0.2278,0.2206,0.166,0.2892,0.1852,0.2412,0.3333,0.1563,0.0451,0.222,0.3101,0.3044,0.2758,0.5131,0.6622,0.3701,0.8133,0.125,0.4374
0.0,23.80952381,0.0,0.0,23.80952381,23.80952381,4.761904762,0.0,0.0,0.0,0.0,23.80952381,0.0,0.0,0.0,IM,3,-9.6214,12.5685,2.5097,0.0288,7.9048,26.7619,0.2962,1921.2381,8.0467,126.8243,1.829,58.0007,1.9524,4.7105,4.731,62.6429,7.9724,2.2467,11.481,155.9524,193.7619,181.119,66.6048,0.3368,0.37,1.5646,2.1542,0.0521,217.483,0.9968,3.1728,0.0948,4.3878,0.0907,0.4864,0.3277,2.3741,0.532,0.2381,2.1224,53.2653,31.3152,18.3039,20.4331,0.0416,0.1048,0.2372,0.1444,0.2092,0.1462,0.1494,0.0709,0.156,0.1091,0.1315,0.0722,0.0458,0.0791,0.1273,0.221,0.4318,0.2329,0.1359,0.3369,0.1342,0.307
0.0,0.0,0.0,0.0,0.0,0.0,16.66666667,16.66666667,0.0,16.66666667,0.0,33.33333333,0.0,0.0,16.66666667,BCC,3,-2.3696,12.9758,12.8511,0.0706,4.8333,31.8333,0.1636,2346.8333,7.01,141.46,1.6483,71.6385,1.6667,6.0183,4.3133,57.9833,6.7783,2.115,7.5,133.6667,145.6667,163.45,51.25,0.3707,0.2867,0.5556,9.1667,0.042,317.4444,1.5967,8.3067,0.1706,21.7215,0.4444,0.8617,0.1011,9.4889,1.4622,0.41,1.4333,42.4444,61.1111,37.0333,24.15,0.034,0.0833,0.1422,0.2887,0.2771,0.1487,0.2667,0.1523,0.3042,0.2828,0.1587,0.0369,0.181,0.254,0.2489,0.2261,0.4093,0.5798,0.3093,0.673,0.1078,0.3463
0.0,10.0,10.0,0.0,40.0,0.0,0.0,0.0,0.0,0.0,0.0,0.0,40.0,0.0,0.0,FCC,4,-0.8277,9.9232,20.7024,0.0404,7.5,25.5,0.2934,1726.8,7.743,128.649,1.706,55.4061,1.9,3.729,4.39,50.53,7.846,2.147,15.4,294.3,212.4,152.17,79.29,0.2735,0.54,0.7,0.7,0.0194,166.24,0.329,5.0808,0.134,1.0565,0.18,0.6472,0.232,10.024,0.9648,0.173,5.04,164.56,13.32,22.536,8.81,0.0395,0.108,0.1075,0.0316,0.0763,0.117,0.056,0.0811,0.0289,0.1579,0.178,0.0632,0.2063,0.1303,0.1225,0.3544,0.5846,0.1082,0.1652,0.2102,0.1896,0.2555
0.0,0.0,0.0,0.0,0.0,0.0,0.0,0.0,0.0,25.0,25.0,0.0,0.0,25.0,25.0,BCC,3,3.1664,11.5256,9.7133,0.0535,4.5,56.5,0.0865,2668.5,11.2625,150.975,1.4325,135.8925,1.75,7.09,4.125,56.9,6.1075,1.9675,6.475,125.75,109.25,148.525,39.775,0.383,0.255,0.5,16.0,0.0245,351.5,3.7175,8.025,0.1175,43.8275,0.375,0.745,0.15,12.55,1.5075,0.4025,0.425,35.75,38.375,33.625,15.325,0.022,0.0525,0.1111,0.2833,0.3015,0.158,0.3529,0.086,0.3226,0.2474,0.1088,0.0388,0.2227,0.2677,0.2198,0.0834,0.2969,0.4241,0.2308,0.4667,0.074,0.2667
11.0,0.0,0.0,0.0,34.0,16.0,0.0,0.0,0.0,0.0,0.0,0.0,39.0,0.0,0.0,IM,3,-8.3147,10.559,2.0157,0.0514,7.38,24.5,0.2963,1587.26,7.3151,130.5339,1.7094,52.772,2.11,3.6773,4.4238,48.901,6.9571,2.0482,17.199,258.05,188.66,143.249,74.654,0.2778,0.525,1.26,2.53,0.0272,197.18,1.0153,6.2635,0.1462,5.6738,0.1958,0.6539,0.2842,11.847,1.3841,0.2662,4.919,188.721,26.1052,29.083,9.9999,0.0295,0.0819,0.2497,0.1701,0.1174,0.1656,0.2315,0.0875,0.1735,0.1483,0.1823,0.0814,0.2474,0.2949,0.195,0.2893,0.7679,0.2232,0.2263,0.2157,0.1189,0.1731
0.0,0.0,0.0,0.0,33.3333333,33.3333333,0.0,0.0,0.0,0.0,0.0,0.0,33.3333333,0.0,0.0,FCC,3,-4.1378,9.1338,3.7217,0.0393,8.3333,26.3333,0.3149,1686.0,8.0867,127.9033,1.7633,56.492,2.0,3.88,4.5833,53.9333,7.5833,2.2533,15.6,238.3333,203.0,158.3333,80.9,0.278,0.5233,1.1111,1.1111,0.0281,111.3333,0.5489,4.7311,0.1422,1.4673,0.0,0.64,0.3778,10.6222,0.8444,0.2311,4.0667,174.4444,5.3333,22.8889,1.9333,0.0253,0.0711,0.1497,0.0474,0.1013,0.0729,0.0749,0.0875,0.0283,0.0,0.1758,0.0944,0.2144,0.1227,0.1147,0.2793,0.7899,0.0282,0.1599,0.0268,0.0988,0.1475
18.1818,18.1818,18.1818,18.1818,18.1818,9.0909,0.0,0.0,0.0,0.0,0.0,0.0,0.0,0.0,0.0,BCC+FCC,1,-4.1795,14.6974,5.6994,0.0542,7.6364,24.1818,0.3054,1620.7257,7.2736,128.6171,1.7882,52.1179,1.8182,3.9764,4.6373,52.9363,6.3254,2.0564,14.3182,107.3635,181.6362,151.7726,64.4545,0.3162,0.4264,2.281,4.1322,0.0473,345.6199,1.6936,5.2918,0.1114,9.1847,0.595,0.3901,0.2298,8.8992,2.4876,0.4433,4.2413,68.4627,59.3719,31.4711,27.8049,0.0503,0.1342,0.3544,0.2277,0.1778,0.2521,0.3094,0.0667,0.2377,0.3937,0.1054,0.0602,0.2012,0.4283,0.2801,0.3824,0.7541,0.3813,0.2597,0.4718,0.1964,0.3905
0.0,0.0,22.2222,0.0,0.0,22.2222,0.0,22.2222,0.0,22.2222,11.1111,0.0,0.0,0.0,0.0,IM,1,-18.3176,13.1453,1.6336,0.0719,6.1111,33.6666,0.21,2276.4422,8.3378,135.5665,1.6578,75.9859,1.5556,5.5578,4.5344,59.3666,7.1622,2.3844,8.9444,76.6666,176.222,161.8109,65.9222,0.3288,0.3978,1.7284,12.0,0.0831,435.7025,2.2158,9.6148,0.1131,30.8453,0.4938,1.4593,0.2736,8.7704,0.9264,0.3585,2.4938,12.5926,58.4197,21.521,29.9753,0.0638,0.1664,0.3572,0.4621,0.4588,0.2231,0.4047,0.0868,0.5358,0.3194,0.2833,0.0748,0.163,0.1672,0.1837,0.3063,0.1819,0.3771,0.1643,0.5105,0.2244,0.4905
0.0,0.0,0.0,0.0,0.0,0.0,29.8245614,17.5438596,0.0,17.5438596,0.0,17.5438596,0.0,0.0,17.5438596,IM,3,-3.1676,13.1543,10.1453,0.0666,4.9474,34.6316,0.1516,2443.0175,7.5616,142.5512,1.7144,78.2551,1.5263,6.2411,4.3509,58.8246,6.9174,2.2221,7.0649,144.2105,171.2807,177.0351,60.3842,0.3643,0.3033,0.6648,8.5134,0.0337,377.9132,1.949,7.5952,0.2658,20.246,0.4986,0.8148,0.1486,10.5786,1.6367,0.5426,1.6159,53.2041,94.0782,52.4703,37.7673,0.0425,0.1053,0.1625,0.2584,0.2608,0.1592,0.2808,0.1789,0.2721,0.3271,0.1521,0.0432,0.1944,0.2768,0.2745,0.2623,0.4478,0.6103,0.3466,0.7052,0.1302,0.3905
15.38461538,30.76923077,15.38461538,0.0,15.38461538,15.38461538,7.692307692,0.0,0.0,0.0,0.0,0.0,0.0,0.0,0.0,IM,3,-10.0104,14.2324,2.5452,0.0543,7.3846,25.5385,0.2898,1790.1538,7.6115,128.48,1.8231,55.2857,1.9231,4.3692,4.7277,57.6462,7.21,2.1738,13.0846,144.7692,206.5385,172.5077,69.3923,0.3229,0.41,1.9882,4.3314,0.053,296.497,1.6409,5.7169,0.1157,9.721,0.426,0.4116,0.2975,8.2438,1.6677,0.4743,3.742,81.3254,44.0237,34.5302,30.2083,0.0545,0.1415,0.3122,0.2685,0.2118,0.2687,0.2938,0.0813,0.2906,0.32,0.1806,0.0663,0.191,0.3304,0.2738,0.416,0.6254,0.3369,0.2764,0.4777,0.2038,0.4232
0.0,0.0,0.0,0.0,0.0,0.0,14.893617,21.2765957,0.0,21.2765957,0.0,21.2765957,0.0,0.0,21.2765957,BCC,3,-1.971,13.3079,15.8442,0.0692,4.7234,33.0638,0.1535,2346.6383,6.9938,143.8898,1.6196,74.4902,1.6383,6.1179,4.2979,56.4468,6.4381,2.0609,7.483,125.9574,137.7234,158.3191,46.9128,0.3784,0.2679,0.6157,8.9905,0.0393,335.2829,1.6389,7.9236,0.1654,21.3495,0.4617,0.8833,0.1055,10.8058,1.5771,0.4731,1.5038,47.6234,56.976,38.0244,24.144,0.0335,0.0824,0.1494,0.2757,0.2823,0.1539,0.2724,0.1547,0.2908,0.2933,0.164,0.0382,0.1991,0.2751,0.2671,0.2379,0.4462,0.6001,0.3201,0.7274,0.1055,0.3704
14.28571429,28.57142857,0.0,0.0,28.57142857,28.57142857,0.0,0.0,0.0,0.0,0.0,0.0,0.0,0.0,0.0,BCC+FCC,3,-8.6183,11.2386,2.1511,0.0511,8.1429,25.0,0.3181,1649.5714,7.7086,127.2557,1.8357,53.4177,2.1429,4.23,4.7971,58.3857,7.11,2.0771,14.4857,135.8571,187.1429,168.6429,62.7714,0.3334,0.3786,1.551,3.4286,0.0309,204.7347,1.431,4.5469,0.0678,7.5531,0.2449,0.24,0.3176,7.0531,1.52,0.3576,2.6041,75.0204,33.4694,26.6367,22.3755,0.0416,0.1045,0.274,0.1983,0.1265,0.1784,0.2712,0.0529,0.2035,0.1633,0.0824,0.0694,0.178,0.3171,0.2298,0.2625,0.6374,0.2566,0.2285,0.3645,0.1423,0.314
0.0,0.0,0.0,0.0,0.0,0.0,20.0,20.0,20.0,20.0,20.0,0.0,0.0,0.0,0.0,BCC,2,-5.0409,13.381,7.7362,0.0275,5.2,50.4,0.1192,2914.4,11.88,141.002,1.832,120.3026,1.6,7.248,4.406,68.46,8.602,2.616,6.72,156.0,229.4,210.58,82.84,0.343,0.356,0.64,18.48,0.0356,462.48,4.932,3.6176,0.3424,49.6739,0.48,1.1304,0.1352,10.208,2.1384,0.5872,1.624,91.2,112.48,60.616,46.008,0.044,0.1088,0.1439,0.4001,0.3466,0.2016,0.4577,0.1946,0.4446,0.3062,0.1901,0.0321,0.21,0.3171,0.2675,0.298,0.6236,0.5271,0.3231,0.6071,0.1425,0.3429
4.4504,0.0,4.4504,0.0,4.4504,0.0,4.4504,0.0,0.0,0.0,0.0,82.1985,0.0,0.0,0.0,BCC,1,-3.8108,5.9457,3.3426,0.0256,5.1335,23.5786,0.2202,2142.4145,6.2767,131.6918,1.6629,52.1439,1.9555,5.1921,4.3303,60.3005,7.5617,2.1403,8.9008,137.4843,144.7781,158.9649,56.5445,0.3431,0.3543,0.4094,1.8927,0.0114,137.144,0.5759,1.4284,0.0591,4.2286,0.1701,0.3388,0.0542,2.9997,0.5137,0.1441,1.5664,15.1284,34.2385,10.1565,13.3572,0.0212,0.0563,0.157,0.1926,0.1165,0.1451,0.191,0.0692,0.206,0.1855,0.1162,0.0189,0.1029,0.1739,0.1525,0.3769,0.2484,0.3775,0.1766,0.3741,0.0986,0.2579
16.6667,16.6667,16.6667,0.0,33.3333,16.6667,0.0,0.0,0.0,0.0,0.0,0.0,0.0,0.0,0.0,BCC,1,-9.5682,12.9758,2.3124,0.0544,7.3333,24.0,0.2978,1705.1683,7.2333,127.6685,1.7867,51.3824,2.0,4.1467,4.655,55.7834,7.2083,2.145,13.4167,120.5001,196.6668,159.3168,71.7167,0.3058,0.4533,1.8889,3.6667,0.0382,257.3882,1.5256,5.1673,0.1011,8.1334,0.3333,0.2678,0.28,7.6889,1.8061,0.42,3.5222,63.8334,42.2222,26.6778,24.6111,0.0431,0.1133,0.3116,0.2111,0.1486,0.2205,0.2921,0.0625,0.217,0.2887,0.0856,0.0666,0.1873,0.3454,0.2639,0.3863,0.6287,0.3175,0.2398,0.4002,0.1908,0.3428
27.27024816,0.0,24.24325061,0.0,24.24325061,24.24325061,0.0,0.0,0.0,0.0,0.0,0.0,0.0,0.0,0.0,IM,3,-12.9194,11.5143,1.4624,0.064,6.6365,22.4549,0.2847,1640.9029,6.5498,129.6204,1.7482,47.7313,2.0303,4.0324,4.5976,52.4885,6.4835,2.1516,14.0239,78.0325,186.3676,145.3386,75.6501,0.2865,0.5033,2.292,5.1567,0.0462,386.0938,2.0997,7.39,0.1181,11.3168,0.5289,0.3504,0.2678,10.2474,2.5599,0.5844,5.2228,40.6972,63.4675,36.0178,25.3341,0.0371,0.1051,0.3957,0.2652,0.175,0.2832,0.3715,0.0702,0.2707,0.3532,0.1019,0.0708,0.2298,0.4528,0.3256,0.4576,0.6298,0.4144,0.285,0.4131,0.1624,0.2587
0.0,0.0,0.0,0.0,0.0,0.0,12.5,25.0,0.0,25.0,0.0,12.5,0.0,25.0,0.0,BCC,3,-0.6945,12.9664,45.4454,0.0593,4.625,41.875,0.1349,2434.125,8.6338,145.1825,1.5837,98.1773,1.625,6.2313,4.245,55.65,6.4787,2.1063,7.625,124.625,131.875,154.2875,45.125,0.377,0.2712,0.625,15.0938,0.0461,309.3438,2.7222,6.7675,0.1638,40.1564,0.4688,0.9209,0.1725,10.85,1.2337,0.4062,1.4563,54.625,49.2812,37.7375,20.8375,0.025,0.0619,0.1505,0.4596,0.4076,0.1432,0.3802,0.1578,0.5125,0.2979,0.1672,0.0519,0.1989,0.2134,0.22,0.2263,0.478,0.5789,0.3131,0.6867,0.0881,0.3054
6.9444,13.8889,13.8889,0.0,37.5,13.8889,13.8889,0.0,0.0,0.0,0.0,0.0,0.0,0.0,0.0,BCC,1,-5.9379,13.7159,4.4684,0.0464,7.5139,27.4583,0.2819,1934.4728,8.0272,127.4401,1.855,59.7006,1.7917,4.5835,4.6583,59.575,8.0167,2.3383,11.3972,145.9028,225.2362,180.2695,82.8403,0.3011,0.465,1.468,4.1898,0.0546,335.2932,1.0829,4.6347,0.1069,10.0693,0.4398,0.6213,0.2315,5.5764,1.113,0.4014,3.1929,56.1824,43.7577,30.0254,20.2442,0.0345,0.091,0.242,0.2481,0.2355,0.2435,0.214,0.082,0.2757,0.3076,0.2033,0.058,0.1421,0.2256,0.2129,0.4017,0.4902,0.2727,0.2411,0.346,0.1753,0.3017
10.0,0.0,20.0,10.0,20.0,20.0,0.0,0.0,0.0,0.0,0.0,0.0,20.0,0.0,0.0,BCC+FCC,1,-4.8012,14.5336,5.0755,0.0487,7.6,24.8,0.3,1676.7,7.454,128.821,1.741,53.3472,1.8,3.836,4.543,51.46,6.855,2.228,14.63,167.5,197.6,148.56,79.09,0.277,0.529,1.8,2.68,0.0418,275.56,1.0564,5.3414,0.135,5.8135,0.48,0.5248,0.2642,9.688,1.666,0.4096,5.036,133.0,39.04,25.848,16.772,0.0416,0.1168,0.2954,0.1718,0.1617,0.2111,0.2306,0.0815,0.1756,0.3333,0.1488,0.0768,0.2121,0.3206,0.2318,0.4023,1.0199,0.2971,0.2082,0.3111,0.1684,0.2464
0.0,9.0,9.0,0.0,37.0,0.0,0.0,0.0,0.0,0.0,0.0,0.0,45.0,0.0,0.0,FCC,3,-0.7407,9.6496,22.2635,0.0409,7.46,25.46,0.2923,1708.94,7.7198,129.1753,1.6932,55.3684,1.91,3.6617,4.365,49.484,7.7475,2.1323,15.931,311.37,211.09,149.78,79.196,0.2707,0.5476,0.6768,0.6768,0.0187,170.946,0.3202,5.2422,0.1349,0.9943,0.1638,0.6675,0.2385,10.3356,0.9967,0.1699,5.1921,169.767,12.2238,23.202,8.0597,0.0385,0.1052,0.1046,0.0306,0.074,0.1176,0.0543,0.0822,0.0276,0.1498,0.184,0.0633,0.2134,0.1336,0.1192,0.3451,0.5596,0.1051,0.1684,0.1997,0.1854,0.2439
22.22222222,22.22222222,0.0,22.22222222,22.22222222,11.11111111,0.0,0.0,0.0,0.0,0.0,0.0,0.0,0.0,0.0,IM,3,-5.0457,13.1453,3.8986,0.0576,8.0,24.2222,0.3177,1496.4444,7.2922,129.4411,1.8167,52.145,2.0,3.9489,4.6678,52.5222,5.8156,1.8733,16.1222,111.2222,160.0,150.1,53.3333,0.3398,0.3611,2.2222,4.9877,0.0431,311.9506,2.041,6.1017,0.0919,11.1836,0.4444,0.4523,0.2548,10.5086,2.5872,0.3526,3.5802,80.2469,53.3333,36.9778,19.1556,0.0318,0.081,0.3584,0.2513,0.1657,0.2307,0.3412,0.0626,0.2627,0.3333,0.1162,0.0643,0.2234,0.4722,0.2511,0.2685,0.8006,0.3585,0.2892,0.3978,0.1195,0.2831
0.0,0.0,0.0,0.0,0.0,0.0,20.0,20.0,0.0,20.0,20.0,0.0,0.0,0.0,20.0,IM,2,-1.6257,13.381,21.4086,0.0546,4.8,43.6,0.123,2601.0,9.3,145.712,1.626,101.7794,1.6,6.718,4.306,59.28,6.714,2.146,6.98,124.0,160.8,171.56,55.36,0.3702,0.288,0.64,11.76,0.0314,453.2,3.324,5.9904,0.2136,31.6682,0.48,0.9344,0.1272,12.424,1.7032,0.5128,1.416,52.8,77.36,45.848,32.832,0.0414,0.1016,0.1559,0.3773,0.3117,0.1917,0.4477,0.1732,0.426,0.3062,0.1678,0.041,0.2153,0.2848,0.27,0.2533,0.4908,0.5744,0.3266,0.6935,0.1217,0.3875
7.936507937,15.87301587,15.87301587,15.87301587,15.87301587,15.87301587,0.0,12.6984127,0.0,0.0,0.0,0.0,0.0,0.0,0.0,IM,3,-9.5034,15.995,2.9025,0.0625,7.7302,25.0952,0.2997,1724.4921,7.4143,129.369,1.7805,54.0949,1.7619,4.1706,4.6673,54.319,6.6205,2.1241,12.9778,105.3175,183.619,155.5508,63.5143,0.325,0.404,2.2474,3.0537,0.0567,241.9803,1.5596,6.4525,0.1264,6.5516,0.4837,0.3624,0.2589,7.9441,1.9454,0.4088,3.231,61.0683,52.2298,27.8403,28.1451,0.0543,0.1423,0.3373,0.1666,0.2176,0.1936,0.2674,0.0771,0.1711,0.331,0.1079,0.0642,0.1739,0.3347,0.2377,0.3426,0.7021,0.3344,0.2202,0.4855,0.2016,0.4287
7.031778229,14.08609421,14.08609421,14.08609421,14.08609421,14.08609421,0.0,22.53775073,0.0,0.0,0.0,0.0,0.0,0.0,0.0,IM,3,-14.007,15.8209,1.9755,0.0707,7.3103,24.7478,0.2864,1748.9793,7.0864,131.2585,1.7534,53.3961,1.7886,4.2473,4.6293,53.1811,6.4643,2.0697,12.6636,100.2209,176.0119,151.0912,58.9865,0.3342,0.381,2.4675,3.1014,0.0653,230.8134,1.7827,8.3876,0.1427,6.6015,0.4443,0.3754,0.2569,8.3321,1.9024,0.4088,3.1747,57.0651,54.9223,29.7316,28.8034,0.0559,0.1457,0.3727,0.1639,0.2509,0.1839,0.2939,0.0856,0.1674,0.31,0.1118,0.0652,0.1777,0.3299,0.2413,0.3378,0.7096,0.3503,0.229,0.5375,0.1999,0.4605
20.83333333,20.83333333,0.0,20.83333333,20.83333333,16.66666667,0.0,0.0,0.0,0.0,0.0,0.0,0.0,0.0,0.0,IM,3,-5.4208,13.3508,3.7212,0.0566,8.125,24.4583,0.3202,1510.9167,7.3933,129.1379,1.8225,52.5542,2.0,3.9796,4.6979,53.3083,5.9058,1.9187,15.9458,108.3333,162.5,152.2375,55.2,0.3375,0.3667,2.1875,4.7743,0.0424,304.5139,1.9556,5.8467,0.0885,10.6551,0.4167,0.4497,0.2766,10.5069,2.5007,0.3495,3.5035,77.6389,52.0833,36.4479,20.2917,0.0316,0.0806,0.3469,0.2439,0.1619,0.2243,0.3301,0.0617,0.2542,0.3227,0.1156,0.0667,0.2207,0.4541,0.2544,0.2663,0.8025,0.3469,0.2813,0.3945,0.1193,0.2763
3.915881073,18.63669326,18.63669326,3.915881073,18.63669326,36.25815809,0.0,0.0,0.0,0.0,0.0,0.0,0.0,0.0,0.0,FCC,4,-4.3042,12.9773,5.3955,0.0289,8.4605,26.1472,0.3194,1789.541,8.1424,125.5104,1.8308,55.9071,1.8136,4.2592,4.8261,59.8158,7.5843,2.3666,12.3269,117.992,210.6186,173.2757,77.2196,0.3056,0.4537,1.5164,1.8849,0.0372,153.5358,0.8791,1.5624,0.0812,3.7463,0.367,0.1876,0.2997,5.2797,0.9681,0.3606,2.4801,62.2525,25.6303,17.8064,19.8279,0.0426,0.1128,0.2212,0.1168,0.1373,0.1435,0.1588,0.0553,0.1165,0.2644,0.0633,0.0643,0.1186,0.2028,0.1794,0.2983,0.6198,0.2092,0.1429,0.331,0.1988,0.357
42.88164666,14.27958834,14.27958834,0.0,14.27958834,14.27958834,0.0,0.0,0.0,0.0,0.0,0.0,0.0,0.0,0.0,BCC,3,-15.2812,12.2615,1.1789,0.069,5.9987,20.5682,0.2772,1469.1985,5.8444,132.6088,1.7299,43.7661,2.286,3.9112,4.5699,49.0506,5.4242,1.8354,16.5602,86.1123,158.3907,135.3759,58.159,0.3167,0.4243,2.5718,6.4907,0.0476,459.8615,2.6967,9.0576,0.1228,14.3946,0.6123,0.447,0.2885,13.1651,3.1168,0.6478,6.0376,67.0178,75.8067,48.0926,29.908,0.0417,0.1106,0.4715,0.3234,0.1812,0.3296,0.4752,0.0734,0.3358,0.3061,0.1182,0.0732,0.2784,0.5871,0.3863,0.3933,0.9572,0.5065,0.3694,0.5506,0.1736,0.3468
0.0,0.0,0.0,0.0,0.0,0.0,2.9411765,29.4117647,0.0,29.4117647,0.0,8.8235294,0.0,0.0,29.4117647,BCC,3,0.7594,11.6208,34.9417,0.0607,4.4412,33.5588,0.1421,2283.3824,6.6026,147.7665,1.5221,75.5514,1.6765,6.1603,4.2441,52.9941,5.7044,1.8885,7.7353,104.5,105.9706,139.7441,32.7471,0.3972,0.2215,0.519,8.6626,0.0366,310.5173,1.3765,7.3433,0.113,20.6277,0.4377,0.9208,0.1142,10.8754,1.317,0.4512,1.5495,40.5882,22.9066,29.9931,13.2907,0.0174,0.0429,0.1244,0.2661,0.2817,0.1501,0.2561,0.1054,0.2814,0.2791,0.1755,0.0318,0.2108,0.2585,0.2591,0.2304,0.4224,0.4177,0.2476,0.5849,0.0619,0.2742
0.0,0.0,0.0,0.0,0.0,0.0,18.1818182,27.2727273,0.0,18.1818182,0.0,0.0,0.0,18.1818182,18.1818182,BCC,3,-1.3437,13.2541,23.6581,0.0584,4.5455,41.4545,0.126,2398.4545,8.2455,148.4336,1.5818,96.431,1.6364,6.2464,4.2445,53.1273,6.0409,2.0091,7.2364,131.4545,137.0909,153.0273,45.2091,0.3818,0.26,0.6942,11.3058,0.0365,347.8678,2.674,7.6846,0.2169,29.8396,0.4628,0.7617,0.196,11.2529,1.4902,0.5243,1.6397,57.686,69.7851,47.9802,28.5421,0.0305,0.0764,0.172,0.3988,0.3484,0.156,0.3781,0.1868,0.449,0.294,0.1533,0.0547,0.2211,0.2888,0.2878,0.268,0.4821,0.6728,0.373,0.8333,0.1076,0.3953
15.9744,15.9744,15.9744,15.9744,15.9744,15.9744,0.0,0.0,0.0,4.1534,0.0,0.0,0.0,0.0,0.0,BCC+FCC,1,-6.816,15.7145,3.8645,0.0561,7.7156,25.1853,0.3019,1676.1953,7.4586,128.8886,1.7901,54.3371,1.7987,4.1626,4.6642,54.5002,6.4285,2.1174,13.9453,102.8432,179.9197,155.2521,64.9816,0.3183,0.4205,2.2803,4.2718,0.0542,339.1049,1.6061,5.7264,0.1149,9.4877,0.5767,0.4818,0.2625,8.8181,2.2515,0.448,3.9646,63.0391,57.2906,29.8738,26.9184,0.0482,0.1273,0.3469,0.2465,0.2144,0.2651,0.2907,0.0688,0.2619,0.3853,0.1971,0.0655,0.1989,0.3975,0.2667,0.3816,0.7477,0.3722,0.2458,0.4521,0.1891,0.382
0.0,0.0,20.0,0.0,0.0,20.0,0.0,20.0,0.0,20.0,20.0,0.0,0.0,0.0,0.0,IM,1,-17.3553,13.381,1.8333,0.0698,6.0,37.6,0.1959,2377.8,9.172,136.31,1.642,86.4824,1.6,5.812,4.506,60.6,7.268,2.372,8.7,79.0,177.2,164.76,66.24,0.3298,0.394,1.6,15.52,0.0861,513.76,3.0032,9.248,0.1144,40.3565,0.48,1.6184,0.2576,8.88,0.9216,0.3376,2.44,13.2,53.36,21.728,27.232,0.0582,0.1528,0.3496,0.5025,0.5146,0.2396,0.443,0.088,0.5763,0.3062,0.2886,0.0739,0.1633,0.1623,0.1759,0.3104,0.1895,0.3562,0.1622,0.4822,0.2124,0.4706
0.0,16.66666667,0.0,0.0,16.66666667,33.33333333,16.66666667,0.0,0.0,0.0,0.0,16.66666667,0.0,0.0,0.0,IM,3,-8.7707,12.9758,2.987,0.0361,8.0,29.0,0.2859,2019.0,8.4817,127.71,1.8867,63.176,1.8333,4.9467,4.7833,64.0333,8.0133,2.4033,10.9333,150.6667,212.8333,192.8333,76.9833,0.3262,0.3967,1.6667,4.3333,0.0705,347.0,0.9878,4.1467,0.1067,10.9247,0.2778,0.7456,0.3167,2.7,0.6644,0.3233,2.8222,60.5556,38.7222,26.3111,21.2222,0.0362,0.0911,0.2394,0.2088,0.2783,0.2093,0.1483,0.0824,0.2362,0.2033,0.1829,0.0695,0.0542,0.0928,0.1472,0.292,0.4812,0.2782,0.1816,0.3498,0.1263,0.261
3.5,26.31578947,17.55263158,0.0,17.55263158,26.31578947,0.0,8.763157895,0.0,0.0,0.0,0.0,0.0,0.0,0.0,FCC,2,-11.5661,13.6693,2.1548,0.0533,7.9129,25.6329,0.3036,1823.2734,7.8051,127.2375,1.8013,55.0222,1.8595,4.3383,4.78,58.8698,7.5716,2.267,12.0109,131.5934,206.2547,171.1799,69.9933,0.3217,0.4139,1.7012,2.0942,0.0453,145.8629,1.1525,4.4299,0.1088,4.2792,0.3017,0.1705,0.3105,5.8213,0.9791,0.3904,2.4313,70.3599,28.6481,21.8633,26.6146,0.0596,0.1532,0.2617,0.1183,0.1798,0.1281,0.2042,0.0695,0.1168,0.2349,0.0603,0.0671,0.1319,0.195,0.2005,0.2908,0.6048,0.233,0.1703,0.4278,0.2177,0.445
6.25,31.25,31.25,0.0,0.0,31.25,0.0,0.0,0.0,0.0,0.0,0.0,0.0,0.0,0.0,FCC,1,-8.0339,10.5067,2.396,0.0352,8.0,25.5,0.3083,1832.0625,7.9625,126.0106,1.8037,54.6932,1.75,4.2525,4.8456,59.4813,7.5369,2.3894,11.8812,128.4375,219.375,174.7063,76.2313,0.3082,0.4512,1.875,2.5,0.0461,217.4609,1.1406,2.1449,0.1141,5.1497,0.4688,0.2031,0.2867,6.1484,0.8914,0.4383,3.5508,77.8516,37.2656,21.5547,28.2734,0.064,0.168,0.2615,0.1421,0.1581,0.1665,0.1961,0.0659,0.1427,0.3194,0.0625,0.0632,0.1343,0.2094,0.212,0.3806,0.6685,0.2349,0.1684,0.4174,0.2512,0.458
9.0909,18.1818,18.1818,0.0,18.1818,18.1818,0.0,0.0,0.0,18.1818,0.0,0.0,0.0,0.0,0.0,IM,1,-16.2843,14.6974,1.7564,0.0629,7.1818,27.7272,0.2701,1946.089,7.7727,129.6735,1.7609,60.3388,1.7273,4.8136,4.6527,59.3363,7.3664,2.2964,11.6727,117.3635,188.9089,167.7362,68.2363,0.3213,0.4155,1.9835,4.9256,0.0683,377.3875,1.1342,7.2634,0.1226,11.8425,0.5289,1.0023,0.3071,6.5421,1.1821,0.3894,3.5802,61.19,52.1323,19.524,27.0876,0.0581,0.1504,0.3075,0.2673,0.2999,0.2509,0.2215,0.0721,0.2923,0.357,0.2762,0.0715,0.1547,0.2571,0.2149,0.4123,0.6249,0.3441,0.1851,0.4335,0.2119,0.4327
0.0,12.987,12.987,0.0,12.987,25.974,0.0,0.0,0.0,15.5844,0.0,6.4935,12.987,0.0,0.0,IM,1,-13.0002,15.6119,2.359,0.0533,7.5974,28.4026,0.278,1964.3487,8.1241,129.2973,1.75,61.8254,1.7143,4.7154,4.6377,59.3298,7.6301,2.3664,12.0792,167.4674,193.1167,169.3959,72.0869,0.3116,0.44,1.717,3.9264,0.0637,329.2856,0.7362,6.02,0.1377,9.6874,0.4082,0.9669,0.3603,6.8804,0.6427,0.2902,3.58,108.5881,35.9218,16.7107,20.7701,0.0545,0.1403,0.2512,0.1982,0.2849,0.1996,0.1027,0.0815,0.2201,0.2635,0.286,0.0843,0.1535,0.0973,0.1344,0.3863,0.8465,0.2606,0.128,0.338,0.2105,0.3928
0.0,0.0,40.0,0.0,20.0,20.0,0.0,0.0,0.0,0.0,0.0,0.0,20.0,0.0,0.0,BCC+FCC,3,-3.3747,11.0758,6.182,0.0328,7.4,25.4,0.289,1883.6,7.728,126.706,1.722,54.6936,1.6,3.968,4.55,54.28,7.998,2.504,11.84,179.0,233.4,158.72,94.34,0.2508,0.602,1.28,1.28,0.0348,237.12,0.5336,3.3176,0.1184,2.1581,0.48,0.4192,0.24,6.512,0.8384,0.3392,4.528,128.4,36.48,13.888,16.128,0.037,0.1056,0.2023,0.0589,0.1394,0.1381,0.0832,0.0754,0.0462,0.3062,0.1359,0.0742,0.1652,0.1103,0.1464,0.4822,0.9102,0.1606,0.1236,0.1754,0.1576,0.1883
0.0,20.8333333,20.8333333,0.0,20.8333333,20.8333333,0.0,16.6666667,0.0,0.0,0.0,0.0,0.0,0.0,0.0,IM,3,-13.6603,13.3508,1.8406,0.0624,7.5417,25.5417,0.2903,1883.2917,7.5875,128.2583,1.7733,54.9501,1.7917,4.3937,4.7112,57.8458,7.6654,2.2754,11.0958,126.25,206.625,167.2125,70.4667,0.3195,0.4208,1.8229,1.8229,0.053,142.8646,1.1948,5.9639,0.125,3.5919,0.3299,0.1714,0.3031,5.8177,0.9807,0.3872,2.3385,62.7083,32.9688,20.6146,28.25,0.0644,0.1656,0.276,0.0815,0.2089,0.0885,0.2012,0.0771,0.0741,0.2267,0.0538,0.0672,0.1237,0.1605,0.1912,0.2512,0.574,0.2407,0.1617,0.4537,0.2321,0.4639
0.0,5.283911672,0.0,5.283911672,5.283911672,5.283911672,0.0,0.0,0.0,78.86435331,0.0,0.0,0.0,0.0,0.0,IM,4,-10.057,6.724,1.6855,0.0515,5.9511,38.1467,0.169,2520.9424,8.5932,139.2018,1.6592,85.7935,1.1585,6.8472,4.411,65.4246,7.0084,2.4129,8.695,90.4621,122.4369,172.8045,45.7498,0.3786,0.2675,1.5002,4.5005,0.0741,361.2895,0.0962,5.8331,0.0933,11.2185,0.2668,1.1401,0.175,2.8003,0.3158,0.1256,2.2002,23.4686,27.503,4.3549,7.8995,0.0207,0.0505,0.3206,0.1451,0.5421,0.1786,0.0238,0.0694,0.1608,0.3153,0.2056,0.0557,0.0711,0.1189,0.0746,0.3238,0.4677,0.3024,0.0613,0.2768,0.0794,0.277
0.0,25.641,25.641,0.0,12.8205,12.8205,2.5641,0.0,0.0,20.5128,0.0,0.0,0.0,0.0,0.0,IM,1,-13.253,13.6642,2.1697,0.0574,7.3333,29.4872,0.2635,2104.3825,8.2851,128.7976,1.7708,64.6455,1.5128,5.0226,4.6731,61.8358,7.9692,2.4364,9.9743,137.8204,207.7947,179.3075,72.4358,0.3215,0.4177,1.7094,5.3649,0.0711,344.2402,0.6655,6.1682,0.1269,13.1993,0.4997,1.1373,0.2899,4.4122,0.6211,0.3152,3.2827,66.9164,44.171,16.0808,29.2844,0.0709,0.1845,0.2477,0.2207,0.3209,0.1908,0.0913,0.0779,0.246,0.3304,0.2707,0.0666,0.0789,0.0888,0.1485,0.3374,0.5425,0.2987,0.1154,0.439,0.2433,0.4961
