Pm.1,ρ,α,ad-e/n,δ-e/n,δ-Ec,,Pm.2,ΔS,ad-e/n.1,ad-HD,ad-G,δ-χ,δ-EWF,δ-HD,δ-G,,Pm.3,e/a,EWF,ad-e/n.2,δ-e/n.1,δ-ρ,δ-Ec.1,δ-G.1,δ-υ,,Pm.4,ΔS.1,EWF.1,ad-e/n.3,δ-VEC,δ-EWF.1,δ-G.2,δ-G/B,,Pm.5,Ω,e/a.1,EWF.2,G,ad-e/n.4,ad-G.1,δ-e/n.2,δ-ρ.1,
1,7.756,13.225,0.0515,0.1798,0.0999,BCC+FCC,1,10.8536,0.0515,86.415,30.759,0.0664,0.0529,0.7199,0.5363,BCC+FCC,1,1.55,4.6905,0.0515,0.1798,0.2382,0.0999,0.5363,0.2449,BCC+FCC,1,10.8536,4.6905,0.0515,0.3137,0.0529,0.5363,0.5237,BCC+FCC,1,123.9665,1.55,4.6905,63.235,0.0515,30.759,0.1798,0.2382,BCC+FCC
1,6.8995,14.3,0.0488,0.172,0.1014,BCC+FCC,1,10.7244,0.0488,95.24,31.6065,0.0722,0.0705,0.7527,0.5704,BCC+FCC,1,2,4.71,0.0488,0.172,0.365,0.1014,0.5704,0.234,BCC+FCC,1,10.7244,4.71,0.0488,0.3786,0.0705,0.5704,0.516,BCC+FCC,1,1.2996,2,4.71,60.405,0.0488,31.6065,0.172,0.365,BCC+FCC
4,8.1065,14.305,0.0253,0.1107,0.071,FCC,4,10.3824,0.0253,84.655,22.265,0.0464,0.0606,0.6265,0.3723,FCC,4,2.1,4.9055,0.0253,0.1107,0.2265,0.071,0.3723,0.1444,FCC,4,10.3824,4.9055,0.0253,0.2308,0.0606,0.3723,0.3575,FCC,4,2.5484,2.1,4.9055,60.425,0.0253,22.265,0.1107,0.2265,FCC
1,8.15,16.46,0.0341,0.1192,0.1763,FCC,1,10.1769,0.0341,162.5,17.824,0.0916,0.0981,0.7807,0.2887,FCC,1,2.05,4.754,0.0341,0.1192,0.1724,0.1763,0.2887,0.1971,FCC,1,10.1769,4.754,0.0341,0.2088,0.0981,0.2887,0.3651,FCC,1,1.8403,2.05,4.754,68.24,0.0341,17.824,0.1192,0.1724,FCC
1,6.9215,16.185,0.0481,0.1885,0.106,BCC+FCC,1,10.2365,0.0481,51.4,22.016,0.0654,0.0314,0.7102,0.4217,BCC+FCC,1,1.85,4.4975,0.0481,0.1885,0.3599,0.106,0.4217,0.1098,BCC+FCC,1,10.2365,4.4975,0.0481,0.4005,0.0314,0.4217,0.2274,BCC+FCC,1,33.9586,1.85,4.4975,58.105,0.0481,22.016,0.1885,0.3599,BCC+FCC
1,6.566,15.23,0.0465,0.175,0.1085,BCC+FCC,1,10.9232,0.0465,45.6,24.252,0.0711,0.0763,0.6797,0.4035,BCC+FCC,1,2.2,4.629,0.0465,0.175,0.3939,0.1085,0.4035,0.1171,BCC+FCC,1,10.9232,4.629,0.0465,0.4071,0.0763,0.4035,0.2092,BCC+FCC,1,1.2334,2.2,4.629,69.62,0.0465,24.252,0.175,0.3939,BCC+FCC
4,8.4595,12.365,0.025,0.0975,0.0239,FCC,4,10.8536,0.025,67.135,19.599,0.0389,0.0581,0.5358,0.3197,FCC,4,1.9,4.8775,0.025,0.0975,0.0709,0.0239,0.3197,0.189,FCC,4,10.8536,4.8775,0.025,0.1373,0.0581,0.3197,0.3837,FCC,4,8.2335,1.9,4.8775,73.065,0.025,19.599,0.0975,0.0709,FCC
2,8.456,12.39,0.0241,0.0956,0.0235,FCC,2,10.8536,0.0241,68.915,21.3675,0.0385,0.0571,0.5103,0.3422,FCC,2,1.9,4.87,0.0241,0.0956,0.0706,0.0235,0.3422,0.1937,FCC,2,10.8536,4.87,0.0241,0.1346,0.0571,0.3422,0.4114,FCC,2,8.5727,1.9,4.87,70.925,0.0241,21.3675,0.0956,0.0706,FCC
1,8.3525,11.55,0.0354,0.1303,0.0313,FCC,1,10.8536,0.0354,76.105,24.8325,0.0547,0.0571,0.5649,0.3803,FCC,1,1.75,4.87,0.0354,0.1303,0.0877,0.0313,0.3803,0.2399,FCC,1,10.8536,4.87,0.0354,0.1813,0.0571,0.3803,0.4609,FCC,1,5.0616,1.75,4.87,75.875,0.0354,24.8325,0.1303,0.0877,FCC
4,8.4935,13.455,0.0259,0.0838,0.0838,FCC,4,10.9707,0.0259,59.28,17.204,0.0188,0.0579,0.5539,0.2635,FCC,4,1.8,4.7675,0.0259,0.0838,0.0591,0.0838,0.2635,0.1258,FCC,4,10.9707,4.7675,0.0259,0.1273,0.0579,0.2635,0.2526,FCC,4,3.8865,1.8,4.7675,68.92,0.0259,17.204,0.0838,0.0591,FCC
2,8.535,13.24,0.0213,0.0731,0.0632,FCC,2,10.8536,0.0213,63.2,18.1605,0.018,0.0582,0.5395,0.2802,FCC,2,1.9,4.835,0.0213,0.0731,0.0564,0.0632,0.2802,0.1425,FCC,2,10.8536,4.835,0.0213,0.1108,0.0582,0.2802,0.3014,FCC,2,9.6673,1.9,4.835,68.315,0.0213,18.1605,0.0731,0.0564,FCC
1,8.3965,16.85,0.0341,0.1163,0.1837,FCC,1,11.0999,0.0341,173.34,16.8545,0.0937,0.0967,0.7731,0.2655,FCC,1,1.85,4.6775,0.0341,0.1163,0.0811,0.1837,0.2655,0.198,FCC,1,11.0999,4.6775,0.0341,0.17,0.0967,0.2655,0.3586,FCC,1,6.6748,1.85,4.6775,67.435,0.0341,16.8545,0.1163,0.0811,FCC
4,8.33,16.34,0.0287,0.0977,0.1821,FCC,4,10.2365,0.0287,148.89,18.1405,0.0916,0.0976,0.5983,0.2884,FCC,4,2,4.6975,0.0287,0.0977,0.08,0.1821,0.2884,0.2205,FCC,4,10.2365,4.6975,0.0287,0.1417,0.0976,0.2884,0.4236,FCC,4,3.1327,2,4.6975,66.315,0.0287,18.1405,0.0977,0.08,FCC
1,8.043,15.61,0.0502,0.1693,0.1372,BCC+FCC,1,10.6407,0.0502,178.2,20.856,0.0875,0.052,0.9686,0.3403,BCC+FCC,1,1.4,4.44,0.0502,0.1693,0.0937,0.1372,0.3403,0.2014,BCC+FCC,1,10.6407,4.44,0.0502,0.2482,0.052,0.3403,0.3033,BCC+FCC,1,2.096,1.4,4.44,73.37,0.0502,20.856,0.1693,0.0937,BCC+FCC
4,8.2555,14.465,0.0331,0.1581,0.2127,FCC,4,10.2365,0.0331,145.95,4.037,0.0904,0.0892,0.8133,0.1137,FCC,4,1.95,4.6325,0.0331,0.1581,0.0897,0.2127,0.1137,0.0898,FCC,4,10.2365,4.6325,0.0331,0.1574,0.0892,0.1137,0.1398,FCC,4,4.6868,1.95,4.6325,83.33,0.0331,4.037,0.1581,0.0897,FCC
3,7.703,7.32,0.0411,0.4199,0.1293,BCC,3,10.1769,0.0411,43.675,4.234,0.0794,0.0413,0.374,0.2243,BCC,3,1.95,4.109,0.0411,0.4199,0.4395,0.1293,0.2243,0.0331,BCC,3,10.1769,4.109,0.0411,0.0538,0.0413,0.2243,0.1607,BCC,3,48.9561,1.95,4.109,24.21,0.0411,4.234,0.4199,0.4395,BCC
3,8.0415,7.345,0.0427,0.4426,0.1299,BCC,3,10.3061,0.0427,44.48,4.4035,0.0803,0.0427,0.3775,0.2199,BCC,3,1.95,4.1015,0.0427,0.4426,0.4454,0.1299,0.2199,0.0339,BCC,3,10.3061,4.1015,0.0427,0.0538,0.0427,0.2199,0.1608,BCC,3,48,1.95,4.1015,24.695,0.0427,4.4035,0.4426,0.4454,BCC
1,7.955,13.33,0.0468,0.1652,0.0974,BCC+FCC,1,11.217,0.0468,47.82,24.95,0.0553,0.0297,0.5949,0.3975,BCC+FCC,1,1.45,4.574,0.0468,0.1652,0.1745,0.0974,0.3975,0.1827,BCC+FCC,1,11.217,4.574,0.0468,0.2687,0.0297,0.3975,0.3352,BCC+FCC,1,2.2351,1.45,4.574,69.75,0.0468,24.95,0.1652,0.1745,BCC+FCC
1,7.7305,14.2,0.0476,0.1702,0.1013,BCC+FCC,1,11.5758,0.0476,50.445,24.3135,0.0578,0.0328,0.648,0.4134,BCC+FCC,1,1.55,4.563,0.0476,0.1702,0.2324,0.1013,0.4134,0.1659,BCC+FCC,1,11.5758,4.563,0.0476,0.3028,0.0328,0.4134,0.3219,BCC+FCC,1,3.1261,1.55,4.563,65.485,0.0476,24.3135,0.1702,0.2324,BCC+FCC
1,7.63,14.79,0.0404,0.1573,0.106,BCC+FCC,1,12.3696,0.0404,87.955,20.5125,0.0601,0.0575,0.6657,0.4767,BCC+FCC,1,1.85,4.697,0.0404,0.1573,0.2812,0.106,0.4767,0.1764,BCC+FCC,1,12.3696,4.697,0.0404,0.313,0.0575,0.4767,0.4594,BCC+FCC,1,7.0254,1.85,4.697,53.675,0.0404,20.5125,0.1573,0.2812,BCC+FCC
1,7.3675,13.215,0.0422,0.1547,0.0887,BCC+FCC,1,11.9058,0.0422,81.64,30.696,0.0642,0.0597,0.6063,0.5206,BCC+FCC,1,1.85,4.6745,0.0422,0.1547,0.2817,0.0887,0.5206,0.2396,BCC+FCC,1,11.9058,4.6745,0.0422,0.3097,0.0597,0.5206,0.5113,BCC+FCC,1,2.8433,1.85,4.6745,63.755,0.0422,30.696,0.1547,0.2817,BCC+FCC
1,7.1185,14.095,0.0494,0.1802,0.1034,BCC+FCC,1,12.8408,0.0494,82.68,30.269,0.0685,0.0578,0.7461,0.54,BCC+FCC,1,1.8,4.6285,0.0494,0.1802,0.3249,0.1034,0.54,0.2288,BCC+FCC,1,12.8408,4.6285,0.0494,0.3672,0.0578,0.54,0.4766,BCC+FCC,1,3.8971,1.8,4.6285,61.83,0.0494,30.269,0.1802,0.3249,BCC+FCC
1,7.1615,14.05,0.0484,0.1739,0.1017,BCC+FCC,1,11.7645,0.0484,92.12,29.742,0.0688,0.0616,0.7065,0.5643,BCC+FCC,1,1.85,4.671,0.0484,0.1739,0.326,0.1017,0.5643,0.2334,BCC+FCC,1,11.7645,4.671,0.0484,0.3584,0.0616,0.5643,0.5252,BCC+FCC,1,2.5462,1.85,4.671,59.43,0.0484,29.742,0.1739,0.326,BCC+FCC
1,7.622,13.695,0.0499,0.1716,0.0944,BCC+FCC,1,12.0108,0.0499,61.46,27.154,0.0697,0.0703,0.8052,0.4261,BCC+FCC,1,1.9,4.8345,0.0499,0.1716,0.285,0.0944,0.4261,0.202,BCC+FCC,1,12.0108,4.8345,0.0499,0.326,0.0703,0.4261,0.3865,BCC+FCC,1,1.991,1.9,4.8345,71.005,0.0499,27.154,0.1716,0.285,BCC+FCC
1,7.5675,15.47,0.0441,0.1632,0.1104,BCC+FCC,1,11.7645,0.0441,75.625,24.3025,0.0665,0.0703,0.8812,0.4323,BCC+FCC,1,2.05,4.856,0.0441,0.1632,0.3253,0.1104,0.4323,0.1463,BCC+FCC,1,11.7645,4.856,0.0441,0.3404,0.0703,0.4323,0.338,BCC+FCC,1,1.7742,2.05,4.856,59.675,0.0441,24.3025,0.1632,0.3253,BCC+FCC
1,7.3955,14.76,0.0511,0.1776,0.1079,BCC+FCC,1,12.8408,0.0511,74.375,27.7455,0.0709,0.0712,0.8532,0.4779,BCC+FCC,1,1.95,4.791,0.0511,0.1776,0.3274,0.1079,0.4779,0.1888,BCC+FCC,1,12.8408,4.791,0.0511,0.3587,0.0712,0.4779,0.4071,BCC+FCC,1,2.03,1.95,4.791,62.805,0.0511,27.7455,0.1776,0.3274,BCC+FCC
1,7.308,14.235,0.0521,0.1791,0.102,BCC+FCC,1,12.482,0.0521,73.375,29.555,0.0723,0.0723,0.8297,0.4806,BCC+FCC,1,1.95,4.7835,0.0521,0.1791,0.3278,0.102,0.4806,0.2077,BCC+FCC,1,12.482,4.7835,0.0521,0.3613,0.0723,0.4806,0.4205,BCC+FCC,1,1.7682,1.95,4.7835,66.165,0.0521,29.555,0.1791,0.3278,BCC+FCC
1,7.3125,14.745,0.0548,0.1888,0.1112,BCC+FCC,1,13.2758,0.0548,74.5,28.214,0.0717,0.066,0.8592,0.5183,BCC+FCC,1,1.8,4.7085,0.0548,0.1888,0.328,0.1112,0.5183,0.2045,BCC+FCC,1,13.2758,4.7085,0.0548,0.3737,0.066,0.5183,0.4415,BCC+FCC,1,3.2224,1.8,4.7085,60.78,0.0548,28.214,0.1888,0.328,BCC+FCC
1,7.08,15.13,0.0523,0.1812,0.1093,BCC+FCC,1,12.377,0.0523,84.66,28.142,0.0735,0.0738,0.8541,0.5132,BCC+FCC,1,2.05,4.765,0.0523,0.1812,0.3666,0.1093,0.5132,0.1924,BCC+FCC,1,12.377,4.765,0.0523,0.3879,0.0738,0.5132,0.4313,BCC+FCC,1,1.518,2.05,4.765,59.76,0.0523,28.142,0.1812,0.3666,BCC+FCC
1,7.157,12.585,0.0493,0.1812,0.1224,BCC+FCC,1,11.5758,0.0493,84.76,31.353,0.0693,0.0639,0.6291,0.5566,BCC+FCC,1,1.8,4.6545,0.0493,0.1812,0.2924,0.1224,0.5566,0.2484,BCC+FCC,1,11.5758,4.6545,0.0493,0.3396,0.0639,0.5566,0.5452,BCC+FCC,1,2.0551,1.8,4.6545,62.245,0.0493,31.353,0.1812,0.2924,BCC+FCC
1,7.2195,13.835,0.0482,0.181,0.125,BCC+FCC,1,12.5825,0.0482,118.35,33.245,0.0754,0.0632,0.9239,0.5081,BCC+FCC,1,1.65,4.5745,0.0482,0.181,0.2829,0.125,0.5081,0.267,BCC+FCC,1,12.5825,4.5745,0.0482,0.3462,0.0632,0.5081,0.4583,BCC+FCC,1,5.059,1.65,4.5745,69.45,0.0482,33.245,0.181,0.2829,BCC+FCC
1,7.3845,14.595,0.0484,0.1744,0.1297,BCC+FCC,1,12.5825,0.0484,123.38,29.422,0.077,0.0679,0.8416,0.5277,BCC+FCC,1,1.75,4.6245,0.0484,0.1744,0.2843,0.1297,0.5277,0.2483,BCC+FCC,1,12.5825,4.6245,0.0484,0.3355,0.0679,0.5277,0.5067,BCC+FCC,1,3.9052,1.75,4.6245,62.04,0.0484,29.422,0.1744,0.2843,BCC+FCC
1,7.628,15.25,0.0477,0.1721,0.1233,BCC+FCC,1,11.9058,0.0477,113.395,20.774,0.0716,0.0629,0.8221,0.5142,BCC+FCC,1,1.75,4.6845,0.0477,0.1721,0.2839,0.1233,0.5142,0.2009,BCC+FCC,1,11.9058,4.6845,0.0477,0.3298,0.0629,0.5142,0.508,BCC+FCC,1,5.5905,1.75,4.6845,53.44,0.0477,20.774,0.1721,0.2839,BCC+FCC
3,8.084,12.985,0.0255,0.1033,0.0523,FCC,3,11.3007,0.0255,58.325,19.291,0.0418,0.0642,0.5134,0.3155,FCC,3,2,4.7765,0.0255,0.1033,0.1669,0.0523,0.3155,0.1665,FCC,3,11.3007,4.7765,0.0255,0.1897,0.0642,0.3155,0.3325,FCC,3,4.5409,2,4.7765,70.685,0.0255,19.291,0.1033,0.1669,FCC
2,7.818,13.625,0.0269,0.1159,0.0697,FCC,2,11.6353,0.0269,67.34,23.291,0.0493,0.0642,0.5241,0.3859,FCC,2,2.05,4.7505,0.0269,0.1159,0.2283,0.0697,0.3859,0.1737,FCC,2,11.6353,4.7505,0.0269,0.2372,0.0642,0.3859,0.3891,FCC,2,3.0577,2.05,4.7505,63.79,0.0269,23.291,0.1159,0.2283,FCC
1,7.035,13.18,0.0477,0.172,0.0925,BCC+FCC,1,12.9458,0.0477,66.04,30.608,0.0704,0.0706,0.7468,0.4623,BCC+FCC,1,1.9,4.686,0.0477,0.172,0.3239,0.0925,0.4623,0.2327,BCC+FCC,1,12.9458,4.686,0.0477,0.3557,0.0706,0.4623,0.4014,BCC+FCC,1,1.8394,1.9,4.686,73.06,0.0477,30.608,0.172,0.3239,BCC+FCC
1,7.1165,15.215,0.0491,0.1736,0.1053,BCC+FCC,1,11.9774,0.0491,77.75,27.245,0.0722,0.0763,0.8514,0.4664,BCC+FCC,1,2.15,4.7975,0.0491,0.1736,0.3657,0.1053,0.4664,0.1719,BCC+FCC,1,11.9774,4.7975,0.0491,0.3783,0.0763,0.4664,0.3718,BCC+FCC,1,1.3069,2.15,4.7975,62.045,0.0491,27.245,0.1736,0.3657,BCC+FCC
1,6.979,14.785,0.0485,0.173,0.1033,BCC+FCC,1,12.9245,0.0485,78.275,28.725,0.0718,0.0751,0.805,0.4845,BCC+FCC,1,2.1,4.7325,0.0485,0.173,0.3643,0.1033,0.4845,0.1925,BCC+FCC,1,12.9245,4.7325,0.0485,0.3793,0.0751,0.4845,0.3979,BCC+FCC,1,1.505,2.1,4.7325,63.525,0.0485,28.725,0.173,0.3643,BCC+FCC
1,6.597,15.535,0.0433,0.1669,0.1085,BCC+FCC,1,11.4299,0.0433,57.98,24.521,0.0689,0.0743,0.7364,0.4061,BCC+FCC,1,2.25,4.6215,0.0433,0.1669,0.3935,0.1085,0.4061,0.1168,BCC+FCC,1,11.4299,4.6215,0.0433,0.3979,0.0743,0.4061,0.2171,BCC+FCC,1,1.335,2.25,4.6215,65.83,0.0433,24.521,0.1669,0.3935,BCC+FCC
1,6.6,15.43,0.0437,0.1619,0.1074,BCC+FCC,1,12.5945,0.0437,80.75,27.1855,0.0688,0.0697,0.7566,0.493,BCC+FCC,1,2.2,4.624,0.0437,0.1619,0.395,0.1074,0.493,0.1765,BCC+FCC,1,12.5945,4.624,0.0437,0.3916,0.0697,0.493,0.3769,BCC+FCC,1,1.5153,2.2,4.624,59.005,0.0437,27.1855,0.1619,0.395,BCC+FCC
1,6.648,15.53,0.0447,0.164,0.1082,BCC+FCC,1,12.5108,0.0447,85.9,26.58,0.0697,0.0712,0.7599,0.507,BCC+FCC,1,2.2,4.649,0.0447,0.164,0.3969,0.1082,0.507,0.1789,BCC+FCC,1,12.5108,4.649,0.0447,0.3935,0.0712,0.507,0.4029,BCC+FCC,1,1.4552,2.2,4.649,56.95,0.0447,26.58,0.164,0.3969,BCC+FCC
1,7.0395,12.5,0.0484,0.1924,0.0862,BCC+FCC,1,12.6521,0.0484,67.92,29.106,0.0738,0.059,0.5663,0.5247,BCC+FCC,1,1.95,4.6025,0.0484,0.1924,0.2855,0.0862,0.5247,0.2151,BCC+FCC,1,12.6521,4.6025,0.0484,0.3105,0.059,0.5247,0.4936,BCC+FCC,1,1.5108,1.95,4.6025,60.16,0.0484,29.106,0.1924,0.2855,BCC+FCC
1,7.174,12.3,0.0443,0.1748,0.0818,BCC+FCC,1,12.5108,0.0443,66.12,29.98,0.0693,0.0575,0.5516,0.5019,BCC+FCC,1,1.9,4.611,0.0443,0.1748,0.2681,0.0818,0.5019,0.2305,BCC+FCC,1,12.5108,4.611,0.0443,0.2928,0.0575,0.5019,0.4836,BCC+FCC,1,1.8212,1.9,4.611,64.72,0.0443,29.98,0.1748,0.2681,BCC+FCC
1,7.786,13.285,0.0474,0.1746,0.0786,BCC+FCC,1,11.6353,0.0474,86.59,28.07,0.0702,0.066,0.7164,0.4676,BCC+FCC,1,1.95,4.872,0.0474,0.1746,0.2572,0.0786,0.4676,0.2043,BCC+FCC,1,11.6353,4.872,0.0474,0.2952,0.066,0.4676,0.4678,BCC+FCC,1,1.5503,1.95,4.872,64.52,0.0474,28.07,0.1746,0.2572,BCC+FCC
1,7.13,11.905,0.0464,0.1729,0.1016,BCC+FCC,1,11.5758,0.0464,76.51,35.125,0.069,0.0666,0.682,0.4993,BCC+FCC,1,1.75,4.672,0.0464,0.1729,0.2871,0.1016,0.4993,0.2728,BCC+FCC,1,11.5758,4.672,0.0464,0.3308,0.0666,0.4993,0.479,BCC+FCC,1,1.8358,1.75,4.672,73.115,0.0464,35.125,0.1729,0.2871,BCC+FCC
1,6.9845,13.18,0.0475,0.172,0.1106,BCC+FCC,1,11.217,0.0475,89.2,32.9165,0.0703,0.0679,0.6801,0.5628,BCC+FCC,1,1.9,4.6785,0.0475,0.172,0.3291,0.1106,0.5628,0.2502,BCC+FCC,1,11.217,4.6785,0.0475,0.3533,0.0679,0.5628,0.5322,BCC+FCC,1,1.5,1.9,4.6785,63.005,0.0475,32.9165,0.172,0.3291,BCC+FCC
1,7.538,14.02,0.0464,0.1616,0.1094,BCC+FCC,1,12.2237,0.0464,107.06,29.08,0.0741,0.0746,0.8189,0.4744,BCC+FCC,1,1.95,4.7845,0.0464,0.1616,0.2845,0.1094,0.4744,0.2274,BCC+FCC,1,12.2237,4.7845,0.0464,0.3156,0.0746,0.4744,0.4696,BCC+FCC,1,1.7885,1.95,4.7845,66.12,0.0464,29.08,0.1616,0.2845,BCC+FCC
1,7.6205,14.4,0.0439,0.1552,0.1099,BCC+FCC,1,11.9058,0.0439,110.02,27.5765,0.0727,0.0735,0.784,0.477,BCC+FCC,1,2,4.8095,0.0439,0.1552,0.2836,0.1099,0.477,0.2127,BCC+FCC,1,11.9058,4.8095,0.0439,0.3077,0.0735,0.477,0.4801,BCC+FCC,1,1.7489,2,4.8095,62.415,0.0439,27.5765,0.1552,0.2836,BCC+FCC
1,8.2155,14,0.0234,0.0997,0.0855,FCC,1,10.9586,0.0234,70.24,19.45,0.0338,0.0547,0.4986,0.3516,FCC,1,1.9,4.744,0.0234,0.0997,0.1642,0.0855,0.3516,0.1462,FCC,1,10.9586,4.744,0.0234,0.1892,0.0547,0.3516,0.3723,FCC,1,13.5357,1.9,4.744,57.4,0.0234,19.45,0.0997,0.1642,FCC
3,7.9255,14.73,0.0347,0.1316,0.1053,FCC,3,12.5825,0.0347,66.7,20.2,0.0459,0.0588,0.662,0.3363,FCC,3,1.85,4.688,0.0347,0.1316,0.2278,0.1053,0.3363,0.1208,FCC,3,12.5825,4.688,0.0347,0.2573,0.0588,0.3363,0.2573,FCC,3,18.8514,1.85,4.688,61.81,0.0347,20.2,0.1316,0.2278,FCC
4,7.552,14.71,0.0307,0.1333,0.0968,FCC,4,12.1233,0.0307,68.4,21.71,0.052,0.0623,0.6081,0.3693,FCC,4,2.05,4.672,0.0307,0.1333,0.2767,0.0968,0.3693,0.139,FCC,4,12.1233,4.672,0.0307,0.2878,0.0623,0.3693,0.3065,FCC,4,4.4509,2.05,4.672,60.13,0.0307,21.71,0.1333,0.2767,FCC
1,7.398,14.275,0.0504,0.2085,0.1117,BCC+FCC,1,12.3696,0.0504,83.36,14.611,0.0747,0.0612,0.628,0.4186,BCC+FCC,1,1.95,4.675,0.0504,0.2085,0.2931,0.1117,0.4186,0.1267,BCC+FCC,1,12.3696,4.675,0.0504,0.3312,0.0612,0.4186,0.3916,BCC+FCC,1,1.7519,1.95,4.675,45.97,0.0504,14.611,0.2085,0.2931,BCC+FCC
4,7.847,13.155,0.0348,0.1556,0.1172,FCC,4,11.5758,0.0348,63.92,16.329,0.0543,0.0607,0.4336,0.3389,FCC,4,1.95,4.674,0.0348,0.1556,0.1927,0.1172,0.3389,0.1353,FCC,4,11.5758,4.674,0.0348,0.2469,0.0607,0.3389,0.3682,FCC,4,4.5431,1.95,4.674,54.285,0.0348,16.329,0.1556,0.1927,FCC
4,7.87,14.585,0.0343,0.1443,0.1184,FCC,4,11.7645,0.0343,76.6,15.045,0.0513,0.0572,0.5694,0.3521,FCC,4,1.9,4.698,0.0343,0.1443,0.2354,0.1184,0.3521,0.1293,FCC,4,11.7645,4.698,0.0343,0.2685,0.0572,0.3521,0.3565,FCC,4,12.6305,1.9,4.698,51.41,0.0343,15.045,0.1443,0.2354,FCC
1,8.076,17.075,0.0351,0.1229,0.1847,FCC,1,11.4299,0.0351,160.72,19.346,0.0942,0.0985,0.6897,0.3132,FCC,1,2,4.669,0.0351,0.1229,0.1733,0.1847,0.3132,0.2125,FCC,1,11.4299,4.669,0.0351,0.2152,0.0985,0.3132,0.4079,FCC,1,2.4254,2,4.669,64.045,0.0351,19.346,0.1229,0.1733,FCC
1,8.1475,17.02,0.0348,0.1265,0.1754,FCC,1,12.0349,0.0348,146.07,19.0425,0.0899,0.0904,0.7038,0.3337,FCC,1,1.9,4.664,0.0348,0.1265,0.1723,0.1754,0.3337,0.2053,FCC,1,12.0349,4.664,0.0348,0.2203,0.0904,0.3337,0.4433,FCC,1,4.309,1.9,4.664,58.575,0.0348,19.0425,0.1265,0.1723,FCC
1,7.1175,14.905,0.0401,0.1659,0.0995,BCC+FCC,1,12.2933,0.0401,77.82,23.4105,0.0672,0.0711,0.6602,0.4282,BCC+FCC,1,2.2,4.695,0.0401,0.1659,0.3381,0.0995,0.4282,0.1443,BCC+FCC,1,12.2933,4.695,0.0401,0.3403,0.0711,0.4282,0.3446,BCC+FCC,1,1.3996,2.2,4.695,56.055,0.0401,23.4105,0.1659,0.3381,BCC+FCC
3,7.891,13.655,0.0345,0.1777,0.1766,FCC,3,11.8937,0.0345,65.83,21.844,0.0534,0.0682,0.5566,0.3564,FCC,3,2.05,4.748,0.0345,0.1777,0.2266,0.1766,0.3564,0.149,FCC,3,11.8937,4.748,0.0345,0.2499,0.0682,0.3564,0.3396,FCC,3,2.1383,2.05,4.748,62.26,0.0345,21.844,0.1777,0.2266,FCC
1,7.5895,12.14,0.0481,0.1875,0.1073,BCC+FCC,1,11.4299,0.0481,46.12,16.7575,0.0654,0.0786,0.4596,0.2607,BCC+FCC,1,2.05,4.6915,0.0481,0.1875,0.2062,0.1073,0.2607,0.1018,BCC+FCC,1,11.4299,4.6915,0.0481,0.2853,0.0786,0.2607,0.1994,BCC+FCC,1,1.676,2.05,4.6915,69.525,0.0481,16.7575,0.1875,0.2062,BCC+FCC
1,7.5855,16.575,0.0292,0.1188,0.1726,FCC,1,12.8408,0.0292,151.85,18.353,0.0864,0.0887,0.7164,0.302,FCC,1,2.1,4.5555,0.0292,0.1188,0.228,0.1726,0.302,0.1919,FCC,1,12.8408,4.5555,0.0292,0.2433,0.0887,0.302,0.3342,FCC,1,2.3638,2.1,4.5555,67.255,0.0292,18.353,0.1188,0.228,FCC
1,7.142,13.94,0.0437,0.1711,0.1143,BCC+FCC,1,11.5758,0.0437,69.96,18.213,0.0669,0.0659,0.5107,0.4072,BCC+FCC,1,2.15,4.6385,0.0437,0.1711,0.3045,0.1143,0.4072,0.1394,BCC+FCC,1,11.5758,4.6385,0.0437,0.3167,0.0659,0.4072,0.3837,BCC+FCC,1,1.4036,2.15,4.6385,51.145,0.0437,18.213,0.1711,0.3045,BCC+FCC
1,7.94,14.475,0.0499,0.1687,0.1111,BCC+FCC,1,12.1233,0.0499,23.875,24.285,0.0616,0.0599,0.5129,0.3954,BCC+FCC,1,1.55,4.7005,0.0499,0.1687,0.2345,0.1111,0.3954,0.1497,BCC+FCC,1,12.1233,4.7005,0.0499,0.2949,0.0599,0.3954,0.2905,BCC+FCC,1,19.0663,1.55,4.7005,67.965,0.0499,24.285,0.1687,0.2345,BCC+FCC
1,7.508,14.875,0.0486,0.1737,0.1076,BCC+FCC,1,12.2525,0.0486,43.8,23.285,0.0609,0.0489,0.6169,0.3948,BCC+FCC,1,1.7,4.5845,0.0486,0.1737,0.2804,0.1076,0.3948,0.1322,BCC+FCC,1,12.2525,4.5845,0.0486,0.3324,0.0489,0.3948,0.2583,BCC+FCC,1,10.4842,1.7,4.5845,65.155,0.0486,23.285,0.1737,0.2804,BCC+FCC
1,7.176,15.085,0.041,0.1679,0.1088,BCC+FCC,1,12.0108,0.041,50.475,22.284,0.0617,0.058,0.6247,0.3702,BCC+FCC,1,1.95,4.5835,0.041,0.1679,0.3202,0.1088,0.3702,0.1054,BCC+FCC,1,12.0108,4.5835,0.041,0.3525,0.058,0.3702,0.2015,BCC+FCC,1,6.2313,1.95,4.5835,66.105,0.041,22.284,0.1679,0.3202,BCC+FCC
1,7.285,15.915,0.0507,0.1807,0.1076,BCC+FCC,1,11.217,0.0507,45.975,21.394,0.063,0.0425,0.6825,0.4031,BCC+FCC,1,1.75,4.5485,0.0507,0.1807,0.3231,0.1076,0.4031,0.1091,BCC+FCC,1,11.217,4.5485,0.0507,0.365,0.0425,0.4031,0.229,BCC+FCC,1,13.7997,1.75,4.5485,59.095,0.0507,21.394,0.1807,0.3231,BCC+FCC
1,7.0695,13.905,0.0479,0.1798,0.1023,BCC+FCC,1,13.0295,0.0479,39.225,23.647,0.0687,0.0682,0.593,0.3872,BCC+FCC,1,1.9,4.6335,0.0479,0.1798,0.322,0.1023,0.3872,0.1553,BCC+FCC,1,13.0295,4.6335,0.0479,0.3661,0.0682,0.3872,0.2606,BCC+FCC,1,2.8028,1.9,4.6335,74.645,0.0479,23.647,0.1798,0.322,BCC+FCC
1,6.985,13.72,0.0491,0.1855,0.1019,BCC+FCC,1,13.1708,0.0491,39.75,26.2205,0.0682,0.0581,0.5929,0.4131,BCC+FCC,1,1.8,4.576,0.0491,0.1855,0.3205,0.1019,0.4131,0.1734,BCC+FCC,1,13.1708,4.576,0.0491,0.3749,0.0581,0.4131,0.2835,BCC+FCC,1,4.5532,1.8,4.576,74.415,0.0491,26.2205,0.1855,0.3205,BCC+FCC
1,7.001,14.325,0.0448,0.1806,0.1001,BCC+FCC,1,11.2766,0.0448,45.4,21.1775,0.0707,0.0766,0.5981,0.3617,BCC+FCC,1,2.15,4.675,0.0448,0.1806,0.3368,0.1001,0.3617,0.1147,BCC+FCC,1,11.2766,4.675,0.0448,0.3586,0.0766,0.3617,0.2066,BCC+FCC,1,1.2335,2.15,4.675,70.375,0.0448,21.1775,0.1806,0.3368,BCC+FCC
1,7.3015,13.76,0.0485,0.1737,0.1264,BCC+FCC,1,12.1233,0.0485,83.7,16.9045,0.08,0.0846,1.1462,0.3181,BCC+FCC,1,1.9,4.687,0.0485,0.1737,0.2824,0.1264,0.3181,0.1647,BCC+FCC,1,12.1233,4.687,0.0485,0.3328,0.0846,0.3181,0.2441,BCC+FCC,1,1.7077,1.9,4.687,82.235,0.0485,16.9045,0.1737,0.2824,BCC+FCC
1,7.2685,13.51,0.0503,0.2106,0.0955,BCC+FCC,1,11.6353,0.0503,43.225,22.295,0.0763,0.0748,0.5379,0.373,BCC+FCC,1,2.05,4.6875,0.0503,0.2106,0.2902,0.0955,0.373,0.1241,BCC+FCC,1,11.6353,4.6875,0.0503,0.3337,0.0748,0.373,0.2398,BCC+FCC,1,1.2303,2.05,4.6875,66.425,0.0503,22.295,0.2106,0.2902,BCC+FCC
1,7.355,15.11,0.046,0.184,0.1182,BCC+FCC,1,11.5758,0.046,50.6,21.185,0.0635,0.0504,0.6165,0.3673,BCC+FCC,1,1.85,4.5685,0.046,0.184,0.2967,0.1182,0.3673,0.0983,BCC+FCC,1,11.5758,4.5685,0.046,0.3389,0.0504,0.3673,0.1994,BCC+FCC,1,9.1893,1.85,4.5685,60.655,0.046,21.185,0.184,0.2967,BCC+FCC
3,8.605,13.28,0.0245,0.0913,0.0766,FCC,3,12.2237,0.0245,71.3,20.282,0.0304,0.0555,0.6239,0.3206,FCC,3,1.8,4.875,0.0245,0.0913,0.0602,0.0766,0.3206,0.1589,FCC,3,12.2237,4.875,0.0245,0.1321,0.0555,0.3206,0.3428,FCC,3,9.4054,1.8,4.875,68.34,0.0245,20.282,0.0913,0.0602,FCC
2,8.4315,12.4,0.0311,0.119,0.0653,FCC,2,12.8408,0.0311,68.375,21.6255,0.0454,0.0582,0.5906,0.3441,FCC,2,1.75,4.835,0.0311,0.119,0.0776,0.0653,0.3441,0.1981,FCC,2,12.8408,4.835,0.0311,0.1686,0.0582,0.3441,0.3899,FCC,2,86.8112,1.75,4.835,73.265,0.0311,21.6255,0.119,0.0776,FCC
3,8.54,12.94,0.0197,0.0829,0.0479,FCC,3,11.3007,0.0197,72.84,21.8325,0.0297,0.0543,0.5011,0.3522,FCC,3,1.9,4.87,0.0197,0.0829,0.0618,0.0479,0.3522,0.1744,FCC,3,11.3007,4.87,0.0197,0.1197,0.0543,0.3522,0.4114,FCC,3,12114.6863,1.9,4.87,65.425,0.0197,21.8325,0.0829,0.0618,FCC
2,8.529,11.93,0.0358,0.1611,0.1226,FCC,2,11.9774,0.0358,66.1,18.415,0.0524,0.0593,0.53,0.318,FCC,2,1.85,4.8575,0.0358,0.1611,0.0833,0.1226,0.318,0.1828,FCC,2,11.9774,4.8575,0.0358,0.1563,0.0593,0.318,0.3544,FCC,2,7.3196,1.85,4.8575,77.23,0.0358,18.415,0.1611,0.0833,FCC
4,8.277,12.465,0.03,0.1304,0.0316,FCC,4,11.4299,0.03,64.15,19.806,0.049,0.0631,0.5419,0.3255,FCC,4,1.95,4.844,0.03,0.1304,0.1232,0.0316,0.3255,0.1714,FCC,4,11.4299,4.844,0.03,0.1725,0.0631,0.3255,0.3568,FCC,4,3.3333,1.95,4.844,70.56,0.03,19.806,0.1304,0.1232,FCC
4,8.402,11.915,0.0378,0.1749,0.1577,FCC,4,11.5758,0.0378,56.145,14.688,0.0496,0.0665,0.5377,0.2675,FCC,4,1.85,4.825,0.0378,0.1749,0.0716,0.1577,0.2675,0.171,FCC,4,11.5758,4.825,0.0378,0.174,0.0665,0.2675,0.3148,FCC,4,3.452,1.85,4.825,77.295,0.0378,14.688,0.1749,0.0716,FCC
3,8.5805,12.495,0.0335,0.1647,0.1549,FCC,3,11.217,0.0335,71.4,20.286,0.044,0.0598,0.57,0.3217,FCC,3,1.9,4.9,0.0335,0.1647,0.0592,0.1549,0.3217,0.1702,FCC,3,11.217,4.9,0.0335,0.1528,0.0598,0.3217,0.3738,FCC,3,3.5773,1.9,4.9,69.48,0.0335,20.286,0.1647,0.0592,FCC
1,8.577,12.52,0.0328,0.1637,0.1551,FCC,1,11.2766,0.0328,72.32,21.482,0.0436,0.059,0.5451,0.3412,FCC,1,1.9,4.8925,0.0328,0.1637,0.059,0.1551,0.3412,0.1731,FCC,1,11.2766,4.8925,0.0328,0.1508,0.059,0.3412,0.3989,FCC,1,3.6681,1.9,4.8925,67.34,0.0328,21.482,0.1637,0.059,FCC
4,8.1395,11.715,0.0359,0.1446,0.0696,FCC,4,12.2525,0.0359,52.42,15.935,0.0533,0.0692,0.4934,0.2738,FCC,4,1.9,4.7825,0.0359,0.1446,0.1099,0.0696,0.2738,0.1671,FCC,4,12.2525,4.7825,0.0359,0.1978,0.0692,0.2738,0.3119,FCC,4,3.6241,1.9,4.7825,76.07,0.0359,15.935,0.1446,0.1099,FCC
4,8.1725,11.84,0.0285,0.1201,0.0541,FCC,4,11.7645,0.0285,49.72,16.5625,0.0456,0.0645,0.4558,0.2845,FCC,4,1.9,4.7525,0.0285,0.1201,0.0921,0.0541,0.2845,0.1779,FCC,4,11.7645,4.7525,0.0285,0.1663,0.0645,0.2845,0.3327,FCC,4,5.3313,1.9,4.7525,75.425,0.0285,16.5625,0.1201,0.0921,FCC
1,7.9795,15.05,0.0309,0.1162,0.1754,FCC,1,12.8287,0.0309,160.055,14.744,0.0876,0.0894,0.6582,0.2859,FCC,1,1.85,4.5575,0.0309,0.1162,0.0853,0.1754,0.2859,0.2346,FCC,1,12.8287,4.5575,0.0309,0.1674,0.0894,0.2859,0.3482,FCC,1,5.4667,1.85,4.5575,77.26,0.0309,14.744,0.1162,0.0853,FCC
1,8.326,14.27,0.0316,0.1126,0.1434,FCC,1,12.5108,0.0316,132.4,19.128,0.0789,0.0849,0.7263,0.3197,FCC,1,1.9,4.765,0.0316,0.1126,0.083,0.1434,0.3197,0.2215,FCC,1,12.5108,4.765,0.0316,0.16,0.0849,0.3197,0.4086,FCC,1,4.7105,1.9,4.765,72.28,0.0316,19.128,0.1126,0.083,FCC
1,7.994,13.495,0.0501,0.1966,0.1152,BCC+FCC,1,11.6353,0.0501,119.78,25.01,0.086,0.0779,0.7942,0.4407,BCC+FCC,1,1.95,4.837,0.0501,0.1966,0.1952,0.1152,0.4407,0.1935,BCC+FCC,1,11.6353,4.837,0.0501,0.2539,0.0779,0.4407,0.4809,BCC+FCC,1,1.3413,1.95,4.837,60.28,0.0501,25.01,0.1966,0.1952,BCC+FCC
1,7.8385,13.305,0.0462,0.2017,0.1133,BCC+FCC,1,11.5758,0.0462,58.05,20.8835,0.0662,0.047,0.5782,0.3817,BCC+FCC,1,1.7,4.602,0.0462,0.2017,0.189,0.1133,0.3817,0.1375,BCC+FCC,1,11.5758,4.602,0.0462,0.267,0.047,0.3817,0.3145,BCC+FCC,1,23.7916,1.7,4.602,58.485,0.0462,20.8835,0.2017,0.189,BCC+FCC
1,7.933,13.335,0.0459,0.1985,0.1075,BCC+FCC,1,12.8408,0.0459,67.6,20.604,0.067,0.0569,0.6195,0.3969,BCC+FCC,1,1.75,4.677,0.0459,0.1985,0.1904,0.1075,0.3969,0.1403,BCC+FCC,1,12.8408,4.677,0.0459,0.2602,0.0569,0.3969,0.3502,BCC+FCC,1,5.5645,1.75,4.677,56.17,0.0459,20.604,0.1985,0.1904,BCC+FCC
1,8.089,13.73,0.0483,0.1998,0.1157,BCC+FCC,1,13.0871,0.0483,69.13,19.489,0.0687,0.0608,0.7146,0.3991,BCC+FCC,1,1.7,4.7495,0.0483,0.1998,0.1917,0.1157,0.3991,0.1292,BCC+FCC,1,13.0871,4.7495,0.0483,0.2584,0.0608,0.3991,0.335,BCC+FCC,1,4.0339,1.7,4.7495,54.63,0.0483,19.489,0.1998,0.1917,BCC+FCC
1,8.0375,13.655,0.0484,0.2004,0.1152,BCC+FCC,1,13.0871,0.0484,69.72,19.3785,0.0681,0.059,0.6858,0.3977,BCC+FCC,1,1.7,4.717,0.0484,0.2004,0.1915,0.1152,0.3977,0.1317,BCC+FCC,1,13.0871,4.717,0.0484,0.2606,0.059,0.3977,0.34,BCC+FCC,1,4.9909,1.7,4.717,54.545,0.0484,19.3785,0.2004,0.1915,BCC+FCC
1,8.0855,13.755,0.0476,0.1994,0.1154,BCC+FCC,1,12.9821,0.0476,75.9,17.916,0.0683,0.059,0.7012,0.3997,BCC+FCC,1,1.7,4.742,0.0476,0.1994,0.1915,0.1154,0.3997,0.1279,BCC+FCC,1,12.9821,4.742,0.0476,0.2583,0.059,0.3997,0.3495,BCC+FCC,1,4.3011,1.7,4.742,52.49,0.0476,17.916,0.1994,0.1915,BCC+FCC
4,8.625,13.065,0.0322,0.1609,0.1721,FCC,4,11.7645,0.0322,65.41,18.234,0.0371,0.0617,0.6043,0.2804,FCC,4,1.85,4.865,0.0322,0.1609,0.0506,0.1721,0.2804,0.1359,FCC,4,11.7645,4.865,0.0322,0.1477,0.0617,0.2804,0.2882,FCC,4,9.4837,1.85,4.865,68.52,0.0322,18.234,0.1609,0.0506,FCC
2,8.6265,13.235,0.0329,0.1627,0.1803,FCC,2,12.2237,0.0329,66.085,18.92,0.0369,0.0612,0.6133,0.2912,FCC,2,1.8,4.84,0.0329,0.1627,0.0507,0.1803,0.2912,0.1343,FCC,2,12.2237,4.84,0.0329,0.1522,0.0612,0.2912,0.2911,FCC,2,28.6497,1.8,4.84,66.725,0.0329,18.92,0.1627,0.0507,FCC
4,8.621,13.455,0.0321,0.1637,0.1881,FCC,4,12.482,0.0321,72.36,19.445,0.0361,0.0574,0.5865,0.3248,FCC,4,1.75,4.8,0.0321,0.1637,0.0504,0.1881,0.3248,0.1388,FCC,4,12.482,4.8,0.0321,0.1556,0.0574,0.3248,0.3389,FCC,4,20.6237,1.75,4.8,60.65,0.0321,19.445,0.1637,0.0504,FCC
4,8.2615,12.52,0.0322,0.1304,0.0815,FCC,4,11.6353,0.0322,53.34,15.806,0.0436,0.0681,0.5005,0.2453,FCC,4,1.95,4.79,0.0322,0.1304,0.1034,0.0815,0.2453,0.1263,FCC,4,11.6353,4.79,0.0322,0.1784,0.0681,0.2453,0.2507,FCC,4,5.6927,1.95,4.79,71.06,0.0322,15.806,0.1304,0.1034,FCC
4,8.175,12.515,0.0381,0.1536,0.104,FCC,4,12.6521,0.0381,53.88,17.598,0.0508,0.0689,0.5107,0.2684,FCC,4,1.9,4.755,0.0381,0.1536,0.119,0.104,0.2684,0.124,FCC,4,12.6521,4.755,0.0381,0.2093,0.0689,0.2684,0.2596,FCC,4,6.2841,1.9,4.755,67.685,0.0381,17.598,0.1536,0.119,FCC
4,8.1665,12.395,0.035,0.1474,0.0914,FCC,4,12.377,0.035,53.535,18.78,0.05,0.068,0.4757,0.2933,FCC,4,1.95,4.765,0.035,0.1474,0.1184,0.0914,0.2933,0.1383,FCC,4,12.377,4.765,0.035,0.1997,0.068,0.2933,0.3108,FCC,4,4.398,1.95,4.765,65.2,0.035,18.78,0.1474,0.1184,FCC
4,8.2705,13.08,0.0382,0.1564,0.124,FCC,4,13.0871,0.0382,65,17.0685,0.0503,0.0623,0.5393,0.3147,FCC,4,1.8,4.7475,0.0382,0.1564,0.1192,0.124,0.3147,0.1269,FCC,4,13.0871,4.7475,0.0382,0.2134,0.0623,0.3147,0.3241,FCC,4,39.9756,1.8,4.7475,57.845,0.0382,17.0685,0.1564,0.1192,FCC
1,8.29,15.585,0.0326,0.1099,0.1628,FCC,1,12.9245,0.0326,152.515,13.635,0.0807,0.0852,0.835,0.222,FCC,1,1.85,4.635,0.0326,0.1099,0.0763,0.1628,0.222,0.161,FCC,1,12.9245,4.635,0.0326,0.1631,0.0852,0.222,0.2761,FCC,1,45.3976,1.85,4.635,71.81,0.0326,13.635,0.1099,0.0763,FCC
1,8.3145,15.84,0.0314,0.1055,0.173,FCC,1,12.0349,0.0314,163.77,12.418,0.0874,0.095,0.7826,0.2149,FCC,1,1.95,4.69,0.0314,0.1055,0.0786,0.173,0.2149,0.1783,FCC,1,12.0349,4.69,0.0314,0.1546,0.095,0.2149,0.3002,FCC,1,5.5469,1.95,4.69,73.17,0.0314,12.418,0.1055,0.0786,FCC
4,8.158,15.81,0.0273,0.1018,0.1693,FCC,4,12.5108,0.0273,145.74,15.768,0.0831,0.0817,0.6638,0.2519,FCC,4,1.9,4.56,0.0273,0.1018,0.0752,0.1693,0.2519,0.1941,FCC,4,12.5108,4.56,0.0273,0.1525,0.0817,0.2519,0.3397,FCC,4,106.1894,1.9,4.56,68.98,0.0273,15.768,0.1018,0.0752,FCC
1,8.4065,16.43,0.0298,0.1079,0.1741,FCC,1,12.0349,0.0298,142.02,18.72,0.087,0.0886,0.6601,0.3093,FCC,1,1.85,4.675,0.0298,0.1079,0.0774,0.1741,0.3093,0.2082,FCC,1,12.0349,4.675,0.0298,0.1591,0.0886,0.3093,0.4393,FCC,1,19.6398,1.85,4.675,61.19,0.0298,18.72,0.1079,0.0774,FCC
3,8.1805,13.505,0.0251,0.1225,0.0982,FCC,3,10.4995,0.0251,77.62,20.3005,0.0536,0.0592,0.5103,0.3567,FCC,3,1.9,4.6865,0.0251,0.1225,0.1204,0.0982,0.3567,0.1687,FCC,3,10.4995,4.6865,0.0251,0.1652,0.0592,0.3567,0.4209,FCC,3,15.6297,1.9,4.6865,58.555,0.0251,20.3005,0.1225,0.1204,FCC
1,8.0165,14.39,0.0501,0.1972,0.1436,BCC+FCC,1,11.9058,0.0501,135.9,22.926,0.0906,0.0849,0.8991,0.3915,BCC+FCC,1,1.95,4.807,0.0501,0.1972,0.1945,0.1436,0.3915,0.181,BCC+FCC,1,11.9058,4.807,0.0501,0.2551,0.0849,0.3915,0.4196,BCC+FCC,1,1.4156,1.95,4.807,60.94,0.0501,22.926,0.1972,0.1945,BCC+FCC
3,8.391,12.645,0.0369,0.1849,0.1537,FCC,3,11.4299,0.0369,70.315,21.7055,0.0525,0.0632,0.5295,0.3529,FCC,3,1.95,4.8515,0.0369,0.1849,0.1177,0.1537,0.3529,0.1535,FCC,3,11.4299,4.8515,0.0369,0.1816,0.0632,0.3529,0.3786,FCC,3,2.282,1.95,4.8515,62.695,0.0369,21.7055,0.1849,0.1177,FCC
4,8.2165,12.62,0.03,0.138,0.0527,FCC,4,11.4299,0.03,65.205,21.145,0.0501,0.0639,0.4777,0.3442,FCC,4,2,4.819,0.03,0.138,0.1334,0.0527,0.3442,0.1537,FCC,4,11.4299,4.819,0.03,0.1803,0.0639,0.3442,0.371,FCC,4,2.8108,2,4.819,63.05,0.03,21.145,0.138,0.1334,FCC
1,8.041,15.44,0.0337,0.1375,0.175,FCC,1,12.2933,0.0337,159.495,14.304,0.0906,0.0948,0.7524,0.2546,FCC,1,2,4.6415,0.0337,0.1375,0.1276,0.175,0.2546,0.1905,FCC,1,12.2933,4.6415,0.0337,0.1873,0.0948,0.2546,0.3239,FCC,1,2.6209,2,4.6415,71.885,0.0337,14.304,0.1375,0.1276,FCC
1,7.73,13.25,0.04,0.1828,0.1147,BCC+FCC,1,12.6875,0.04,96.14,22.028,0.0796,0.0766,0.7314,0.3667,BCC+FCC,1,2,4.6645,0.04,0.1828,0.1877,0.1147,0.3667,0.1801,BCC+FCC,1,12.6875,4.6645,0.04,0.2365,0.0766,0.3667,0.381,BCC+FCC,1,1.8384,2,4.6645,64.54,0.04,22.028,0.1828,0.1877,BCC+FCC
2,8.385,12.995,0.027,0.1539,0.1769,FCC,2,10.9586,0.027,77.26,19.75,0.0499,0.0674,0.5279,0.3097,FCC,2,1.95,4.7425,0.027,0.1539,0.0608,0.1769,0.3097,0.1708,FCC,2,10.9586,4.7425,0.027,0.1322,0.0674,0.3097,0.3845,FCC,2,4.077,1.95,4.7425,65.175,0.027,19.75,0.1539,0.0608,FCC
1,7.986,15.07,0.0347,0.1395,0.1935,FCC,1,12.5108,0.0347,159.48,11.416,0.0884,0.0953,0.7498,0.1977,FCC,1,2,4.605,0.0347,0.1395,0.1091,0.1935,0.1977,0.1686,FCC,1,12.5108,4.605,0.0347,0.1948,0.0953,0.1977,0.2783,FCC,1,3.0472,2,4.605,73.69,0.0347,11.416,0.1395,0.1091,FCC
4,8.1695,13.96,0.0231,0.0995,0.1369,FCC,4,11.6353,0.0231,97.5,18.874,0.0669,0.0763,0.5591,0.2979,FCC,4,2,4.67,0.0231,0.0995,0.0887,0.1369,0.2979,0.1892,FCC,4,11.6353,4.67,0.0231,0.1375,0.0763,0.2979,0.4009,FCC,4,5.3959,2,4.67,65.18,0.0231,18.874,0.0995,0.0887,FCC
1,8.033,15.11,0.029,0.1127,0.1679,FCC,1,11.4299,0.029,164.55,5.0405,0.0843,0.0858,0.8107,0.1338,FCC,1,1.9,4.55,0.029,0.1127,0.076,0.1679,0.1338,0.1204,FCC,1,11.4299,4.55,0.029,0.1665,0.0858,0.1338,0.1779,FCC,1,11.2411,1.9,4.55,80.815,0.029,5.0405,0.1127,0.076,FCC
2,10.9965,6.91,0.0413,0.5067,0.1464,BCC,2,10.4995,0.0413,43.44,12.682,0.0973,0.0499,0.3793,0.4876,BCC,2,1.55,4.1465,0.0413,0.5067,0.2945,0.1464,0.4876,0.109,BCC,2,10.4995,4.1465,0.0413,0.1268,0.0499,0.4876,0.388,BCC,2,16.6593,1.55,4.1465,41.96,0.0413,12.682,0.5067,0.2945,BCC
3,7.91,7.1,0.0391,0.4254,0.1599,BCC,3,12.3287,0.0391,42.64,12.2275,0.0926,0.0439,0.3703,0.6595,BCC,3,1.75,4.1485,0.0391,0.4254,0.377,0.1599,0.6595,0.1121,BCC,3,12.3287,4.1485,0.0391,0.1295,0.0439,0.6595,0.4982,BCC,3,117.7892,1.75,4.1485,31.325,0.0391,12.2275,0.4254,0.377,BCC
3,12.636,7.04,0.0409,0.7445,0.1578,BCC,3,11.8937,0.0409,37.48,16.684,0.1048,0.0483,0.3361,0.4079,BCC,3,1.75,4.155,0.0409,0.7445,0.2916,0.1578,0.4079,0.0733,BCC,3,11.8937,4.155,0.0409,0.302,0.0483,0.4079,0.2293,BCC,3,19.8976,1.75,4.155,45.52,0.0409,16.684,0.7445,0.2916,BCC
2,8.5565,6.945,0.0324,0.4736,0.1358,BCC,2,11.2766,0.0324,38.48,11.044,0.1088,0.0429,0.3215,0.4485,BCC,2,1.65,4.144,0.0324,0.4736,0.3042,0.1358,0.4485,0.0704,BCC,2,11.2766,4.144,0.0324,0.2023,0.0429,0.4485,0.3037,BCC,2,57.8022,1.65,4.144,32.345,0.0324,11.044,0.4736,0.3042,BCC
3,10.8595,6.88,0.0361,0.5535,0.132,BCC,3,12.0349,0.0361,38.9,13.0395,0.1059,0.0456,0.3221,0.4342,BCC,3,1.65,4.145,0.0361,0.5535,0.3182,0.132,0.4342,0.0796,BCC,3,12.0349,4.145,0.0361,0.1915,0.0456,0.4342,0.2825,BCC,3,288.6736,1.65,4.145,40.555,0.0361,13.0395,0.5535,0.3182,BCC
2,10.8795,7.06,0.0371,0.4072,0.1332,BCC,2,11.5758,0.0371,45.32,15.456,0.1279,0.0483,0.4291,0.5185,BCC,2,1.55,4.1905,0.0371,0.4072,0.3312,0.1332,0.5185,0.07,BCC,2,11.5758,4.1905,0.0371,0.1231,0.0483,0.5185,0.2409,BCC,2,16.7892,1.55,4.1905,44.11,0.0371,15.456,0.4072,0.3312,BCC
4,8.742,7.39,0.0399,0.4141,0.1542,BCC,4,12.377,0.0399,50.9,12.511,0.1361,0.0503,0.444,0.6449,BCC,4,1.7,4.165,0.0399,0.4141,0.3886,0.1542,0.6449,0.0629,BCC,4,12.377,4.165,0.0399,0.1316,0.0503,0.6449,0.2625,BCC,4,22.6609,1.7,4.165,34.015,0.0399,12.511,0.4141,0.3886,BCC
3,9.308,6.64,0.0444,0.346,0.1538,BCC,3,11.6353,0.0444,52.28,40.126,0.176,0.0483,0.3496,0.54,BCC,3,1.5,4.3775,0.0444,0.346,0.35,0.1538,0.54,0.1121,BCC,3,11.6353,4.3775,0.0444,0.1208,0.0483,0.54,0.2654,BCC,3,10.6341,1.5,4.3775,77.705,0.0444,40.126,0.346,0.35,BCC
4,9.0895,6.965,0.0347,0.4569,0.1311,BCC,4,11.2766,0.0347,38.43,6.9735,0.077,0.0411,0.3269,0.4052,BCC,4,1.95,4.076,0.0347,0.4569,0.4343,0.1311,0.4052,0.0495,BCC,4,11.2766,4.076,0.0347,0.0732,0.0411,0.4052,0.2191,BCC,4,28.6736,1.95,4.076,27.285,0.0347,6.9735,0.4569,0.4343,BCC
4,10.182,7.31,0.0403,0.4503,0.1654,BCC,4,12.8408,0.0403,42.68,12.44,0.0863,0.044,0.4,0.4328,BCC,4,1.75,4.1535,0.0403,0.4503,0.4127,0.1654,0.4328,0.0588,BCC,4,12.8408,4.1535,0.0403,0.1113,0.044,0.4328,0.2213,BCC,4,11.9993,1.75,4.1535,36.05,0.0403,12.44,0.4503,0.4127,BCC
3,9.5345,7.36,0.044,0.485,0.1544,BCC,3,11.9058,0.044,47.33,7.198,0.0884,0.0466,0.3964,0.3677,BCC,3,1.85,4.1075,0.044,0.485,0.4197,0.1544,0.3677,0.0446,BCC,3,11.9058,4.1075,0.044,0.0952,0.0466,0.3677,0.1841,BCC,3,15.1054,1.85,4.1075,30.105,0.044,7.198,0.485,0.4197,BCC
2,8.3815,7.365,0.0418,0.4258,0.164,BCC,2,11.8937,0.0418,43.19,9.5775,0.0782,0.0402,0.3826,0.5038,BCC,2,1.95,4.1365,0.0418,0.4258,0.4982,0.164,0.5038,0.0585,BCC,2,11.8937,4.1365,0.0418,0.086,0.0402,0.5038,0.258,BCC,2,23.5085,1.95,4.1365,28.675,0.0418,9.5775,0.4258,0.4982,BCC
3,7.3445,7.26,0.0412,0.3766,0.1489,BCC,3,12.5825,0.0412,37.96,10.684,0.0926,0.0362,0.3337,0.3725,BCC,3,1.75,4.177,0.0412,0.3766,0.3218,0.1489,0.3725,0.0532,BCC,3,12.5825,4.177,0.0412,0.1113,0.0362,0.3725,0.23,BCC,3,36.7619,1.75,4.177,31.045,0.0412,10.684,0.3766,0.3218,BCC
3,10.045,6.57,0.0391,0.5329,0.1196,BCC,3,12.2525,0.0391,22.99,12.762,0.0948,0.04,0.2084,0.4432,BCC,3,1.9,4.08,0.0391,0.5329,0.377,0.1196,0.4432,0.0667,BCC,3,12.2525,4.08,0.0391,0.1096,0.04,0.4432,0.2521,BCC,3,67.6663,1.9,4.08,34.64,0.0391,12.762,0.5329,0.377,BCC
2,10.932,6.76,0.0399,0.4927,0.1448,BCC,2,13.0871,0.0399,31.1,16.155,0.085,0.0352,0.2692,0.4162,BCC,2,1.8,4.175,0.0399,0.4927,0.4011,0.1448,0.4162,0.0789,BCC,2,13.0871,4.175,0.0399,0.1026,0.0352,0.4162,0.257,BCC,2,27.4081,1.8,4.175,44.75,0.0399,16.155,0.4927,0.4011,BCC
4,8.1125,13.24,0.0348,0.1308,0.0865,FCC,4,13.7759,0.0348,61.095,20.6905,0.0484,0.0621,0.6098,0.3352,FCC,4,1.8,4.749,0.0348,0.1308,0.1702,0.0865,0.3352,0.1657,FCC,4,13.7759,4.749,0.0348,0.2232,0.0621,0.3352,0.3191,FCC,4,206.4445,1.8,4.749,71.315,0.0348,20.6905,0.1308,0.1702,FCC
3,8.1155,13.58,0.0368,0.1364,0.0974,FCC,3,13.7759,0.0368,62.445,22.2625,0.048,0.056,0.6284,0.3623,FCC,3,1.7,4.699,0.0368,0.1364,0.1704,0.0974,0.3623,0.1659,FCC,3,13.7759,4.699,0.0368,0.2311,0.056,0.3623,0.3332,FCC,3,7.6096,1.7,4.699,67.725,0.0368,22.2625,0.1364,0.1704,FCC
2,8.1575,13,0.0323,0.1235,0.0684,FCC,2,13.0175,0.0323,65.41,19.9,0.0489,0.0644,0.6132,0.3272,FCC,2,1.9,4.824,0.0323,0.1235,0.17,0.0684,0.3272,0.1736,FCC,2,13.0175,4.824,0.0323,0.2125,0.0644,0.3272,0.3358,FCC,2,6.23,1.9,4.824,72.85,0.0323,19.9,0.1235,0.17,FCC
3,8.3445,13.7,0.0272,0.1122,0.0801,FCC,3,12.6995,0.0272,73.9,21.436,0.0434,0.0596,0.6784,0.3429,FCC,3,1.9,4.889,0.0272,0.1122,0.1659,0.0801,0.3429,0.1572,FCC,3,12.6995,4.889,0.0272,0.1988,0.0596,0.3429,0.3392,FCC,3,9.9025,1.9,4.889,67.52,0.0272,21.436,0.1122,0.1659,FCC
3,8.19,13.475,0.0288,0.1137,0.0783,FCC,3,13.1708,0.0288,68.275,21.232,0.0425,0.0618,0.5898,0.3418,FCC,3,1.9,4.7915,0.0288,0.1137,0.1673,0.0783,0.3418,0.1619,FCC,3,13.1708,4.7915,0.0288,0.2027,0.0618,0.3418,0.3424,FCC,3,17.3539,1.9,4.7915,67.265,0.0288,21.232,0.1137,0.1673,FCC
4,8.1415,13.74,0.0305,0.12,0.0921,FCC,4,13.0175,0.0305,66.5,21.55,0.0416,0.0554,0.5777,0.361,FCC,4,1.8,4.709,0.0305,0.12,0.1674,0.0921,0.361,0.1607,FCC,4,13.0175,4.709,0.0305,0.2123,0.0554,0.361,0.3529,FCC,4,9.2126,1.8,4.709,63.59,0.0305,21.55,0.12,0.1674,FCC
3,8.154,13.025,0.0314,0.1219,0.0682,FCC,3,13.1708,0.0314,69,21.647,0.0484,0.0632,0.5983,0.3495,FCC,3,1.9,4.8165,0.0314,0.1219,0.1699,0.0682,0.3495,0.1812,FCC,3,13.1708,4.8165,0.0314,0.2108,0.0632,0.3495,0.3656,FCC,3,6.584,1.9,4.8165,70.71,0.0314,21.647,0.1219,0.1699,FCC
3,8.3425,13.895,0.0273,0.1142,0.0886,FCC,3,13.2283,0.0273,79.215,22.235,0.0429,0.0584,0.6658,0.3699,FCC,3,1.85,4.8565,0.0273,0.1142,0.1659,0.0886,0.3699,0.1595,FCC,3,13.2283,4.8565,0.0273,0.2018,0.0584,0.3699,0.3685,FCC,3,29.6088,1.85,4.8565,63.585,0.0273,22.235,0.1142,0.1659,FCC
4,8.013,12.62,0.0312,0.1265,0.067,FCC,4,13.2283,0.0312,64.92,24.15,0.0511,0.0605,0.5347,0.3869,FCC,4,1.85,4.744,0.0312,0.1265,0.1714,0.067,0.3869,0.206,FCC,4,13.2283,4.744,0.0312,0.2168,0.0605,0.3869,0.4148,FCC,4,7.4472,1.85,4.744,70.05,0.0312,24.15,0.1265,0.1714,FCC
2,8.1815,13.355,0.026,0.1067,0.067,FCC,2,12.47,0.026,69.09,22.372,0.0418,0.0606,0.5317,0.3659,FCC,2,1.95,4.8015,0.026,0.1067,0.1669,0.067,0.3659,0.172,FCC,2,12.47,4.8015,0.026,0.1939,0.0606,0.3659,0.3902,FCC,2,8.1272,1.95,4.8015,64.78,0.026,22.372,0.1067,0.1669,FCC
1,7.865,14.29,0.0442,0.1564,0.1072,BCC+FCC,1,13.6346,0.0442,47.38,22.5755,0.0563,0.0593,0.6572,0.3699,BCC+FCC,1,1.7,4.678,0.0442,0.1564,0.2319,0.1072,0.3699,0.1438,BCC+FCC,1,13.6346,4.678,0.0442,0.2838,0.0593,0.3699,0.2808,BCC+FCC,1,18.5618,1.7,4.678,67.595,0.0442,22.5755,0.1564,0.2319,BCC+FCC
3,7.8885,13.745,0.0349,0.1321,0.082,FCC,3,12.3696,0.0349,56.76,17.74,0.0522,0.07,0.6337,0.3012,FCC,3,2,4.7955,0.0349,0.1321,0.2296,0.082,0.3012,0.1316,FCC,3,12.3696,4.7955,0.0349,0.2551,0.07,0.3012,0.2449,FCC,3,3.5834,2,4.7955,72.78,0.0349,17.74,0.1321,0.2296,FCC
1,7.8755,13.77,0.045,0.1602,0.1019,BCC+FCC,1,14.2397,0.045,49.45,23.784,0.0608,0.0656,0.7073,0.3806,BCC+FCC,1,1.75,4.753,0.045,0.1602,0.2338,0.1019,0.3806,0.171,BCC+FCC,1,14.2397,4.753,0.045,0.287,0.0656,0.3806,0.3236,BCC+FCC,1,9.5889,1.75,4.753,70.78,0.045,23.784,0.1602,0.2338,BCC+FCC
1,7.741,13.68,0.0482,0.1728,0.1028,BCC+FCC,1,14.0984,0.0482,52.82,26.37,0.0618,0.0527,0.6921,0.4238,BCC+FCC,1,1.6,4.638,0.0482,0.1728,0.2345,0.1028,0.4238,0.1902,BCC+FCC,1,14.0984,4.638,0.0482,0.305,0.0527,0.4238,0.3574,BCC+FCC,1,11.6716,1.6,4.638,68.67,0.0482,26.37,0.1728,0.2345,BCC+FCC
1,7.6535,13.155,0.0478,0.1762,0.0988,BCC+FCC,1,14.1821,0.0478,51.62,27.257,0.0635,0.0532,0.6696,0.4206,BCC+FCC,1,1.6,4.6305,0.0478,0.1762,0.2348,0.0988,0.4206,0.2046,BCC+FCC,1,14.1821,4.6305,0.0478,0.3105,0.0532,0.4206,0.3614,BCC+FCC,1,22.0622,1.6,4.6305,72.03,0.0478,27.257,0.1762,0.2348,BCC+FCC
1,7.8205,13.72,0.0432,0.1586,0.1002,BCC+FCC,1,14.6747,0.0432,61.735,24.8195,0.0595,0.0622,0.6973,0.4014,BCC+FCC,1,1.75,4.713,0.0432,0.1586,0.2332,0.1002,0.4014,0.1817,BCC+FCC,1,14.6747,4.713,0.0432,0.2866,0.0622,0.4014,0.3544,BCC+FCC,1,16.4564,1.75,4.713,68.555,0.0432,24.8195,0.1586,0.2332,BCC+FCC
1,7.8765,14.305,0.0467,0.1662,0.1074,BCC+FCC,1,13.9813,0.0467,61.23,24.836,0.0597,0.0539,0.7539,0.4378,BCC+FCC,1,1.6,4.6705,0.0467,0.1662,0.2338,0.1074,0.4378,0.1796,BCC+FCC,1,13.9813,4.6705,0.0467,0.2951,0.0539,0.4378,0.3757,BCC+FCC,1,11.2635,1.6,4.6705,63.255,0.0467,24.836,0.1662,0.2338,BCC+FCC
2,7.883,13.965,0.0338,0.1324,0.0895,FCC,2,13.6346,0.0338,68.35,21.904,0.0512,0.0656,0.6406,0.3562,FCC,2,1.95,4.7555,0.0338,0.1324,0.2294,0.0895,0.3562,0.154,FCC,2,13.6346,4.7555,0.0338,0.2564,0.0656,0.3562,0.3168,FCC,2,6.074,1.95,4.7555,66.705,0.0338,21.904,0.1324,0.2294,FCC
1,7.62,14.335,0.0505,0.1748,0.1089,BCC+FCC,1,13.6225,0.0505,36.61,24.524,0.0669,0.0698,0.7046,0.3941,BCC+FCC,1,1.8,4.7495,0.0505,0.1748,0.2836,0.1089,0.3941,0.1582,BCC+FCC,1,13.6225,4.7495,0.0505,0.3302,0.0698,0.3941,0.2961,BCC+FCC,1,4.1678,1.8,4.7495,70.305,0.0505,24.524,0.1748,0.2836,BCC+FCC
1,7.359,12.93,0.0527,0.1852,0.0964,BCC+FCC,1,13.4459,0.0527,36.04,24.894,0.0709,0.0699,0.6507,0.3882,BCC+FCC,1,1.75,4.702,0.0527,0.1852,0.2842,0.0964,0.3882,0.1982,BCC+FCC,1,13.4459,4.702,0.0527,0.3466,0.0699,0.3882,0.3158,BCC+FCC,1,3.1104,1.75,4.702,78.59,0.0527,24.894,0.1852,0.2842,BCC+FCC
1,7.5465,14.32,0.043,0.1612,0.1031,BCC+FCC,1,14.3234,0.043,57.14,23.482,0.0616,0.0674,0.7037,0.3843,BCC+FCC,1,1.9,4.702,0.043,0.1612,0.2807,0.1031,0.3843,0.1536,BCC+FCC,1,14.3234,4.702,0.043,0.3169,0.0674,0.3843,0.2958,BCC+FCC,1,4.8867,1.9,4.702,68.14,0.043,23.482,0.1612,0.2807,BCC+FCC
1,7.615,14.19,0.0487,0.1712,0.105,BCC+FCC,1,13.9813,0.0487,47.19,24.938,0.0666,0.0703,0.7603,0.4007,BCC+FCC,1,1.85,4.767,0.0487,0.1712,0.2834,0.105,0.4007,0.1694,BCC+FCC,1,13.9813,4.767,0.0487,0.3263,0.0703,0.4007,0.321,BCC+FCC,1,3.5281,1.85,4.767,69.96,0.0487,24.938,0.1712,0.2834,BCC+FCC
1,7.132,12.17,0.0473,0.1787,0.0902,BCC+FCC,1,13.5221,0.0473,46.825,29.3465,0.0668,0.0565,0.6648,0.4225,BCC+FCC,1,1.65,4.597,0.0473,0.1787,0.2792,0.0902,0.4225,0.2364,BCC+FCC,1,13.5221,4.597,0.0473,0.343,0.0565,0.4225,0.3545,BCC+FCC,1,4.823,1.65,4.597,79.495,0.0473,29.3465,0.1787,0.2792,BCC+FCC
1,7.6975,14.57,0.0448,0.1621,0.106,BCC+FCC,1,13.9813,0.0448,58.675,24.5595,0.0636,0.0694,0.7943,0.404,BCC+FCC,1,1.9,4.792,0.0448,0.1621,0.2822,0.106,0.404,0.16,BCC+FCC,1,13.9813,4.792,0.0448,0.3152,0.0694,0.404,0.3266,BCC+FCC,1,3.5084,1.9,4.792,66.255,0.0448,24.5595,0.1621,0.2822,BCC+FCC
1,7.63,15.235,0.042,0.1591,0.1107,BCC+FCC,1,13.4171,0.042,74.41,20.683,0.0574,0.0546,0.7416,0.4117,BCC+FCC,1,1.8,4.6445,0.042,0.1591,0.2799,0.1107,0.4117,0.1454,BCC+FCC,1,13.4171,4.6445,0.042,0.3152,0.0546,0.4117,0.3344,BCC+FCC,1,5518.9609,1.8,4.6445,56.91,0.042,20.683,0.1591,0.2799,BCC+FCC
1,7.839,15.875,0.0427,0.1606,0.1174,BCC+FCC,1,12.9458,0.0427,68.9,17.73,0.0597,0.0596,0.8876,0.415,BCC+FCC,1,1.7,4.7245,0.0427,0.1606,0.2806,0.1174,0.415,0.1322,BCC+FCC,1,12.9458,4.7245,0.0427,0.3121,0.0596,0.415,0.3272,BCC+FCC,1,10.5866,1.7,4.7245,53.66,0.0427,17.73,0.1606,0.2806,BCC+FCC
1,7.35,13.175,0.0504,0.1817,0.0982,BCC+FCC,1,14.2397,0.0504,65.89,31.265,0.0684,0.0604,0.7387,0.477,BCC+FCC,1,1.7,4.6545,0.0504,0.1817,0.2836,0.0982,0.477,0.2342,BCC+FCC,1,14.2397,4.6545,0.0504,0.3438,0.0604,0.477,0.4229,BCC+FCC,1,5.504,1.7,4.6545,70.375,0.0504,31.265,0.1817,0.2836,BCC+FCC
1,7.3125,12.555,0.0503,0.1782,0.0899,BCC+FCC,1,13.2638,0.0503,62.525,30.842,0.0703,0.0676,0.7359,0.4492,BCC+FCC,1,1.75,4.7045,0.0503,0.1782,0.2843,0.0899,0.4492,0.2457,BCC+FCC,1,13.2638,4.7045,0.0503,0.3386,0.0676,0.4492,0.4113,BCC+FCC,1,2.6204,1.75,4.7045,75.615,0.0503,30.842,0.1782,0.2843,BCC+FCC
1,7.378,13.14,0.0451,0.1649,0.0901,BCC+FCC,1,14.1058,0.0451,73.3,29.4675,0.0665,0.0658,0.6878,0.4586,BCC+FCC,1,1.85,4.697,0.0451,0.1649,0.2823,0.0901,0.4586,0.2274,BCC+FCC,1,14.1058,4.697,0.0451,0.3218,0.0658,0.4586,0.4255,BCC+FCC,1,3.0049,1.85,4.697,70.175,0.0451,29.4675,0.1649,0.2823,BCC+FCC
1,7.426,13.24,0.0461,0.1659,0.0907,BCC+FCC,1,13.7759,0.0461,79.48,30.39,0.0673,0.0661,0.6955,0.48,BCC+FCC,1,1.85,4.722,0.0461,0.1659,0.2834,0.0907,0.48,0.2319,BCC+FCC,1,13.7759,4.722,0.0461,0.3225,0.0661,0.48,0.4559,BCC+FCC,1,2.8072,1.85,4.722,68.12,0.0461,30.39,0.1659,0.2834,BCC+FCC
1,7.563,14.035,0.0474,0.1709,0.1022,BCC+FCC,1,13.6225,0.0474,87.86,27.953,0.0665,0.0626,0.7281,0.5116,BCC+FCC,1,1.8,4.7295,0.0474,0.1709,0.2841,0.1022,0.5116,0.2145,BCC+FCC,1,13.6225,4.7295,0.0474,0.3279,0.0626,0.5116,0.4845,BCC+FCC,1,4.1828,1.8,4.7295,60.91,0.0474,27.953,0.1709,0.2841,BCC+FCC
1,7.5115,13.96,0.0455,0.1685,0.1009,BCC+FCC,1,13.6225,0.0455,86.005,27.8425,0.0653,0.0604,0.6968,0.5114,BCC+FCC,1,1.8,4.697,0.0455,0.1685,0.2833,0.1009,0.5114,0.216,BCC+FCC,1,13.6225,4.697,0.0455,0.3261,0.0604,0.5114,0.4842,BCC+FCC,1,4.8871,1.8,4.697,60.825,0.0455,27.8425,0.1685,0.2833,BCC+FCC
1,6.997,13.37,0.051,0.187,0.1003,BCC+FCC,1,13.8809,0.051,41.15,27.8835,0.0705,0.0659,0.6837,0.4261,BCC+FCC,1,1.8,4.626,0.051,0.187,0.3228,0.1003,0.4261,0.2002,BCC+FCC,1,13.8809,4.626,0.051,0.376,0.0659,0.4261,0.3208,BCC+FCC,1,3.0344,1.8,4.626,75.805,0.051,27.8835,0.187,0.3228,BCC+FCC
1,7.319,14.85,0.0417,0.1598,0.1018,BCC+FCC,1,13.0175,0.0417,58.715,22.7355,0.0643,0.0748,0.7363,0.3729,BCC+FCC,1,2.1,4.741,0.0417,0.1598,0.3232,0.1018,0.3729,0.131,BCC+FCC,1,13.0175,4.741,0.0417,0.3401,0.0748,0.3729,0.2528,BCC+FCC,1,2.0801,2.1,4.741,67.465,0.0417,22.7355,0.1598,0.3232,BCC+FCC
1,7.3765,15.605,0.0474,0.1724,0.1152,BCC+FCC,1,14.0696,0.0474,57.79,22.997,0.0644,0.0658,0.8027,0.4114,BCC+FCC,1,1.9,4.6735,0.0474,0.1724,0.3243,0.1152,0.4114,0.1299,BCC+FCC,1,14.0696,4.6735,0.0474,0.3541,0.0658,0.4114,0.2753,BCC+FCC,1,4.9196,1.9,4.6735,60.37,0.0474,22.997,0.1724,0.3243,BCC+FCC
1,7.233,14.495,0.0422,0.1648,0.1007,BCC+FCC,1,13.6346,0.0422,57.84,23.831,0.0661,0.0733,0.7234,0.3911,BCC+FCC,1,2.05,4.7085,0.0422,0.1648,0.3231,0.1007,0.3911,0.1519,BCC+FCC,1,13.6346,4.7085,0.0422,0.3465,0.0733,0.3911,0.2848,BCC+FCC,1,2.24,2.05,4.7085,69.03,0.0422,23.831,0.1648,0.3231,BCC+FCC
1,7.0295,13.845,0.0492,0.1837,0.1024,BCC+FCC,1,14.4284,0.0492,53.72,29.248,0.0683,0.0582,0.7294,0.4585,BCC+FCC,1,1.8,4.5935,0.0492,0.1837,0.3222,0.1024,0.4585,0.2031,BCC+FCC,1,14.4284,4.5935,0.0492,0.3723,0.0582,0.4585,0.3548,BCC+FCC,1,4.7665,1.8,4.5935,70.22,0.0492,29.248,0.1837,0.3222,BCC+FCC
1,6.992,13.225,0.0487,0.179,0.0967,BCC+FCC,1,13.8809,0.0487,48.95,28.332,0.07,0.068,0.7203,0.4325,BCC+FCC,1,1.85,4.6435,0.0487,0.179,0.3224,0.0967,0.4325,0.2125,BCC+FCC,1,13.8809,4.6435,0.0487,0.3657,0.068,0.4325,0.3448,BCC+FCC,1,2.4498,1.85,4.6435,75.46,0.0487,28.332,0.179,0.3224,BCC+FCC
1,7.3855,14.915,0.048,0.1719,0.108,BCC+FCC,1,13.8401,0.048,59.55,25.555,0.0684,0.0733,0.8245,0.4237,BCC+FCC,1,2,4.7735,0.048,0.1719,0.3258,0.108,0.4237,0.1596,BCC+FCC,1,13.8401,4.7735,0.048,0.3524,0.0733,0.4237,0.3238,BCC+FCC,1,2.2833,2,4.7735,65.35,0.048,25.555,0.1719,0.3258,BCC+FCC
1,7.243,14.34,0.046,0.1696,0.1006,BCC+FCC,1,14.2109,0.046,70.355,27.2665,0.0684,0.0719,0.7654,0.4467,BCC+FCC,1,2,4.726,0.046,0.1696,0.3249,0.1006,0.4467,0.1878,BCC+FCC,1,14.2109,4.726,0.046,0.3516,0.0719,0.4467,0.3715,BCC+FCC,1,2.2567,2,4.726,66.485,0.046,27.2665,0.1696,0.3249,BCC+FCC
1,7.296,14.585,0.0486,0.1757,0.1061,BCC+FCC,1,14.4284,0.0486,69.19,27.475,0.0694,0.071,0.8059,0.4596,BCC+FCC,1,1.95,4.7335,0.0486,0.1757,0.326,0.1061,0.4596,0.1861,BCC+FCC,1,14.4284,4.7335,0.0486,0.3583,0.071,0.4596,0.3789,BCC+FCC,1,2.5564,1.95,4.7335,64.775,0.0486,27.475,0.1757,0.326,BCC+FCC
1,7.26,14.135,0.0511,0.1787,0.1014,BCC+FCC,1,13.5221,0.0511,65.65,28.828,0.0717,0.073,0.8134,0.4602,BCC+FCC,1,1.95,4.7585,0.0511,0.1787,0.327,0.1014,0.4602,0.2026,BCC+FCC,1,13.5221,4.7585,0.0511,0.3615,0.073,0.4602,0.3906,BCC+FCC,1,1.9774,1.95,4.7585,68.22,0.0511,28.828,0.1787,0.327,BCC+FCC
1,7.107,14.08,0.0461,0.1725,0.1016,BCC+FCC,1,14.5334,0.0461,70.72,28.87,0.0672,0.0631,0.7317,0.4743,BCC+FCC,1,1.9,4.636,0.0461,0.1725,0.3229,0.1016,0.4743,0.2055,BCC+FCC,1,14.5334,4.636,0.0461,0.3575,0.0631,0.4743,0.3959,BCC+FCC,1,3.3503,1.9,4.636,66.17,0.0461,28.87,0.1725,0.3229,BCC+FCC
1,7.38,15.135,0.047,0.1718,0.1107,BCC+FCC,1,14.4284,0.047,78.975,25.06,0.0671,0.0686,0.8107,0.4652,BCC+FCC,1,1.95,4.7335,0.047,0.1718,0.3256,0.1107,0.4652,0.1704,BCC+FCC,1,14.4284,4.7335,0.047,0.3533,0.0686,0.4652,0.3849,BCC+FCC,1,3.0219,1.95,4.7335,59.275,0.047,25.06,0.1718,0.3256,BCC+FCC
1,7.4595,15.175,0.042,0.1576,0.103,BCC+FCC,1,13.0871,0.042,85.48,24.426,0.0649,0.0713,0.7791,0.4371,BCC+FCC,1,2.1,4.8085,0.042,0.1576,0.3246,0.103,0.4371,0.1556,BCC+FCC,1,13.0871,4.8085,0.042,0.3363,0.0713,0.4371,0.3636,BCC+FCC,1,1.9667,2.1,4.8085,59.16,0.042,24.426,0.1576,0.3246,BCC+FCC
1,7.2375,14.56,0.0451,0.1686,0.1039,BCC+FCC,1,14.2397,0.0451,83.04,27.112,0.0669,0.0656,0.7308,0.4937,BCC+FCC,1,1.95,4.686,0.0451,0.1686,0.3246,0.1039,0.4937,0.1968,BCC+FCC,1,14.2397,4.686,0.0451,0.3515,0.0656,0.4937,0.4342,BCC+FCC,1,2.9576,1.95,4.686,60.41,0.0451,27.112,0.1686,0.3246,BCC+FCC
1,7.2495,14.21,0.0483,0.1712,0.1001,BCC+FCC,1,13.2638,0.0483,88.66,29.47,0.0698,0.0687,0.7432,0.5185,BCC+FCC,1,1.95,4.736,0.0483,0.1712,0.3265,0.1001,0.5185,0.2164,BCC+FCC,1,13.2638,4.736,0.0483,0.3534,0.0687,0.5185,0.4753,BCC+FCC,1,2.0965,1.95,4.736,61.8,0.0483,29.47,0.1712,0.3265,BCC+FCC
1,7.2805,14.515,0.0444,0.1626,0.1,BCC+FCC,1,13.1634,0.0444,90.7,26.683,0.0671,0.0672,0.6908,0.5152,BCC+FCC,1,2,4.7285,0.0444,0.1626,0.3253,0.1,0.5152,0.2011,BCC+FCC,1,13.1634,4.7285,0.0444,0.3435,0.0672,0.5152,0.48,BCC+FCC,1,2.1886,2,4.7285,58.01,0.0444,26.683,0.1626,0.3253,BCC+FCC
1,6.9605,15.265,0.0428,0.169,0.1078,BCC+FCC,1,12.6233,0.0428,53.98,23.404,0.0675,0.075,0.7265,0.3864,BCC+FCC,1,2.15,4.6725,0.0428,0.169,0.3608,0.1078,0.3864,0.1169,BCC+FCC,1,12.6233,4.6725,0.0428,0.376,0.075,0.3864,0.2204,BCC+FCC,1,1.7979,2.15,4.6725,66.82,0.0428,23.404,0.169,0.3608,BCC+FCC
1,6.974,15.085,0.0472,0.1758,0.1081,BCC+FCC,1,13.6346,0.0472,56.57,25.722,0.0703,0.0756,0.7892,0.4241,BCC+FCC,1,2.1,4.6975,0.0472,0.1758,0.3628,0.1081,0.4241,0.1511,BCC+FCC,1,13.6346,4.6975,0.0472,0.3832,0.0756,0.4241,0.2895,BCC+FCC,1,1.8372,2.1,4.6975,66.415,0.0472,25.722,0.1758,0.3628,BCC+FCC
1,7.893,13.62,0.0425,0.1713,0.1072,BCC+FCC,1,13.0871,0.0425,67.85,23.164,0.0586,0.0458,0.6325,0.4274,BCC+FCC,1,1.65,4.6255,0.0425,0.1713,0.1996,0.1072,0.4274,0.1771,BCC+FCC,1,13.0871,4.6255,0.0425,0.2685,0.0458,0.4274,0.3951,BCC+FCC,1,10.2065,1.65,4.6255,60.795,0.0425,23.164,0.1713,0.1996,BCC+FCC
1,7.6755,13.65,0.0507,0.2095,0.1099,BCC+FCC,1,12.9458,0.0507,84.655,16.49,0.0737,0.0579,0.6248,0.4706,BCC+FCC,1,1.8,4.6935,0.0507,0.2095,0.2482,0.1099,0.4706,0.1521,BCC+FCC,1,12.9458,4.6935,0.0507,0.3055,0.0579,0.4706,0.4652,BCC+FCC,1,2.6695,1.8,4.6935,48.525,0.0507,16.49,0.2095,0.2482,BCC+FCC
1,7.596,14.4,0.0507,0.1913,0.1142,BCC+FCC,1,12.3696,0.0507,51.495,23.06,0.0643,0.0346,0.6632,0.4283,BCC+FCC,1,1.6,4.5545,0.0507,0.1913,0.2538,0.1142,0.4283,0.1562,BCC+FCC,1,12.3696,4.5545,0.0507,0.322,0.0346,0.4283,0.3261,BCC+FCC,1,7.3645,1.6,4.5545,60.925,0.0507,23.06,0.1913,0.2538,BCC+FCC
1,7.1185,13.35,0.0486,0.2032,0.1034,BCC+FCC,1,13.1634,0.0486,64.48,24.855,0.0728,0.0522,0.5913,0.4654,BCC+FCC,1,1.95,4.5675,0.0486,0.2032,0.2857,0.1034,0.4654,0.1716,BCC+FCC,1,13.1634,4.5675,0.0486,0.3273,0.0522,0.4654,0.3984,BCC+FCC,1,2.1471,1.95,4.5675,57.55,0.0486,24.855,0.2032,0.2857,BCC+FCC
1,7.1915,14.075,0.0488,0.1958,0.1117,BCC+FCC,1,13.7759,0.0488,59.36,26.5185,0.0682,0.0424,0.6888,0.4661,BCC+FCC,1,1.75,4.546,0.0488,0.1958,0.2971,0.1117,0.4661,0.1836,BCC+FCC,1,13.7759,4.546,0.0488,0.3565,0.0424,0.4661,0.3654,BCC+FCC,1,11.0958,1.75,4.546,63.035,0.0488,26.5185,0.1958,0.2971,BCC+FCC
1,7.185,13.315,0.0453,0.1735,0.0957,BCC+FCC,1,13.2638,0.0453,78.37,29.4,0.0685,0.06,0.6214,0.5258,BCC+FCC,1,1.9,4.641,0.0453,0.1735,0.2981,0.0957,0.5258,0.2244,BCC+FCC,1,13.2638,4.641,0.0453,0.3258,0.06,0.5258,0.4966,BCC+FCC,1,2.2814,1.9,4.641,61.25,0.0453,29.4,0.1735,0.2981,BCC+FCC
1,7.133,13.895,0.0485,0.1898,0.102,BCC+FCC,1,13.1634,0.0485,81.64,23.709,0.0729,0.0631,0.616,0.5268,BCC+FCC,1,2,4.6575,0.0485,0.1898,0.316,0.102,0.5268,0.1863,BCC+FCC,1,13.1634,4.6575,0.0485,0.3391,0.0631,0.5268,0.4961,BCC+FCC,1,1.6544,2,4.6575,52.985,0.0485,23.709,0.1898,0.316,BCC+FCC
1,7.1985,13.135,0.0479,0.1793,0.0962,BCC+FCC,1,12.6995,0.0479,85.95,30.9585,0.0706,0.0615,0.6394,0.5596,BCC+FCC,1,1.85,4.666,0.0479,0.1793,0.3004,0.0962,0.5596,0.2397,BCC+FCC,1,12.6995,4.666,0.0479,0.333,0.0615,0.5596,0.5397,BCC+FCC,1,2.0748,1.85,4.666,60.845,0.0479,30.9585,0.1793,0.3004,BCC+FCC
1,7.0345,14.89,0.0433,0.1762,0.1099,BCC+FCC,1,13.0871,0.0433,78.12,22.529,0.0676,0.0597,0.665,0.4682,BCC+FCC,1,2.05,4.6125,0.0433,0.1762,0.3375,0.1099,0.4682,0.1629,BCC+FCC,1,13.0871,4.6125,0.0433,0.3548,0.0597,0.4682,0.3973,BCC+FCC,1,2.2205,2.05,4.6125,54.03,0.0433,22.529,0.1762,0.3375,BCC+FCC
1,7.9925,13.49,0.0459,0.1694,0.1231,BCC+FCC,1,13.2638,0.0459,67.84,23.5045,0.0572,0.0458,0.6563,0.4322,BCC+FCC,1,1.55,4.6315,0.0459,0.1694,0.1827,0.1231,0.4322,0.1869,BCC+FCC,1,13.2638,4.6315,0.0459,0.2705,0.0458,0.4322,0.4083,BCC+FCC,1,4.829,1.55,4.6315,62.065,0.0459,23.5045,0.1694,0.1827,BCC+FCC
1,8.0455,13.735,0.0474,0.1717,0.1263,BCC+FCC,1,12.9458,0.0474,68.78,22.587,0.058,0.0453,0.6944,0.4411,BCC+FCC,1,1.5,4.639,0.0474,0.1717,0.1833,0.1263,0.4411,0.1839,BCC+FCC,1,12.9458,4.639,0.0474,0.2722,0.0453,0.4411,0.4138,BCC+FCC,1,4.3414,1.5,4.639,60.355,0.0474,22.587,0.1717,0.1833,BCC+FCC
1,8.011,13.455,0.0509,0.1802,0.1256,BCC+FCC,1,12.8046,0.0509,67.32,24.897,0.0613,0.0453,0.7106,0.4647,BCC+FCC,1,1.45,4.639,0.0509,0.1802,0.1855,0.1256,0.4647,0.2013,BCC+FCC,1,12.8046,4.639,0.0509,0.2834,0.0453,0.4647,0.4369,BCC+FCC,1,4.4454,1.45,4.639,62.005,0.0509,24.897,0.1802,0.1855,BCC+FCC
1,7.6475,12.115,0.0442,0.172,0.12,BCC+FCC,1,13.7759,0.0442,59.52,24.424,0.0614,0.0573,0.4879,0.4306,BCC+FCC,1,1.8,4.624,0.0442,0.172,0.1945,0.12,0.4306,0.2003,BCC+FCC,1,13.7759,4.624,0.0442,0.2709,0.0573,0.4306,0.4479,BCC+FCC,1,6.0347,1.8,4.624,63.345,0.0442,24.424,0.172,0.1945,BCC+FCC
1,7.6,15.005,0.0497,0.1822,0.1323,BCC+FCC,1,12.8287,0.0497,89.785,15.831,0.0655,0.0574,0.7489,0.4683,BCC+FCC,1,1.75,4.677,0.0497,0.1822,0.2885,0.1323,0.4683,0.1628,BCC+FCC,1,12.8287,4.677,0.0497,0.3389,0.0574,0.4683,0.442,BCC+FCC,1,7.3872,1.75,4.677,50.73,0.0497,15.831,0.1822,0.2885,BCC+FCC
1,7.815,15.525,0.045,0.1625,0.1297,BCC+FCC,1,13.8401,0.045,110.54,21.629,0.072,0.0579,0.9372,0.4238,BCC+FCC,1,1.65,4.5905,0.045,0.1625,0.2332,0.1297,0.4238,0.187,BCC+FCC,1,13.8401,4.5905,0.045,0.2934,0.0579,0.4238,0.3992,BCC+FCC,1,11.9453,1.65,4.5905,59.03,0.045,21.629,0.1625,0.2332,BCC+FCC
1,7.7565,14.18,0.0457,0.1677,0.1168,BCC+FCC,1,13.6346,0.0457,98.69,26.6295,0.0686,0.0579,0.8098,0.4863,BCC+FCC,1,1.65,4.6455,0.0457,0.1677,0.2352,0.1168,0.4863,0.2215,BCC+FCC,1,13.6346,4.6455,0.0457,0.2996,0.0579,0.4863,0.4724,BCC+FCC,1,237.8637,1.65,4.6455,61.815,0.0457,26.6295,0.1677,0.2352,BCC+FCC
1,7.05,14.49,0.0483,0.1798,0.1175,BCC+FCC,1,13.9646,0.0483,97.5,30.382,0.0726,0.0604,0.8878,0.5209,BCC+FCC,1,1.8,4.5835,0.0483,0.1798,0.3236,0.1175,0.5209,0.2332,BCC+FCC,1,13.9646,4.5835,0.0483,0.3681,0.0604,0.5209,0.4506,BCC+FCC,1,4.1841,1.8,4.5835,63.71,0.0483,30.382,0.1798,0.3236,BCC+FCC
1,7.1995,15.89,0.0493,0.1795,0.1336,BCC+FCC,1,13.8809,0.0493,123.88,24.218,0.078,0.0674,0.9174,0.5089,BCC+FCC,1,1.85,4.596,0.0493,0.1795,0.3255,0.1336,0.5089,0.2111,BCC+FCC,1,13.8809,4.596,0.0493,0.3664,0.0674,0.5089,0.4635,BCC+FCC,1,3.7542,1.85,4.596,56.47,0.0493,24.218,0.1795,0.3255,BCC+FCC
1,6.822,15.83,0.0506,0.1918,0.118,BCC+FCC,1,13.9646,0.0506,83.565,26.318,0.0734,0.0498,1.0434,0.4872,BCC+FCC,1,1.85,4.5125,0.0506,0.1918,0.3603,0.118,0.4872,0.1814,BCC+FCC,1,13.9646,4.5125,0.0506,0.4065,0.0498,0.4872,0.3526,BCC+FCC,1,6.7097,1.85,4.5125,60.54,0.0506,26.318,0.1918,0.3603,BCC+FCC
1,7.8745,14.345,0.0456,0.1774,0.1098,BCC+FCC,1,13.1634,0.0456,94.84,21.0425,0.0668,0.0611,0.7315,0.4881,BCC+FCC,1,1.8,4.797,0.0456,0.1774,0.2557,0.1098,0.4881,0.1721,BCC+FCC,1,13.1634,4.797,0.0456,0.2998,0.0611,0.4881,0.474,BCC+FCC,1,3.2279,1.8,4.797,53.635,0.0456,21.0425,0.1774,0.2557,BCC+FCC
1,7.4835,14.285,0.0542,0.1946,0.1114,BCC+FCC,1,14.0221,0.0542,82.71,26.6275,0.0737,0.0676,0.805,0.5122,BCC+FCC,1,1.85,4.761,0.0542,0.1946,0.3038,0.1114,0.5122,0.1943,BCC+FCC,1,14.0221,4.761,0.0542,0.3487,0.0676,0.5122,0.4616,BCC+FCC,1,2.2706,1.85,4.761,58.575,0.0542,26.6275,0.1946,0.3038,BCC+FCC
1,7.9195,14.23,0.0484,0.1772,0.1341,BCC+FCC,1,13.1634,0.0484,57.075,21.8185,0.065,0.0705,0.7785,0.3766,BCC+FCC,1,1.85,4.823,0.0484,0.1772,0.2462,0.1341,0.3766,0.1335,BCC+FCC,1,13.1634,4.823,0.0484,0.2999,0.0705,0.3766,0.3009,BCC+FCC,1,2.9866,1.85,4.823,62.435,0.0484,21.8185,0.1772,0.2462,BCC+FCC
1,7.9095,13.94,0.0461,0.1715,0.1192,BCC+FCC,1,12.9171,0.0461,74.655,22.4395,0.0645,0.0696,0.7463,0.3894,BCC+FCC,1,1.95,4.858,0.0461,0.1715,0.2459,0.1192,0.3894,0.1466,BCC+FCC,1,12.9171,4.858,0.0461,0.2934,0.0696,0.3894,0.3455,BCC+FCC,1,2.3108,1.95,4.858,61.745,0.0461,22.4395,0.1715,0.2459,BCC+FCC
1,7.8185,13.44,0.0486,0.1749,0.1109,BCC+FCC,1,13.0463,0.0486,79.4,24.4715,0.067,0.0701,0.703,0.4217,BCC+FCC,1,1.95,4.843,0.0486,0.1749,0.2474,0.1109,0.4217,0.1743,BCC+FCC,1,13.0463,4.843,0.0486,0.2987,0.0701,0.4217,0.4076,BCC+FCC,1,2.1039,1.95,4.843,62.965,0.0486,24.4715,0.1749,0.2474,BCC+FCC
1,7.8745,14.04,0.0483,0.1757,0.1245,BCC+FCC,1,13.3763,0.0483,87.52,22.5525,0.0645,0.0603,0.7274,0.4861,BCC+FCC,1,1.7,4.7455,0.0483,0.1757,0.2416,0.1245,0.4861,0.1889,BCC+FCC,1,13.3763,4.7455,0.0483,0.3036,0.0603,0.4861,0.475,BCC+FCC,1,7.834,1.7,4.7455,56.875,0.0483,22.5525,0.1757,0.2416,BCC+FCC
1,7.753,15.505,0.049,0.1784,0.1388,BCC+FCC,1,13.1587,0.049,56.25,19.441,0.0655,0.0664,0.8795,0.4105,BCC+FCC,1,1.75,4.747,0.049,0.1784,0.288,0.1388,0.4105,0.1267,BCC+FCC,1,13.1587,4.747,0.049,0.3293,0.0664,0.4105,0.303,BCC+FCC,1,4.0973,1.75,4.747,56.015,0.049,19.441,0.1784,0.288,BCC+FCC
1,7.6565,15.225,0.0517,0.1859,0.1356,BCC+FCC,1,12.8287,0.0517,85.435,15.872,0.0668,0.0589,0.8213,0.4646,BCC+FCC,1,1.7,4.692,0.0517,0.1859,0.2891,0.1356,0.4646,0.1579,BCC+FCC,1,12.8287,4.692,0.0517,0.3414,0.0589,0.4646,0.4206,BCC+FCC,1,6.7862,1.7,4.692,51.16,0.0517,15.872,0.1859,0.2891,BCC+FCC
1,8.206,14.975,0.0469,0.1591,0.1335,BCC+FCC,1,12.6995,0.0469,91.355,23.375,0.0741,0.0696,1.2079,0.3816,BCC+FCC,1,1.5,4.6965,0.0469,0.1591,0.1759,0.1335,0.3816,0.1782,BCC+FCC,1,12.6995,4.6965,0.0469,0.2551,0.0696,0.3816,0.3345,BCC+FCC,1,17.6835,1.5,4.6965,68.175,0.0469,23.375,0.1591,0.1759,BCC+FCC
1,8.0435,14.53,0.0506,0.1676,0.1432,BCC+FCC,1,13.4171,0.0506,119.94,21.7955,0.0818,0.0788,1.144,0.3509,BCC+FCC,1,1.6,4.6865,0.0506,0.1676,0.1793,0.1432,0.3509,0.195,BCC+FCC,1,13.4171,4.6865,0.0506,0.2687,0.0788,0.3509,0.3217,BCC+FCC,1,15.9448,1.6,4.6865,74.865,0.0506,21.7955,0.1676,0.1793,BCC+FCC
1,7.905,15.755,0.0484,0.1635,0.1489,BCC+FCC,1,13.3763,0.0484,121.94,21.698,0.0825,0.0827,1.205,0.3568,BCC+FCC,1,1.75,4.708,0.0484,0.1635,0.2351,0.1489,0.3568,0.1663,BCC+FCC,1,13.3763,4.708,0.0484,0.2908,0.0827,0.3568,0.3015,BCC+FCC,1,4.3756,1.75,4.708,69.035,0.0484,21.698,0.1635,0.2351,BCC+FCC
1,7.894,16.195,0.0467,0.1649,0.1414,BCC+FCC,1,13.3763,0.0467,140.9,20.489,0.0801,0.0697,0.9639,0.4342,BCC+FCC,1,1.65,4.628,0.0467,0.1649,0.2347,0.1414,0.4342,0.1971,BCC+FCC,1,13.3763,4.628,0.0467,0.2947,0.0697,0.4342,0.4357,BCC+FCC,1,19.3026,1.65,4.628,56.885,0.0467,20.489,0.1649,0.2347,BCC+FCC
1,7.769,13.465,0.048,0.1669,0.1112,BCC+FCC,1,13.6346,0.048,101.77,29.395,0.0726,0.07,0.8405,0.4617,BCC+FCC,1,1.75,4.753,0.048,0.1669,0.2373,0.1112,0.4617,0.2382,BCC+FCC,1,13.6346,4.753,0.048,0.2963,0.07,0.4617,0.4632,BCC+FCC,1,3.8365,1.75,4.753,68.935,0.048,29.395,0.1669,0.2373,BCC+FCC
1,7.471,14.585,0.0475,0.1666,0.1303,BCC+FCC,1,13.8809,0.0475,122.48,28.475,0.0789,0.0788,0.8899,0.4683,BCC+FCC,1,1.9,4.7145,0.0475,0.1666,0.2844,0.1303,0.4683,0.2311,BCC+FCC,1,13.8809,4.7145,0.0475,0.3234,0.0788,0.4683,0.4522,BCC+FCC,1,2.2929,1.9,4.7145,66.205,0.0475,28.475,0.1666,0.2844,BCC+FCC
1,7.378,14.28,0.045,0.1618,0.1277,BCC+FCC,1,12.6995,0.045,120.7,30.378,0.0767,0.0735,0.778,0.5209,BCC+FCC,1,1.85,4.667,0.045,0.1618,0.2839,0.1277,0.5209,0.2535,BCC+FCC,1,12.6995,4.667,0.045,0.3186,0.0735,0.5209,0.5187,BCC+FCC,1,2.3838,1.85,4.667,63.49,0.045,30.378,0.1618,0.2839,BCC+FCC
1,7.3445,15.905,0.0513,0.1766,0.1402,BCC+FCC,1,13.8401,0.0513,112.05,25.24,0.0819,0.0842,1.1315,0.4231,BCC+FCC,1,2,4.7335,0.0513,0.1766,0.3269,0.1402,0.4231,0.1775,BCC+FCC,1,13.8401,4.7335,0.0513,0.3587,0.0842,0.4231,0.3447,BCC+FCC,1,1.8548,2,4.7335,65,0.0513,25.24,0.1766,0.3269,BCC+FCC
1,7.2535,15.405,0.0507,0.1759,0.1364,BCC+FCC,1,13.8809,0.0507,117.74,27.028,0.0817,0.0837,1.0444,0.4468,BCC+FCC,1,2,4.7185,0.0507,0.1759,0.3269,0.1364,0.4468,0.2026,BCC+FCC,1,13.8809,4.7185,0.0507,0.359,0.0837,0.4468,0.3856,BCC+FCC,1,1.7637,2,4.7185,66.22,0.0507,27.028,0.1759,0.3269,BCC+FCC
1,7.1395,14.375,0.0475,0.1698,0.1169,BCC+FCC,1,12.3408,0.0475,110.695,30.635,0.0743,0.0706,0.7963,0.5521,BCC+FCC,1,1.9,4.676,0.0475,0.1698,0.3262,0.1169,0.5521,0.2432,BCC+FCC,1,12.3408,4.676,0.0475,0.3532,0.0706,0.5521,0.5221,BCC+FCC,1,1.9698,1.9,4.676,61.05,0.0475,30.635,0.1698,0.3262,BCC+FCC
1,7.8955,14.435,0.0521,0.1999,0.1339,BCC+FCC,1,12.3696,0.0521,111.145,15.853,0.077,0.0607,0.7907,0.4895,BCC+FCC,1,1.65,4.697,0.0521,0.1999,0.2282,0.1339,0.4895,0.179,BCC+FCC,1,12.3696,4.697,0.0521,0.2974,0.0607,0.4895,0.5186,BCC+FCC,1,4.3926,1.65,4.697,49.49,0.0521,15.853,0.1999,0.2282,BCC+FCC
1,7.2295,13.4,0.049,0.1806,0.1313,BCC+FCC,1,12.8287,0.049,103.22,31.7035,0.073,0.0652,0.7812,0.5389,BCC+FCC,1,1.75,4.627,0.049,0.1806,0.2883,0.1313,0.5389,0.2552,BCC+FCC,1,12.8287,4.627,0.049,0.3418,0.0652,0.5389,0.5161,BCC+FCC,1,3.0468,1.75,4.627,63.995,0.049,31.7035,0.1806,0.2883,BCC+FCC
1,7.4595,13.085,0.0491,0.1936,0.0822,BCC+FCC,1,13.8401,0.0491,60.86,25.106,0.074,0.0738,0.6779,0.4144,BCC+FCC,1,2,4.7635,0.0491,0.1936,0.2749,0.0822,0.4144,0.1801,BCC+FCC,1,13.8401,4.7635,0.0491,0.3157,0.0738,0.4144,0.3628,BCC+FCC,1,1.5392,2,4.7635,68.18,0.0491,25.106,0.1936,0.2749,BCC+FCC
1,7.2665,13.26,0.051,0.2041,0.0851,BCC+FCC,1,13.9646,0.051,72.75,26.225,0.0767,0.0714,0.6435,0.4665,BCC+FCC,1,2.05,4.7075,0.051,0.2041,0.2915,0.0851,0.4665,0.1727,BCC+FCC,1,13.9646,4.7075,0.051,0.3246,0.0714,0.4665,0.4108,BCC+FCC,1,1.3757,2.05,4.7075,59.255,0.051,26.225,0.2041,0.2915,BCC+FCC
1,7.3145,13.705,0.0435,0.1728,0.0898,BCC+FCC,1,13.9646,0.0435,69.46,25.75,0.0688,0.072,0.6767,0.4255,BCC+FCC,1,2.05,4.721,0.0435,0.1728,0.2987,0.0898,0.4255,0.1802,BCC+FCC,1,13.9646,4.721,0.0435,0.323,0.072,0.4255,0.3666,BCC+FCC,1,1.7692,2.05,4.721,66.25,0.0435,25.75,0.1728,0.2987,BCC+FCC
1,7.059,13.925,0.0564,0.2156,0.0985,BCC+FCC,1,14.1058,0.0564,77.3,26.4475,0.0811,0.0754,0.7378,0.493,BCC+FCC,1,2.1,4.729,0.0564,0.2156,0.3348,0.0985,0.493,0.1664,BCC+FCC,1,14.1058,4.729,0.0564,0.3653,0.0754,0.493,0.4081,BCC+FCC,1,1.149,2.1,4.729,56.725,0.0564,26.4475,0.2156,0.3348,BCC+FCC
1,7.2935,13.245,0.0502,0.1846,0.0907,BCC+FCC,1,13.9646,0.0502,74.075,29.4555,0.0734,0.0719,0.7245,0.4742,BCC+FCC,1,1.95,4.746,0.0502,0.1846,0.3017,0.0907,0.4742,0.2169,BCC+FCC,1,13.9646,4.746,0.0502,0.3376,0.0719,0.4742,0.4355,BCC+FCC,1,1.6862,1.95,4.746,67.495,0.0502,29.4555,0.1846,0.3017,BCC+FCC
4,7.955,12.66,0.032,0.1309,0.0729,FCC,4,11.7524,0.032,52.315,14.186,0.0498,0.0702,0.5126,0.2565,FCC,4,2,4.7565,0.032,0.1309,0.1768,0.0729,0.2565,0.1343,FCC,4,11.7524,4.7565,0.032,0.2192,0.0702,0.2565,0.2432,FCC,4,3.1774,2,4.7565,75.44,0.032,14.186,0.1309,0.1768,FCC
4,7.6995,13.225,0.0367,0.1475,0.0882,FCC,4,11.7524,0.0367,50.62,15.116,0.0573,0.0742,0.5537,0.2736,FCC,4,2.05,4.753,0.0367,0.1475,0.2359,0.0882,0.2736,0.1161,FCC,4,11.7524,4.753,0.0367,0.2702,0.0742,0.2736,0.2084,FCC,4,2.2041,2.05,4.753,74.965,0.0367,15.116,0.1475,0.2359,FCC
1,7.348,12.19,0.0478,0.1796,0.1128,BCC+FCC,1,14.3234,0.0478,52.7,22.0665,0.0672,0.073,0.5511,0.3584,BCC+FCC,1,1.95,4.6605,0.0478,0.1796,0.247,0.1128,0.3584,0.1748,BCC+FCC,1,14.3234,4.6605,0.0478,0.3081,0.073,0.3584,0.3216,BCC+FCC,1,2.196,1.95,4.6605,72.795,0.0478,22.0665,0.1796,0.247,BCC+FCC
1,7.6215,12.895,0.0442,0.1693,0.1015,BCC+FCC,1,13.8401,0.0442,60.33,21.648,0.065,0.0747,0.6198,0.3524,BCC+FCC,1,2,4.7605,0.0442,0.1693,0.2449,0.1015,0.3524,0.1647,BCC+FCC,1,13.8401,4.7605,0.0442,0.294,0.0747,0.3524,0.3212,BCC+FCC,1,2.1341,2,4.7605,70.84,0.0442,21.648,0.1693,0.2449,BCC+FCC
1,7.2875,12.345,0.0478,0.1797,0.1196,BCC+FCC,1,14.4284,0.0478,55.085,23.325,0.0666,0.0708,0.5293,0.3928,BCC+FCC,1,2,4.6355,0.0478,0.1797,0.2509,0.1196,0.3928,0.1735,BCC+FCC,1,14.4284,4.6355,0.0478,0.3062,0.0708,0.3928,0.3681,BCC+FCC,1,2.133,2,4.6355,65.285,0.0478,23.325,0.1797,0.2509,BCC+FCC
1,7.5865,12.535,0.048,0.1712,0.1029,BCC+FCC,1,13.1634,0.048,80.76,28.09,0.0678,0.0688,0.5836,0.4837,BCC+FCC,1,1.9,4.7555,0.048,0.1712,0.2476,0.1029,0.4837,0.2199,BCC+FCC,1,13.1634,4.7555,0.048,0.2966,0.0688,0.4837,0.5048,BCC+FCC,1,2.0822,1.9,4.7555,63.525,0.048,28.09,0.1712,0.2476,BCC+FCC
1,7.4025,13.56,0.0425,0.165,0.1011,BCC+FCC,1,13.3763,0.0425,56.62,21.286,0.0654,0.0753,0.6501,0.3537,BCC+FCC,1,2.05,4.7345,0.0425,0.165,0.2854,0.1011,0.3537,0.1527,BCC+FCC,1,13.3763,4.7345,0.0425,0.3184,0.0753,0.3537,0.2825,BCC+FCC,1,1.9504,2.05,4.7345,71.86,0.0425,21.286,0.165,0.2854,BCC+FCC
1,7.2605,13.41,0.0501,0.1814,0.1228,BCC+FCC,1,13.9813,0.0501,75.97,23.5005,0.0698,0.0736,0.6094,0.4595,BCC+FCC,1,2.05,4.7095,0.0501,0.1814,0.2965,0.1228,0.4595,0.1772,BCC+FCC,1,13.9813,4.7095,0.0501,0.3347,0.0736,0.4595,0.4374,BCC+FCC,1,1.7162,2.05,4.7095,58.085,0.0501,23.5005,0.1814,0.2965,BCC+FCC
1,7.333,12.92,0.0483,0.1711,0.1017,BCC+FCC,1,13.1587,0.0483,82.36,30.7845,0.0695,0.0693,0.6613,0.4987,BCC+FCC,1,1.9,4.7295,0.0483,0.1711,0.2887,0.1017,0.4987,0.2348,BCC+FCC,1,13.1587,4.7295,0.0483,0.326,0.0693,0.4987,0.4876,BCC+FCC,1,1.9379,1.9,4.7295,66.195,0.0483,30.7845,0.1711,0.2887,BCC+FCC
1,6.871,14.92,0.0476,0.1789,0.1197,BCC+FCC,1,12.5537,0.0476,52.84,23.2945,0.0709,0.0796,0.7153,0.3845,BCC+FCC,1,2.2,4.6875,0.0476,0.1789,0.3649,0.1197,0.3845,0.1174,BCC+FCC,1,12.5537,4.6875,0.0476,0.3849,0.0796,0.3845,0.2228,BCC+FCC,1,1.3554,2.2,4.6875,67.035,0.0476,23.2945,0.1789,0.3649,BCC+FCC
1,6.827,14.79,0.0511,0.1825,0.1322,BCC+FCC,1,12.9171,0.0511,89.555,21.5425,0.0728,0.0746,0.6979,0.5115,BCC+FCC,1,2.15,4.69,0.0511,0.1825,0.3715,0.1322,0.5115,0.1729,BCC+FCC,1,12.9171,4.69,0.0511,0.387,0.0746,0.5115,0.4555,BCC+FCC,1,1.3178,2.15,4.69,52.295,0.0511,21.5425,0.1825,0.3715,BCC+FCC
1,7.8685,15.73,0.0329,0.1243,0.1717,FCC,1,13.0871,0.0329,166.56,11.7655,0.0883,0.0943,0.8093,0.2405,FCC,1,2,4.614,0.0329,0.1243,0.1717,0.1717,0.2405,0.1749,FCC,1,13.0871,4.614,0.0329,0.2169,0.0943,0.2405,0.2709,FCC,1,2.9273,2,4.614,75.885,0.0329,11.7655,0.1243,0.1717,FCC
1,7.8615,15.78,0.03,0.1177,0.1708,FCC,1,13.5221,0.03,152.35,16.7225,0.0868,0.091,0.7148,0.2914,FCC,1,2,4.599,0.03,0.1177,0.1712,0.1708,0.2914,0.2055,FCC,1,13.5221,4.599,0.03,0.2085,0.091,0.2914,0.3423,FCC,1,3.2661,2,4.599,71.605,0.03,16.7225,0.1177,0.1712,FCC
1,7.5945,12.495,0.048,0.1689,0.1003,BCC+FCC,1,12.3696,0.048,62.44,17.928,0.0741,0.0775,0.9614,0.3074,BCC+FCC,1,1.8,4.743,0.048,0.1689,0.2364,0.1003,0.3074,0.1922,BCC+FCC,1,12.3696,4.743,0.048,0.2993,0.0775,0.3074,0.2834,BCC+FCC,1,2.2162,1.8,4.743,84.62,0.048,17.928,0.1689,0.2364,BCC+FCC
1,6.9965,15.535,0.0476,0.1716,0.123,BCC+FCC,1,13.6346,0.0476,95.205,26.696,0.0768,0.0816,0.9833,0.4486,BCC+FCC,1,2.15,4.72,0.0476,0.1716,0.364,0.123,0.4486,0.1778,BCC+FCC,1,13.6346,4.72,0.0476,0.3779,0.0816,0.4486,0.3553,BCC+FCC,1,1.4751,2.15,4.72,63.84,0.0476,26.696,0.1716,0.364,BCC+FCC
1,6.6825,16.075,0.0479,0.1737,0.1268,BCC+FCC,1,13.6346,0.0479,102.7,27.18,0.0773,0.0804,0.9638,0.4932,BCC+FCC,1,2.2,4.669,0.0479,0.1737,0.3991,0.1268,0.4932,0.1829,BCC+FCC,1,13.6346,4.669,0.0479,0.4045,0.0804,0.4932,0.3875,BCC+FCC,1,1.3737,2.2,4.669,59,0.0479,27.18,0.1737,0.3991,BCC+FCC
1,7.1475,11.925,0.0441,0.1831,0.1023,BCC+FCC,1,13.2638,0.0441,73.275,28.618,0.0743,0.0552,0.6748,0.4691,BCC+FCC,1,1.85,4.5435,0.0441,0.1831,0.2344,0.1023,0.4691,0.2379,BCC+FCC,1,13.2638,4.5435,0.0441,0.2707,0.0552,0.4691,0.452,BCC+FCC,1,2.0928,1.85,4.5435,68.36,0.0441,28.618,0.1831,0.2344,BCC+FCC
1,6.757,13.22,0.0413,0.177,0.1337,BCC+FCC,1,13.9934,0.0413,112.05,33.49,0.075,0.0652,0.8507,0.5356,BCC+FCC,1,1.85,4.535,0.0413,0.177,0.3068,0.1337,0.5356,0.2676,BCC+FCC,1,13.9934,4.535,0.0413,0.3255,0.0652,0.5356,0.4836,BCC+FCC,1,1.7825,1.85,4.535,67.11,0.0413,33.49,0.177,0.3068,BCC+FCC
1,7.721,13.655,0.0495,0.1785,0.1066,BCC+FCC,1,12.6995,0.0495,97.15,26.462,0.0776,0.0757,0.8985,0.4284,BCC+FCC,1,1.95,4.8345,0.0495,0.1785,0.2579,0.1066,0.4284,0.208,BCC+FCC,1,12.6995,4.8345,0.0495,0.301,0.0757,0.4284,0.4215,BCC+FCC,1,1.5917,1.95,4.8345,68.54,0.0495,26.462,0.1785,0.2579,BCC+FCC
1,7.597,14.655,0.0512,0.192,0.1313,BCC+FCC,1,13.0463,0.0512,123.28,25.275,0.0859,0.0827,0.8947,0.4453,BCC+FCC,1,2.05,4.7985,0.0512,0.192,0.2772,0.1313,0.4453,0.1877,BCC+FCC,1,13.0463,4.7985,0.0512,0.3124,0.0827,0.4453,0.4373,BCC+FCC,1,1.2553,2.05,4.7985,60.015,0.0512,25.275,0.192,0.2772,BCC+FCC
1,7.8825,14.44,0.0411,0.1615,0.1059,BCC+FCC,1,11.7524,0.0411,110.245,24.399,0.0728,0.071,0.7816,0.4381,BCC+FCC,1,2.05,4.877,0.0411,0.1615,0.2546,0.1059,0.4381,0.1761,BCC+FCC,1,11.7524,4.877,0.0411,0.2787,0.071,0.4381,0.444,BCC+FCC,1,1.5175,2.05,4.877,58.99,0.0411,24.399,0.1615,0.2546,BCC+FCC
1,7.362,14.725,0.0552,0.2021,0.1197,BCC+FCC,1,12.6995,0.0552,100.3,26.095,0.084,0.0805,0.9599,0.4595,BCC+FCC,1,2.1,4.815,0.0552,0.2021,0.321,0.1197,0.4595,0.1719,BCC+FCC,1,12.6995,4.815,0.0552,0.3507,0.0805,0.4595,0.3992,BCC+FCC,1,1.0632,2.1,4.815,59.715,0.0552,26.095,0.2021,0.321,BCC+FCC
1,7.2725,14.395,0.0555,0.2034,0.1195,BCC+FCC,1,13.4459,0.0555,105.445,27.394,0.084,0.0795,0.8964,0.4977,BCC+FCC,1,2.05,4.775,0.0555,0.2034,0.321,0.1195,0.4977,0.1942,BCC+FCC,1,13.4459,4.775,0.0555,0.354,0.0795,0.4977,0.4561,BCC+FCC,1,1.1797,2.05,4.775,59.14,0.0555,27.394,0.2034,0.321,BCC+FCC
1,7.4835,12.65,0.0489,0.1753,0.1275,BCC+FCC,1,13.3763,0.0489,97.98,29.6605,0.0742,0.0746,0.7205,0.4784,BCC+FCC,1,1.85,4.7105,0.0489,0.1753,0.248,0.1275,0.4784,0.2426,BCC+FCC,1,13.3763,4.7105,0.0489,0.3035,0.0746,0.4784,0.4962,BCC+FCC,1,2.0673,1.85,4.7105,67.055,0.0489,29.6605,0.1753,0.248,BCC+FCC
4,8.3435,13.59,0.0361,0.1655,0.1582,FCC,4,13.4171,0.0361,70.3,22.027,0.0493,0.0591,0.5826,0.3658,FCC,4,1.85,4.7715,0.0361,0.1655,0.1701,0.1582,0.3658,0.138,FCC,4,13.4171,4.7715,0.0361,0.2072,0.0591,0.3658,0.3042,FCC,4,53.3546,1.85,4.7715,65.93,0.0361,22.027,0.1655,0.1701,FCC
1,7.948,13.96,0.0445,0.1815,0.1065,BCC+FCC,1,13.8809,0.0445,62.96,21.95,0.0646,0.0663,0.7041,0.3785,BCC+FCC,1,1.85,4.772,0.0445,0.1815,0.2237,0.1065,0.3785,0.1314,BCC+FCC,1,13.8809,4.772,0.0445,0.2698,0.0663,0.3785,0.299,BCC+FCC,1,3.234,1.85,4.772,60.57,0.0445,21.95,0.1815,0.2237,BCC+FCC
1,7.893,13.91,0.0432,0.1808,0.1057,BCC+FCC,1,14.0696,0.0432,70.135,21.5195,0.0637,0.0636,0.6711,0.3877,BCC+FCC,1,1.85,4.732,0.0432,0.1808,0.2233,0.1057,0.3877,0.1367,BCC+FCC,1,14.0696,4.732,0.0432,0.2705,0.0636,0.3877,0.325,BCC+FCC,1,3.8785,1.85,4.732,58.345,0.0432,21.5195,0.1808,0.2233,BCC+FCC
1,7.8895,13.935,0.0422,0.1798,0.1055,BCC+FCC,1,13.9646,0.0422,74.25,20.746,0.0633,0.0618,0.6547,0.3948,BCC+FCC,1,1.85,4.7245,0.0422,0.1798,0.2231,0.1055,0.3948,0.1381,BCC+FCC,1,13.9646,4.7245,0.0422,0.2696,0.0618,0.3948,0.3451,BCC+FCC,1,4.0648,1.85,4.7245,56.205,0.0422,20.746,0.1798,0.2231,BCC+FCC
1,8.002,13.795,0.0322,0.1436,0.0918,FCC,1,12.8287,0.0322,66.805,20.8735,0.0507,0.0588,0.5603,0.3687,FCC,1,1.9,4.718,0.0322,0.1436,0.1956,0.0918,0.3687,0.1457,FCC,1,12.8287,4.718,0.0322,0.2308,0.0588,0.3687,0.3523,FCC,1,8.2047,1.9,4.718,58.685,0.0322,20.8735,0.1436,0.1956,FCC
1,7.865,13.79,0.0496,0.2022,0.0925,BCC+FCC,1,12.8287,0.0496,87.86,21.068,0.0741,0.0658,0.7125,0.437,BCC+FCC,1,1.95,4.8485,0.0496,0.2022,0.2481,0.0925,0.437,0.1322,BCC+FCC,1,12.8287,4.8485,0.0496,0.2901,0.0658,0.437,0.3767,BCC+FCC,1,1.5248,1.95,4.8485,52.86,0.0496,21.068,0.2022,0.2481,BCC+FCC
1,7.8615,13.815,0.049,0.2012,0.0924,BCC+FCC,1,12.6995,0.049,91.67,19.318,0.0738,0.0648,0.6817,0.4368,BCC+FCC,1,1.95,4.841,0.049,0.2012,0.248,0.0924,0.4368,0.128,BCC+FCC,1,12.6995,4.841,0.049,0.2891,0.0648,0.4368,0.3856,BCC+FCC,1,1.5409,1.95,4.841,50.72,0.049,19.318,0.2012,0.248,BCC+FCC
1,7.588,14.205,0.0476,0.1923,0.1083,BCC+FCC,1,13.9934,0.0476,57.49,22.778,0.0696,0.0703,0.6958,0.3855,BCC+FCC,1,1.95,4.7285,0.0476,0.1923,0.2739,0.1083,0.3855,0.1279,BCC+FCC,1,13.9934,4.7285,0.0476,0.3135,0.0703,0.3855,0.2745,BCC+FCC,1,2.2293,1.95,4.7285,61.72,0.0476,22.778,0.1923,0.2739,BCC+FCC
1,7.8065,14.555,0.0412,0.1645,0.1092,BCC+FCC,1,13.9646,0.0412,65.94,21.57,0.0596,0.066,0.7113,0.3685,BCC+FCC,1,1.9,4.737,0.0412,0.1645,0.2522,0.1092,0.3685,0.1259,BCC+FCC,1,13.9646,4.737,0.0412,0.2852,0.066,0.3685,0.2768,BCC+FCC,1,4.3015,1.9,4.737,60.78,0.0412,21.57,0.1645,0.2522,BCC+FCC
1,7.5,14.68,0.045,0.1749,0.1061,BCC+FCC,1,12.6995,0.045,48.46,21.575,0.0663,0.0745,0.6861,0.3525,BCC+FCC,1,2.05,4.7585,0.045,0.1749,0.2992,0.1061,0.3525,0.1067,BCC+FCC,1,12.6995,4.7585,0.045,0.324,0.0745,0.3525,0.2085,BCC+FCC,1,1.8952,2.05,4.7585,65.95,0.045,21.575,0.1749,0.2992,BCC+FCC
1,7.4485,14.605,0.0436,0.174,0.1054,BCC+FCC,1,12.8287,0.0436,51.845,21.5155,0.0655,0.0734,0.6688,0.352,BCC+FCC,1,2.05,4.726,0.0436,0.174,0.2984,0.1054,0.352,0.1084,BCC+FCC,1,12.8287,4.726,0.0436,0.3241,0.0734,0.352,0.2106,BCC+FCC,1,2.037,2.05,4.726,65.865,0.0436,21.5155,0.174,0.2984,BCC+FCC
1,7.451,15.31,0.0468,0.1829,0.1201,BCC+FCC,1,13.4459,0.0468,62.96,20.304,0.0643,0.0567,0.7372,0.3862,BCC+FCC,1,1.85,4.6185,0.0468,0.1829,0.2985,0.1201,0.3862,0.1156,BCC+FCC,1,13.4459,4.6185,0.0468,0.3361,0.0567,0.3862,0.2565,BCC+FCC,1,6.1762,1.85,4.6185,56.545,0.0468,20.304,0.1829,0.2985,BCC+FCC
1,7.607,15.705,0.0494,0.1843,0.1256,BCC+FCC,1,13.6225,0.0494,53.825,19.2265,0.0663,0.0638,0.8231,0.3885,BCC+FCC,1,1.8,4.691,0.0494,0.1843,0.3003,0.1256,0.3885,0.1062,BCC+FCC,1,13.6225,4.691,0.0494,0.3338,0.0638,0.3885,0.2444,BCC+FCC,1,3.8513,1.8,4.691,55.005,0.0494,19.2265,0.1843,0.3003,BCC+FCC
1,7.5975,15.05,0.0455,0.1759,0.1127,BCC+FCC,1,13.7638,0.0455,63.33,22.645,0.0666,0.0715,0.7963,0.3903,BCC+FCC,1,2,4.7835,0.0455,0.1759,0.3,0.1127,0.3903,0.1216,BCC+FCC,1,13.7638,4.7835,0.0455,0.3242,0.0715,0.3903,0.2683,BCC+FCC,1,2.1779,2,4.7835,60.045,0.0455,22.645,0.1759,0.3,BCC+FCC
1,7.5385,15.39,0.0438,0.1772,0.1187,BCC+FCC,1,13.4171,0.0438,84.9,15.945,0.0642,0.0599,0.7329,0.3921,BCC+FCC,1,1.9,4.6785,0.0438,0.1772,0.2993,0.1187,0.3921,0.1245,BCC+FCC,1,13.4171,4.6785,0.0438,0.3286,0.0599,0.3921,0.3312,BCC+FCC,1,3.8826,1.9,4.6785,49.95,0.0438,15.945,0.1772,0.2993,BCC+FCC
3,8.3575,13.535,0.0355,0.172,0.1735,FCC,3,12.47,0.0355,75.9,21.078,0.0474,0.0637,0.623,0.3374,FCC,3,1.95,4.864,0.0355,0.172,0.1624,0.1735,0.3374,0.1427,FCC,3,12.47,4.864,0.0355,0.2072,0.0637,0.3374,0.3332,FCC,3,3.3761,1.95,4.864,63.42,0.0355,21.078,0.172,0.1624,FCC
3,8.1515,13.235,0.0318,0.1692,0.1754,FCC,3,12.152,0.0318,60.06,20.772,0.0454,0.0631,0.503,0.3343,FCC,3,1.95,4.734,0.0318,0.1692,0.1639,0.1754,0.3343,0.1508,FCC,3,12.152,4.734,0.0318,0.2049,0.0631,0.3343,0.3439,FCC,3,4.1359,1.95,4.734,63.08,0.0318,20.772,0.1692,0.1639,FCC
4,8.1995,13.335,0.0324,0.169,0.1751,FCC,4,12.2116,0.0324,66.465,20.985,0.0456,0.0628,0.5057,0.3473,FCC,4,1.95,4.759,0.0324,0.169,0.1637,0.1751,0.3473,0.1509,FCC,4,12.2116,4.759,0.0324,0.2041,0.0628,0.3473,0.3638,FCC,4,4.0136,1.95,4.759,61.025,0.0324,20.985,0.169,0.1637,FCC
1,7.785,12.975,0.0487,0.1875,0.1341,BCC+FCC,1,13.4171,0.0487,50.6,18.191,0.0628,0.0727,0.533,0.2854,BCC+FCC,1,1.9,4.6915,0.0487,0.1875,0.2025,0.1341,0.2854,0.0987,BCC+FCC,1,13.4171,4.6915,0.0487,0.2865,0.0727,0.2854,0.2032,BCC+FCC,1,3.9076,1.9,4.6915,65.89,0.0487,18.191,0.1875,0.2025,BCC+FCC
1,8.029,13.545,0.0474,0.1745,0.1343,BCC+FCC,1,12.9458,0.0474,47.465,18.487,0.0597,0.0724,0.5984,0.2892,BCC+FCC,1,1.85,4.774,0.0474,0.1745,0.1961,0.1343,0.2892,0.0933,BCC+FCC,1,12.9458,4.774,0.0474,0.2677,0.0724,0.2892,0.1936,BCC+FCC,1,4.4296,1.85,4.774,65.93,0.0474,18.487,0.1745,0.1961,BCC+FCC
4,8.2545,14.165,0.0351,0.134,0.1187,FCC,4,13.0175,0.0351,55.855,19.076,0.0458,0.0648,0.6696,0.3006,FCC,4,1.8,4.794,0.0351,0.134,0.1756,0.1187,0.3006,0.1064,FCC,4,13.0175,4.794,0.0351,0.222,0.0648,0.3006,0.2227,FCC,4,67.9772,1.8,4.794,65.24,0.0351,19.076,0.134,0.1756,FCC
3,8.0435,13.72,0.0339,0.134,0.1101,FCC,3,12.9458,0.0339,59.4,19.1495,0.044,0.0592,0.5629,0.3049,FCC,3,1.85,4.6815,0.0339,0.134,0.1755,0.1101,0.3049,0.1248,FCC,3,12.9458,4.6815,0.0339,0.2262,0.0592,0.3049,0.261,FCC,3,20.2074,1.85,4.6815,64.555,0.0339,19.1495,0.134,0.1755,FCC
3,8.0465,13.6,0.0361,0.1487,0.1161,FCC,3,13.7759,0.0361,66.75,18.894,0.0511,0.0637,0.5611,0.338,FCC,3,1.9,4.739,0.0361,0.1487,0.1855,0.1161,0.338,0.1334,FCC,3,13.7759,4.739,0.0361,0.2397,0.0637,0.338,0.3278,FCC,3,8.4385,1.9,4.739,58.52,0.0361,18.894,0.1487,0.1855,FCC
4,8.1945,13.51,0.0342,0.1433,0.0958,FCC,4,12.4291,0.0342,77.815,20.3375,0.0526,0.0646,0.6077,0.3462,FCC,4,2,4.879,0.0342,0.1433,0.1852,0.0958,0.3462,0.1341,FCC,4,12.4291,4.879,0.0342,0.2291,0.0646,0.3462,0.3367,FCC,4,3.0199,2,4.879,60.225,0.0342,20.3375,0.1433,0.1852,FCC
4,8.1325,13.97,0.0306,0.1297,0.1103,FCC,4,12.47,0.0306,68.88,17.9045,0.0433,0.0564,0.54,0.3425,FCC,4,1.85,4.7165,0.0306,0.1297,0.1753,0.1103,0.3425,0.1365,FCC,4,12.47,4.7165,0.0306,0.2202,0.0564,0.3425,0.3494,FCC,4,24.7568,1.85,4.7165,56.165,0.0306,17.9045,0.1297,0.1753,FCC
2,8.2835,14.22,0.0285,0.128,0.1116,FCC,2,12.9458,0.0285,81.4,16.842,0.0442,0.0582,0.6002,0.3475,FCC,2,1.85,4.8065,0.0285,0.128,0.1744,0.1116,0.3475,0.1278,FCC,2,12.9458,4.8065,0.0285,0.2158,0.0582,0.3475,0.35,FCC,2,31.3389,1.85,4.8065,54.28,0.0285,16.842,0.128,0.1744,FCC
1,7.461,15.33,0.0457,0.1693,0.119,BCC+FCC,1,12.3408,0.0457,79.09,22.3705,0.0673,0.0744,0.8201,0.3973,BCC+FCC,1,2.15,4.8385,0.0457,0.1693,0.3299,0.119,0.3973,0.122,BCC+FCC,1,12.3408,4.8385,0.0457,0.3458,0.0744,0.3973,0.2848,BCC+FCC,1,1.5133,2.15,4.8385,58.155,0.0457,22.3705,0.1693,0.3299,BCC+FCC
1,7.8615,17.365,0.034,0.1272,0.1845,FCC,1,13.3046,0.034,179.24,16.393,0.0935,0.0911,0.7038,0.2683,FCC,1,1.95,4.5165,0.034,0.1272,0.1715,0.1845,0.2683,0.1956,FCC,1,13.3046,4.5165,0.034,0.2239,0.0911,0.2683,0.3221,FCC,1,4.8262,1.95,4.5165,68.155,0.034,16.393,0.1272,0.1715,FCC
1,7.9335,16.945,0.0352,0.1273,0.1804,FCC,1,13.6225,0.0352,172.06,16.549,0.0918,0.0923,0.7563,0.2698,FCC,1,1.95,4.569,0.0352,0.1273,0.1719,0.1804,0.2698,0.1885,FCC,1,13.6225,4.569,0.0352,0.2231,0.0923,0.2698,0.3195,FCC,1,4.6966,1.95,4.569,68.415,0.0352,16.549,0.1273,0.1719,FCC
1,8.1235,16.4,0.0345,0.1252,0.1663,FCC,1,13.9646,0.0345,152,19.3405,0.0846,0.0871,0.7916,0.3153,FCC,1,1.9,4.6665,0.0345,0.1252,0.1713,0.1663,0.3153,0.1892,FCC,1,13.9646,4.6665,0.0345,0.2188,0.0871,0.3153,0.379,FCC,1,6.5978,1.9,4.6665,62.945,0.0345,19.3405,0.1252,0.1713,FCC
1,8.043,16.7,0.0323,0.1196,0.1737,FCC,1,13.0463,0.0323,140.52,19.54,0.0877,0.0884,0.6482,0.3302,FCC,1,1.95,4.624,0.0323,0.1196,0.1717,0.1737,0.3302,0.2095,FCC,1,13.0463,4.624,0.0323,0.2125,0.0884,0.3302,0.4363,FCC,1,4.8908,1.95,4.624,60.2,0.0323,19.54,0.1196,0.1717,FCC
4,9.3275,11.095,0.1049,0.5199,0.2609,IM,4,14.4284,0.1049,62.19,34.508,0.1651,0.0806,0.4578,0.5857,IM,4,1.75,4.498,0.1049,0.5199,0.3051,0.2609,0.5857,0.1317,IM,4,14.4284,4.498,0.1049,0.3689,0.0806,0.5857,0.325,IM,4,2.3205,1.75,4.498,64.74,0.1049,34.508,0.5199,0.3051,IM
3,8.017,11.95,0.0885,0.4043,0.2734,IM,3,13.9934,0.0885,78.05,37.376,0.1364,0.0642,0.5252,0.6096,IM,3,1.75,4.592,0.0885,0.4043,0.3104,0.2734,0.6096,0.1416,IM,3,13.9934,4.592,0.0885,0.3679,0.0642,0.6096,0.3558,IM,3,2.4596,1.75,4.592,66.43,0.0885,37.376,0.4043,0.3104,IM
1,7.599,13.435,0.0413,0.1916,0.1182,BCC+FCC,1,12.8046,0.0413,60.58,20.06,0.0647,0.0503,0.557,0.3836,BCC+FCC,1,1.85,4.592,0.0413,0.1916,0.2268,0.1182,0.3836,0.1405,BCC+FCC,1,12.8046,4.592,0.0413,0.2878,0.0503,0.3836,0.3371,BCC+FCC,1,5.7913,1.85,4.592,56.425,0.0413,20.06,0.1916,0.2268,BCC+FCC
1,7.8395,14.14,0.0505,0.2011,0.1099,BCC+FCC,1,12.152,0.0505,110.245,21.082,0.0814,0.0723,0.778,0.4399,BCC+FCC,1,2,4.846,0.0505,0.2011,0.2488,0.1099,0.4399,0.1476,BCC+FCC,1,12.152,4.846,0.0505,0.2891,0.0723,0.4399,0.4285,BCC+FCC,1,1.2683,2,4.846,52.34,0.0505,21.082,0.2011,0.2488,BCC+FCC
1,7.4535,12.505,0.0445,0.1866,0.0896,BCC+FCC,1,13.1634,0.0445,51.76,22.026,0.068,0.0681,0.4936,0.372,BCC+FCC,1,2.05,4.6495,0.0445,0.1866,0.2306,0.0896,0.372,0.1485,BCC+FCC,1,13.1634,4.6495,0.0445,0.2762,0.0681,0.372,0.3342,BCC+FCC,1,1.7738,2.05,4.6495,61.94,0.0445,22.026,0.1866,0.2306,BCC+FCC
1,7.2075,13.915,0.0481,0.1881,0.1144,BCC+FCC,1,13.9646,0.0481,68.33,22.56,0.0709,0.0761,0.6459,0.3911,BCC+FCC,1,2.15,4.701,0.0481,0.1881,0.3072,0.1144,0.3911,0.1339,BCC+FCC,1,13.9646,4.701,0.0481,0.3382,0.0761,0.3911,0.3022,BCC+FCC,1,1.4809,2.15,4.701,59.79,0.0481,22.56,0.1881,0.3072,BCC+FCC
1,7.0295,14.73,0.0457,0.1791,0.114,BCC+FCC,1,13.4171,0.0457,77.46,22.13,0.0704,0.0731,0.662,0.4278,BCC+FCC,1,2.2,4.685,0.0457,0.1791,0.3427,0.114,0.4278,0.1389,BCC+FCC,1,13.4171,4.685,0.0457,0.354,0.0731,0.4278,0.3429,BCC+FCC,1,1.3837,2.2,4.685,54.475,0.0457,22.13,0.1791,0.3427,BCC+FCC
1,7.7325,15.19,0.0286,0.1245,0.1731,FCC,1,13.0175,0.0286,144.08,13.074,0.0816,0.0851,0.7567,0.2307,FCC,1,2.05,4.559,0.0286,0.1245,0.1745,0.1731,0.2307,0.1597,FCC,1,13.0175,4.559,0.0286,0.2142,0.0851,0.2307,0.2631,FCC,1,3.1545,2.05,4.559,72.66,0.0286,13.074,0.1245,0.1745,FCC
1,7.4805,16.87,0.0356,0.1411,0.198,FCC,1,13.6225,0.0356,170.1,17.634,0.091,0.0946,0.7412,0.2918,FCC,1,2.1,4.533,0.0356,0.1411,0.2349,0.198,0.2918,0.1888,FCC,1,13.6225,4.533,0.0356,0.2665,0.0946,0.2918,0.3187,FCC,1,2.0008,2.1,4.533,67.64,0.0356,17.634,0.1411,0.2349,FCC
1,7.542,15.385,0.0327,0.1367,0.1652,FCC,1,13.8809,0.0327,132.75,17.949,0.0801,0.0849,0.7944,0.2942,FCC,1,2.1,4.593,0.0327,0.1367,0.2337,0.1652,0.2942,0.1665,FCC,1,13.8809,4.593,0.0327,0.2601,0.0849,0.2942,0.2992,FCC,1,2.4148,2.1,4.593,68.165,0.0327,17.949,0.1367,0.2337,FCC
2,9.025,10.19,0.0972,0.4966,0.221,IM,2,14.0696,0.0972,52.84,33.6695,0.1651,0.0802,0.3858,0.5882,IM,2,1.85,4.472,0.0972,0.4966,0.3191,0.221,0.5882,0.147,IM,2,14.0696,4.472,0.0972,0.3276,0.0802,0.5882,0.3726,IM,2,1.6935,1.85,4.472,62.845,0.0972,33.6695,0.4966,0.3191,IM
4,7.8115,9.775,0.0845,0.4343,0.194,IM,4,14.3159,0.0845,60.96,31.978,0.1598,0.0875,0.4354,0.6086,IM,4,1.85,4.5765,0.0845,0.4343,0.2489,0.194,0.6086,0.1353,IM,4,14.3159,4.5765,0.0845,0.3619,0.0875,0.6086,0.3791,IM,4,1.3852,1.85,4.5765,60.66,0.0845,31.978,0.4343,0.2489,IM
3,7.6405,10.54,0.0846,0.433,0.2141,IM,3,14.6747,0.0846,66,32.7025,0.1601,0.0877,0.4968,0.6288,IM,3,1.9,4.5755,0.0846,0.433,0.2901,0.2141,0.6288,0.1363,IM,3,14.6747,4.5755,0.0846,0.3834,0.0877,0.6288,0.3778,IM,3,1.2469,1.9,4.5755,59.625,0.0846,32.7025,0.433,0.2901,IM
4,10.1095,10.1,0.099,0.5839,0.2504,IM,4,13.6346,0.099,61.595,32.809,0.1768,0.0896,0.4022,0.6165,IM,4,1.85,4.498,0.099,0.5839,0.358,0.2504,0.6165,0.1182,IM,4,13.6346,4.498,0.099,0.3525,0.0896,0.6165,0.3362,IM,4,1.5788,1.85,4.498,61.23,0.099,32.809,0.5839,0.358,IM
2,8.3765,10.23,0.0837,0.4665,0.2177,IM,2,13.9934,0.0837,59.615,32.68,0.1679,0.0841,0.3828,0.6627,IM,2,1.85,4.518,0.0837,0.4665,0.3305,0.2177,0.6627,0.1236,IM,2,13.9934,4.518,0.0837,0.3525,0.0841,0.6627,0.37,IM,2,1.5315,1.85,4.518,58.34,0.0837,32.68,0.4665,0.3305,IM
1,7.768,13.21,0.0474,0.1895,0.0985,BCC+FCC,1,12.8287,0.0474,38.45,20.338,0.0676,0.0694,0.5036,0.3426,BCC+FCC,1,1.85,4.722,0.0474,0.1895,0.2243,0.0985,0.3426,0.1344,BCC+FCC,1,12.8287,4.722,0.0474,0.2827,0.0694,0.3426,0.2559,BCC+FCC,1,2.8494,1.85,4.722,70.18,0.0474,20.338,0.1895,0.2243,BCC+FCC
1,8.0615,13.745,0.0478,0.1735,0.1125,BCC+FCC,1,12.8287,0.0478,26.5,22.058,0.0625,0.0647,0.4893,0.3593,BCC+FCC,1,1.65,4.753,0.0478,0.1735,0.2014,0.1125,0.3593,0.1417,BCC+FCC,1,12.8287,4.753,0.0478,0.2655,0.0647,0.3593,0.2762,BCC+FCC,1,10.3012,1.65,4.753,69.61,0.0478,22.058,0.1735,0.2014,BCC+FCC
1,7.4915,12.18,0.0453,0.1922,0.0889,BCC+FCC,1,13.1634,0.0453,41.4,20.4275,0.0688,0.0606,0.4584,0.3564,BCC+FCC,1,1.8,4.617,0.0453,0.1922,0.2205,0.0889,0.3564,0.1717,BCC+FCC,1,13.1634,4.617,0.0453,0.291,0.0606,0.3564,0.2961,BCC+FCC,1,3.3465,1.8,4.617,74.935,0.0453,20.4275,0.1922,0.2205,BCC+FCC
1,7.7825,14.2,0.0475,0.1756,0.1101,BCC+FCC,1,12.8046,0.0475,31.5,21.105,0.0647,0.0705,0.5453,0.3475,BCC+FCC,1,1.85,4.7595,0.0475,0.1756,0.2543,0.1101,0.3475,0.1183,BCC+FCC,1,12.8046,4.7595,0.0475,0.2974,0.0705,0.3475,0.2297,BCC+FCC,1,3.2299,1.85,4.7595,68.85,0.0475,21.105,0.1756,0.2543,BCC+FCC
1,7.8135,14.2,0.046,0.1646,0.1247,BCC+FCC,1,13.1708,0.046,40.315,20.16,0.0584,0.0669,0.5584,0.3264,BCC+FCC,1,1.8,4.7005,0.046,0.1646,0.2379,0.1247,0.3264,0.1065,BCC+FCC,1,13.1708,4.7005,0.046,0.2905,0.0669,0.3264,0.21,BCC+FCC,1,10.9745,1.8,4.7005,68.3,0.046,20.16,0.1646,0.2379,BCC+FCC
1,8.069,15.5,0.0476,0.1564,0.1375,BCC+FCC,1,13.3046,0.0476,112.8,20.6515,0.0768,0.0659,1.1439,0.3405,BCC+FCC,1,1.55,4.5865,0.0476,0.1564,0.1747,0.1375,0.3405,0.1584,BCC+FCC,1,13.3046,4.5865,0.0476,0.256,0.0659,0.3405,0.2856,BCC+FCC,1,6.2062,1.55,4.5865,68.235,0.0476,20.6515,0.1564,0.1747,BCC+FCC
1,7.9375,15.625,0.0497,0.165,0.1584,BCC+FCC,1,13.5008,0.0497,162.25,18.331,0.0887,0.0832,1.0771,0.3139,BCC+FCC,1,1.65,4.589,0.0497,0.165,0.1781,0.1584,0.3139,0.1753,BCC+FCC,1,13.5008,4.589,0.0497,0.2685,0.0832,0.3139,0.2747,BCC+FCC,1,18.8073,1.65,4.589,74.835,0.0497,18.331,0.165,0.1781,BCC+FCC
1,8.088,13.515,0.0483,0.1622,0.1174,BCC+FCC,1,13.0175,0.0483,51.8,19.843,0.0683,0.0698,1.045,0.3248,BCC+FCC,1,1.6,4.734,0.0483,0.1622,0.1772,0.1174,0.3248,0.1658,BCC+FCC,1,13.0175,4.734,0.0483,0.2603,0.0698,0.3248,0.2797,BCC+FCC,1,523.2847,1.6,4.734,77.355,0.0483,19.843,0.1622,0.1772,BCC+FCC
1,7.822,14.87,0.0484,0.171,0.142,BCC+FCC,1,13.8809,0.0484,134.9,20.9865,0.082,0.0638,1.0587,0.3444,BCC+FCC,1,1.55,4.519,0.0484,0.171,0.1767,0.142,0.3444,0.1865,BCC+FCC,1,13.8809,4.519,0.0484,0.2787,0.0638,0.3444,0.2899,BCC+FCC,1,6.9579,1.55,4.519,74.695,0.0484,20.9865,0.171,0.1767,BCC+FCC
1,8.0065,13.67,0.0541,0.1776,0.1143,BCC+FCC,1,12.6995,0.0541,52.1,25.4215,0.0696,0.0559,1.0629,0.3881,BCC+FCC,1,1.4,4.6265,0.0541,0.1776,0.1793,0.1143,0.3881,0.1891,BCC+FCC,1,12.6995,4.6265,0.0541,0.2818,0.0559,0.3881,0.3218,BCC+FCC,1,4.4307,1.4,4.6265,73.535,0.0541,25.4215,0.1776,0.1793,BCC+FCC
1,7.655,12.72,0.0472,0.1787,0.1179,BCC+FCC,1,13.0175,0.0472,83.2,23.174,0.0721,0.0468,1.0126,0.3491,BCC+FCC,1,1.45,4.519,0.0472,0.1787,0.1757,0.1179,0.3491,0.2043,BCC+FCC,1,13.0175,4.519,0.0472,0.2912,0.0468,0.3491,0.2904,BCC+FCC,1,4.8772,1.45,4.519,81.62,0.0472,23.174,0.1787,0.1757,BCC+FCC
1,7.2695,13.315,0.0415,0.1699,0.1299,BCC+FCC,1,13.6225,0.0415,105.875,22.67,0.0732,0.0513,1.0266,0.3506,BCC+FCC,1,1.6,4.473,0.0415,0.1699,0.227,0.1299,0.3506,0.1984,BCC+FCC,1,13.6225,4.473,0.0415,0.3093,0.0513,0.3506,0.268,BCC+FCC,1,128.439,1.6,4.473,82.25,0.0415,22.67,0.1699,0.227,BCC+FCC
1,7.5125,15.26,0.0481,0.1693,0.1363,BCC+FCC,1,13.9813,0.0481,88,20.292,0.0778,0.0809,1.1794,0.3421,BCC+FCC,1,1.9,4.677,0.0481,0.1693,0.2822,0.1363,0.3421,0.1385,BCC+FCC,1,13.9813,4.677,0.0481,0.3264,0.0809,0.3421,0.2417,BCC+FCC,1,3.1492,1.9,4.677,72.07,0.0481,20.292,0.1693,0.2822,BCC+FCC
1,7.3795,15.34,0.0501,0.1827,0.1276,BCC+FCC,1,14.2397,0.0501,89.65,24.2085,0.0762,0.0587,1.1498,0.4013,BCC+FCC,1,1.7,4.537,0.0501,0.1827,0.2812,0.1276,0.4013,0.1651,BCC+FCC,1,14.2397,4.537,0.0501,0.3456,0.0587,0.4013,0.2894,BCC+FCC,1,56.2716,1.7,4.537,68.165,0.0501,24.2085,0.1827,0.2812,BCC+FCC
1,7.1375,13.28,0.0487,0.1893,0.1049,BCC+FCC,1,12.8287,0.0487,41.955,20.45,0.0719,0.0764,0.5405,0.3538,BCC+FCC,1,2.05,4.676,0.0487,0.1893,0.3011,0.1049,0.3538,0.1381,BCC+FCC,1,12.8287,4.676,0.0487,0.3429,0.0764,0.3538,0.2454,BCC+FCC,1,1.484,2.05,4.676,73.06,0.0487,20.45,0.1893,0.3011,BCC+FCC
1,7.5645,12.145,0.0475,0.1811,0.1179,BCC+FCC,1,12.8287,0.0475,82,17.028,0.0797,0.08,1.0225,0.2877,BCC+FCC,1,1.75,4.668,0.0475,0.1811,0.2024,0.1179,0.2877,0.1918,BCC+FCC,1,12.8287,4.668,0.0475,0.2824,0.08,0.2877,0.2689,BCC+FCC,1,2.2521,1.75,4.668,86.12,0.0475,17.028,0.1811,0.2024,BCC+FCC
1,7.318,14.61,0.0308,0.1467,0.2043,FCC,1,13.6225,0.0308,181.93,13.855,0.0795,0.0784,0.8063,0.2634,FCC,1,1.85,4.4265,0.0308,0.1467,0.1755,0.2043,0.2634,0.1761,FCC,1,13.6225,4.4265,0.0308,0.2433,0.0784,0.2634,0.234,FCC,1,3.5756,1.85,4.4265,81.355,0.0308,13.855,0.1467,0.1755,FCC
1,7.476,12.705,0.044,0.1666,0.115,BCC+FCC,1,13.0175,0.044,60.84,14.159,0.0713,0.0777,0.8828,0.2851,BCC+FCC,1,1.9,4.6755,0.044,0.1666,0.2374,0.115,0.2851,0.1521,BCC+FCC,1,13.0175,4.6755,0.044,0.2954,0.0777,0.2851,0.2381,BCC+FCC,1,2.2821,1.9,4.6755,81.71,0.044,14.159,0.1666,0.2374,BCC+FCC
1,6.923,12.82,0.0409,0.1624,0.1347,BCC+FCC,1,13.6225,0.0409,61.6,19.8475,0.068,0.0633,0.8168,0.3453,BCC+FCC,1,1.95,4.5245,0.0409,0.1624,0.2772,0.1347,0.3453,0.1626,BCC+FCC,1,13.6225,4.5245,0.0409,0.3175,0.0633,0.3453,0.2575,BCC+FCC,1,2.296,1.95,4.5245,77.175,0.0409,19.8475,0.1624,0.2772,BCC+FCC
4,7.6895,15.235,0.0293,0.1322,0.175,FCC,4,12.3408,0.0293,145.85,9.878,0.0813,0.0798,0.8327,0.1918,FCC,4,2,4.5165,0.0293,0.1322,0.173,0.175,0.1918,0.1171,FCC,4,12.3408,4.5165,0.0293,0.2261,0.0798,0.1918,0.1861,FCC,4,4.4275,2,4.5165,75.06,0.0293,9.878,0.1322,0.173,FCC
2,8.5715,12.125,0.119,0.507,0.2754,IM,2,14.3234,0.119,64.96,30.734,0.1656,0.0928,0.6815,0.5818,IM,2,1.7,4.5655,0.119,0.507,0.3037,0.2754,0.5818,0.1209,IM,2,14.3234,4.5655,0.119,0.4255,0.0928,0.5818,0.289,IM,2,1.3523,1.7,4.5655,59.97,0.119,30.734,0.507,0.3037,IM
4,8.4855,12.34,0.0386,0.1698,0.1507,FCC,4,13.8809,0.0386,63.94,21.38,0.0524,0.0564,0.5462,0.3461,FCC,4,1.7,4.7575,0.0386,0.1698,0.0852,0.1507,0.3461,0.1756,FCC,4,13.8809,4.7575,0.0386,0.1766,0.0564,0.3461,0.3454,FCC,4,9.6427,1.7,4.7575,73.9,0.0386,21.38,0.1698,0.0852,FCC
4,8.48,13.05,0.0352,0.1728,0.1895,FCC,4,12.47,0.0352,68.39,20.678,0.0421,0.0532,0.518,0.3722,FCC,4,1.7,4.7275,0.0352,0.1728,0.0634,0.1895,0.3722,0.1664,FCC,4,12.47,4.7275,0.0352,0.1746,0.0532,0.3722,0.4143,FCC,4,11.0182,1.7,4.7275,59.99,0.0352,20.678,0.1728,0.0634,FCC
4,8.2735,12.63,0.0342,0.1271,0.0928,FCC,4,12.152,0.0342,48.2,14.2275,0.0415,0.0636,0.4823,0.2394,FCC,4,1.8,4.7325,0.0342,0.1271,0.0902,0.0928,0.2394,0.1223,FCC,4,12.152,4.7325,0.0342,0.1796,0.0636,0.2394,0.2256,FCC,4,16.03,1.8,4.7325,74.895,0.0342,14.2275,0.1271,0.0902,FCC
3,8.383,12.65,0.0348,0.1348,0.0937,FCC,3,13.8809,0.0348,64.015,20.964,0.0476,0.0616,0.5975,0.333,FCC,3,1.75,4.8075,0.0348,0.1348,0.094,0.0937,0.333,0.1729,FCC,3,13.8809,4.8075,0.0348,0.1877,0.0616,0.333,0.3545,FCC,3,144.583,1.75,4.8075,70.38,0.0348,20.964,0.1348,0.094,FCC
4,8.3735,13.245,0.0358,0.1477,0.1224,FCC,4,13.3763,0.0358,73.45,18.205,0.0484,0.0568,0.5677,0.3703,FCC,4,1.7,4.7575,0.0358,0.1477,0.1068,0.1224,0.3703,0.1518,FCC,4,13.3763,4.7575,0.0358,0.2038,0.0568,0.3703,0.4005,FCC,4,12.4963,1.7,4.7575,57.225,0.0358,18.205,0.1477,0.1068,FCC
1,8.1495,14.815,0.03,0.1102,0.1582,FCC,1,13.1708,0.03,147.615,10.254,0.0807,0.0859,0.7855,0.2115,FCC,1,1.9,4.62,0.03,0.1102,0.0783,0.1582,0.2115,0.1707,FCC,1,13.1708,4.62,0.03,0.1615,0.0859,0.2115,0.2698,FCC,1,11.2139,1.9,4.62,76.88,0.03,10.254,0.1102,0.0783,FCC
1,8.146,14.84,0.0286,0.1074,0.1578,FCC,1,13.4171,0.0286,143.54,13.046,0.0801,0.0841,0.7375,0.2409,FCC,1,1.9,4.6125,0.0286,0.1074,0.0778,0.1578,0.2409,0.1874,FCC,1,13.4171,4.6125,0.0286,0.1574,0.0841,0.2409,0.3067,FCC,1,13.0671,1.9,4.6125,74.74,0.0286,13.046,0.1074,0.0778,FCC
1,7.919,14.345,0.0322,0.1263,0.1638,FCC,1,13.8809,0.0322,155.445,15.695,0.0832,0.0791,0.7219,0.2899,FCC,1,1.75,4.5275,0.0322,0.1263,0.0842,0.1638,0.2899,0.2283,FCC,1,13.8809,4.5275,0.0322,0.184,0.0791,0.2899,0.3271,FCC,1,18.6395,1.75,4.5275,79.345,0.0322,15.695,0.1263,0.0842,FCC
1,8.247,15.185,0.032,0.1143,0.1607,FCC,1,14.0696,0.032,145.91,16.965,0.0817,0.085,0.7501,0.2825,FCC,1,1.85,4.645,0.032,0.1143,0.0804,0.1607,0.2825,0.2001,FCC,1,14.0696,4.645,0.032,0.1674,0.085,0.2825,0.3523,FCC,1,26.2869,1.85,4.645,70.975,0.032,16.965,0.1143,0.0804,FCC
1,8.3155,14.79,0.0304,0.11,0.149,FCC,1,14.0696,0.0304,132.325,18.7065,0.0759,0.0812,0.7395,0.3046,FCC,1,1.85,4.69,0.0304,0.11,0.0782,0.149,0.3046,0.2005,FCC,1,14.0696,4.69,0.0304,0.1605,0.0812,0.3046,0.3788,FCC,1,37.644,1.85,4.69,69.095,0.0304,18.7065,0.11,0.0782,FCC
1,7.9455,13.47,0.0475,0.1904,0.1352,BCC+FCC,1,13.8401,0.0475,112.355,24.9115,0.0792,0.0642,0.7374,0.4863,BCC+FCC,1,1.65,4.648,0.0475,0.1904,0.1676,0.1352,0.4863,0.2245,BCC+FCC,1,13.8401,4.648,0.0475,0.2582,0.0642,0.4863,0.5271,BCC+FCC,1,8.8727,1.65,4.648,59.055,0.0475,24.9115,0.1904,0.1676,BCC+FCC
4,8.174,12.885,0.0231,0.1063,0.1004,FCC,4,11.0757,0.0231,72.175,21.205,0.0507,0.0603,0.4611,0.3556,FCC,4,1.9,4.6775,0.0231,0.1063,0.0887,0.1004,0.3556,0.1892,FCC,4,11.0757,4.6775,0.0231,0.1478,0.0603,0.3556,0.4361,FCC,4,18.0923,1.9,4.6775,63.245,0.0231,21.205,0.1063,0.0887,FCC
1,7.9935,13.86,0.0507,0.2006,0.1307,BCC+FCC,1,13.1634,0.0507,119.7,22.145,0.0851,0.0751,0.7597,0.4604,BCC+FCC,1,1.85,4.7795,0.0507,0.2006,0.1952,0.1307,0.4604,0.1856,BCC+FCC,1,13.1634,4.7795,0.0507,0.2615,0.0751,0.4604,0.5095,BCC+FCC,1,1.9783,1.85,4.7795,54.55,0.0507,22.145,0.2006,0.1952,BCC+FCC
1,7.7335,13.49,0.0476,0.1973,0.137,BCC+FCC,1,13.6225,0.0476,117.325,20.12,0.0886,0.0864,0.9123,0.3511,BCC+FCC,1,1.95,4.692,0.0476,0.1973,0.192,0.137,0.3511,0.1923,BCC+FCC,1,13.6225,4.692,0.0476,0.2592,0.0864,0.3511,0.3572,BCC+FCC,1,1.7302,1.95,4.692,70.38,0.0476,20.12,0.1973,0.192,BCC+FCC
1,7.479,12.135,0.0443,0.1897,0.116,BCC+FCC,1,13.9813,0.0443,86.58,21.6875,0.08,0.0697,0.7915,0.3795,BCC+FCC,1,1.85,4.582,0.0443,0.1897,0.1839,0.116,0.3795,0.2178,BCC+FCC,1,13.9813,4.582,0.0443,0.2506,0.0697,0.3795,0.3782,BCC+FCC,1,2.3733,1.85,4.582,73.515,0.0443,21.6875,0.1897,0.1839,BCC+FCC
1,7.9685,14.64,0.0306,0.134,0.1606,FCC,1,13.5008,0.0306,133.5,19.077,0.0845,0.0851,0.6673,0.3231,FCC,1,1.95,4.614,0.0306,0.134,0.1267,0.1606,0.3231,0.2174,FCC,1,13.5008,4.614,0.0306,0.1811,0.0851,0.3231,0.3961,FCC,1,3.5216,1.95,4.614,69.345,0.0306,19.077,0.134,0.1267,FCC
2,8.751,10.295,0.0954,0.4543,0.1728,IM,2,14.5697,0.0954,61.43,30.71,0.1373,0.1,0.5426,0.5321,IM,2,1.85,4.592,0.0954,0.4543,0.3079,0.1728,0.5321,0.2062,IM,2,14.5697,4.592,0.0954,0.3596,0.1,0.5321,0.4778,IM,2,1.2234,1.85,4.592,61.54,0.0954,30.71,0.4543,0.3079,IM
2,7.854,14.435,0.0305,0.1262,0.1799,FCC,2,13.0871,0.0305,159.61,8.534,0.0839,0.0846,0.7507,0.1951,FCC,2,1.9,4.525,0.0305,0.1262,0.091,0.1799,0.1951,0.1676,FCC,2,13.0871,4.525,0.0305,0.1795,0.0846,0.1951,0.2413,FCC,2,5.2328,1.9,4.525,80.455,0.0305,8.534,0.1262,0.091,FCC
1,7.7315,13.98,0.0357,0.1467,0.1919,FCC,1,13.8809,0.0357,162.025,11.6525,0.0842,0.0854,0.771,0.2327,FCC,1,1.85,4.515,0.0357,0.1467,0.1057,0.1919,0.2327,0.187,FCC,1,13.8809,4.515,0.0357,0.2072,0.0854,0.2327,0.2674,FCC,1,4.4928,1.85,4.515,80.525,0.0357,11.6525,0.1467,0.1057,FCC
1,8.005,14.685,0.0361,0.1372,0.182,FCC,1,13.4459,0.0361,163.92,10.843,0.0884,0.0941,0.7831,0.229,FCC,1,1.9,4.615,0.0361,0.1372,0.1005,0.182,0.229,0.1907,FCC,1,13.4459,4.615,0.0361,0.1943,0.0941,0.229,0.2885,FCC,1,3.8147,1.9,4.615,78.57,0.0361,10.843,0.1372,0.1005,FCC
2,8.09,12.335,0.0232,0.1093,0.0915,FCC,2,11.7524,0.0232,72.82,21.726,0.0542,0.0631,0.4844,0.3528,FCC,2,1.9,4.6775,0.0232,0.1093,0.091,0.0915,0.3528,0.2068,FCC,2,11.7524,4.6775,0.0232,0.1495,0.0631,0.3528,0.4281,FCC,2,6.1432,1.9,4.6775,68.745,0.0232,21.726,0.1093,0.091,FCC
2,8.2115,10.37,0.0738,0.357,0.1614,IM,2,13.4813,0.0738,61.085,30.736,0.1178,0.079,0.4223,0.5645,IM,2,1.8,4.5755,0.0738,0.357,0.2572,0.1614,0.5645,0.2322,IM,2,13.4813,4.5755,0.0738,0.2895,0.079,0.5645,0.5726,IM,2,1.5438,1.8,4.5755,59.58,0.0738,30.736,0.357,0.2572,IM
3,9.9695,9.695,0.1052,0.5204,0.239,IM,3,13.7759,0.1052,62.9,31.652,0.1646,0.1038,0.4406,0.5941,IM,3,1.85,4.58,0.1052,0.5204,0.3233,0.239,0.5941,0.1985,IM,3,13.7759,4.58,0.1052,0.3365,0.1038,0.5941,0.5081,IM,3,1.4151,1.85,4.58,61.94,0.1052,31.652,0.5204,0.3233,IM
4,8.102,9.545,0.0762,0.3726,0.2217,IM,4,14.1058,0.0762,61.65,30.896,0.1386,0.0854,0.4634,0.5839,IM,4,1.85,4.6075,0.0762,0.3726,0.3516,0.2217,0.5839,0.2037,IM,4,14.1058,4.6075,0.0762,0.3242,0.0854,0.5839,0.5171,IM,4,1.5602,1.85,4.6075,63.02,0.0762,30.896,0.3726,0.3516,IM
4,8.4375,12.53,0.0392,0.1799,0.1309,FCC,4,12.152,0.0392,62.95,17.5725,0.0554,0.0636,0.5686,0.3065,FCC,4,1.9,4.839,0.0392,0.1799,0.1274,0.1309,0.3065,0.1347,FCC,4,12.152,4.839,0.0392,0.1818,0.0636,0.3065,0.2666,FCC,4,4.7504,1.9,4.839,73.505,0.0392,17.5725,0.1799,0.1274,FCC
3,8.476,13.005,0.0295,0.1475,0.1536,FCC,3,12.3408,0.0295,76.825,18.144,0.0545,0.065,0.582,0.3041,FCC,3,1.9,4.7475,0.0295,0.1475,0.0772,0.1536,0.3041,0.1579,FCC,3,12.3408,4.7475,0.0295,0.1332,0.065,0.3041,0.3172,FCC,3,97.9271,1.9,4.7475,71.79,0.0295,18.144,0.1475,0.0772,FCC
4,8.321,12.94,0.0316,0.1428,0.0704,FCC,4,12.47,0.0316,71.68,21.095,0.0508,0.0617,0.5471,0.3518,FCC,4,1.95,4.859,0.0316,0.1428,0.1332,0.0704,0.3518,0.1461,FCC,4,12.47,4.859,0.0316,0.1874,0.0617,0.3518,0.3651,FCC,4,3.6402,1.95,4.859,61.425,0.0316,21.095,0.1428,0.1332,FCC
4,8.2225,13.3,0.0336,0.1504,0.1049,FCC,4,12.47,0.0336,67.305,18.111,0.0494,0.0555,0.5115,0.3524,FCC,4,1.8,4.719,0.0336,0.1504,0.1337,0.1049,0.3524,0.1396,FCC,4,12.47,4.719,0.0336,0.2027,0.0555,0.3524,0.3693,FCC,4,225.6443,1.8,4.719,55.87,0.0336,18.111,0.1504,0.1337,FCC
1,8.015,16.155,0.0335,0.139,0.1861,FCC,1,13.1587,0.0335,156.8,18.6845,0.093,0.092,0.6445,0.3059,FCC,1,1.95,4.5815,0.0335,0.139,0.1283,0.1861,0.3059,0.2164,FCC,1,13.1587,4.5815,0.0335,0.1912,0.092,0.3059,0.4002,FCC,1,3.7068,1.95,4.5815,65.635,0.0335,18.6845,0.139,0.1283,FCC
1,8.056,15.165,0.031,0.1343,0.1642,FCC,1,13.5008,0.031,135.5,18.9295,0.0845,0.0848,0.6816,0.308,FCC,1,1.95,4.6215,0.031,0.1343,0.1259,0.1642,0.308,0.2011,FCC,1,13.5008,4.6215,0.031,0.1833,0.0848,0.308,0.3885,FCC,1,4.5383,1.95,4.6215,65.985,0.031,18.9295,0.1343,0.1259,FCC
1,8.113,14.35,0.0487,0.2012,0.1351,BCC+FCC,1,13.2283,0.0487,103.08,15.78,0.077,0.0654,0.8484,0.3934,BCC+FCC,1,1.7,4.747,0.0487,0.2012,0.1926,0.1351,0.3934,0.1372,BCC+FCC,1,13.2283,4.747,0.0487,0.2608,0.0654,0.3934,0.3929,BCC+FCC,1,3.3874,1.7,4.747,50.26,0.0487,15.78,0.2012,0.1926,BCC+FCC
1,8.096,14.92,0.0313,0.1223,0.1726,FCC,1,13.1708,0.0313,145.83,11.66,0.0816,0.0872,0.7694,0.2012,FCC,1,1.95,4.61,0.0313,0.1223,0.0927,0.1726,0.2012,0.1605,FCC,1,13.1708,4.61,0.0313,0.1747,0.0872,0.2012,0.2681,FCC,1,6.9013,1.95,4.61,73.65,0.0313,11.66,0.1223,0.0927,FCC
1,8.2725,14.82,0.0354,0.1272,0.1642,FCC,1,13.4813,0.0354,136.54,13.6125,0.0784,0.0872,0.8721,0.2206,FCC,1,1.9,4.7025,0.0354,0.1272,0.0944,0.1642,0.2206,0.1532,FCC,1,13.4813,4.7025,0.0354,0.1802,0.0872,0.2206,0.2722,FCC,1,8.3559,1.9,4.7025,72.285,0.0354,13.6125,0.1272,0.0944,FCC
1,8.0255,16.65,0.0317,0.1262,0.2021,FCC,1,12.6995,0.0317,159.16,17.278,0.0915,0.0866,0.5773,0.2752,FCC,1,1.9,4.5025,0.0317,0.1262,0.0963,0.2021,0.2752,0.2178,FCC,1,12.6995,4.5025,0.0317,0.1827,0.0866,0.2752,0.3922,FCC,1,12.3494,1.9,4.5025,64.91,0.0317,17.278,0.1262,0.0963,FCC
1,8.421,15.63,0.0346,0.1318,0.1727,FCC,1,13.6058,0.0346,143.53,17.9685,0.0789,0.0811,0.8269,0.302,FCC,1,1.75,4.7025,0.0346,0.1318,0.0935,0.1727,0.302,0.1757,FCC,1,13.6058,4.7025,0.0346,0.1865,0.0811,0.302,0.3843,FCC,1,803.6534,1.75,4.7025,60.735,0.0346,17.9685,0.1318,0.0935,FCC
2,8.267,13.19,0.0246,0.1036,0.1003,FCC,2,12.152,0.0246,75.66,18.808,0.0482,0.0665,0.5545,0.2935,FCC,2,1.95,4.725,0.0246,0.1036,0.086,0.1003,0.2935,0.1625,FCC,2,12.152,4.725,0.0246,0.1455,0.0665,0.2935,0.3517,FCC,2,14.4831,1.95,4.725,65.96,0.0246,18.808,0.1036,0.086,FCC
1,8.2895,15.49,0.0335,0.1254,0.1769,FCC,1,13.6346,0.0335,136.755,18.5815,0.0836,0.0879,0.6943,0.2974,FCC,1,1.9,4.685,0.0335,0.1254,0.0958,0.1769,0.2974,0.1961,FCC,1,13.6346,4.685,0.0335,0.1779,0.0879,0.2974,0.4055,FCC,1,7.6727,1.9,4.685,63.635,0.0335,18.5815,0.1254,0.0958,FCC
1,8.31,14.995,0.0318,0.1219,0.1638,FCC,1,13.8809,0.0318,128.35,18.739,0.0773,0.0833,0.7039,0.2989,FCC,1,1.9,4.705,0.0318,0.1219,0.0936,0.1638,0.2989,0.1872,FCC,1,13.8809,4.705,0.0318,0.1725,0.0833,0.2989,0.3956,FCC,1,10.0906,1.9,4.705,63.81,0.0318,18.739,0.1219,0.0936,FCC
3,9.2765,10.525,0.0916,0.3819,0.2814,IM,3,14.6747,0.0916,80.91,31.989,0.1186,0.0636,0.5312,0.5198,IM,3,1.85,4.7245,0.0916,0.3819,0.4074,0.2814,0.5198,0.1591,IM,3,14.6747,4.7245,0.0916,0.2716,0.0636,0.5198,0.35,IM,3,2.6939,1.85,4.7245,78.77,0.0916,31.989,0.3819,0.4074,IM
3,9.159,10.03,0.1089,0.5098,0.1965,IM,3,14.5697,0.1089,63.22,31.6875,0.1625,0.098,0.5017,0.5369,IM,3,1.85,4.582,0.1089,0.5098,0.2908,0.1965,0.5369,0.1441,IM,3,14.5697,4.582,0.1089,0.3577,0.098,0.5369,0.3456,IM,3,1.3823,1.85,4.582,64.975,0.1089,31.6875,0.5098,0.2908,IM
2,9.387,9.41,0.1034,0.539,0.197,IM,2,14.2109,0.1034,65.765,36.5365,0.1731,0.0943,0.4495,0.6087,IM,2,1.75,4.577,0.1034,0.539,0.2818,0.197,0.6087,0.1409,IM,2,14.2109,4.577,0.1034,0.3534,0.0943,0.6087,0.3783,IM,2,1.589,1.75,4.577,64.915,0.1034,36.5365,0.539,0.2818,IM
3,8.923,10.505,0.0998,0.4499,0.1975,IM,3,13.7638,0.0998,62.35,30.001,0.1484,0.086,0.3921,0.6013,IM,3,1.85,4.607,0.0998,0.4499,0.2791,0.1975,0.6013,0.1395,IM,3,13.7638,4.607,0.0998,0.3168,0.086,0.6013,0.4191,IM,3,1.4977,1.85,4.607,56.97,0.0998,30.001,0.4499,0.2791,IM
3,11.0455,9.96,0.1161,0.5223,0.2994,IM,3,14.2397,0.1161,62.165,36.3195,0.1621,0.0841,0.3442,0.57,IM,3,1.9,4.6425,0.1161,0.5223,0.3533,0.2994,0.57,0.158,IM,3,14.2397,4.6425,0.1161,0.2613,0.0841,0.57,0.3712,IM,3,2.6369,1.9,4.6425,77.055,0.1161,36.3195,0.5223,0.3533,IM
2,8.9115,9.65,0.0954,0.5173,0.2077,IM,2,14.2109,0.0954,59.68,29.487,0.1645,0.0845,0.42,0.6499,IM,2,1.8,4.476,0.0954,0.5173,0.3201,0.2077,0.6499,0.1323,IM,2,14.2109,4.476,0.0954,0.3406,0.0845,0.6499,0.4126,IM,2,1.6608,1.8,4.476,53.455,0.0954,29.487,0.5173,0.3201,IM
2,8.684,9.74,0.0898,0.4683,0.1929,IM,2,13.8809,0.0898,61.9,31.844,0.1594,0.0817,0.3945,0.6561,IM,2,1.8,4.536,0.0898,0.4683,0.3164,0.1929,0.6561,0.1318,IM,2,13.8809,4.536,0.0898,0.3314,0.0817,0.6561,0.4099,IM,2,1.724,1.8,4.536,56.56,0.0898,31.844,0.4683,0.3164,IM
3,8.131,9.525,0.0927,0.4874,0.1896,IM,3,14.5697,0.0927,58.05,30.714,0.1699,0.0823,0.4026,0.7037,IM,3,1.85,4.4785,0.0927,0.4874,0.313,0.1896,0.7037,0.1389,IM,3,14.5697,4.4785,0.0927,0.3498,0.0823,0.7037,0.4555,IM,3,1.4929,1.85,4.4785,51.41,0.0927,30.714,0.4874,0.313,IM
3,9.924,9.615,0.106,0.5581,0.2307,IM,3,14.2397,0.106,70.45,31.956,0.1647,0.091,0.4537,0.6085,IM,3,1.8,4.5945,0.106,0.5581,0.3363,0.2307,0.6085,0.1267,IM,3,14.2397,4.5945,0.106,0.3468,0.091,0.6085,0.3807,IM,3,1.5732,1.8,4.5945,59.98,0.106,31.956,0.5581,0.3363,IM
3,10.207,9.385,0.1061,0.5631,0.2293,IM,3,13.3763,0.1061,62.6,33.702,0.1659,0.0881,0.3739,0.6062,IM,3,1.75,4.6005,0.1061,0.5631,0.3036,0.2293,0.6062,0.1279,IM,3,13.3763,4.6005,0.1061,0.3235,0.0881,0.6062,0.3839,IM,3,1.6843,1.75,4.6005,62.86,0.1061,33.702,0.5631,0.3036,IM
3,9.5175,9.355,0.1052,0.5386,0.2393,IM,3,14.2397,0.1052,71.9,32.1165,0.1615,0.0837,0.4465,0.609,IM,3,1.8,4.613,0.1052,0.5386,0.3616,0.2393,0.609,0.1351,IM,3,14.2397,4.613,0.1052,0.3372,0.0837,0.609,0.4117,IM,3,1.5029,1.8,4.613,60.815,0.1052,32.1165,0.5386,0.3616,IM
2,8.4635,8.945,0.0771,0.4708,0.1674,IM,2,14.5697,0.0771,58.375,31.3025,0.1622,0.0885,0.4551,0.5844,IM,2,1.8,4.502,0.0771,0.4708,0.3316,0.1674,0.5844,0.1205,IM,2,14.5697,4.502,0.0771,0.3601,0.0885,0.5844,0.3229,IM,2,2.02,1.8,4.502,61.625,0.0771,31.3025,0.4708,0.3316,IM
2,8.0245,9.14,0.0707,0.4282,0.1668,IM,2,14.4284,0.0707,60.72,31.5125,0.153,0.0832,0.4904,0.592,IM,2,1.8,4.5235,0.0707,0.4282,0.3369,0.1668,0.592,0.123,IM,2,14.4284,4.5235,0.0707,0.3601,0.0832,0.592,0.3327,IM,2,2.0097,1.8,4.5235,61.325,0.0707,31.5125,0.4282,0.3369,IM
3,8.379,9.065,0.0762,0.4694,0.1706,IM,3,14.6747,0.0762,63.2,31.227,0.1637,0.086,0.4634,0.632,IM,3,1.8,4.496,0.0762,0.4694,0.3454,0.1706,0.632,0.121,IM,3,14.6747,4.496,0.0762,0.3584,0.086,0.632,0.351,IM,3,2.0115,1.8,4.496,58.155,0.0762,31.227,0.4694,0.3454,IM
2,8.3075,8.91,0.0715,0.431,0.1717,IM,2,14.3234,0.0715,62,33.5465,0.1553,0.0801,0.4333,0.589,IM,2,1.75,4.5295,0.0715,0.431,0.315,0.1717,0.589,0.124,IM,2,14.3234,4.5295,0.0715,0.3356,0.0801,0.589,0.3354,IM,2,2.3041,1.75,4.5295,64.205,0.0715,33.5465,0.431,0.315,IM
2,8.949,9.7,0.0927,0.4718,0.1856,IM,2,14.2397,0.0927,62.3,30.486,0.1561,0.0903,0.3933,0.6004,IM,2,1.8,4.598,0.0927,0.4718,0.281,0.1856,0.6004,0.1227,IM,2,14.2397,4.598,0.0927,0.3372,0.0903,0.6004,0.3664,IM,2,1.7062,1.8,4.598,59.39,0.0927,30.486,0.4718,0.281,IM
2,7.7895,8.985,0.0796,0.4324,0.1768,IM,2,14.7109,0.0796,64.62,36.102,0.1611,0.0814,0.4673,0.6318,IM,2,1.75,4.5745,0.0796,0.4324,0.2609,0.1768,0.6318,0.1412,IM,2,14.7109,4.5745,0.0796,0.3553,0.0814,0.6318,0.3953,IM,2,1.7393,1.75,4.5745,63.385,0.0796,36.102,0.4324,0.2609,IM
2,8.5935,9.155,0.0964,0.4835,0.2162,IM,2,13.7759,0.0964,60.75,33.912,0.1757,0.0891,0.35,0.6901,IM,2,1.85,4.59,0.0964,0.4835,0.3349,0.2162,0.6901,0.1376,IM,2,13.7759,4.59,0.0964,0.3372,0.0891,0.6901,0.434,IM,2,1.389,1.85,4.59,59.23,0.0964,33.912,0.4835,0.3349,IM
2,10.7375,8.965,0.1185,0.6411,0.2286,IM,2,14.5697,0.1185,61.045,31.13,0.1807,0.0995,0.398,0.5606,IM,2,1.8,4.57,0.1185,0.6411,0.2871,0.2286,0.5606,0.1324,IM,2,14.5697,4.57,0.1185,0.3439,0.0995,0.5606,0.3679,IM,2,1.531,1.8,4.57,64.04,0.1185,31.13,0.6411,0.2871,IM
3,10.1645,8.435,0.0835,0.5917,0.2133,IM,3,14.3234,0.0835,66.8,33.0925,0.1722,0.0816,0.4251,0.6255,IM,3,1.6,4.488,0.0835,0.5917,0.3068,0.2133,0.6255,0.1192,IM,3,14.3234,4.488,0.0835,0.3118,0.0816,0.6255,0.3687,IM,3,2.3066,1.6,4.488,60.825,0.0835,33.0925,0.5917,0.3068,IM
2,10.2775,9.04,0.1093,0.5798,0.2534,IM,2,13.5221,0.1093,59.1,37.775,0.1796,0.0864,0.3294,0.7297,IM,2,1.7,4.585,0.1093,0.5798,0.3359,0.2534,0.7297,0.1295,IM,2,13.5221,4.585,0.1093,0.3055,0.0864,0.7297,0.4353,IM,2,1.7083,1.7,4.585,61.47,0.1093,37.775,0.5798,0.3359,IM
2,9.562,10.595,0.0896,0.4675,0.2686,IM,2,13.6225,0.0896,65.4,30.778,0.1654,0.0903,0.4059,0.5966,IM,2,1.85,4.5225,0.0896,0.4675,0.3304,0.2686,0.5966,0.1571,IM,2,13.6225,4.5225,0.0896,0.2864,0.0903,0.5966,0.4327,IM,2,2.2591,1.85,4.5225,62.72,0.0896,30.778,0.4675,0.3304,IM
1,8.1155,13.945,0.0502,0.1871,0.1328,BCC+FCC,1,13.0175,0.0502,60.375,21.279,0.0716,0.0651,0.9998,0.3579,BCC+FCC,1,1.6,4.678,0.0502,0.1871,0.1643,0.1328,0.3579,0.1454,BCC+FCC,1,13.0175,4.678,0.0502,0.2485,0.0651,0.3579,0.2935,BCC+FCC,1,21.8943,1.6,4.678,65.61,0.0502,21.279,0.1871,0.1643,BCC+FCC
1,8.0765,14.185,0.0476,0.1721,0.1344,BCC+FCC,1,12.3696,0.0476,85.8,20.9805,0.0712,0.047,1.0006,0.3495,BCC+FCC,1,1.5,4.544,0.0476,0.1721,0.1298,0.1344,0.3495,0.1659,BCC+FCC,1,12.3696,4.544,0.0476,0.24,0.047,0.3495,0.3058,BCC+FCC,1,3.1913,1.5,4.544,67.945,0.0476,20.9805,0.1721,0.1298,BCC+FCC
1,7.945,14.935,0.0317,0.1327,0.1831,FCC,1,12.6233,0.0317,164.82,6.868,0.0858,0.0868,0.8132,0.1607,FCC,1,1.9,4.54,0.0317,0.1327,0.093,0.1831,0.1607,0.1336,FCC,1,12.6233,4.54,0.0317,0.1909,0.0868,0.1607,0.2002,FCC,1,7.0735,1.9,4.54,79.235,0.0317,6.868,0.1327,0.093,FCC
3,8.511,6.715,0.0422,0.4813,0.1398,BCC,3,13.0175,0.0422,33.01,13.8705,0.1005,0.044,0.2834,0.614,BCC,3,1.75,4.124,0.0422,0.4813,0.3436,0.1398,0.614,0.1161,BCC,3,13.0175,4.124,0.0422,0.1325,0.044,0.614,0.4757,BCC,3,58.2757,1.75,4.124,34.285,0.0422,13.8705,0.4813,0.3436,BCC
2,11.0405,6.675,0.0402,0.5305,0.1449,BCC,2,12.8287,0.0402,39.1,15.605,0.0975,0.0472,0.3214,0.5089,BCC,2,1.65,4.1375,0.0402,0.5305,0.3183,0.1449,0.5089,0.1156,BCC,2,12.8287,4.1375,0.0402,0.1268,0.0472,0.5089,0.3992,BCC,2,32.1512,1.65,4.1375,43.13,0.0402,15.605,0.5305,0.3183,BCC
2,8.9485,10.165,0.109,0.5276,0.2174,IM,2,14.6747,0.109,61.6,32.17,0.1654,0.0904,0.5408,0.5647,IM,2,1.75,4.506,0.109,0.5276,0.3186,0.2174,0.5647,0.1365,IM,2,14.6747,4.506,0.109,0.3962,0.0904,0.5647,0.3251,IM,2,1.8148,1.75,4.506,62.67,0.109,32.17,0.5276,0.3186,IM
4,10.383,6.905,0.0396,0.6574,0.1469,BCC,4,13.1708,0.0396,41.72,15.9875,0.1529,0.0542,0.3499,0.6087,BCC,4,1.65,4.145,0.0396,0.6574,0.3216,0.1469,0.6087,0.08,BCC,4,13.1708,4.145,0.0396,0.32,0.0542,0.6087,0.2958,BCC,4,231.537,1.65,4.145,39.425,0.0396,15.9875,0.6574,0.3216,BCC
4,10.398,7.045,0.0411,0.687,0.1638,BCC,4,13.2283,0.0411,38.52,13.479,0.1104,0.0484,0.3232,0.4777,BCC,4,1.8,4.1165,0.0411,0.687,0.376,0.1638,0.4777,0.07,BCC,4,13.2283,4.1165,0.0411,0.3281,0.0484,0.4777,0.2677,BCC,4,116.1839,1.8,4.1165,34.73,0.0411,13.479,0.687,0.376,BCC
3,9.5925,7.415,0.0419,0.5939,0.1797,BCC,3,13.7759,0.0419,38.14,13.435,0.1047,0.0441,0.3726,0.4464,BCC,3,1.65,4.1905,0.0419,0.5939,0.402,0.1797,0.4464,0.0686,BCC,3,13.7759,4.1905,0.0419,0.3132,0.0441,0.4464,0.2619,BCC,3,26.5043,1.65,4.1905,36.685,0.0419,13.435,0.5939,0.402,BCC
4,9.331,7.025,0.0403,0.5473,0.1468,BCC,4,13.0871,0.0403,37.98,11.85,0.1068,0.0454,0.3163,0.4954,BCC,4,1.8,4.1155,0.0403,0.5473,0.3761,0.1468,0.4954,0.0766,BCC,4,13.0871,4.1155,0.0403,0.2069,0.0454,0.4954,0.3134,BCC,4,26.0007,1.8,4.1155,32.75,0.0403,11.85,0.5473,0.3761,BCC
4,9.5125,6.71,0.0379,0.5634,0.1281,BCC,4,12.47,0.0379,27.975,12.7635,0.1101,0.0436,0.2441,0.4904,BCC,4,1.8,4.1,0.0379,0.5634,0.3465,0.1281,0.4904,0.08,BCC,4,12.47,4.1,0.0379,0.2049,0.0436,0.4904,0.319,BCC,4,18.8371,1.8,4.1,33.895,0.0379,12.7635,0.5634,0.3465,BCC
2,8.0465,8.685,0.0835,0.4989,0.1583,IM,2,14.3234,0.0835,47.76,30.686,0.1702,0.0962,0.4371,0.5872,IM,2,1.85,4.483,0.0835,0.4989,0.309,0.1583,0.5872,0.1295,IM,2,14.3234,4.483,0.0835,0.3928,0.0962,0.5872,0.3382,IM,2,1.5319,1.85,4.483,60.03,0.0835,30.686,0.4989,0.309,IM
3,10.7905,6.955,0.0394,0.4476,0.1233,BCC,3,11.7524,0.0394,46.51,13.8,0.1333,0.0504,0.3991,0.5055,BCC,3,1.55,4.1715,0.0394,0.4476,0.3028,0.1233,0.5055,0.0654,BCC,3,11.7524,4.1715,0.0394,0.1231,0.0504,0.5055,0.2255,BCC,3,19.3946,1.55,4.1715,43.45,0.0394,13.8,0.4476,0.3028,BCC
3,7.508,7.055,0.044,0.3864,0.1381,BCC,3,13.4813,0.044,34.9,15.9155,0.1354,0.0417,0.3259,0.6383,BCC,3,1.75,4.1905,0.044,0.3864,0.3144,0.1381,0.6383,0.0794,BCC,3,13.4813,4.1905,0.044,0.1315,0.0417,0.6383,0.3176,BCC,3,43.8531,1.75,4.1905,36.505,0.044,15.9155,0.3864,0.3144,BCC
3,9.111,7.35,0.041,0.44,0.1509,BCC,3,12.8287,0.041,48,12.295,0.1322,0.0495,0.4206,0.5501,BCC,3,1.6,4.187,0.041,0.44,0.3436,0.1509,0.5501,0.0633,BCC,3,12.8287,4.187,0.041,0.1296,0.0495,0.5501,0.2382,BCC,3,33.495,1.6,4.187,38.825,0.041,12.295,0.44,0.3436,BCC
2,10.0595,7.095,0.0429,0.4857,0.1576,BCC,2,12.6995,0.0429,50.6,14.7835,0.164,0.0515,0.4501,0.7549,BCC,2,1.75,4.132,0.0429,0.4857,0.3944,0.1576,0.7549,0.0711,BCC,2,12.6995,4.132,0.0429,0.1325,0.0515,0.7549,0.2748,BCC,2,58.7475,1.75,4.132,37.795,0.0429,14.7835,0.4857,0.3944,BCC
4,7.5955,7.175,0.0433,0.381,0.155,BCC,4,13.0175,0.0433,34.28,13.055,0.0902,0.0326,0.3023,0.4215,BCC,4,1.75,4.193,0.0433,0.381,0.3675,0.155,0.4215,0.0655,BCC,4,13.0175,4.193,0.0433,0.1111,0.0326,0.4215,0.265,BCC,4,61.8818,1.75,4.193,34.365,0.0433,13.055,0.381,0.3675,BCC
2,8.9825,6.98,0.0437,0.4841,0.1451,BCC,2,13.3763,0.0437,33.71,12.0925,0.0873,0.0399,0.2969,0.4904,BCC,2,1.95,4.112,0.0437,0.4841,0.4525,0.1451,0.4904,0.0669,BCC,2,13.3763,4.112,0.0437,0.1019,0.0399,0.4904,0.2725,BCC,2,102.3757,1.95,4.112,31.635,0.0437,12.0925,0.4841,0.4525,BCC
3,9.6525,7.1,0.0374,0.4273,0.1654,BCC,3,14.2109,0.0374,37.05,15.4775,0.0831,0.037,0.345,0.487,BCC,3,1.8,4.172,0.0374,0.4273,0.4534,0.1654,0.487,0.0734,BCC,3,14.2109,4.172,0.0374,0.1118,0.037,0.487,0.277,BCC,3,17.4847,1.8,4.172,37.325,0.0374,15.4775,0.4273,0.4534,BCC
4,8.6335,7.42,0.0441,0.4334,0.163,BCC,4,14.0221,0.0441,40.25,10.975,0.0901,0.0402,0.3638,0.3611,BCC,4,1.7,4.1845,0.0441,0.4334,0.3969,0.163,0.3611,0.0553,BCC,4,14.0221,4.1845,0.0441,0.1111,0.0402,0.3611,0.2119,BCC,4,27.5157,1.7,4.1845,35.565,0.0441,10.975,0.4334,0.3969,BCC
2,9.1735,7.165,0.0437,0.4897,0.1433,BCC,2,13.0175,0.0437,41.07,8.17,0.0886,0.0438,0.3462,0.4027,BCC,2,1.9,4.101,0.0437,0.4897,0.4273,0.1433,0.4027,0.0524,BCC,2,13.0175,4.101,0.0437,0.0952,0.0438,0.4027,0.2182,BCC,2,31.8635,1.9,4.101,29.875,0.0437,8.17,0.4897,0.4273,BCC
3,10.1625,7.435,0.0458,0.482,0.1719,BCC,3,13.4171,0.0458,42.14,12.4615,0.0867,0.0441,0.3988,0.41,BCC,3,1.75,4.166,0.0458,0.482,0.4153,0.1719,0.41,0.0587,BCC,3,13.4171,4.166,0.0458,0.1118,0.0441,0.41,0.2122,BCC,3,15.6511,1.75,4.166,37.565,0.0458,12.4615,0.482,0.4153,BCC
4,7.515,7.43,0.0445,0.4076,0.1514,BCC,4,12.152,0.0445,42,8.462,0.0825,0.0388,0.3711,0.4521,BCC,4,1.95,4.1465,0.0445,0.4076,0.4699,0.1514,0.4521,0.0535,BCC,4,12.152,4.1465,0.0445,0.086,0.0388,0.4521,0.2449,BCC,4,83.1051,1.95,4.1465,27.23,0.0445,8.462,0.4076,0.4699,BCC
2,7.4705,8.05,0.0449,0.3575,0.1913,BCC,2,13.3763,0.0449,37.88,11.244,0.0758,0.0342,0.4171,0.3997,BCC,2,1.75,4.2305,0.0449,0.3575,0.4506,0.1913,0.3997,0.0536,BCC,2,13.3763,4.2305,0.0449,0.1113,0.0342,0.3997,0.2201,BCC,2,26.072,1.75,4.2305,32.745,0.0449,11.244,0.3575,0.4506,BCC
