Pm.1,ρ,α,ad-e/n,δ-e/n,δ-Ec,,Pm.2,ΔS,ad-e/n.1,ad-HD,ad-G,δ-χ,δ-EWF,δ-HD,δ-G,,Pm.3,e/a,EWF,ad-e/n.2,δ-e/n.1,δ-ρ,δ-Ec.1,δ-G.1,δ-υ,,Pm.4,ΔS.1,EWF.1,ad-e/n.3,δ-VEC,δ-EWF.1,δ-G.2,δ-G/B,,Pm.5,Ω,e/a.1,EWF.2,G,ad-e/n.4,ad-G.1,δ-e/n.2,δ-ρ.1,
1,7.6065,13.625,0.0458,0.1603,0.0857,BCC+FCC,1,10.9707,0.0458,92.24,29.584,0.0677,0.0669,0.7023,0.4939,BCC+FCC,1,1.95,4.8295,0.0458,0.1603,0.2844,0.0857,0.4939,0.2204,BCC+FCC,1,10.9707,4.8295,0.0458,0.3131,0.0669,0.4939,0.4919,BCC+FCC,1,1.6915,1.95,4.8295,64.24,0.0458,29.584,0.1603,0.2844,BCC+FCC
1,6.631,15.39,0.0485,0.1869,0.1129,BCC+FCC,1,10.7244,0.0485,84.415,17.6675,0.0747,0.0679,0.6603,0.4593,BCC+FCC,1,2.25,4.628,0.0485,0.1869,0.3892,0.1129,0.4593,0.1361,BCC+FCC,1,10.7244,4.628,0.0485,0.3831,0.0679,0.4593,0.3891,BCC+FCC,1,0.9311,2.25,4.628,46.165,0.0485,17.6675,0.1869,0.3892,BCC+FCC
1,7.703,13.53,0.0511,0.1847,0.1136,BCC+FCC,1,10.6407,0.0511,82.08,17.508,0.0686,0.0742,0.6039,0.3677,BCC+FCC,1,2.1,4.833,0.0511,0.1847,0.2583,0.1136,0.3677,0.1188,BCC+FCC,1,10.6407,4.833,0.0511,0.3072,0.0742,0.3677,0.3329,BCC+FCC,1,1.247,2.1,4.833,54.02,0.0511,17.508,0.1847,0.2583,BCC+FCC
1,7.6295,13.855,0.044,0.1675,0.0991,BCC+FCC,1,10.3824,0.044,46,23.375,0.0563,0.024,0.5466,0.381,BCC+FCC,1,1.6,4.5305,0.044,0.1675,0.2302,0.0991,0.381,0.1524,BCC+FCC,1,10.3824,4.5305,0.044,0.3015,0.024,0.381,0.278,BCC+FCC,1,2.7113,1.6,4.5305,69.25,0.044,23.375,0.1675,0.2302,BCC+FCC
1,7.677,15.245,0.0421,0.1506,0.1126,BCC+FCC,1,11.2532,0.0421,42.45,20.082,0.0553,0.0672,0.6176,0.3237,BCC+FCC,1,1.9,4.6995,0.0421,0.1506,0.2789,0.1126,0.3237,0.0731,BCC+FCC,1,11.2532,4.6995,0.0421,0.3041,0.0672,0.3237,0.1441,BCC+FCC,1,7.4613,1.9,4.6995,65.615,0.0421,20.082,0.1506,0.2789,BCC+FCC
4,8.2325,11.605,0.0279,0.1126,0.0273,FCC,4,11.0999,0.0279,64.19,23.499,0.0477,0.058,0.4551,0.3709,FCC,4,1.8,4.7725,0.0279,0.1126,0.0817,0.0273,0.3709,0.2289,FCC,4,11.0999,4.7725,0.0279,0.1575,0.058,0.3709,0.4457,FCC,4,7.0714,1.8,4.7725,73.97,0.0279,23.499,0.1126,0.0817,FCC
3,8.551,14.21,0.0297,0.0913,0.1043,FCC,3,10.3824,0.0297,63.95,18.0475,0.0176,0.047,0.6179,0.2958,FCC,3,1.6,4.7,0.0297,0.0913,0.0577,0.1043,0.2958,0.1198,FCC,3,10.3824,4.7,0.0297,0.1384,0.047,0.2958,0.2643,FCC,3,1.8822,1.6,4.7,61.825,0.0297,18.0475,0.0913,0.0577,FCC
4,8.5975,14.14,0.0274,0.0858,0.1023,FCC,4,11.0999,0.0274,68.35,18.4515,0.017,0.051,0.6289,0.304,FCC,4,1.65,4.75,0.0274,0.0858,0.0548,0.1023,0.304,0.1258,FCC,4,11.0999,4.75,0.0274,0.1303,0.051,0.304,0.2854,FCC,4,2.4306,1.65,4.75,61.565,0.0274,18.4515,0.0858,0.0548,FCC
4,8.392,14.615,0.0261,0.0973,0.1267,FCC,4,10.8536,0.0261,99.08,18.407,0.0539,0.0589,0.668,0.3103,FCC,4,1.75,4.6475,0.0261,0.0973,0.0666,0.1267,0.3103,0.1672,FCC,4,10.8536,4.6475,0.0261,0.1477,0.0589,0.3103,0.3782,FCC,4,3.0241,1.75,4.6475,60.27,0.0261,18.407,0.0973,0.0666,FCC
3,11.9895,6.5,0.0363,0.3501,0.1341,BCC,3,10.3824,0.0363,64.05,30.989,0.173,0.0359,0.4925,0.4476,BCC,3,1.5,4.388,0.0363,0.3501,0.3463,0.1341,0.4476,0.1114,BCC,3,10.3824,4.388,0.0363,0.1186,0.0359,0.4476,0.2593,BCC,3,7.6505,1.5,4.388,79.43,0.0363,30.989,0.3501,0.3463,BCC
4,8.8855,7.11,0.0392,0.4742,0.1318,BCC,4,10.2365,0.0392,39.83,6.304,0.0733,0.0416,0.3401,0.4022,BCC,4,2,4.0775,0.0392,0.4742,0.4583,0.1318,0.4022,0.0492,BCC,4,10.2365,4.0775,0.0392,0.0538,0.0416,0.4022,0.2204,BCC,4,73.6964,2,4.0775,26.395,0.0392,6.304,0.4742,0.4583,BCC
1,7.7305,14.2,0.0476,0.1702,0.1013,BCC+FCC,1,11.5758,0.0476,50.445,24.3135,0.0578,0.0328,0.648,0.4134,BCC+FCC,1,1.55,4.563,0.0476,0.1702,0.2324,0.1013,0.4134,0.1659,BCC+FCC,1,11.5758,4.563,0.0476,0.3028,0.0328,0.4134,0.3219,BCC+FCC,1,3.1261,1.55,4.563,65.485,0.0476,24.3135,0.1702,0.2324,BCC+FCC
1,7.491,14.635,0.0409,0.1627,0.1054,BCC+FCC,1,12.8408,0.0409,71.85,23.652,0.059,0.0495,0.6897,0.4381,BCC+FCC,1,1.8,4.6045,0.0409,0.1627,0.2796,0.1054,0.4381,0.1708,BCC+FCC,1,12.8408,4.6045,0.0409,0.3211,0.0495,0.4381,0.3688,BCC+FCC,1,156.3401,1.8,4.6045,60.185,0.0409,23.652,0.1627,0.2796,BCC+FCC
1,7.5575,14.7,0.0473,0.1745,0.1076,BCC+FCC,1,12.9821,0.0473,78.3,23.958,0.0633,0.0518,0.7583,0.4864,BCC+FCC,1,1.7,4.637,0.0473,0.1745,0.2825,0.1076,0.4864,0.1887,BCC+FCC,1,12.9821,4.637,0.0473,0.3333,0.0518,0.4864,0.4276,BCC+FCC,1,290.1958,1.7,4.637,58.07,0.0473,23.958,0.1745,0.2825,BCC+FCC
1,7.3295,13.405,0.0449,0.1698,0.0969,BCC+FCC,1,13.1708,0.0449,73.55,30,0.0644,0.0531,0.6754,0.4885,BCC+FCC,1,1.75,4.6145,0.0449,0.1698,0.2809,0.0969,0.4885,0.2277,BCC+FCC,1,13.1708,4.6145,0.0449,0.3301,0.0531,0.4885,0.4409,BCC+FCC,1,7.4013,1.75,4.6145,66.5,0.0449,30,0.1698,0.2809,BCC+FCC
1,7.571,14.52,0.051,0.1817,0.1076,BCC+FCC,1,12.2933,0.051,83.745,25.1175,0.0665,0.0537,0.784,0.5253,BCC+FCC,1,1.65,4.662,0.051,0.1817,0.2845,0.1076,0.5253,0.2069,BCC+FCC,1,12.2933,4.662,0.051,0.3413,0.0537,0.5253,0.477,BCC+FCC,1,21.2221,1.65,4.662,57.665,0.051,25.1175,0.1817,0.2845,BCC+FCC
1,7.1395,14.555,0.0432,0.1684,0.1042,BCC+FCC,1,13.1708,0.0432,76.75,26.632,0.0645,0.0553,0.7034,0.4871,BCC+FCC,1,1.9,4.6035,0.0432,0.1684,0.3221,0.1042,0.4871,0.1945,BCC+FCC,1,13.1708,4.6035,0.0432,0.3534,0.0553,0.4871,0.4132,BCC+FCC,1,4.7087,1.9,4.6035,60.585,0.0432,26.632,0.1684,0.3221,BCC+FCC
1,7.2455,15.045,0.0483,0.1816,0.1092,BCC+FCC,1,13.1708,0.0483,79.7,24.501,0.0668,0.0547,0.7841,0.5049,BCC+FCC,1,1.8,4.6185,0.0483,0.1816,0.325,0.1092,0.5049,0.1887,BCC+FCC,1,13.1708,4.6185,0.0483,0.3676,0.0547,0.5049,0.4252,BCC+FCC,1,7.5515,1.8,4.6185,57.165,0.0483,24.501,0.1816,0.325,BCC+FCC
1,6.9385,15.535,0.0519,0.1916,0.1103,BCC+FCC,1,13.1708,0.0519,74.205,24.837,0.0697,0.0539,0.8417,0.5174,BCC+FCC,1,1.85,4.5825,0.0519,0.1916,0.3634,0.1103,0.5174,0.1834,BCC+FCC,1,13.1708,4.5825,0.0519,0.4041,0.0539,0.5174,0.4018,BCC+FCC,1,5.2177,1.85,4.5825,56.605,0.0519,24.837,0.1916,0.3634,BCC+FCC
1,6.8805,15.145,0.0472,0.178,0.1088,BCC+FCC,1,13.1708,0.0472,80.3,26.371,0.0679,0.0574,0.7686,0.515,BCC+FCC,1,1.95,4.5925,0.0472,0.178,0.3613,0.1088,0.515,0.1917,BCC+FCC,1,13.1708,4.5925,0.0472,0.3888,0.0574,0.515,0.4169,BCC+FCC,1,3.3464,1.95,4.5925,57.97,0.0472,26.371,0.178,0.3613,BCC+FCC
1,6.55,15.525,0.0426,0.1613,0.1085,BCC+FCC,1,12.047,0.0426,79.825,26.1,0.0666,0.0595,0.734,0.5001,BCC+FCC,1,2.15,4.5665,0.0426,0.1613,0.3927,0.1085,0.5001,0.1766,BCC+FCC,1,12.047,4.5665,0.0426,0.3923,0.0595,0.5001,0.3829,BCC+FCC,1,1.8929,2.15,4.5665,57.125,0.0426,26.1,0.1613,0.3927,BCC+FCC
1,7.5495,13.605,0.0566,0.1877,0.1046,BCC+FCC,1,11.9058,0.0566,27.76,25.79,0.0724,0.0716,0.676,0.3993,BCC+FCC,1,1.75,4.7745,0.0566,0.1877,0.2864,0.1046,0.3993,0.1872,BCC+FCC,1,11.9058,4.7745,0.0566,0.3458,0.0716,0.3993,0.3212,BCC+FCC,1,2.6512,1.75,4.7745,75.4,0.0566,25.79,0.1877,0.2864,BCC+FCC
1,7.5375,13.51,0.0528,0.1801,0.099,BCC+FCC,1,12.8408,0.0528,61.26,29.3175,0.0709,0.0693,0.8017,0.452,BCC+FCC,1,1.8,4.777,0.0528,0.1801,0.2858,0.099,0.452,0.2177,BCC+FCC,1,12.8408,4.777,0.0528,0.3377,0.0693,0.452,0.4078,BCC+FCC,1,2.6081,1.8,4.777,70.775,0.0528,29.3175,0.1801,0.2858,BCC+FCC
1,7.7135,15.095,0.0501,0.178,0.113,BCC+FCC,1,12.5825,0.0501,75,22.725,0.066,0.0585,0.8651,0.4947,BCC+FCC,1,1.65,4.7095,0.0501,0.178,0.284,0.113,0.4947,0.1819,BCC+FCC,1,12.5825,4.7095,0.0501,0.3336,0.0585,0.4947,0.4312,BCC+FCC,1,10.185,1.65,4.7095,56.53,0.0501,22.725,0.178,0.284,BCC+FCC
1,7.783,14.845,0.0414,0.1574,0.1061,BCC+FCC,1,12.3696,0.0414,96.04,22.745,0.0628,0.0633,0.7518,0.477,BCC+FCC,1,1.9,4.8195,0.0414,0.1574,0.2819,0.1061,0.477,0.1736,BCC+FCC,1,12.3696,4.8195,0.0414,0.3098,0.0633,0.477,0.4515,BCC+FCC,1,3.1166,1.9,4.8195,55.725,0.0414,22.745,0.1574,0.2819,BCC+FCC
1,7.7,14.83,0.0466,0.1706,0.1103,BCC+FCC,1,11.9058,0.0466,96.24,21.19,0.0649,0.0589,0.7566,0.5164,BCC+FCC,1,1.75,4.737,0.0466,0.1706,0.2835,0.1103,0.5164,0.1891,BCC+FCC,1,11.9058,4.737,0.0466,0.3263,0.0589,0.5164,0.4944,BCC+FCC,1,5.6916,1.75,4.737,53.7,0.0466,21.19,0.1706,0.2835,BCC+FCC
1,7.3225,15.035,0.0585,0.1971,0.1124,BCC+FCC,1,13.0871,0.0585,53.31,27.731,0.0724,0.0632,0.8976,0.5062,BCC+FCC,1,1.7,4.6735,0.0585,0.1971,0.3285,0.1124,0.5062,0.1929,BCC+FCC,1,13.0871,4.6735,0.0585,0.3825,0.0632,0.5062,0.3994,BCC+FCC,1,4.6861,1.7,4.6735,61.47,0.0585,27.731,0.1971,0.3285,BCC+FCC
1,7.0885,15.25,0.0551,0.1887,0.1136,BCC+FCC,1,12.8408,0.0551,64.26,28.2495,0.0745,0.0747,0.91,0.4905,BCC+FCC,1,2,4.755,0.0551,0.1887,0.367,0.1136,0.4905,0.1826,BCC+FCC,1,12.8408,4.755,0.0551,0.3962,0.0747,0.4905,0.3831,BCC+FCC,1,1.7024,2,4.755,62.245,0.0551,28.2495,0.1887,0.367,BCC+FCC
1,7.813,15.985,0.0516,0.1766,0.1327,BCC+FCC,1,12.3696,0.0516,138.78,22.473,0.081,0.0625,1.0183,0.4592,BCC+FCC,1,1.55,4.578,0.0516,0.1766,0.2363,0.1327,0.4592,0.2097,BCC+FCC,1,12.3696,4.578,0.0516,0.3097,0.0625,0.4592,0.4344,BCC+FCC,1,24.4728,1.55,4.578,58.795,0.0516,22.473,0.1766,0.2363,BCC+FCC
1,7.458,14.345,0.051,0.1803,0.1183,BCC+FCC,1,12.2237,0.051,108.46,28.747,0.0734,0.0624,0.8387,0.54,BCC+FCC,1,1.7,4.652,0.051,0.1803,0.2851,0.1183,0.54,0.238,BCC+FCC,1,12.2237,4.652,0.051,0.3416,0.0624,0.54,0.5125,BCC+FCC,1,5.3347,1.7,4.652,60.505,0.051,28.747,0.1803,0.2851,BCC+FCC
3,8.1835,13.16,0.0261,0.1045,0.0528,FCC,3,11.4995,0.0261,67.02,20.9405,0.0424,0.063,0.5502,0.3367,FCC,3,2,4.834,0.0261,0.1045,0.167,0.0528,0.3367,0.1698,FCC,3,11.4995,4.834,0.0261,0.1903,0.063,0.3367,0.3596,FCC,3,4.4115,2,4.834,68.715,0.0261,20.9405,0.1045,0.167,FCC
3,7.88,13.625,0.0318,0.1253,0.0711,FCC,3,11.8937,0.0318,66.85,20.177,0.0515,0.0688,0.6227,0.331,FCC,3,2.05,4.8055,0.0318,0.1253,0.2292,0.0711,0.331,0.1549,FCC,3,11.8937,4.8055,0.0318,0.2472,0.0688,0.331,0.3049,FCC,3,2.794,2.05,4.8055,70.295,0.0318,20.177,0.1253,0.2292,FCC
3,7.787,13.32,0.031,0.128,0.0706,FCC,3,12.5108,0.031,68.52,23.984,0.054,0.0657,0.5702,0.3904,FCC,3,2,4.758,0.031,0.128,0.2301,0.0706,0.3904,0.188,FCC,3,12.5108,4.758,0.031,0.25,0.0657,0.3904,0.3912,FCC,3,3.0193,2,4.758,67.58,0.031,23.984,0.128,0.2301,FCC
1,6.6655,15.405,0.0495,0.1807,0.1104,BCC+FCC,1,11.8937,0.0495,48.07,25.795,0.0734,0.0799,0.7845,0.4241,BCC+FCC,1,2.2,4.6865,0.0495,0.1807,0.3981,0.1104,0.4241,0.1359,BCC+FCC,1,11.8937,4.6865,0.0495,0.4123,0.0799,0.4241,0.2508,BCC+FCC,1,1.2393,2.2,4.6865,67.65,0.0495,25.795,0.1807,0.3981,BCC+FCC
1,6.662,15.43,0.0485,0.1778,0.11,BCC+FCC,1,12.5108,0.0485,57.96,26.808,0.0727,0.0783,0.8205,0.4434,BCC+FCC,1,2.2,4.679,0.0485,0.1778,0.3978,0.11,0.4434,0.1504,BCC+FCC,1,12.5108,4.679,0.0485,0.4091,0.0783,0.4434,0.2863,BCC+FCC,1,1.3307,2.2,4.679,65.51,0.0485,26.808,0.1778,0.3978,BCC+FCC
1,6.6105,15.355,0.0465,0.1732,0.1088,BCC+FCC,1,12.5945,0.0465,60.815,26.74,0.0712,0.0757,0.7936,0.4432,BCC+FCC,1,2.2,4.6465,0.0465,0.1732,0.3957,0.1088,0.4432,0.1514,BCC+FCC,1,12.5945,4.6465,0.0465,0.4045,0.0757,0.4432,0.2862,BCC+FCC,1,1.4103,2.2,4.6465,65.425,0.0465,26.74,0.1732,0.3957,BCC+FCC
1,6.7925,15.91,0.0477,0.1744,0.1117,BCC+FCC,1,12.2933,0.0477,75.08,26.07,0.0723,0.0788,0.8577,0.4555,BCC+FCC,1,2.25,4.729,0.0477,0.1744,0.4003,0.1117,0.4555,0.1463,BCC+FCC,1,12.2933,4.729,0.0477,0.404,0.0788,0.4555,0.3131,BCC+FCC,1,1.2573,2.25,4.729,59.75,0.0477,26.07,0.1744,0.4003,BCC+FCC
1,6.6,15.43,0.0437,0.1619,0.1074,BCC+FCC,1,12.5945,0.0437,80.75,27.1855,0.0688,0.0697,0.7566,0.493,BCC+FCC,1,2.2,4.624,0.0437,0.1619,0.395,0.1074,0.493,0.1765,BCC+FCC,1,12.5945,4.624,0.0437,0.3916,0.0697,0.493,0.3769,BCC+FCC,1,1.5153,2.2,4.624,59.005,0.0437,27.1855,0.1619,0.395,BCC+FCC
1,7.6705,13.07,0.0509,0.1806,0.11,BCC+FCC,1,12.1233,0.0509,83.12,23.3295,0.0691,0.072,0.609,0.4479,BCC+FCC,1,2,4.8105,0.0509,0.1806,0.2537,0.11,0.4479,0.176,BCC+FCC,1,12.1233,4.8105,0.0509,0.305,0.072,0.4479,0.4557,BCC+FCC,1,1.6011,2,4.8105,58.815,0.0509,23.3295,0.1806,0.2537,BCC+FCC
1,7.4205,13.43,0.0531,0.1846,0.114,BCC+FCC,1,12.6521,0.0531,79.8,27.0075,0.0722,0.0746,0.715,0.4613,BCC+FCC,1,2,4.792,0.0531,0.1846,0.2949,0.114,0.4613,0.1945,BCC+FCC,1,12.6521,4.792,0.0531,0.3389,0.0746,0.4613,0.4345,BCC+FCC,1,1.5227,2,4.792,63.625,0.0531,27.0075,0.1846,0.2949,BCC+FCC
4,8.1845,14.14,0.0305,0.1124,0.0983,FCC,4,11.9058,0.0305,62.855,19.2925,0.0353,0.056,0.5986,0.3071,FCC,4,1.8,4.699,0.0305,0.1124,0.1652,0.0983,0.3071,0.1241,FCC,4,11.9058,4.699,0.0305,0.2044,0.056,0.3071,0.2587,FCC,4,5.1835,1.8,4.699,64.425,0.0305,19.2925,0.1124,0.1652,FCC
4,7.868,13.975,0.0299,0.1188,0.0807,FCC,4,11.5758,0.0299,62.305,18.653,0.0461,0.0681,0.5975,0.3001,FCC,4,2.05,4.7555,0.0299,0.1188,0.2272,0.0807,0.3001,0.1246,FCC,4,11.5758,4.7555,0.0299,0.2422,0.0681,0.3001,0.2414,FCC,4,4.0287,2.05,4.7555,68.905,0.0299,18.653,0.1188,0.2272,FCC
4,7.874,14.655,0.0344,0.1318,0.1039,FCC,4,12.1233,0.0344,65.605,20.115,0.0453,0.0552,0.6341,0.3354,FCC,4,1.85,4.6555,0.0344,0.1318,0.2275,0.1039,0.3354,0.1227,FCC,4,12.1233,4.6555,0.0344,0.2584,0.0552,0.3354,0.2599,FCC,4,10.7414,1.85,4.6555,61.725,0.0344,20.115,0.1318,0.2275,FCC
4,7.657,14.665,0.0339,0.135,0.0926,FCC,4,12.2933,0.0339,71.35,21.738,0.0543,0.0703,0.6786,0.3514,FCC,4,2.1,4.7695,0.0339,0.135,0.2781,0.0926,0.3514,0.1304,FCC,4,12.2933,4.7695,0.0339,0.2876,0.0703,0.3514,0.2714,FCC,4,2.7091,2.1,4.7695,64.235,0.0339,21.738,0.135,0.2781,FCC
1,7.3565,15.47,0.041,0.1579,0.1107,BCC+FCC,1,12.8408,0.041,62.96,22.0525,0.0606,0.0698,0.7436,0.3667,BCC+FCC,1,2.05,4.691,0.041,0.1579,0.3222,0.1107,0.3667,0.1075,BCC+FCC,1,12.8408,4.691,0.041,0.339,0.0698,0.3667,0.2177,BCC+FCC,1,3.1972,2.05,4.691,62.225,0.041,22.0525,0.1579,0.3222,BCC+FCC
4,8.094,14.065,0.0364,0.1524,0.1303,FCC,4,11.7645,0.0364,75.56,12.306,0.0505,0.056,0.5495,0.3167,FCC,4,1.8,4.7065,0.0364,0.1524,0.1855,0.1303,0.3167,0.1204,FCC,4,11.7645,4.7065,0.0364,0.245,0.056,0.3167,0.3454,FCC,4,79.2148,1.8,4.7065,50.735,0.0364,12.306,0.1524,0.1855,FCC
1,7.204,15.395,0.0556,0.2056,0.1137,BCC+FCC,1,11.8937,0.0556,93.415,20.139,0.0792,0.0742,0.8326,0.4599,BCC+FCC,1,2.15,4.8165,0.0556,0.2056,0.3606,0.1137,0.4599,0.1244,BCC+FCC,1,11.8937,4.8165,0.0556,0.3789,0.0742,0.4599,0.3474,BCC+FCC,1,0.9726,2.15,4.8165,49.635,0.0556,20.139,0.2056,0.3606,BCC+FCC
1,6.7695,15.245,0.0447,0.1792,0.1085,BCC+FCC,1,11.9774,0.0447,64.88,24.454,0.0712,0.0751,0.7295,0.4079,BCC+FCC,1,2.25,4.649,0.0447,0.1792,0.3738,0.1085,0.4079,0.1214,BCC+FCC,1,11.9774,4.649,0.0447,0.3812,0.0751,0.4079,0.2416,BCC+FCC,1,1.1928,2.25,4.649,61.83,0.0447,24.454,0.1792,0.3738,BCC+FCC
1,6.7075,15.245,0.041,0.164,0.1067,BCC+FCC,1,11.3007,0.041,73.275,23.7275,0.0676,0.0647,0.6583,0.4392,BCC+FCC,1,2.25,4.594,0.041,0.164,0.3709,0.1067,0.4392,0.1434,BCC+FCC,1,11.3007,4.594,0.041,0.3635,0.0647,0.4392,0.3273,BCC+FCC,1,1.2652,2.25,4.594,55.325,0.041,23.7275,0.164,0.3709,BCC+FCC
1,6.91,15.57,0.0463,0.1794,0.1094,BCC+FCC,1,12.482,0.0463,86.15,23.06,0.0725,0.0753,0.7549,0.4491,BCC+FCC,1,2.25,4.7165,0.0463,0.1794,0.3781,0.1094,0.4491,0.137,BCC+FCC,1,12.482,4.7165,0.0463,0.3799,0.0753,0.4491,0.3363,BCC+FCC,1,1.1741,2.25,4.7165,53.525,0.0463,23.06,0.1794,0.3781,BCC+FCC
3,8.157,13.015,0.0331,0.1693,0.1666,FCC,3,11.217,0.0331,59.38,18.303,0.0466,0.0682,0.5356,0.2909,FCC,3,2,4.774,0.0331,0.1693,0.1641,0.1666,0.2909,0.1419,FCC,3,11.217,4.774,0.0331,0.2041,0.0682,0.2909,0.2874,FCC,3,2.6325,2,4.774,69.155,0.0331,18.303,0.1693,0.1641,FCC
3,8.253,13.215,0.0338,0.1687,0.1658,FCC,3,11.4995,0.0338,67.62,20.766,0.0468,0.0659,0.5547,0.328,FCC,3,2,4.824,0.0338,0.1687,0.1635,0.1658,0.328,0.1493,FCC,3,11.4995,4.824,0.0338,0.2021,0.0659,0.328,0.3369,FCC,3,2.6373,2,4.824,65.045,0.0338,20.766,0.1687,0.1635,FCC
1,7.5575,12.955,0.0452,0.1761,0.0965,BCC+FCC,1,12.5945,0.0452,38.2,23.808,0.0622,0.0469,0.5209,0.3737,BCC+FCC,1,1.6,4.5805,0.0452,0.1761,0.2324,0.0965,0.3737,0.1763,BCC+FCC,1,12.5945,4.5805,0.0452,0.3119,0.0469,0.3737,0.2894,BCC+FCC,1,9.3146,1.6,4.5805,76.14,0.0452,23.808,0.1761,0.2324,BCC+FCC
1,7.536,13.785,0.0528,0.1807,0.1043,BCC+FCC,1,12.3696,0.0528,24.75,22.533,0.0695,0.0721,0.5126,0.3666,BCC+FCC,1,1.8,4.7495,0.0528,0.1807,0.2844,0.1043,0.3666,0.1562,BCC+FCC,1,12.3696,4.7495,0.0528,0.3379,0.0721,0.3666,0.2691,BCC+FCC,1,3.0436,1.8,4.7495,75.805,0.0528,22.533,0.1807,0.2844,BCC+FCC
1,7.3815,13.56,0.0462,0.176,0.1004,BCC+FCC,1,13.1708,0.0462,37.65,22.38,0.0661,0.0656,0.5579,0.367,BCC+FCC,1,1.8,4.652,0.0462,0.176,0.2811,0.1004,0.367,0.1568,BCC+FCC,1,13.1708,4.652,0.0462,0.3358,0.0656,0.367,0.2645,BCC+FCC,1,4.8993,1.8,4.652,75.55,0.0462,22.38,0.176,0.2811,BCC+FCC
1,7.4345,13.805,0.0501,0.181,0.1044,BCC+FCC,1,13.2758,0.0501,34.8,24.008,0.0671,0.0651,0.5634,0.384,BCC+FCC,1,1.75,4.6595,0.0501,0.181,0.2825,0.1044,0.384,0.1602,BCC+FCC,1,13.2758,4.6595,0.0501,0.341,0.0651,0.384,0.2767,BCC+FCC,1,6.3249,1.75,4.6595,73.84,0.0501,24.008,0.181,0.2825,BCC+FCC
1,7.3705,15.58,0.0597,0.1966,0.1116,BCC+FCC,1,12.0108,0.0597,22.4,25.66,0.0714,0.0616,0.5495,0.4581,BCC+FCC,1,1.65,4.646,0.0597,0.1966,0.3279,0.1116,0.4581,0.1493,BCC+FCC,1,12.0108,4.646,0.0597,0.3793,0.0616,0.4581,0.2999,BCC+FCC,1,6.1546,1.65,4.646,62.65,0.0597,25.66,0.1966,0.3279,BCC+FCC
1,7.227,14.47,0.0561,0.1936,0.1109,BCC+FCC,1,12.9458,0.0561,26.7,26.448,0.0723,0.0703,0.5697,0.4197,BCC+FCC,1,1.8,4.681,0.0561,0.1936,0.3268,0.1109,0.4197,0.1611,BCC+FCC,1,12.9458,4.681,0.0561,0.3795,0.0703,0.4197,0.2858,BCC+FCC,1,3.1941,1.8,4.681,71.31,0.0561,26.448,0.1936,0.3268,BCC+FCC
1,7.138,13.775,0.0548,0.1915,0.1044,BCC+FCC,1,12.4412,0.0548,27.225,24.739,0.0733,0.0739,0.5464,0.3949,BCC+FCC,1,1.85,4.6985,0.0548,0.1915,0.3261,0.1044,0.3949,0.1693,BCC+FCC,1,12.4412,4.6985,0.0548,0.3783,0.0739,0.3949,0.278,BCC+FCC,1,2.1722,1.85,4.6985,76.465,0.0548,24.739,0.1915,0.3261,BCC+FCC
1,6.6905,14.55,0.0431,0.1708,0.104,BCC+FCC,1,12.1233,0.0431,49.375,25.0275,0.0653,0.0523,0.624,0.4121,BCC+FCC,1,2,4.525,0.0431,0.1708,0.3532,0.104,0.4121,0.1423,BCC+FCC,1,12.1233,4.525,0.0431,0.382,0.0523,0.4121,0.2465,BCC+FCC,1,3.0216,2,4.525,70.125,0.0431,25.0275,0.1708,0.3532,BCC+FCC
1,7.487,13.545,0.0454,0.1791,0.1087,BCC+FCC,1,12.047,0.0454,63.7,25.048,0.0671,0.0311,0.925,0.3917,BCC+FCC,1,1.55,4.503,0.0454,0.1791,0.2311,0.1087,0.3917,0.1856,BCC+FCC,1,12.047,4.503,0.0454,0.3179,0.0311,0.3917,0.3004,BCC+FCC,1,4.1509,1.55,4.503,74.085,0.0454,25.048,0.1791,0.2311,BCC+FCC
1,7.5585,13.63,0.0519,0.1785,0.1393,BCC+FCC,1,11.5758,0.0519,110.4,17.931,0.0843,0.0866,1.182,0.3018,BCC+FCC,1,1.75,4.6855,0.0519,0.1785,0.2377,0.1393,0.3018,0.1804,BCC+FCC,1,11.5758,4.6855,0.0519,0.313,0.0866,0.3018,0.2534,BCC+FCC,1,2.1811,1.75,4.6855,84.615,0.0519,17.931,0.1785,0.2377,BCC+FCC
1,7.164,13.33,0.0448,0.1688,0.1237,BCC+FCC,1,12.6521,0.0448,84.375,18.471,0.0769,0.0795,1.0881,0.3237,BCC+FCC,1,1.85,4.622,0.0448,0.1688,0.2788,0.1237,0.3237,0.1734,BCC+FCC,1,12.6521,4.622,0.0448,0.3288,0.0795,0.3237,0.2447,BCC+FCC,1,1.9961,1.85,4.622,83.715,0.0448,18.471,0.1688,0.2788,BCC+FCC
1,6.9945,13.985,0.0445,0.1678,0.1133,BCC+FCC,1,12.482,0.0445,63.2,19.51,0.0733,0.077,0.9924,0.3521,BCC+FCC,1,2,4.631,0.0445,0.1678,0.3198,0.1133,0.3521,0.1514,BCC+FCC,1,12.482,4.631,0.0445,0.3518,0.077,0.3521,0.2386,BCC+FCC,1,1.7431,2,4.631,77.975,0.0445,19.51,0.1678,0.3198,BCC+FCC
1,6.873,15.005,0.05,0.1807,0.122,BCC+FCC,1,11.9058,0.05,58.7,22.34,0.078,0.084,1.1345,0.3807,BCC+FCC,1,2.1,4.685,0.05,0.1807,0.3622,0.122,0.3807,0.1403,BCC+FCC,1,11.9058,4.685,0.05,0.3894,0.084,0.3807,0.2361,BCC+FCC,1,1.2893,2.1,4.685,73.88,0.05,22.34,0.1807,0.3622,BCC+FCC
1,7.196,15.51,0.0508,0.1924,0.1218,BCC+FCC,1,12.482,0.0508,38.5,22.69,0.0707,0.0718,0.6553,0.384,BCC+FCC,1,2,4.6725,0.0508,0.1924,0.3408,0.1218,0.384,0.0914,BCC+FCC,1,12.482,4.6725,0.0508,0.3708,0.0718,0.384,0.1825,BCC+FCC,1,2.0244,2,4.6725,61.8,0.0508,22.69,0.1924,0.3408,BCC+FCC
1,7.76,14.305,0.0478,0.1738,0.1387,BCC+FCC,1,12.5945,0.0478,43.63,19.093,0.0598,0.0691,0.5618,0.3061,BCC+FCC,1,1.85,4.6905,0.0478,0.1738,0.2437,0.1387,0.3061,0.0783,BCC+FCC,1,12.5945,4.6905,0.0478,0.2993,0.0691,0.3061,0.1588,BCC+FCC,1,6.1095,1.85,4.6905,65.07,0.0478,19.093,0.1738,0.2437,BCC+FCC
1,7.392,14.065,0.0442,0.1743,0.1207,BCC+FCC,1,11.5758,0.0442,46.32,18.209,0.0647,0.078,0.558,0.2968,BCC+FCC,1,2.1,4.7145,0.0442,0.1743,0.2894,0.1207,0.2968,0.0723,BCC+FCC,1,11.5758,4.7145,0.0442,0.3274,0.078,0.2968,0.135,BCC+FCC,1,1.7229,2.1,4.7145,69.465,0.0442,18.209,0.1743,0.2894,BCC+FCC
3,10.673,7.995,0.0403,0.4589,0.1805,BCC,3,11.7645,0.0403,35.5,11.09,0.081,0.0406,0.4395,0.3668,BCC,3,1.65,4.192,0.0403,0.4589,0.3937,0.1805,0.3668,0.0616,BCC,3,11.7645,4.192,0.0403,0.1296,0.0406,0.3668,0.2059,BCC,3,14.8387,1.65,4.192,41.375,0.0403,11.09,0.4589,0.3937,BCC
3,8.449,12.885,0.0242,0.0919,0.0634,FCC,3,11.9774,0.0242,61.7,19.256,0.0304,0.0585,0.5273,0.3067,FCC,3,1.85,4.8025,0.0242,0.0919,0.0657,0.0634,0.3067,0.1646,FCC,3,11.9774,4.8025,0.0242,0.1344,0.0585,0.3067,0.3405,FCC,3,13.203,1.85,4.8025,69.88,0.0242,19.256,0.0919,0.0657,FCC
1,8.3765,12.35,0.0302,0.1172,0.0643,FCC,1,12.8408,0.0302,67.41,23.132,0.0444,0.057,0.5408,0.3666,FCC,1,1.75,4.795,0.0302,0.1172,0.0779,0.0643,0.3666,0.205,FCC,1,12.8408,4.795,0.0302,0.167,0.057,0.3666,0.4181,FCC,1,30.9303,1.75,4.795,71.04,0.0302,23.132,0.1172,0.0779,FCC
4,8.6665,13.2,0.0248,0.1027,0.0776,FCC,4,11.6353,0.0248,83.86,23.41,0.0387,0.049,0.6563,0.3818,FCC,4,1.75,4.925,0.0248,0.1027,0.0623,0.0776,0.3818,0.1821,FCC,4,11.6353,4.925,0.0248,0.1447,0.049,0.3818,0.4253,FCC,4,14.7105,1.75,4.925,65.88,0.0248,23.41,0.1027,0.0623,FCC
1,8.335,12.41,0.0319,0.1377,0.0335,FCC,1,11.5758,0.0319,78.24,24.714,0.0539,0.0575,0.5448,0.4049,FCC,1,1.9,4.8865,0.0319,0.1377,0.1258,0.0335,0.4049,0.1953,FCC,1,11.5758,4.8865,0.0319,0.1816,0.0575,0.4049,0.4623,FCC,1,3.1492,1.9,4.8865,65.96,0.0319,24.714,0.1377,0.1258,FCC
3,8.385,12.01,0.0342,0.133,0.0542,FCC,3,11.6353,0.0342,74.935,23.594,0.0526,0.059,0.5605,0.3714,FCC,3,1.85,4.8925,0.0342,0.133,0.0973,0.0542,0.3714,0.2065,FCC,3,11.6353,4.8925,0.0342,0.1816,0.059,0.3714,0.4422,FCC,3,4.1881,1.85,4.8925,71.08,0.0342,23.594,0.133,0.0973,FCC
2,8.6105,13.485,0.0351,0.1578,0.1696,FCC,2,11.8937,0.0351,65.88,20.76,0.0374,0.049,0.5678,0.3477,FCC,2,1.65,4.715,0.0351,0.1578,0.0706,0.1696,0.3477,0.1307,FCC,2,11.8937,4.715,0.0351,0.156,0.049,0.3477,0.2878,FCC,2,2.7043,1.65,4.715,65.3,0.0351,20.76,0.1578,0.0706,FCC
2,8.6245,13.43,0.0328,0.1641,0.188,FCC,2,12.5657,0.0328,70.5,19.56,0.0365,0.0589,0.6079,0.3139,FCC,2,1.75,4.8075,0.0328,0.1641,0.0506,0.188,0.3139,0.1365,FCC,2,12.5657,4.8075,0.0328,0.156,0.0589,0.3139,0.3174,FCC,2,25.9787,1.75,4.8075,62.79,0.0328,19.56,0.1641,0.0506,FCC
2,8.611,13.165,0.0294,0.1585,0.1726,FCC,2,11.7645,0.0294,73.84,20.066,0.0357,0.0572,0.5139,0.3381,FCC,2,1.85,4.835,0.0294,0.1585,0.0497,0.1726,0.3381,0.1463,FCC,2,11.7645,4.835,0.0294,0.1434,0.0572,0.3381,0.3781,FCC,2,13.2122,1.85,4.835,59.96,0.0294,20.066,0.1585,0.0497,FCC
2,8.614,13.505,0.0307,0.1627,0.1882,FCC,2,11.7645,0.0307,75.04,17.931,0.0354,0.0543,0.5303,0.3366,FCC,2,1.75,4.785,0.0307,0.1627,0.05,0.1882,0.3366,0.1383,FCC,2,11.7645,4.785,0.0307,0.1542,0.0543,0.3366,0.3742,FCC,2,13.7604,1.75,4.785,56.37,0.0307,17.931,0.1627,0.05,FCC
4,8.475,13.67,0.0353,0.1389,0.1296,FCC,4,12.6521,0.0353,61.86,18.1875,0.044,0.0619,0.6542,0.2959,FCC,4,1.7,4.795,0.0353,0.1389,0.1021,0.1296,0.2959,0.112,FCC,4,12.6521,4.795,0.0353,0.1891,0.0619,0.2959,0.2537,FCC,4,13.0221,1.7,4.795,62.425,0.0353,18.1875,0.1389,0.1021,FCC
4,8.449,12.87,0.0258,0.1044,0.0675,FCC,4,11.217,0.0258,61.035,16.522,0.0341,0.0632,0.5477,0.2571,FCC,4,1.95,4.8575,0.0258,0.1044,0.0834,0.0675,0.2571,0.134,FCC,4,11.217,4.8575,0.0258,0.1449,0.0632,0.2571,0.2731,FCC,4,10.3567,1.95,4.8575,70.67,0.0258,16.522,0.1044,0.0834,FCC
3,8.3155,13.3,0.0352,0.1404,0.1219,FCC,3,12.8408,0.0352,61.06,18.2175,0.0429,0.0588,0.5563,0.2997,FCC,3,1.75,4.715,0.0352,0.1404,0.1038,0.1219,0.2997,0.1266,FCC,3,12.8408,4.715,0.0352,0.1951,0.0588,0.2997,0.2891,FCC,3,8.0026,1.75,4.715,61.825,0.0352,18.2175,0.1404,0.1038,FCC
3,8.392,13.015,0.0252,0.1055,0.0812,FCC,3,11.8937,0.0252,59.73,19.369,0.0329,0.06,0.4885,0.3044,FCC,3,1.9,4.785,0.0252,0.1055,0.0837,0.0812,0.3044,0.1458,FCC,3,11.8937,4.785,0.0252,0.1485,0.06,0.3044,0.3319,FCC,3,86.5279,1.9,4.785,64.51,0.0252,19.369,0.1055,0.0837,FCC
3,8.367,12.915,0.0358,0.1505,0.1025,FCC,3,12.2525,0.0358,72.82,18.648,0.0512,0.064,0.5564,0.3249,FCC,3,1.9,4.855,0.0358,0.1505,0.1184,0.1025,0.3249,0.1297,FCC,3,12.2525,4.855,0.0358,0.202,0.064,0.3249,0.3365,FCC,3,4.7842,1.9,4.855,59.465,0.0358,18.648,0.1505,0.1184,FCC
3,8.264,12.765,0.0358,0.1497,0.1034,FCC,3,12.6875,0.0358,66.71,18.444,0.0502,0.0647,0.4957,0.3224,FCC,3,1.9,4.79,0.0358,0.1497,0.1188,0.1034,0.3224,0.1348,FCC,3,12.6875,4.79,0.0358,0.2027,0.0647,0.3224,0.346,FCC,3,6.1699,1.9,4.79,59.295,0.0358,18.444,0.1497,0.1188,FCC
3,8.362,12.77,0.0346,0.1468,0.0891,FCC,3,11.5758,0.0346,74.92,18.924,0.0509,0.0633,0.5189,0.3314,FCC,3,1.95,4.8725,0.0346,0.1468,0.1181,0.0891,0.3314,0.133,FCC,3,11.5758,4.8725,0.0346,0.1961,0.0633,0.3314,0.3552,FCC,3,3.4904,1.95,4.8725,59.12,0.0346,18.924,0.1468,0.1181,FCC
4,8.1805,16.26,0.0265,0.0967,0.1792,FCC,4,11.8937,0.0265,147.07,17.5135,0.088,0.0893,0.5742,0.2785,FCC,4,1.95,4.5825,0.0265,0.0967,0.078,0.1792,0.2785,0.2172,FCC,4,11.8937,4.5825,0.0265,0.1431,0.0893,0.2785,0.3992,FCC,4,8.7961,1.95,4.5825,66.405,0.0265,17.5135,0.0967,0.078,FCC
2,8.429,15.74,0.028,0.1012,0.1638,FCC,2,12.5945,0.028,140.935,18.54,0.0817,0.0875,0.7183,0.2926,FCC,2,1.9,4.7275,0.028,0.1012,0.0745,0.1638,0.2926,0.1967,FCC,2,12.5945,4.7275,0.028,0.1485,0.0875,0.2926,0.3968,FCC,2,11.6264,1.9,4.7275,65.3,0.028,18.54,0.1012,0.0745,FCC
3,8.411,13.95,0.0235,0.0881,0.1059,FCC,3,11.217,0.0235,79.895,19.08,0.0405,0.057,0.6046,0.3093,FCC,3,1.8,4.6925,0.0235,0.0881,0.063,0.1059,0.3093,0.1585,FCC,3,11.217,4.6925,0.0235,0.1344,0.057,0.3093,0.3573,FCC,3,3.6875,1.8,4.6925,62.24,0.0235,19.08,0.0881,0.063,FCC
4,7.8485,12.44,0.0348,0.1514,0.1287,FCC,4,11.217,0.0348,67.68,18.1315,0.0602,0.0625,0.4695,0.3042,FCC,4,1.95,4.5975,0.0348,0.1514,0.1248,0.1287,0.3042,0.157,FCC,4,11.217,4.5975,0.0348,0.2051,0.0625,0.3042,0.3676,FCC,4,4.7183,1.95,4.5975,60.965,0.0348,18.1315,0.1514,0.1248,FCC
3,8.2715,13.7,0.0279,0.1159,0.1218,FCC,3,11.217,0.0279,77.235,18.4825,0.0476,0.0557,0.5767,0.3103,FCC,3,1.8,4.65,0.0279,0.1159,0.0864,0.1218,0.3103,0.1566,FCC,3,11.217,4.65,0.0279,0.167,0.0557,0.3103,0.3623,FCC,3,4.7462,1.8,4.65,60.575,0.0279,18.4825,0.1159,0.0864,FCC
4,8.633,12.265,0.04,0.2031,0.1842,FCC,4,11.4299,0.04,63.7,18.836,0.0503,0.0626,0.5169,0.3116,FCC,4,1.9,4.8475,0.04,0.2031,0.0671,0.1842,0.3116,0.1474,FCC,4,11.4299,4.8475,0.04,0.1546,0.0626,0.3116,0.3112,FCC,4,3.7826,1.9,4.8475,71.91,0.04,18.836,0.2031,0.0671,FCC
4,8.5225,12.935,0.0286,0.1439,0.1447,FCC,4,11.4299,0.0286,79.88,18.678,0.0544,0.0661,0.5647,0.3119,FCC,4,1.95,4.7975,0.0286,0.1439,0.0754,0.1447,0.3119,0.164,FCC,4,11.4299,4.7975,0.0286,0.1228,0.0661,0.3119,0.3395,FCC,4,9.3208,1.95,4.7975,71.53,0.0286,18.678,0.1439,0.0754,FCC
3,8.324,13.045,0.0267,0.105,0.0901,FCC,3,11.2766,0.0267,72.25,14.91,0.0499,0.072,0.6556,0.2407,FCC,3,2,4.7975,0.0267,0.105,0.0868,0.0901,0.2407,0.1483,FCC,3,11.2766,4.7975,0.0267,0.1458,0.072,0.2407,0.2881,FCC,3,5.0852,2,4.7975,72.12,0.0267,14.91,0.105,0.0868,FCC
4,8.0895,12.67,0.0325,0.1419,0.11,FCC,4,12.2933,0.0325,75.765,18.9255,0.0597,0.0734,0.5516,0.2986,FCC,4,2,4.73,0.0325,0.1419,0.1184,0.11,0.2986,0.1577,FCC,4,12.2933,4.73,0.0325,0.1913,0.0734,0.2986,0.3562,FCC,4,3.2184,2,4.73,64.595,0.0325,18.9255,0.1419,0.1184,FCC
3,12.9695,6.92,0.0384,0.6838,0.1365,BCC,3,11.2766,0.0384,42.87,16.408,0.1041,0.0618,0.359,0.3951,BCC,3,1.8,4.165,0.0384,0.6838,0.2631,0.1365,0.3951,0.0692,BCC,3,11.2766,4.165,0.0384,0.2244,0.0618,0.3951,0.2202,BCC,3,14.4047,1.8,4.165,45.66,0.0384,16.408,0.6838,0.2631,BCC
4,8.0345,15.28,0.0306,0.1178,0.1675,FCC,4,11.8937,0.0306,165,6.956,0.0841,0.0809,0.8165,0.1648,FCC,4,1.85,4.525,0.0306,0.1178,0.0762,0.1675,0.1648,0.1296,FCC,4,11.8937,4.525,0.0306,0.175,0.0809,0.1648,0.1937,FCC,4,72.9046,1.85,4.525,79.02,0.0306,6.956,0.1178,0.0762,FCC
4,8.584,6.855,0.0393,0.4732,0.144,BCC,4,12.0349,0.0393,39.93,11.366,0.0924,0.0454,0.3342,0.6597,BCC,4,1.8,4.107,0.0393,0.4732,0.3814,0.144,0.6597,0.1124,BCC,4,12.0349,4.107,0.0393,0.1262,0.0454,0.6597,0.4912,BCC,4,225.8809,1.8,4.107,31.035,0.0393,11.366,0.4732,0.3814,BCC
3,11.2475,6.825,0.0424,0.5232,0.1423,BCC,3,10.9586,0.0424,39.92,14.53,0.095,0.0477,0.3512,0.4537,BCC,3,1.55,4.1625,0.0424,0.5232,0.2929,0.1423,0.4537,0.1106,BCC,3,10.9586,4.1625,0.0424,0.1185,0.0477,0.4537,0.3718,BCC,3,26.0717,1.55,4.1625,45.28,0.0424,14.53,0.5232,0.2929,BCC
2,10.7705,6.915,0.0393,0.7167,0.1458,BCC,2,11.7645,0.0393,37.64,11.1095,0.1147,0.05,0.307,0.4174,BCC,2,1.75,4.09,0.0393,0.7167,0.3173,0.1458,0.4174,0.0609,BCC,2,11.7645,4.09,0.0393,0.3281,0.05,0.4174,0.2321,BCC,2,57.9674,1.75,4.09,34.115,0.0393,11.1095,0.7167,0.3173,BCC
4,9.807,6.97,0.0395,0.5656,0.131,BCC,4,11.217,0.0395,39.59,9.563,0.1124,0.0482,0.3192,0.4077,BCC,4,1.7,4.1015,0.0395,0.5656,0.3067,0.131,0.4077,0.0669,BCC,4,11.217,4.1015,0.0395,0.2049,0.0482,0.4077,0.2703,BCC,4,45.8747,1.7,4.1015,33.21,0.0395,9.563,0.5656,0.3067,BCC
3,10.4825,6.72,0.0349,0.5691,0.1287,BCC,3,11.9774,0.0349,34.885,13.388,0.1087,0.0455,0.2811,0.4775,BCC,3,1.75,4.1025,0.0349,0.5691,0.3273,0.1287,0.4775,0.0797,BCC,3,11.9774,4.1025,0.0349,0.2023,0.0455,0.4775,0.3018,BCC,3,56.2744,1.75,4.1025,36.415,0.0349,13.388,0.5691,0.3273,BCC
3,11.1145,7.01,0.0383,0.4297,0.134,BCC,3,11.6353,0.0383,47.26,15.692,0.1322,0.0504,0.4186,0.5306,BCC,3,1.6,4.1705,0.0383,0.4297,0.3238,0.134,0.5306,0.0698,BCC,3,11.6353,4.1705,0.0383,0.1268,0.0504,0.5306,0.2397,BCC,3,15.9172,1.6,4.1705,43.52,0.0383,15.692,0.4297,0.3238,BCC
3,9.1335,7.52,0.0386,0.418,0.1589,BCC,3,11.217,0.0386,49.34,11.67,0.1279,0.0493,0.4623,0.5462,BCC,3,1.55,4.201,0.0386,0.418,0.3478,0.1589,0.5462,0.0591,BCC,3,11.217,4.201,0.0386,0.1296,0.0493,0.5462,0.226,BCC,3,19.9465,1.55,4.201,38.57,0.0386,11.67,0.418,0.3478,BCC
4,8.742,7.39,0.0399,0.4141,0.1542,BCC,4,12.377,0.0399,50.9,12.511,0.1361,0.0503,0.444,0.6449,BCC,4,1.7,4.165,0.0399,0.4141,0.3886,0.1542,0.6449,0.0629,BCC,4,12.377,4.165,0.0399,0.1316,0.0503,0.6449,0.2625,BCC,4,22.6609,1.7,4.165,34.015,0.0399,12.511,0.4141,0.3886,BCC
4,7.056,7.59,0.0447,0.3372,0.1746,BCC,4,12.482,0.0447,36.2,13.17,0.0807,0.0279,0.3398,0.4229,BCC,4,1.75,4.2285,0.0447,0.3372,0.3691,0.1746,0.4229,0.0646,BCC,4,12.482,4.2285,0.0447,0.1111,0.0279,0.4229,0.2625,BCC,4,78.8925,1.75,4.2285,34.25,0.0447,13.17,0.3372,0.3691,BCC
3,8.6505,7.16,0.0391,0.449,0.1408,BCC,3,11.4299,0.0391,41.88,7.012,0.0788,0.0417,0.3558,0.4105,BCC,3,1.95,4.0975,0.0391,0.449,0.4561,0.1408,0.4105,0.0488,BCC,3,11.4299,4.0975,0.0391,0.0732,0.0417,0.4105,0.2194,BCC,3,29.6836,1.95,4.0975,26.985,0.0391,7.012,0.449,0.4561,BCC
3,9.4975,7.22,0.0414,0.484,0.1552,BCC,3,11.9774,0.0414,43.64,8.9465,0.0801,0.0437,0.3674,0.4693,BCC,3,1.95,4.1,0.0414,0.484,0.4551,0.1552,0.4693,0.0574,BCC,3,11.9774,4.1,0.0414,0.086,0.0437,0.4693,0.2385,BCC,3,22.4867,1.95,4.1,29.945,0.0414,8.9465,0.484,0.4551,BCC
2,8.111,7.575,0.0458,0.4371,0.1566,BCC,2,11.4299,0.0458,46.425,6.861,0.0804,0.0428,0.4081,0.4095,BCC,2,1.95,4.133,0.0458,0.4371,0.4884,0.1566,0.4095,0.0472,BCC,2,11.4299,4.133,0.0458,0.0732,0.0428,0.4095,0.2132,BCC,2,30.7385,1.95,4.133,26.87,0.0458,6.861,0.4371,0.4884,BCC
3,7.168,7.045,0.0448,0.3766,0.1383,BCC,3,11.3007,0.0448,30.14,12.28,0.0955,0.033,0.2664,0.3866,BCC,3,1.75,4.1815,0.0448,0.3766,0.2484,0.1383,0.3866,0.0626,BCC,3,11.3007,4.1815,0.0448,0.1111,0.033,0.3866,0.2587,BCC,3,830.9726,1.75,4.1815,33.22,0.0448,12.28,0.3766,0.2484,BCC
4,7.7835,7.065,0.0393,0.4049,0.1381,BCC,4,12.5825,0.0393,35.92,10.444,0.096,0.0381,0.3115,0.3649,BCC,4,1.75,4.1555,0.0393,0.4049,0.3338,0.1381,0.3649,0.0534,BCC,4,12.5825,4.1555,0.0393,0.1113,0.0381,0.3649,0.2277,BCC,4,33.8242,1.75,4.1555,31.345,0.0393,10.444,0.4049,0.3338,BCC
3,9.645,7.06,0.0424,0.5034,0.1566,BCC,3,12.2933,0.0424,37.665,12.844,0.0797,0.0413,0.3235,0.5253,BCC,3,2,4.1035,0.0424,0.5034,0.4666,0.1566,0.5253,0.0697,BCC,3,12.2933,4.1035,0.0424,0.0952,0.0413,0.5253,0.2773,BCC,3,46.9697,2,4.1035,32.19,0.0424,12.844,0.5034,0.4666,BCC
2,10.592,6.74,0.0408,0.5089,0.1383,BCC,2,13.2758,0.0408,32.32,14.203,0.093,0.04,0.2701,0.4217,BCC,2,1.8,4.14,0.0408,0.5089,0.3819,0.1383,0.4217,0.0716,BCC,2,13.2758,4.14,0.0408,0.1093,0.04,0.4217,0.2463,BCC,2,25.5854,1.8,4.14,40.77,0.0408,14.203,0.5089,0.3819,BCC
4,8.812,6.81,0.0413,0.4604,0.1298,BCC,4,12.482,0.0413,29.68,11.97,0.0991,0.039,0.2582,0.3881,BCC,4,1.75,4.1425,0.0413,0.4604,0.3614,0.1298,0.3881,0.063,BCC,4,12.482,4.1425,0.0413,0.1111,0.039,0.3881,0.2428,BCC,4,41.9448,1.75,4.1425,35.45,0.0413,11.97,0.4604,0.3614,BCC
4,10.846,6.95,0.047,0.5173,0.1495,BCC,4,13.0295,0.047,32.8,13.695,0.0866,0.0379,0.2858,0.3606,BCC,4,1.75,4.1825,0.047,0.5173,0.3838,0.1495,0.3606,0.0685,BCC,4,13.0295,4.1825,0.047,0.0975,0.0379,0.3606,0.2167,BCC,4,36.4513,1.75,4.1825,45.35,0.047,13.695,0.5173,0.3838,BCC
3,8.4085,6.845,0.0371,0.4,0.1411,BCC,3,11.8937,0.0371,30.68,13.386,0.091,0.0316,0.263,0.4211,BCC,3,1.7,4.1875,0.0371,0.4,0.3825,0.1411,0.4211,0.0712,BCC,3,11.8937,4.1875,0.0371,0.1065,0.0316,0.4211,0.2726,BCC,3,34.098,1.7,4.1875,37.545,0.0371,13.386,0.4,0.3825,BCC
4,7.984,7.01,0.0421,0.3869,0.1438,BCC,4,11.4299,0.0421,31.52,11.672,0.0899,0.0314,0.2717,0.3683,BCC,4,1.65,4.2025,0.0421,0.3869,0.3273,0.1438,0.3683,0.0657,BCC,4,11.4299,4.2025,0.0421,0.1026,0.0314,0.3683,0.2499,BCC,4,56.2132,1.65,4.2025,37.66,0.0421,11.672,0.3869,0.3273,BCC
4,8.0615,12.8,0.033,0.1249,0.0679,FCC,4,12.4291,0.033,54.08,15.054,0.0486,0.0667,0.5591,0.2767,FCC,4,1.9,4.774,0.033,0.1249,0.1699,0.0679,0.2767,0.1514,FCC,4,12.4291,4.774,0.033,0.2153,0.0667,0.2767,0.2681,FCC,4,6.3683,1.9,4.774,76.96,0.033,15.054,0.1249,0.1699,FCC
3,8.092,13.47,0.03,0.1176,0.0852,FCC,3,12.9458,0.03,61.48,20.682,0.0416,0.0583,0.5578,0.334,FCC,3,1.85,4.709,0.03,0.1176,0.1673,0.0852,0.334,0.1572,FCC,3,12.9458,4.709,0.03,0.2093,0.0583,0.334,0.321,FCC,3,21.611,1.85,4.709,67.44,0.03,20.682,0.1176,0.1673,FCC
3,8.1965,13.79,0.0315,0.121,0.0936,FCC,3,13.5221,0.0315,67.35,21.2335,0.0426,0.0593,0.6241,0.3457,FCC,3,1.8,4.749,0.0315,0.121,0.1676,0.0936,0.3457,0.1534,FCC,3,13.5221,4.749,0.0315,0.2122,0.0593,0.3457,0.3246,FCC,3,14.4206,1.8,4.749,65.815,0.0315,21.2335,0.121,0.1676,FCC
2,8.148,14.055,0.0336,0.1269,0.1008,FCC,2,12.47,0.0336,66.94,20.894,0.0417,0.0491,0.6132,0.3617,FCC,2,1.7,4.6665,0.0336,0.1269,0.1677,0.1008,0.3617,0.1526,FCC,2,12.47,4.6665,0.0336,0.2211,0.0491,0.3617,0.335,FCC,2,4.0051,1.7,4.6665,62.14,0.0336,20.894,0.1269,0.1677,FCC
3,8.315,13.565,0.0324,0.1281,0.0894,FCC,3,13.1634,0.0324,65.89,22.342,0.0497,0.0605,0.7169,0.3572,FCC,3,1.8,4.8715,0.0324,0.1281,0.1691,0.0894,0.3572,0.1693,FCC,3,13.1634,4.8715,0.0324,0.2166,0.0605,0.3572,0.349,FCC,3,13.4619,1.8,4.8715,69.515,0.0324,22.342,0.1281,0.1691,FCC
4,8.0575,13.19,0.0329,0.1286,0.0851,FCC,4,13.6225,0.0329,63.09,22.002,0.0472,0.0583,0.5742,0.3561,FCC,4,1.8,4.709,0.0329,0.1286,0.1697,0.0851,0.3561,0.1757,FCC,4,13.6225,4.709,0.0329,0.2217,0.0583,0.3561,0.3496,FCC,4,37.504,1.8,4.709,69.09,0.0329,22.002,0.1286,0.1697,FCC
3,8.1245,12.89,0.0367,0.1373,0.0792,FCC,3,13.8809,0.0367,65.72,22.3535,0.0535,0.0632,0.6382,0.3583,FCC,3,1.8,4.799,0.0367,0.1373,0.1727,0.0792,0.3583,0.1903,FCC,3,13.8809,4.799,0.0367,0.2294,0.0632,0.3583,0.3648,FCC,3,9.8443,1.8,4.799,72.705,0.0367,22.3535,0.1373,0.1727,FCC
4,8.346,13.87,0.0284,0.1148,0.0889,FCC,4,13.1587,0.0284,74.5,21.8425,0.0432,0.0595,0.6873,0.3539,FCC,4,1.85,4.864,0.0284,0.1148,0.166,0.0889,0.3539,0.1556,FCC,4,13.1587,4.864,0.0284,0.2022,0.0595,0.3539,0.3434,FCC,4,24.0033,1.85,4.864,65.725,0.0284,21.8425,0.1148,0.166,FCC
3,8.0695,12.84,0.0348,0.1346,0.078,FCC,3,13.9646,0.0348,68.5,23.804,0.0523,0.0611,0.5949,0.3803,FCC,3,1.8,4.759,0.0348,0.1346,0.1723,0.078,0.3803,0.1985,FCC,3,13.9646,4.759,0.0348,0.2271,0.0611,0.3803,0.3939,FCC,3,13.2842,1.8,4.759,70.48,0.0348,23.804,0.1346,0.1723,FCC
3,8.305,13.275,0.0299,0.1215,0.0693,FCC,3,12.3696,0.0299,78.48,23.17,0.0494,0.0585,0.6665,0.3708,FCC,3,1.9,4.9065,0.0299,0.1215,0.1688,0.0693,0.3708,0.1825,FCC,3,12.3696,4.9065,0.0299,0.2083,0.0585,0.3708,0.3929,FCC,3,5.3237,1.9,4.9065,68.825,0.0299,23.17,0.1215,0.1688,FCC
1,7.8455,14,0.0511,0.1758,0.1068,BCC+FCC,1,13.8401,0.0511,46.96,26.7195,0.0636,0.0563,0.7466,0.4377,BCC+FCC,1,1.55,4.678,0.0511,0.1758,0.2358,0.1068,0.4377,0.1888,BCC+FCC,1,13.8401,4.678,0.0511,0.3061,0.0563,0.4377,0.3671,BCC+FCC,1,15.9695,1.55,4.678,67.045,0.0511,26.7195,0.1758,0.2358,BCC+FCC
1,7.906,14.44,0.0414,0.1538,0.1071,BCC+FCC,1,14.0984,0.0414,71.12,23.132,0.0556,0.0558,0.723,0.4199,BCC+FCC,1,1.7,4.688,0.0414,0.1538,0.2318,0.1071,0.4199,0.1679,BCC+FCC,1,14.0984,4.688,0.0414,0.281,0.0558,0.4199,0.3699,BCC+FCC,1,17.7146,1.7,4.688,61.26,0.0414,23.132,0.1538,0.2318,BCC+FCC
3,7.737,13.415,0.0299,0.1294,0.0794,FCC,3,13.0463,0.0299,64.53,24.32,0.0528,0.0613,0.5486,0.4022,FCC,3,1.95,4.7005,0.0299,0.1294,0.2294,0.0794,0.4022,0.1882,FCC,3,13.0463,4.7005,0.0299,0.2531,0.0613,0.4022,0.3974,FCC,3,4.7404,1.95,4.7005,65.7,0.0299,24.32,0.1294,0.2294,FCC
1,7.5485,14.125,0.043,0.1597,0.0989,BCC+FCC,1,13.3763,0.043,46.98,20.985,0.0624,0.0716,0.6589,0.349,BCC+FCC,1,1.95,4.7345,0.043,0.1597,0.2808,0.0989,0.349,0.1379,BCC+FCC,1,13.3763,4.7345,0.043,0.3145,0.0716,0.349,0.2524,BCC+FCC,1,3.2549,1.95,4.7345,72.075,0.043,20.985,0.1597,0.2808,BCC+FCC
1,7.62,14.335,0.0505,0.1748,0.1089,BCC+FCC,1,13.6225,0.0505,36.61,24.524,0.0669,0.0698,0.7046,0.3941,BCC+FCC,1,1.8,4.7495,0.0505,0.1748,0.2836,0.1089,0.3941,0.1582,BCC+FCC,1,13.6225,4.7495,0.0505,0.3302,0.0698,0.3941,0.2961,BCC+FCC,1,4.1678,1.8,4.7495,70.305,0.0505,24.524,0.1748,0.2836,BCC+FCC
1,7.793,15.58,0.0442,0.1608,0.1174,BCC+FCC,1,13.3763,0.0442,49.2,21.63,0.0601,0.0641,0.8295,0.399,BCC+FCC,1,1.75,4.732,0.0442,0.1608,0.2809,0.1174,0.399,0.1259,BCC+FCC,1,13.3763,4.732,0.0442,0.3124,0.0641,0.399,0.2781,BCC+FCC,1,8.4059,1.75,4.732,59.65,0.0442,21.63,0.1608,0.2809,BCC+FCC
1,7.551,14.83,0.0463,0.1695,0.109,BCC+FCC,1,13.9934,0.0463,58.715,23.8105,0.061,0.0552,0.7335,0.4179,BCC+FCC,1,1.75,4.627,0.0463,0.1695,0.2809,0.109,0.4179,0.1545,BCC+FCC,1,13.9934,4.627,0.0463,0.3272,0.0552,0.4179,0.3167,BCC+FCC,1,656.8871,1.75,4.627,62.755,0.0463,23.8105,0.1695,0.2809,BCC+FCC
1,7.502,14.405,0.0589,0.1979,0.1028,BCC+FCC,1,12.6995,0.0589,45.96,28.78,0.0696,0.0487,0.8085,0.4975,BCC+FCC,1,1.5,4.6095,0.0589,0.1979,0.2858,0.1028,0.4975,0.2041,BCC+FCC,1,12.6995,4.6095,0.0589,0.3604,0.0487,0.4975,0.3965,BCC+FCC,1,15.2414,1.5,4.6095,64.2,0.0589,28.78,0.1979,0.2858,BCC+FCC
1,7.6975,14.57,0.0448,0.1621,0.106,BCC+FCC,1,13.9813,0.0448,58.675,24.5595,0.0636,0.0694,0.7943,0.404,BCC+FCC,1,1.9,4.792,0.0448,0.1621,0.2822,0.106,0.404,0.16,BCC+FCC,1,13.9813,4.792,0.0448,0.3152,0.0694,0.404,0.3266,BCC+FCC,1,3.5084,1.9,4.792,66.255,0.0448,24.5595,0.1621,0.2822,BCC+FCC
1,7.441,13.675,0.0516,0.1843,0.1034,BCC+FCC,1,14.5697,0.0516,57.175,29.355,0.0686,0.062,0.7643,0.4613,BCC+FCC,1,1.7,4.6695,0.0516,0.1843,0.2842,0.1034,0.4613,0.2121,BCC+FCC,1,14.5697,4.6695,0.0516,0.3454,0.062,0.4613,0.3921,BCC+FCC,1,6.8499,1.7,4.6695,69.155,0.0516,29.355,0.1843,0.2842,BCC+FCC
1,7.572,13.79,0.0494,0.1731,0.0993,BCC+FCC,1,13.8809,0.0494,64.775,27.8325,0.0685,0.0693,0.7851,0.4413,BCC+FCC,1,1.85,4.777,0.0494,0.1731,0.2845,0.0993,0.4413,0.2029,BCC+FCC,1,13.8809,4.777,0.0494,0.3292,0.0693,0.4413,0.3936,BCC+FCC,1,2.9193,1.85,4.777,69.125,0.0494,27.8325,0.1731,0.2845,BCC+FCC
1,7.4705,13.81,0.0463,0.1724,0.1011,BCC+FCC,1,14.8159,0.0463,68.78,28.05,0.066,0.0637,0.7349,0.4556,BCC+FCC,1,1.8,4.687,0.0463,0.1724,0.2828,0.1011,0.4556,0.2048,BCC+FCC,1,14.8159,4.687,0.0463,0.3309,0.0637,0.4556,0.3997,BCC+FCC,1,5.1433,1.8,4.687,67.16,0.0463,28.05,0.1724,0.2828,BCC+FCC
1,7.4375,13.7,0.0507,0.1824,0.1028,BCC+FCC,1,14.4284,0.0507,67.09,29.8765,0.0679,0.0598,0.7613,0.4823,BCC+FCC,1,1.7,4.662,0.0507,0.1824,0.2841,0.1028,0.4823,0.2194,BCC+FCC,1,14.4284,4.662,0.0507,0.3435,0.0598,0.4823,0.4221,BCC+FCC,1,7.5381,1.7,4.662,67.015,0.0507,29.8765,0.1824,0.2841,BCC+FCC
1,7.3125,12.555,0.0503,0.1782,0.0899,BCC+FCC,1,13.2638,0.0503,62.525,30.842,0.0703,0.0676,0.7359,0.4492,BCC+FCC,1,1.75,4.7045,0.0503,0.1782,0.2843,0.0899,0.4492,0.2457,BCC+FCC,1,13.2638,4.7045,0.0503,0.3386,0.0676,0.4492,0.4113,BCC+FCC,1,2.6204,1.75,4.7045,75.615,0.0503,30.842,0.1782,0.2843,BCC+FCC
1,7.4275,13.41,0.047,0.1702,0.0958,BCC+FCC,1,13.9934,0.047,80.08,30.4975,0.067,0.0631,0.7042,0.4946,BCC+FCC,1,1.8,4.697,0.047,0.1702,0.2835,0.0958,0.4946,0.231,BCC+FCC,1,13.9934,4.697,0.047,0.3284,0.0631,0.4946,0.4639,BCC+FCC,1,3.7321,1.8,4.697,66.325,0.047,30.4975,0.1702,0.2835,BCC+FCC
1,7.56,13.695,0.0457,0.1637,0.0925,BCC+FCC,1,13.2638,0.0457,86.66,29.18,0.067,0.0669,0.711,0.4877,BCC+FCC,1,1.9,4.7795,0.0457,0.1637,0.284,0.0925,0.4877,0.2179,BCC+FCC,1,13.2638,4.7795,0.0457,0.3184,0.0669,0.4877,0.4712,BCC+FCC,1,2.5014,1.9,4.7795,64.5,0.0457,29.18,0.1637,0.284,BCC+FCC
1,7.253,14.63,0.0497,0.1807,0.1088,BCC+FCC,1,14.5697,0.0497,52.16,26.5075,0.0692,0.0698,0.7798,0.4341,BCC+FCC,1,1.9,4.691,0.0497,0.1807,0.3254,0.1088,0.4341,0.1704,BCC+FCC,1,14.5697,4.691,0.0497,0.3647,0.0698,0.4341,0.3253,BCC+FCC,1,3.2246,1.9,4.691,67.175,0.0497,26.5075,0.1807,0.3254,BCC+FCC
1,7.2155,14.01,0.051,0.1804,0.1012,BCC+FCC,1,13.4813,0.051,47.36,26.2005,0.0718,0.0748,0.7689,0.4167,BCC+FCC,1,1.95,4.741,0.051,0.1804,0.3262,0.1012,0.4167,0.184,BCC+FCC,1,13.4813,4.741,0.051,0.3639,0.0748,0.4167,0.3268,BCC+FCC,1,1.988,1.95,4.741,72.415,0.051,26.2005,0.1804,0.3262,BCC+FCC
1,7.2655,14.97,0.0394,0.1592,0.105,BCC+FCC,1,13.8809,0.0394,68.295,23.8405,0.0625,0.0686,0.7222,0.4007,BCC+FCC,1,2.05,4.676,0.0394,0.1592,0.3221,0.105,0.4007,0.1438,BCC+FCC,1,13.8809,4.676,0.0394,0.3411,0.0686,0.4007,0.2927,BCC+FCC,1,3.002,2.05,4.676,63.445,0.0394,23.8405,0.1592,0.3221,BCC+FCC
1,7.2835,15.3,0.0466,0.1765,0.1111,BCC+FCC,1,14.0696,0.0466,74.52,23.4615,0.0651,0.0574,0.786,0.4647,BCC+FCC,1,1.85,4.626,0.0466,0.1765,0.3242,0.1111,0.4647,0.1662,BCC+FCC,1,14.0696,4.626,0.0466,0.3609,0.0574,0.4647,0.3701,BCC+FCC,1,7.4451,1.85,4.626,57.655,0.0466,23.4615,0.1765,0.3242,BCC+FCC
1,7.361,15.535,0.0421,0.1641,0.1117,BCC+FCC,1,13.5221,0.0421,85.15,20.207,0.0625,0.0613,0.7417,0.4431,BCC+FCC,1,1.95,4.6685,0.0421,0.1641,0.3236,0.1117,0.4431,0.1517,BCC+FCC,1,13.5221,4.6685,0.0421,0.3464,0.0613,0.4431,0.3747,BCC+FCC,1,4.6394,1.95,4.6685,53.605,0.0421,20.207,0.1641,0.3236,BCC+FCC
1,7.2375,14.56,0.0451,0.1686,0.1039,BCC+FCC,1,14.2397,0.0451,83.04,27.112,0.0669,0.0656,0.7308,0.4937,BCC+FCC,1,1.95,4.686,0.0451,0.1686,0.3246,0.1039,0.4937,0.1968,BCC+FCC,1,14.2397,4.686,0.0451,0.3515,0.0656,0.4937,0.4342,BCC+FCC,1,2.9576,1.95,4.686,60.41,0.0451,27.112,0.1686,0.3246,BCC+FCC
1,7.504,15.3,0.0413,0.1557,0.1032,BCC+FCC,1,12.3408,0.0413,95.945,22.7245,0.0647,0.0688,0.7465,0.4575,BCC+FCC,1,2.1,4.826,0.0413,0.1557,0.3248,0.1032,0.4575,0.1558,BCC+FCC,1,12.3408,4.826,0.0413,0.3339,0.0688,0.4575,0.4046,BCC+FCC,1,1.8457,2.1,4.826,54.965,0.0413,22.7245,0.1557,0.3248,BCC+FCC
1,7.1165,15.66,0.0497,0.1783,0.1148,BCC+FCC,1,12.6995,0.0497,42.1,24.124,0.0705,0.0777,0.7885,0.3988,BCC+FCC,1,2.1,4.745,0.0497,0.1783,0.3646,0.1148,0.3988,0.1149,BCC+FCC,1,12.6995,4.745,0.0497,0.3838,0.0777,0.3988,0.2257,BCC+FCC,1,1.7377,2.1,4.745,65.28,0.0497,24.124,0.1783,0.3646,BCC+FCC
1,6.929,15.325,0.0478,0.1825,0.1122,BCC+FCC,1,13.9646,0.0478,51.58,25.562,0.0692,0.0675,0.7542,0.4296,BCC+FCC,1,2,4.6225,0.0478,0.1825,0.3616,0.1122,0.4296,0.1412,BCC+FCC,1,13.9646,4.6225,0.0478,0.3924,0.0675,0.4296,0.271,BCC+FCC,1,2.9015,2,4.6225,64.88,0.0478,25.562,0.1825,0.3616,BCC+FCC
1,6.9445,14.95,0.0521,0.1876,0.1111,BCC+FCC,1,13.7759,0.0521,43.47,26.628,0.0726,0.0744,0.7639,0.4332,BCC+FCC,1,2,4.68,0.0521,0.1876,0.3638,0.1111,0.4332,0.1571,BCC+FCC,1,13.7759,4.68,0.0521,0.3972,0.0744,0.4332,0.2887,BCC+FCC,1,2.0817,2,4.68,68.41,0.0521,26.628,0.1876,0.3638,BCC+FCC
1,7.016,16.215,0.0491,0.1855,0.113,BCC+FCC,1,13.1708,0.0491,63.16,21.467,0.0669,0.0534,0.8285,0.438,BCC+FCC,1,1.9,4.5725,0.0491,0.1855,0.3625,0.113,0.438,0.1296,BCC+FCC,1,13.1708,4.5725,0.0491,0.3953,0.0534,0.438,0.2833,BCC+FCC,1,6.988,1.9,4.5725,55.79,0.0491,21.467,0.1855,0.3625,BCC+FCC
1,6.9755,15.255,0.0479,0.1794,0.1113,BCC+FCC,1,14.1821,0.0479,57.16,26.018,0.0701,0.0726,0.7996,0.4362,BCC+FCC,1,2.05,4.6725,0.0479,0.1794,0.3629,0.1113,0.4362,0.1518,BCC+FCC,1,14.1821,4.6725,0.0479,0.3878,0.0726,0.4362,0.297,BCC+FCC,1,2.2543,2.05,4.6725,64.62,0.0479,26.018,0.1794,0.3629,BCC+FCC
1,7.209,15.885,0.0494,0.1763,0.1157,BCC+FCC,1,13.0175,0.0494,69.15,24.713,0.0708,0.0752,0.9056,0.4447,BCC+FCC,1,2.1,4.7875,0.0494,0.1763,0.3657,0.1157,0.4447,0.1415,BCC+FCC,1,13.0175,4.7875,0.0494,0.3806,0.0752,0.4447,0.3158,BCC+FCC,1,1.6991,2.1,4.7875,59.03,0.0494,24.713,0.1763,0.3657,BCC+FCC
1,6.9305,15.05,0.0483,0.1777,0.109,BCC+FCC,1,14.3234,0.0483,79.9,27.56,0.0698,0.0668,0.7914,0.5062,BCC+FCC,1,2,4.65,0.0483,0.1777,0.3629,0.109,0.5062,0.1917,BCC+FCC,1,14.3234,4.65,0.0483,0.3869,0.0668,0.5062,0.4108,BCC+FCC,1,2.4873,2,4.65,59.85,0.0483,27.56,0.1777,0.3629,BCC+FCC
1,7.5995,13.93,0.0492,0.1908,0.112,BCC+FCC,1,13.8809,0.0492,70.32,25.069,0.0667,0.0484,0.7132,0.4802,BCC+FCC,1,1.65,4.6145,0.0492,0.1908,0.2554,0.112,0.4802,0.192,BCC+FCC,1,13.8809,4.6145,0.0492,0.3217,0.0484,0.4802,0.4246,BCC+FCC,1,42.5626,1.65,4.6145,59.83,0.0492,25.069,0.1908,0.2554,BCC+FCC
1,7.7165,14.59,0.0436,0.1756,0.1144,BCC+FCC,1,13.1708,0.0436,76.75,19.515,0.0614,0.051,0.6906,0.4267,BCC+FCC,1,1.75,4.6395,0.0436,0.1756,0.2533,0.1144,0.4267,0.1534,BCC+FCC,1,13.1708,4.6395,0.0436,0.3013,0.051,0.4267,0.3806,BCC+FCC,1,21.8526,1.75,4.6395,54.475,0.0436,19.515,0.1756,0.2533,BCC+FCC
1,7.2255,14.565,0.0496,0.1993,0.1149,BCC+FCC,1,13.6225,0.0496,84.42,19.065,0.0728,0.0606,0.6763,0.4803,BCC+FCC,1,1.95,4.6475,0.0496,0.1993,0.3172,0.1149,0.4803,0.1575,BCC+FCC,1,13.6225,4.6475,0.0496,0.3516,0.0606,0.4803,0.4341,BCC+FCC,1,2.1516,1.95,4.6475,49.97,0.0496,19.065,0.1993,0.3172,BCC+FCC
1,7.191,14.285,0.0527,0.2044,0.1148,BCC+FCC,1,13.9813,0.0527,86.3,21.54,0.0745,0.0606,0.6953,0.524,BCC+FCC,1,1.9,4.6475,0.0527,0.2044,0.3181,0.1148,0.524,0.1789,BCC+FCC,1,13.9813,4.6475,0.0527,0.3589,0.0606,0.524,0.4784,BCC+FCC,1,2.2106,1.9,4.6475,51.62,0.0527,21.54,0.2044,0.3181,BCC+FCC
1,7.01,14.9,0.0493,0.1946,0.1161,BCC+FCC,1,14.0696,0.0493,74.41,24.191,0.0702,0.0533,0.7487,0.4908,BCC+FCC,1,1.9,4.5775,0.0493,0.1946,0.3387,0.1161,0.4908,0.1737,BCC+FCC,1,14.0696,4.5775,0.0493,0.3784,0.0533,0.4908,0.3922,BCC+FCC,1,3.5848,1.9,4.5775,56.37,0.0493,24.191,0.1946,0.3387,BCC+FCC
1,6.693,15.1,0.0484,0.1878,0.115,BCC+FCC,1,13.7183,0.0484,80,25.066,0.0713,0.0588,0.7435,0.5149,BCC+FCC,1,2.05,4.5765,0.0484,0.1878,0.3738,0.115,0.5149,0.1787,BCC+FCC,1,13.7183,4.5765,0.0484,0.394,0.0588,0.5149,0.4107,BCC+FCC,1,2.0293,2.05,4.5765,55.12,0.0484,25.066,0.1878,0.3738,BCC+FCC
1,7.6225,13.445,0.0416,0.1686,0.1166,BCC+FCC,1,13.9646,0.0416,69.52,25.08,0.0604,0.0524,0.6174,0.4475,BCC+FCC,1,1.75,4.623,0.0416,0.1686,0.2383,0.1166,0.4475,0.195,BCC+FCC,1,13.9646,4.623,0.0416,0.2993,0.0524,0.4475,0.4206,BCC+FCC,1,30.4796,1.75,4.623,62.525,0.0416,25.08,0.1686,0.2383,BCC+FCC
1,7.1215,13.27,0.0449,0.174,0.1274,BCC+FCC,1,14.2397,0.0449,62.86,25.8255,0.064,0.0535,0.5948,0.4475,BCC+FCC,1,1.9,4.562,0.0449,0.174,0.2853,0.1274,0.4475,0.1917,BCC+FCC,1,14.2397,4.562,0.0449,0.3318,0.0535,0.4475,0.392,BCC+FCC,1,4.0174,1.9,4.562,63.805,0.0449,25.8255,0.174,0.2853,BCC+FCC
1,7.159,13.43,0.0471,0.176,0.1314,BCC+FCC,1,13.6225,0.0471,69.685,21.828,0.0663,0.0641,0.5571,0.4628,BCC+FCC,1,2,4.6195,0.0471,0.176,0.2929,0.1314,0.4628,0.1781,BCC+FCC,1,13.6225,4.6195,0.0471,0.33,0.0641,0.4628,0.4436,BCC+FCC,1,2.2902,2,4.6195,56.12,0.0471,21.828,0.176,0.2929,BCC+FCC
1,7.086,14.66,0.0454,0.1763,0.1251,BCC+FCC,1,13.9646,0.0454,75.57,23.5015,0.0655,0.0571,0.6869,0.468,BCC+FCC,1,1.95,4.5935,0.0454,0.1763,0.326,0.1251,0.468,0.1738,BCC+FCC,1,13.9646,4.5935,0.0454,0.3607,0.0571,0.468,0.3942,BCC+FCC,1,3.9149,1.95,4.5935,57.355,0.0454,23.5015,0.1763,0.326,BCC+FCC
1,7.036,14.295,0.0473,0.1744,0.1298,BCC+FCC,1,13.1634,0.0473,80.56,20.835,0.068,0.0661,0.6142,0.4915,BCC+FCC,1,2.05,4.6435,0.0473,0.1744,0.3314,0.1298,0.4915,0.1765,BCC+FCC,1,13.1634,4.6435,0.0473,0.3545,0.0661,0.4915,0.4609,BCC+FCC,1,1.9402,2.05,4.6435,53.03,0.0473,20.835,0.1744,0.3314,BCC+FCC
2,8.003,13.65,0.0225,0.1002,0.0949,FCC,2,11.0757,0.0225,77.845,22.24,0.0519,0.0606,0.5163,0.3783,FCC,2,1.95,4.6765,0.0225,0.1002,0.1669,0.0949,0.3783,0.1892,FCC,2,11.0757,4.6765,0.0225,0.1872,0.0606,0.3783,0.4319,FCC,2,9.376,1.95,4.6765,62.21,0.0225,22.24,0.1002,0.1669,FCC
1,7.726,15.01,0.0412,0.1526,0.1168,BCC+FCC,1,11.7524,0.0412,74.15,20.73,0.0598,0.0394,0.8784,0.3531,BCC+FCC,1,1.7,4.5355,0.0412,0.1526,0.229,0.1168,0.3531,0.1378,BCC+FCC,1,11.7524,4.5355,0.0412,0.2837,0.0394,0.3531,0.2704,BCC+FCC,1,3.6988,1.7,4.5355,63.72,0.0412,20.73,0.1526,0.229,BCC+FCC
1,7.6075,13.735,0.0404,0.1615,0.1124,BCC+FCC,1,14.0696,0.0404,83.6,26.715,0.0661,0.0532,0.7914,0.4365,BCC+FCC,1,1.7,4.588,0.0404,0.1615,0.2322,0.1124,0.4365,0.2156,BCC+FCC,1,14.0696,4.588,0.0404,0.294,0.0532,0.4365,0.4045,BCC+FCC,1,58.5529,1.7,4.588,67.635,0.0404,26.715,0.1615,0.2322,BCC+FCC
1,7.674,13.8,0.0478,0.1748,0.1146,BCC+FCC,1,13.7183,0.0478,94.7,28.934,0.0698,0.0558,0.8435,0.484,BCC+FCC,1,1.6,4.6205,0.0478,0.1748,0.236,0.1146,0.484,0.2336,BCC+FCC,1,13.7183,4.6205,0.0478,0.3093,0.0558,0.484,0.4565,BCC+FCC,1,40.8684,1.6,4.6205,65.52,0.0478,28.934,0.1748,0.236,BCC+FCC
1,7.513,13.525,0.0449,0.1679,0.1236,BCC+FCC,1,13.9934,0.0449,111.525,30.185,0.0736,0.0615,0.8415,0.4659,BCC+FCC,1,1.65,4.5855,0.0449,0.1679,0.2346,0.1236,0.4659,0.2558,BCC+FCC,1,13.9934,4.5855,0.0449,0.3026,0.0615,0.4659,0.4455,BCC+FCC,1,11.9493,1.65,4.5855,70.415,0.0449,30.185,0.1679,0.2346,BCC+FCC
1,7.2315,13.665,0.0484,0.1822,0.1123,BCC+FCC,1,14.0221,0.0484,83.61,30.575,0.0707,0.0513,0.9105,0.4715,BCC+FCC,1,1.65,4.552,0.0484,0.1822,0.2806,0.1123,0.4715,0.2341,BCC+FCC,1,14.0221,4.552,0.0484,0.3476,0.0513,0.4715,0.3992,BCC+FCC,1,18.6855,1.65,4.552,70.375,0.0484,30.575,0.1822,0.2806,BCC+FCC
1,7.215,15.25,0.0463,0.1716,0.1219,BCC+FCC,1,13.6225,0.0463,105.06,24.67,0.0723,0.065,0.8166,0.5156,BCC+FCC,1,1.9,4.6335,0.0463,0.1716,0.3249,0.1219,0.5156,0.2063,BCC+FCC,1,13.6225,4.6335,0.0463,0.3563,0.065,0.5156,0.4756,BCC+FCC,1,3.4054,1.9,4.6335,56.3,0.0463,24.67,0.1716,0.3249,BCC+FCC
1,6.6815,15.06,0.0454,0.1786,0.1173,BCC+FCC,1,13.9646,0.0454,81.96,28.74,0.0706,0.049,0.9695,0.4806,BCC+FCC,1,1.9,4.4975,0.0454,0.1786,0.3553,0.1173,0.4806,0.197,BCC+FCC,1,13.9646,4.4975,0.0454,0.3925,0.049,0.4806,0.3503,BCC+FCC,1,4.4496,1.9,4.4975,65.61,0.0454,28.74,0.1786,0.3553,BCC+FCC
1,6.817,15.685,0.0485,0.1852,0.1203,BCC+FCC,1,14.2109,0.0485,89.74,26.594,0.0728,0.0546,0.9817,0.4931,BCC+FCC,1,1.9,4.53,0.0485,0.1852,0.3599,0.1203,0.4931,0.1896,BCC+FCC,1,14.2109,4.53,0.0485,0.3987,0.0546,0.4931,0.3752,BCC+FCC,1,4.6923,1.9,4.53,60.195,0.0485,26.594,0.1852,0.3599,BCC+FCC
1,7.5595,14.35,0.0487,0.1804,0.0994,BCC+FCC,1,12.6995,0.0487,95.04,25.076,0.0716,0.0679,0.7376,0.4989,BCC+FCC,1,2,4.8285,0.0487,0.1804,0.3026,0.0994,0.4989,0.1794,BCC+FCC,1,12.6995,4.8285,0.0487,0.3298,0.0679,0.4989,0.468,BCC+FCC,1,1.5936,2,4.8285,56.32,0.0487,25.076,0.1804,0.3026,BCC+FCC
1,7.2645,14.935,0.0564,0.199,0.1149,BCC+FCC,1,13.4813,0.0564,63.86,26.7935,0.0767,0.0744,0.8867,0.4786,BCC+FCC,1,2,4.79,0.0564,0.199,0.3448,0.1149,0.4786,0.1691,BCC+FCC,1,13.4813,4.79,0.0564,0.3773,0.0744,0.4786,0.3784,BCC+FCC,1,1.494,2,4.79,60.385,0.0564,26.7935,0.199,0.3448,BCC+FCC
1,7.7355,13.425,0.0528,0.1864,0.1274,BCC+FCC,1,14.2397,0.0528,79.6,24.972,0.0685,0.0677,0.7081,0.4632,BCC+FCC,1,1.8,4.7605,0.0528,0.1864,0.2487,0.1274,0.4632,0.1905,BCC+FCC,1,14.2397,4.7605,0.0528,0.3154,0.0677,0.4632,0.4478,BCC+FCC,1,3.4529,1.8,4.7605,60.94,0.0528,24.972,0.1864,0.2487,BCC+FCC
1,7.6535,14.885,0.0503,0.1814,0.1312,BCC+FCC,1,13.7759,0.0503,84.385,20.485,0.0671,0.0649,0.8028,0.4668,BCC+FCC,1,1.8,4.742,0.0503,0.1814,0.289,0.1312,0.4668,0.1642,BCC+FCC,1,13.7759,4.742,0.0503,0.3361,0.0649,0.4668,0.417,BCC+FCC,1,4.0264,1.8,4.742,54.75,0.0503,20.485,0.1814,0.289,BCC+FCC
1,7.3335,14.745,0.0508,0.179,0.1187,BCC+FCC,1,13.0175,0.0508,90.12,24.537,0.0711,0.0727,0.7702,0.483,BCC+FCC,1,2.05,4.791,0.0508,0.179,0.3316,0.1187,0.483,0.1737,BCC+FCC,1,13.0175,4.791,0.0508,0.3586,0.0727,0.483,0.4291,BCC+FCC,1,1.6537,2.05,4.791,57.09,0.0508,24.537,0.179,0.3316,BCC+FCC
1,7.5815,16.03,0.0565,0.1883,0.1267,BCC+FCC,1,13.5221,0.0565,103.58,24.1455,0.0797,0.0649,1.2107,0.4596,BCC+FCC,1,1.6,4.602,0.0565,0.1883,0.2851,0.1267,0.4596,0.1874,BCC+FCC,1,13.5221,4.602,0.0565,0.3477,0.0649,0.4596,0.3751,BCC+FCC,1,11.1347,1.6,4.602,60.635,0.0565,24.1455,0.1883,0.2851,BCC+FCC
1,7.3815,14.255,0.0462,0.1652,0.1281,BCC+FCC,1,13.3763,0.0462,122.03,30.423,0.0776,0.0752,0.8274,0.5012,BCC+FCC,1,1.85,4.6745,0.0462,0.1652,0.2841,0.1281,0.5012,0.2505,BCC+FCC,1,13.3763,4.6745,0.0462,0.3228,0.0752,0.5012,0.4901,BCC+FCC,1,2.4235,1.85,4.6745,65.63,0.0462,30.423,0.1652,0.2841,BCC+FCC
1,7.3335,15.47,0.0549,0.1872,0.1277,BCC+FCC,1,14.2109,0.0549,83.62,26.8385,0.0773,0.0748,1.1092,0.4652,BCC+FCC,1,1.85,4.7035,0.0549,0.1872,0.3277,0.1277,0.4652,0.1857,BCC+FCC,1,14.2109,4.7035,0.0549,0.371,0.0748,0.4652,0.3726,BCC+FCC,1,2.7742,1.85,4.7035,63.235,0.0549,26.8385,0.1872,0.3277,BCC+FCC
1,7.4155,16.215,0.0523,0.1832,0.1275,BCC+FCC,1,13.6346,0.0523,103.45,20.44,0.0749,0.0677,1.0294,0.4785,BCC+FCC,1,1.8,4.671,0.0523,0.1832,0.327,0.1275,0.4785,0.173,BCC+FCC,1,13.6346,4.671,0.0523,0.366,0.0677,0.4785,0.4115,BCC+FCC,1,3.8429,1.8,4.671,53.8,0.0523,20.44,0.1832,0.327,BCC+FCC
1,6.992,14.365,0.0463,0.1741,0.1296,BCC+FCC,1,13.6346,0.0463,119.925,32.165,0.0773,0.0747,0.9483,0.5025,BCC+FCC,1,1.85,4.6135,0.0463,0.1741,0.3239,0.1296,0.5025,0.2534,BCC+FCC,1,13.6346,4.6135,0.0463,0.3606,0.0747,0.5025,0.4428,BCC+FCC,1,2.1677,1.85,4.6135,68.775,0.0463,32.165,0.1741,0.3239,BCC+FCC
1,7.59,13.565,0.0467,0.1881,0.0813,BCC+FCC,1,13.3763,0.0467,75.1,25.478,0.0724,0.0719,0.7004,0.4317,BCC+FCC,1,2.05,4.8135,0.0467,0.1881,0.2753,0.0813,0.4317,0.1671,BCC+FCC,1,13.3763,4.8135,0.0467,0.3068,0.0719,0.4317,0.384,BCC+FCC,1,1.4456,2.05,4.8135,62.42,0.0467,25.478,0.1881,0.2753,BCC+FCC
1,7.2345,13.875,0.0512,0.1939,0.0948,BCC+FCC,1,13.5221,0.0512,89.2,25.695,0.0759,0.0706,0.6693,0.524,BCC+FCC,1,2.05,4.7475,0.0512,0.1939,0.319,0.0948,0.524,0.1857,BCC+FCC,1,13.5221,4.7475,0.0512,0.3422,0.0706,0.524,0.4901,BCC+FCC,1,1.3341,2.05,4.7475,54.95,0.0512,25.695,0.1939,0.319,BCC+FCC
1,7.0075,14.195,0.047,0.1813,0.1,BCC+FCC,1,13.9646,0.047,65.54,26.422,0.072,0.0739,0.7219,0.4384,BCC+FCC,1,2.1,4.685,0.047,0.1813,0.3385,0.1,0.4384,0.1723,BCC+FCC,1,13.9646,4.685,0.047,0.3593,0.0739,0.4384,0.3412,BCC+FCC,1,1.5364,2.1,4.685,65.69,0.047,26.422,0.1813,0.3385,BCC+FCC
1,7.203,14.57,0.0514,0.1872,0.1017,BCC+FCC,1,13.0871,0.0514,84.27,27.321,0.075,0.0745,0.7925,0.4902,BCC+FCC,1,2.1,4.7925,0.0514,0.1872,0.3435,0.1017,0.4902,0.1806,BCC+FCC,1,13.0871,4.7925,0.0514,0.3639,0.0745,0.4902,0.4209,BCC+FCC,1,1.2873,2.1,4.7925,59.61,0.0514,27.321,0.1872,0.3435,BCC+FCC
1,6.7245,15.04,0.0449,0.1739,0.1075,BCC+FCC,1,13.1708,0.0449,77.9,25.636,0.0707,0.0691,0.7072,0.4745,BCC+FCC,1,2.2,4.6265,0.0449,0.1739,0.3734,0.1075,0.4745,0.1632,BCC+FCC,1,13.1708,4.6265,0.0449,0.3749,0.0691,0.4745,0.3684,BCC+FCC,1,1.3909,2.2,4.6265,57.06,0.0449,25.636,0.1739,0.3734,BCC+FCC
1,6.927,15.365,0.0509,0.1882,0.1102,BCC+FCC,1,13.1708,0.0509,87.08,25.142,0.0756,0.0766,0.8071,0.4878,BCC+FCC,1,2.2,4.749,0.0509,0.1882,0.3802,0.1102,0.4878,0.158,BCC+FCC,1,13.1708,4.749,0.0509,0.3898,0.0766,0.4878,0.3847,BCC+FCC,1,1.179,2.2,4.749,55.26,0.0509,25.142,0.1882,0.3802,BCC+FCC
1,6.721,15.065,0.044,0.1701,0.1071,BCC+FCC,1,12.6233,0.044,79.32,24.734,0.0699,0.0669,0.6798,0.4845,BCC+FCC,1,2.2,4.619,0.044,0.1701,0.3731,0.1071,0.4845,0.1657,BCC+FCC,1,12.6233,4.619,0.044,0.3701,0.0669,0.4845,0.3926,BCC+FCC,1,1.3638,2.2,4.619,54.92,0.044,24.734,0.1701,0.3731,BCC+FCC
1,6.51,15.755,0.0478,0.1795,0.1151,BCC+FCC,1,12.47,0.0478,89.92,22.22,0.0736,0.0706,0.7423,0.5109,BCC+FCC,1,2.25,4.633,0.0478,0.1795,0.4106,0.1151,0.5109,0.1598,BCC+FCC,1,12.47,4.633,0.0478,0.4043,0.0706,0.5109,0.4108,BCC+FCC,1,1.1589,2.25,4.633,50.25,0.0478,22.22,0.1795,0.4106,BCC+FCC
1,7.236,12.27,0.0459,0.1736,0.12,BCC+FCC,1,14.0984,0.0459,50.48,23.24,0.0648,0.0668,0.5001,0.3924,BCC+FCC,1,2,4.603,0.0459,0.1736,0.2482,0.12,0.3924,0.175,BCC+FCC,1,14.0984,4.603,0.0459,0.2984,0.0668,0.3924,0.3684,BCC+FCC,1,2.2253,2,4.603,65.2,0.0459,23.24,0.1736,0.2482,BCC+FCC
1,7.7175,13.095,0.0459,0.17,0.1011,BCC+FCC,1,13.5938,0.0459,71.66,24.037,0.0659,0.0728,0.6554,0.3929,BCC+FCC,1,2,4.8105,0.0459,0.17,0.2464,0.1011,0.3929,0.1759,BCC+FCC,1,13.5938,4.8105,0.0459,0.2936,0.0728,0.3929,0.3786,BCC+FCC,1,2.0118,2,4.8105,66.73,0.0459,24.037,0.17,0.2464,BCC+FCC
1,6.938,12.53,0.0449,0.1726,0.1244,BCC+FCC,1,13.7638,0.0449,49.62,22.6755,0.0654,0.0642,0.5247,0.3722,BCC+FCC,1,2,4.5595,0.0449,0.1726,0.2839,0.1244,0.3722,0.1639,BCC+FCC,1,13.7638,4.5595,0.0449,0.3273,0.0642,0.3722,0.2914,BCC+FCC,1,2.0767,2,4.5595,72.065,0.0449,22.6755,0.1726,0.2839,BCC+FCC
1,7.4675,13.455,0.0486,0.1747,0.102,BCC+FCC,1,13.3046,0.0486,58.95,24.208,0.0695,0.0754,0.7243,0.3901,BCC+FCC,1,2,4.792,0.0486,0.1747,0.2886,0.102,0.3901,0.1794,BCC+FCC,1,13.3046,4.792,0.0486,0.3287,0.0754,0.3901,0.3393,BCC+FCC,1,1.7828,2,4.792,71.54,0.0486,24.208,0.1747,0.2886,BCC+FCC
1,7.201,13.31,0.0422,0.1609,0.1131,BCC+FCC,1,13.9934,0.0422,62.57,24.75,0.0639,0.0672,0.5701,0.4226,BCC+FCC,1,2.05,4.637,0.0422,0.1609,0.2865,0.1131,0.4226,0.1803,BCC+FCC,1,13.9934,4.637,0.0422,0.3124,0.0672,0.4226,0.3834,BCC+FCC,1,2.1373,2.05,4.637,63.69,0.0422,24.75,0.1609,0.2865,BCC+FCC
1,7.4225,13.25,0.0491,0.1734,0.1019,BCC+FCC,1,13.4171,0.0491,79.34,28.78,0.0699,0.0718,0.7008,0.4661,BCC+FCC,1,1.95,4.7695,0.0491,0.1734,0.2892,0.1019,0.4661,0.2149,BCC+FCC,1,13.4171,4.7695,0.0491,0.328,0.0718,0.4661,0.4457,BCC+FCC,1,1.8682,1.95,4.7695,66.77,0.0491,28.78,0.1734,0.2892,BCC+FCC
1,7.243,14.325,0.0499,0.179,0.1119,BCC+FCC,1,13.1634,0.0499,61.2,25.03,0.0714,0.078,0.7762,0.4093,BCC+FCC,1,2.1,4.781,0.0499,0.179,0.3304,0.1119,0.4093,0.1605,BCC+FCC,1,13.1634,4.781,0.0499,0.3589,0.078,0.4093,0.3196,BCC+FCC,1,1.4965,2.1,4.781,67.275,0.0499,25.03,0.179,0.3304,BCC+FCC
1,7.2255,14.45,0.0457,0.1664,0.111,BCC+FCC,1,13.1634,0.0457,87.4,24.5575,0.0684,0.0717,0.6655,0.4875,BCC+FCC,1,2.1,4.7435,0.0457,0.1664,0.3295,0.111,0.4875,0.1807,BCC+FCC,1,13.1634,4.7435,0.0457,0.3449,0.0717,0.4875,0.4515,BCC+FCC,1,1.6433,2.1,4.7435,56.575,0.0457,24.5575,0.1664,0.3295,BCC+FCC
1,7.6425,13.47,0.0432,0.1537,0.12,BCC+FCC,1,13.6346,0.0432,115.48,27.664,0.0762,0.0772,0.8128,0.4309,BCC+FCC,1,1.85,4.718,0.0432,0.1537,0.2359,0.12,0.4309,0.2478,BCC+FCC,1,13.6346,4.718,0.0432,0.2804,0.0772,0.4309,0.445,BCC+FCC,1,2.5357,1.85,4.718,72.18,0.0432,27.664,0.1537,0.2359,BCC+FCC
1,7.0255,14.29,0.0414,0.1594,0.1134,BCC+FCC,1,13.4171,0.0414,72.98,21.3725,0.0714,0.0751,0.9272,0.3674,BCC+FCC,1,2.05,4.6235,0.0414,0.1594,0.3192,0.1134,0.3674,0.1597,BCC+FCC,1,13.4171,4.6235,0.0414,0.3419,0.0751,0.3674,0.2647,BCC+FCC,1,1.945,2.05,4.6235,74.185,0.0414,21.3725,0.1594,0.3192,BCC+FCC
1,6.9875,14.035,0.0423,0.1603,0.1125,BCC+FCC,1,14.0696,0.0423,78.16,24.457,0.0716,0.0731,0.9069,0.4012,BCC+FCC,1,2,4.616,0.0423,0.1603,0.3193,0.1125,0.4012,0.1907,BCC+FCC,1,14.0696,4.616,0.0423,0.343,0.0731,0.4012,0.3154,BCC+FCC,1,2.0728,2,4.616,73.695,0.0423,24.457,0.1603,0.3193,BCC+FCC
1,6.9285,13.32,0.0446,0.1688,0.1111,BCC+FCC,1,13.2638,0.0446,89.79,31.72,0.0731,0.0726,0.9199,0.4687,BCC+FCC,1,1.85,4.6335,0.0446,0.1688,0.3221,0.1111,0.4687,0.2512,BCC+FCC,1,13.2638,4.6335,0.0446,0.3533,0.0726,0.4687,0.4057,BCC+FCC,1,1.9021,1.85,4.6335,74.45,0.0446,31.72,0.1688,0.3221,BCC+FCC
1,7.3445,15.195,0.0434,0.157,0.1169,BCC+FCC,1,12.8046,0.0434,109.57,25.678,0.0733,0.0761,0.7906,0.4821,BCC+FCC,1,2.1,4.766,0.0434,0.157,0.3255,0.1169,0.4821,0.1934,BCC+FCC,1,12.8046,4.766,0.0434,0.3363,0.0761,0.4821,0.4592,BCC+FCC,1,1.6275,2.1,4.766,58.065,0.0434,25.678,0.157,0.3255,BCC+FCC
2,8.6615,10.925,0.0827,0.4313,0.2243,IM,2,14.0696,0.0827,59.85,32.9315,0.1384,0.0833,0.4687,0.5503,IM,2,1.85,4.488,0.0827,0.4313,0.3367,0.2243,0.5503,0.2219,IM,2,14.0696,4.488,0.0827,0.3306,0.0833,0.5503,0.4774,IM,2,1.5225,1.85,4.488,64.265,0.0827,32.9315,0.4313,0.3367,IM
3,7.915,11.31,0.0729,0.3753,0.1993,IM,3,14.0984,0.0729,60.24,31.096,0.124,0.0814,0.4795,0.5743,IM,3,1.9,4.523,0.0729,0.3753,0.3135,0.1993,0.5743,0.2298,IM,3,14.0984,4.523,0.0729,0.3333,0.0814,0.5743,0.5338,IM,3,1.2816,1.9,4.523,59.13,0.0729,31.096,0.3753,0.3135,IM
1,7.6845,13.845,0.049,0.1762,0.1337,BCC+FCC,1,12.6995,0.049,99.76,20.957,0.0739,0.0781,0.6928,0.413,BCC+FCC,1,2.05,4.7905,0.049,0.1762,0.2529,0.1337,0.413,0.1664,BCC+FCC,1,12.6995,4.7905,0.049,0.2996,0.0781,0.413,0.434,BCC+FCC,1,1.6166,2.05,4.7905,56.99,0.049,20.957,0.1762,0.2529,BCC+FCC
1,7.244,13.81,0.0465,0.1705,0.141,BCC+FCC,1,13.7759,0.0465,117.84,29.91,0.0781,0.0792,0.8414,0.4786,BCC+FCC,1,1.9,4.6645,0.0465,0.1705,0.2878,0.141,0.4786,0.2465,BCC+FCC,1,13.7759,4.6645,0.0465,0.327,0.0792,0.4786,0.4634,BCC+FCC,1,1.9077,1.9,4.6645,67.9,0.0465,29.91,0.1705,0.2878,BCC+FCC
2,9.3045,9.41,0.0965,0.5221,0.2272,IM,2,13.4171,0.0965,62.94,38.4425,0.1697,0.0918,0.4292,0.6406,IM,2,1.7,4.4955,0.0965,0.5221,0.311,0.2272,0.6406,0.2198,IM,2,13.4171,4.4955,0.0965,0.3383,0.0918,0.6406,0.5451,IM,2,1.5507,1.7,4.4955,63.525,0.0965,38.4425,0.5221,0.311,IM
3,9.2305,9.75,0.0926,0.5265,0.2372,IM,3,13.9646,0.0926,61.405,38.5015,0.1759,0.0896,0.4374,0.6303,IM,3,1.75,4.463,0.0926,0.5265,0.3376,0.2372,0.6303,0.1965,IM,3,13.9646,4.463,0.0926,0.3469,0.0896,0.6303,0.4816,IM,3,1.6357,1.75,4.463,64.755,0.0926,38.5015,0.5265,0.3376,IM
3,8.958,10.32,0.0943,0.4864,0.2412,IM,3,13.3763,0.0943,64.1,39.383,0.1666,0.0861,0.4068,0.6437,IM,3,1.75,4.5655,0.0943,0.4864,0.3106,0.2412,0.6437,0.1839,IM,3,13.3763,4.5655,0.0943,0.3424,0.0861,0.6437,0.4909,IM,3,1.5132,1.75,4.5655,64.81,0.0943,39.383,0.4864,0.3106,IM
1,8.2905,13.345,0.0344,0.1625,0.1508,FCC,1,13.0175,0.0344,64.7,21.532,0.0495,0.0603,0.5442,0.3541,FCC,1,1.9,4.764,0.0344,0.1625,0.1708,0.1508,0.3541,0.1416,FCC,1,13.0175,4.764,0.0344,0.2027,0.0603,0.3541,0.3035,FCC,1,26.7839,1.9,4.764,67.64,0.0344,21.532,0.1625,0.1708,FCC
3,8.2885,13.54,0.0343,0.164,0.1583,FCC,3,12.8287,0.0343,66.545,22.355,0.0492,0.0559,0.5259,0.3818,FCC,3,1.85,4.7315,0.0343,0.164,0.1707,0.1583,0.3818,0.1441,FCC,3,12.8287,4.7315,0.0343,0.206,0.0559,0.3818,0.3313,FCC,3,19.9607,1.85,4.7315,63.705,0.0343,22.355,0.164,0.1707,FCC
1,7.9985,14.765,0.0455,0.1868,0.1257,BCC+FCC,1,12.6995,0.0455,78.9,13.092,0.0638,0.0531,0.7513,0.3649,BCC+FCC,1,1.65,4.6895,0.0455,0.1868,0.2238,0.1257,0.3649,0.1159,BCC+FCC,1,12.6995,4.6895,0.0455,0.2773,0.0531,0.3649,0.3198,BCC+FCC,1,8.871,1.65,4.6895,49.195,0.0455,13.092,0.1868,0.2238,BCC+FCC
1,7.7305,14.335,0.0469,0.1884,0.1012,BCC+FCC,1,13.5938,0.0469,77.05,22.925,0.0705,0.0694,0.7621,0.416,BCC+FCC,1,2,4.8285,0.0469,0.1884,0.2749,0.1012,0.416,0.1349,BCC+FCC,1,13.5938,4.8285,0.0469,0.306,0.0694,0.416,0.3329,BCC+FCC,1,1.7065,2,4.8285,57.35,0.0469,22.925,0.1884,0.2749,BCC+FCC
1,7.672,14.31,0.0446,0.1853,0.1006,BCC+FCC,1,13.8401,0.0446,85.55,20.6405,0.0691,0.0671,0.6795,0.4253,BCC+FCC,1,2,4.781,0.0446,0.1853,0.2743,0.1006,0.4253,0.1361,BCC+FCC,1,13.8401,4.781,0.0446,0.3037,0.0671,0.4253,0.3706,BCC+FCC,1,1.9179,2,4.781,52.985,0.0446,20.6405,0.1853,0.2743,BCC+FCC
1,7.1765,14.375,0.0466,0.1976,0.1095,BCC+FCC,1,13.3763,0.0466,54.58,23.308,0.0722,0.0704,0.6527,0.3904,BCC+FCC,1,2.05,4.6525,0.0466,0.1976,0.3146,0.1095,0.3904,0.1227,BCC+FCC,1,13.3763,4.6525,0.0466,0.3487,0.0704,0.3904,0.2471,BCC+FCC,1,1.7416,2.05,4.6525,62.785,0.0466,23.308,0.1976,0.3146,BCC+FCC
1,7.0415,14.495,0.053,0.2126,0.1137,BCC+FCC,1,13.7759,0.053,80.61,19.514,0.0772,0.0649,0.6814,0.4552,BCC+FCC,1,2.05,4.639,0.053,0.2126,0.3324,0.1137,0.4552,0.1376,BCC+FCC,1,13.7759,4.639,0.053,0.3632,0.0649,0.4552,0.3767,BCC+FCC,1,1.5129,2.05,4.639,49.26,0.053,19.514,0.2126,0.3324,BCC+FCC
1,7.1345,15.145,0.0438,0.1826,0.1125,BCC+FCC,1,13.6346,0.0438,62.56,23.3725,0.0691,0.072,0.7368,0.3959,BCC+FCC,1,2.1,4.675,0.0438,0.1826,0.3391,0.1125,0.3959,0.1195,BCC+FCC,1,13.6346,4.675,0.0438,0.3606,0.072,0.3959,0.2463,BCC+FCC,1,1.8897,2.1,4.675,61.025,0.0438,23.3725,0.1826,0.3391,BCC+FCC
1,6.8135,15.735,0.0453,0.183,0.1172,BCC+FCC,1,13.1708,0.0453,80.925,20.8865,0.0701,0.0642,0.7374,0.4379,BCC+FCC,1,2.15,4.609,0.0453,0.183,0.3753,0.1172,0.4379,0.1336,BCC+FCC,1,13.1708,4.609,0.0453,0.3869,0.0642,0.4379,0.3228,BCC+FCC,1,1.7856,2.15,4.609,51.905,0.0453,20.8865,0.183,0.3753,BCC+FCC
3,8.339,13.905,0.0276,0.1235,0.0953,FCC,3,12.3696,0.0276,79.17,20.625,0.0453,0.0603,0.6711,0.3372,FCC,3,1.95,4.904,0.0276,0.1235,0.1737,0.0953,0.3372,0.1327,FCC,3,12.3696,4.904,0.0276,0.2079,0.0603,0.3372,0.3156,FCC,3,5.2467,1.95,4.904,62.235,0.0276,20.625,0.1235,0.1737,FCC
3,8.176,13.56,0.0275,0.1189,0.084,FCC,3,12.3408,0.0275,72.8,20.4845,0.044,0.0622,0.515,0.3515,FCC,3,2,4.8165,0.0275,0.1189,0.1749,0.084,0.3515,0.1451,FCC,3,12.3408,4.8165,0.0275,0.2042,0.0622,0.3515,0.3669,FCC,3,4.9511,2,4.8165,59.495,0.0275,20.4845,0.1189,0.1749,FCC
1,7.5555,13.715,0.0433,0.179,0.1361,BCC+FCC,1,14.3809,0.0433,60.78,19.419,0.0617,0.0663,0.5911,0.3352,BCC+FCC,1,1.95,4.643,0.0433,0.179,0.2479,0.1361,0.3352,0.119,BCC+FCC,1,14.3809,4.643,0.0433,0.3068,0.0663,0.3352,0.263,BCC+FCC,1,4.3068,1.95,4.643,60.49,0.0433,19.419,0.179,0.2479,BCC+FCC
1,7.5125,13.3,0.0487,0.1866,0.1264,BCC+FCC,1,14.0696,0.0487,62.74,19.7995,0.0665,0.0755,0.5916,0.3419,BCC+FCC,1,2.05,4.708,0.0487,0.1866,0.2551,0.1264,0.3419,0.1229,BCC+FCC,1,14.0696,4.708,0.0487,0.3131,0.0755,0.3419,0.2821,BCC+FCC,1,2.1075,2.05,4.708,60.445,0.0487,19.7995,0.1866,0.2551,BCC+FCC
4,7.8295,14.07,0.0356,0.1431,0.106,FCC,4,13.6346,0.0356,67.36,20.6775,0.0528,0.0681,0.6253,0.3357,FCC,4,2,4.7455,0.0356,0.1431,0.2354,0.106,0.3357,0.1299,FCC,4,13.6346,4.7455,0.0356,0.2658,0.0681,0.3357,0.2792,FCC,4,4.3386,2,4.7455,63.475,0.0356,20.6775,0.1431,0.2354,FCC
1,7.6035,13.815,0.0445,0.1791,0.1361,BCC+FCC,1,14.5697,0.0445,64.9,18.962,0.0621,0.0675,0.608,0.3444,BCC+FCC,1,1.95,4.668,0.0445,0.1791,0.249,0.1361,0.3444,0.1222,BCC+FCC,1,14.5697,4.668,0.0445,0.3062,0.0675,0.3444,0.2844,BCC+FCC,1,4.0069,1.95,4.668,58.435,0.0445,18.962,0.1791,0.249,BCC+FCC
1,7.643,13.795,0.0424,0.1721,0.128,BCC+FCC,1,13.8401,0.0424,70.21,16.903,0.0617,0.0678,0.5581,0.3568,BCC+FCC,1,2,4.703,0.0424,0.1721,0.2494,0.128,0.3568,0.1276,BCC+FCC,1,13.8401,4.703,0.0424,0.2966,0.0678,0.3568,0.3389,BCC+FCC,1,2.9894,2,4.703,53.895,0.0424,16.903,0.1721,0.2494,BCC+FCC
4,8.101,14.1,0.0262,0.1039,0.103,FCC,4,12.6995,0.0262,78.25,19.636,0.0498,0.0658,0.6573,0.3116,FCC,4,1.95,4.7065,0.0262,0.1039,0.1658,0.103,0.3116,0.1553,FCC,4,12.6995,4.7065,0.0262,0.1939,0.0658,0.3116,0.3247,FCC,4,28.0235,1.95,4.7065,65.27,0.0262,19.636,0.1039,0.1658,FCC
1,7.695,13.635,0.043,0.1919,0.1185,BCC+FCC,1,13.0871,0.043,68.16,17.511,0.0657,0.0556,0.5732,0.3891,BCC+FCC,1,1.85,4.642,0.043,0.1919,0.229,0.1185,0.3891,0.1361,BCC+FCC,1,13.0871,4.642,0.043,0.2866,0.0556,0.3891,0.366,BCC+FCC,1,4.4562,1.85,4.642,52.315,0.043,17.511,0.1919,0.229,BCC+FCC
1,7.69,13.49,0.0414,0.187,0.1107,BCC+FCC,1,12.8287,0.0414,68.705,17.718,0.0653,0.0579,0.537,0.3944,BCC+FCC,1,1.9,4.6595,0.0414,0.187,0.2287,0.1107,0.3944,0.1386,BCC+FCC,1,12.8287,4.6595,0.0414,0.2795,0.0579,0.3944,0.3839,BCC+FCC,1,3.3323,1.9,4.6595,51.97,0.0414,17.718,0.187,0.2287,BCC+FCC
1,7.9545,13.9,0.0265,0.121,0.1176,FCC,1,11.7524,0.0265,78.02,19.6075,0.0538,0.0608,0.5481,0.3387,FCC,1,1.95,4.649,0.0265,0.121,0.1748,0.1176,0.3387,0.1615,FCC,1,11.7524,4.649,0.0265,0.2098,0.0608,0.3387,0.3811,FCC,1,12.9883,1.95,4.649,59.325,0.0265,19.6075,0.121,0.1748,FCC
1,7.6825,15.375,0.0494,0.191,0.1421,BCC+FCC,1,13.5938,0.0494,126.53,20.296,0.0842,0.0796,0.8683,0.4216,BCC+FCC,1,2,4.7735,0.0494,0.191,0.2762,0.1421,0.4216,0.1597,BCC+FCC,1,13.5938,4.7735,0.0494,0.3111,0.0796,0.4216,0.4238,BCC+FCC,1,1.5495,2,4.7735,52.72,0.0494,20.296,0.191,0.2762,BCC+FCC
1,7.559,13.55,0.0439,0.1774,0.1013,BCC+FCC,1,13.4813,0.0439,71.995,20.956,0.067,0.0721,0.5727,0.3951,BCC+FCC,1,2.1,4.7545,0.0439,0.1774,0.2645,0.1013,0.3951,0.1394,BCC+FCC,1,13.4813,4.7545,0.0439,0.2967,0.0721,0.3951,0.362,BCC+FCC,1,1.6611,2.1,4.7545,56.155,0.0439,20.956,0.1774,0.2645,BCC+FCC
1,7.71,13.8,0.0473,0.1823,0.1003,BCC+FCC,1,12.3696,0.0473,85.28,20.081,0.0692,0.071,0.6331,0.4028,BCC+FCC,1,2.1,4.8445,0.0473,0.1823,0.2665,0.1003,0.4028,0.1299,BCC+FCC,1,12.3696,4.8445,0.0473,0.301,0.071,0.4028,0.3613,BCC+FCC,1,1.3879,2.1,4.8445,54.27,0.0473,20.081,0.1823,0.2665,BCC+FCC
1,7.027,13.835,0.0483,0.1945,0.1067,BCC+FCC,1,13.6225,0.0483,64.375,23.857,0.0731,0.0724,0.6306,0.4084,BCC+FCC,1,2.15,4.645,0.0483,0.1945,0.3165,0.1067,0.4084,0.1398,BCC+FCC,1,13.6225,4.645,0.0483,0.3431,0.0724,0.4084,0.3034,BCC+FCC,1,1.364,2.15,4.645,60.43,0.0483,23.857,0.1945,0.3165,BCC+FCC
1,7.0795,13.985,0.0546,0.2063,0.1162,BCC+FCC,1,13.9813,0.0546,78.95,19.083,0.077,0.0749,0.6365,0.4345,BCC+FCC,1,2.15,4.7025,0.0546,0.2063,0.3257,0.1162,0.4345,0.1314,BCC+FCC,1,13.9813,4.7025,0.0546,0.3557,0.0749,0.4345,0.3678,BCC+FCC,1,1.2383,2.15,4.7025,50.545,0.0546,19.083,0.2063,0.3257,BCC+FCC
1,7.1125,14.11,0.0477,0.188,0.1063,BCC+FCC,1,12.6995,0.0477,76.6,19.13,0.0725,0.0689,0.5723,0.4373,BCC+FCC,1,2.15,4.6725,0.0477,0.188,0.3192,0.1063,0.4373,0.1391,BCC+FCC,1,12.6995,4.6725,0.0477,0.3333,0.0689,0.4373,0.395,BCC+FCC,1,1.279,2.15,4.6725,49.9,0.0477,19.13,0.188,0.3192,BCC+FCC
1,7.5945,13.495,0.0461,0.1965,0.1006,BCC+FCC,1,13.4171,0.0461,83.85,23.746,0.0791,0.0774,0.7848,0.3981,BCC+FCC,1,2.05,4.7385,0.0461,0.1965,0.2458,0.1006,0.3981,0.1633,BCC+FCC,1,13.4171,4.7385,0.0461,0.2856,0.0774,0.3981,0.3647,BCC+FCC,1,1.4443,2.05,4.7385,62.27,0.0461,23.746,0.1965,0.2458,BCC+FCC
1,7.2325,13.935,0.0481,0.1995,0.1119,BCC+FCC,1,13.8809,0.0481,82.69,24.5465,0.0802,0.0759,0.7819,0.424,BCC+FCC,1,2.1,4.6625,0.0481,0.1995,0.2895,0.1119,0.424,0.163,BCC+FCC,1,13.8809,4.6625,0.0481,0.319,0.0759,0.424,0.3677,BCC+FCC,1,1.3623,2.1,4.6625,59.485,0.0481,24.5465,0.1995,0.2895,BCC+FCC
4,7.617,15.56,0.0324,0.1346,0.1966,FCC,4,13.6346,0.0324,144.33,17.5775,0.0849,0.0848,0.6511,0.2837,FCC,4,2.05,4.514,0.0324,0.1346,0.1821,0.1966,0.2837,0.1952,FCC,4,13.6346,4.514,0.0324,0.2235,0.0848,0.2837,0.351,FCC,4,2.92,2.05,4.514,66.625,0.0324,17.5775,0.1346,0.1821,FCC
4,7.6375,15.065,0.0318,0.1335,0.1844,FCC,4,13.6346,0.0318,133.445,17.7,0.0815,0.0818,0.6656,0.2847,FCC,4,2.05,4.534,0.0318,0.1335,0.1817,0.1844,0.2847,0.1876,FCC,4,13.6346,4.534,0.0318,0.2217,0.0818,0.2847,0.3446,FCC,4,3.0458,2.05,4.534,66.8,0.0318,17.7,0.1335,0.1817,FCC
2,7.9565,10.97,0.0804,0.3834,0.2674,IM,2,14.3234,0.0804,78.75,34.568,0.1203,0.0586,0.5306,0.5871,IM,2,1.7,4.581,0.0804,0.3834,0.2949,0.2674,0.5871,0.1432,IM,2,14.3234,4.581,0.0804,0.3179,0.0586,0.5871,0.3789,IM,2,1.9331,1.7,4.581,64.665,0.0804,34.568,0.3834,0.2949,IM
3,8.7035,10.05,0.0895,0.4688,0.2199,IM,3,14.2109,0.0895,59.78,36.2605,0.1613,0.0748,0.4213,0.6095,IM,3,1.8,4.4985,0.0895,0.4688,0.3313,0.2199,0.6095,0.1479,IM,3,14.2109,4.4985,0.0895,0.3274,0.0748,0.6095,0.38,IM,3,1.8445,1.8,4.4985,64.655,0.0895,36.2605,0.4688,0.3313,IM
3,8.8125,11.07,0.0965,0.4837,0.2313,IM,3,13.9934,0.0965,76.115,35.783,0.16,0.0892,0.5053,0.646,IM,3,1.85,4.611,0.0965,0.4837,0.3422,0.2313,0.646,0.1321,IM,3,13.9934,4.611,0.0965,0.3753,0.0892,0.646,0.3739,IM,3,1.3417,1.85,4.611,61.01,0.0965,35.783,0.4837,0.3422,IM
2,8.9945,10.64,0.0931,0.5075,0.2189,IM,2,14.6747,0.0931,66.08,31.3445,0.166,0.0974,0.4829,0.5778,IM,2,1.9,4.5455,0.0931,0.5075,0.337,0.2189,0.5778,0.1189,IM,2,14.6747,4.5455,0.0931,0.3834,0.0974,0.5778,0.3099,IM,2,1.4263,1.9,4.5455,61.565,0.0931,31.3445,0.5075,0.337,IM
4,7.8115,9.775,0.0845,0.4343,0.194,IM,4,14.3159,0.0845,60.96,31.978,0.1598,0.0875,0.4354,0.6086,IM,4,1.85,4.5765,0.0845,0.4343,0.2489,0.194,0.6086,0.1353,IM,4,14.3159,4.5765,0.0845,0.3619,0.0875,0.6086,0.3791,IM,4,1.3852,1.85,4.5765,60.66,0.0845,31.978,0.4343,0.2489,IM
3,7.4185,9.68,0.066,0.4,0.201,IM,3,13.7759,0.066,53.72,33.806,0.1588,0.0788,0.4859,0.5738,IM,3,1.85,4.498,0.066,0.4,0.3094,0.201,0.5738,0.1244,IM,3,13.7759,4.498,0.066,0.3677,0.0788,0.5738,0.3018,IM,3,1.6439,1.85,4.498,66.255,0.066,33.806,0.4,0.3094,IM
4,7.617,9.57,0.0671,0.398,0.2063,IM,4,13.7759,0.0671,61.395,36.5745,0.162,0.0727,0.4311,0.6158,IM,4,1.8,4.498,0.0671,0.398,0.3084,0.2063,0.6158,0.1305,IM,4,13.7759,4.498,0.0671,0.3387,0.0727,0.6158,0.341,IM,4,1.8563,1.8,4.498,65.665,0.0671,36.5745,0.398,0.3084,IM
3,7.637,10.565,0.0833,0.4286,0.2145,IM,3,14.4284,0.0833,66.94,31.629,0.1599,0.0858,0.4657,0.649,IM,3,1.9,4.568,0.0833,0.4286,0.29,0.2145,0.649,0.1331,IM,3,14.4284,4.568,0.0833,0.376,0.0858,0.649,0.3896,IM,3,1.2566,1.9,4.568,57.485,0.0833,31.629,0.4286,0.29,IM
3,8.9835,10.325,0.0905,0.5209,0.2482,IM,3,13.7759,0.0905,73.365,33.005,0.1634,0.0836,0.4811,0.6672,IM,3,1.7,4.5245,0.0905,0.5209,0.3176,0.2482,0.6672,0.1198,IM,3,13.7759,4.5245,0.0905,0.3525,0.0836,0.6672,0.3695,IM,3,1.5377,1.7,4.5245,57.69,0.0905,33.005,0.5209,0.3176,IM
4,8.8365,10.1,0.0831,0.5015,0.2157,IM,4,13.9646,0.0831,60.5,32.6225,0.1741,0.0862,0.4148,0.6568,IM,4,1.85,4.4695,0.0831,0.5015,0.3623,0.2157,0.6568,0.1165,IM,4,13.9646,4.4695,0.0831,0.3559,0.0862,0.6568,0.3374,IM,4,1.6584,1.85,4.4695,58.455,0.0831,32.6225,0.5015,0.3623,IM
2,7.246,9.945,0.0643,0.3849,0.207,IM,2,14.4284,0.0643,66.53,33.2625,0.1621,0.07,0.4698,0.6948,IM,2,1.85,4.4785,0.0643,0.3849,0.3349,0.207,0.6948,0.1269,IM,2,14.4284,4.4785,0.0643,0.3453,0.07,0.6948,0.3796,IM,2,1.7117,1.85,4.4785,57.175,0.0643,33.2625,0.3849,0.3349,IM
2,7.4665,10.515,0.0649,0.3817,0.235,IM,2,13.8401,0.0649,76.905,41.0655,0.1582,0.0654,0.5166,0.6741,IM,2,1.8,4.52,0.0649,0.3817,0.3695,0.235,0.6741,0.137,IM,2,13.8401,4.52,0.0649,0.3508,0.0654,0.6741,0.369,IM,2,1.7346,1.8,4.52,65.035,0.0649,41.0655,0.3817,0.3695,IM
2,8.8185,10.33,0.0849,0.4781,0.2301,IM,2,13.7759,0.0849,62.2,31.9,0.16,0.0838,0.404,0.6244,IM,2,1.8,4.523,0.0849,0.4781,0.3271,0.2301,0.6244,0.1167,IM,2,13.7759,4.523,0.0849,0.3435,0.0838,0.6244,0.339,IM,2,1.7144,1.8,4.523,59.9,0.0849,31.9,0.4781,0.3271,IM
3,8.629,9.68,0.0861,0.5382,0.2338,IM,3,14.3234,0.0861,67.45,33.86,0.18,0.0841,0.4555,0.7105,IM,3,1.7,4.4705,0.0861,0.5382,0.3067,0.2338,0.7105,0.1255,IM,3,14.3234,4.4705,0.0861,0.3559,0.0841,0.7105,0.3987,IM,3,1.4898,1.7,4.4705,55.98,0.0861,33.86,0.5382,0.3067,IM
1,7.818,12.825,0.0463,0.1782,0.0989,BCC+FCC,1,13.4171,0.0463,37.35,20.536,0.0635,0.062,0.49,0.3436,BCC+FCC,1,1.7,4.673,0.0463,0.1782,0.201,0.0989,0.3436,0.1594,BCC+FCC,1,13.4171,4.673,0.0463,0.2764,0.062,0.3436,0.2817,BCC+FCC,1,11.4649,1.7,4.673,74.51,0.0463,20.536,0.1782,0.201,BCC+FCC
1,7.6795,14.05,0.046,0.1756,0.1083,BCC+FCC,1,13.0871,0.046,40.55,20.986,0.0634,0.0673,0.5557,0.3469,BCC+FCC,1,1.85,4.6945,0.046,0.1756,0.2532,0.1083,0.3469,0.1206,BCC+FCC,1,13.0871,4.6945,0.046,0.2998,0.0673,0.3469,0.2312,BCC+FCC,1,4.3426,1.85,4.6945,68.68,0.046,20.986,0.1756,0.2532,BCC+FCC
1,7.476,13.69,0.0552,0.2099,0.1143,BCC+FCC,1,14.0984,0.0552,32.4,24.516,0.0748,0.0689,0.54,0.4083,BCC+FCC,1,1.8,4.686,0.0552,0.2099,0.2759,0.1143,0.4083,0.1538,BCC+FCC,1,14.0984,4.686,0.0552,0.3379,0.0689,0.4083,0.2989,BCC+FCC,1,2.6593,1.8,4.686,67.42,0.0552,24.516,0.2099,0.2759,BCC+FCC
1,7.3145,14.15,0.0429,0.1799,0.1042,BCC+FCC,1,12.8287,0.0429,44.6,21.141,0.0672,0.0708,0.5747,0.3547,BCC+FCC,1,2,4.6685,0.0429,0.1799,0.2974,0.1042,0.3547,0.1187,BCC+FCC,1,12.8287,4.6685,0.0429,0.3329,0.0708,0.3547,0.2198,BCC+FCC,1,2.2347,2,4.6685,69.485,0.0429,21.141,0.1799,0.2974,BCC+FCC
1,7.0055,14.835,0.0468,0.1915,0.1149,BCC+FCC,1,13.2638,0.0468,47.2,23.792,0.07,0.0649,0.6283,0.3996,BCC+FCC,1,2,4.6,0.0468,0.1915,0.3371,0.1149,0.3996,0.1212,BCC+FCC,1,13.2638,4.6,0.0468,0.3734,0.0649,0.3996,0.2326,BCC+FCC,1,2.432,2,4.6,64.99,0.0468,23.792,0.1915,0.3371,BCC+FCC
1,7.0725,14.535,0.0528,0.1987,0.1129,BCC+FCC,1,13.4813,0.0528,34.35,24.5535,0.0747,0.0754,0.6103,0.4063,BCC+FCC,1,2,4.69,0.0528,0.1987,0.341,0.1129,0.4063,0.1384,BCC+FCC,1,13.4813,4.69,0.0528,0.38,0.0754,0.4063,0.2579,BCC+FCC,1,1.7272,2,4.69,68.605,0.0528,24.5535,0.1987,0.341,BCC+FCC
1,7.8485,13.175,0.0486,0.1791,0.1356,BCC+FCC,1,13.4459,0.0486,43.32,20.838,0.0591,0.0549,0.4991,0.337,BCC+FCC,1,1.65,4.6115,0.0486,0.1791,0.1887,0.1356,0.337,0.1354,BCC+FCC,1,13.4459,4.6115,0.0486,0.2812,0.0549,0.337,0.2626,BCC+FCC,1,9.6786,1.65,4.6115,69.02,0.0486,20.838,0.1791,0.1887,BCC+FCC
1,7.172,13.27,0.0423,0.1704,0.1129,BCC+FCC,1,13.3046,0.0423,46.305,21.106,0.063,0.0579,0.5238,0.3537,BCC+FCC,1,1.9,4.5695,0.0423,0.1704,0.2796,0.1129,0.3537,0.1435,BCC+FCC,1,13.3046,4.5695,0.0423,0.3294,0.0579,0.3537,0.2468,BCC+FCC,1,4.1579,1.9,4.5695,73.86,0.0423,21.106,0.1704,0.2796,BCC+FCC
1,7.2425,15.135,0.0519,0.1877,0.1324,BCC+FCC,1,13.5221,0.0519,38.67,22.712,0.0688,0.0722,0.6375,0.3802,BCC+FCC,1,1.95,4.671,0.0519,0.1877,0.3291,0.1324,0.3802,0.1045,BCC+FCC,1,13.5221,4.671,0.0519,0.3699,0.0722,0.3802,0.2092,BCC+FCC,1,2.8683,1.95,4.671,64.78,0.0519,22.712,0.1877,0.3291,BCC+FCC
1,7.1005,14.195,0.048,0.1811,0.1176,BCC+FCC,1,13.0175,0.048,41.66,21.587,0.0695,0.0764,0.5972,0.3608,BCC+FCC,1,2.05,4.681,0.048,0.1811,0.3269,0.1176,0.3608,0.1219,BCC+FCC,1,13.0175,4.681,0.048,0.3639,0.0764,0.3608,0.2215,BCC+FCC,1,1.8507,2.05,4.681,71.645,0.048,21.587,0.1811,0.3269,BCC+FCC
1,7.57,13.56,0.0427,0.1678,0.1131,BCC+FCC,1,13.8809,0.0427,63.525,20.906,0.0675,0.0591,0.9195,0.3469,BCC+FCC,1,1.7,4.5855,0.0427,0.1678,0.2316,0.1131,0.3469,0.1647,BCC+FCC,1,13.8809,4.5855,0.0427,0.3016,0.0591,0.3469,0.2689,BCC+FCC,1,243.0849,1.7,4.5855,76.11,0.0427,20.906,0.1678,0.2316,BCC+FCC
1,7.757,14.525,0.0536,0.1786,0.1332,BCC+FCC,1,13.6346,0.0536,82.3,22.646,0.0787,0.0754,1.2233,0.3644,BCC+FCC,1,1.65,4.6705,0.0536,0.1786,0.237,0.1332,0.3644,0.1741,BCC+FCC,1,13.6346,4.6705,0.0536,0.3106,0.0754,0.3644,0.2901,BCC+FCC,1,7.7958,1.65,4.6705,74.48,0.0536,22.646,0.1786,0.237,BCC+FCC
1,7.6555,14.545,0.0516,0.1795,0.1279,BCC+FCC,1,14.2397,0.0516,86.625,23.792,0.076,0.0635,1.1418,0.381,BCC+FCC,1,1.6,4.5805,0.0516,0.1795,0.2352,0.1279,0.381,0.1778,BCC+FCC,1,14.2397,4.5805,0.0516,0.3147,0.0635,0.381,0.2973,BCC+FCC,1,30.2613,1.6,4.5805,72.515,0.0516,23.792,0.1795,0.2352,BCC+FCC
1,7.6665,13.66,0.0518,0.1764,0.1285,BCC+FCC,1,12.9171,0.0518,81.25,17.958,0.0798,0.0813,1.1744,0.3167,BCC+FCC,1,1.75,4.713,0.0518,0.1764,0.2373,0.1285,0.3167,0.1733,BCC+FCC,1,12.9171,4.713,0.0518,0.3087,0.0813,0.3167,0.2638,BCC+FCC,1,3.0913,1.75,4.713,81.43,0.0518,17.958,0.1764,0.2373,BCC+FCC
1,7.565,13.68,0.0482,0.1753,0.1274,BCC+FCC,1,14.3234,0.0482,84.875,19.9955,0.0767,0.0733,1.0968,0.3374,BCC+FCC,1,1.7,4.623,0.0482,0.1753,0.2347,0.1274,0.3374,0.1779,BCC+FCC,1,14.3234,4.623,0.0482,0.3101,0.0733,0.3374,0.2713,BCC+FCC,1,6.6074,1.7,4.623,79.465,0.0482,19.9955,0.1753,0.2347,BCC+FCC
1,7.6415,13.77,0.0529,0.1845,0.1153,BCC+FCC,1,13.7759,0.0529,56.5,25.252,0.0716,0.0587,1.0412,0.3914,BCC+FCC,1,1.55,4.6005,0.0529,0.1845,0.2359,0.1153,0.3914,0.1852,BCC+FCC,1,13.7759,4.6005,0.0529,0.3206,0.0587,0.3914,0.3061,BCC+FCC,1,16.43,1.55,4.6005,74.34,0.0529,25.252,0.1845,0.2359,BCC+FCC
1,7.4995,12.83,0.0476,0.1769,0.1099,BCC+FCC,1,13.8809,0.0476,58,20.893,0.071,0.0645,0.9546,0.3432,BCC+FCC,1,1.65,4.6105,0.0476,0.1769,0.2337,0.1099,0.3432,0.1844,BCC+FCC,1,13.8809,4.6105,0.0476,0.313,0.0645,0.3432,0.2759,BCC+FCC,1,9.8324,1.65,4.6105,81.205,0.0476,20.893,0.1769,0.2337,BCC+FCC
1,7.1645,15.155,0.0505,0.1794,0.1358,BCC+FCC,1,13.1634,0.0505,86,20.895,0.0816,0.086,1.2273,0.3606,BCC+FCC,1,2,4.6835,0.0505,0.1794,0.325,0.1358,0.3606,0.1487,BCC+FCC,1,13.1634,4.6835,0.0505,0.3639,0.086,0.3606,0.2456,BCC+FCC,1,1.7099,2,4.6835,74.61,0.0505,20.895,0.1794,0.325,BCC+FCC
1,7.052,14.74,0.0507,0.1889,0.1194,BCC+FCC,1,14.3159,0.0507,62.125,26.104,0.0738,0.0626,1.0768,0.4202,BCC+FCC,1,1.8,4.5635,0.0507,0.1889,0.3224,0.1194,0.4202,0.169,BCC+FCC,1,14.3159,4.5635,0.0507,0.3784,0.0626,0.4202,0.2864,BCC+FCC,1,5.3575,1.8,4.5635,70.88,0.0507,26.104,0.1889,0.3224,BCC+FCC
1,7.538,13.405,0.0437,0.184,0.1296,BCC+FCC,1,13.0175,0.0437,81.925,22.6725,0.0731,0.0353,0.9425,0.3733,BCC+FCC,1,1.6,4.478,0.0437,0.184,0.1963,0.1296,0.3733,0.191,BCC+FCC,1,13.0175,4.478,0.0437,0.2912,0.0353,0.3733,0.3088,BCC+FCC,1,7.2001,1.6,4.478,73.675,0.0437,22.6725,0.184,0.1963,BCC+FCC
1,4.988,18.125,0.0283,0.1464,0.2173,BCC+FCC,1,12.6995,0.0283,166.95,24.0615,0.0401,0.0269,1.1898,0.5475,BCC+FCC,1,2.35,4.2665,0.0283,0.1464,0.4233,0.2173,0.5475,0.1893,BCC+FCC,1,12.6995,4.2665,0.0283,0.3759,0.0269,0.5475,0.3692,BCC+FCC,1,0.9126,2.35,4.2665,49.465,0.0283,24.0615,0.1464,0.4233,BCC+FCC
1,7.623,13.815,0.0454,0.1792,0.1104,BCC+FCC,1,12.3696,0.0454,42.815,18.804,0.065,0.0745,0.5384,0.3092,BCC+FCC,1,2,4.7345,0.0454,0.1792,0.2584,0.1104,0.3092,0.0939,BCC+FCC,1,12.3696,4.7345,0.0454,0.3015,0.0745,0.3092,0.1769,BCC+FCC,1,2.1273,2,4.7345,69.04,0.0454,18.804,0.1792,0.2584,BCC+FCC
1,7.5215,13.835,0.0425,0.1797,0.1171,BCC+FCC,1,12.6995,0.0425,48.33,19.6025,0.0632,0.0669,0.5294,0.3201,BCC+FCC,1,1.95,4.6445,0.0425,0.1797,0.2562,0.1171,0.3201,0.0985,BCC+FCC,1,12.6995,4.6445,0.0425,0.3047,0.0669,0.3201,0.188,BCC+FCC,1,3.2814,1.95,4.6445,67.075,0.0425,19.6025,0.1797,0.2562,BCC+FCC
1,7.523,14.575,0.0497,0.1962,0.1286,BCC+FCC,1,13.3763,0.0497,64.85,21.328,0.0773,0.077,1.0129,0.3538,BCC+FCC,1,1.95,4.691,0.0497,0.1962,0.2739,0.1286,0.3538,0.1219,BCC+FCC,1,13.3763,4.691,0.0497,0.3194,0.077,0.3538,0.2359,BCC+FCC,1,2.0063,1.95,4.691,65.74,0.0497,21.328,0.1962,0.2739,BCC+FCC
1,7.463,13.495,0.0421,0.1839,0.1323,BCC+FCC,1,12.3696,0.0421,76.7,16.088,0.079,0.08,0.8854,0.2896,BCC+FCC,1,2.05,4.617,0.0421,0.1839,0.2242,0.1323,0.2896,0.1349,BCC+FCC,1,12.3696,4.617,0.0421,0.2758,0.08,0.2896,0.2369,BCC+FCC,1,1.6547,2.05,4.617,71.645,0.0421,16.088,0.1839,0.2242,BCC+FCC
1,8.719,12.97,0.0333,0.1585,0.1491,FCC,1,13.2283,0.0333,78.4,23.049,0.0443,0.0531,0.6033,0.374,FCC,1,1.75,4.8725,0.0333,0.1585,0.0687,0.1491,0.374,0.1622,FCC,1,13.2283,4.8725,0.0333,0.1517,0.0531,0.374,0.3678,FCC,1,12.2397,1.75,4.8725,68.31,0.0333,23.049,0.1585,0.0687,FCC
3,8.2815,12.975,0.0326,0.1395,0.081,FCC,3,13.4171,0.0326,66.625,21.9375,0.0486,0.0591,0.5682,0.3617,FCC,3,1.8,4.769,0.0326,0.1395,0.1234,0.081,0.3617,0.1669,FCC,3,13.4171,4.769,0.0326,0.1888,0.0591,0.3617,0.3713,FCC,3,25.6147,1.8,4.769,65.175,0.0326,21.9375,0.1395,0.1234,FCC
4,8.479,12.515,0.0335,0.1665,0.1657,FCC,4,12.6233,0.0335,64.02,20.932,0.0431,0.0616,0.5189,0.3333,FCC,4,1.85,4.81,0.0335,0.1665,0.0632,0.1657,0.3333,0.1717,FCC,4,12.6233,4.81,0.0335,0.1589,0.0616,0.3333,0.3804,FCC,4,6.4317,1.85,4.81,67.515,0.0335,20.932,0.1665,0.0632,FCC
3,8.496,12.31,0.0378,0.1753,0.1662,FCC,3,13.0871,0.0378,70.9,22.32,0.0493,0.0611,0.5666,0.3556,FCC,3,1.8,4.8425,0.0378,0.1753,0.069,0.1662,0.3556,0.1887,FCC,3,13.0871,4.8425,0.0378,0.1747,0.0611,0.3556,0.4095,FCC,3,5.5521,1.8,4.8425,69.25,0.0378,22.32,0.1753,0.069,FCC
4,8.731,13.11,0.0311,0.1662,0.172,FCC,4,11.7524,0.0311,86.945,22.1615,0.0435,0.0517,0.6237,0.3771,FCC,4,1.8,4.9325,0.0311,0.1662,0.0481,0.172,0.3771,0.1624,FCC,4,11.7524,4.9325,0.0311,0.1556,0.0517,0.3771,0.4203,FCC,4,7.0974,1.8,4.9325,61.865,0.0311,22.1615,0.1662,0.0481,FCC
4,8.2835,12.475,0.0356,0.1358,0.0933,FCC,4,13.7759,0.0356,57.25,19.345,0.047,0.0617,0.5477,0.3105,FCC,4,1.75,4.75,0.0356,0.1358,0.0944,0.0933,0.3105,0.1672,FCC,4,13.7759,4.75,0.0356,0.1908,0.0617,0.3105,0.3246,FCC,4,27.4314,1.75,4.75,72.35,0.0356,19.345,0.1358,0.0944,FCC
4,8.232,12.4,0.0347,0.1352,0.0929,FCC,4,13.6225,0.0347,55.3,19.2855,0.0463,0.06,0.5206,0.3103,FCC,4,1.75,4.7175,0.0347,0.1352,0.0939,0.0929,0.3103,0.1683,FCC,4,13.6225,4.7175,0.0347,0.1909,0.06,0.3103,0.3244,FCC,4,17.3395,1.75,4.7175,72.265,0.0347,19.2855,0.1352,0.0939,FCC
3,8.517,13.105,0.029,0.1206,0.0934,FCC,3,13.1587,0.029,70.805,20.704,0.0416,0.059,0.6253,0.3302,FCC,3,1.8,4.865,0.029,0.1206,0.0865,0.0934,0.3302,0.156,FCC,3,13.1587,4.865,0.029,0.1667,0.059,0.3302,0.3476,FCC,3,464.6947,1.8,4.865,66.76,0.029,20.704,0.1206,0.0865,FCC
3,8.467,13.2,0.0302,0.1242,0.1021,FCC,3,13.6058,0.0302,69.55,20.77,0.0412,0.0589,0.6049,0.3395,FCC,3,1.75,4.8075,0.0302,0.1242,0.0879,0.1021,0.3395,0.1559,FCC,3,13.6058,4.8075,0.0302,0.1734,0.0589,0.3395,0.3528,FCC,3,13.0464,1.75,4.8075,64.88,0.0302,20.77,0.1242,0.0879,FCC
1,8.4465,12.375,0.0364,0.1416,0.0842,FCC,1,12.6995,0.0364,69.99,22.834,0.0535,0.0591,0.65,0.3577,FCC,1,1.75,4.89,0.0364,0.1416,0.0971,0.0842,0.3577,0.1944,FCC,1,12.6995,4.89,0.0364,0.1943,0.0591,0.3577,0.4005,FCC,1,9.5213,1.75,4.89,71.855,0.0364,22.834,0.1416,0.0971,FCC
3,8.6165,13.28,0.0271,0.117,0.0935,FCC,3,12.152,0.0271,78.14,21.37,0.0413,0.0541,0.6648,0.3481,FCC,3,1.8,4.9225,0.0271,0.117,0.0825,0.0935,0.3481,0.1558,FCC,3,12.152,4.9225,0.0271,0.1599,0.0541,0.3481,0.3684,FCC,3,46.4995,1.8,4.9225,64.79,0.0271,21.37,0.117,0.0825,FCC
4,8.0825,15.38,0.0317,0.118,0.1685,FCC,4,13.0871,0.0317,164.195,9.5895,0.0848,0.0836,0.795,0.2011,FCC,4,1.85,4.55,0.0317,0.118,0.0786,0.1685,0.2011,0.1592,FCC,4,13.0871,4.55,0.0317,0.1747,0.0836,0.2011,0.2424,FCC,4,118.9401,1.85,4.55,76.965,0.0317,9.5895,0.118,0.0786,FCC
3,8.3255,13.23,0.0252,0.0959,0.0935,FCC,3,12.6995,0.0252,76,19.0145,0.0466,0.0632,0.6186,0.3056,FCC,3,1.85,4.7175,0.0252,0.0959,0.0696,0.0935,0.3056,0.1767,FCC,3,12.6995,4.7175,0.0252,0.1412,0.0632,0.3056,0.3534,FCC,3,13.8218,1.85,4.7175,69.535,0.0252,19.0145,0.0959,0.0696,FCC
3,8.241,13.045,0.028,0.1114,0.0988,FCC,3,12.6995,0.028,75.7,21.054,0.0504,0.0565,0.615,0.3411,FCC,3,1.75,4.66,0.028,0.1114,0.0746,0.0988,0.3411,0.1943,FCC,3,12.6995,4.66,0.028,0.1632,0.0565,0.3411,0.3831,FCC,3,6.26,1.75,4.66,69.305,0.028,21.054,0.1114,0.0746,FCC
1,8.152,12.35,0.0259,0.1098,0.0847,FCC,1,12.6995,0.0259,74.05,19.746,0.0538,0.0614,0.5888,0.3277,FCC,1,1.8,4.6775,0.0259,0.1098,0.0774,0.0847,0.3277,0.2108,FCC,1,12.6995,4.6775,0.0259,0.1575,0.0614,0.3277,0.3833,FCC,1,57.3412,1.8,4.6775,74.46,0.0259,19.746,0.1098,0.0774,FCC
4,10.097,10.31,0.1078,0.5117,0.2708,IM,4,13.7759,0.1078,59.845,31.5025,0.1622,0.0905,0.4213,0.5982,IM,4,1.75,4.5175,0.1078,0.5117,0.305,0.2708,0.5982,0.204,IM,4,13.7759,4.5175,0.1078,0.3216,0.0905,0.5982,0.506,IM,4,2.152,1.75,4.5175,61.425,0.1078,31.5025,0.5117,0.305,IM
2,8.2535,9.505,0.0972,0.4587,0.2649,IM,2,13.6346,0.0972,60.45,36.073,0.1639,0.0786,0.4591,0.6942,IM,2,1.7,4.5075,0.0972,0.4587,0.332,0.2649,0.6942,0.2353,IM,2,13.6346,4.5075,0.0972,0.3463,0.0786,0.6942,0.6065,IM,2,1.6065,1.7,4.5075,59.61,0.0972,36.073,0.4587,0.332,IM
3,8.307,13.125,0.0325,0.1714,0.1999,FCC,3,12.152,0.0325,77.97,20.955,0.0533,0.0562,0.5795,0.3503,FCC,3,1.75,4.6425,0.0325,0.1714,0.068,0.1999,0.3503,0.1828,FCC,3,12.152,4.6425,0.0325,0.1734,0.0562,0.3503,0.4062,FCC,3,17.2885,1.75,4.6425,63.495,0.0325,20.955,0.1714,0.068,FCC
1,7.91,13.74,0.0325,0.1416,0.1457,FCC,1,13.8809,0.0325,130.335,15.696,0.0807,0.0816,0.7595,0.2958,FCC,1,1.9,4.6165,0.0325,0.1416,0.1265,0.1457,0.2958,0.2063,FCC,1,13.8809,4.6165,0.0325,0.1927,0.0816,0.2958,0.3403,FCC,1,3.7634,1.9,4.6165,75.365,0.0325,15.696,0.1416,0.1265,FCC
2,8.4185,10.07,0.082,0.3778,0.2444,IM,2,13.4171,0.082,59.845,33.52,0.1435,0.0778,0.3906,0.5842,IM,2,1.85,4.595,0.082,0.3778,0.3173,0.2444,0.5842,0.2265,IM,2,13.4171,4.595,0.082,0.2729,0.0778,0.5842,0.5365,IM,2,1.5284,1.85,4.595,65.6,0.082,33.52,0.3778,0.3173,IM
1,8.537,12.445,0.0388,0.1803,0.1565,FCC,1,11.7524,0.0388,78.8,22.285,0.0514,0.0597,0.5485,0.3668,FCC,1,1.9,4.9075,0.0388,0.1803,0.0838,0.1565,0.3668,0.1677,FCC,1,11.7524,4.9075,0.0388,0.1784,0.0597,0.3668,0.4227,FCC,1,2.8014,1.9,4.9075,63.705,0.0388,22.285,0.1803,0.0838,FCC
1,7.9395,13.835,0.0355,0.1382,0.1685,FCC,1,13.9646,0.0355,148.63,12.178,0.0834,0.0875,0.7916,0.2442,FCC,1,1.85,4.6025,0.0355,0.1382,0.0993,0.1685,0.2442,0.1973,FCC,1,13.9646,4.6025,0.0355,0.1957,0.0875,0.2442,0.2937,FCC,1,4.5916,1.85,4.6025,80.31,0.0355,12.178,0.1382,0.0993,FCC
4,7.437,14.98,0.0328,0.1537,0.2414,FCC,4,12.6995,0.0328,163.24,17.146,0.0808,0.0795,0.5838,0.2854,FCC,4,1.95,4.3975,0.0328,0.1537,0.1247,0.2414,0.2854,0.2181,FCC,4,12.6995,4.3975,0.0328,0.2119,0.0795,0.2854,0.3688,FCC,4,3.8776,1.95,4.3975,67.77,0.0328,17.146,0.1537,0.1247,FCC
1,7.989,13.825,0.034,0.1401,0.165,FCC,1,13.9646,0.034,128.69,14.675,0.0795,0.0863,0.7435,0.2535,FCC,1,1.95,4.6375,0.034,0.1401,0.109,0.165,0.2535,0.1838,FCC,1,13.9646,4.6375,0.034,0.1943,0.0863,0.2535,0.3195,FCC,1,3.8767,1.95,4.6375,73.55,0.034,14.675,0.1401,0.109,FCC
4,7.699,14.66,0.0286,0.1262,0.1961,FCC,4,12.3408,0.0286,167.28,18.6755,0.0815,0.0826,0.6201,0.3259,FCC,4,1.75,4.4625,0.0286,0.1262,0.096,0.1961,0.3259,0.2629,FCC,4,12.3408,4.4625,0.0286,0.1792,0.0826,0.3259,0.3614,FCC,4,6.0509,1.75,4.4625,78.635,0.0286,18.6755,0.1262,0.096,FCC
1,7.929,13.91,0.0323,0.1265,0.1677,FCC,1,13.9646,0.0323,131.2,19.144,0.081,0.0818,0.6505,0.3262,FCC,1,1.85,4.58,0.0323,0.1265,0.0979,0.1677,0.3262,0.2377,FCC,1,13.9646,4.58,0.0323,0.1773,0.0818,0.3262,0.3955,FCC,1,5.4797,1.85,4.58,73.89,0.0323,19.144,0.1265,0.0979,FCC
4,8.9595,9.26,0.0911,0.5082,0.1997,IM,4,14.0696,0.0911,60.685,35.7655,0.1709,0.084,0.4111,0.6667,IM,4,1.75,4.491,0.0911,0.5082,0.3218,0.1997,0.6667,0.1635,IM,4,14.0696,4.491,0.0911,0.3343,0.084,0.6667,0.4739,IM,4,1.8125,1.75,4.491,59.235,0.0911,35.7655,0.5082,0.3218,IM
3,8.7545,9.77,0.0913,0.4424,0.2038,IM,3,14.3809,0.0913,61.635,34.668,0.1497,0.08,0.4029,0.6073,IM,3,1.75,4.5495,0.0913,0.4424,0.2907,0.2038,0.6073,0.1913,IM,3,14.3809,4.5495,0.0913,0.3083,0.08,0.6073,0.5074,IM,3,1.8569,1.75,4.5495,62.24,0.0913,34.668,0.4424,0.2907,IM
2,8.8195,10.005,0.0872,0.4174,0.1998,IM,2,13.9813,0.0872,61.55,33.432,0.1399,0.0815,0.3905,0.581,IM,2,1.75,4.578,0.0872,0.4174,0.2678,0.1998,0.581,0.2107,IM,2,13.9813,4.578,0.0872,0.293,0.0815,0.581,0.5367,IM,2,1.8126,1.75,4.578,62.635,0.0872,33.432,0.4174,0.2678,IM
2,8.885,10.25,0.0962,0.4474,0.1999,IM,2,13.3046,0.0962,62.235,30.972,0.1493,0.0842,0.3743,0.6354,IM,2,1.8,4.5995,0.0962,0.4474,0.2825,0.1999,0.6354,0.1596,IM,2,13.3046,4.5995,0.0962,0.314,0.0842,0.6354,0.4965,IM,2,1.523,1.8,4.5995,56.48,0.0962,30.972,0.4474,0.2825,IM
1,7.5935,12.895,0.0449,0.1876,0.1252,BCC+FCC,1,12.6995,0.0449,93.15,22.96,0.0804,0.0707,0.5731,0.4519,BCC+FCC,1,1.95,4.6245,0.0449,0.1876,0.1951,0.1252,0.4519,0.1986,BCC+FCC,1,12.6995,4.6245,0.0449,0.2419,0.0707,0.4519,0.5148,BCC+FCC,1,1.9099,1.95,4.6245,56.05,0.0449,22.96,0.1876,0.1951,BCC+FCC
2,10.252,9.86,0.1021,0.5002,0.2755,IM,2,13.3809,0.1021,59.5,33.214,0.1678,0.0909,0.3187,0.6482,IM,2,1.9,4.565,0.1021,0.5002,0.3679,0.2755,0.6482,0.1844,IM,2,13.3809,4.565,0.1021,0.2931,0.0909,0.6482,0.5102,IM,2,1.7977,1.9,4.565,62.31,0.1021,33.214,0.5002,0.3679,IM
2,9.624,10.235,0.0832,0.4004,0.2774,IM,2,13.5221,0.0832,62.25,32.585,0.1418,0.0778,0.3322,0.5941,IM,2,1.9,4.615,0.0832,0.4004,0.3895,0.2774,0.5941,0.1889,IM,2,13.5221,4.615,0.0832,0.2589,0.0778,0.5941,0.49,IM,2,2.3823,1.9,4.615,65.95,0.0832,32.585,0.4004,0.3895,IM
3,9.57,9.425,0.1084,0.5472,0.203,IM,3,14.3234,0.1084,66.525,35.178,0.1724,0.1015,0.4575,0.6113,IM,3,1.75,4.5705,0.1084,0.5472,0.2733,0.203,0.6113,0.1823,IM,3,14.3234,4.5705,0.1084,0.3567,0.1015,0.6113,0.4857,IM,3,1.4377,1.75,4.5705,62.24,0.1084,35.178,0.5472,0.2733,IM
3,7.8195,9.735,0.0667,0.3509,0.1466,IM,3,14.3234,0.0667,63.7,31.2215,0.1083,0.0834,0.5284,0.569,IM,3,1.75,4.5745,0.0667,0.3509,0.3012,0.1466,0.569,0.2355,IM,3,14.3234,4.5745,0.0667,0.3353,0.0834,0.569,0.5585,IM,3,1.6582,1.75,4.5745,60.955,0.0667,31.2215,0.3509,0.3012,IM
2,10.191,8.71,0.0982,0.5788,0.2351,IM,2,14.0984,0.0982,62.3,35.472,0.1739,0.0882,0.3894,0.6196,IM,2,1.7,4.508,0.0982,0.5788,0.3226,0.2351,0.6196,0.1781,IM,2,14.0984,4.508,0.0982,0.321,0.0882,0.6196,0.4973,IM,2,1.9729,1.7,4.508,63.41,0.0982,35.472,0.5788,0.3226,IM
3,8.223,12.935,0.0327,0.146,0.0849,FCC,3,13.0871,0.0327,63.06,20.58,0.0501,0.0624,0.5216,0.3434,FCC,3,1.9,4.7765,0.0327,0.146,0.1337,0.0849,0.3434,0.1464,FCC,3,13.0871,4.7765,0.0327,0.1944,0.0624,0.3434,0.3517,FCC,3,6.0898,1.9,4.7765,61.6,0.0327,20.58,0.146,0.1337,FCC
3,8.1745,13.2,0.0339,0.1511,0.1048,FCC,3,12.47,0.0339,60.78,19.03,0.0492,0.0549,0.5085,0.3471,FCC,3,1.8,4.694,0.0339,0.1511,0.1337,0.1048,0.3471,0.1422,FCC,3,12.47,4.694,0.0339,0.2044,0.0549,0.3471,0.3554,FCC,3,67.3862,1.8,4.694,57.925,0.0339,19.03,0.1511,0.1337,FCC
4,8.472,13.19,0.0285,0.1412,0.0691,FCC,4,11.0757,0.0285,84.875,21.124,0.0511,0.0542,0.6088,0.365,FCC,4,1.95,4.949,0.0285,0.1412,0.1306,0.0691,0.365,0.1381,FCC,4,11.0757,4.949,0.0285,0.1826,0.0542,0.365,0.3696,FCC,4,2.9085,1.95,4.949,59.54,0.0285,21.124,0.1412,0.1306,FCC
1,7.8015,13.195,0.0398,0.1887,0.1072,BCC+FCC,1,13.3763,0.0398,79.75,22.42,0.0733,0.0658,0.6676,0.3953,BCC+FCC,1,1.9,4.6595,0.0398,0.1887,0.1886,0.1072,0.3953,0.1665,BCC+FCC,1,13.3763,4.6595,0.0398,0.2466,0.0658,0.3953,0.3969,BCC+FCC,1,2.9419,1.9,4.6595,59.07,0.0398,22.42,0.1887,0.1886,BCC+FCC
1,7.985,14.185,0.048,0.1977,0.1366,BCC+FCC,1,14.2397,0.048,115.48,20.94,0.083,0.0752,0.8127,0.4066,BCC+FCC,1,1.85,4.737,0.048,0.1977,0.1931,0.1366,0.4066,0.1668,BCC+FCC,1,14.2397,4.737,0.048,0.2579,0.0752,0.4066,0.4314,BCC+FCC,1,2.5468,1.85,4.737,55.3,0.048,20.94,0.1977,0.1931,BCC+FCC
2,8.3865,13.165,0.0282,0.1572,0.1849,FCC,2,11.7524,0.0282,77.86,19.922,0.0497,0.0648,0.5352,0.3171,FCC,2,1.9,4.7175,0.0282,0.1572,0.0609,0.1849,0.3171,0.1686,FCC,2,11.7524,4.7175,0.0282,0.1417,0.0648,0.3171,0.3881,FCC,2,7.5644,1.9,4.7175,63.38,0.0282,19.922,0.1572,0.0609,FCC
4,7.9245,15.165,0.0253,0.1171,0.1823,FCC,4,12.152,0.0253,155.935,8.848,0.0828,0.0792,0.7208,0.1675,FCC,4,1.95,4.5,0.0253,0.1171,0.086,0.1823,0.1675,0.1474,FCC,4,12.152,4.5,0.0253,0.1688,0.0792,0.1675,0.2289,FCC,4,11.2916,1.95,4.5,75.36,0.0253,8.848,0.1171,0.086,FCC
3,8.134,13.255,0.0309,0.1348,0.1282,FCC,3,12.6995,0.0309,72.64,18.475,0.0536,0.0607,0.581,0.2978,FCC,3,1.85,4.64,0.0309,0.1348,0.1033,0.1282,0.2978,0.1532,FCC,3,12.6995,4.64,0.0309,0.1889,0.0607,0.2978,0.3394,FCC,3,20.994,1.85,4.64,62.845,0.0309,18.475,0.1348,0.1033,FCC
1,8.3695,15.555,0.0353,0.1325,0.1717,FCC,1,13.9646,0.0353,139.705,17.875,0.0781,0.0791,0.7979,0.3008,FCC,1,1.75,4.67,0.0353,0.1325,0.094,0.1717,0.3008,0.1772,FCC,1,13.9646,4.67,0.0353,0.1885,0.0791,0.3008,0.3849,FCC,1,25.9643,1.75,4.67,60.65,0.0353,17.875,0.1325,0.094,FCC
4,8.3395,15.395,0.0331,0.1229,0.1748,FCC,4,12.6233,0.0331,140.605,18.452,0.0848,0.091,0.7151,0.291,FCC,4,1.95,4.7425,0.0331,0.1229,0.0957,0.1748,0.291,0.1958,FCC,4,12.6233,4.7425,0.0331,0.1725,0.091,0.291,0.3991,FCC,4,4.1943,1.95,4.7425,65.515,0.0331,18.452,0.1229,0.0957,FCC
4,8.0615,15.515,0.0267,0.1128,0.1834,FCC,4,12.6233,0.0267,134.28,17.972,0.0838,0.0831,0.571,0.2857,FCC,4,1.95,4.56,0.0267,0.1128,0.0927,0.1834,0.2857,0.21,FCC,4,12.6233,4.56,0.0267,0.1605,0.0831,0.2857,0.4042,FCC,4,8.4866,1.95,4.56,64.915,0.0267,17.972,0.1128,0.0927,FCC
3,8.129,13.11,0.0284,0.1286,0.1206,FCC,3,12.3696,0.0284,73.525,18.82,0.0533,0.0628,0.5339,0.305,FCC,3,1.9,4.6575,0.0284,0.1286,0.1028,0.1206,0.305,0.159,FCC,3,12.3696,4.6575,0.0284,0.1787,0.0628,0.305,0.3611,FCC,3,31.7892,1.9,4.6575,62.5,0.0284,18.82,0.1286,0.1028,FCC
3,8.4195,13.61,0.0259,0.1088,0.1094,FCC,3,13.0175,0.0259,86.22,19.55,0.0493,0.0661,0.6118,0.317,FCC,3,1.9,4.79,0.0259,0.1088,0.0856,0.1094,0.317,0.1581,FCC,3,13.0175,4.79,0.0259,0.1528,0.0661,0.317,0.3742,FCC,3,38.652,1.9,4.79,62.28,0.0259,19.55,0.1088,0.0856,FCC
2,8.734,10.105,0.0985,0.482,0.2241,IM,2,14.6747,0.0985,62.9,33.372,0.1579,0.071,0.4737,0.6118,IM,2,1.7,4.486,0.0985,0.482,0.309,0.2241,0.6118,0.1428,IM,2,14.6747,4.486,0.0985,0.3567,0.071,0.6118,0.3782,IM,2,2.763,1.7,4.486,60.885,0.0985,33.372,0.482,0.309,IM
4,9.269,10.11,0.107,0.5272,0.2243,IM,4,14.4284,0.107,62.995,31.535,0.1676,0.0837,0.438,0.6442,IM,4,1.7,4.5145,0.107,0.5272,0.2867,0.2243,0.6442,0.1301,IM,4,14.4284,4.5145,0.107,0.3625,0.0837,0.6442,0.3854,IM,4,2.2528,1.7,4.5145,57.075,0.107,31.535,0.5272,0.2867,IM
3,11.297,10.56,0.1252,0.5593,0.3174,IM,3,13.1634,0.1252,61.84,36.989,0.1754,0.0878,0.3449,0.6914,IM,3,1.85,4.6075,0.1252,0.5593,0.3412,0.3174,0.6914,0.1403,IM,3,13.1634,4.6075,0.1252,0.2996,0.0878,0.6914,0.4062,IM,3,2.6746,1.85,4.6075,64.635,0.1252,36.989,0.5593,0.3412,IM
3,8.6745,10.055,0.1125,0.4957,0.2583,IM,3,13.4459,0.1125,60.59,31.785,0.1763,0.0816,0.3684,0.712,IM,3,1.8,4.5425,0.1125,0.4957,0.3161,0.2583,0.712,0.148,IM,3,13.4459,4.5425,0.1125,0.3389,0.0816,0.712,0.4694,IM,3,1.5026,1.8,4.5425,55.175,0.1125,31.785,0.4957,0.3161,IM
3,8.2435,12.94,0.03,0.1692,0.1887,FCC,3,11.0757,0.03,72.625,19.3825,0.0541,0.0625,0.4654,0.3296,FCC,3,1.9,4.6675,0.03,0.1692,0.0841,0.1887,0.3296,0.1669,FCC,3,11.0757,4.6675,0.03,0.1618,0.0625,0.3296,0.4151,FCC,3,5.412,1.9,4.6675,59.575,0.03,19.3825,0.1692,0.0841,FCC
3,8.711,10.13,0.0997,0.4964,0.204,IM,3,13.9646,0.0997,79.36,32.673,0.1626,0.0878,0.532,0.6782,IM,3,1.75,4.585,0.0997,0.4964,0.3254,0.204,0.6782,0.1264,IM,3,13.9646,4.585,0.0997,0.3815,0.0878,0.6782,0.395,IM,3,1.5749,1.75,4.585,55.745,0.0997,32.673,0.4964,0.3254,IM
3,8.657,10.045,0.0994,0.4881,0.2209,IM,3,13.6346,0.0994,74.08,33.6775,0.162,0.0777,0.4714,0.7049,IM,3,1.65,4.5735,0.0994,0.4881,0.2936,0.2209,0.7049,0.1239,IM,3,13.6346,4.5735,0.0994,0.3689,0.0777,0.7049,0.404,IM,3,2.0971,1.65,4.5735,56.345,0.0994,33.6775,0.4881,0.2936,IM
3,8.604,10.03,0.1008,0.5031,0.1859,IM,3,14.0696,0.1008,59.425,31.605,0.1591,0.0935,0.5097,0.5745,IM,3,1.9,4.5025,0.1008,0.5031,0.3482,0.1859,0.5745,0.1464,IM,3,14.0696,4.5025,0.1008,0.3813,0.0935,0.5745,0.3676,IM,3,1.2986,1.9,4.5025,59.015,0.1008,31.605,0.5031,0.3482,IM
4,8.7825,9.84,0.0987,0.4793,0.198,IM,4,14.8159,0.0987,65.65,34.33,0.1584,0.087,0.4871,0.5815,IM,4,1.8,4.5685,0.0987,0.4793,0.3065,0.198,0.5815,0.148,IM,4,14.8159,4.5685,0.0987,0.3471,0.087,0.5815,0.3766,IM,4,1.6445,1.8,4.5685,64.56,0.0987,34.33,0.4793,0.3065,IM
2,9.2035,10.155,0.109,0.5088,0.1958,IM,2,14.6747,0.109,67.03,31.988,0.1625,0.0978,0.4861,0.5769,IM,2,1.85,4.5995,0.109,0.5088,0.2879,0.1958,0.5769,0.1414,IM,2,14.6747,4.5995,0.109,0.3547,0.0978,0.5769,0.3788,IM,2,1.3732,1.85,4.5995,60.78,0.109,31.988,0.5088,0.2879,IM
4,8.779,9.865,0.0974,0.4757,0.1985,IM,4,14.6747,0.0974,65.195,34.392,0.1582,0.085,0.4592,0.6029,IM,4,1.8,4.561,0.0974,0.4757,0.3066,0.1985,0.6029,0.1469,IM,4,14.6747,4.561,0.0974,0.3402,0.085,0.6029,0.3942,IM,4,1.6775,1.8,4.561,62.42,0.0974,34.392,0.4757,0.3066,IM
3,9.2,10.18,0.1078,0.5062,0.1963,IM,3,14.5697,0.1078,65.38,31.458,0.1622,0.0962,0.4568,0.5957,IM,3,1.85,4.592,0.1078,0.5062,0.288,0.1963,0.5957,0.139,IM,3,14.5697,4.592,0.1078,0.3494,0.0962,0.5957,0.3931,IM,3,1.3968,1.85,4.592,58.64,0.1078,31.458,0.5062,0.288,IM
3,9.1965,10.205,0.1066,0.5034,0.1968,IM,3,14.2397,0.1066,62.85,30.5,0.1619,0.0946,0.4239,0.6137,IM,3,1.85,4.5845,0.1066,0.5034,0.2882,0.1968,0.6137,0.1353,IM,3,14.2397,4.5845,0.1066,0.3436,0.0946,0.6137,0.4046,IM,3,1.3997,1.85,4.5845,56.5,0.1066,30.5,0.5034,0.2882,IM
3,9.044,10.145,0.1023,0.4719,0.2009,IM,3,14.2397,0.1023,65.45,33.444,0.1543,0.0875,0.4224,0.6043,IM,3,1.8,4.6195,0.1023,0.4719,0.2758,0.2009,0.6043,0.1417,IM,3,14.2397,4.6195,0.1023,0.327,0.0875,0.6043,0.4044,IM,3,1.5879,1.8,4.6195,61.22,0.1023,33.444,0.4719,0.2758,IM
4,8.9925,10.07,0.0998,0.4667,0.2025,IM,4,14.0221,0.0998,61.2,33.342,0.154,0.0841,0.3894,0.6044,IM,4,1.8,4.587,0.0998,0.4667,0.2788,0.2025,0.6044,0.1443,IM,4,14.0221,4.587,0.0998,0.3175,0.0841,0.6044,0.4093,IM,4,1.6753,1.8,4.587,61.135,0.0998,33.342,0.4667,0.2788,IM
3,7.6675,9.25,0.0856,0.4398,0.1905,IM,3,14.3234,0.0856,66.54,38.75,0.1633,0.0774,0.5226,0.6486,IM,3,1.75,4.5625,0.0856,0.4398,0.2835,0.1905,0.6486,0.1579,IM,3,14.3234,4.5625,0.0856,0.3623,0.0774,0.6486,0.4224,IM,3,1.5617,1.75,4.5625,64.36,0.0856,38.75,0.4398,0.2835,IM
2,10.5385,9.89,0.1113,0.5007,0.2787,IM,2,14.3234,0.1113,58.8,32.966,0.1565,0.0827,0.3414,0.5248,IM,2,1.85,4.62,0.1113,0.5007,0.3255,0.2787,0.5248,0.1549,IM,2,14.3234,4.62,0.1113,0.2591,0.0827,0.5248,0.3467,IM,2,2.6436,1.85,4.62,77.445,0.1113,32.966,0.5007,0.3255,IM
1,8.011,13.805,0.0327,0.146,0.1406,FCC,1,13.4171,0.0327,113.37,17.734,0.0763,0.0825,0.7274,0.2896,FCC,1,2,4.684,0.0327,0.146,0.1358,0.1406,0.2896,0.177,FCC,1,13.4171,4.684,0.0327,0.1951,0.0825,0.2896,0.3443,FCC,1,2.9464,2,4.684,68.69,0.0327,17.734,0.146,0.1358,FCC
2,10.574,10.27,0.1201,0.5445,0.287,IM,2,14.0984,0.1201,65,30.712,0.1671,0.0944,0.4082,0.604,IM,2,1.9,4.58,0.1201,0.5445,0.3317,0.287,0.604,0.1465,IM,2,14.0984,4.58,0.1201,0.2966,0.0944,0.604,0.397,IM,2,1.6248,1.9,4.58,62.41,0.1201,30.712,0.5445,0.3317,IM
2,9.4,9.965,0.1004,0.4821,0.2426,IM,2,14.0221,0.1004,60.95,35.238,0.162,0.0799,0.3723,0.6423,IM,2,1.85,4.552,0.1004,0.4821,0.3612,0.2426,0.6423,0.1501,IM,2,14.0221,4.552,0.1004,0.3062,0.0799,0.6423,0.4193,IM,2,1.8557,1.85,4.552,62.715,0.1004,35.238,0.4821,0.3612,IM
4,9.024,9.87,0.0989,0.4861,0.2135,IM,4,13.6225,0.0989,61.75,31.595,0.1564,0.0833,0.377,0.6435,IM,4,1.75,4.5695,0.0989,0.4861,0.2766,0.2135,0.6435,0.1316,IM,4,13.6225,4.5695,0.0989,0.3193,0.0833,0.6435,0.4172,IM,4,1.6389,1.75,4.5695,56.975,0.0989,31.595,0.4861,0.2766,IM
2,10.038,9.645,0.1064,0.5411,0.2381,IM,2,13.8401,0.1064,58.45,31.068,0.1603,0.0845,0.3468,0.5889,IM,2,1.8,4.563,0.1064,0.5411,0.3155,0.2381,0.5889,0.1326,IM,2,13.8401,4.563,0.1064,0.3092,0.0845,0.5889,0.394,IM,2,1.7759,1.8,4.563,60.665,0.1064,31.068,0.5411,0.3155,IM
2,8.5825,9.835,0.0976,0.4435,0.2243,IM,2,13.6225,0.0976,59.495,32.976,0.1503,0.0742,0.3435,0.6251,IM,2,1.8,4.598,0.0976,0.4435,0.2908,0.2243,0.6251,0.1481,IM,2,13.6225,4.598,0.0976,0.2999,0.0742,0.6251,0.4508,IM,2,1.5772,1.8,4.598,59.83,0.0976,32.976,0.4435,0.2908,IM
2,8.331,9.285,0.0771,0.4603,0.1832,IM,2,14.4284,0.0771,61.785,32.072,0.1633,0.0763,0.4342,0.668,IM,2,1.8,4.4675,0.0771,0.4603,0.3525,0.1832,0.668,0.1307,IM,2,14.4284,4.4675,0.0771,0.3343,0.0763,0.668,0.3953,IM,2,2.0855,1.8,4.4675,56.18,0.0771,32.072,0.4603,0.3525,IM
3,8.0305,9.745,0.0894,0.4647,0.1885,IM,3,14.3234,0.0894,62.55,30.603,0.1629,0.0795,0.4379,0.6982,IM,3,1.85,4.4925,0.0894,0.4647,0.3294,0.1885,0.6982,0.1379,IM,3,14.3234,4.4925,0.0894,0.3498,0.0795,0.6982,0.4491,IM,3,1.5146,1.85,4.4925,51.595,0.0894,30.603,0.4647,0.3294,IM
2,9.2465,9.515,0.1086,0.5355,0.2025,IM,2,13.9646,0.1086,45.22,31.448,0.1748,0.0886,0.2761,0.6058,IM,2,1.85,4.4665,0.1086,0.5355,0.2601,0.2025,0.6058,0.1498,IM,2,13.9646,4.4665,0.1086,0.3183,0.0886,0.6058,0.421,IM,2,1.5312,1.85,4.4665,58.015,0.1086,31.448,0.5355,0.2601,IM
3,10.4495,10.035,0.1155,0.5349,0.2857,IM,3,13.3046,0.1155,62.835,31.722,0.1605,0.0851,0.3466,0.6495,IM,3,1.8,4.59,0.1155,0.5349,0.3285,0.2857,0.6495,0.1384,IM,3,13.3046,4.59,0.1155,0.2782,0.0851,0.6495,0.4219,IM,3,1.7652,1.8,4.59,60.83,0.1155,31.722,0.5349,0.3285,IM
2,8.9955,10.19,0.0989,0.4256,0.2733,IM,2,13.3763,0.0989,62.55,30.902,0.1329,0.0693,0.3557,0.5812,IM,2,1.75,4.6125,0.0989,0.4256,0.2843,0.2733,0.5812,0.1551,IM,2,13.3763,4.6125,0.0989,0.2508,0.0693,0.5812,0.4394,IM,2,1.8331,1.75,4.6125,62.86,0.0989,30.902,0.4256,0.2843,IM
2,10.4905,10.93,0.1072,0.4951,0.3154,IM,2,13.9813,0.1072,61.35,35.745,0.1674,0.0863,0.3769,0.5766,IM,2,1.85,4.565,0.1072,0.4951,0.3305,0.3154,0.5766,0.1804,IM,2,13.9813,4.565,0.1072,0.2473,0.0863,0.5766,0.4294,IM,2,2.8248,1.85,4.565,72.815,0.1072,35.745,0.4951,0.3305,IM
2,9.2715,9.925,0.106,0.5008,0.2586,IM,2,13.4813,0.106,61.64,31.816,0.1635,0.0822,0.3955,0.5927,IM,2,1.8,4.56,0.106,0.5008,0.2977,0.2586,0.5927,0.1621,IM,2,13.4813,4.56,0.106,0.2889,0.0822,0.5927,0.4702,IM,2,1.6028,1.8,4.56,61.76,0.106,31.816,0.5008,0.2977,IM
3,7.747,9.15,0.082,0.4558,0.1968,IM,3,13.9646,0.082,75.71,37.7885,0.1657,0.0787,0.5235,0.7176,IM,3,1.7,4.57,0.082,0.4558,0.2833,0.1968,0.7176,0.1397,IM,3,13.9646,4.57,0.082,0.3646,0.0787,0.7176,0.4441,IM,3,1.5305,1.7,4.57,58.145,0.082,37.7885,0.4558,0.2833,IM
4,8.369,9.29,0.0914,0.4788,0.2097,IM,4,13.9646,0.0914,74.75,37.08,0.1645,0.0802,0.4812,0.6791,IM,4,1.75,4.601,0.0914,0.4788,0.3362,0.2097,0.6791,0.1411,IM,4,13.9646,4.601,0.0914,0.3542,0.0802,0.6791,0.4362,IM,4,1.4911,1.75,4.601,60.4,0.0914,37.08,0.4788,0.3362,IM
2,8.86,9.43,0.093,0.4992,0.1895,IM,2,14.2109,0.093,72.68,36.382,0.1658,0.0898,0.4891,0.6303,IM,2,1.75,4.5885,0.093,0.4992,0.3107,0.1895,0.6303,0.1355,IM,2,14.2109,4.5885,0.093,0.3619,0.0898,0.6303,0.3801,IM,2,1.6258,1.75,4.5885,63.035,0.093,36.382,0.4992,0.3107,IM
3,8.875,9.745,0.097,0.4844,0.1866,IM,3,14.6747,0.097,70.585,32.888,0.1587,0.0934,0.4913,0.5881,IM,3,1.8,4.6145,0.097,0.4844,0.2962,0.1866,0.5881,0.1317,IM,3,14.6747,4.6145,0.097,0.3598,0.0934,0.5881,0.3611,IM,3,1.558,1.8,4.6145,62.34,0.097,32.888,0.4844,0.2962,IM
3,9.307,9.6,0.0996,0.5182,0.1886,IM,3,14.0984,0.0996,60.7,31.104,0.1676,0.0957,0.3867,0.6205,IM,3,1.8,4.578,0.0996,0.5182,0.2788,0.1886,0.6205,0.1228,IM,3,14.0984,4.578,0.0996,0.3468,0.0957,0.6205,0.3725,IM,3,1.571,1.8,4.578,58.36,0.0996,31.104,0.5182,0.2788,IM
2,8.949,9.7,0.0927,0.4718,0.1856,IM,2,14.2397,0.0927,62.3,30.486,0.1561,0.0903,0.3933,0.6004,IM,2,1.8,4.598,0.0927,0.4718,0.281,0.1856,0.6004,0.1227,IM,2,14.2397,4.598,0.0927,0.3372,0.0903,0.6004,0.3664,IM,2,1.7062,1.8,4.598,59.39,0.0927,30.486,0.4718,0.281,IM
3,7.7465,9.245,0.0911,0.4603,0.1775,IM,3,14.4284,0.0911,62.02,35.2935,0.1659,0.0902,0.5168,0.6288,IM,3,1.8,4.597,0.0911,0.4603,0.2531,0.1775,0.6288,0.1468,IM,3,14.4284,4.597,0.0911,0.3815,0.0902,0.6288,0.4021,IM,3,1.315,1.8,4.597,61.985,0.0911,35.2935,0.4603,0.2531,IM
2,7.8045,9.3,0.0842,0.4217,0.174,IM,2,14.6747,0.0842,60.345,32.608,0.1536,0.0856,0.4661,0.5903,IM,2,1.8,4.6005,0.0842,0.4217,0.2395,0.174,0.5903,0.1378,IM,2,14.6747,4.6005,0.0842,0.3563,0.0856,0.5903,0.3766,IM,2,1.5812,1.8,4.6005,62.69,0.0842,32.608,0.4217,0.2395,IM
3,7.9255,9.26,0.0865,0.4373,0.1836,IM,3,14.5697,0.0865,69.095,36.482,0.1591,0.0819,0.4679,0.6399,IM,3,1.75,4.6095,0.0865,0.4373,0.2532,0.1836,0.6399,0.1431,IM,3,14.5697,4.6095,0.0865,0.3525,0.0819,0.6399,0.4113,IM,3,1.5967,1.75,4.6095,62.91,0.0865,36.482,0.4373,0.2532,IM
4,8.6465,9.195,0.0966,0.4787,0.2024,IM,4,14.2109,0.0966,60.865,31.606,0.1611,0.0882,0.3839,0.5864,IM,4,1.8,4.61,0.0966,0.4787,0.2741,0.2024,0.5864,0.1371,IM,4,14.2109,4.61,0.0966,0.3342,0.0882,0.5864,0.395,IM,4,1.5048,1.8,4.61,62.18,0.0966,31.606,0.4787,0.2741,IM
4,10.77,7.06,0.0398,0.5977,0.1505,BCC,4,13.6058,0.0398,42.9,13.705,0.1063,0.0598,0.3759,0.4445,BCC,4,1.75,4.1765,0.0398,0.5977,0.366,0.1505,0.4445,0.068,BCC,4,13.6058,4.1765,0.0398,0.234,0.0598,0.4445,0.2536,BCC,4,14.5539,1.75,4.1765,38.525,0.0398,13.705,0.5977,0.366,BCC
4,10.708,7.415,0.0421,0.555,0.1649,BCC,4,13.3763,0.0421,39.64,13.3675,0.0928,0.0537,0.4315,0.4042,BCC,4,1.65,4.2405,0.0421,0.555,0.3883,0.1649,0.4042,0.0693,BCC,4,13.3763,4.2405,0.0421,0.2189,0.0537,0.4042,0.2447,BCC,4,14.793,1.65,4.2405,42.365,0.0421,13.3675,0.555,0.3883,BCC
1,7.8,13.445,0.0445,0.1917,0.1373,BCC+FCC,1,13.5938,0.0445,82.15,20.865,0.0767,0.056,0.9399,0.353,BCC+FCC,1,1.65,4.5455,0.0445,0.1917,0.1615,0.1373,0.353,0.1754,BCC+FCC,1,13.5938,4.5455,0.0445,0.2624,0.056,0.353,0.3123,BCC+FCC,1,32.7841,1.65,4.5455,70.25,0.0445,20.865,0.1917,0.1615,BCC+FCC
4,8.665,6.76,0.0416,0.4923,0.1387,BCC,4,12.8287,0.0416,35.37,12.5875,0.0962,0.045,0.3014,0.6423,BCC,4,1.8,4.1055,0.0416,0.4923,0.3683,0.1387,0.6423,0.1145,BCC,4,12.8287,4.1055,0.0416,0.1295,0.045,0.6423,0.4834,BCC,4,54.9515,1.8,4.1055,32.365,0.0416,12.5875,0.4923,0.3683,BCC
3,9.6655,6.705,0.0418,0.5075,0.1443,BCC,3,13.0871,0.0418,36.6,13.79,0.1016,0.046,0.3012,0.5392,BCC,3,1.65,4.1375,0.0418,0.5075,0.3318,0.1443,0.5392,0.1153,BCC,3,13.0871,4.1375,0.0418,0.1296,0.046,0.5392,0.4297,BCC,3,81.7583,1.65,4.1375,39.21,0.0418,13.79,0.5075,0.3318,BCC
4,9.534,6.83,0.0392,0.475,0.1473,BCC,4,12.6995,0.0392,38.35,12.17,0.0978,0.0446,0.328,0.5016,BCC,4,1.55,4.17,0.0392,0.475,0.3188,0.1473,0.5016,0.1136,BCC,4,12.6995,4.17,0.0392,0.1231,0.0446,0.5016,0.418,BCC,4,50.4544,1.55,4.17,40.875,0.0392,12.17,0.475,0.3188,BCC
2,8.7265,9.84,0.1014,0.5276,0.2024,IM,2,14.2109,0.1014,61.1,33.37,0.1675,0.0908,0.5344,0.5903,IM,2,1.8,4.49,0.1014,0.5276,0.3451,0.2024,0.5903,0.1412,IM,2,14.2109,4.49,0.1014,0.3997,0.0908,0.5903,0.3458,IM,2,1.5897,1.8,4.49,61.47,0.1014,33.37,0.5276,0.3451,IM
3,8.728,10.01,0.1028,0.5318,0.2147,IM,3,14.5697,0.1028,61.85,32.8125,0.1674,0.0853,0.5437,0.6042,IM,3,1.75,4.465,0.1028,0.5318,0.345,0.2147,0.6042,0.1378,IM,3,14.5697,4.465,0.1028,0.4085,0.0853,0.6042,0.3451,IM,3,1.956,1.75,4.465,59.675,0.1028,32.8125,0.5318,0.345,IM
1,7.9045,13.485,0.0472,0.1923,0.1369,BCC+FCC,1,13.0175,0.0472,64.655,19.272,0.0709,0.0644,0.85,0.3167,BCC+FCC,1,1.75,4.6205,0.0472,0.1923,0.1696,0.1369,0.3167,0.1276,BCC+FCC,1,13.0175,4.6205,0.0472,0.2575,0.0644,0.3167,0.2534,BCC+FCC,1,10.9664,1.75,4.6205,65.715,0.0472,19.272,0.1923,0.1696,BCC+FCC
3,9.292,10.115,0.1178,0.5793,0.2479,IM,3,14.5697,0.1178,61.305,30.778,0.167,0.096,0.6083,0.5766,IM,3,1.6,4.5345,0.1178,0.5793,0.2819,0.2479,0.5766,0.1218,IM,3,14.5697,4.5345,0.1178,0.4157,0.096,0.5766,0.3119,IM,3,1.8502,1.6,4.5345,59.915,0.1178,30.778,0.5793,0.2819,IM
3,7.902,9.655,0.1009,0.496,0.2327,IM,3,14.4284,0.1009,60.175,35.298,0.1596,0.083,0.6164,0.6266,IM,3,1.6,4.576,0.1009,0.496,0.2562,0.2327,0.6266,0.1428,IM,3,14.4284,4.576,0.1009,0.409,0.083,0.6266,0.378,IM,3,1.6985,1.6,4.576,61.98,0.1009,35.298,0.496,0.2562,IM
4,8.613,9.485,0.0886,0.4995,0.201,IM,4,14.6747,0.0886,60.435,31.576,0.1619,0.0873,0.5284,0.5599,IM,4,1.7,4.5095,0.0886,0.4995,0.3201,0.201,0.5599,0.116,IM,4,14.6747,4.5095,0.0886,0.4027,0.0873,0.5599,0.2853,IM,4,2.5029,1.7,4.5095,63.98,0.0886,31.576,0.4995,0.3201,IM
4,9.839,7.03,0.0444,0.6727,0.1423,BCC,4,12.3408,0.0444,40.82,12.807,0.1582,0.0569,0.3441,0.6388,BCC,4,1.7,4.1115,0.0444,0.6727,0.3099,0.1423,0.6388,0.0698,BCC,4,12.3408,4.1115,0.0444,0.3351,0.0569,0.6388,0.278,BCC,4,32.6582,1.7,4.1115,34.555,0.0444,12.807,0.6727,0.3099,BCC
3,9.657,7.185,0.0424,0.6117,0.1471,BCC,3,12.152,0.0424,45.705,11.8335,0.1488,0.0548,0.3871,0.5436,BCC,3,1.5,4.175,0.0424,0.6117,0.2651,0.1471,0.5436,0.0673,BCC,3,12.152,4.175,0.0424,0.3088,0.0548,0.5436,0.2519,BCC,3,68.3115,1.5,4.175,39.215,0.0424,11.8335,0.6117,0.2651,BCC
3,9.993,7.085,0.0413,0.6663,0.1596,BCC,3,13.0871,0.0413,39.72,11.659,0.1127,0.0488,0.3329,0.4412,BCC,3,1.75,4.119,0.0413,0.6663,0.3652,0.1596,0.4412,0.0634,BCC,3,13.0871,4.119,0.0413,0.3281,0.0488,0.4412,0.25,BCC,3,75.9046,1.75,4.119,33.33,0.0413,11.659,0.6663,0.3652,BCC
3,7.945,9.47,0.0906,0.4718,0.1894,IM,3,14.3234,0.0906,53.74,34.4825,0.1632,0.0799,0.4702,0.6011,IM,3,1.85,4.465,0.0906,0.4718,0.3317,0.1894,0.6011,0.158,IM,3,14.3234,4.465,0.0906,0.3664,0.0799,0.6011,0.385,IM,3,1.5308,1.85,4.465,62.125,0.0906,34.4825,0.4718,0.3317,IM
4,10.4795,7.115,0.0442,0.4779,0.1469,BCC,4,13.1587,0.0442,42.09,15.233,0.1238,0.0455,0.3821,0.4706,BCC,4,1.6,4.209,0.0442,0.4779,0.3523,0.1469,0.4706,0.0705,BCC,4,13.1587,4.209,0.0442,0.1129,0.0455,0.4706,0.2272,BCC,4,65.1767,1.6,4.209,46.91,0.0442,15.233,0.4779,0.3523,BCC
3,10.8445,6.575,0.0405,0.3902,0.1469,BCC,3,13.1587,0.0405,58.06,32.795,0.1728,0.0426,0.4231,0.4764,BCC,3,1.5,4.374,0.0405,0.3902,0.358,0.1469,0.4764,0.1079,BCC,3,13.1587,4.374,0.0405,0.1186,0.0426,0.4764,0.2557,BCC,3,11.1708,1.5,4.374,76.85,0.0405,32.795,0.3902,0.358,BCC
4,10.195,6.97,0.0375,0.4446,0.1443,BCC,4,13.6225,0.0375,46.595,16.0265,0.1384,0.0505,0.3884,0.6313,BCC,4,1.75,4.137,0.0375,0.4446,0.3794,0.1443,0.6313,0.0746,BCC,4,13.6225,4.137,0.0375,0.1325,0.0505,0.6313,0.2818,BCC,4,23.1367,1.75,4.137,38.005,0.0375,16.0265,0.4446,0.3794,BCC
3,10.0945,7.19,0.042,0.46,0.1567,BCC,3,13.4813,0.042,49.05,15.897,0.1362,0.0511,0.418,0.6248,BCC,3,1.75,4.151,0.042,0.46,0.3949,0.1567,0.6248,0.0732,BCC,3,13.4813,4.151,0.042,0.1325,0.0511,0.6248,0.2745,BCC,3,23.511,1.75,4.151,38.19,0.042,15.897,0.46,0.3949,BCC
3,9.147,7.35,0.0419,0.433,0.1599,BCC,3,13.4171,0.0419,49.9,14.471,0.1354,0.05,0.4356,0.6551,BCC,3,1.75,4.1625,0.0419,0.433,0.4167,0.1599,0.6551,0.0699,BCC,3,13.4171,4.1625,0.0419,0.1316,0.05,0.6551,0.2804,BCC,3,27.2121,1.75,4.1625,35.415,0.0419,14.471,0.433,0.4167,BCC
3,8.7195,7.22,0.0421,0.439,0.1436,BCC,3,13.5221,0.0421,46.76,13.238,0.1391,0.0499,0.3984,0.6498,BCC,3,1.75,4.151,0.0421,0.439,0.3844,0.1436,0.6498,0.0674,BCC,3,13.5221,4.151,0.0421,0.1316,0.0499,0.6498,0.2767,BCC,3,54.283,1.75,4.151,34.27,0.0421,13.238,0.439,0.3844,BCC
4,7.226,7.59,0.0443,0.3576,0.1613,BCC,4,13.9646,0.0443,44.605,15.344,0.1275,0.041,0.4131,0.648,BCC,4,1.75,4.22,0.0443,0.3576,0.3569,0.1613,0.648,0.075,BCC,4,13.9646,4.22,0.0443,0.1325,0.041,0.648,0.3052,BCC,4,87.0563,1.75,4.22,35.545,0.0443,15.344,0.3576,0.3569,BCC
4,10.0415,6.39,0.0373,0.3628,0.1457,BCC,4,12.6995,0.0373,55.655,40.5405,0.18,0.0495,0.3591,0.511,BCC,4,1.45,4.39,0.0373,0.3628,0.3424,0.1457,0.511,0.1152,BCC,4,12.6995,4.39,0.0373,0.1222,0.0495,0.511,0.2627,BCC,4,10.5797,1.45,4.39,82.355,0.0373,40.5405,0.3628,0.3424,BCC
4,9.9015,6.85,0.0411,0.4711,0.1232,BCC,4,12.8287,0.0411,40.04,13.12,0.1366,0.0488,0.3396,0.5177,BCC,4,1.6,4.1675,0.0411,0.4711,0.3135,0.1232,0.5177,0.0694,BCC,4,12.8287,4.1675,0.0411,0.1231,0.0488,0.5177,0.2439,BCC,4,45.2301,1.6,4.1675,42.26,0.0411,13.12,0.4711,0.3135,BCC
3,10.0285,7,0.0382,0.4465,0.1479,BCC,3,12.4291,0.0382,50.89,14.1125,0.1609,0.05,0.4588,0.7196,BCC,3,1.65,4.1505,0.0382,0.4465,0.3717,0.1479,0.7196,0.0703,BCC,3,12.4291,4.1505,0.0382,0.1315,0.05,0.7196,0.2698,BCC,3,32.6277,1.65,4.1505,39.275,0.0382,14.1125,0.4465,0.3717,BCC
4,10.5195,6.76,0.044,0.5488,0.1479,BCC,4,13.4171,0.044,28.53,16.148,0.0904,0.0405,0.2482,0.4777,BCC,4,1.95,4.109,0.044,0.5488,0.4122,0.1479,0.4777,0.0756,BCC,4,13.4171,4.109,0.044,0.1113,0.0405,0.4777,0.2668,BCC,4,61.0928,1.95,4.109,38.215,0.044,16.148,0.5488,0.4122,BCC
4,8.4395,6.94,0.043,0.4322,0.1489,BCC,4,13.4813,0.043,30.9,14.155,0.0928,0.0348,0.2699,0.4472,BCC,4,1.8,4.169,0.043,0.4322,0.4154,0.1489,0.4472,0.0718,BCC,4,13.4813,4.169,0.043,0.1111,0.0348,0.4472,0.2772,BCC,4,67.6471,1.8,4.169,36.065,0.043,14.155,0.4322,0.4154,BCC
4,9.6445,6.9,0.0422,0.4775,0.1483,BCC,4,14.2109,0.0422,33.8,14.145,0.0924,0.0388,0.2899,0.4395,BCC,4,1.8,4.1515,0.0422,0.4775,0.4139,0.1483,0.4395,0.0709,BCC,4,14.2109,4.1515,0.0422,0.1111,0.0388,0.4395,0.2594,BCC,4,31.0272,1.8,4.1515,37.995,0.0422,14.145,0.4775,0.4139,BCC
2,9.834,6.785,0.0354,0.4423,0.1464,BCC,2,13.8809,0.0354,33.645,15.59,0.0879,0.0363,0.2905,0.4744,BCC,2,1.8,4.1565,0.0354,0.4423,0.4264,0.1464,0.4744,0.0762,BCC,2,13.8809,4.1565,0.0354,0.1111,0.0363,0.4744,0.2816,BCC,2,21.0022,1.8,4.1565,38.47,0.0354,15.59,0.4423,0.4264,BCC
4,11.8665,6.93,0.0425,0.5324,0.1483,BCC,4,13.0871,0.0425,36.75,15.54,0.0865,0.0421,0.3209,0.392,BCC,4,1.8,4.154,0.0425,0.5324,0.3491,0.1483,0.392,0.0675,BCC,4,13.0871,4.154,0.0425,0.1065,0.0421,0.392,0.2129,BCC,4,19.2897,1.8,4.154,44.875,0.0425,15.54,0.5324,0.3491,BCC
4,8.224,6.865,0.0348,0.3888,0.1455,BCC,4,12.6995,0.0348,32.24,14.2,0.0906,0.0322,0.2796,0.4608,BCC,4,1.75,4.1765,0.0348,0.3888,0.4032,0.1455,0.4608,0.0703,BCC,4,12.6995,4.1765,0.0348,0.1111,0.0322,0.4608,0.2833,BCC,4,27.4306,1.75,4.1765,35.14,0.0348,14.2,0.3888,0.4032,BCC
2,11.1425,6.82,0.0344,0.4486,0.1375,BCC,2,13.5008,0.0344,36.88,14.655,0.0867,0.0403,0.3247,0.4311,BCC,2,1.75,4.1515,0.0344,0.4486,0.3715,0.1375,0.4311,0.0712,BCC,2,13.5008,4.1515,0.0344,0.1093,0.0403,0.4311,0.245,BCC,2,14.9072,1.75,4.1515,41.475,0.0344,14.655,0.4486,0.3715,BCC
3,10.2095,6.95,0.0389,0.4649,0.141,BCC,3,13.7759,0.0389,37.85,12.3435,0.0917,0.0411,0.3281,0.3972,BCC,3,1.7,4.1565,0.0389,0.4649,0.3767,0.141,0.3972,0.0634,BCC,3,13.7759,4.1565,0.0389,0.1093,0.0411,0.3972,0.2272,BCC,3,18.0236,1.7,4.1565,39.115,0.0389,12.3435,0.4649,0.3767,BCC
3,9.6635,7.16,0.0434,0.4498,0.1622,BCC,3,13.8809,0.0434,32.5,13.068,0.08,0.0323,0.3036,0.3786,BCC,3,1.7,4.214,0.0434,0.4498,0.4247,0.1622,0.3786,0.0715,BCC,3,13.8809,4.214,0.0434,0.0975,0.0323,0.3786,0.2406,BCC,3,45.0101,1.7,4.214,43.165,0.0434,13.068,0.4498,0.4247,BCC
4,10.6455,7.005,0.0439,0.5195,0.1571,BCC,4,14.2397,0.0439,37.85,14.8185,0.0897,0.0425,0.322,0.446,BCC,4,1.85,4.1355,0.0439,0.5195,0.4029,0.1571,0.446,0.0695,BCC,4,14.2397,4.1355,0.0439,0.1118,0.0425,0.446,0.2435,BCC,4,23.5036,1.85,4.1355,39.035,0.0439,14.8185,0.5195,0.4029,BCC
4,9.0355,7.085,0.044,0.4633,0.1537,BCC,4,14.4284,0.044,36.2,13.0955,0.0928,0.0396,0.3139,0.4303,BCC,4,1.8,4.1555,0.044,0.4633,0.4202,0.1537,0.4303,0.066,BCC,4,14.4284,4.1555,0.044,0.1118,0.0396,0.4303,0.2516,BCC,4,36.116,1.8,4.1555,35.705,0.044,13.0955,0.4633,0.4202,BCC
3,10.5335,7.005,0.0374,0.4556,0.1508,BCC,3,13.9646,0.0374,38.68,13.995,0.0873,0.041,0.3468,0.4367,BCC,3,1.75,4.1555,0.0374,0.4556,0.3964,0.1508,0.4367,0.0678,BCC,3,13.9646,4.1555,0.0374,0.1111,0.041,0.4367,0.2428,BCC,3,15.5722,1.75,4.1555,39.185,0.0374,13.995,0.4556,0.3964,BCC
3,8.2075,7.285,0.0436,0.3901,0.1661,BCC,3,13.6346,0.0436,34.35,12.942,0.0831,0.0308,0.3155,0.4068,BCC,3,1.7,4.2155,0.0436,0.3901,0.4127,0.1661,0.4068,0.0685,BCC,3,13.6346,4.2155,0.0436,0.1065,0.0308,0.4068,0.258,BCC,3,45.9447,1.7,4.2155,37.915,0.0436,12.942,0.3901,0.4127,BCC
3,9.9405,7.155,0.0395,0.4405,0.1597,BCC,3,14.2397,0.0395,35.06,13.314,0.0824,0.0362,0.3401,0.4147,BCC,3,1.7,4.1955,0.0395,0.4405,0.4208,0.1597,0.4147,0.0698,BCC,3,14.2397,4.1955,0.0395,0.1065,0.0362,0.4147,0.2463,BCC,3,21.2203,1.7,4.1955,40.805,0.0395,13.314,0.4405,0.4208,BCC
3,10.0175,6.93,0.0402,0.5188,0.1395,BCC,3,12.6995,0.0402,36.05,10.29,0.0842,0.0427,0.3059,0.4593,BCC,3,1.95,4.077,0.0402,0.5188,0.414,0.1395,0.4593,0.0607,BCC,3,12.6995,4.077,0.0402,0.0952,0.0427,0.4593,0.2412,BCC,3,36.0124,1.95,4.077,31.575,0.0402,10.29,0.5188,0.414,BCC
3,10.121,7.005,0.0413,0.5156,0.1444,BCC,3,13.1634,0.0413,39.275,10.705,0.0884,0.0441,0.3263,0.4402,BCC,3,1.9,4.0895,0.0413,0.5156,0.4035,0.1444,0.4402,0.0587,BCC,3,13.1634,4.0895,0.0413,0.1019,0.0441,0.4402,0.229,BCC,3,24.3544,1.9,4.0895,32.65,0.0413,10.705,0.5156,0.4035,BCC
2,8.362,6.945,0.0352,0.4118,0.1391,BCC,2,12.9458,0.0352,37.355,9.575,0.0882,0.0388,0.3216,0.4374,BCC,2,1.85,4.122,0.0352,0.4118,0.4171,0.1391,0.4374,0.0547,BCC,2,12.9458,4.122,0.0352,0.1019,0.0388,0.4374,0.2417,BCC,2,22.4773,1.85,4.122,29.31,0.0352,9.575,0.4118,0.4171,BCC
2,8.7005,6.97,0.0367,0.4343,0.1389,BCC,2,13.1587,0.0367,38.16,9.3325,0.0891,0.0405,0.3259,0.4237,BCC,2,1.85,4.1145,0.0367,0.4343,0.4158,0.1389,0.4237,0.0542,BCC,2,13.1587,4.1145,0.0367,0.1019,0.0405,0.4237,0.2339,BCC,2,22.663,1.85,4.1145,29.795,0.0367,9.3325,0.4343,0.4158,BCC
4,8.851,7.105,0.0424,0.452,0.1554,BCC,4,14.2397,0.0424,37.76,12.82,0.09,0.0396,0.3281,0.4646,BCC,4,1.85,4.1445,0.0424,0.452,0.4418,0.1554,0.4646,0.0653,BCC,4,14.2397,4.1445,0.0424,0.1096,0.0396,0.4646,0.2618,BCC,4,31.3893,1.85,4.1445,33.3,0.0424,12.82,0.452,0.4418,BCC
2,9.991,7.125,0.0392,0.4494,0.1648,BCC,2,14.3159,0.0392,38.315,15.041,0.0844,0.0393,0.3527,0.4714,BCC,2,1.8,4.1645,0.0392,0.4494,0.4386,0.1648,0.4714,0.0713,BCC,2,14.3159,4.1645,0.0392,0.1118,0.0393,0.4714,0.2635,BCC,2,17.4654,1.8,4.1645,37.81,0.0392,15.041,0.4494,0.4386,BCC
3,10.263,7.215,0.0422,0.4757,0.1598,BCC,3,13.7759,0.0422,41.745,12.628,0.089,0.0437,0.3744,0.4172,BCC,3,1.75,4.152,0.0422,0.4757,0.4001,0.1598,0.4172,0.0605,BCC,3,13.7759,4.152,0.0422,0.1118,0.0437,0.4172,0.2208,BCC,3,15.5568,1.75,4.152,37.38,0.0422,12.628,0.4757,0.4001,BCC
2,9.005,7.15,0.0417,0.4596,0.1559,BCC,2,13.6346,0.0417,40.24,11.34,0.086,0.0412,0.3466,0.4776,BCC,2,1.9,4.126,0.0417,0.4596,0.4554,0.1559,0.4776,0.0621,BCC,2,13.6346,4.126,0.0417,0.1019,0.0412,0.4776,0.2565,BCC,2,27.1653,1.9,4.126,31.38,0.0417,11.34,0.4596,0.4554,BCC
4,8.3455,7.365,0.043,0.4313,0.16,BCC,4,14.0696,0.043,41.28,10.8705,0.0907,0.0406,0.3647,0.4093,BCC,4,1.8,4.161,0.043,0.4313,0.4262,0.16,0.4093,0.0561,BCC,4,14.0696,4.161,0.043,0.1096,0.0406,0.4093,0.231,BCC,4,28.2634,1.8,4.161,32.085,0.043,10.8705,0.4313,0.4262,BCC
3,7.8385,7.325,0.0399,0.3752,0.1704,BCC,3,13.4813,0.0399,37.25,13.756,0.0841,0.0328,0.3458,0.4817,BCC,3,1.8,4.1935,0.0399,0.3752,0.4519,0.1704,0.4817,0.0664,BCC,3,13.4813,4.1935,0.0399,0.1113,0.0328,0.4817,0.2766,BCC,3,26.3009,1.8,4.1935,33.105,0.0399,13.756,0.3752,0.4519,BCC
4,9.147,7.36,0.0391,0.4145,0.1735,BCC,4,14.2109,0.0391,38,13.771,0.0826,0.0375,0.3752,0.4578,BCC,4,1.75,4.1885,0.0391,0.4145,0.455,0.1735,0.4578,0.066,BCC,4,14.2109,4.1885,0.0391,0.1118,0.0375,0.4578,0.255,BCC,4,17.1832,1.75,4.1885,36.11,0.0391,13.771,0.4145,0.455,BCC
3,7.294,7.835,0.0468,0.3512,0.183,BCC,3,13.6058,0.0468,37.535,12.5,0.0774,0.0304,0.3691,0.4,BCC,3,1.75,4.235,0.0468,0.3512,0.4104,0.183,0.4,0.0619,BCC,3,13.6058,4.235,0.0468,0.1111,0.0304,0.4,0.2439,BCC,3,78.2674,1.75,4.235,34.92,0.0468,12.5,0.3512,0.4104,BCC
3,7.7215,7.965,0.0462,0.3588,0.197,BCC,3,13.7759,0.0462,34.39,13.275,0.0702,0.0289,0.3827,0.426,BCC,3,1.75,4.2465,0.0462,0.3588,0.4754,0.197,0.426,0.0644,BCC,3,13.7759,4.2465,0.0462,0.1111,0.0289,0.426,0.2485,BCC,3,39.8825,1.75,4.2465,36.065,0.0462,13.275,0.3588,0.4754,BCC
4,8.7775,7.785,0.0416,0.3817,0.2005,BCC,4,13.4171,0.0416,29.82,15.195,0.0666,0.0286,0.3735,0.4726,BCC,4,1.75,4.2415,0.0416,0.3817,0.5111,0.2005,0.4726,0.0714,BCC,4,13.4171,4.2415,0.0416,0.1111,0.0286,0.4726,0.2692,BCC,4,19.0402,1.75,4.2415,37.985,0.0416,15.195,0.3817,0.5111,BCC
4,7.283,7.775,0.0436,0.3671,0.1753,BCC,4,12.8287,0.0436,42.085,9.734,0.0817,0.0367,0.4095,0.4378,BCC,4,1.85,4.193,0.0436,0.3671,0.46,0.1753,0.4378,0.0519,BCC,4,12.8287,4.193,0.0436,0.1019,0.0367,0.4378,0.2317,BCC,4,25.7339,1.85,4.193,29.08,0.0436,9.734,0.3671,0.46,BCC
