Pm.1,ρ,α,ad-e/n,δ-e/n,δ-Ec,,Pm.2,ΔS,ad-e/n.1,ad-HD,ad-G,δ-χ,δ-EWF,δ-HD,δ-G,,Pm.3,e/a,EWF,ad-e/n.2,δ-e/n.1,δ-ρ,δ-Ec.1,δ-G.1,δ-υ,,Pm.4,ΔS.1,EWF.1,ad-e/n.3,δ-VEC,δ-EWF.1,δ-G.2,δ-G/B,,Pm.5,Ω,e/a.1,EWF.2,G,ad-e/n.4,ad-G.1,δ-e/n.2,δ-ρ.1,
1,7.438,12.89,0.0487,0.1681,0.0847,BCC+FCC,1,11.0999,0.0487,85.54,32.47,0.07,0.068,0.7091,0.4952,BCC+FCC,1,1.85,4.772,0.0487,0.1681,0.2854,0.0847,0.4952,0.2499,BCC+FCC,1,11.0999,4.772,0.0487,0.3238,0.068,0.4952,0.4881,BCC+FCC,1,1.7389,1.85,4.772,69.51,0.0487,32.47,0.1681,0.2854,BCC+FCC
1,7.554,15.205,0.0412,0.1539,0.0972,BCC+FCC,1,10.0236,0.0412,97.24,24.214,0.0656,0.0681,0.7703,0.4555,BCC+FCC,1,2.15,4.8835,0.0412,0.1539,0.3249,0.0972,0.4555,0.1571,BCC+FCC,1,10.0236,4.8835,0.0412,0.3307,0.0681,0.4555,0.401,BCC+FCC,1,1.2823,2.15,4.8835,56.845,0.0412,24.214,0.1539,0.3249,BCC+FCC
1,7.086,15.6,0.0392,0.1569,0.1042,BCC+FCC,1,11.4419,0.0392,75.985,23.8835,0.0656,0.0764,0.77,0.4002,BCC+FCC,1,2.25,4.74,0.0392,0.1569,0.362,0.1042,0.4002,0.1267,BCC+FCC,1,11.4419,4.74,0.0392,0.3615,0.0764,0.4002,0.2677,BCC+FCC,1,1.3878,2.25,4.74,60.715,0.0392,23.8835,0.1569,0.362,BCC+FCC
1,7.285,15.95,0.0434,0.1609,0.1066,BCC+FCC,1,10.1769,0.0434,87.595,23.6125,0.068,0.0743,0.851,0.4243,BCC+FCC,1,2.25,4.855,0.0434,0.1609,0.3646,0.1066,0.4243,0.128,BCC+FCC,1,10.1769,4.855,0.0434,0.3632,0.0743,0.4243,0.304,BCC+FCC,1,1.109,2.25,4.855,56.775,0.0434,23.6125,0.1609,0.3646,BCC+FCC
1,7.429,12.04,0.0465,0.1746,0.1134,BCC+FCC,1,10.3061,0.0465,53.48,15.888,0.0628,0.0656,0.3555,0.3283,BCC+FCC,1,2.05,4.604,0.0465,0.1746,0.2081,0.1134,0.3283,0.1317,BCC+FCC,1,10.3061,4.604,0.0465,0.2657,0.0656,0.3283,0.3531,BCC+FCC,1,1.7312,2.05,4.604,55.02,0.0465,15.888,0.1746,0.2081,BCC+FCC
1,7.817,15.325,0.0484,0.1696,0.1193,BCC+FCC,1,10.3824,0.0484,15.25,23.795,0.0653,0.0681,0.3704,0.3968,BCC+FCC,1,1.7,4.7795,0.0484,0.1696,0.2828,0.1193,0.3968,0.1254,BCC+FCC,1,10.3824,4.7795,0.0484,0.3196,0.0681,0.3968,0.2561,BCC+FCC,1,3.6062,1.7,4.7795,65.665,0.0484,23.795,0.1696,0.2828,BCC+FCC
3,8.2085,11.25,0.0344,0.1303,0.0308,FCC,3,11.4419,0.0344,59.11,16.926,0.0537,0.0625,0.5322,0.3012,FCC,3,1.75,4.795,0.0344,0.1303,0.0873,0.0308,0.3012,0.2194,FCC,3,11.4419,4.795,0.0344,0.1831,0.0625,0.3012,0.365,FCC,3,5.5942,1.75,4.795,82.04,0.0344,16.926,0.1303,0.0873,FCC
1,8.3525,11.55,0.0354,0.1303,0.0313,FCC,1,10.8536,0.0354,76.105,24.8325,0.0547,0.0571,0.5649,0.3803,FCC,1,1.75,4.87,0.0354,0.1303,0.0877,0.0313,0.3803,0.2399,FCC,1,10.8536,4.87,0.0354,0.1813,0.0571,0.3803,0.4609,FCC,1,5.0616,1.75,4.87,75.875,0.0354,24.8325,0.1303,0.0877,FCC
4,8.545,13.53,0.0253,0.0813,0.0846,FCC,4,11.0999,0.0253,60.95,17.2635,0.0185,0.0585,0.5809,0.2641,FCC,4,1.8,4.8,0.0253,0.0813,0.0572,0.0846,0.2641,0.1241,FCC,4,11.0999,4.8,0.0253,0.1232,0.0585,0.2641,0.2507,FCC,4,4.2749,1.8,4.8,69.005,0.0253,17.2635,0.0813,0.0572,FCC
2,8.6975,12.665,0.028,0.1422,0.1188,FCC,2,10.1769,0.028,69.17,18.936,0.0363,0.0547,0.5298,0.3126,FCC,2,1.95,4.915,0.028,0.1422,0.0639,0.1188,0.3126,0.1485,FCC,2,10.1769,4.915,0.028,0.1165,0.0547,0.3126,0.3181,FCC,2,10.271,1.95,4.915,71.96,0.028,18.936,0.1422,0.0639,FCC
2,8.3525,12.575,0.0292,0.1241,0.064,FCC,2,10.8536,0.0292,61.65,19.064,0.0434,0.0648,0.5033,0.2949,FCC,2,2,4.8575,0.0292,0.1241,0.1026,0.064,0.2949,0.1445,FCC,2,10.8536,4.8575,0.0292,0.167,0.0648,0.2949,0.3265,FCC,2,3.5687,2,4.8575,66.605,0.0292,19.064,0.1241,0.1026,FCC
2,8.3605,12.6,0.0341,0.1439,0.0725,FCC,2,10.3824,0.0341,74.32,19.7165,0.0511,0.0632,0.5106,0.3294,FCC,2,2,4.8975,0.0341,0.1439,0.118,0.0725,0.3294,0.1372,FCC,2,10.3824,4.8975,0.0341,0.1909,0.0632,0.3294,0.3582,FCC,2,2.469,2,4.8975,60.915,0.0341,19.7165,0.1439,0.118,FCC
1,8.0115,14.245,0.0487,0.1935,0.1368,BCC+FCC,1,10.782,0.0487,134.49,23.3055,0.0904,0.0847,0.8398,0.3977,BCC+FCC,1,2,4.8245,0.0487,0.1935,0.1943,0.1368,0.3977,0.1846,BCC+FCC,1,10.782,4.8245,0.0487,0.2491,0.0847,0.3977,0.4396,BCC+FCC,1,1.1824,2,4.8245,60.595,0.0487,23.3055,0.1935,0.1943,BCC+FCC
1,7.47,14.175,0.0474,0.1772,0.1044,BCC+FCC,1,13.1708,0.0474,76.7,27.249,0.0649,0.0523,0.7363,0.4991,BCC+FCC,1,1.7,4.6295,0.0474,0.1772,0.2828,0.1044,0.4991,0.2085,BCC+FCC,1,13.1708,4.6295,0.0474,0.3377,0.0523,0.4991,0.443,BCC+FCC,1,25.1775,1.7,4.6295,61.43,0.0474,27.249,0.1772,0.2828,BCC+FCC
1,7.386,15.815,0.0505,0.1825,0.1122,BCC+FCC,1,12.4412,0.0505,81.075,18.362,0.0663,0.0538,0.8492,0.4791,BCC+FCC,1,1.75,4.6335,0.0505,0.1825,0.3259,0.1122,0.4791,0.1616,BCC+FCC,1,12.4412,4.6335,0.0505,0.366,0.0538,0.4791,0.3999,BCC+FCC,1,10.2973,1.75,4.6335,52.095,0.0505,18.362,0.1825,0.3259,BCC+FCC
1,7.9435,14.005,0.0495,0.1725,0.109,BCC+FCC,1,12.8408,0.0495,49.81,27.217,0.0649,0.0619,0.8116,0.4442,BCC+FCC,1,1.6,4.7605,0.0495,0.1725,0.236,0.109,0.4442,0.1945,BCC+FCC,1,12.8408,4.7605,0.0495,0.2999,0.0619,0.4442,0.3906,BCC+FCC,1,14.8118,1.6,4.7605,66.87,0.0495,27.217,0.1725,0.236,BCC+FCC
1,7.3225,15.035,0.0585,0.1971,0.1124,BCC+FCC,1,13.0871,0.0585,53.31,27.731,0.0724,0.0632,0.8976,0.5062,BCC+FCC,1,1.7,4.6735,0.0585,0.1971,0.3285,0.1124,0.5062,0.1929,BCC+FCC,1,13.0871,4.6735,0.0585,0.3825,0.0632,0.5062,0.3994,BCC+FCC,1,4.6861,1.7,4.6735,61.47,0.0585,27.731,0.1971,0.3285,BCC+FCC
1,7.5555,15.375,0.0417,0.1569,0.1039,BCC+FCC,1,11.217,0.0417,97.84,22.835,0.0654,0.068,0.7789,0.4584,BCC+FCC,1,2.1,4.8585,0.0417,0.1569,0.325,0.1039,0.4584,0.1536,BCC+FCC,1,11.217,4.8585,0.0417,0.3344,0.068,0.4584,0.4016,BCC+FCC,1,1.6052,2.1,4.8585,55.05,0.0417,22.835,0.1569,0.325,BCC+FCC
1,7.41,14.905,0.0409,0.1544,0.0962,BCC+FCC,1,12.2237,0.0409,78.7,24.829,0.0647,0.0735,0.7638,0.4147,BCC+FCC,1,2.15,4.8085,0.0409,0.1544,0.3242,0.0962,0.4147,0.1553,BCC+FCC,1,12.2237,4.8085,0.0409,0.3329,0.0735,0.4147,0.3365,BCC+FCC,1,1.6398,2.15,4.8085,63.01,0.0409,24.829,0.1544,0.3242,BCC+FCC
1,6.8695,14.765,0.0429,0.1641,0.1017,BCC+FCC,1,12.5945,0.0429,61.16,24.948,0.0678,0.0737,0.7271,0.4108,BCC+FCC,1,2.15,4.6575,0.0429,0.1641,0.3593,0.1017,0.4108,0.152,BCC+FCC,1,12.5945,4.6575,0.0429,0.3708,0.0737,0.4108,0.2812,BCC+FCC,1,1.6179,2.15,4.6575,68.04,0.0429,24.948,0.1641,0.3593,BCC+FCC
1,6.8865,14.56,0.0474,0.1737,0.1024,BCC+FCC,1,12.8408,0.0474,55.37,26.1625,0.071,0.0762,0.7656,0.425,BCC+FCC,1,2.1,4.69,0.0474,0.1737,0.3617,0.1024,0.425,0.1683,BCC+FCC,1,12.8408,4.69,0.0474,0.3812,0.0762,0.425,0.3047,BCC+FCC,1,1.5453,2.1,4.69,69.775,0.0474,26.1625,0.1737,0.3617,BCC+FCC
1,6.8655,14.1,0.0523,0.1845,0.1024,BCC+FCC,1,12.377,0.0523,54.42,30.096,0.0745,0.0765,0.832,0.4671,BCC+FCC,1,2,4.715,0.0523,0.1845,0.3643,0.1024,0.4671,0.2089,BCC+FCC,1,12.377,4.715,0.0523,0.3938,0.0765,0.4671,0.3695,BCC+FCC,1,1.4145,2,4.715,71.02,0.0523,30.096,0.1845,0.3643,BCC+FCC
1,7.1165,15.215,0.0491,0.1736,0.1053,BCC+FCC,1,11.9774,0.0491,77.75,27.245,0.0722,0.0763,0.8514,0.4664,BCC+FCC,1,2.15,4.7975,0.0491,0.1736,0.3657,0.1053,0.4664,0.1719,BCC+FCC,1,11.9774,4.7975,0.0491,0.3783,0.0763,0.4664,0.3718,BCC+FCC,1,1.3069,2.15,4.7975,62.045,0.0491,27.245,0.1736,0.3657,BCC+FCC
1,6.9105,14.915,0.0422,0.1588,0.1015,BCC+FCC,1,12.9245,0.0422,78.25,26.905,0.0671,0.071,0.7228,0.4651,BCC+FCC,1,2.15,4.6675,0.0422,0.1588,0.3605,0.1015,0.4651,0.1778,BCC+FCC,1,12.9245,4.6675,0.0422,0.3643,0.071,0.4651,0.3737,BCC+FCC,1,1.6884,2.15,4.6675,61.705,0.0422,26.905,0.1588,0.3605,BCC+FCC
1,6.4865,14.745,0.0459,0.1708,0.1059,BCC+FCC,1,13.0871,0.0459,65.76,30.21,0.0704,0.07,0.7973,0.4912,BCC+FCC,1,2.1,4.6065,0.0459,0.1708,0.3931,0.1059,0.4912,0.1963,BCC+FCC,1,13.0871,4.6065,0.0459,0.4024,0.07,0.4912,0.3593,BCC+FCC,1,1.5714,2.1,4.6065,66.5,0.0459,30.21,0.1708,0.3931,BCC+FCC
1,6.6,15.43,0.0437,0.1619,0.1074,BCC+FCC,1,12.5945,0.0437,80.75,27.1855,0.0688,0.0697,0.7566,0.493,BCC+FCC,1,2.2,4.624,0.0437,0.1619,0.395,0.1074,0.493,0.1765,BCC+FCC,1,12.5945,4.624,0.0437,0.3916,0.0697,0.493,0.3769,BCC+FCC,1,1.5153,2.2,4.624,59.005,0.0437,27.1855,0.1619,0.395,BCC+FCC
1,7.0395,12.5,0.0484,0.1924,0.0862,BCC+FCC,1,12.6521,0.0484,67.92,29.106,0.0738,0.059,0.5663,0.5247,BCC+FCC,1,1.95,4.6025,0.0484,0.1924,0.2855,0.0862,0.5247,0.2151,BCC+FCC,1,12.6521,4.6025,0.0484,0.3105,0.059,0.5247,0.4936,BCC+FCC,1,1.5108,1.95,4.6025,60.16,0.0484,29.106,0.1924,0.2855,BCC+FCC
1,7.37,12.02,0.0436,0.1637,0.077,BCC+FCC,1,11.5758,0.0436,78.24,33.012,0.0675,0.0596,0.5589,0.5248,BCC+FCC,1,1.8,4.6695,0.0436,0.1637,0.2541,0.077,0.5248,0.2603,BCC+FCC,1,11.5758,4.6695,0.0436,0.2848,0.0596,0.5248,0.5355,BCC+FCC,1,2.0064,1.8,4.6695,66.82,0.0436,33.012,0.1637,0.2541,BCC+FCC
1,7.5635,13.655,0.0504,0.1751,0.1022,BCC+FCC,1,11.9058,0.0504,73.37,26.737,0.0705,0.0727,0.7667,0.4321,BCC+FCC,1,2,4.842,0.0504,0.1751,0.2898,0.1022,0.4321,0.1916,BCC+FCC,1,11.9058,4.842,0.0504,0.3279,0.0727,0.4321,0.3992,BCC+FCC,1,1.5355,2,4.842,67.43,0.0504,26.737,0.1751,0.2898,BCC+FCC
1,7.1065,13.97,0.0533,0.187,0.124,BCC+FCC,1,12.6875,0.0533,86.365,26.4805,0.0736,0.0753,0.7192,0.5064,BCC+FCC,1,2.05,4.741,0.0533,0.187,0.3355,0.124,0.5064,0.1945,BCC+FCC,1,12.6875,4.741,0.0533,0.3681,0.0753,0.5064,0.4631,BCC+FCC,1,1.3796,2.05,4.741,58.785,0.0533,26.4805,0.187,0.3355,BCC+FCC
1,7.543,13.56,0.0455,0.1624,0.1357,BCC+FCC,1,12.8408,0.0455,131.955,24.71,0.0813,0.0833,0.9243,0.3912,BCC+FCC,1,1.8,4.6805,0.0455,0.1624,0.2367,0.1357,0.3912,0.249,BCC+FCC,1,12.8408,4.6805,0.0455,0.2925,0.0833,0.3912,0.3866,BCC+FCC,1,2.2326,1.8,4.6805,77.85,0.0455,24.71,0.1624,0.2367,BCC+FCC
1,7.6255,13.94,0.045,0.1582,0.1368,BCC+FCC,1,12.9245,0.045,133.7,25.8615,0.0817,0.0836,0.8812,0.4083,BCC+FCC,1,1.85,4.7055,0.045,0.1582,0.2367,0.1368,0.4083,0.2467,BCC+FCC,1,12.9245,4.7055,0.045,0.2865,0.0836,0.4083,0.4154,BCC+FCC,1,2.1994,1.85,4.7055,74.145,0.045,25.8615,0.1582,0.2367,BCC+FCC
1,6.987,13.345,0.0504,0.1837,0.1133,BCC+FCC,1,11.8937,0.0504,69.31,27.6105,0.0772,0.079,1.0577,0.4192,BCC+FCC,1,1.85,4.681,0.0504,0.1837,0.3249,0.1133,0.4192,0.2262,BCC+FCC,1,11.8937,4.681,0.0504,0.371,0.079,0.4192,0.3422,BCC+FCC,1,1.5178,1.85,4.681,78.815,0.0504,27.6105,0.1837,0.3249,BCC+FCC
1,7.1695,14.855,0.0508,0.177,0.1331,BCC+FCC,1,12.6875,0.0508,110.05,26.404,0.0823,0.0856,1.0845,0.424,BCC+FCC,1,2,4.7185,0.0508,0.177,0.3266,0.1331,0.424,0.2079,BCC+FCC,1,12.6875,4.7185,0.0508,0.3607,0.0856,0.424,0.358,BCC+FCC,1,1.4453,2,4.7185,71.72,0.0508,26.404,0.177,0.3266,BCC+FCC
1,6.994,14.17,0.0464,0.1726,0.1291,BCC+FCC,1,12.9458,0.0464,115.04,30.328,0.0786,0.0802,0.9971,0.4636,BCC+FCC,1,1.9,4.646,0.0464,0.1726,0.3241,0.1291,0.4636,0.2446,BCC+FCC,1,12.9458,4.646,0.0464,0.3577,0.0802,0.4636,0.4025,BCC+FCC,1,1.6622,1.9,4.646,72.71,0.0464,30.328,0.1726,0.3241,BCC+FCC
1,6.9905,14.195,0.0449,0.1684,0.1286,BCC+FCC,1,12.8408,0.0449,119.4,31.633,0.0776,0.0784,0.9404,0.4864,BCC+FCC,1,1.9,4.6385,0.0449,0.1684,0.3238,0.1286,0.4864,0.2531,BCC+FCC,1,12.8408,4.6385,0.0449,0.3524,0.0784,0.4864,0.4335,BCC+FCC,1,1.6934,1.9,4.6385,70.57,0.0449,31.633,0.1684,0.3238,BCC+FCC
1,6.9765,13.42,0.0461,0.1715,0.112,BCC+FCC,1,12.2237,0.0461,97,33.2755,0.0743,0.0739,0.9075,0.492,BCC+FCC,1,1.85,4.6585,0.0461,0.1715,0.3242,0.112,0.492,0.2593,BCC+FCC,1,12.2237,4.6585,0.0461,0.356,0.0739,0.492,0.4387,BCC+FCC,1,1.6857,1.85,4.6585,72.395,0.0461,33.2755,0.1715,0.3242,BCC+FCC
1,7.138,14.205,0.0464,0.1645,0.114,BCC+FCC,1,11.7645,0.0464,110.02,31.414,0.0746,0.0735,0.7887,0.5391,BCC+FCC,1,1.95,4.701,0.0464,0.1645,0.3261,0.114,0.5391,0.2448,BCC+FCC,1,11.7645,4.701,0.0464,0.3459,0.0735,0.5391,0.5143,BCC+FCC,1,1.5734,1.95,4.701,62.845,0.0464,31.414,0.1645,0.3261,BCC+FCC
3,8.38,14.515,0.0271,0.1047,0.1014,FCC,3,12.482,0.0271,79.65,19.204,0.035,0.0564,0.6649,0.3429,FCC,3,1.8,4.8065,0.0271,0.1047,0.1628,0.1014,0.3429,0.1309,FCC,3,12.482,4.8065,0.0271,0.1932,0.0564,0.3429,0.3208,FCC,3,9.6597,1.8,4.8065,58.345,0.0271,19.204,0.1047,0.1628,FCC
4,7.874,14.655,0.0344,0.1318,0.1039,FCC,4,12.1233,0.0344,65.605,20.115,0.0453,0.0552,0.6341,0.3354,FCC,4,1.85,4.6555,0.0344,0.1318,0.2275,0.1039,0.3354,0.1227,FCC,4,12.1233,4.6555,0.0344,0.2584,0.0552,0.3354,0.2599,FCC,4,10.7414,1.85,4.6555,61.725,0.0344,20.115,0.1318,0.2275,FCC
4,8.0135,14.445,0.029,0.1196,0.0902,FCC,4,12.5945,0.029,77.035,21.405,0.0461,0.0639,0.6411,0.3578,FCC,4,2,4.8055,0.029,0.1196,0.2274,0.0902,0.3578,0.1393,FCC,4,12.5945,4.8055,0.029,0.2422,0.0639,0.3578,0.3226,FCC,4,5.6392,2,4.8055,60.945,0.029,21.405,0.1196,0.2274,FCC
1,7.0945,15.72,0.0427,0.1646,0.1099,BCC+FCC,1,11.9774,0.0427,61.34,23.15,0.0665,0.0772,0.7899,0.3802,BCC+FCC,1,2.2,4.73,0.0427,0.1646,0.3624,0.1099,0.3802,0.105,BCC+FCC,1,11.9774,4.73,0.0427,0.3698,0.0772,0.3802,0.2074,BCC+FCC,1,1.5975,2.2,4.73,63.2,0.0427,23.15,0.1646,0.3624,BCC+FCC
1,7.398,14.275,0.0504,0.2085,0.1117,BCC+FCC,1,12.3696,0.0504,83.36,14.611,0.0747,0.0612,0.628,0.4186,BCC+FCC,1,1.95,4.675,0.0504,0.2085,0.2931,0.1117,0.4186,0.1267,BCC+FCC,1,12.3696,4.675,0.0504,0.3312,0.0612,0.4186,0.3916,BCC+FCC,1,1.7519,1.95,4.675,45.97,0.0504,14.611,0.2085,0.2931,BCC+FCC
3,8.339,13.08,0.0335,0.1577,0.1324,FCC,3,11.4299,0.0335,67.6,19.669,0.0495,0.063,0.557,0.3275,FCC,3,2,4.8465,0.0335,0.1577,0.17,0.1324,0.3275,0.1425,FCC,3,11.4299,4.8465,0.0335,0.1925,0.063,0.3275,0.2939,FCC,3,4.3463,2,4.8465,71.315,0.0335,19.669,0.1577,0.17,FCC
1,6.9905,14.055,0.0509,0.2038,0.0975,BCC+FCC,1,12.9821,0.0509,74.325,24.4455,0.077,0.0713,0.659,0.4585,BCC+FCC,1,2.15,4.664,0.0509,0.2038,0.3305,0.0975,0.4585,0.1486,BCC+FCC,1,12.9821,4.664,0.0509,0.3503,0.0713,0.4585,0.3663,BCC+FCC,1,1.1494,2.15,4.664,54.905,0.0509,24.4455,0.2038,0.3305,BCC+FCC
1,7.327,15.18,0.0465,0.1782,0.1018,BCC+FCC,1,11.7645,0.0465,79.325,24.325,0.0715,0.0752,0.8119,0.4228,BCC+FCC,1,2.2,4.8325,0.0465,0.1782,0.3422,0.1018,0.4228,0.1333,BCC+FCC,1,11.7645,4.8325,0.0465,0.3518,0.0752,0.4228,0.3095,BCC+FCC,1,1.1356,2.2,4.8325,58.535,0.0465,24.325,0.1782,0.3422,BCC+FCC
1,7.1545,15.125,0.0541,0.2026,0.1059,BCC+FCC,1,11.8937,0.0541,86.195,23.602,0.0789,0.0764,0.8217,0.4613,BCC+FCC,1,2.2,4.8165,0.0541,0.2026,0.3599,0.1059,0.4613,0.1334,BCC+FCC,1,11.8937,4.8165,0.0541,0.3754,0.0764,0.4613,0.3441,BCC+FCC,1,0.9223,2.2,4.8165,53.485,0.0541,23.602,0.2026,0.3599,BCC+FCC
1,6.917,15.52,0.0477,0.1844,0.11,BCC+FCC,1,12.482,0.0477,75.72,24.715,0.0736,0.0781,0.8045,0.4344,BCC+FCC,1,2.25,4.7315,0.0477,0.1844,0.3785,0.11,0.4344,0.1312,BCC+FCC,1,12.482,4.7315,0.0477,0.3855,0.0781,0.4344,0.2917,BCC+FCC,1,1.134,2.25,4.7315,57.805,0.0477,24.715,0.1844,0.3785,BCC+FCC
4,8.13,13.265,0.028,0.1176,0.071,FCC,4,11.4995,0.028,63.96,20.238,0.0445,0.0659,0.534,0.3195,FCC,4,2.05,4.824,0.028,0.1176,0.1752,0.071,0.3195,0.1462,FCC,4,11.4995,4.824,0.028,0.2021,0.0659,0.3195,0.3252,FCC,4,3.282,2.05,4.824,65.485,0.028,20.238,0.1176,0.1752,FCC
3,8.0715,13.24,0.0251,0.1113,0.071,FCC,3,10.9586,0.0251,65.4,20.89,0.043,0.0633,0.4444,0.3461,FCC,3,2.05,4.7765,0.0251,0.1113,0.1747,0.071,0.3461,0.1528,FCC,3,10.9586,4.7765,0.0251,0.1946,0.0633,0.3461,0.3733,FCC,3,3.4196,2.05,4.7765,61.12,0.0251,20.89,0.1113,0.1747,FCC
1,7.2475,13.67,0.0463,0.1805,0.1214,BCC+FCC,1,12.0349,0.0463,53.8,19.4485,0.0671,0.0791,0.5837,0.3139,BCC+FCC,1,2.15,4.6895,0.0463,0.1805,0.2929,0.1214,0.3139,0.0969,BCC+FCC,1,12.0349,4.6895,0.0463,0.3337,0.0791,0.3139,0.1865,BCC+FCC,1,1.4561,2.15,4.6895,67.455,0.0463,19.4485,0.1805,0.2929,BCC+FCC
4,7.8445,15.985,0.0248,0.1038,0.1704,FCC,4,12.2933,0.0248,146.34,15.855,0.0846,0.0874,0.6719,0.2652,FCC,4,2.05,4.5665,0.0248,0.1038,0.1679,0.1704,0.2652,0.1922,FCC,4,12.2933,4.5665,0.0248,0.1927,0.0874,0.2652,0.3274,FCC,4,3.3847,2.05,4.5665,69.87,0.0248,15.855,0.1038,0.1679,FCC
4,7.4825,16.425,0.0253,0.1059,0.1699,FCC,4,11.8937,0.0253,145.29,18.251,0.0828,0.0784,0.6652,0.3009,FCC,4,2.1,4.4905,0.0253,0.1059,0.2242,0.1699,0.3009,0.1934,FCC,4,11.8937,4.4905,0.0253,0.229,0.0784,0.3009,0.332,FCC,4,2.6525,2.1,4.4905,67.085,0.0253,18.251,0.1059,0.2242,FCC
1,7.4555,14.905,0.054,0.2068,0.1341,BCC+FCC,1,12.1233,0.054,124.45,21.3775,0.0891,0.0825,0.8057,0.4539,BCC+FCC,1,2.1,4.775,0.054,0.2068,0.2959,0.1341,0.4539,0.1635,BCC+FCC,1,12.1233,4.775,0.054,0.3262,0.0825,0.4539,0.4599,BCC+FCC,1,0.9962,2.1,4.775,51.175,0.054,21.3775,0.2068,0.2959,BCC+FCC
1,8.0085,13.21,0.0479,0.1638,0.1005,BCC+FCC,1,12.2237,0.0479,35.85,22.986,0.0571,0.0503,0.5071,0.3598,BCC+FCC,1,1.5,4.639,0.0479,0.1638,0.1754,0.1005,0.3598,0.1661,BCC+FCC,1,12.2237,4.639,0.0479,0.2649,0.0503,0.3598,0.2929,BCC+FCC,1,3.8072,1.5,4.639,73.77,0.0479,22.986,0.1638,0.1754,BCC+FCC
1,7.7995,13.705,0.0516,0.1753,0.1059,BCC+FCC,1,12.8408,0.0516,29.725,24.208,0.0639,0.0614,0.5213,0.3803,BCC+FCC,1,1.6,4.6855,0.0516,0.1753,0.2355,0.1059,0.3803,0.164,BCC+FCC,1,12.8408,4.6855,0.0516,0.3057,0.0614,0.3803,0.2918,BCC+FCC,1,67.5434,1.6,4.6855,73.035,0.0516,24.208,0.1753,0.2355,BCC+FCC
1,7.5395,14.815,0.0435,0.1602,0.1088,BCC+FCC,1,12.2237,0.0435,46.2,21.266,0.0579,0.0608,0.6018,0.3496,BCC+FCC,1,1.85,4.6345,0.0435,0.1602,0.279,0.1088,0.3496,0.1057,BCC+FCC,1,12.2237,4.6345,0.0435,0.3167,0.0608,0.3496,0.2048,BCC+FCC,1,19.0537,1.85,4.6345,67.095,0.0435,21.266,0.1602,0.279,BCC+FCC
1,7.0695,13.905,0.0479,0.1798,0.1023,BCC+FCC,1,13.0295,0.0479,39.225,23.647,0.0687,0.0682,0.593,0.3872,BCC+FCC,1,1.9,4.6335,0.0479,0.1798,0.322,0.1023,0.3872,0.1553,BCC+FCC,1,13.0295,4.6335,0.0479,0.3661,0.0682,0.3872,0.2606,BCC+FCC,1,2.8028,1.9,4.6335,74.645,0.0479,23.647,0.1798,0.322,BCC+FCC
1,7.074,14.415,0.0506,0.1908,0.1052,BCC+FCC,1,13.0295,0.0506,41.25,27.004,0.0679,0.051,0.623,0.435,BCC+FCC,1,1.75,4.5585,0.0506,0.1908,0.3223,0.1052,0.435,0.1652,BCC+FCC,1,13.0295,4.5585,0.0506,0.3804,0.051,0.435,0.2919,BCC+FCC,1,12.9659,1.75,4.5585,69.26,0.0506,27.004,0.1908,0.3223,BCC+FCC
1,6.948,14.925,0.053,0.1897,0.1116,BCC+FCC,1,12.5825,0.053,31.5,25.325,0.0733,0.076,0.6318,0.4121,BCC+FCC,1,2,4.6875,0.053,0.1897,0.364,0.1116,0.4121,0.1403,BCC+FCC,1,12.5825,4.6875,0.053,0.3993,0.076,0.4121,0.2519,BCC+FCC,1,1.8431,2,4.6875,70.55,0.053,25.325,0.1897,0.364,BCC+FCC
1,7.621,15.585,0.0508,0.1788,0.1248,BCC+FCC,1,12.3696,0.0508,112,23.335,0.0782,0.0432,1.1212,0.3939,BCC+FCC,1,1.55,4.478,0.0508,0.1788,0.2333,0.1248,0.3939,0.1761,BCC+FCC,1,12.3696,4.478,0.0508,0.3158,0.0432,0.3939,0.3064,BCC+FCC,1,4.3813,1.55,4.478,67.015,0.0508,23.335,0.1788,0.2333,BCC+FCC
1,7.432,13.76,0.0493,0.1867,0.1173,BCC+FCC,1,12.5108,0.0493,85.9,26.228,0.0732,0.0369,1.0696,0.4008,BCC+FCC,1,1.5,4.483,0.0493,0.1867,0.2322,0.1173,0.4008,0.2023,BCC+FCC,1,12.5108,4.483,0.0493,0.3288,0.0369,0.4008,0.3085,BCC+FCC,1,4.7823,1.5,4.483,75.56,0.0493,26.228,0.1867,0.2322,BCC+FCC
1,7.35,13.065,0.0434,0.1863,0.0813,BCC+FCC,1,11.1762,0.0434,44.2,18.578,0.0702,0.0739,0.5049,0.3342,BCC+FCC,1,2.05,4.6885,0.0434,0.1863,0.2701,0.0813,0.3342,0.1324,BCC+FCC,1,11.1762,4.6885,0.0434,0.3076,0.0739,0.3342,0.2366,BCC+FCC,1,1.3406,2.05,4.6885,72.695,0.0434,18.578,0.1863,0.2701,BCC+FCC
1,7.001,14.325,0.0448,0.1806,0.1001,BCC+FCC,1,11.2766,0.0448,45.4,21.1775,0.0707,0.0766,0.5981,0.3617,BCC+FCC,1,2.15,4.675,0.0448,0.1806,0.3368,0.1001,0.3617,0.1147,BCC+FCC,1,11.2766,4.675,0.0448,0.3586,0.0766,0.3617,0.2066,BCC+FCC,1,1.2335,2.15,4.675,70.375,0.0448,21.1775,0.1806,0.3368,BCC+FCC
1,6.7935,14.99,0.0508,0.1932,0.1098,BCC+FCC,1,11.3007,0.0508,39.15,23.777,0.0756,0.0808,0.6511,0.3961,BCC+FCC,1,2.2,4.6965,0.0508,0.1932,0.3766,0.1098,0.3961,0.1141,BCC+FCC,1,11.3007,4.6965,0.0508,0.3971,0.0808,0.3961,0.2114,BCC+FCC,1,1.03,2.2,4.6965,67.845,0.0508,23.777,0.1932,0.3766,BCC+FCC
1,6.9405,11.03,0.0416,0.1665,0.1242,BCC+FCC,1,12.4412,0.0416,39.08,21.222,0.0616,0.0521,0.3977,0.3462,BCC+FCC,1,1.85,4.503,0.0416,0.1665,0.2343,0.1242,0.3462,0.1797,BCC+FCC,1,12.4412,4.503,0.0416,0.293,0.0521,0.3462,0.2881,BCC+FCC,1,2.455,1.85,4.503,78.37,0.0416,21.222,0.1665,0.2343,BCC+FCC
1,7.253,13.465,0.0432,0.1718,0.1129,BCC+FCC,1,11.6353,0.0432,46.71,17.63,0.0654,0.0767,0.525,0.304,BCC+FCC,1,2.1,4.6745,0.0432,0.1718,0.2871,0.1129,0.304,0.1004,BCC+FCC,1,11.6353,4.6745,0.0432,0.3257,0.0767,0.304,0.1829,BCC+FCC,1,1.5923,2.1,4.6745,72.74,0.0432,17.63,0.1718,0.2871,BCC+FCC
1,6.9945,13.985,0.0445,0.1678,0.1133,BCC+FCC,1,12.482,0.0445,63.2,19.51,0.0733,0.077,0.9924,0.3521,BCC+FCC,1,2,4.631,0.0445,0.1678,0.3198,0.1133,0.3521,0.1514,BCC+FCC,1,12.482,4.631,0.0445,0.3518,0.077,0.3521,0.2386,BCC+FCC,1,1.7431,2,4.631,77.975,0.0445,19.51,0.1678,0.3198,BCC+FCC
1,7.5805,13.165,0.0474,0.2053,0.0929,BCC+FCC,1,11.6353,0.0474,42,21.028,0.0728,0.0719,0.5037,0.3521,BCC+FCC,1,1.95,4.706,0.0474,0.2053,0.245,0.0929,0.3521,0.1247,BCC+FCC,1,11.6353,4.706,0.0474,0.2987,0.0719,0.3521,0.2428,BCC+FCC,1,1.6531,1.95,4.706,67.33,0.0474,21.028,0.2053,0.245,BCC+FCC
1,7.767,14.575,0.0448,0.1691,0.1139,BCC+FCC,1,12.047,0.0448,41.1,20.436,0.0601,0.0665,0.5759,0.3334,BCC+FCC,1,1.85,4.702,0.0448,0.1691,0.2523,0.1139,0.3334,0.0946,BCC+FCC,1,12.047,4.702,0.0448,0.2908,0.0665,0.3334,0.1867,BCC+FCC,1,4.8826,1.85,4.702,65.32,0.0448,20.436,0.1691,0.2523,BCC+FCC
1,7.873,15.065,0.0461,0.1706,0.1223,BCC+FCC,1,11.8937,0.0461,31.4,20.62,0.0608,0.0649,0.5822,0.3499,BCC+FCC,1,1.75,4.717,0.0461,0.1706,0.2529,0.1223,0.3499,0.091,BCC+FCC,1,11.8937,4.717,0.0461,0.2902,0.0649,0.3499,0.1895,BCC+FCC,1,5.5614,1.75,4.717,61.9,0.0461,20.62,0.1706,0.2529,BCC+FCC
1,7.614,15.655,0.0511,0.185,0.1267,BCC+FCC,1,12.0349,0.0511,25.725,21.0135,0.0671,0.0675,0.6058,0.3758,BCC+FCC,1,1.8,4.706,0.0511,0.185,0.3006,0.1267,0.3758,0.0874,BCC+FCC,1,12.0349,4.706,0.0511,0.3333,0.0675,0.3758,0.1854,BCC+FCC,1,2.9675,1.8,4.706,59.285,0.0511,21.0135,0.185,0.3006,BCC+FCC
1,7.0885,14.85,0.0429,0.181,0.1071,BCC+FCC,1,11.2766,0.0429,46.375,21.469,0.0694,0.0761,0.6193,0.355,BCC+FCC,1,2.15,4.6825,0.0429,0.181,0.338,0.1071,0.355,0.0908,BCC+FCC,1,11.2766,4.6825,0.0429,0.3586,0.0761,0.355,0.1672,BCC+FCC,1,1.3648,2.15,4.6825,67.015,0.0429,21.469,0.181,0.338,BCC+FCC
1,6.9475,14.43,0.047,0.1881,0.1144,BCC+FCC,1,11.2766,0.047,48.46,21.287,0.0717,0.0784,0.5967,0.3528,BCC+FCC,1,2.2,4.665,0.047,0.1881,0.3404,0.1144,0.3528,0.0928,BCC+FCC,1,11.2766,4.665,0.047,0.3658,0.0784,0.3528,0.1708,BCC+FCC,1,1.1327,2.2,4.665,67.145,0.047,21.287,0.1881,0.3404,BCC+FCC
4,8.3835,12.3,0.0321,0.1201,0.065,FCC,4,12.8408,0.0321,62.71,19.572,0.0454,0.0599,0.575,0.32,FCC,4,1.75,4.81,0.0321,0.1201,0.0785,0.065,0.32,0.1916,FCC,4,12.8408,4.81,0.0321,0.1708,0.0599,0.32,0.3593,FCC,4,56.8741,1.75,4.81,75.32,0.0321,19.572,0.1201,0.0785,FCC
2,8.5505,12.865,0.0225,0.0867,0.0487,FCC,2,11.3007,0.0225,67.75,18.177,0.0308,0.0573,0.5771,0.293,FCC,2,1.9,4.8925,0.0225,0.0867,0.0625,0.0487,0.293,0.1626,FCC,2,11.3007,4.8925,0.0225,0.1248,0.0573,0.293,0.3336,FCC,2,67.843,1.9,4.8925,71.845,0.0225,18.177,0.0867,0.0625,FCC
3,8.449,12.885,0.0242,0.0919,0.0634,FCC,3,11.9774,0.0242,61.7,19.256,0.0304,0.0585,0.5273,0.3067,FCC,3,1.85,4.8025,0.0242,0.0919,0.0657,0.0634,0.3067,0.1646,FCC,3,11.9774,4.8025,0.0242,0.1344,0.0585,0.3067,0.3405,FCC,3,13.203,1.85,4.8025,69.88,0.0242,19.256,0.0919,0.0657,FCC
2,8.497,12.985,0.0228,0.0901,0.0637,FCC,2,12.047,0.0228,65.82,20.56,0.0302,0.057,0.5351,0.327,FCC,2,1.85,4.8275,0.0228,0.0901,0.0642,0.0637,0.327,0.1684,FCC,2,12.047,4.8275,0.0228,0.1315,0.057,0.327,0.3669,FCC,2,14.1485,1.85,4.8275,67.825,0.0228,20.56,0.0901,0.0642,FCC
3,8.594,12.315,0.0369,0.1726,0.1556,FCC,3,11.1762,0.0369,78.805,22.87,0.0499,0.0567,0.5933,0.3629,FCC,3,1.85,4.925,0.0369,0.1726,0.0647,0.1556,0.3629,0.1903,FCC,3,11.1762,4.925,0.0369,0.167,0.0567,0.3629,0.4294,FCC,3,3.2594,1.85,4.925,69.075,0.0369,22.87,0.1726,0.0647,FCC
3,8.143,11.69,0.0371,0.1465,0.0695,FCC,3,11.7933,0.0371,49.4,13.224,0.0538,0.0705,0.4871,0.2453,FCC,3,1.9,4.79,0.0371,0.1465,0.1102,0.0695,0.2453,0.1545,FCC,3,11.7933,4.79,0.0371,0.2006,0.0705,0.2453,0.2779,FCC,3,3.3938,1.9,4.79,78.21,0.0371,13.224,0.1465,0.1102,FCC
4,8.215,12.145,0.0311,0.1314,0.0674,FCC,4,12.047,0.0311,58.35,20.248,0.0479,0.0657,0.4605,0.3224,FCC,4,1.95,4.7925,0.0311,0.1314,0.1063,0.0674,0.3224,0.1691,FCC,4,12.047,4.7925,0.0311,0.1782,0.0657,0.3224,0.3709,FCC,4,3.9502,1.95,4.7925,68.085,0.0311,20.248,0.1314,0.1063,FCC
4,7.942,14.61,0.0258,0.1076,0.1651,FCC,4,11.8937,0.0258,159.295,6.959,0.0829,0.0836,0.7483,0.1712,FCC,4,1.9,4.535,0.0258,0.1076,0.0748,0.1651,0.1712,0.1574,FCC,4,11.8937,4.535,0.0258,0.1565,0.0836,0.1712,0.2213,FCC,4,6.5363,1.9,4.535,82.035,0.0258,6.959,0.1076,0.0748,FCC
4,7.856,14.255,0.0265,0.1087,0.1632,FCC,4,12.0349,0.0265,158.42,9.27,0.0813,0.0782,0.7396,0.1882,FCC,4,1.85,4.5025,0.0265,0.1087,0.0727,0.1632,0.1882,0.1665,FCC,4,12.0349,4.5025,0.0265,0.1574,0.0782,0.1882,0.2252,FCC,4,7.9703,1.85,4.5025,83.6,0.0265,9.27,0.1087,0.0727,FCC
1,7.952,14.455,0.0288,0.1128,0.1647,FCC,1,12.9821,0.0288,152.07,12.621,0.0835,0.084,0.699,0.2568,FCC,1,1.85,4.5525,0.0288,0.1128,0.0809,0.1647,0.2568,0.2144,FCC,1,12.9821,4.5525,0.0288,0.1625,0.084,0.2568,0.3115,FCC,1,6.6366,1.85,4.5525,79.49,0.0288,12.621,0.1128,0.0809,FCC
1,7.897,14.67,0.0315,0.1211,0.1736,FCC,1,12.8287,0.0315,165.76,14.245,0.0862,0.0871,0.6949,0.2694,FCC,1,1.8,4.5325,0.0315,0.1211,0.0851,0.1736,0.2694,0.2284,FCC,1,12.8287,4.5325,0.0315,0.1747,0.0871,0.2694,0.3137,FCC,1,5.9472,1.8,4.5325,80.965,0.0315,14.245,0.1211,0.0851,FCC
1,8.8015,13.35,0.0275,0.1466,0.148,FCC,1,12.0349,0.0275,80.595,22.135,0.0345,0.0501,0.5868,0.3699,FCC,1,1.8,4.8975,0.0275,0.1466,0.0552,0.148,0.3699,0.1405,FCC,1,12.0349,4.8975,0.0275,0.1277,0.0501,0.3699,0.3416,FCC,1,8.9613,1.8,4.8975,64.605,0.0275,22.135,0.1466,0.0552,FCC
1,7.938,13.48,0.048,0.2014,0.1143,BCC+FCC,1,12.6521,0.048,63.795,20.328,0.0673,0.0549,0.6352,0.391,BCC+FCC,1,1.7,4.6595,0.048,0.2014,0.1907,0.1143,0.391,0.1359,BCC+FCC,1,12.6521,4.6595,0.048,0.2643,0.0549,0.391,0.33,BCC+FCC,1,8.0386,1.7,4.6595,56.515,0.048,20.328,0.2014,0.1907,BCC+FCC
1,7.933,13.335,0.0459,0.1985,0.1075,BCC+FCC,1,12.8408,0.0459,67.6,20.604,0.067,0.0569,0.6195,0.3969,BCC+FCC,1,1.75,4.677,0.0459,0.1985,0.1904,0.1075,0.3969,0.1403,BCC+FCC,1,12.8408,4.677,0.0459,0.2602,0.0569,0.3969,0.3502,BCC+FCC,1,5.5645,1.75,4.677,56.17,0.0459,20.604,0.1985,0.1904,BCC+FCC
1,8.467,13.505,0.0269,0.1255,0.0815,FCC,1,12.2933,0.0269,75.9,20.88,0.0428,0.0574,0.6181,0.3472,FCC,1,1.85,4.859,0.0269,0.1255,0.1175,0.0815,0.3472,0.142,FCC,1,12.2933,4.859,0.0269,0.1667,0.0574,0.3472,0.3436,FCC,1,13.1751,1.85,4.859,61.64,0.0269,20.88,0.1255,0.1175,FCC
3,8.7205,13.63,0.0296,0.1611,0.1874,FCC,3,12.2237,0.0296,80.8,19.106,0.0359,0.0552,0.6206,0.3351,FCC,3,1.75,4.8575,0.0296,0.1611,0.0414,0.1874,0.3351,0.1344,FCC,3,12.2237,4.8575,0.0296,0.1486,0.0552,0.3351,0.3489,FCC,3,67.3216,1.75,4.8575,58.68,0.0296,19.106,0.1611,0.0414,FCC
3,8.6095,12.995,0.0287,0.1561,0.1637,FCC,3,11.3007,0.0287,73.24,20.595,0.0359,0.0579,0.5056,0.3345,FCC,3,1.9,4.86,0.0287,0.1561,0.0496,0.1637,0.3345,0.15,FCC,3,11.3007,4.86,0.0287,0.1372,0.0579,0.3345,0.3787,FCC,3,6.2982,1.9,4.86,61.755,0.0287,20.595,0.1561,0.0496,FCC
3,8.561,13.26,0.0302,0.1609,0.1811,FCC,3,11.5758,0.0302,71.04,19.076,0.0353,0.0556,0.4914,0.3376,FCC,3,1.8,4.7775,0.0302,0.1609,0.0528,0.1811,0.3376,0.1449,FCC,3,11.5758,4.7775,0.0302,0.1503,0.0556,0.3376,0.3808,FCC,3,49.4067,1.8,4.7775,58.08,0.0302,19.076,0.1609,0.0528,FCC
4,9.081,13.465,0.0357,0.1962,0.2105,FCC,4,12.482,0.0357,71.525,18.7275,0.0474,0.0595,0.6286,0.2985,FCC,4,1.8,4.8375,0.0357,0.1962,0.1971,0.2105,0.2985,0.1309,FCC,4,12.482,4.8375,0.0357,0.1524,0.0595,0.2985,0.2994,FCC,4,50.8175,1.8,4.8375,64.275,0.0357,18.7275,0.1962,0.1971,FCC
3,9.126,13.225,0.033,0.1923,0.1945,FCC,3,11.5758,0.033,75.84,18.948,0.0474,0.0573,0.6205,0.2987,FCC,3,1.9,4.9125,0.033,0.1923,0.1939,0.1945,0.2987,0.1375,FCC,3,11.5758,4.9125,0.033,0.1404,0.0573,0.2987,0.3175,FCC,3,8.989,1.9,4.9125,65.81,0.033,18.948,0.1923,0.1939,FCC
3,9.121,13.08,0.0321,0.1906,0.1859,FCC,3,10.9586,0.0321,77.55,19.362,0.0473,0.0559,0.587,0.3061,FCC,3,1.95,4.93,0.0321,0.1906,0.1941,0.1859,0.3061,0.1428,FCC,3,10.9586,4.93,0.0321,0.1351,0.0559,0.3061,0.3388,FCC,3,5.5861,1.95,4.93,65.465,0.0321,19.362,0.1906,0.1941,FCC
4,9.069,13.37,0.0334,0.1942,0.2034,FCC,4,12.0108,0.0334,77.04,19.105,0.0467,0.0567,0.5441,0.3276,FCC,4,1.85,4.84,0.0334,0.1942,0.1975,0.2034,0.3276,0.139,FCC,4,12.0108,4.84,0.0334,0.147,0.0567,0.3276,0.3606,FCC,4,63.9386,1.85,4.84,59.65,0.0334,19.105,0.1942,0.1975,FCC
4,8.3525,13.035,0.0292,0.1126,0.0921,FCC,4,11.9058,0.0292,55.5,17.035,0.0337,0.0617,0.5181,0.2609,FCC,4,1.85,4.75,0.0292,0.1126,0.085,0.0921,0.2609,0.1267,FCC,4,11.9058,4.75,0.0292,0.1599,0.0617,0.2609,0.255,FCC,4,11.9903,1.85,4.75,69.05,0.0292,17.035,0.1126,0.085,FCC
2,8.606,13.8,0.0274,0.1088,0.1101,FCC,2,12.377,0.0274,73.28,18.9255,0.033,0.0569,0.6553,0.3121,FCC,2,1.75,4.8475,0.0274,0.1088,0.0786,0.1101,0.3121,0.1261,FCC,2,12.377,4.8475,0.0274,0.1514,0.0569,0.3121,0.2989,FCC,2,8.4639,1.75,4.8475,61.605,0.0274,18.9255,0.1088,0.0786,FCC
4,8.463,13.575,0.0318,0.1366,0.1222,FCC,4,12.8408,0.0318,73.2,17.27,0.0432,0.0592,0.6059,0.318,FCC,4,1.75,4.7975,0.0318,0.1366,0.1016,0.1222,0.318,0.1244,FCC,4,12.8408,4.7975,0.0318,0.187,0.0592,0.318,0.3179,FCC,4,17.2687,1.75,4.7975,57.8,0.0318,17.27,0.1366,0.1016,FCC
4,8.596,13.51,0.0241,0.1042,0.0925,FCC,4,12.0349,0.0241,77,19.5465,0.0328,0.0555,0.5913,0.3257,FCC,4,1.85,4.8825,0.0241,0.1042,0.0782,0.0925,0.3257,0.1362,FCC,4,12.0349,4.8825,0.0241,0.1445,0.0555,0.3257,0.3407,FCC,4,34.8316,1.85,4.8825,60.915,0.0241,19.5465,0.1042,0.0782,FCC
4,8.6425,13.44,0.0217,0.0993,0.0809,FCC,4,11.1762,0.0217,81.6,19.9505,0.0325,0.0517,0.584,0.3335,FCC,4,1.9,4.9325,0.0217,0.0993,0.0755,0.0809,0.3335,0.1375,FCC,4,11.1762,4.9325,0.0217,0.1362,0.0517,0.3335,0.3558,FCC,4,26.7023,1.9,4.9325,60.655,0.0217,19.9505,0.0993,0.0755,FCC
1,8.2695,16.08,0.034,0.114,0.1724,FCC,1,12.8408,0.034,167.36,13.5475,0.0865,0.089,0.8152,0.2214,FCC,1,1.85,4.615,0.034,0.114,0.0788,0.1724,0.2214,0.1683,FCC,1,12.8408,4.615,0.034,0.169,0.089,0.2214,0.2826,FCC,1,94.4604,1.85,4.615,71.635,0.034,13.5475,0.114,0.0788,FCC
1,8.288,16.92,0.0327,0.1158,0.1769,FCC,1,11.8937,0.0327,154.595,18.03,0.0901,0.0851,0.6382,0.2981,FCC,1,1.8,4.5725,0.0327,0.1158,0.0806,0.1769,0.2981,0.2137,FCC,1,11.8937,4.5725,0.0327,0.1725,0.0851,0.2981,0.4244,FCC,1,20.0624,1.8,4.5725,61.19,0.0327,18.03,0.1158,0.0806,FCC
1,8.3345,16.85,0.0313,0.1112,0.1806,FCC,1,11.6353,0.0313,150.465,18.46,0.0909,0.0903,0.6134,0.3062,FCC,1,1.85,4.6225,0.0313,0.1112,0.0804,0.1806,0.3062,0.2178,FCC,1,11.6353,4.6225,0.0313,0.1646,0.0903,0.3062,0.4459,FCC,1,18.9544,1.85,4.6225,60.93,0.0313,18.46,0.1112,0.0804,FCC
3,8.401,13.66,0.0194,0.0747,0.0932,FCC,3,10.4995,0.0194,77.395,19.77,0.0399,0.0597,0.5079,0.3231,FCC,3,1.9,4.7275,0.0194,0.0747,0.062,0.0932,0.3231,0.168,FCC,3,10.4995,4.7275,0.0194,0.1136,0.0597,0.3231,0.3988,FCC,3,8.1045,1.9,4.7275,61.55,0.0194,19.77,0.0747,0.062,FCC
4,8.654,12.615,0.0329,0.16,0.1225,FCC,4,10.9586,0.0329,76.9,22.2565,0.0466,0.0545,0.5024,0.3642,FCC,4,1.95,4.9225,0.0329,0.16,0.0874,0.1225,0.3642,0.1479,FCC,4,10.9586,4.9225,0.0329,0.1485,0.0545,0.3642,0.3632,FCC,4,5.0836,1.95,4.9225,66.185,0.0329,22.2565,0.16,0.0874,FCC
1,8.065,14.92,0.0337,0.1372,0.1623,FCC,1,11.9774,0.0337,151.115,11.85,0.0865,0.0923,0.8189,0.2291,FCC,1,2,4.669,0.0337,0.1372,0.1266,0.1623,0.2291,0.17,FCC,1,11.9774,4.669,0.0337,0.1866,0.0923,0.2291,0.2835,FCC,1,2.6403,2,4.669,74.2,0.0337,11.85,0.1372,0.1266,FCC
1,7.84,13.35,0.044,0.1917,0.1149,BCC+FCC,1,12.1233,0.044,92.58,19.425,0.0827,0.0829,0.8928,0.3315,BCC+FCC,1,2,4.7445,0.044,0.1917,0.1911,0.1149,0.3315,0.1656,BCC+FCC,1,12.1233,4.7445,0.044,0.2487,0.0829,0.3315,0.3236,BCC+FCC,1,1.5179,2,4.7445,68.99,0.044,19.425,0.1917,0.1911,BCC+FCC
1,7.8125,13.895,0.0442,0.1899,0.1366,BCC+FCC,1,13.0871,0.0442,122.33,22.0245,0.0874,0.0853,0.8187,0.367,BCC+FCC,1,2,4.7095,0.0442,0.1899,0.1914,0.1366,0.367,0.1865,BCC+FCC,1,13.0871,4.7095,0.0442,0.2468,0.0853,0.367,0.3922,BCC+FCC,1,1.6532,2,4.7095,64.535,0.0442,22.0245,0.1899,0.1914,BCC+FCC
4,8.4755,12.525,0.0354,0.1734,0.1563,FCC,4,11.4299,0.0354,64.88,19.592,0.0457,0.0648,0.5241,0.3038,FCC,4,1.95,4.8575,0.0354,0.1734,0.0811,0.1563,0.3038,0.1474,FCC,4,11.4299,4.8575,0.0354,0.167,0.0648,0.3038,0.3381,FCC,4,2.9424,1.95,4.8575,66.165,0.0354,19.592,0.1734,0.0811,FCC
4,8.399,12.895,0.0318,0.1604,0.1764,FCC,4,10.9586,0.0318,66.26,13.264,0.0518,0.0729,0.6842,0.2254,FCC,4,1.95,4.7725,0.0318,0.1604,0.0622,0.1764,0.2254,0.1446,FCC,4,10.9586,4.7725,0.0318,0.1475,0.0729,0.2254,0.2702,FCC,4,3.6022,1.95,4.7725,73.735,0.0318,13.264,0.1604,0.0622,FCC
1,8.533,14.755,0.0372,0.1679,0.2253,FCC,1,11.217,0.0372,138.4,18.641,0.0805,0.0869,0.7671,0.2925,FCC,1,1.95,4.82,0.0372,0.1679,0.0676,0.2253,0.2925,0.19,FCC,1,11.217,4.82,0.0372,0.1611,0.0869,0.2925,0.3949,FCC,1,2.5096,1.95,4.82,67.13,0.0372,18.641,0.1679,0.0676,FCC
4,7.9505,15.59,0.027,0.1145,0.1922,FCC,4,11.8937,0.027,164.255,9.4075,0.0878,0.0901,0.675,0.1793,FCC,4,2,4.53,0.027,0.1145,0.0901,0.1922,0.1793,0.1708,FCC,4,11.8937,4.53,0.027,0.163,0.0901,0.1793,0.2644,FCC,4,4.2937,2,4.53,74.925,0.027,9.4075,0.1145,0.0901,FCC
3,11.246,7.005,0.0396,0.6162,0.1285,BCC,3,11.6353,0.0396,45.2,10.6565,0.111,0.0627,0.3774,0.37,BCC,3,1.65,4.1625,0.0396,0.6162,0.2935,0.1285,0.37,0.0555,BCC,3,11.6353,4.1625,0.0396,0.2294,0.0627,0.37,0.2023,BCC,3,15.452,1.65,4.1625,38.985,0.0396,10.6565,0.6162,0.2935,BCC
1,8.17,14.975,0.047,0.1552,0.1381,BCC+FCC,1,12.0108,0.047,133.3,19.884,0.0791,0.0552,1.0234,0.324,BCC+FCC,1,1.45,4.5125,0.047,0.1552,0.0886,0.1381,0.324,0.1793,BCC+FCC,1,12.0108,4.5125,0.047,0.2261,0.0552,0.324,0.295,BCC+FCC,1,2.4143,1.45,4.5125,72.155,0.047,19.884,0.1552,0.0886,BCC+FCC
1,7.8555,14.59,0.0356,0.1448,0.1929,FCC,1,12.047,0.0356,164.64,6.78,0.0872,0.092,0.81,0.1565,FCC,1,1.95,4.555,0.0356,0.1448,0.1066,0.1929,0.1565,0.1373,FCC,1,12.047,4.555,0.0356,0.2037,0.092,0.1565,0.2066,FCC,1,3.2575,1.95,4.555,79.45,0.0356,6.78,0.1448,0.1066,FCC
3,10.8595,6.88,0.0361,0.5535,0.132,BCC,3,12.0349,0.0361,38.9,13.0395,0.1059,0.0456,0.3221,0.4342,BCC,3,1.65,4.145,0.0361,0.5535,0.3182,0.132,0.4342,0.0796,BCC,3,12.0349,4.145,0.0361,0.1915,0.0456,0.4342,0.2825,BCC,3,288.6736,1.65,4.145,40.555,0.0361,13.0395,0.5535,0.3182,BCC
3,11.3495,6.96,0.0389,0.4508,0.1343,BCC,3,11.5758,0.0389,48.27,15.928,0.1358,0.052,0.4053,0.5427,BCC,3,1.65,4.1505,0.0389,0.4508,0.3153,0.1343,0.5427,0.0696,BCC,3,11.5758,4.1505,0.0389,0.1296,0.052,0.5427,0.2386,BCC,3,15.545,1.65,4.1505,42.93,0.0389,15.928,0.4508,0.3153,BCC
3,11.286,6.4,0.0402,0.3835,0.1556,BCC,3,12.9458,0.0402,68.64,37.756,0.1738,0.0342,0.4628,0.4789,BCC,3,1.5,4.405,0.0402,0.3835,0.3918,0.1556,0.4789,0.1113,BCC,3,12.9458,4.405,0.0402,0.0907,0.0342,0.4789,0.2498,BCC,3,8.0123,1.5,4.405,84.83,0.0402,37.756,0.3835,0.3918,BCC
3,9.243,6.7,0.0416,0.3018,0.1633,BCC,3,11.2766,0.0416,58.92,38.062,0.1558,0.0332,0.3981,0.4967,BCC,3,1.45,4.415,0.0416,0.3018,0.3713,0.1633,0.4967,0.1096,BCC,3,11.2766,4.415,0.0416,0.0907,0.0332,0.4967,0.254,BCC,3,9.4561,1.45,4.415,80.285,0.0416,38.062,0.3018,0.3713,BCC
3,10.1555,7.06,0.0426,0.4727,0.1369,BCC,3,11.7645,0.0426,40.95,13.362,0.1238,0.0455,0.3624,0.4462,BCC,3,1.55,4.21,0.0426,0.4727,0.3258,0.1369,0.4462,0.0661,BCC,3,11.7645,4.21,0.0426,0.1062,0.0455,0.4462,0.2135,BCC,3,113.6097,1.55,4.21,46.84,0.0426,13.362,0.4727,0.3258,BCC
4,9.952,6.55,0.0419,0.3646,0.1474,BCC,4,11.5758,0.0419,51.945,34.648,0.1669,0.0431,0.342,0.4542,BCC,4,1.5,4.3925,0.0419,0.3646,0.3476,0.1474,0.4542,0.0994,BCC,4,11.5758,4.3925,0.0419,0.107,0.0431,0.4542,0.2259,BCC,4,12.1092,1.5,4.3925,80.39,0.0419,34.648,0.3646,0.3476,BCC
3,9.628,6.765,0.0419,0.4841,0.1135,BCC,3,12.0349,0.0419,35.82,12.805,0.1434,0.0504,0.3105,0.5515,BCC,3,1.65,4.1375,0.0419,0.4841,0.2996,0.1135,0.5515,0.0676,BCC,3,12.0349,4.1375,0.0419,0.1296,0.0504,0.5515,0.2497,BCC,3,55.3455,1.65,4.1375,39.195,0.0419,12.805,0.4841,0.2996,BCC
4,9.7015,7.075,0.0373,0.4671,0.1502,BCC,4,12.4412,0.0373,42.44,9.706,0.083,0.0433,0.3547,0.4594,BCC,4,1.9,4.0985,0.0373,0.4671,0.4304,0.1502,0.4594,0.0571,BCC,4,12.4412,4.0985,0.0373,0.0952,0.0433,0.4594,0.2349,BCC,4,17.1796,1.9,4.0985,30.835,0.0373,9.706,0.4671,0.4304,BCC
2,7.434,7.525,0.0423,0.3904,0.1557,BCC,2,10.9586,0.0423,44.355,6.86,0.0783,0.0391,0.3976,0.4314,BCC,2,1.95,4.148,0.0423,0.3904,0.4817,0.1557,0.4314,0.0467,BCC,2,10.9586,4.148,0.0423,0.0732,0.0391,0.4314,0.2211,BCC,2,30.6607,1.95,4.148,25.9,0.0423,6.86,0.3904,0.4817,BCC
3,9.5185,6.655,0.0441,0.5049,0.1378,BCC,3,12.6875,0.0441,23.15,15.4525,0.0946,0.0373,0.2108,0.4716,BCC,3,1.9,4.125,0.0441,0.5049,0.4214,0.1378,0.4716,0.0767,BCC,3,12.6875,4.125,0.0441,0.1118,0.0373,0.4716,0.2824,BCC,3,169.8767,1.9,4.125,37.175,0.0441,15.4525,0.5049,0.4214,BCC
4,9.9135,6.695,0.0401,0.5035,0.1266,BCC,4,12.8408,0.0401,29.93,12.5555,0.0979,0.0412,0.2558,0.4126,BCC,4,1.8,4.1125,0.0401,0.5035,0.3691,0.1266,0.4126,0.0644,BCC,4,12.8408,4.1125,0.0401,0.1118,0.0412,0.4126,0.2393,BCC,4,28.1047,1.8,4.1125,36.305,0.0401,12.5555,0.5035,0.3691,BCC
4,9.217,6.77,0.0431,0.4803,0.1353,BCC,4,12.9458,0.0431,28.28,13.37,0.0973,0.0385,0.2467,0.4225,BCC,4,1.8,4.14,0.0431,0.4803,0.3922,0.1353,0.4225,0.0692,BCC,4,12.9458,4.14,0.0431,0.1111,0.0385,0.4225,0.2581,BCC,4,51.5536,1.8,4.14,36.85,0.0431,13.37,0.4803,0.3922,BCC
2,10.017,6.77,0.0409,0.4993,0.1284,BCC,2,12.8408,0.0409,33.135,11.96,0.0984,0.0421,0.277,0.388,BCC,2,1.75,4.125,0.0409,0.4993,0.3584,0.1284,0.388,0.0617,BCC,2,12.8408,4.125,0.0409,0.1111,0.0421,0.388,0.225,BCC,2,23.1856,1.75,4.125,37.38,0.0409,11.96,0.4993,0.3584,BCC
2,9.51,6.73,0.0368,0.4471,0.136,BCC,2,12.9821,0.0368,31.68,14.01,0.0926,0.0363,0.2688,0.4369,BCC,2,1.75,4.1575,0.0368,0.4471,0.4002,0.136,0.4369,0.0724,BCC,2,12.9821,4.1575,0.0368,0.1093,0.0363,0.4369,0.2676,BCC,2,24.4101,1.75,4.1575,38.4,0.0368,14.01,0.4471,0.4002,BCC
4,11.204,6.85,0.0429,0.5182,0.1398,BCC,4,12.9245,0.0429,34.4,14.064,0.0893,0.0402,0.2942,0.3764,BCC,4,1.75,4.1625,0.0429,0.5182,0.3612,0.1398,0.3764,0.0678,BCC,4,12.9245,4.1625,0.0429,0.1026,0.0402,0.3764,0.2183,BCC,4,23.7103,1.75,4.1625,44.32,0.0429,14.064,0.5182,0.3612,BCC
4,10.2255,6.915,0.0383,0.452,0.1372,BCC,4,12.8287,0.0383,33.36,12.4925,0.0854,0.0356,0.3015,0.3711,BCC,4,1.65,4.1925,0.0383,0.452,0.3823,0.1372,0.3711,0.0687,BCC,4,12.8287,4.1925,0.0383,0.0975,0.0356,0.3711,0.2327,BCC,4,24.2485,1.65,4.1925,43.025,0.0383,12.4925,0.452,0.3823,BCC
4,9.8675,7.015,0.0399,0.4474,0.1472,BCC,4,12.6875,0.0399,31.6,12.356,0.0807,0.032,0.2895,0.3566,BCC,4,1.65,4.2125,0.0399,0.4474,0.3993,0.1472,0.3566,0.07,BCC,4,12.6875,4.2125,0.0399,0.0912,0.032,0.3566,0.2331,BCC,4,39.6289,1.65,4.2125,44.055,0.0399,12.356,0.4474,0.3993,BCC
4,7.9765,12.98,0.0367,0.1423,0.0899,FCC,4,13.6225,0.0367,59.7,22.84,0.0512,0.0532,0.5797,0.3666,FCC,4,1.7,4.659,0.0367,0.1423,0.1716,0.0899,0.3666,0.1849,FCC,4,13.6225,4.659,0.0367,0.2393,0.0532,0.3666,0.3478,FCC,4,9.5312,1.7,4.659,71,0.0367,22.84,0.1423,0.1716,FCC
2,8.1575,13,0.0323,0.1235,0.0684,FCC,2,13.0175,0.0323,65.41,19.9,0.0489,0.0644,0.6132,0.3272,FCC,2,1.9,4.824,0.0323,0.1235,0.17,0.0684,0.3272,0.1736,FCC,2,13.0175,4.824,0.0323,0.2125,0.0644,0.3272,0.3358,FCC,2,6.23,1.9,4.824,72.85,0.0323,19.9,0.1235,0.17,FCC
3,8.176,12.965,0.0369,0.1378,0.0799,FCC,3,13.6225,0.0369,65.63,22.413,0.0542,0.063,0.6664,0.3583,FCC,3,1.8,4.8315,0.0369,0.1378,0.1727,0.0799,0.3583,0.1892,FCC,3,13.6225,4.8315,0.0369,0.2291,0.063,0.3583,0.3654,FCC,3,8.3391,1.8,4.8315,72.79,0.0369,22.413,0.1378,0.1727,FCC
3,8.1245,12.89,0.0367,0.1373,0.0792,FCC,3,13.8809,0.0367,65.72,22.3535,0.0535,0.0632,0.6382,0.3583,FCC,3,1.8,4.799,0.0367,0.1373,0.1727,0.0792,0.3583,0.1903,FCC,3,13.8809,4.799,0.0367,0.2294,0.0632,0.3583,0.3648,FCC,3,9.8443,1.8,4.799,72.705,0.0367,22.3535,0.1373,0.1727,FCC
2,8.2055,13.1,0.0316,0.1226,0.0687,FCC,2,13.0175,0.0316,71.075,21.7065,0.0489,0.0626,0.6276,0.3497,FCC,2,1.9,4.849,0.0316,0.1226,0.1698,0.0687,0.3497,0.18,FCC,2,13.0175,4.849,0.0316,0.2109,0.0626,0.3497,0.3655,FCC,2,6.0574,1.9,4.849,70.795,0.0316,21.7065,0.1226,0.1698,FCC
1,7.743,13.485,0.0483,0.1714,0.1021,BCC+FCC,1,14.0696,0.0483,42.415,24.554,0.0626,0.0599,0.6383,0.387,BCC+FCC,1,1.65,4.6705,0.0483,0.1714,0.2346,0.1021,0.387,0.1773,BCC+FCC,1,14.0696,4.6705,0.0483,0.3026,0.0599,0.387,0.316,BCC+FCC,1,773.4904,1.65,4.6705,72.605,0.0483,24.554,0.1714,0.2346,BCC+FCC
1,7.693,13.58,0.0478,0.1732,0.1016,BCC+FCC,1,13.6346,0.0478,45.61,25.3925,0.0613,0.0502,0.6333,0.4026,BCC+FCC,1,1.6,4.613,0.0478,0.1732,0.2337,0.1016,0.4026,0.1797,BCC+FCC,1,13.6346,4.613,0.0478,0.3063,0.0502,0.4026,0.324,BCC+FCC,1,8.5789,1.6,4.613,70.725,0.0478,25.3925,0.1732,0.2337,BCC+FCC
1,7.5525,12.81,0.0431,0.1705,0.094,BCC+FCC,1,13.6346,0.0431,46.595,24.2565,0.0617,0.0508,0.5841,0.3805,BCC+FCC,1,1.65,4.598,0.0431,0.1705,0.2321,0.094,0.3805,0.1904,BCC+FCC,1,13.6346,4.598,0.0431,0.3049,0.0508,0.3805,0.3149,BCC+FCC,1,37.0965,1.65,4.598,75.795,0.0431,24.2565,0.1705,0.2321,BCC+FCC
1,7.8755,13.77,0.045,0.1602,0.1019,BCC+FCC,1,14.2397,0.045,49.45,23.784,0.0608,0.0656,0.7073,0.3806,BCC+FCC,1,1.75,4.753,0.045,0.1602,0.2338,0.1019,0.3806,0.171,BCC+FCC,1,14.2397,4.753,0.045,0.287,0.0656,0.3806,0.3236,BCC+FCC,1,9.5889,1.75,4.753,70.78,0.045,23.784,0.1602,0.2338,BCC+FCC
1,7.838,13.15,0.0467,0.1636,0.0911,BCC+FCC,1,13.3809,0.0467,44.28,22.232,0.0646,0.0688,0.6956,0.3598,BCC+FCC,1,1.8,4.803,0.0467,0.1636,0.2354,0.0911,0.3598,0.1841,BCC+FCC,1,13.3809,4.803,0.0467,0.2904,0.0688,0.3598,0.3243,BCC+FCC,1,3.829,1.8,4.803,76.02,0.0467,22.232,0.1636,0.2354,BCC+FCC
1,7.844,13.83,0.0502,0.1736,0.1064,BCC+FCC,1,14.0984,0.0502,46.36,26.54,0.0638,0.0601,0.7363,0.4239,BCC+FCC,1,1.6,4.703,0.0502,0.1736,0.2357,0.1064,0.4239,0.1884,BCC+FCC,1,14.0984,4.703,0.0502,0.3034,0.0601,0.4239,0.3591,BCC+FCC,1,352.9766,1.6,4.703,68.84,0.0502,26.54,0.1736,0.2357,BCC+FCC
1,7.8455,14,0.0511,0.1758,0.1068,BCC+FCC,1,13.8401,0.0511,46.96,26.7195,0.0636,0.0563,0.7466,0.4377,BCC+FCC,1,1.55,4.678,0.0511,0.1758,0.2358,0.1068,0.4377,0.1888,BCC+FCC,1,13.8401,4.678,0.0511,0.3061,0.0563,0.4377,0.3671,BCC+FCC,1,15.9695,1.55,4.678,67.045,0.0511,26.7195,0.1758,0.2358,BCC+FCC
1,7.7875,13.61,0.0474,0.1697,0.1025,BCC+FCC,1,14.5697,0.0474,59.58,26.8,0.0625,0.0588,0.7212,0.4302,BCC+FCC,1,1.65,4.688,0.0474,0.1697,0.235,0.1025,0.4302,0.1978,BCC+FCC,1,14.5697,4.688,0.0474,0.3002,0.0588,0.4302,0.3808,BCC+FCC,1,135.8713,1.65,4.688,68.41,0.0474,26.8,0.1697,0.235,BCC+FCC
1,7.8665,14.015,0.043,0.1595,0.1037,BCC+FCC,1,14.3234,0.043,75.7,25.388,0.0591,0.0574,0.7146,0.4502,BCC+FCC,1,1.7,4.7055,0.043,0.1595,0.2334,0.1037,0.4502,0.1919,BCC+FCC,1,14.3234,4.7055,0.043,0.2877,0.0574,0.4502,0.4185,BCC+FCC,1,217.7672,1.7,4.7055,62.565,0.043,25.388,0.1595,0.2334,BCC+FCC
1,7.3105,13.195,0.0524,0.1896,0.1003,BCC+FCC,1,14.0221,0.0524,40.15,28.212,0.0688,0.0586,0.6608,0.4247,BCC+FCC,1,1.65,4.6195,0.0524,0.1896,0.2828,0.1003,0.4247,0.2041,BCC+FCC,1,14.0221,4.6195,0.0524,0.354,0.0586,0.4247,0.3348,BCC+FCC,1,9.3291,1.65,4.6195,74.915,0.0524,28.212,0.1896,0.2828,BCC+FCC
1,7.259,13.12,0.0502,0.1865,0.0984,BCC+FCC,1,13.8809,0.0502,42.06,28.144,0.0672,0.0529,0.6471,0.425,BCC+FCC,1,1.65,4.587,0.0502,0.1865,0.2809,0.0984,0.425,0.2044,BCC+FCC,1,13.8809,4.587,0.0502,0.3515,0.0529,0.425,0.333,BCC+FCC,1,15.2941,1.65,4.587,74.83,0.0502,28.144,0.1865,0.2809,BCC+FCC
1,7.444,14.015,0.0537,0.1904,0.1042,BCC+FCC,1,13.7759,0.0537,57.925,29.418,0.0681,0.0523,0.7844,0.4902,BCC+FCC,1,1.6,4.6195,0.0537,0.1904,0.2844,0.1042,0.4902,0.2124,BCC+FCC,1,13.7759,4.6195,0.0537,0.3533,0.0523,0.4902,0.4089,BCC+FCC,1,294.6051,1.6,4.6195,65.565,0.0537,29.418,0.1904,0.2844,BCC+FCC
1,7.555,13.995,0.0444,0.164,0.0985,BCC+FCC,1,14.5697,0.0444,69.13,26.271,0.0648,0.0684,0.7384,0.4275,BCC+FCC,1,1.9,4.7445,0.0444,0.164,0.2824,0.0985,0.4275,0.1881,BCC+FCC,1,14.5697,4.7445,0.0444,0.3194,0.0684,0.4275,0.3744,BCC+FCC,1,3.4696,1.9,4.7445,67.39,0.0444,26.271,0.164,0.2824,BCC+FCC
1,7.781,15.485,0.0414,0.1577,0.1151,BCC+FCC,1,13.7759,0.0414,79.675,19.695,0.0591,0.0615,0.8165,0.4213,BCC+FCC,1,1.8,4.7345,0.0414,0.1577,0.2806,0.1151,0.4213,0.1426,BCC+FCC,1,13.7759,4.7345,0.0414,0.3107,0.0615,0.4213,0.3505,BCC+FCC,1,8.6905,1.8,4.7345,55.025,0.0414,19.695,0.1577,0.2806,BCC+FCC
1,7.395,12.935,0.0496,0.1744,0.0909,BCC+FCC,1,13.4171,0.0496,72.2,31.029,0.0697,0.0678,0.7357,0.4667,BCC+FCC,1,1.8,4.7295,0.0496,0.1744,0.2847,0.0909,0.4667,0.2401,BCC+FCC,1,13.4171,4.7295,0.0496,0.3328,0.0678,0.4667,0.4367,BCC+FCC,1,2.585,1.8,4.7295,71.91,0.0496,31.029,0.1744,0.2847,BCC+FCC
1,7.5975,14.315,0.0439,0.1636,0.1028,BCC+FCC,1,13.9813,0.0439,87.13,25.808,0.0639,0.0626,0.7089,0.4908,BCC+FCC,1,1.85,4.7295,0.0439,0.1636,0.2827,0.1028,0.4908,0.1975,BCC+FCC,1,13.9813,4.7295,0.0439,0.3194,0.0626,0.4908,0.4624,BCC+FCC,1,4.5126,1.85,4.7295,59.26,0.0439,25.808,0.1636,0.2827,BCC+FCC
1,7.4585,13.715,0.043,0.1615,0.0957,BCC+FCC,1,13.6225,0.043,82.55,28.542,0.0642,0.0611,0.6575,0.4998,BCC+FCC,1,1.85,4.6895,0.043,0.1615,0.2822,0.0957,0.4998,0.2191,BCC+FCC,1,13.6225,4.6895,0.043,0.318,0.0611,0.4998,0.477,BCC+FCC,1,3.9488,1.85,4.6895,62.535,0.043,28.542,0.1615,0.2822,BCC+FCC
1,7.5115,13.96,0.0455,0.1685,0.1009,BCC+FCC,1,13.6225,0.0455,86.005,27.8425,0.0653,0.0604,0.6968,0.5114,BCC+FCC,1,1.8,4.697,0.0455,0.1685,0.2833,0.1009,0.5114,0.216,BCC+FCC,1,13.6225,4.697,0.0455,0.3261,0.0604,0.5114,0.4842,BCC+FCC,1,4.8871,1.8,4.697,60.825,0.0455,27.8425,0.1685,0.2833,BCC+FCC
1,7.4015,15.885,0.0552,0.1879,0.1126,BCC+FCC,1,13.1634,0.0552,38.6,22.958,0.0682,0.0592,0.8052,0.4483,BCC+FCC,1,1.7,4.6385,0.0552,0.1879,0.3265,0.1126,0.4483,0.1398,BCC+FCC,1,13.1634,4.6385,0.0552,0.3697,0.0592,0.4483,0.2995,BCC+FCC,1,8.4215,1.7,4.6385,58.86,0.0552,22.958,0.1879,0.3265,BCC+FCC
1,7.375,15.435,0.0464,0.1699,0.1139,BCC+FCC,1,14.0696,0.0464,57.265,23.485,0.0646,0.0691,0.7922,0.4042,BCC+FCC,1,1.95,4.6985,0.0464,0.1699,0.3242,0.1139,0.4042,0.1304,BCC+FCC,1,14.0696,4.6985,0.0464,0.3511,0.0691,0.4042,0.2703,BCC+FCC,1,3.7438,1.95,4.6985,62.165,0.0464,23.485,0.1699,0.3242,BCC+FCC
1,7.17,14.615,0.0526,0.1915,0.108,BCC+FCC,1,14.4284,0.0526,52.58,28.255,0.0694,0.0577,0.7874,0.4754,BCC+FCC,1,1.75,4.6085,0.0526,0.1915,0.3252,0.108,0.4754,0.1887,BCC+FCC,1,14.4284,4.6085,0.0526,0.3795,0.0577,0.4754,0.3603,BCC+FCC,1,7.6197,1.75,4.6085,65.15,0.0526,28.255,0.1915,0.3252,BCC+FCC
1,6.992,13.225,0.0487,0.179,0.0967,BCC+FCC,1,13.8809,0.0487,48.95,28.332,0.07,0.068,0.7203,0.4325,BCC+FCC,1,1.85,4.6435,0.0487,0.179,0.3224,0.0967,0.4325,0.2125,BCC+FCC,1,13.8809,4.6435,0.0487,0.3657,0.068,0.4325,0.3448,BCC+FCC,1,2.4498,1.85,4.6435,75.46,0.0487,28.332,0.179,0.3224,BCC+FCC
1,7.3855,14.915,0.048,0.1719,0.108,BCC+FCC,1,13.8401,0.048,59.55,25.555,0.0684,0.0733,0.8245,0.4237,BCC+FCC,1,2,4.7735,0.048,0.1719,0.3258,0.108,0.4237,0.1596,BCC+FCC,1,13.8401,4.7735,0.048,0.3524,0.0733,0.4237,0.3238,BCC+FCC,1,2.2833,2,4.7735,65.35,0.048,25.555,0.1719,0.3258,BCC+FCC
1,7.4665,15.125,0.0437,0.1607,0.1037,BCC+FCC,1,12.8046,0.0437,70.24,24.526,0.0658,0.0733,0.8231,0.4089,BCC+FCC,1,2.1,4.8235,0.0437,0.1607,0.3249,0.1037,0.4089,0.1463,BCC+FCC,1,12.8046,4.8235,0.0437,0.339,0.0733,0.4089,0.3121,BCC+FCC,1,1.8471,2.1,4.8235,63.44,0.0437,24.526,0.1607,0.3249,BCC+FCC
1,7.33,15.23,0.0464,0.1733,0.1114,BCC+FCC,1,14.4284,0.0464,80.1,23.8135,0.0659,0.0634,0.7878,0.4712,BCC+FCC,1,1.9,4.676,0.0464,0.1733,0.3249,0.1114,0.4712,0.1703,BCC+FCC,1,14.4284,4.676,0.0464,0.3564,0.0634,0.4712,0.3904,BCC+FCC,1,4.3972,1.9,4.676,57.395,0.0464,23.8135,0.1733,0.3249,BCC+FCC
1,7.4595,15.175,0.042,0.1576,0.103,BCC+FCC,1,13.0871,0.042,85.48,24.426,0.0649,0.0713,0.7791,0.4371,BCC+FCC,1,2.1,4.8085,0.042,0.1576,0.3246,0.103,0.4371,0.1556,BCC+FCC,1,13.0871,4.8085,0.042,0.3363,0.0713,0.4371,0.3636,BCC+FCC,1,1.9667,2.1,4.8085,59.16,0.042,24.426,0.1576,0.3246,BCC+FCC
1,7.507,15.64,0.0426,0.1618,0.1123,BCC+FCC,1,12.9458,0.0426,97.295,18.8725,0.0644,0.0663,0.7634,0.4546,BCC+FCC,1,2,4.776,0.0426,0.1618,0.3249,0.1123,0.4546,0.1485,BCC+FCC,1,12.9458,4.776,0.0426,0.3413,0.0663,0.4546,0.4044,BCC+FCC,1,2.6094,2,4.776,51.375,0.0426,18.8725,0.1618,0.3249,BCC+FCC
1,6.9605,15.265,0.0428,0.169,0.1078,BCC+FCC,1,12.6233,0.0428,53.98,23.404,0.0675,0.075,0.7265,0.3864,BCC+FCC,1,2.15,4.6725,0.0428,0.169,0.3608,0.1078,0.3864,0.1169,BCC+FCC,1,12.6233,4.6725,0.0428,0.376,0.075,0.3864,0.2204,BCC+FCC,1,1.7979,2.15,4.6725,66.82,0.0428,23.404,0.169,0.3608,BCC+FCC
1,6.9445,14.95,0.0521,0.1876,0.1111,BCC+FCC,1,13.7759,0.0521,43.47,26.628,0.0726,0.0744,0.7639,0.4332,BCC+FCC,1,2,4.68,0.0521,0.1876,0.3638,0.1111,0.4332,0.1571,BCC+FCC,1,13.7759,4.68,0.0521,0.3972,0.0744,0.4332,0.2887,BCC+FCC,1,2.0817,2,4.68,68.41,0.0521,26.628,0.1876,0.3638,BCC+FCC
1,6.857,14.425,0.0516,0.186,0.1064,BCC+FCC,1,13.4171,0.0516,43.18,26.869,0.0729,0.075,0.7411,0.4296,BCC+FCC,1,2,4.6725,0.0516,0.186,0.3625,0.1064,0.4296,0.1715,BCC+FCC,1,13.4171,4.6725,0.0516,0.3963,0.075,0.4296,0.2971,BCC+FCC,1,1.8198,2,4.6725,71.77,0.0516,26.869,0.186,0.3625,BCC+FCC
1,6.974,15.085,0.0472,0.1758,0.1081,BCC+FCC,1,13.6346,0.0472,56.57,25.722,0.0703,0.0756,0.7892,0.4241,BCC+FCC,1,2.1,4.6975,0.0472,0.1758,0.3628,0.1081,0.4241,0.1511,BCC+FCC,1,13.6346,4.6975,0.0472,0.3832,0.0756,0.4241,0.2895,BCC+FCC,1,1.8372,2.1,4.6975,66.415,0.0472,25.722,0.1758,0.3628,BCC+FCC
1,6.9205,15.205,0.0454,0.174,0.1094,BCC+FCC,1,14.3234,0.0454,68.54,26.215,0.068,0.0675,0.7757,0.4529,BCC+FCC,1,2.05,4.6325,0.0454,0.174,0.3611,0.1094,0.4529,0.1628,BCC+FCC,1,14.3234,4.6325,0.0454,0.3828,0.0675,0.4529,0.3284,BCC+FCC,1,2.5805,2.05,4.6325,62.395,0.0454,26.215,0.174,0.3611,BCC+FCC
1,7.039,14.98,0.0532,0.1851,0.1095,BCC+FCC,1,13.1587,0.0532,56.335,28.0355,0.0741,0.0769,0.8708,0.4596,BCC+FCC,1,2.05,4.755,0.0532,0.1851,0.366,0.1095,0.4596,0.1771,BCC+FCC,1,13.1587,4.755,0.0532,0.3924,0.0769,0.4596,0.3467,BCC+FCC,1,1.5926,2.05,4.755,66.095,0.0532,28.0355,0.1851,0.366,BCC+FCC
1,7.1225,15.895,0.0525,0.1864,0.1172,BCC+FCC,1,13.9646,0.0525,79.55,23.091,0.0714,0.0685,0.8912,0.4958,BCC+FCC,1,1.95,4.6975,0.0525,0.1864,0.366,0.1172,0.4958,0.1648,BCC+FCC,1,13.9646,4.6975,0.0525,0.3941,0.0685,0.4958,0.3898,BCC+FCC,1,2.6298,1.95,4.6975,54.865,0.0525,23.091,0.1864,0.366,BCC+FCC
1,6.9805,14.955,0.0493,0.1773,0.1075,BCC+FCC,1,13.9646,0.0493,78.8,28.373,0.0715,0.0727,0.8144,0.4961,BCC+FCC,1,2.05,4.7075,0.0493,0.1773,0.3644,0.1075,0.4961,0.1915,BCC+FCC,1,13.9646,4.7075,0.0493,0.3849,0.0727,0.4961,0.4045,BCC+FCC,1,1.8777,2.05,4.7075,61.73,0.0493,28.373,0.1773,0.3644,BCC+FCC
1,7.119,15.92,0.0515,0.1848,0.1166,BCC+FCC,1,13.6346,0.0515,87.945,21.3275,0.0708,0.0667,0.8619,0.5038,BCC+FCC,1,1.95,4.69,0.0515,0.1848,0.3659,0.1166,0.5038,0.1667,BCC+FCC,1,13.6346,4.69,0.0515,0.3928,0.0667,0.5038,0.4134,BCC+FCC,1,2.6884,1.95,4.69,52.725,0.0515,21.3275,0.1848,0.3659,BCC+FCC
1,7.0095,15.455,0.0455,0.1704,0.1101,BCC+FCC,1,13.3763,0.0455,90.05,23.267,0.0681,0.066,0.7446,0.5054,BCC+FCC,1,2.05,4.6675,0.0455,0.1704,0.3633,0.1101,0.5054,0.1768,BCC+FCC,1,13.3763,4.6675,0.0455,0.3779,0.066,0.5054,0.433,BCC+FCC,1,2.319,2.05,4.6675,54.005,0.0455,23.267,0.1704,0.3633,BCC+FCC
1,6.9735,15.005,0.0474,0.1715,0.1066,BCC+FCC,1,13.3763,0.0474,90.28,27.075,0.0701,0.0694,0.7558,0.5276,BCC+FCC,1,2.05,4.6925,0.0474,0.1715,0.364,0.1066,0.5276,0.1978,BCC+FCC,1,13.3763,4.6925,0.0474,0.3786,0.0694,0.5276,0.4576,BCC+FCC,1,1.8981,2.05,4.6925,57.45,0.0474,27.075,0.1715,0.364,BCC+FCC
1,6.975,15.175,0.0483,0.1759,0.1094,BCC+FCC,1,13.3763,0.0483,90.955,25.577,0.0698,0.066,0.7644,0.5353,BCC+FCC,1,2,4.6675,0.0483,0.1759,0.3641,0.1094,0.5353,0.1956,BCC+FCC,1,13.3763,4.6675,0.0483,0.3844,0.066,0.5353,0.463,BCC+FCC,1,2.2774,2,4.6675,55.655,0.0483,25.577,0.1759,0.3641,BCC+FCC
1,7.0905,15.665,0.0422,0.1608,0.1082,BCC+FCC,1,12.6995,0.0422,92.355,21.283,0.0668,0.0697,0.7137,0.4733,BCC+FCC,1,2.15,4.7175,0.0422,0.1608,0.3634,0.1082,0.4733,0.1572,BCC+FCC,1,12.6995,4.7175,0.0422,0.3661,0.0697,0.4733,0.4096,BCC+FCC,1,1.8037,2.15,4.7175,52.095,0.0422,21.283,0.1608,0.3634,BCC+FCC
1,7.121,12.9,0.05,0.1898,0.1008,BCC+FCC,1,13.4459,0.05,79.28,33.084,0.0711,0.0575,0.6946,0.5458,BCC+FCC,1,1.75,4.6235,0.05,0.1898,0.2996,0.1008,0.5458,0.2502,BCC+FCC,1,13.4459,4.6235,0.05,0.3488,0.0575,0.5458,0.5021,BCC+FCC,1,2.8513,1.75,4.6235,64.895,0.05,33.084,0.1898,0.2996,BCC+FCC
1,7.1725,14.32,0.0475,0.1924,0.1086,BCC+FCC,1,13.3763,0.0475,79.54,21.192,0.0717,0.0611,0.6373,0.4827,BCC+FCC,1,2,4.64,0.0475,0.1924,0.3156,0.1086,0.4827,0.1635,BCC+FCC,1,13.3763,4.64,0.0475,0.3429,0.0611,0.4827,0.4368,BCC+FCC,1,1.9323,2,4.64,51.68,0.0475,21.192,0.1924,0.3156,BCC+FCC
1,7.0345,14.89,0.0433,0.1762,0.1099,BCC+FCC,1,13.0871,0.0433,78.12,22.529,0.0676,0.0597,0.665,0.4682,BCC+FCC,1,2.05,4.6125,0.0433,0.1762,0.3375,0.1099,0.4682,0.1629,BCC+FCC,1,13.0871,4.6125,0.0433,0.3548,0.0597,0.4682,0.3973,BCC+FCC,1,2.2205,2.05,4.6125,54.03,0.0433,22.529,0.1762,0.3375,BCC+FCC
1,6.741,15.2,0.0494,0.1894,0.1158,BCC+FCC,1,13.6346,0.0494,85.15,23.661,0.0723,0.0617,0.7473,0.5254,BCC+FCC,1,2.05,4.6015,0.0494,0.1894,0.3758,0.1158,0.5254,0.1788,BCC+FCC,1,13.6346,4.6015,0.0494,0.3953,0.0617,0.5254,0.4342,BCC+FCC,1,1.9032,2.05,4.6015,53.065,0.0494,23.661,0.1894,0.3758,BCC+FCC
1,7.7435,12.315,0.046,0.1743,0.1197,BCC+FCC,1,13.3046,0.046,71.12,23.259,0.0629,0.0607,0.4916,0.4613,BCC+FCC,1,1.8,4.674,0.046,0.1743,0.1975,0.1197,0.4613,0.1993,BCC+FCC,1,13.3046,4.674,0.046,0.2727,0.0607,0.4613,0.498,BCC+FCC,1,4.7563,1.8,4.674,59.235,0.046,23.259,0.1743,0.1975,BCC+FCC
1,7.4145,13.31,0.0433,0.1771,0.1364,BCC+FCC,1,13.6225,0.0433,55.65,20.636,0.061,0.0533,0.5377,0.3817,BCC+FCC,1,1.9,4.5705,0.0433,0.1771,0.2453,0.1364,0.3817,0.152,BCC+FCC,1,13.6225,4.5705,0.0433,0.3069,0.0533,0.3817,0.3427,BCC+FCC,1,6.3863,1.9,4.5705,59.83,0.0433,20.636,0.1771,0.2453,BCC+FCC
1,7.684,13.365,0.0472,0.1759,0.1175,BCC+FCC,1,13.4813,0.0472,81.1,26.061,0.0642,0.0562,0.6448,0.5014,BCC+FCC,1,1.7,4.673,0.0472,0.1759,0.2415,0.1175,0.5014,0.2139,BCC+FCC,1,13.4813,4.673,0.0472,0.3072,0.0562,0.5014,0.4952,BCC+FCC,1,11.2543,1.7,4.673,60.065,0.0472,26.061,0.1759,0.2415,BCC+FCC
1,7.485,12.555,0.045,0.1664,0.1119,BCC+FCC,1,13.1634,0.045,74.56,27.158,0.0644,0.0616,0.5309,0.4948,BCC+FCC,1,1.85,4.6655,0.045,0.1664,0.2448,0.1119,0.4948,0.2208,BCC+FCC,1,13.1634,4.6655,0.045,0.2927,0.0616,0.4948,0.5105,BCC+FCC,1,3.0234,1.85,4.6655,61.56,0.045,27.158,0.1664,0.2448,BCC+FCC
1,7.2245,13.88,0.0455,0.1836,0.1238,BCC+FCC,1,13.1587,0.0455,53.995,24.98,0.063,0.0364,0.6179,0.4186,BCC+FCC,1,1.75,4.5195,0.0455,0.1836,0.2819,0.1238,0.4186,0.1662,BCC+FCC,1,13.1587,4.5195,0.0455,0.3466,0.0364,0.4186,0.3126,BCC+FCC,1,32.1912,1.75,4.5195,66.42,0.0455,24.98,0.1836,0.2819,BCC+FCC
1,7.847,13.3,0.0473,0.1727,0.1088,BCC+FCC,1,12.5537,0.0473,69.17,25.5715,0.0656,0.0372,0.8968,0.395,BCC+FCC,1,1.45,4.5465,0.0473,0.1727,0.176,0.1088,0.395,0.2022,BCC+FCC,1,12.5537,4.5465,0.0473,0.2802,0.0372,0.395,0.3408,BCC+FCC,1,2.9633,1.45,4.5465,72.935,0.0473,25.5715,0.1727,0.176,BCC+FCC
1,7.5965,12.96,0.0479,0.1825,0.1256,BCC+FCC,1,12.6995,0.0479,114.54,26.945,0.0752,0.047,1.0146,0.3809,BCC+FCC,1,1.4,4.4915,0.0479,0.1825,0.1768,0.1256,0.3809,0.2373,BCC+FCC,1,12.6995,4.4915,0.0479,0.2983,0.047,0.3809,0.3263,BCC+FCC,1,4.5982,1.4,4.4915,80.955,0.0479,26.945,0.1825,0.1768,BCC+FCC
1,7.7405,14.18,0.0502,0.1943,0.1017,BCC+FCC,1,13.0463,0.0502,89.565,23.0065,0.0735,0.0667,0.7616,0.4699,BCC+FCC,1,1.95,4.846,0.0502,0.1943,0.2766,0.1017,0.4699,0.1556,BCC+FCC,1,13.0463,4.846,0.0502,0.3135,0.0667,0.4699,0.4227,BCC+FCC,1,1.5963,1.95,4.846,54.805,0.0502,23.0065,0.1943,0.2766,BCC+FCC
1,7.74,14.545,0.0507,0.1978,0.1155,BCC+FCC,1,13.1634,0.0507,96.04,16.78,0.0727,0.0635,0.7465,0.4671,BCC+FCC,1,1.85,4.7885,0.0507,0.1978,0.2766,0.1155,0.4671,0.144,BCC+FCC,1,13.1634,4.7885,0.0507,0.319,0.0635,0.4671,0.4341,BCC+FCC,1,2.0667,1.85,4.7885,49.075,0.0507,16.78,0.1978,0.2766,BCC+FCC
1,7.654,14.19,0.0542,0.204,0.1149,BCC+FCC,1,13.3809,0.0542,95.04,19.284,0.0745,0.0627,0.7342,0.5145,BCC+FCC,1,1.8,4.756,0.0542,0.204,0.2778,0.1149,0.5145,0.1698,BCC+FCC,1,13.3809,4.756,0.0542,0.3287,0.0627,0.5145,0.4932,BCC+FCC,1,2.2778,1.8,4.756,50.64,0.0542,19.284,0.204,0.2778,BCC+FCC
1,7.6725,15.235,0.0512,0.1881,0.1232,BCC+FCC,1,12.6995,0.0512,37.535,23.6365,0.0712,0.0705,0.8518,0.4227,BCC+FCC,1,1.85,4.806,0.0512,0.1881,0.3021,0.1232,0.4227,0.1326,BCC+FCC,1,12.6995,4.806,0.0512,0.3358,0.0705,0.4227,0.2947,BCC+FCC,1,2.0245,1.85,4.806,60.415,0.0512,23.6365,0.1881,0.3021,BCC+FCC
1,7.4405,14.62,0.057,0.208,0.1121,BCC+FCC,1,13.1634,0.057,63.46,25.3375,0.0786,0.0735,0.8636,0.4622,BCC+FCC,1,2,4.825,0.057,0.208,0.3214,0.1121,0.4622,0.1519,BCC+FCC,1,13.1634,4.825,0.057,0.3568,0.0735,0.4622,0.3612,BCC+FCC,1,1.2933,2,4.825,58.525,0.057,25.3375,0.208,0.3214,BCC+FCC
1,7.477,13.97,0.0519,0.1869,0.0994,BCC+FCC,1,13.1587,0.0519,88.865,27.93,0.0736,0.0693,0.7578,0.5087,BCC+FCC,1,1.95,4.8035,0.0519,0.1869,0.3035,0.0994,0.5087,0.2001,BCC+FCC,1,13.1587,4.8035,0.0519,0.3386,0.0693,0.5087,0.4764,BCC+FCC,1,1.6652,1.95,4.8035,60.025,0.0519,27.93,0.1869,0.3035,BCC+FCC
1,7.5595,14.35,0.0487,0.1804,0.0994,BCC+FCC,1,12.6995,0.0487,95.04,25.076,0.0716,0.0679,0.7376,0.4989,BCC+FCC,1,2,4.8285,0.0487,0.1804,0.3026,0.0994,0.4989,0.1794,BCC+FCC,1,12.6995,4.8285,0.0487,0.3298,0.0679,0.4989,0.468,BCC+FCC,1,1.5936,2,4.8285,56.32,0.0487,25.076,0.1804,0.3026,BCC+FCC
1,7.763,13.74,0.0508,0.1845,0.1284,BCC+FCC,1,13.3763,0.0508,82.45,19.57,0.0675,0.0709,0.6678,0.4111,BCC+FCC,1,1.95,4.8005,0.0508,0.1845,0.253,0.1284,0.4111,0.1456,BCC+FCC,1,13.3763,4.8005,0.0508,0.3096,0.0709,0.4111,0.3891,BCC+FCC,1,2.2377,1.95,4.8005,55.8,0.0508,19.57,0.1845,0.253,BCC+FCC
1,7.8745,14.04,0.0483,0.1757,0.1245,BCC+FCC,1,13.3763,0.0483,87.52,22.5525,0.0645,0.0603,0.7274,0.4861,BCC+FCC,1,1.7,4.7455,0.0483,0.1757,0.2416,0.1245,0.4861,0.1889,BCC+FCC,1,13.3763,4.7455,0.0483,0.3036,0.0603,0.4861,0.475,BCC+FCC,1,7.834,1.7,4.7455,56.875,0.0483,22.5525,0.1757,0.2416,BCC+FCC
1,7.429,13.55,0.0559,0.1924,0.1224,BCC+FCC,1,13.6225,0.0559,65.98,26.48,0.0732,0.0756,0.761,0.4368,BCC+FCC,1,1.95,4.782,0.0559,0.1924,0.2954,0.1224,0.4368,0.1848,BCC+FCC,1,13.6225,4.782,0.0559,0.3487,0.0756,0.4368,0.3863,BCC+FCC,1,1.7966,1.95,4.782,66.11,0.0559,26.48,0.1924,0.2954,BCC+FCC
1,7.3,12.81,0.0508,0.1804,0.1088,BCC+FCC,1,12.8287,0.0508,84.12,32.5,0.0705,0.0666,0.6885,0.5241,BCC+FCC,1,1.8,4.7045,0.0508,0.1804,0.2897,0.1088,0.5241,0.2479,BCC+FCC,1,12.8287,4.7045,0.0508,0.3391,0.0666,0.5241,0.5069,BCC+FCC,1,2.2737,1.8,4.7045,66.05,0.0508,32.5,0.1804,0.2897,BCC+FCC
1,7.416,15.125,0.0476,0.1723,0.1187,BCC+FCC,1,12.3408,0.0476,95.45,21.019,0.069,0.0715,0.7486,0.4573,BCC+FCC,1,2.1,4.816,0.0476,0.1723,0.3308,0.1187,0.4573,0.1498,BCC+FCC,1,12.3408,4.816,0.0476,0.3502,0.0715,0.4573,0.4028,BCC+FCC,1,1.5592,2.1,4.816,53.385,0.0476,21.019,0.1723,0.3308,BCC+FCC
1,7.333,15.11,0.0515,0.1836,0.1285,BCC+FCC,1,13.1634,0.0515,95.675,18.996,0.0701,0.0677,0.7533,0.496,BCC+FCC,1,1.95,4.7335,0.0515,0.1836,0.3316,0.1285,0.496,0.1671,BCC+FCC,1,13.1634,4.7335,0.0515,0.3653,0.0677,0.496,0.4553,BCC+FCC,1,2.2862,1.95,4.7335,51.36,0.0515,18.996,0.1836,0.3316,BCC+FCC
1,8.134,15.395,0.0495,0.1641,0.1395,BCC+FCC,1,12.9458,0.0495,121.34,23.115,0.0803,0.072,1.1855,0.3812,BCC+FCC,1,1.5,4.644,0.0495,0.1641,0.1774,0.1395,0.3812,0.1864,BCC+FCC,1,12.9458,4.644,0.0495,0.2632,0.072,0.3812,0.3392,BCC+FCC,1,16.5232,1.5,4.644,67.915,0.0495,23.115,0.1641,0.1774,BCC+FCC
1,8.1105,13.965,0.0475,0.1613,0.1312,BCC+FCC,1,13.4813,0.0475,99.88,22.426,0.0761,0.0758,1.0851,0.3574,BCC+FCC,1,1.65,4.7565,0.0475,0.1613,0.1782,0.1312,0.3574,0.2,BCC+FCC,1,13.4813,4.7565,0.0475,0.2592,0.0758,0.3574,0.3448,BCC+FCC,1,9.3883,1.65,4.7565,74.78,0.0475,22.426,0.1613,0.1782,BCC+FCC
1,7.819,15.4,0.0518,0.1725,0.146,BCC+FCC,1,13.7759,0.0518,121.44,22.95,0.0834,0.0809,1.1906,0.3741,BCC+FCC,1,1.7,4.6755,0.0518,0.1725,0.2366,0.146,0.3741,0.1822,BCC+FCC,1,13.7759,4.6755,0.0518,0.3028,0.0809,0.3741,0.3174,BCC+FCC,1,5.3127,1.7,4.6755,70.6,0.0518,22.95,0.1725,0.2366,BCC+FCC
1,7.6985,14.055,0.0484,0.17,0.1286,BCC+FCC,1,13.9934,0.0484,120.68,29.298,0.0769,0.0712,0.8668,0.4765,BCC+FCC,1,1.7,4.6755,0.0484,0.17,0.2373,0.1286,0.4765,0.2457,BCC+FCC,1,13.9934,4.6755,0.0484,0.3022,0.0712,0.4765,0.4727,BCC+FCC,1,5.5832,1.7,4.6755,66.88,0.0484,29.298,0.17,0.2373,BCC+FCC
1,7.764,13.32,0.0461,0.1609,0.1064,BCC+FCC,1,13.0175,0.0461,104.66,29.74,0.0722,0.0704,0.7867,0.4679,BCC+FCC,1,1.8,4.7705,0.0461,0.1609,0.2371,0.1064,0.4679,0.2432,BCC+FCC,1,13.0175,4.7705,0.0461,0.2885,0.0704,0.4679,0.4837,BCC+FCC,1,2.9441,1.8,4.7705,68.59,0.0461,29.74,0.1609,0.2371,BCC+FCC
1,7.681,13.305,0.049,0.1722,0.112,BCC+FCC,1,12.8287,0.049,104.86,31.568,0.072,0.0638,0.7906,0.5083,BCC+FCC,1,1.65,4.688,0.049,0.1722,0.2379,0.112,0.5083,0.2561,BCC+FCC,1,12.8287,4.688,0.049,0.305,0.0638,0.5083,0.5083,BCC+FCC,1,6.3365,1.65,4.688,66.565,0.049,31.568,0.1722,0.2379,BCC+FCC
1,7.6565,15.56,0.0484,0.1679,0.1388,BCC+FCC,1,13.9813,0.0484,111.175,24.2445,0.0793,0.0811,1.1072,0.4035,BCC+FCC,1,1.9,4.752,0.0484,0.1679,0.2837,0.1388,0.4035,0.178,BCC+FCC,1,13.9813,4.752,0.0484,0.3227,0.0811,0.4035,0.3476,BCC+FCC,1,2.6148,1.9,4.752,65.905,0.0484,24.2445,0.1679,0.2837,BCC+FCC
1,7.573,15.91,0.0537,0.1842,0.13,BCC+FCC,1,13.6225,0.0537,118.94,23.38,0.0787,0.0649,1.0655,0.4794,BCC+FCC,1,1.65,4.612,0.0537,0.1842,0.2847,0.13,0.4794,0.2,BCC+FCC,1,13.6225,4.612,0.0537,0.3441,0.0649,0.4794,0.4253,BCC+FCC,1,9.7791,1.65,4.612,58.15,0.0537,23.38,0.1842,0.2847,BCC+FCC
1,7.4795,14.705,0.0506,0.1752,0.1331,BCC+FCC,1,14.4284,0.0506,115.94,27.441,0.08,0.0793,1.0093,0.4418,BCC+FCC,1,1.85,4.7045,0.0506,0.1752,0.2848,0.1331,0.4418,0.2185,BCC+FCC,1,14.4284,4.7045,0.0506,0.3337,0.0793,0.4418,0.4014,BCC+FCC,1,2.6785,1.85,4.7045,68.69,0.0506,27.441,0.1752,0.2848,BCC+FCC
1,7.7275,15.87,0.048,0.1724,0.1263,BCC+FCC,1,13.3763,0.048,102.4,19.9875,0.0713,0.0647,1.0045,0.4602,BCC+FCC,1,1.7,4.6895,0.048,0.1724,0.2831,0.1263,0.4602,0.1729,BCC+FCC,1,13.3763,4.6895,0.048,0.3275,0.0647,0.4602,0.4136,BCC+FCC,1,7.2499,1.7,4.6895,54.705,0.048,19.9875,0.1724,0.2831,BCC+FCC
1,7.471,14.585,0.0475,0.1666,0.1303,BCC+FCC,1,13.8809,0.0475,122.48,28.475,0.0789,0.0788,0.8899,0.4683,BCC+FCC,1,1.9,4.7145,0.0475,0.1666,0.2844,0.1303,0.4683,0.2311,BCC+FCC,1,13.8809,4.7145,0.0475,0.3234,0.0788,0.4683,0.4522,BCC+FCC,1,2.2929,1.9,4.7145,66.205,0.0475,28.475,0.1666,0.2844,BCC+FCC
1,7.411,15.705,0.0499,0.1755,0.1281,BCC+FCC,1,13.9646,0.0499,102.1,24.952,0.0755,0.0756,1.0012,0.4649,BCC+FCC,1,1.95,4.746,0.0499,0.1755,0.3268,0.1281,0.4649,0.1787,BCC+FCC,1,13.9646,4.746,0.0499,0.3568,0.0756,0.4649,0.3974,BCC+FCC,1,2.3356,1.95,4.746,59.185,0.0499,24.952,0.1755,0.3268,BCC+FCC
1,8.054,15.3,0.0479,0.1801,0.1412,BCC+FCC,1,12.3696,0.0479,124.88,17.334,0.0771,0.0613,0.9142,0.4527,BCC+FCC,1,1.55,4.6505,0.0479,0.1801,0.203,0.1412,0.4527,0.1892,BCC+FCC,1,12.3696,4.6505,0.0479,0.2773,0.0613,0.4527,0.4767,BCC+FCC,1,50.1737,1.55,4.6505,52.915,0.0479,17.334,0.1801,0.203,BCC+FCC
1,7.3635,12.885,0.0476,0.1925,0.0822,BCC+FCC,1,13.0463,0.0476,47.47,21.605,0.0729,0.0743,0.5867,0.3716,BCC+FCC,1,2,4.7135,0.0476,0.1925,0.2724,0.0822,0.3716,0.1642,BCC+FCC,1,13.0463,4.7135,0.0476,0.3156,0.0743,0.3716,0.3003,BCC+FCC,1,1.5177,2,4.7135,72.29,0.0476,21.605,0.1925,0.2724,BCC+FCC
1,7.4595,13.085,0.0491,0.1936,0.0822,BCC+FCC,1,13.8401,0.0491,60.86,25.106,0.074,0.0738,0.6779,0.4144,BCC+FCC,1,2,4.7635,0.0491,0.1936,0.2749,0.0822,0.4144,0.1801,BCC+FCC,1,13.8401,4.7635,0.0491,0.3157,0.0738,0.4144,0.3628,BCC+FCC,1,1.5392,2,4.7635,68.18,0.0491,25.106,0.1936,0.2749,BCC+FCC
1,7.408,13.01,0.0477,0.1909,0.0821,BCC+FCC,1,13.9934,0.0477,61.74,25.0465,0.0729,0.0728,0.6511,0.4142,BCC+FCC,1,2,4.731,0.0477,0.1909,0.2736,0.0821,0.4142,0.1814,BCC+FCC,1,13.9934,4.731,0.0477,0.3128,0.0728,0.4142,0.3628,BCC+FCC,1,1.6208,2,4.731,68.095,0.0477,25.0465,0.1909,0.2736,BCC+FCC
1,7.322,12.655,0.0489,0.1924,0.0826,BCC+FCC,1,14.3234,0.0489,60.74,26.142,0.0735,0.0711,0.6385,0.4281,BCC+FCC,1,1.95,4.6985,0.0489,0.1924,0.2728,0.0826,0.4281,0.199,BCC+FCC,1,14.3234,4.6985,0.0489,0.3161,0.0711,0.4281,0.3835,BCC+FCC,1,1.7268,1.95,4.6985,69.66,0.0489,26.142,0.1924,0.2728,BCC+FCC
1,7.191,12.095,0.0473,0.1843,0.0828,BCC+FCC,1,13.6346,0.0473,72.65,31.715,0.072,0.0621,0.5995,0.5136,BCC+FCC,1,1.85,4.6435,0.0473,0.1843,0.2711,0.0828,0.5136,0.244,BCC+FCC,1,13.6346,4.6435,0.0473,0.3064,0.0621,0.5136,0.4974,BCC+FCC,1,1.8686,1.85,4.6435,66.455,0.0473,31.715,0.1843,0.2711,BCC+FCC
1,7.1355,13.78,0.0482,0.194,0.0944,BCC+FCC,1,13.4459,0.0482,58.56,24.6195,0.0741,0.075,0.6686,0.4099,BCC+FCC,1,2.1,4.695,0.0482,0.194,0.3148,0.0944,0.4099,0.1547,BCC+FCC,1,13.4459,4.695,0.0482,0.3435,0.075,0.4099,0.3083,BCC+FCC,1,1.3549,2.1,4.695,65.885,0.0482,24.6195,0.194,0.3148,BCC+FCC
1,7.101,13.5,0.051,0.1989,0.0949,BCC+FCC,1,13.9934,0.051,55.915,25.7745,0.0759,0.075,0.6803,0.4273,BCC+FCC,1,2.05,4.695,0.051,0.1989,0.3155,0.0949,0.4273,0.1732,BCC+FCC,1,13.9934,4.695,0.051,0.3503,0.075,0.4273,0.3371,BCC+FCC,1,1.406,2.05,4.695,67.535,0.051,25.7745,0.1989,0.3155,BCC+FCC
1,7.2525,13.095,0.0511,0.189,0.0909,BCC+FCC,1,13.6225,0.0511,48.7,25.128,0.074,0.0749,0.6983,0.4083,BCC+FCC,1,1.95,4.736,0.0511,0.189,0.3009,0.0909,0.4083,0.1949,BCC+FCC,1,13.6225,4.736,0.0511,0.3435,0.0749,0.4083,0.3437,BCC+FCC,1,1.6206,1.95,4.736,73.83,0.0511,25.128,0.189,0.3009,BCC+FCC
1,7.0805,13.73,0.046,0.1875,0.0938,BCC+FCC,1,13.6225,0.046,64.7,25.388,0.0722,0.0706,0.645,0.4271,BCC+FCC,1,2.1,4.655,0.046,0.1875,0.3127,0.0938,0.4271,0.1634,BCC+FCC,1,13.6225,4.655,0.046,0.3358,0.0706,0.4271,0.3382,BCC+FCC,1,1.4649,2.1,4.655,63.66,0.046,25.388,0.1875,0.3127,BCC+FCC
1,7.3865,13.55,0.051,0.1869,0.0914,BCC+FCC,1,13.3046,0.051,57.05,25.937,0.0739,0.0749,0.7539,0.4201,BCC+FCC,1,2,4.7935,0.051,0.1869,0.3023,0.0914,0.4201,0.1875,BCC+FCC,1,13.3046,4.7935,0.051,0.3389,0.0749,0.4201,0.36,BCC+FCC,1,1.5048,2,4.7935,70.21,0.051,25.937,0.1869,0.3023,BCC+FCC
1,7.059,13.925,0.0564,0.2156,0.0985,BCC+FCC,1,14.1058,0.0564,77.3,26.4475,0.0811,0.0754,0.7378,0.493,BCC+FCC,1,2.1,4.729,0.0564,0.2156,0.3348,0.0985,0.493,0.1664,BCC+FCC,1,14.1058,4.729,0.0564,0.3653,0.0754,0.493,0.4081,BCC+FCC,1,1.149,2.1,4.729,56.725,0.0564,26.4475,0.2156,0.3348,BCC+FCC
1,7.2935,13.245,0.0502,0.1846,0.0907,BCC+FCC,1,13.9646,0.0502,74.075,29.4555,0.0734,0.0719,0.7245,0.4742,BCC+FCC,1,1.95,4.746,0.0502,0.1846,0.3017,0.0907,0.4742,0.2169,BCC+FCC,1,13.9646,4.746,0.0502,0.3376,0.0719,0.4742,0.4355,BCC+FCC,1,1.6862,1.95,4.746,67.495,0.0502,29.4555,0.1846,0.3017,BCC+FCC
1,7.07,12.46,0.0465,0.1768,0.0889,BCC+FCC,1,13.7759,0.0465,71.9,32.196,0.0706,0.065,0.6693,0.4929,BCC+FCC,1,1.85,4.6485,0.0465,0.1768,0.2973,0.0889,0.4929,0.2483,BCC+FCC,1,13.7759,4.6485,0.0465,0.3302,0.065,0.4929,0.4544,BCC+FCC,1,1.9336,1.85,4.6485,70.54,0.0465,32.196,0.1768,0.2973,BCC+FCC
1,7.19,13.75,0.0512,0.1956,0.0948,BCC+FCC,1,14.2397,0.0512,81.015,27.3995,0.0759,0.0722,0.6985,0.4974,BCC+FCC,1,2.05,4.73,0.0512,0.1956,0.318,0.0948,0.4974,0.1878,BCC+FCC,1,14.2397,4.73,0.0512,0.3449,0.0722,0.4974,0.4449,BCC+FCC,1,1.4134,2.05,4.73,59.145,0.0512,27.3995,0.1956,0.318,BCC+FCC
1,7.0355,13.525,0.046,0.1816,0.0936,BCC+FCC,1,13.4459,0.046,72.12,27.119,0.0715,0.0643,0.6073,0.4961,BCC+FCC,1,2.05,4.6325,0.046,0.1816,0.3124,0.0936,0.4961,0.1929,BCC+FCC,1,13.4459,4.6325,0.046,0.328,0.0643,0.4961,0.447,BCC+FCC,1,1.5449,2.05,4.6325,58.89,0.046,27.119,0.1816,0.3124,BCC+FCC
1,7.032,12.205,0.0454,0.1746,0.0885,BCC+FCC,1,12.8287,0.0454,77.08,34.72,0.0701,0.0628,0.665,0.5219,BCC+FCC,1,1.8,4.641,0.0454,0.1746,0.2974,0.0885,0.5219,0.2663,BCC+FCC,1,12.8287,4.641,0.0454,0.3275,0.0628,0.5219,0.4905,BCC+FCC,1,1.8547,1.8,4.641,70.05,0.0454,34.72,0.1746,0.2974,BCC+FCC
1,7.3205,14.23,0.0499,0.1922,0.0945,BCC+FCC,1,13.1634,0.0499,90.45,23.6605,0.0751,0.0713,0.6811,0.4918,BCC+FCC,1,2.1,4.78,0.0499,0.1922,0.3192,0.0945,0.4918,0.1627,BCC+FCC,1,13.1634,4.78,0.0499,0.3389,0.0713,0.4918,0.4461,BCC+FCC,1,1.2545,2.1,4.78,53.385,0.0499,23.6605,0.1922,0.3192,BCC+FCC
1,6.963,14.07,0.0469,0.1831,0.0999,BCC+FCC,1,13.0871,0.0469,50.795,23.881,0.0719,0.0749,0.6655,0.3985,BCC+FCC,1,2.1,4.6675,0.0469,0.1831,0.3371,0.0999,0.3985,0.1517,BCC+FCC,1,13.0871,4.6675,0.0469,0.362,0.0749,0.3985,0.2761,BCC+FCC,1,1.4488,2.1,4.6675,69.885,0.0469,23.881,0.1831,0.3371,BCC+FCC
1,6.942,13.61,0.0522,0.1935,0.1004,BCC+FCC,1,13.8809,0.0522,49.95,27.701,0.0755,0.0756,0.739,0.4438,BCC+FCC,1,2,4.6925,0.0522,0.1935,0.3398,0.1004,0.4438,0.1953,BCC+FCC,1,13.8809,4.6925,0.0522,0.375,0.0756,0.4438,0.3493,BCC+FCC,1,1.4797,2,4.6925,71.13,0.0522,27.701,0.1935,0.3398,BCC+FCC
1,6.873,14.395,0.0514,0.1998,0.1051,BCC+FCC,1,13.9646,0.0514,66.74,26.557,0.0768,0.0755,0.7379,0.4567,BCC+FCC,1,2.15,4.6765,0.0514,0.1998,0.3541,0.1051,0.4567,0.159,BCC+FCC,1,13.9646,4.6765,0.0514,0.376,0.0755,0.4567,0.3389,BCC+FCC,1,1.244,2.15,4.6765,61.13,0.0514,26.557,0.1998,0.3541,BCC+FCC
1,6.9215,13.84,0.0474,0.1813,0.0993,BCC+FCC,1,14.2109,0.0474,64.54,27.674,0.072,0.0712,0.709,0.4536,BCC+FCC,1,2.05,4.6525,0.0474,0.1813,0.337,0.0993,0.4536,0.1903,BCC+FCC,1,14.2109,4.6525,0.0474,0.3602,0.0712,0.4536,0.363,BCC+FCC,1,1.6337,2.05,4.6525,67.255,0.0474,27.674,0.1813,0.337,BCC+FCC
1,6.966,13.965,0.0474,0.1795,0.0995,BCC+FCC,1,14.2109,0.0474,76.25,28.85,0.072,0.0704,0.7102,0.492,BCC+FCC,1,2.05,4.67,0.0474,0.1795,0.3386,0.0995,0.492,0.2012,BCC+FCC,1,14.2109,4.67,0.0474,0.3574,0.0704,0.492,0.4213,BCC+FCC,1,1.6215,2.05,4.67,63.06,0.0474,28.85,0.1795,0.3386,BCC+FCC
1,7.179,14.825,0.045,0.1735,0.1004,BCC+FCC,1,12.9458,0.045,89.055,23.3435,0.0706,0.0713,0.6778,0.4823,BCC+FCC,1,2.15,4.745,0.045,0.1735,0.3411,0.1004,0.4823,0.1631,BCC+FCC,1,12.9458,4.745,0.045,0.3482,0.0713,0.4823,0.4291,BCC+FCC,1,1.3877,2.15,4.745,53.595,0.045,23.3435,0.1735,0.3411,BCC+FCC
1,6.9725,13.835,0.048,0.1777,0.0993,BCC+FCC,1,12.8046,0.048,88.95,29.5575,0.0725,0.0675,0.6734,0.5617,BCC+FCC,1,2,4.68,0.048,0.1777,0.3403,0.0993,0.5617,0.2227,BCC+FCC,1,12.8046,4.68,0.048,0.3547,0.0675,0.5617,0.5215,BCC+FCC,1,1.4772,2,4.68,58.375,0.048,29.5575,0.1777,0.3403,BCC+FCC
1,6.745,14.81,0.0495,0.1866,0.1085,BCC+FCC,1,14.0696,0.0495,73.72,27.845,0.0744,0.0743,0.7779,0.4862,BCC+FCC,1,2.15,4.6665,0.0495,0.1866,0.3761,0.1085,0.4862,0.1765,BCC+FCC,1,14.0696,4.6665,0.0495,0.39,0.0743,0.4862,0.3733,BCC+FCC,1,1.3773,2.15,4.6665,60.935,0.0495,27.845,0.1866,0.3761,BCC+FCC
1,6.927,15.365,0.0509,0.1882,0.1102,BCC+FCC,1,13.1708,0.0509,87.08,25.142,0.0756,0.0766,0.8071,0.4878,BCC+FCC,1,2.2,4.749,0.0509,0.1882,0.3802,0.1102,0.4878,0.158,BCC+FCC,1,13.1708,4.749,0.0509,0.3898,0.0766,0.4878,0.3847,BCC+FCC,1,1.179,2.2,4.749,55.26,0.0509,25.142,0.1882,0.3802,BCC+FCC
1,6.786,14.96,0.0487,0.1815,0.1083,BCC+FCC,1,13.3763,0.0487,88.8,25.77,0.0737,0.0716,0.7303,0.5276,BCC+FCC,1,2.15,4.6765,0.0487,0.1815,0.3774,0.1083,0.5276,0.183,BCC+FCC,1,13.3763,4.6765,0.0487,0.3832,0.0716,0.5276,0.449,BCC+FCC,1,1.3259,2.15,4.6765,54.6,0.0487,25.77,0.1815,0.3774,BCC+FCC
2,8.366,13.21,0.0378,0.1764,0.1654,FCC,2,11.7524,0.0378,84.2,23.32,0.0527,0.0601,0.6075,0.3892,FCC,2,1.95,4.9065,0.0378,0.1764,0.1645,0.1654,0.3892,0.1681,FCC,2,11.7524,4.9065,0.0378,0.2125,0.0601,0.3892,0.4194,FCC,2,2.4375,1.95,4.9065,62.67,0.0378,23.32,0.1764,0.1645,FCC
1,7.5465,11.755,0.0447,0.1718,0.1062,BCC+FCC,1,13.8809,0.0447,47.9,22.07,0.0631,0.0688,0.4654,0.3604,BCC+FCC,1,1.95,4.6465,0.0447,0.1718,0.1984,0.1062,0.3604,0.1761,BCC+FCC,1,13.8809,4.6465,0.0447,0.2667,0.0688,0.3604,0.365,BCC+FCC,1,2.5515,1.95,4.6465,67.9,0.0447,22.07,0.1718,0.1984,BCC+FCC
3,7.941,12.76,0.0267,0.1209,0.0725,FCC,3,12.152,0.0267,57.03,21.354,0.0476,0.064,0.4608,0.3457,FCC,3,2,4.7265,0.0267,0.1209,0.1759,0.0725,0.3457,0.1719,FCC,3,12.152,4.7265,0.0267,0.2062,0.064,0.3457,0.3684,FCC,3,3.6846,2,4.7265,66.88,0.0267,21.354,0.1209,0.1759,FCC
1,7.31,11.935,0.0484,0.1801,0.1137,BCC+FCC,1,14.6747,0.0484,56.6,24.914,0.0678,0.0711,0.5688,0.3937,BCC+FCC,1,1.9,4.653,0.0484,0.1801,0.2473,0.1137,0.3937,0.2004,BCC+FCC,1,14.6747,4.653,0.0484,0.3093,0.0711,0.3937,0.3706,BCC+FCC,1,2.3019,1.9,4.653,72.305,0.0484,24.914,0.1801,0.2473,BCC+FCC
1,7.5645,13.025,0.0457,0.1752,0.1098,BCC+FCC,1,13.8809,0.0457,63.525,21.953,0.0656,0.0756,0.5978,0.3613,BCC+FCC,1,2.05,4.743,0.0457,0.1752,0.2499,0.1098,0.3613,0.1516,BCC+FCC,1,13.8809,4.743,0.0457,0.2995,0.0756,0.3613,0.3261,BCC+FCC,1,1.9546,2.05,4.743,65.47,0.0457,21.953,0.1752,0.2499,BCC+FCC
1,7.2875,12.345,0.0478,0.1797,0.1196,BCC+FCC,1,14.4284,0.0478,55.085,23.325,0.0666,0.0708,0.5293,0.3928,BCC+FCC,1,2,4.6355,0.0478,0.1797,0.2509,0.1196,0.3928,0.1735,BCC+FCC,1,14.4284,4.6355,0.0478,0.3062,0.0708,0.3928,0.3681,BCC+FCC,1,2.133,2,4.6355,65.285,0.0478,23.325,0.1797,0.2509,BCC+FCC
1,7.532,12.565,0.0452,0.1696,0.1024,BCC+FCC,1,14.4284,0.0452,63.45,24.232,0.0657,0.0721,0.6005,0.3895,BCC+FCC,1,1.95,4.7205,0.0452,0.1696,0.2446,0.1024,0.3895,0.1911,BCC+FCC,1,14.4284,4.7205,0.0452,0.2954,0.0721,0.3895,0.3741,BCC+FCC,1,2.3369,1.95,4.7205,70.265,0.0452,24.232,0.1696,0.2446,BCC+FCC
1,7.2035,11.81,0.0429,0.1622,0.1141,BCC+FCC,1,13.8809,0.0429,52.15,26.0255,0.063,0.06,0.5032,0.4157,BCC+FCC,1,1.9,4.5805,0.0429,0.1622,0.2414,0.1141,0.4157,0.2102,BCC+FCC,1,13.8809,4.5805,0.0429,0.2859,0.06,0.4157,0.3989,BCC+FCC,1,2.5922,1.9,4.5805,69.995,0.0429,26.0255,0.1622,0.2414,BCC+FCC
1,7.578,12.845,0.05,0.1817,0.1106,BCC+FCC,1,13.9934,0.05,69.4,24.055,0.0686,0.0751,0.6273,0.4023,BCC+FCC,1,2,4.768,0.05,0.1817,0.2522,0.1106,0.4023,0.1747,BCC+FCC,1,13.9934,4.768,0.05,0.3076,0.0751,0.4023,0.3859,BCC+FCC,1,1.8965,2,4.768,65.065,0.05,24.055,0.1817,0.2522,BCC+FCC
1,7.492,12.49,0.0509,0.1836,0.112,BCC+FCC,1,14.3234,0.0509,68.15,25.62,0.0695,0.0742,0.6151,0.4215,BCC+FCC,1,1.95,4.7355,0.0509,0.1836,0.252,0.112,0.4215,0.1941,BCC+FCC,1,14.3234,4.7355,0.0509,0.3113,0.0742,0.4215,0.4124,BCC+FCC,1,2.0091,1.95,4.7355,66.63,0.0509,25.62,0.1836,0.252,BCC+FCC
1,7.6795,12.84,0.0487,0.1744,0.102,BCC+FCC,1,13.4459,0.0487,76.2,26.18,0.0681,0.0718,0.6516,0.4301,BCC+FCC,1,1.95,4.803,0.0487,0.1744,0.2477,0.102,0.4301,0.1976,BCC+FCC,1,13.4459,4.803,0.0487,0.2996,0.0718,0.4301,0.4312,BCC+FCC,1,1.982,1.95,4.803,66.24,0.0487,26.18,0.1744,0.2477,BCC+FCC
1,7.265,11.73,0.0458,0.1705,0.1146,BCC+FCC,1,13.7759,0.0458,64.68,29.2385,0.0661,0.0648,0.5393,0.47,BCC+FCC,1,1.85,4.6305,0.0458,0.1705,0.2469,0.1146,0.47,0.2332,BCC+FCC,1,13.7759,4.6305,0.0458,0.2965,0.0648,0.47,0.4724,BCC+FCC,1,2.3626,1.85,4.6305,67.535,0.0458,29.2385,0.1705,0.2469,BCC+FCC
1,7.4525,12.08,0.0468,0.1692,0.1038,BCC+FCC,1,13.5938,0.0468,73.765,29.7595,0.067,0.0671,0.5713,0.4782,BCC+FCC,1,1.85,4.698,0.0468,0.1692,0.2459,0.1038,0.4782,0.2362,BCC+FCC,1,13.5938,4.698,0.0468,0.2954,0.0671,0.4782,0.4916,BCC+FCC,1,2.3183,1.85,4.698,67.145,0.0468,29.7595,0.1692,0.2459,BCC+FCC
1,7.6725,12.89,0.0471,0.1695,0.102,BCC+FCC,1,13.1634,0.0471,81.76,26.212,0.0669,0.0694,0.5953,0.4653,BCC+FCC,1,1.95,4.788,0.0471,0.1695,0.2474,0.102,0.4653,0.2014,BCC+FCC,1,13.1634,4.788,0.0471,0.2936,0.0694,0.4653,0.4829,BCC+FCC,1,2.0207,1.95,4.788,61.96,0.0471,26.212,0.1695,0.2474,BCC+FCC
1,7.129,12.855,0.046,0.1746,0.114,BCC+FCC,1,13.7759,0.046,50.125,21.509,0.0671,0.072,0.5686,0.3583,BCC+FCC,1,2,4.6345,0.046,0.1746,0.2859,0.114,0.3583,0.1597,BCC+FCC,1,13.7759,4.6345,0.046,0.3304,0.072,0.3583,0.2801,BCC+FCC,1,1.9958,2,4.6345,73.815,0.046,21.509,0.1746,0.2859,BCC+FCC
1,6.984,11.785,0.0461,0.1783,0.1157,BCC+FCC,1,13.9813,0.0461,56.715,30.048,0.0683,0.0677,0.6473,0.4388,BCC+FCC,1,1.8,4.6195,0.0461,0.1783,0.2862,0.1157,0.4388,0.2394,BCC+FCC,1,13.9813,4.6195,0.0461,0.3374,0.0677,0.4388,0.3926,BCC+FCC,1,2.1386,1.8,4.6195,76.135,0.0461,30.048,0.1783,0.2862,BCC+FCC
1,7.254,13.54,0.0486,0.1814,0.1222,BCC+FCC,1,14.2109,0.0486,66.275,22.88,0.0687,0.0765,0.632,0.391,BCC+FCC,1,2.1,4.6995,0.0486,0.1814,0.2947,0.1222,0.391,0.15,BCC+FCC,1,14.2109,4.6995,0.0486,0.3349,0.0765,0.391,0.328,BCC+FCC,1,1.7303,2.1,4.6995,62.77,0.0486,22.88,0.1814,0.2947,BCC+FCC
1,7.5155,13.555,0.0495,0.175,0.1021,BCC+FCC,1,12.9458,0.0495,66.16,25.678,0.07,0.0742,0.7502,0.4117,BCC+FCC,1,2,4.817,0.0495,0.175,0.2893,0.1021,0.4117,0.1868,BCC+FCC,1,12.9458,4.817,0.0495,0.3284,0.0742,0.4117,0.3702,BCC+FCC,1,1.7009,2,4.817,69.485,0.0495,25.678,0.175,0.2893,BCC+FCC
1,7.464,13.48,0.0478,0.1725,0.1018,BCC+FCC,1,13.6225,0.0478,67.495,25.61,0.069,0.0742,0.7208,0.4116,BCC+FCC,1,2,4.7845,0.0478,0.1725,0.2884,0.1018,0.4116,0.1879,BCC+FCC,1,13.6225,4.7845,0.0478,0.3262,0.0742,0.4116,0.3699,BCC+FCC,1,1.8596,2,4.7845,69.4,0.0478,25.61,0.1725,0.2884,BCC+FCC
1,7.3385,13.74,0.0426,0.1654,0.1126,BCC+FCC,1,13.9646,0.0426,68.18,23.27,0.0647,0.0729,0.6118,0.3988,BCC+FCC,1,2.1,4.702,0.0426,0.1654,0.2893,0.1126,0.3988,0.1579,BCC+FCC,1,13.9646,4.702,0.0426,0.3169,0.0729,0.3988,0.3497,BCC+FCC,1,1.937,2.1,4.702,62.21,0.0426,23.27,0.1654,0.2893,BCC+FCC
1,7.426,13.225,0.0501,0.1761,0.1021,BCC+FCC,1,13.4171,0.0501,73.315,28.069,0.0706,0.0731,0.7231,0.4456,BCC+FCC,1,1.95,4.777,0.0501,0.1761,0.2894,0.1021,0.4456,0.2102,BCC+FCC,1,13.4171,4.777,0.0501,0.3311,0.0731,0.4456,0.4174,BCC+FCC,1,1.8306,1.95,4.777,68.91,0.0501,28.069,0.1761,0.2894,BCC+FCC
1,7.4225,13.25,0.0491,0.1734,0.1019,BCC+FCC,1,13.4171,0.0491,79.34,28.78,0.0699,0.0718,0.7008,0.4661,BCC+FCC,1,1.95,4.7695,0.0491,0.1734,0.2892,0.1019,0.4661,0.2149,BCC+FCC,1,13.4171,4.7695,0.0491,0.328,0.0718,0.4661,0.4457,BCC+FCC,1,1.8682,1.95,4.7695,66.77,0.0491,28.78,0.1734,0.2892,BCC+FCC
1,7.0955,14.05,0.0464,0.1748,0.1111,BCC+FCC,1,13.0175,0.0464,50.035,22.07,0.0691,0.0775,0.6614,0.3677,BCC+FCC,1,2.1,4.6985,0.0464,0.1748,0.3266,0.1111,0.3677,0.1383,BCC+FCC,1,13.0175,4.6985,0.0464,0.356,0.0775,0.3677,0.2516,BCC+FCC,1,1.6156,2.1,4.6985,71.3,0.0464,22.07,0.1748,0.3266,BCC+FCC
1,6.9235,13.34,0.0468,0.1753,0.1104,BCC+FCC,1,13.6058,0.0468,48.285,23.948,0.0692,0.0722,0.637,0.3917,BCC+FCC,1,2,4.6335,0.0468,0.1753,0.3234,0.1104,0.3917,0.1723,BCC+FCC,1,13.6058,4.6335,0.0468,0.3586,0.0722,0.3917,0.2907,BCC+FCC,1,1.8371,2,4.6335,74.43,0.0468,23.948,0.1753,0.3234,BCC+FCC
1,7.006,13.72,0.0462,0.1727,0.1106,BCC+FCC,1,13.9646,0.0462,57.62,24.7575,0.0687,0.0735,0.6759,0.4034,BCC+FCC,1,2.05,4.6585,0.0462,0.1727,0.3251,0.1106,0.4034,0.1711,BCC+FCC,1,13.9646,4.6585,0.0462,0.3546,0.0735,0.4034,0.3098,BCC+FCC,1,1.8404,2.05,4.6585,70.725,0.0462,24.7575,0.1727,0.3251,BCC+FCC
1,7.054,13.82,0.0472,0.1742,0.1109,BCC+FCC,1,14.2109,0.0472,63.8,26.146,0.0695,0.0743,0.7069,0.4245,BCC+FCC,1,2.05,4.6835,0.0472,0.1742,0.3268,0.1109,0.4245,0.1812,BCC+FCC,1,14.2109,4.6835,0.0472,0.3557,0.0743,0.4245,0.343,BCC+FCC,1,1.8183,2.05,4.6835,68.67,0.0472,26.146,0.1742,0.3268,BCC+FCC
1,7.0655,13.82,0.0543,0.1917,0.1242,BCC+FCC,1,13.8809,0.0543,68.66,27.3,0.0742,0.0783,0.7585,0.4557,BCC+FCC,1,2.05,4.731,0.0543,0.1917,0.3345,0.1242,0.4557,0.1859,BCC+FCC,1,13.8809,4.731,0.0543,0.3742,0.0783,0.4557,0.3835,BCC+FCC,1,1.4898,2.05,4.731,65.12,0.0543,27.3,0.1917,0.3345,BCC+FCC
1,6.892,12.955,0.046,0.1712,0.1101,BCC+FCC,1,13.6346,0.046,73.16,32.385,0.0689,0.0675,0.7019,0.4994,BCC+FCC,1,1.9,4.636,0.046,0.1712,0.3252,0.1101,0.4994,0.2411,BCC+FCC,1,13.6346,4.636,0.046,0.3535,0.0675,0.4994,0.4432,BCC+FCC,1,1.9118,1.9,4.636,69.255,0.046,32.385,0.1712,0.3252,BCC+FCC
1,7.1275,14.43,0.0478,0.1761,0.123,BCC+FCC,1,13.8809,0.0478,78.7,23.148,0.0695,0.0754,0.6797,0.4378,BCC+FCC,1,2.15,4.716,0.0478,0.1761,0.3327,0.123,0.4378,0.1553,BCC+FCC,1,13.8809,4.716,0.0478,0.3548,0.0754,0.4378,0.3718,BCC+FCC,1,1.5769,2.15,4.716,57.54,0.0478,23.148,0.1761,0.3327,BCC+FCC
1,7.267,14.68,0.0439,0.1658,0.111,BCC+FCC,1,13.4171,0.0439,81.7,24.2155,0.0673,0.0744,0.7088,0.4345,BCC+FCC,1,2.15,4.7585,0.0439,0.1658,0.3289,0.111,0.4345,0.1577,BCC+FCC,1,13.4171,4.7585,0.0439,0.3441,0.0744,0.4345,0.3674,BCC+FCC,1,1.6402,2.15,4.7585,59.205,0.0439,24.2155,0.1658,0.3289,BCC+FCC
4,7.666,15.405,0.025,0.1076,0.1672,FCC,4,12.152,0.025,158.945,8.577,0.0823,0.0791,0.7501,0.2096,FCC,4,2,4.4915,0.025,0.1076,0.1637,0.1672,0.2096,0.1504,FCC,4,12.152,4.4915,0.025,0.1974,0.0791,0.2096,0.2202,FCC,4,4.0244,2,4.4915,77.685,0.025,8.577,0.1076,0.1637,FCC
1,7.8685,15.73,0.0329,0.1243,0.1717,FCC,1,13.0871,0.0329,166.56,11.7655,0.0883,0.0943,0.8093,0.2405,FCC,1,2,4.614,0.0329,0.1243,0.1717,0.1717,0.2405,0.1749,FCC,1,13.0871,4.614,0.0329,0.2169,0.0943,0.2405,0.2709,FCC,1,2.9273,2,4.614,75.885,0.0329,11.7655,0.1243,0.1717,FCC
4,7.779,15.135,0.0248,0.1048,0.1575,FCC,4,13.0175,0.0248,135.335,16.725,0.0794,0.0797,0.6785,0.2911,FCC,4,2,4.554,0.0248,0.1048,0.167,0.1575,0.2911,0.2002,FCC,4,13.0175,4.554,0.0248,0.1927,0.0797,0.2911,0.336,FCC,4,4.2065,2,4.554,71.61,0.0248,16.725,0.1048,0.167,FCC
1,7.7755,15.425,0.031,0.1205,0.1688,FCC,1,13.8809,0.031,151.1,17.505,0.0856,0.0874,0.7063,0.3111,FCC,1,1.95,4.5665,0.031,0.1205,0.1712,0.1688,0.3111,0.2188,FCC,1,13.8809,4.5665,0.031,0.2115,0.0874,0.3111,0.3507,FCC,1,3.6206,1.95,4.5665,73.17,0.031,17.505,0.1205,0.1712,FCC
1,7.584,12.57,0.0447,0.1602,0.0992,BCC+FCC,1,13.6346,0.0447,86.455,24.94,0.072,0.0733,0.834,0.3897,BCC+FCC,1,1.8,4.7205,0.0447,0.1602,0.2357,0.0992,0.3897,0.2383,BCC+FCC,1,13.6346,4.7205,0.0447,0.2886,0.0733,0.3897,0.3877,BCC+FCC,1,2.643,1.8,4.7205,78.2,0.0447,24.94,0.1602,0.2357,BCC+FCC
1,7.5565,13.115,0.0429,0.1542,0.1187,BCC+FCC,1,13.4459,0.0429,114.48,28.916,0.0755,0.0754,0.802,0.4391,BCC+FCC,1,1.8,4.6855,0.0429,0.1542,0.2358,0.1187,0.4391,0.2612,BCC+FCC,1,13.4459,4.6855,0.0429,0.2815,0.0754,0.4391,0.4495,BCC+FCC,1,2.619,1.8,4.6855,73.745,0.0429,28.916,0.1542,0.2358,BCC+FCC
1,7.432,14.24,0.0485,0.1695,0.128,BCC+FCC,1,13.1634,0.0485,101.075,21.3975,0.0805,0.0847,1.0742,0.3638,BCC+FCC,1,1.95,4.737,0.0485,0.1695,0.2839,0.128,0.3638,0.1942,BCC+FCC,1,13.1634,4.737,0.0485,0.3262,0.0847,0.3638,0.3164,BCC+FCC,1,1.7784,1.95,4.737,76.475,0.0485,21.3975,0.1695,0.2839,BCC+FCC
1,7.5725,14.3,0.043,0.1548,0.1094,BCC+FCC,1,13.1587,0.043,104.66,27.43,0.0721,0.0746,0.7978,0.4591,BCC+FCC,1,2,4.7845,0.043,0.1548,0.2832,0.1094,0.4591,0.2118,BCC+FCC,1,13.1587,4.7845,0.043,0.3077,0.0746,0.4591,0.453,BCC+FCC,1,1.9765,2,4.7845,64.47,0.043,27.43,0.1548,0.2832,BCC+FCC
1,7.163,14.72,0.0423,0.1621,0.1157,BCC+FCC,1,13.0175,0.0423,73.37,20.6325,0.0728,0.0805,0.9792,0.3546,BCC+FCC,1,2.1,4.6885,0.0423,0.1621,0.3222,0.1157,0.3546,0.1429,BCC+FCC,1,13.0175,4.6885,0.0423,0.3438,0.0805,0.3546,0.2477,BCC+FCC,1,1.721,2.1,4.6885,72.705,0.0423,20.6325,0.1621,0.3222,BCC+FCC
1,7.0255,14.29,0.0414,0.1594,0.1134,BCC+FCC,1,13.4171,0.0414,72.98,21.3725,0.0714,0.0751,0.9272,0.3674,BCC+FCC,1,2.05,4.6235,0.0414,0.1594,0.3192,0.1134,0.3674,0.1597,BCC+FCC,1,13.4171,4.6235,0.0414,0.3419,0.0751,0.3674,0.2647,BCC+FCC,1,1.945,2.05,4.6235,74.185,0.0414,21.3725,0.1594,0.3192,BCC+FCC
1,7.1935,14.335,0.0512,0.1783,0.1167,BCC+FCC,1,12.8046,0.0512,73.68,24.661,0.078,0.0819,1.0625,0.4006,BCC+FCC,1,2,4.746,0.0512,0.1783,0.3265,0.1167,0.4006,0.189,BCC+FCC,1,12.8046,4.746,0.0512,0.3614,0.0819,0.4006,0.3216,BCC+FCC,1,1.5223,2,4.746,74.035,0.0512,24.661,0.1783,0.3265,BCC+FCC
1,7.142,14.26,0.049,0.1748,0.1157,BCC+FCC,1,13.4813,0.049,76.075,24.61,0.0766,0.0808,1.0213,0.4008,BCC+FCC,1,2,4.7135,0.049,0.1748,0.325,0.1157,0.4008,0.1895,BCC+FCC,1,13.4813,4.7135,0.049,0.3581,0.0808,0.4008,0.3201,BCC+FCC,1,1.6788,2,4.7135,73.95,0.049,24.61,0.1748,0.325,BCC+FCC
1,7.118,14.78,0.0483,0.173,0.132,BCC+FCC,1,13.8809,0.0483,109.33,26.3445,0.0806,0.0841,1.0448,0.4241,BCC+FCC,1,2,4.686,0.0483,0.173,0.3251,0.132,0.4241,0.2085,BCC+FCC,1,13.8809,4.686,0.0483,0.3567,0.0841,0.4241,0.3565,BCC+FCC,1,1.6633,2,4.686,71.635,0.0483,26.3445,0.173,0.3251,BCC+FCC
1,7.159,14.665,0.0416,0.1533,0.1141,BCC+FCC,1,13.6225,0.0416,99.86,27.8,0.0716,0.073,0.7614,0.4888,BCC+FCC,1,2.05,4.676,0.0416,0.1533,0.3232,0.1141,0.4888,0.2131,BCC+FCC,1,13.6225,4.676,0.0416,0.3333,0.073,0.4888,0.4563,BCC+FCC,1,1.9309,2.05,4.676,61.6,0.0416,27.8,0.1533,0.3232,BCC+FCC
1,7.004,13.75,0.0432,0.1592,0.1116,BCC+FCC,1,12.47,0.0432,103.66,33.1515,0.0722,0.07,0.7912,0.5297,BCC+FCC,1,1.9,4.6435,0.0432,0.1592,0.3233,0.1116,0.5297,0.258,BCC+FCC,1,12.47,4.6435,0.0432,0.3405,0.07,0.5297,0.4923,BCC+FCC,1,1.8268,1.9,4.6435,66.465,0.0432,33.1515,0.1592,0.3233,BCC+FCC
1,7.408,13.535,0.0478,0.2084,0.1328,BCC+FCC,1,13.7759,0.0478,71.52,26.825,0.0833,0.0735,0.6019,0.4661,BCC+FCC,1,2.05,4.692,0.0478,0.2084,0.2825,0.1328,0.4661,0.191,BCC+FCC,1,13.7759,4.692,0.0478,0.3161,0.0735,0.4661,0.4275,BCC+FCC,1,1.6257,2.05,4.692,61.785,0.0478,26.825,0.2084,0.2825,BCC+FCC
1,7.6415,14.165,0.0485,0.209,0.1318,BCC+FCC,1,12.6995,0.0485,86.03,24.394,0.0843,0.0746,0.645,0.4682,BCC+FCC,1,2.1,4.807,0.0485,0.209,0.2843,0.1318,0.4682,0.1656,BCC+FCC,1,12.6995,4.807,0.0485,0.3153,0.0746,0.4682,0.4335,BCC+FCC,1,1.3436,2.1,4.807,56.195,0.0485,24.394,0.209,0.2843,BCC+FCC
2,9.3185,9.925,0.0966,0.5281,0.2432,IM,2,13.9646,0.0966,61,38.912,0.175,0.089,0.4353,0.6154,IM,2,1.75,4.473,0.0966,0.5281,0.3274,0.2432,0.6154,0.2007,IM,2,13.9646,4.473,0.0966,0.3446,0.089,0.6154,0.4749,IM,2,1.6109,1.75,4.473,66.335,0.0966,38.912,0.5281,0.3274,IM
4,8.826,11.57,0.0891,0.4203,0.2347,IM,4,13.6225,0.0891,61.1,31.532,0.1413,0.0822,0.402,0.5622,IM,4,1.9,4.578,0.0891,0.4203,0.3069,0.2347,0.5622,0.1672,IM,4,13.6225,4.578,0.0891,0.3174,0.0822,0.5622,0.4283,IM,4,1.6196,1.9,4.578,62.035,0.0891,31.532,0.4203,0.3069,IM
1,7.197,11.915,0.0474,0.1906,0.0845,BCC+FCC,1,12.6995,0.0474,52.735,26.5,0.0714,0.0557,0.4811,0.4677,BCC+FCC,1,1.95,4.5785,0.0474,0.1906,0.2415,0.0845,0.4677,0.1982,BCC+FCC,1,12.6995,4.5785,0.0474,0.2782,0.0557,0.4677,0.4493,BCC+FCC,1,1.7697,1.95,4.5785,61.6,0.0474,26.5,0.1906,0.2415,BCC+FCC
1,6.881,11.29,0.045,0.1883,0.1106,BCC+FCC,1,13.9934,0.045,65.35,32.9265,0.0701,0.0579,0.5827,0.528,BCC+FCC,1,1.8,4.566,0.045,0.1883,0.2723,0.1106,0.528,0.2531,BCC+FCC,1,13.9934,4.566,0.045,0.3119,0.0579,0.528,0.4997,BCC+FCC,1,1.9699,1.8,4.566,66.915,0.045,32.9265,0.1883,0.2723,BCC+FCC
1,7.474,12.125,0.0447,0.176,0.0989,BCC+FCC,1,12.6995,0.0447,92.245,31.27,0.0746,0.0646,0.6209,0.5223,BCC+FCC,1,1.8,4.652,0.0447,0.176,0.2245,0.0989,0.5223,0.2568,BCC+FCC,1,12.6995,4.652,0.0447,0.2657,0.0646,0.5223,0.5513,BCC+FCC,1,2.0802,1.8,4.652,64.7,0.0447,31.27,0.176,0.2245,BCC+FCC
1,7.315,12.235,0.0433,0.1664,0.1033,BCC+FCC,1,11.7524,0.0433,99.67,34.6345,0.0727,0.0652,0.6839,0.5332,BCC+FCC,1,1.75,4.6495,0.0433,0.1664,0.255,0.1033,0.5332,0.2808,BCC+FCC,1,11.7524,4.6495,0.0433,0.2895,0.0652,0.5332,0.5428,BCC+FCC,1,1.9803,1.75,4.6495,68.295,0.0433,34.6345,0.1664,0.255,BCC+FCC
1,6.8675,13.745,0.0416,0.17,0.1158,BCC+FCC,1,13.1634,0.0416,74.775,26.886,0.0726,0.0572,0.7209,0.4632,BCC+FCC,1,2.05,4.53,0.0416,0.17,0.3048,0.1158,0.4632,0.1998,BCC+FCC,1,13.1634,4.53,0.0416,0.314,0.0572,0.4632,0.4035,BCC+FCC,1,1.6894,2.05,4.53,62.74,0.0416,26.886,0.17,0.3048,BCC+FCC
1,6.781,14.045,0.0468,0.1905,0.1208,BCC+FCC,1,13.1587,0.0468,82.6,25.7875,0.0778,0.0622,0.7247,0.4886,BCC+FCC,1,2.1,4.5465,0.0468,0.1905,0.3229,0.1208,0.4886,0.186,BCC+FCC,1,13.1587,4.5465,0.0468,0.3342,0.0622,0.4886,0.4313,BCC+FCC,1,1.348,2.1,4.5465,56.125,0.0468,25.7875,0.1905,0.3229,BCC+FCC
2,8.8385,9.94,0.0895,0.4605,0.2523,IM,2,13.9646,0.0895,59.26,31.796,0.1247,0.0837,0.4691,0.5493,IM,2,1.7,4.474,0.0895,0.4605,0.2918,0.2523,0.5493,0.2388,IM,2,13.9646,4.474,0.0895,0.3141,0.0837,0.5493,0.5291,IM,2,1.5922,1.7,4.474,62.38,0.0895,31.796,0.4605,0.2918,IM
1,7.7155,13.27,0.0475,0.1749,0.1368,BCC+FCC,1,13.5008,0.0475,131.9,26.245,0.0843,0.083,0.859,0.4162,BCC+FCC,1,1.8,4.708,0.0475,0.1749,0.206,0.1368,0.4162,0.2546,BCC+FCC,1,13.5008,4.708,0.0475,0.2719,0.083,0.4162,0.4398,BCC+FCC,1,2.1833,1.8,4.708,73.85,0.0475,26.245,0.1749,0.206,BCC+FCC
1,7.3055,11.655,0.0437,0.1842,0.1215,BCC+FCC,1,12.3696,0.0437,114.28,34.483,0.0775,0.07,0.7907,0.5002,BCC+FCC,1,1.65,4.6145,0.0437,0.1842,0.2245,0.1215,0.5002,0.2978,BCC+FCC,1,12.3696,4.6145,0.0437,0.2819,0.07,0.5002,0.5069,BCC+FCC,1,2.0864,1.65,4.6145,73.67,0.0437,34.483,0.1842,0.2245,BCC+FCC
1,7.4705,12.415,0.0468,0.1855,0.1221,BCC+FCC,1,12.3696,0.0468,114.2,32.986,0.0808,0.0728,0.7168,0.5329,BCC+FCC,1,1.75,4.6645,0.0468,0.1855,0.2279,0.1221,0.5329,0.2768,BCC+FCC,1,12.3696,4.6645,0.0468,0.2807,0.0728,0.5329,0.5623,BCC+FCC,1,1.8612,1.75,4.6645,66.26,0.0468,32.986,0.1855,0.2279,BCC+FCC
1,7.669,14.235,0.0508,0.1917,0.1098,BCC+FCC,1,12.3696,0.0508,104.57,25.535,0.0808,0.0762,0.8784,0.4466,BCC+FCC,1,2.05,4.851,0.0508,0.1917,0.277,0.1098,0.4466,0.1758,BCC+FCC,1,12.3696,4.851,0.0508,0.3105,0.0762,0.4466,0.4214,BCC+FCC,1,1.2082,2.05,4.851,60.275,0.0508,25.535,0.1917,0.277,BCC+FCC
1,7.328,13.79,0.054,0.1919,0.1151,BCC+FCC,1,13.2638,0.054,90.4,28.386,0.081,0.0796,0.967,0.4533,BCC+FCC,1,1.95,4.766,0.054,0.1919,0.3036,0.1151,0.4533,0.2178,BCC+FCC,1,13.2638,4.766,0.054,0.3464,0.0796,0.4533,0.4121,BCC+FCC,1,1.433,1.95,4.766,69.545,0.054,28.386,0.1919,0.3036,BCC+FCC
1,7.272,15.395,0.052,0.1871,0.1239,BCC+FCC,1,12.3408,0.052,101.65,25.8,0.081,0.0813,0.9902,0.4512,BCC+FCC,1,2.15,4.8125,0.052,0.1871,0.3439,0.1239,0.4512,0.167,BCC+FCC,1,12.3408,4.8125,0.052,0.3629,0.0813,0.4512,0.3762,BCC+FCC,1,1.1002,2.15,4.8125,60.01,0.052,25.8,0.1871,0.3439,BCC+FCC
1,7.087,12.81,0.0451,0.172,0.1358,BCC+FCC,1,12.8287,0.0451,98.98,32.084,0.0724,0.0715,0.7367,0.5224,BCC+FCC,1,1.85,4.6345,0.0451,0.172,0.2903,0.1358,0.5224,0.2566,BCC+FCC,1,12.8287,4.6345,0.0451,0.3275,0.0715,0.5224,0.5099,BCC+FCC,1,1.857,1.85,4.6345,65.92,0.0451,32.084,0.172,0.2903,BCC+FCC
3,9.2395,9.175,0.091,0.5362,0.2224,IM,3,13.9646,0.091,63.15,39.639,0.1788,0.0892,0.4412,0.6647,IM,3,1.7,4.467,0.091,0.5362,0.3306,0.2224,0.6647,0.2013,IM,3,13.9646,4.467,0.091,0.3428,0.0892,0.6647,0.5208,IM,3,1.7046,1.7,4.467,63.13,0.091,39.639,0.5362,0.3306,IM
2,11.0325,9.265,0.1086,0.6345,0.2697,IM,2,13.8809,0.1086,63.525,30.7115,0.169,0.0901,0.4208,0.5617,IM,2,1.8,4.484,0.1086,0.6345,0.3376,0.2697,0.5617,0.1708,IM,2,13.8809,4.484,0.1086,0.3303,0.0901,0.5617,0.4572,IM,2,1.727,1.8,4.484,63.265,0.1086,30.7115,0.6345,0.3376,IM
3,8.5435,10.435,0.0773,0.4426,0.2204,IM,3,13.8809,0.0773,61.75,30.99,0.1547,0.0839,0.4086,0.6095,IM,3,1.85,4.518,0.0773,0.4426,0.3441,0.2204,0.6095,0.1446,IM,3,13.8809,4.518,0.0773,0.3435,0.0839,0.6095,0.4054,IM,3,1.7205,1.85,4.518,59.88,0.0773,30.99,0.4426,0.3441,IM
2,8.4965,13.645,0.0348,0.1624,0.1497,FCC,2,12.6995,0.0348,78.4,21.804,0.0483,0.0583,0.6638,0.3553,FCC,2,1.9,4.894,0.0348,0.1624,0.1666,0.1497,0.3553,0.134,FCC,2,12.6995,4.894,0.0348,0.1988,0.0583,0.3553,0.294,FCC,2,10.5861,1.9,4.894,67.98,0.0348,21.804,0.1624,0.1666,FCC
1,7.5785,13.36,0.0473,0.2065,0.1021,BCC+FCC,1,13.1587,0.0473,51.38,22.576,0.0722,0.067,0.5846,0.3791,BCC+FCC,1,1.9,4.6735,0.0473,0.2065,0.2449,0.1021,0.3791,0.1335,BCC+FCC,1,13.1587,4.6735,0.0473,0.3012,0.067,0.3791,0.2784,BCC+FCC,1,2.2941,1.9,4.6735,63.395,0.0473,22.576,0.2065,0.2449,BCC+FCC
1,7.6605,13.66,0.0452,0.2005,0.1016,BCC+FCC,1,13.1587,0.0452,76.24,18.635,0.071,0.0608,0.5983,0.4249,BCC+FCC,1,1.9,4.6935,0.0452,0.2005,0.246,0.1016,0.4249,0.1383,BCC+FCC,1,13.1587,4.6935,0.0452,0.2926,0.0608,0.4249,0.3949,BCC+FCC,1,2.3752,1.9,4.6935,50.725,0.0452,18.635,0.2005,0.246,BCC+FCC
1,7.6555,13.515,0.0443,0.1958,0.0922,BCC+FCC,1,12.6995,0.0443,77.04,18.842,0.0707,0.0621,0.5595,0.4299,BCC+FCC,1,1.95,4.711,0.0443,0.1958,0.2457,0.0922,0.4299,0.1396,BCC+FCC,1,12.6995,4.711,0.0443,0.2854,0.0621,0.4299,0.4113,BCC+FCC,1,1.9738,1.95,4.711,50.38,0.0443,18.842,0.1958,0.2457,BCC+FCC
1,7.4855,13.69,0.0426,0.186,0.0914,BCC+FCC,1,12.4291,0.0426,51.98,21.098,0.0688,0.0735,0.6023,0.3498,BCC+FCC,1,2.05,4.721,0.0426,0.186,0.2719,0.0914,0.3498,0.1237,BCC+FCC,1,12.4291,4.721,0.0426,0.3062,0.0735,0.3498,0.2398,BCC+FCC,1,1.6234,2.05,4.721,67.28,0.0426,21.098,0.186,0.2719,BCC+FCC
1,7.5915,14.18,0.0487,0.1934,0.1085,BCC+FCC,1,13.3763,0.0487,47.56,22.358,0.07,0.0718,0.657,0.3712,BCC+FCC,1,1.95,4.736,0.0487,0.1934,0.2741,0.1085,0.3712,0.1197,BCC+FCC,1,13.3763,4.736,0.0487,0.3144,0.0718,0.3712,0.2452,BCC+FCC,1,2.0667,1.95,4.736,63.86,0.0487,22.358,0.1934,0.2741,BCC+FCC
1,7.203,13.535,0.0467,0.1988,0.0948,BCC+FCC,1,13.1634,0.0467,65.08,24.06,0.0728,0.0637,0.5947,0.4294,BCC+FCC,1,2.05,4.625,0.0467,0.1988,0.2874,0.0948,0.4294,0.1512,BCC+FCC,1,13.1634,4.625,0.0467,0.319,0.0637,0.4294,0.3523,BCC+FCC,1,1.6212,2.05,4.625,57.78,0.0467,24.06,0.1988,0.2874,BCC+FCC
1,7.462,14.08,0.0536,0.2138,0.1049,BCC+FCC,1,14.2397,0.0536,70.53,23.601,0.0779,0.0725,0.7499,0.437,BCC+FCC,1,2,4.7625,0.0536,0.2138,0.2947,0.1049,0.437,0.1374,BCC+FCC,1,14.2397,4.7625,0.0536,0.3354,0.0725,0.437,0.3369,BCC+FCC,1,1.4901,2,4.7625,56.41,0.0536,23.601,0.2138,0.2947,BCC+FCC
1,7.6805,14.43,0.047,0.1902,0.1086,BCC+FCC,1,14.3234,0.047,77.9,21.674,0.0697,0.0682,0.7403,0.4163,BCC+FCC,1,1.95,4.771,0.047,0.1902,0.2747,0.1086,0.4163,0.1337,BCC+FCC,1,14.3234,4.771,0.047,0.3098,0.0682,0.4163,0.3357,BCC+FCC,1,2.1469,1.95,4.771,55.47,0.047,21.674,0.1902,0.2747,BCC+FCC
1,7.357,14.125,0.0509,0.2118,0.1119,BCC+FCC,1,14.3234,0.0509,76.25,20.7765,0.0753,0.0643,0.6821,0.439,BCC+FCC,1,1.95,4.665,0.0509,0.2118,0.2924,0.1119,0.439,0.1386,BCC+FCC,1,14.3234,4.665,0.0509,0.3358,0.0643,0.439,0.3619,BCC+FCC,1,2.0013,1.95,4.665,52.305,0.0509,20.7765,0.2118,0.2924,BCC+FCC
1,7.402,13.885,0.0504,0.2061,0.0951,BCC+FCC,1,13.8809,0.0504,79.9,22.808,0.0762,0.0707,0.6712,0.4482,BCC+FCC,1,2.05,4.74,0.0504,0.2061,0.2933,0.0951,0.4482,0.1431,BCC+FCC,1,13.8809,4.74,0.0504,0.3261,0.0707,0.4482,0.3782,BCC+FCC,1,1.4309,2.05,4.74,53.84,0.0504,22.808,0.2061,0.2933,BCC+FCC
1,7.7235,14.385,0.0455,0.1862,0.1009,BCC+FCC,1,13.5938,0.0455,88.03,20.751,0.0697,0.0673,0.7106,0.4267,BCC+FCC,1,2,4.8135,0.0455,0.1862,0.2747,0.1009,0.4267,0.1335,BCC+FCC,1,13.5938,4.8135,0.0455,0.3039,0.0673,0.4267,0.3653,BCC+FCC,1,1.7811,2,4.8135,53.07,0.0455,20.751,0.1862,0.2747,BCC+FCC
1,7.5,14.68,0.045,0.1749,0.1061,BCC+FCC,1,12.6995,0.045,48.46,21.575,0.0663,0.0745,0.6861,0.3525,BCC+FCC,1,2.05,4.7585,0.045,0.1749,0.2992,0.1061,0.3525,0.1067,BCC+FCC,1,12.6995,4.7585,0.045,0.324,0.0745,0.3525,0.2085,BCC+FCC,1,1.8952,2.05,4.7585,65.95,0.045,21.575,0.1749,0.2992,BCC+FCC
1,7.1765,14.375,0.0466,0.1976,0.1095,BCC+FCC,1,13.3763,0.0466,54.58,23.308,0.0722,0.0704,0.6527,0.3904,BCC+FCC,1,2.05,4.6525,0.0466,0.1976,0.3146,0.1095,0.3904,0.1227,BCC+FCC,1,13.3763,4.6525,0.0466,0.3487,0.0704,0.3904,0.2471,BCC+FCC,1,1.7416,2.05,4.6525,62.785,0.0466,23.308,0.1976,0.3146,BCC+FCC
1,7.4,14.87,0.0441,0.1785,0.1143,BCC+FCC,1,13.2638,0.0441,55.58,21.921,0.0643,0.0645,0.6695,0.3687,BCC+FCC,1,1.95,4.6435,0.0441,0.1785,0.2976,0.1143,0.3687,0.1103,BCC+FCC,1,13.2638,4.6435,0.0441,0.331,0.0645,0.3687,0.2231,BCC+FCC,1,3.5277,1.95,4.6435,62.19,0.0441,21.921,0.1785,0.2976,BCC+FCC
1,6.9955,14.2,0.0523,0.2105,0.1064,BCC+FCC,1,14.0221,0.0523,72.1,24.135,0.0774,0.0696,0.6872,0.4529,BCC+FCC,1,2.1,4.6465,0.0523,0.2105,0.3308,0.1064,0.4529,0.1444,BCC+FCC,1,14.0221,4.6465,0.0523,0.3601,0.0696,0.4529,0.3462,BCC+FCC,1,1.3708,2.1,4.6465,55.25,0.0523,24.135,0.2105,0.3308,BCC+FCC
1,7.095,14.375,0.0545,0.2145,0.1068,BCC+FCC,1,14.2109,0.0545,78.5,23.256,0.0793,0.0731,0.7287,0.461,BCC+FCC,1,2.1,4.704,0.0545,0.2145,0.3342,0.1068,0.461,0.1405,BCC+FCC,1,14.2109,4.704,0.0545,0.3638,0.0731,0.461,0.3584,BCC+FCC,1,1.2765,2.1,4.704,53.28,0.0545,23.256,0.2145,0.3342,BCC+FCC
1,7.5435,15.535,0.0457,0.1807,0.1214,BCC+FCC,1,13.4171,0.0457,81.425,15.7725,0.0645,0.058,0.7683,0.3872,BCC+FCC,1,1.85,4.661,0.0457,0.1807,0.2995,0.1214,0.3872,0.1206,BCC+FCC,1,13.4171,4.661,0.0457,0.3324,0.058,0.3872,0.3119,BCC+FCC,1,4.7588,1.85,4.661,50.295,0.0457,15.7725,0.1807,0.2995,BCC+FCC
1,7.413,14.9,0.0496,0.1965,0.1107,BCC+FCC,1,13.8401,0.0496,90.28,19.358,0.0739,0.07,0.7427,0.4389,BCC+FCC,1,2.05,4.77,0.0496,0.1965,0.3191,0.1107,0.4389,0.1294,BCC+FCC,1,13.8401,4.77,0.0496,0.3441,0.07,0.4389,0.3602,BCC+FCC,1,1.5346,2.05,4.77,50.37,0.0496,19.358,0.1965,0.3191,BCC+FCC
1,7.363,14.995,0.0487,0.1977,0.1164,BCC+FCC,1,13.9813,0.0487,88.8,16.845,0.0728,0.0665,0.7196,0.4258,BCC+FCC,1,2,4.7125,0.0487,0.1977,0.3184,0.1164,0.4258,0.1273,BCC+FCC,1,13.9813,4.7125,0.0487,0.3472,0.0665,0.4258,0.3608,BCC+FCC,1,1.8603,2,4.7125,48.49,0.0487,16.845,0.1977,0.3184,BCC+FCC
1,7.0085,15.02,0.0518,0.2027,0.1125,BCC+FCC,1,14.0696,0.0518,74.52,24.0565,0.0767,0.0753,0.7803,0.4462,BCC+FCC,1,2.15,4.709,0.0518,0.2027,0.3569,0.1125,0.4462,0.135,BCC+FCC,1,14.0696,4.709,0.0518,0.3784,0.0753,0.4462,0.3169,BCC+FCC,1,1.2989,2.15,4.709,55.715,0.0518,24.0565,0.2027,0.3569,BCC+FCC
1,7.076,15.12,0.0411,0.1758,0.1109,BCC+FCC,1,13.4813,0.0411,73.54,22.696,0.0668,0.0646,0.6952,0.4156,BCC+FCC,1,2.1,4.6275,0.0411,0.1758,0.3372,0.1109,0.4156,0.1351,BCC+FCC,1,13.4813,4.6275,0.0411,0.354,0.0646,0.4156,0.3042,BCC+FCC,1,2.1488,2.1,4.6275,56.66,0.0411,22.696,0.1758,0.3372,BCC+FCC
1,7.0565,15.12,0.0526,0.2032,0.1128,BCC+FCC,1,13.9646,0.0526,80.7,23.122,0.0773,0.0753,0.792,0.4535,BCC+FCC,1,2.15,4.734,0.0526,0.2032,0.358,0.1128,0.4535,0.1344,BCC+FCC,1,13.9646,4.734,0.0526,0.3783,0.0753,0.4535,0.3335,BCC+FCC,1,1.2534,2.15,4.734,53.66,0.0526,23.122,0.2032,0.358,BCC+FCC
1,7.277,15.275,0.0459,0.1796,0.1083,BCC+FCC,1,13.4171,0.0459,80.5,23.3805,0.0705,0.0743,0.789,0.4254,BCC+FCC,1,2.15,4.775,0.0459,0.1796,0.3416,0.1083,0.4254,0.1326,BCC+FCC,1,13.4171,4.775,0.0459,0.3548,0.0743,0.4254,0.3133,BCC+FCC,1,1.482,2.15,4.775,56.655,0.0459,23.3805,0.1796,0.3416,BCC+FCC
1,7.325,15.375,0.0464,0.1796,0.1087,BCC+FCC,1,13.0871,0.0464,86.68,22.54,0.0709,0.0734,0.7949,0.433,BCC+FCC,1,2.15,4.8,0.0464,0.1796,0.3421,0.1087,0.433,0.1318,BCC+FCC,1,13.0871,4.8,0.0464,0.3541,0.0734,0.433,0.3291,BCC+FCC,1,1.41,2.15,4.8,54.6,0.0464,22.54,0.1796,0.3421,BCC+FCC
3,8.4055,13.635,0.0346,0.1711,0.1731,FCC,3,12.2116,0.0346,81.05,21.325,0.0473,0.0612,0.6269,0.3509,FCC,3,1.95,4.889,0.0346,0.1711,0.1614,0.1731,0.3509,0.1421,FCC,3,12.2116,4.889,0.0346,0.2052,0.0612,0.3509,0.3508,FCC,3,3.2503,1.95,4.889,61.365,0.0346,21.325,0.1711,0.1614,FCC
4,8.2475,13.435,0.0327,0.1687,0.1747,FCC,4,12.152,0.0327,71.84,20.787,0.0457,0.0621,0.5056,0.3579,FCC,4,1.95,4.784,0.0327,0.1687,0.1633,0.1747,0.3579,0.1491,FCC,4,12.152,4.784,0.0327,0.2032,0.0621,0.3579,0.3806,FCC,4,3.8691,1.95,4.784,58.97,0.0327,20.787,0.1687,0.1633,FCC
4,8.5545,13.39,0.0344,0.204,0.2066,FCC,4,11.7524,0.0344,63.315,19.885,0.0534,0.059,0.4747,0.3359,FCC,4,1.95,4.699,0.0344,0.204,0.2678,0.2066,0.3359,0.1478,FCC,4,11.7524,4.699,0.0344,0.2084,0.059,0.3359,0.3542,FCC,4,7.2472,1.95,4.699,60.545,0.0344,19.885,0.204,0.2678,FCC
3,8.136,13.945,0.0316,0.1309,0.1105,FCC,3,13.0871,0.0316,67.56,18.896,0.0438,0.0584,0.5678,0.3386,FCC,3,1.85,4.724,0.0316,0.1309,0.1755,0.1105,0.3386,0.1356,FCC,3,13.0871,4.724,0.0316,0.2214,0.0584,0.3386,0.3301,FCC,3,37.2757,1.85,4.724,58.305,0.0316,18.896,0.1309,0.1755,FCC
1,7.4715,13.15,0.0493,0.1904,0.1266,BCC+FCC,1,13.0175,0.0493,51.6,18.854,0.0672,0.0782,0.5533,0.2997,BCC+FCC,1,2.05,4.698,0.0493,0.1904,0.2543,0.1266,0.2997,0.0981,BCC+FCC,1,13.0175,4.698,0.0493,0.3182,0.0782,0.2997,0.1959,BCC+FCC,1,1.917,2.05,4.698,66.78,0.0493,18.854,0.1904,0.2543,BCC+FCC
1,7.614,13.74,0.0481,0.1838,0.1363,BCC+FCC,1,13.7759,0.0481,52.78,19.3295,0.0638,0.073,0.5939,0.3111,BCC+FCC,1,1.95,4.6905,0.0481,0.1838,0.2495,0.1363,0.3111,0.0968,BCC+FCC,1,13.7759,4.6905,0.0481,0.3111,0.073,0.3111,0.1975,BCC+FCC,1,3.2715,1.95,4.6905,64.855,0.0481,19.3295,0.1838,0.2495,BCC+FCC
1,7.8085,17.12,0.0298,0.1183,0.1859,FCC,1,12.9458,0.0298,175.24,15.1625,0.0921,0.091,0.6748,0.2555,FCC,1,2,4.509,0.0298,0.1183,0.1698,0.1859,0.2555,0.1938,FCC,1,12.9458,4.509,0.0298,0.2123,0.091,0.2555,0.3105,FCC,1,3.9318,2,4.509,69.865,0.0298,15.1625,0.1183,0.1698,FCC
3,8.2435,14.23,0.0234,0.0969,0.0973,FCC,3,12.3408,0.0234,90.445,20.93,0.0504,0.0665,0.617,0.3475,FCC,3,2,4.8065,0.0234,0.0969,0.1652,0.0973,0.3475,0.1624,FCC,3,12.3408,4.8065,0.0234,0.1838,0.0665,0.3475,0.391,FCC,3,7.0757,2,4.8065,60.9,0.0234,20.93,0.0969,0.1652,FCC
4,8.248,14.74,0.0257,0.1081,0.1142,FCC,4,12.3408,0.0257,92.47,18.0095,0.0499,0.0607,0.6385,0.3474,FCC,4,1.85,4.7315,0.0257,0.1081,0.1654,0.1142,0.3474,0.153,FCC,4,12.3408,4.7315,0.0257,0.1988,0.0607,0.3474,0.3945,FCC,4,13.3154,1.85,4.7315,55.515,0.0257,18.0095,0.1081,0.1654,FCC
1,7.594,16.695,0.032,0.1313,0.1728,FCC,1,13.6346,0.032,166.76,16.22,0.0877,0.0884,0.8166,0.2747,FCC,1,2.05,4.5455,0.032,0.1313,0.2286,0.1728,0.2747,0.1663,FCC,1,13.6346,4.5455,0.032,0.2588,0.0884,0.2747,0.2739,FCC,1,2.9348,2.05,4.5455,69.74,0.032,16.22,0.1313,0.2286,FCC
3,9.5975,10.82,0.1088,0.5684,0.2572,IM,3,14.1821,0.1088,60.71,34.659,0.1784,0.0863,0.4539,0.6191,IM,3,1.75,4.468,0.1088,0.5684,0.3073,0.2572,0.6191,0.1271,IM,3,14.1821,4.468,0.1088,0.3877,0.0863,0.6191,0.329,IM,3,2.0083,1.75,4.468,62.13,0.1088,34.659,0.5684,0.3073,IM
3,9.48,11.155,0.1097,0.551,0.258,IM,3,14.4284,0.1097,60.195,31.916,0.1732,0.0861,0.4588,0.6017,IM,3,1.8,4.463,0.1097,0.551,0.3132,0.258,0.6017,0.1287,IM,3,14.4284,4.463,0.1097,0.3845,0.0861,0.6017,0.3316,IM,3,1.889,1.8,4.463,60.02,0.1097,31.916,0.551,0.3132,IM
1,7.599,13.435,0.0413,0.1916,0.1182,BCC+FCC,1,12.8046,0.0413,60.58,20.06,0.0647,0.0503,0.557,0.3836,BCC+FCC,1,1.85,4.592,0.0413,0.1916,0.2268,0.1182,0.3836,0.1405,BCC+FCC,1,12.8046,4.592,0.0413,0.2878,0.0503,0.3836,0.3371,BCC+FCC,1,5.7913,1.85,4.592,56.425,0.0413,20.06,0.1916,0.2268,BCC+FCC
1,7.1275,13.98,0.0451,0.1923,0.1186,BCC+FCC,1,12.6995,0.0451,79.75,23.158,0.0764,0.0606,0.6847,0.4352,BCC+FCC,1,2.05,4.565,0.0451,0.1923,0.285,0.1186,0.4352,0.1662,BCC+FCC,1,12.6995,4.565,0.0451,0.3111,0.0606,0.4352,0.3977,BCC+FCC,1,1.6808,2.05,4.565,55.38,0.0451,23.158,0.1923,0.285,BCC+FCC
1,7.8395,14.14,0.0505,0.2011,0.1099,BCC+FCC,1,12.152,0.0505,110.245,21.082,0.0814,0.0723,0.778,0.4399,BCC+FCC,1,2,4.846,0.0505,0.2011,0.2488,0.1099,0.4399,0.1476,BCC+FCC,1,12.152,4.846,0.0505,0.2891,0.0723,0.4399,0.4285,BCC+FCC,1,1.2683,2,4.846,52.34,0.0505,21.082,0.2011,0.2488,BCC+FCC
1,7.6175,13.575,0.0466,0.1839,0.1009,BCC+FCC,1,13.3763,0.0466,72.6,22.17,0.069,0.0749,0.6532,0.3789,BCC+FCC,1,2.1,4.802,0.0466,0.1839,0.2657,0.1009,0.3789,0.1355,BCC+FCC,1,13.3763,4.802,0.0466,0.3042,0.0749,0.3789,0.3194,BCC+FCC,1,1.5317,2.1,4.802,60.52,0.0466,22.17,0.1839,0.2657,BCC+FCC
1,7.463,13.35,0.0427,0.176,0.1019,BCC+FCC,1,13.6346,0.0427,62.895,21.915,0.066,0.0722,0.5644,0.3765,BCC+FCC,1,2.1,4.7045,0.0427,0.176,0.2623,0.1019,0.3765,0.1419,BCC+FCC,1,13.6346,4.7045,0.0427,0.296,0.0722,0.3765,0.3291,BCC+FCC,1,1.7615,2.1,4.7045,60.265,0.0427,21.915,0.176,0.2623,BCC+FCC
1,7.5775,13.5,0.0535,0.198,0.1083,BCC+FCC,1,12.8287,0.0535,77.3,20.882,0.0732,0.0762,0.6623,0.3909,BCC+FCC,1,2.1,4.817,0.0535,0.198,0.2729,0.1083,0.3909,0.1282,BCC+FCC,1,12.8287,4.817,0.0535,0.3204,0.0762,0.3909,0.3299,BCC+FCC,1,1.3078,2.1,4.817,56.885,0.0535,20.882,0.198,0.2729,BCC+FCC
1,7.581,13.795,0.0491,0.1941,0.0927,BCC+FCC,1,13.0463,0.0491,83.6,22.224,0.0734,0.0721,0.6646,0.4271,BCC+FCC,1,2.1,4.821,0.0491,0.1941,0.2808,0.0927,0.4271,0.1376,BCC+FCC,1,13.0463,4.821,0.0491,0.3124,0.0721,0.4271,0.37,BCC+FCC,1,1.2931,2.1,4.821,54.995,0.0491,22.224,0.1941,0.2808,BCC+FCC
1,7.0635,13.615,0.0458,0.1848,0.1148,BCC+FCC,1,12.6995,0.0458,54.425,21.0585,0.069,0.0733,0.565,0.3468,BCC+FCC,1,2.15,4.626,0.0458,0.1848,0.302,0.1148,0.3468,0.1141,BCC+FCC,1,12.6995,4.626,0.0458,0.3358,0.0733,0.3468,0.2201,BCC+FCC,1,1.4591,2.15,4.626,65.955,0.0458,21.0585,0.1848,0.302,BCC+FCC
1,7.027,13.835,0.0483,0.1945,0.1067,BCC+FCC,1,13.6225,0.0483,64.375,23.857,0.0731,0.0724,0.6306,0.4084,BCC+FCC,1,2.15,4.645,0.0483,0.1945,0.3165,0.1067,0.4084,0.1398,BCC+FCC,1,13.6225,4.645,0.0483,0.3431,0.0724,0.4084,0.3034,BCC+FCC,1,1.364,2.15,4.645,60.43,0.0483,23.857,0.1945,0.3165,BCC+FCC
1,7.0795,13.985,0.0546,0.2063,0.1162,BCC+FCC,1,13.9813,0.0546,78.95,19.083,0.077,0.0749,0.6365,0.4345,BCC+FCC,1,2.15,4.7025,0.0546,0.2063,0.3257,0.1162,0.4345,0.1314,BCC+FCC,1,13.9813,4.7025,0.0546,0.3557,0.0749,0.4345,0.3678,BCC+FCC,1,1.2383,2.15,4.7025,50.545,0.0546,19.083,0.2063,0.3257,BCC+FCC
1,7.6205,15.535,0.0334,0.1388,0.1968,FCC,1,13.7759,0.0334,150.855,16.239,0.0858,0.087,0.6965,0.2649,FCC,1,2.05,4.5215,0.0334,0.1388,0.1824,0.1968,0.2649,0.1845,FCC,1,13.7759,4.5215,0.0334,0.2294,0.087,0.2649,0.3185,FCC,1,2.8262,2.05,4.5215,68.765,0.0334,16.239,0.1388,0.1824,FCC
1,7.7255,15.24,0.0269,0.1166,0.1726,FCC,1,13.0175,0.0269,133.04,16.958,0.0801,0.0808,0.6632,0.2758,FCC,1,2.05,4.544,0.0269,0.1166,0.1739,0.1726,0.2758,0.187,FCC,1,13.0175,4.544,0.0269,0.2035,0.0808,0.2758,0.3331,FCC,1,3.4466,2.05,4.544,68.38,0.0269,16.958,0.1166,0.1739,FCC
3,8.465,10.405,0.0892,0.4636,0.2133,IM,3,14.2109,0.0892,65.86,33.624,0.1596,0.0789,0.4591,0.6566,IM,3,1.85,4.51,0.0892,0.4636,0.3543,0.2133,0.6566,0.1404,IM,3,14.2109,4.51,0.0892,0.3482,0.0789,0.6566,0.4052,IM,3,1.5645,1.85,4.51,57.58,0.0892,33.624,0.4636,0.3543,IM
3,8.7515,10.15,0.0909,0.4725,0.2188,IM,3,14.1058,0.0909,62.55,36.22,0.1613,0.0782,0.4189,0.6317,IM,3,1.8,4.5235,0.0909,0.4725,0.3288,0.2188,0.6317,0.1441,IM,3,14.1058,4.5235,0.0909,0.3333,0.0782,0.6317,0.3932,IM,3,1.7371,1.8,4.5235,62.6,0.0909,36.22,0.4725,0.3288,IM
4,9.3395,10.255,0.0978,0.5412,0.2474,IM,4,14.1821,0.0978,61.65,34.7045,0.1701,0.085,0.4227,0.6181,IM,4,1.75,4.488,0.0978,0.5412,0.3037,0.2474,0.6181,0.1323,IM,4,14.1821,4.488,0.0978,0.3421,0.085,0.6181,0.3604,IM,4,1.6534,1.75,4.488,62.065,0.0978,34.7045,0.5412,0.3037,IM
3,9.418,11.25,0.1003,0.4844,0.2595,IM,3,13.6225,0.1003,60.65,31.34,0.1514,0.0837,0.3899,0.5719,IM,3,1.9,4.5705,0.1003,0.4844,0.3356,0.2595,0.5719,0.1369,IM,3,13.6225,4.5705,0.1003,0.3273,0.0837,0.5719,0.3692,IM,3,1.5787,1.9,4.5705,61.875,0.1003,31.34,0.4844,0.3356,IM
3,9.2995,11.485,0.0887,0.3861,0.2982,IM,3,13.8401,0.0887,82.93,38.367,0.1145,0.0654,0.4913,0.5735,IM,3,1.9,4.7555,0.0887,0.3861,0.4282,0.2982,0.5735,0.1414,IM,3,13.8401,4.7555,0.0887,0.308,0.0654,0.5735,0.3478,IM,3,2.8201,1.9,4.7555,74.97,0.0887,38.367,0.3861,0.4282,IM
2,9.057,10.255,0.0897,0.5099,0.2191,IM,2,13.9646,0.0897,60.25,33.3,0.171,0.0911,0.412,0.6162,IM,2,1.85,4.5105,0.0897,0.5099,0.336,0.2191,0.6162,0.119,IM,2,13.9646,4.5105,0.0897,0.3625,0.0911,0.6162,0.3267,IM,2,1.5928,1.85,4.5105,61.45,0.0897,33.3,0.5099,0.336,IM
2,7.246,9.945,0.0643,0.3849,0.207,IM,2,14.4284,0.0643,66.53,33.2625,0.1621,0.07,0.4698,0.6948,IM,2,1.85,4.4785,0.0643,0.3849,0.3349,0.207,0.6948,0.1269,IM,2,14.4284,4.4785,0.0643,0.3453,0.07,0.6948,0.3796,IM,2,1.7117,1.85,4.4785,57.175,0.0643,33.2625,0.3849,0.3349,IM
3,9.0405,9.955,0.0861,0.5159,0.2239,IM,3,13.9646,0.0861,59.5,32.1775,0.1727,0.0863,0.4043,0.6364,IM,3,1.8,4.468,0.0861,0.5159,0.3368,0.2239,0.6364,0.1147,IM,3,13.9646,4.468,0.0861,0.3473,0.0863,0.6364,0.3296,IM,3,1.7329,1.8,4.468,59.345,0.0861,32.1775,0.5159,0.3368,IM
2,8.888,9.895,0.0817,0.4827,0.2258,IM,2,13.7759,0.0817,61.165,35.781,0.1649,0.0808,0.4018,0.6177,IM,2,1.75,4.503,0.0817,0.4827,0.3264,0.2258,0.6177,0.1206,IM,2,13.7759,4.503,0.0817,0.3339,0.0808,0.6177,0.3312,IM,2,1.9365,1.75,4.503,64.065,0.0817,35.781,0.4827,0.3264,IM
2,10.2285,9.72,0.0984,0.5389,0.2501,IM,2,13.3763,0.0984,60.26,30.732,0.1553,0.0809,0.3584,0.5542,IM,2,1.8,4.5715,0.0984,0.5389,0.3439,0.2501,0.5542,0.1193,IM,2,13.3763,4.5715,0.0984,0.3119,0.0809,0.5542,0.3385,IM,2,1.912,1.8,4.5715,64.81,0.0984,30.732,0.5389,0.3439,IM
4,10.1095,10.1,0.099,0.5839,0.2504,IM,4,13.6346,0.099,61.595,32.809,0.1768,0.0896,0.4022,0.6165,IM,4,1.85,4.498,0.099,0.5839,0.358,0.2504,0.6165,0.1182,IM,4,13.6346,4.498,0.099,0.3525,0.0896,0.6165,0.3362,IM,4,1.5788,1.85,4.498,61.23,0.099,32.809,0.5839,0.358,IM
2,9.0015,10.665,0.0842,0.4569,0.243,IM,2,13.3763,0.0842,62.9,31.647,0.1484,0.0801,0.3934,0.5949,IM,2,1.85,4.5755,0.0842,0.4569,0.3579,0.243,0.5949,0.1187,IM,2,13.3763,4.5755,0.0842,0.3351,0.0801,0.5949,0.3394,IM,2,1.7566,1.85,4.5755,61.855,0.0842,31.647,0.4569,0.3579,IM
1,8.0615,13.745,0.0478,0.1735,0.1125,BCC+FCC,1,12.8287,0.0478,26.5,22.058,0.0625,0.0647,0.4893,0.3593,BCC+FCC,1,1.65,4.753,0.0478,0.1735,0.2014,0.1125,0.3593,0.1417,BCC+FCC,1,12.8287,4.753,0.0478,0.2655,0.0647,0.3593,0.2762,BCC+FCC,1,10.3012,1.65,4.753,69.61,0.0478,22.058,0.1735,0.2014,BCC+FCC
1,7.818,12.825,0.0463,0.1782,0.0989,BCC+FCC,1,13.4171,0.0463,37.35,20.536,0.0635,0.062,0.49,0.3436,BCC+FCC,1,1.7,4.673,0.0463,0.1782,0.201,0.0989,0.3436,0.1594,BCC+FCC,1,13.4171,4.673,0.0463,0.2764,0.062,0.3436,0.2817,BCC+FCC,1,11.4649,1.7,4.673,74.51,0.0463,20.536,0.1782,0.201,BCC+FCC
1,7.771,13.26,0.0481,0.185,0.1079,BCC+FCC,1,12.2116,0.0481,41.65,23.776,0.0618,0.037,0.5156,0.3897,BCC+FCC,1,1.55,4.5655,0.0481,0.185,0.2001,0.1079,0.3897,0.1657,BCC+FCC,1,12.2116,4.5655,0.0481,0.2877,0.037,0.3897,0.3081,BCC+FCC,1,4.7147,1.55,4.5655,69.04,0.0481,23.776,0.185,0.2001,BCC+FCC
1,7.787,14.71,0.0502,0.1811,0.1202,BCC+FCC,1,13.0175,0.0502,32.625,22.185,0.0642,0.0625,0.5744,0.3802,BCC+FCC,1,1.7,4.6845,0.0502,0.1811,0.2545,0.1202,0.3802,0.1204,BCC+FCC,1,13.0175,4.6845,0.0502,0.3043,0.0625,0.3802,0.2491,BCC+FCC,1,8.0527,1.7,4.6845,63.465,0.0502,22.185,0.1811,0.2545,BCC+FCC
1,7.0725,14.535,0.0528,0.1987,0.1129,BCC+FCC,1,13.4813,0.0528,34.35,24.5535,0.0747,0.0754,0.6103,0.4063,BCC+FCC,1,2,4.69,0.0528,0.1987,0.341,0.1129,0.4063,0.1384,BCC+FCC,1,13.4813,4.69,0.0528,0.38,0.0754,0.4063,0.2579,BCC+FCC,1,1.7272,2,4.69,68.605,0.0528,24.5535,0.1987,0.341,BCC+FCC
1,7.955,13.315,0.0495,0.173,0.1236,BCC+FCC,1,13.1587,0.0495,38.655,22.466,0.0585,0.0525,0.5131,0.3586,BCC+FCC,1,1.55,4.629,0.0495,0.173,0.1828,0.1236,0.3586,0.1528,BCC+FCC,1,13.1587,4.629,0.0495,0.2742,0.0525,0.3586,0.2865,BCC+FCC,1,5.3339,1.55,4.629,70.54,0.0495,22.466,0.173,0.1828,BCC+FCC
1,7.8675,12.79,0.0497,0.1784,0.1192,BCC+FCC,1,13.4171,0.0497,37.05,22.83,0.061,0.0529,0.4926,0.3575,BCC+FCC,1,1.55,4.6215,0.0497,0.1784,0.1837,0.1192,0.3575,0.1676,BCC+FCC,1,13.4171,4.6215,0.0497,0.2827,0.0529,0.3575,0.2957,BCC+FCC,1,6.7769,1.55,4.6215,73.9,0.0497,22.83,0.1784,0.1837,BCC+FCC
1,7.7075,13.71,0.0417,0.1589,0.113,BCC+FCC,1,12.8287,0.0417,45.06,18.012,0.0572,0.0683,0.5264,0.2986,BCC+FCC,1,1.9,4.6855,0.0417,0.1589,0.2364,0.113,0.2986,0.1035,BCC+FCC,1,12.8287,4.6855,0.0417,0.2854,0.0683,0.2986,0.1939,BCC+FCC,1,5.7798,1.9,4.6855,71.72,0.0417,18.012,0.1589,0.2364,BCC+FCC
1,7.4455,13.96,0.0427,0.1657,0.1089,BCC+FCC,1,12.152,0.0427,43.26,17.8675,0.0635,0.076,0.5584,0.3066,BCC+FCC,1,2.05,4.7245,0.0427,0.1657,0.2848,0.1089,0.3066,0.0972,BCC+FCC,1,12.152,4.7245,0.0427,0.3194,0.076,0.3066,0.179,BCC+FCC,1,2.0737,2.05,4.7245,72.695,0.0427,17.8675,0.1657,0.2848,BCC+FCC
1,7.5515,14.45,0.0483,0.1736,0.1224,BCC+FCC,1,12.9458,0.0483,36.72,20.5525,0.0648,0.0744,0.5818,0.336,BCC+FCC,1,1.95,4.7395,0.0483,0.1736,0.2867,0.1224,0.336,0.1017,BCC+FCC,1,12.9458,4.7395,0.0483,0.3272,0.0744,0.336,0.1971,BCC+FCC,1,2.805,1.95,4.7395,69.275,0.0483,20.5525,0.1736,0.2867,BCC+FCC
1,7.2405,13.14,0.0487,0.1834,0.1144,BCC+FCC,1,13.9646,0.0487,39.05,22.198,0.068,0.0679,0.5419,0.3647,BCC+FCC,1,1.85,4.6345,0.0487,0.1834,0.2845,0.1144,0.3647,0.1587,BCC+FCC,1,13.9646,4.6345,0.0487,0.3438,0.0679,0.3647,0.2676,BCC+FCC,1,3.2966,1.85,4.6345,75.68,0.0487,22.198,0.1834,0.2845,BCC+FCC
1,7.153,12.615,0.0479,0.1799,0.1081,BCC+FCC,1,13.5008,0.0479,37.245,21.04,0.0681,0.0683,0.5212,0.3546,BCC+FCC,1,1.85,4.627,0.0479,0.1799,0.2828,0.1081,0.3546,0.1684,BCC+FCC,1,13.5008,4.627,0.0479,0.3403,0.0683,0.3546,0.2677,BCC+FCC,1,2.637,1.85,4.627,79.04,0.0479,21.04,0.1799,0.2828,BCC+FCC
1,7.1005,14.195,0.048,0.1811,0.1176,BCC+FCC,1,13.0175,0.048,41.66,21.587,0.0695,0.0764,0.5972,0.3608,BCC+FCC,1,2.05,4.681,0.048,0.1811,0.3269,0.1176,0.3608,0.1219,BCC+FCC,1,13.0175,4.681,0.048,0.3639,0.0764,0.3608,0.2215,BCC+FCC,1,1.8507,2.05,4.681,71.645,0.048,21.587,0.1811,0.3269,BCC+FCC
1,8.0925,14.025,0.0509,0.1681,0.118,BCC+FCC,1,12.8046,0.0509,52.475,24.013,0.0678,0.0602,1.0794,0.3761,BCC+FCC,1,1.45,4.659,0.0509,0.1681,0.1774,0.118,0.3761,0.1745,BCC+FCC,1,12.8046,4.659,0.0509,0.268,0.0602,0.3761,0.3102,BCC+FCC,1,5.5748,1.45,4.659,71.97,0.0509,24.013,0.1681,0.1774,BCC+FCC
1,7.839,14.665,0.0532,0.1797,0.1425,BCC+FCC,1,13.4171,0.0532,137.8,22.201,0.0844,0.0701,1.1206,0.3552,BCC+FCC,1,1.5,4.5515,0.0532,0.1797,0.1799,0.1425,0.3552,0.198,BCC+FCC,1,13.4171,4.5515,0.0532,0.2891,0.0701,0.3552,0.299,BCC+FCC,1,10.9601,1.5,4.5515,76.43,0.0532,22.201,0.1797,0.1799,BCC+FCC
1,7.7205,13.57,0.0482,0.1773,0.132,BCC+FCC,1,13.7759,0.0482,108.45,21.922,0.0778,0.0597,1.064,0.3441,BCC+FCC,1,1.5,4.5315,0.0482,0.1773,0.1772,0.132,0.3441,0.1988,BCC+FCC,1,13.7759,4.5315,0.0482,0.2881,0.0597,0.3441,0.2879,BCC+FCC,1,7.5279,1.5,4.5315,79.88,0.0482,21.922,0.1773,0.1772,BCC+FCC
1,7.8635,15.705,0.0461,0.1563,0.1342,BCC+FCC,1,13.4813,0.0461,90.1,20.396,0.0715,0.068,1.154,0.3381,BCC+FCC,1,1.7,4.6205,0.0461,0.1563,0.232,0.1342,0.3381,0.1296,BCC+FCC,1,13.4813,4.6205,0.0461,0.2843,0.068,0.3381,0.2476,BCC+FCC,1,50.4459,1.7,4.6205,65.94,0.0461,20.396,0.1563,0.232,BCC+FCC
1,7.8025,15.24,0.0468,0.1596,0.1468,BCC+FCC,1,13.5221,0.0468,113,17.2675,0.0815,0.0854,1.1727,0.3037,BCC+FCC,1,1.85,4.7005,0.0468,0.1596,0.2343,0.1468,0.3037,0.1434,BCC+FCC,1,13.5221,4.7005,0.0468,0.2877,0.0854,0.3037,0.2416,BCC+FCC,1,3.6052,1.85,4.7005,74.595,0.0468,17.2675,0.1596,0.2343,BCC+FCC
1,7.4915,13.93,0.0458,0.17,0.1383,BCC+FCC,1,14.3234,0.0458,109.35,18,0.08,0.0777,1.0819,0.3184,BCC+FCC,1,1.75,4.5955,0.0458,0.17,0.2333,0.1383,0.3184,0.1758,BCC+FCC,1,14.3234,4.5955,0.0458,0.3045,0.0777,0.3184,0.2561,BCC+FCC,1,4.5556,1.75,4.5955,81,0.0458,18,0.17,0.2333,BCC+FCC
1,7.5665,13.85,0.0492,0.1788,0.1275,BCC+FCC,1,14.4284,0.0492,85.25,21.842,0.0764,0.0689,1.1066,0.3565,BCC+FCC,1,1.65,4.598,0.0492,0.1788,0.2348,0.1275,0.3565,0.1828,BCC+FCC,1,14.4284,4.598,0.0492,0.3149,0.0689,0.3565,0.2832,BCC+FCC,1,13.7292,1.65,4.598,77.67,0.0492,21.842,0.1788,0.2348,BCC+FCC
1,7.3635,12.57,0.0461,0.1788,0.1061,BCC+FCC,1,13.0175,0.0461,59.75,24.063,0.0679,0.0431,0.9134,0.3686,BCC+FCC,1,1.55,4.5205,0.0461,0.1788,0.23,0.1061,0.3686,0.199,BCC+FCC,1,13.0175,4.5205,0.0461,0.319,0.0431,0.3686,0.2881,BCC+FCC,1,13.6751,1.55,4.5205,80.89,0.0461,24.063,0.1788,0.23,BCC+FCC
1,7.5435,15.83,0.0511,0.1729,0.1496,BCC+FCC,1,13.3046,0.0511,114.1,20.238,0.0847,0.0873,1.251,0.3423,BCC+FCC,1,1.9,4.6895,0.0511,0.1729,0.2836,0.1496,0.3423,0.1457,BCC+FCC,1,13.3046,4.6895,0.0511,0.3299,0.0873,0.3423,0.25,BCC+FCC,1,2.3785,1.9,4.6895,71.98,0.0511,20.238,0.1729,0.2836,BCC+FCC
1,7.1645,15.155,0.0505,0.1794,0.1358,BCC+FCC,1,13.1634,0.0505,86,20.895,0.0816,0.086,1.2273,0.3606,BCC+FCC,1,2,4.6835,0.0505,0.1794,0.325,0.1358,0.3606,0.1487,BCC+FCC,1,13.1634,4.6835,0.0505,0.3639,0.086,0.3606,0.2456,BCC+FCC,1,1.7099,2,4.6835,74.61,0.0505,20.895,0.1794,0.325,BCC+FCC
1,6.9605,15.53,0.0503,0.182,0.1263,BCC+FCC,1,12.6995,0.0503,59.75,22.982,0.0778,0.0834,1.1644,0.3838,BCC+FCC,1,2.1,4.6925,0.0503,0.182,0.3634,0.1263,0.3838,0.1268,BCC+FCC,1,12.6995,4.6925,0.0503,0.3901,0.0834,0.3838,0.2257,BCC+FCC,1,1.503,2.1,4.6925,70.52,0.0503,22.982,0.182,0.3634,BCC+FCC
1,7.262,12.89,0.0491,0.1989,0.0951,BCC+FCC,1,12.4291,0.0491,43.66,20.0675,0.0734,0.0758,0.5022,0.3472,BCC+FCC,1,2.05,4.6785,0.0491,0.1989,0.2752,0.0951,0.3472,0.1347,BCC+FCC,1,12.4291,4.6785,0.0491,0.323,0.0758,0.3472,0.248,BCC+FCC,1,1.3723,2.05,4.6785,71.115,0.0491,20.0675,0.1989,0.2752,BCC+FCC
1,7.1375,13.28,0.0487,0.1893,0.1049,BCC+FCC,1,12.8287,0.0487,41.955,20.45,0.0719,0.0764,0.5405,0.3538,BCC+FCC,1,2.05,4.676,0.0487,0.1893,0.3011,0.1049,0.3538,0.1381,BCC+FCC,1,12.8287,4.676,0.0487,0.3429,0.0764,0.3538,0.2454,BCC+FCC,1,1.484,2.05,4.676,73.06,0.0487,20.45,0.1893,0.3011,BCC+FCC
1,7.4785,11.79,0.0461,0.1805,0.1171,BCC+FCC,1,12.8287,0.0461,81.375,18.7705,0.0783,0.0773,1.0087,0.291,BCC+FCC,1,1.7,4.6355,0.0461,0.1805,0.2007,0.1171,0.291,0.1999,BCC+FCC,1,12.8287,4.6355,0.0461,0.283,0.0773,0.291,0.2689,BCC+FCC,1,2.4108,1.7,4.6355,87.685,0.0461,18.7705,0.1805,0.2007,BCC+FCC
1,7.0025,11.935,0.0461,0.1918,0.1087,BCC+FCC,1,13.6346,0.0461,59,21.9575,0.0756,0.0675,0.8945,0.3806,BCC+FCC,1,1.8,4.571,0.0461,0.1918,0.2641,0.1087,0.3806,0.212,BCC+FCC,1,13.6346,4.571,0.0461,0.3208,0.0675,0.3806,0.3136,BCC+FCC,1,1.9194,1.8,4.571,80.515,0.0461,21.9575,0.1918,0.2641,BCC+FCC
1,6.9925,14.165,0.0485,0.1801,0.131,BCC+FCC,1,13.2638,0.0485,63.32,20.745,0.0758,0.0815,1.0102,0.358,BCC+FCC,1,2.05,4.6535,0.0485,0.1801,0.3256,0.131,0.358,0.1443,BCC+FCC,1,13.2638,4.6535,0.0485,0.3638,0.0815,0.358,0.242,BCC+FCC,1,1.5864,2.05,4.6535,74.83,0.0485,20.745,0.1801,0.3256,BCC+FCC
1,6.7,12.82,0.0423,0.1731,0.1281,BCC+FCC,1,13.2638,0.0423,58.075,24.235,0.0702,0.0698,0.9887,0.3855,BCC+FCC,1,1.85,4.556,0.0423,0.1731,0.3172,0.1281,0.3855,0.193,BCC+FCC,1,13.2638,4.556,0.0423,0.3592,0.0698,0.3855,0.2758,BCC+FCC,1,1.9307,1.85,4.556,81.175,0.0423,24.235,0.1731,0.3172,BCC+FCC
1,4.907,18.22,0.0296,0.1556,0.2084,BCC+FCC,1,12.3408,0.0296,168.975,25.082,0.0408,0.027,1.2276,0.5749,BCC+FCC,1,2.35,4.268,0.0296,0.1556,0.4275,0.2084,0.5749,0.196,BCC+FCC,1,12.3408,4.268,0.0296,0.3812,0.027,0.5749,0.389,BCC+FCC,1,0.8182,2.35,4.268,48.135,0.0296,25.082,0.1556,0.4275,BCC+FCC
1,7.298,13.34,0.0464,0.1972,0.1045,BCC+FCC,1,12.3696,0.0464,47.205,20.382,0.0711,0.0726,0.5124,0.3403,BCC+FCC,1,2.05,4.6535,0.0464,0.1972,0.2746,0.1045,0.3403,0.1134,BCC+FCC,1,12.3696,4.6535,0.0464,0.321,0.0726,0.3403,0.2143,BCC+FCC,1,1.5908,2.05,4.6535,67.67,0.0464,20.382,0.1972,0.2746,BCC+FCC
1,7.523,14.575,0.0497,0.1962,0.1286,BCC+FCC,1,13.3763,0.0497,64.85,21.328,0.0773,0.077,1.0129,0.3538,BCC+FCC,1,1.95,4.691,0.0497,0.1962,0.2739,0.1286,0.3538,0.1219,BCC+FCC,1,13.3763,4.691,0.0497,0.3194,0.077,0.3538,0.2359,BCC+FCC,1,2.0063,1.95,4.691,65.74,0.0497,21.328,0.1962,0.2739,BCC+FCC
3,8.8365,11.465,0.1044,0.5655,0.3008,IM,3,14.8159,0.1044,68.685,31.523,0.1592,0.0828,0.7116,0.5812,IM,3,1.6,4.477,0.1044,0.5655,0.3398,0.3008,0.5812,0.107,IM,3,14.8159,4.477,0.1044,0.4458,0.0828,0.5812,0.2587,IM,3,2.0207,1.6,4.477,61.31,0.1044,31.523,0.5655,0.3398,IM
3,7.9395,11.595,0.0988,0.4828,0.2955,IM,3,14.4284,0.0988,61.7,32.733,0.1426,0.0814,0.7278,0.5595,IM,3,1.65,4.5795,0.0988,0.4828,0.303,0.2955,0.5595,0.1243,IM,3,14.4284,4.5795,0.0988,0.4261,0.0814,0.5595,0.2904,IM,3,1.5037,1.65,4.5795,64.83,0.0988,32.733,0.4828,0.303,IM
3,7.518,10.53,0.0853,0.4534,0.2317,IM,3,14.5334,0.0853,59.96,32.416,0.162,0.0835,0.5643,0.5878,IM,3,1.8,4.513,0.0853,0.4534,0.2967,0.2317,0.5878,0.126,IM,3,14.5334,4.513,0.0853,0.4262,0.0835,0.5878,0.3049,IM,3,1.586,1.8,4.513,62.93,0.0853,32.416,0.4534,0.2967,IM
4,8.678,12.82,0.0362,0.1607,0.1493,FCC,4,12.9458,0.0362,64.94,18.477,0.0449,0.0578,0.6269,0.3074,FCC,4,1.75,4.8625,0.0362,0.1607,0.0724,0.1493,0.3074,0.144,FCC,4,12.9458,4.8625,0.0362,0.156,0.0578,0.3074,0.2846,FCC,4,13.0648,1.75,4.8625,74.645,0.0362,18.477,0.1607,0.0724,FCC
3,8.441,13.345,0.0329,0.1402,0.0919,FCC,3,13.2638,0.0329,66.855,21.7875,0.0497,0.0591,0.6772,0.3563,FCC,3,1.75,4.849,0.0329,0.1402,0.122,0.0919,0.3563,0.1559,FCC,3,13.2638,4.849,0.0329,0.187,0.0591,0.3563,0.3456,FCC,3,18.5402,1.75,4.849,65.775,0.0329,21.7875,0.1402,0.122,FCC
3,8.302,12.745,0.0372,0.1505,0.0823,FCC,3,13.8809,0.0372,65.52,22.56,0.0545,0.061,0.6274,0.3656,FCC,3,1.75,4.809,0.0372,0.1505,0.127,0.0823,0.3656,0.1795,FCC,3,13.8809,4.809,0.0372,0.203,0.061,0.3656,0.3745,FCC,3,11.9498,1.75,4.809,69.05,0.0372,22.56,0.1505,0.127,FCC
4,8.439,13.22,0.0378,0.1488,0.1231,FCC,4,13.3763,0.0378,59.34,20.12,0.0503,0.0631,0.6582,0.3245,FCC,4,1.7,4.82,0.0378,0.1488,0.1067,0.1231,0.3245,0.1391,FCC,4,13.3763,4.82,0.0378,0.2022,0.0631,0.3245,0.3063,FCC,4,202.1133,1.7,4.82,65.87,0.0378,20.12,0.1488,0.1067,FCC
3,8.517,13.105,0.029,0.1206,0.0934,FCC,3,13.1587,0.029,70.805,20.704,0.0416,0.059,0.6253,0.3302,FCC,3,1.8,4.865,0.029,0.1206,0.0865,0.0934,0.3302,0.156,FCC,3,13.1587,4.865,0.029,0.1667,0.059,0.3302,0.3476,FCC,3,464.6947,1.8,4.865,66.76,0.029,20.704,0.1206,0.0865,FCC
2,8.4325,12.92,0.0342,0.136,0.1025,FCC,2,13.9646,0.0342,70.355,22.42,0.0475,0.0589,0.6219,0.3656,FCC,2,1.7,4.8075,0.0342,0.136,0.0932,0.1025,0.3656,0.1758,FCC,2,13.9646,4.8075,0.0342,0.1892,0.0589,0.3656,0.3874,FCC,2,17.906,1.7,4.8075,66.53,0.0342,22.42,0.136,0.0932,FCC
4,8.287,12.005,0.0347,0.1356,0.0713,FCC,4,13.4171,0.0347,66.6,23.044,0.0515,0.0616,0.5339,0.3644,FCC,4,1.8,4.81,0.0347,0.1356,0.0979,0.0713,0.3644,0.2041,FCC,4,13.4171,4.81,0.0347,0.1879,0.0616,0.3644,0.4207,FCC,4,8.2929,1.8,4.81,71.255,0.0347,23.044,0.1356,0.0979,FCC
1,8.4705,12.715,0.032,0.1373,0.0809,FCC,1,11.7524,0.032,77.58,21.585,0.0498,0.0586,0.5946,0.3527,FCC,1,1.9,4.9225,0.032,0.1373,0.1048,0.0809,0.3527,0.1603,FCC,1,11.7524,4.9225,0.032,0.1843,0.0586,0.3527,0.3905,FCC,1,4.346,1.9,4.9225,64.575,0.032,21.585,0.1373,0.1048,FCC
4,8.3555,12.93,0.0286,0.12,0.0923,FCC,4,12.8287,0.0286,65.73,20.9875,0.0397,0.0562,0.4884,0.3593,FCC,4,1.8,4.7525,0.0286,0.12,0.0887,0.0923,0.3593,0.1672,FCC,4,12.8287,4.7525,0.0286,0.169,0.0562,0.3593,0.4011,FCC,4,13.4638,1.8,4.7525,62.225,0.0286,20.9875,0.12,0.0887,FCC
4,8.508,13.35,0.0271,0.1213,0.1019,FCC,4,12.9458,0.0271,78.4,19.8785,0.0404,0.0546,0.5582,0.3771,FCC,4,1.75,4.8175,0.0271,0.1213,0.0861,0.1019,0.3771,0.1584,FCC,4,12.9458,4.8175,0.0271,0.1693,0.0546,0.3771,0.4175,FCC,4,11.5245,1.75,4.8175,58.545,0.0271,19.8785,0.1213,0.0861,FCC
1,8.1115,14.56,0.0309,0.1175,0.1572,FCC,1,13.9646,0.0309,145.94,13.706,0.0815,0.0841,0.7558,0.2613,FCC,1,1.85,4.6125,0.0309,0.1175,0.082,0.1572,0.2613,0.2006,FCC,1,13.9646,4.6125,0.0309,0.1709,0.0841,0.2613,0.3184,FCC,1,11.8328,1.85,4.6125,76.39,0.0309,13.706,0.1175,0.082,FCC
3,8.236,12.9,0.0255,0.1043,0.0925,FCC,3,12.3696,0.0255,77.095,21.468,0.0501,0.0585,0.5679,0.3481,FCC,3,1.8,4.6775,0.0255,0.1043,0.074,0.0925,0.3481,0.2008,FCC,3,12.3696,4.6775,0.0255,0.1519,0.0585,0.3481,0.4048,FCC,3,11.961,1.8,4.6775,68.96,0.0255,21.468,0.1043,0.074,FCC
1,8.3185,13.28,0.0229,0.0913,0.0929,FCC,1,11.7524,0.0229,78.06,20.9895,0.0456,0.0593,0.5384,0.3425,FCC,1,1.85,4.7025,0.0229,0.0913,0.0688,0.0929,0.3425,0.1866,FCC,1,11.7524,4.7025,0.0229,0.1346,0.0593,0.3425,0.4086,FCC,1,10.3249,1.85,4.7025,65.255,0.0229,20.9895,0.0913,0.0688,FCC
1,7.861,13.31,0.0452,0.1966,0.1155,BCC+FCC,1,12.9458,0.0452,92.92,20.245,0.0757,0.0621,0.6315,0.4585,BCC+FCC,1,1.8,4.677,0.0452,0.1966,0.1922,0.1155,0.4585,0.1771,BCC+FCC,1,12.9458,4.677,0.0452,0.2587,0.0621,0.4585,0.4988,BCC+FCC,1,3.3814,1.8,4.677,52.675,0.0452,20.245,0.1966,0.1922,BCC+FCC
2,8.713,9.75,0.0852,0.4437,0.2034,IM,2,14.0984,0.0852,62.2,34.2,0.1287,0.0795,0.5105,0.5767,IM,2,1.6,4.478,0.0852,0.4437,0.2975,0.2034,0.5767,0.2534,IM,2,14.0984,4.478,0.0852,0.3472,0.0795,0.5767,0.5374,IM,2,2.3476,1.6,4.478,63.5,0.0852,34.2,0.4437,0.2975,IM
3,10.6945,10.405,0.1189,0.5479,0.3017,IM,3,13.7183,0.1189,59.35,32.436,0.1761,0.0876,0.3959,0.613,IM,3,1.85,4.495,0.1189,0.5479,0.3375,0.3017,0.613,0.1689,IM,3,13.7183,4.495,0.1189,0.3142,0.0876,0.613,0.4204,IM,3,2.3979,1.85,4.495,63.955,0.1189,32.436,0.5479,0.3375,IM
3,10.0145,9.93,0.1053,0.5129,0.2732,IM,3,13.9646,0.1053,59.75,33.846,0.1619,0.0876,0.4419,0.5857,IM,3,1.7,4.4925,0.1053,0.5129,0.3129,0.2732,0.5857,0.222,IM,3,13.9646,4.4925,0.1053,0.3249,0.0876,0.5857,0.5016,IM,3,2.41,1.7,4.4925,65.13,0.1053,33.846,0.5129,0.3129,IM
3,10.253,10.705,0.1129,0.5196,0.277,IM,3,13.7759,0.1129,74.72,30.759,0.1644,0.0981,0.5237,0.6124,IM,3,1.7,4.59,0.1129,0.5196,0.2914,0.277,0.6124,0.1958,IM,3,13.7759,4.59,0.1129,0.3415,0.0981,0.6124,0.5088,IM,3,1.8971,1.7,4.59,59.885,0.1129,30.759,0.5196,0.2914,IM
3,10.248,10.56,0.1116,0.5165,0.2676,IM,3,13.3763,0.1116,70.61,30.966,0.1642,0.0996,0.4818,0.6184,IM,3,1.75,4.6075,0.1116,0.5165,0.2918,0.2676,0.6184,0.1977,IM,3,13.3763,4.6075,0.1116,0.3328,0.0996,0.6184,0.5279,IM,3,1.6563,1.75,4.6075,59.54,0.1116,30.966,0.5165,0.2918,IM
3,9.0425,9.345,0.0941,0.486,0.22,IM,3,13.7759,0.0941,68.965,39.425,0.1622,0.0797,0.4323,0.6471,IM,3,1.6,4.567,0.0941,0.486,0.2819,0.22,0.6471,0.1834,IM,3,13.7759,4.567,0.0941,0.3361,0.0797,0.6471,0.5069,IM,3,2.3034,1.6,4.567,64.75,0.0941,39.425,0.486,0.2819,IM
2,8.8655,9.115,0.1054,0.5198,0.2802,IM,2,14.4284,0.1054,60.94,34.556,0.1588,0.0742,0.4928,0.6246,IM,2,1.55,4.495,0.1054,0.5198,0.3238,0.2802,0.6246,0.2242,IM,2,14.4284,4.495,0.1054,0.3655,0.0742,0.6246,0.564,IM,2,2.4637,1.55,4.495,62.255,0.1054,34.556,0.5198,0.3238,IM
3,9.874,8.42,0.1046,0.5986,0.2581,IM,3,13.9646,0.1046,62.1,32.579,0.1718,0.0798,0.4108,0.6186,IM,3,1.7,4.485,0.1046,0.5986,0.3672,0.2581,0.6186,0.1831,IM,3,13.9646,4.485,0.1046,0.3408,0.0798,0.6186,0.5249,IM,3,1.9797,1.7,4.485,61.19,0.1046,32.579,0.5986,0.3672,IM
3,9.9255,9.43,0.1168,0.5808,0.2675,IM,3,13.6346,0.1168,62.12,33.0575,0.1786,0.0967,0.4412,0.6999,IM,3,1.7,4.4725,0.1168,0.5808,0.3253,0.2675,0.6999,0.218,IM,3,13.6346,4.4725,0.1168,0.3689,0.0967,0.6999,0.5911,IM,3,1.6494,1.7,4.4725,56.885,0.1168,33.0575,0.5808,0.3253,IM
4,10.5235,10.79,0.1208,0.5434,0.3178,IM,4,13.4813,0.1208,76.515,31.264,0.1767,0.0902,0.4889,0.7094,IM,4,1.7,4.5675,0.1208,0.5434,0.3403,0.3178,0.7094,0.1743,IM,4,13.4813,4.5675,0.1208,0.3441,0.0902,0.7094,0.5127,IM,4,2.3377,1.7,4.5675,57.59,0.1208,31.264,0.5434,0.3403,IM
1,7.7575,12.97,0.047,0.1977,0.1156,BCC+FCC,1,12.6995,0.047,88.58,18.048,0.0841,0.0831,0.9325,0.329,BCC+FCC,1,1.95,4.7195,0.047,0.1977,0.1916,0.1156,0.329,0.175,BCC+FCC,1,12.6995,4.7195,0.047,0.259,0.0831,0.329,0.318,BCC+FCC,1,1.6222,1.95,4.7195,72.695,0.047,18.048,0.1977,0.1916,BCC+FCC
1,7.883,15.505,0.0331,0.1397,0.1837,FCC,1,13.2638,0.0331,165.585,14.826,0.0917,0.0921,0.696,0.2777,FCC,1,1.95,4.5565,0.0331,0.1397,0.1271,0.1837,0.2777,0.2114,FCC,1,13.2638,4.5565,0.0331,0.1916,0.0921,0.2777,0.3367,FCC,1,3.1724,1.95,4.5565,73.19,0.0331,14.826,0.1397,0.1271,FCC
1,7.613,12.59,0.0453,0.192,0.1158,BCC+FCC,1,14.2397,0.0453,93.925,22.827,0.0817,0.0756,0.7874,0.3885,BCC+FCC,1,1.9,4.6395,0.0453,0.192,0.1884,0.1158,0.3885,0.2093,BCC+FCC,1,14.2397,4.6395,0.0453,0.2524,0.0756,0.3885,0.3972,BCC+FCC,1,2.1391,1.9,4.6395,69.895,0.0453,22.827,0.192,0.1884,BCC+FCC
1,7.355,11.525,0.0428,0.1842,0.1164,BCC+FCC,1,13.7759,0.0428,92.05,25.644,0.0774,0.0612,0.7544,0.4213,BCC+FCC,1,1.75,4.542,0.0428,0.1842,0.1806,0.1164,0.4213,0.2526,BCC+FCC,1,13.7759,4.542,0.0428,0.2435,0.0612,0.4213,0.4243,BCC+FCC,1,2.7526,1.75,4.542,74.59,0.0428,25.644,0.1842,0.1806,BCC+FCC
1,7.7265,13.54,0.0459,0.1928,0.1368,BCC+FCC,1,14.2109,0.0459,121.455,23.12,0.0874,0.0835,0.8084,0.3904,BCC+FCC,1,1.95,4.677,0.0459,0.1928,0.1915,0.1368,0.3904,0.2048,BCC+FCC,1,14.2109,4.677,0.0459,0.2525,0.0835,0.3904,0.4156,BCC+FCC,1,1.8935,1.95,4.677,66.1,0.0459,23.12,0.1928,0.1915,BCC+FCC
1,7.747,13.045,0.0448,0.1914,0.1154,BCC+FCC,1,13.9646,0.0448,100.49,23.2425,0.0824,0.0788,0.7826,0.3907,BCC+FCC,1,1.95,4.697,0.0448,0.1914,0.1909,0.1154,0.3907,0.1962,BCC+FCC,1,13.9646,4.697,0.0448,0.2497,0.0788,0.3907,0.4071,BCC+FCC,1,1.9085,1.95,4.697,66.275,0.0448,23.2425,0.1914,0.1909,BCC+FCC
1,7.5715,12.36,0.0454,0.1898,0.1161,BCC+FCC,1,14.3234,0.0454,100.675,26.622,0.0811,0.0716,0.7145,0.4442,BCC+FCC,1,1.85,4.6245,0.0454,0.1898,0.1888,0.1161,0.4442,0.2339,BCC+FCC,1,14.3234,4.6245,0.0454,0.2492,0.0716,0.4442,0.4694,BCC+FCC,1,2.2969,1.85,4.6245,67.265,0.0454,26.622,0.1898,0.1888,BCC+FCC
1,7.833,12.93,0.0458,0.1795,0.1338,BCC+FCC,1,13.6225,0.0458,122.3,27.9225,0.0847,0.0796,0.7193,0.4576,BCC+FCC,1,1.8,4.6955,0.0458,0.1795,0.1685,0.1338,0.4576,0.256,BCC+FCC,1,13.6225,4.6955,0.0458,0.2398,0.0796,0.4576,0.5143,BCC+FCC,1,2.3523,1.8,4.6955,67.625,0.0458,27.9225,0.1795,0.1685,BCC+FCC
2,8.4185,10.07,0.082,0.3778,0.2444,IM,2,13.4171,0.082,59.845,33.52,0.1435,0.0778,0.3906,0.5842,IM,2,1.85,4.595,0.082,0.3778,0.3173,0.2444,0.5842,0.2265,IM,2,13.4171,4.595,0.082,0.2729,0.0778,0.5842,0.5365,IM,2,1.5284,1.85,4.595,65.6,0.082,33.52,0.3778,0.3173,IM
1,7.8885,14.715,0.0278,0.1191,0.1803,FCC,1,12.47,0.0278,157.51,7.214,0.0836,0.0846,0.7329,0.173,FCC,1,1.95,4.525,0.0278,0.1191,0.0885,0.1803,0.173,0.1556,FCC,1,12.47,4.525,0.0278,0.1694,0.0846,0.173,0.2308,FCC,1,5.1064,1.95,4.525,78.805,0.0278,7.214,0.1191,0.0885,FCC
1,7.709,14.39,0.0347,0.1462,0.2018,FCC,1,13.7759,0.0347,152.04,13.7025,0.0841,0.0839,0.6913,0.2408,FCC,1,1.95,4.4975,0.0347,0.1462,0.1132,0.2018,0.2408,0.1877,FCC,1,13.7759,4.4975,0.0347,0.2029,0.0839,0.2408,0.3033,FCC,1,4.0365,1.95,4.4975,73.505,0.0347,13.7025,0.1462,0.1132,FCC
1,7.744,14.6,0.0288,0.1209,0.1886,FCC,1,13.3763,0.0288,164.605,12.035,0.083,0.0789,0.6755,0.2457,FCC,1,1.85,4.465,0.0288,0.1209,0.088,0.1886,0.2457,0.205,FCC,1,13.3763,4.465,0.0288,0.1713,0.0789,0.2457,0.2854,FCC,1,6.8362,1.85,4.465,79.705,0.0288,12.035,0.1209,0.088,FCC
1,7.671,14.135,0.0345,0.1458,0.2017,FCC,1,14.2397,0.0345,147.24,16.719,0.0827,0.0814,0.663,0.2886,FCC,1,1.9,4.49,0.0345,0.1458,0.1139,0.2017,0.2886,0.2144,FCC,1,14.2397,4.49,0.0345,0.2023,0.0814,0.2886,0.3485,FCC,1,4.4898,1.9,4.49,73.015,0.0345,16.719,0.1458,0.1139,FCC
1,7.735,15.095,0.0348,0.1454,0.2131,FCC,1,13.3046,0.0348,173.76,15.89,0.0876,0.0915,0.6576,0.2918,FCC,1,1.85,4.4925,0.0348,0.1454,0.1101,0.2131,0.2918,0.2329,FCC,1,13.3046,4.4925,0.0348,0.2057,0.0915,0.2918,0.3422,FCC,1,3.9703,1.85,4.4925,75.98,0.0348,15.89,0.1454,0.1101,FCC
1,8.087,13.845,0.0322,0.1276,0.1547,FCC,1,14.0696,0.0322,126.43,18.361,0.0787,0.0841,0.693,0.3095,FCC,1,1.9,4.665,0.0322,0.1276,0.0986,0.1547,0.3095,0.2166,FCC,1,14.0696,4.665,0.0322,0.1785,0.0841,0.3095,0.3867,FCC,1,4.7564,1.9,4.665,72.585,0.0322,18.361,0.1276,0.0986,FCC
2,8.6415,9.435,0.0888,0.4591,0.2038,IM,2,14.3159,0.0888,59.145,36.02,0.1585,0.0744,0.4148,0.6111,IM,2,1.75,4.496,0.0888,0.4591,0.3146,0.2038,0.6111,0.1737,IM,2,14.3159,4.496,0.0888,0.3139,0.0744,0.6111,0.4496,IM,2,2.0235,1.75,4.496,63.9,0.0888,36.02,0.4591,0.3146,IM
3,8.7545,9.77,0.0913,0.4424,0.2038,IM,3,14.3809,0.0913,61.635,34.668,0.1497,0.08,0.4029,0.6073,IM,3,1.75,4.5495,0.0913,0.4424,0.2907,0.2038,0.6073,0.1913,IM,3,14.3809,4.5495,0.0913,0.3083,0.08,0.6073,0.5074,IM,3,1.8569,1.75,4.5495,62.24,0.0913,34.668,0.4424,0.2907,IM
3,9.159,9.295,0.0956,0.4832,0.2102,IM,3,14.2397,0.0956,59.25,36.408,0.1598,0.0857,0.3831,0.6076,IM,3,1.7,4.528,0.0956,0.4832,0.2787,0.2102,0.6076,0.2082,IM,3,14.2397,4.528,0.0956,0.3096,0.0857,0.6076,0.5278,IM,3,1.8816,1.7,4.528,64.19,0.0956,36.408,0.4832,0.2787,IM
1,7.4095,8.185,0.0648,0.3819,0.2022,IM,1,14.3234,0.0648,62.04,43.445,0.1652,0.0566,0.4858,0.6547,IM,1,1.6,4.465,0.0648,0.3819,0.285,0.2022,0.6547,0.2213,IM,1,14.3234,4.465,0.0648,0.2941,0.0566,0.6547,0.5298,IM,1,2.5753,1.6,4.465,69.055,0.0648,43.445,0.3819,0.285,IM
2,10.804,9.685,0.1064,0.499,0.3115,IM,2,13.6225,0.1064,60.45,38.95,0.1653,0.0793,0.3182,0.5916,IM,2,1.85,4.5975,0.1064,0.499,0.375,0.3115,0.5916,0.2009,IM,2,13.6225,4.5975,0.1064,0.2513,0.0793,0.5916,0.4648,IM,2,2.7561,1.85,4.5975,76.02,0.1064,38.95,0.499,0.375,IM
2,9.2575,9.15,0.1045,0.5012,0.2403,IM,2,13.4813,0.1045,55.645,33.8235,0.1612,0.0787,0.3041,0.6015,IM,2,1.75,4.58,0.1045,0.5012,0.2992,0.2403,0.6015,0.1722,IM,2,13.4813,4.58,0.1045,0.2921,0.0787,0.6015,0.4965,IM,2,1.6186,1.75,4.58,63.585,0.1045,33.8235,0.5012,0.2992,IM
4,9.5455,8.94,0.1053,0.526,0.2546,IM,4,13.6225,0.1053,61.55,32.6355,0.1599,0.0805,0.3518,0.5977,IM,4,1.75,4.5625,0.1053,0.526,0.3381,0.2546,0.5977,0.1884,IM,4,13.6225,4.5625,0.1053,0.3007,0.0805,0.5977,0.538,IM,4,1.5986,1.75,4.5625,62.505,0.1053,32.6355,0.526,0.3381,IM
2,9.1955,10.59,0.0884,0.4176,0.2415,IM,2,13.3763,0.0884,62.1,30.918,0.1421,0.0817,0.3946,0.594,IM,2,1.9,4.5705,0.0884,0.4176,0.3574,0.2415,0.594,0.196,IM,2,13.3763,4.5705,0.0884,0.2854,0.0817,0.594,0.5106,IM,2,1.6671,1.9,4.5705,60.54,0.0884,30.918,0.4176,0.3574,IM
2,8.151,9.81,0.0826,0.418,0.2013,IM,2,14.2109,0.0826,63.13,30.8155,0.1189,0.0785,0.4996,0.6084,IM,2,1.75,4.491,0.0826,0.418,0.3231,0.2013,0.6084,0.226,IM,2,14.2109,4.491,0.0826,0.3257,0.0785,0.6084,0.5775,IM,2,1.6095,1.75,4.491,56.335,0.0826,30.8155,0.418,0.3231,IM
2,8.04,9.205,0.0701,0.3875,0.1667,IM,2,13.7759,0.0701,61.28,33.8665,0.1137,0.0787,0.4829,0.601,IM,2,1.7,4.4895,0.0701,0.3875,0.323,0.1667,0.601,0.2545,IM,2,13.7759,4.4895,0.0701,0.3139,0.0787,0.601,0.5793,IM,2,1.8361,1.7,4.4895,61.405,0.0701,33.8665,0.3875,0.323,IM
2,8.2115,10.37,0.0738,0.357,0.1614,IM,2,13.4813,0.0738,61.085,30.736,0.1178,0.079,0.4223,0.5645,IM,2,1.8,4.5755,0.0738,0.357,0.2572,0.1614,0.5645,0.2322,IM,2,13.4813,4.5755,0.0738,0.2895,0.079,0.5645,0.5726,IM,2,1.5438,1.8,4.5755,59.58,0.0738,30.736,0.357,0.2572,IM
3,9.826,9.42,0.1068,0.5241,0.2775,IM,3,14.0221,0.1068,61,31.5235,0.1526,0.0869,0.4171,0.5964,IM,3,1.7,4.5025,0.1068,0.5241,0.3072,0.2775,0.5964,0.2061,IM,3,14.0221,4.5025,0.1068,0.2942,0.0869,0.5964,0.5323,IM,3,1.7813,1.7,4.5025,61.395,0.1068,31.5235,0.5241,0.3072,IM
2,9.751,10.16,0.0988,0.4553,0.2853,IM,2,13.3809,0.0988,60.9,35.3,0.1614,0.0832,0.3243,0.6432,IM,2,1.9,4.6,0.0988,0.4553,0.3742,0.2853,0.6432,0.201,IM,2,13.3809,4.6,0.0988,0.2693,0.0832,0.6432,0.5325,IM,2,1.7504,1.9,4.6,64.5,0.0988,35.3,0.4553,0.3742,IM
2,9.1185,8.92,0.0981,0.5322,0.2023,IM,2,14.5697,0.0981,67.45,37.333,0.1649,0.0983,0.5165,0.61,IM,2,1.7,4.507,0.0981,0.5322,0.3181,0.2023,0.61,0.2216,IM,2,14.5697,4.507,0.0981,0.3679,0.0983,0.61,0.5157,IM,2,1.5537,1.7,4.507,64.63,0.0981,37.333,0.5322,0.3181,IM
4,9.155,9.265,0.0737,0.3681,0.2598,IM,4,13.9934,0.0737,73.65,31.48,0.1097,0.0657,0.4674,0.4279,IM,4,1.6,4.685,0.0737,0.3681,0.3042,0.2598,0.4279,0.2318,IM,4,13.9934,4.685,0.0737,0.2555,0.0657,0.4279,0.4653,IM,4,3.0291,1.6,4.685,79.52,0.0737,31.48,0.3681,0.3042,IM
2,11.636,8.8,0.1255,0.6889,0.2756,IM,2,13.7759,0.1255,62.52,31.08,0.1777,0.1052,0.447,0.5879,IM,2,1.85,4.475,0.1255,0.6889,0.3136,0.2756,0.5879,0.1949,IM,2,13.7759,4.475,0.1255,0.3508,0.1052,0.5879,0.4957,IM,2,1.5024,1.85,4.475,62.6,0.1255,31.08,0.6889,0.3136,IM
4,8.016,9.19,0.0714,0.3666,0.2248,IM,4,13.9646,0.0714,60.9,32.9305,0.1378,0.0817,0.4511,0.5924,IM,4,1.8,4.575,0.0714,0.3666,0.3554,0.2248,0.5924,0.2226,IM,4,13.9646,4.575,0.0714,0.3156,0.0817,0.5924,0.5403,IM,4,1.7071,1.8,4.575,64.585,0.0714,32.9305,0.3666,0.3554,IM
2,8.978,9.12,0.1011,0.4921,0.2515,IM,2,13.9646,0.1011,59.65,32.53,0.1383,0.0939,0.4845,0.5654,IM,2,1.75,4.5775,0.1011,0.4921,0.3319,0.2515,0.5654,0.245,IM,2,13.9646,4.5775,0.1011,0.3374,0.0939,0.5654,0.5732,IM,2,1.2619,1.75,4.5775,63.5,0.1011,32.53,0.4921,0.3319,IM
3,9.3945,9.23,0.1017,0.5395,0.2181,IM,3,13.3763,0.1017,62.63,31.3925,0.1633,0.095,0.4075,0.6639,IM,3,1.7,4.508,0.1017,0.5395,0.2838,0.2181,0.6639,0.1944,IM,3,13.3763,4.508,0.1017,0.3371,0.095,0.6639,0.5795,IM,3,1.4933,1.7,4.508,55.395,0.1017,31.3925,0.5395,0.2838,IM
2,10.431,8.4,0.0962,0.5967,0.2499,IM,2,14.5697,0.0962,64.48,34.2435,0.1685,0.0859,0.4305,0.5948,IM,2,1.7,4.4655,0.0962,0.5967,0.3485,0.2499,0.5948,0.1974,IM,2,14.5697,4.4655,0.0962,0.3162,0.0859,0.5948,0.512,IM,2,2.1908,1.7,4.4655,64.385,0.0962,34.2435,0.5967,0.3485,IM
2,10.191,8.71,0.0982,0.5788,0.2351,IM,2,14.0984,0.0982,62.3,35.472,0.1739,0.0882,0.3894,0.6196,IM,2,1.7,4.508,0.0982,0.5788,0.3226,0.2351,0.6196,0.1781,IM,2,14.0984,4.508,0.0982,0.321,0.0882,0.6196,0.4973,IM,2,1.9729,1.7,4.508,63.41,0.0982,35.472,0.5788,0.3226,IM
2,8.989,8.75,0.0805,0.5141,0.1899,IM,2,13.6058,0.0805,62.6,37.441,0.1784,0.0848,0.408,0.6943,IM,2,1.7,4.486,0.0805,0.5141,0.3277,0.1899,0.6943,0.1546,IM,2,13.6058,4.486,0.0805,0.3343,0.0848,0.6943,0.4679,IM,2,1.9963,1.7,4.486,59.765,0.0805,37.441,0.5141,0.3277,IM
3,8.3545,8.97,0.0739,0.4373,0.1817,IM,3,14.5697,0.0739,60.51,31.0225,0.1531,0.0804,0.4115,0.6364,IM,3,1.75,4.4845,0.0739,0.4373,0.3297,0.1817,0.6364,0.1713,IM,3,14.5697,4.4845,0.0739,0.321,0.0804,0.6364,0.4963,IM,3,2.2277,1.75,4.4845,57.975,0.0739,31.0225,0.4373,0.3297,IM
4,8.6315,8.965,0.081,0.4885,0.1878,IM,4,14.4284,0.081,63.76,32.2025,0.1647,0.0852,0.4389,0.6848,IM,4,1.75,4.466,0.081,0.4885,0.347,0.1878,0.6848,0.1727,IM,4,14.4284,4.466,0.081,0.3388,0.0852,0.6848,0.5206,IM,4,1.9674,1.75,4.466,55.615,0.081,32.2025,0.4885,0.347,IM
3,8.766,8.765,0.0827,0.4829,0.1949,IM,3,14.5697,0.0827,61.96,35.355,0.1629,0.0847,0.4236,0.6545,IM,3,1.7,4.4745,0.0827,0.4829,0.3267,0.1949,0.6545,0.1978,IM,3,14.5697,4.4745,0.0827,0.3254,0.0847,0.6545,0.5391,IM,3,2.0991,1.7,4.4745,60.175,0.0827,35.355,0.4829,0.3267,IM
2,8.848,9.03,0.0835,0.4728,0.1924,IM,2,13.7759,0.0835,61.155,36.31,0.1644,0.0819,0.3744,0.6547,IM,2,1.7,4.5395,0.0835,0.4728,0.302,0.1924,0.6547,0.1545,IM,2,13.7759,4.5395,0.0835,0.321,0.0819,0.6547,0.4607,IM,2,2.0426,1.7,4.5395,61.65,0.0835,36.31,0.4728,0.302,IM
4,8.9135,9.38,0.0888,0.4729,0.1937,IM,4,13.8401,0.0888,61.325,30.6575,0.1532,0.0901,0.3907,0.6363,IM,4,1.75,4.528,0.0888,0.4729,0.3002,0.1937,0.6363,0.1943,IM,4,13.8401,4.528,0.0888,0.3276,0.0901,0.6363,0.5611,IM,4,1.6754,1.75,4.528,56.865,0.0888,30.6575,0.4729,0.3002,IM
2,8.397,8.925,0.0928,0.5112,0.1957,IM,2,14.3809,0.0928,62.865,32.8425,0.1682,0.0905,0.4271,0.7374,IM,2,1.75,4.477,0.0928,0.5112,0.3151,0.1957,0.7374,0.1993,IM,2,14.3809,4.477,0.0928,0.3536,0.0905,0.7374,0.622,IM,2,1.4654,1.75,4.477,52.495,0.0928,32.8425,0.5112,0.3151,IM
3,8.7355,8.95,0.0948,0.5299,0.1972,IM,3,14.2397,0.0948,61.8,32.6,0.1694,0.0927,0.4234,0.7239,IM,3,1.75,4.4695,0.0948,0.5299,0.3218,0.1972,0.7239,0.1978,IM,3,14.2397,4.4695,0.0948,0.3536,0.0927,0.7239,0.6073,IM,3,1.4928,1.75,4.4695,52.98,0.0948,32.6,0.5299,0.3218,IM
2,8.952,9.015,0.0972,0.5127,0.2028,IM,2,13.8401,0.0972,59.55,36.971,0.1751,0.0894,0.3561,0.6948,IM,2,1.7,4.543,0.0972,0.5127,0.2743,0.2028,0.6948,0.1822,IM,2,13.8401,4.543,0.0972,0.3314,0.0894,0.6948,0.5567,IM,2,1.5827,1.7,4.543,59.015,0.0972,36.971,0.5127,0.2743,IM
2,8.386,8.9,0.0832,0.4225,0.2349,IM,2,13.6225,0.0832,62.4,37.026,0.1615,0.0791,0.3478,0.6721,IM,2,1.75,4.5675,0.0832,0.4225,0.341,0.2349,0.6721,0.2078,IM,2,13.6225,4.5675,0.0832,0.3019,0.0791,0.6721,0.5819,IM,2,1.726,1.75,4.5675,62.94,0.0832,37.026,0.4225,0.341,IM
2,8.894,8.085,0.0934,0.5416,0.244,IM,2,14.3234,0.0934,61.025,32.576,0.1567,0.0792,0.4319,0.652,IM,2,1.6,4.4675,0.0934,0.5416,0.3202,0.244,0.652,0.2023,IM,2,14.3234,4.4675,0.0934,0.3118,0.0792,0.652,0.5987,IM,2,1.8271,1.6,4.4675,57.62,0.0934,32.576,0.5416,0.3202,IM
2,9.2295,7.99,0.0966,0.5434,0.2564,IM,2,13.9646,0.0966,59.975,34.849,0.1579,0.079,0.4181,0.6233,IM,2,1.65,4.475,0.0966,0.5434,0.3621,0.2564,0.6233,0.2263,IM,2,13.9646,4.475,0.0966,0.3069,0.079,0.6233,0.5945,IM,2,1.8041,1.65,4.475,62.69,0.0966,34.849,0.5434,0.3621,IM
3,8.7935,8.58,0.0887,0.4811,0.2263,IM,3,14.2397,0.0887,58.305,31.522,0.1582,0.0794,0.3428,0.6126,IM,3,1.75,4.52,0.0887,0.4811,0.3393,0.2263,0.6126,0.1799,IM,3,14.2397,4.52,0.0887,0.3072,0.0794,0.6126,0.5254,IM,3,1.8696,1.75,4.52,60.44,0.0887,31.522,0.4811,0.3393,IM
3,10.546,8.325,0.1054,0.6247,0.2463,IM,3,14.2397,0.1054,59.52,32.0165,0.1741,0.0878,0.3618,0.5995,IM,3,1.75,4.4875,0.1054,0.6247,0.3383,0.2463,0.5995,0.1792,IM,3,14.2397,4.4875,0.1054,0.3169,0.0878,0.5995,0.5135,IM,3,1.8232,1.75,4.4875,61.815,0.1054,32.0165,0.6247,0.3383,IM
3,10.7325,8.405,0.1095,0.6287,0.2588,IM,3,14.2397,0.1095,59.12,31.074,0.1652,0.09,0.3825,0.5795,IM,3,1.75,4.475,0.1095,0.6287,0.3335,0.2588,0.5795,0.1976,IM,3,14.2397,4.475,0.1095,0.3169,0.09,0.5795,0.5353,IM,3,1.822,1.75,4.475,61.84,0.1095,31.074,0.6287,0.3335,IM
3,10.3405,8.77,0.1113,0.5925,0.2559,IM,3,13.9813,0.1113,60.2,31.496,0.1643,0.0919,0.3659,0.5975,IM,3,1.75,4.5125,0.1113,0.5925,0.3218,0.2559,0.5975,0.1985,IM,3,13.9813,4.5125,0.1113,0.3179,0.0919,0.5975,0.5556,IM,3,1.641,1.75,4.5125,60.405,0.1113,31.496,0.5925,0.3218,IM
4,10.2705,9.09,0.1111,0.565,0.2542,IM,4,13.5221,0.1111,60.2,31.604,0.1631,0.088,0.3386,0.5931,IM,4,1.75,4.5725,0.1111,0.565,0.3117,0.2542,0.5931,0.1784,IM,4,13.5221,4.5725,0.1111,0.3055,0.088,0.5931,0.5264,IM,4,1.6191,1.75,4.5725,61.42,0.1111,31.604,0.565,0.3117,IM
3,8.8055,8.555,0.0966,0.497,0.2573,IM,3,13.4459,0.0966,61.84,33.6765,0.1295,0.0858,0.4495,0.6213,IM,3,1.6,4.49,0.0966,0.497,0.2935,0.2573,0.6213,0.2568,IM,3,13.4459,4.49,0.0966,0.3114,0.0858,0.6213,0.6338,IM,3,1.5401,1.6,4.49,59.905,0.0966,33.6765,0.497,0.2935,IM
2,9.144,8.58,0.0992,0.5155,0.2582,IM,2,13.4459,0.0992,62.535,33.337,0.1309,0.0881,0.4467,0.6086,IM,2,1.6,4.4825,0.0992,0.5155,0.2956,0.2582,0.6086,0.2547,IM,2,13.4459,4.4825,0.0992,0.3114,0.0881,0.6086,0.6196,IM,2,1.5886,1.6,4.4825,60.39,0.0992,33.337,0.5155,0.2956,IM
3,8.516,12.995,0.0378,0.1719,0.1628,FCC,3,13.4171,0.0378,63.64,21.06,0.0477,0.0564,0.5307,0.3529,FCC,3,1.75,4.7475,0.0378,0.1719,0.094,0.1628,0.3529,0.1362,FCC,3,13.4171,4.7475,0.0378,0.1773,0.0564,0.3529,0.3101,FCC,3,7.8354,1.75,4.7475,65.17,0.0378,21.06,0.1719,0.094,FCC
4,8.6555,12.785,0.0335,0.1625,0.1341,FCC,4,12.152,0.0335,77.575,22.35,0.0466,0.0549,0.5105,0.3744,FCC,4,1.9,4.8975,0.0335,0.1625,0.0874,0.1341,0.3744,0.1446,FCC,4,12.152,4.8975,0.0335,0.1545,0.0549,0.3744,0.363,FCC,4,9.4681,1.9,4.8975,64.39,0.0335,22.35,0.1625,0.0874,FCC
4,8.376,12.99,0.0317,0.1437,0.0699,FCC,4,12.152,0.0317,73.95,20.995,0.0514,0.061,0.6026,0.3395,FCC,4,1.95,4.899,0.0317,0.1437,0.1328,0.0699,0.3395,0.1429,FCC,4,12.152,4.899,0.0317,0.1877,0.061,0.3395,0.3415,FCC,4,3.2979,1.95,4.899,63.65,0.0317,20.995,0.1437,0.1328,FCC
1,8.3705,13.21,0.0311,0.1445,0.0844,FCC,1,12.6995,0.0311,78.4,19.99,0.0506,0.0591,0.5563,0.3644,FCC,1,1.9,4.859,0.0311,0.1445,0.1326,0.0844,0.3644,0.1389,FCC,1,12.6995,4.859,0.0311,0.19,0.0591,0.3644,0.3762,FCC,1,4.7747,1.9,4.859,57.575,0.0311,19.99,0.1445,0.1326,FCC
1,7.893,13.595,0.0471,0.1959,0.1232,BCC+FCC,1,13.1634,0.0471,96.36,20.568,0.0835,0.082,0.936,0.344,BCC+FCC,1,1.95,4.752,0.0471,0.1959,0.1923,0.1232,0.344,0.1637,BCC+FCC,1,13.1634,4.752,0.0471,0.2548,0.082,0.344,0.3291,BCC+FCC,1,1.7978,1.95,4.752,67.28,0.0471,20.568,0.1959,0.1923,BCC+FCC
1,7.8985,16.45,0.0325,0.1396,0.193,FCC,1,12.9458,0.0325,173.44,15.605,0.0942,0.0907,0.6591,0.2667,FCC,1,1.95,4.5115,0.0325,0.1396,0.1261,0.193,0.2667,0.2063,FCC,1,12.9458,4.5115,0.0325,0.1936,0.0907,0.2667,0.3384,FCC,1,4.0731,1.95,4.5115,69.57,0.0325,15.605,0.1396,0.1261,FCC
1,7.8895,13.62,0.0461,0.1945,0.1231,BCC+FCC,1,13.6225,0.0461,99.8,21.758,0.083,0.0808,0.8835,0.3615,BCC+FCC,1,1.95,4.7445,0.0461,0.1945,0.1921,0.1231,0.3615,0.1696,BCC+FCC,1,13.6225,4.7445,0.0461,0.253,0.0808,0.3615,0.3571,BCC+FCC,1,1.9051,1.95,4.7445,65.14,0.0461,21.758,0.1945,0.1921,BCC+FCC
1,7.906,13.515,0.0444,0.1949,0.1156,BCC+FCC,1,14.1058,0.0444,85.3,21.8095,0.0749,0.0679,0.7377,0.4001,BCC+FCC,1,1.85,4.6995,0.0444,0.1949,0.191,0.1156,0.4001,0.1596,BCC+FCC,1,14.1058,4.6995,0.0444,0.2548,0.0679,0.4001,0.3944,BCC+FCC,1,3.1902,1.85,4.6995,57.445,0.0444,21.8095,0.1949,0.191,BCC+FCC
4,10.887,10.885,0.1269,0.5515,0.2957,IM,4,14.4284,0.1269,67.815,30.9,0.1759,0.1013,0.5068,0.5833,IM,4,1.9,4.6,0.1269,0.5515,0.3189,0.2957,0.5833,0.1395,IM,4,14.4284,4.6,0.1269,0.3236,0.1013,0.5833,0.3432,IM,4,1.834,1.9,4.6,64.7,0.1269,30.9,0.5515,0.3189,IM
3,11.1865,10.845,0.1236,0.5397,0.3225,IM,3,14.2397,0.1236,72.9,34.746,0.1726,0.0914,0.4433,0.6365,IM,3,1.9,4.6175,0.1236,0.5397,0.3501,0.3225,0.6365,0.1459,IM,3,14.2397,4.6175,0.1236,0.2993,0.0914,0.6365,0.378,IM,3,2.5557,1.9,4.6175,66.805,0.1236,34.746,0.5397,0.3501,IM
3,9.148,10.83,0.1124,0.4704,0.3027,IM,3,14.5697,0.1124,61.05,32.6785,0.1686,0.0837,0.5334,0.6391,IM,3,1.85,4.5875,0.1124,0.4704,0.3884,0.3027,0.6391,0.1598,IM,3,14.5697,4.5875,0.1124,0.3288,0.0837,0.6391,0.4093,IM,3,1.7475,1.85,4.5875,62.535,0.1124,32.6785,0.4704,0.3884,IM
3,8.8235,12.63,0.0368,0.2057,0.1902,FCC,3,12.152,0.0368,66,19.365,0.0532,0.0627,0.4364,0.321,FCC,3,1.95,4.7825,0.0368,0.2057,0.2186,0.1902,0.321,0.1472,FCC,3,12.152,4.7825,0.0368,0.1674,0.0627,0.321,0.3708,FCC,3,4.959,1.95,4.7825,61.405,0.0368,19.365,0.2057,0.2186,FCC
1,8.624,14.83,0.0375,0.2054,0.2658,FCC,1,13.1708,0.0375,147.265,10.124,0.087,0.0877,0.7821,0.1854,FCC,1,1.95,4.6075,0.0375,0.2054,0.2253,0.2658,0.1854,0.158,FCC,1,13.1708,4.6075,0.0375,0.1747,0.0877,0.1854,0.2625,FCC,1,5.1704,1.95,4.6075,74.61,0.0375,10.124,0.2054,0.2253,FCC
1,7.91,14.74,0.0318,0.1424,0.1863,FCC,1,13.3763,0.0318,143.9,12.6425,0.0812,0.0773,0.7707,0.2049,FCC,1,1.9,4.5175,0.0318,0.1424,0.1034,0.1863,0.2049,0.1506,FCC,1,13.3763,4.5175,0.0318,0.2025,0.0773,0.2049,0.252,FCC,1,16.5885,1.9,4.5175,72.245,0.0318,12.6425,0.1424,0.1034,FCC
1,8.048,15.96,0.0307,0.122,0.1943,FCC,1,13.2638,0.0307,157.57,15.532,0.0893,0.0904,0.6403,0.2489,FCC,1,1.95,4.555,0.0307,0.122,0.095,0.1943,0.2489,0.2013,FCC,1,13.2638,4.555,0.0307,0.1747,0.0904,0.2489,0.3481,FCC,1,6.3159,1.95,4.555,69.02,0.0307,15.532,0.122,0.095,FCC
1,7.929,15.215,0.0317,0.1342,0.1955,FCC,1,13.6346,0.0317,143.28,16.401,0.0851,0.0838,0.6376,0.2586,FCC,1,1.95,4.5325,0.0317,0.1342,0.1058,0.1955,0.2586,0.1957,FCC,1,13.6346,4.5325,0.0317,0.1886,0.0838,0.2586,0.3542,FCC,1,6.4441,1.95,4.5325,67.53,0.0317,16.401,0.1342,0.1058,FCC
2,8.994,10.24,0.1009,0.4707,0.2148,IM,2,14.0221,0.1009,61.95,32.392,0.1539,0.0798,0.3982,0.6185,IM,2,1.75,4.562,0.1009,0.4707,0.2787,0.2148,0.6185,0.1396,IM,2,14.0221,4.562,0.1009,0.3273,0.0798,0.6185,0.4055,IM,2,2.0175,1.75,4.562,59.34,0.1009,32.392,0.4707,0.2787,IM
4,9.742,9.455,0.1143,0.56,0.2656,IM,4,14.4284,0.1143,61.675,30.7055,0.1652,0.075,0.3942,0.5826,IM,4,1.7,4.5325,0.1143,0.56,0.3241,0.2656,0.5826,0.1399,IM,4,14.4284,4.5325,0.1143,0.3333,0.075,0.5826,0.3983,IM,4,2.3043,1.7,4.5325,62.005,0.1143,30.7055,0.56,0.3241,IM
4,10.29,10.88,0.1127,0.5063,0.3002,IM,4,13.6346,0.1127,61.205,30.696,0.1658,0.0823,0.4155,0.6128,IM,4,1.9,4.5165,0.1127,0.5063,0.3666,0.3002,0.6128,0.1491,IM,4,13.6346,4.5165,0.1127,0.3081,0.0823,0.6128,0.3828,IM,4,2.3881,1.9,4.5165,62.005,0.1127,30.696,0.5063,0.3666,IM
2,10.476,10.265,0.118,0.5429,0.3002,IM,2,13.6346,0.118,59.455,30.232,0.1665,0.0832,0.3885,0.5981,IM,2,1.85,4.4975,0.118,0.5429,0.3405,0.3002,0.5981,0.1487,IM,2,13.6346,4.4975,0.118,0.2951,0.0832,0.5981,0.3864,IM,2,2.098,1.85,4.4975,62.585,0.118,30.232,0.5429,0.3405,IM
2,10.105,10.88,0.1177,0.5163,0.3071,IM,2,14.3234,0.1177,62.36,30.4125,0.1723,0.0828,0.4255,0.6455,IM,2,1.85,4.5175,0.1177,0.5163,0.361,0.3071,0.6455,0.1485,IM,2,14.3234,4.5175,0.1177,0.3197,0.0828,0.6455,0.4009,IM,2,2.3809,1.85,4.5175,59.625,0.1177,30.4125,0.5163,0.361,IM
3,8.3015,13.33,0.0349,0.1797,0.2031,FCC,3,12.2116,0.0349,79.42,18.282,0.0552,0.06,0.5522,0.3243,FCC,3,1.8,4.6575,0.0349,0.1797,0.0853,0.2031,0.3243,0.1584,FCC,3,12.2116,4.6575,0.0349,0.1851,0.06,0.3243,0.3948,FCC,3,68.2754,1.8,4.6575,58.21,0.0349,18.282,0.1797,0.0853,FCC
3,9.3535,9.81,0.126,0.5732,0.2711,IM,3,14.0696,0.126,63.15,31.91,0.1732,0.0864,0.5514,0.5713,IM,3,1.6,4.5675,0.126,0.5732,0.2953,0.2711,0.5713,0.1372,IM,3,14.0696,4.5675,0.126,0.3831,0.0864,0.5713,0.348,IM,3,1.9398,1.6,4.5675,64.67,0.126,31.91,0.5732,0.2953,IM
4,9.727,9.035,0.1159,0.5951,0.2408,IM,4,14.2109,0.1159,64.12,32.24,0.1768,0.0904,0.4483,0.5922,IM,4,1.75,4.575,0.1159,0.5951,0.328,0.2408,0.5922,0.141,IM,4,14.2109,4.575,0.1159,0.359,0.0904,0.5922,0.3987,IM,4,1.5329,1.75,4.575,62.93,0.1159,32.24,0.5951,0.328,IM
3,9.34,9.545,0.1196,0.5604,0.2492,IM,3,14.4284,0.1196,66.12,32.604,0.1727,0.0885,0.4735,0.6047,IM,3,1.7,4.595,0.1196,0.5604,0.296,0.2492,0.6047,0.1405,IM,3,14.4284,4.595,0.1196,0.3616,0.0885,0.6047,0.3991,IM,3,1.6301,1.7,4.595,61.84,0.1196,32.604,0.5604,0.296,IM
3,9.2935,9.455,0.0965,0.5365,0.204,IM,3,13.4171,0.0965,61.595,33.22,0.1745,0.0873,0.3892,0.6822,IM,3,1.7,4.527,0.0965,0.5365,0.293,0.204,0.6822,0.1194,IM,3,13.4171,4.527,0.0965,0.3577,0.0873,0.6822,0.3808,IM,3,1.9774,1.7,4.527,57.26,0.0965,33.22,0.5365,0.293,IM
2,9.6445,9.79,0.1145,0.5396,0.2902,IM,2,13.8401,0.1145,80.445,32.9,0.1633,0.0753,0.4684,0.7322,IM,2,1.6,4.5975,0.1145,0.5396,0.3523,0.2902,0.7322,0.1245,IM,2,13.8401,4.5975,0.1145,0.328,0.0753,0.7322,0.4235,IM,2,2.1706,1.6,4.5975,58.1,0.1145,32.9,0.5396,0.3523,IM
2,9.586,10.795,0.1143,0.4973,0.3162,IM,2,13.6225,0.1143,76.585,38.324,0.171,0.0781,0.4716,0.7134,IM,2,1.7,4.6075,0.1143,0.4973,0.3627,0.3162,0.7134,0.1589,IM,2,13.6225,4.6075,0.1143,0.319,0.0781,0.7134,0.4732,IM,2,2.6074,1.7,4.6075,63.31,0.1143,38.324,0.4973,0.3627,IM
3,9.9235,9.175,0.1115,0.5712,0.2459,IM,3,13.4459,0.1115,60.54,35.82,0.1707,0.0787,0.3586,0.6168,IM,3,1.6,4.5725,0.1115,0.5712,0.2733,0.2459,0.6168,0.1344,IM,3,13.4459,4.5725,0.1115,0.3333,0.0787,0.6168,0.3933,IM,3,2.4576,1.6,4.5725,65.275,0.1115,35.82,0.5712,0.2733,IM
3,9.273,10.55,0.0906,0.3794,0.2818,IM,3,14.5697,0.0906,80,34.114,0.1188,0.0618,0.4948,0.545,IM,3,1.85,4.717,0.0906,0.3794,0.4076,0.2818,0.545,0.1618,IM,3,14.5697,4.717,0.0906,0.2667,0.0618,0.545,0.3741,IM,3,2.7498,1.85,4.717,76.63,0.0906,34.114,0.3794,0.4076,IM
3,8.5175,9.56,0.0922,0.4802,0.1956,IM,3,14.2109,0.0922,61.98,34.704,0.1618,0.0827,0.5016,0.5788,IM,3,1.8,4.51,0.0922,0.4802,0.3348,0.1956,0.5788,0.15,IM,3,14.2109,4.51,0.0922,0.3566,0.0827,0.5788,0.3598,IM,3,1.6775,1.8,4.51,65.76,0.0922,34.704,0.4802,0.3348,IM
3,9.0525,9.565,0.1003,0.5273,0.1948,IM,3,14.6747,0.1003,66.27,34.985,0.1712,0.0933,0.4841,0.6147,IM,3,1.8,4.5385,0.1003,0.5273,0.3152,0.1948,0.6147,0.1425,IM,3,14.6747,4.5385,0.1003,0.3652,0.0933,0.6147,0.3807,IM,3,1.5564,1.8,4.5385,61.95,0.1003,34.985,0.5273,0.3152,IM
3,8.834,9.915,0.1015,0.485,0.1964,IM,3,14.6747,0.1015,69.92,34.415,0.1588,0.0906,0.5174,0.5813,IM,3,1.8,4.601,0.1015,0.485,0.3038,0.1964,0.5813,0.1457,IM,3,14.6747,4.601,0.1015,0.3564,0.0906,0.5813,0.3729,IM,3,1.5171,1.8,4.601,64.645,0.1015,34.415,0.485,0.3038,IM
2,9.1535,9.55,0.1009,0.5521,0.1929,IM,2,14.5697,0.1009,59.03,32.484,0.1747,0.0939,0.4504,0.6276,IM,2,1.85,4.471,0.1009,0.5521,0.3282,0.1929,0.6276,0.1401,IM,2,14.5697,4.471,0.1009,0.3679,0.0939,0.6276,0.3893,IM,2,1.5268,1.85,4.471,57.145,0.1009,32.484,0.5521,0.3282,IM
2,8.8835,9.825,0.0999,0.505,0.1955,IM,2,14.6747,0.0999,58.55,32.5705,0.164,0.0886,0.4532,0.5965,IM,2,1.85,4.501,0.0999,0.505,0.322,0.1955,0.5965,0.1465,IM,2,14.6747,4.501,0.0999,0.3518,0.0886,0.5965,0.3873,IM,2,1.5782,1.85,4.501,59.755,0.0999,32.5705,0.505,0.322,IM
2,9.3355,9.335,0.1005,0.5322,0.1988,IM,2,14.4284,0.1005,60.32,36.443,0.1728,0.0905,0.4174,0.6089,IM,2,1.75,4.5445,0.1005,0.5322,0.2854,0.1988,0.6089,0.1434,IM,2,14.4284,4.5445,0.1005,0.3423,0.0905,0.6089,0.3827,IM,2,1.7439,1.75,4.5445,64.83,0.1005,36.443,0.5322,0.2854,IM
3,9.4385,9.825,0.1085,0.5135,0.2036,IM,3,14.6747,0.1085,59.06,33.175,0.1641,0.0936,0.4183,0.5547,IM,3,1.8,4.5805,0.1085,0.5135,0.2594,0.2036,0.5547,0.1455,IM,3,14.6747,4.5805,0.1085,0.3302,0.0936,0.5547,0.3672,IM,3,1.6434,1.8,4.5805,65.715,0.1085,33.175,0.5135,0.2594,IM
3,9.0455,9.615,0.0975,0.5191,0.1958,IM,3,14.0696,0.0975,61.81,33.731,0.1707,0.0892,0.4236,0.6564,IM,3,1.8,4.5235,0.0975,0.5191,0.3155,0.1958,0.6564,0.1365,IM,3,14.0696,4.5235,0.0975,0.3496,0.0892,0.6564,0.4073,IM,3,1.5878,1.8,4.5235,57.67,0.0975,33.731,0.5191,0.3155,IM
2,9.266,9.77,0.1045,0.5191,0.1992,IM,2,14.4284,0.1045,61.585,33.888,0.1678,0.0927,0.4208,0.6163,IM,2,1.8,4.5645,0.1045,0.5191,0.2869,0.1992,0.6163,0.1401,IM,2,14.4284,4.5645,0.1045,0.3438,0.0927,0.6163,0.3955,IM,2,1.5649,1.8,4.5645,60.665,0.1045,33.888,0.5191,0.2869,IM
4,9.1135,9.71,0.1006,0.4874,0.2026,IM,4,14.3234,0.1006,64.3,35.9435,0.159,0.0858,0.4196,0.5972,IM,4,1.75,4.5995,0.1006,0.4874,0.275,0.2026,0.5972,0.1453,IM,4,14.3234,4.5995,0.1006,0.3275,0.0858,0.5972,0.3918,IM,4,1.7564,1.75,4.5995,65.385,0.1006,35.9435,0.4874,0.275,IM
3,11.163,9.625,0.1176,0.5423,0.2912,IM,3,14.3809,0.1176,59.58,38.2185,0.1635,0.0837,0.3324,0.5695,IM,3,1.85,4.6475,0.1176,0.5423,0.344,0.2912,0.5695,0.1568,IM,3,14.3809,4.6475,0.1176,0.2674,0.0837,0.5695,0.3698,IM,3,2.7401,1.85,4.6475,79.165,0.1176,38.2185,0.5423,0.344,IM
3,9.1645,9.49,0.1144,0.5275,0.2331,IM,3,14.3234,0.1144,59.5,31.095,0.1662,0.0907,0.3966,0.5779,IM,3,1.85,4.6,0.1144,0.5275,0.3044,0.2331,0.5779,0.1507,IM,3,14.3234,4.6,0.1144,0.3296,0.0907,0.5779,0.4272,IM,3,1.2937,1.85,4.6,61.095,0.1144,31.095,0.5275,0.3044,IM
1,7.74,12.19,0.0458,0.1861,0.1174,BCC+FCC,1,13.4171,0.0458,63.74,18.674,0.0716,0.0778,0.6407,0.2993,BCC+FCC,1,2,4.669,0.0458,0.1861,0.1626,0.1174,0.2993,0.147,BCC+FCC,1,13.4171,4.669,0.0458,0.2486,0.0778,0.2993,0.3096,BCC+FCC,1,2.1995,2,4.669,66.355,0.0458,18.674,0.1861,0.1626,BCC+FCC
1,7.745,13.225,0.0486,0.2014,0.1242,BCC+FCC,1,13.8809,0.0486,101.51,22.364,0.0844,0.0823,0.7961,0.375,BCC+FCC,1,2,4.7195,0.0486,0.2014,0.1988,0.1242,0.375,0.1739,BCC+FCC,1,13.8809,4.7195,0.0486,0.2623,0.0823,0.375,0.3852,BCC+FCC,1,1.6665,2,4.7195,63.13,0.0486,22.364,0.2014,0.1988,BCC+FCC
1,7.922,13.33,0.0476,0.1907,0.1298,BCC+FCC,1,13.6634,0.0476,107.4,21.47,0.0818,0.082,0.7326,0.3706,BCC+FCC,1,2,4.768,0.0476,0.1907,0.1813,0.1298,0.3706,0.1696,BCC+FCC,1,13.6634,4.768,0.0476,0.2497,0.082,0.3706,0.4114,BCC+FCC,1,1.7827,2,4.768,60.35,0.0476,21.47,0.1907,0.1813,BCC+FCC
1,7.597,12.285,0.0446,0.1843,0.1131,BCC+FCC,1,12.8287,0.0446,73.14,20.502,0.0723,0.0684,0.5261,0.3697,BCC+FCC,1,2,4.6155,0.0446,0.1843,0.1798,0.1131,0.3697,0.1634,BCC+FCC,1,12.8287,4.6155,0.0446,0.2404,0.0684,0.3697,0.4041,BCC+FCC,1,2.1015,2,4.6155,58.52,0.0446,20.502,0.1843,0.1798,BCC+FCC
3,10.513,9.845,0.1201,0.5676,0.2861,IM,3,14.4284,0.1201,60.2,30.74,0.169,0.0912,0.4404,0.582,IM,3,1.85,4.52,0.1201,0.5676,0.3371,0.2861,0.582,0.1483,IM,3,14.4284,4.52,0.1201,0.3034,0.0912,0.582,0.3756,IM,3,1.7188,1.85,4.52,64.5,0.1201,30.74,0.5676,0.3371,IM
3,10.526,10.17,0.1191,0.5433,0.288,IM,3,14.1821,0.1191,61.905,30.7715,0.1669,0.0926,0.413,0.5826,IM,3,1.9,4.555,0.1191,0.5433,0.336,0.288,0.5826,0.1501,IM,3,14.1821,4.555,0.1191,0.2943,0.0926,0.5826,0.3833,IM,3,1.6929,1.9,4.555,64.465,0.1191,30.7715,0.5433,0.336,IM
3,9.5655,9.73,0.1008,0.501,0.2386,IM,3,13.6225,0.1008,60.1,37.541,0.1663,0.082,0.3559,0.6756,IM,3,1.8,4.582,0.1008,0.501,0.3517,0.2386,0.6756,0.1424,IM,3,13.6225,4.582,0.1008,0.3128,0.082,0.6756,0.4253,IM,3,1.8207,1.8,4.582,62.77,0.1008,37.541,0.501,0.3517,IM
3,9.6005,10.125,0.1061,0.516,0.2388,IM,3,13.6225,0.1061,60.95,31.326,0.1701,0.0889,0.3694,0.6817,IM,3,1.9,4.542,0.1061,0.516,0.3624,0.2388,0.6817,0.1369,IM,3,13.6225,4.542,0.1061,0.327,0.0889,0.6817,0.4273,IM,3,1.5121,1.9,4.542,55.94,0.1061,31.326,0.516,0.3624,IM
3,8.1805,8.955,0.0893,0.4956,0.2073,IM,3,13.9646,0.0893,60.325,34.302,0.1756,0.0779,0.3863,0.7159,IM,3,1.8,4.4945,0.0893,0.4956,0.3303,0.2073,0.7159,0.1421,IM,3,13.9646,4.4945,0.0893,0.3395,0.0779,0.7159,0.4669,IM,3,1.5361,1.8,4.4945,54.84,0.0893,34.302,0.4956,0.3303,IM
2,8.331,9.285,0.0771,0.4603,0.1832,IM,2,14.4284,0.0771,61.785,32.072,0.1633,0.0763,0.4342,0.668,IM,2,1.8,4.4675,0.0771,0.4603,0.3525,0.1832,0.668,0.1307,IM,2,14.4284,4.4675,0.0771,0.3343,0.0763,0.668,0.3953,IM,2,2.0855,1.8,4.4675,56.18,0.0771,32.072,0.4603,0.3525,IM
2,9.204,9.45,0.0946,0.5046,0.1922,IM,2,14.0984,0.0946,52.2,30.866,0.1667,0.0874,0.3156,0.6204,IM,2,1.8,4.513,0.0946,0.5046,0.2856,0.1922,0.6204,0.1289,IM,2,14.0984,4.513,0.0946,0.3217,0.0874,0.6204,0.3866,IM,2,1.8504,1.8,4.513,58.19,0.0946,30.866,0.5046,0.2856,IM
3,8.8905,8.845,0.0827,0.5127,0.1904,IM,3,13.4171,0.0827,60.78,39.446,0.1797,0.0816,0.383,0.6971,IM,3,1.7,4.5085,0.0827,0.5127,0.3105,0.1904,0.6971,0.1387,IM,3,13.4171,4.5085,0.0827,0.3325,0.0816,0.6971,0.4221,IM,3,1.8725,1.7,4.5085,61.32,0.0827,39.446,0.5127,0.3105,IM
3,10.789,9.325,0.1156,0.5983,0.2663,IM,3,13.8401,0.1156,60.535,35.009,0.1786,0.0895,0.3401,0.6732,IM,3,1.75,4.54,0.1156,0.5983,0.3158,0.2663,0.6732,0.1354,IM,3,13.8401,4.54,0.1156,0.2989,0.0895,0.6732,0.4101,IM,3,1.8553,1.75,4.54,62.385,0.1156,35.009,0.5983,0.3158,IM
2,10.6715,9.66,0.1182,0.5818,0.2768,IM,2,13.6225,0.1182,61.95,32.055,0.1741,0.0896,0.3504,0.6615,IM,2,1.8,4.535,0.1182,0.5818,0.3247,0.2768,0.6615,0.1371,IM,2,13.6225,4.535,0.1182,0.2963,0.0896,0.6615,0.4134,IM,2,1.7311,1.8,4.535,60.275,0.1182,32.055,0.5818,0.3247,IM
3,9.467,9.33,0.0864,0.4688,0.2224,IM,3,13.7759,0.0864,49.7,30.983,0.1596,0.0826,0.2622,0.5877,IM,3,1.85,4.5275,0.0864,0.4688,0.3403,0.2224,0.5877,0.1275,IM,3,13.7759,4.5275,0.0864,0.2916,0.0826,0.5877,0.3552,IM,3,2.2848,1.85,4.5275,63.545,0.0864,30.983,0.4688,0.3403,IM
2,9.691,9.78,0.0964,0.4673,0.2356,IM,2,13.7638,0.0964,48.135,32.005,0.1551,0.083,0.2479,0.5825,IM,2,1.85,4.5725,0.0964,0.4673,0.3156,0.2356,0.5825,0.1379,IM,2,13.7638,4.5725,0.0964,0.2784,0.083,0.5825,0.3802,IM,2,2.2152,1.85,4.5725,64.65,0.0964,32.005,0.4673,0.3156,IM
2,9.204,9.255,0.1029,0.5037,0.2303,IM,2,13.4813,0.1029,52.84,31.316,0.1617,0.0799,0.2821,0.6047,IM,2,1.8,4.57,0.1029,0.5037,0.3063,0.2303,0.6047,0.1409,IM,2,13.4813,4.57,0.1029,0.2989,0.0799,0.6047,0.4315,IM,2,1.5884,1.8,4.57,60.355,0.1029,31.316,0.5037,0.3063,IM
3,9.794,10.07,0.1108,0.5023,0.2892,IM,3,13.6634,0.1108,60.04,31.284,0.1634,0.081,0.3492,0.6292,IM,3,1.9,4.53,0.1108,0.5023,0.369,0.2892,0.6292,0.1579,IM,3,13.6634,4.53,0.1108,0.2785,0.081,0.6292,0.4361,IM,3,1.6501,1.9,4.53,61.27,0.1108,31.284,0.5023,0.369,IM
3,9.2,9.56,0.1023,0.5161,0.2074,IM,3,14.1058,0.1023,73.115,36.05,0.1622,0.0902,0.4757,0.6186,IM,3,1.7,4.622,0.1023,0.5161,0.2693,0.2074,0.6186,0.1361,IM,3,14.1058,4.622,0.1023,0.3472,0.0902,0.6186,0.3887,IM,3,1.5761,1.7,4.622,63.45,0.1023,36.05,0.5161,0.2693,IM
2,10.3665,9.395,0.1125,0.6019,0.2267,IM,2,14.4284,0.1125,67.22,32.082,0.1739,0.0983,0.449,0.5807,IM,2,1.8,4.5805,0.1125,0.6019,0.3055,0.2267,0.5807,0.1287,IM,2,14.4284,4.5805,0.1125,0.3535,0.0983,0.5807,0.362,IM,2,1.5431,1.8,4.5805,62.42,0.1125,32.082,0.6019,0.3055,IM
3,9.485,9.81,0.101,0.5176,0.2334,IM,3,14.0984,0.101,77.16,32.196,0.1553,0.085,0.4915,0.6162,IM,3,1.8,4.616,0.101,0.5176,0.363,0.2334,0.6162,0.1283,IM,3,14.0984,4.616,0.101,0.3468,0.085,0.6162,0.3893,IM,3,1.5655,1.8,4.616,59.68,0.101,32.196,0.5176,0.363,IM
2,8.1655,8.86,0.0706,0.4701,0.1653,IM,2,14.2109,0.0706,60.54,32.832,0.1662,0.0855,0.5068,0.6317,IM,2,1.8,4.47,0.0706,0.4701,0.369,0.1653,0.6317,0.1241,IM,2,14.2109,4.47,0.0706,0.3725,0.0855,0.6317,0.3403,IM,2,2.0298,1.8,4.47,59.44,0.0706,32.832,0.4701,0.369,IM
2,8.6655,8.81,0.0779,0.478,0.1735,IM,2,14.5697,0.0779,61.19,34.2675,0.1669,0.0855,0.4281,0.6089,IM,2,1.75,4.5095,0.0779,0.478,0.3205,0.1735,0.6089,0.1249,IM,2,14.5697,4.5095,0.0779,0.3446,0.0855,0.6089,0.3431,IM,2,2.1913,1.75,4.5095,63.175,0.0779,34.2675,0.478,0.3205,IM
2,8.8695,9.265,0.0867,0.5173,0.1806,IM,2,14.0696,0.0867,62.62,30.545,0.173,0.0908,0.4278,0.6796,IM,2,1.8,4.5035,0.0867,0.5173,0.3351,0.1806,0.6796,0.1174,IM,2,14.0696,4.5035,0.0867,0.3601,0.0908,0.6796,0.3767,IM,2,1.7002,1.8,4.5035,54.51,0.0867,30.545,0.5173,0.3351,IM
2,8.651,9.615,0.0889,0.4807,0.1836,IM,2,14.4284,0.0889,69.04,31.797,0.1618,0.0893,0.4634,0.6481,IM,2,1.8,4.566,0.0889,0.4807,0.3231,0.1836,0.6481,0.1245,IM,2,14.4284,4.566,0.0889,0.3601,0.0893,0.6481,0.3811,IM,2,1.6306,1.8,4.566,57.205,0.0889,31.797,0.4807,0.3231,IM
2,8.445,8.955,0.088,0.4615,0.2087,IM,2,14.2109,0.088,59.56,33.69,0.1681,0.0893,0.4269,0.6042,IM,2,1.85,4.5825,0.088,0.4615,0.3484,0.2087,0.6042,0.1399,IM,2,14.2109,4.5825,0.088,0.3468,0.0893,0.6042,0.3726,IM,2,1.5692,1.85,4.5825,65.5,0.088,33.69,0.4615,0.3484,IM
3,8.663,8.72,0.094,0.4951,0.2108,IM,3,13.9646,0.094,59.6,37.4435,0.1802,0.0871,0.3475,0.6773,IM,3,1.8,4.57,0.094,0.4951,0.3347,0.2108,0.6773,0.1437,IM,3,13.9646,4.57,0.094,0.3353,0.0871,0.6773,0.4274,IM,3,1.5639,1.8,4.57,63.395,0.094,37.4435,0.4951,0.3347,IM
2,8.624,8.97,0.0834,0.4389,0.2127,IM,2,13.9646,0.0834,60.5,35.3225,0.1598,0.0809,0.3523,0.6135,IM,2,1.8,4.595,0.0834,0.4389,0.3399,0.2127,0.6135,0.137,IM,2,13.9646,4.595,0.0834,0.3156,0.0809,0.6135,0.3823,IM,2,1.9179,1.8,4.595,66.425,0.0834,35.3225,0.4389,0.3399,IM
3,9.643,8.975,0.1154,0.5968,0.2321,IM,3,14.2109,0.1154,61.98,30.525,0.1719,0.0953,0.4631,0.579,IM,3,1.8,4.585,0.1154,0.5968,0.3316,0.2321,0.579,0.14,IM,3,14.2109,4.585,0.1154,0.3567,0.0953,0.579,0.4055,IM,3,1.2768,1.8,4.585,60.595,0.1154,30.525,0.5968,0.3316,IM
3,9.035,8.855,0.0962,0.5131,0.2121,IM,3,14.4284,0.0962,59.29,30.76,0.1654,0.0863,0.3661,0.5886,IM,3,1.8,4.565,0.0962,0.5131,0.3263,0.2121,0.5886,0.1325,IM,3,14.4284,4.565,0.0962,0.3318,0.0863,0.5886,0.3893,IM,3,1.6631,1.8,4.565,61.475,0.0962,30.76,0.5131,0.3263,IM
2,9.563,8.765,0.1019,0.553,0.2234,IM,2,14.4284,0.1019,61.135,30.6585,0.1683,0.0868,0.3802,0.5785,IM,2,1.8,4.5625,0.1019,0.553,0.3454,0.2234,0.5785,0.1335,IM,2,14.4284,4.5625,0.1019,0.3318,0.0868,0.5785,0.3885,IM,2,1.6561,1.8,4.5625,62.435,0.1019,30.6585,0.553,0.3454,IM
3,9.2405,8.695,0.0985,0.5268,0.2122,IM,3,14.1821,0.0985,60.15,33.6615,0.1694,0.085,0.3595,0.5909,IM,3,1.75,4.58,0.0985,0.5268,0.3117,0.2122,0.5909,0.1391,IM,3,14.1821,4.58,0.0985,0.3256,0.085,0.5909,0.3964,IM,3,1.701,1.75,4.58,65.165,0.0985,33.6615,0.5268,0.3117,IM
2,9.5595,8.79,0.1006,0.5483,0.2239,IM,2,13.8809,0.1006,59.55,30.294,0.1681,0.0847,0.3447,0.5986,IM,2,1.8,4.555,0.1006,0.5483,0.3456,0.2239,0.5986,0.129,IM,2,13.8809,4.555,0.1006,0.3233,0.0847,0.5986,0.397,IM,2,1.6432,1.8,4.555,60.295,0.1006,30.294,0.5483,0.3456,IM
3,8.643,9.22,0.0951,0.4749,0.2029,IM,3,13.8809,0.0951,59.25,31.002,0.1609,0.0865,0.3482,0.6066,IM,3,1.8,4.6025,0.0951,0.4749,0.2742,0.2029,0.6066,0.1329,IM,3,13.8809,4.6025,0.0951,0.3273,0.0865,0.6066,0.4048,IM,3,1.5105,1.8,4.6025,60.04,0.0951,31.002,0.4749,0.2742,IM
2,9.4685,8.135,0.0837,0.5882,0.2099,IM,2,13.9646,0.0837,63.025,31.444,0.1797,0.0804,0.3962,0.678,IM,2,1.7,4.4665,0.0837,0.5882,0.3584,0.2099,0.678,0.1231,IM,2,13.9646,4.4665,0.0837,0.3256,0.0804,0.678,0.4194,IM,2,1.8762,1.7,4.4665,55.38,0.0837,31.444,0.5882,0.3584,IM
4,10.4605,8.915,0.1017,0.567,0.2487,IM,4,13.9813,0.1017,60.78,36.5375,0.1734,0.0851,0.3399,0.6769,IM,4,1.7,4.555,0.1017,0.567,0.3386,0.2487,0.6769,0.1245,IM,4,13.9813,4.555,0.1017,0.2979,0.0851,0.6769,0.3867,IM,4,2.1266,1.7,4.555,63.945,0.1017,36.5375,0.567,0.3386,IM
4,10.1025,9.015,0.0959,0.5214,0.2522,IM,4,13.9813,0.0959,62.7,36.0225,0.1613,0.0793,0.3479,0.657,IM,4,1.7,4.575,0.0959,0.5214,0.3563,0.2522,0.657,0.1246,IM,4,13.9813,4.575,0.0959,0.2876,0.0793,0.657,0.3808,IM,4,2.2732,1.7,4.575,64.975,0.0959,36.0225,0.5214,0.3563,IM
2,10.2385,9.29,0.1017,0.525,0.2599,IM,2,13.5221,0.1017,60.27,36.26,0.1582,0.0799,0.3348,0.6652,IM,2,1.7,4.61,0.1017,0.525,0.3415,0.2599,0.6652,0.1258,IM,2,13.5221,4.61,0.1017,0.2845,0.0799,0.6652,0.3952,IM,2,2.1016,1.7,4.61,64.5,0.1017,36.26,0.525,0.3415,IM
3,9.449,8.36,0.0852,0.5187,0.1847,IM,3,13.5008,0.0852,47.05,31.362,0.1731,0.0841,0.2572,0.5912,IM,3,1.75,4.475,0.0852,0.5187,0.3042,0.1847,0.5912,0.1163,IM,3,13.5008,4.475,0.0852,0.3024,0.0841,0.5912,0.3381,IM,3,2.3735,1.75,4.475,62.33,0.0852,31.362,0.5187,0.3042,IM
2,10.7035,7.125,0.0413,0.6004,0.1464,BCC,2,13.2283,0.0413,45.05,11.82,0.1088,0.0615,0.3875,0.4053,BCC,2,1.7,4.1715,0.0413,0.6004,0.3425,0.1464,0.4053,0.0594,BCC,2,13.2283,4.1715,0.0413,0.234,0.0615,0.4053,0.2238,BCC,2,15.0831,1.7,4.1715,37.61,0.0413,11.82,0.6004,0.3425,BCC
2,11.2505,7.295,0.0413,0.5742,0.1462,BCC,2,12.3408,0.0413,40.65,12.68,0.0949,0.0557,0.4255,0.3657,BCC,2,1.6,4.2315,0.0413,0.5742,0.3412,0.1462,0.3657,0.0647,BCC,2,12.3408,4.2315,0.0413,0.2131,0.0557,0.3657,0.2213,BCC,2,14.5869,1.6,4.2315,43.74,0.0413,12.68,0.5742,0.3412,BCC
1,7.986,13.61,0.0463,0.1825,0.1324,BCC+FCC,1,13.3763,0.0463,85.225,17.3725,0.0783,0.0777,1.0105,0.3052,BCC+FCC,1,1.8,4.693,0.0463,0.1825,0.1638,0.1324,0.3052,0.1534,BCC+FCC,1,13.3763,4.693,0.0463,0.2439,0.0777,0.3052,0.2753,BCC+FCC,1,3.9647,1.8,4.693,72.445,0.0463,17.3725,0.1825,0.1638,BCC+FCC
1,7.864,12.805,0.0485,0.1928,0.1268,BCC+FCC,1,13.8401,0.0485,83.65,16.862,0.0814,0.0783,1.0128,0.3175,BCC+FCC,1,1.75,4.6855,0.0485,0.1928,0.1665,0.1268,0.3175,0.1829,BCC+FCC,1,13.8401,4.6855,0.0485,0.2604,0.0783,0.3175,0.3018,BCC+FCC,1,3.3818,1.75,4.6855,77.455,0.0485,16.862,0.1928,0.1665,BCC+FCC
2,8.3275,10.465,0.104,0.4932,0.2288,IM,2,14.5697,0.104,36.8,30.8215,0.1435,0.0857,0.4985,0.6104,IM,2,1.55,4.4745,0.104,0.4932,0.3087,0.2288,0.6104,0.2139,IM,2,14.5697,4.4745,0.104,0.429,0.0857,0.6104,0.4984,IM,2,1.9026,1.55,4.4745,57.055,0.104,30.8215,0.4932,0.3087,IM
2,9.007,8.74,0.0928,0.561,0.1886,IM,2,13.9646,0.0928,59.755,36.325,0.1763,0.1009,0.5247,0.5977,IM,2,1.75,4.4835,0.0928,0.561,0.344,0.1886,0.5977,0.1795,IM,2,13.9646,4.4835,0.0928,0.3997,0.1009,0.5977,0.422,IM,2,1.4963,1.75,4.4835,65.285,0.0928,36.325,0.561,0.344,IM
2,8.9485,10.165,0.109,0.5276,0.2174,IM,2,14.6747,0.109,61.6,32.17,0.1654,0.0904,0.5408,0.5647,IM,2,1.75,4.506,0.109,0.5276,0.3186,0.2174,0.5647,0.1365,IM,2,14.6747,4.506,0.109,0.3962,0.0904,0.5647,0.3251,IM,2,1.8148,1.75,4.506,62.67,0.109,32.17,0.5276,0.3186,IM
4,8.897,10.09,0.1063,0.5231,0.2189,IM,4,14.6747,0.1063,59.765,32.085,0.1648,0.0849,0.5141,0.5647,IM,4,1.75,4.4735,0.1063,0.5231,0.3215,0.2189,0.5647,0.1387,IM,4,14.6747,4.4735,0.1063,0.3895,0.0849,0.5647,0.3286,IM,4,2.0271,1.75,4.4735,62.585,0.1063,32.085,0.5231,0.3215,IM
1,7.9045,13.485,0.0472,0.1923,0.1369,BCC+FCC,1,13.0175,0.0472,64.655,19.272,0.0709,0.0644,0.85,0.3167,BCC+FCC,1,1.75,4.6205,0.0472,0.1923,0.1696,0.1369,0.3167,0.1276,BCC+FCC,1,13.0175,4.6205,0.0472,0.2575,0.0644,0.3167,0.2534,BCC+FCC,1,10.9664,1.75,4.6205,65.715,0.0472,19.272,0.1923,0.1696,BCC+FCC
2,9.1365,9.63,0.1211,0.5831,0.2674,IM,2,14.0696,0.1211,59.45,32.765,0.1765,0.0849,0.5582,0.5906,IM,2,1.6,4.534,0.1211,0.5831,0.3237,0.2674,0.5906,0.1374,IM,2,14.0696,4.534,0.1211,0.4055,0.0849,0.5906,0.348,IM,2,2.0009,1.6,4.534,63.815,0.1211,32.765,0.5831,0.3237,IM
3,8.2035,9.68,0.0965,0.5567,0.2037,IM,3,14.2397,0.0965,61.74,33.101,0.1777,0.0923,0.5971,0.7013,IM,3,1.75,4.474,0.0965,0.5567,0.3665,0.2037,0.7013,0.1323,IM,3,14.2397,4.474,0.0965,0.4522,0.0923,0.7013,0.3826,IM,3,1.5726,1.75,4.474,53.27,0.0965,33.101,0.5567,0.3665,IM
3,8.6165,10.815,0.1149,0.4987,0.2491,IM,3,14.0696,0.1149,65.79,33.34,0.1581,0.0816,0.6632,0.606,IM,3,1.55,4.571,0.1149,0.4987,0.2924,0.2491,0.606,0.1268,IM,3,14.0696,4.571,0.1149,0.4088,0.0816,0.606,0.3194,IM,3,2.3896,1.55,4.571,61.775,0.1149,33.34,0.4987,0.2924,IM
2,10.0595,7.02,0.0399,0.6646,0.1643,BCC,2,13.1587,0.0399,37.6,13.8185,0.1095,0.0469,0.319,0.4929,BCC,2,1.8,4.124,0.0399,0.6646,0.3915,0.1643,0.4929,0.0717,BCC,2,13.1587,4.124,0.0399,0.3281,0.0469,0.4929,0.28,BCC,2,145.1316,1.8,4.124,34.245,0.0399,13.8185,0.6646,0.3915,BCC
4,9.458,7.245,0.0366,0.5738,0.1678,BCC,4,12.8287,0.0366,35.96,13.431,0.1044,0.0417,0.3509,0.4446,BCC,4,1.6,4.1965,0.0366,0.5738,0.3871,0.1678,0.4446,0.0698,BCC,4,12.8287,4.1965,0.0366,0.3077,0.0417,0.4446,0.2695,BCC,4,21.2932,1.6,4.1965,37.09,0.0366,13.431,0.5738,0.3871,BCC
3,9.438,8.88,0.098,0.6193,0.2063,IM,3,14.1058,0.098,60.25,32.4865,0.1765,0.1017,0.5222,0.5869,IM,3,1.7,4.472,0.098,0.6193,0.2948,0.2063,0.5869,0.1316,IM,3,14.1058,4.472,0.098,0.3959,0.1017,0.5869,0.3411,IM,3,1.491,1.7,4.472,60.415,0.098,32.4865,0.6193,0.2948,IM
3,8.6665,9.325,0.0912,0.5119,0.1824,IM,3,14.6747,0.0912,54.56,31.91,0.1659,0.0914,0.4696,0.5607,IM,3,1.85,4.471,0.0912,0.5119,0.3432,0.1824,0.5607,0.1366,IM,3,14.6747,4.471,0.0912,0.3769,0.0914,0.5607,0.3282,IM,3,1.658,1.85,4.471,62.93,0.0912,31.91,0.5119,0.3432,IM
2,8.7545,9.5,0.0962,0.5113,0.1893,IM,2,14.3159,0.0962,54.92,32.029,0.1652,0.0908,0.4688,0.5484,IM,2,1.85,4.481,0.0962,0.5113,0.334,0.1893,0.5484,0.1416,IM,2,14.3159,4.481,0.0962,0.3702,0.0908,0.5484,0.3294,IM,2,1.5628,1.85,4.481,64.51,0.0962,32.029,0.5113,0.334,IM
2,7.962,9.355,0.0841,0.4614,0.1904,IM,2,13.8809,0.0841,60.195,36.178,0.1633,0.0772,0.5152,0.6102,IM,2,1.8,4.484,0.0841,0.4614,0.3484,0.1904,0.6102,0.1548,IM,2,13.8809,4.484,0.0841,0.3662,0.0772,0.6102,0.3765,IM,2,1.6591,1.8,4.484,64.42,0.0841,36.178,0.4614,0.3484,IM
2,11.0975,7.125,0.0426,0.5802,0.1467,BCC,2,12.2116,0.0426,41.705,12.39,0.1047,0.0479,0.3558,0.4109,BCC,2,1.65,4.1515,0.0426,0.5802,0.3161,0.1467,0.4109,0.075,BCC,2,12.2116,4.1515,0.0426,0.1915,0.0479,0.4109,0.2589,BCC,2,242.3031,1.65,4.1515,41.225,0.0426,12.39,0.5802,0.3161,BCC
2,8.126,7.065,0.0417,0.5007,0.1418,BCC,2,12.8046,0.0417,34.69,11.088,0.1083,0.0427,0.2997,0.4859,BCC,2,1.8,4.133,0.0417,0.5007,0.3463,0.1418,0.4859,0.0749,BCC,2,12.8046,4.133,0.0417,0.2069,0.0427,0.4859,0.3245,BCC,2,14.8249,1.8,4.133,30.82,0.0417,11.088,0.5007,0.3463,BCC
3,9.786,6.795,0.0383,0.5505,0.1384,BCC,3,13.1708,0.0383,32.96,14.246,0.1085,0.0434,0.2731,0.4842,BCC,3,1.75,4.13,0.0383,0.5505,0.3575,0.1384,0.4842,0.0836,BCC,3,13.1708,4.13,0.0383,0.1992,0.0434,0.4842,0.317,BCC,3,30.6429,1.75,4.13,36.96,0.0383,14.246,0.5505,0.3575,BCC
3,7.946,8.905,0.0794,0.4764,0.1595,IM,3,14.3234,0.0794,51.34,30.538,0.1635,0.0937,0.4673,0.582,IM,3,1.85,4.497,0.0794,0.4764,0.3253,0.1595,0.582,0.1274,IM,3,14.3234,4.497,0.0794,0.3928,0.0937,0.582,0.3307,IM,3,1.579,1.85,4.497,60.215,0.0794,30.538,0.4764,0.3253,IM
2,9.8935,7.085,0.0381,0.4267,0.1414,BCC,2,12.8287,0.0381,49.05,13.796,0.1376,0.0512,0.415,0.6,BCC,2,1.65,4.152,0.0381,0.4267,0.3552,0.1414,0.6,0.0668,BCC,2,12.8287,4.152,0.0381,0.1325,0.0512,0.6,0.2571,BCC,2,17.9352,1.65,4.152,37.68,0.0381,13.796,0.4267,0.3552,BCC
2,7.4025,7.805,0.0423,0.3594,0.1701,BCC,2,13.2638,0.0423,48.65,13.778,0.1272,0.0439,0.4691,0.6764,BCC,2,1.75,4.2155,0.0423,0.3594,0.4064,0.1701,0.6764,0.0678,BCC,2,13.2638,4.2155,0.0423,0.1316,0.0439,0.6764,0.2896,BCC,2,78.6901,1.75,4.2155,33.37,0.0423,13.778,0.3594,0.4064,BCC
2,9.44,6.875,0.0429,0.4698,0.131,BCC,2,13.4171,0.0429,36.115,13.911,0.1359,0.0469,0.3174,0.529,BCC,2,1.65,4.175,0.0429,0.4698,0.3359,0.131,0.529,0.074,BCC,2,13.4171,4.175,0.0429,0.1231,0.0469,0.529,0.2597,BCC,2,199.412,1.65,4.175,42.215,0.0429,13.911,0.4698,0.3359,BCC
4,10.681,6.845,0.038,0.4774,0.1487,BCC,4,14.0696,0.038,34.7,15.529,0.0867,0.0382,0.3026,0.4449,BCC,4,1.8,4.159,0.038,0.4774,0.4049,0.1487,0.4449,0.0757,BCC,4,14.0696,4.159,0.038,0.1093,0.0382,0.4449,0.2609,BCC,4,21.0171,1.8,4.159,41.43,0.038,15.529,0.4774,0.4049,BCC
2,10.4445,6.9,0.04,0.4902,0.1402,BCC,2,13.7759,0.04,37.85,12.735,0.0936,0.0426,0.3181,0.4068,BCC,2,1.75,4.1365,0.04,0.4902,0.3717,0.1402,0.4068,0.0633,BCC,2,13.7759,4.1365,0.04,0.1111,0.0426,0.4068,0.2264,BCC,2,18.6313,1.75,4.1365,38.525,0.04,12.735,0.4902,0.3717,BCC
4,11.2735,7.08,0.0464,0.5144,0.1569,BCC,4,13.4171,0.0464,33.5,14.5845,0.0805,0.0375,0.3171,0.3628,BCC,4,1.75,4.194,0.0464,0.5144,0.3846,0.1569,0.3628,0.0683,BCC,4,13.4171,4.194,0.0464,0.0975,0.0375,0.3628,0.2122,BCC,4,29.3679,1.75,4.194,46.495,0.0464,14.5845,0.5144,0.3846,BCC
3,10.5025,6.91,0.0331,0.4117,0.1337,BCC,3,13.2638,0.0331,36.18,12.602,0.0863,0.0387,0.3381,0.4067,BCC,3,1.65,4.174,0.0331,0.4117,0.3763,0.1337,0.4067,0.0668,BCC,3,13.2638,4.174,0.0331,0.1065,0.0387,0.4067,0.2371,BCC,3,14.2752,1.65,4.174,40.665,0.0331,12.602,0.4117,0.3763,BCC
2,8.5285,7.045,0.04,0.409,0.1623,BCC,2,13.6225,0.04,33.37,15.415,0.0862,0.0319,0.2977,0.4798,BCC,2,1.8,4.188,0.04,0.409,0.4544,0.1623,0.4798,0.0756,BCC,2,13.6225,4.188,0.04,0.1111,0.0319,0.4798,0.2921,BCC,2,34.9533,1.8,4.188,36.725,0.04,15.415,0.409,0.4544,BCC
4,8.1235,7.085,0.0386,0.3877,0.1577,BCC,4,13.3763,0.0386,34.47,14.015,0.0878,0.0322,0.307,0.4539,BCC,4,1.75,4.1905,0.0386,0.3877,0.418,0.1577,0.4539,0.0693,BCC,4,13.3763,4.1905,0.0386,0.1111,0.0322,0.4539,0.2767,BCC,4,30.6759,1.75,4.1905,35.325,0.0386,14.015,0.3877,0.418,BCC
4,10.514,7.13,0.0436,0.4895,0.1585,BCC,4,14.1821,0.0436,38.185,13.4,0.0874,0.0411,0.3457,0.409,BCC,4,1.75,4.168,0.0436,0.4895,0.399,0.1585,0.409,0.0665,BCC,4,14.1821,4.168,0.0436,0.1093,0.0411,0.409,0.2291,BCC,4,20.4714,1.75,4.168,40.7,0.0436,13.4,0.4895,0.399,BCC
4,9.1775,7.295,0.0394,0.4149,0.1647,BCC,4,13.9813,0.0394,33.94,11.9045,0.0792,0.0328,0.3355,0.3861,BCC,4,1.65,4.218,0.0394,0.4149,0.4207,0.1647,0.3861,0.0668,BCC,4,13.9813,4.218,0.0394,0.1026,0.0328,0.3861,0.2388,BCC,4,28.7766,1.65,4.218,40.435,0.0394,11.9045,0.4149,0.4207,BCC
2,10.5525,7.265,0.0408,0.45,0.1597,BCC,2,13.3763,0.0408,31.17,13.4815,0.0742,0.0345,0.3448,0.3697,BCC,2,1.65,4.218,0.0408,0.45,0.4055,0.1597,0.3697,0.0673,BCC,2,13.3763,4.218,0.0408,0.0975,0.0345,0.3697,0.2217,BCC,2,23.4074,1.65,4.218,44.355,0.0408,13.4815,0.45,0.4055,BCC
4,9.4615,7.22,0.0467,0.4995,0.149,BCC,4,13.6225,0.0467,41.72,9.9815,0.0957,0.0453,0.3509,0.3703,BCC,4,1.8,4.1245,0.0467,0.4995,0.3952,0.149,0.3703,0.052,BCC,4,13.6225,4.1245,0.0467,0.1096,0.0453,0.3703,0.202,BCC,4,24.5588,1.8,4.1245,33.355,0.0467,9.9815,0.4995,0.3952,BCC
3,8.7,7.355,0.0444,0.4313,0.1681,BCC,3,14.5697,0.0444,38.1,12.86,0.0874,0.0375,0.348,0.4153,BCC,3,1.75,4.1895,0.0444,0.4313,0.4319,0.1681,0.4153,0.0645,BCC,3,14.5697,4.1895,0.0444,0.1111,0.0375,0.4153,0.2446,BCC,3,32.5698,1.75,4.1895,36.48,0.0444,12.86,0.4313,0.4319,BCC
3,7.652,7.735,0.0461,0.3777,0.1789,BCC,3,13.9646,0.0461,39.295,11.929,0.0822,0.0349,0.3817,0.4007,BCC,3,1.75,4.215,0.0461,0.3777,0.4246,0.1789,0.4007,0.0585,BCC,3,13.9646,4.215,0.0461,0.1118,0.0349,0.4007,0.2348,BCC,3,38.3107,1.75,4.215,33.89,0.0461,11.929,0.3777,0.4246,BCC
2,8.0795,7.865,0.0452,0.3825,0.1925,BCC,2,13.9934,0.0452,36.47,12.8185,0.0757,0.0339,0.3989,0.4307,BCC,2,1.75,4.2265,0.0452,0.3825,0.4755,0.1925,0.4307,0.0614,BCC,2,13.9934,4.2265,0.0452,0.1118,0.0339,0.4307,0.241,BCC,2,25.47,1.75,4.2265,35.035,0.0452,12.8185,0.3825,0.4755,BCC
4,8.7775,7.785,0.0416,0.3817,0.2005,BCC,4,13.4171,0.0416,29.82,15.195,0.0666,0.0286,0.3735,0.4726,BCC,4,1.75,4.2415,0.0416,0.3817,0.5111,0.2005,0.4726,0.0714,BCC,4,13.4171,4.2415,0.0416,0.1111,0.0286,0.4726,0.2692,BCC,4,19.0402,1.75,4.2415,37.985,0.0416,15.195,0.3817,0.5111,BCC
